time_ms,timestamp,version,voltage,audio_gain,cc,refX_raw,refY_raw,refZ_raw,tipX_raw,tipY_raw,tipZ_raw,refX_cal,refY_cal,refZ_cal,tipX_cal,tipY_cal,tipZ_cal,calOffsetX,calOffsetY,calOffsetZ,gradX,gradY,gradZ,mag,nT,accX,accY,accZ,gyrX,gyrY,gyrZ,imu_temp,freq,is_muted,QW,QX,QY,QZ,Azimuth,Elevation,Declination
2317178,2026-09-11_09-02-15.178-240,v5.1.3,3.44,12.0,200,1186,1256,3497,649,1254,3746,15488.93,15401.80,45429.26,16157.55,17603.52,46437.53,0.00,0.00,0.00,668.62,2201.72,1008.27,2512.22,2512.22,0.994,0.052,0.554,-5.375,-0.484,0.984,9733,357.9,0,-0.9495,-0.0373,0.0056,-0.3115,36.3,-1.9,0.0
2317212,2026-09-11_09-02-15.212-240,v5.1.3,3.44,12.0,200,1193,1243,3492,645,1233,3748,15582.93,15230.40,45365.89,16118.23,17329.26,46476.21,0.00,0.00,0.00,535.30,2098.86,1110.32,2434.04,2434.04,1.031,0.097,0.551,-2.875,-1.203,-0.453,9733,347.9,0,-0.9494,-0.0375,0.0060,-0.3117,36.3,-2.0,0.0
2317234,2026-09-11_09-02-15.235-240,v5.1.3,3.44,12.0,200,1188,1274,3506,645,1255,3749,15513.47,15636.67,45544.08,16111.09,17616.93,46484.64,0.00,0.00,0.00,597.62,1980.26,940.55,2272.27,2272.27,1.002,0.101,0.555,-4.922,-0.828,0.766,9733,327.3,0,-0.9494,-0.0382,0.0056,-0.3116,36.3,-2.0,0.0
2317263,2026-09-11_09-02-15.263-240,v5.1.3,3.44,12.0,200,1196,1255,3499,653,1223,3743,15621.35,15386.42,45455.47,16216.78,17198.35,46396.47,0.00,0.00,0.00,595.43,1811.94,941.00,2126.76,2126.76,1.003,0.044,0.551,-4.375,-0.359,0.391,9726,308.7,0,-0.9495,-0.0370,0.0058,-0.3115,36.3,-2.0,0.0
2317294,2026-09-11_09-02-15.295-240,v5.1.3,3.44,12.0,200,1191,1237,3498,650,1229,3741,15557.12,15149.73,45444.91,16170.27,17275.36,46376.10,0.00,0.00,0.00,613.14,2125.63,931.18,2400.28,2400.28,1.002,0.107,0.552,-3.938,-0.797,0.172,9726,343.6,0,-0.9494,-0.0380,0.0059,-0.3116,36.3,-2.0,0.0
2317318,2026-09-11_09-02-15.318-240,v5.1.3,3.44,12.0,200,1177,1253,3495,638,1239,3746,15370.17,15364.19,45403.60,16019.02,17405.48,46464.57,0.00,0.00,0.00,648.86,2041.29,1060.97,2390.30,2390.30,1.003,0.073,0.545,-4.969,-0.797,0.719,9726,342.4,0,-0.9495,-0.0381,0.0057,-0.3114,36.2,-2.0,0.0
2317353,2026-09-11_09-02-15.353-240,v5.1.3,3.44,12.0,200,1193,1239,3495,657,1226,3742,15583.37,15176.69,45405.54,16265.98,17237.94,46374.28,0.00,0.00,0.00,682.61,2061.24,968.73,2377.63,2377.63,1.001,0.075,0.552,-3.531,-0.844,-0.531,9726,340.8,0,-0.9495,-0.0374,0.0058,-0.3115,36.3,-2.0,0.0
2317379,2026-09-11_09-02-15.379-240,v5.1.3,3.44,12.0,200,1190,1246,3499,647,1248,3753,15542.93,15268.49,45456.71,16149.29,17527.42,46533.11,0.00,0.00,0.00,606.36,2258.92,1076.40,2574.69,2574.69,1.004,0.096,0.551,-4.672,-0.641,0.062,9726,365.9,0,-0.9496,-0.0388,0.0051,-0.3111,36.2,-1.9,0.0
2317408,2026-09-11_09-02-15.408-240,v5.1.3,3.44,12.0,200,1188,1256,3493,652,1241,3741,15515.38,15402.63,45377.13,16191.51,17432.46,46369.31,0.00,0.00,0.00,676.12,2029.83,992.18,2358.34,2358.34,0.998,0.054,0.552,-4.062,-0.609,0.281,9725,338.3,0,-0.9496,-0.0378,0.0052,-0.3110,36.2,-1.9,0.0
2317439,2026-09-11_09-02-15.439-240,v5.1.3,3.44,12.0,200,1187,1246,3498,652,1240,3748,15503.23,15269.26,45443.67,16207.47,17422.04,46459.52,0.00,0.00,0.00,704.24,2152.78,1015.84,2482.41,2482.41,1.000,0.096,0.546,-4.406,-1.031,-0.109,9725,354.1,0,-0.9496,-0.0384,0.0052,-0.3110,36.2,-1.9,0.0
2317465,2026-09-11_09-02-15.466-240,v5.1.3,3.44,12.0,200,1191,1258,3498,652,1244,3750,15554.87,15427.13,45442.02,16210.20,17475.03,46484.43,0.00,0.00,0.00,655.33,2047.90,1042.40,2389.55,2389.55,1.002,0.073,0.549,-4.516,-0.719,0.219,9725,342.3,0,-0.9497,-0.0384,0.0051,-0.3109,36.2,-1.9,0.0
2317498,2026-09-11_09-02-15.498-240,v5.1.3,3.44,12.0,200,1195,1267,3500,652,1264,3745,15606.83,15544.80,45466.86,16190.60,17734.32,46416.11,0.00,0.00,0.00,583.77,2189.52,949.26,2456.80,2456.80,0.999,0.072,0.545,-3.469,-0.969,0.219,9725,350.8,0,-0.9497,-0.0376,0.0052,-0.3109,36.2,-1.9,0.0
2317521,2026-09-11_09-02-15.522-240,v5.1.3,3.44,12.0,200,1193,1251,3490,655,1237,3741,15582.07,15336.65,45338.72,16232.73,17380.81,46363.57,0.00,0.00,0.00,650.66,2044.17,1024.85,2377.45,2377.45,1.002,0.097,0.546,-4.344,-0.766,-0.094,9725,340.7,0,-0.9497,-0.0384,0.0049,-0.3109,36.2,-1.9,0.0
2317548,2026-09-11_09-02-15.548-240,v5.1.3,3.44,12.0,200,1192,1272,3497,654,1256,3743,15566.60,15612.20,45427.07,16215.91,17629.49,46387.64,0.00,0.00,0.00,649.31,2017.29,960.57,2326.75,2326.75,1.007,0.063,0.548,-4.453,-0.328,0.391,9731,334.3,0,-0.9497,-0.0376,0.0049,-0.3108,36.2,-1.9,0.0
2317614,2026-09-11_09-02-15.615-240,v5.1.3,3.44,12.0,200,1198,1273,3498,654,1257,3746,15645.88,15624.16,45439.97,16222.14,17643.68,46426.01,0.00,0.00,0.00,576.26,2019.52,986.04,2320.09,2320.09,1.003,0.073,0.539,-4.500,-1.000,-0.188,9731,333.4,0,-0.9498,-0.0378,0.0037,-0.3106,36.2,-1.7,0.0
2317640,2026-09-11_09-02-15.641-240,v5.1.3,3.44,12.0,200,1194,1271,3502,655,1259,3741,15593.18,15597.23,45492.37,16223.37,17668.11,46359.14,0.00,0.00,0.00,630.20,2070.88,866.77,2331.73,2331.73,1.005,0.073,0.545,-3.938,-1.125,-0.234,9731,334.9,0,-0.9498,-0.0373,0.0039,-0.3107,36.2,-1.8,0.0
2317673,2026-09-11_09-02-15.673-240,v5.1.3,3.44,12.0,200,1189,1245,3499,649,1242,3740,15529.80,15255.44,45456.84,16149.34,17444.55,46362.81,0.00,0.00,0.00,619.54,2189.11,905.96,2448.84,2448.84,1.006,0.086,0.539,-4.391,-0.797,0.406,9731,349.8,0,-0.9497,-0.0381,0.0039,-0.3107,36.2,-1.8,0.0
2317697,2026-09-11_09-02-15.698-240,v5.1.3,3.44,12.0,200,1187,1253,3494,648,1253,3753,15502.48,15362.88,45390.57,16160.34,17592.91,46529.91,0.00,0.00,0.00,657.86,2230.03,1139.34,2589.19,2589.19,1.001,0.068,0.544,-4.125,-0.406,-0.094,9731,367.7,0,-0.9498,-0.0375,0.0040,-0.3106,36.2,-1.8,0.0
2317728,2026-09-11_09-02-15.728-240,v5.1.3,3.44,12.0,200,1193,1247,3498,653,1234,3750,15582.51,15281.51,45443.54,16227.63,17344.64,46484.25,0.00,0.00,0.00,645.12,2063.13,1040.71,2399.12,2399.12,1.005,0.090,0.542,-4.094,-0.953,0.562,9731,343.5,0,-0.9498,-0.0378,0.0041,-0.3106,36.2,-1.8,0.0
2317759,2026-09-11_09-02-15.761-240,v5.1.3,3.44,12.0,200,1188,1236,3495,651,1235,3729,15517.53,15137.87,45405.95,16154.26,17349.39,46218.42,0.00,0.00,0.00,636.73,2211.52,812.47,2440.56,2440.56,1.008,0.070,0.541,-4.203,-0.953,0.547,9731,348.8,0,-0.9498,-0.0376,0.0040,-0.3107,36.2,-1.8,0.0
2317783,2026-09-11_09-02-15.783-240,v5.1.3,3.44,12.0,200,1186,1249,3493,653,1235,3742,15489.67,15310.49,45378.09,16209.46,17354.68,46381.20,0.00,0.00,0.00,719.78,2044.19,1003.11,2388.10,2388.10,1.002,0.076,0.543,-3.734,-1.391,-0.016,9731,342.1,0,-0.9498,-0.0373,0.0042,-0.3107,36.2,-1.8,0.0
2317813,2026-09-11_09-02-15.813-240,v5.1.3,3.44,12.0,200,1196,1240,3491,652,1235,3749,15622.95,15190.57,45353.28,16211.81,17357.12,46473.38,0.00,0.00,0.00,588.87,2166.55,1120.10,2509.05,2509.05,1.005,0.086,0.545,-4.141,-1.359,-0.703,9731,357.5,0,-0.9498,-0.0380,0.0041,-0.3107,36.2,-1.8,0.0
2317837,2026-09-11_09-02-15.838-240,v5.1.3,3.44,12.0,200,1184,1279,3502,653,1260,3743,15460.01,15704.51,45491.26,16201.04,17681.53,46389.02,0.00,0.00,0.00,741.03,1977.02,897.76,2294.28,2294.28,1.002,0.068,0.540,-4.391,-1.062,0.172,9725,330.1,0,-0.9498,-0.0376,0.0043,-0.3106,36.2,-1.8,0.0
2317860,2026-09-11_09-02-15.862-240,v5.1.3,3.44,12.0,200,1192,1254,3500,644,1250,3747,15568.53,15373.56,45468.64,16095.60,17550.68,46462.11,0.00,0.00,0.00,527.07,2177.12,993.47,2450.44,2450.44,1.003,0.078,0.538,-3.766,-0.922,0.062,9725,350.0,0,-0.9498,-0.0376,0.0045,-0.3106,36.2,-1.8,0.0
2317898,2026-09-11_09-02-15.898-240,v5.1.3,3.44,12.0,200,1194,1250,3492,645,1249,3747,15595.41,15322.70,45364.93,16109.20,17537.82,46460.13,0.00,0.00,0.00,513.79,2215.12,1095.20,2523.93,2523.93,1.005,0.078,0.541,-4.484,-0.781,0.453,9725,359.4,0,-0.9498,-0.0380,0.0046,-0.3105,36.1,-1.9,0.0
2317920,2026-09-11_09-02-15.921-240,v5.1.3,3.44,12.0,200,1193,1238,3497,645,1223,3747,15583.48,15162.91,45431.74,16120.26,17198.29,46465.37,0.00,0.00,0.00,536.79,2035.38,1033.62,2345.06,2345.06,1.002,0.073,0.538,-4.469,-0.375,-0.766,9725,336.6,0,-0.9498,-0.0376,0.0048,-0.3105,36.1,-1.9,0.0
2317953,2026-09-11_09-02-15.953-240,v5.1.3,3.44,12.0,200,1189,1267,3497,647,1255,3743,15527.44,15546.63,45427.75,16124.12,17615.06,46403.12,0.00,0.00,0.00,596.68,2068.43,975.38,2363.42,2363.42,1.007,0.087,0.545,-4.312,-0.781,-0.141,9725,338.9,0,-0.9498,-0.0380,0.0044,-0.3104,36.1,-1.8,0.0
2317981,2026-09-11_09-02-16.982-240,v5.1.3,3.44,12.0,200,1188,1256,3496,648,1240,3747,15515.39,15401.77,45416.23,16152.55,17420.88,46455.39,0.00,0.00,0.00,637.17,2019.11,1039.16,2358.52,2358.52,1.006,0.073,0.541,-4.438,-1.156,0.109,9728,338.3,0,-0.9499,-0.0375,0.0045,-0.3104,36.1,-1.8,0.0
2318018,2026-09-11_09-02-16.018-240,v5.1.3,3.44,12.0,200,1189,1258,3493,651,1248,3745,15528.40,15428.89,45376.86,16184.23,17525.18,46421.52,0.00,0.00,0.00,655.83,2096.29,1044.66,2432.25,2432.25,1.007,0.082,0.537,-4.281,-0.672,-0.062,9728,347.7,0,-0.9498,-0.0378,0.0043,-0.3105,36.1,-1.8,0.0
2318049,2026-09-11_09-02-16.050-240,v5.1.3,3.44,12.0,200,1187,1249,3501,653,1239,3741,15502.91,15308.03,45482.36,16205.53,17406.54,46367.53,0.00,0.00,0.00,702.62,2098.51,885.18,2383.48,2383.48,1.005,0.074,0.534,-4.109,-0.609,0.141,9728,341.5,0,-0.9498,-0.0379,0.0043,-0.3105,36.1,-1.8,0.0
2318073,2026-09-11_09-02-16.073-240,v5.1.3,3.44,12.0,200,1196,1290,3489,652,1226,3757,15617.58,15851.63,45320.33,16233.40,17242.61,46578.05,0.00,0.00,0.00,615.81,1390.99,1257.71,1973.81,1973.81,1.010,0.076,0.540,-4.391,-1.125,0.016,9728,289.2,0,-0.9498,-0.0375,0.0044,-0.3105,36.1,-1.8,0.0
2318102,2026-09-11_09-02-16.104-240,v5.1.3,3.44,12.0,200,1197,1274,3499,649,1246,3743,15632.54,15637.24,45452.86,16154.30,17497.92,46400.57,0.00,0.00,0.00,521.75,1860.68,947.71,2152.33,2152.33,1.009,0.085,0.541,-4.094,-0.828,0.422,9728,312.0,0,-0.9498,-0.0379,0.0043,-0.3104,36.1,-1.8,0.0
2318129,2026-09-11_09-02-16.130-240,v5.1.3,3.44,12.0,200,1187,1258,3498,651,1245,3739,15501.95,15427.77,45442.02,16172.19,17483.75,46344.98,0.00,0.00,0.00,670.25,2055.97,902.96,2343.41,2343.41,1.003,0.073,0.536,-4.391,-0.609,0.188,9735,336.4,0,-0.9499,-0.0374,0.0044,-0.3104,36.1,-1.8,0.0
2318153,2026-09-11_09-02-16.153-240,v5.1.3,3.44,12.0,200,1190,1248,3499,648,1231,3747,15542.71,15294.91,45456.43,16156.38,17303.35,46457.21,0.00,0.00,0.00,613.67,2008.44,1000.78,2326.36,2326.36,1.002,0.080,0.539,-3.781,-0.625,0.281,9735,334.2,0,-0.9499,-0.0374,0.0045,-0.3104,36.1,-1.8,0.0
2318188,2026-09-11_09-02-16.188-240,v5.1.3,3.44,12.0,200,1190,1250,3498,644,1252,3748,15542.50,15321.62,45443.12,16096.97,17577.18,46474.57,0.00,0.00,0.00,554.48,2255.56,1031.44,2541.43,2541.43,1.008,0.081,0.543,-4.141,-1.094,-0.156,9735,361.6,0,-0.9499,-0.0378,0.0044,-0.3104,36.1,-1.8,0.0
2318213,2026-09-11_09-02-16.214-240,v5.1.3,3.44,12.0,200,1188,1247,3495,650,1237,3744,15516.35,15283.17,45404.44,16173.52,17380.96,46413.05,0.00,0.00,0.00,657.17,2097.79,1008.62,2418.66,2418.66,1.002,0.073,0.536,-4.406,-0.828,-0.078,9735,346.0,0,-0.9499,-0.0375,0.0044,-0.3104,36.1,-1.8,0.0
2318243,2026-09-11_09-02-16.243-240,v5.1.3,3.44,12.0,200,1190,1259,3500,658,1243,3745,15541.54,15439.93,45467.95,16278.58,17461.26,46407.24,0.00,0.00,0.00,737.04,2021.33,939.29,2347.61,2347.61,1.004,0.083,0.539,-4.484,-0.703,0.188,9735,336.9,0,-0.9499,-0.0378,0.0043,-0.3103,36.1,-1.8,0.0
2318274,2026-09-11_09-02-16.275-240,v5.1.3,3.44,12.0,200,1175,1253,3497,653,1239,3746,15343.71,15363.94,45429.66,16216.63,17408.42,46431.82,0.00,0.00,0.00,872.92,2044.49,1002.16,2438.49,2438.49,1.012,0.072,0.536,-4.172,-0.953,0.562,9734,348.5,0,-0.9499,-0.0372,0.0047,-0.3103,36.1,-1.8,0.0
2318298,2026-09-11_09-02-16.298-240,v5.1.3,3.44,12.0,200,1194,1258,3493,651,1235,3747,15594.56,15428.09,45376.86,16194.20,17356.17,46449.85,0.00,0.00,0.00,599.64,1928.08,1072.98,2286.56,2286.56,1.006,0.086,0.542,-4.047,-0.984,0.250,9734,329.1,0,-0.9499,-0.0375,0.0046,-0.3104,36.1,-1.8,0.0
2318328,2026-09-11_09-02-16.328-240,v5.1.3,3.44,12.0,200,1191,1250,3493,654,1239,3748,15555.72,15322.89,45377.96,16234.24,17409.38,46455.35,0.00,0.00,0.00,678.52,2086.48,1077.39,2444.29,2444.29,1.007,0.076,0.539,-4.359,-0.656,0.125,9734,349.3,0,-0.9499,-0.0377,0.0044,-0.3103,36.1,-1.8,0.0
2318353,2026-09-11_09-02-16.354-240,v5.1.3,3.44,12.0,200,1191,1258,3497,648,1238,3744,15554.87,15427.42,45428.99,16146.75,17393.63,46417.22,0.00,0.00,0.00,591.88,1966.21,988.23,2278.79,2278.79,1.002,0.072,0.542,-3.891,-0.531,-0.125,9734,328.1,0,-0.9499,-0.0373,0.0046,-0.3104,36.1,-1.8,0.0
2318377,2026-09-11_09-02-16.377-240,v5.1.3,3.44,12.0,200,1191,1273,3499,653,1250,3747,15553.26,15624.99,45452.99,16214.17,17552.45,46442.46,0.00,0.00,0.00,660.90,1927.46,989.47,2265.16,2265.16,1.002,0.087,0.536,-3.938,-0.625,0.391,9734,326.4,0,-0.9497,-0.0379,0.0045,-0.3107,36.2,-1.8,0.0
2318425,2026-09-11_09-02-16.425-240,v5.1.3,3.44,12.0,200,1198,1257,3495,650,1235,3747,15647.59,15413.67,45403.07,16181.03,17355.98,46452.03,0.00,0.00,0.00,533.44,1942.31,1048.96,2271.00,2271.00,1.007,0.074,0.536,-4.016,-0.500,-0.234,9732,327.1,0,-0.9498,-0.0370,0.0049,-0.3107,36.2,-1.9,0.0
2318447,2026-09-11_09-02-16.447-240,v5.1.3,3.44,12.0,200,1195,1244,3502,645,1223,3740,15609.30,15240.41,45496.09,16104.73,17195.65,46375.37,0.00,0.00,0.00,495.43,1955.24,879.28,2200.36,2200.36,1.006,0.086,0.540,-3.797,-0.984,0.047,9732,318.1,0,-0.9498,-0.0374,0.0048,-0.3107,36.2,-1.9,0.0
2318475,2026-09-11_09-02-16.476-240,v5.1.3,3.44,12.0,200,1189,1260,3494,645,1260,3752,15528.19,15455.02,45389.61,16115.62,17683.35,46522.20,0.00,0.00,0.00,587.43,2228.33,1132.59,2567.74,2567.74,1.009,0.072,0.535,-4.406,-0.828,0.094,9732,365.0,0,-0.9498,-0.0375,0.0050,-0.3106,36.2,-1.9,0.0
2318504,2026-09-11_09-02-16.505-240,v5.1.3,3.44,12.0,200,1195,1242,3495,645,1231,3742,15609.51,15216.00,45405.13,16105.77,17300.88,46399.47,0.00,0.00,0.00,496.26,2084.87,994.34,2362.56,2362.56,1.010,0.080,0.536,-4.188,-0.484,0.281,9732,338.8,0,-0.9498,-0.0374,0.0050,-0.3106,36.2,-1.9,0.0
2318529,2026-09-11_09-02-16.529-240,v5.1.3,3.44,12.0,200,1193,1252,3493,647,1235,3744,15581.97,15348.99,45377.69,16134.85,17354.26,46420.01,0.00,0.00,0.00,552.88,2005.27,1042.32,2326.63,2326.63,1.005,0.086,0.539,-4.203,-0.812,0.172,9732,334.2,0,-0.9497,-0.0378,0.0049,-0.3107,36.2,-1.9,0.0
2318558,2026-09-11_09-02-16.558-240,v5.1.3,3.44,12.0,200,1195,1263,3497,654,1234,3745,15607.26,15492.83,45428.30,16229.71,17342.95,46417.79,0.00,0.00,0.00,622.45,1850.12,989.48,2188.48,2188.48,1.001,0.074,0.540,-4.125,-0.609,0.375,9733,316.6,0,-0.9497,-0.0376,0.0049,-0.3108,36.2,-1.9,0.0
2318584,2026-09-11_09-02-16.584-240,v5.1.3,3.44,12.0,200,1186,1250,3490,652,1259,3761,15489.56,15324.56,45338.86,16228.23,17675.06,46622.83,0.00,0.00,0.00,738.67,2350.50,1283.98,2778.32,2778.32,1.005,0.076,0.540,-4.250,-0.453,0.125,9733,391.9,0,-0.9497,-0.0375,0.0050,-0.3108,36.2,-1.9,0.0
2318608,2026-09-11_09-02-16.608-240,v5.1.3,3.44,12.0,200,1193,1258,3497,647,1244,3752,15581.33,15427.10,45428.99,16148.77,17474.80,46521.05,0.00,0.00,0.00,567.44,2047.70,1092.06,2389.07,2389.07,1.002,0.080,0.535,-4.453,-0.703,0.391,9733,342.2,0,-0.9497,-0.0378,0.0049,-0.3107,36.2,-1.9,0.0
2318643,2026-09-11_09-02-16.643-240,v5.1.3,3.44,12.0,200,1197,1252,3498,648,1249,3742,15634.90,15346.91,45442.86,16137.63,17536.52,46389.30,0.00,0.00,0.00,502.73,2189.61,946.44,2437.80,2437.80,1.002,0.075,0.538,-3.875,-0.828,0.047,9733,348.4,0,-0.9497,-0.0375,0.0049,-0.3108,36.2,-1.9,0.0
2318667,2026-09-11_09-02-16.668-240,v5.1.3,3.44,12.0,200,1191,1249,3501,642,1252,3746,15555.84,15307.38,45482.36,16066.19,17576.03,46453.22,0.00,0.00,0.00,510.35,2268.64,970.86,2519.87,2519.87,1.006,0.085,0.539,-4.516,-0.531,0.344,9733,358.9,0,-0.9497,-0.0379,0.0046,-0.3107,36.2,-1.8,0.0
2318693,2026-09-11_09-02-16.694-240,v5.1.3,3.44,12.0,200,1190,1268,3500,649,1246,3745,15540.57,15558.82,45466.71,16158.74,17498.67,46426.29,0.00,0.00,0.00,618.17,1939.86,959.57,2250.77,2250.77,1.006,0.074,0.535,-4.344,-0.547,0.375,9734,324.6,0,-0.9498,-0.0378,0.0048,-0.3107,36.2,-1.9,0.0
2318721,2026-09-11_09-02-16.722-240,v5.1.3,3.44,12.0,200,1187,1256,3499,644,1251,3742,15502.16,15401.07,45455.33,16084.08,17561.86,46397.62,0.00,0.00,0.00,581.92,2160.79,942.30,2428.08,2428.08,1.006,0.078,0.541,-3.891,-0.562,-0.094,9734,347.2,0,-0.9497,-0.0376,0.0049,-0.3107,36.2,-1.9,0.0
2318743,2026-09-11_09-02-16.744-240,v5.1.3,3.44,12.0,200,1188,1264,3497,650,1257,3748,15514.53,15507.16,45428.16,16173.89,17643.65,46460.46,0.00,0.00,0.00,659.35,2136.49,1032.30,2462.72,2462.72,1.004,0.083,0.538,-3.859,-0.969,-0.234,9734,351.6,0,-0.9497,-0.0380,0.0048,-0.3107,36.2,-1.9,0.0
2318773,2026-09-11_09-02-16.773-240,v5.1.3,3.44,12.0,200,1192,1244,3495,648,1245,3746,15569.60,15242.90,45404.86,16148.21,17485.79,46441.53,0.00,0.00,0.00,578.61,2242.89,1036.67,2537.72,2537.72,1.006,0.077,0.538,-4.562,-0.828,-0.234,9734,361.2,0,-0.9497,-0.0381,0.0048,-0.3107,36.2,-1.9,0.0
2318816,2026-09-11_09-02-16.816-240,v5.1.3,3.44,12.0,200,1193,1241,3499,653,1225,3745,15583.16,15201.96,45457.40,16220.37,17225.22,46421.78,0.00,0.00,0.00,637.21,2023.26,964.38,2330.16,2330.16,1.012,0.083,0.536,-4.469,-1.078,-0.031,9734,334.7,0,-0.9497,-0.0385,0.0049,-0.3106,36.2,-1.9,0.0
2318843,2026-09-11_09-02-16.843-240,v5.1.3,3.44,12.0,200,1187,1255,3498,644,1256,3745,15502.27,15388.15,45442.43,16088.61,17628.28,46435.19,0.00,0.00,0.00,586.35,2240.13,992.76,2519.44,2519.44,1.006,0.078,0.541,-4.312,-1.000,0.516,9730,358.8,0,-0.9497,-0.0382,0.0048,-0.3106,36.2,-1.9,0.0
2318876,2026-09-11_09-02-16.877-240,v5.1.3,3.44,12.0,200,1186,1269,3491,648,1253,3743,15487.53,15575.25,45349.28,16138.15,17589.13,46401.35,0.00,0.00,0.00,650.62,2013.88,1052.07,2363.45,2363.45,1.004,0.086,0.538,-4.219,-0.875,-0.172,9730,338.9,0,-0.9498,-0.0385,0.0046,-0.3106,36.1,-1.9,0.0
2318898,2026-09-11_09-02-16.898-240,v5.1.3,3.44,12.0,200,1190,1254,3495,651,1240,3748,15542.06,15375.32,45403.48,16194.29,17421.84,46461.70,0.00,0.00,0.00,652.23,2046.53,1058.22,2394.47,2394.47,1.005,0.079,0.537,-4.109,-1.000,-0.234,9730,342.9,0,-0.9498,-0.0384,0.0046,-0.3105,36.1,-1.9,0.0
2318923,2026-09-11_09-02-16.923-240,v5.1.3,3.44,12.0,200,1198,1243,3490,651,1225,3752,15649.09,15230.17,45339.83,16209.55,17227.47,46516.15,0.00,0.00,0.00,560.46,1997.30,1176.32,2384.76,2384.76,1.007,0.079,0.537,-4.031,-0.828,0.312,9730,341.7,0,-0.9498,-0.0383,0.0046,-0.3106,36.1,-1.9,0.0
2318954,2026-09-11_09-02-16.955-240,v5.1.3,3.44,12.0,200,1187,1255,3496,652,1245,3745,15502.26,15388.72,45416.37,16198.68,17486.20,46419.94,0.00,0.00,0.00,696.42,2097.48,1003.57,2427.26,2427.26,1.001,0.082,0.536,-4.297,-0.953,-0.031,9730,347.1,0,-0.9498,-0.0385,0.0047,-0.3105,36.1,-1.9,0.0
2318978,2026-09-11_09-02-17.978-240,v5.1.3,3.44,12.0,200,1196,1256,3492,652,1235,3748,15621.23,15401.64,45364.11,16209.59,17356.75,46460.52,0.00,0.00,0.00,588.36,1955.11,1096.41,2317.49,2317.49,1.008,0.077,0.539,-4.391,-0.781,0.469,9736,333.1,0,-0.9498,-0.0383,0.0049,-0.3105,36.1,-1.9,0.0
2319013,2026-09-11_09-02-17.013-240,v5.1.3,3.44,12.0,200,1188,1268,3499,649,1238,3748,15514.11,15559.42,45453.68,16168.80,17395.33,46466.47,0.00,0.00,0.00,654.69,1835.91,1012.79,2196.57,2196.57,1.004,0.080,0.539,-4.375,-0.875,0.188,9736,317.7,0,-0.9498,-0.0380,0.0050,-0.3105,36.1,-1.9,0.0
2319038,2026-09-11_09-02-17.039-240,v5.1.3,3.44,12.0,200,1195,1248,3498,652,1238,3747,15608.87,15294.40,45443.41,16206.10,17395.54,46447.06,0.00,0.00,0.00,597.23,2101.15,1003.66,2403.92,2403.92,0.999,0.079,0.534,-4.453,-0.906,0.438,9736,344.1,0,-0.9498,-0.0383,0.0050,-0.3105,36.1,-1.9,0.0
2319063,2026-09-11_09-02-17.063-240,v5.1.3,3.44,12.0,200,1191,1250,3496,649,1249,3750,15555.73,15322.03,45417.06,16168.56,17539.74,46489.97,0.00,0.00,0.00,612.83,2217.70,1072.91,2538.68,2538.68,1.006,0.076,0.536,-4.250,-0.375,0.547,9736,361.3,0,-0.9498,-0.0380,0.0051,-0.3106,36.1,-1.9,0.0
2319095,2026-09-11_09-02-17.096-240,v5.1.3,3.44,12.0,200,1169,1261,3495,641,1257,3749,15263.46,15471.15,45402.49,16057.54,17642.26,46492.97,0.00,0.00,0.00,794.08,2171.11,1090.48,2556.06,2556.06,1.007,0.085,0.538,-3.734,-0.922,0.203,9736,363.5,0,-0.9498,-0.0381,0.0051,-0.3106,36.1,-1.9,0.0
2319119,2026-09-11_09-02-17.120-240,v5.1.3,3.44,12.0,200,1199,1256,3493,651,1232,3743,15660.93,15400.87,45377.14,16186.60,17315.49,46399.02,0.00,0.00,0.00,525.67,1914.62,1021.88,2233.01,2233.01,1.006,0.076,0.536,-4.141,-1.766,0.406,9744,322.3,0,-0.9498,-0.0380,0.0052,-0.3105,36.1,-1.9,0.0
2319148,2026-09-11_09-02-17.148-240,v5.1.3,3.44,12.0,200,1195,1247,3499,656,1229,3745,15608.98,15280.90,45456.57,16258.19,17278.05,46414.43,0.00,0.00,0.00,649.21,1997.15,957.85,2308.15,2308.15,1.006,0.078,0.541,-3.891,-0.562,-0.031,9744,331.9,0,-0.9498,-0.0378,0.0050,-0.3106,36.2,-1.9,0.0
2319179,2026-09-11_09-02-17.180-240,v5.1.3,3.44,12.0,200,1194,1264,3499,654,1249,3743,15593.92,15505.62,45454.23,16218.89,17538.08,46389.05,0.00,0.00,0.00,624.97,2032.45,934.82,2322.79,2322.79,1.003,0.081,0.535,-4.391,-1.125,0.375,9744,333.8,0,-0.9498,-0.0379,0.0050,-0.3106,36.2,-1.9,0.0
2319218,2026-09-11_09-02-17.218-240,v5.1.3,3.44,12.0,200,1187,1239,3498,647,1235,3745,15503.98,15176.79,45444.63,16137.07,17354.63,46432.87,0.00,0.00,0.00,633.09,2177.84,988.23,2473.94,2473.94,1.006,0.079,0.537,-4.078,-0.828,0.125,9744,353.0,0,-0.9497,-0.0379,0.0051,-0.3107,36.2,-1.9,0.0
2319249,2026-09-11_09-02-17.250-240,v5.1.3,3.44,12.0,200,1193,1240,3496,650,1223,3744,15583.26,15189.62,45418.44,16179.48,17198.14,46415.88,0.00,0.00,0.00,596.22,2008.52,997.44,2320.46,2320.46,1.003,0.081,0.539,-4.141,-0.953,0.062,9744,333.5,0,-0.9497,-0.0383,0.0048,-0.3108,36.2,-1.9,0.0
2319271,2026-09-11_09-02-17.272-240,v5.1.3,3.44,12.0,200,1192,1268,3501,646,1269,3747,15567.03,15558.21,45479.75,16113.87,17799.19,46453.92,0.00,0.00,0.00,546.83,2240.99,974.18,2504.01,2504.01,1.002,0.077,0.536,-4.156,-0.672,0.344,9738,356.9,0,-0.9497,-0.0381,0.0047,-0.3107,36.2,-1.9,0.0
2319303,2026-09-11_09-02-17.303-240,v5.1.3,3.44,12.0,200,1197,1241,3497,651,1230,3745,15636.08,15201.90,45431.34,16191.89,17290.12,46425.14,0.00,0.00,0.00,555.81,2088.23,993.80,2378.50,2378.50,1.002,0.081,0.538,-3.812,-1.203,0.422,9738,340.9,0,-0.9497,-0.0383,0.0046,-0.3108,36.2,-1.9,0.0
2319332,2026-09-11_09-02-17.333-240,v5.1.3,3.44,12.0,200,1199,1252,3492,660,1234,3750,15661.35,15348.32,45364.66,16319.85,17346.01,46468.97,0.00,0.00,0.00,658.50,1997.69,1104.31,2375.69,2375.69,1.008,0.078,0.539,-4.156,-1.109,0.500,9738,340.5,0,-0.9497,-0.0383,0.0048,-0.3108,36.2,-1.9,0.0
2319358,2026-09-11_09-02-17.358-240,v5.1.3,3.44,12.0,200,1203,1259,3496,656,1235,3749,15713.54,15439.00,45415.83,16264.51,17357.91,46464.65,0.00,0.00,0.00,550.97,1918.91,1048.82,2255.17,2255.17,1.006,0.077,0.536,-3.734,-0.969,0.438,9738,325.1,0,-0.9497,-0.0381,0.0048,-0.3109,36.2,-1.9,0.0
2319393,2026-09-11_09-02-17.394-240,v5.1.3,3.44,12.0,200,1195,1254,3494,649,1222,3741,15608.22,15374.80,45390.45,16160.07,17183.75,46379.69,0.00,0.00,0.00,551.85,1808.95,989.25,2134.35,2134.35,1.006,0.079,0.540,-4.141,-0.922,0.516,9738,309.7,0,-0.9497,-0.0380,0.0044,-0.3109,36.2,-1.8,0.0
2319416,2026-09-11_09-02-17.417-240,v5.1.3,3.44,12.0,200,1189,1267,3494,653,1250,3750,15527.44,15547.49,45388.65,16220.83,17553.58,46481.03,0.00,0.00,0.00,693.39,2006.09,1092.38,2387.15,2387.15,1.007,0.076,0.534,-4.172,-0.922,-0.016,9737,342.0,0,-0.9497,-0.0379,0.0046,-0.3109,36.2,-1.8,0.0
2319448,2026-09-11_09-02-17.448-240,v5.1.3,3.44,12.0,200,1195,1244,3495,653,1226,3748,15609.29,15242.42,45404.86,16226.60,17239.41,46460.15,0.00,0.00,0.00,617.30,1996.99,1055.29,2341.51,2341.51,1.005,0.078,0.537,-4.047,-0.594,0.125,9737,336.1,0,-0.9496,-0.0380,0.0046,-0.3110,36.2,-1.9,0.0
2319478,2026-09-11_09-02-17.479-240,v5.1.3,3.44,12.0,200,1191,1247,3497,650,1251,3743,15556.05,15282.12,45430.50,16165.34,17563.41,46397.38,0.00,0.00,0.00,609.30,2281.29,966.88,2551.55,2551.55,1.007,0.078,0.536,-4.359,-0.672,0.109,9737,362.9,0,-0.9497,-0.0381,0.0046,-0.3109,36.2,-1.9,0.0
2319503,2026-09-11_09-02-17.503-240,v5.1.3,3.44,12.0,200,1192,1259,3494,650,1236,3748,15567.99,15441.33,45389.75,16182.82,17369.41,46464.69,0.00,0.00,0.00,614.83,1928.08,1074.93,2291.50,2291.50,1.002,0.079,0.536,-4.219,-0.578,0.234,9737,329.8,0,-0.9496,-0.0380,0.0045,-0.3110,36.2,-1.8,0.0
2319538,2026-09-11_09-02-17.538-240,v5.1.3,3.44,12.0,200,1185,1277,3496,653,1246,3748,15473.44,15679.65,45413.34,16218.09,17500.59,46456.12,0.00,0.00,0.00,744.64,1820.94,1042.79,2226.59,2226.59,1.006,0.080,0.535,-4.391,-0.797,0.359,9737,321.5,0,-0.9497,-0.0381,0.0046,-0.3109,36.2,-1.9,0.0
2319560,2026-09-11_09-02-17.561-240,v5.1.3,3.44,12.0,200,1196,1250,3495,646,1224,3745,15621.88,15321.52,45404.03,16128.57,17210.79,46437.27,0.00,0.00,0.00,506.69,1889.27,1033.23,2212.16,2212.16,1.005,0.077,0.539,-4.109,-0.828,0.219,9731,319.6,0,-0.9497,-0.0381,0.0045,-0.3110,36.2,-1.8,0.0
2319588,2026-09-11_09-02-17.588-240,v5.1.3,3.44,12.0,200,1198,1273,3494,650,1258,3750,15645.88,15625.31,45387.84,16177.90,17657.46,46485.97,0.00,0.00,0.00,532.02,2032.16,1098.14,2370.36,2370.36,1.003,0.084,0.535,-4.172,-0.750,0.203,9731,339.8,0,-0.9497,-0.0381,0.0045,-0.3109,36.2,-1.8,0.0
2319630,2026-09-11_09-02-17.631-240,v5.1.3,3.44,12.0,200,1197,1246,3493,653,1233,3748,15635.54,15269.10,45378.52,16223.62,17330.83,46458.74,0.00,0.00,0.00,588.08,2061.73,1080.23,2400.72,2400.72,1.006,0.077,0.537,-4.422,-0.812,0.109,9731,343.7,0,-0.9497,-0.0381,0.0044,-0.3109,36.2,-1.8,0.0
2319658,2026-09-11_09-02-17.658-240,v5.1.3,3.44,12.0,200,1194,1246,3494,652,1234,3746,15595.84,15269.29,45391.55,16205.58,17342.93,46435.01,0.00,0.00,0.00,609.74,2073.64,1043.46,2400.12,2400.12,1.002,0.080,0.540,-4.078,-1.031,0.031,9731,343.6,0,-0.9497,-0.0382,0.0044,-0.3109,36.2,-1.8,0.0
2319692,2026-09-11_09-02-17.693-240,v5.1.3,3.44,12.0,200,1190,1250,3502,648,1223,3743,15542.50,15320.47,45495.26,16150.91,17197.37,46407.39,0.00,0.00,0.00,608.41,1876.90,912.13,2173.68,2173.68,1.009,0.079,0.538,-4.312,-0.750,0.109,9731,314.7,0,-0.9497,-0.0381,0.0043,-0.3109,36.2,-1.8,0.0
2319715,2026-09-11_09-02-17.716-240,v5.1.3,3.44,12.0,200,1191,1256,3492,653,1222,3751,15555.08,15402.44,45364.10,16234.96,17188.31,46499.53,0.00,0.00,0.00,679.88,1785.87,1135.43,2222.78,2222.78,1.003,0.079,0.538,-3.953,-1.062,0.109,9731,321.0,0,-0.9497,-0.0380,0.0042,-0.3109,36.2,-1.8,0.0
2319748,2026-09-11_09-02-17.748-240,v5.1.3,3.44,12.0,200,1191,1244,3496,655,1222,3742,15556.37,15242.77,45417.88,16241.33,17185.31,46379.45,0.00,0.00,0.00,684.96,1942.53,961.57,2273.15,2273.15,1.009,0.080,0.536,-4.219,-1.078,0.031,9731,327.4,0,-0.9496,-0.0382,0.0041,-0.3110,36.2,-1.8,0.0
2319775,2026-09-11_09-02-17.776-240,v5.1.3,3.44,12.0,200,1193,1242,3490,653,1237,3748,15583.04,15217.76,45339.96,16221.92,17383.06,46457.93,0.00,0.00,0.00,638.88,2165.30,1117.97,2519.24,2519.24,1.002,0.077,0.537,-4.375,-1.016,-0.016,9731,358.8,0,-0.9497,-0.0382,0.0039,-0.3109,36.2,-1.8,0.0
2319798,2026-09-11_09-02-17.798-240,v5.1.3,3.44,12.0,200,1191,1256,3496,653,1236,3745,15555.08,15401.29,45416.23,16215.69,17368.87,46419.57,0.00,0.00,0.00,660.60,1967.58,1003.33,2305.31,2305.31,1.002,0.080,0.538,-4.375,-0.922,-0.047,9731,331.5,0,-0.9497,-0.0380,0.0039,-0.3109,36.2,-1.8,0.0
2319828,2026-09-11_09-02-17.828-240,v5.1.3,3.44,12.0,200,1187,1246,3499,642,1246,3741,15503.23,15268.97,45456.70,16057.64,17495.79,46390.14,0.00,0.00,0.00,554.41,2226.82,933.44,2477.38,2477.38,1.004,0.076,0.539,-3.891,-0.797,0.484,9731,353.5,0,-0.9497,-0.0379,0.0041,-0.3110,36.2,-1.8,0.0
2319852,2026-09-11_09-02-17.852-240,v5.1.3,3.44,12.0,200,1190,1248,3500,650,1242,3747,15542.71,15294.62,45469.46,16178.05,17447.39,46450.62,0.00,0.00,0.00,635.34,2152.77,981.16,2449.64,2449.64,1.005,0.079,0.542,-4.625,-0.906,-0.422,9735,349.9,0,-0.9497,-0.0378,0.0040,-0.3109,36.2,-1.8,0.0
2319878,2026-09-11_09-02-17.878-240,v5.1.3,3.44,12.0,200,1190,1241,3496,645,1228,3744,15543.46,15203.31,45418.30,16111.48,17262.45,46425.79,0.00,0.00,0.00,568.02,2059.15,1007.49,2361.73,2361.73,1.003,0.080,0.539,-4.094,-0.938,3.766,9735,338.7,0,-0.9496,-0.0376,0.0041,-0.3112,36.2,-1.8,0.0
2319912,2026-09-11_09-02-17.912-240,v5.1.3,3.44,12.0,200,1191,1246,3485,654,1221,3739,15556.14,15272.36,45274.25,16221.93,17170.92,46343.26,0.00,0.00,0.00,665.79,1898.56,1069.01,2278.29,2278.29,1.003,0.079,0.537,-3.906,-1.047,0.000,9735,328.1,0,-0.9496,-0.0378,0.0043,-0.3113,36.2,-1.8,0.0
2319934,2026-09-11_09-02-17.935-240,v5.1.3,3.44,12.0,200,1197,1260,3495,653,1242,3742,15634.04,15453.45,45402.66,16206.48,17446.09,46379.79,0.00,0.00,0.00,572.44,1992.64,977.13,2291.96,2291.96,1.003,0.079,0.536,-3.969,-1.094,0.188,9735,329.8,0,-0.9495,-0.0378,0.0043,-0.3113,36.2,-1.8,0.0
2319963,2026-09-11_09-02-17.963-240,v5.1.3,3.44,12.0,200,1193,1258,3501,656,1244,3738,15581.34,15425.95,45481.12,16236.27,17471.29,46321.41,0.00,0.00,0.00,654.93,2045.34,840.28,2306.17,2306.17,1.001,0.078,0.533,-4.141,-0.359,-0.281,9735,331.6,0,-0.9495,-0.0380,0.0046,-0.3113,36.2,-1.9,0.0
2319994,2026-09-11_09-02-18.994-240,v5.1.3,3.44,12.0,200,1189,1247,3495,655,1237,3744,15529.58,15283.01,45404.44,16239.39,17381.94,46402.14,0.00,0.00,0.00,709.80,2098.93,997.70,2429.97,2429.97,1.005,0.078,0.541,-4.344,-0.812,-0.266,9729,347.4,0,-0.9495,-0.0379,0.0046,-0.3113,36.2,-1.9,0.0
2320038,2026-09-11_09-02-18.038-240,v5.1.3,3.44,12.0,200,1192,1240,3498,656,1223,3744,15570.03,15189.20,45444.50,16258.52,17199.32,46402.77,0.00,0.00,0.00,688.49,2010.12,958.27,2330.85,2330.85,1.005,0.080,0.540,-4.109,-1.031,0.719,9729,334.8,0,-0.9495,-0.0380,0.0047,-0.3113,36.2,-1.9,0.0
2320063,2026-09-11_09-02-18.064-240,v5.1.3,3.44,12.0,200,1199,1269,3496,649,1259,3746,15659.54,15571.73,45414.45,16155.42,17668.81,46436.52,0.00,0.00,0.00,495.89,2097.08,1022.07,2385.01,2385.01,1.007,0.079,0.534,-4.047,-0.719,0.656,9729,341.7,0,-0.9495,-0.0381,0.0048,-0.3114,36.2,-1.9,0.0
2320086,2026-09-11_09-02-18.086-240,v5.1.3,3.44,12.0,200,1189,1252,3503,655,1251,3744,15529.06,15346.76,45508.01,16233.43,17564.77,46399.32,0.00,0.00,0.00,704.37,2218.01,891.31,2492.02,2492.02,1.002,0.076,0.538,-4.297,-0.484,0.609,9729,355.3,0,-0.9495,-0.0379,0.0048,-0.3114,36.2,-1.9,0.0
2320118,2026-09-11_09-02-18.120-240,v5.1.3,3.44,12.0,200,1194,1256,3481,636,1256,3736,15594.75,15405.12,45220.75,15963.25,17623.32,46336.95,0.00,0.00,0.00,368.50,2218.20,1116.20,2510.40,2510.40,1.003,0.077,0.538,-3.688,-0.766,0.312,9729,357.7,0,-0.9495,-0.0377,0.0048,-0.3115,36.3,-1.9,0.0
2320147,2026-09-11_09-02-18.148-240,v5.1.3,3.44,12.0,200,1192,1254,3497,645,1237,3745,15568.53,15374.42,45429.54,16109.87,17380.36,46436.83,0.00,0.00,0.00,541.34,2005.94,1007.29,2309.00,2309.00,1.005,0.079,0.537,-3.719,-0.969,-0.500,9735,332.0,0,-0.9495,-0.0378,0.0048,-0.3115,36.3,-1.9,0.0
2320173,2026-09-11_09-02-18.173-240,v5.1.3,3.44,12.0,200,1188,1252,3490,649,1236,3737,15515.81,15350.66,45338.58,16145.24,17365.07,46325.44,0.00,0.00,0.00,629.43,2014.41,986.86,2329.79,2329.79,1.005,0.077,0.537,-4.359,-1.125,0.141,9735,334.6,0,-0.9495,-0.0377,0.0047,-0.3115,36.3,-1.9,0.0
2320208,2026-09-11_09-02-18.208-240,v5.1.3,3.44,12.0,200,1196,1243,3493,658,1215,3747,15622.63,15229.63,45378.93,16294.93,17096.37,46438.59,0.00,0.00,0.00,672.30,1866.74,1059.66,2249.36,2249.36,1.004,0.077,0.532,-4.000,-0.859,-0.031,9735,324.4,0,-0.9495,-0.0379,0.0050,-0.3116,36.3,-1.9,0.0
2320230,2026-09-11_09-02-18.230-240,v5.1.3,3.44,12.0,200,1194,1247,3497,654,1230,3755,15595.74,15281.63,45430.50,16253.60,17294.48,46547.16,0.00,0.00,0.00,657.86,2012.85,1116.66,2394.01,2394.01,1.006,0.079,0.537,-3.562,-0.656,0.109,9735,342.8,0,-0.9495,-0.0379,0.0048,-0.3116,36.3,-1.9,0.0
2320258,2026-09-11_09-02-18.258-240,v5.1.3,3.44,12.0,200,1194,1276,3498,647,1244,3749,15592.63,15664.43,45439.55,16142.12,17473.67,46482.48,0.00,0.00,0.00,549.48,1809.24,1042.93,2159.40,2159.40,1.006,0.078,0.539,-4.062,-0.938,-0.344,9735,312.9,0,-0.9495,-0.0379,0.0049,-0.3115,36.3,-1.9,0.0
2320289,2026-09-11_09-02-18.289-240,v5.1.3,3.44,12.0,200,1195,1253,3496,651,1246,3742,15608.33,15361.02,45416.65,16178.43,17497.94,46383.35,0.00,0.00,0.00,570.10,2136.92,966.70,2413.70,2413.70,1.007,0.077,0.540,-4.328,-0.984,0.328,9744,345.4,0,-0.9495,-0.0378,0.0047,-0.3115,36.3,-1.9,0.0
2320313,2026-09-11_09-02-18.314-240,v5.1.3,3.44,12.0,200,1203,1251,3490,655,1230,3741,15714.38,15335.04,45338.73,16235.71,17289.40,46364.98,0.00,0.00,0.00,521.32,1954.36,1026.24,2268.14,2268.14,1.001,0.080,0.541,-4.047,-0.562,-0.188,9744,326.8,0,-0.9495,-0.0379,0.0045,-0.3115,36.3,-1.8,0.0
2320343,2026-09-11_09-02-18.343-240,v5.1.3,3.44,12.0,200,1191,1256,3502,650,1253,3744,15555.09,15399.57,45494.43,16166.71,17589.90,46409.84,0.00,0.00,0.00,611.62,2190.34,915.40,2451.45,2451.45,1.006,0.079,0.537,-4.422,-0.969,0.172,9744,350.2,0,-0.9495,-0.0378,0.0045,-0.3115,36.3,-1.8,0.0
2320369,2026-09-11_09-02-18.369-240,v5.1.3,3.44,12.0,200,1193,1266,3502,647,1247,3738,15580.48,15531.34,45493.06,16116.43,17508.70,46340.45,0.00,0.00,0.00,535.95,1977.36,847.39,2217.04,2217.04,1.009,0.082,0.542,-4.625,-0.953,0.203,9744,320.3,0,-0.9495,-0.0377,0.0045,-0.3115,36.3,-1.8,0.0
2320393,2026-09-11_09-02-18.393-240,v5.1.3,3.44,12.0,200,1190,1253,3498,646,1237,3745,15542.17,15361.25,45442.71,16123.04,17380.56,46434.65,0.00,0.00,0.00,580.87,2019.31,991.94,2323.57,2323.57,1.000,0.079,0.537,-3.922,-0.875,-0.594,9744,333.9,0,-0.9495,-0.0378,0.0044,-0.3115,36.3,-1.8,0.0
2320442,2026-09-11_09-02-18.442-240,v5.1.3,3.44,12.0,200,1187,1274,3496,654,1248,3748,15500.23,15639.71,45413.75,16230.41,17526.90,46453.54,0.00,0.00,0.00,730.18,1887.20,1039.78,2275.05,2275.05,1.005,0.078,0.539,-4.156,-0.766,0.266,9740,327.7,0,-0.9495,-0.0379,0.0047,-0.3115,36.3,-1.9,0.0
2320464,2026-09-11_09-02-18.465-240,v5.1.3,3.44,12.0,200,1192,1253,3493,641,1247,3753,15568.63,15362.36,45377.55,16070.67,17513.18,46546.41,0.00,0.00,0.00,502.04,2150.82,1168.86,2498.86,2498.86,1.012,0.082,0.539,-4.516,-0.656,0.094,9740,356.2,0,-0.9495,-0.0379,0.0047,-0.3115,36.3,-1.9,0.0
2320493,2026-09-11_09-02-18.493-240,v5.1.3,3.44,12.0,200,1189,1266,3500,659,1245,3746,15527.55,15532.56,45466.99,16293.12,17487.95,46417.51,0.00,0.00,0.00,765.56,1955.40,950.52,2305.03,2305.03,1.003,0.080,0.536,-3.266,-0.812,0.016,9740,331.5,0,-0.9495,-0.0377,0.0046,-0.3115,36.3,-1.8,0.0
2320524,2026-09-11_09-02-18.526-240,v5.1.3,3.44,12.0,200,1186,1259,3501,642,1254,3727,15488.61,15440.28,45480.98,16023.17,17594.98,46208.53,0.00,0.00,0.00,534.56,2154.70,727.55,2336.20,2336.20,1.002,0.080,0.540,-4.172,-0.594,0.047,9740,335.5,0,-0.9495,-0.0379,0.0045,-0.3114,36.3,-1.8,0.0
2320548,2026-09-11_09-02-18.548-240,v5.1.3,3.44,12.0,200,1197,1263,3491,651,1236,3743,15633.71,15494.23,45350.11,16184.90,17367.72,46398.22,0.00,0.00,0.00,551.19,1873.49,1048.11,2216.37,2216.37,1.007,0.074,0.538,-3.828,-0.875,0.281,9740,320.2,0,-0.9495,-0.0376,0.0047,-0.3115,36.3,-1.9,0.0
2320578,2026-09-11_09-02-18.578-240,v5.1.3,3.44,12.0,200,1191,1260,3504,649,1247,3743,15554.67,15451.83,45519.95,16153.87,17510.98,46400.37,0.00,0.00,0.00,599.21,2059.15,880.43,2318.25,2318.25,1.006,0.084,0.533,-3.734,-0.500,1.031,9741,333.2,0,-0.9495,-0.0378,0.0047,-0.3115,36.3,-1.9,0.0
2320601,2026-09-11_09-02-18.602-240,v5.1.3,3.44,12.0,200,1193,1260,3492,643,1237,3754,15581.11,15454.96,45363.55,16103.50,17383.36,46556.91,0.00,0.00,0.00,522.39,1928.40,1193.36,2327.17,2327.17,1.005,0.082,0.533,-4.531,-0.625,-0.266,9741,334.3,0,-0.9495,-0.0379,0.0046,-0.3114,36.3,-1.9,0.0
2320628,2026-09-11_09-02-18.630-240,v5.1.3,3.44,12.0,200,1192,1281,3481,653,1245,3743,15565.61,15735.68,45217.30,16207.42,17485.64,46392.04,0.00,0.00,0.00,641.81,1749.96,1174.73,2203.24,2203.24,1.006,0.077,0.535,-4.125,-0.891,0.250,9741,318.5,0,-0.9495,-0.0377,0.0048,-0.3113,36.2,-1.9,0.0
2320662,2026-09-11_09-02-18.663-240,v5.1.3,3.44,12.0,200,1191,1242,3500,651,1237,3743,15556.59,15215.21,45470.29,16184.47,17380.78,46398.02,0.00,0.00,0.00,627.89,2165.58,927.72,2438.16,2438.16,1.002,0.082,0.535,-4.141,-0.641,-0.406,9741,348.5,0,-0.9495,-0.0380,0.0047,-0.3114,36.3,-1.9,0.0
2320684,2026-09-11_09-02-18.685-240,v5.1.3,3.44,12.0,200,1189,1249,3499,646,1221,3745,15529.37,15308.28,45456.29,16129.85,17171.62,46437.87,0.00,0.00,0.00,600.48,1863.33,981.58,2190.00,2190.00,1.005,0.076,0.533,-4.344,-0.797,-0.172,9741,316.8,0,-0.9495,-0.0379,0.0047,-0.3114,36.2,-1.9,0.0
2320713,2026-09-11_09-02-18.713-240,v5.1.3,3.44,12.0,200,1193,1248,3498,653,1240,3744,15582.40,15294.72,45443.40,16211.76,17420.73,46405.90,0.00,0.00,0.00,629.36,2126.01,962.50,2417.11,2417.11,1.009,0.077,0.535,-4.672,-0.344,-0.078,9731,345.8,0,-0.9495,-0.0379,0.0049,-0.3114,36.2,-1.9,0.0
2320741,2026-09-11_09-02-18.743-240,v5.1.3,3.44,12.0,200,1193,1286,3492,655,1260,3749,15578.32,15798.41,45359.98,16240.70,17684.18,46461.80,0.00,0.00,0.00,662.38,1885.77,1101.82,2282.30,2282.30,1.007,0.080,0.534,-3.828,-0.922,0.688,9731,328.6,0,-0.9495,-0.0378,0.0047,-0.3114,36.2,-1.9,0.0
2320768,2026-09-11_09-02-18.768-240,v5.1.3,3.44,12.0,200,1200,1245,3494,656,1226,3744,15675.34,15255.12,45391.69,16257.24,17238.49,46402.17,0.00,0.00,0.00,581.90,1983.38,1010.48,2300.76,2300.76,1.003,0.078,0.540,-4.469,-0.875,-0.562,9731,330.9,0,-0.9495,-0.0377,0.0046,-0.3113,36.2,-1.8,0.0
2320803,2026-09-11_09-02-18.803-240,v5.1.3,3.44,12.0,200,1184,1258,3507,647,1263,3744,15462.26,15425.67,45559.32,16122.94,17719.90,46414.37,0.00,0.00,0.00,660.67,2294.24,855.05,2535.97,2535.97,1.010,0.080,0.536,-4.031,-1.031,0.469,9731,360.9,0,-0.9495,-0.0379,0.0047,-0.3114,36.2,-1.9,0.0
2320840,2026-09-11_09-02-18.841-240,v5.1.3,3.44,12.0,200,1188,1257,3498,648,1242,3744,15515.28,15414.41,45442.16,16145.04,17445.87,46416.42,0.00,0.00,0.00,629.76,2031.46,974.26,2339.36,2339.36,1.007,0.079,0.539,-3.891,-0.797,-0.281,9731,335.9,0,-0.9495,-0.0378,0.0047,-0.3113,36.2,-1.9,0.0
2320873,2026-09-11_09-02-18.873-240,v5.1.3,3.44,12.0,200,1191,1258,3501,644,1257,3742,15554.88,15426.27,45481.12,16081.53,17640.21,46396.42,0.00,0.00,0.00,526.66,2213.94,915.30,2452.89,2452.89,1.002,0.081,0.537,-4.219,-0.406,0.375,9739,350.4,0,-0.9496,-0.0379,0.0046,-0.3113,36.2,-1.9,0.0
2320901,2026-09-11_09-02-18.902-240,v5.1.3,3.44,12.0,200,1194,1253,3500,651,1233,3744,15595.10,15360.03,45468.78,16188.39,17328.93,46411.68,0.00,0.00,0.00,593.29,1968.90,942.90,2262.21,2262.21,1.004,0.077,0.538,-4.016,-0.672,0.641,9739,326.0,0,-0.9495,-0.0378,0.0045,-0.3113,36.2,-1.8,0.0
2320928,2026-09-11_09-02-18.929-240,v5.1.3,3.44,12.0,200,1197,1250,3494,652,1229,3746,15635.11,15321.65,45391.00,16207.71,17277.64,46436.02,0.00,0.00,0.00,572.60,1955.99,1045.02,2290.38,2290.38,1.007,0.078,0.536,-3.875,-0.938,0.219,9739,329.6,0,-0.9495,-0.0380,0.0046,-0.3114,36.2,-1.9,0.0
2320958,2026-09-11_09-02-18.958-240,v5.1.3,3.44,12.0,200,1193,1249,3497,648,1243,3744,15582.30,15308.21,45430.23,16144.62,17458.92,46416.21,0.00,0.00,0.00,562.32,2150.71,985.98,2431.86,2431.86,1.003,0.079,0.537,-4.094,-0.812,-0.094,9739,347.7,0,-0.9495,-0.0380,0.0047,-0.3114,36.2,-1.9,0.0
2320984,2026-09-11_09-02-19.985-240,v5.1.3,3.44,12.0,200,1192,1236,3497,654,1231,3744,15570.46,15136.65,45432.02,16228.77,17303.39,46405.53,0.00,0.00,0.00,658.31,2166.74,973.52,2464.93,2464.93,1.004,0.077,0.537,-4.047,-0.859,0.109,9739,351.9,0,-0.9495,-0.0380,0.0047,-0.3114,36.3,-1.9,0.0
2321013,2026-09-11_09-02-19.013-240,v5.1.3,3.44,12.0,200,1197,1245,3498,647,1233,3745,15635.65,15254.45,45443.82,16137.92,17328.52,46433.27,0.00,0.00,0.00,502.27,2074.07,989.45,2352.24,2352.24,1.002,0.080,0.537,-4.141,-0.984,0.219,9736,337.5,0,-0.9495,-0.0382,0.0046,-0.3115,36.3,-1.9,0.0
2321043,2026-09-11_09-02-19.044-240,v5.1.3,3.44,12.0,200,1197,1252,3495,651,1235,3743,15634.90,15347.78,45403.76,16185.33,17354.67,46398.42,0.00,0.00,0.00,550.43,2006.89,994.66,2306.50,2306.50,1.008,0.076,0.540,-3.969,-0.906,0.344,9736,331.7,0,-0.9495,-0.0380,0.0048,-0.3116,36.3,-1.9,0.0
2321068,2026-09-11_09-02-19.068-240,v5.1.3,3.44,12.0,200,1196,1246,3495,654,1231,3752,15622.31,15268.68,45404.58,16246.52,17306.41,46508.39,0.00,0.00,0.00,624.21,2037.73,1103.81,2400.08,2400.08,1.011,0.081,0.537,-4.391,-0.625,0.797,9736,343.6,0,-0.9495,-0.0379,0.0048,-0.3115,36.3,-1.9,0.0
2321098,2026-09-11_09-02-19.098-240,v5.1.3,3.44,12.0,200,1192,1257,3496,646,1257,3749,15568.21,15414.34,45416.10,16123.41,17643.24,46482.05,0.00,0.00,0.00,555.21,2228.90,1065.95,2532.29,2532.29,1.003,0.079,0.533,-4.188,-1.016,0.281,9736,360.5,0,-0.9495,-0.0378,0.0050,-0.3116,36.3,-1.9,0.0
2321124,2026-09-11_09-02-19.124-240,v5.1.3,3.44,12.0,200,1191,1250,3497,647,1251,3744,15555.73,15321.74,45430.09,16128.04,17563.20,46416.79,0.00,0.00,0.00,572.32,2241.45,986.70,2515.00,2515.00,1.013,0.070,0.545,-4.500,-0.812,-0.266,9736,358.3,0,-0.9495,-0.0378,0.0049,-0.3115,36.3,-1.9,0.0
2321158,2026-09-11_09-02-19.158-240,v5.1.3,3.44,12.0,200,1189,1254,3502,648,1236,3745,15528.84,15373.47,45494.71,16149.82,17367.89,46430.48,0.00,0.00,0.00,620.97,1994.42,935.78,2288.89,2288.89,1.010,0.076,0.542,-4.391,-0.844,0.141,9743,329.4,0,-0.9495,-0.0377,0.0046,-0.3114,36.3,-1.8,0.0
2321189,2026-09-11_09-02-19.190-240,v5.1.3,3.44,12.0,200,1191,1256,3497,656,1248,3746,15555.08,15401.00,45429.27,16252.32,17526.54,46423.46,0.00,0.00,0.00,697.24,2125.54,994.19,2447.95,2447.95,1.009,0.077,0.536,-4.359,-0.812,0.094,9743,349.7,0,-0.9495,-0.0380,0.0042,-0.3114,36.3,-1.8,0.0
2321213,2026-09-11_09-02-19.213-240,v5.1.3,3.44,12.0,200,1201,1257,3498,654,1235,3748,15687.29,15412.32,45442.17,16235.94,17357.14,46456.16,0.00,0.00,0.00,548.65,1944.82,1013.98,2260.86,2260.86,1.002,0.073,0.542,-3.875,-1.203,0.078,9743,325.9,0,-0.9495,-0.0377,0.0040,-0.3115,36.3,-1.8,0.0
2321260,2026-09-11_09-02-19.261-240,v5.1.3,3.44,12.0,200,1194,1245,3497,657,1225,3746,15595.96,15255.21,45430.78,16275.28,17226.38,46425.90,0.00,0.00,0.00,679.32,1971.17,995.12,2310.25,2310.25,1.004,0.075,0.542,-4.594,-0.609,-0.188,9743,332.2,0,-0.9498,-0.0376,0.0045,-0.3105,36.1,-1.8,0.0
2321284,2026-09-11_09-02-19.285-240,v5.1.3,3.44,12.0,200,1191,1243,3502,649,1237,3746,15556.48,15227.84,45496.22,16164.78,17381.52,46440.95,0.00,0.00,0.00,608.30,2153.68,944.73,2429.17,2429.17,1.007,0.080,0.533,-3.875,-0.703,0.422,9736,347.3,0,-0.9498,-0.0378,0.0047,-0.3106,36.2,-1.9,0.0
2321313,2026-09-11_09-02-19.313-240,v5.1.3,3.44,12.0,200,1186,1253,3493,655,1246,3747,15489.24,15363.33,45377.54,16242.22,17500.61,46438.90,0.00,0.00,0.00,752.97,2137.28,1061.36,2502.28,2502.28,1.004,0.080,0.532,-3.969,-0.531,-0.016,9736,356.7,0,-0.9498,-0.0379,0.0048,-0.3106,36.2,-1.9,0.0
2321344,2026-09-11_09-02-19.345-240,v5.1.3,3.44,12.0,200,1197,1234,3496,652,1226,3742,15636.83,15109.72,45419.27,16200.11,17236.96,46385.19,0.00,0.00,0.00,563.28,2127.24,965.93,2403.21,2403.21,1.005,0.077,0.538,-4.172,-0.750,-0.094,9736,344.0,0,-0.9497,-0.0380,0.0051,-0.3107,36.2,-1.9,0.0
2321368,2026-09-11_09-02-19.368-240,v5.1.3,3.44,12.0,200,1202,1249,3495,655,1235,3746,15701.37,15307.35,45404.18,16244.68,17356.58,46428.26,0.00,0.00,0.00,543.30,2049.23,1024.08,2354.42,2354.42,1.004,0.080,0.531,-4.078,-0.844,-0.062,9736,337.8,0,-0.9497,-0.0380,0.0052,-0.3107,36.2,-1.9,0.0
2321403,2026-09-11_09-02-19.403-240,v5.1.3,3.44,12.0,200,1194,1251,3495,651,1247,3748,15595.31,15335.05,45403.89,16191.32,17513.26,46460.29,0.00,0.00,0.00,596.00,2178.21,1056.39,2493.15,2493.15,1.010,0.079,0.541,-4.094,-0.781,-0.578,9736,355.5,0,-0.9497,-0.0381,0.0051,-0.3107,36.2,-1.9,0.0
2321427,2026-09-11_09-02-19.428-240,v5.1.3,3.44,12.0,200,1198,1242,3494,649,1230,3749,15649.20,15215.81,45392.10,16174.42,17291.24,46480.94,0.00,0.00,0.00,525.22,2075.43,1088.84,2401.84,2401.84,1.004,0.077,0.537,-3.938,-0.641,0.312,9744,343.8,0,-0.9497,-0.0380,0.0050,-0.3108,36.2,-1.9,0.0
2321453,2026-09-11_09-02-19.455-240,v5.1.3,3.44,12.0,200,1191,1252,3498,655,1223,3765,15555.51,15347.88,45442.85,16291.95,17207.04,46674.96,0.00,0.00,0.00,736.43,1859.16,1232.11,2348.81,2348.81,1.008,0.083,0.536,-4.031,-1.141,0.594,9744,337.1,0,-0.9497,-0.0383,0.0051,-0.3108,36.2,-1.9,0.0
2321484,2026-09-11_09-02-19.485-240,v5.1.3,3.44,12.0,200,1193,1266,3498,656,1241,3744,15580.48,15532.49,45440.93,16250.86,17434.38,46399.15,0.00,0.00,0.00,670.39,1901.88,958.22,2232.66,2232.66,1.000,0.076,0.531,-4.109,-0.969,0.250,9744,322.3,0,-0.9497,-0.0379,0.0052,-0.3108,36.2,-1.9,0.0
2321508,2026-09-11_09-02-19.510-240,v5.1.3,3.44,12.0,200,1193,1256,3497,650,1235,3750,15581.55,15400.68,45429.27,16187.69,17357.11,46490.60,0.00,0.00,0.00,606.14,1956.43,1061.34,2306.83,2306.83,1.003,0.081,0.537,-4.250,-0.578,0.141,9744,331.7,0,-0.9497,-0.0378,0.0049,-0.3108,36.2,-1.9,0.0
2321543,2026-09-11_09-02-19.545-240,v5.1.3,3.44,12.0,200,1189,1252,3499,651,1227,3739,15529.05,15347.91,45455.88,16179.85,17248.69,46348.60,0.00,0.00,0.00,650.80,1900.78,892.72,2198.51,2198.51,1.007,0.078,0.532,-3.859,-0.797,0.266,9744,317.9,0,-0.9497,-0.0381,0.0052,-0.3108,36.2,-1.9,0.0
2321570,2026-09-11_09-02-19.570-240,v5.1.3,3.44,12.0,200,1192,1257,3497,648,1239,3745,15568.21,15414.05,45429.13,16148.54,17407.07,46429.88,0.00,0.00,0.00,580.33,1993.01,1000.75,2304.43,2304.43,1.008,0.079,0.539,-4.219,-0.500,0.078,9739,331.4,0,-0.9497,-0.0379,0.0052,-0.3108,36.2,-1.9,0.0
2321595,2026-09-11_09-02-19.596-240,v5.1.3,3.44,12.0,200,1191,1250,3495,649,1220,3746,15555.72,15322.32,45404.03,16172.02,17159.52,46444.38,0.00,0.00,0.00,616.29,1837.20,1040.35,2199.42,2199.42,1.008,0.078,0.533,-4.188,-1.125,0.000,9739,318.0,0,-0.9497,-0.0380,0.0054,-0.3109,36.2,-1.9,0.0
2321628,2026-09-11_09-02-19.628-240,v5.1.3,3.44,12.0,200,1192,1238,3496,643,1231,3741,15570.24,15163.36,45418.71,16077.20,17300.11,46390.98,0.00,0.00,0.00,506.96,2136.75,972.27,2401.67,2401.67,1.007,0.079,0.533,-4.266,-0.688,-0.281,9739,343.8,0,-0.9497,-0.0381,0.0052,-0.3109,36.2,-1.9,0.0
2321664,2026-09-11_09-02-19.665-240,v5.1.3,3.44,12.0,200,1195,1247,3498,650,1242,3743,15608.97,15281.19,45443.54,16169.17,17445.88,46399.20,0.00,0.00,0.00,560.20,2164.69,955.65,2431.66,2431.66,1.005,0.081,0.541,-3.781,-0.953,0.781,9739,347.6,0,-0.9496,-0.0383,0.0050,-0.3110,36.2,-1.9,0.0
2321698,2026-09-11_09-02-19.699-240,v5.1.3,3.44,12.0,200,1185,1278,3488,646,1241,3752,15473.33,15695.16,45308.94,16136.88,17435.43,46523.84,0.00,0.00,0.00,663.55,1740.27,1214.91,2223.70,2223.70,1.008,0.078,0.540,-3.969,-1.188,-0.203,9739,321.1,0,-0.9497,-0.0380,0.0050,-0.3109,36.2,-1.9,0.0
2321724,2026-09-11_09-02-19.725-240,v5.1.3,3.44,12.0,200,1194,1247,3491,649,1233,3747,15595.73,15283.36,45352.31,16168.71,17329.66,46454.62,0.00,0.00,0.00,572.97,2046.30,1102.31,2393.90,2393.90,1.004,0.080,0.537,-3.984,-0.875,-0.391,9731,342.8,0,-0.9496,-0.0381,0.0049,-0.3110,36.2,-1.9,0.0
2321754,2026-09-11_09-02-19.754-240,v5.1.3,3.44,12.0,200,1199,1240,3503,642,1231,3741,15662.66,15186.64,45509.67,16064.02,17299.91,46393.16,0.00,0.00,0.00,401.37,2113.27,883.49,2325.42,2325.42,1.001,0.077,0.537,-4.406,-1.172,0.406,9731,334.1,0,-0.9496,-0.0380,0.0050,-0.3110,36.2,-1.9,0.0
2321783,2026-09-11_09-02-19.783-240,v5.1.3,3.44,12.0,200,1190,1248,3498,650,1231,3743,15542.71,15295.20,45443.40,16173.85,17302.23,46401.41,0.00,0.00,0.00,631.14,2007.03,958.01,2311.78,2311.78,1.008,0.081,0.539,-3.922,-0.594,0.125,9731,332.4,0,-0.9496,-0.0381,0.0049,-0.3110,36.2,-1.9,0.0
2321805,2026-09-11_09-02-19.806-240,v5.1.3,3.44,12.0,200,1188,1264,3494,649,1248,3743,15514.53,15508.02,45389.06,16153.45,17524.04,46400.17,0.00,0.00,0.00,638.92,2016.01,1011.11,2344.11,2344.11,1.007,0.074,0.545,-4.766,-0.859,0.156,9731,336.5,0,-0.9496,-0.0380,0.0048,-0.3110,36.2,-1.9,0.0
2321833,2026-09-11_09-02-19.833-240,v5.1.3,3.44,12.0,200,1194,1243,3496,646,1224,3748,15596.17,15229.08,45418.02,16135.23,17211.92,46475.84,0.00,0.00,0.00,539.06,1982.84,1057.81,2311.10,2311.10,1.008,0.081,0.541,-4.328,-0.641,0.109,9731,332.3,0,-0.9496,-0.0380,0.0048,-0.3110,36.2,-1.9,0.0
2321864,2026-09-11_09-02-19.865-240,v5.1.3,3.44,12.0,200,1189,1263,3496,654,1245,3745,15527.87,15494.08,45415.27,16225.03,17486.60,46415.57,0.00,0.00,0.00,697.16,1992.52,1000.30,2335.97,2335.97,1.006,0.076,0.540,-4.641,-1.062,0.422,9738,335.4,0,-0.9497,-0.0380,0.0046,-0.3110,36.2,-1.9,0.0
2321893,2026-09-11_09-02-19.893-240,v5.1.3,3.44,12.0,200,1191,1259,3496,654,1242,3746,15554.76,15440.92,45415.82,16228.53,17447.80,46429.03,0.00,0.00,0.00,673.76,2006.88,1013.21,2346.94,2346.94,1.006,0.078,0.547,-3.969,-0.906,0.047,9738,336.8,0,-0.9496,-0.0378,0.0044,-0.3110,36.2,-1.8,0.0
2321928,2026-09-11_09-02-19.928-240,v5.1.3,3.44,12.0,200,1200,1242,3497,655,1229,3739,15675.67,15214.63,45431.20,16231.70,17275.59,46339.46,0.00,0.00,0.00,556.03,2060.96,908.27,2319.85,2319.85,1.005,0.080,0.536,-4.266,-0.953,0.172,9738,333.4,0,-0.9496,-0.0378,0.0045,-0.3111,36.2,-1.8,0.0
2321952,2026-09-11_09-02-19.952-240,v5.1.3,3.44,12.0,200,1189,1258,3493,657,1240,3747,15528.40,15428.89,45376.86,16271.12,17422.64,46435.74,0.00,0.00,0.00,742.72,1993.75,1058.88,2376.53,2376.53,1.000,0.079,0.540,-4.391,-0.859,0.422,9738,340.6,0,-0.9496,-0.0379,0.0043,-0.3111,36.2,-1.8,0.0
2321978,2026-09-11_09-02-20.978-240,v5.1.3,3.44,12.0,200,1194,1265,3503,648,1223,3744,15593.82,15517.68,45506.23,16153.13,17197.75,46420.24,0.00,0.00,0.00,559.31,1680.06,914.01,1992.70,1992.70,1.001,0.076,0.541,-4.219,-0.516,-0.391,9738,291.6,0,-0.9496,-0.0377,0.0043,-0.3111,36.2,-1.8,0.0
2322009,2026-09-11_09-02-20.010-240,v5.1.3,3.44,12.0,200,1195,1257,3494,654,1245,3745,15607.90,15414.43,45390.04,16225.03,17486.60,46415.57,0.00,0.00,0.00,617.13,2072.16,1025.54,2393.00,2393.00,1.002,0.078,0.534,-3.922,-0.938,-0.391,9741,342.7,0,-0.9496,-0.0379,0.0046,-0.3111,36.2,-1.8,0.0
2322033,2026-09-11_09-02-20.035-240,v5.1.3,3.44,12.0,200,1185,1256,3499,652,1246,3739,15475.70,15401.39,45455.32,16184.94,17497.00,46342.59,0.00,0.00,0.00,709.24,2095.61,887.27,2383.67,2383.67,1.000,0.078,0.542,-4.078,-0.422,-0.594,9741,341.5,0,-0.9496,-0.0378,0.0044,-0.3111,36.2,-1.8,0.0
2322086,2026-09-11_09-02-20.087-240,v5.1.3,3.44,12.0,200,1190,1252,3495,643,1252,3747,15542.28,15348.90,45403.75,16081.58,17576.60,46463.89,0.00,0.00,0.00,539.30,2227.71,1060.14,2525.36,2525.36,1.008,0.075,0.538,-4.484,-0.766,-0.125,9741,359.6,0,-0.9496,-0.0379,0.0047,-0.3112,36.2,-1.9,0.0
2322109,2026-09-11_09-02-20.110-240,v5.1.3,3.44,12.0,200,1184,1275,3489,648,1253,3751,15460.42,15655.41,45322.38,16155.90,17592.15,46504.20,0.00,0.00,0.00,695.48,1936.75,1181.82,2373.05,2373.05,1.007,0.080,0.536,-3.844,-0.250,-0.734,9741,340.2,0,-0.9496,-0.0378,0.0048,-0.3112,36.2,-1.9,0.0
2322138,2026-09-11_09-02-20.138-240,v5.1.3,3.44,12.0,200,1189,1249,3499,661,1241,3748,15529.37,15308.28,45456.29,16325.61,17436.87,46439.66,0.00,0.00,0.00,796.23,2128.58,983.37,2476.26,2476.26,1.006,0.080,0.532,-4.703,-0.500,-0.656,9741,353.3,0,-0.9496,-0.0380,0.0048,-0.3111,36.2,-1.9,0.0
2322169,2026-09-11_09-02-20.170-240,v5.1.3,3.44,12.0,200,1184,1259,3496,645,1279,3743,15462.14,15442.04,45415.81,16087.56,17928.08,46402.66,0.00,0.00,0.00,625.42,2486.04,986.85,2746.89,2746.89,1.007,0.080,0.537,-4.047,-0.812,0.031,9746,387.9,0,-0.9496,-0.0381,0.0048,-0.3111,36.2,-1.9,0.0
2322193,2026-09-11_09-02-20.193-240,v5.1.3,3.44,12.0,200,1201,1257,3497,656,1228,3748,15687.29,15412.61,45429.14,16265.27,17266.12,46453.20,0.00,0.00,0.00,577.98,1853.51,1024.06,2195.05,2195.05,1.004,0.078,0.536,-4.438,-0.906,-0.031,9746,317.5,0,-0.9496,-0.0381,0.0050,-0.3111,36.2,-1.9,0.0
2322228,2026-09-11_09-02-20.228-240,v5.1.3,3.44,12.0,200,1184,1264,3493,645,1260,3743,15461.60,15508.95,45376.03,16095.65,17679.96,46406.49,0.00,0.00,0.00,634.04,2171.01,1030.46,2485.39,2485.39,1.009,0.078,0.538,-4.125,-0.375,-0.188,9746,354.5,0,-0.9496,-0.0380,0.0051,-0.3111,36.2,-1.9,0.0
2322252,2026-09-11_09-02-20.253-240,v5.1.3,3.44,12.0,200,1192,1237,3500,647,1232,3743,15570.36,15149.00,45470.98,16133.91,17314.70,46407.76,0.00,0.00,0.00,563.55,2165.71,936.78,2425.99,2425.99,1.004,0.081,0.536,-4.047,-0.750,0.422,9746,346.9,0,-0.9496,-0.0381,0.0050,-0.3111,36.2,-1.9,0.0
2322278,2026-09-11_09-02-20.280-240,v5.1.3,3.44,12.0,200,1187,1251,3490,650,1252,3753,15502.69,15337.61,45338.72,16187.11,17580.24,46525.75,0.00,0.00,0.00,684.42,2242.63,1187.03,2628.09,2628.09,1.010,0.080,0.538,-4.203,-0.812,0.375,9746,372.7,0,-0.9496,-0.0381,0.0049,-0.3111,36.2,-1.9,0.0
2322309,2026-09-11_09-02-20.310-240,v5.1.3,3.44,12.0,200,1198,1242,3502,652,1236,3741,15649.21,15213.51,45496.37,16193.64,17367.17,46370.32,0.00,0.00,0.00,544.43,2153.66,873.95,2387.14,2387.14,1.007,0.075,0.534,-4.094,-0.656,0.031,9744,342.0,0,-0.9496,-0.0380,0.0050,-0.3111,36.2,-1.9,0.0
2322333,2026-09-11_09-02-20.333-240,v5.1.3,3.44,12.0,200,1198,1255,3494,658,1232,3742,15647.80,15387.53,45390.31,16276.60,17316.48,46370.88,0.00,0.00,0.00,628.79,1928.95,980.57,2253.39,2253.39,1.004,0.077,0.530,-4.656,-0.828,0.000,9744,324.9,0,-0.9496,-0.0379,0.0049,-0.3110,36.2,-1.9,0.0
2322362,2026-09-11_09-02-20.364-240,v5.1.3,3.44,12.0,200,1193,1251,3499,658,1245,3744,15582.08,15334.06,45456.02,16275.51,17487.00,46393.98,0.00,0.00,0.00,693.42,2152.94,937.96,2448.63,2448.63,1.007,0.079,0.535,-4.531,-1.078,0.234,9744,349.8,0,-0.9496,-0.0380,0.0048,-0.3110,36.2,-1.9,0.0
2322388,2026-09-11_09-02-20.389-240,v5.1.3,3.44,12.0,200,1190,1253,3494,653,1235,3738,15542.17,15362.40,45390.58,16200.58,17353.17,46329.77,0.00,0.00,0.00,658.41,1990.77,939.19,2297.56,2297.56,1.005,0.076,0.537,-4.406,-1.016,0.156,9744,330.5,0,-0.9496,-0.0378,0.0049,-0.3110,36.2,-1.9,0.0
2322413,2026-09-11_09-02-20.413-240,v5.1.3,3.44,12.0,200,1199,1256,3493,659,1235,3740,15660.93,15400.87,45377.14,16284.06,17355.10,46342.38,0.00,0.00,0.00,623.13,1954.23,965.24,2266.94,2266.94,1.005,0.082,0.542,-4.328,-1.000,0.812,9744,326.6,0,-0.9496,-0.0378,0.0047,-0.3111,36.2,-1.9,0.0
2322448,2026-09-11_09-02-20.448-240,v5.1.3,3.44,12.0,200,1194,1275,3503,645,1251,3749,15592.75,15649.78,45504.85,16112.79,17564.69,46485.45,0.00,0.00,0.00,520.04,1914.91,980.59,2213.35,2213.35,1.007,0.078,0.539,-4.156,-0.859,0.031,9752,319.8,0,-0.9496,-0.0377,0.0046,-0.3111,36.2,-1.8,0.0
2322472,2026-09-11_09-02-20.472-240,v5.1.3,3.44,12.0,200,1186,1260,3494,650,1238,3746,15488.49,15455.50,45389.61,16177.53,17394.78,46438.57,0.00,0.00,0.00,689.04,1939.27,1048.96,2309.95,2309.95,1.002,0.076,0.537,-4.250,-1.172,0.578,9752,332.1,0,-0.9496,-0.0376,0.0043,-0.3111,36.2,-1.8,0.0
2322518,2026-09-11_09-02-20.518-240,v5.1.3,3.44,12.0,200,1188,1260,3501,647,1254,3742,15514.97,15453.17,45480.84,16122.33,17601.62,46390.47,0.00,0.00,0.00,607.36,2148.45,909.63,2410.84,2410.84,1.005,0.078,0.539,-4.000,-0.750,0.719,9752,345.0,0,-0.9496,-0.0377,0.0044,-0.3112,36.2,-1.8,0.0
2322543,2026-09-11_09-02-20.544-240,v5.1.3,3.44,12.0,200,1187,1246,3502,650,1237,3735,15503.24,15268.11,45495.80,16153.55,17377.57,46297.34,0.00,0.00,0.00,650.31,2109.46,801.54,2348.44,2348.44,1.006,0.077,0.536,-3.953,-0.609,0.031,9752,337.0,0,-0.9496,-0.0378,0.0046,-0.3112,36.2,-1.8,0.0
2322568,2026-09-11_09-02-20.569-240,v5.1.3,3.44,12.0,200,1191,1253,3487,650,1236,3738,15555.39,15364.25,45299.35,16160.63,17365.64,46336.12,0.00,0.00,0.00,605.24,2001.39,1036.77,2333.83,2333.83,1.011,0.078,0.540,-4.062,-0.953,0.328,9752,335.2,0,-0.9495,-0.0379,0.0046,-0.3113,36.2,-1.8,0.0
2322598,2026-09-11_09-02-20.598-240,v5.1.3,3.44,12.0,200,1192,1256,3499,657,1248,3740,15568.32,15400.27,45455.33,16252.18,17524.47,46344.13,0.00,0.00,0.00,683.86,2124.21,888.80,2402.06,2402.06,1.007,0.078,0.533,-4.094,-0.828,-0.188,9747,343.9,0,-0.9495,-0.0379,0.0046,-0.3114,36.2,-1.9,0.0
2322622,2026-09-11_09-02-20.623-240,v5.1.3,3.44,12.0,200,1187,1245,3494,653,1225,3747,15503.33,15257.20,45391.68,16224.80,17225.98,46447.50,0.00,0.00,0.00,721.47,1968.78,1055.82,2347.63,2347.63,1.006,0.079,0.533,-7.969,-0.641,0.172,9747,336.9,0,-0.9496,-0.0380,0.0047,-0.3112,36.2,-1.9,0.0
2322648,2026-09-11_09-02-20.648-240,v5.1.3,3.44,12.0,200,1196,1250,3500,651,1230,3753,15621.89,15320.08,45469.20,16209.64,17293.14,46528.00,0.00,0.00,0.00,587.76,1973.06,1058.80,2315.06,2315.06,1.003,0.078,0.537,-4.219,-0.688,-0.078,9747,332.8,0,-0.9496,-0.0380,0.0047,-0.3112,36.2,-1.9,0.0
2322680,2026-09-11_09-02-20.681-240,v5.1.3,3.44,12.0,200,1190,1255,3498,631,1257,3748,15541.96,15387.67,45442.44,15923.58,17639.92,46501.95,0.00,0.00,0.00,381.62,2252.26,1059.51,2518.11,2518.11,1.008,0.081,0.539,-4.219,-0.656,0.469,9747,358.7,0,-0.9496,-0.0379,0.0046,-0.3113,36.2,-1.9,0.0
2322703,2026-09-11_09-02-20.704-240,v5.1.3,3.44,12.0,200,1193,1280,3498,645,1263,3752,15578.97,15717.43,45439.00,16114.34,17722.53,46521.60,0.00,0.00,0.00,535.37,2005.10,1082.60,2340.74,2340.74,1.007,0.078,0.541,-4.172,-0.953,0.375,9747,336.0,0,-0.9496,-0.0377,0.0045,-0.3112,36.2,-1.8,0.0
2322733,2026-09-11_09-02-20.733-240,v5.1.3,3.44,12.0,200,1192,1244,3498,648,1236,3748,15569.60,15242.04,45443.95,16156.47,17369.02,46469.05,0.00,0.00,0.00,586.87,2126.98,1025.10,2432.96,2432.96,1.006,0.082,0.537,-4.109,-1.109,-0.109,9744,347.8,0,-0.9495,-0.0378,0.0046,-0.3113,36.2,-1.8,0.0
2322762,2026-09-11_09-02-20.763-240,v5.1.3,3.44,12.0,200,1190,1249,3495,648,1234,3745,15542.60,15309.27,45404.16,16150.67,17341.77,46430.89,0.00,0.00,0.00,608.07,2032.50,1026.72,2356.90,2356.90,1.011,0.077,0.538,-3.672,-0.531,-0.156,9744,338.1,0,-0.9495,-0.0380,0.0044,-0.3113,36.2,-1.8,0.0
2322788,2026-09-11_09-02-20.788-240,v5.1.3,3.44,12.0,200,1210,1253,3494,663,1234,3743,15806.79,15359.19,45390.60,16343.84,17343.96,46372.42,0.00,0.00,0.00,537.04,1984.77,981.82,2278.53,2278.53,1.006,0.078,0.539,-4.094,-0.766,-0.172,9744,328.1,0,-0.9495,-0.0381,0.0044,-0.3114,36.3,-1.8,0.0
2322823,2026-09-11_09-02-20.823-240,v5.1.3,3.44,12.0,200,1191,1239,3495,655,1229,3740,15556.90,15177.01,45405.54,16233.92,17275.96,46352.32,0.00,0.00,0.00,677.01,2098.95,946.79,2400.07,2400.07,1.011,0.077,0.535,-4.219,-0.359,0.688,9744,343.6,0,-0.9495,-0.0380,0.0047,-0.3115,36.3,-1.9,0.0
2322846,2026-09-11_09-02-20.847-240,v5.1.3,3.44,12.0,200,1189,1251,3502,643,1247,3744,15529.17,15333.84,45495.12,16077.05,17510.18,46426.33,0.00,0.00,0.00,547.88,2176.34,931.21,2429.77,2429.77,1.004,0.076,0.538,-4.125,-0.875,-0.203,9744,347.4,0,-0.9495,-0.0380,0.0047,-0.3115,36.3,-1.9,0.0
2322873,2026-09-11_09-02-20.873-240,v5.1.3,3.44,12.0,200,1190,1273,3493,651,1259,3746,15540.02,15626.88,45374.80,16181.77,17669.21,46432.16,0.00,0.00,0.00,641.75,2042.33,1057.36,2387.67,2387.67,1.010,0.077,0.540,-4.031,-0.641,0.344,9742,342.0,0,-0.9495,-0.0378,0.0048,-0.3115,36.3,-1.9,0.0
2322917,2026-09-11_09-02-20.917-240,v5.1.3,3.44,12.0,200,1194,1251,3496,651,1228,3747,15595.31,15334.76,45416.93,16197.18,17264.76,46451.26,0.00,0.00,0.00,601.87,1930.00,1034.33,2270.90,2270.90,1.002,0.076,0.538,-4.141,-0.969,-0.078,9742,327.1,0,-0.9495,-0.0375,0.0043,-0.3115,36.3,-1.8,0.0
2322943,2026-09-11_09-02-20.943-240,v5.1.3,3.44,12.0,200,1201,1251,3498,648,1229,3752,15687.93,15333.06,45443.00,16168.33,17279.12,46521.89,0.00,0.00,0.00,480.39,1946.05,1078.90,2276.38,2276.38,1.007,0.078,0.535,-4.234,-0.891,0.375,9742,327.8,0,-0.9495,-0.0375,0.0045,-0.3115,36.3,-1.8,0.0
2322978,2026-09-11_09-02-21.978-240,v5.1.3,3.44,12.0,200,1195,1277,3491,654,1246,3747,15605.75,15679.49,45348.18,16229.04,17500.41,46441.09,0.00,0.00,0.00,623.29,1820.92,1092.90,2213.30,2213.30,0.963,0.089,0.525,-3.828,-0.344,0.641,9742,319.8,0,-0.9495,-0.0373,0.0047,-0.3116,36.3,-1.8,0.0
2323001,2026-09-11_09-02-21.002-240,v5.1.3,3.44,12.0,200,1193,1257,3498,646,1252,3747,15581.44,15413.61,45442.16,16121.10,17577.19,46457.34,0.00,0.00,0.00,539.66,2163.59,1015.18,2450.09,2450.09,1.012,0.074,0.531,-4.109,-0.562,0.625,9742,350.0,0,-0.9494,-0.0377,0.0046,-0.3116,36.3,-1.9,0.0
2323033,2026-09-11_09-02-21.033-240,v5.1.3,3.44,12.0,200,1189,1266,3493,643,1256,3751,15527.54,15534.57,45375.76,16088.75,17630.35,46514.52,0.00,0.00,0.00,561.21,2095.78,1138.76,2450.31,2450.31,1.010,0.076,0.536,-4.062,-0.984,0.719,9749,350.0,0,-0.9494,-0.0379,0.0045,-0.3116,36.3,-1.8,0.0
2323062,2026-09-11_09-02-21.062-240,v5.1.3,3.44,12.0,200,1192,1260,3496,645,1240,3745,15567.88,15453.97,45415.68,16108.59,17419.54,46436.23,0.00,0.00,0.00,540.71,1965.57,1020.55,2279.77,2279.77,0.999,0.085,0.535,-4.250,-0.734,0.234,9749,328.3,0,-0.9494,-0.0382,0.0047,-0.3117,36.3,-1.9,0.0
2323088,2026-09-11_09-02-21.088-240,v5.1.3,3.44,12.0,200,1192,1261,3496,662,1240,3747,15567.78,15467.18,45415.55,16336.99,17423.62,46424.82,0.00,0.00,0.00,769.21,1956.44,1009.28,2331.95,2331.95,1.011,0.060,0.538,-4.406,-0.641,0.062,9749,334.9,0,-0.9495,-0.0376,0.0048,-0.3116,36.3,-1.9,0.0
2323123,2026-09-11_09-02-21.123-240,v5.1.3,3.44,12.0,200,1192,1257,3493,645,1250,3747,15568.20,15415.20,45377.00,16108.78,17550.88,46459.93,0.00,0.00,0.00,540.58,2135.68,1082.93,2454.81,2454.81,1.006,0.083,0.539,-3.781,-0.641,0.812,9749,350.6,0,-0.9494,-0.0380,0.0045,-0.3117,36.3,-1.8,0.0
2323146,2026-09-11_09-02-21.147-240,v5.1.3,3.44,12.0,200,1197,1246,3494,656,1233,3747,15635.54,15268.81,45391.55,16260.92,17331.04,46439.34,0.00,0.00,0.00,625.38,2062.23,1047.79,2396.20,2396.20,1.007,0.069,0.538,-4.312,-0.672,0.125,9749,343.1,0,-0.9494,-0.0378,0.0045,-0.3117,36.3,-1.8,0.0
2323178,2026-09-11_09-02-21.178-240,v5.1.3,3.44,12.0,200,1187,1279,3492,651,1254,3750,15499.69,15706.90,45360.93,16192.78,17605.42,46484.59,0.00,0.00,0.00,693.09,1898.52,1123.66,2312.44,2312.44,1.003,0.074,0.538,-3.484,-1.031,0.078,9749,332.4,0,-0.9494,-0.0372,0.0044,-0.3117,36.3,-1.8,0.0
2323203,2026-09-11_09-02-21.204-240,v5.1.3,3.44,12.0,200,1194,1246,3495,652,1235,3753,15595.85,15269.00,45404.58,16220.69,17358.63,46524.80,0.00,0.00,0.00,624.84,2089.63,1120.22,2451.91,2451.91,1.011,0.068,0.544,-3.984,-0.656,0.859,9749,350.2,0,-0.9494,-0.0373,0.0045,-0.3117,36.3,-1.8,0.0
2323228,2026-09-11_09-02-21.228-240,v5.1.3,3.44,12.0,200,1201,1254,3493,656,1235,3753,15687.60,15374.13,45377.42,16273.38,17359.42,46516.07,0.00,0.00,0.00,585.78,1985.29,1138.65,2362.42,2362.42,1.003,0.068,0.536,-4.719,-0.344,0.703,9749,338.8,0,-0.9494,-0.0373,0.0046,-0.3118,36.3,-1.8,0.0
2323258,2026-09-11_09-02-21.258-240,v5.1.3,3.44,12.0,200,1197,1251,3508,653,1231,3740,15635.02,15330.83,45573.32,16206.72,17301.69,46356.29,0.00,0.00,0.00,571.70,1970.86,782.97,2196.40,2196.40,1.005,0.082,0.543,-3.906,-0.484,-0.156,9749,317.6,0,-0.9494,-0.0376,0.0043,-0.3118,36.3,-1.8,0.0
2323282,2026-09-11_09-02-21.283-240,v5.1.3,3.44,12.0,200,1196,1291,3497,653,1265,3739,15617.49,15862.54,45424.45,16190.03,17745.31,46336.58,0.00,0.00,0.00,572.55,1882.78,912.13,2169.02,2169.02,1.010,0.077,0.538,-4.078,-0.688,0.297,9749,314.1,0,-0.9494,-0.0380,0.0042,-0.3118,36.3,-1.8,0.0
2323328,2026-09-11_09-02-21.328-240,v5.1.3,3.44,12.0,200,1196,1244,3499,652,1233,3748,15622.53,15241.11,45456.99,16210.45,17330.63,46460.93,0.00,0.00,0.00,587.92,2089.52,1003.94,2391.57,2391.57,1.013,0.071,0.537,-3.719,-1.141,-0.422,9746,342.5,0,-0.9493,-0.0372,0.0049,-0.3120,36.3,-1.9,0.0
2323355,2026-09-11_09-02-21.356-240,v5.1.3,3.44,12.0,200,1195,1272,3497,658,1244,3739,15606.29,15611.71,45427.07,16264.84,17472.06,46329.89,0.00,0.00,0.00,658.54,1860.34,902.83,2170.18,2170.18,1.016,0.093,0.535,-4.453,-1.125,0.344,9746,314.3,0,-0.9493,-0.0381,0.0046,-0.3120,36.3,-1.9,0.0
2323378,2026-09-11_09-02-21.378-240,v5.1.3,3.44,12.0,200,1197,1258,3492,651,1235,3744,15634.25,15427.90,45363.83,16187.54,17355.04,46411.27,0.00,0.00,0.00,553.29,1927.15,1047.44,2262.11,2262.11,0.966,0.081,0.515,-4.141,-1.062,0.109,9746,326.0,0,-0.9493,-0.0381,0.0046,-0.3120,36.3,-1.9,0.0
2323408,2026-09-11_09-02-21.408-240,v5.1.3,3.44,12.0,200,1191,1262,3496,652,1251,3742,15554.44,15480.55,45415.41,16189.47,17563.42,46380.16,0.00,0.00,0.00,635.03,2082.88,964.75,2381.68,2381.68,0.964,0.101,0.525,-3.828,-1.016,0.406,9746,341.3,0,-0.9492,-0.0383,0.0050,-0.3123,36.4,-1.9,0.0
2323433,2026-09-11_09-02-21.434-240,v5.1.3,3.44,12.0,200,1189,1249,3500,646,1217,3738,15529.38,15307.99,45469.33,16116.02,17116.74,46348.68,0.00,0.00,0.00,586.64,1808.75,879.35,2094.99,2094.99,1.013,0.060,0.533,-3.766,-1.219,0.234,9746,304.7,0,-0.9492,-0.0377,0.0056,-0.3123,36.4,-2.0,0.0
2323463,2026-09-11_09-02-21.463-240,v5.1.3,3.44,12.0,200,1187,1280,3500,648,1251,3748,15499.59,15717.81,45465.06,16150.09,17564.90,46466.04,0.00,0.00,0.00,650.50,1847.09,1000.98,2199.28,2199.28,1.001,0.089,0.533,-3.578,-1.000,0.109,9737,318.0,0,-0.9492,-0.0375,0.0055,-0.3122,36.3,-1.9,0.0
2323494,2026-09-11_09-02-21.495-240,v5.1.3,3.44,12.0,200,1188,1247,3497,648,1244,3726,15516.36,15282.60,45430.50,16104.25,17465.20,46184.59,0.00,0.00,0.00,587.90,2182.60,754.09,2382.86,2382.86,1.002,0.093,0.544,-5.000,-0.656,0.359,9737,341.4,0,-0.9493,-0.0383,0.0051,-0.3120,36.3,-1.9,0.0
2323516,2026-09-11_09-02-21.517-240,v5.1.3,3.44,12.0,200,1200,1252,3499,651,1234,3741,15674.60,15346.14,45455.89,16181.31,17340.85,46372.91,0.00,0.00,0.00,506.72,1994.71,917.02,2253.12,2253.12,1.012,0.051,0.530,-3.859,-0.938,-0.625,9737,324.9,0,-0.9494,-0.0376,0.0055,-0.3119,36.3,-1.9,0.0
2323548,2026-09-11_09-02-21.548-240,v5.1.3,3.44,12.0,200,1190,1249,3493,661,1224,3746,15542.60,15309.85,45378.10,16328.40,17214.11,46417.37,0.00,0.00,0.00,785.80,1904.26,1039.27,2307.33,2307.33,1.011,0.089,0.531,-4.125,-0.984,0.531,9737,331.8,0,-0.9492,-0.0375,0.0055,-0.3122,36.4,-1.9,0.0
2323573,2026-09-11_09-02-21.573-240,v5.1.3,3.44,12.0,200,1198,1246,3496,650,1244,3748,15648.77,15268.07,45417.62,16179.42,17473.88,46463.07,0.00,0.00,0.00,530.65,2205.81,1045.46,2498.03,2498.03,1.007,0.072,0.528,-4.203,-0.859,0.188,9737,356.1,0,-0.9493,-0.0375,0.0052,-0.3121,36.3,-1.9,0.0
2323598,2026-09-11_09-02-21.598-240,v5.1.3,3.44,12.0,200,1189,1250,3486,651,1231,3735,15529.25,15325.23,45286.73,16169.27,17299.41,46296.37,0.00,0.00,0.00,640.02,1974.18,1009.64,2307.90,2307.90,0.998,0.070,0.538,-4.109,-1.172,0.516,9749,331.9,0,-0.9493,-0.0369,0.0051,-0.3122,36.3,-1.9,0.0
2323628,2026-09-11_09-02-21.628-240,v5.1.3,3.44,12.0,200,1195,1266,3501,659,1232,3742,15606.94,15531.31,45480.03,16289.77,17316.68,46368.70,0.00,0.00,0.00,682.83,1785.37,888.67,2107.97,2107.97,1.002,0.096,0.537,-4.375,-0.859,0.578,9749,306.4,0,-0.9493,-0.0379,0.0048,-0.3121,36.3,-1.9,0.0
2323654,2026-09-11_09-02-21.655-240,v5.1.3,3.44,12.0,200,1185,1254,3498,647,1260,3734,15475.91,15375.26,45442.57,16102.02,17676.96,46286.41,0.00,0.00,0.00,626.11,2301.70,843.84,2530.20,2530.20,0.999,0.068,0.535,-4.234,-0.953,0.203,9749,360.2,0,-0.9493,-0.0372,0.0051,-0.3121,36.3,-1.9,0.0
2323678,2026-09-11_09-02-21.678-240,v5.1.3,3.44,12.0,200,1194,1259,3494,647,1236,3744,15594.45,15441.01,45389.76,16134.42,17367.32,46419.81,0.00,0.00,0.00,539.97,1926.30,1030.05,2250.16,2250.16,1.006,0.071,0.537,-4.266,-0.828,0.344,9749,324.5,0,-0.9493,-0.0369,0.0052,-0.3121,36.3,-1.9,0.0
2323729,2026-09-11_09-02-21.729-240,v5.1.3,3.44,12.0,200,1200,1251,3493,652,1227,3743,15674.70,15334.66,45377.83,16201.90,17250.39,46397.85,0.00,0.00,0.00,527.21,1915.73,1020.02,2233.47,2233.47,1.000,0.079,0.542,-4.656,-1.078,-0.141,9744,322.4,0,-0.9493,-0.0373,0.0050,-0.3121,36.3,-1.9,0.0
2323753,2026-09-11_09-02-21.753-240,v5.1.3,3.44,12.0,200,1189,1253,3493,653,1239,3739,15528.94,15362.84,45377.55,16201.09,17405.79,46341.82,0.00,0.00,0.00,672.16,2042.94,964.27,2356.95,2356.95,1.001,0.077,0.534,-4.453,-0.344,0.266,9744,338.1,0,-0.9493,-0.0372,0.0053,-0.3120,36.3,-1.9,0.0
2323783,2026-09-11_09-02-21.783-240,v5.1.3,3.44,12.0,200,1187,1263,3500,649,1252,3740,15501.41,15493.25,45467.40,16145.09,17575.14,46360.79,0.00,0.00,0.00,643.67,2081.89,893.39,2355.15,2355.15,1.005,0.073,0.537,-4.234,-0.734,0.156,9744,337.9,0,-0.9494,-0.0373,0.0053,-0.3119,36.3,-1.9,0.0
2323810,2026-09-11_09-02-21.810-240,v5.1.3,3.44,12.0,200,1188,1245,3495,653,1246,3746,15516.57,15256.75,45404.71,16213.65,17499.83,46430.41,0.00,0.00,0.00,697.08,2243.08,1025.70,2563.08,2563.08,1.006,0.069,0.538,-4.203,-0.984,0.281,9744,364.4,0,-0.9494,-0.0370,0.0057,-0.3119,36.3,-1.9,0.0
2323833,2026-09-11_09-02-21.833-240,v5.1.3,3.44,12.0,200,1198,1248,3493,652,1230,3746,15648.55,15295.35,45378.24,16207.28,17290.70,46435.81,0.00,0.00,0.00,558.73,1995.34,1057.57,2326.38,2326.38,1.005,0.082,0.536,-4.078,-0.859,0.438,9744,334.2,0,-0.9494,-0.0373,0.0054,-0.3119,36.3,-1.9,0.0
2323868,2026-09-11_09-02-21.868-240,v5.1.3,3.44,12.0,200,1185,1262,3495,649,1237,3739,15475.05,15481.80,45402.37,16149.25,17378.88,46350.95,0.00,0.00,0.00,674.20,1897.09,948.58,2225.60,2225.60,1.003,0.079,0.539,-4.328,-0.625,0.172,9744,321.4,0,-0.9494,-0.0374,0.0049,-0.3119,36.3,-1.9,0.0
2323892,2026-09-11_09-02-21.893-240,v5.1.3,3.44,12.0,200,1191,1257,3502,657,1228,3741,15554.98,15412.78,45494.30,16262.91,17263.68,46361.02,0.00,0.00,0.00,707.92,1850.90,866.72,2162.91,2162.91,1.003,0.078,0.537,-3.969,-0.719,0.719,9740,313.4,0,-0.9494,-0.0374,0.0049,-0.3119,36.3,-1.9,0.0
2323918,2026-09-11_09-02-21.920-240,v5.1.3,3.44,12.0,200,1186,1279,3497,649,1275,3747,15486.46,15705.62,45426.09,16150.84,17878.13,46446.16,0.00,0.00,0.00,664.38,2172.51,1020.07,2490.33,2490.33,1.006,0.080,0.531,-4.219,-1.016,0.078,9740,355.1,0,-0.9493,-0.0375,0.0049,-0.3119,36.3,-1.9,0.0
2323949,2026-09-11_09-02-21.949-240,v5.1.3,3.44,12.0,200,1197,1251,3497,651,1243,3745,15635.01,15333.99,45429.96,16186.36,17459.89,46422.52,0.00,0.00,0.00,551.35,2125.90,992.57,2410.11,2410.11,1.001,0.073,0.537,-4.172,-0.781,0.156,9740,344.9,0,-0.9494,-0.0370,0.0045,-0.3119,36.3,-1.8,0.0
2323972,2026-09-11_09-02-22.973-240,v5.1.3,3.44,12.0,200,1197,1245,3490,649,1228,3749,15635.64,15256.75,45339.55,16175.27,17265.12,46481.34,0.00,0.00,0.00,539.63,2008.38,1141.79,2372.43,2372.43,1.000,0.080,0.535,-3.906,-0.984,-0.391,9740,340.1,0,-0.9494,-0.0371,0.0043,-0.3118,36.3,-1.8,0.0
2324008,2026-09-11_09-02-22.008-240,v5.1.3,3.44,12.0,200,1188,1258,3494,649,1227,3741,15515.17,15428.76,45389.89,16157.94,17249.05,46378.68,0.00,0.00,0.00,642.77,1820.28,988.79,2168.94,2168.94,1.005,0.081,0.537,-4.266,-1.031,0.438,9740,314.1,0,-0.9494,-0.0375,0.0042,-0.3118,36.3,-1.8,0.0
2324033,2026-09-11_09-02-22.034-240,v5.1.3,3.44,12.0,200,1186,1257,3504,645,1260,3743,15488.83,15413.00,45520.35,16095.65,17679.96,46406.49,0.00,0.00,0.00,606.82,2266.96,886.14,2508.50,2508.50,1.007,0.080,0.539,-3.766,-1.125,-0.328,9746,357.4,0,-0.9494,-0.0376,0.0044,-0.3118,36.3,-1.8,0.0
2324060,2026-09-11_09-02-22.061-240,v5.1.3,3.44,12.0,200,1191,1259,3497,653,1243,3743,15554.76,15440.63,45428.85,16208.27,17459.53,46392.44,0.00,0.00,0.00,653.51,2018.90,963.59,2330.56,2330.56,1.009,0.082,0.536,-3.516,-0.641,0.266,9746,334.7,0,-0.9494,-0.0375,0.0045,-0.3119,36.3,-1.8,0.0
2324093,2026-09-11_09-02-22.093-240,v5.1.3,3.44,12.0,200,1194,1255,3501,655,1224,3737,15594.89,15386.16,45481.54,16229.39,17209.54,46314.76,0.00,0.00,0.00,634.50,1823.38,833.22,2102.75,2102.75,1.003,0.083,0.536,-4.266,-0.594,0.078,9746,305.7,0,-0.9493,-0.0381,0.0044,-0.3119,36.3,-1.8,0.0
2324131,2026-09-11_09-02-22.133-240,v5.1.3,3.44,12.0,200,1188,1254,3492,654,1240,3746,15515.60,15376.50,45364.37,16229.38,17421.68,46429.43,0.00,0.00,0.00,713.78,2045.18,1065.06,2413.83,2413.83,1.004,0.083,0.540,-4.047,-0.641,-0.391,9746,345.4,0,-0.9493,-0.0384,0.0045,-0.3119,36.3,-1.9,0.0
2324168,2026-09-11_09-02-22.168-240,v5.1.3,3.44,12.0,200,1188,1264,3497,632,1262,3742,15514.53,15507.16,45428.16,15921.32,17703.15,46421.61,0.00,0.00,0.00,406.78,2195.99,993.45,2444.34,2444.34,1.005,0.082,0.536,-4.266,-0.438,0.594,9739,349.3,0,-0.9494,-0.0381,0.0043,-0.3119,36.3,-1.8,0.0
2324192,2026-09-11_09-02-22.193-240,v5.1.3,3.44,12.0,200,1188,1249,3502,646,1235,3746,15516.15,15307.58,45495.39,16126.11,17354.82,46447.91,0.00,0.00,0.00,609.97,2047.24,952.51,2338.91,2338.91,1.001,0.076,0.540,-4.219,-0.797,-0.688,9739,335.8,0,-0.9494,-0.0380,0.0042,-0.3118,36.3,-1.8,0.0
2324223,2026-09-11_09-02-22.223-240,v5.1.3,3.44,12.0,200,1200,1262,3491,645,1251,3750,15673.51,15480.54,45350.25,16115.01,17565.07,46498.30,0.00,0.00,0.00,441.50,2084.53,1148.05,2420.37,2420.37,1.004,0.076,0.536,-4.250,-0.750,-0.031,9739,346.2,0,-0.9494,-0.0379,0.0043,-0.3118,36.3,-1.8,0.0
2324252,2026-09-11_09-02-22.253-240,v5.1.3,3.44,12.0,200,1193,1246,3504,647,1225,3739,15582.63,15266.57,45521.87,16128.01,17221.78,46357.74,0.00,0.00,0.00,545.38,1955.21,835.87,2195.21,2195.21,1.010,0.076,0.536,-4.484,-1.172,-0.125,9739,317.5,0,-0.9494,-0.0380,0.0045,-0.3119,36.3,-1.8,0.0
2324278,2026-09-11_09-02-22.278-240,v5.1.3,3.44,12.0,200,1194,1261,3492,648,1236,3740,15594.23,15468.01,45363.41,16138.72,17366.00,46366.20,0.00,0.00,0.00,544.49,1897.99,1002.79,2214.59,2214.59,1.004,0.082,0.537,-4.219,-0.875,0.688,9739,320.0,0,-0.9494,-0.0379,0.0044,-0.3118,36.3,-1.8,0.0
2324313,2026-09-11_09-02-22.314-240,v5.1.3,3.44,12.0,200,1194,1243,3500,650,1223,3736,15596.17,15227.93,45470.16,16161.72,17195.12,46313.02,0.00,0.00,0.00,565.55,1967.19,842.86,2213.62,2213.62,1.006,0.077,0.537,-3.984,-0.422,-3.547,9745,319.8,0,-0.9494,-0.0384,0.0044,-0.3117,36.3,-1.8,0.0
2324337,2026-09-11_09-02-22.338-240,v5.1.3,3.46,12.0,200,1196,1254,3494,656,1233,3748,15621.45,15374.64,45390.45,16263.14,17331.41,46452.19,0.00,0.00,0.00,641.69,1956.77,1061.75,2316.90,2316.90,0.999,0.073,0.534,-4.734,-0.609,0.031,9745,333.0,0,-0.9494,-0.0378,0.0045,-0.3116,36.3,-1.8,0.0
2324368,2026-09-11_09-02-22.368-240,v5.1.3,3.46,12.0,200,1197,1256,3494,657,1227,3750,15634.47,15400.90,45390.17,16283.31,17254.01,46476.93,0.00,0.00,0.00,648.84,1853.11,1086.76,2244.11,2244.11,1.006,0.080,0.539,-4.609,-0.719,-0.016,9745,323.7,0,-0.9495,-0.0379,0.0043,-0.3116,36.3,-1.8,0.0
2324397,2026-09-11_09-02-22.398-240,v5.1.3,3.46,12.0,200,1189,1256,3495,655,1228,3742,15528.62,15401.90,45403.20,16238.78,17263.66,46378.24,0.00,0.00,0.00,710.16,1861.76,975.04,2218.37,2218.37,1.005,0.079,0.531,-3.781,-0.594,-0.281,9745,320.4,0,-0.9494,-0.0381,0.0044,-0.3116,36.3,-1.8,0.0
2324423,2026-09-11_09-02-22.423-240,v5.1.3,3.46,12.0,200,1200,1254,3493,648,1231,3747,15674.37,15374.29,45377.42,16156.38,17303.35,46457.21,0.00,0.00,0.00,482.01,1929.06,1079.79,2262.64,2262.64,1.001,0.082,0.537,-4.453,-0.781,0.141,9745,326.1,0,-0.9494,-0.0381,0.0042,-0.3116,36.3,-1.8,0.0
2324453,2026-09-11_09-02-22.453-240,v5.1.3,3.46,12.0,200,1197,1266,3501,647,1258,3742,15633.40,15530.99,45480.03,16120.63,17653.86,46389.67,0.00,0.00,0.00,487.22,2122.87,909.64,2360.38,2360.38,1.010,0.083,0.537,-4.031,-1.047,0.297,9747,338.6,0,-0.9494,-0.0383,0.0042,-0.3116,36.3,-1.8,0.0
2324478,2026-09-11_09-02-22.479-240,v5.1.3,3.46,12.0,200,1184,1268,3503,654,1262,3746,15461.19,15558.91,45505.80,16220.02,17708.97,46425.00,0.00,0.00,0.00,758.83,2150.06,919.20,2458.35,2458.35,1.001,0.078,0.534,-4.281,-0.938,0.375,9747,351.0,0,-0.9494,-0.0381,0.0043,-0.3117,36.3,-1.8,0.0
2324508,2026-09-11_09-02-22.508-240,v5.1.3,3.46,12.0,200,1202,1279,3492,653,1250,3754,15698.15,15704.50,45360.95,16229.70,17555.09,46532.46,0.00,0.00,0.00,531.55,1850.59,1171.51,2253.81,2253.81,1.005,0.072,0.537,-4.375,-0.562,-0.281,9747,325.0,0,-0.9494,-0.0377,0.0044,-0.3117,36.3,-1.8,0.0
2324556,2026-09-11_09-02-22.557-240,v5.1.3,3.46,12.0,200,1194,1250,3497,644,1247,3739,15595.42,15321.26,45430.09,16079.13,17508.49,46359.86,0.00,0.00,0.00,483.71,2187.23,929.77,2425.37,2425.37,1.009,0.079,0.538,-3.781,-0.734,0.484,9747,346.8,0,-0.9494,-0.0378,0.0043,-0.3119,36.3,-1.8,0.0
2324583,2026-09-11_09-02-22.583-240,v5.1.3,3.46,12.0,200,1198,1252,3497,649,1234,3748,15648.13,15347.04,45429.82,16170.50,17343.10,46467.27,0.00,0.00,0.00,522.37,1996.06,1037.45,2309.42,2309.42,0.996,0.086,0.536,-4.141,-0.766,0.297,9747,332.0,0,-0.9493,-0.0383,0.0040,-0.3119,36.3,-1.8,0.0
2324617,2026-09-11_09-02-22.617-240,v5.1.3,3.46,12.0,200,1187,1258,3495,639,1260,3744,15501.94,15428.64,45402.92,16018.82,17679.16,46432.44,0.00,0.00,0.00,516.88,2250.52,1029.52,2528.23,2528.23,1.007,0.071,0.541,-4.141,-0.656,0.547,9742,360.0,0,-0.9494,-0.0377,0.0041,-0.3119,36.3,-1.8,0.0
2324639,2026-09-11_09-02-22.640-240,v5.1.3,3.46,12.0,200,1193,1248,3496,645,1244,3751,15582.40,15295.29,45417.34,16120.21,17474.04,46512.56,0.00,0.00,0.00,537.80,2178.74,1095.23,2497.13,2497.13,1.004,0.079,0.541,-4.188,-0.625,-0.219,9742,356.0,0,-0.9494,-0.0374,0.0041,-0.3119,36.3,-1.8,0.0
2324668,2026-09-11_09-02-22.668-240,v5.1.3,3.46,12.0,200,1196,1244,3494,655,1224,3747,15622.52,15242.55,45391.82,16251.58,17213.31,46443.33,0.00,0.00,0.00,629.06,1970.76,1051.51,2320.62,2320.62,1.008,0.074,0.537,-3.828,-1.156,0.531,9742,333.5,0,-0.9493,-0.0376,0.0044,-0.3121,36.3,-1.8,0.0
2324699,2026-09-11_09-02-22.700-240,v5.1.3,3.46,12.0,200,1188,1266,3495,640,1255,3746,15514.32,15534.15,45401.82,16038.56,17614.82,46456.98,0.00,0.00,0.00,524.25,2080.66,1055.16,2391.10,2391.10,1.011,0.086,0.540,-3.969,-0.656,-0.469,9742,342.5,0,-0.9493,-0.0378,0.0045,-0.3121,36.3,-1.8,0.0
2324723,2026-09-11_09-02-22.725-240,v5.1.3,3.46,12.0,200,1193,1260,3480,657,1238,3731,15581.09,15458.41,45207.16,16236.46,17390.49,46230.43,0.00,0.00,0.00,655.37,1932.08,1023.27,2282.44,2282.44,1.005,0.080,0.540,-4.203,-0.828,-0.219,9742,328.6,0,-0.9493,-0.0381,0.0043,-0.3120,36.3,-1.8,0.0
2324758,2026-09-11_09-02-22.758-240,v5.1.3,3.46,12.0,200,1196,1269,3498,643,1260,3743,15619.85,15571.64,45440.52,16069.30,17679.57,46410.86,0.00,0.00,0.00,449.45,2107.93,970.34,2363.67,2363.67,1.011,0.070,0.537,-4.281,-0.359,-0.547,9739,339.0,0,-0.9494,-0.0376,0.0045,-0.3119,36.3,-1.8,0.0
2324782,2026-09-11_09-02-22.783-240,v5.1.3,3.46,12.0,200,1199,1244,3495,657,1222,3747,15662.22,15241.78,45404.86,16278.78,17187.59,46439.37,0.00,0.00,0.00,616.56,1945.81,1034.51,2288.34,2288.34,1.003,0.078,0.536,-3.391,-0.656,-0.641,9739,329.4,0,-0.9493,-0.0376,0.0046,-0.3120,36.3,-1.8,0.0
2324813,2026-09-11_09-02-22.813-240,v5.1.3,3.46,12.0,200,1195,1251,3502,654,1243,3743,15608.55,15332.88,45495.12,16221.44,17459.72,46390.26,0.00,0.00,0.00,612.89,2126.85,895.13,2387.55,2387.55,1.004,0.089,0.533,-4.656,-0.469,0.250,9739,342.0,0,-0.9493,-0.0385,0.0043,-0.3120,36.3,-1.8,0.0
2324840,2026-09-11_09-02-22.840-240,v5.1.3,3.46,12.0,200,1192,1242,3494,655,1235,3753,15569.81,15216.77,45392.09,16260.21,17359.22,46518.26,0.00,0.00,0.00,690.40,2142.45,1126.16,2516.94,2516.94,1.008,0.066,0.537,-3.953,-1.391,0.688,9739,358.5,0,-0.9493,-0.0378,0.0047,-0.3121,36.3,-1.9,0.0
2324864,2026-09-11_09-02-22.865-240,v5.1.3,3.46,12.0,200,1195,1249,3487,659,1231,3745,15608.75,15310.77,45299.90,16296.86,17304.75,46407.47,0.00,0.00,0.00,688.11,1993.98,1107.57,2382.47,2382.47,1.008,0.070,0.534,-4.000,-0.609,-0.094,9739,341.4,0,-0.9493,-0.0373,0.0052,-0.3121,36.3,-1.9,0.0
2324892,2026-09-11_09-02-22.894-240,v5.1.3,3.46,12.0,200,1193,1275,3497,654,1253,3743,15579.51,15651.67,45426.65,16217.19,17590.31,46388.25,0.00,0.00,0.00,637.68,1938.65,961.59,2256.03,2256.03,1.016,0.078,0.533,-4.141,-1.094,-0.172,9740,325.2,0,-0.9493,-0.0378,0.0052,-0.3121,36.3,-1.9,0.0
2324919,2026-09-11_09-02-22.920-240,v5.1.3,3.46,12.0,200,1194,1243,3495,651,1228,3741,15596.17,15229.37,45404.99,16183.87,17262.50,46374.11,0.00,0.00,0.00,587.70,2033.13,969.12,2327.70,2327.70,0.999,0.075,0.532,-4.234,-1.297,-0.703,9740,334.4,0,-0.9493,-0.0376,0.0051,-0.3120,36.3,-1.9,0.0
2324955,2026-09-11_09-02-22.956-240,v5.1.3,3.46,12.0,200,1192,1256,3497,649,1253,3746,15568.32,15400.84,45429.27,16157.98,17590.46,46437.73,0.00,0.00,0.00,589.66,2189.62,1008.47,2481.76,2481.76,1.004,0.089,0.537,-4.359,-1.016,0.203,9740,354.0,0,-0.9493,-0.0386,0.0051,-0.3120,36.3,-1.9,0.0
2324988,2026-09-11_09-02-23.988-240,v5.1.3,3.46,12.0,200,1189,1252,3495,655,1223,3736,15529.05,15349.06,45403.75,16227.59,17196.10,46302.10,0.00,0.00,0.00,698.54,1847.04,898.35,2169.46,2169.46,1.010,0.068,0.543,-4.922,-0.922,0.969,9740,314.2,0,-0.9493,-0.0379,0.0052,-0.3119,36.3,-1.9,0.0
2325011,2026-09-11_09-02-23.012-240,v5.1.3,3.46,12.0,200,1193,1261,3489,658,1245,3746,15581.00,15469.03,45324.32,16279.94,17487.76,46419.69,0.00,0.00,0.00,698.95,2018.72,1095.38,2400.75,2400.75,1.004,0.075,0.536,-3.703,-0.938,-0.016,9740,343.7,0,-0.9493,-0.0375,0.0053,-0.3120,36.3,-1.9,0.0
2325043,2026-09-11_09-02-23.043-240,v5.1.3,3.46,12.0,200,1199,1272,3503,662,1267,3745,15659.23,15609.35,45505.27,16321.06,17775.46,46393.67,0.00,0.00,0.00,661.84,2166.11,888.40,2432.96,2432.96,0.994,0.076,0.536,-4.000,-0.609,0.203,9742,347.8,0,-0.9493,-0.0374,0.0053,-0.3120,36.3,-1.9,0.0
2325074,2026-09-11_09-02-23.075-240,v5.1.3,3.46,12.0,200,1193,1248,3496,655,1240,3744,15582.40,15295.29,45417.34,16238.11,17421.12,46401.54,0.00,0.00,0.00,655.71,2125.83,984.20,2432.64,2432.64,1.002,0.082,0.540,-3.891,-0.750,-0.250,9742,347.8,0,-0.9493,-0.0373,0.0054,-0.3120,36.3,-1.9,0.0
2325098,2026-09-11_09-02-23.098-240,v5.1.3,3.46,12.0,200,1192,1257,3497,660,1239,3748,15568.21,15414.05,45429.13,16313.28,17410.55,46442.25,0.00,0.00,0.00,745.08,1996.50,1013.12,2359.57,2359.57,1.006,0.087,0.538,-4.266,-0.781,0.141,9742,338.4,0,-0.9493,-0.0378,0.0054,-0.3119,36.3,-1.9,0.0
2325128,2026-09-11_09-02-23.128-240,v5.1.3,3.46,12.0,200,1188,1238,3498,654,1227,3741,15517.32,15163.42,45444.77,16223.81,17250.03,46367.77,0.00,0.00,0.00,706.49,2086.61,922.99,2388.51,2388.51,1.008,0.077,0.536,-4.859,-1.172,1.109,9742,342.1,0,-0.9494,-0.0379,0.0055,-0.3118,36.3,-2.0,0.0
2325151,2026-09-11_09-02-23.152-240,v5.1.3,3.46,12.0,200,1197,1256,3499,654,1231,3745,15634.47,15399.46,45455.34,16230.99,17303.77,46418.39,0.00,0.00,0.00,596.51,1904.31,963.05,2215.78,2215.78,1.001,0.060,0.535,-4.281,-0.859,-0.312,9742,320.1,0,-0.9494,-0.0371,0.0056,-0.3118,36.3,-1.9,0.0
2325173,2026-09-11_09-02-23.173-240,v5.1.3,3.46,12.0,200,1188,1258,3492,659,1240,3742,15515.17,15429.34,45363.82,16286.37,17421.15,46367.09,0.00,0.00,0.00,771.20,1991.81,1003.27,2359.79,2359.79,1.007,0.087,0.533,-4.156,-0.844,-0.156,9757,338.5,0,-0.9494,-0.0373,0.0054,-0.3117,36.3,-1.9,0.0
2325208,2026-09-11_09-02-23.208-240,v5.1.3,3.46,12.0,200,1198,1248,3494,659,1230,3744,15648.56,15295.07,45391.27,16295.06,17291.32,46394.81,0.00,0.00,0.00,646.51,1996.25,1003.54,2325.96,2325.96,1.005,0.078,0.536,-4.625,-1.000,0.188,9757,334.2,0,-0.9494,-0.0379,0.0051,-0.3117,36.3,-1.9,0.0
2325233,2026-09-11_09-02-23.234-240,v5.1.3,3.46,12.0,200,1184,1277,3492,647,1262,3747,15460.21,15680.96,45361.20,16130.02,17707.98,46453.15,0.00,0.00,0.00,669.81,2027.02,1091.95,2397.87,2397.87,1.004,0.061,0.533,-4.188,-0.891,0.203,9757,343.3,0,-0.9495,-0.0370,0.0052,-0.3116,36.3,-1.9,0.0
2325263,2026-09-11_09-02-23.263-240,v5.1.3,3.46,12.0,200,1195,1268,3500,663,1242,3745,15606.73,15558.01,45466.72,16344.87,17449.18,46396.52,0.00,0.00,0.00,738.14,1891.17,929.80,2232.92,2232.92,1.005,0.099,0.534,-4.469,-0.625,0.656,9757,322.3,0,-0.9494,-0.0379,0.0049,-0.3116,36.3,-1.9,0.0
2325294,2026-09-11_09-02-23.294-240,v5.1.3,3.46,12.0,200,1192,1258,3500,639,1251,3742,15568.11,15426.40,45468.09,16018.21,17560.88,46408.54,0.00,0.00,0.00,450.11,2134.48,940.45,2375.51,2375.51,1.008,0.059,0.561,-4.219,-0.453,0.625,9757,340.5,0,-0.9495,-0.0372,0.0044,-0.3116,36.3,-1.8,0.0
2325318,2026-09-11_09-02-23.318-240,v5.1.3,3.46,12.0,200,1185,1258,3494,644,1241,3750,15475.48,15429.25,45389.89,16106.09,17434.29,46502.50,0.00,0.00,0.00,630.61,2005.04,1112.61,2378.18,2378.18,1.006,0.072,0.533,-3.453,-1.156,0.375,9741,340.8,0,-0.9495,-0.0367,0.0046,-0.3116,36.3,-1.8,0.0
2325374,2026-09-11_09-02-23.375-240,v5.1.3,3.46,12.0,200,1193,1261,3493,658,1249,3745,15581.00,15467.88,45376.45,16276.02,17539.62,46406.03,0.00,0.00,0.00,695.02,2071.73,1029.58,2415.61,2415.61,1.018,0.065,0.532,-4.234,-0.875,-0.156,9741,345.6,0,-0.9495,-0.0375,0.0034,-0.3115,36.3,-1.7,0.0
2325398,2026-09-11_09-02-23.398-240,v5.1.3,3.46,12.0,200,1198,1252,3494,656,1226,3745,15648.13,15347.90,45390.72,16259.46,17238.87,46415.03,0.00,0.00,0.00,611.33,1890.97,1024.31,2235.78,2235.78,1.011,0.080,0.540,-4.078,-1.328,0.578,9741,322.7,0,-0.9495,-0.0372,0.0036,-0.3115,36.3,-1.7,0.0
2325428,2026-09-11_09-02-23.428-240,v5.1.3,3.46,12.0,200,1194,1252,3498,646,1225,3750,15595.21,15347.39,45442.85,16139.25,17225.74,46501.35,0.00,0.00,0.00,544.04,1878.34,1058.50,2223.64,2223.64,1.006,0.085,0.540,-4.297,-1.203,0.531,9741,321.1,0,-0.9494,-0.0379,0.0036,-0.3117,36.3,-1.7,0.0
2325451,2026-09-11_09-02-23.452-240,v5.1.3,3.46,12.0,200,1194,1260,3492,656,1236,3748,15594.34,15454.80,45363.55,16261.86,17370.59,46451.59,0.00,0.00,0.00,667.52,1915.79,1088.03,2302.10,2302.10,1.001,0.069,0.542,-3.516,-0.562,-0.172,9741,331.1,0,-0.9494,-0.0374,0.0038,-0.3117,36.3,-1.8,0.0
2325475,2026-09-11_09-02-23.476-240,v5.1.3,3.46,12.0,200,1190,1250,3496,651,1237,3749,15542.49,15322.19,45417.06,16197.79,17383.04,46475.16,0.00,0.00,0.00,655.29,2060.85,1058.10,2407.51,2407.51,1.003,0.084,0.536,-3.688,-1.125,-0.109,9748,344.6,0,-0.9494,-0.0376,0.0041,-0.3118,36.3,-1.8,0.0
2325508,2026-09-11_09-02-23.508-240,v5.1.3,3.46,12.0,200,1194,1242,3500,663,1220,3745,15596.28,15214.73,45470.30,16354.23,17161.89,46400.95,0.00,0.00,0.00,757.95,1947.17,930.66,2287.37,2287.37,1.005,0.088,0.540,-4.266,-0.875,0.156,9748,329.2,0,-0.9493,-0.0385,0.0039,-0.3119,36.3,-1.8,0.0
2325531,2026-09-11_09-02-23.533-240,v5.1.3,3.46,12.0,200,1193,1239,3501,650,1236,3737,15583.37,15174.97,45483.74,16158.41,17365.27,46323.26,0.00,0.00,0.00,575.04,2190.30,839.52,2415.13,2415.13,1.004,0.069,0.542,-3.953,-1.156,0.984,9748,345.5,0,-0.9494,-0.0378,0.0041,-0.3118,36.3,-1.8,0.0
2325563,2026-09-11_09-02-23.563-240,v5.1.3,3.46,12.0,200,1191,1263,3503,650,1253,3745,15554.34,15491.75,45506.50,16168.93,17590.28,46422.70,0.00,0.00,0.00,614.59,2098.54,916.20,2370.86,2370.86,1.007,0.079,0.542,-3.719,-0.516,-0.141,9748,339.9,0,-0.9494,-0.0375,0.0042,-0.3119,36.3,-1.8,0.0
2325589,2026-09-11_09-02-23.589-240,v5.1.3,3.46,12.0,200,1184,1249,3497,651,1250,3742,15463.22,15309.66,45430.22,16176.72,17550.17,46382.54,0.00,0.00,0.00,713.51,2240.51,952.32,2536.91,2536.91,1.005,0.085,0.536,-4.078,-0.719,0.234,9748,361.1,0,-0.9493,-0.0380,0.0041,-0.3119,36.3,-1.8,0.0
2325611,2026-09-11_09-02-23.612-240,v5.1.3,3.46,12.0,200,1195,1256,3501,650,1234,3748,15608.01,15399.21,45481.40,16183.67,17343.29,46465.09,0.00,0.00,0.00,575.66,1944.08,983.69,2253.55,2253.55,1.007,0.060,0.533,-4.078,-0.719,-0.312,9745,324.9,0,-0.9493,-0.0375,0.0045,-0.3119,36.3,-1.8,0.0
2325643,2026-09-11_09-02-23.645-240,v5.1.3,3.46,12.0,200,1194,1244,3494,647,1235,3747,15596.06,15242.87,45391.82,16141.51,17355.39,46458.58,0.00,0.00,0.00,545.45,2112.52,1066.76,2428.63,2428.63,1.002,0.086,0.536,-3.312,-1.016,-0.219,9745,347.3,0,-0.9493,-0.0380,0.0045,-0.3121,36.3,-1.8,0.0
2325673,2026-09-11_09-02-23.674-240,v5.1.3,3.46,12.0,200,1192,1248,3497,648,1240,3745,15569.17,15295.17,45430.37,16148.12,17420.12,46429.68,0.00,0.00,0.00,578.94,2124.96,999.31,2418.52,2418.52,1.007,0.075,0.535,-5.078,-0.750,-3.859,9745,346.0,0,-0.9494,-0.0387,0.0042,-0.3118,36.3,-1.8,0.0
2325698,2026-09-11_09-02-23.699-240,v5.1.3,3.46,12.0,200,1189,1255,3495,647,1234,3746,15528.73,15388.69,45403.34,16139.71,17341.95,46445.93,0.00,0.00,0.00,610.99,1953.26,1042.59,2296.85,2296.85,1.013,0.058,0.527,-4.562,-0.891,0.141,9745,330.4,0,-0.9494,-0.0380,0.0044,-0.3117,36.3,-1.8,0.0
2325733,2026-09-11_09-02-23.733-240,v5.1.3,3.46,12.0,200,1192,1249,3496,644,1247,3744,15569.06,15308.66,45417.20,16090.22,17510.38,46424.14,0.00,0.00,0.00,521.16,2201.71,1006.95,2476.51,2476.51,1.011,0.072,0.546,-3.828,-0.547,-0.188,9745,353.4,0,-0.9494,-0.0381,0.0042,-0.3116,36.3,-1.8,0.0
2325773,2026-09-11_09-02-23.773-240,v5.1.3,3.46,12.0,200,1195,1261,3498,654,1237,3747,15607.47,15466.12,45441.62,16232.87,17382.88,46442.89,0.00,0.00,0.00,625.40,1916.76,1001.28,2251.14,2251.14,1.004,0.071,0.526,-4.359,-1.188,0.141,9744,324.6,0,-0.9494,-0.0373,0.0039,-0.3117,36.3,-1.8,0.0
2325808,2026-09-11_09-02-23.808-240,v5.1.3,3.46,12.0,200,1187,1262,3493,639,1255,3745,15501.51,15482.05,45376.30,16023.17,17614.24,46446.31,0.00,0.00,0.00,521.66,2132.19,1070.00,2441.98,2441.98,1.021,0.075,0.513,-4.844,-0.953,0.406,9744,349.0,0,-0.9494,-0.0377,0.0037,-0.3117,36.3,-1.8,0.0
2325831,2026-09-11_09-02-23.832-240,v5.1.3,3.46,12.0,200,1193,1252,3496,651,1236,3745,15581.97,15348.13,45416.79,16189.34,17368.48,46423.93,0.00,0.00,0.00,607.37,2020.35,1007.15,2337.74,2337.74,1.008,0.068,0.521,-3.516,-0.844,0.781,9744,335.7,0,-0.9494,-0.0374,0.0035,-0.3118,36.3,-1.7,0.0
2325863,2026-09-11_09-02-23.863-240,v5.1.3,3.46,12.0,200,1190,1242,3502,656,1251,3729,15543.36,15214.79,45496.36,16213.32,17559.31,46204.28,0.00,0.00,0.00,669.96,2344.52,707.92,2539.05,2539.05,1.004,0.078,0.509,-3.141,-0.578,0.359,9744,361.3,0,-0.9493,-0.0368,0.0037,-0.3122,36.4,-1.7,0.0
2325894,2026-09-11_09-02-23.895-240,v5.1.3,3.46,12.0,200,1193,1257,3495,652,1253,3745,15581.44,15414.47,45403.07,16195.28,17590.67,46418.33,0.00,0.00,0.00,613.84,2176.21,1015.26,2478.59,2478.59,1.013,0.072,0.511,-4.531,-0.891,-0.016,9734,353.6,0,-0.9493,-0.0373,0.0036,-0.3121,36.3,-1.7,0.0
2325918,2026-09-11_09-02-23.918-240,v5.1.3,3.46,12.0,200,1198,1245,3496,656,1228,3743,15648.88,15254.86,45417.75,16254.17,17264.23,46388.91,0.00,0.00,0.00,605.29,2009.37,971.16,2312.38,2312.38,1.020,0.067,0.513,-4.078,-1.094,0.469,9734,332.4,0,-0.9493,-0.0371,0.0036,-0.3122,36.3,-1.7,0.0
2325947,2026-09-11_09-02-23.947-240,v5.1.3,3.46,12.0,200,1187,1261,3489,647,1252,3747,15501.61,15469.99,45324.31,16134.27,17577.39,46455.16,0.00,0.00,0.00,632.66,2107.40,1130.85,2473.90,2473.90,1.014,0.087,0.518,-4.453,-1.172,0.266,9734,353.0,0,-0.9492,-0.0368,0.0036,-0.3124,36.4,-1.7,0.0
2325971,2026-09-11_09-02-24.972-240,v5.1.3,3.46,12.0,200,1189,1256,3495,652,1239,3745,15528.62,15401.90,45403.20,16201.24,17407.85,46421.14,0.00,0.00,0.00,672.62,2005.95,1017.95,2347.86,2347.86,1.001,0.067,0.528,-4.094,-1.156,0.266,9734,337.0,0,-0.9492,-0.0365,0.0034,-0.3124,36.4,-1.7,0.0
2325998,2026-09-11_09-02-24.998-240,v5.1.3,3.46,12.0,200,1200,1255,3503,653,1228,3750,15674.28,15384.62,45507.61,16230.19,17266.29,46485.46,0.00,0.00,0.00,555.91,1881.66,977.85,2192.23,2192.23,1.003,0.074,0.549,-4.047,-1.047,-0.031,9734,317.1,0,-0.9491,-0.0366,0.0034,-0.3127,36.4,-1.7,0.0
2326033,2026-09-11_09-02-24.033-240,v5.1.3,3.46,12.0,200,1197,1248,3493,644,1250,3747,15635.32,15295.52,45378.24,16095.60,17550.68,46462.11,0.00,0.00,0.00,460.28,2255.17,1083.87,2544.09,2544.09,1.013,0.078,0.527,-4.406,-0.641,-0.234,9734,362.0,0,-0.9491,-0.0373,0.0033,-0.3127,36.4,-1.7,0.0
2326056,2026-09-11_09-02-24.057-240,v5.1.3,3.46,12.0,200,1180,1258,3497,643,1243,3745,15409.33,15429.18,45428.98,16080.97,17458.32,46439.99,0.00,0.00,0.00,671.64,2029.14,1011.01,2364.45,2364.45,1.003,0.067,0.537,-3.703,-1.391,-0.016,9742,339.1,0,-0.9491,-0.0366,0.0035,-0.3127,36.4,-1.7,0.0
2326088,2026-09-11_09-02-24.088-240,v5.1.3,3.46,12.0,200,1196,1276,3496,652,1254,3750,15619.09,15664.68,45413.49,16205.95,17605.62,46482.41,0.00,0.00,0.00,586.86,1940.94,1068.92,2292.21,2292.21,1.001,0.097,0.536,-4.359,-0.906,-0.125,9742,329.9,0,-0.9491,-0.0376,0.0034,-0.3126,36.4,-1.7,0.0
2326115,2026-09-11_09-02-24.116-240,v5.1.3,3.46,12.0,200,1199,1255,3505,655,1233,3740,15661.05,15384.21,45533.68,16232.21,17328.20,46351.52,0.00,0.00,0.00,571.16,1943.99,817.84,2184.99,2184.99,1.003,0.067,0.540,-4.422,-1.188,0.469,9742,316.2,0,-0.9492,-0.0371,0.0029,-0.3126,36.4,-1.6,0.0
2326143,2026-09-11_09-02-24.143-240,v5.1.3,3.46,12.0,200,1198,1246,3493,656,1235,3749,15648.77,15268.93,45378.52,16264.51,17357.91,46464.65,0.00,0.00,0.00,615.74,2088.97,1086.13,2433.64,2433.64,1.003,0.076,0.545,-3.578,-1.297,0.016,9742,347.9,0,-0.9491,-0.0368,0.0032,-0.3127,36.4,-1.7,0.0
2326194,2026-09-11_09-02-24.195-240,v5.1.3,3.46,12.0,200,1190,1256,3496,651,1247,3743,15541.85,15401.45,45416.23,16180.22,17511.37,46396.00,0.00,0.00,0.00,638.37,2109.92,979.77,2412.31,2412.31,1.004,0.065,0.553,-3.719,-1.078,0.047,9746,345.2,0,-0.9491,-0.0370,0.0044,-0.3126,36.4,-1.8,0.0
2326219,2026-09-11_09-02-24.219-240,v5.1.3,3.46,12.0,200,1190,1258,3491,648,1243,3745,15541.63,15429.31,45350.79,16146.84,17459.30,46429.07,0.00,0.00,0.00,605.21,2029.99,1078.28,2376.94,2376.94,1.005,0.081,0.547,-3.484,-0.703,-0.797,9746,340.7,0,-0.9491,-0.0371,0.0045,-0.3127,36.4,-1.8,0.0
2326248,2026-09-11_09-02-24.248-240,v5.1.3,3.46,12.0,200,1196,1245,3496,655,1226,3748,15622.42,15255.18,45417.75,16252.95,17239.81,46455.78,0.00,0.00,0.00,630.53,1984.62,1038.03,2326.76,2326.76,1.002,0.093,0.542,-4.422,-0.391,0.625,9746,334.3,0,-0.9490,-0.0382,0.0042,-0.3131,36.5,-1.8,0.0
2326273,2026-09-11_09-02-24.273-240,v5.1.3,3.46,12.0,200,1191,1256,3497,659,1241,3743,15555.08,15401.00,45429.27,16288.16,17434.59,46379.74,0.00,0.00,0.00,733.08,2033.58,950.48,2361.41,2361.41,1.007,0.063,0.540,-4.000,-0.594,-0.141,9746,338.7,0,-0.9490,-0.0375,0.0048,-0.3130,36.4,-1.9,0.0
2326298,2026-09-11_09-02-24.298-240,v5.1.3,3.46,12.0,200,1194,1254,3493,654,1239,3743,15594.99,15375.25,45377.41,16223.14,17407.49,46391.06,0.00,0.00,0.00,628.16,2032.24,1013.65,2356.28,2356.28,1.005,0.082,0.523,-3.500,-0.875,-0.250,9746,338.0,0,-0.9490,-0.0375,0.0050,-0.3130,36.4,-1.9,0.0
2326333,2026-09-11_09-02-24.333-240,v5.1.3,3.46,12.0,200,1201,1250,3495,657,1223,3742,15688.04,15320.72,45404.04,16267.26,17198.76,46374.88,0.00,0.00,0.00,579.22,1878.04,970.84,2192.05,2192.05,1.004,0.088,0.541,-4.812,-0.922,0.656,9744,317.1,0,-0.9490,-0.0385,0.0047,-0.3129,36.4,-1.9,0.0
2326356,2026-09-11_09-02-24.357-240,v5.1.3,3.46,12.0,200,1193,1257,3494,649,1254,3745,15581.43,15414.76,45390.03,16155.33,17603.14,46424.68,0.00,0.00,0.00,573.90,2188.39,1034.64,2487.75,2487.75,1.005,0.068,0.528,-4.688,-0.328,-0.281,9744,354.8,0,-0.9490,-0.0377,0.0051,-0.3128,36.4,-1.9,0.0
2326383,2026-09-11_09-02-24.383-240,v5.1.3,3.46,12.0,200,1198,1267,3503,658,1270,3745,15646.53,15543.46,45505.96,16267.09,17813.85,46401.80,0.00,0.00,0.00,620.56,2270.39,895.85,2518.39,2518.39,1.004,0.079,0.528,-4.047,-0.781,0.156,9744,358.7,0,-0.9491,-0.0375,0.0050,-0.3128,36.4,-1.9,0.0
2326414,2026-09-11_09-02-24.414-240,v5.1.3,3.46,12.0,200,1193,1243,3493,650,1225,3747,15582.93,15230.11,45378.93,16185.28,17225.39,46454.05,0.00,0.00,0.00,602.35,1995.28,1075.12,2345.18,2345.18,1.012,0.079,0.539,-4.391,-0.688,-0.188,9744,336.6,0,-0.9491,-0.0375,0.0051,-0.3127,36.4,-1.9,0.0
2326438,2026-09-11_09-02-24.438-240,v5.1.3,3.46,12.0,200,1192,1260,3491,656,1240,3752,15567.88,15455.41,45350.52,16269.04,17424.33,46502.21,0.00,0.00,0.00,701.16,1968.93,1151.69,2386.35,2386.35,1.008,0.073,0.527,-3.422,-0.938,-0.531,9744,341.9,0,-0.9491,-0.0373,0.0052,-0.3127,36.4,-1.9,0.0
2326473,2026-09-11_09-02-24.473-240,v5.1.3,3.46,12.0,200,1196,1275,3493,656,1246,3747,15619.20,15652.33,45374.53,16255.39,17500.80,46436.72,0.00,0.00,0.00,636.19,1848.47,1062.19,2224.82,2224.82,1.000,0.095,0.536,-4.688,-0.312,-0.047,9755,321.3,0,-0.9491,-0.0382,0.0047,-0.3125,36.4,-1.9,0.0
2326498,2026-09-11_09-02-24.499-240,v5.1.3,3.46,12.0,200,1194,1245,3500,650,1238,3748,15595.96,15254.35,45469.88,16181.97,17395.53,46464.29,0.00,0.00,0.00,586.01,2141.18,994.40,2432.47,2432.47,1.003,0.080,0.530,-4.219,-0.734,0.625,9755,347.7,0,-0.9492,-0.0379,0.0050,-0.3124,36.4,-1.9,0.0
2326528,2026-09-11_09-02-24.528-240,v5.1.3,3.46,12.0,200,1191,1242,3500,651,1242,3748,15556.59,15215.21,45470.29,16193.44,17447.96,46461.30,0.00,0.00,0.00,636.85,2232.76,991.00,2524.46,2524.46,1.008,0.072,0.534,-4.375,-0.828,0.047,9755,359.5,0,-0.9492,-0.0376,0.0050,-0.3124,36.4,-1.9,0.0
2326559,2026-09-11_09-02-24.560-240,v5.1.3,3.46,12.0,200,1198,1239,3499,650,1231,3746,15649.53,15174.74,45457.68,16180.51,17303.37,46439.98,0.00,0.00,0.00,530.98,2128.62,982.30,2403.73,2403.73,1.003,0.078,0.536,-3.797,-0.422,-0.219,9755,344.1,0,-0.9492,-0.0376,0.0049,-0.3124,36.4,-1.9,0.0
2326598,2026-09-11_09-02-24.598-240,v5.1.3,3.46,12.0,200,1186,1258,3492,649,1244,3746,15488.71,15429.66,45363.82,16161.81,17472.93,46439.54,0.00,0.00,0.00,673.10,2043.27,1075.72,2405.25,2405.25,1.006,0.075,0.542,-4.625,-0.703,-0.125,9755,344.3,0,-0.9492,-0.0377,0.0048,-0.3123,36.4,-1.9,0.0
2326632,2026-09-11_09-02-24.633-240,v5.1.3,3.46,12.0,200,1189,1259,3495,640,1262,3744,15528.30,15441.53,45402.79,16031.15,17705.47,46429.86,0.00,0.00,0.00,502.85,2263.95,1027.07,2536.37,2536.37,1.004,0.086,0.535,-4.109,-0.859,0.828,9750,361.0,0,-0.9492,-0.0380,0.0047,-0.3122,36.3,-1.9,0.0
2326655,2026-09-11_09-02-24.655-240,v5.1.3,3.46,12.0,200,1189,1245,3497,646,1250,3744,15529.80,15256.02,45430.78,16115.29,17549.95,46419.17,0.00,0.00,0.00,585.49,2293.93,988.39,2565.51,2565.51,1.002,0.075,0.535,-4.547,-0.766,0.281,9750,364.7,0,-0.9493,-0.0380,0.0046,-0.3121,36.3,-1.9,0.0
2326688,2026-09-11_09-02-24.688-240,v5.1.3,3.46,12.0,200,1197,1246,3498,656,1237,3740,15635.54,15267.66,45443.68,16243.69,17380.63,46348.53,0.00,0.00,0.00,608.14,2112.97,904.85,2377.66,2377.66,1.010,0.063,0.539,-4.078,-0.891,0.453,9750,340.8,0,-0.9493,-0.0369,0.0049,-0.3121,36.3,-1.8,0.0
2326714,2026-09-11_09-02-24.715-240,v5.1.3,3.46,12.0,200,1197,1256,3501,653,1235,3745,15634.48,15398.89,45481.40,16216.11,17355.81,46419.77,0.00,0.00,0.00,581.63,1956.92,938.37,2246.86,2246.86,1.005,0.079,0.539,-3.844,-0.703,-0.234,9750,324.1,0,-0.9493,-0.0373,0.0046,-0.3120,36.3,-1.8,0.0
2326738,2026-09-11_09-02-24.738-240,v5.1.3,3.46,12.0,200,1195,1259,3496,650,1229,3747,15607.69,15440.28,45415.82,16183.58,17277.62,46453.24,0.00,0.00,0.00,575.90,1837.35,1037.42,2187.18,2187.18,1.006,0.080,0.543,-4.469,-0.688,0.078,9750,316.5,0,-0.9493,-0.0376,0.0043,-0.3120,36.3,-1.8,0.0
2326773,2026-09-11_09-02-24.775-240,v5.1.3,3.46,12.0,200,1192,1267,3494,649,1255,3748,15567.13,15547.01,45388.66,16161.56,17617.34,46463.04,0.00,0.00,0.00,594.43,2070.32,1074.39,2407.05,2407.05,1.002,0.079,0.538,-4.281,-0.906,-0.062,9754,344.5,0,-0.9493,-0.0374,0.0044,-0.3120,36.3,-1.8,0.0
2326800,2026-09-11_09-02-24.801-240,v5.1.3,3.46,12.0,200,1188,1253,3492,650,1245,3751,15515.70,15363.29,45364.51,16185.65,17488.07,46501.45,0.00,0.00,0.00,669.95,2124.78,1136.93,2501.23,2501.23,1.005,0.080,0.534,-4.500,-0.812,1.203,9754,356.5,0,-0.9493,-0.0377,0.0044,-0.3121,36.3,-1.8,0.0
2326833,2026-09-11_09-02-24.833-240,v5.1.3,3.46,12.0,200,1195,1250,3498,650,1244,3740,15608.65,15320.82,45443.13,16161.67,17470.87,46360.22,0.00,0.00,0.00,553.01,2150.05,917.09,2402.00,2402.00,1.005,0.072,0.535,-4.219,-0.781,-0.609,9754,343.9,0,-0.9493,-0.0374,0.0047,-0.3120,36.3,-1.8,0.0
2326862,2026-09-11_09-02-24.862-240,v5.1.3,3.46,12.0,200,1194,1248,3496,655,1233,3746,15595.63,15295.13,45417.34,16245.53,17330.46,46428.66,0.00,0.00,0.00,649.90,2035.33,1011.32,2363.83,2363.83,1.009,0.086,0.536,-4.109,-0.375,0.047,9754,339.0,0,-0.9493,-0.0377,0.0045,-0.3121,36.3,-1.8,0.0
2326888,2026-09-11_09-02-24.888-240,v5.1.3,3.46,12.0,200,1203,1252,3492,654,1234,3745,15714.28,15347.68,45364.66,16229.71,17342.95,46417.79,0.00,0.00,0.00,515.43,1995.27,1053.12,2314.27,2314.27,1.007,0.081,0.540,-4.250,-0.734,0.391,9754,332.7,0,-0.9493,-0.0379,0.0044,-0.3121,36.3,-1.8,0.0
2326923,2026-09-11_09-02-24.923-240,v5.1.3,3.46,12.0,200,1193,1261,3496,648,1258,3745,15581.01,15467.02,45415.55,16140.46,17655.18,46426.05,0.00,0.00,0.00,559.45,2188.16,1010.51,2474.30,2474.30,1.006,0.081,0.534,-4.234,-0.969,-0.438,9742,353.1,0,-0.9493,-0.0381,0.0042,-0.3120,36.3,-1.8,0.0
2326945,2026-09-11_09-02-24.946-240,v5.1.3,3.46,12.0,200,1192,1254,3497,650,1242,3752,15568.53,15374.42,45429.54,16189.15,17449.28,46514.91,0.00,0.00,0.00,620.62,2074.85,1085.37,2422.44,2422.44,1.004,0.082,0.537,-4.219,-0.578,0.516,9742,346.5,0,-0.9493,-0.0383,0.0041,-0.3120,36.3,-1.8,0.0
2326973,2026-09-11_09-02-25.973-240,v5.1.3,3.46,12.0,200,1192,1244,3501,654,1239,3745,15569.61,15241.18,45483.05,16227.58,17408.24,46416.78,0.00,0.00,0.00,657.98,2167.07,933.73,2449.68,2449.68,1.005,0.073,0.539,-4.141,-1.031,0.141,9742,349.9,0,-0.9493,-0.0377,0.0044,-0.3120,36.3,-1.8,0.0
2327016,2026-09-11_09-02-25.017-240,v5.1.3,3.46,12.0,200,1197,1248,3501,641,1245,3743,15635.33,15293.21,45482.50,16049.33,17483.29,46418.24,0.00,0.00,0.00,414.00,2190.08,935.74,2417.32,2417.32,1.009,0.081,0.536,-3.922,-0.594,0.344,9742,345.8,0,-0.9493,-0.0383,0.0042,-0.3120,36.3,-1.8,0.0
2327043,2026-09-11_09-02-25.043-240,v5.1.3,3.46,12.0,200,1188,1250,3492,648,1239,3739,15516.03,15323.66,45364.92,16135.23,17404.80,46352.73,0.00,0.00,0.00,619.20,2081.14,987.81,2385.44,2385.44,1.007,0.079,0.538,-4.562,-0.703,0.234,9742,341.7,0,-0.9493,-0.0382,0.0042,-0.3120,36.3,-1.8,0.0
2327077,2026-09-11_09-02-25.079-240,v5.1.3,3.46,12.0,200,1200,1242,3501,652,1230,3745,15675.67,15213.48,45483.33,16205.06,17290.32,46422.96,0.00,0.00,0.00,529.39,2076.84,939.62,2340.18,2340.18,1.005,0.084,0.533,-4.109,-0.906,0.453,9742,336.0,0,-0.9493,-0.0386,0.0042,-0.3120,36.3,-1.8,0.0
2327100,2026-09-11_09-02-25.101-240,v5.1.3,3.46,12.0,200,1192,1271,3498,660,1253,3742,15566.71,15598.70,45440.24,16294.01,17591.11,46362.29,0.00,0.00,0.00,727.30,1992.41,922.05,2312.76,2312.76,1.005,0.077,0.542,-4.391,-0.797,0.047,9742,332.5,0,-0.9493,-0.0382,0.0042,-0.3120,36.3,-1.8,0.0
2327133,2026-09-11_09-02-25.133-240,v5.1.3,3.46,12.0,200,1195,1246,3499,660,1228,3750,15609.08,15267.69,45456.71,16322.40,17267.66,46470.18,0.00,0.00,0.00,713.32,1999.97,1013.47,2352.83,2352.83,1.007,0.079,0.539,-3.797,-0.812,-0.188,9742,337.6,0,-0.9493,-0.0382,0.0042,-0.3120,36.3,-1.8,0.0
2327161,2026-09-11_09-02-25.161-240,v5.1.3,3.46,12.0,200,1190,1258,3495,659,1241,3739,15541.64,15428.16,45402.93,16279.29,17433.08,46328.32,0.00,0.00,0.00,737.65,2004.92,925.39,2328.13,2328.13,0.998,0.074,0.531,-4.094,-0.719,0.094,9742,334.4,0,-0.9493,-0.0381,0.0043,-0.3120,36.3,-1.8,0.0
2327185,2026-09-11_09-02-25.186-240,v5.1.3,3.46,12.0,200,1189,1255,3494,646,1234,3748,15528.72,15388.98,45390.30,16130.98,17342.51,46473.82,0.00,0.00,0.00,602.25,1953.53,1083.52,2313.66,2313.66,1.005,0.078,0.535,-4.203,-0.812,0.141,9742,332.6,0,-0.9493,-0.0380,0.0045,-0.3119,36.3,-1.8,0.0
2327218,2026-09-11_09-02-25.218-240,v5.1.3,3.46,12.0,200,1186,1261,3502,640,1268,3748,15488.40,15466.42,45493.74,16037.47,17785.34,46480.08,0.00,0.00,0.00,549.07,2318.92,986.34,2579.10,2579.10,1.001,0.083,0.539,-3.906,-0.844,0.172,9745,366.5,0,-0.9493,-0.0381,0.0044,-0.3119,36.3,-1.8,0.0
2327241,2026-09-11_09-02-25.242-240,v5.1.3,3.46,12.0,200,1197,1263,3494,647,1240,3747,15633.72,15493.37,45389.21,16139.38,17420.68,46457.58,0.00,0.00,0.00,505.66,1927.31,1068.37,2260.89,2260.89,1.006,0.078,0.539,-4.359,-1.094,-0.031,9745,325.9,0,-0.9494,-0.0380,0.0044,-0.3118,36.3,-1.8,0.0
2327273,2026-09-11_09-02-25.273-240,v5.1.3,3.46,12.0,200,1192,1257,3501,648,1245,3744,15568.21,15412.90,45481.26,16143.77,17485.04,46415.81,0.00,0.00,0.00,575.56,2072.14,934.55,2344.87,2344.87,1.007,0.075,0.540,-3.719,-1.219,-0.094,9745,336.6,0,-0.9494,-0.0376,0.0047,-0.3119,36.3,-1.9,0.0
2327298,2026-09-11_09-02-25.299-240,v5.1.3,3.46,12.0,200,1187,1251,3498,647,1256,3743,15502.70,15335.31,45442.98,16123.70,17628.12,46402.93,0.00,0.00,0.00,621.00,2292.81,959.94,2562.05,2562.05,1.003,0.081,0.538,-3.391,-0.953,-0.203,9745,364.3,0,-0.9493,-0.0380,0.0047,-0.3119,36.3,-1.9,0.0
2327321,2026-09-11_09-02-25.322-240,v5.1.3,3.46,12.0,200,1193,1260,3493,655,1244,3743,15581.11,15454.67,45376.59,16234.19,17472.98,46387.88,0.00,0.00,0.00,653.08,2018.31,1011.29,2350.06,2350.06,1.010,0.081,0.540,-4.000,-0.688,0.344,9745,337.2,0,-0.9494,-0.0381,0.0044,-0.3118,36.3,-1.8,0.0
2327353,2026-09-11_09-02-25.353-240,v5.1.3,3.46,12.0,200,1189,1248,3492,643,1250,3748,15529.47,15297.09,45365.20,16084.65,17550.87,46477.15,0.00,0.00,0.00,555.18,2253.78,1111.95,2573.75,2573.75,1.008,0.078,0.536,-4.516,-1.000,0.609,9750,365.8,0,-0.9494,-0.0379,0.0045,-0.3119,36.3,-1.8,0.0
2327380,2026-09-11_09-02-25.381-240,v5.1.3,3.46,12.0,200,1188,1257,3492,655,1255,3749,15515.28,15416.13,45363.96,16242.83,17618.89,46462.80,0.00,0.00,0.00,727.55,2202.76,1098.84,2566.89,2566.89,1.005,0.081,0.534,-4.203,-0.750,0.031,9750,364.9,0,-0.9494,-0.0380,0.0045,-0.3118,36.3,-1.8,0.0
2327423,2026-09-11_09-02-25.423-240,v5.1.3,3.46,12.0,200,1195,1266,3494,657,1239,3741,15606.93,15533.32,45388.80,16258.23,17407.32,46358.80,0.00,0.00,0.00,651.30,1874.00,970.00,2208.39,2208.39,1.006,0.072,0.531,-4.406,-0.750,0.328,9750,319.2,0,-0.9494,-0.0378,0.0046,-0.3118,36.3,-1.8,0.0
2327448,2026-09-11_09-02-25.448-240,v5.1.3,3.46,12.0,200,1184,1260,3494,647,1259,3749,15462.03,15455.83,45389.61,16135.74,17669.55,46479.46,0.00,0.00,0.00,673.70,2213.73,1089.86,2557.78,2557.78,1.009,0.079,0.536,-4.188,-1.000,-0.422,9750,363.7,0,-0.9494,-0.0377,0.0045,-0.3117,36.3,-1.8,0.0
2327470,2026-09-11_09-02-25.471-240,v5.1.3,3.46,12.0,200,1201,1245,3486,650,1226,3749,15688.56,15257.26,45287.43,16189.30,17239.20,46479.56,0.00,0.00,0.00,500.74,1981.95,1192.13,2366.44,2366.44,1.007,0.079,0.539,-4.281,-0.766,-0.359,9750,339.3,0,-0.9494,-0.0377,0.0042,-0.3117,36.3,-1.8,0.0
2327503,2026-09-11_09-02-25.503-240,v5.1.3,3.46,12.0,200,1186,1250,3496,650,1259,3745,15489.57,15322.83,45417.05,16166.38,17668.63,46421.48,0.00,0.00,0.00,676.81,2345.80,1004.43,2640.03,2640.03,1.012,0.078,0.536,-4.469,-1.188,-0.234,9753,374.2,0,-0.9495,-0.0377,0.0041,-0.3116,36.3,-1.8,0.0
2327529,2026-09-11_09-02-25.529-240,v5.1.3,3.46,12.0,200,1190,1264,3491,651,1239,3750,15540.99,15508.56,45349.97,16199.16,17409.54,46487.61,0.00,0.00,0.00,658.17,1900.98,1137.64,2311.09,2311.09,1.007,0.087,0.536,-4.328,-0.891,0.812,9753,332.3,0,-0.9494,-0.0379,0.0039,-0.3116,36.3,-1.8,0.0
2327553,2026-09-11_09-02-25.553-240,v5.1.3,3.46,12.0,200,1189,1259,3496,659,1237,3747,15528.30,15441.24,45415.82,16298.74,17383.86,46431.98,0.00,0.00,0.00,770.44,1942.62,1016.16,2323.78,2323.78,1.001,0.068,0.540,-4.188,-0.906,0.484,9753,333.9,0,-0.9495,-0.0375,0.0038,-0.3116,36.3,-1.8,0.0
2327587,2026-09-11_09-02-25.589-240,v5.1.3,3.46,12.0,200,1191,1280,3493,647,1252,3748,15552.51,15719.18,45373.84,16136.49,17577.77,46468.02,0.00,0.00,0.00,583.99,1858.58,1094.18,2234.41,2234.41,1.010,0.080,0.531,-4.172,-0.828,-3.406,9753,322.5,0,-0.9495,-0.0378,0.0037,-0.3114,36.3,-1.8,0.0
2327615,2026-09-11_09-02-25.616-240,v5.1.3,3.46,12.0,200,1193,1269,3503,646,1234,3738,15580.16,15570.68,45505.68,16108.79,17338.74,46345.25,0.00,0.00,0.00,528.63,1768.06,839.58,2027.40,2027.40,1.010,0.076,0.531,-4.109,-0.875,-0.094,9753,296.1,0,-0.9495,-0.0380,0.0036,-0.3114,36.3,-1.7,0.0
2327643,2026-09-11_09-02-25.643-240,v5.1.3,3.46,12.0,200,1189,1252,3497,648,1254,3742,15529.05,15348.48,45429.81,16135.50,17601.82,46388.29,0.00,0.00,0.00,606.45,2253.33,958.48,2522.69,2522.69,1.000,0.076,0.527,-4.219,-1.156,-0.016,9759,359.3,0,-0.9495,-0.0377,0.0039,-0.3115,36.3,-1.8,0.0
2327674,2026-09-11_09-02-25.675-240,v5.1.3,3.46,12.0,200,1193,1257,3497,655,1249,3745,15581.44,15413.89,45429.13,16236.50,17539.03,46412.58,0.00,0.00,0.00,655.06,2125.13,983.45,2431.56,2431.56,1.001,0.086,0.559,-4.234,-0.594,0.797,9759,347.6,0,-0.9495,-0.0380,0.0031,-0.3116,36.3,-1.7,0.0
2327703,2026-09-11_09-02-25.703-240,v5.1.3,3.46,12.0,200,1198,1258,3497,655,1246,3747,15647.49,15426.30,45429.00,16242.22,17500.61,46438.90,0.00,0.00,0.00,594.73,2074.31,1009.91,2382.51,2382.51,1.004,0.071,0.532,-4.219,-0.688,0.219,9759,341.4,0,-0.9495,-0.0377,0.0032,-0.3116,36.3,-1.7,0.0
2327738,2026-09-11_09-02-25.738-240,v5.1.3,3.46,12.0,200,1197,1244,3496,657,1223,3742,15635.76,15241.81,45417.89,16267.26,17198.76,46374.88,0.00,0.00,0.00,631.50,1956.94,956.99,2268.09,2268.09,1.000,0.086,0.543,-4.281,-0.688,0.109,9759,326.8,0,-0.9494,-0.0379,0.0032,-0.3117,36.3,-1.7,0.0
2327761,2026-09-11_09-02-25.761-240,v5.1.3,3.46,12.0,200,1197,1291,3496,649,1265,3744,15630.72,15862.66,45411.43,16148.43,17746.41,46409.60,0.00,0.00,0.00,517.72,1883.75,998.18,2193.83,2193.83,1.003,0.081,0.531,-4.812,-0.281,0.344,9759,317.3,0,-0.9494,-0.0381,0.0036,-0.3116,36.3,-1.8,0.0
2327793,2026-09-11_09-02-25.793-240,v5.1.3,3.46,12.0,200,1192,1245,3503,657,1223,3738,15569.50,15253.81,45508.98,16258.38,17197.25,46323.45,0.00,0.00,0.00,688.88,1943.44,814.47,2216.95,2216.95,1.004,0.072,0.542,-3.844,-0.719,-0.406,9745,320.3,0,-0.9494,-0.0374,0.0038,-0.3117,36.3,-1.8,0.0
2327823,2026-09-11_09-02-25.824-240,v5.1.3,3.46,12.0,200,1188,1256,3496,646,1257,3746,15515.39,15401.77,45416.23,16116.75,17642.11,46443.48,0.00,0.00,0.00,601.37,2240.34,1027.25,2536.93,2536.93,1.003,0.089,0.541,-4.375,-0.812,-0.047,9745,361.1,0,-0.9494,-0.0380,0.0039,-0.3117,36.3,-1.8,0.0
2327863,2026-09-11_09-02-25.863-240,v5.1.3,3.46,12.0,200,1195,1243,3500,660,1230,3750,15609.41,15227.77,45470.16,16321.55,17293.78,46469.77,0.00,0.00,0.00,712.14,2066.00,999.61,2403.07,2403.07,1.005,0.067,0.534,-4.031,-0.844,-0.594,9745,344.0,0,-0.9494,-0.0377,0.0039,-0.3119,36.3,-1.8,0.0
2327895,2026-09-11_09-02-25.896-240,v5.1.3,3.46,12.0,200,1196,1243,3500,647,1230,3746,15622.64,15227.61,45470.16,16141.42,17289.72,46446.73,0.00,0.00,0.00,518.78,2062.10,976.57,2339.89,2339.89,1.012,0.082,0.543,-3.984,-0.766,-0.484,9745,335.9,0,-0.9493,-0.0378,0.0041,-0.3120,36.3,-1.8,0.0
2327923,2026-09-11_09-02-25.923-240,v5.1.3,3.46,12.0,200,1195,1257,3491,653,1249,3746,15607.89,15415.30,45350.94,16212.37,17539.01,46429.80,0.00,0.00,0.00,604.48,2123.71,1078.87,2457.54,2457.54,0.999,0.078,0.539,-4.078,-0.625,0.219,9750,350.9,0,-0.9493,-0.0378,0.0041,-0.3120,36.3,-1.8,0.0
2327953,2026-09-11_09-02-25.953-240,v5.1.3,3.46,12.0,200,1198,1259,3491,653,1237,3748,15647.37,15441.23,45350.66,16221.92,17383.06,46457.93,0.00,0.00,0.00,574.55,1941.83,1107.27,2307.99,2307.99,1.008,0.085,0.537,-3.984,-0.734,-0.203,9750,331.9,0,-0.9493,-0.0381,0.0040,-0.3120,36.3,-1.8,0.0
2327977,2026-09-11_09-02-26.978-240,v5.1.3,3.46,12.0,200,1193,1245,3501,649,1244,3737,15582.73,15254.22,45482.91,16141.83,17469.54,46323.83,0.00,0.00,0.00,559.10,2215.31,840.92,2434.62,2434.62,1.003,0.074,0.532,-4.297,-0.500,0.188,9750,348.0,0,-0.9493,-0.0382,0.0039,-0.3120,36.3,-1.8,0.0
2328003,2026-09-11_09-02-26.003-240,v5.1.3,3.46,12.0,200,1196,1257,3493,653,1241,3741,15621.13,15414.56,45377.00,16204.68,17432.66,46367.13,0.00,0.00,0.00,583.56,2018.09,990.12,2322.41,2322.41,1.008,0.078,0.536,-4.344,-0.828,-0.531,9750,333.7,0,-0.9493,-0.0380,0.0042,-0.3119,36.3,-1.8,0.0
2328038,2026-09-11_09-02-26.038-240,v5.1.3,3.46,12.0,200,1192,1251,3497,645,1255,3742,15568.85,15334.79,45429.95,16095.55,17614.29,46394.64,0.00,0.00,0.00,526.70,2279.50,964.68,2530.64,2530.64,1.008,0.079,0.533,-4.078,-0.688,0.391,9750,360.3,0,-0.9493,-0.0382,0.0045,-0.3119,36.3,-1.9,0.0
2328061,2026-09-11_09-02-26.062-240,v5.1.3,3.46,12.0,200,1194,1247,3500,647,1252,3749,15595.75,15280.77,45469.61,16138.71,17578.14,46480.88,0.00,0.00,0.00,542.97,2297.37,1011.27,2568.15,2568.15,1.013,0.075,0.539,-4.328,-0.672,-0.953,9761,365.1,0,-0.9493,-0.0382,0.0052,-0.3119,36.3,-1.9,0.0
2328093,2026-09-11_09-02-26.093-240,v5.1.3,3.46,12.0,200,1196,1271,3498,649,1268,3746,15619.63,15598.06,45440.24,16151.60,17786.35,46434.71,0.00,0.00,0.00,531.96,2188.29,994.47,2461.82,2461.82,1.007,0.081,0.538,-4.078,-0.625,1.172,9761,351.5,0,-0.9493,-0.0383,0.0051,-0.3119,36.3,-1.9,0.0
2328123,2026-09-11_09-02-26.124-240,v5.1.3,3.46,12.0,200,1187,1261,3500,656,1263,3736,15501.63,15466.83,45467.68,16223.75,17718.65,46291.86,0.00,0.00,0.00,722.12,2251.82,824.19,2504.29,2504.29,1.001,0.087,0.541,-4.125,-0.797,0.406,9761,356.9,0,-0.9493,-0.0385,0.0051,-0.3120,36.3,-1.9,0.0
2328148,2026-09-11_09-02-26.148-240,v5.1.3,3.46,12.0,200,1190,1255,3494,648,1246,3745,15541.96,15388.82,45390.30,16145.56,17498.48,46428.47,0.00,0.00,0.00,603.61,2109.66,1038.16,2427.51,2427.51,1.004,0.078,0.533,-4.125,-0.672,0.797,9761,347.1,0,-0.9493,-0.0384,0.0052,-0.3120,36.3,-1.9,0.0
2328183,2026-09-11_09-02-26.183-240,v5.1.3,3.46,12.0,200,1188,1272,3490,652,1257,3748,15513.67,15614.85,45335.83,16200.23,17644.04,46456.09,0.00,0.00,0.00,686.57,2029.19,1120.26,2417.43,2417.43,1.002,0.074,0.546,-4.203,-0.781,-0.062,9761,345.8,0,-0.9493,-0.0379,0.0053,-0.3120,36.3,-1.9,0.0
2328205,2026-09-11_09-02-26.206-240,v5.1.3,3.46,12.0,200,1190,1244,3491,646,1248,3750,15543.13,15244.37,45352.72,16129.46,17526.09,46496.72,0.00,0.00,0.00,586.33,2281.72,1144.00,2618.92,2618.92,1.000,0.083,0.540,-4.250,-0.766,-0.156,9755,371.5,0,-0.9493,-0.0380,0.0053,-0.3120,36.3,-1.9,0.0
2328238,2026-09-11_09-02-26.238-240,v5.1.3,3.46,12.0,200,1188,1259,3493,641,1254,3744,15515.06,15442.26,45376.72,16047.72,17601.20,46429.29,0.00,0.00,0.00,532.66,2158.94,1052.57,2460.21,2460.21,0.999,0.081,0.540,-4.891,-0.797,-0.172,9755,351.3,0,-0.9493,-0.0382,0.0056,-0.3119,36.3,-2.0,0.0
2328280,2026-09-11_09-02-26.281-240,v5.1.3,3.46,12.0,200,1192,1278,3495,649,1266,3746,15565.95,15692.03,45400.18,16152.45,17760.23,46435.11,0.00,0.00,0.00,586.49,2068.20,1034.94,2385.90,2385.90,1.010,0.080,0.535,-3.859,-1.328,-0.297,9755,341.8,0,-0.9493,-0.0380,0.0053,-0.3120,36.3,-1.9,0.0
2328308,2026-09-11_09-02-26.308-240,v5.1.3,3.46,12.0,200,1187,1243,3486,646,1225,3738,15503.54,15233.08,45287.69,16112.62,17221.21,46347.07,0.00,0.00,0.00,609.08,1988.13,1059.38,2333.65,2333.65,1.010,0.093,0.541,-4.609,-0.797,0.578,9755,335.1,0,-0.9493,-0.0387,0.0049,-0.3121,36.3,-1.9,0.0
2328342,2026-09-11_09-02-26.343-240,v5.1.3,3.46,12.0,200,1195,1252,3494,647,1256,3746,15608.43,15348.38,45390.72,16130.35,17629.25,46441.50,0.00,0.00,0.00,521.92,2280.86,1050.77,2564.93,2564.93,1.004,0.072,0.537,-4.234,-0.953,-0.234,9755,364.6,0,-0.9493,-0.0379,0.0050,-0.3121,36.3,-1.9,0.0
2328364,2026-09-11_09-02-26.365-240,v5.1.3,3.46,12.0,200,1197,1246,3503,649,1240,3743,15635.55,15266.22,45508.84,16156.85,17419.57,46401.78,0.00,0.00,0.00,521.30,2153.35,892.94,2388.72,2388.72,1.006,0.080,0.534,-4.000,-0.828,-0.219,9752,342.2,0,-0.9493,-0.0379,0.0049,-0.3121,36.3,-1.9,0.0
2328393,2026-09-11_09-02-26.393-240,v5.1.3,3.46,12.0,200,1188,1284,3492,651,1257,3749,15512.38,15772.79,45360.25,16189.28,17644.22,46471.13,0.00,0.00,0.00,676.90,1871.43,1110.89,2279.15,2279.15,1.007,0.079,0.535,-4.406,-0.938,-0.219,9752,328.2,0,-0.9493,-0.0380,0.0048,-0.3120,36.3,-1.9,0.0
2328424,2026-09-11_09-02-26.425-240,v5.1.3,3.46,12.0,200,1203,1244,3494,672,1234,3747,15715.14,15241.43,45391.83,16471.28,17347.23,46404.20,0.00,0.00,0.00,756.14,2105.81,1012.37,2455.82,2455.82,1.005,0.086,0.534,-4.000,-0.828,0.391,9752,350.7,0,-0.9493,-0.0379,0.0048,-0.3121,36.3,-1.9,0.0
2328448,2026-09-11_09-02-26.448-240,v5.1.3,3.46,12.0,200,1190,1260,3496,653,1245,3749,15541.42,15454.29,45415.68,16220.73,17487.91,46469.18,0.00,0.00,0.00,679.31,2033.62,1053.50,2388.92,2388.92,1.009,0.085,0.531,-4.094,-0.891,0.203,9752,342.2,0,-0.9493,-0.0383,0.0048,-0.3121,36.3,-1.9,0.0
2328478,2026-09-11_09-02-26.478-240,v5.1.3,3.46,12.0,200,1191,1259,3498,653,1231,3750,15554.76,15440.34,45441.89,16228.91,17305.46,46484.86,0.00,0.00,0.00,674.15,1865.12,1042.97,2240.74,2240.74,1.007,0.070,0.537,-3.594,-0.609,0.312,9752,323.3,0,-0.9493,-0.0375,0.0047,-0.3122,36.3,-1.9,0.0
2328504,2026-09-11_09-02-26.504-240,v5.1.3,3.46,12.0,200,1202,1258,3496,650,1240,3746,15700.41,15425.95,45415.97,16176.68,17420.89,46438.17,0.00,0.00,0.00,476.27,1994.95,1022.20,2291.62,2291.62,1.009,0.086,0.536,-3.812,-0.969,0.125,9750,329.8,0,-0.9493,-0.0378,0.0046,-0.3122,36.3,-1.8,0.0
2328530,2026-09-11_09-02-26.531-240,v5.1.3,3.46,12.0,200,1191,1261,3498,662,1243,3744,15554.55,15466.76,45441.61,16329.05,17461.67,46385.65,0.00,0.00,0.00,774.50,1994.90,944.04,2338.95,2338.95,1.003,0.081,0.534,-4.719,-1.172,0.406,9750,335.8,0,-0.9493,-0.0381,0.0045,-0.3121,36.3,-1.9,0.0
2328563,2026-09-11_09-02-26.563-240,v5.1.3,3.46,12.0,200,1196,1240,3496,657,1233,3742,15622.95,15189.14,45418.44,16263.00,17329.35,46372.87,0.00,0.00,0.00,640.05,2140.21,954.43,2429.22,2429.22,1.007,0.072,0.532,-3.844,-0.984,0.000,9750,347.3,0,-0.9493,-0.0375,0.0048,-0.3122,36.3,-1.9,0.0
2328585,2026-09-11_09-02-26.586-240,v5.1.3,3.46,12.0,200,1187,1274,3501,655,1269,3741,15500.23,15638.27,45478.92,16219.12,17798.70,46357.12,0.00,0.00,0.00,718.88,2160.43,878.21,2440.39,2440.39,1.005,0.096,0.535,-3.547,-0.688,0.453,9750,348.8,0,-0.9492,-0.0380,0.0045,-0.3122,36.3,-1.8,0.0
2328613,2026-09-11_09-02-26.613-240,v5.1.3,3.46,12.0,200,1191,1257,3505,646,1261,3749,15554.99,15411.91,45533.39,16121.71,17695.48,46481.25,0.00,0.00,0.00,566.72,2283.56,947.85,2536.58,2536.58,1.008,0.077,0.542,-4.656,-0.734,0.656,9750,361.0,0,-0.9492,-0.0380,0.0043,-0.3122,36.3,-1.8,0.0
2328641,2026-09-11_09-02-26.642-240,v5.1.3,3.46,12.0,200,1191,1261,3497,649,1264,3743,15554.55,15467.05,45428.58,16146.64,17732.98,46396.95,0.00,0.00,0.00,592.09,2265.93,968.37,2534.31,2534.31,1.010,0.073,0.539,-3.641,-1.094,0.047,9751,360.7,0,-0.9493,-0.0372,0.0044,-0.3122,36.4,-1.8,0.0
2328675,2026-09-11_09-02-26.676-240,v5.1.3,3.46,12.0,200,1190,1248,3495,651,1241,3747,15542.71,15296.06,45404.30,16191.65,17434.53,46448.64,0.00,0.00,0.00,648.94,2138.46,1044.34,2466.74,2466.74,1.006,0.090,0.533,-4.031,-1.062,0.578,9751,352.1,0,-0.9492,-0.0381,0.0039,-0.3122,36.4,-1.8,0.0
2328708,2026-09-11_09-02-26.708-240,v5.1.3,3.46,12.0,200,1193,1257,3497,656,1229,3740,15581.44,15413.89,45429.13,16247.09,17276.16,46350.14,0.00,0.00,0.00,665.65,1862.27,921.01,2181.60,2181.60,1.008,0.072,0.535,-3.969,-1.031,0.469,9751,315.7,0,-0.9492,-0.0374,0.0043,-0.3123,36.4,-1.8,0.0
2328731,2026-09-11_09-02-26.732-240,v5.1.3,3.46,12.0,200,1198,1251,3496,657,1234,3746,15648.24,15334.12,45416.93,16271.45,17343.91,46424.09,0.00,0.00,0.00,623.21,2009.79,1007.16,2332.82,2332.82,1.002,0.080,0.530,-4.141,-0.656,-0.312,9751,335.0,0,-0.9492,-0.0376,0.0042,-0.3123,36.4,-1.8,0.0
2328758,2026-09-11_09-02-26.758-240,v5.1.3,3.46,12.0,200,1191,1261,3497,645,1257,3746,15554.55,15467.05,45428.58,16103.58,17641.91,46445.66,0.00,0.00,0.00,549.03,2174.86,1017.08,2462.91,2462.91,1.003,0.078,0.536,-4.375,-0.969,-0.016,9751,351.6,0,-0.9492,-0.0378,0.0041,-0.3122,36.4,-1.8,0.0
2328789,2026-09-11_09-02-26.789-240,v5.1.3,3.46,12.0,200,1190,1248,3497,650,1252,3742,15542.71,15295.49,45430.36,16162.70,17576.09,46384.32,0.00,0.00,0.00,619.99,2280.60,953.96,2548.64,2548.64,1.006,0.082,0.530,-4.172,-0.797,0.078,9749,362.6,0,-0.9492,-0.0377,0.0042,-0.3123,36.4,-1.8,0.0
2328811,2026-09-11_09-02-26.812-240,v5.1.3,3.46,12.0,200,1195,1245,3496,651,1232,3751,15609.19,15255.34,45417.75,16204.35,17318.51,46501.88,0.00,0.00,0.00,595.17,2063.16,1084.13,2405.45,2405.45,1.004,0.087,0.539,-4.172,-1.156,0.531,9749,344.3,0,-0.9492,-0.0382,0.0040,-0.3122,36.4,-1.8,0.0
2328843,2026-09-11_09-02-26.843-240,v5.1.3,3.46,12.0,200,1193,1265,3499,657,1254,3743,15580.58,15518.99,45454.09,16256.29,17603.96,46381.49,0.00,0.00,0.00,675.70,2084.96,927.40,2379.86,2379.86,1.004,0.069,0.539,-4.125,-0.984,0.047,9749,341.0,0,-0.9493,-0.0375,0.0042,-0.3122,36.3,-1.8,0.0
2328874,2026-09-11_09-02-26.875-240,v5.1.3,3.46,12.0,200,1193,1245,3497,660,1233,3748,15582.73,15255.38,45430.78,16315.84,17332.20,46443.46,0.00,0.00,0.00,733.11,2076.82,1012.68,2424.08,2424.08,1.004,0.085,0.536,-3.797,-1.156,0.156,9749,346.7,0,-0.9492,-0.0377,0.0043,-0.3123,36.4,-1.8,0.0
2328898,2026-09-11_09-02-26.898-240,v5.1.3,3.46,12.0,200,1194,1257,3496,641,1239,3749,15594.67,15414.02,45416.10,16065.20,17407.20,46496.59,0.00,0.00,0.00,470.53,1993.18,1080.50,2315.52,2315.52,1.004,0.080,0.541,-4.172,-1.016,0.172,9749,332.8,0,-0.9492,-0.0379,0.0041,-0.3123,36.4,-1.8,0.0
2328928,2026-09-11_09-02-26.928-240,v5.1.3,3.46,12.0,200,1184,1241,3503,657,1236,3740,15464.08,15202.25,45509.52,16257.29,17367.77,46346.55,0.00,0.00,0.00,793.21,2165.52,837.03,2453.42,2453.42,1.006,0.080,0.536,-4.562,-0.922,0.453,9757,350.4,0,-0.9492,-0.0381,0.0041,-0.3123,36.4,-1.8,0.0
2328953,2026-09-11_09-02-26.954-240,v5.1.3,3.46,12.0,200,1197,1247,3489,655,1243,3749,15635.42,15283.46,45326.25,16247.93,17462.18,46465.22,0.00,0.00,0.00,612.51,2178.73,1138.97,2533.63,2533.63,1.004,0.082,0.538,-4.328,-1.328,-0.078,9757,360.7,0,-0.9492,-0.0380,0.0041,-0.3122,36.4,-1.8,0.0
2328978,2026-09-11_09-02-27.978-240,v5.1.3,3.46,12.0,200,1197,1257,3496,648,1258,3747,15634.36,15413.54,45416.10,16144.90,17655.94,46451.77,0.00,0.00,0.00,510.53,2242.40,1035.67,2522.22,2522.22,1.004,0.076,0.542,-4.531,-0.656,0.656,9757,359.2,0,-0.9493,-0.0378,0.0041,-0.3122,36.3,-1.8,0.0
2329012,2026-09-11_09-02-27.013-240,v5.1.3,3.46,12.0,200,1198,1241,3493,650,1241,3747,15649.30,15202.89,45379.21,16178.48,17434.33,46450.82,0.00,0.00,0.00,529.17,2231.44,1071.62,2531.35,2531.35,1.006,0.074,0.543,-3.922,-0.766,-0.656,9757,360.4,0,-0.9493,-0.0377,0.0041,-0.3122,36.4,-1.8,0.0
2329036,2026-09-11_09-02-27.037-240,v5.1.3,3.46,12.0,200,1197,1260,3493,649,1243,3741,15634.04,15454.03,45376.59,16151.14,17457.99,46375.46,0.00,0.00,0.00,517.10,2003.96,998.87,2298.04,2298.04,1.006,0.079,0.541,-3.562,-0.734,-0.828,9757,330.6,0,-0.9492,-0.0379,0.0041,-0.3123,36.4,-1.8,0.0
2329083,2026-09-11_09-02-27.083-240,v5.1.3,3.46,12.0,200,1194,1268,3496,654,1260,3746,15593.49,15559.33,45414.59,16220.87,17682.85,46425.41,0.00,0.00,0.00,627.38,2123.53,1010.82,2434.08,2434.08,1.003,0.079,0.532,-4.516,-0.531,0.312,9745,348.0,0,-0.9492,-0.0384,0.0042,-0.3122,36.3,-1.8,0.0
2329109,2026-09-11_09-02-27.109-240,v5.1.3,3.46,12.0,200,1192,1253,3501,649,1264,3747,15568.64,15360.06,45481.81,16155.52,17734.49,46448.38,0.00,0.00,0.00,586.87,2374.42,966.57,2629.94,2629.94,1.006,0.076,0.546,-4.469,-1.047,-0.047,9745,372.9,0,-0.9493,-0.0384,0.0040,-0.3121,36.3,-1.8,0.0
2329138,2026-09-11_09-02-27.138-240,v5.1.3,3.46,12.0,200,1185,1255,3508,661,1254,3744,15475.82,15385.59,45572.76,16311.20,17605.12,46385.61,0.00,0.00,0.00,835.38,2219.53,812.86,2506.97,2506.97,0.997,0.078,0.542,-4.125,-0.406,-0.156,9745,357.2,0,-0.9493,-0.0378,0.0040,-0.3122,36.3,-1.8,0.0
2329169,2026-09-11_09-02-27.169-240,v5.1.3,3.46,12.0,200,1190,1275,3490,648,1261,3743,15539.81,15654.16,45335.42,16134.74,17693.61,46399.73,0.00,0.00,0.00,594.94,2039.45,1064.32,2376.14,2376.14,1.005,0.087,0.542,-4.422,-0.703,-0.250,9745,340.6,0,-0.9493,-0.0385,0.0037,-0.3120,36.3,-1.8,0.0
2329191,2026-09-11_09-02-27.192-240,v5.1.3,3.46,12.0,200,1199,1243,3494,648,1240,3751,15662.32,15228.86,45391.96,16161.43,17422.39,46506.82,0.00,0.00,0.00,499.11,2193.53,1114.86,2510.69,2510.69,1.000,0.075,0.538,-4.469,-1.281,-0.812,9745,357.7,0,-0.9493,-0.0384,0.0039,-0.3119,36.3,-1.8,0.0
2329224,2026-09-11_09-02-27.224-240,v5.1.3,3.46,12.0,200,1191,1251,3494,654,1235,3745,15555.62,15335.82,45390.86,16229.28,17356.01,46417.59,0.00,0.00,0.00,673.67,2020.19,1026.73,2364.14,2364.14,1.006,0.097,0.537,-4.453,-0.594,0.719,9748,339.0,0,-0.9493,-0.0388,0.0039,-0.3119,36.3,-1.8,0.0
2329249,2026-09-11_09-02-27.250-240,v5.1.3,3.46,12.0,200,1189,1255,3496,653,1249,3745,15528.73,15388.40,45416.37,16210.16,17538.63,46416.95,0.00,0.00,0.00,681.43,2150.23,1000.58,2467.59,2467.59,1.017,0.053,0.540,-5.094,-0.609,1.609,9748,352.2,0,-0.9494,-0.0382,0.0042,-0.3118,36.3,-1.8,0.0
2329273,2026-09-11_09-02-27.275-240,v5.1.3,3.46,12.0,200,1199,1253,3490,659,1243,3743,15661.25,15362.10,45338.45,16287.31,17460.70,46379.34,0.00,0.00,0.00,626.07,2098.60,1040.89,2424.77,2424.77,0.993,0.048,0.537,-3.672,-0.953,-0.125,9748,346.8,0,-0.9494,-0.0371,0.0044,-0.3119,36.3,-1.8,0.0
2329308,2026-09-11_09-02-27.308-240,v5.1.3,3.46,12.0,200,1196,1261,3494,640,1272,3746,15620.70,15467.11,45389.48,16031.33,17836.81,46453.56,0.00,0.00,0.00,410.63,2369.70,1064.07,2629.90,2629.90,1.017,0.112,0.537,-2.938,-0.859,-1.422,9748,372.9,0,-0.9493,-0.0385,0.0040,-0.3120,36.3,-1.8,0.0
2329334,2026-09-11_09-02-27.335-240,v5.1.3,3.43,12.0,200,1177,1240,3496,648,1234,3744,15371.56,15192.18,45418.42,16148.45,17341.39,46418.03,0.00,0.00,0.00,776.89,2149.21,999.61,2494.37,2494.37,0.989,0.083,0.534,-5.141,-0.734,0.672,9748,355.6,0,-0.9493,-0.0390,0.0036,-0.3118,36.3,-1.8,0.0
2329363,2026-09-11_09-02-27.363-240,v5.1.3,3.43,12.0,200,1192,1268,3494,647,1266,3747,15567.02,15560.22,45388.52,16128.32,17760.21,46452.34,0.00,0.00,0.00,561.29,2199.99,1063.82,2507.34,2507.34,1.010,0.075,0.550,-4.641,-0.891,0.359,9755,357.3,0,-0.9494,-0.0380,0.0036,-0.3117,36.3,-1.7,0.0
2329394,2026-09-11_09-02-27.394-240,v5.1.3,3.43,12.0,200,1199,1255,3496,657,1236,3744,15661.04,15386.80,45416.38,16266.16,17369.28,46397.97,0.00,0.00,0.00,605.12,1982.48,981.59,2293.45,2293.45,1.001,0.056,0.543,-3.266,-0.625,-0.859,9755,330.0,0,-0.9494,-0.0371,0.0042,-0.3119,36.3,-1.8,0.0
2329416,2026-09-11_09-02-27.418-240,v5.1.3,3.43,12.0,200,1195,1258,3497,657,1257,3756,15607.79,15426.78,45428.99,16283.86,17648.04,46548.03,0.00,0.00,0.00,676.06,2221.26,1119.04,2577.46,2577.46,0.987,0.096,0.533,-2.828,-1.000,-0.781,9755,366.2,0,-0.9493,-0.0380,0.0040,-0.3120,36.3,-1.8,0.0
2329453,2026-09-11_09-02-27.453-240,v5.1.3,3.43,12.0,200,1197,1243,3500,665,1236,3739,15635.87,15227.45,45470.16,16360.46,17368.96,46316.22,0.00,0.00,0.00,724.59,2141.51,846.06,2413.90,2413.90,1.013,0.084,0.544,-4.297,-0.828,0.250,9755,345.4,0,-0.9493,-0.0389,0.0041,-0.3120,36.3,-1.8,0.0
2329495,2026-09-11_09-02-27.496-240,v5.1.3,3.43,12.0,200,1199,1261,3491,658,1241,3742,15660.39,15467.49,45350.39,16272.77,17434.01,46369.07,0.00,0.00,0.00,612.38,1966.52,1018.68,2297.81,2297.81,1.013,0.064,0.536,-4.297,-1.234,-0.219,9755,330.6,0,-0.9493,-0.0375,0.0047,-0.3121,36.3,-1.8,0.0
2329523,2026-09-11_09-02-27.523-240,v5.1.3,3.43,12.0,200,1194,1259,3494,654,1244,3743,15594.45,15441.01,45389.76,16221.02,17472.78,46390.06,0.00,0.00,0.00,626.57,2031.77,1000.30,2349.74,2349.74,0.997,0.096,0.535,-3.797,-0.500,0.141,9750,337.2,0,-0.9491,-0.0384,0.0043,-0.3124,36.4,-1.8,0.0
2329550,2026-09-11_09-02-27.551-240,v5.1.3,3.43,12.0,200,1200,1250,3488,661,1244,3740,15674.79,15322.89,45312.80,16306.58,17473.03,46336.20,0.00,0.00,0.00,631.78,2150.13,1023.40,2463.65,2463.65,1.005,0.066,0.532,-4.359,-0.344,0.484,9750,351.7,0,-0.9492,-0.0379,0.0046,-0.3124,36.4,-1.9,0.0
2329574,2026-09-11_09-02-27.575-240,v5.1.3,3.43,12.0,200,1195,1261,3491,660,1248,3748,15607.46,15468.13,45350.39,16309.46,17528.08,46440.44,0.00,0.00,0.00,701.99,2059.95,1090.05,2434.00,2434.00,1.007,0.081,0.531,-3.781,-0.984,0.188,9750,347.9,0,-0.9491,-0.0378,0.0046,-0.3125,36.4,-1.9,0.0
2329608,2026-09-11_09-02-27.608-240,v5.1.3,3.43,12.0,200,1199,1245,3500,661,1245,3743,15662.12,15253.55,45469.89,16312.81,17487.21,46374.57,0.00,0.00,0.00,650.69,2233.66,904.68,2496.22,2496.22,1.010,0.085,0.533,-4.828,-0.766,0.219,9750,355.9,0,-0.9491,-0.0384,0.0046,-0.3125,36.4,-1.9,0.0
2329633,2026-09-11_09-02-27.634-240,v5.1.3,3.43,12.0,200,1198,1291,3492,654,1271,3748,15643.94,15863.65,45359.29,16220.63,17827.25,46448.91,0.00,0.00,0.00,576.68,1963.60,1089.61,2318.52,2318.52,0.998,0.055,0.558,-3.906,-1.109,-0.141,9750,333.2,0,-0.9492,-0.0372,0.0044,-0.3125,36.4,-1.8,0.0
2329658,2026-09-11_09-02-27.658-240,v5.1.3,3.43,12.0,200,1196,1261,3491,653,1247,3743,15620.70,15467.97,45350.39,16206.57,17511.76,46391.64,0.00,0.00,0.00,585.87,2043.79,1041.25,2367.39,2367.39,1.013,0.096,0.534,-3.922,-0.938,0.062,9753,339.4,0,-0.9491,-0.0379,0.0044,-0.3126,36.4,-1.8,0.0
2329693,2026-09-11_09-02-27.693-240,v5.1.3,3.43,12.0,200,1200,1269,3493,659,1235,3743,15672.77,15572.43,45375.36,16290.72,17356.23,46380.95,0.00,0.00,0.00,617.95,1783.80,1005.60,2138.93,2138.93,1.011,0.059,0.540,-5.078,-1.078,0.688,9753,310.3,0,-0.9492,-0.0378,0.0045,-0.3124,36.4,-1.8,0.0
2329716,2026-09-11_09-02-27.717-240,v5.1.3,3.43,12.0,200,1195,1258,3493,650,1248,3744,15607.79,15427.93,45376.86,16168.84,17524.61,46410.84,0.00,0.00,0.00,561.05,2096.68,1033.98,2404.16,2404.16,0.999,0.058,0.536,-2.906,-0.781,-0.750,9753,344.1,0,-0.9492,-0.0369,0.0047,-0.3125,36.4,-1.8,0.0
2329743,2026-09-11_09-02-27.743-240,v5.1.3,3.43,12.0,200,1203,1245,3487,661,1237,3740,15715.02,15256.65,45300.46,16309.55,17381.61,46337.61,0.00,0.00,0.00,594.53,2124.96,1037.15,2438.16,2438.16,1.005,0.125,0.540,-4.234,-0.938,0.797,9753,348.5,0,-0.9491,-0.0380,0.0044,-0.3126,36.4,-1.8,0.0
2329774,2026-09-11_09-02-27.774-240,v5.1.3,3.43,12.0,200,1197,1251,3495,648,1245,3739,15635.00,15334.57,45403.89,16132.67,17483.16,46351.53,0.00,0.00,0.00,497.67,2148.59,947.63,2400.44,2400.44,1.000,0.052,0.536,-5.250,-1.156,1.906,9753,343.7,0,-0.9492,-0.0374,0.0046,-0.3125,36.4,-1.8,0.0
2329798,2026-09-11_09-02-27.798-240,v5.1.3,3.43,12.0,200,1195,1257,3491,653,1246,3739,15607.89,15415.30,45350.94,16198.12,17497.20,46340.41,0.00,0.00,0.00,590.22,2081.90,989.47,2379.44,2379.44,1.008,0.068,0.540,-4.078,-0.734,1.078,9760,341.0,0,-0.9492,-0.0364,0.0049,-0.3125,36.4,-1.8,0.0
2329833,2026-09-11_09-02-27.833-240,v5.1.3,3.43,12.0,200,1185,1275,3496,657,1262,3741,15473.66,15653.23,45413.61,16248.44,17707.68,46354.17,0.00,0.00,0.00,774.79,2054.44,940.55,2388.65,2388.65,1.004,0.091,0.539,-4.609,-1.281,0.141,9760,342.2,0,-0.9492,-0.0376,0.0047,-0.3124,36.4,-1.9,0.0
2329857,2026-09-11_09-02-27.858-240,v5.1.3,3.43,12.0,200,1196,1256,3501,663,1258,3742,15621.24,15399.05,45481.40,16331.41,17656.99,46354.73,0.00,0.00,0.00,710.16,2257.94,873.33,2522.96,2522.96,1.012,0.065,0.542,-4.438,-0.922,0.250,9760,359.3,0,-0.9492,-0.0368,0.0050,-0.3123,36.4,-1.9,0.0
2329898,2026-09-11_09-02-27.898-240,v5.1.3,3.43,12.0,200,1192,1246,3495,653,1231,3744,15569.38,15269.32,45404.58,16215.59,17303.20,46407.71,0.00,0.00,0.00,646.21,2033.88,1003.14,2358.08,2358.08,1.007,0.081,0.538,-4.109,-0.891,-0.766,9760,338.3,0,-0.9492,-0.0374,0.0048,-0.3123,36.4,-1.9,0.0
2329927,2026-09-11_09-02-27.928-240,v5.1.3,3.43,12.0,200,1189,1259,3494,653,1247,3741,15528.30,15441.82,45389.75,16202.13,17511.01,46365.92,0.00,0.00,0.00,673.83,2069.19,976.17,2385.06,2385.06,1.003,0.070,0.537,-4.062,-0.703,0.422,9760,341.7,0,-0.9492,-0.0372,0.0049,-0.3123,36.4,-1.9,0.0
2329953,2026-09-11_09-02-27.953-240,v5.1.3,3.43,12.0,200,1196,1262,3499,651,1240,3750,15620.60,15478.88,45454.51,16198.73,17422.60,46487.41,0.00,0.00,0.00,578.13,1943.71,1032.90,2275.78,2275.78,1.003,0.079,0.536,-3.672,-1.172,-0.641,9760,327.8,0,-0.9492,-0.0374,0.0048,-0.3123,36.4,-1.9,0.0
2329988,2026-09-11_09-02-28.988-240,v5.1.3,3.43,12.0,200,1187,1269,3497,645,1239,3739,15500.77,15573.37,45427.47,16095.70,17404.22,46359.29,0.00,0.00,0.00,594.94,1830.85,931.81,2138.75,2138.75,1.002,0.082,0.536,-4.188,-0.578,0.141,9760,310.3,0,-0.9493,-0.0379,0.0044,-0.3122,36.3,-1.8,0.0
2330011,2026-09-11_09-02-28.012-240,v5.1.3,3.43,12.0,200,1189,1256,3492,649,1261,3753,15528.61,15402.76,45364.10,16170.11,17697.57,46526.12,0.00,0.00,0.00,641.49,2294.81,1162.02,2651.03,2651.03,1.005,0.077,0.530,-4.234,-0.750,0.391,9760,375.6,0,-0.9493,-0.0375,0.0045,-0.3122,36.3,-1.8,0.0
2330043,2026-09-11_09-02-28.044-240,v5.1.3,3.43,12.0,200,1196,1242,3499,649,1226,3746,15622.74,15214.69,45457.26,16169.46,17237.88,46443.17,0.00,0.00,0.00,546.72,2023.18,985.91,2316.07,2316.07,1.005,0.086,0.533,-4.391,-1.094,0.734,9760,332.9,0,-0.9493,-0.0380,0.0044,-0.3122,36.3,-1.8,0.0
2330069,2026-09-11_09-02-28.070-240,v5.1.3,3.43,12.0,200,1195,1257,3496,657,1250,3752,15607.90,15413.86,45416.10,16277.96,17555.12,46498.01,0.00,0.00,0.00,670.06,2141.26,1081.91,2490.88,2490.88,1.001,0.067,0.534,-4.109,-0.828,0.672,9760,355.2,0,-0.9493,-0.0374,0.0043,-0.3122,36.3,-1.8,0.0
2330094,2026-09-11_09-02-28.095-240,v5.1.3,3.43,12.0,200,1197,1259,3491,656,1240,3748,15634.14,15441.39,45350.66,16260.16,17422.82,46450.78,0.00,0.00,0.00,626.02,1981.43,1100.12,2351.22,2351.22,1.007,0.078,0.536,-3.734,-0.984,0.062,9750,337.4,0,-0.9493,-0.0372,0.0046,-0.3123,36.4,-1.8,0.0
2330123,2026-09-11_09-02-28.123-240,v5.1.3,3.43,12.0,200,1193,1248,3500,657,1230,3745,15582.41,15294.14,45469.47,16270.93,17291.30,46412.04,0.00,0.00,0.00,688.53,1997.16,942.57,2313.25,2313.25,0.998,0.096,0.547,-5.062,-1.141,1.062,9750,332.5,0,-0.9492,-0.0380,0.0043,-0.3122,36.3,-1.8,0.0
2330150,2026-09-11_09-02-28.151-240,v5.1.3,3.43,12.0,200,1193,1276,3506,640,1282,3730,15579.41,15662.29,45543.81,15991.57,17961.37,46245.83,0.00,0.00,0.00,412.16,2299.08,702.02,2438.95,2438.95,1.003,0.069,0.557,-4.625,-0.734,0.328,9750,348.6,0,-0.9493,-0.0370,0.0045,-0.3121,36.3,-1.8,0.0
2330173,2026-09-11_09-02-28.173-240,v5.1.3,3.43,12.0,200,1194,1257,3495,646,1242,3748,15594.67,15414.31,45403.07,16127.57,17446.98,46472.21,0.00,0.00,0.00,532.91,2032.67,1069.14,2357.72,2357.72,1.010,0.051,0.551,-4.281,-0.656,3.766,9750,338.2,0,-0.9493,-0.0360,0.0051,-0.3122,36.4,-1.8,0.0
2330208,2026-09-11_09-02-28.208-240,v5.1.3,3.43,12.0,200,1187,1286,3492,644,1256,3744,15498.94,15799.37,45359.97,16086.39,17627.90,46422.33,0.00,0.00,0.00,587.46,1828.53,1062.36,2194.83,2194.83,0.999,0.098,0.552,-3.562,-1.078,-0.156,9750,317.4,0,-0.9493,-0.0366,0.0052,-0.3123,36.4,-1.9,0.0
2330232,2026-09-11_09-02-28.232-240,v5.1.3,3.43,12.0,200,1187,1250,3495,647,1248,3744,15502.80,15322.96,45404.02,16129.32,17524.02,46417.39,0.00,0.00,0.00,626.52,2201.06,1013.37,2502.82,2502.82,0.996,0.075,0.547,-4.078,-1.016,0.109,9752,356.7,0,-0.9493,-0.0370,0.0050,-0.3122,36.4,-1.9,0.0
2330262,2026-09-11_09-02-28.263-240,v5.1.3,3.43,12.0,200,1183,1246,3487,640,1231,3752,15450.29,15273.07,45300.30,16062.09,17303.67,46538.96,0.00,0.00,0.00,611.80,2030.60,1238.65,2455.99,2455.99,1.006,0.087,0.551,-3.578,-0.844,0.703,9752,350.7,0,-0.9493,-0.0369,0.0048,-0.3123,36.4,-1.8,0.0
2330306,2026-09-11_09-02-28.307-240,v5.1.3,3.43,12.0,200,1185,1250,3493,648,1249,3753,15476.33,15323.86,45377.96,16162.04,17540.67,46530.72,0.00,0.00,0.00,685.70,2216.81,1152.77,2591.01,2591.01,1.009,0.078,0.517,-5.266,-1.000,0.812,9752,368.0,0,-0.9493,-0.0366,0.0039,-0.3122,36.4,-1.7,0.0
2330333,2026-09-11_09-02-28.333-240,v5.1.3,3.43,12.0,200,1189,1242,3497,652,1237,3751,15530.12,15216.39,45431.19,16215.40,17383.99,46498.69,0.00,0.00,0.00,685.28,2167.60,1067.50,2511.51,2511.51,1.012,0.060,0.533,-3.750,-0.812,-0.047,9752,357.8,0,-0.9493,-0.0358,0.0041,-0.3122,36.4,-1.7,0.0
2330368,2026-09-11_09-02-28.368-240,v5.1.3,3.43,12.0,200,1192,1256,3509,652,1244,3746,15568.33,15397.39,45585.66,16201.33,17473.52,46433.00,0.00,0.00,0.00,633.00,2076.13,847.34,2330.02,2330.02,1.012,0.086,0.523,-4.000,-1.062,-0.594,9751,334.7,0,-0.9493,-0.0364,0.0038,-0.3123,36.4,-1.7,0.0
2330390,2026-09-11_09-02-28.390-240,v5.1.3,3.43,12.0,200,1194,1263,3497,651,1261,3753,15594.03,15492.99,45428.30,16196.45,17697.96,46521.75,0.00,0.00,0.00,602.43,2204.97,1093.45,2533.86,2533.86,1.010,0.072,0.531,-3.953,-1.172,-1.109,9751,360.7,0,-0.9493,-0.0364,0.0037,-0.3123,36.4,-1.7,0.0
2330418,2026-09-11_09-02-28.418-240,v5.1.3,3.43,12.0,200,1191,1257,3498,652,1244,3747,15554.98,15413.93,45442.16,16203.55,17473.90,46445.86,0.00,0.00,0.00,648.57,2059.97,1003.69,2381.50,2381.50,1.003,0.086,0.547,-3.844,-1.469,-0.656,9751,341.2,0,-0.9493,-0.0371,0.0036,-0.3123,36.4,-1.7,0.0
2330449,2026-09-11_09-02-28.450-240,v5.1.3,3.43,12.0,200,1190,1255,3495,652,1256,3744,15541.96,15388.53,45403.34,16191.78,17629.47,46404.86,0.00,0.00,0.00,649.83,2240.94,1001.52,2539.12,2539.12,1.005,0.085,0.528,-4.922,-1.031,0.781,9751,361.4,0,-0.9492,-0.0378,0.0033,-0.3122,36.4,-1.7,0.0
2330473,2026-09-11_09-02-28.473-240,v5.1.3,3.43,12.0,200,1188,1264,3494,659,1248,3740,15514.53,15508.02,45389.06,16278.53,17524.87,46339.77,0.00,0.00,0.00,764.00,2016.84,950.70,2356.95,2356.95,1.003,0.062,0.536,-4.219,-1.109,0.094,9751,338.1,0,-0.9493,-0.0371,0.0038,-0.3122,36.4,-1.7,0.0
2330503,2026-09-11_09-02-28.503-240,v5.1.3,3.43,12.0,200,1190,1255,3495,644,1257,3747,15541.96,15388.53,45403.34,16092.63,17642.10,46460.70,0.00,0.00,0.00,550.67,2253.57,1057.36,2549.47,2549.47,1.007,0.077,0.536,-4.078,-0.594,0.297,9751,362.7,0,-0.9492,-0.0373,0.0038,-0.3123,36.4,-1.7,0.0
2330527,2026-09-11_09-02-28.528-240,v5.1.3,3.43,12.0,200,1196,1261,3495,649,1245,3745,15620.70,15466.82,45402.52,16159.16,17485.62,46426.49,0.00,0.00,0.00,538.46,2018.79,1023.97,2326.79,2326.79,1.006,0.063,0.536,-4.297,-0.547,0.094,9754,334.3,0,-0.9493,-0.0372,0.0040,-0.3123,36.4,-1.8,0.0
2330558,2026-09-11_09-02-28.560-240,v5.1.3,3.43,12.0,200,1194,1283,3501,653,1262,3746,15591.89,15756.03,45477.69,16206.84,17708.78,46427.19,0.00,0.00,0.00,614.95,1952.75,949.50,2256.75,2256.75,1.004,0.074,0.549,-3.484,-0.547,-0.234,9754,325.3,0,-0.9493,-0.0366,0.0037,-0.3123,36.4,-1.7,0.0
2330589,2026-09-11_09-02-28.590-240,v5.1.3,3.43,12.0,200,1195,1258,3500,655,1259,3743,15607.80,15425.92,45468.09,16227.81,17668.86,46384.86,0.00,0.00,0.00,620.01,2242.95,916.76,2501.13,2501.13,1.003,0.083,0.544,-4.547,-1.281,0.359,9754,356.5,0,-0.9493,-0.0374,0.0037,-0.3122,36.3,-1.7,0.0
2330613,2026-09-11_09-02-28.613-240,v5.1.3,3.43,12.0,200,1190,1255,3505,654,1245,3750,15541.97,15385.65,45533.67,16236.13,17488.48,46479.86,0.00,0.00,0.00,694.16,2102.83,946.19,2408.11,2408.11,0.997,0.075,0.547,-3.844,-0.703,0.609,9754,344.6,0,-0.9493,-0.0371,0.0039,-0.3123,36.4,-1.7,0.0
2330643,2026-09-11_09-02-28.643-240,v5.1.3,3.43,12.0,200,1197,1251,3496,646,1253,3748,15635.00,15334.28,45416.93,16122.89,17590.63,46470.00,0.00,0.00,0.00,487.89,2256.35,1053.07,2537.34,2537.34,0.992,0.082,0.542,-4.078,-1.156,0.328,9754,361.1,0,-0.9492,-0.0374,0.0040,-0.3123,36.4,-1.8,0.0
2330669,2026-09-11_09-02-28.670-240,v5.1.3,3.43,12.0,200,1192,1251,3495,654,1257,3744,15568.85,15335.37,45403.89,16217.71,17642.93,46400.30,0.00,0.00,0.00,648.86,2307.56,996.41,2595.89,2595.89,1.003,0.073,0.552,-4.141,-0.781,0.281,9756,368.6,0,-0.9492,-0.0375,0.0040,-0.3124,36.4,-1.8,0.0
2330713,2026-09-11_09-02-28.713-240,v5.1.3,3.43,12.0,200,1190,1265,3497,648,1260,3745,15540.89,15520.05,45428.03,16139.61,17681.30,46425.65,0.00,0.00,0.00,598.72,2161.25,997.62,2454.53,2454.53,1.011,0.080,0.531,-3.344,-0.625,0.078,9756,350.6,0,-0.9492,-0.0377,0.0035,-0.3125,36.4,-1.7,0.0
2330744,2026-09-11_09-02-28.745-240,v5.1.3,3.43,12.0,200,1194,1249,3494,657,1245,3738,15595.52,15308.92,45391.13,16249.02,17484.54,46319.02,0.00,0.00,0.00,653.50,2175.63,927.89,2453.85,2453.85,1.007,0.083,0.531,-4.359,-0.766,-3.609,9756,350.5,0,-0.9492,-0.0385,0.0033,-0.3121,36.3,-1.7,0.0
2330769,2026-09-11_09-02-28.771-240,v5.1.3,3.43,12.0,200,1188,1259,3496,643,1244,3745,15515.07,15441.40,45415.82,16080.54,17471.38,46439.79,0.00,0.00,0.00,565.48,2029.98,1023.97,2342.88,2342.88,1.005,0.078,0.535,-4.016,-0.688,-0.125,9756,336.3,0,-0.9493,-0.0382,0.0035,-0.3121,36.3,-1.7,0.0
2330803,2026-09-11_09-02-28.803-240,v5.1.3,3.43,12.0,200,1193,1254,3496,653,1235,3745,15581.76,15374.55,45416.51,16216.11,17355.81,46419.77,0.00,0.00,0.00,634.35,1981.26,1003.26,2309.62,2309.62,1.006,0.085,0.524,-4.422,-0.938,0.875,9755,332.1,0,-0.9493,-0.0385,0.0036,-0.3121,36.3,-1.8,0.0
2330828,2026-09-11_09-02-28.829-240,v5.1.3,3.43,12.0,200,1200,1255,3497,651,1244,3746,15674.27,15386.35,45429.41,16188.15,17473.33,46435.18,0.00,0.00,0.00,513.88,2086.98,1005.77,2373.00,2373.00,1.002,0.068,0.529,-3.922,-1.172,-0.109,9755,340.2,0,-0.9493,-0.0379,0.0037,-0.3121,36.3,-1.8,0.0
2330858,2026-09-11_09-02-28.858-240,v5.1.3,3.43,12.0,200,1189,1269,3495,653,1256,3748,15527.23,15573.62,45401.41,16213.83,17631.18,46454.11,0.00,0.00,0.00,686.61,2057.55,1052.70,2411.04,2411.04,1.010,0.087,0.530,-3.625,-1.266,-0.516,9755,345.0,0,-0.9493,-0.0380,0.0037,-0.3121,36.3,-1.8,0.0
2330889,2026-09-11_09-02-28.890-240,v5.1.3,3.43,12.0,200,1197,1244,3497,653,1255,3748,15635.76,15241.53,45430.92,16214.26,17618.12,46454.31,0.00,0.00,0.00,578.50,2376.59,1023.39,2651.45,2651.45,1.007,0.070,0.528,-4.234,-0.609,-0.234,9755,375.7,0,-0.9493,-0.0379,0.0036,-0.3122,36.3,-1.7,0.0
2330913,2026-09-11_09-02-28.913-240,v5.1.3,3.43,12.0,200,1189,1262,3493,651,1254,3747,15527.97,15481.73,45376.31,16186.12,17604.29,46446.02,0.00,0.00,0.00,658.15,2122.56,1069.71,2466.31,2466.31,1.010,0.078,0.538,-3.969,-1.531,-0.172,9755,352.1,0,-0.9494,-0.0374,0.0037,-0.3118,36.3,-1.7,0.0
2330948,2026-09-11_09-02-28.948-240,v5.1.3,3.43,12.0,200,1192,1267,3497,649,1241,3748,15567.14,15546.15,45427.75,16167.52,17434.51,46465.86,0.00,0.00,0.00,600.38,1888.36,1038.11,2236.97,2236.97,1.001,0.086,0.530,-3.953,-1.125,0.594,9753,322.8,0,-0.9494,-0.0377,0.0037,-0.3119,36.3,-1.8,0.0
2330974,2026-09-11_09-02-29.975-240,v5.1.3,3.43,12.0,200,1193,1277,3500,645,1287,3748,15579.30,15677.22,45465.48,16095.25,18034.43,46465.34,0.00,0.00,0.00,515.96,2357.21,999.86,2611.97,2611.97,1.001,0.076,0.529,-4.656,-0.734,0.500,9753,370.6,0,-0.9494,-0.0373,0.0039,-0.3118,36.3,-1.8,0.0
2331003,2026-09-11_09-02-29.003-240,v5.1.3,3.43,12.0,200,1190,1255,3500,649,1267,3746,15541.96,15387.09,45468.50,16152.02,17773.29,46434.91,0.00,0.00,0.00,610.06,2386.19,966.41,2645.76,2645.76,1.010,0.079,0.533,-4.297,-0.781,0.797,9753,375.0,0,-0.9494,-0.0373,0.0040,-0.3120,36.3,-1.8,0.0
2331034,2026-09-11_09-02-29.035-240,v5.1.3,3.43,12.0,200,1190,1261,3494,650,1268,3747,15541.31,15468.08,45389.48,16166.99,17786.92,46445.39,0.00,0.00,0.00,625.68,2318.84,1055.91,2623.63,2623.63,1.010,0.076,0.533,-3.969,-0.500,0.266,9753,372.1,0,-0.9494,-0.0373,0.0042,-0.3119,36.3,-1.8,0.0
2331058,2026-09-11_09-02-29.059-240,v5.1.3,3.43,12.0,200,1198,1258,3496,654,1244,3754,15647.49,15426.59,45415.96,16245.43,17476.93,46531.49,0.00,0.00,0.00,597.94,2050.34,1115.52,2409.53,2409.53,1.007,0.084,0.528,-3.453,-0.797,0.406,9753,344.8,0,-0.9493,-0.0375,0.0042,-0.3121,36.3,-1.8,0.0
2331088,2026-09-11_09-02-29.088-240,v5.1.3,3.43,12.0,200,1192,1267,3496,653,1285,3747,15567.13,15546.44,45414.72,16199.28,18009.51,46435.41,0.00,0.00,0.00,632.14,2463.07,1020.69,2740.10,2740.10,1.007,0.077,0.536,-4.000,-1.094,0.297,9753,387.0,0,-0.9493,-0.0376,0.0040,-0.3121,36.3,-1.8,0.0
2331129,2026-09-11_09-02-29.130-240,v5.1.3,3.43,12.0,200,1195,1255,3493,655,1251,3748,15608.11,15388.30,45377.28,16242.31,17566.28,46450.75,0.00,0.00,0.00,634.20,2177.97,1073.47,2509.61,2509.61,1.004,0.083,0.545,-3.547,-0.828,-0.469,9750,357.6,0,-0.9492,-0.0377,0.0042,-0.3122,36.4,-1.8,0.0
2331158,2026-09-11_09-02-29.158-240,v5.1.3,3.43,12.0,200,1189,1262,3496,648,1268,3752,15527.98,15480.87,45415.41,16151.74,17788.41,46514.04,0.00,0.00,0.00,623.76,2307.54,1098.63,2630.75,2630.75,1.005,0.082,0.543,-4.484,-0.859,0.125,9750,373.0,0,-0.9493,-0.0379,0.0042,-0.3122,36.3,-1.8,0.0
2331186,2026-09-11_09-02-29.187-240,v5.1.3,3.43,12.0,200,1193,1272,3493,649,1254,3744,15579.83,15613.19,45374.94,16153.11,17602.77,46411.82,0.00,0.00,0.00,573.29,1989.58,1036.88,2315.64,2315.64,1.002,0.079,0.540,-4.078,-0.594,0.125,9750,332.8,0,-0.9493,-0.0377,0.0045,-0.3122,36.3,-1.8,0.0
2331208,2026-09-11_09-02-29.209-240,v5.1.3,3.43,12.0,200,1184,1282,3495,651,1284,3746,15459.68,15746.15,45399.62,16171.14,17995.68,46427.12,0.00,0.00,0.00,711.46,2249.53,1027.51,2573.39,2573.39,1.008,0.085,0.536,-4.156,-0.719,0.484,9750,365.7,0,-0.9493,-0.0378,0.0046,-0.3121,36.3,-1.8,0.0
2331238,2026-09-11_09-02-29.238-240,v5.1.3,3.43,12.0,200,1198,1246,3498,651,1255,3745,15648.78,15267.50,45443.68,16181.25,17616.60,46420.11,0.00,0.00,0.00,532.48,2349.10,976.43,2599.08,2599.08,1.005,0.069,0.540,-4.422,-0.328,0.828,9760,369.0,0,-0.9493,-0.0372,0.0045,-0.3122,36.3,-1.8,0.0
2331263,2026-09-11_09-02-29.264-240,v5.1.3,3.43,12.0,200,1190,1264,3495,644,1266,3748,15540.99,15507.41,45402.10,16091.02,17760.00,46471.75,0.00,0.00,0.00,550.02,2252.59,1069.64,2553.59,2553.59,1.002,0.082,0.530,-3.984,-0.734,-0.281,9760,363.2,0,-0.9493,-0.0372,0.0048,-0.3122,36.3,-1.9,0.0
2331285,2026-09-11_09-02-29.286-240,v5.1.3,3.43,12.0,200,1196,1264,3495,665,1254,3749,15620.38,15506.45,45402.11,16374.99,17607.79,46441.17,0.00,0.00,0.00,754.61,2101.34,1039.07,2462.67,2462.67,1.007,0.085,0.534,-4.594,-0.734,-0.547,9760,351.6,0,-0.9493,-0.0378,0.0046,-0.3121,36.3,-1.9,0.0
2331318,2026-09-11_09-02-29.318-240,v5.1.3,3.43,12.0,200,1186,1280,3494,650,1254,3747,15486.35,15719.70,45386.86,16172.95,17604.10,46448.21,0.00,0.00,0.00,686.59,1884.40,1061.35,2269.10,2269.10,1.006,0.068,0.530,-3.984,-1.000,0.125,9760,326.9,0,-0.9493,-0.0371,0.0045,-0.3120,36.3,-1.8,0.0
2331344,2026-09-11_09-02-29.345-240,v5.1.3,3.43,12.0,200,1188,1254,3494,649,1260,3751,15515.60,15375.93,45390.44,16166.09,17683.76,46500.61,0.00,0.00,0.00,650.49,2307.83,1110.17,2642.29,2642.29,1.003,0.089,0.532,-4.359,-0.703,0.016,9760,374.5,0,-0.9493,-0.0375,0.0041,-0.3121,36.3,-1.8,0.0
2331373,2026-09-11_09-02-29.374-240,v5.1.3,3.43,12.0,200,1194,1256,3495,656,1251,3744,15594.77,15401.10,45403.21,16246.61,17564.96,46397.14,0.00,0.00,0.00,651.83,2163.87,993.93,2468.82,2468.82,1.008,0.080,0.534,-4.203,-0.734,1.000,9760,352.4,0,-0.9493,-0.0377,0.0041,-0.3121,36.3,-1.8,0.0
2331403,2026-09-11_09-02-29.403-240,v5.1.3,3.43,12.0,200,1201,1255,3496,651,1253,3741,15687.50,15386.48,45416.38,16173.23,17588.97,46369.08,0.00,0.00,0.00,485.73,2202.49,952.70,2448.37,2448.37,1.003,0.068,0.530,-3.812,-1.094,-0.562,9754,349.8,0,-0.9493,-0.0369,0.0045,-0.3122,36.3,-1.8,0.0
2331428,2026-09-11_09-02-29.428-240,v5.1.3,3.43,12.0,200,1185,1290,3503,655,1269,3745,15472.06,15849.36,45502.78,16227.99,17800.20,46408.55,0.00,0.00,0.00,755.93,1950.84,905.77,2279.83,2279.83,1.007,0.091,0.534,-4.281,-0.375,-0.469,9754,328.3,0,-0.9492,-0.0377,0.0043,-0.3122,36.4,-1.8,0.0
2331458,2026-09-11_09-02-29.458-240,v5.1.3,3.43,12.0,200,1187,1264,3496,655,1265,3743,15501.30,15507.61,45415.13,16225.26,17747.21,46383.64,0.00,0.00,0.00,723.96,2239.61,968.52,2545.19,2545.19,1.008,0.068,0.533,-4.312,-0.578,0.188,9754,362.1,0,-0.9493,-0.0373,0.0045,-0.3122,36.3,-1.8,0.0
2331489,2026-09-11_09-02-29.489-240,v5.1.3,3.43,12.0,200,1208,1277,3492,657,1265,3740,15777.76,15677.12,45361.23,16244.95,17746.47,46340.71,0.00,0.00,0.00,467.19,2069.36,979.48,2336.64,2336.64,1.003,0.095,0.532,-3.953,-0.797,0.750,9754,335.5,0,-0.9492,-0.0375,0.0041,-0.3124,36.4,-1.8,0.0
2331528,2026-09-11_09-02-29.528-240,v5.1.3,3.43,12.0,200,1192,1255,3495,648,1238,3742,15568.42,15388.21,45403.34,16142.31,17392.88,46391.51,0.00,0.00,0.00,573.89,2004.67,988.17,2307.49,2307.49,1.001,0.055,0.538,-4.406,-0.734,0.547,9757,331.8,0,-0.9492,-0.0368,0.0045,-0.3124,36.4,-1.8,0.0
2331559,2026-09-11_09-02-29.560-240,v5.1.3,3.43,12.0,200,1191,1242,3495,649,1241,3741,15556.58,15216.64,45405.13,16151.99,17431.87,46375.86,0.00,0.00,0.00,595.41,2215.23,970.73,2490.80,2490.80,1.007,0.080,0.540,-3.203,-0.750,-0.375,9757,355.2,0,-0.9492,-0.0367,0.0046,-0.3125,36.4,-1.8,0.0
2331581,2026-09-11_09-02-29.585-240,v5.1.3,3.43,12.0,200,1195,1248,3482,657,1249,3735,15608.85,15299.00,45234.88,16240.66,17535.65,46279.64,0.00,0.00,0.00,631.81,2236.65,1044.77,2548.20,2548.20,1.008,0.096,0.540,-4.141,-0.156,0.062,9757,362.5,0,-0.9492,-0.0376,0.0043,-0.3125,36.4,-1.8,0.0
2331618,2026-09-11_09-02-29.618-240,v5.1.3,3.43,12.0,200,1199,1249,3497,645,1246,3749,15661.68,15307.25,45430.23,16114.92,17499.40,46486.45,0.00,0.00,0.00,453.23,2192.15,1056.21,2475.18,2475.18,1.005,0.072,0.539,-3.938,-1.344,-0.375,9757,353.2,0,-0.9491,-0.0373,0.0047,-0.3126,36.4,-1.8,0.0
2331645,2026-09-11_09-02-29.645-240,v5.1.3,3.43,12.0,200,1196,1243,3500,643,1244,3734,15622.64,15227.61,45470.16,16056.13,17467.23,46298.36,0.00,0.00,0.00,433.50,2239.62,828.20,2426.88,2426.88,1.001,0.098,0.538,-3.781,-0.500,0.656,9757,347.0,0,-0.9491,-0.0381,0.0044,-0.3127,36.4,-1.8,0.0
2331673,2026-09-11_09-02-29.673-240,v5.1.3,3.43,12.0,200,1190,1257,3495,655,1259,3745,15541.74,15414.95,45403.06,16232.25,17669.62,46410.57,0.00,0.00,0.00,690.51,2254.67,1007.51,2564.25,2564.25,1.005,0.066,0.543,-4.938,-0.625,1.516,9755,364.6,0,-0.9491,-0.0377,0.0044,-0.3127,36.4,-1.8,0.0
2331707,2026-09-11_09-02-29.707-240,v5.1.3,3.43,12.0,200,1190,1258,3498,640,1263,3748,15541.64,15427.29,45442.02,16039.60,17720.04,46481.09,0.00,0.00,0.00,497.96,2292.75,1039.06,2565.99,2565.99,1.013,0.079,0.541,-3.609,-0.859,0.188,9755,364.8,0,-0.9493,-0.0368,0.0047,-0.3122,36.3,-1.8,0.0
2331729,2026-09-11_09-02-29.730-240,v5.1.3,3.43,12.0,200,1187,1255,3496,646,1271,3753,15502.26,15388.72,45416.37,16126.33,17827.57,46530.66,0.00,0.00,0.00,624.07,2438.85,1114.29,2753.01,2753.01,1.012,0.081,0.536,-4.656,-0.781,-0.016,9755,388.6,0,-0.9493,-0.0374,0.0048,-0.3122,36.3,-1.9,0.0
2331758,2026-09-11_09-02-29.758-240,v5.1.3,3.43,12.0,200,1190,1250,3497,649,1248,3741,15542.50,15321.91,45430.09,16149.01,17523.28,46374.45,0.00,0.00,0.00,606.51,2201.38,944.36,2470.98,2470.98,1.001,0.068,0.536,-3.516,-0.703,-0.656,9755,352.7,0,-0.9493,-0.0368,0.0050,-0.3122,36.3,-1.9,0.0
2331789,2026-09-11_09-02-29.789-240,v5.1.3,3.43,12.0,200,1191,1237,3497,647,1262,3737,15557.12,15150.02,45431.88,16107.83,17704.21,46324.57,0.00,0.00,0.00,550.71,2554.19,892.70,2761.17,2761.17,1.017,0.086,0.547,-3.734,-0.844,-0.453,9755,389.7,0,-0.9492,-0.0377,0.0050,-0.3123,36.4,-1.9,0.0
2331813,2026-09-11_09-02-29.813-240,v5.1.3,3.43,12.0,200,1196,1249,3493,649,1246,3750,15621.98,15308.88,45378.11,16169.83,17500.56,46490.57,0.00,0.00,0.00,547.85,2191.67,1112.46,2518.16,2518.16,0.997,0.077,0.531,-3.484,-0.438,-0.297,9758,358.7,0,-0.9492,-0.0379,0.0051,-0.3124,36.4,-1.9,0.0
2331848,2026-09-11_09-02-29.848-240,v5.1.3,3.43,12.0,200,1198,1244,3493,653,1244,3740,15648.98,15242.51,45378.79,16201.19,17471.46,46353.67,0.00,0.00,0.00,552.20,2228.94,974.88,2494.69,2494.69,1.005,0.097,0.539,-4.531,-0.547,0.797,9758,355.7,0,-0.9492,-0.0392,0.0046,-0.3123,36.4,-1.9,0.0
2331872,2026-09-11_09-02-29.872-240,v5.1.3,3.43,12.0,200,1188,1291,3502,655,1274,3744,15511.65,15862.38,45489.61,16223.65,17865.12,46394.69,0.00,0.00,0.00,712.00,2002.74,905.07,2310.21,2310.21,1.004,0.078,0.539,-4.859,-0.438,2.141,9758,332.2,0,-0.9492,-0.0384,0.0045,-0.3123,36.4,-1.9,0.0
2331897,2026-09-11_09-02-29.899-240,v5.1.3,3.43,12.0,200,1185,1287,3498,650,1261,3749,15472.38,15811.17,45438.03,16174.41,17696.26,46472.51,0.00,0.00,0.00,702.03,1885.09,1034.48,2261.98,2261.98,1.004,0.056,0.535,-4.422,-0.891,0.562,9758,326.0,0,-0.9493,-0.0372,0.0048,-0.3123,36.4,-1.8,0.0
2331944,2026-09-11_09-02-29.945-240,v5.1.3,3.43,12.0,200,1190,1264,3492,661,1269,3741,15540.99,15508.28,45363.00,16298.16,17799.87,46344.02,0.00,0.00,0.00,757.17,2291.60,981.02,2605.21,2605.21,1.008,0.096,0.537,-4.422,-0.719,0.547,9758,369.8,0,-0.9490,-0.0375,0.0045,-0.3129,36.4,-1.8,0.0
2331968,2026-09-11_09-02-29.968-240,v5.1.3,3.43,12.0,200,1192,1261,3499,657,1250,3749,15567.78,15466.32,45454.64,16271.30,17553.99,46459.44,0.00,0.00,0.00,703.52,2087.67,1004.80,2421.35,2421.35,1.007,0.070,0.539,-4.500,-0.781,0.656,9751,346.3,0,-0.9490,-0.0372,0.0045,-0.3129,36.4,-1.8,0.0
2331998,2026-09-11_09-02-30.998-240,v5.1.3,3.43,12.0,200,1172,1256,3497,649,1233,3747,15303.69,15404.05,45429.25,16168.71,17329.66,46454.62,0.00,0.00,0.00,865.01,1925.62,1025.37,2346.83,2346.83,1.005,0.078,0.537,-4.547,-1.047,-0.234,9751,336.8,0,-0.9491,-0.0369,0.0046,-0.3129,36.4,-1.8,0.0
2332021,2026-09-11_09-02-30.022-240,v5.1.3,3.43,12.0,200,1189,1264,3493,651,1253,3743,15527.76,15508.15,45376.04,16177.67,17589.72,46394.80,0.00,0.00,0.00,649.91,2081.58,1018.76,2406.91,2406.91,0.999,0.090,0.542,-4.219,-0.609,0.750,9751,344.5,0,-0.9490,-0.0374,0.0043,-0.3129,36.4,-1.8,0.0
2332048,2026-09-11_09-02-30.048-240,v5.1.3,3.43,12.0,200,1190,1260,3496,650,1247,3749,15541.42,15454.29,45415.68,16180.36,17513.44,46475.33,0.00,0.00,0.00,638.94,2059.15,1059.65,2402.33,2402.33,1.006,0.081,0.542,-5.531,-0.516,0.750,9751,343.9,0,-0.9491,-0.0376,0.0042,-0.3127,36.4,-1.8,0.0
2332082,2026-09-11_09-02-30.082-240,v5.1.3,3.43,12.0,200,1183,1261,3498,639,1280,3745,15448.70,15468.05,45441.61,16012.53,17940.71,46441.27,0.00,0.00,0.00,563.83,2472.67,999.67,2726.05,2726.05,1.004,0.056,0.543,-3.625,-0.625,-0.453,9751,385.2,0,-0.9491,-0.0362,0.0045,-0.3128,36.4,-1.8,0.0
2332104,2026-09-11_09-02-30.105-240,v5.1.3,3.43,12.0,200,1188,1250,3492,664,1264,3745,15516.03,15323.66,45364.92,16348.68,17736.67,46389.91,0.00,0.00,0.00,832.66,2413.01,1024.99,2750.73,2750.73,0.998,0.090,0.542,-3.844,-0.844,-0.656,9762,388.3,0,-0.9491,-0.0367,0.0045,-0.3128,36.4,-1.8,0.0
2332133,2026-09-11_09-02-30.133-240,v5.1.3,3.43,12.0,200,1194,1247,3496,643,1250,3743,15595.74,15281.92,45417.47,16073.55,17548.98,46412.87,0.00,0.00,0.00,477.81,2267.06,995.39,2521.64,2521.64,1.007,0.086,0.540,-4.203,-0.406,0.953,9762,359.1,0,-0.9491,-0.0374,0.0042,-0.3128,36.4,-1.8,0.0
2332164,2026-09-11_09-02-30.164-240,v5.1.3,3.43,12.0,200,1189,1256,3498,644,1246,3746,15528.62,15401.04,45442.30,16095.09,17498.07,46450.06,0.00,0.00,0.00,566.46,2097.03,1007.76,2394.58,2394.58,0.998,0.059,0.537,-3.578,-0.719,-0.453,9762,342.9,0,-0.9491,-0.0365,0.0047,-0.3128,36.4,-1.8,0.0
2332188,2026-09-11_09-02-30.188-240,v5.1.3,3.43,12.0,200,1199,1259,3500,654,1248,3745,15660.62,15438.49,45467.96,16223.75,17525.77,46414.97,0.00,0.00,0.00,563.14,2087.29,947.01,2360.23,2360.23,1.008,0.089,0.537,-4.500,-1.031,-3.922,9762,338.5,0,-0.9492,-0.0372,0.0043,-0.3126,36.4,-1.8,0.0
2332218,2026-09-11_09-02-30.218-240,v5.1.3,3.43,12.0,200,1187,1279,3500,645,1270,3743,15499.70,15704.60,45465.20,16091.39,17810.55,46404.47,0.00,0.00,0.00,591.70,2105.95,939.27,2380.62,2380.62,1.014,0.066,0.539,-3.812,-0.938,0.062,9762,341.1,0,-0.9492,-0.0370,0.0043,-0.3124,36.4,-1.8,0.0
2332243,2026-09-11_09-02-30.244-240,v5.1.3,3.43,12.0,200,1191,1264,3496,653,1252,3741,15554.22,15506.97,45415.13,16200.00,17576.30,46364.91,0.00,0.00,0.00,645.78,2069.34,949.78,2366.70,2366.70,0.995,0.094,0.535,-4.188,-0.953,0.297,9763,339.4,0,-0.9492,-0.0377,0.0040,-0.3125,36.4,-1.8,0.0
2332268,2026-09-11_09-02-30.268-240,v5.1.3,3.43,12.0,200,1185,1249,3499,647,1262,3745,15476.45,15308.92,45456.29,16125.58,17707.22,46427.43,0.00,0.00,0.00,649.13,2398.30,971.14,2667.65,2667.65,1.003,0.084,0.536,-4.375,-1.031,1.156,9763,377.7,0,-0.9492,-0.0378,0.0041,-0.3125,36.4,-1.8,0.0
2332299,2026-09-11_09-02-30.299-240,v5.1.3,3.43,12.0,200,1186,1260,3494,636,1274,3745,15488.49,15455.50,45389.61,15975.56,17861.77,46449.04,0.00,0.00,0.00,487.07,2406.27,1059.42,2673.90,2673.90,1.002,0.064,0.531,-4.672,-0.828,0.922,9763,378.5,0,-0.9492,-0.0375,0.0046,-0.3124,36.4,-1.8,0.0
2332338,2026-09-11_09-02-30.338-240,v5.1.3,3.43,12.0,200,1188,1265,3513,638,1282,3743,15514.45,15515.77,45636.55,15994.07,17965.88,46417.34,0.00,0.00,0.00,479.62,2450.11,780.79,2615.86,2615.86,1.007,0.053,0.538,-4.828,-0.969,0.016,9763,371.1,0,-0.9493,-0.0362,0.0043,-0.3122,36.3,-1.8,0.0
2332373,2026-09-11_09-02-30.373-240,v5.1.3,3.43,12.0,200,1184,1261,3505,642,1256,3746,15461.94,15465.87,45532.84,16064.48,17628.27,46452.41,0.00,0.00,0.00,602.54,2162.39,919.58,2425.83,2425.83,1.011,0.098,0.536,-4.375,-0.609,0.797,9763,346.9,0,-0.9492,-0.0375,0.0038,-0.3123,36.4,-1.8,0.0
2332396,2026-09-11_09-02-30.397-240,v5.1.3,3.43,12.0,200,1189,1249,3497,641,1249,3750,15529.37,15308.86,45430.23,16063.17,17538.17,46507.43,0.00,0.00,0.00,533.79,2229.31,1077.21,2532.81,2532.81,0.999,0.073,0.538,-4.344,-0.828,-0.609,9762,360.5,0,-0.9493,-0.0374,0.0039,-0.3122,36.3,-1.8,0.0
2332423,2026-09-11_09-02-30.423-240,v5.1.3,3.43,12.0,200,1180,1262,3496,633,1268,3744,15408.90,15482.31,45415.40,15936.38,17782.45,46443.93,0.00,0.00,0.00,527.48,2300.14,1028.54,2574.25,2574.25,1.002,0.071,0.535,-3.438,-0.609,-0.422,9762,365.8,0,-0.9493,-0.0368,0.0041,-0.3122,36.3,-1.8,0.0
2332458,2026-09-11_09-02-30.458-240,v5.1.3,3.43,12.0,200,1188,1247,3495,641,1253,3749,15516.35,15283.17,45404.44,16059.25,17590.03,46493.77,0.00,0.00,0.00,542.89,2306.85,1089.34,2608.25,2608.25,1.008,0.100,0.543,-4.875,-0.703,0.359,9762,370.2,0,-0.9493,-0.0382,0.0036,-0.3121,36.3,-1.8,0.0
2332480,2026-09-11_09-02-30.480-240,v5.1.3,3.43,12.0,200,1187,1251,3498,639,1268,3748,15502.70,15335.31,45442.98,16024.30,17785.14,46482.26,0.00,0.00,0.00,521.60,2449.83,1039.28,2711.80,2711.80,1.003,0.044,0.536,-4.078,-0.641,0.250,9762,383.4,0,-0.9493,-0.0372,0.0041,-0.3121,36.3,-1.8,0.0
2332509,2026-09-11_09-02-30.510-240,v5.1.3,3.43,12.0,200,1178,1282,3496,634,1270,3749,15380.29,15746.83,45412.64,15959.80,17810.65,46505.64,0.00,0.00,0.00,579.51,2063.82,1092.99,2406.21,2406.21,1.007,0.089,0.542,-3.469,-1.000,0.734,9762,344.4,0,-0.9493,-0.0372,0.0042,-0.3122,36.3,-1.8,0.0
2332533,2026-09-11_09-02-30.534-240,v5.1.3,3.43,12.0,200,1187,1277,3496,641,1272,3750,15499.91,15679.33,45413.34,16053.38,17838.52,46502.80,0.00,0.00,0.00,553.47,2159.19,1089.46,2481.00,2481.00,1.004,0.093,0.536,-4.562,-0.906,0.047,9752,353.9,0,-0.9493,-0.0381,0.0040,-0.3120,36.3,-1.8,0.0
2332556,2026-09-11_09-02-30.556-240,v5.1.3,3.43,12.0,200,1187,1257,3503,636,1270,3745,15502.06,15413.13,45507.32,15977.27,17809.54,46449.84,0.00,0.00,0.00,475.21,2396.41,942.52,2618.57,2618.57,1.002,0.059,0.546,-4.562,-0.422,-0.328,9752,371.5,0,-0.9494,-0.0373,0.0040,-0.3119,36.3,-1.8,0.0
2332583,2026-09-11_09-02-30.583-240,v5.1.3,3.43,12.0,200,1184,1275,3487,642,1270,3752,15460.41,15655.98,45296.32,16071.84,17813.35,46526.74,0.00,0.00,0.00,611.43,2157.37,1230.42,2557.74,2557.74,1.009,0.067,0.545,-3.781,-0.547,-0.422,9752,363.7,0,-0.9493,-0.0361,0.0043,-0.3121,36.3,-1.8,0.0
2332615,2026-09-11_09-02-30.616-240,v5.1.3,3.43,12.0,200,1193,1249,3495,643,1253,3745,15582.29,15308.79,45404.17,16076.72,17588.91,46437.98,0.00,0.00,0.00,494.42,2280.12,1033.81,2551.89,2551.89,1.000,0.097,0.541,-5.438,-0.625,1.188,9752,363.0,0,-0.9493,-0.0373,0.0039,-0.3121,36.3,-1.8,0.0
2332643,2026-09-11_09-02-30.643-240,v5.1.3,3.43,12.0,200,1183,1261,3498,648,1255,3748,15448.70,15468.05,45441.61,16148.39,17617.14,46465.23,0.00,0.00,0.00,699.69,2149.09,1023.62,2481.12,2481.12,1.000,0.045,0.533,-3.812,-0.359,0.062,9752,354.0,0,-0.9493,-0.0362,0.0045,-0.3121,36.3,-1.8,0.0
2332677,2026-09-11_09-02-30.678-240,v5.1.3,3.43,12.0,200,1183,1243,3493,650,1239,3743,15450.62,15231.71,45378.92,16170.45,17406.71,46399.80,0.00,0.00,0.00,719.83,2174.99,1020.88,2508.18,2508.18,1.007,0.097,0.543,-3.875,-1.172,0.234,9756,357.4,0,-0.9493,-0.0372,0.0042,-0.3122,36.4,-1.8,0.0
2332700,2026-09-11_09-02-30.701-240,v5.1.3,3.43,12.0,200,1183,1263,3507,640,1285,3744,15448.50,15491.88,45558.62,16021.36,18005.83,46425.23,0.00,0.00,0.00,572.86,2513.95,866.60,2720.13,2720.13,1.013,0.071,0.543,-4.719,-1.188,-0.562,9756,384.4,0,-0.9493,-0.0375,0.0044,-0.3121,36.3,-1.8,0.0
2332748,2026-09-11_09-02-30.748-240,v5.1.3,3.43,12.0,200,1186,1263,3498,633,1278,3745,15488.18,15493.99,45441.33,15934.34,17913.42,46454.78,0.00,0.00,0.00,446.16,2419.43,1013.45,2660.79,2660.79,1.005,0.092,0.531,-3.891,-0.719,-0.125,9756,376.9,0,-0.9493,-0.0373,0.0038,-0.3121,36.3,-1.7,0.0
2332772,2026-09-11_09-02-30.772-240,v5.1.3,3.43,12.0,200,1190,1259,3501,648,1251,3744,15541.54,15439.64,45480.98,16141.22,17563.39,46414.61,0.00,0.00,0.00,599.68,2123.75,933.62,2396.16,2396.16,1.005,0.093,0.529,-5.156,-0.672,0.953,9756,343.1,0,-0.9493,-0.0380,0.0036,-0.3120,36.3,-1.7,0.0
2332798,2026-09-11_09-02-30.798-240,v5.1.3,3.43,12.0,200,1191,1258,3496,643,1251,3750,15554.87,15427.71,45415.96,16088.66,17564.68,46502.66,0.00,0.00,0.00,533.79,2136.97,1086.71,2456.11,2456.11,1.004,0.046,0.535,-4.641,-1.000,0.641,9756,350.8,0,-0.9494,-0.0367,0.0039,-0.3120,36.3,-1.7,0.0
2332833,2026-09-11_09-02-30.833-240,v5.1.3,3.43,12.0,200,1173,1268,3505,646,1281,3736,15315.65,15560.10,45531.86,16084.35,17951.75,46310.07,0.00,0.00,0.00,768.71,2391.65,778.21,2629.92,2629.92,1.014,0.086,0.539,-3.766,-0.844,-0.141,9764,372.9,0,-0.9493,-0.0369,0.0040,-0.3122,36.3,-1.8,0.0
2332855,2026-09-11_09-02-30.856-240,v5.1.3,3.43,12.0,200,1186,1282,3488,639,1246,3746,15486.13,15747.84,45308.39,16029.22,17497.09,46460.98,0.00,0.00,0.00,543.09,1749.25,1152.59,2164.08,2164.08,1.005,0.082,0.536,-4.703,-0.781,0.062,9764,313.5,0,-0.9493,-0.0374,0.0039,-0.3121,36.3,-1.8,0.0
2332883,2026-09-11_09-02-30.883-240,v5.1.3,3.43,12.0,200,1187,1246,3508,649,1244,3743,15503.25,15266.38,45574.00,16155.15,17471.80,46400.97,0.00,0.00,0.00,651.90,2205.42,826.97,2443.92,2443.92,1.000,0.074,0.540,-3.547,-0.469,-3.922,9764,349.2,0,-0.9493,-0.0373,0.0038,-0.3120,36.3,-1.7,0.0
2332915,2026-09-11_09-02-30.916-240,v5.1.3,3.43,12.0,200,1184,1262,3498,644,1264,3748,15461.82,15481.09,45441.47,16091.87,17733.88,46472.15,0.00,0.00,0.00,630.04,2252.79,1030.68,2556.23,2556.23,1.007,0.074,0.535,-4.188,-1.094,0.297,9764,363.5,0,-0.9493,-0.0371,0.0040,-0.3121,36.3,-1.8,0.0
2332943,2026-09-11_09-02-30.943-240,v5.1.3,3.43,12.0,200,1182,1261,3493,632,1251,3747,15435.46,15469.64,45376.44,15937.09,17561.39,46488.11,0.00,0.00,0.00,501.63,2091.75,1111.68,2421.33,2421.33,1.008,0.065,0.532,-7.984,-1.016,-0.141,9764,346.3,0,-0.9495,-0.0365,0.0042,-0.3117,36.3,-1.8,0.0
2332978,2026-09-11_09-02-31.978-240,v5.1.3,3.43,12.0,200,1182,1272,3496,630,1280,3743,15434.29,15614.09,45414.02,15889.53,17938.19,46435.21,0.00,0.00,0.00,455.25,2324.11,1021.19,2579.06,2579.06,1.000,0.093,0.537,-4.641,-0.719,0.234,9760,366.4,0,-0.9494,-0.0376,0.0039,-0.3117,36.3,-1.8,0.0
2333001,2026-09-11_09-02-31.002-240,v5.1.3,3.43,12.0,200,1180,1271,3496,643,1272,3743,15407.93,15601.20,45414.16,16064.19,17836.27,46408.44,0.00,0.00,0.00,656.26,2235.08,994.28,2532.75,2532.75,0.994,0.070,0.537,-4.344,-0.781,0.484,9760,360.5,0,-0.9495,-0.0368,0.0041,-0.3117,36.3,-1.8,0.0
2333033,2026-09-11_09-02-31.034-240,v5.1.3,3.43,12.0,200,1181,1247,3502,648,1273,3729,15423.74,15282.28,45495.66,16098.57,17845.03,46217.32,0.00,0.00,0.00,674.83,2562.75,721.66,2746.61,2746.61,1.005,0.078,0.539,-4.203,-0.969,0.031,9760,387.8,0,-0.9494,-0.0367,0.0042,-0.3117,36.3,-1.8,0.0
2333059,2026-09-11_09-02-31.059-240,v5.1.3,3.43,12.0,200,1192,1254,3500,648,1244,3749,15568.53,15373.56,45468.64,16155.29,17473.87,46480.30,0.00,0.00,0.00,586.76,2100.31,1011.66,2403.96,2403.96,1.012,0.075,0.545,-4.156,-0.828,0.203,9760,344.1,0,-0.9494,-0.0370,0.0042,-0.3118,36.3,-1.8,0.0
2333083,2026-09-11_09-02-31.083-240,v5.1.3,3.43,12.0,200,1190,1264,3496,643,1251,3756,15540.99,15507.13,45415.13,16101.98,17566.94,46579.80,0.00,0.00,0.00,560.98,2059.81,1164.67,2431.87,2431.87,1.010,0.072,0.539,-3.734,-0.453,-0.312,9760,347.7,0,-0.9494,-0.0366,0.0043,-0.3118,36.3,-1.8,0.0
2333117,2026-09-11_09-02-31.118-240,v5.1.3,3.43,12.0,200,1185,1246,3502,649,1262,3746,15476.78,15268.43,45495.80,16154.15,17707.99,46435.92,0.00,0.00,0.00,677.37,2439.56,940.12,2700.76,2700.76,1.004,0.087,0.538,-3.641,-0.375,0.125,9759,382.0,0,-0.9494,-0.0371,0.0041,-0.3119,36.3,-1.8,0.0
2333144,2026-09-11_09-02-31.145-240,v5.1.3,3.43,12.0,200,1195,1261,3497,644,1256,3750,15607.47,15466.41,45428.58,16099.71,17630.17,46499.48,0.00,0.00,0.00,492.24,2163.76,1070.89,2463.93,2463.93,1.001,0.077,0.526,-4.312,-0.484,0.219,9759,351.8,0,-0.9494,-0.0372,0.0042,-0.3120,36.3,-1.8,0.0
2333188,2026-09-11_09-02-31.188-240,v5.1.3,3.43,12.0,200,1180,1264,3502,649,1256,3739,15408.69,15507.00,45493.32,16141.17,17627.00,46347.13,0.00,0.00,0.00,732.48,2120.00,853.81,2399.98,2399.98,1.005,0.075,0.542,-4.141,-0.781,0.516,9759,343.6,0,-0.9494,-0.0370,0.0048,-0.3120,36.3,-1.8,0.0
2333213,2026-09-11_09-02-31.214-240,v5.1.3,3.43,12.0,200,1185,1264,3501,646,1282,3746,15474.84,15506.49,45480.29,16106.12,17968.58,46438.45,0.00,0.00,0.00,631.27,2462.09,958.16,2716.33,2716.33,1.004,0.069,0.541,-4.438,-0.719,0.859,9759,384.0,0,-0.9494,-0.0368,0.0051,-0.3119,36.3,-1.9,0.0
2333238,2026-09-11_09-02-31.238-240,v5.1.3,3.43,12.0,200,1184,1263,3493,637,1253,3750,15461.71,15495.74,45376.16,16008.77,17589.62,46515.36,0.00,0.00,0.00,547.06,2093.87,1139.20,2445.68,2445.68,1.003,0.076,0.540,-4.234,-0.719,-0.281,9759,349.4,0,-0.9494,-0.0366,0.0050,-0.3118,36.3,-1.8,0.0
2333268,2026-09-11_09-02-31.268-240,v5.1.3,3.43,12.0,200,1182,1270,3499,639,1280,3744,15434.50,15586.80,45453.39,16010.31,17940.34,46428.41,0.00,0.00,0.00,575.81,2353.53,975.02,2611.77,2611.77,1.003,0.074,0.532,-3.828,-0.656,-0.656,9761,370.6,0,-0.9494,-0.0365,0.0050,-0.3118,36.3,-1.8,0.0
2333291,2026-09-11_09-02-31.292-240,v5.1.3,3.43,12.0,200,1184,1251,3493,645,1257,3747,15463.00,15337.23,45377.82,16105.80,17642.29,46458.52,0.00,0.00,0.00,642.80,2305.07,1080.70,2625.73,2625.73,1.012,0.081,0.529,-3.469,-0.797,0.125,9761,372.4,0,-0.9494,-0.0369,0.0050,-0.3119,36.3,-1.9,0.0
2333318,2026-09-11_09-02-31.318-240,v5.1.3,3.43,12.0,200,1182,1258,3500,646,1264,3747,15435.79,15428.00,45468.08,16116.00,17733.90,46454.93,0.00,0.00,0.00,680.20,2305.90,986.84,2598.79,2598.79,1.008,0.090,0.532,-4.844,-0.906,0.734,9761,369.0,0,-0.9494,-0.0376,0.0048,-0.3118,36.3,-1.9,0.0
2333348,2026-09-11_09-02-31.348-240,v5.1.3,3.43,12.0,200,1185,1256,3494,638,1269,3744,15475.69,15402.83,45390.16,16001.82,17796.49,46432.81,0.00,0.00,0.00,526.13,2393.67,1042.65,2663.38,2663.38,1.009,0.068,0.535,-4.562,-0.938,0.266,9761,377.2,0,-0.9494,-0.0368,0.0048,-0.3118,36.3,-1.8,0.0
2333373,2026-09-11_09-02-31.374-240,v5.1.3,3.43,12.0,200,1182,1277,3503,647,1289,3743,15433.76,15678.12,45504.57,16109.66,18059.06,46396.28,0.00,0.00,0.00,675.90,2380.94,891.71,2630.75,2630.75,1.008,0.085,0.538,-4.312,-1.031,0.391,9761,373.0,0,-0.9494,-0.0370,0.0043,-0.3118,36.3,-1.8,0.0
2333403,2026-09-11_09-02-31.403-240,v5.1.3,3.43,12.0,200,1185,1264,3505,650,1274,3744,15474.85,15505.34,45532.42,16157.78,17864.14,46405.61,0.00,0.00,0.00,682.93,2358.80,873.18,2606.30,2606.30,1.005,0.064,0.526,-4.156,-1.156,-0.047,9753,369.9,0,-0.9494,-0.0367,0.0047,-0.3118,36.3,-1.8,0.0
2333433,2026-09-11_09-02-31.434-240,v5.1.3,3.43,12.0,200,1185,1279,3501,642,1289,3743,15473.24,15704.63,45478.23,16043.79,18058.08,46407.20,0.00,0.00,0.00,570.55,2353.44,928.97,2593.69,2593.69,1.006,0.077,0.535,-3.484,-0.844,-0.469,9753,368.3,0,-0.9494,-0.0364,0.0045,-0.3119,36.3,-1.8,0.0
2333458,2026-09-11_09-02-31.458-240,v5.1.3,3.43,12.0,200,1188,1253,3496,645,1256,3745,15515.71,15362.14,45416.64,16101.79,17628.48,46433.01,0.00,0.00,0.00,586.08,2266.34,1016.36,2552.01,2552.01,1.007,0.080,0.539,-3.875,-0.859,-0.219,9753,363.0,0,-0.9494,-0.0367,0.0045,-0.3119,36.3,-1.8,0.0
2333488,2026-09-11_09-02-31.488-240,v5.1.3,3.43,12.0,200,1191,1256,3497,642,1246,3742,15555.08,15401.00,45429.27,16059.86,17496.17,46403.00,0.00,0.00,0.00,504.78,2095.17,973.73,2364.89,2364.89,1.005,0.062,0.543,-3.422,-1.109,-0.391,9753,339.1,0,-0.9494,-0.0361,0.0049,-0.3119,36.3,-1.8,0.0
2333511,2026-09-11_09-02-31.512-240,v5.1.3,3.43,12.0,200,1194,1251,3495,649,1261,3750,15595.31,15335.05,45403.89,16163.45,17696.44,46487.55,0.00,0.00,0.00,568.14,2361.39,1083.66,2659.56,2659.56,1.001,0.079,0.545,-4.016,-1.156,-0.312,9753,376.7,0,-0.9494,-0.0362,0.0046,-0.3120,36.3,-1.8,0.0
2333538,2026-09-11_09-02-31.538-240,v5.1.3,3.43,12.0,200,1194,1251,3508,645,1264,3760,15595.33,15331.31,45573.32,16131.67,17738.60,46624.25,0.00,0.00,0.00,536.34,2407.29,1050.93,2680.89,2680.89,1.002,0.077,0.544,-3.812,-0.875,-0.359,9753,379.4,0,-0.9494,-0.0366,0.0046,-0.3120,36.3,-1.8,0.0
2333584,2026-09-11_09-02-31.585-240,v5.1.3,3.43,12.0,200,1194,1260,3499,656,1263,3748,15594.35,15452.79,45454.79,16250.38,17723.18,46446.15,0.00,0.00,0.00,656.03,2270.39,991.36,2562.78,2562.78,1.008,0.081,0.536,-4.109,-1.062,0.906,9754,364.4,0,-0.9493,-0.0375,0.0041,-0.3122,36.3,-1.8,0.0
2333607,2026-09-11_09-02-31.609-240,v5.1.3,3.43,12.0,200,1184,1276,3500,640,1284,3747,15460.33,15665.46,45465.61,16028.44,17993.90,46464.00,0.00,0.00,0.00,568.12,2328.44,998.39,2596.38,2596.38,1.003,0.064,0.535,-4.125,-0.969,-0.156,9754,368.7,0,-0.9493,-0.0370,0.0043,-0.3122,36.3,-1.8,0.0
2333638,2026-09-11_09-02-31.638-240,v5.1.3,3.43,12.0,200,1192,1247,3499,641,1266,3747,15569.28,15281.38,45456.57,16049.28,17759.04,46465.44,0.00,0.00,0.00,479.99,2477.66,1008.87,2717.90,2717.90,1.003,0.083,0.531,-3.953,-0.891,0.391,9754,384.2,0,-0.9493,-0.0372,0.0044,-0.3122,36.4,-1.8,0.0
2333665,2026-09-11_09-02-31.666-240,v5.1.3,3.43,12.0,200,1181,1271,3493,645,1289,3762,15421.16,15601.90,45375.06,16125.47,18065.83,46644.93,0.00,0.00,0.00,704.31,2463.93,1269.87,2860.00,2860.00,1.005,0.070,0.533,-4.312,-0.875,0.453,9754,402.3,0,-0.9493,-0.0371,0.0044,-0.3122,36.3,-1.8,0.0
2333689,2026-09-11_09-02-31.690-240,v5.1.3,3.43,12.0,200,1181,1265,3492,642,1280,3750,15421.80,15522.93,45362.85,16063.15,17943.19,46499.01,0.00,0.00,0.00,641.35,2420.26,1136.16,2749.51,2749.51,1.002,0.071,0.535,-3.688,-0.688,-0.438,9756,388.2,0,-0.9493,-0.0365,0.0045,-0.3121,36.3,-1.8,0.0
2333723,2026-09-11_09-02-31.723-240,v5.1.3,3.43,12.0,200,1185,1274,3495,639,1287,3747,15473.76,15640.31,45400.72,16013.99,18032.88,46465.58,0.00,0.00,0.00,540.23,2392.57,1064.86,2673.98,2673.98,1.003,0.084,0.537,-4.703,-1.125,0.578,9756,378.6,0,-0.9493,-0.0371,0.0045,-0.3121,36.3,-1.8,0.0
2333747,2026-09-11_09-02-31.748-240,v5.1.3,3.43,12.0,200,1191,1261,3497,652,1263,3746,15554.55,15467.05,45428.58,16193.24,17721.64,46429.17,0.00,0.00,0.00,638.70,2254.59,1000.59,2547.99,2547.99,1.006,0.067,0.536,-4.047,-0.859,-0.531,9756,362.5,0,-0.9493,-0.0365,0.0045,-0.3122,36.3,-1.8,0.0
2333778,2026-09-11_09-02-31.778-240,v5.1.3,3.43,12.0,200,1188,1267,3501,649,1271,3745,15514.22,15545.64,45479.88,16148.10,17825.14,46421.25,0.00,0.00,0.00,633.88,2279.50,941.37,2546.39,2546.39,1.004,0.083,0.538,-3.719,-1.109,0.109,9756,362.3,0,-0.9493,-0.0368,0.0044,-0.3122,36.4,-1.8,0.0
2333809,2026-09-11_09-02-31.810-240,v5.1.3,3.43,12.0,200,1191,1262,3499,646,1282,3743,15554.44,15479.69,45454.50,16099.46,17967.45,46399.88,0.00,0.00,0.00,545.02,2487.77,945.37,2716.57,2716.57,1.004,0.073,0.539,-4.531,-1.172,0.750,9756,384.0,0,-0.9493,-0.0367,0.0045,-0.3122,36.4,-1.8,0.0
2333834,2026-09-11_09-02-31.835-240,v5.1.3,3.43,12.0,200,1187,1271,3489,635,1300,3749,15500.54,15602.09,45322.93,15960.21,18202.61,46497.41,0.00,0.00,0.00,459.67,2600.53,1174.48,2890.23,2890.23,1.002,0.075,0.539,-4.266,-0.672,0.156,9758,406.1,0,-0.9493,-0.0362,0.0046,-0.3123,36.4,-1.8,0.0
2333863,2026-09-11_09-02-31.863-240,v5.1.3,3.43,12.0,200,1185,1242,3500,649,1263,3747,15477.20,15216.17,45470.29,16155.94,17721.43,46448.58,0.00,0.00,0.00,678.74,2505.26,978.29,2773.82,2773.82,1.006,0.079,0.537,-4.000,-0.578,0.453,9758,391.3,0,-0.9493,-0.0367,0.0046,-0.3123,36.4,-1.8,0.0
2333892,2026-09-11_09-02-31.893-240,v5.1.3,3.43,12.0,200,1189,1269,3495,640,1271,3747,15527.23,15573.62,45401.41,16033.97,17824.13,46466.62,0.00,0.00,0.00,506.75,2250.51,1065.21,2540.92,2540.92,1.006,0.073,0.537,-4.016,-0.688,-0.219,9758,361.6,0,-0.9493,-0.0362,0.0048,-0.3123,36.4,-1.8,0.0
2333918,2026-09-11_09-02-31.918-240,v5.1.3,3.43,12.0,200,1194,1259,3498,653,1265,3744,15594.46,15439.86,45441.89,16201.13,17747.20,46400.87,0.00,0.00,0.00,606.67,2307.33,958.98,2571.28,2571.28,1.004,0.073,0.539,-4.109,-1.312,0.188,9758,365.5,0,-0.9493,-0.0362,0.0048,-0.3123,36.4,-1.8,0.0
2333950,2026-09-11_09-02-31.951-240,v5.1.3,3.43,12.0,200,1190,1278,3496,646,1257,3749,15539.49,15692.06,45413.21,16123.41,17643.24,46482.05,0.00,0.00,0.00,583.92,1951.18,1068.84,2300.11,2300.11,1.005,0.075,0.543,-4.000,-0.672,0.266,9758,330.9,0,-0.9493,-0.0365,0.0044,-0.3123,36.4,-1.8,0.0
2333987,2026-09-11_09-02-32.987-240,v5.1.3,3.43,12.0,200,1179,1249,3507,645,1281,3740,15397.07,15307.58,45560.55,16080.05,17953.06,46363.69,0.00,0.00,0.00,682.98,2645.48,803.14,2847.82,2847.82,1.006,0.081,0.534,-4.344,-0.984,0.375,9756,400.7,0,-0.9493,-0.0364,0.0043,-0.3123,36.4,-1.8,0.0
2334018,2026-09-11_09-02-32.018-240,v5.1.3,3.43,12.0,200,1182,1266,3500,633,1289,3753,15434.94,15533.68,45466.98,15947.41,18060.08,46555.42,0.00,0.00,0.00,512.48,2526.40,1088.44,2798.22,2798.22,1.007,0.075,0.536,-4.641,-0.453,0.609,9756,394.4,0,-0.9493,-0.0365,0.0043,-0.3123,36.4,-1.8,0.0
2334045,2026-09-11_09-02-32.046-240,v5.1.3,3.43,12.0,200,1187,1271,3505,642,1284,3762,15500.56,15597.49,45531.46,16088.08,17999.95,46652.49,0.00,0.00,0.00,587.52,2402.46,1121.03,2715.45,2715.45,0.998,0.074,0.531,-4.062,-0.953,0.344,9756,383.8,0,-0.9493,-0.0363,0.0047,-0.3123,36.4,-1.8,0.0
2334073,2026-09-11_09-02-32.073-240,v5.1.3,3.43,12.0,200,1187,1268,3492,642,1265,3747,15500.87,15561.60,45362.45,16062.88,17746.17,46463.46,0.00,0.00,0.00,562.01,2184.57,1101.02,2510.07,2510.07,1.007,0.075,0.541,-4.109,-0.938,0.078,9756,357.6,0,-0.9493,-0.0363,0.0047,-0.3123,36.4,-1.8,0.0
2334108,2026-09-11_09-02-32.108-240,v5.1.3,3.43,12.0,200,1182,1268,3494,643,1286,3747,15434.71,15561.82,45388.51,16067.11,18020.61,46457.05,0.00,0.00,0.00,632.40,2458.78,1068.54,2754.51,2754.51,1.002,0.070,0.544,-3.984,-0.984,0.219,9756,388.8,0,-0.9493,-0.0361,0.0046,-0.3123,36.4,-1.8,0.0
2334130,2026-09-11_09-02-32.131-240,v5.1.3,3.43,12.0,200,1187,1244,3508,641,1251,3740,15503.46,15239.96,45574.27,16040.12,17560.51,46378.46,0.00,0.00,0.00,536.66,2320.55,804.19,2513.90,2513.90,1.004,0.085,0.542,-4.219,-0.562,0.594,9761,358.1,0,-0.9493,-0.0366,0.0044,-0.3123,36.4,-1.8,0.0
2334158,2026-09-11_09-02-32.158-240,v5.1.3,3.43,12.0,200,1191,1249,3496,643,1260,3744,15555.83,15308.82,45417.20,16071.52,17679.94,46423.71,0.00,0.00,0.00,515.69,2371.12,1006.52,2627.02,2627.02,1.007,0.074,0.545,-4.562,-0.719,0.406,9761,372.6,0,-0.9493,-0.0363,0.0042,-0.3123,36.4,-1.8,0.0
2334189,2026-09-11_09-02-32.189-240,v5.1.3,3.43,12.0,200,1186,1245,3498,652,1269,3743,15490.11,15256.21,45443.81,16184.03,17798.86,46389.39,0.00,0.00,0.00,693.93,2542.65,945.58,2800.13,2800.13,1.008,0.075,0.538,-3.734,-0.875,0.047,9761,394.6,0,-0.9493,-0.0361,0.0045,-0.3123,36.4,-1.8,0.0
2334213,2026-09-11_09-02-32.213-240,v5.1.3,3.43,12.0,200,1197,1252,3496,650,1269,3746,15634.90,15347.49,45416.79,16164.34,17799.60,46432.33,0.00,0.00,0.00,529.45,2452.11,1015.54,2706.38,2706.38,1.005,0.090,0.530,-4.625,-0.891,0.266,9761,382.7,0,-0.9493,-0.0368,0.0045,-0.3123,36.4,-1.8,0.0
2334241,2026-09-11_09-02-32.242-240,v5.1.3,3.43,12.0,200,1185,1283,3498,650,1290,3747,15472.80,15758.33,45438.58,16157.63,18074.21,46440.96,0.00,0.00,0.00,684.83,2315.88,1002.38,2614.77,2614.77,1.007,0.063,0.537,-4.219,-0.719,-0.172,9761,371.0,0,-0.9493,-0.0362,0.0047,-0.3122,36.4,-1.8,0.0
2334267,2026-09-11_09-02-32.268-240,v5.1.3,3.43,12.0,200,1182,1271,3494,647,1292,3754,15434.39,15601.45,45388.09,16132.79,18102.38,46537.11,0.00,0.00,0.00,698.40,2500.93,1149.01,2839.48,2839.48,1.009,0.077,0.537,-3.547,-1.031,-0.188,9759,399.7,0,-0.9492,-0.0361,0.0048,-0.3126,36.4,-1.8,0.0
2334293,2026-09-11_09-02-32.293-240,v5.1.3,3.43,12.0,200,1188,1267,3494,643,1266,3746,15514.21,15547.65,45388.65,16073.40,17759.05,46448.21,0.00,0.00,0.00,559.20,2211.40,1059.56,2515.08,2515.08,1.010,0.080,0.533,-4.578,-1.047,0.172,9759,358.3,0,-0.9492,-0.0366,0.0048,-0.3126,36.4,-1.8,0.0
2334328,2026-09-11_09-02-32.328-240,v5.1.3,3.43,12.0,200,1187,1269,3498,636,1292,3744,15500.77,15573.08,45440.51,15965.69,18096.45,46432.55,0.00,0.00,0.00,464.92,2523.37,992.04,2750.95,2750.95,1.006,0.064,0.539,-4.031,-0.484,0.047,9759,388.4,0,-0.9492,-0.0358,0.0048,-0.3126,36.4,-1.8,0.0
2334351,2026-09-11_09-02-32.352-240,v5.1.3,3.43,12.0,200,1193,1246,3499,642,1260,3748,15582.62,15268.01,45456.71,16067.22,17681.26,46477.32,0.00,0.00,0.00,484.60,2413.25,1020.61,2664.63,2664.63,1.005,0.091,0.538,-3.625,-0.828,0.094,9759,377.4,0,-0.9492,-0.0364,0.0042,-0.3126,36.4,-1.8,0.0
2334398,2026-09-11_09-02-32.398-240,v5.1.3,3.43,12.0,200,1185,1269,3496,631,1294,3745,15474.30,15573.98,45414.44,15901.19,18121.97,46455.93,0.00,0.00,0.00,426.88,2547.99,1041.49,2785.53,2785.53,1.004,0.062,0.539,-4.766,-0.812,-0.125,9759,392.8,0,-0.9493,-0.0353,0.0046,-0.3125,36.4,-1.8,0.0
2334423,2026-09-11_09-02-32.424-240,v5.1.3,3.43,12.0,200,1179,1261,3494,640,1274,3745,15395.77,15469.84,45389.47,16028.26,17862.56,46440.30,0.00,0.00,0.00,632.49,2392.72,1050.83,2688.75,2688.75,1.003,0.092,0.540,-4.000,-0.969,0.078,9766,380.4,0,-0.9492,-0.0361,0.0044,-0.3125,36.4,-1.8,0.0
2334446,2026-09-11_09-02-32.448-240,v5.1.3,3.43,12.0,200,1190,1240,3501,639,1263,3744,15543.57,15188.66,45483.60,16017.55,17718.34,46431.84,0.00,0.00,0.00,473.97,2529.68,948.24,2742.82,2742.82,1.005,0.073,0.539,-4.312,-0.688,0.062,9766,387.3,0,-0.9492,-0.0365,0.0045,-0.3125,36.4,-1.8,0.0
2334478,2026-09-11_09-02-32.478-240,v5.1.3,3.43,12.0,200,1180,1261,3500,646,1262,3743,15409.01,15467.95,45467.67,16107.97,17706.27,46403.90,0.00,0.00,0.00,698.96,2238.32,936.23,2524.91,2524.91,1.004,0.066,0.534,-3.469,-1.188,-0.750,9766,359.5,0,-0.9492,-0.0357,0.0048,-0.3125,36.4,-1.8,0.0
2334502,2026-09-11_09-02-32.503-240,v5.1.3,3.43,12.0,200,1189,1249,3497,651,1263,3749,15529.37,15308.86,45430.23,16186.73,17722.58,46469.93,0.00,0.00,0.00,657.36,2413.72,1039.70,2709.08,2709.08,1.008,0.097,0.544,-4.062,-0.719,0.203,9766,383.0,0,-0.9492,-0.0366,0.0046,-0.3125,36.4,-1.8,0.0
2334528,2026-09-11_09-02-32.528-240,v5.1.3,3.43,12.0,200,1186,1250,3493,643,1275,3748,15489.56,15323.70,45377.96,16074.01,17877.34,46472.12,0.00,0.00,0.00,584.45,2553.64,1094.16,2838.99,2838.99,1.003,0.070,0.536,-4.547,-0.922,0.266,9766,399.6,0,-0.9492,-0.0365,0.0045,-0.3124,36.4,-1.8,0.0
2334560,2026-09-11_09-02-32.561-240,v5.1.3,3.43,12.0,200,1186,1291,3500,639,1264,3745,15485.18,15863.28,45463.55,16019.34,17731.77,46444.50,0.00,0.00,0.00,534.16,1868.49,980.95,2176.89,2176.89,1.006,0.074,0.535,-3.969,-0.672,-0.172,9759,315.1,0,-0.9492,-0.0362,0.0048,-0.3124,36.4,-1.8,0.0
2334584,2026-09-11_09-02-32.585-240,v5.1.3,3.43,12.0,200,1181,1277,3496,641,1285,3750,15420.52,15680.29,45413.34,16047.85,18008.29,46500.19,0.00,0.00,0.00,627.33,2327.99,1086.85,2644.68,2644.68,1.010,0.081,0.536,-4.703,-0.938,0.422,9759,374.8,0,-0.9493,-0.0367,0.0047,-0.3123,36.4,-1.8,0.0
2334613,2026-09-11_09-02-32.613-240,v5.1.3,3.43,12.0,200,1186,1252,3498,646,1266,3745,15489.36,15348.68,45442.84,16110.71,17759.26,46428.81,0.00,0.00,0.00,621.35,2410.58,985.96,2677.52,2677.52,1.002,0.062,0.533,-4.109,-0.891,-0.031,9759,379.0,0,-0.9493,-0.0360,0.0051,-0.3123,36.4,-1.8,0.0
2334638,2026-09-11_09-02-32.638-240,v5.1.3,3.43,12.0,200,1190,1242,3499,649,1262,3751,15543.36,15215.65,45457.26,16165.24,17709.88,46500.21,0.00,0.00,0.00,621.89,2494.22,1042.95,2774.10,2774.10,1.004,0.086,0.541,-3.938,-0.969,0.328,9759,391.3,0,-0.9493,-0.0363,0.0048,-0.3124,36.4,-1.8,0.0
2334663,2026-09-11_09-02-32.663-240,v5.1.3,3.43,12.0,200,1183,1269,3498,649,1281,3756,15447.84,15573.72,45440.50,16168.26,17959.88,46560.66,0.00,0.00,0.00,720.41,2386.16,1120.16,2732.67,2732.67,1.005,0.082,0.535,-4.188,-0.891,0.375,9759,386.0,0,-0.9492,-0.0368,0.0048,-0.3123,36.4,-1.8,0.0
2334698,2026-09-11_09-02-32.699-240,v5.1.3,3.43,12.0,200,1187,1241,3496,651,1253,3743,15503.76,15203.79,45418.29,16177.67,17589.72,46394.80,0.00,0.00,0.00,673.90,2385.94,976.50,2664.66,2664.66,1.009,0.075,0.535,-3.484,-0.812,-0.109,9754,377.4,0,-0.9492,-0.0365,0.0048,-0.3125,36.4,-1.8,0.0
2334724,2026-09-11_09-02-32.725-240,v5.1.3,3.43,12.0,200,1189,1252,3498,642,1282,3751,15529.05,15348.20,45442.85,16064.52,17969.68,46511.46,0.00,0.00,0.00,535.47,2621.49,1068.61,2881.12,2881.12,1.007,0.079,0.534,-4.516,-0.906,0.281,9754,405.0,0,-0.9492,-0.0370,0.0047,-0.3124,36.4,-1.8,0.0
2334753,2026-09-11_09-02-32.755-240,v5.1.3,3.43,12.0,200,1195,1263,3499,638,1286,3751,15607.26,15492.25,45454.37,16010.12,18021.13,46519.39,0.00,0.00,0.00,402.86,2528.88,1065.02,2773.41,2773.41,1.005,0.068,0.536,-4.047,-0.500,-0.234,9754,391.2,0,-0.9492,-0.0367,0.0048,-0.3123,36.4,-1.8,0.0
2334802,2026-09-11_09-02-32.803-240,v5.1.3,3.43,12.0,200,1182,1264,3497,641,1273,3745,15435.15,15508.12,45428.16,16041.86,17849.69,46438.32,0.00,0.00,0.00,606.71,2341.57,1010.16,2621.35,2621.35,1.005,0.081,0.538,-3.766,-0.688,0.125,9754,371.8,0,-0.9493,-0.0372,0.0041,-0.3122,36.4,-1.8,0.0
2334828,2026-09-11_09-02-32.828-240,v5.1.3,3.43,12.0,200,1189,1263,3492,656,1271,3737,15527.86,15495.23,45363.14,16222.56,17823.50,46303.11,0.00,0.00,0.00,694.70,2328.27,939.97,2605.18,2605.18,1.003,0.078,0.537,-4.109,-1.016,0.156,9754,369.8,0,-0.9493,-0.0373,0.0041,-0.3122,36.3,-1.8,0.0
2334860,2026-09-11_09-02-32.861-240,v5.1.3,3.43,12.0,200,1186,1262,3493,641,1285,3748,15488.28,15482.21,45376.30,16043.41,18007.53,46474.47,0.00,0.00,0.00,555.13,2525.32,1098.17,2809.16,2809.16,1.005,0.079,0.536,-4.375,-0.938,0.797,9755,395.8,0,-0.9493,-0.0370,0.0042,-0.3122,36.3,-1.8,0.0
2334886,2026-09-11_09-02-32.887-240,v5.1.3,3.43,12.0,200,1193,1259,3504,648,1268,3738,15581.23,15438.30,45520.09,16120.67,17783.13,46334.04,0.00,0.00,0.00,539.43,2344.83,813.95,2540.03,2540.03,1.009,0.067,0.536,-3.891,-0.750,-0.031,9755,361.5,0,-0.9492,-0.0362,0.0047,-0.3124,36.4,-1.8,0.0
2334918,2026-09-11_09-02-32.918-240,v5.1.3,3.43,12.0,200,1184,1253,3496,652,1275,3746,15462.79,15362.78,45416.64,16188.14,17878.35,46426.75,0.00,0.00,0.00,725.35,2515.56,1010.11,2806.16,2806.16,1.007,0.079,0.539,-4.281,-1.125,0.641,9755,395.4,0,-0.9492,-0.0364,0.0048,-0.3124,36.4,-1.8,0.0
2334948,2026-09-11_09-02-32.949-240,v5.1.3,3.43,12.0,200,1192,1251,3499,641,1253,3747,15568.85,15334.22,45456.02,16054.81,17589.27,46468.06,0.00,0.00,0.00,485.95,2255.05,1012.04,2519.06,2519.06,1.004,0.074,0.537,-4.203,-0.516,0.406,9755,358.8,0,-0.9492,-0.0365,0.0047,-0.3124,36.4,-1.8,0.0
2334973,2026-09-11_09-02-33.973-240,v5.1.3,3.43,12.0,200,1201,1259,3496,661,1270,3745,15687.07,15439.32,45415.83,16306.61,17814.44,46395.25,0.00,0.00,0.00,619.54,2375.12,979.42,2642.78,2642.78,1.002,0.076,0.539,-4.000,-0.906,0.500,9755,374.6,0,-0.9492,-0.0364,0.0047,-0.3125,36.4,-1.8,0.0
2335008,2026-09-11_09-02-33.008-240,v5.1.3,3.43,12.0,200,1183,1244,3496,646,1252,3740,15450.52,15244.06,45417.88,16105.57,17574.55,46367.34,0.00,0.00,0.00,655.05,2330.50,949.47,2600.34,2600.34,1.003,0.063,0.536,-3.812,-0.797,-0.375,9762,369.2,0,-0.9492,-0.0362,0.0047,-0.3125,36.4,-1.8,0.0
2335032,2026-09-11_09-02-33.032-240,v5.1.3,3.43,12.0,200,1188,1266,3496,649,1281,3741,15514.32,15533.87,45414.86,16134.97,17954.22,46367.81,0.00,0.00,0.00,620.65,2420.36,952.95,2674.22,2674.22,1.002,0.083,0.538,-4.234,-0.422,0.609,9762,378.6,0,-0.9492,-0.0365,0.0047,-0.3125,36.4,-1.8,0.0
2335063,2026-09-11_09-02-33.065-240,v5.1.3,3.43,12.0,200,1185,1257,3502,650,1276,3747,15475.60,15413.74,45494.29,16163.59,17891.39,46443.78,0.00,0.00,0.00,687.99,2477.65,949.49,2741.10,2741.10,1.001,0.081,0.543,-4.047,-0.781,0.344,9762,387.1,0,-0.9492,-0.0370,0.0043,-0.3125,36.4,-1.8,0.0
2335094,2026-09-11_09-02-33.095-240,v5.1.3,3.43,12.0,200,1185,1269,3497,655,1273,3748,15474.30,15573.69,45427.47,16232.95,17853.57,46446.32,0.00,0.00,0.00,758.65,2279.88,1018.85,2609.88,2609.88,1.002,0.061,0.538,-4.062,-0.766,-0.859,9762,370.4,0,-0.9493,-0.0358,0.0044,-0.3123,36.4,-1.8,0.0
2335118,2026-09-11_09-02-33.118-240,v5.1.3,3.43,12.0,200,1186,1265,3496,631,1262,3749,15487.96,15520.98,45414.99,15923.68,17705.60,46513.80,0.00,0.00,0.00,435.72,2184.62,1098.80,2483.90,2483.90,1.006,0.088,0.543,-3.688,-0.797,-0.250,9762,354.3,0,-0.9492,-0.0363,0.0043,-0.3124,36.4,-1.8,0.0
2335153,2026-09-11_09-02-33.153-240,v5.1.3,3.43,12.0,200,1182,1250,3496,646,1259,3740,15436.64,15323.48,45417.05,16102.59,17665.96,46365.93,0.00,0.00,0.00,665.94,2342.49,948.88,2613.64,2613.64,1.001,0.075,0.541,-4.188,-0.703,0.594,9761,370.9,0,-0.9492,-0.0367,0.0043,-0.3124,36.4,-1.8,0.0
2335177,2026-09-11_09-02-33.177-240,v5.1.3,3.43,12.0,200,1199,1253,3498,660,1261,3752,15661.26,15359.80,45442.72,16312.80,17699.35,46489.25,0.00,0.00,0.00,651.54,2339.55,1046.53,2644.47,2644.47,1.003,0.082,0.535,-3.766,-0.703,0.047,9761,374.8,0,-0.9492,-0.0367,0.0044,-0.3124,36.4,-1.8,0.0
2335223,2026-09-11_09-02-33.223-240,v5.1.3,3.43,12.0,200,1180,1270,3493,640,1292,3745,15408.03,15588.85,45375.20,16020.60,18097.61,46436.68,0.00,0.00,0.00,612.57,2508.76,1061.48,2792.11,2792.11,1.006,0.073,0.534,-4.469,-0.938,0.703,9761,393.6,0,-0.9493,-0.0369,0.0043,-0.3123,36.4,-1.8,0.0
2335249,2026-09-11_09-02-33.249-240,v5.1.3,3.43,12.0,200,1195,1258,3499,641,1271,3746,15607.80,15426.20,45455.06,16044.93,17823.95,46451.57,0.00,0.00,0.00,437.13,2397.75,996.52,2633.12,2633.12,1.005,0.070,0.539,-4.375,-0.734,0.672,9761,373.3,0,-0.9493,-0.0361,0.0045,-0.3123,36.4,-1.8,0.0
2335274,2026-09-11_09-02-33.274-240,v5.1.3,3.43,12.0,200,1188,1232,3497,637,1246,3746,15517.96,15084.45,45432.56,16002.87,17496.70,46465.34,0.00,0.00,0.00,484.91,2412.24,1032.78,2668.46,2668.46,1.006,0.074,0.540,-4.203,-0.969,0.125,9757,377.9,0,-0.9493,-0.0362,0.0045,-0.3124,36.4,-1.8,0.0
2335303,2026-09-11_09-02-33.303-240,v5.1.3,3.43,12.0,200,1188,1255,3503,645,1276,3745,15515.51,15386.55,45507.60,16093.28,17889.65,46428.98,0.00,0.00,0.00,577.77,2503.11,921.38,2729.16,2729.16,1.001,0.079,0.541,-3.344,-0.453,0.266,9757,385.6,0,-0.9492,-0.0360,0.0044,-0.3125,36.4,-1.8,0.0
2335327,2026-09-11_09-02-33.328-240,v5.1.3,3.43,12.0,200,1186,1253,3494,645,1268,3749,15489.24,15363.04,45390.57,16105.56,17786.69,46482.02,0.00,0.00,0.00,616.31,2423.66,1091.45,2728.59,2728.59,1.009,0.056,0.543,-3.578,-1.031,-0.438,9757,385.5,0,-0.9492,-0.0355,0.0043,-0.3125,36.4,-1.7,0.0
2335358,2026-09-11_09-02-33.358-240,v5.1.3,3.43,12.0,200,1185,1281,3494,638,1290,3751,15473.01,15733.07,45386.72,16008.42,18073.37,46518.59,0.00,0.00,0.00,535.41,2340.30,1131.86,2654.20,2654.20,0.986,0.105,0.543,-4.219,-1.188,-0.578,9757,376.0,0,-0.9492,-0.0362,0.0043,-0.3126,36.4,-1.8,0.0
2335389,2026-09-11_09-02-33.390-240,v5.1.3,3.43,12.0,200,1187,1264,3497,646,1282,3747,15501.30,15507.32,45428.16,16108.34,17968.96,46451.30,0.00,0.00,0.00,607.04,2461.64,1023.14,2734.04,2734.04,1.004,0.072,0.541,-5.078,-0.828,0.969,9757,386.2,0,-0.9492,-0.0363,0.0044,-0.3125,36.4,-1.8,0.0
2335413,2026-09-11_09-02-33.414-240,v5.1.3,3.43,12.0,200,1186,1240,3509,649,1259,3742,15490.66,15187.00,45587.86,16146.55,17667.31,46385.10,0.00,0.00,0.00,655.89,2480.31,797.24,2686.58,2686.58,1.005,0.056,0.542,-3.609,-0.453,0.203,9757,380.2,0,-0.9492,-0.0354,0.0046,-0.3126,36.4,-1.8,0.0
2335443,2026-09-11_09-02-33.443-240,v5.1.3,3.43,12.0,200,1187,1264,3500,646,1282,3744,15501.31,15506.46,45467.26,16101.68,17967.83,46412.73,0.00,0.00,0.00,600.37,2461.37,945.47,2704.20,2704.20,1.002,0.095,0.540,-4.031,-1.000,0.188,9753,382.4,0,-0.9492,-0.0365,0.0046,-0.3126,36.4,-1.8,0.0
2335469,2026-09-11_09-02-33.470-240,v5.1.3,3.43,12.0,200,1181,1259,3496,644,1261,3749,15422.45,15442.52,45415.81,16095.36,17695.08,46485.61,0.00,0.00,0.00,672.92,2252.56,1069.80,2582.89,2582.89,1.004,0.032,0.544,-4.234,-0.719,0.031,9753,366.9,0,-0.9492,-0.0361,0.0047,-0.3124,36.4,-1.8,0.0
2335493,2026-09-11_09-02-33.493-240,v5.1.3,3.43,12.0,200,1207,1257,3496,660,1268,3751,15766.67,15411.94,45416.11,16307.60,17790.39,46474.98,0.00,0.00,0.00,540.93,2378.45,1058.87,2659.10,2659.10,1.006,0.074,0.539,-3.516,-0.797,0.156,9753,376.7,0,-0.9492,-0.0358,0.0050,-0.3125,36.4,-1.8,0.0
2335523,2026-09-11_09-02-33.523-240,v5.1.3,3.43,12.0,200,1178,1274,3495,639,1289,3746,15381.15,15641.44,45400.71,16010.92,18058.62,46452.32,0.00,0.00,0.00,629.78,2417.18,1051.61,2710.22,2710.22,1.006,0.089,0.535,-4.703,-1.078,0.531,9753,383.2,0,-0.9492,-0.0368,0.0048,-0.3124,36.4,-1.8,0.0
2335547,2026-09-11_09-02-33.548-240,v5.1.3,3.43,12.0,200,1184,1255,3495,640,1268,3751,15462.57,15389.49,45403.33,16044.13,17786.47,46518.65,0.00,0.00,0.00,581.56,2396.98,1115.32,2706.96,2706.96,1.004,0.057,0.533,-4.422,-0.969,0.766,9753,382.8,0,-0.9492,-0.0359,0.0049,-0.3124,36.4,-1.8,0.0
2335572,2026-09-11_09-02-33.574-240,v5.1.3,3.43,12.0,200,1178,1260,3499,638,1295,3746,15382.65,15455.35,45454.77,15995.20,18136.78,46453.29,0.00,0.00,0.00,612.55,2681.43,998.52,2926.14,2926.14,1.006,0.068,0.534,-3.953,-0.234,-0.297,9763,410.7,0,-0.9493,-0.0354,0.0052,-0.3124,36.4,-1.8,0.0
2335619,2026-09-11_09-02-33.620-240,v5.1.3,3.43,12.0,200,1180,1257,3506,639,1280,3747,15409.45,15413.39,45546.41,16016.97,17941.47,46466.99,0.00,0.00,0.00,607.53,2528.08,920.57,2758.21,2758.21,1.001,0.073,0.542,-4.672,-0.875,1.203,9763,389.3,0,-0.9492,-0.0363,0.0050,-0.3124,36.4,-1.8,0.0
2335643,2026-09-11_09-02-33.645-240,v5.1.3,3.43,12.0,200,1189,1258,3503,642,1277,3751,15528.42,15426.02,45507.19,16066.65,17904.39,46512.47,0.00,0.00,0.00,538.23,2478.37,1005.28,2728.11,2728.11,1.001,0.065,0.539,-4.688,-1.125,0.953,9763,385.5,0,-0.9493,-0.0358,0.0051,-0.3124,36.4,-1.8,0.0
2335678,2026-09-11_09-02-33.678-240,v5.1.3,3.43,12.0,200,1180,1259,3497,630,1289,3747,15409.22,15442.40,45428.84,15894.58,18057.23,46484.83,0.00,0.00,0.00,485.36,2614.83,1055.99,2861.48,2861.48,1.007,0.080,0.537,-3.719,-0.812,-0.078,9763,402.5,0,-0.9493,-0.0357,0.0053,-0.3124,36.4,-1.9,0.0
2335704,2026-09-11_09-02-33.704-240,v5.1.3,3.43,12.0,200,1181,1259,3496,645,1268,3746,15422.45,15442.52,45415.81,16098.90,17785.56,46443.45,0.00,0.00,0.00,676.45,2343.04,1027.63,2646.40,2646.40,1.003,0.065,0.543,-3.891,-0.859,-0.094,9760,375.0,0,-0.9493,-0.0355,0.0054,-0.3125,36.4,-1.9,0.0
2335728,2026-09-11_09-02-33.728-240,v5.1.3,3.43,12.0,200,1185,1276,3503,633,1304,3741,15473.56,15664.43,45504.71,15914.40,18251.44,46398.11,0.00,0.00,0.00,440.84,2587.01,893.41,2772.21,2772.21,1.005,0.072,0.538,-3.812,-1.016,-0.562,9760,391.1,0,-0.9493,-0.0351,0.0053,-0.3124,36.4,-1.8,0.0
2335763,2026-09-11_09-02-33.763-240,v5.1.3,3.43,12.0,200,1178,1265,3495,640,1286,3748,15382.11,15522.55,45401.95,16029.81,18020.39,46476.45,0.00,0.00,0.00,647.70,2497.84,1074.50,2795.23,2795.23,1.005,0.083,0.533,-3.922,-0.578,0.359,9760,394.0,0,-0.9493,-0.0363,0.0053,-0.3123,36.4,-1.9,0.0
2335786,2026-09-11_09-02-33.786-240,v5.1.3,3.43,12.0,200,1168,1247,3509,630,1253,3740,15251.75,15282.35,45586.88,15894.36,17584.47,46402.08,0.00,0.00,0.00,642.61,2302.12,815.20,2525.33,2525.33,1.004,0.074,0.539,-7.891,-0.781,-0.828,9760,359.6,0,-0.9494,-0.0360,0.0053,-0.3119,36.3,-1.9,0.0
2335818,2026-09-11_09-02-33.818-240,v5.1.3,3.43,12.0,200,1183,1274,3498,637,1292,3748,15447.31,15639.77,45439.82,15987.74,18098.16,46481.80,0.00,0.00,0.00,540.43,2458.39,1041.98,2724.23,2724.23,1.000,0.082,0.537,-4.188,-0.484,0.391,9760,385.0,0,-0.9494,-0.0365,0.0049,-0.3119,36.3,-1.8,0.0
2335847,2026-09-11_09-02-33.847-240,v5.1.3,3.43,12.0,200,1180,1254,3498,647,1271,3750,15409.76,15376.06,45442.56,16132.85,17826.64,46489.91,0.00,0.00,0.00,723.09,2450.58,1047.34,2761.36,2761.36,1.008,0.064,0.541,-4.156,-0.641,0.266,9768,389.7,0,-0.9494,-0.0361,0.0054,-0.3119,36.3,-1.9,0.0
2335870,2026-09-11_09-02-33.871-240,v5.1.3,3.43,12.0,200,1186,1252,3498,642,1263,3753,15489.36,15348.68,45442.84,16077.04,17722.32,46541.00,0.00,0.00,0.00,587.68,2373.64,1098.16,2680.58,2680.58,1.003,0.074,0.536,-3.531,-0.953,-0.109,9768,379.4,0,-0.9494,-0.0359,0.0053,-0.3119,36.3,-1.9,0.0
2335903,2026-09-11_09-02-33.903-240,v5.1.3,3.43,12.0,200,1182,1277,3499,650,1289,3747,15433.75,15679.27,45452.43,16158.05,18061.15,46441.16,0.00,0.00,0.00,724.30,2381.88,988.73,2678.72,2678.72,1.004,0.085,0.540,-4.656,-0.562,-0.062,9768,379.2,0,-0.9494,-0.0367,0.0048,-0.3119,36.3,-1.8,0.0
2335928,2026-09-11_09-02-33.929-240,v5.1.3,3.43,12.0,200,1183,1251,3498,642,1269,3751,15449.77,15335.95,45442.98,16070.05,17799.92,46514.08,0.00,0.00,0.00,620.28,2463.97,1071.10,2757.38,2757.38,1.004,0.067,0.538,-4.844,-0.500,0.406,9768,389.2,0,-0.9494,-0.0364,0.0049,-0.3118,36.3,-1.8,0.0
2335958,2026-09-11_09-02-33.958-240,v5.1.3,3.43,12.0,200,1184,1245,3507,647,1256,3748,15463.66,15253.94,45561.10,16134.79,17630.00,46467.21,0.00,0.00,0.00,671.13,2376.06,906.11,2630.04,2630.04,1.007,0.063,0.539,-3.859,-0.750,0.125,9768,372.9,0,-0.9494,-0.0352,0.0054,-0.3121,36.3,-1.8,0.0
2335989,2026-09-11_09-02-34.990-240,v5.1.3,3.43,12.0,200,1171,1266,3499,644,1266,3746,15289.39,15535.73,45453.93,16086.58,17759.25,46446.03,0.00,0.00,0.00,797.19,2223.52,992.10,2561.99,2561.99,1.005,0.084,0.541,-4.094,-0.672,-0.344,9768,364.3,0,-0.9494,-0.0362,0.0050,-0.3121,36.3,-1.8,0.0
2336028,2026-09-11_09-02-34.028-240,v5.1.3,3.43,12.0,200,1185,1251,3503,645,1257,3744,15476.24,15334.19,45508.14,16099.14,17641.16,46419.95,0.00,0.00,0.00,622.90,2306.97,911.80,2557.64,2557.64,1.004,0.064,0.537,-4.125,-0.906,0.219,9763,363.7,0,-0.9494,-0.0359,0.0047,-0.3121,36.3,-1.8,0.0
2336062,2026-09-11_09-02-34.063-240,v5.1.3,3.43,12.0,200,1176,1264,3495,633,1292,3752,15355.76,15509.66,45402.09,15943.92,18098.88,46541.96,0.00,0.00,0.00,588.16,2589.22,1139.88,2889.52,2889.52,1.006,0.088,0.536,-4.250,-0.562,0.828,9763,406.0,0,-0.9493,-0.0367,0.0044,-0.3121,36.3,-1.8,0.0
2336084,2026-09-11_09-02-34.085-240,v5.1.3,3.43,12.0,200,1178,1262,3495,643,1274,3748,15382.43,15482.92,45402.36,16074.44,17864.28,46472.32,0.00,0.00,0.00,692.01,2381.36,1069.96,2700.84,2700.84,1.006,0.058,0.542,-4.297,-1.062,0.062,9763,382.0,0,-0.9494,-0.0361,0.0046,-0.3120,36.3,-1.8,0.0
2336118,2026-09-11_09-02-34.118-240,v5.1.3,3.43,12.0,200,1179,1252,3499,641,1256,3744,15396.74,15349.51,45455.87,16046.87,17627.32,46428.88,0.00,0.00,0.00,650.13,2277.81,973.01,2560.82,2560.82,1.002,0.075,0.533,-3.734,-0.812,-0.234,9763,364.1,0,-0.9493,-0.0358,0.0048,-0.3121,36.3,-1.8,0.0
2336145,2026-09-11_09-02-34.146-240,v5.1.3,3.43,12.0,200,1183,1263,3495,647,1279,3749,15448.48,15495.33,45402.23,16127.23,17930.73,46475.44,0.00,0.00,0.00,678.75,2435.40,1073.21,2746.57,2746.57,1.007,0.087,0.534,-4.375,-0.969,0.266,9761,387.8,0,-0.9493,-0.0368,0.0047,-0.3121,36.3,-1.8,0.0
2336168,2026-09-11_09-02-34.168-240,v5.1.3,3.43,12.0,200,1191,1258,3494,645,1264,3744,15554.87,15428.28,45389.89,16096.16,17732.57,46418.54,0.00,0.00,0.00,541.30,2304.29,1028.64,2580.86,2580.86,1.005,0.066,0.538,-3.953,-1.062,0.109,9761,366.7,0,-0.9493,-0.0364,0.0048,-0.3122,36.3,-1.8,0.0
2336203,2026-09-11_09-02-34.203-240,v5.1.3,3.43,12.0,200,1189,1244,3500,647,1278,3747,15529.91,15241.95,45470.02,16123.21,17916.92,46449.93,0.00,0.00,0.00,593.30,2674.97,979.91,2909.93,2909.93,1.005,0.092,0.539,-4.453,-1.203,1.250,9761,408.7,0,-0.9492,-0.0373,0.0045,-0.3123,36.4,-1.8,0.0
2336227,2026-09-11_09-02-34.228-240,v5.1.3,3.43,12.0,200,1177,1250,3502,637,1283,3745,15370.50,15322.55,45495.24,15984.91,17979.50,46445.04,0.00,0.00,0.00,614.41,2656.95,949.80,2887.73,2887.73,1.000,0.058,0.542,-4.438,-0.625,0.281,9761,405.8,0,-0.9493,-0.0366,0.0046,-0.3122,36.4,-1.8,0.0
2336258,2026-09-11_09-02-34.258-240,v5.1.3,3.43,12.0,200,1184,1246,3497,640,1260,3750,15463.54,15270.03,45430.63,16045.31,17681.62,46507.40,0.00,0.00,0.00,581.77,2411.59,1076.77,2704.38,2704.38,1.002,0.070,0.540,-4.016,-0.891,0.500,9761,382.4,0,-0.9493,-0.0359,0.0047,-0.3123,36.4,-1.8,0.0
2336289,2026-09-11_09-02-34.290-240,v5.1.3,3.43,12.0,200,1186,1260,3498,654,1265,3747,15488.50,15454.35,45441.75,16220.96,17748.53,46437.26,0.00,0.00,0.00,732.46,2294.17,995.51,2605.91,2605.91,0.997,0.073,0.541,-3.641,-0.672,-0.375,9761,369.9,0,-0.9493,-0.0362,0.0047,-0.3123,36.4,-1.8,0.0
2336313,2026-09-11_09-02-34.313-240,v5.1.3,3.43,12.0,200,1186,1252,3498,639,1270,3750,15489.36,15348.68,45442.84,16027.88,17812.01,46507.57,0.00,0.00,0.00,538.53,2463.33,1064.73,2737.09,2737.09,1.006,0.082,0.547,-3.594,-1.094,-0.438,9761,386.6,0,-0.9492,-0.0365,0.0047,-0.3124,36.4,-1.8,0.0
2336348,2026-09-11_09-02-34.348-240,v5.1.3,3.43,12.0,200,1183,1247,3497,646,1260,3747,15450.20,15283.40,45430.50,16117.70,17681.66,46455.73,0.00,0.00,0.00,667.50,2398.27,1025.24,2692.28,2692.28,1.006,0.091,0.531,-4.875,-1.422,0.984,9761,380.9,0,-0.9492,-0.0377,0.0048,-0.3123,36.4,-1.9,0.0
2336372,2026-09-11_09-02-34.373-240,v5.1.3,3.43,12.0,200,1184,1268,3499,638,1268,3748,15461.18,15560.06,45453.67,16011.12,17784.94,46484.45,0.00,0.00,0.00,549.94,2224.88,1030.77,2512.97,2512.97,0.998,0.062,0.547,-5.125,-1.500,0.812,9761,358.0,0,-0.9493,-0.0367,0.0046,-0.3123,36.4,-1.8,0.0
2336404,2026-09-11_09-02-34.404-240,v5.1.3,3.43,12.0,200,1183,1255,3495,634,1274,3748,15449.34,15389.65,45403.33,15955.87,17862.51,46491.97,0.00,0.00,0.00,506.54,2472.86,1088.64,2748.95,2748.95,1.014,0.064,0.544,-3.844,-1.469,0.172,9761,388.1,0,-0.9493,-0.0358,0.0051,-0.3123,36.4,-1.8,0.0
2336445,2026-09-11_09-02-34.446-240,v5.1.3,3.43,12.0,200,1184,1253,3498,641,1271,3752,15462.79,15362.21,45442.71,16058.24,17826.21,46528.72,0.00,0.00,0.00,595.46,2464.00,1086.01,2757.77,2757.77,1.010,0.067,0.530,-4.578,-0.297,-0.141,9765,389.2,0,-0.9493,-0.0362,0.0064,-0.3121,36.3,-2.0,0.0
2336473,2026-09-11_09-02-34.473-240,v5.1.3,3.43,12.0,200,1185,1248,3502,642,1252,3746,15476.56,15294.85,45495.53,16066.19,17576.03,46453.22,0.00,0.00,0.00,589.62,2281.18,957.69,2543.35,2543.35,1.051,0.094,0.533,-4.281,-1.078,0.328,9765,361.9,0,-0.9493,-0.0366,0.0063,-0.3121,36.3,-2.0,0.0
2336506,2026-09-11_09-02-34.507-240,v5.1.3,3.43,12.0,200,1182,1262,3493,641,1271,3755,15435.35,15482.85,45376.30,16064.90,17827.35,46567.29,0.00,0.00,0.00,629.55,2344.49,1190.99,2703.97,2703.97,0.984,0.063,0.540,-3.703,-0.906,-0.109,9765,382.4,0,-0.9494,-0.0357,0.0063,-0.3121,36.3,-2.0,0.0
2336529,2026-09-11_09-02-34.530-240,v5.1.3,3.43,12.0,200,1182,1240,3500,635,1277,3754,15437.72,15190.23,45470.56,15981.09,17904.14,46566.33,0.00,0.00,0.00,543.36,2713.92,1095.77,2976.79,2976.79,1.017,0.067,0.525,-3.359,-0.531,-3.906,9765,417.2,0,-0.9494,-0.0357,0.0065,-0.3120,36.3,-2.0,0.0
2336558,2026-09-11_09-02-34.558-240,v5.1.3,3.43,12.0,200,1185,1270,3501,646,1282,3751,15474.20,15585.75,45479.46,16117.21,17970.47,46502.73,0.00,0.00,0.00,643.01,2384.72,1023.27,2673.47,2673.47,1.016,0.079,0.521,-4.062,-0.891,-0.266,9765,378.5,0,-0.9494,-0.0361,0.0064,-0.3121,36.3,-2.0,0.0
2336589,2026-09-11_09-02-34.590-240,v5.1.3,3.43,12.0,200,1187,1247,3498,649,1275,3748,15503.12,15282.47,45443.54,16153.06,17878.51,46459.02,0.00,0.00,0.00,649.93,2596.04,1015.48,2862.35,2862.35,1.003,0.088,0.541,-0.281,-0.422,0.406,9761,402.6,0,-0.9492,-0.0366,0.0061,-0.3125,36.4,-2.0,0.0
2336613,2026-09-11_09-02-34.613-240,v5.1.3,3.43,12.0,200,1190,1258,3498,640,1277,3748,15541.64,15427.29,45442.02,16033.64,17902.86,46478.27,0.00,0.00,0.00,492.00,2475.57,1036.24,2728.43,2728.43,1.005,0.068,0.514,-4.578,-0.547,0.172,9761,385.5,0,-0.9492,-0.0368,0.0063,-0.3125,36.4,-2.0,0.0
2336648,2026-09-11_09-02-34.648-240,v5.1.3,3.43,12.0,200,1186,1243,3496,641,1277,3745,15490.32,15230.37,45418.02,16040.16,17901.93,46437.51,0.00,0.00,0.00,549.84,2671.56,1019.50,2911.86,2911.86,1.003,0.079,0.555,-4.078,-0.734,0.422,9761,408.9,0,-0.9492,-0.0361,0.0059,-0.3125,36.4,-1.9,0.0
2336672,2026-09-11_09-02-34.673-240,v5.1.3,3.43,12.0,200,1174,1278,3508,641,1311,3751,15327.81,15691.18,45569.59,16039.01,18348.19,46507.81,0.00,0.00,0.00,711.20,2657.02,938.22,2906.17,2906.17,1.011,0.074,0.542,-4.578,-0.281,0.031,9761,408.2,0,-0.9493,-0.0361,0.0060,-0.3123,36.4,-1.9,0.0
2336698,2026-09-11_09-02-34.698-240,v5.1.3,3.43,12.0,200,1182,1280,3499,647,1302,3748,15433.43,15718.90,45452.02,16115.22,18230.71,46457.95,0.00,0.00,0.00,681.79,2511.80,1005.93,2790.32,2790.32,1.002,0.062,0.513,-3.594,-0.250,-0.016,9761,393.4,0,-0.9493,-0.0355,0.0062,-0.3123,36.4,-1.9,0.0
2336725,2026-09-11_09-02-34.727-240,v5.1.3,3.43,12.0,200,1176,1274,3498,640,1313,3743,15354.69,15640.89,45439.81,16007.23,18371.10,46406.73,0.00,0.00,0.00,652.54,2730.20,966.93,2968.97,2968.97,1.015,0.076,0.525,-4.000,-0.750,-0.484,9763,416.2,0,-0.9493,-0.0360,0.0062,-0.3122,36.3,-2.0,0.0
2336748,2026-09-11_09-02-34.750-240,v5.1.3,3.43,12.0,200,1190,1258,3501,639,1295,3747,15541.64,15426.43,45481.12,16010.59,18137.35,46463.97,0.00,0.00,0.00,468.95,2710.92,982.85,2921.47,2921.47,1.005,0.071,0.520,-4.078,-0.531,-0.078,9763,410.1,0,-0.9493,-0.0360,0.0062,-0.3123,36.4,-2.0,0.0
2336783,2026-09-11_09-02-34.783-240,v5.1.3,3.43,12.0,200,1184,1244,3496,643,1294,3745,15463.75,15243.90,45417.88,16059.27,18124.32,46429.72,0.00,0.00,0.00,595.52,2880.43,1011.84,3110.52,3110.52,0.996,0.082,0.526,-3.125,-1.266,-0.328,9763,434.2,0,-0.9493,-0.0360,0.0060,-0.3124,36.4,-1.9,0.0
2336810,2026-09-11_09-02-34.810-240,v5.1.3,3.43,12.0,200,1187,1255,3502,645,1284,3751,15502.27,15387.00,45494.57,16103.19,17996.38,46504.51,0.00,0.00,0.00,600.92,2609.39,1009.95,2861.82,2861.82,1.006,0.086,0.528,-4.281,-0.734,0.328,9763,402.5,0,-0.9492,-0.0366,0.0057,-0.3123,36.4,-1.9,0.0
2336853,2026-09-11_09-02-34.853-240,v5.1.3,3.43,12.0,200,1175,1264,3500,642,1309,3749,15342.53,15508.38,45467.25,16048.59,18321.51,46480.32,0.00,0.00,0.00,706.06,2813.13,1013.07,3072.22,3072.22,1.001,0.065,0.551,-4.578,-0.734,0.469,9763,429.4,0,-0.9493,-0.0362,0.0061,-0.3123,36.4,-2.0,0.0
2336884,2026-09-11_09-02-34.884-240,v5.1.3,3.43,12.0,200,1184,1246,3499,644,1294,3748,15463.54,15269.45,45456.70,16079.10,18125.65,46466.11,0.00,0.00,0.00,615.56,2856.20,1009.41,3091.23,3091.23,1.005,0.081,0.547,-4.156,-0.812,0.234,9762,431.8,0,-0.9493,-0.0364,0.0059,-0.3123,36.4,-1.9,0.0
2336910,2026-09-11_09-02-34.911-240,v5.1.3,3.43,12.0,200,1180,1261,3498,636,1309,3747,15409.01,15468.53,45441.60,15965.11,18319.58,46467.70,0.00,0.00,0.00,556.11,2851.06,1026.10,3080.69,3080.69,1.000,0.063,0.542,-4.906,-0.797,0.141,9762,430.4,0,-0.9493,-0.0361,0.0057,-0.3121,36.3,-1.9,0.0
2336943,2026-09-11_09-02-34.943-240,v5.1.3,3.43,12.0,200,1172,1262,3502,637,1305,3749,15303.05,15481.87,45493.59,15984.43,18268.30,46492.04,0.00,0.00,0.00,681.37,2786.43,998.45,3037.33,3037.33,1.008,0.062,0.532,-3.609,-1.031,0.016,9762,424.9,0,-0.9493,-0.0352,0.0061,-0.3122,36.3,-1.9,0.0
2336969,2026-09-11_09-02-34.969-240,v5.1.3,3.43,12.0,200,1181,1265,3498,639,1311,3752,15421.81,15521.20,45441.05,16014.88,18348.18,46525.04,0.00,0.00,0.00,593.07,2826.97,1083.98,3085.21,3085.21,1.007,0.079,0.531,-4.344,-0.938,0.203,9762,431.0,0,-0.9493,-0.0357,0.0056,-0.3123,36.4,-1.9,0.0
2336998,2026-09-11_09-02-35.998-240,v5.1.3,3.43,12.0,200,1185,1261,3497,641,1314,3748,15475.16,15468.01,45428.57,16031.07,18386.24,46468.63,0.00,0.00,0.00,555.91,2918.23,1040.06,3147.51,3147.51,1.001,0.069,0.533,-4.156,-0.844,-0.156,9762,439.0,0,-0.9493,-0.0357,0.0057,-0.3123,36.4,-1.9,0.0
2337029,2026-09-11_09-02-35.030-240,v5.1.3,3.43,12.0,200,1177,1257,3498,640,1315,3746,15369.74,15416.17,45442.15,16013.04,18398.34,46444.90,0.00,0.00,0.00,643.29,2982.17,1002.75,3211.34,3211.34,0.992,0.082,0.546,-4.797,-1.234,0.906,9767,447.1,0,-0.9493,-0.0361,0.0051,-0.3122,36.4,-1.8,0.0
2337053,2026-09-11_09-02-35.053-240,v5.1.3,3.43,12.0,200,1184,1266,3493,635,1309,3753,15461.39,15535.37,45375.75,15965.25,18321.65,46547.02,0.00,0.00,0.00,503.86,2786.28,1171.27,3064.16,3064.16,1.001,0.068,0.554,-3.953,-0.734,0.094,9767,428.3,0,-0.9493,-0.0358,0.0051,-0.3122,36.4,-1.8,0.0
2337088,2026-09-11_09-02-35.088-240,v5.1.3,3.43,12.0,200,1186,1252,3505,639,1327,3756,15489.37,15346.66,45534.07,16016.95,18558.62,46573.24,0.00,0.00,0.00,527.58,3211.96,1039.16,3416.86,3416.86,0.996,0.079,0.543,-3.844,-1.047,-0.312,9767,473.3,0,-0.9493,-0.0357,0.0051,-0.3123,36.4,-1.8,0.0
2337114,2026-09-11_09-02-35.115-240,v5.1.3,3.43,12.0,200,1181,1251,3498,637,1292,3751,15423.31,15336.27,45442.98,15994.40,18099.29,46520.37,0.00,0.00,0.00,571.09,2763.02,1077.39,3020.13,3020.13,0.998,0.079,0.546,-4.375,-1.078,0.219,9767,422.7,0,-0.9493,-0.0363,0.0048,-0.3122,36.4,-1.8,0.0
2337143,2026-09-11_09-02-35.143-240,v5.1.3,3.43,12.0,200,1179,1265,3496,636,1311,3747,15395.34,15522.10,45414.98,15964.26,18345.70,46467.30,0.00,0.00,0.00,568.92,2823.60,1052.31,3066.55,3066.55,1.000,0.074,0.546,-3.938,-1.203,0.500,9767,428.6,0,-0.9493,-0.0360,0.0048,-0.3123,36.4,-1.8,0.0
2337174,2026-09-11_09-02-35.175-240,v5.1.3,3.43,12.0,200,1182,1265,3498,641,1319,3749,15435.04,15521.04,45441.05,16031.17,18451.91,46480.48,0.00,0.00,0.00,596.13,2930.86,1039.43,3166.35,3166.35,1.006,0.079,0.540,-4.312,-1.312,-0.109,9759,441.4,0,-0.9493,-0.0363,0.0047,-0.3122,36.4,-1.8,0.0
2337198,2026-09-11_09-02-35.199-240,v5.1.3,3.43,12.0,200,1182,1259,3504,644,1310,3749,15435.69,15440.06,45520.07,16074.52,18334.96,46475.75,0.00,0.00,0.00,638.83,2894.90,955.67,3114.78,3114.78,0.999,0.071,0.547,-4.203,-0.672,0.344,9759,434.8,0,-0.9493,-0.0361,0.0050,-0.3122,36.3,-1.8,0.0
2337233,2026-09-11_09-02-35.233-240,v5.1.3,3.43,12.0,200,1181,1272,3501,634,1338,3751,15421.06,15612.81,45479.19,15935.30,18699.41,46517.66,0.00,0.00,0.00,514.24,3086.60,1038.47,3296.96,3296.96,1.002,0.073,0.542,-3.891,-1.000,-0.031,9759,458.0,0,-0.9493,-0.0357,0.0051,-0.3122,36.4,-1.8,0.0
2337270,2026-09-11_09-02-35.271-240,v5.1.3,3.43,12.0,200,1185,1241,3503,638,1315,3745,15477.31,15202.09,45509.52,15984.47,18397.58,46436.41,0.00,0.00,0.00,507.16,3195.48,926.89,3365.63,3365.63,1.005,0.076,0.533,-4.125,-1.031,-0.328,9759,466.8,0,-0.9493,-0.0360,0.0047,-0.3122,36.4,-1.8,0.0
2337303,2026-09-11_09-02-35.303-240,v5.1.3,3.43,12.0,200,1180,1242,3500,631,1302,3747,15411.04,15216.97,45470.28,15902.22,18227.19,46480.03,0.00,0.00,0.00,491.18,3010.22,1009.75,3212.83,3212.83,1.009,0.076,0.529,-4.078,-0.625,0.547,9760,447.3,0,-0.9493,-0.0361,0.0048,-0.3123,36.4,-1.8,0.0
2337330,2026-09-11_09-02-35.331-240,v5.1.3,3.43,12.0,200,1183,1255,3497,641,1303,3753,15449.34,15389.08,45429.39,16046.85,18244.47,46535.13,0.00,0.00,0.00,597.51,2855.40,1105.74,3119.77,3119.77,1.007,0.084,0.530,-4.844,-0.500,0.562,9760,435.4,0,-0.9493,-0.0367,0.0048,-0.3122,36.3,-1.8,0.0
2337353,2026-09-11_09-02-35.353-240,v5.1.3,3.43,12.0,200,1189,1262,3497,646,1310,3746,15527.98,15480.58,45428.44,16094.21,18334.23,46432.80,0.00,0.00,0.00,566.23,2853.65,1004.37,3077.77,3077.77,1.006,0.067,0.532,-4.344,-0.953,-0.156,9760,430.1,0,-0.9494,-0.0362,0.0049,-0.3121,36.3,-1.8,0.0
2337383,2026-09-11_09-02-35.383-240,v5.1.3,3.43,12.0,200,1179,1261,3509,649,1296,3747,15395.79,15465.53,45584.96,16141.90,18152.37,46441.93,0.00,0.00,0.00,746.11,2686.84,856.97,2917.23,2917.23,1.007,0.082,0.536,-4.484,-0.844,-0.141,9760,409.6,0,-0.9494,-0.0362,0.0050,-0.3120,36.3,-1.8,0.0
2337406,2026-09-11_09-02-35.406-240,v5.1.3,3.43,12.0,200,1178,1265,3498,641,1314,3743,15382.12,15521.69,45441.05,16019.98,18384.35,46404.35,0.00,0.00,0.00,637.86,2862.67,963.30,3087.02,3087.02,1.004,0.076,0.536,-4.188,-1.156,-0.188,9760,431.2,0,-0.9494,-0.0365,0.0050,-0.3120,36.3,-1.8,0.0
2337433,2026-09-11_09-02-35.433-240,v5.1.3,3.43,12.0,200,1188,1258,3498,642,1312,3747,15515.18,15427.61,45442.02,16042.88,18359.94,46454.00,0.00,0.00,0.00,527.70,2932.32,1011.97,3146.60,3146.60,1.007,0.079,0.541,-4.281,-0.828,0.469,9760,438.8,0,-0.9494,-0.0365,0.0049,-0.3120,36.3,-1.8,0.0
2337466,2026-09-11_09-02-35.467-240,v5.1.3,3.43,12.0,200,1177,1244,3501,638,1299,3745,15371.14,15243.58,45483.04,15991.28,18188.63,46439.63,0.00,0.00,0.00,620.14,2945.05,956.60,3158.01,3158.01,0.997,0.077,0.536,-4.016,-0.703,0.203,9766,440.3,0,-0.9494,-0.0366,0.0049,-0.3120,36.3,-1.8,0.0
2337488,2026-09-11_09-02-35.489-240,v5.1.3,3.43,12.0,200,1186,1262,3495,639,1312,3749,15488.28,15481.64,45402.37,16007.80,18360.10,46486.26,0.00,0.00,0.00,519.51,2878.47,1083.89,3119.34,3119.34,1.010,0.069,0.541,-4.297,-1.234,-0.125,9766,435.4,0,-0.9494,-0.0363,0.0050,-0.3120,36.3,-1.8,0.0
2337518,2026-09-11_09-02-35.519-240,v5.1.3,3.43,12.0,200,1178,1262,3506,632,1305,3744,15382.45,15479.76,45545.72,15907.46,18265.43,46438.67,0.00,0.00,0.00,525.01,2785.68,892.95,2972.03,2972.03,1.009,0.083,0.539,-4.281,-1.016,0.094,9766,416.6,0,-0.9494,-0.0368,0.0049,-0.3120,36.3,-1.8,0.0
2337544,2026-09-11_09-02-35.545-240,v5.1.3,3.43,12.0,200,1185,1265,3497,647,1306,3753,15474.73,15520.85,45428.02,16124.62,18284.83,46521.43,0.00,0.00,0.00,649.88,2763.98,1093.41,3042.61,3042.61,1.005,0.064,0.540,-4.438,0.016,0.109,9766,425.6,0,-0.9494,-0.0362,0.0049,-0.3120,36.3,-1.8,0.0
2337568,2026-09-11_09-02-35.570-240,v5.1.3,3.43,12.0,200,1184,1258,3499,647,1310,3751,15462.25,15427.97,45455.05,16118.48,18336.31,46494.91,0.00,0.00,0.00,656.22,2908.34,1039.86,3157.59,3157.59,1.005,0.078,0.536,-3.641,-1.000,0.094,9766,440.2,0,-0.9494,-0.0363,0.0052,-0.3120,36.3,-1.9,0.0
2337603,2026-09-11_09-02-35.603-240,v5.1.3,3.43,12.0,200,1186,1259,3500,635,1334,3746,15488.61,15440.57,45467.95,15939.08,18645.48,46451.99,0.00,0.00,0.00,450.47,3204.91,984.04,3382.71,3382.71,1.006,0.080,0.542,-4.750,-1.000,0.625,9763,469.0,0,-0.9494,-0.0369,0.0050,-0.3119,36.3,-1.9,0.0
2337627,2026-09-11_09-02-35.628-240,v5.1.3,3.43,12.0,200,1189,1244,3503,632,1312,3745,15529.92,15241.08,45509.11,15906.70,18357.22,46450.12,0.00,0.00,0.00,376.79,3116.14,941.00,3276.86,3276.86,1.004,0.070,0.542,-4.109,-0.844,0.281,9763,455.5,0,-0.9494,-0.0363,0.0050,-0.3120,36.3,-1.8,0.0
2337668,2026-09-11_09-02-35.668-240,v5.1.3,3.43,12.0,200,1179,1269,3498,634,1339,3748,15394.92,15574.36,45440.50,15928.22,18711.33,46478.88,0.00,0.00,0.00,533.30,3136.97,1038.38,3347.12,3347.12,1.006,0.072,0.536,-3.938,-0.891,-0.297,9763,464.4,0,-0.9494,-0.0364,0.0050,-0.3119,36.3,-1.8,0.0
2337697,2026-09-11_09-02-35.699-240,v5.1.3,3.43,12.0,200,1180,1270,3502,634,1342,3746,15408.05,15586.26,45492.50,15922.51,18749.76,46452.57,0.00,0.00,0.00,514.46,3163.49,960.07,3345.76,3345.76,1.005,0.071,0.542,-3.672,-0.422,-0.391,9763,464.2,0,-0.9494,-0.0358,0.0049,-0.3120,36.3,-1.8,0.0
2337720,2026-09-11_09-02-35.721-240,v5.1.3,3.43,12.0,200,1188,1258,3499,644,1315,3753,15515.18,15427.33,45455.05,16081.26,18401.77,46526.17,0.00,0.00,0.00,566.09,2974.44,1071.11,3211.70,3211.70,1.004,0.088,0.540,-4.203,-0.672,0.266,9763,447.1,0,-0.9494,-0.0364,0.0047,-0.3120,36.3,-1.8,0.0
2337753,2026-09-11_09-02-35.753-240,v5.1.3,3.43,12.0,200,1182,1266,3496,641,1312,3751,15434.93,15534.83,45414.85,16038.58,18361.25,46507.61,0.00,0.00,0.00,603.65,2826.42,1092.76,3089.85,3089.85,1.003,0.073,0.542,-4.484,-0.781,0.516,9764,431.6,0,-0.9494,-0.0361,0.0046,-0.3119,36.3,-1.8,0.0
2337776,2026-09-11_09-02-35.777-240,v5.1.3,3.43,12.0,200,1179,1261,3502,647,1315,3748,15395.78,15467.54,45493.73,16109.69,18400.47,46455.33,0.00,0.00,0.00,713.91,2932.93,961.60,3168.03,3168.03,1.008,0.067,0.535,-4.250,-0.984,0.781,9764,441.6,0,-0.9494,-0.0359,0.0047,-0.3120,36.3,-1.8,0.0
2337803,2026-09-11_09-02-35.803-240,v5.1.3,3.43,12.0,200,1187,1243,3504,636,1312,3748,15503.56,15227.91,45522.28,15966.05,18359.14,46479.95,0.00,0.00,0.00,462.49,3131.23,957.67,3306.91,3306.91,1.001,0.074,0.541,-4.359,-1.219,0.438,9764,459.3,0,-0.9494,-0.0358,0.0048,-0.3120,36.3,-1.8,0.0
2337835,2026-09-11_09-02-35.836-240,v5.1.3,3.43,12.0,200,1163,1241,3507,634,1304,3748,15186.23,15204.47,45561.63,15943.11,18254.28,46485.93,0.00,0.00,0.00,756.88,3049.81,924.30,3275.44,3275.44,1.004,0.072,0.545,-3.922,-0.750,0.297,9764,455.3,0,-0.9493,-0.0355,0.0048,-0.3122,36.4,-1.8,0.0
2337858,2026-09-11_09-02-35.859-240,v5.1.3,3.43,12.0,200,1183,1261,3501,640,1310,3748,15448.70,15467.18,45480.70,16019.60,18333.80,46471.62,0.00,0.00,0.00,570.90,2866.62,990.92,3086.32,3086.32,1.002,0.078,0.538,-3.984,-0.578,0.406,9764,431.2,0,-0.9493,-0.0357,0.0048,-0.3122,36.4,-1.8,0.0
2337888,2026-09-11_09-02-35.888-240,v5.1.3,3.43,12.0,200,1182,1243,3505,645,1307,3746,15437.41,15228.42,45535.31,16082.31,18294.86,46435.59,0.00,0.00,0.00,644.90,3066.44,900.29,3260.28,3260.28,1.003,0.077,0.538,-4.312,-0.828,0.406,9761,453.3,0,-0.9493,-0.0361,0.0048,-0.3123,36.4,-1.8,0.0
2337917,2026-09-11_09-02-35.918-240,v5.1.3,3.43,12.0,200,1179,1265,3501,640,1313,3747,15395.35,15520.66,45480.15,16016.11,18372.60,46458.16,0.00,0.00,0.00,620.76,2851.94,978.01,3078.22,3078.22,1.006,0.075,0.534,-4.266,-0.500,0.359,9761,430.1,0,-0.9493,-0.0361,0.0049,-0.3121,36.3,-1.8,0.0
2337940,2026-09-11_09-02-35.941-240,v5.1.3,3.43,12.0,200,1181,1254,3497,637,1309,3751,15422.99,15376.19,45429.53,15987.16,18321.29,46516.95,0.00,0.00,0.00,564.18,2945.10,1087.41,3189.73,3189.73,1.005,0.071,0.533,-3.781,-0.656,0.312,9761,444.3,0,-0.9493,-0.0359,0.0050,-0.3122,36.4,-1.8,0.0
2337973,2026-09-11_09-02-36.973-240,v5.1.3,3.43,12.0,200,1192,1259,3497,638,1330,3749,15567.99,15440.47,45428.85,15986.96,18594.97,46484.82,0.00,0.00,0.00,418.97,3154.50,1055.97,3352.83,3352.83,1.004,0.077,0.540,-3.891,-0.484,-0.016,9761,465.2,0,-0.9493,-0.0361,0.0049,-0.3123,36.4,-1.8,0.0
2337996,2026-09-11_09-02-36.997-240,v5.1.3,3.43,12.0,200,1183,1265,3497,644,1326,3752,15448.27,15521.17,45428.02,16074.37,18545.04,46511.09,0.00,0.00,0.00,626.10,3023.87,1083.07,3272.43,3272.43,1.004,0.079,0.543,-3.938,-0.859,-0.125,9761,454.9,0,-0.9493,-0.0364,0.0047,-0.3123,36.4,-1.8,0.0
2338023,2026-09-11_09-02-36.023-240,v5.1.3,3.43,12.0,200,1174,1266,3500,635,1313,3747,15329.08,15534.96,45466.97,15950.24,18371.62,46469.08,0.00,0.00,0.00,621.15,2836.66,1002.11,3071.92,3071.92,1.004,0.077,0.540,-4.344,-0.641,0.391,9764,429.3,0,-0.9493,-0.0364,0.0046,-0.3123,36.4,-1.8,0.0
2338069,2026-09-11_09-02-36.070-240,v5.1.3,3.43,12.0,200,1187,1263,3499,642,1328,3749,15501.41,15493.54,45454.36,16040.51,18569.63,46476.49,0.00,0.00,0.00,539.10,3076.09,1022.12,3285.99,3285.99,1.004,0.072,0.539,-4.641,-1.078,0.594,9764,456.6,0,-0.9493,-0.0358,0.0046,-0.3124,36.4,-1.8,0.0
2338093,2026-09-11_09-02-36.093-240,v5.1.3,3.43,12.0,200,1179,1268,3498,643,1325,3744,15395.02,15561.16,45440.64,16043.86,18528.77,46410.62,0.00,0.00,0.00,648.84,2967.61,969.98,3188.82,3188.82,1.003,0.073,0.540,-3.641,-0.688,0.125,9764,444.2,0,-0.9493,-0.0356,0.0045,-0.3124,36.4,-1.8,0.0
2338128,2026-09-11_09-02-36.128-240,v5.1.3,3.43,12.0,200,1174,1277,3496,628,1337,3754,15327.90,15681.42,45413.33,15863.34,18686.30,46569.53,0.00,0.00,0.00,535.44,3004.89,1156.20,3263.87,3263.87,1.006,0.077,0.534,-4.172,-0.969,-0.938,9764,453.8,0,-0.9493,-0.0360,0.0044,-0.3123,36.4,-1.8,0.0
2338152,2026-09-11_09-02-36.153-240,v5.1.3,3.43,12.0,200,1177,1266,3495,638,1313,3750,15368.77,15535.92,45401.81,15996.42,18373.34,46501.10,0.00,0.00,0.00,627.64,2837.43,1099.29,3106.98,3106.98,1.007,0.076,0.537,-3.969,-0.344,0.641,9764,433.8,0,-0.9493,-0.0360,0.0046,-0.3124,36.4,-1.8,0.0
2338178,2026-09-11_09-02-36.178-240,v5.1.3,3.43,12.0,200,1179,1282,3505,639,1327,3747,15393.53,15744.08,45529.94,15996.98,18555.23,46457.53,0.00,0.00,0.00,603.44,2811.15,927.59,3021.12,3021.12,1.007,0.083,0.539,-4.016,-0.641,0.047,9768,422.8,0,-0.9493,-0.0363,0.0046,-0.3124,36.4,-1.8,0.0
2338212,2026-09-11_09-02-36.213-240,v5.1.3,3.43,12.0,200,1168,1264,3496,643,1311,3752,15249.91,15510.65,45415.11,16067.57,18348.96,46516.30,0.00,0.00,0.00,817.67,2838.31,1101.19,3152.33,3152.33,1.003,0.068,0.539,-4.219,-1.531,0.578,9768,439.6,0,-0.9493,-0.0361,0.0046,-0.3123,36.4,-1.8,0.0
2338235,2026-09-11_09-02-36.235-240,v5.1.3,3.43,12.0,200,1176,1263,3497,645,1317,3746,15355.87,15495.88,45428.29,16078.05,18425.44,46433.58,0.00,0.00,0.00,722.19,2929.57,1005.30,3180.33,3180.33,1.005,0.070,0.540,-3.891,-0.906,0.859,9768,443.1,0,-0.9493,-0.0356,0.0048,-0.3123,36.4,-1.8,0.0
2338268,2026-09-11_09-02-36.268-240,v5.1.3,3.43,12.0,200,1179,1245,3498,635,1320,3751,15397.49,15257.33,45443.80,15956.13,18464.54,46519.10,0.00,0.00,0.00,558.64,3207.21,1075.30,3428.49,3428.49,1.007,0.072,0.533,-4.453,-0.781,-0.016,9768,474.8,0,-0.9493,-0.0361,0.0050,-0.3122,36.4,-1.8,0.0
2338295,2026-09-11_09-02-36.295-240,v5.1.3,3.43,12.0,200,1178,1269,3495,629,1329,3760,15381.68,15575.39,45401.40,15893.23,18584.29,46646.10,0.00,0.00,0.00,511.55,3008.90,1244.70,3296.13,3296.13,1.006,0.072,0.540,-3.859,-0.844,0.359,9768,457.9,0,-0.9493,-0.0355,0.0048,-0.3123,36.4,-1.8,0.0
2338318,2026-09-11_09-02-36.318-240,v5.1.3,3.43,12.0,200,1180,1262,3498,640,1324,3751,15408.90,15481.74,45441.46,16020.30,18517.76,46507.37,0.00,0.00,0.00,611.40,3036.02,1065.91,3275.27,3275.27,1.003,0.078,0.541,-4.047,-0.625,0.453,9769,455.3,0,-0.9493,-0.0358,0.0046,-0.3123,36.4,-1.8,0.0
2338348,2026-09-11_09-02-36.348-240,v5.1.3,3.43,12.0,200,1171,1260,3497,636,1282,3749,15290.03,15457.05,45428.70,15981.04,17967.75,46498.85,0.00,0.00,0.00,691.01,2510.71,1070.16,2815.38,2815.38,1.006,0.073,0.541,-3.812,-0.500,-0.375,9769,396.6,0,-0.9493,-0.0358,0.0045,-0.3122,36.4,-1.8,0.0
2338373,2026-09-11_09-02-36.374-240,v5.1.3,3.43,12.0,200,1185,1265,3499,639,1310,3753,15474.73,15520.28,45454.09,16017.52,18335.49,46538.09,0.00,0.00,0.00,542.79,2815.22,1084.00,3065.15,3065.15,1.006,0.070,0.540,-2.797,-0.844,-0.750,9769,428.5,0,-0.9493,-0.0355,0.0047,-0.3123,36.4,-1.8,0.0
2338395,2026-09-11_09-02-36.396-240,v5.1.3,3.43,12.0,200,1188,1257,3495,643,1322,3752,15515.28,15415.27,45403.06,16062.89,18492.61,46514.09,0.00,0.00,0.00,547.61,3077.34,1111.02,3317.27,3317.27,1.005,0.082,0.542,-4.016,-0.594,-0.094,9769,460.6,0,-0.9493,-0.0360,0.0045,-0.3123,36.4,-1.8,0.0
2338428,2026-09-11_09-02-36.428-240,v5.1.3,3.43,12.0,200,1178,1241,3500,635,1297,3751,15384.69,15204.08,45470.42,15965.92,18164.19,46523.73,0.00,0.00,0.00,581.23,2960.11,1053.31,3195.24,3195.24,1.006,0.076,0.538,-4.859,-0.875,0.188,9769,445.0,0,-0.9493,-0.0365,0.0047,-0.3123,36.4,-1.8,0.0
2338455,2026-09-11_09-02-36.455-240,v5.1.3,3.43,12.0,200,1184,1263,3495,642,1320,3745,15461.71,15495.17,45402.23,16035.04,18463.65,46426.67,0.00,0.00,0.00,573.33,2968.49,1024.44,3192.19,3192.19,1.004,0.083,0.539,-4.484,-0.766,0.625,9766,444.7,0,-0.9493,-0.0367,0.0045,-0.3122,36.4,-1.8,0.0
2338503,2026-09-11_09-02-36.503-240,v5.1.3,3.43,12.0,200,1178,1284,3502,633,1334,3744,15380.08,15771.52,45490.57,15908.30,18644.34,46430.64,0.00,0.00,0.00,528.21,2872.82,940.08,3068.52,3068.52,1.004,0.072,0.543,-4.078,-0.906,0.188,9766,428.9,0,-0.9493,-0.0353,0.0045,-0.3123,36.4,-1.8,0.0
2338528,2026-09-11_09-02-36.529-240,v5.1.3,3.43,12.0,200,1175,1243,3507,634,1307,3747,15344.79,15228.97,45561.37,15939.62,18293.08,46472.47,0.00,0.00,0.00,594.82,3064.11,911.10,3251.57,3251.57,1.002,0.080,0.543,-4.047,-0.875,-0.359,9766,452.2,0,-0.9493,-0.0356,0.0046,-0.3123,36.4,-1.8,0.0
2338558,2026-09-11_09-02-36.558-240,v5.1.3,3.43,12.0,200,1181,1274,3501,640,1308,3745,15420.85,15639.23,45478.91,16013.79,18306.55,46433.45,0.00,0.00,0.00,592.95,2667.33,954.54,2894.37,2894.37,1.004,0.076,0.542,-4.828,-0.641,-0.031,9766,406.7,0,-0.9493,-0.0359,0.0045,-0.3122,36.3,-1.8,0.0
2338589,2026-09-11_09-02-36.590-240,v5.1.3,3.43,12.0,200,1184,1271,3504,644,1334,3750,15460.87,15598.25,45518.43,16066.52,18648.75,46483.77,0.00,0.00,0.00,605.66,3050.50,965.34,3256.42,3256.42,1.005,0.071,0.536,-3.766,-0.625,0.047,9758,452.9,0,-0.9493,-0.0354,0.0048,-0.3122,36.4,-1.8,0.0
2338613,2026-09-11_09-02-36.614-240,v5.1.3,3.43,12.0,200,1175,1268,3502,639,1317,3751,15342.11,15560.65,45492.77,16010.11,18426.15,46510.96,0.00,0.00,0.00,668.00,2865.50,1018.20,3113.53,3113.53,1.006,0.075,0.542,-4.062,-0.859,0.203,9758,434.6,0,-0.9493,-0.0355,0.0047,-0.3122,36.4,-1.8,0.0
2338643,2026-09-11_09-02-36.643-240,v5.1.3,3.43,12.0,200,1176,1239,3501,626,1316,3753,15358.44,15177.69,45483.72,15843.71,18411.30,46565.27,0.00,0.00,0.00,485.27,3233.60,1081.54,3444.04,3444.04,1.004,0.073,0.532,-3.578,-0.656,-0.234,9758,476.8,0,-0.9493,-0.0356,0.0051,-0.3123,36.4,-1.8,0.0
2338669,2026-09-11_09-02-36.670-240,v5.1.3,3.43,12.0,200,1196,1263,3498,647,1317,3747,15620.49,15492.38,45441.34,16106.62,18426.21,46442.07,0.00,0.00,0.00,486.13,2933.83,1000.73,3137.70,3137.70,1.010,0.088,0.539,-4.062,-1.156,-0.281,9758,437.7,0,-0.9493,-0.0365,0.0050,-0.3122,36.4,-1.9,0.0
2338694,2026-09-11_09-02-36.694-240,v5.1.3,3.43,12.0,200,1179,1270,3495,636,1323,3746,15394.81,15588.44,45401.27,15956.94,18502.03,46452.02,0.00,0.00,0.00,562.13,2913.60,1050.76,3147.88,3147.88,1.004,0.075,0.539,-4.000,-0.703,0.297,9758,439.0,0,-0.9493,-0.0364,0.0049,-0.3121,36.3,-1.8,0.0
2338723,2026-09-11_09-02-36.723-240,v5.1.3,3.43,12.0,200,1186,1247,3506,649,1307,3743,15489.90,15280.33,45547.79,16128.35,18294.51,46388.29,0.00,0.00,0.00,638.44,3014.18,840.50,3193.64,3193.64,1.007,0.082,0.535,-3.844,-0.922,0.359,9758,444.8,0,-0.9493,-0.0367,0.0050,-0.3122,36.3,-1.9,0.0
2338748,2026-09-11_09-02-36.749-240,v5.1.3,3.43,12.0,200,1180,1246,3499,630,1304,3750,15410.61,15270.09,45456.70,15894.85,18254.24,46520.38,0.00,0.00,0.00,484.24,2984.15,1063.68,3204.85,3204.85,1.005,0.069,0.540,-4.875,-0.672,0.250,9763,446.3,0,-0.9493,-0.0365,0.0050,-0.3121,36.3,-1.8,0.0
2338773,2026-09-11_09-02-36.773-240,v5.1.3,3.43,12.0,200,1182,1264,3499,646,1320,3740,15435.15,15507.54,45454.22,16076.64,18462.55,46353.65,0.00,0.00,0.00,641.49,2955.01,899.43,3154.77,3154.77,1.008,0.061,0.545,-3.906,-0.391,-0.094,9763,439.9,0,-0.9494,-0.0356,0.0052,-0.3120,36.3,-1.8,0.0
2338808,2026-09-11_09-02-36.808-240,v5.1.3,3.43,12.0,200,1182,1252,3497,648,1297,3744,15436.43,15349.61,45429.80,16121.65,18164.10,46405.34,0.00,0.00,0.00,685.21,2814.50,975.54,3056.56,3056.56,1.004,0.083,0.542,-4.266,-1.078,0.203,9763,427.4,0,-0.9494,-0.0364,0.0050,-0.3120,36.3,-1.8,0.0
2338830,2026-09-11_09-02-36.831-240,v5.1.3,3.43,12.0,200,1176,1261,3500,642,1318,3752,15356.08,15468.59,45467.66,16051.42,18440.18,46517.07,0.00,0.00,0.00,695.34,2971.58,1049.41,3227.24,3227.24,1.003,0.065,0.537,-4.406,-0.672,0.531,9763,449.1,0,-0.9494,-0.0358,0.0050,-0.3119,36.3,-1.8,0.0
2338857,2026-09-11_09-02-36.859-240,v5.1.3,3.43,12.0,200,1176,1287,3497,634,1328,3734,15353.29,15812.91,45424.98,15901.83,18562.41,46301.10,0.00,0.00,0.00,548.54,2749.50,876.11,2937.38,2937.38,1.005,0.078,0.533,-3.938,-0.859,-0.375,9763,412.2,0,-0.9494,-0.0357,0.0052,-0.3119,36.3,-1.8,0.0
2338901,2026-09-11_09-02-36.902-240,v5.1.3,3.43,12.0,200,1183,1258,3500,633,1305,3755,15449.02,15427.84,45468.08,15945.04,18269.78,46577.91,0.00,0.00,0.00,496.02,2841.94,1109.83,3091.02,3091.02,1.005,0.060,0.536,-4.047,-0.797,-0.078,9753,431.8,0,-0.9495,-0.0351,0.0053,-0.3118,36.3,-1.8,0.0
2338928,2026-09-11_09-02-36.928-240,v5.1.3,3.43,12.0,200,1183,1260,3499,634,1317,3754,15448.81,15454.55,45454.77,15950.90,18426.30,46560.46,0.00,0.00,0.00,502.09,2971.75,1105.68,3210.29,3210.29,1.007,0.078,0.537,-3.547,-0.703,0.156,9753,447.0,0,-0.9494,-0.0352,0.0052,-0.3119,36.3,-1.8,0.0
2338963,2026-09-11_09-02-36.963-240,v5.1.3,3.43,12.0,200,1177,1280,3496,632,1311,3751,15367.27,15720.57,45412.92,15920.44,18346.43,46527.46,0.00,0.00,0.00,553.17,2625.86,1114.54,2905.74,2905.74,1.004,0.071,0.540,-4.203,-0.516,-0.188,9753,408.1,0,-0.9495,-0.0355,0.0048,-0.3118,36.3,-1.8,0.0
2338985,2026-09-11_09-02-37.986-240,v5.1.3,3.43,12.0,200,1187,1258,3498,643,1313,3757,15501.95,15427.77,45442.02,16077.82,18376.96,46580.18,0.00,0.00,0.00,575.87,2949.19,1138.16,3213.22,3213.22,1.004,0.067,0.538,-3.734,-1.234,-0.484,9753,447.3,0,-0.9495,-0.0351,0.0051,-0.3119,36.3,-1.8,0.0
2339013,2026-09-11_09-02-37.013-240,v5.1.3,3.43,12.0,200,1178,1261,3503,637,1317,3746,15382.55,15467.41,45506.76,15972.66,18423.87,46451.05,0.00,0.00,0.00,590.11,2956.46,944.29,3159.21,3159.21,1.004,0.092,0.542,-3.578,-0.906,0.250,9753,440.5,0,-0.9494,-0.0359,0.0047,-0.3119,36.3,-1.8,0.0
2339038,2026-09-11_09-02-37.039-240,v5.1.3,3.43,12.0,200,1185,1242,3503,640,1307,3747,15477.21,15215.30,45509.38,16018.66,18294.25,46459.37,0.00,0.00,0.00,541.45,3078.95,949.99,3267.35,3267.35,1.002,0.067,0.535,-4.531,-0.859,-0.156,9766,454.2,0,-0.9494,-0.0359,0.0049,-0.3118,36.3,-1.8,0.0
2339061,2026-09-11_09-02-37.062-240,v5.1.3,3.43,12.0,200,1171,1257,3496,637,1309,3748,15290.35,15417.71,45416.07,15980.51,18320.16,46478.38,0.00,0.00,0.00,690.16,2902.45,1062.30,3166.86,3166.86,1.003,0.061,0.535,-4.250,-1.047,-0.141,9766,441.4,0,-0.9495,-0.0353,0.0053,-0.3118,36.3,-1.8,0.0
2339088,2026-09-11_09-02-37.088-240,v5.1.3,3.43,12.0,200,1181,1244,3502,638,1317,3753,15424.07,15242.65,45496.07,16001.37,18426.71,46538.86,0.00,0.00,0.00,577.31,3184.06,1042.79,3399.84,3399.84,1.000,0.083,0.537,-4.000,-0.453,0.703,9766,471.1,0,-0.9494,-0.0357,0.0051,-0.3118,36.3,-1.8,0.0
2339113,2026-09-11_09-02-37.114-240,v5.1.3,3.43,12.0,200,1182,1242,3505,642,1307,3748,15437.51,15215.21,45535.45,16047.22,18295.02,46467.86,0.00,0.00,0.00,609.71,3079.81,932.41,3275.11,3275.11,1.005,0.074,0.543,-4.438,-1.078,0.750,9766,455.2,0,-0.9494,-0.0362,0.0050,-0.3118,36.3,-1.8,0.0
2339135,2026-09-11_09-02-37.135-240,v5.1.3,3.43,12.0,200,1183,1264,3504,642,1317,3753,15448.39,15505.95,45519.39,16054.07,18427.49,46530.13,0.00,0.00,0.00,605.68,2921.54,1010.74,3150.22,3150.22,1.008,0.075,0.535,-3.766,-0.953,-0.312,9766,439.3,0,-0.9495,-0.0361,0.0053,-0.3118,36.3,-1.9,0.0
2339165,2026-09-11_09-02-37.166-240,v5.1.3,3.43,12.0,200,1177,1279,3502,639,1329,3746,15367.39,15705.63,45491.25,15993.91,18580.97,46444.27,0.00,0.00,0.00,626.52,2875.34,953.01,3093.27,3093.27,1.002,0.083,0.540,-4.250,-1.000,0.578,9768,432.0,0,-0.9495,-0.0364,0.0049,-0.3117,36.3,-1.8,0.0
2339194,2026-09-11_09-02-37.195-240,v5.1.3,3.43,12.0,200,1182,1272,3500,649,1321,3747,15434.29,15612.94,45466.16,16131.27,18478.84,46436.90,0.00,0.00,0.00,696.97,2865.90,970.74,3105.08,3105.08,1.007,0.063,0.531,-4.219,-0.844,0.875,9768,433.5,0,-0.9495,-0.0359,0.0053,-0.3117,36.3,-1.9,0.0
2339218,2026-09-11_09-02-37.218-240,v5.1.3,3.43,12.0,200,1186,1254,3499,645,1314,3754,15489.14,15374.81,45455.60,16097.08,18389.28,46537.04,0.00,0.00,0.00,607.94,3014.47,1081.44,3259.78,3259.78,1.003,0.074,0.539,-3.984,-0.828,-0.656,9768,453.3,0,-0.9495,-0.0358,0.0053,-0.3117,36.3,-1.9,0.0
2339248,2026-09-11_09-02-37.248-240,v5.1.3,3.43,12.0,200,1174,1250,3500,638,1316,3744,15330.80,15323.61,45469.18,15981.83,18410.26,46423.35,0.00,0.00,0.00,651.02,3086.65,954.18,3295.71,3295.71,1.007,0.082,0.538,-3.859,-0.688,-0.156,9768,457.9,0,-0.9495,-0.0364,0.0051,-0.3118,36.3,-1.9,0.0
2339289,2026-09-11_09-02-37.290-240,v5.1.3,3.43,12.0,200,1171,1271,3493,639,1315,3758,15288.85,15603.50,45375.05,16026.49,18402.67,46601.37,0.00,0.00,0.00,737.64,2799.17,1226.32,3143.78,3143.78,1.002,0.070,0.542,-4.609,-1.062,0.453,9768,438.5,0,-0.9495,-0.0354,0.0049,-0.3116,36.3,-1.8,0.0
2339323,2026-09-11_09-02-37.323-240,v5.1.3,3.43,12.0,200,1184,1247,3497,637,1310,3751,15463.43,15283.24,45430.50,15986.74,18334.35,46516.74,0.00,0.00,0.00,523.31,3051.11,1086.25,3280.71,3280.71,1.003,0.080,0.542,-4.391,-1.297,1.281,9764,456.0,0,-0.9495,-0.0356,0.0051,-0.3117,36.3,-1.8,0.0
2339349,2026-09-11_09-02-37.350-240,v5.1.3,3.43,12.0,200,1173,1280,3504,638,1328,3746,15314.36,15718.91,45517.18,15981.16,18567.72,46446.65,0.00,0.00,0.00,666.80,2848.81,929.47,3069.90,3069.90,1.006,0.055,0.536,-4.531,-0.875,0.219,9764,429.1,0,-0.9495,-0.0349,0.0051,-0.3116,36.3,-1.8,0.0
2339373,2026-09-11_09-02-37.373-240,v5.1.3,3.43,12.0,200,1185,1258,3497,638,1323,3750,15475.48,15428.38,45428.98,15992.16,18503.93,46499.09,0.00,0.00,0.00,516.68,3075.55,1070.10,3297.13,3297.13,1.001,0.083,0.545,-3.516,-1.297,-0.094,9764,458.0,0,-0.9495,-0.0351,0.0051,-0.3117,36.3,-1.8,0.0
2339403,2026-09-11_09-02-37.403-240,v5.1.3,3.43,12.0,200,1191,1249,3500,639,1330,3750,15555.84,15307.67,45469.33,16002.36,18595.54,46495.49,0.00,0.00,0.00,446.52,3287.87,1026.16,3473.10,3473.10,1.006,0.089,0.546,-4.109,-0.859,0.141,9764,480.5,0,-0.9495,-0.0361,0.0047,-0.3117,36.3,-1.8,0.0
2339427,2026-09-11_09-02-37.428-240,v5.1.3,3.43,12.0,200,1176,1245,3503,641,1318,3748,15357.80,15256.38,45508.96,16029.37,18438.47,46467.83,0.00,0.00,0.00,671.57,3182.10,958.87,3390.60,3390.60,1.003,0.068,0.548,-4.656,-0.766,0.875,9764,470.0,0,-0.9495,-0.0357,0.0052,-0.3116,36.3,-1.8,0.0
2339458,2026-09-11_09-02-37.458-240,v5.1.3,3.43,12.0,200,1183,1244,3504,645,1320,3750,15450.53,15241.76,45522.14,16085.65,18466.13,46484.41,0.00,0.00,0.00,635.12,3224.37,962.27,3424.31,3424.31,1.005,0.074,0.554,-4.578,-0.812,-0.062,9771,474.3,0,-0.9495,-0.0356,0.0052,-0.3117,36.3,-1.8,0.0
2339489,2026-09-11_09-02-37.490-240,v5.1.3,3.43,12.0,200,1181,1249,3503,641,1326,3751,15423.53,15308.41,45508.42,16032.63,18544.07,46504.79,0.00,0.00,0.00,609.10,3235.66,996.37,3439.95,3439.95,1.010,0.070,0.546,-4.172,-1.109,-0.250,9771,476.3,0,-0.9495,-0.0359,0.0052,-0.3116,36.3,-1.8,0.0
2339513,2026-09-11_09-02-37.513-240,v5.1.3,3.43,12.0,200,1186,1270,3497,639,1349,3754,15487.43,15586.74,45427.33,16003.15,18845.16,46543.10,0.00,0.00,0.00,515.72,3258.43,1115.77,3482.56,3482.56,1.010,0.069,0.536,-4.188,-0.688,-0.156,9771,481.7,0,-0.9495,-0.0356,0.0055,-0.3116,36.3,-1.9,0.0
2339548,2026-09-11_09-02-37.548-240,v5.1.3,3.43,12.0,200,1177,1269,3505,629,1347,3752,15368.46,15572.67,45531.73,15867.82,18816.33,46539.62,0.00,0.00,0.00,499.36,3243.66,1007.89,3433.15,3433.15,0.994,0.080,0.545,-4.219,-1.500,-0.422,9771,475.4,0,-0.9495,-0.0362,0.0054,-0.3115,36.3,-1.9,0.0
2339572,2026-09-11_09-02-37.572-240,v5.1.3,3.43,12.0,200,1183,1267,3500,638,1365,3748,15448.06,15546.73,45466.84,15969.85,19051.65,46464.91,0.00,0.00,0.00,521.80,3504.92,998.07,3681.42,3681.42,1.001,0.073,0.550,-4.203,-0.969,0.828,9771,507.1,0,-0.9496,-0.0362,0.0053,-0.3115,36.3,-1.9,0.0
2339598,2026-09-11_09-02-37.598-240,v5.1.3,3.43,12.0,200,1185,1265,3496,642,1366,3752,15474.73,15521.14,45414.99,16031.00,19067.00,46507.41,0.00,0.00,0.00,556.27,3545.86,1092.42,3751.79,3751.79,1.021,0.074,0.554,-4.000,-1.078,0.391,9771,516.0,0,-0.9495,-0.0361,0.0054,-0.3115,36.3,-1.9,0.0
2339631,2026-09-11_09-02-37.632-240,v5.1.3,3.43,12.0,200,1175,1240,3499,637,1366,3748,15345.10,15191.64,45457.52,15956.25,19064.51,46466.89,0.00,0.00,0.00,611.15,3872.87,1009.38,4048.64,4048.64,1.005,0.080,0.541,-3.812,-1.000,0.062,9764,553.9,0,-0.9495,-0.0364,0.0053,-0.3116,36.3,-1.9,0.0
2339655,2026-09-11_09-02-37.655-240,v5.1.3,3.43,12.0,200,1183,1274,3502,634,1400,3752,15447.31,15638.62,45491.95,15911.15,19509.43,46518.03,0.00,0.00,0.00,463.83,3870.81,1026.08,4031.27,4031.27,1.009,0.069,0.545,-4.516,-0.828,1.016,9764,551.7,0,-0.9495,-0.0362,0.0050,-0.3116,36.3,-1.8,0.0
2339713,2026-09-11_09-02-37.713-240,v5.1.3,3.43,12.0,200,1183,1252,3502,649,1401,3746,15449.67,15348.01,45494.98,16095.01,19523.17,46407.93,0.00,0.00,0.00,645.34,4175.16,912.96,4322.26,4322.26,1.006,0.073,0.537,-4.125,-0.625,-0.312,9764,588.8,0,-0.9495,-0.0367,0.0049,-0.3117,36.3,-1.8,0.0
2339735,2026-09-11_09-02-37.736-240,v5.1.3,3.43,12.0,200,1179,1234,3499,642,1393,3754,15398.67,15111.74,45458.34,16023.95,19420.34,46527.69,0.00,0.00,0.00,625.28,4308.60,1069.34,4483.14,4483.14,1.004,0.081,0.538,-4.297,-0.844,-0.125,9764,609.3,0,-0.9494,-0.0370,0.0047,-0.3117,36.3,-1.8,0.0
2339763,2026-09-11_09-02-37.763-240,v5.1.3,3.43,12.0,200,1182,1251,3500,639,1401,3749,15436.54,15335.53,45469.05,15969.93,19522.34,46468.34,0.00,0.00,0.00,533.39,4186.80,999.29,4337.33,4337.33,0.993,0.091,0.546,-4.250,-0.984,0.172,9759,590.7,0,-0.9494,-0.0371,0.0046,-0.3118,36.3,-1.8,0.0
2339788,2026-09-11_09-02-37.789-240,v5.1.3,3.43,12.0,200,1187,1256,3503,647,1405,3750,15502.17,15399.92,45507.46,16075.84,19576.52,46462.93,0.00,0.00,0.00,573.67,4176.60,955.46,4322.73,4322.73,1.000,0.072,0.545,-3.922,-0.812,0.328,9759,588.9,0,-0.9494,-0.0366,0.0046,-0.3118,36.3,-1.8,0.0
2339811,2026-09-11_09-02-37.812-240,v5.1.3,3.43,12.0,200,1183,1252,3503,640,1409,3743,15449.67,15347.72,45508.01,15966.39,19624.74,46387.40,0.00,0.00,0.00,516.72,4277.02,879.39,4396.96,4396.96,1.006,0.079,0.549,-4.641,-0.984,0.453,9759,598.3,0,-0.9494,-0.0367,0.0045,-0.3117,36.3,-1.8,0.0
2339843,2026-09-11_09-02-37.843-240,v5.1.3,3.43,12.0,200,1183,1262,3504,644,1411,3750,15448.60,15479.53,45519.66,16033.77,19654.28,46468.27,0.00,0.00,0.00,585.17,4174.75,948.61,4320.98,4320.98,0.998,0.076,0.547,-4.125,-0.969,0.188,9759,588.7,0,-0.9494,-0.0364,0.0045,-0.3118,36.3,-1.8,0.0
2339870,2026-09-11_09-02-37.871-240,v5.1.3,3.43,12.0,200,1177,1262,3500,640,1406,3756,15369.21,15481.64,45467.53,15996.51,19590.47,46555.15,0.00,0.00,0.00,627.30,4108.83,1087.62,4296.38,4296.38,0.998,0.083,0.546,-3.422,-0.953,0.344,9759,585.5,0,-0.9494,-0.0367,0.0043,-0.3119,36.3,-1.8,0.0
2339898,2026-09-11_09-02-37.898-240,v5.1.3,3.43,12.0,200,1185,1239,3501,639,1414,3746,15477.52,15176.25,45483.73,15957.74,19690.97,46427.15,0.00,0.00,0.00,480.22,4514.72,943.42,4637.17,4637.17,1.003,0.069,0.548,-4.359,-1.344,-0.094,9758,629.0,0,-0.9494,-0.0364,0.0044,-0.3119,36.3,-1.8,0.0
2339932,2026-09-11_09-02-37.933-240,v5.1.3,3.43,12.0,200,1177,1250,3500,628,1421,3750,15370.49,15323.13,45469.18,15818.73,19781.74,46501.19,0.00,0.00,0.00,448.24,4458.61,1032.01,4598.39,4598.39,1.007,0.085,0.542,-4.141,-1.031,0.297,9758,624.0,0,-0.9494,-0.0368,0.0043,-0.3120,36.3,-1.8,0.0
2339955,2026-09-11_09-02-37.956-240,v5.1.3,3.43,12.0,200,1186,1259,3504,636,1437,3755,15488.62,15439.42,45520.08,15928.41,19994.13,46544.79,0.00,0.00,0.00,439.79,4554.71,1024.71,4689.23,4689.23,0.996,0.076,0.547,-4.312,-0.688,0.203,9758,635.6,0,-0.9494,-0.0367,0.0042,-0.3120,36.3,-1.8,0.0
2339985,2026-09-11_09-02-38.986-240,v5.1.3,3.43,12.0,200,1162,1249,3501,641,1425,3750,15172.13,15312.03,45482.33,15988.29,19836.52,46472.00,0.00,0.00,0.00,816.15,4524.49,989.66,4702.82,4702.82,1.005,0.075,0.544,-4.312,-1.203,0.078,9758,637.4,0,-0.9494,-0.0366,0.0045,-0.3120,36.3,-1.8,0.0
2340014,2026-09-11_09-02-38.015-240,v5.1.3,3.43,12.0,200,1185,1275,3499,646,1430,3752,15473.66,15652.37,45452.71,16056.47,19903.55,46485.79,0.00,0.00,0.00,582.81,4251.18,1033.08,4413.55,4413.55,1.005,0.079,0.539,-4.391,-1.172,0.625,9758,600.5,0,-0.9494,-0.0366,0.0043,-0.3120,36.3,-1.8,0.0
2340038,2026-09-11_09-02-38.038-240,v5.1.3,3.43,12.0,200,1177,1254,3500,641,1437,3758,15370.07,15375.96,45468.63,16000.93,19996.24,46572.44,0.00,0.00,0.00,630.87,4620.28,1103.81,4792.01,4792.01,1.009,0.072,0.551,-4.281,-0.734,0.375,9764,648.7,0,-0.9494,-0.0366,0.0041,-0.3119,36.3,-1.8,0.0
2340068,2026-09-11_09-02-38.068-240,v5.1.3,3.43,12.0,200,1175,1253,3501,639,1454,3753,15343.71,15362.79,45481.79,15956.26,20215.96,46509.10,0.00,0.00,0.00,612.55,4853.17,1027.30,4998.39,4998.39,1.013,0.070,0.552,-4.031,-0.312,0.250,9764,675.1,0,-0.9494,-0.0362,0.0042,-0.3119,36.3,-1.8,0.0
2340109,2026-09-11_09-02-38.110-240,v5.1.3,3.43,12.0,200,1187,1263,3497,643,1473,3748,15501.41,15494.11,45428.30,15989.78,20462.98,46432.25,0.00,0.00,0.00,488.37,4968.87,1003.95,5092.75,5092.75,0.999,0.080,0.533,-4.125,-0.969,-0.359,9764,687.1,0,-0.9494,-0.0364,0.0039,-0.3119,36.3,-1.7,0.0
2340138,2026-09-11_09-02-38.138-240,v5.1.3,3.43,12.0,200,1190,1252,3503,642,1472,3758,15542.29,15346.60,45508.01,15999.22,20453.50,46563.21,0.00,0.00,0.00,456.93,5106.90,1055.20,5234.75,5234.75,1.007,0.057,0.531,-3.438,-1.109,-0.297,9764,705.2,0,-0.9494,-0.0359,0.0043,-0.3120,36.3,-1.8,0.0
2340169,2026-09-11_09-02-38.169-240,v5.1.3,3.43,12.0,200,1182,1240,3501,637,1470,3752,15437.72,15189.94,45483.59,15920.89,20424.13,46497.39,0.00,0.00,0.00,483.16,5234.19,1013.80,5353.32,5353.32,1.011,0.070,0.540,-3.156,-1.000,-0.484,9764,720.3,0,-0.9493,-0.0365,0.0046,-0.3122,36.3,-1.8,0.0
2340193,2026-09-11_09-02-38.193-240,v5.1.3,3.43,12.0,200,1177,1280,3499,639,1501,3754,15367.28,15719.70,45452.02,15938.48,20830.11,46512.49,0.00,0.00,0.00,571.21,5110.40,1060.48,5250.44,5250.44,0.995,0.096,0.538,-4.219,-1.125,0.359,9757,707.2,0,-0.9493,-0.0373,0.0044,-0.3122,36.3,-1.8,0.0
2340223,2026-09-11_09-02-38.223-240,v5.1.3,3.43,12.0,200,1186,1255,3506,648,1486,3747,15489.05,15386.01,45546.70,16047.89,20633.35,46405.86,0.00,0.00,0.00,558.85,5247.34,859.16,5346.50,5346.50,1.004,0.073,0.537,-4.406,-1.094,0.672,9757,719.5,0,-0.9493,-0.0370,0.0045,-0.3122,36.4,-1.8,0.0
2340246,2026-09-11_09-02-38.247-240,v5.1.3,3.43,12.0,200,1189,1266,3502,645,1480,3752,15527.56,15531.98,45493.05,16022.02,20556.29,46477.91,0.00,0.00,0.00,494.46,5024.31,984.85,5143.75,5143.75,1.006,0.077,0.540,-4.219,-0.953,0.078,9757,693.6,0,-0.9493,-0.0367,0.0045,-0.3122,36.3,-1.8,0.0
2340273,2026-09-11_09-02-38.273-240,v5.1.3,3.43,12.0,200,1177,1242,3499,644,1472,3748,15371.35,15217.74,45457.24,16003.38,20450.12,46430.27,0.00,0.00,0.00,632.03,5232.38,973.03,5359.48,5359.48,1.006,0.073,0.537,-4.359,-0.922,-0.188,9757,721.1,0,-0.9493,-0.0366,0.0045,-0.3121,36.3,-1.8,0.0
2340308,2026-09-11_09-02-38.308-240,v5.1.3,3.43,12.0,200,1182,1239,3500,638,1457,3748,15437.83,15177.02,45470.70,15930.71,20253.06,46446.39,0.00,0.00,0.00,492.88,5076.04,975.70,5192.41,5192.41,1.001,0.078,0.539,-3.844,-0.734,0.609,9757,699.8,0,-0.9493,-0.0364,0.0046,-0.3122,36.3,-1.8,0.0
2340330,2026-09-11_09-02-38.331-240,v5.1.3,3.43,12.0,200,1181,1237,3497,639,1475,3755,15424.81,15151.62,45431.87,15951.76,20490.96,46530.58,0.00,0.00,0.00,526.95,5339.33,1098.71,5476.62,5476.62,1.006,0.074,0.537,-7.875,-0.672,-0.266,9761,736.1,0,-0.9494,-0.0363,0.0047,-0.3119,36.3,-1.8,0.0
2340358,2026-09-11_09-02-38.358-240,v5.1.3,3.43,12.0,200,1189,1265,3496,638,1490,3752,15527.66,15520.50,45414.99,15925.55,20685.51,46491.18,0.00,0.00,0.00,397.90,5165.01,1076.18,5290.92,5290.92,1.008,0.075,0.539,-4.234,-0.750,0.156,9761,712.4,0,-0.9494,-0.0363,0.0048,-0.3119,36.3,-1.8,0.0
2340389,2026-09-11_09-02-38.392-240,v5.1.3,3.43,12.0,200,1179,1278,3490,648,1483,3750,15393.94,15695.55,45335.00,16055.83,20595.30,46445.04,0.00,0.00,0.00,661.89,4899.75,1110.04,5067.33,5067.33,1.002,0.079,0.534,-4.672,-1.047,-0.078,9761,683.9,0,-0.9494,-0.0367,0.0046,-0.3118,36.3,-1.8,0.0
2340418,2026-09-11_09-02-38.418-240,v5.1.3,3.43,12.0,200,1180,1257,3502,644,1476,3761,15409.44,15414.54,45494.29,16030.52,20507.26,46596.61,0.00,0.00,0.00,621.08,5092.72,1102.32,5247.53,5247.53,1.003,0.072,0.536,-4.484,-0.844,-0.328,9761,706.8,0,-0.9495,-0.0364,0.0048,-0.3117,36.3,-1.8,0.0
2340453,2026-09-11_09-02-38.453-240,v5.1.3,3.43,12.0,200,1178,1257,3500,645,1483,3750,15382.98,15415.44,45468.21,16016.31,20594.71,46451.59,0.00,0.00,0.00,633.33,5179.28,983.37,5309.71,5309.71,1.006,0.071,0.540,-4.359,-0.859,0.625,9761,714.8,0,-0.9495,-0.0359,0.0047,-0.3118,36.3,-1.8,0.0
2340475,2026-09-11_09-02-38.476-240,v5.1.3,3.43,12.0,200,1183,1259,3501,646,1483,3755,15448.92,15440.76,45480.98,16040.58,20596.80,46513.69,0.00,0.00,0.00,591.66,5156.04,1032.71,5291.62,5291.62,1.006,0.073,0.537,-4.359,-0.828,0.031,9777,712.5,0,-0.9495,-0.0358,0.0048,-0.3118,36.3,-1.8,0.0
2340523,2026-09-11_09-02-38.523-240,v5.1.3,3.43,12.0,200,1179,1250,3498,641,1480,3751,15396.95,15323.38,45443.11,15967.11,20555.13,46473.78,0.00,0.00,0.00,570.15,5231.75,1030.66,5362.70,5362.70,1.007,0.076,0.531,-4.656,-1.062,-0.484,9777,721.5,0,-0.9495,-0.0366,0.0047,-0.3117,36.3,-1.8,0.0
2340547,2026-09-11_09-02-38.548-240,v5.1.3,3.43,12.0,200,1182,1275,3503,637,1487,3744,15433.97,15651.70,45504.84,15895.90,20643.12,46391.11,0.00,0.00,0.00,461.93,4991.42,886.27,5090.49,5090.49,1.010,0.072,0.525,-4.516,-0.750,0.656,9777,686.8,0,-0.9495,-0.0367,0.0045,-0.3117,36.3,-1.8,0.0
2340573,2026-09-11_09-02-38.573-240,v5.1.3,3.43,12.0,200,1183,1248,3505,644,1480,3749,15450.10,15294.31,45534.62,16002.19,20554.96,46441.52,0.00,0.00,0.00,552.09,5260.66,906.90,5366.73,5366.73,1.005,0.064,0.538,-3.656,-0.844,0.891,9777,722.1,0,-0.9494,-0.0358,0.0046,-0.3118,36.3,-1.8,0.0
2340608,2026-09-11_09-02-38.608-240,v5.1.3,3.43,12.0,200,1202,1234,3500,650,1480,3751,15702.99,15107.77,45471.40,16085.67,20556.89,46454.13,0.00,0.00,0.00,382.68,5449.13,982.73,5550.24,5550.24,1.009,0.085,0.524,-4.422,-0.672,0.500,9777,745.5,0,-0.9494,-0.0363,0.0043,-0.3120,36.3,-1.8,0.0
2340630,2026-09-11_09-02-38.631-240,v5.1.3,3.43,12.0,200,1177,1241,3498,636,1485,3751,15371.46,15204.81,45444.35,15899.11,20619.45,46483.69,0.00,0.00,0.00,527.66,5414.63,1039.34,5538.67,5538.67,1.011,0.064,0.525,-4.438,-1.094,0.297,9772,744.0,0,-0.9494,-0.0361,0.0049,-0.3121,36.3,-1.8,0.0
2340663,2026-09-11_09-02-38.663-240,v5.1.3,3.43,12.0,200,1183,1279,3502,653,1491,3750,15446.78,15704.67,45491.26,16118.29,20700.76,46432.51,0.00,0.00,0.00,671.52,4996.09,941.25,5128.14,5128.14,1.010,0.080,0.523,-3.766,-1.109,-0.125,9772,691.6,0,-0.9494,-0.0359,0.0050,-0.3121,36.3,-1.8,0.0
2340690,2026-09-11_09-02-38.690-240,v5.1.3,3.43,12.0,200,1181,1258,3495,638,1492,3755,15422.55,15429.60,45402.92,15931.36,20712.76,46529.34,0.00,0.00,0.00,508.80,5283.16,1126.43,5425.82,5425.82,1.006,0.085,0.525,-4.000,-0.469,-0.016,9772,729.6,0,-0.9493,-0.0366,0.0049,-0.3121,36.3,-1.8,0.0
2340713,2026-09-11_09-02-38.713-240,v5.1.3,3.43,12.0,200,1178,1258,3501,646,1497,3755,15382.87,15428.35,45481.11,16034.62,20779.62,46510.87,0.00,0.00,0.00,651.75,5351.27,1029.76,5488.28,5488.28,1.005,0.076,0.533,-4.016,-0.969,0.219,9772,737.6,0,-0.9493,-0.0365,0.0047,-0.3121,36.3,-1.8,0.0
2340743,2026-09-11_09-02-38.743-240,v5.1.3,3.43,12.0,200,1193,1263,3502,642,1508,3753,15580.80,15491.71,45493.47,15972.81,20921.73,46491.67,0.00,0.00,0.00,392.00,5430.01,998.20,5534.90,5534.90,1.010,0.068,0.534,-4.359,-1.500,0.016,9772,743.5,0,-0.9494,-0.0360,0.0048,-0.3120,36.3,-1.8,0.0
2340766,2026-09-11_09-02-38.767-240,v5.1.3,3.43,12.0,200,1179,1251,3499,641,1497,3758,15396.85,15336.30,45456.01,15975.41,20779.77,46560.36,0.00,0.00,0.00,578.56,5443.47,1104.35,5584.42,5584.42,1.002,0.078,0.537,-4.297,-1.172,0.344,9769,749.8,0,-0.9493,-0.0362,0.0046,-0.3121,36.3,-1.8,0.0
2340793,2026-09-11_09-02-38.793-240,v5.1.3,3.43,12.0,200,1183,1260,3498,640,1502,3760,15448.81,15454.83,45441.74,15964.55,20845.62,46587.25,0.00,0.00,0.00,515.74,5390.79,1145.50,5535.23,5535.23,1.002,0.077,0.545,-4.453,-0.734,0.078,9769,743.5,0,-0.9494,-0.0365,0.0045,-0.3120,36.3,-1.8,0.0
2340828,2026-09-11_09-02-38.828-240,v5.1.3,3.43,12.0,200,1179,1260,3504,640,1503,3750,15395.89,15453.75,45519.93,15941.93,20854.91,46458.48,0.00,0.00,0.00,546.04,5401.16,938.54,5509.22,5509.22,1.004,0.073,0.537,-4.078,-0.750,-0.125,9769,740.2,0,-0.9494,-0.0360,0.0046,-0.3120,36.3,-1.8,0.0
2340850,2026-09-11_09-02-38.851-240,v5.1.3,3.43,12.0,200,1184,1272,3501,635,1496,3752,15460.76,15612.33,45479.19,15883.48,20763.27,46496.52,0.00,0.00,0.00,422.72,5150.94,1017.33,5267.44,5267.44,1.004,0.080,0.544,-4.469,-1.234,0.812,9769,709.4,0,-0.9494,-0.0364,0.0042,-0.3120,36.3,-1.8,0.0
2340883,2026-09-11_09-02-38.883-240,v5.1.3,3.43,12.0,200,1185,1248,3507,634,1498,3754,15476.57,15293.41,45560.69,15873.89,20789.95,46524.01,0.00,0.00,0.00,397.32,5496.54,963.32,5594.44,5594.44,1.005,0.072,0.541,-4.219,-1.016,-0.094,9769,751.1,0,-0.9494,-0.0364,0.0044,-0.3120,36.3,-1.8,0.0
2340926,2026-09-11_09-02-38.927-240,v5.1.3,3.43,12.0,200,1176,1269,3498,630,1503,3755,15355.22,15574.84,45440.50,15821.29,20854.84,46544.59,0.00,0.00,0.00,466.06,5279.99,1104.10,5414.29,5414.29,1.007,0.082,0.540,-3.703,-0.547,0.078,9768,728.1,0,-0.9493,-0.0368,0.0046,-0.3121,36.3,-1.8,0.0
2340953,2026-09-11_09-02-38.953-240,v5.1.3,3.43,12.0,200,1181,1250,3499,639,1493,3751,15423.42,15322.77,45456.15,15935.23,20724.50,46475.53,0.00,0.00,0.00,511.81,5401.73,1019.38,5520.85,5520.85,1.007,0.083,0.532,-4.453,-0.734,-0.094,9768,741.7,0,-0.9493,-0.0375,0.0047,-0.3120,36.3,-1.9,0.0
2340985,2026-09-11_09-02-39.986-240,v5.1.3,3.43,12.0,200,1180,1243,3498,633,1493,3754,15410.93,15230.75,45444.08,15862.84,20724.46,46527.20,0.00,0.00,0.00,451.91,5493.71,1083.12,5617.67,5617.67,1.004,0.071,0.540,-4.016,-0.672,-0.219,9768,754.1,0,-0.9493,-0.0364,0.0051,-0.3123,36.4,-1.9,0.0
2341007,2026-09-11_09-02-39.009-240,v5.1.3,3.43,12.0,200,1172,1239,3505,625,1491,3748,15305.52,15177.18,45535.85,15744.99,20694.51,46467.93,0.00,0.00,0.00,439.46,5517.33,932.08,5612.73,5612.73,1.005,0.087,0.537,-4.250,-0.812,0.312,9768,753.4,0,-0.9493,-0.0369,0.0050,-0.3122,36.4,-1.9,0.0
2341038,2026-09-11_09-02-39.038-240,v5.1.3,3.43,12.0,200,1186,1279,3497,639,1503,3750,15486.46,15705.62,45426.09,15928.76,20854.71,46460.66,0.00,0.00,0.00,442.29,5149.09,1034.57,5270.59,5270.59,1.005,0.070,0.535,-4.188,-0.969,0.547,9768,709.8,0,-0.9493,-0.0366,0.0051,-0.3122,36.3,-1.9,0.0
2341066,2026-09-11_09-02-39.067-240,v5.1.3,3.43,12.0,200,1181,1256,3500,644,1500,3754,15422.78,15401.74,45468.36,16004.78,20818.03,46501.78,0.00,0.00,0.00,582.00,5416.29,1033.42,5544.62,5544.62,1.003,0.084,0.537,-4.281,-0.656,-0.016,9769,744.7,0,-0.9493,-0.0368,0.0050,-0.3121,36.3,-1.9,0.0
2341093,2026-09-11_09-02-39.093-240,v5.1.3,3.43,12.0,200,1182,1267,3495,632,1496,3753,15434.82,15548.33,45401.68,15846.17,20763.06,46515.92,0.00,0.00,0.00,411.35,5214.73,1114.24,5348.29,5348.29,1.007,0.076,0.535,-4.359,-0.812,0.734,9769,719.7,0,-0.9493,-0.0369,0.0050,-0.3121,36.3,-1.9,0.0
2341123,2026-09-11_09-02-39.123-240,v5.1.3,3.43,12.0,200,1181,1251,3501,640,1498,3753,15423.31,15335.41,45482.07,15950.71,20790.75,46498.05,0.00,0.00,0.00,527.40,5455.34,1015.98,5574.15,5574.15,1.004,0.071,0.537,-4.172,-0.719,0.422,9769,748.5,0,-0.9493,-0.0363,0.0053,-0.3121,36.3,-1.9,0.0
2341146,2026-09-11_09-02-39.147-240,v5.1.3,3.43,12.0,200,1183,1256,3499,640,1493,3756,15449.24,15401.71,45455.32,15959.50,20726.59,46537.63,0.00,0.00,0.00,510.26,5324.88,1082.30,5457.66,5457.66,1.007,0.077,0.534,-4.109,-0.891,0.297,9769,733.7,0,-0.9493,-0.0364,0.0055,-0.3121,36.3,-1.9,0.0
2341173,2026-09-11_09-02-39.173-240,v5.1.3,3.43,12.0,200,1177,1259,3503,629,1467,3750,15369.53,15441.15,45507.04,15812.33,20382.63,46489.74,0.00,0.00,0.00,442.80,4941.48,982.70,5057.67,5057.67,1.005,0.079,0.532,-4.141,-1.141,0.016,9769,682.6,0,-0.9493,-0.0364,0.0054,-0.3121,36.3,-1.9,0.0
2341205,2026-09-11_09-02-39.206-240,v5.1.3,3.43,12.0,200,1186,1246,3498,635,1470,3752,15490.00,15269.42,45443.67,15894.54,20423.74,46501.75,0.00,0.00,0.00,404.54,5154.32,1058.08,5277.33,5277.33,1.007,0.077,0.533,-4.125,-0.906,0.297,9767,710.7,0,-0.9491,-0.0370,0.0052,-0.3127,36.4,-1.9,0.0
2341227,2026-09-11_09-02-39.228-240,v5.1.3,3.43,12.0,200,1180,1266,3498,646,1501,3751,15408.47,15534.58,45440.91,16024.04,20830.35,46458.63,0.00,0.00,0.00,615.57,5295.77,1017.72,5427.70,5427.70,1.006,0.074,0.537,-4.172,-0.641,0.469,9767,729.8,0,-0.9491,-0.0368,0.0051,-0.3127,36.4,-1.9,0.0
2341258,2026-09-11_09-02-39.258-240,v5.1.3,3.43,12.0,200,1183,1265,3500,629,1505,3754,15448.27,15520.31,45467.12,15805.04,20880.38,46533.52,0.00,0.00,0.00,356.77,5360.07,1066.40,5476.75,5476.75,1.006,0.069,0.535,-4.156,-1.031,0.031,9767,736.1,0,-0.9491,-0.0364,0.0053,-0.3127,36.4,-1.9,0.0
2341287,2026-09-11_09-02-39.287-240,v5.1.3,3.43,12.0,200,1180,1269,3498,635,1495,3753,15408.15,15574.20,45440.50,15886.12,20750.59,46509.57,0.00,0.00,0.00,477.97,5176.39,1069.07,5307.20,5307.20,1.008,0.084,0.535,-4.219,-0.922,-0.250,9767,714.5,0,-0.9492,-0.0367,0.0049,-0.3125,36.4,-1.8,0.0
2341328,2026-09-11_09-02-39.328-240,v5.1.3,3.43,12.0,200,1182,1258,3504,636,1477,3748,15435.80,15426.85,45520.21,15895.86,20513.84,46446.73,0.00,0.00,0.00,460.06,5086.99,926.52,5191.11,5191.11,1.007,0.068,0.544,-4.578,-1.344,0.219,9767,699.7,0,-0.9492,-0.0362,0.0050,-0.3124,36.4,-1.8,0.0
2341359,2026-09-11_09-02-39.360-240,v5.1.3,3.43,12.0,200,1190,1269,3507,639,1506,3752,15540.47,15570.01,45557.81,15931.92,20894.64,46485.77,0.00,0.00,0.00,391.44,5324.63,927.96,5419.05,5419.05,1.005,0.081,0.541,-3.828,-1.172,-0.422,9763,728.7,0,-0.9492,-0.0364,0.0051,-0.3124,36.4,-1.9,0.0
2341383,2026-09-11_09-02-39.383-240,v5.1.3,3.43,12.0,200,1176,1242,3500,642,1487,3751,15358.12,15217.61,45470.28,15977.30,20646.74,46470.19,0.00,0.00,0.00,619.18,5429.13,999.91,5555.05,5555.05,1.004,0.080,0.546,-4.547,-0.750,0.016,9763,746.1,0,-0.9493,-0.0368,0.0047,-0.3122,36.4,-1.8,0.0
2341413,2026-09-11_09-02-39.414-240,v5.1.3,3.43,12.0,200,1191,1266,3495,636,1498,3756,15554.01,15533.67,45401.83,15904.68,20791.10,46545.36,0.00,0.00,0.00,350.67,5257.42,1143.53,5391.76,5391.76,1.004,0.072,0.537,-4.141,-1.016,0.172,9763,725.2,0,-0.9493,-0.0366,0.0050,-0.3122,36.4,-1.9,0.0
2341439,2026-09-11_09-02-39.439-240,v5.1.3,3.43,12.0,200,1195,1253,3499,638,1500,3755,15608.33,15360.16,45455.75,15927.95,20817.23,46527.73,0.00,0.00,0.00,319.62,5457.07,1071.98,5570.54,5570.54,1.003,0.079,0.543,-3.984,-1.328,0.172,9763,748.1,0,-0.9493,-0.0368,0.0048,-0.3123,36.4,-1.8,0.0
2341463,2026-09-11_09-02-39.463-240,v5.1.3,3.43,12.0,200,1187,1252,3500,639,1491,3756,15502.59,15347.94,45468.91,15947.17,20700.27,46540.21,0.00,0.00,0.00,444.58,5352.33,1071.30,5476.57,5476.57,1.004,0.077,0.538,-4.125,-0.500,0.031,9763,736.1,0,-0.9493,-0.0370,0.0049,-0.3123,36.4,-1.9,0.0
2341498,2026-09-11_09-02-39.498-240,v5.1.3,3.43,12.0,200,1187,1269,3502,636,1504,3757,15500.77,15571.93,45492.64,15904.34,20869.83,46557.01,0.00,0.00,0.00,403.57,5297.90,1064.37,5418.81,5418.81,1.002,0.077,0.539,-4.156,-0.797,0.109,9765,728.7,0,-0.9493,-0.0367,0.0049,-0.3121,36.3,-1.8,0.0
2341523,2026-09-11_09-02-39.524-240,v5.1.3,3.43,12.0,200,1176,1256,3494,638,1502,3758,15356.61,15404.27,45390.15,15933.76,20844.48,46565.90,0.00,0.00,0.00,577.15,5440.21,1175.75,5595.65,5595.65,1.002,0.079,0.541,-3.969,-0.938,0.562,9765,751.3,0,-0.9493,-0.0368,0.0050,-0.3121,36.3,-1.9,0.0
2341553,2026-09-11_09-02-39.553-240,v5.1.3,3.43,12.0,200,1191,1262,3501,650,1492,3751,15554.45,15479.11,45480.57,16080.57,20713.60,46451.71,0.00,0.00,0.00,526.12,5234.49,971.14,5349.75,5349.75,1.004,0.074,0.540,-4.656,-0.719,0.500,9765,719.9,0,-0.9493,-0.0365,0.0048,-0.3121,36.3,-1.8,0.0
2341584,2026-09-11_09-02-39.585-240,v5.1.3,3.43,12.0,200,1184,1249,3501,645,1486,3752,15463.22,15308.51,45482.35,16019.47,20634.64,46476.70,0.00,0.00,0.00,556.25,5326.14,994.34,5446.64,5446.64,1.002,0.077,0.544,-4.094,-1.234,-0.125,9765,732.2,0,-0.9493,-0.0368,0.0049,-0.3120,36.3,-1.8,0.0
2341608,2026-09-11_09-02-39.608-240,v5.1.3,3.43,12.0,200,1190,1264,3497,645,1494,3758,15541.00,15506.84,45428.16,16029.38,20741.38,46552.23,0.00,0.00,0.00,488.38,5234.54,1124.06,5376.10,5376.10,1.008,0.072,0.539,-4.078,-0.609,-0.047,9765,723.2,0,-0.9494,-0.0367,0.0048,-0.3120,36.3,-1.8,0.0
2341638,2026-09-11_09-02-39.638-240,v5.1.3,3.43,12.0,200,1184,1250,3500,651,1491,3753,15463.11,15322.00,45469.18,16098.60,20701.49,46475.45,0.00,0.00,0.00,635.49,5379.49,1006.26,5509.57,5509.57,1.004,0.075,0.536,-4.109,-1.188,3.734,9767,740.3,0,-0.9493,-0.0361,0.0053,-0.3122,36.3,-1.9,0.0
2341664,2026-09-11_09-02-39.664-240,v5.1.3,3.43,12.0,200,1183,1230,3504,627,1463,3753,15452.03,15056.82,45524.06,15794.34,20331.14,46533.48,0.00,0.00,0.00,342.31,5274.32,1009.42,5380.94,5380.94,1.003,0.077,0.539,-4.406,-0.609,0.328,9767,723.9,0,-0.9493,-0.0364,0.0051,-0.3121,36.3,-1.9,0.0
2341688,2026-09-11_09-02-39.688-240,v5.1.3,3.43,12.0,200,1184,1252,3500,626,1504,3756,15462.90,15348.42,45468.91,15770.38,20867.49,46565.98,0.00,0.00,0.00,307.49,5519.07,1097.07,5635.44,5635.44,1.006,0.068,0.538,-4.016,-0.953,0.266,9767,756.3,0,-0.9494,-0.0361,0.0051,-0.3121,36.3,-1.9,0.0
2341735,2026-09-11_09-02-39.736-240,v5.1.3,3.43,12.0,200,1183,1241,3501,643,1483,3748,15450.85,15202.99,45483.45,15985.52,20593.57,46430.24,0.00,0.00,0.00,534.67,5390.58,946.79,5499.15,5499.15,1.002,0.082,0.542,-3.875,-0.969,-0.375,9767,738.9,0,-0.9493,-0.0368,0.0048,-0.3122,36.3,-1.8,0.0
2341757,2026-09-11_09-02-39.759-240,v5.1.3,3.43,12.0,200,1179,1255,3507,642,1498,3746,15396.43,15386.84,45559.72,15961.53,20788.50,46403.69,0.00,0.00,0.00,565.10,5401.66,843.96,5496.32,5496.32,1.006,0.079,0.544,-3.953,-0.500,0.141,9767,738.6,0,-0.9493,-0.0368,0.0047,-0.3122,36.3,-1.8,0.0
2341788,2026-09-11_09-02-39.788-240,v5.1.3,3.43,12.0,200,1186,1270,3502,636,1507,3760,15487.43,15585.30,45492.50,15909.72,20910.13,46594.97,0.00,0.00,0.00,422.29,5324.83,1102.47,5454.14,5454.14,1.004,0.075,0.539,-4.562,-0.594,0.656,9769,733.2,0,-0.9493,-0.0368,0.0047,-0.3121,36.3,-1.8,0.0
2341817,2026-09-11_09-02-39.817-240,v5.1.3,3.43,12.0,200,1178,1268,3497,639,1502,3751,15381.79,15561.60,45427.60,15931.40,20842.03,46473.71,0.00,0.00,0.00,549.61,5280.43,1046.11,5411.04,5411.04,1.006,0.078,0.539,-4.250,-0.812,-0.469,9769,727.7,0,-0.9493,-0.0366,0.0046,-0.3121,36.3,-1.8,0.0
2341840,2026-09-11_09-02-39.841-240,v5.1.3,3.43,12.0,200,1181,1270,3497,633,1504,3756,15421.27,15587.54,45427.33,15862.60,20868.86,46550.70,0.00,0.00,0.00,441.33,5281.33,1123.37,5417.48,5417.48,1.005,0.077,0.539,-4.078,-0.703,-0.406,9769,728.5,0,-0.9494,-0.0367,0.0045,-0.3120,36.3,-1.8,0.0
2341873,2026-09-11_09-02-39.873-240,v5.1.3,3.43,12.0,200,1187,1254,3498,631,1502,3756,15502.37,15374.94,45442.57,15837.10,20842.35,46555.47,0.00,0.00,0.00,334.73,5467.42,1112.90,5589.56,5589.56,1.008,0.075,0.541,-4.078,-0.891,-0.047,9769,750.5,0,-0.9494,-0.0365,0.0045,-0.3120,36.3,-1.8,0.0
2341896,2026-09-11_09-02-39.897-240,v5.1.3,3.43,12.0,200,1192,1268,3502,635,1509,3741,15567.04,15557.92,45492.78,15853.54,20928.89,46352.47,0.00,0.00,0.00,286.50,5370.97,859.69,5446.88,5446.88,1.003,0.081,0.534,-4.406,-0.969,0.141,9769,732.3,0,-0.9494,-0.0368,0.0045,-0.3120,36.3,-1.8,0.0
2341922,2026-09-11_09-02-39.922-240,v5.1.3,3.43,12.0,200,1187,1256,3501,643,1510,3748,15502.16,15400.49,45481.39,15974.03,20946.16,46424.80,0.00,0.00,0.00,471.87,5545.67,943.41,5645.09,5645.09,1.004,0.070,0.536,-4.000,-1.562,0.359,9773,757.6,0,-0.9494,-0.0364,0.0045,-0.3119,36.3,-1.8,0.0
2341953,2026-09-11_09-02-39.953-240,v5.1.3,3.43,12.0,200,1182,1252,3501,635,1504,3748,15436.44,15348.46,45481.94,15871.20,20866.24,46443.48,0.00,0.00,0.00,434.76,5517.78,961.54,5617.78,5617.78,1.005,0.080,0.535,-4.031,-0.969,0.094,9773,754.1,0,-0.9494,-0.0367,0.0044,-0.3119,36.3,-1.8,0.0
2341977,2026-09-11_09-02-40.978-240,v5.1.3,3.43,12.0,200,1181,1256,3492,642,1511,3754,15422.76,15404.04,45364.09,15973.75,20961.28,46503.93,0.00,0.00,0.00,550.99,5557.24,1139.84,5699.62,5699.62,1.005,0.077,0.536,-4.031,-0.562,0.312,9773,764.5,0,-0.9494,-0.0368,0.0043,-0.3120,36.3,-1.8,0.0
2342003,2026-09-11_09-02-40.003-240,v5.1.3,3.43,12.0,200,1180,1275,3504,640,1526,3748,15407.51,15651.74,45517.87,15927.71,21154.51,46428.13,0.00,0.00,0.00,520.19,5502.77,910.26,5601.76,5601.76,1.003,0.076,0.540,-4.031,-0.844,0.188,9773,752.0,0,-0.9494,-0.0365,0.0043,-0.3119,36.3,-1.8,0.0
2342033,2026-09-11_09-02-40.034-240,v5.1.3,3.43,12.0,200,1185,1232,3502,639,1511,3770,15478.28,15083.50,45497.73,15969.73,20966.73,46716.19,0.00,0.00,0.00,491.46,5883.23,1218.46,6028.15,6028.15,1.030,0.080,0.532,-3.984,-0.625,0.031,9773,806.4,0,-0.9494,-0.0367,0.0044,-0.3119,36.3,-1.8,0.0
2342055,2026-09-11_09-02-40.055-240,v5.1.3,3.43,12.0,200,1189,1274,3501,642,1541,3751,15526.70,15637.95,45478.92,15954.33,21351.92,46459.31,0.00,0.00,0.00,427.63,5713.97,980.39,5813.22,5813.22,1.004,0.079,0.540,-4.000,-0.703,-0.266,9771,779.0,0,-0.9494,-0.0367,0.0042,-0.3118,36.3,-1.8,0.0
2342088,2026-09-11_09-02-40.088-240,v5.1.3,3.43,12.0,200,1179,1275,3498,635,1546,3763,15394.27,15653.62,45439.68,15886.61,21420.36,46627.88,0.00,0.00,0.00,492.34,5766.74,1188.20,5908.43,5908.43,1.001,0.073,0.539,-3.922,-1.234,0.469,9771,791.2,0,-0.9494,-0.0365,0.0043,-0.3118,36.3,-1.8,0.0
2342130,2026-09-11_09-02-40.131-240,v5.1.3,3.43,12.0,200,1187,1266,3490,641,1552,3741,15501.08,15535.75,45336.66,15914.29,21491.60,46330.71,0.00,0.00,0.00,413.21,5955.84,994.05,6052.35,6052.35,1.009,0.079,0.543,-4.391,-0.750,0.438,9771,809.5,0,-0.9494,-0.0372,0.0046,-0.3119,36.3,-1.8,0.0
2342158,2026-09-11_09-02-40.158-240,v5.1.3,3.43,12.0,200,1186,1258,3494,639,1567,3750,15488.71,15429.08,45389.89,15901.53,21690.48,46447.77,0.00,0.00,0.00,412.82,6261.40,1057.89,6363.54,6363.54,1.002,0.070,0.537,-4.062,-0.703,0.484,9771,849.2,0,-0.9494,-0.0368,0.0047,-0.3119,36.3,-1.8,0.0
2342189,2026-09-11_09-02-40.190-240,v5.1.3,3.43,12.0,200,1193,1270,3497,645,1579,3758,15580.05,15585.62,45427.34,15993.22,21851.38,46535.11,0.00,0.00,0.00,413.17,6265.76,1107.77,6376.34,6376.34,0.997,0.076,0.536,-4.297,-0.906,0.344,9771,850.8,0,-0.9494,-0.0367,0.0049,-0.3119,36.3,-1.8,0.0
2342213,2026-09-11_09-02-40.215-240,v5.1.3,3.43,12.0,200,1186,1255,3498,636,1599,3742,15489.04,15388.31,45442.43,15830.64,22104.76,46345.02,0.00,0.00,0.00,341.60,6716.45,902.59,6785.43,6785.43,1.002,0.081,0.534,-4.266,-0.953,0.562,9771,903.0,0,-0.9494,-0.0370,0.0048,-0.3119,36.3,-1.8,0.0
2342248,2026-09-11_09-02-40.248-240,v5.1.3,3.43,12.0,200,1187,1271,3504,641,1626,3749,15500.56,15597.77,45518.43,15900.56,22460.96,46418.67,0.00,0.00,0.00,400.00,6863.19,900.25,6933.53,6933.53,1.004,0.079,0.537,-4.422,-0.734,-0.109,9771,921.9,0,-0.9494,-0.0371,0.0046,-0.3117,36.3,-1.8,0.0
2342272,2026-09-11_09-02-40.273-240,v5.1.3,3.43,12.0,200,1185,1274,3499,628,1636,3759,15473.77,15639.16,45452.85,15747.23,22592.78,46573.61,0.00,0.00,0.00,273.46,6953.62,1120.77,7048.66,7048.66,1.005,0.076,0.536,-4.578,-0.797,0.641,9771,936.6,0,-0.9495,-0.0367,0.0048,-0.3117,36.3,-1.8,0.0
2342303,2026-09-11_09-02-40.303-240,v5.1.3,3.43,12.0,200,1181,1263,3507,630,1637,3749,15422.04,15492.20,45558.62,15750.96,22602.46,46440.47,0.00,0.00,0.00,328.93,7110.26,881.85,7172.28,7172.28,1.007,0.080,0.539,-4.203,-0.469,0.734,9771,952.4,0,-0.9495,-0.0368,0.0046,-0.3117,36.3,-1.8,0.0
2342335,2026-09-11_09-02-40.335-240,v5.1.3,3.43,12.0,200,1190,1254,3492,642,1670,3749,15542.06,15376.18,45364.38,15895.01,23035.75,46407.63,0.00,0.00,0.00,352.95,7659.57,1043.25,7738.34,7738.34,1.000,0.073,0.544,-4.000,-0.844,0.344,9771,1024.6,0,-0.9495,-0.0366,0.0047,-0.3117,36.3,-1.8,0.0
2342357,2026-09-11_09-02-40.358-240,v5.1.3,3.43,12.0,200,1186,1260,3506,632,1675,3750,15488.51,15452.05,45546.01,15763.36,23099.46,46441.31,0.00,0.00,0.00,274.85,7647.41,895.30,7704.54,7704.54,1.004,0.078,0.538,-4.203,-0.812,-0.062,9765,1020.3,0,-0.9495,-0.0367,0.0047,-0.3117,36.3,-1.8,0.0
2342388,2026-09-11_09-02-40.388-240,v5.1.3,3.43,12.0,200,1182,1261,3502,637,1701,3760,15435.47,15467.06,45493.73,15840.36,23443.74,46553.73,0.00,0.00,0.00,404.89,7976.68,1060.00,8056.99,8056.99,1.006,0.075,0.539,-4.156,-0.891,0.391,9765,1065.2,0,-0.9495,-0.0367,0.0048,-0.3117,36.3,-1.8,0.0
2342415,2026-09-11_09-02-40.416-240,v5.1.3,3.43,12.0,200,1193,1264,3505,641,1730,3746,15580.70,15504.06,45532.43,15849.65,23817.95,46359.16,0.00,0.00,0.00,268.95,8313.90,826.72,8359.23,8359.23,1.004,0.076,0.542,-4.172,-0.484,0.266,9765,1103.8,0,-0.9494,-0.0369,0.0050,-0.3117,36.3,-1.9,0.0
2342438,2026-09-11_09-02-40.440-240,v5.1.3,3.43,12.0,200,1193,1265,3490,637,1748,3748,15580.57,15521.58,45336.80,15793.74,24052.98,46389.98,0.00,0.00,0.00,213.17,8531.40,1053.18,8598.80,8598.80,1.006,0.076,0.535,-3.750,-0.484,-0.219,9765,1134.4,0,-0.9495,-0.0367,0.0051,-0.3117,36.3,-1.9,0.0
2342468,2026-09-11_09-02-40.468-240,v5.1.3,3.43,12.0,200,1187,1263,3501,633,1767,3748,15501.41,15492.96,45480.43,15732.96,24300.31,46394.89,0.00,0.00,0.00,231.54,8807.35,914.46,8857.73,8857.73,1.001,0.079,0.536,-4.125,-0.688,0.094,9765,1167.4,0,-0.9495,-0.0367,0.0048,-0.3116,36.3,-1.8,0.0
2342494,2026-09-11_09-02-40.495-240,v5.1.3,3.43,12.0,200,1186,1268,3494,633,1799,3752,15487.64,15561.18,45388.51,15728.22,24719.70,46439.88,0.00,0.00,0.00,240.58,9158.52,1051.36,9221.81,9221.81,1.009,0.072,0.544,-4.359,-1.172,0.547,9768,1213.8,0,-0.9495,-0.0364,0.0049,-0.3116,36.3,-1.8,0.0
2342538,2026-09-11_09-02-40.538-240,v5.1.3,3.43,12.0,200,1189,1264,3495,637,1822,3754,15527.76,15507.57,45402.10,15775.57,25021.59,46452.23,0.00,0.00,0.00,247.81,9514.02,1050.12,9575.01,9575.01,1.005,0.074,0.537,-4.203,-0.938,0.312,9768,1258.9,0,-0.9495,-0.0368,0.0053,-0.3116,36.3,-1.9,0.0
2342565,2026-09-11_09-02-40.566-240,v5.1.3,3.43,12.0,200,1192,1267,3499,633,1851,3754,15567.14,15545.57,45453.82,15710.54,25399.52,46455.12,0.00,0.00,0.00,143.40,9853.94,1001.30,9905.72,9905.72,0.998,0.069,0.548,-3.844,-0.781,0.469,9768,1301.1,0,-0.9495,-0.0362,0.0051,-0.3116,36.3,-1.8,0.0
2342593,2026-09-11_09-02-40.593-240,v5.1.3,3.43,12.0,200,1186,1260,3501,635,1877,3754,15488.50,15453.49,45480.84,15725.82,25739.44,46445.52,0.00,0.00,0.00,237.32,10285.95,964.68,10333.81,10333.81,1.004,0.074,0.545,-3.953,-1.078,0.031,9768,1355.7,0,-0.9495,-0.0362,0.0051,-0.3116,36.3,-1.8,0.0
2342628,2026-09-11_09-02-40.628-240,v5.1.3,3.43,12.0,200,1182,1263,3493,636,1895,3750,15435.25,15496.06,45376.16,15722.46,25973.19,46388.28,0.00,0.00,0.00,287.21,10477.12,1012.12,10529.81,10529.81,1.005,0.080,0.535,-4.031,-0.891,0.188,9768,1380.7,0,-0.9495,-0.0365,0.0054,-0.3116,36.3,-1.9,0.0
2342651,2026-09-11_09-02-40.651-240,v5.1.3,3.43,12.0,200,1190,1264,3501,630,1927,3749,15541.00,15505.69,45480.30,15627.58,26389.51,46382.08,0.00,0.00,0.00,86.58,10883.83,901.79,10921.46,10921.46,1.003,0.072,0.542,-4.188,-0.797,0.500,9776,1430.6,0,-0.9495,-0.0362,0.0050,-0.3116,36.3,-1.8,0.0
2342683,2026-09-11_09-02-40.683-240,v5.1.3,3.43,12.0,200,1187,1270,3501,633,1950,3748,15500.66,15585.43,45479.47,15655.10,26690.08,46358.04,0.00,0.00,0.00,154.44,11104.65,878.57,11140.42,11140.42,1.002,0.072,0.544,-7.766,-0.922,0.375,9776,1458.6,0,-0.9497,-0.0355,0.0046,-0.3112,36.2,-1.8,0.0
2342712,2026-09-11_09-02-40.713-240,v5.1.3,3.43,12.0,200,1177,1270,3502,631,1986,3747,15368.35,15586.74,45492.49,15611.22,27159.43,46342.30,0.00,0.00,0.00,242.87,11572.68,849.81,11606.38,11606.38,1.007,0.075,0.532,-4.203,-0.719,0.656,9776,1518.0,0,-0.9497,-0.0360,0.0045,-0.3111,36.2,-1.8,0.0
2342738,2026-09-11_09-02-40.738-240,v5.1.3,3.43,12.0,200,1183,1273,3499,625,2014,3748,15447.41,15626.27,45452.98,15522.48,27524.27,46362.62,0.00,0.00,0.00,75.07,11898.00,909.64,11932.96,11932.96,1.008,0.070,0.535,-4.375,-1.047,0.359,9776,1559.7,0,-0.9497,-0.0356,0.0049,-0.3112,36.2,-1.8,0.0
2342768,2026-09-11_09-02-40.768-240,v5.1.3,3.43,12.0,200,1189,1270,3499,628,2039,3746,15527.12,15585.68,45453.40,15546.93,27850.58,46325.32,0.00,0.00,0.00,19.81,12264.90,871.92,12295.87,12295.87,1.001,0.084,0.542,-4.312,-1.141,0.625,9776,1606.0,0,-0.9497,-0.0360,0.0048,-0.3112,36.2,-1.8,0.0
2342792,2026-09-11_09-02-40.793-240,v5.1.3,3.43,12.0,200,1193,1268,3493,631,2069,3754,15580.25,15560.35,45375.49,15591.44,28245.95,46415.59,0.00,0.00,0.00,11.19,12685.60,1040.11,12728.17,12728.17,1.003,0.071,0.542,-4.328,-1.000,-0.438,9781,1661.1,0,-0.9497,-0.0361,0.0046,-0.3111,36.2,-1.8,0.0
2342823,2026-09-11_09-02-40.823-240,v5.1.3,3.43,12.0,200,1192,1264,3499,626,2094,3751,15567.46,15505.94,45454.23,15508.28,28570.30,46382.90,0.00,0.00,0.00,-59.18,13064.36,928.67,13097.46,13097.46,1.004,0.082,0.539,-4.281,-0.344,-0.109,9781,1708.2,0,-0.9496,-0.0363,0.0047,-0.3112,36.2,-1.8,0.0
2342853,2026-09-11_09-02-40.854-240,v5.1.3,3.43,12.0,200,1181,1278,3499,622,2133,3754,15420.42,15692.64,45452.29,15445.65,29079.95,46422.36,0.00,0.00,0.00,25.23,13387.30,970.07,13422.43,13422.43,1.001,0.076,0.533,-4.875,-0.906,-0.250,9781,1749.7,0,-0.9496,-0.0364,0.0045,-0.3112,36.2,-1.8,0.0
2342878,2026-09-11_09-02-40.878-240,v5.1.3,3.43,12.0,200,1184,1265,3495,620,2151,3750,15461.50,15521.59,45401.96,15402.77,29313.10,46371.67,0.00,0.00,0.00,-58.73,13791.52,969.71,13825.69,13825.69,1.005,0.072,0.543,-2.969,-0.875,0.219,9781,1801.1,0,-0.9497,-0.0366,0.0042,-0.3110,36.2,-1.8,0.0
2342908,2026-09-11_09-02-40.908-240,v5.1.3,3.43,12.0,200,1191,1265,3500,618,2179,3745,15554.12,15519.03,45467.13,15353.41,29676.48,46306.11,0.00,0.00,0.00,-200.71,14157.45,838.98,14183.71,14183.71,1.007,0.080,0.545,-3.297,-1.062,0.062,9781,1846.8,0,-0.9497,-0.0368,0.0042,-0.3111,36.2,-1.8,0.0
2342949,2026-09-11_09-02-40.949-240,v5.1.3,3.43,12.0,200,1185,1269,3485,613,2236,3730,15474.29,15577.14,45271.07,15230.01,30414.19,46112.70,0.00,0.00,0.00,-244.28,14837.05,841.62,14862.91,14862.91,1.008,0.074,0.535,-4.172,-0.625,0.016,9779,1933.4,0,-0.9496,-0.0366,0.0051,-0.3113,36.2,-1.9,0.0
2342983,2026-09-11_09-02-41.983-240,v5.1.3,3.43,12.0,200,1185,1265,3503,621,2270,3745,15474.74,15519.12,45506.22,15354.22,30865.42,46281.24,0.00,0.00,0.00,-120.52,15346.29,775.02,15366.32,15366.32,1.003,0.078,0.541,-4.453,-0.797,0.328,9779,1997.7,0,-0.9497,-0.0363,0.0050,-0.3112,36.2,-1.8,0.0
2343014,2026-09-11_09-02-41.015-240,v5.1.3,3.43,12.0,200,1188,1265,3497,619,2314,3742,15514.43,15520.37,45428.02,15302.49,31438.48,46238.18,0.00,0.00,0.00,-211.93,15918.11,810.16,15940.12,15940.12,1.007,0.080,0.541,-3.984,-0.672,0.203,9779,2070.8,0,-0.9496,-0.0366,0.0051,-0.3112,36.2,-1.9,0.0
2343038,2026-09-11_09-02-41.038-240,v5.1.3,3.43,12.0,200,1190,1268,3497,617,2347,3747,15540.57,15559.68,45427.61,15273.20,31870.91,46300.19,0.00,0.00,0.00,-267.36,16311.24,872.57,16336.75,16336.75,1.005,0.070,0.539,-4.938,-0.297,-0.016,9779,2121.4,0,-0.9497,-0.0364,0.0052,-0.3111,36.2,-1.9,0.0
2343073,2026-09-11_09-02-41.073-240,v5.1.3,3.43,12.0,200,1183,1265,3499,603,2383,3748,15448.27,15520.60,45454.09,15075.67,32338.67,46336.36,0.00,0.00,0.00,-372.60,16818.07,882.28,16845.32,16845.32,1.005,0.076,0.541,-4.250,-0.484,0.016,9778,2186.3,0,-0.9497,-0.0366,0.0051,-0.3111,36.2,-1.9,0.0
2343098,2026-09-11_09-02-41.099-240,v5.1.3,3.43,12.0,200,1187,1272,3503,612,2419,3745,15500.45,15611.27,45505.26,15172.26,32809.41,46270.89,0.00,0.00,0.00,-328.19,17198.14,765.63,17218.30,17218.30,1.001,0.075,0.542,-4.406,-0.656,-0.188,9778,2233.9,0,-0.9496,-0.0364,0.0052,-0.3112,36.2,-1.9,0.0
2343128,2026-09-11_09-02-41.128-240,v5.1.3,3.43,12.0,200,1190,1268,3503,621,2458,3744,15540.57,15557.95,45505.81,15272.02,33320.10,46230.53,0.00,0.00,0.00,-268.56,17762.14,724.71,17778.95,17778.95,1.001,0.080,0.539,-4.094,-0.422,0.406,9778,2305.4,0,-0.9496,-0.0366,0.0051,-0.3111,36.2,-1.9,0.0
2343160,2026-09-11_09-02-41.160-240,v5.1.3,3.43,12.0,200,1187,1270,3505,605,2511,3740,15500.67,15584.28,45531.60,15029.81,34007.57,46203.37,0.00,0.00,0.00,-470.86,18423.29,671.77,18441.54,18441.54,1.004,0.069,0.544,-3.938,-0.859,0.188,9778,2389.9,0,-0.9496,-0.0364,0.0053,-0.3112,36.2,-1.9,0.0
2343183,2026-09-11_09-02-41.183-240,v5.1.3,3.43,12.0,200,1193,1270,3492,609,2541,3746,15580.04,15587.05,45362.18,15083.06,34402.38,46265.73,0.00,0.00,0.00,-496.98,18815.32,903.56,18843.56,18843.56,1.002,0.078,0.540,-4.531,-0.656,0.219,9778,2441.2,0,-0.9496,-0.0364,0.0054,-0.3113,36.2,-1.9,0.0
2343213,2026-09-11_09-02-41.213-240,v5.1.3,3.43,12.0,200,1178,1264,3499,604,2587,3738,15382.22,15508.19,45454.22,14979.87,34999.09,46164.53,0.00,0.00,0.00,-402.36,19490.90,710.31,19507.99,19507.99,1.004,0.071,0.539,-4.375,-0.969,0.031,9773,2526.0,0,-0.9496,-0.0363,0.0056,-0.3112,36.2,-1.9,0.0
2343236,2026-09-11_09-02-41.237-240,v5.1.3,3.43,12.0,200,1183,1272,3500,596,2629,3737,15447.52,15612.78,45466.16,14854.39,35545.62,46160.68,0.00,0.00,0.00,-593.13,19932.84,694.53,19953.76,19953.76,1.005,0.077,0.538,-4.578,-0.484,-0.500,9773,2582.8,0,-0.9496,-0.0364,0.0056,-0.3111,36.2,-1.9,0.0
2343258,2026-09-11_09-02-41.260-240,v5.1.3,3.43,12.0,200,1185,1262,3499,595,2646,3738,15475.06,15480.65,45454.50,14836.20,35767.80,46172.30,0.00,0.00,0.00,-638.86,20287.15,717.80,20309.89,20309.89,1.009,0.081,0.531,-4.016,-0.781,0.109,9773,2628.3,0,-0.9495,-0.0368,0.0055,-0.3115,36.3,-1.9,0.0
2343293,2026-09-11_09-02-41.293-240,v5.1.3,3.43,12.0,200,1180,1277,3496,598,2693,3732,15407.29,15680.46,45413.33,14842.41,36379.89,46079.15,0.00,0.00,0.00,-564.88,20699.43,665.82,20717.84,20717.84,1.004,0.074,0.540,-3.828,-0.953,0.094,9773,2680.3,0,-0.9496,-0.0361,0.0055,-0.3115,36.3,-1.9,0.0
2343317,2026-09-11_09-02-41.318-240,v5.1.3,3.43,12.0,200,1195,1275,3501,596,2734,3733,15605.98,15650.19,45478.79,14800.84,36915.29,46088.12,0.00,0.00,0.00,-805.14,21265.09,609.33,21289.05,21289.05,1.008,0.081,0.537,-3.734,-0.719,0.109,9773,2753.2,0,-0.9495,-0.0365,0.0056,-0.3115,36.3,-1.9,0.0
2343363,2026-09-11_09-02-41.363-240,v5.1.3,3.43,12.0,200,1187,1269,3484,596,2772,3733,15500.75,15577.11,45258.05,14784.67,37411.52,46080.46,0.00,0.00,0.00,-716.07,21834.41,822.42,21861.63,21861.63,1.001,0.075,0.536,-4.547,-0.797,0.297,9775,2826.2,0,-0.9496,-0.0365,0.0056,-0.3114,36.3,-1.9,0.0
2343390,2026-09-11_09-02-41.390-240,v5.1.3,3.43,12.0,200,1190,1268,3496,593,2807,3728,15540.56,15559.97,45414.58,14719.17,37866.10,46015.68,0.00,0.00,0.00,-821.40,22306.13,601.10,22329.35,22329.35,0.999,0.076,0.537,-3.703,-0.906,0.109,9775,2885.9,0,-0.9496,-0.0361,0.0052,-0.3115,36.3,-1.9,0.0
2343413,2026-09-11_09-02-41.413-240,v5.1.3,3.43,12.0,200,1184,1267,3498,583,2825,3735,15461.29,15547.14,45440.78,14595.30,38101.84,46123.89,0.00,0.00,0.00,-865.98,22554.70,683.11,22581.65,22581.65,1.005,0.074,0.540,-4.500,-0.734,-0.094,9775,2918.1,0,-0.9496,-0.0361,0.0052,-0.3114,36.3,-1.9,0.0
2343448,2026-09-11_09-02-41.448-240,v5.1.3,3.43,12.0,200,1188,1271,3494,580,2851,3728,15513.78,15600.49,45388.10,14529.19,38438.14,46035.21,0.00,0.00,0.00,-984.59,22837.65,647.11,22868.02,22868.02,1.006,0.080,0.541,-4.031,-0.766,-0.406,9775,2954.6,0,-0.9496,-0.0364,0.0051,-0.3114,36.2,-1.9,0.0
2343473,2026-09-11_09-02-41.474-240,v5.1.3,3.43,12.0,200,1187,1268,3503,590,2861,3725,15500.88,15558.43,45505.81,14650.01,38569.56,45972.79,0.00,0.00,0.00,-850.87,23011.13,466.98,23031.59,23031.59,1.002,0.075,0.541,-4.016,-0.844,0.312,9775,2975.5,0,-0.9496,-0.0363,0.0048,-0.3113,36.2,-1.8,0.0
2343503,2026-09-11_09-02-41.503-240,v5.1.3,3.43,12.0,200,1189,1268,3498,587,2878,3729,15527.34,15559.55,45440.65,14612.14,38792.48,46027.34,0.00,0.00,0.00,-915.20,23232.93,586.70,23258.35,23258.35,1.001,0.076,0.543,-3.984,-0.391,0.047,9766,3000.0,0,-0.9496,-0.0364,0.0047,-0.3113,36.2,-1.8,0.0
2343532,2026-09-11_09-02-41.533-240,v5.1.3,3.43,12.0,200,1193,1270,3500,588,2895,3735,15580.05,15584.75,45466.44,14631.39,39016.94,46098.88,0.00,0.00,0.00,-948.66,23432.18,632.44,23459.91,23459.91,1.003,0.076,0.540,-4.047,-1.000,0.328,9766,3000.0,0,-0.9496,-0.0364,0.0047,-0.3113,36.2,-1.8,0.0
2343558,2026-09-11_09-02-41.558-240,v5.1.3,3.43,12.0,200,1183,1273,3495,579,2907,3725,15447.41,15627.42,45400.86,14485.53,39168.11,45987.54,0.00,0.00,0.00,-961.88,23540.68,586.69,23567.63,23567.63,1.004,0.070,0.539,-4.062,-0.750,0.281,9766,3000.0,0,-0.9497,-0.0361,0.0048,-0.3112,36.2,-1.8,0.0
2343588,2026-09-11_09-02-41.588-240,v5.1.3,3.43,12.0,200,1190,1271,3499,583,2921,3730,15540.25,15598.73,45453.27,14543.37,39353.60,46040.28,0.00,0.00,0.00,-996.88,23754.87,587.02,23783.03,23783.03,1.006,0.081,0.539,-4.359,-0.672,0.188,9766,3000.0,0,-0.9497,-0.0363,0.0048,-0.3111,36.2,-1.8,0.0
2343613,2026-09-11_09-02-41.614-240,v5.1.3,3.43,12.0,200,1190,1273,3499,583,2925,3727,15540.03,15625.15,45452.99,14535.01,39404.71,46000.90,0.00,0.00,0.00,-1005.03,23779.56,547.91,23807.09,23807.09,1.003,0.067,0.538,-4.422,-1.281,0.234,9766,3000.0,0,-0.9497,-0.0362,0.0049,-0.3111,36.2,-1.8,0.0
2343643,2026-09-11_09-02-41.643-240,v5.1.3,3.43,12.0,200,1186,1269,3506,576,2950,3729,15487.55,15570.94,45544.77,14436.59,39730.56,46036.87,0.00,0.00,0.00,-1050.95,24159.62,492.10,24187.48,24187.48,1.004,0.077,0.539,-3.859,-0.422,3.922,9776,3000.0,0,-0.9496,-0.0357,0.0051,-0.3114,36.2,-1.8,0.0
2343674,2026-09-11_09-02-41.675-240,v5.1.3,3.43,12.0,200,1186,1268,3494,587,2953,3731,15487.64,15561.18,45388.51,14584.67,39772.64,46037.96,0.00,0.00,0.00,-902.97,24211.46,649.45,24237.00,24237.00,1.003,0.076,0.539,-4.516,-0.797,0.516,9776,3000.0,0,-0.9496,-0.0361,0.0050,-0.3114,36.3,-1.8,0.0
2343698,2026-09-11_09-02-41.699-240,v5.1.3,3.43,12.0,200,1192,1269,3505,585,2945,3730,15566.93,15570.27,45531.74,14559.50,39667.41,46031.08,0.00,0.00,0.00,-1007.43,24097.14,499.34,24123.36,24123.36,1.000,0.074,0.541,-4.062,-0.719,0.531,9776,3000.0,0,-0.9496,-0.0360,0.0050,-0.3114,36.2,-1.8,0.0
2343733,2026-09-11_09-02-41.733-240,v5.1.3,3.43,12.0,200,1191,1268,3501,579,2950,3731,15553.80,15558.37,45479.75,14480.55,39731.90,46056.03,0.00,0.00,0.00,-1073.25,24173.54,576.29,24204.21,24204.21,1.003,0.075,0.543,-4.250,-0.875,0.578,9776,3000.0,0,-0.9496,-0.0358,0.0049,-0.3114,36.3,-1.8,0.0
2343775,2026-09-11_09-02-41.775-240,v5.1.3,3.43,12.0,200,1185,1283,3495,579,2943,3737,15472.80,15759.20,45399.48,14496.84,39642.75,46134.58,0.00,0.00,0.00,-975.96,23883.55,735.10,23914.79,23914.79,1.006,0.078,0.536,-3.828,-0.422,0.266,9776,3000.0,0,-0.9493,-0.0366,0.0045,-0.3122,36.3,-1.8,0.0
2343808,2026-09-11_09-02-41.808-240,v5.1.3,3.43,12.0,200,1182,1267,3504,577,2953,3727,15434.83,15545.74,45518.97,14444.05,39769.17,46008.36,0.00,0.00,0.00,-990.78,24223.43,489.39,24248.62,24248.62,1.003,0.079,0.538,-4.344,-0.531,0.250,9768,3000.0,0,-0.9494,-0.0365,0.0042,-0.3120,36.3,-1.8,0.0
2343836,2026-09-11_09-02-41.837-240,v5.1.3,3.43,12.0,200,1186,1268,3501,585,2950,3727,15487.65,15559.17,45479.74,14550.72,39731.57,45991.50,0.00,0.00,0.00,-936.93,24172.40,511.76,24195.96,24195.96,1.005,0.077,0.539,-4.641,-1.000,0.281,9768,3000.0,0,-0.9494,-0.0366,0.0046,-0.3120,36.3,-1.8,0.0
2343863,2026-09-11_09-02-41.863-240,v5.1.3,3.43,12.0,200,1184,1271,3499,585,2956,3726,15460.86,15599.69,45453.26,14545.95,39809.55,45977.44,0.00,0.00,0.00,-914.91,24209.86,524.18,24232.81,24232.81,1.005,0.073,0.534,-0.250,-0.766,0.156,9768,3000.0,0,-0.9493,-0.0366,0.0046,-0.3123,36.4,-1.8,0.0
2343898,2026-09-11_09-02-41.898-240,v5.1.3,3.43,12.0,200,1189,1269,3495,587,2945,3727,15527.23,15573.62,45401.41,14579.19,39666.66,45988.14,0.00,0.00,0.00,-948.03,24093.04,586.73,24118.82,24118.82,1.003,0.077,0.537,-4.141,-1.062,-0.469,9768,3000.0,0,-0.9493,-0.0369,0.0050,-0.3122,36.3,-1.9,0.0
2343920,2026-09-11_09-02-41.921-240,v5.1.3,3.43,12.0,200,1178,1268,3503,584,2949,3722,15381.80,15559.88,45505.80,14526.88,39716.43,45929.60,0.00,0.00,0.00,-854.92,24156.55,423.80,24175.39,24175.39,1.006,0.076,0.537,-3.844,-0.469,-0.016,9768,3000.0,0,-0.9493,-0.0367,0.0051,-0.3121,36.3,-1.9,0.0
2343948,2026-09-11_09-02-41.948-240,v5.1.3,3.43,12.0,200,1187,1272,3496,583,2949,3731,15500.44,15613.29,45414.03,14533.67,39719.63,46047.50,0.00,0.00,0.00,-966.77,24106.34,633.47,24134.04,24134.04,1.005,0.081,0.535,-3.875,-0.531,0.406,9773,3000.0,0,-0.9494,-0.0368,0.0050,-0.3120,36.3,-1.9,0.0
2343975,2026-09-11_09-02-42.976-240,v5.1.3,3.43,12.0,200,1187,1266,3481,578,2953,3722,15501.06,15538.34,45219.36,14446.13,39767.48,45941.89,0.00,0.00,0.00,-1054.93,24229.14,722.53,24262.86,24262.86,1.005,0.077,0.535,-4.156,-0.906,0.391,9773,3000.0,0,-0.9494,-0.0368,0.0049,-0.3119,36.3,-1.9,0.0
2343999,2026-09-11_09-02-42.000-240,v5.1.3,3.43,12.0,200,1186,1267,3498,583,2950,3728,15487.75,15546.82,45440.78,14526.59,39731.55,46008.73,0.00,0.00,0.00,-961.16,24184.73,567.95,24210.48,24210.48,1.007,0.072,0.538,-4.641,-0.422,0.266,9773,3000.0,0,-0.9494,-0.0365,0.0048,-0.3118,36.3,-1.8,0.0
2344033,2026-09-11_09-02-42.033-240,v5.1.3,3.43,12.0,200,1186,1275,3498,586,2949,3729,15486.89,15652.50,45439.68,14568.76,39719.46,46015.23,0.00,0.00,0.00,-918.14,24066.96,575.55,24091.35,24091.35,1.008,0.078,0.538,-3.844,-0.609,-0.469,9773,3000.0,0,-0.9495,-0.0364,0.0047,-0.3117,36.3,-1.8,0.0
2344058,2026-09-11_09-02-42.059-240,v5.1.3,3.43,12.0,200,1186,1268,3499,585,2950,3729,15487.64,15559.74,45453.68,14555.16,39732.33,46017.21,0.00,0.00,0.00,-932.49,24172.58,563.54,24197.12,24197.12,1.009,0.079,0.533,-4.375,-0.688,-0.266,9773,3000.0,0,-0.9495,-0.0365,0.0048,-0.3116,36.3,-1.8,0.0
2344083,2026-09-11_09-02-42.083-240,v5.1.3,3.43,12.0,200,1187,1278,3493,579,2956,3738,15499.79,15693.41,45374.11,14493.53,39812.89,46144.82,0.00,0.00,0.00,-1006.26,24119.48,770.71,24152.76,24152.76,1.004,0.067,0.538,-4.188,-0.766,0.188,9774,3000.0,0,-0.9495,-0.0361,0.0048,-0.3116,36.3,-1.8,0.0
2344118,2026-09-11_09-02-42.118-240,v5.1.3,3.43,12.0,200,1193,1269,3500,582,2946,3727,15580.16,15571.54,45466.58,14512.90,39678.74,45998.86,0.00,0.00,0.00,-1067.26,24107.20,532.28,24136.68,24136.68,1.005,0.082,0.534,-4.359,-0.688,0.281,9774,3000.0,0,-0.9495,-0.0365,0.0046,-0.3116,36.3,-1.8,0.0
2344141,2026-09-11_09-02-42.141-240,v5.1.3,3.43,12.0,200,1181,1264,3503,578,2954,3719,15421.92,15506.55,45506.35,14439.05,39779.41,45903.12,0.00,0.00,0.00,-982.87,24272.86,396.77,24295.99,24295.99,1.007,0.068,0.536,-4.156,-1.125,0.266,9774,3000.0,0,-0.9495,-0.0364,0.0046,-0.3115,36.3,-1.8,0.0
2344187,2026-09-11_09-02-42.188-240,v5.1.3,3.43,12.0,200,1185,1270,3505,575,2950,3740,15474.21,15584.60,45531.60,14447.83,39734.51,46180.48,0.00,0.00,0.00,-1026.38,24149.91,648.88,24180.42,24180.42,1.003,0.080,0.540,-3.656,-0.781,-0.328,9774,3000.0,0,-0.9495,-0.0364,0.0050,-0.3115,36.3,-1.8,0.0
2344211,2026-09-11_09-02-42.212-240,v5.1.3,3.43,12.0,200,1185,1269,3496,588,2951,3730,15474.30,15573.98,45414.44,14596.47,39746.35,46023.32,0.00,0.00,0.00,-877.83,24172.37,608.88,24195.97,24195.97,1.004,0.078,0.535,-4.047,-0.750,0.266,9774,3000.0,0,-0.9495,-0.0365,0.0053,-0.3114,36.3,-1.9,0.0
2344238,2026-09-11_09-02-42.238-240,v5.1.3,3.43,12.0,200,1184,1271,3501,587,2950,3733,15460.86,15599.12,45479.33,14590.38,39734.23,46064.28,0.00,0.00,0.00,-870.48,24135.11,584.95,24157.88,24157.88,1.005,0.077,0.533,-4.156,-0.641,0.688,9773,3000.0,0,-0.9496,-0.0366,0.0052,-0.3114,36.3,-1.9,0.0
2344273,2026-09-11_09-02-42.273-240,v5.1.3,3.43,12.0,200,1187,1272,3500,589,2947,3725,15500.45,15612.13,45466.16,14600.25,39692.42,45957.66,0.00,0.00,0.00,-900.20,24080.29,491.50,24102.12,24102.12,1.003,0.069,0.541,-3.703,-0.844,0.062,9773,3000.0,0,-0.9496,-0.0357,0.0052,-0.3115,36.3,-1.8,0.0
2344297,2026-09-11_09-02-42.297-240,v5.1.3,3.43,12.0,200,1193,1267,3497,592,2951,3733,15580.37,15545.99,45427.75,14655.82,39748.27,46053.16,0.00,0.00,0.00,-924.54,24202.28,625.41,24228.00,24228.00,1.007,0.086,0.532,-4.000,-0.844,-0.047,9773,3000.0,0,-0.9495,-0.0364,0.0053,-0.3115,36.3,-1.9,0.0
2344328,2026-09-11_09-02-42.328-240,v5.1.3,3.43,12.0,200,1189,1269,3497,589,2949,3727,15527.23,15573.05,45427.47,14603.84,39719.29,45982.97,0.00,0.00,0.00,-923.39,24146.25,555.50,24170.28,24170.28,1.008,0.079,0.541,-4.812,-0.516,0.359,9773,3000.0,0,-0.9496,-0.0368,0.0050,-0.3114,36.2,-1.9,0.0
2344358,2026-09-11_09-02-42.358-240,v5.1.3,3.43,12.0,200,1190,1272,3504,588,2961,3726,15540.15,15610.50,45518.29,14583.34,39875.43,45969.88,0.00,0.00,0.00,-956.81,24264.93,451.59,24287.98,24287.98,1.006,0.067,0.546,-3.969,-0.734,0.125,9773,3000.0,0,-0.9496,-0.0360,0.0053,-0.3113,36.2,-1.9,0.0
2344381,2026-09-11_09-02-42.383-240,v5.1.3,3.43,12.0,200,1198,1267,3501,590,2953,3729,15646.53,15544.04,45479.89,14619.75,39772.48,46005.69,0.00,0.00,0.00,-1026.78,24228.45,525.80,24255.89,24255.89,1.001,0.077,0.539,-3.953,-0.797,0.406,9775,3000.0,0,-0.9496,-0.0360,0.0053,-0.3114,36.3,-1.9,0.0
2344418,2026-09-11_09-02-42.418-240,v5.1.3,3.43,12.0,200,1197,1265,3493,588,2950,3731,15633.50,15520.08,45375.90,14599.12,39733.67,46036.38,0.00,0.00,0.00,-1034.38,24213.59,660.48,24244.67,24244.67,1.001,0.071,0.539,-3.344,-0.766,-0.188,9775,3000.0,0,-0.9496,-0.0358,0.0055,-0.3115,36.3,-1.9,0.0
2344444,2026-09-11_09-02-42.445-240,v5.1.3,3.43,12.0,200,1199,1274,3499,590,2951,3727,15659.01,15636.92,45452.86,14616.16,39745.61,45980.38,0.00,0.00,0.00,-1042.84,24108.69,527.52,24137.00,24137.00,1.005,0.081,0.542,-3.375,-0.875,-1.234,9775,3000.0,0,-0.9496,-0.0365,0.0053,-0.3114,36.3,-1.9,0.0
2344473,2026-09-11_09-02-42.473-240,v5.1.3,3.43,12.0,200,1189,1270,3495,596,2956,3732,15527.12,15586.83,45401.27,14704.17,39813.96,46030.56,0.00,0.00,0.00,-822.95,24227.13,629.29,24249.27,24249.27,1.000,0.128,0.541,-4.250,-1.234,1.094,9775,3000.0,0,-0.9495,-0.0376,0.0050,-0.3114,36.3,-1.9,0.0
2344500,2026-09-11_09-02-42.501-240,v5.1.3,3.43,12.0,200,1188,1272,3500,595,2953,3723,15513.68,15611.97,45466.16,14672.30,39771.20,45917.64,0.00,0.00,0.00,-841.38,24159.22,451.48,24178.08,24178.08,1.000,0.055,0.539,-4.641,-0.688,0.062,9775,3000.0,0,-0.9496,-0.0369,0.0055,-0.3112,36.2,-1.9,0.0
2344523,2026-09-11_09-02-42.524-240,v5.1.3,3.43,12.0,200,1193,1274,3496,599,2956,3728,15579.62,15638.74,45413.76,14734.82,39813.04,45972.58,0.00,0.00,0.00,-844.80,24174.30,558.82,24195.51,24195.51,1.006,0.068,0.532,-4.203,-0.906,0.484,9769,3000.0,0,-0.9497,-0.0361,0.0058,-0.3112,36.2,-1.9,0.0
2344553,2026-09-11_09-02-42.553-240,v5.1.3,3.43,12.0,200,1185,1269,3496,583,2952,3727,15474.30,15573.98,45414.44,14523.52,39757.29,45995.46,0.00,0.00,0.00,-950.78,24183.32,581.03,24208.97,24208.97,1.015,0.074,0.532,-5.219,-0.609,-0.125,9769,3000.0,0,-0.9497,-0.0365,0.0059,-0.3110,36.2,-1.9,0.0
2344595,2026-09-11_09-02-42.595-240,v5.1.3,3.43,12.0,200,1187,1286,3495,592,2969,3727,15498.94,15798.51,45399.07,14634.85,39981.06,45972.39,0.00,0.00,0.00,-864.09,24182.55,573.32,24204.77,24204.77,1.000,0.083,0.538,-3.859,-1.203,0.375,9769,3000.0,0,-0.9497,-0.0361,0.0060,-0.3111,36.2,-1.9,0.0
2344623,2026-09-11_09-02-42.623-240,v5.1.3,3.43,12.0,200,1194,1268,3499,589,2960,3728,15593.49,15558.46,45453.68,14601.38,39863.32,45993.61,0.00,0.00,0.00,-992.12,24304.85,539.93,24331.09,24331.09,1.005,0.086,0.543,-4.594,-0.953,0.406,9769,3000.0,0,-0.9497,-0.0369,0.0056,-0.3110,36.2,-1.9,0.0
2344653,2026-09-11_09-02-42.653-240,v5.1.3,3.43,12.0,200,1186,1267,3493,592,2948,3735,15487.74,15548.26,45375.62,14661.54,39709.84,46079.48,0.00,0.00,0.00,-826.20,24161.58,703.86,24185.95,24185.95,1.003,0.078,0.543,-4.500,-0.438,0.109,9771,3000.0,0,-0.9497,-0.0366,0.0052,-0.3110,36.2,-1.9,0.0
2344675,2026-09-11_09-02-42.676-240,v5.1.3,3.43,12.0,200,1186,1269,3502,592,2950,3731,15487.54,15572.09,45492.64,14651.81,39734.45,46027.64,0.00,0.00,0.00,-835.73,24162.36,535.00,24182.73,24182.73,1.011,0.062,0.540,-3.891,-0.844,-0.094,9771,3000.0,0,-0.9497,-0.0360,0.0054,-0.3110,36.2,-1.9,0.0
2344704,2026-09-11_09-02-42.705-240,v5.1.3,3.43,12.0,200,1192,1267,3498,582,2961,3735,15567.14,15545.86,45440.79,14524.27,39877.65,46098.70,0.00,0.00,0.00,-1042.87,24331.79,657.91,24363.01,24363.01,0.999,0.077,0.537,-3.422,-0.875,-0.359,9771,3000.0,0,-0.9497,-0.0358,0.0054,-0.3111,36.2,-1.9,0.0
2344728,2026-09-11_09-02-42.729-240,v5.1.3,3.43,12.0,200,1188,1269,3500,590,2951,3728,15514.00,15572.35,45466.57,14618.38,39745.99,45993.24,0.00,0.00,0.00,-895.62,24173.64,526.67,24195.96,24195.96,1.005,0.087,0.541,-4.344,-1.203,0.250,9771,3000.0,0,-0.9497,-0.0366,0.0052,-0.3111,36.2,-1.9,0.0
2344749,2026-09-11_09-02-42.750-240,v5.1.3,3.43,12.0,200,1183,1274,3494,592,2951,3727,15447.30,15640.92,45387.68,14642.51,39746.00,45976.02,0.00,0.00,0.00,-804.79,24105.08,588.33,24125.68,24125.68,1.003,0.068,0.535,-4.219,-0.688,0.203,9771,3000.0,0,-0.9497,-0.0363,0.0053,-0.3110,36.2,-1.9,0.0
2344778,2026-09-11_09-02-42.778-240,v5.1.3,3.43,12.0,200,1187,1267,3501,593,2946,3725,15500.99,15545.80,45479.88,14653.37,39680.14,45949.12,0.00,0.00,0.00,-847.61,24134.34,469.24,24153.78,24153.78,1.007,0.083,0.536,-4.062,-0.469,0.406,9771,3000.0,0,-0.9497,-0.0364,0.0051,-0.3111,36.2,-1.9,0.0
2344809,2026-09-11_09-02-42.809-240,v5.1.3,3.43,12.0,200,1190,1271,3495,604,2957,3730,15540.24,15599.88,45401.14,14804.70,39827.84,45987.18,0.00,0.00,0.00,-735.54,24227.96,586.04,24246.20,24246.20,1.007,0.071,0.536,-4.750,-0.859,0.328,9783,3000.0,0,-0.9497,-0.0368,0.0050,-0.3110,36.2,-1.9,0.0
2344833,2026-09-11_09-02-42.833-240,v5.1.3,3.43,12.0,200,1198,1266,3496,590,2956,3735,15646.63,15532.26,45414.86,14631.79,39813.92,46082.23,0.00,0.00,0.00,-1014.84,24281.66,667.37,24312.02,24312.02,1.006,0.064,0.540,-3.953,-1.172,-0.141,9783,3000.0,0,-0.9497,-0.0361,0.0051,-0.3110,36.2,-1.8,0.0
2344863,2026-09-11_09-02-42.863-240,v5.1.3,3.43,12.0,200,1190,1267,3497,578,2954,3726,15540.67,15546.47,45427.75,14454.58,39782.05,45993.12,0.00,0.00,0.00,-1086.09,24235.59,565.37,24266.50,24266.50,1.001,0.095,0.534,-3.891,-0.859,-0.016,9783,3000.0,0,-0.9497,-0.0369,0.0048,-0.3110,36.2,-1.8,0.0
2344886,2026-09-11_09-02-42.887-240,v5.1.3,3.43,12.0,200,1189,1274,3497,584,2948,3732,15526.69,15639.10,45426.79,14549.49,39707.14,46058.37,0.00,0.00,0.00,-977.20,24068.04,631.59,24096.15,24096.15,1.003,0.067,0.539,-4.422,-0.328,0.562,9783,3000.0,0,-0.9497,-0.0368,0.0047,-0.3110,36.2,-1.8,0.0
2344918,2026-09-11_09-02-42.918-240,v5.1.3,3.43,12.0,200,1184,1273,3501,590,2958,3726,15460.65,15625.54,45479.05,14610.96,39836.64,45966.12,0.00,0.00,0.00,-849.68,24211.11,487.07,24230.91,24230.91,1.005,0.076,0.539,-3.312,-0.359,0.000,9783,3000.0,0,-0.9497,-0.0363,0.0048,-0.3111,36.2,-1.8,0.0
2344950,2026-09-11_09-02-42.950-240,v5.1.3,3.43,12.0,200,1190,1273,3495,592,2948,3730,15540.03,15626.30,45400.86,14650.44,39707.95,46015.19,0.00,0.00,0.00,-889.58,24081.65,614.33,24105.91,24105.91,1.003,0.100,0.536,-5.000,-1.016,0.953,9775,3000.0,0,-0.9497,-0.0375,0.0044,-0.3110,36.2,-1.8,0.0
2344988,2026-09-11_09-02-43.988-240,v5.1.3,3.43,12.0,200,1189,1271,3500,584,2954,3729,15527.02,15598.60,45466.30,14540.28,39784.36,46018.59,0.00,0.00,0.00,-986.74,24185.76,552.29,24212.18,24212.18,1.006,0.047,0.539,-4.188,-0.812,0.078,9775,3000.0,0,-0.9497,-0.0358,0.0050,-0.3110,36.2,-1.8,0.0
2345023,2026-09-11_09-02-43.023-240,v5.1.3,3.43,12.0,200,1199,1271,3497,579,2954,3727,15659.33,15597.86,45427.21,14469.97,39782.62,46003.80,0.00,0.00,0.00,-1189.35,24184.76,576.59,24220.85,24220.85,1.007,0.102,0.540,-4.281,-1.062,0.109,9775,3000.0,0,-0.9497,-0.0373,0.0044,-0.3109,36.2,-1.8,0.0
2345046,2026-09-11_09-02-43.047-240,v5.1.3,3.43,12.0,200,1196,1262,3497,591,2957,3732,15620.60,15479.46,45428.45,14637.88,39826.04,46041.27,0.00,0.00,0.00,-982.72,24346.59,612.83,24374.12,24374.12,1.003,0.066,0.538,-4.906,-1.000,0.719,9775,3000.0,0,-0.9497,-0.0372,0.0045,-0.3109,36.2,-1.8,0.0
2345073,2026-09-11_09-02-43.073-240,v5.1.3,3.43,12.0,200,1194,1272,3501,594,2950,3726,15593.07,15610.73,45479.20,14667.06,39732.96,45958.99,0.00,0.00,0.00,-926.00,24122.23,479.79,24144.77,24144.77,1.006,0.057,0.539,-3.500,-1.078,-0.281,9775,3000.0,0,-0.9497,-0.0362,0.0049,-0.3109,36.2,-1.8,0.0
2345105,2026-09-11_09-02-43.106-240,v5.1.3,3.43,12.0,200,1189,1273,3505,593,2957,3728,15526.81,15623.58,45531.19,14655.35,39824.93,45985.48,0.00,0.00,0.00,-871.46,24201.34,454.29,24221.29,24221.29,1.004,0.095,0.545,-4.625,-1.031,0.531,9773,3000.0,0,-0.9497,-0.0374,0.0045,-0.3109,36.2,-1.8,0.0
2345128,2026-09-11_09-02-43.128-240,v5.1.3,3.43,12.0,200,1189,1271,3499,579,2956,3731,15527.02,15598.89,45453.27,14478.00,39810.25,46054.82,0.00,0.00,0.00,-1049.02,24211.36,601.55,24241.54,24241.54,1.002,0.068,0.541,-4.391,-0.688,-0.188,9773,3000.0,0,-0.9497,-0.0369,0.0047,-0.3108,36.2,-1.8,0.0
2345163,2026-09-11_09-02-43.163-240,v5.1.3,3.43,12.0,200,1193,1268,3499,591,2951,3734,15580.26,15558.62,45453.68,14644.87,39748.45,46068.20,0.00,0.00,0.00,-935.39,24189.82,614.52,24215.70,24215.70,1.003,0.084,0.542,-3.766,-0.969,-0.062,9773,3000.0,0,-0.9497,-0.0370,0.0047,-0.3109,36.2,-1.8,0.0
2345188,2026-09-11_09-02-43.189-240,v5.1.3,3.43,12.0,200,1189,1271,3497,585,2950,3726,15527.01,15599.47,45427.20,14548.50,39731.20,45978.64,0.00,0.00,0.00,-978.51,24131.73,551.45,24157.86,24157.86,1.008,0.079,0.543,-4.859,-0.875,0.281,9773,3000.0,0,-0.9497,-0.0373,0.0047,-0.3109,36.2,-1.8,0.0
2345218,2026-09-11_09-02-43.218-240,v5.1.3,3.43,12.0,200,1182,1271,3495,585,2955,3728,15434.39,15601.16,45401.13,14550.81,39797.24,46003.35,0.00,0.00,0.00,-883.58,24196.08,602.22,24219.70,24219.70,1.007,0.068,0.541,-4.250,-0.797,0.219,9773,3000.0,0,-0.9497,-0.0364,0.0050,-0.3109,36.2,-1.8,0.0
2345249,2026-09-11_09-02-43.249-240,v5.1.3,3.43,12.0,200,1186,1269,3496,598,2951,3724,15487.53,15573.82,45414.44,14714.89,39746.05,45924.34,0.00,0.00,0.00,-772.64,24172.23,509.90,24189.95,24189.95,1.000,0.080,0.542,-4.234,-0.828,0.078,9777,3000.0,0,-0.9497,-0.0370,0.0046,-0.3109,36.2,-1.8,0.0
2345273,2026-09-11_09-02-43.273-240,v5.1.3,3.43,12.0,200,1184,1273,3493,586,2949,3730,15460.64,15627.84,45374.79,14570.98,39719.84,46028.09,0.00,0.00,0.00,-889.66,24092.00,653.30,24117.28,24117.28,1.005,0.072,0.542,-4.453,-0.766,0.922,9777,3000.0,0,-0.9498,-0.0367,0.0047,-0.3108,36.2,-1.8,0.0
2345303,2026-09-11_09-02-43.303-240,v5.1.3,3.43,12.0,200,1188,1269,3494,596,2961,3731,15513.99,15574.07,45388.38,14699.83,39878.89,46016.70,0.00,0.00,0.00,-814.17,24304.82,628.32,24326.56,24326.56,0.999,0.083,0.541,-3.891,-0.766,0.703,9777,3000.0,0,-0.9497,-0.0367,0.0046,-0.3108,36.2,-1.8,0.0
2345327,2026-09-11_09-02-43.327-240,v5.1.3,3.43,12.0,200,1188,1272,3495,589,2953,3734,15513.67,15613.41,45401.00,14617.67,39774.16,46072.16,0.00,0.00,0.00,-896.00,24160.75,671.16,24186.67,24186.67,1.005,0.073,0.540,-4.312,-0.859,0.781,9777,3000.0,0,-0.9497,-0.0366,0.0048,-0.3109,36.2,-1.8,0.0
2345368,2026-09-11_09-02-43.368-240,v5.1.3,3.43,12.0,200,1182,1273,3499,591,2951,3730,15434.18,15626.43,45452.98,14635.99,39746.94,46016.77,0.00,0.00,0.00,-798.19,24120.51,563.79,24140.29,24140.29,1.005,0.083,0.537,-4.031,-1.250,0.688,9777,3000.0,0,-0.9497,-0.0370,0.0047,-0.3110,36.2,-1.8,0.0
2345399,2026-09-11_09-02-43.400-240,v5.1.3,3.43,12.0,200,1187,1270,3499,595,2988,3724,15500.66,15586.00,45453.40,14659.63,40228.64,45923.45,0.00,0.00,0.00,-841.03,24642.63,470.04,24661.46,24661.46,0.999,0.119,0.556,-3.734,-0.344,1.281,9771,3000.0,0,-0.9496,-0.0374,0.0048,-0.3111,36.2,-1.9,0.0
2345423,2026-09-11_09-02-43.423-240,v5.1.3,3.43,12.0,200,1192,1268,3495,589,3052,3726,15567.03,15559.93,45401.55,14557.80,41063.98,45949.37,0.00,0.00,0.00,-1009.23,25504.04,547.82,25529.88,25529.88,1.019,0.015,0.544,-5.547,-0.562,0.453,9771,3000.0,0,-0.9497,-0.0372,0.0051,-0.3108,36.2,-1.9,0.0
2345458,2026-09-11_09-02-43.458-240,v5.1.3,3.43,12.0,200,1181,1275,3497,568,3185,3712,15420.74,15653.59,45426.64,14193.50,42791.40,45788.45,0.00,0.00,0.00,-1227.24,27137.82,361.80,27167.96,27167.96,1.000,0.097,0.563,-3.219,-0.828,0.000,9771,3000.0,0,-0.9497,-0.0371,0.0051,-0.3110,36.2,-1.9,0.0
2345482,2026-09-11_09-02-43.483-240,v5.1.3,3.43,12.0,200,1189,1265,3498,557,3346,3712,15527.66,15519.92,45441.06,13980.09,44891.72,45780.05,0.00,0.00,0.00,-1547.57,29371.80,338.99,29414.49,29414.49,0.991,0.079,0.561,-5.156,-0.938,0.297,9771,3000.0,0,-0.9497,-0.0375,0.0049,-0.3108,36.2,-1.9,0.0
2345509,2026-09-11_09-02-43.510-240,v5.1.3,3.43,12.0,200,1175,1256,3489,551,3554,3705,15343.37,15405.87,45324.99,13797.02,47604.13,45661.27,0.00,0.00,0.00,-1546.35,32198.27,336.28,32237.13,32237.13,1.001,0.051,0.567,-3.859,-0.734,0.484,9771,3000.0,0,-0.9497,-0.0367,0.0052,-0.3108,36.2,-1.9,0.0
2345539,2026-09-11_09-02-43.540-240,v5.1.3,3.43,12.0,200,1207,1276,3497,543,3841,3694,15764.64,15662.63,45426.53,13545.12,51346.30,45479.52,0.00,0.00,0.00,-2219.52,35683.66,52.99,35752.66,35752.66,0.998,0.118,0.567,-4.188,-0.906,0.062,9781,3000.0,0,-0.9497,-0.0378,0.0051,-0.3109,36.2,-1.9,0.0
2345563,2026-09-11_09-02-43.563-240,v5.1.3,3.43,12.0,200,1198,1283,3496,500,4169,3680,15644.81,15756.83,45412.53,12808.04,55615.88,45327.36,0.00,0.00,0.00,-2836.77,39859.05,-85.16,39959.96,39959.96,0.999,0.058,0.541,-5.188,0.625,0.016,9781,3000.0,0,-0.9497,-0.0375,0.0054,-0.3108,36.2,-1.9,0.0
2345598,2026-09-11_09-02-43.598-240,v5.1.3,3.43,12.0,200,1188,1272,3500,462,4693,3652,15513.68,15611.97,45466.16,12022.37,62440.70,44944.83,0.00,0.00,0.00,-3491.31,46828.72,-521.33,46961.58,46961.58,0.993,0.089,0.564,-2.891,-0.906,-0.031,9781,3000.0,0,-0.9497,-0.0372,0.0055,-0.3110,36.2,-1.9,0.0
2345621,2026-09-11_09-02-43.623-240,v5.1.3,3.43,12.0,200,1184,1280,3503,427,5280,3604,15459.90,15717.43,45504.16,11205.04,70081.27,44285.92,0.00,0.00,0.00,-4254.87,54363.84,-1218.24,54543.69,54543.69,0.998,0.106,0.555,-4.531,-0.484,0.312,9781,3000.0,0,-0.9497,-0.0381,0.0052,-0.3109,36.2,-1.9,0.0
2345648,2026-09-11_09-02-43.648-240,v5.1.3,3.43,12.0,200,1192,1278,3507,371,5859,3561,15565.97,15688.58,45556.57,10125.55,77615.11,43738.76,0.00,0.00,0.00,-5440.42,61926.53,-1817.81,62191.62,62191.62,1.008,0.049,0.537,-4.516,-0.297,0.422,9781,3000.0,0,-0.9497,-0.0370,0.0058,-0.3108,36.2,-2.0,0.0
2345682,2026-09-11_09-02-43.683-240,v5.1.3,3.43,12.0,200,1159,1277,3497,250,6895,3486,15129.43,15683.53,45426.34,7924.34,91092.05,42830.08,0.00,0.00,0.00,-7205.10,75408.52,-2596.27,75796.43,75796.43,0.996,0.096,0.547,-4.125,-0.531,-0.047,9773,3000.0,0,-0.9498,-0.0374,0.0058,-0.3107,36.2,-2.0,0.0
2345704,2026-09-11_09-02-43.705-240,v5.1.3,3.43,12.0,200,1209,1281,3500,129,7958,3398,15790.57,15727.49,45464.95,5682.79,104916.66,41748.82,0.00,0.00,0.00,-10107.78,89189.17,-3716.13,89836.99,89836.99,1.013,0.065,0.539,-4.797,-0.781,0.156,9773,3000.0,0,-0.9498,-0.0375,0.0061,-0.3106,36.2,-2.0,0.0
2345733,2026-09-11_09-02-43.735-240,v5.1.3,3.43,12.0,200,1194,1276,3502,29,9159,3278,15592.64,15663.28,45491.68,3588.17,120535.46,40182.49,0.00,0.00,0.00,-12004.47,104872.18,-5309.20,105690.44,105690.44,1.014,0.062,0.541,-3.906,-0.781,0.109,9773,3000.0,0,-0.9498,-0.0366,0.0060,-0.3107,36.2,-2.0,0.0
2345787,2026-09-11_09-02-43.787-240,v5.1.3,3.43,12.0,200,1188,1279,3510,-549,12964,2876,15512.94,15701.57,45595.53,-6537.15,169959.36,35509.84,0.00,0.00,0.00,-22050.09,154257.80,-10085.69,156151.84,156151.84,1.016,0.073,0.541,-4.859,-0.500,-0.172,9773,3000.0,0,-0.9499,-0.0379,0.0058,-0.3103,36.1,-2.0,0.0
2346261,2026-09-11_09-02-44.261-240,v5.1.3,3.43,12.0,200,1190,1290,3497,-966,149,-37136,15538.21,15850.29,45424.59,-95368.32,-12558.33,-475437.25,0.00,0.00,0.00,-110906.53,-28408.62,-520861.84,533295.75,533295.75,1.005,0.088,0.535,-4.547,-1.000,0.203,9769,3000.0,0,-0.9494,-0.0511,-0.0093,-0.3097,36.1,-0.8,0.0
2346403,2026-09-11_09-02-44.404-240,v5.1.3,3.43,12.0,200,1188,1292,3501,-38,-60,-2209,15511.54,15875.88,45476.44,-5548.41,-1935.91,-28361.83,0.00,0.00,0.00,-21059.95,-17811.79,-73838.27,78821.77,78821.77,1.007,0.092,0.542,-4.281,-1.188,0.172,9772,3000.0,0,-0.9499,-0.0459,-0.0048,-0.3091,36.0,-1.1,0.0
2346430,2026-09-11_09-02-44.431-240,v5.1.3,3.43,12.0,200,1187,1300,3498,-31,-61,-1239,15497.44,15982.58,45436.24,-3303.26,-1581.84,-15905.54,0.00,0.00,0.00,-18800.71,-17564.42,-61341.78,66519.09,66519.09,1.000,0.072,0.545,-4.422,-1.031,0.250,9772,3000.0,0,-0.9500,-0.0448,-0.0042,-0.3090,36.0,-1.1,0.0
2346463,2026-09-11_09-02-44.463-240,v5.1.3,3.43,12.0,200,1193,1291,3496,-28,-60,-762,15577.79,15863.31,45411.42,-2205.67,-1388.33,-9779.46,0.00,0.00,0.00,-17783.46,-17251.64,-55190.88,60497.14,60497.14,0.997,0.083,0.539,-3.766,-0.812,0.312,9772,3000.0,0,-0.9500,-0.0437,-0.0033,-0.3090,36.0,-1.2,0.0
2346486,2026-09-11_09-02-44.487-240,v5.1.3,3.43,12.0,200,1193,1286,3498,-26,-62,-636,15578.33,15796.68,45438.18,-1898.87,-1366.55,-8163.43,0.00,0.00,0.00,-17477.20,-17163.23,-53601.61,58933.53,58933.53,1.010,0.067,0.542,-3.500,-0.969,-0.109,9772,3000.0,0,-0.9501,-0.0430,-0.0025,-0.3090,36.0,-1.2,0.0
2346518,2026-09-11_09-02-44.518-240,v5.1.3,3.43,12.0,200,1195,1299,3496,-26,-63,-633,15603.40,15968.66,45410.32,-1891.78,-1378.48,-8124.66,0.00,0.00,0.00,-17495.18,-17347.14,-53534.98,58932.15,58932.15,1.009,0.088,0.545,-4.203,-0.578,0.797,9772,3000.0,0,-0.9501,-0.0425,-0.0017,-0.3090,36.0,-1.3,0.0
2346547,2026-09-11_09-02-44.548-240,v5.1.3,3.43,12.0,200,1187,1290,3496,-24,-62,-632,15498.51,15851.06,45411.55,-1863.64,-1364.65,-8116.37,0.00,0.00,0.00,-17362.15,-17215.71,-53527.92,58847.79,58847.79,1.010,0.056,0.537,-4.484,-1.109,-0.125,9775,3000.0,0,-0.9502,-0.0411,-0.0011,-0.3088,35.9,-1.3,0.0
2346570,2026-09-11_09-02-44.571-240,v5.1.3,3.43,12.0,200,1193,1290,3501,-21,-55,-634,15577.91,15848.66,45476.72,-1831.54,-1273.40,-8150.04,0.00,0.00,0.00,-17409.44,-17122.06,-53626.77,58924.39,58924.39,1.001,0.075,0.542,-4.203,-0.938,0.531,9775,3000.0,0,-0.9503,-0.0403,-0.0005,-0.3088,35.9,-1.4,0.0
2346603,2026-09-11_09-02-44.603-240,v5.1.3,3.43,12.0,200,1196,1291,3496,-26,-62,-636,15617.49,15862.82,45411.42,-1898.87,-1366.55,-8163.43,0.00,0.00,0.00,-17516.35,-17229.37,-53574.85,58940.13,58940.13,1.002,0.079,0.542,-4.156,-1.188,0.594,9775,3000.0,0,-0.9503,-0.0399,0.0002,-0.3087,35.9,-1.4,0.0
2346628,2026-09-11_09-02-44.629-240,v5.1.3,3.43,12.0,200,1192,1295,3499,-25,-64,-631,15564.14,15915.44,45449.97,-1873.75,-1390.58,-8100.93,0.00,0.00,0.00,-17437.88,-17306.03,-53550.89,58917.54,58917.54,1.002,0.067,0.543,-3.969,-0.953,0.062,9775,3000.0,0,-0.9504,-0.0390,0.0007,-0.3087,35.9,-1.5,0.0
2346658,2026-09-11_09-02-44.658-240,v5.1.3,3.43,12.0,200,1192,1295,3500,-24,-64,-628,15564.14,15915.16,45463.00,-1853.92,-1389.26,-8064.54,0.00,0.00,0.00,-17418.05,-17304.41,-53527.54,58889.97,58889.97,1.003,0.090,0.543,-4.094,-0.844,0.500,9775,3000.0,0,-0.9503,-0.0391,0.0012,-0.3087,35.9,-1.5,0.0
2346689,2026-09-11_09-02-44.690-240,v5.1.3,3.43,12.0,200,1193,1288,3494,-25,-63,-632,15578.11,15824.25,45385.77,-1876.39,-1377.90,-8113.98,0.00,0.00,0.00,-17454.50,-17202.16,-53499.75,58845.54,58845.54,1.002,0.073,0.540,-4.547,-0.844,0.234,9779,3000.0,0,-0.9504,-0.0384,0.0018,-0.3087,35.9,-1.5,0.0
2346714,2026-09-11_09-02-44.714-240,v5.1.3,3.43,12.0,200,1192,1289,3499,-26,-56,-629,15564.78,15836.18,45450.79,-1885.89,-1285.56,-8074.64,0.00,0.00,0.00,-17450.67,-17121.74,-53525.43,58844.30,58844.30,1.004,0.074,0.543,-3.625,-1.125,-0.281,9779,3000.0,0,-0.9504,-0.0379,0.0022,-0.3088,35.9,-1.6,0.0
2346763,2026-09-11_09-02-44.763-240,v5.1.3,3.43,12.0,200,1193,1291,3499,-23,-63,-650,15577.80,15862.44,45450.52,-1889.99,-1384.30,-8349.78,0.00,0.00,0.00,-17467.78,-17246.74,-53800.30,59135.82,59135.82,1.006,0.073,0.537,-4.234,-1.266,0.375,9779,3000.0,0,-0.9504,-0.0375,0.0029,-0.3088,35.9,-1.6,0.0
2346786,2026-09-11_09-02-44.787-240,v5.1.3,3.43,12.0,200,1192,1291,3497,-25,-63,-688,15564.56,15863.18,45424.45,-2000.66,-1399.02,-8833.98,0.00,0.00,0.00,-17565.22,-17262.20,-54258.43,59586.05,59586.05,1.005,0.083,0.532,-4.047,-0.656,0.828,9779,3000.0,0,-0.9504,-0.0374,0.0033,-0.3089,35.9,-1.7,0.0
2346818,2026-09-11_09-02-44.818-240,v5.1.3,3.43,12.0,200,1192,1294,3498,-23,-61,-694,15564.24,15902.52,45437.07,-1988.48,-1374.77,-8915.89,0.00,0.00,0.00,-17552.72,-17277.29,-54352.97,59672.84,59672.84,1.007,0.076,0.534,-4.328,-0.797,-0.047,9783,3000.0,0,-0.9504,-0.0371,0.0036,-0.3088,35.9,-1.7,0.0
2346849,2026-09-11_09-02-44.849-240,v5.1.3,3.43,12.0,200,1186,1295,3497,-24,-63,-695,15484.75,15916.98,45423.89,-2003.02,-1401.46,-8926.16,0.00,0.00,0.00,-17487.77,-17318.44,-54350.06,59663.05,59663.05,1.005,0.081,0.540,-4.188,-0.703,0.750,9783,3000.0,0,-0.9504,-0.0372,0.0041,-0.3088,35.9,-1.8,0.0
2346873,2026-09-11_09-02-44.873-240,v5.1.3,3.43,12.0,200,1190,1288,3501,-29,-53,-696,15538.43,15822.72,45477.00,-2075.36,-1272.23,-8930.12,0.00,0.00,0.00,-17613.79,-17094.95,-54407.11,59687.66,59687.66,1.006,0.072,0.531,-4.156,-1.031,0.375,9783,3000.0,0,-0.9504,-0.0369,0.0044,-0.3088,35.9,-1.8,0.0
2346903,2026-09-11_09-02-44.903-240,v5.1.3,3.43,12.0,200,1190,1293,3500,-27,-62,-695,15537.89,15889.06,45463.27,-2042.97,-1388.99,-8919.82,0.00,0.00,0.00,-17580.86,-17278.05,-54383.09,59708.78,59708.78,1.006,0.073,0.537,-5.000,-0.500,-0.781,9783,3000.0,0,-0.9505,-0.0368,0.0043,-0.3085,35.9,-1.8,0.0
2346927,2026-09-11_09-02-44.928-240,v5.1.3,3.43,12.0,200,1188,1289,3498,-25,-65,-693,15511.85,15837.11,45437.76,-2010.90,-1427.02,-8897.86,0.00,0.00,0.00,-17522.76,-17264.13,-54335.62,59644.42,59644.42,1.006,0.076,0.536,-4.156,-0.781,1.031,9783,3000.0,0,-0.9505,-0.0366,0.0046,-0.3086,35.9,-1.8,0.0
2346958,2026-09-11_09-02-44.958-240,v5.1.3,3.43,12.0,200,1189,1289,3508,-26,-63,-695,15525.10,15834.08,45568.09,-2029.37,-1401.85,-8921.80,0.00,0.00,0.00,-17554.47,-17235.93,-54489.88,59786.15,59786.15,1.006,0.079,0.536,-3.875,-1.344,-0.219,9790,3000.0,0,-0.9505,-0.0368,0.0045,-0.3086,35.9,-1.8,0.0
2346990,2026-09-11_09-02-45.990-240,v5.1.3,3.43,12.0,200,1193,1289,3496,-27,-63,-696,15578.01,15836.89,45411.70,-2044.76,-1402.43,-8932.47,0.00,0.00,0.00,-17622.77,-17239.31,-54344.16,59674.48,59674.48,1.002,0.074,0.539,-4.734,-0.344,0.641,9790,3000.0,0,-0.9505,-0.0364,0.0048,-0.3086,35.9,-1.8,0.0
2347012,2026-09-11_09-02-45.013-240,v5.1.3,3.43,12.0,200,1188,1286,3502,-25,-63,-694,15512.18,15796.33,45490.30,-2013.97,-1401.28,-8911.12,0.00,0.00,0.00,-17526.16,-17197.62,-54401.42,59686.17,59686.17,1.004,0.077,0.534,-4.812,-0.656,0.562,9790,3000.0,0,-0.9505,-0.0364,0.0049,-0.3085,35.9,-1.8,0.0
2347045,2026-09-11_09-02-45.046-240,v5.1.3,3.43,12.0,200,1184,1294,3501,-26,-65,-694,15458.40,15902.94,45476.16,-2026.30,-1427.59,-8908.54,0.00,0.00,0.00,-17484.69,-17330.53,-54384.70,59697.22,59697.22,1.004,0.077,0.538,-4.203,-0.797,0.484,9790,3000.0,0,-0.9505,-0.0365,0.0049,-0.3085,35.9,-1.8,0.0
2347072,2026-09-11_09-02-45.073-240,v5.1.3,3.43,12.0,200,1192,1288,3501,-27,-67,-693,15564.89,15822.40,45477.00,-2036.40,-1453.53,-8893.09,0.00,0.00,0.00,-17601.29,-17275.93,-54370.09,59702.34,59702.34,1.005,0.074,0.538,-3.797,-0.344,0.484,9790,3000.0,0,-0.9505,-0.0364,0.0051,-0.3086,35.9,-1.8,0.0
2347098,2026-09-11_09-02-45.098-240,v5.1.3,3.43,12.0,200,1191,1290,3497,-24,-70,-696,15551.44,15850.13,45424.59,-2002.26,-1493.25,-8937.61,0.00,0.00,0.00,-17553.70,-17343.38,-54362.20,59700.70,59700.70,1.005,0.080,0.535,-3.938,-0.609,0.203,9790,3000.0,0,-0.9505,-0.0368,0.0050,-0.3086,35.9,-1.8,0.0
2347146,2026-09-11_09-02-45.146-240,v5.1.3,3.43,12.0,200,1189,1288,3496,-28,-64,-694,15525.19,15824.32,45411.83,-2053.07,-1414.93,-8904.37,0.00,0.00,0.00,-17578.26,-17239.25,-54316.20,59635.86,59635.86,1.004,0.077,0.538,-4.281,-0.641,0.031,9783,3000.0,0,-0.9505,-0.0367,0.0046,-0.3086,35.9,-1.8,0.0
2347168,2026-09-11_09-02-45.169-240,v5.1.3,3.43,12.0,200,1188,1296,3505,-29,-63,-697,15511.11,15927.57,45528.02,-2073.33,-1403.20,-8940.96,0.00,0.00,0.00,-17584.44,-17330.76,-54468.98,59803.33,59803.33,1.002,0.076,0.539,-4.375,-0.719,-0.188,9783,3000.0,0,-0.9505,-0.0366,0.0046,-0.3086,35.9,-1.8,0.0
2347198,2026-09-11_09-02-45.199-240,v5.1.3,3.43,12.0,200,1191,1291,3501,-23,-62,-695,15551.34,15862.19,45476.58,-1990.27,-1388.21,-8928.55,0.00,0.00,0.00,-17541.61,-17250.39,-54405.13,59709.32,59709.32,1.004,0.077,0.540,-4.297,-1.219,-0.297,9783,3000.0,0,-0.9505,-0.0367,0.0046,-0.3085,35.9,-1.8,0.0
2347228,2026-09-11_09-02-45.229-240,v5.1.3,3.43,12.0,200,1190,1289,3498,-27,-62,-693,15538.32,15836.79,45437.76,-2038.53,-1388.24,-8894.10,0.00,0.00,0.00,-17576.84,-17225.03,-54331.86,59645.60,59645.60,1.005,0.077,0.540,-4.281,-0.797,0.062,9783,3000.0,0,-0.9505,-0.0366,0.0046,-0.3085,35.9,-1.8,0.0
2347252,2026-09-11_09-02-45.254-240,v5.1.3,3.43,12.0,200,1187,1291,3491,-30,-57,-692,15498.40,15865.71,45346.25,-2077.96,-1323.15,-8875.70,0.00,0.00,0.00,-17576.36,-17188.86,-54221.95,59534.91,59534.91,1.004,0.073,0.541,-4.141,-0.766,0.125,9770,3000.0,0,-0.9505,-0.0366,0.0045,-0.3085,35.9,-1.8,0.0
2347283,2026-09-11_09-02-45.283-240,v5.1.3,3.43,12.0,200,1189,1282,3501,-28,-63,-694,15525.84,15743.62,45477.82,-2053.50,-1401.87,-8904.57,0.00,0.00,0.00,-17579.34,-17145.49,-54382.39,59669.47,59669.47,1.005,0.076,0.542,-4.375,-0.719,0.438,9770,3000.0,0,-0.9505,-0.0365,0.0046,-0.3085,35.9,-1.8,0.0
2347308,2026-09-11_09-02-45.309-240,v5.1.3,3.43,12.0,200,1188,1292,3501,-26,-66,-696,15511.54,15875.88,45476.44,-2030.31,-1441.41,-8934.05,0.00,0.00,0.00,-17541.85,-17317.29,-54410.49,59733.63,59733.63,1.004,0.076,0.541,-4.125,-0.969,0.047,9770,3000.0,0,-0.9505,-0.0368,0.0047,-0.3085,35.9,-1.8,0.0
2347338,2026-09-11_09-02-45.338-240,v5.1.3,3.43,12.0,200,1187,1291,3501,-23,-64,-694,15498.41,15862.83,45476.58,-1987.20,-1413.95,-8915.29,0.00,0.00,0.00,-17485.61,-17276.78,-54391.87,59688.43,59688.43,1.004,0.071,0.537,-4.141,-0.594,0.062,9770,3000.0,0,-0.9505,-0.0365,0.0048,-0.3084,35.9,-1.8,0.0
2347369,2026-09-11_09-02-45.370-240,v5.1.3,3.43,12.0,200,1190,1289,3509,-27,-62,-695,15538.33,15833.63,45581.12,-2042.97,-1388.99,-8919.82,0.00,0.00,0.00,-17581.30,-17222.62,-54500.93,59800.27,59800.27,1.005,0.076,0.540,-3.734,-0.734,3.922,9770,3000.0,0,-0.9505,-0.0363,0.0051,-0.3087,35.9,-1.8,0.0
2347393,2026-09-11_09-02-45.393-240,v5.1.3,3.43,12.0,200,1192,1293,3503,-26,-63,-694,15564.36,15887.87,45502.38,-2027.15,-1401.48,-8908.94,0.00,0.00,0.00,-17591.50,-17289.35,-54411.31,59740.89,59740.89,1.005,0.078,0.539,-4.156,-0.828,0.234,9779,3000.0,0,-0.9505,-0.0363,0.0049,-0.3087,35.9,-1.8,0.0
2347428,2026-09-11_09-02-45.428-240,v5.1.3,3.43,12.0,200,1190,1288,3497,-23,-62,-693,15538.42,15823.87,45424.86,-1985.83,-1387.45,-8902.83,0.00,0.00,0.00,-17524.26,-17211.32,-54327.70,59622.38,59622.38,1.005,0.079,0.539,-4.656,-1.047,0.344,9779,3000.0,0,-0.9505,-0.0364,0.0051,-0.3086,35.9,-1.8,0.0
2347454,2026-09-11_09-02-45.455-240,v5.1.3,3.43,12.0,200,1187,1289,3478,-23,-64,-694,15498.60,15843.02,45177.10,-1987.20,-1413.95,-8915.29,0.00,0.00,0.00,-17485.80,-17256.97,-54092.39,59409.95,59409.95,1.005,0.072,0.539,-4.453,-0.703,-0.125,9779,3000.0,0,-0.9505,-0.0362,0.0052,-0.3085,35.9,-1.8,0.0
2347483,2026-09-11_09-02-45.483-240,v5.1.3,3.43,12.0,200,1196,1289,3500,-29,-63,-696,15617.71,15835.25,45463.83,-2071.11,-1402.82,-8928.10,0.00,0.00,0.00,-17688.81,-17238.07,-54391.94,59737.16,59737.16,1.007,0.076,0.537,-4.703,-0.578,-0.234,9779,3000.0,0,-0.9505,-0.0363,0.0052,-0.3084,35.9,-1.8,0.0
2347515,2026-09-11_09-02-45.515-240,v5.1.3,3.43,12.0,200,1188,1288,3497,-26,-62,-695,15511.96,15824.19,45424.86,-2029.79,-1388.80,-8922.00,0.00,0.00,0.00,-17541.75,-17212.99,-54346.86,59645.46,59645.46,1.004,0.076,0.540,-4.719,-0.859,0.094,9779,3000.0,0,-0.9506,-0.0363,0.0049,-0.3083,35.9,-1.8,0.0
2347553,2026-09-11_09-02-45.554-240,v5.1.3,3.43,12.0,200,1186,1289,3500,-22,-62,-693,15485.39,15836.86,45463.82,-1972.66,-1387.26,-8905.02,0.00,0.00,0.00,-17458.05,-17224.11,-54368.84,59644.14,59644.14,1.006,0.075,0.538,-4.469,-1.234,-0.266,9785,3000.0,0,-0.9506,-0.0362,0.0049,-0.3081,35.9,-1.8,0.0
2347583,2026-09-11_09-02-45.583-240,v5.1.3,3.43,12.0,200,1186,1288,3504,-27,-63,-694,15485.51,15822.50,45516.09,-2040.32,-1401.67,-8906.76,0.00,0.00,0.00,-17525.83,-17224.17,-54422.84,59713.25,59713.25,1.005,0.074,0.536,-4.109,-0.984,-0.172,9785,3000.0,0,-0.9506,-0.0363,0.0048,-0.3081,35.9,-1.8,0.0
2347606,2026-09-11_09-02-45.607-240,v5.1.3,3.43,12.0,200,1188,1288,3495,-26,-65,-696,15511.96,15824.77,45398.80,-2030.73,-1428.35,-8934.25,0.00,0.00,0.00,-17542.69,-17253.12,-54333.05,59644.75,59644.75,1.006,0.077,0.540,-4.234,-0.984,0.000,9785,3000.0,0,-0.9506,-0.0363,0.0047,-0.3081,35.9,-1.8,0.0
2347633,2026-09-11_09-02-45.633-240,v5.1.3,3.43,12.0,200,1191,1291,3498,-28,-64,-699,15551.33,15863.05,45437.48,-2064.17,-1416.81,-8968.66,0.00,0.00,0.00,-17615.50,-17279.87,-54406.14,59740.50,59740.50,1.006,0.073,0.536,-0.234,-0.906,0.547,9785,3000.0,0,-0.9505,-0.0363,0.0049,-0.3085,35.9,-1.8,0.0
2347665,2026-09-11_09-02-45.666-240,v5.1.3,3.43,12.0,200,1176,1291,3499,-24,-63,-693,15352.87,15865.17,45450.50,-1998.58,-1400.71,-8900.45,0.00,0.00,0.00,-17351.45,-17265.88,-54350.95,59608.80,59608.80,1.007,0.075,0.534,-4.062,-0.906,-0.078,9785,3000.0,0,-0.9505,-0.0363,0.0049,-0.3084,35.9,-1.8,0.0
2347690,2026-09-11_09-02-45.691-240,v5.1.3,3.43,12.0,200,1190,1293,3494,-22,-65,-696,15537.88,15890.78,45385.07,-1978.04,-1427.56,-8942.98,0.00,0.00,0.00,-17515.92,-17318.35,-54328.06,59651.24,59651.24,1.006,0.076,0.536,-3.859,-0.547,0.016,9768,3000.0,0,-0.9506,-0.0365,0.0048,-0.3084,35.9,-1.8,0.0
2347718,2026-09-11_09-02-45.718-240,v5.1.3,3.43,12.0,200,1191,1290,3501,-27,-63,-691,15551.44,15848.98,45476.72,-2033.66,-1400.54,-8868.18,0.00,0.00,0.00,-17585.11,-17249.52,-54344.90,59667.00,59667.00,1.004,0.076,0.537,-3.984,-0.922,-0.266,9768,3000.0,0,-0.9506,-0.0365,0.0048,-0.3083,35.9,-1.8,0.0
2347749,2026-09-11_09-02-45.750-240,v5.1.3,3.43,12.0,200,1185,1289,3499,-26,-63,-695,15472.16,15837.30,45450.79,-2029.37,-1401.85,-8921.80,0.00,0.00,0.00,-17501.53,-17239.16,-54372.58,59664.64,59664.64,1.002,0.076,0.541,-4.016,-0.906,0.250,9768,3000.0,0,-0.9506,-0.0364,0.0048,-0.3083,35.9,-1.8,0.0
2347773,2026-09-11_09-02-45.773-240,v5.1.3,3.43,12.0,200,1193,1289,3503,-24,-62,-694,15578.02,15834.87,45502.93,-2001.23,-1388.03,-8913.51,0.00,0.00,0.00,-17579.24,-17222.90,-54416.43,59722.75,59722.75,1.007,0.074,0.538,-4.000,-1.094,0.016,9768,3000.0,0,-0.9506,-0.0364,0.0049,-0.3083,35.9,-1.8,0.0
2347803,2026-09-11_09-02-45.803-240,v5.1.3,3.43,12.0,200,1187,1295,3503,-28,-67,-696,15497.99,15915.09,45502.09,-2056.23,-1454.86,-8929.48,0.00,0.00,0.00,-17554.22,-17369.95,-54431.57,59771.75,59771.75,1.005,0.075,0.535,-4.078,-1.281,0.000,9768,3000.0,0,-0.9506,-0.0364,0.0051,-0.3082,35.9,-1.8,0.0
2347827,2026-09-11_09-02-45.829-240,v5.1.3,3.43,12.0,200,1189,1287,3497,-27,-62,-692,15525.30,15810.82,45425.00,-2036.31,-1387.86,-8881.24,0.00,0.00,0.00,-17561.61,-17198.68,-54306.24,59610.17,59610.17,1.005,0.079,0.538,-4.016,-1.094,-0.203,9786,3000.0,0,-0.9506,-0.0366,0.0051,-0.3082,35.9,-1.8,0.0
2347858,2026-09-11_09-02-45.858-240,v5.1.3,3.43,12.0,200,1188,1292,3504,-23,-63,-695,15511.54,15875.02,45515.54,-1989.85,-1401.27,-8928.35,0.00,0.00,0.00,-17501.39,-17276.28,-54443.89,59740.32,59740.32,1.004,0.075,0.540,-3.938,-1.000,-0.344,9786,3000.0,0,-0.9506,-0.0366,0.0049,-0.3082,35.9,-1.8,0.0
2347888,2026-09-11_09-02-45.888-240,v5.1.3,3.43,12.0,200,1187,1289,3499,-28,-63,-698,15498.62,15836.98,45450.79,-2062.37,-1403.38,-8956.00,0.00,0.00,0.00,-17561.00,-17240.36,-54406.79,59713.63,59713.63,1.004,0.077,0.538,-4.547,-1.125,0.469,9786,3000.0,0,-0.9506,-0.0365,0.0049,-0.3081,35.9,-1.8,0.0
2347911,2026-09-11_09-02-45.912-240,v5.1.3,3.43,12.0,200,1186,1287,3499,-21,-65,-696,15485.61,15810.73,45451.06,-1964.87,-1427.37,-8945.17,0.00,0.00,0.00,-17450.47,-17238.10,-54396.23,59670.94,59670.94,1.005,0.077,0.537,-4.078,-0.750,3.891,9786,3000.0,0,-0.9506,-0.0362,0.0052,-0.3082,35.9,-1.8,0.0
2347958,2026-09-11_09-02-45.958-240,v5.1.3,3.43,12.0,200,1188,1288,3500,-23,-64,-695,15511.96,15823.33,45463.96,-1989.42,-1414.32,-8928.15,0.00,0.00,0.00,-17501.38,-17237.65,-54392.11,59681.96,59681.96,1.005,0.073,0.540,-4.578,-1.016,0.047,9786,3000.0,0,-0.9506,-0.0360,0.0049,-0.3081,35.9,-1.8,0.0
2347983,2026-09-11_09-02-46.984-240,v5.1.3,3.43,12.0,200,1187,1292,3499,-28,-63,-694,15498.30,15876.61,45450.38,-2053.50,-1401.87,-8904.57,0.00,0.00,0.00,-17551.80,-17278.48,-54354.95,59674.72,59674.72,1.005,0.074,0.536,-3.906,-0.625,0.344,9779,3000.0,0,-0.9506,-0.0360,0.0049,-0.3081,35.9,-1.8,0.0
2348005,2026-09-11_09-02-46.006-240,v5.1.3,3.43,12.0,200,1189,1286,3497,-22,-64,-698,15525.41,15797.61,45425.14,-1982.90,-1415.26,-8968.90,0.00,0.00,0.00,-17508.31,-17212.87,-54394.04,59678.60,59678.60,1.004,0.077,0.537,-4.469,-0.688,0.281,9779,3000.0,0,-0.9506,-0.0358,0.0049,-0.3083,35.9,-1.8,0.0
2348038,2026-09-11_09-02-46.038-240,v5.1.3,3.43,12.0,200,1189,1288,3506,-25,-66,-693,15525.20,15821.44,45542.16,-2010.48,-1440.08,-8897.66,0.00,0.00,0.00,-17535.68,-17261.52,-54439.82,59742.40,59742.40,1.001,0.073,0.536,-4.047,-0.922,0.156,9779,3000.0,0,-0.9506,-0.0358,0.0049,-0.3083,35.9,-1.8,0.0
2348061,2026-09-11_09-02-46.063-240,v5.1.3,3.43,12.0,200,1187,1289,3498,-26,-60,-695,15498.62,15837.27,45437.76,-2030.64,-1362.68,-8922.40,0.00,0.00,0.00,-17529.27,-17199.95,-54360.16,59650.15,59650.15,1.004,0.073,0.538,-0.203,-0.734,-0.047,9779,3000.0,0,-0.9505,-0.0361,0.0049,-0.3085,35.9,-1.8,0.0
2348093,2026-09-11_09-02-46.093-240,v5.1.3,3.43,12.0,200,1189,1291,3501,-27,-62,-697,15524.88,15862.51,45476.58,-2047.40,-1389.75,-8945.53,0.00,0.00,0.00,-17572.28,-17252.25,-54422.11,59734.34,59734.34,1.003,0.074,0.535,-3.938,-0.547,0.125,9779,3000.0,0,-0.9505,-0.0362,0.0049,-0.3085,35.9,-1.8,0.0
2348124,2026-09-11_09-02-46.124-240,v5.1.3,3.43,12.0,200,1195,1287,3496,-26,-63,-694,15604.68,15810.15,45411.97,-2027.15,-1401.48,-8908.94,0.00,0.00,0.00,-17631.83,-17211.62,-54320.91,59647.99,59647.99,1.005,0.076,0.539,-4.078,-0.828,0.625,9781,3000.0,0,-0.9505,-0.0362,0.0047,-0.3085,35.9,-1.8,0.0
2348148,2026-09-11_09-02-46.149-240,v5.1.3,3.43,12.0,200,1190,1290,3500,-25,-71,-685,15538.21,15849.43,45463.69,-1990.60,-1502.36,-8793.80,0.00,0.00,0.00,-17528.81,-17351.78,-54257.48,59600.49,59600.49,1.006,0.077,0.538,-4.000,-1.234,0.500,9781,3000.0,0,-0.9505,-0.0363,0.0048,-0.3084,35.9,-1.8,0.0
2348178,2026-09-11_09-02-46.178-240,v5.1.3,3.43,12.0,200,1195,1284,3498,-28,-67,-695,15605.01,15769.94,45438.45,-2054.01,-1454.48,-8916.62,0.00,0.00,0.00,-17659.02,-17224.42,-54355.08,59690.84,59690.84,1.002,0.074,0.536,-4.125,-1.016,0.516,9781,3000.0,0,-0.9505,-0.0362,0.0049,-0.3085,35.9,-1.8,0.0
2348204,2026-09-11_09-02-46.205-240,v5.1.3,3.43,12.0,200,1185,1294,3493,-27,-63,-694,15471.62,15905.08,45371.90,-2040.32,-1401.67,-8906.76,0.00,0.00,0.00,-17511.94,-17306.75,-54278.66,59601.71,59601.71,1.005,0.075,0.537,-4.266,-0.750,0.078,9781,3000.0,0,-0.9505,-0.0362,0.0048,-0.3084,35.9,-1.8,0.0
2348228,2026-09-11_09-02-46.228-240,v5.1.3,3.43,12.0,200,1187,1292,3498,-28,-64,-695,15498.30,15876.90,45437.34,-2055.29,-1415.31,-8917.23,0.00,0.00,0.00,-17553.59,-17292.21,-54354.57,59678.88,59678.88,1.005,0.076,0.539,-4.438,-0.891,0.109,9781,3000.0,0,-0.9506,-0.0361,0.0049,-0.3083,35.9,-1.8,0.0
2348263,2026-09-11_09-02-46.263-240,v5.1.3,3.43,12.0,200,1189,1288,3496,-25,-61,-695,15525.19,15824.32,45411.83,-2017.04,-1375.54,-8924.38,0.00,0.00,0.00,-17542.23,-17199.86,-54336.21,59632.11,59632.11,1.006,0.077,0.540,-4.453,-0.656,0.094,9787,3000.0,0,-0.9506,-0.0363,0.0048,-0.3082,35.9,-1.8,0.0
2348286,2026-09-11_09-02-46.287-240,v5.1.3,3.43,12.0,200,1189,1289,3502,-25,-65,-693,15525.09,15835.80,45489.89,-2010.90,-1427.02,-8897.86,0.00,0.00,0.00,-17536.00,-17262.82,-54387.75,59695.43,59695.43,1.005,0.077,0.539,-3.922,-0.891,0.609,9787,3000.0,0,-0.9506,-0.0364,0.0048,-0.3082,35.9,-1.8,0.0
2348333,2026-09-11_09-02-46.333-240,v5.1.3,3.43,12.0,200,1191,1288,3495,-23,-62,-698,15551.65,15824.29,45398.80,-1996.93,-1389.34,-8967.12,0.00,0.00,0.00,-17548.58,-17213.62,-54365.92,59665.02,59665.02,1.002,0.077,0.539,-3.891,-0.438,0.906,9787,3000.0,0,-0.9506,-0.0362,0.0047,-0.3081,35.9,-1.8,0.0
2348358,2026-09-11_09-02-46.359-240,v5.1.3,3.43,12.0,200,1187,1289,3497,-24,-62,-697,15498.62,15837.56,45424.72,-2007.88,-1389.16,-8952.08,0.00,0.00,0.00,-17506.50,-17226.72,-54376.80,59666.36,59666.36,1.005,0.073,0.536,-4.234,-0.891,0.047,9787,3000.0,0,-0.9507,-0.0363,0.0048,-0.3081,35.9,-1.8,0.0
2348383,2026-09-11_09-02-46.383-240,v5.1.3,3.43,12.0,200,1175,1290,3501,-26,-65,-694,15339.75,15851.54,45476.70,-2026.30,-1427.59,-8908.54,0.00,0.00,0.00,-17366.04,-17279.14,-54385.24,59648.16,59648.16,1.004,0.077,0.539,-4.562,-0.922,0.266,9787,3000.0,0,-0.9507,-0.0363,0.0048,-0.3079,35.8,-1.8,0.0
2348413,2026-09-11_09-02-46.413-240,v5.1.3,3.43,12.0,200,1195,1292,3504,-26,-62,-696,15604.16,15873.89,45515.55,-2032.01,-1389.17,-8934.85,0.00,0.00,0.00,-17636.17,-17263.06,-54450.40,59782.05,59782.05,1.004,0.075,0.537,-4.328,-0.500,0.453,9780,3000.0,0,-0.9507,-0.0362,0.0049,-0.3079,35.8,-1.8,0.0
2348437,2026-09-11_09-02-46.438-240,v5.1.3,3.43,12.0,200,1186,1291,3498,-23,-64,-699,15485.18,15863.85,45437.48,-1998.30,-1415.83,-8979.57,0.00,0.00,0.00,-17483.47,-17279.69,-54417.05,59711.60,59711.60,1.006,0.075,0.540,-4.391,-0.766,0.656,9780,3000.0,0,-0.9507,-0.0361,0.0049,-0.3079,35.8,-1.8,0.0
2348468,2026-09-11_09-02-46.468-240,v5.1.3,3.43,12.0,200,1185,1282,3503,-27,-64,-696,15472.92,15743.69,45503.88,-2044.33,-1415.49,-8932.27,0.00,0.00,0.00,-17517.25,-17159.18,-54436.15,59704.16,59704.16,0.998,0.084,0.531,-4.016,-0.578,0.188,9780,3000.0,0,-0.9507,-0.0361,0.0047,-0.3079,35.8,-1.8,0.0
2348499,2026-09-11_09-02-46.500-240,v5.1.3,3.43,12.0,200,1184,1288,3500,-27,-63,-695,15459.04,15823.97,45463.96,-2042.54,-1402.05,-8919.61,0.00,0.00,0.00,-17501.58,-17226.02,-54383.57,59670.88,59670.88,1.003,0.068,0.536,-4.625,-0.625,0.188,9780,3000.0,0,-0.9508,-0.0361,0.0050,-0.3077,35.8,-1.8,0.0
2348523,2026-09-11_09-02-46.523-240,v5.1.3,3.43,12.0,200,1185,1294,3501,-27,-63,-687,15471.63,15902.78,45476.16,-2024.79,-1399.03,-8816.76,0.00,0.00,0.00,-17496.42,-17301.81,-54292.92,59608.71,59608.71,1.006,0.073,0.540,-3.703,-0.812,0.078,9780,3000.0,0,-0.9508,-0.0359,0.0050,-0.3078,35.8,-1.8,0.0
2348558,2026-09-11_09-02-46.558-240,v5.1.3,3.43,12.0,200,1183,1295,3502,-21,-65,-694,15445.06,15916.02,45489.06,-1960.43,-1426.61,-8919.45,0.00,0.00,0.00,-17405.49,-17342.64,-54408.51,59699.28,59699.28,1.006,0.082,0.540,-4.031,-0.938,0.250,9780,3000.0,0,-0.9508,-0.0366,0.0048,-0.3077,35.8,-1.8,0.0
2348584,2026-09-11_09-02-46.584-240,v5.1.3,3.43,12.0,200,1193,1283,3500,-25,-64,-696,15578.66,15756.48,45464.65,-2017.99,-1415.09,-8936.64,0.00,0.00,0.00,-17596.64,-17171.57,-54401.29,59699.29,59699.29,1.004,0.070,0.538,-3.922,-0.766,-0.125,9780,3000.0,0,-0.9508,-0.0363,0.0050,-0.3077,35.8,-1.8,0.0
2348610,2026-09-11_09-02-46.611-240,v5.1.3,3.43,12.0,200,1195,1289,3497,-27,-64,-693,15604.47,15836.28,45424.73,-2037.68,-1414.35,-8893.70,0.00,0.00,0.00,-17642.15,-17250.63,-54318.43,59660.05,59660.05,1.005,0.071,0.539,-3.562,-1.219,0.250,9780,3000.0,0,-0.9508,-0.0361,0.0051,-0.3078,35.8,-1.8,0.0
2348643,2026-09-11_09-02-46.643-240,v5.1.3,3.43,12.0,200,1188,1287,3497,-27,-61,-692,15512.07,15810.98,45425.00,-2036.73,-1374.80,-8881.44,0.00,0.00,0.00,-17548.80,-17185.78,-54306.44,59602.86,59602.86,1.006,0.079,0.540,-4.344,-0.953,0.438,9780,3000.0,0,-0.9508,-0.0366,0.0048,-0.3077,35.8,-1.8,0.0
2348665,2026-09-11_09-02-46.666-240,v5.1.3,3.43,12.0,200,1190,1292,3505,-27,-69,-695,15538.00,15874.41,45528.58,-2039.99,-1480.40,-8918.41,0.00,0.00,0.00,-17577.99,-17354.81,-54446.98,59788.37,59788.37,1.008,0.068,0.536,-7.828,-0.922,-0.609,9780,3000.0,0,-0.9509,-0.0359,0.0051,-0.3074,35.8,-1.8,0.0
2348693,2026-09-11_09-02-46.693-240,v5.1.3,3.43,12.0,200,1181,1291,3507,-24,-63,-694,15419.03,15862.06,45554.77,-2000.80,-1401.08,-8913.31,0.00,0.00,0.00,-17419.83,-17263.15,-54468.08,59734.73,59734.73,1.005,0.077,0.539,-4.297,-0.578,0.312,9780,3000.0,0,-0.9509,-0.0359,0.0050,-0.3074,35.8,-1.8,0.0
2348736,2026-09-11_09-02-46.736-240,v5.1.3,3.43,12.0,200,1190,1293,3498,-25,-64,-695,15537.89,15889.63,45437.21,-2015.77,-1414.72,-8923.78,0.00,0.00,0.00,-17553.65,-17304.35,-54360.98,59688.25,59688.25,1.004,0.070,0.540,-4.516,-0.766,-0.250,9780,3000.0,0,-0.9509,-0.0352,0.0053,-0.3074,35.8,-1.8,0.0
2348763,2026-09-11_09-02-46.763-240,v5.1.3,3.43,12.0,200,1186,1289,3497,-26,-55,-692,15485.39,15837.72,45424.72,-2026.11,-1296.25,-8884.84,0.00,0.00,0.00,-17511.50,-17133.97,-54309.55,59579.81,59579.81,1.001,0.077,0.539,-3.797,-0.953,0.109,9780,3000.0,0,-0.9509,-0.0356,0.0050,-0.3075,35.8,-1.8,0.0
2348798,2026-09-11_09-02-46.798-240,v5.1.3,3.43,12.0,200,1186,1286,3497,-27,-62,-696,15485.71,15798.09,45425.13,-2045.18,-1389.37,-8932.67,0.00,0.00,0.00,-17530.90,-17187.46,-54357.80,59644.88,59644.88,1.004,0.072,0.539,-4.219,-1.031,0.562,9780,3000.0,0,-0.9509,-0.0356,0.0053,-0.3075,35.8,-1.8,0.0
2348820,2026-09-11_09-02-46.821-240,v5.1.3,3.43,12.0,200,1190,1289,3501,-29,-61,-698,15538.32,15835.93,45476.86,-2076.40,-1377.46,-8954.22,0.00,0.00,0.00,-17614.72,-17213.38,-54431.08,59743.80,59743.80,1.007,0.076,0.536,-3.984,-1.000,0.125,9780,3000.0,0,-0.9509,-0.0358,0.0055,-0.3075,35.8,-1.9,0.0
2348848,2026-09-11_09-02-46.848-240,v5.1.3,3.43,12.0,200,1190,1296,3499,-24,-62,-694,15537.57,15928.97,45449.83,-2001.23,-1388.03,-8913.51,0.00,0.00,0.00,-17538.79,-17317.00,-54363.34,59689.70,59689.70,1.005,0.080,0.538,-7.984,-0.688,0.359,9773,3000.0,0,-0.9510,-0.0360,0.0053,-0.3071,35.7,-1.8,0.0
2348879,2026-09-11_09-02-46.880-240,v5.1.3,3.43,12.0,200,1184,1291,3496,-25,-64,-695,15458.71,15864.75,45411.41,-2015.77,-1414.72,-8923.78,0.00,0.00,0.00,-17474.48,-17279.46,-54335.19,59634.30,59634.30,1.001,0.073,0.534,-4.312,-1.344,0.562,9773,3000.0,0,-0.9510,-0.0359,0.0056,-0.3072,35.7,-1.9,0.0
2348903,2026-09-11_09-02-46.903-240,v5.1.3,3.43,12.0,200,1190,1293,3497,-31,-62,-695,15537.89,15889.92,45424.17,-2095.66,-1389.78,-8911.08,0.00,0.00,0.00,-17633.55,-17279.70,-54335.25,59681.23,59681.23,1.005,0.078,0.536,-4.078,-0.750,-0.172,9773,3000.0,0,-0.9509,-0.0363,0.0053,-0.3072,35.7,-1.9,0.0
2348933,2026-09-11_09-02-46.933-240,v5.1.3,3.43,12.0,200,1197,1291,3501,-25,-64,-700,15630.72,15861.23,45476.59,-2026.86,-1416.60,-8988.06,0.00,0.00,0.00,-17657.59,-17277.83,-54464.66,59805.62,59805.62,1.007,0.075,0.536,-4.359,-0.812,-0.312,9773,3000.0,0,-0.9510,-0.0364,0.0052,-0.3071,35.7,-1.8,0.0
2348959,2026-09-11_09-02-46.959-240,v5.1.3,3.43,12.0,200,1189,1289,3497,-23,-62,-700,15525.08,15837.24,45424.72,-2001.37,-1390.09,-8992.83,0.00,0.00,0.00,-17526.45,-17227.33,-54417.55,59709.53,59709.53,1.001,0.073,0.536,-4.125,-0.641,0.250,9773,3000.0,0,-0.9510,-0.0360,0.0052,-0.3071,35.7,-1.8,0.0
2348988,2026-09-11_09-02-47.990-240,v5.1.3,3.43,12.0,200,1185,1285,3497,-28,-61,-696,15472.59,15785.04,45425.27,-2058.78,-1376.51,-8930.69,0.00,0.00,0.00,-17531.37,-17161.55,-54355.96,59635.88,59635.88,1.004,0.078,0.535,-4.078,-1.016,0.281,9783,3000.0,0,-0.9509,-0.0365,0.0052,-0.3072,35.7,-1.9,0.0
2349019,2026-09-11_09-02-47.020-240,v5.1.3,3.43,12.0,200,1190,1291,3504,-27,-62,-700,15538.11,15861.49,45515.68,-2054.06,-1390.88,-8984.10,0.00,0.00,0.00,-17592.17,-17252.36,-54499.78,59810.99,59810.99,1.003,0.076,0.536,-3.953,-0.828,-0.500,9783,3000.0,0,-0.9509,-0.0366,0.0053,-0.3073,35.8,-1.9,0.0
2349043,2026-09-11_09-02-47.044-240,v5.1.3,3.43,12.0,200,1189,1294,3505,-23,-63,-693,15524.56,15900.99,45528.30,-1985.41,-1400.51,-8902.63,0.00,0.00,0.00,-17509.97,-17301.50,-54430.93,59738.32,59738.32,1.006,0.078,0.536,-4.359,-0.875,0.312,9783,3000.0,0,-0.9509,-0.0366,0.0054,-0.3073,35.8,-1.9,0.0
2349073,2026-09-11_09-02-47.073-240,v5.1.3,3.43,12.0,200,1189,1291,3503,-26,-62,-697,15524.88,15861.93,45502.65,-2034.23,-1389.55,-8947.71,0.00,0.00,0.00,-17559.11,-17251.48,-54450.36,59755.98,59755.98,1.004,0.075,0.535,-4.703,-0.484,-0.344,9783,3000.0,0,-0.9509,-0.0367,0.0052,-0.3072,35.7,-1.9,0.0
2349102,2026-09-11_09-02-47.102-240,v5.1.3,3.43,12.0,200,1192,1292,3498,-26,-61,-699,15564.46,15876.10,45437.35,-2039.09,-1377.24,-8973.63,0.00,0.00,0.00,-17603.55,-17253.35,-54410.98,59733.72,59733.72,1.010,0.081,0.536,-0.047,-0.875,0.406,9783,3000.0,0,-0.9508,-0.0368,0.0052,-0.3075,35.8,-1.9,0.0
2349143,2026-09-11_09-02-47.143-240,v5.1.3,3.43,12.0,200,1188,1291,3500,-24,-63,-697,15511.64,15862.96,45463.55,-2007.46,-1402.22,-8951.88,0.00,0.00,0.00,-17519.10,-17265.17,-54415.43,59716.36,59716.36,1.004,0.070,0.537,-3.891,-1.016,0.031,9787,3000.0,0,-0.9508,-0.0367,0.0053,-0.3075,35.8,-1.9,0.0
2349174,2026-09-11_09-02-47.174-240,v5.1.3,3.43,12.0,200,1187,1291,3497,-26,-61,-697,15498.41,15863.98,45424.45,-2034.66,-1376.49,-8947.91,0.00,0.00,0.00,-17533.06,-17240.47,-54372.36,59674.08,59674.08,1.005,0.079,0.538,-4.312,-0.859,0.078,9787,3000.0,0,-0.9508,-0.0368,0.0052,-0.3074,35.8,-1.9,0.0
2349197,2026-09-11_09-02-47.200-240,v5.1.3,3.43,12.0,200,1188,1292,3492,-25,-58,-701,15511.52,15878.47,45359.14,-2031.63,-1338.63,-9002.13,0.00,0.00,0.00,-17543.16,-17217.09,-54361.27,59660.20,59660.20,1.005,0.074,0.538,-4.484,-1.047,0.312,9787,3000.0,0,-0.9508,-0.0368,0.0051,-0.3074,35.8,-1.9,0.0
2349233,2026-09-11_09-02-47.233-240,v5.1.3,3.43,12.0,200,1187,1287,3500,-23,-63,-697,15498.84,15810.28,45464.10,-1994.28,-1402.02,-8954.06,0.00,0.00,0.00,-17493.12,-17212.30,-54418.16,59695.97,59695.97,1.006,0.067,0.540,-4.078,-1.156,-0.016,9787,3000.0,0,-0.9509,-0.0363,0.0053,-0.3075,35.8,-1.9,0.0
2349257,2026-09-11_09-02-47.257-240,v5.1.3,3.43,12.0,200,1187,1288,3497,-25,-66,-838,15498.73,15824.35,45424.86,-2332.24,-1494.75,-10761.94,0.00,0.00,0.00,-17830.97,-17319.11,-56186.80,61439.82,61439.82,1.002,0.080,0.540,-4.453,-1.078,-0.547,9787,3000.0,0,-0.9509,-0.0366,0.0053,-0.3074,35.8,-1.9,0.0
2349283,2026-09-11_09-02-47.283-240,v5.1.3,3.43,12.0,200,1190,1291,3497,-26,-65,-967,15538.10,15863.50,45424.45,-2632.10,-1530.53,-12418.52,0.00,0.00,0.00,-18170.21,-17394.03,-57842.97,63075.50,63075.50,1.002,0.071,0.538,-4.156,-0.766,0.438,9779,3000.0,0,-0.9509,-0.0364,0.0054,-0.3074,35.8,-1.9,0.0
2349399,2026-09-11_09-02-47.400-240,v5.1.3,3.45,12.0,200,1190,1285,3497,-856,138,-36925,15538.74,15784.24,45425.27,-93446.30,-12600.85,-472962.34,0.00,0.00,0.00,-108985.04,-28385.09,-518387.62,530480.12,530480.12,1.012,0.077,0.542,-4.438,-0.844,-0.203,9779,3000.0,0,-0.9509,-0.0368,0.0050,-0.3072,35.7,-1.8,0.0
2349718,2026-09-11_09-02-47.718-240,v5.1.3,3.45,12.0,200,1190,1276,3502,-336,11354,3009,15539.72,15663.92,45491.68,-2751.04,149026.56,37078.93,0.00,0.00,0.00,-18290.76,133362.64,-8412.75,134873.72,134873.72,1.013,0.074,0.536,-4.562,-0.531,-0.281,9787,3000.0,0,-0.9506,-0.0386,0.0070,-0.3078,35.8,-2.1,0.0
2349754,2026-09-11_09-02-47.754-240,v5.1.3,3.45,12.0,200,1192,1280,3506,28,8861,3249,15565.75,15715.29,45543.26,3637.42,116632.80,39871.82,0.00,0.00,0.00,-11928.33,100917.51,-5671.44,101778.16,101778.16,0.995,0.101,0.536,-3.328,-0.188,-0.875,9787,3000.0,0,-0.9506,-0.0393,0.0065,-0.3078,35.8,-2.1,0.0
2349783,2026-09-11_09-02-47.783-240,v5.1.3,3.45,12.0,200,1195,1278,3501,176,7823,3346,15605.66,15689.82,45478.38,6244.00,103143.34,41004.81,0.00,0.00,0.00,-9361.66,87453.52,-4473.57,88066.86,88066.86,0.995,0.069,0.537,-4.750,-0.469,-0.016,9787,3000.0,0,-0.9507,-0.0391,0.0062,-0.3076,35.8,-2.1,0.0
2349815,2026-09-11_09-02-47.816-240,v5.1.3,3.45,12.0,200,1178,1278,3499,303,6740,3433,15380.72,15693.12,45452.29,8570.88,89058.35,42064.14,0.00,0.00,0.00,-6809.84,73365.23,-3388.16,73758.45,73758.45,1.005,0.088,0.567,-4.312,-0.609,0.031,9787,3000.0,0,-0.9507,-0.0383,0.0062,-0.3077,35.8,-2.0,0.0
2349838,2026-09-11_09-02-47.838-240,v5.1.3,3.45,12.0,200,1179,1277,3498,359,6130,3484,15394.06,15680.04,45439.40,9681.30,81122.68,42720.40,0.00,0.00,0.00,-5712.75,65442.64,-2719.00,65747.76,65747.76,1.001,0.086,0.554,-3.938,-1.047,0.344,9787,3000.0,0,-0.9507,-0.0386,0.0062,-0.3077,35.8,-2.0,0.0
2349873,2026-09-11_09-02-47.873-240,v5.1.3,3.45,12.0,200,1189,1277,3503,386,5737,3512,15526.38,15677.00,45504.57,10266.33,76006.41,43100.57,0.00,0.00,0.00,-5260.05,60329.41,-2404.00,60605.99,60605.99,1.013,0.076,0.553,-4.969,-1.625,0.406,9779,3000.0,0,-0.9507,-0.0378,0.0066,-0.3077,35.8,-2.0,0.0
2349913,2026-09-11_09-02-47.914-240,v5.1.3,3.45,12.0,200,1187,1282,3502,453,5102,3547,15499.38,15743.66,45490.85,11496.80,67740.40,43532.14,0.00,0.00,0.00,-4002.58,51996.74,-1958.71,52187.34,52187.34,0.994,0.071,0.541,-0.109,-0.781,0.656,9779,3000.0,0,-0.9506,-0.0380,0.0069,-0.3081,35.8,-2.1,0.0
2349948,2026-09-11_09-02-47.948-240,v5.1.3,3.45,12.0,200,1194,1273,3496,467,4803,3566,15592.95,15625.37,45413.90,11850.60,63845.71,43806.05,0.00,0.00,0.00,-3742.36,48220.34,-1607.84,48392.07,48392.07,1.007,0.067,0.536,-4.500,-0.656,0.844,9779,3000.0,0,-0.9506,-0.0372,0.0070,-0.3082,35.9,-2.1,0.0
2349971,2026-09-11_09-02-48.972-240,v5.1.3,3.45,12.0,200,1188,1282,3503,485,4623,3580,15512.61,15743.21,45503.88,12195.37,61503.94,43983.00,0.00,0.00,0.00,-3317.24,45760.73,-1520.89,45906.01,45906.01,1.003,0.085,0.544,-4.250,-1.641,0.188,9779,3000.0,0,-0.9506,-0.0373,0.0061,-0.3082,35.9,-2.0,0.0
2349998,2026-09-11_09-02-48.998-240,v5.1.3,3.45,12.0,200,1193,1279,3494,507,4484,3592,15579.08,15705.37,45387.00,12570.96,59697.60,44117.23,0.00,0.00,0.00,-3008.12,43992.23,-1269.77,44113.24,44113.24,1.002,0.078,0.555,-4.062,-1.031,0.500,9784,3000.0,0,-0.9506,-0.0371,0.0058,-0.3081,35.9,-1.9,0.0
2350028,2026-09-11_09-02-48.028-240,v5.1.3,3.45,12.0,200,1183,1272,3497,513,4310,3596,15447.52,15613.64,45427.05,12732.91,57428.05,44190.59,0.00,0.00,0.00,-2714.61,41814.41,-1236.46,41920.68,41920.68,1.007,0.068,0.539,-3.797,-1.188,0.078,9784,3000.0,0,-0.9506,-0.0366,0.0055,-0.3081,35.9,-1.9,0.0
2350053,2026-09-11_09-02-48.054-240,v5.1.3,3.45,12.0,200,1193,1286,3502,522,4167,3607,15578.34,15795.53,45490.31,12936.72,55566.55,44341.17,0.00,0.00,0.00,-2641.62,39771.02,-1149.14,39875.21,39875.21,1.004,0.084,0.544,-4.406,-1.406,-0.250,9784,3000.0,0,-0.9506,-0.0373,0.0050,-0.3081,35.8,-1.9,0.0
2350083,2026-09-11_09-02-48.083-240,v5.1.3,3.45,12.0,200,1186,1274,3502,541,4070,3613,15487.00,15638.14,45491.95,13241.60,54305.84,44396.35,0.00,0.00,0.00,-2245.40,38667.70,-1095.60,38748.33,38748.33,1.002,0.067,0.555,-4.453,-0.797,0.094,9784,3000.0,0,-0.9507,-0.0370,0.0049,-0.3080,35.8,-1.8,0.0
2350114,2026-09-11_09-02-48.115-240,v5.1.3,3.45,12.0,200,1188,1270,3498,558,3930,3615,15513.89,15586.13,45440.37,13529.56,52481.69,44413.14,0.00,0.00,0.00,-1984.33,36895.56,-1027.23,36963.16,36963.16,1.008,0.078,0.540,-4.250,-1.438,0.141,9784,3000.0,0,-0.9506,-0.0367,0.0050,-0.3081,35.8,-1.8,0.0
2350138,2026-09-11_09-02-48.138-240,v5.1.3,3.45,12.0,200,1193,1291,3502,557,3826,3625,15577.80,15861.58,45489.62,13582.82,51127.15,44564.83,0.00,0.00,0.00,-1994.98,35265.57,-924.79,35334.05,35334.05,0.997,0.086,0.552,-4.688,-0.969,0.062,9782,3000.0,0,-0.9506,-0.0372,0.0046,-0.3080,35.8,-1.8,0.0
2350173,2026-09-11_09-02-48.173-240,v5.1.3,3.45,12.0,200,1186,1278,3501,565,3713,3629,15486.57,15691.26,45478.37,13745.16,49654.58,44621.55,0.00,0.00,0.00,-1741.41,33963.31,-856.82,34018.72,34018.72,1.006,0.061,0.536,-3.812,-1.250,0.078,9782,3000.0,0,-0.9506,-0.0364,0.0053,-0.3082,35.9,-1.9,0.0
2350198,2026-09-11_09-02-48.199-240,v5.1.3,3.45,12.0,200,1189,1246,3494,562,3699,3637,15529.69,15270.09,45391.54,13729.35,49474.18,44733.77,0.00,0.00,0.00,-1800.34,34204.09,-657.77,34257.75,34257.75,1.006,0.085,0.546,-3.859,-1.125,-3.750,9782,3000.0,0,-0.9506,-0.0372,0.0049,-0.3081,35.9,-1.8,0.0
2350227,2026-09-11_09-02-48.228-240,v5.1.3,3.45,12.0,200,1171,1273,3498,571,3542,3640,15288.64,15628.48,45439.94,13921.36,47426.84,44784.30,0.00,0.00,0.00,-1367.27,31798.36,-655.64,31834.49,31834.49,1.003,0.072,0.529,-4.609,-0.562,0.422,9782,3000.0,0,-0.9506,-0.0373,0.0053,-0.3081,35.8,-1.9,0.0
2350259,2026-09-11_09-02-48.260-240,v5.1.3,3.45,12.0,200,1175,1270,3497,584,3502,3638,15341.88,15588.50,45427.32,14105.20,46906.28,44738.26,0.00,0.00,0.00,-1236.68,31317.78,-689.07,31349.76,31349.76,1.003,0.077,0.555,-3.844,-0.734,-0.812,9782,3000.0,0,-0.9507,-0.0364,0.0055,-0.3081,35.8,-1.9,0.0
2350283,2026-09-11_09-02-48.283-240,v5.1.3,3.45,12.0,200,1191,1263,3498,581,3407,3646,15554.33,15493.18,45441.34,14123.85,45668.13,44866.79,0.00,0.00,0.00,-1430.48,30174.95,-574.54,30214.30,30214.30,1.002,0.090,0.535,-4.469,-0.375,-0.391,9775,3000.0,0,-0.9506,-0.0372,0.0057,-0.3080,35.8,-1.9,0.0
2350333,2026-09-11_09-02-48.333-240,v5.1.3,3.45,12.0,200,1191,1273,3495,595,3290,3636,15553.26,15626.14,45400.86,14335.87,44139.21,44731.21,0.00,0.00,0.00,-1217.39,28513.07,-669.65,28546.91,28546.91,1.009,0.065,0.518,-3.578,-0.688,0.172,9775,3000.0,0,-0.9507,-0.0360,0.0053,-0.3080,35.8,-1.8,0.0
2350355,2026-09-11_09-02-48.355-240,v5.1.3,3.45,12.0,200,1194,1270,3499,601,3211,3655,15593.28,15584.88,45453.41,14490.68,43115.91,44978.30,0.00,0.00,0.00,-1102.59,27531.03,-475.10,27557.20,27557.20,1.009,0.093,0.529,-3.922,-0.438,-0.859,9775,3000.0,0,-0.9506,-0.0366,0.0048,-0.3081,35.9,-1.8,0.0
2350383,2026-09-11_09-02-48.383-240,v5.1.3,3.45,12.0,200,1177,1269,3496,593,3170,3650,15368.45,15575.26,45414.43,14391.64,42577.05,44939.74,0.00,0.00,0.00,-976.81,27001.79,-474.69,27023.62,27023.62,1.007,0.074,0.542,-4.297,-1.609,1.172,9775,3000.0,0,-0.9506,-0.0366,0.0047,-0.3081,35.9,-1.8,0.0
2350414,2026-09-11_09-02-48.415-240,v5.1.3,3.45,12.0,200,1189,1273,3498,613,3096,3654,15526.80,15625.60,45439.96,14695.48,41616.12,44962.40,0.00,0.00,0.00,-831.32,25990.53,-477.56,26008.20,26008.20,1.014,0.068,0.518,-3.844,-1.172,0.203,9775,3000.0,0,-0.9506,-0.0359,0.0049,-0.3082,35.9,-1.8,0.0
2350438,2026-09-11_09-02-48.438-240,v5.1.3,3.45,12.0,200,1182,1277,3494,600,3062,3654,15433.75,15680.71,45387.27,14538.68,41169.57,44997.63,0.00,0.00,0.00,-895.06,25488.87,-389.64,25507.55,25507.55,1.007,0.092,0.534,-4.266,-1.375,-0.422,9787,3000.0,0,-0.9506,-0.0367,0.0043,-0.3082,35.9,-1.8,0.0
2350473,2026-09-11_09-02-48.473-240,v5.1.3,3.45,12.0,200,1194,1267,3496,617,2997,3653,15593.60,15546.12,45414.72,14788.07,40323.70,44960.74,0.00,0.00,0.00,-805.53,24777.59,-453.98,24794.83,24794.83,1.009,0.057,0.527,-4.328,-1.328,0.141,9787,3000.0,0,-0.9506,-0.0362,0.0044,-0.3082,35.9,-1.8,0.0
2350498,2026-09-11_09-02-48.498-240,v5.1.3,3.45,12.0,200,1187,1272,3502,602,2960,3653,15500.45,15611.56,45492.23,14606.21,39837.59,45000.95,0.00,0.00,0.00,-894.25,24226.03,-491.28,24247.50,24247.50,1.006,0.076,0.536,-3.531,-0.625,0.047,9787,3000.0,0,-0.9506,-0.0359,0.0042,-0.3083,35.9,-1.7,0.0
2350528,2026-09-11_09-02-48.529-240,v5.1.3,3.45,12.0,200,1184,1273,3499,616,2950,3657,15460.65,15626.11,45452.98,14803.77,39711.25,45023.82,0.00,0.00,0.00,-656.88,24085.14,-429.17,24097.92,24097.92,1.008,0.079,0.542,-4.531,-1.297,-0.281,9787,3000.0,0,-0.9506,-0.0366,0.0042,-0.3082,35.9,-1.8,0.0
2350554,2026-09-11_09-02-48.555-240,v5.1.3,3.45,12.0,200,1186,1270,3506,618,2949,3656,15487.44,15584.15,45544.63,14828.32,39698.21,45006.79,0.00,0.00,0.00,-659.11,24114.06,-537.84,24129.06,24129.06,1.005,0.063,0.543,-4.031,-1.359,0.281,9787,3000.0,0,-0.9506,-0.0356,0.0043,-0.3083,35.9,-1.7,0.0
2350578,2026-09-11_09-02-48.578-240,v5.1.3,3.45,12.0,200,1185,1264,3491,614,2940,3650,15474.83,15509.37,45349.96,14766.14,39577.63,44940.20,0.00,0.00,0.00,-708.69,24068.27,-409.76,24082.19,24082.19,0.999,0.080,0.551,-4.078,-0.609,0.172,9777,3000.0,0,-0.9506,-0.0359,0.0042,-0.3083,35.9,-1.7,0.0
2350613,2026-09-11_09-02-48.613-240,v5.1.3,3.45,12.0,200,1191,1269,3496,620,2916,3659,15553.69,15573.02,45414.45,14875.37,39268.80,45047.64,0.00,0.00,0.00,-678.32,23695.78,-366.80,23708.32,23708.32,1.002,0.076,0.547,-3.516,-1.266,-0.094,9777,3000.0,0,-0.9505,-0.0365,0.0042,-0.3084,35.9,-1.7,0.0
2350638,2026-09-11_09-02-48.639-240,v5.1.3,3.45,12.0,200,1192,1267,3501,627,2893,3658,15567.14,15545.00,45479.89,14975.15,38969.43,45024.13,0.00,0.00,0.00,-591.99,23424.43,-455.75,23436.34,23436.34,1.006,0.081,0.543,-4.141,-1.141,0.219,9777,3000.0,0,-0.9505,-0.0367,0.0037,-0.3084,35.9,-1.7,0.0
2350660,2026-09-11_09-02-48.661-240,v5.1.3,3.45,12.0,200,1186,1269,3494,614,2883,3654,15487.53,15574.39,45388.38,14799.27,38834.79,45003.11,0.00,0.00,0.00,-688.26,23260.40,-385.27,23273.77,23273.77,1.002,0.072,0.549,-4.375,-0.875,-0.062,9777,3000.0,0,-0.9505,-0.0366,0.0039,-0.3085,35.9,-1.7,0.0
2350693,2026-09-11_09-02-48.693-240,v5.1.3,3.45,12.0,200,1177,1271,3504,616,2880,3662,15368.25,15599.38,45518.42,14844.65,38799.02,45102.20,0.00,0.00,0.00,-523.60,23199.65,-416.22,23209.29,23209.29,0.999,0.073,0.548,-3.766,-1.047,0.047,9777,2998.1,0,-0.9505,-0.0362,0.0042,-0.3086,35.9,-1.7,0.0
2350729,2026-09-11_09-02-48.730-240,v5.1.3,3.45,12.0,200,1193,1272,3500,617,2843,3662,15579.83,15611.17,45466.17,14873.56,38316.04,45107.46,0.00,0.00,0.00,-706.27,22704.87,-358.70,22718.68,22718.68,1.004,0.077,0.530,-4.109,-0.781,0.062,9780,2935.6,0,-0.9505,-0.0365,0.0039,-0.3087,35.9,-1.7,0.0
2350763,2026-09-11_09-02-48.763-240,v5.1.3,3.45,12.0,200,1185,1265,3500,610,2829,3669,15474.74,15519.99,45467.12,14802.83,38134.48,45215.57,0.00,0.00,0.00,-671.90,22614.50,-251.55,22625.87,22625.87,1.008,0.072,0.530,-4.219,-1.281,0.281,9780,2923.7,0,-0.9505,-0.0361,0.0045,-0.3087,35.9,-1.8,0.0
2350788,2026-09-11_09-02-48.788-240,v5.1.3,3.45,12.0,200,1187,1266,3503,610,2824,3663,15501.09,15532.01,45506.09,14791.65,38066.93,45139.43,0.00,0.00,0.00,-709.45,22534.92,-366.66,22549.06,22549.06,1.007,0.083,0.533,-4.141,-0.828,0.797,9780,2913.9,0,-0.9504,-0.0362,0.0045,-0.3088,35.9,-1.8,0.0
2350813,2026-09-11_09-02-48.813-240,v5.1.3,3.45,12.0,200,1186,1264,3499,625,2824,3652,15488.07,15506.90,45454.23,14964.84,38065.72,44965.25,0.00,0.00,0.00,-523.23,22558.82,-488.97,22570.18,22570.18,1.007,0.074,0.541,-4.703,-0.953,-0.016,9780,2916.6,0,-0.9504,-0.0364,0.0044,-0.3088,35.9,-1.8,0.0
2350843,2026-09-11_09-02-48.843-240,v5.1.3,3.45,12.0,200,1184,1271,3506,608,2815,3675,15460.87,15597.68,45544.49,14795.76,37953.53,45299.89,0.00,0.00,0.00,-665.11,22355.85,-244.60,22367.08,22367.08,1.006,0.075,0.536,-3.516,-1.484,0.094,9780,2890.7,0,-0.9504,-0.0361,0.0048,-0.3090,36.0,-1.8,0.0
2350868,2026-09-11_09-02-48.868-240,v5.1.3,3.45,12.0,200,1192,1271,3500,617,2819,3664,15566.71,15598.12,45466.30,14888.21,38003.38,45138.01,0.00,0.00,0.00,-678.50,22405.26,-328.29,22417.94,22417.94,1.005,0.084,0.539,-4.766,-0.641,0.016,9777,2897.2,0,-0.9503,-0.0368,0.0044,-0.3090,36.0,-1.8,0.0
2350890,2026-09-11_09-02-48.891-240,v5.1.3,3.45,12.0,200,1193,1268,3501,622,2800,3664,15580.26,15558.05,45479.75,14962.16,37756.25,45130.92,0.00,0.00,0.00,-618.10,22198.20,-348.83,22209.54,22209.54,1.004,0.068,0.551,-4.828,-0.594,0.203,9777,2870.6,0,-0.9504,-0.0365,0.0045,-0.3089,36.0,-1.8,0.0
2350923,2026-09-11_09-02-48.923-240,v5.1.3,3.45,12.0,200,1186,1275,3494,621,2781,3664,15486.89,15653.65,45387.55,14957.07,37507.93,45136.93,0.00,0.00,0.00,-529.81,21854.29,-250.62,21862.14,21862.14,1.000,0.075,0.554,-3.891,-0.938,-0.156,9777,2826.3,0,-0.9503,-0.0359,0.0047,-0.3093,36.0,-1.8,0.0
2350948,2026-09-11_09-02-48.949-240,v5.1.3,3.45,12.0,200,1181,1269,3500,625,2777,3664,15421.38,15573.47,45466.57,15011.47,37456.48,45129.00,0.00,0.00,0.00,-409.91,21883.01,-337.57,21889.46,21889.46,0.997,0.080,0.554,-4.703,-0.484,-0.109,9777,2829.8,0,-0.9503,-0.0364,0.0045,-0.3092,36.0,-1.8,0.0
2350978,2026-09-11_09-02-49.978-240,v5.1.3,3.45,12.0,200,1191,1272,3495,619,2779,3670,15553.37,15612.93,45401.00,14944.89,37483.68,45218.84,0.00,0.00,0.00,-608.48,21870.75,-182.16,21879.97,21879.97,1.002,0.074,0.547,-3.969,-0.719,0.188,9777,2828.6,0,-0.9503,-0.0363,0.0047,-0.3093,36.0,-1.8,0.0
2351009,2026-09-11_09-02-49.010-240,v5.1.3,3.45,12.0,200,1189,1274,3496,626,2775,3671,15526.69,15639.38,45413.75,15041.03,37433.20,45217.22,0.00,0.00,0.00,-485.66,21793.81,-196.54,21800.11,21800.11,1.001,0.076,0.549,-3.875,-0.828,0.172,9792,2818.4,0,-0.9502,-0.0360,0.0048,-0.3094,36.0,-1.8,0.0
2351033,2026-09-11_09-02-49.035-240,v5.1.3,3.45,12.0,200,1191,1274,3492,620,2781,3665,15553.15,15640.21,45361.62,14946.12,37508.12,45151.97,0.00,0.00,0.00,-607.03,21867.90,-209.66,21877.33,21877.33,1.004,0.079,0.552,-4.484,-1.266,0.391,9792,2828.2,0,-0.9503,-0.0364,0.0048,-0.3093,36.0,-1.8,0.0
2351063,2026-09-11_09-02-49.063-240,v5.1.3,3.45,12.0,200,1195,1268,3503,617,2775,3662,15606.73,15557.15,45505.82,14902.49,37428.04,45121.16,0.00,0.00,0.00,-704.24,21870.89,-384.66,21885.60,21885.60,1.004,0.069,0.554,-4.891,-1.172,0.406,9792,2829.3,0,-0.9503,-0.0364,0.0050,-0.3092,36.0,-1.8,0.0
2351089,2026-09-11_09-02-49.090-240,v5.1.3,3.45,12.0,200,1184,1270,3503,615,2779,3662,15460.97,15585.33,45505.53,14874.44,37479.89,45124.72,0.00,0.00,0.00,-586.53,21894.55,-380.81,21905.72,21905.72,1.002,0.078,0.551,-4.125,-0.891,-0.562,9792,2831.8,0,-0.9503,-0.0366,0.0052,-0.3092,36.0,-1.9,0.0
2351133,2026-09-11_09-02-49.133-240,v5.1.3,3.45,12.0,200,1183,1272,3496,624,2781,3669,15447.52,15613.93,45414.02,15007.69,37510.41,45194.66,0.00,0.00,0.00,-439.83,21896.48,-219.36,21902.00,21902.00,1.010,0.068,0.526,-4.484,-0.969,0.172,9792,2831.4,0,-0.9503,-0.0366,0.0050,-0.3091,36.0,-1.8,0.0
2351158,2026-09-11_09-02-49.159-240,v5.1.3,3.45,12.0,200,1184,1272,3503,617,2779,3666,15460.76,15611.75,45505.25,14909.67,37481.79,45171.78,0.00,0.00,0.00,-551.09,21870.03,-333.47,21879.52,21879.52,1.009,0.074,0.532,-4.328,-0.969,0.094,9788,2828.5,0,-0.9503,-0.0362,0.0049,-0.3091,36.0,-1.8,0.0
2351183,2026-09-11_09-02-49.183-240,v5.1.3,3.45,12.0,200,1186,1266,3496,629,2780,3670,15487.85,15534.19,45414.85,15076.20,37498.70,45196.80,0.00,0.00,0.00,-411.65,21964.52,-218.05,21969.46,21969.46,1.000,0.088,0.542,-4.531,-0.859,-0.078,9788,2840.0,0,-0.9503,-0.0369,0.0045,-0.3091,36.0,-1.8,0.0
2351218,2026-09-11_09-02-49.218-240,v5.1.3,3.45,12.0,200,1181,1267,3499,634,2776,3659,15421.59,15547.34,45453.81,15119.36,37443.30,45045.27,0.00,0.00,0.00,-302.23,21895.97,-408.54,21901.87,21901.87,1.009,0.067,0.526,-4.375,-0.688,1.234,9788,2831.4,0,-0.9503,-0.0360,0.0049,-0.3091,36.0,-1.8,0.0
2351244,2026-09-11_09-02-49.244-240,v5.1.3,3.45,12.0,200,1185,1271,3479,619,2776,3660,15474.06,15605.28,45192.61,14923.98,37440.74,45090.87,0.00,0.00,0.00,-550.09,21835.46,-101.73,21842.62,21842.62,1.005,0.077,0.530,-4.109,-0.859,-0.016,9788,2823.8,0,-0.9503,-0.0359,0.0047,-0.3091,36.0,-1.8,0.0
2351273,2026-09-11_09-02-49.273-240,v5.1.3,3.45,12.0,200,1186,1270,3499,624,2783,3663,15487.43,15586.16,45453.40,14993.52,37534.26,45117.12,0.00,0.00,0.00,-493.91,21948.10,-336.28,21956.23,21956.23,1.007,0.082,0.532,-4.281,-1.438,0.203,9788,2838.3,0,-0.9503,-0.0366,0.0048,-0.3091,36.0,-1.8,0.0
2351304,2026-09-11_09-02-49.305-240,v5.1.3,3.45,12.0,200,1181,1272,3507,620,2778,3663,15421.07,15611.08,45557.39,14942.96,37468.19,45126.86,0.00,0.00,0.00,-478.12,21857.11,-430.53,21866.57,21866.57,1.007,0.073,0.526,-4.375,-0.859,0.219,9782,2826.9,0,-0.9503,-0.0361,0.0048,-0.3091,36.0,-1.8,0.0
2351327,2026-09-11_09-02-49.329-240,v5.1.3,3.45,12.0,200,1188,1268,3497,618,2775,3658,15514.10,15560.00,45427.61,14906.79,37426.73,45067.54,0.00,0.00,0.00,-607.32,21866.73,-360.07,21878.12,21878.12,1.006,0.077,0.535,-4.312,-0.812,-0.312,9782,2828.3,0,-0.9503,-0.0363,0.0046,-0.3091,36.0,-1.8,0.0
2351358,2026-09-11_09-02-49.358-240,v5.1.3,3.45,12.0,200,1196,1273,3503,627,2791,3671,15619.43,15623.04,45505.13,15047.39,37642.34,45211.81,0.00,0.00,0.00,-572.03,22019.30,-293.32,22028.68,22028.68,1.006,0.072,0.538,-3.922,-1.234,0.078,9782,2847.5,0,-0.9503,-0.0363,0.0046,-0.3090,36.0,-1.8,0.0
2351387,2026-09-11_09-02-49.388-240,v5.1.3,3.45,12.0,200,1180,1266,3496,619,2776,3674,15408.47,15535.15,45414.85,14955.04,37446.02,45270.87,0.00,0.00,0.00,-453.42,21910.87,-143.98,21916.03,21916.03,1.006,0.075,0.530,-4.078,-0.734,0.594,9782,2833.2,0,-0.9503,-0.0363,0.0042,-0.3091,36.0,-1.7,0.0
2351413,2026-09-11_09-02-49.413-240,v5.1.3,3.45,12.0,200,1190,1269,3504,620,2773,3666,15540.47,15570.88,45518.71,14951.74,37404.02,45166.44,0.00,0.00,0.00,-588.73,21833.15,-352.27,21843.93,21843.93,1.005,0.078,0.538,-4.469,-1.078,0.797,9782,2824.0,0,-0.9503,-0.0366,0.0043,-0.3092,36.0,-1.8,0.0
2351448,2026-09-11_09-02-49.448-240,v5.1.3,3.45,12.0,200,1183,1268,3501,618,2771,3666,15447.95,15559.65,45479.74,14926.24,37377.51,45171.21,0.00,0.00,0.00,-521.71,21817.86,-308.53,21826.28,21826.28,1.008,0.075,0.529,-4.594,-1.016,0.094,9790,2821.7,0,-0.9503,-0.0364,0.0046,-0.3091,36.0,-1.8,0.0
2351472,2026-09-11_09-02-49.472-240,v5.1.3,3.45,12.0,200,1184,1265,3503,619,2774,3663,15461.51,15519.29,45506.22,14931.48,37415.75,45129.85,0.00,0.00,0.00,-530.03,21896.46,-376.37,21906.11,21906.11,1.006,0.082,0.537,-4.547,-1.062,0.750,9790,2831.9,0,-0.9503,-0.0366,0.0044,-0.3091,36.0,-1.8,0.0
2351518,2026-09-11_09-02-49.518-240,v5.1.3,3.45,12.0,200,1187,1268,3501,612,2777,3668,15500.88,15559.01,45479.74,14849.09,37455.44,45208.81,0.00,0.00,0.00,-651.79,21896.43,-270.93,21907.80,21907.80,1.007,0.073,0.543,-4.297,-0.875,0.000,9790,2832.1,0,-0.9503,-0.0363,0.0045,-0.3091,36.0,-1.8,0.0
2351542,2026-09-11_09-02-49.543-240,v5.1.3,3.45,12.0,200,1183,1272,3500,619,2777,3658,15447.52,15612.78,45466.16,14919.11,37453.04,45064.96,0.00,0.00,0.00,-528.41,21840.26,-401.20,21850.34,21850.34,1.005,0.079,0.540,-4.266,-0.641,0.188,9790,2824.8,0,-0.9503,-0.0366,0.0047,-0.3092,36.0,-1.8,0.0
2351568,2026-09-11_09-02-49.568-240,v5.1.3,3.45,12.0,200,1186,1268,3503,620,2783,3664,15487.65,15558.59,45505.81,14943.05,37533.86,45138.71,0.00,0.00,0.00,-544.60,21975.26,-367.10,21985.07,21985.07,1.006,0.077,0.535,-3.641,-0.875,-0.016,9790,2842.0,0,-0.9503,-0.0369,0.0049,-0.3093,36.0,-1.8,0.0
2351602,2026-09-11_09-02-49.603-240,v5.1.3,3.45,12.0,200,1183,1267,3498,617,2771,3664,15448.06,15547.30,45440.78,14908.63,37376.56,45147.68,0.00,0.00,0.00,-539.42,21829.25,-293.10,21837.88,21837.88,1.001,0.075,0.542,-4.125,-0.453,0.484,9778,2823.2,0,-0.9502,-0.0368,0.0048,-0.3094,36.0,-1.8,0.0
2351625,2026-09-11_09-02-49.625-240,v5.1.3,3.45,12.0,200,1185,1273,3499,611,2777,3668,15473.88,15625.95,45452.99,14835.91,37455.24,45211.00,0.00,0.00,0.00,-637.96,21829.29,-241.99,21839.95,21839.95,1.002,0.082,0.536,-4.219,-0.156,-0.453,9778,2823.5,0,-0.9502,-0.0372,0.0048,-0.3093,36.0,-1.8,0.0
2351657,2026-09-11_09-02-49.659-240,v5.1.3,3.45,12.0,200,1187,1271,3483,618,2771,3658,15500.53,15603.81,45244.74,14908.49,37374.49,45068.35,0.00,0.00,0.00,-592.04,21770.68,-176.39,21779.44,21779.44,1.001,0.074,0.538,-3.984,-0.812,0.141,9778,2815.7,0,-0.9502,-0.0369,0.0049,-0.3093,36.0,-1.8,0.0
2351683,2026-09-11_09-02-49.684-240,v5.1.3,3.45,12.0,200,1179,1279,3497,622,2782,3670,15393.84,15706.75,45426.09,14983.13,37523.45,45211.68,0.00,0.00,0.00,-410.71,21816.70,-214.41,21821.62,21821.62,1.005,0.077,0.541,-4.047,-0.594,0.469,9778,2821.1,0,-0.9502,-0.0369,0.0048,-0.3093,36.0,-1.8,0.0
2351705,2026-09-11_09-02-49.706-240,v5.1.3,3.45,12.0,200,1189,1269,3502,625,2776,3665,15527.24,15571.61,45492.64,15014.11,37443.80,45142.06,0.00,0.00,0.00,-513.12,21872.20,-350.58,21881.02,21881.02,1.010,0.079,0.534,-4.297,-0.469,0.078,9778,2828.7,0,-0.9502,-0.0371,0.0049,-0.3094,36.0,-1.8,0.0
2351738,2026-09-11_09-02-49.738-240,v5.1.3,3.45,12.0,200,1193,1262,3499,616,2777,3663,15580.91,15479.37,45454.51,14890.69,37454.34,45135.79,0.00,0.00,0.00,-690.22,21974.97,-318.71,21988.12,21988.12,1.007,0.077,0.537,-4.594,-0.453,0.281,9782,2842.4,0,-0.9502,-0.0370,0.0048,-0.3093,36.0,-1.8,0.0
2351764,2026-09-11_09-02-49.765-240,v5.1.3,3.45,12.0,200,1196,1273,3503,625,2782,3663,15619.43,15623.04,45505.13,15007.12,37521.40,45115.13,0.00,0.00,0.00,-612.30,21898.36,-390.00,21910.39,21910.39,1.006,0.075,0.535,-4.406,-0.953,0.172,9782,2832.4,0,-0.9502,-0.0369,0.0050,-0.3094,36.0,-1.9,0.0
2351788,2026-09-11_09-02-49.788-240,v5.1.3,3.45,12.0,200,1195,1269,3502,622,2776,3662,15606.62,15570.65,45492.65,14967.94,37442.08,45110.04,0.00,0.00,0.00,-638.69,21871.43,-382.61,21884.10,21884.10,1.004,0.074,0.536,-4.266,-1.281,-0.156,9782,2829.1,0,-0.9502,-0.0370,0.0049,-0.3094,36.0,-1.8,0.0
2351823,2026-09-11_09-02-49.823-240,v5.1.3,3.45,12.0,200,1185,1267,3497,621,2780,3664,15474.52,15547.27,45427.75,14957.50,37494.88,45137.13,0.00,0.00,0.00,-517.02,21947.61,-290.62,21955.62,21955.62,1.010,0.082,0.538,-4.359,-0.891,0.125,9782,2838.2,0,-0.9502,-0.0372,0.0049,-0.3094,36.0,-1.9,0.0
2351847,2026-09-11_09-02-49.848-240,v5.1.3,3.45,12.0,200,1179,1271,3502,619,2778,3667,15394.71,15599.63,45492.36,14938.66,37469.50,45180.47,0.00,0.00,0.00,-456.05,21869.86,-311.89,21876.84,21876.84,1.008,0.072,0.536,-4.859,-1.062,0.047,9782,2828.2,0,-0.9502,-0.0370,0.0050,-0.3094,36.0,-1.9,0.0
2351878,2026-09-11_09-02-49.878-240,v5.1.3,3.45,12.0,200,1189,1272,3499,625,2791,3663,15526.91,15612.10,45453.13,15003.29,37638.93,45113.32,0.00,0.00,0.00,-523.62,22026.83,-339.81,22035.67,22035.67,1.002,0.077,0.536,-3.781,-0.797,-0.328,9788,2848.4,0,-0.9502,-0.0368,0.0051,-0.3094,36.0,-1.9,0.0
2351921,2026-09-11_09-02-49.921-240,v5.1.3,3.45,12.0,200,1185,1265,3496,615,2783,3667,15474.73,15521.14,45414.99,14883.84,37534.01,45188.20,0.00,0.00,0.00,-590.89,22012.87,-226.79,22021.96,22021.96,1.006,0.071,0.540,-4.016,-0.781,0.422,9788,2846.7,0,-0.9502,-0.0362,0.0051,-0.3094,36.0,-1.8,0.0
2351948,2026-09-11_09-02-49.948-240,v5.1.3,3.45,12.0,200,1183,1270,3494,619,2785,3661,15447.73,15588.08,45388.23,14922.37,37558.64,45101.92,0.00,0.00,0.00,-525.36,21970.56,-286.32,21978.71,21978.71,1.009,0.076,0.540,-3.984,-0.766,0.531,9788,2841.2,0,-0.9502,-0.0362,0.0052,-0.3095,36.0,-1.9,0.0
2351983,2026-09-11_09-02-50.983-240,v5.1.3,3.45,12.0,200,1192,1268,3497,616,2771,3664,15567.03,15559.36,45427.61,14895.46,37376.36,45149.86,0.00,0.00,0.00,-671.57,21817.00,-277.75,21829.11,21829.11,1.005,0.072,0.543,-4.422,-0.562,0.250,9788,2822.1,0,-0.9502,-0.0363,0.0053,-0.3095,36.0,-1.9,0.0
2352005,2026-09-11_09-02-50.006-240,v5.1.3,3.45,12.0,200,1190,1269,3498,624,2779,3668,15540.46,15572.60,45440.51,15006.32,37483.91,45182.21,0.00,0.00,0.00,-534.14,21911.31,-258.30,21919.34,21919.34,1.004,0.073,0.538,-4.172,-0.969,0.859,9791,2833.6,0,-0.9502,-0.0361,0.0053,-0.3096,36.0,-1.9,0.0
2352038,2026-09-11_09-02-50.038-240,v5.1.3,3.45,12.0,200,1180,1267,3499,616,2776,3664,15408.36,15547.50,45453.81,14893.33,37441.66,45148.85,0.00,0.00,0.00,-515.03,21894.16,-304.96,21902.34,21902.34,1.013,0.075,0.543,-4.438,-0.922,0.266,9791,2831.4,0,-0.9502,-0.0364,0.0052,-0.3095,36.0,-1.9,0.0
2352065,2026-09-11_09-02-50.066-240,v5.1.3,3.45,12.0,200,1189,1255,3504,625,2763,3665,15528.74,15386.10,45520.63,15019.64,37274.04,45144.68,0.00,0.00,0.00,-509.09,21887.93,-375.95,21897.08,21897.08,1.012,0.064,0.537,-4.609,-0.859,0.109,9791,2830.7,0,-0.9502,-0.0358,0.0049,-0.3095,36.0,-1.8,0.0
2352088,2026-09-11_09-02-50.088-240,v5.1.3,3.45,12.0,200,1192,1267,3501,624,2779,3666,15567.14,15545.00,45479.89,15001.88,37483.16,45156.50,0.00,0.00,0.00,-565.26,21938.16,-323.39,21947.82,21947.82,1.007,0.077,0.541,-4.016,-1.094,-0.266,9791,2837.2,0,-0.9502,-0.0360,0.0047,-0.3096,36.0,-1.8,0.0
2352118,2026-09-11_09-02-50.118-240,v5.1.3,3.45,12.0,200,1178,1264,3498,624,2783,3666,15382.22,15508.48,45441.19,15000.18,37535.39,45155.69,0.00,0.00,0.00,-382.04,22026.91,-285.50,22032.08,22032.08,1.001,0.079,0.548,-4.422,-0.859,-0.203,9791,2848.0,0,-0.9502,-0.0364,0.0043,-0.3096,36.0,-1.8,0.0
2352141,2026-09-11_09-02-50.142-240,v5.1.3,3.45,12.0,200,1189,1267,3499,620,2781,3664,15527.45,15546.05,45453.82,14943.90,37507.74,45139.11,0.00,0.00,0.00,-583.55,21961.68,-314.70,21971.69,21971.69,1.001,0.073,0.546,-4.453,-0.750,0.500,9791,2840.3,0,-0.9500,-0.0363,0.0045,-0.3100,36.1,-1.8,0.0
2352165,2026-09-11_09-02-50.167-240,v5.1.3,3.45,12.0,200,1189,1270,3501,621,2783,3668,15527.13,15585.11,45479.47,14965.10,37535.56,45187.95,0.00,0.00,0.00,-562.03,21950.45,-291.52,21959.58,21959.58,1.005,0.077,0.542,-3.969,-0.781,0.797,9782,2838.7,0,-0.9500,-0.0364,0.0047,-0.3101,36.1,-1.8,0.0
2352198,2026-09-11_09-02-50.199-240,v5.1.3,3.45,12.0,200,1196,1266,3496,625,2776,3665,15620.17,15532.58,45414.86,15014.11,37443.80,45142.06,0.00,0.00,0.00,-606.05,21911.22,-272.80,21921.30,21921.30,1.003,0.079,0.547,-4.312,-0.391,-0.250,9782,2833.8,0,-0.9500,-0.0362,0.0037,-0.3101,36.1,-1.7,0.0
2352223,2026-09-11_09-02-50.224-240,v5.1.3,3.45,12.0,200,1184,1272,3503,620,2773,3658,15460.76,15611.75,45505.25,14933.99,37401.01,45063.58,0.00,0.00,0.00,-526.77,21789.26,-441.68,21800.10,21800.10,1.001,0.073,0.543,-3.906,-1.094,0.297,9782,2818.4,0,-0.9500,-0.0361,0.0041,-0.3101,36.1,-1.7,0.0
2352253,2026-09-11_09-02-50.253-240,v5.1.3,3.45,12.0,200,1187,1270,3502,630,2773,3664,15500.67,15585.14,45492.50,15079.04,37405.23,45118.89,0.00,0.00,0.00,-421.62,21820.09,-373.62,21827.36,21827.36,1.004,0.076,0.539,-4.094,-0.875,-0.125,9782,2821.9,0,-0.9500,-0.0362,0.0041,-0.3102,36.1,-1.7,0.0
2352284,2026-09-11_09-02-50.285-240,v5.1.3,3.45,12.0,200,1186,1272,3497,630,2743,3660,15487.21,15613.16,45427.06,15082.93,37011.96,45073.50,0.00,0.00,0.00,-404.29,21398.80,-353.56,21405.54,21405.54,1.004,0.082,0.544,-4.375,-0.766,-0.062,9782,2768.0,0,-0.9500,-0.0365,0.0045,-0.3102,36.1,-1.8,0.0
2352323,2026-09-11_09-02-50.323-240,v5.1.3,3.45,12.0,200,1189,1274,3495,630,2705,3671,15526.69,15639.67,45400.72,15123.50,36519.87,45222.58,0.00,0.00,0.00,-403.19,20880.20,-178.14,20884.85,20884.85,1.005,0.078,0.535,-4.000,-0.953,0.250,9785,2701.6,0,-0.9500,-0.0364,0.0044,-0.3101,36.1,-1.8,0.0
2352354,2026-09-11_09-02-50.355-240,v5.1.3,3.45,12.0,200,1181,1272,3502,630,2645,3666,15421.06,15612.52,45492.22,15137.93,35734.45,45170.38,0.00,0.00,0.00,-283.13,20121.93,-321.85,20126.50,20126.50,1.007,0.073,0.529,-4.016,-0.984,-3.922,9785,2604.9,0,-0.9501,-0.0368,0.0040,-0.3099,36.1,-1.7,0.0
2352379,2026-09-11_09-02-50.380-240,v5.1.3,3.45,12.0,200,1189,1274,3505,627,2584,3671,15526.70,15636.80,45531.05,15135.46,34939.16,45253.49,0.00,0.00,0.00,-391.24,19302.36,-277.56,19308.32,19308.32,1.005,0.067,0.534,-3.969,-0.953,-3.844,9785,2500.5,0,-0.9501,-0.0366,0.0040,-0.3097,36.1,-1.7,0.0
2352413,2026-09-11_09-02-50.413-240,v5.1.3,3.45,12.0,200,1189,1272,3509,632,2494,3672,15526.92,15609.23,45583.46,15241.84,33765.22,45273.55,0.00,0.00,0.00,-285.09,18156.00,-309.90,18160.88,18160.88,1.006,0.080,0.560,-4.406,-0.719,-0.234,9785,2354.1,0,-0.9501,-0.0364,0.0032,-0.3096,36.0,-1.6,0.0
2352437,2026-09-11_09-02-50.438-240,v5.1.3,3.45,12.0,200,1181,1270,3503,639,2389,3670,15421.28,15585.81,45505.53,15374.29,32394.67,45253.70,0.00,0.00,0.00,-46.99,16808.85,-251.83,16810.81,16810.81,1.008,0.074,0.534,-4.281,-0.594,-3.703,9790,2181.9,0,-0.9502,-0.0367,0.0033,-0.3095,36.0,-1.7,0.0
2352463,2026-09-11_09-02-50.463-240,v5.1.3,3.45,12.0,200,1199,1269,3499,645,2312,3669,15659.54,15570.87,45453.55,15483.87,31389.94,45243.24,0.00,0.00,0.00,-175.67,15819.07,-210.31,15821.44,15821.44,1.006,0.069,0.537,-4.094,-0.438,0.125,9790,2055.7,0,-0.9502,-0.0364,0.0036,-0.3095,36.0,-1.7,0.0
2352498,2026-09-11_09-02-50.498-240,v5.1.3,3.45,12.0,200,1198,1265,3497,653,2188,3679,15646.74,15518.77,45428.04,15664.21,29775.98,45379.31,0.00,0.00,0.00,17.47,14257.22,-48.72,14257.31,14257.31,1.006,0.083,0.535,-4.328,-0.828,0.250,9790,1856.2,0,-0.9501,-0.0367,0.0038,-0.3097,36.0,-1.7,0.0
2352521,2026-09-11_09-02-50.522-240,v5.1.3,3.45,12.0,200,1182,1269,3503,659,2101,3679,15434.62,15572.44,45505.67,15780.26,28641.04,45383.73,0.00,0.00,0.00,345.64,13068.60,-121.94,13073.73,13073.73,1.006,0.078,0.538,-4.672,-1.109,-0.156,9790,1705.2,0,-0.9501,-0.0368,0.0037,-0.3096,36.0,-1.7,0.0
2352553,2026-09-11_09-02-50.553-240,v5.1.3,3.45,12.0,200,1180,1265,3499,645,2021,3687,15408.58,15521.08,45454.08,15647.62,27596.61,45533.26,0.00,0.00,0.00,239.04,12075.53,79.18,12078.15,12078.15,1.006,0.071,0.540,-4.359,-0.656,0.141,9790,1578.2,0,-0.9501,-0.0363,0.0041,-0.3097,36.0,-1.7,0.0
2352581,2026-09-11_09-02-50.583-240,v5.1.3,3.45,12.0,200,1197,1273,3499,666,1931,3677,15632.65,15624.03,45453.00,15940.37,26421.66,45376.96,0.00,0.00,0.00,307.71,10797.63,-76.04,10802.28,10802.28,1.001,0.082,0.536,-4.812,-0.672,-0.062,9785,1415.4,0,-0.9501,-0.0367,0.0038,-0.3097,36.0,-1.7,0.0
2352608,2026-09-11_09-02-50.608-240,v5.1.3,3.45,12.0,200,1181,1274,3494,673,1871,3677,15420.84,15641.24,45387.68,16058.11,25639.50,45373.76,0.00,0.00,0.00,637.27,9998.26,-13.92,10018.56,10018.56,1.002,0.070,0.541,-4.047,-1.188,0.625,9785,1315.5,0,-0.9501,-0.0364,0.0040,-0.3097,36.0,-1.7,0.0
2352643,2026-09-11_09-02-50.643-240,v5.1.3,3.45,12.0,200,1177,1267,3501,667,1787,3683,15368.67,15547.40,45479.87,16028.12,24543.65,45480.91,0.00,0.00,0.00,659.44,8996.24,1.04,9020.38,9020.38,1.009,0.082,0.531,-4.109,-0.812,-0.547,9785,1188.1,0,-0.9501,-0.0367,0.0041,-0.3096,36.0,-1.7,0.0
2352665,2026-09-11_09-02-50.666-240,v5.1.3,3.45,12.0,200,1190,1272,3496,664,1740,3679,15540.14,15612.80,45414.03,15999.72,23927.79,45445.50,0.00,0.00,0.00,459.58,8314.98,31.47,8327.73,8327.73,1.006,0.075,0.531,-4.266,-0.484,-0.109,9785,1099.8,0,-0.9502,-0.0367,0.0040,-0.3096,36.0,-1.7,0.0
2352693,2026-09-11_09-02-50.693-240,v5.1.3,3.45,12.0,200,1192,1262,3507,678,1706,3689,15567.69,15477.22,45558.77,16220.80,23490.30,45550.35,0.00,0.00,0.00,653.12,8013.08,-8.43,8039.66,8039.66,1.011,0.072,0.532,-3.797,-0.719,-0.047,9785,1063.0,0,-0.9501,-0.0365,0.0044,-0.3096,36.0,-1.8,0.0
2352736,2026-09-11_09-02-50.737-240,v5.1.3,3.45,12.0,200,1187,1271,3493,666,1645,3691,15500.54,15600.94,45375.07,16093.11,22692.12,45614.55,0.00,0.00,0.00,592.56,7091.18,239.48,7119.92,7119.92,1.007,0.073,0.536,-4.000,-0.641,0.438,9790,945.7,0,-0.9501,-0.0367,0.0047,-0.3096,36.0,-1.8,0.0
2352763,2026-09-11_09-02-50.763-240,v5.1.3,3.45,12.0,200,1179,1267,3495,669,1610,3686,15395.13,15548.81,45401.68,16136.43,22233.76,45550.76,0.00,0.00,0.00,741.30,6684.95,149.08,6727.58,6727.58,1.003,0.079,0.536,-4.281,-0.828,-0.094,9790,895.7,0,-0.9502,-0.0365,0.0049,-0.3096,36.0,-1.8,0.0
2352793,2026-09-11_09-02-50.793-240,v5.1.3,3.45,12.0,200,1182,1271,3495,685,1582,3680,15434.39,15601.16,45401.13,16345.80,21868.99,45444.32,0.00,0.00,0.00,911.41,6267.82,43.19,6333.89,6333.89,1.008,0.084,0.543,-4.391,-0.469,0.797,9790,845.4,0,-0.9502,-0.0371,0.0049,-0.3095,36.0,-1.8,0.0
2352817,2026-09-11_09-02-50.818-240,v5.1.3,3.45,12.0,200,1188,1266,3499,674,1555,3682,15514.32,15533.00,45453.95,16216.82,21515.00,45499.48,0.00,0.00,0.00,702.50,5981.99,45.53,6023.27,6023.27,1.011,0.065,0.545,-4.594,-0.250,-0.094,9790,805.8,0,-0.9502,-0.0367,0.0052,-0.3094,36.0,-1.9,0.0
2352848,2026-09-11_09-02-50.848-240,v5.1.3,3.45,12.0,200,1186,1268,3494,684,1535,3683,15487.64,15561.18,45388.51,16359.28,21256.16,45494.54,0.00,0.00,0.00,871.65,5694.98,106.02,5762.27,5762.27,1.006,0.082,0.560,-3.812,-1.094,0.203,9790,772.5,0,-0.9502,-0.0366,0.0048,-0.3095,36.0,-1.8,0.0
2352880,2026-09-11_09-02-50.881-240,v5.1.3,3.45,12.0,200,1184,1268,3495,685,1521,3690,15461.18,15561.21,45401.54,16393.95,21076.17,45585.17,0.00,0.00,0.00,932.77,5514.96,183.63,5596.29,5596.29,1.000,0.066,0.550,-4.172,-1.094,0.125,9785,751.3,0,-0.9502,-0.0363,0.0050,-0.3095,36.0,-1.8,0.0
2352903,2026-09-11_09-02-50.903-240,v5.1.3,3.45,12.0,200,1183,1260,3492,676,1501,3689,15448.80,15456.56,45363.54,16281.67,20812.85,45595.99,0.00,0.00,0.00,832.88,5356.29,232.45,5425.64,5425.64,1.002,0.077,0.535,-3.484,-0.734,0.516,9785,729.6,0,-0.9501,-0.0364,0.0056,-0.3097,36.0,-1.9,0.0
2352938,2026-09-11_09-02-50.938-240,v5.1.3,3.45,12.0,200,1181,1249,3495,676,1480,3679,15423.52,15310.71,45404.16,16268.42,20534.85,45471.65,0.00,0.00,0.00,844.90,5224.13,67.49,5292.44,5292.44,1.001,0.081,0.548,-4.047,-0.812,0.391,9785,712.6,0,-0.9500,-0.0370,0.0054,-0.3099,36.1,-1.9,0.0
2352962,2026-09-11_09-02-50.962-240,v5.1.3,3.45,12.0,200,1188,1273,3500,681,1482,3686,15513.57,15625.18,45466.02,16348.97,20564.59,45550.33,0.00,0.00,0.00,835.40,4939.40,84.30,5010.26,5010.26,1.004,0.070,0.544,-4.516,-0.297,0.062,9785,676.6,0,-0.9500,-0.0368,0.0056,-0.3099,36.1,-1.9,0.0
2352990,2026-09-11_09-02-51.991-240,v5.1.3,3.45,12.0,200,1176,1275,3500,674,1462,3685,15354.58,15653.53,45465.74,16263.04,20301.66,45556.79,0.00,0.00,0.00,908.46,4648.13,91.05,4736.95,4736.95,1.004,0.075,0.549,-3.766,-0.703,0.594,9785,641.7,0,-0.9500,-0.0367,0.0055,-0.3099,36.1,-1.9,0.0
2353019,2026-09-11_09-02-51.020-240,v5.1.3,3.45,12.0,200,1185,1267,3500,680,1454,3688,15474.52,15546.41,45466.85,16352.14,20199.49,45583.86,0.00,0.00,0.00,877.62,4653.09,117.02,4736.57,4736.57,1.003,0.075,0.550,-4.547,-0.906,0.125,9785,641.7,0,-0.9500,-0.0370,0.0054,-0.3099,36.1,-1.9,0.0
2353042,2026-09-11_09-02-51.044-240,v5.1.3,3.45,12.0,200,1184,1261,3499,686,1440,3688,15461.93,15467.60,45454.64,16437.14,20017.85,45573.58,0.00,0.00,0.00,975.21,4550.25,118.95,4655.10,4655.10,1.002,0.080,0.543,-4.016,-1.094,0.562,9785,631.3,0,-0.9500,-0.0370,0.0055,-0.3100,36.1,-1.9,0.0
2353073,2026-09-11_09-02-51.073-240,v5.1.3,3.45,12.0,200,1180,1241,3496,674,1430,3691,15411.15,15204.91,45418.29,16289.97,19886.04,45640.37,0.00,0.00,0.00,878.82,4681.13,222.08,4768.08,4768.08,1.006,0.082,0.541,-4.688,-1.203,0.344,9785,645.7,0,-0.9500,-0.0374,0.0054,-0.3100,36.1,-1.9,0.0
2353102,2026-09-11_09-02-51.103-240,v5.1.3,3.45,12.0,200,1184,1267,3496,682,1421,3687,15461.28,15547.72,45414.71,16390.31,19768.57,45573.28,0.00,0.00,0.00,929.03,4220.85,158.57,4324.79,4324.79,1.007,0.074,0.540,-4.031,-0.656,-0.578,9785,589.1,0,-0.9500,-0.0375,0.0058,-0.3100,36.1,-2.0,0.0
2353143,2026-09-11_09-02-51.143-240,v5.1.3,3.45,12.0,200,1180,1260,3499,681,1419,3687,15409.11,15455.03,45454.77,16377.99,19742.26,45575.87,0.00,0.00,0.00,968.88,4287.23,121.10,4397.01,4397.01,1.010,0.071,0.544,-4.141,-0.672,3.844,9785,598.4,0,-0.9499,-0.0367,0.0057,-0.3102,36.1,-1.9,0.0
2353174,2026-09-11_09-02-51.175-240,v5.1.3,3.45,12.0,200,1190,1260,3497,676,1410,3686,15541.42,15454.00,45428.71,16313.73,19623.37,45575.74,0.00,0.00,0.00,772.31,4169.37,147.03,4242.84,4242.84,1.012,0.080,0.529,-3.641,-1.328,0.453,9788,578.7,0,-0.9499,-0.0368,0.0054,-0.3103,36.1,-1.9,0.0
2353198,2026-09-11_09-02-51.199-240,v5.1.3,3.45,12.0,200,1185,1266,3499,677,1404,3690,15474.63,15533.48,45453.95,16338.33,19546.72,45626.20,0.00,0.00,0.00,863.71,4013.23,172.25,4108.74,4108.74,1.007,0.079,0.539,-3.781,-0.969,-0.141,9788,561.6,0,-0.9499,-0.0371,0.0051,-0.3104,36.1,-1.9,0.0
2353233,2026-09-11_09-02-51.233-240,v5.1.3,3.45,12.0,200,1189,1275,3498,667,1396,3686,15526.59,15652.02,45439.68,16201.12,19438.78,45598.21,0.00,0.00,0.00,674.54,3786.76,158.53,3849.64,3849.64,1.014,0.070,0.535,-4.375,-1.125,0.266,9788,528.5,0,-0.9499,-0.0370,0.0051,-0.3103,36.1,-1.9,0.0
2353256,2026-09-11_09-02-51.257-240,v5.1.3,3.45,12.0,200,1188,1268,3496,685,1378,3686,15514.10,15560.29,45414.58,16445.91,19207.25,45562.54,0.00,0.00,0.00,931.81,3646.96,147.96,3767.03,3767.03,0.996,0.078,0.540,-3.844,-1.281,0.219,9788,518.0,0,-0.9499,-0.0368,0.0049,-0.3104,36.1,-1.8,0.0
2353288,2026-09-11_09-02-51.290-240,v5.1.3,3.45,12.0,200,1191,1257,3496,681,1372,3692,15554.97,15414.50,45416.10,16409.08,19130.38,45649.62,0.00,0.00,0.00,854.11,3715.87,233.52,3819.91,3819.91,1.007,0.077,0.535,-4.438,-0.844,-0.047,9788,524.7,0,-0.9499,-0.0371,0.0051,-0.3104,36.1,-1.9,0.0
2353319,2026-09-11_09-02-51.319-240,v5.1.3,3.45,12.0,200,1190,1253,3497,684,1365,3684,15542.17,15361.53,45429.68,16433.83,19036.54,45541.62,0.00,0.00,0.00,891.65,3675.00,111.95,3783.28,3783.28,1.003,0.074,0.539,-4.422,-0.984,0.094,9785,520.1,0,-0.9499,-0.0371,0.0051,-0.3104,36.1,-1.9,0.0
2353343,2026-09-11_09-02-51.343-240,v5.1.3,3.45,12.0,200,1190,1260,3499,671,1361,3694,15541.43,15453.43,45454.78,16286.46,18985.52,45699.38,0.00,0.00,0.00,745.03,3532.10,244.60,3618.09,3618.09,1.004,0.084,0.540,-4.234,-0.875,0.938,9785,499.0,0,-0.9499,-0.0372,0.0051,-0.3104,36.1,-1.9,0.0
2353378,2026-09-11_09-02-51.378-240,v5.1.3,3.45,12.0,200,1187,1264,3497,674,1382,3679,15501.30,15507.32,45428.16,16283.76,19254.69,45495.75,0.00,0.00,0.00,782.46,3747.37,67.59,3828.79,3828.79,1.004,0.080,0.546,-4.234,-0.922,0.094,9785,525.9,0,-0.9499,-0.0372,0.0050,-0.3103,36.1,-1.9,0.0
2353402,2026-09-11_09-02-51.403-240,v5.1.3,3.45,12.0,200,1189,1252,3502,684,1364,3686,15529.06,15347.05,45494.98,16438.69,19024.23,45567.54,0.00,0.00,0.00,909.63,3677.19,72.56,3788.72,3788.72,1.001,0.075,0.545,-3.953,-1.312,-0.078,9785,520.8,0,-0.9499,-0.0371,0.0049,-0.3103,36.1,-1.9,0.0
2353428,2026-09-11_09-02-51.428-240,v5.1.3,3.45,12.0,200,1194,1251,3495,680,1346,3690,15595.31,15335.05,45403.89,16402.53,18789.89,45631.32,0.00,0.00,0.00,807.22,3454.85,227.43,3555.18,3555.18,1.001,0.081,0.542,-4.391,-0.172,0.406,9785,491.0,0,-0.9499,-0.0371,0.0049,-0.3104,36.1,-1.9,0.0
2353456,2026-09-11_09-02-51.457-240,v5.1.3,3.45,12.0,200,1186,1257,3502,680,1364,3691,15488.83,15413.58,45494.29,16397.09,19025.33,45640.56,0.00,0.00,0.00,908.26,3611.75,146.27,3727.08,3727.08,1.003,0.080,0.544,-4.141,-1.047,0.016,9791,512.9,0,-0.9499,-0.0375,0.0048,-0.3103,36.1,-1.9,0.0
2353478,2026-09-11_09-02-51.478-240,v5.1.3,3.45,12.0,200,1185,1281,3498,677,1370,3693,15473.02,15731.92,45438.86,16359.46,19103.85,45671.61,0.00,0.00,0.00,886.44,3371.93,232.76,3494.27,3494.27,1.005,0.080,0.539,-4.359,-0.609,-0.109,9791,483.2,0,-0.9499,-0.0375,0.0049,-0.3103,36.1,-1.9,0.0
2353508,2026-09-11_09-02-51.508-240,v5.1.3,3.45,12.0,200,1188,1282,3501,676,1373,3686,15512.61,15743.78,45477.82,16329.47,19140.19,45583.19,0.00,0.00,0.00,816.86,3396.41,105.38,3494.85,3494.85,1.005,0.081,0.534,-4.312,-0.656,0.469,9791,483.3,0,-0.9499,-0.0374,0.0048,-0.3102,36.1,-1.8,0.0
2353550,2026-09-11_09-02-51.551-240,v5.1.3,3.45,12.0,200,1190,1247,3497,677,1355,3689,15542.82,15282.28,45430.50,16356.96,18906.46,45623.20,0.00,0.00,0.00,814.14,3624.18,192.70,3719.50,3719.50,1.003,0.074,0.538,-0.078,-0.734,-0.109,9791,511.9,0,-0.9498,-0.0370,0.0046,-0.3105,36.1,-1.8,0.0
2353578,2026-09-11_09-02-51.578-240,v5.1.3,3.45,12.0,200,1190,1241,3505,675,1340,3685,15543.47,15200.72,45535.59,16328.12,18708.68,45579.16,0.00,0.00,0.00,784.65,3507.96,43.57,3594.91,3594.91,1.005,0.087,0.541,-4.297,-1.172,-3.938,9791,496.0,0,-0.9499,-0.0380,0.0045,-0.3104,36.1,-1.8,0.0
2353612,2026-09-11_09-02-51.613-240,v5.1.3,3.45,12.0,200,1187,1267,3499,675,1375,3686,15500.98,15546.38,45453.81,16315.45,19166.11,45584.97,0.00,0.00,0.00,814.46,3619.74,131.16,3712.55,3712.55,1.006,0.069,0.539,-3.844,-1.094,0.531,9787,511.0,0,-0.9499,-0.0370,0.0047,-0.3104,36.1,-1.8,0.0
2353634,2026-09-11_09-02-51.635-240,v5.1.3,3.45,12.0,200,1183,1264,3495,680,1345,3694,15448.37,15508.54,45402.09,16411.83,18778.35,45682.95,0.00,0.00,0.00,963.46,3269.81,280.86,3420.35,3420.35,1.005,0.082,0.545,-4.328,-0.875,0.000,9787,473.8,0,-0.9499,-0.0371,0.0044,-0.3104,36.1,-1.8,0.0
2353663,2026-09-11_09-02-51.663-240,v5.1.3,3.45,12.0,200,1188,1264,3498,685,1353,3688,15514.53,15506.87,45441.20,16460.98,18881.53,45593.29,0.00,0.00,0.00,946.45,3374.66,152.09,3508.17,3508.17,1.004,0.069,0.541,-4.719,-0.578,0.766,9787,485.0,0,-0.9499,-0.0367,0.0045,-0.3103,36.1,-1.8,0.0
2353694,2026-09-11_09-02-51.695-240,v5.1.3,3.45,12.0,200,1187,1251,3497,680,1343,3688,15502.70,15335.59,45429.95,16399.37,18749.96,45606.21,0.00,0.00,0.00,896.67,3414.37,176.27,3534.55,3534.55,1.000,0.081,0.548,-4.203,-1.359,0.781,9787,488.3,0,-0.9499,-0.0367,0.0048,-0.3104,36.1,-1.8,0.0
2353718,2026-09-11_09-02-51.718-240,v5.1.3,3.45,12.0,200,1185,1270,3489,680,1353,3687,15474.18,15589.20,45323.07,16392.89,18880.18,45591.34,0.00,0.00,0.00,918.71,3290.98,268.27,3427.32,3427.32,1.002,0.075,0.549,-4.219,-0.672,0.062,9787,474.7,0,-0.9499,-0.0368,0.0049,-0.3104,36.1,-1.8,0.0
2353753,2026-09-11_09-02-51.753-240,v5.1.3,3.45,12.0,200,1186,1262,3501,671,1370,3679,15488.29,15479.91,45480.57,16249.35,19097.40,45504.71,0.00,0.00,0.00,761.06,3617.49,24.15,3696.75,3696.75,1.005,0.078,0.542,-4.438,-0.953,0.141,9792,509.0,0,-0.9499,-0.0370,0.0051,-0.3103,36.1,-1.9,0.0
2353776,2026-09-11_09-02-51.777-240,v5.1.3,3.45,12.0,200,1185,1264,3503,681,1355,3690,15474.85,15505.91,45506.36,16411.88,18907.62,45627.33,0.00,0.00,0.00,937.03,3401.71,120.97,3530.48,3530.48,1.008,0.073,0.549,-4.156,-0.562,0.203,9792,487.8,0,-0.9499,-0.0370,0.0048,-0.3103,36.1,-1.8,0.0
2353808,2026-09-11_09-02-51.808-240,v5.1.3,3.45,12.0,200,1186,1279,3487,671,1376,3687,15486.45,15708.50,45295.77,16264.54,19178.77,45606.36,0.00,0.00,0.00,778.10,3470.27,310.60,3569.97,3569.97,1.001,0.070,0.547,-3.422,-1.094,-3.953,9792,492.9,0,-0.9500,-0.0370,0.0048,-0.3100,36.1,-1.8,0.0
2353837,2026-09-11_09-02-51.838-240,v5.1.3,3.45,12.0,200,1188,1266,3500,677,1342,3689,15514.32,15532.72,45466.99,16362.49,18736.70,45625.82,0.00,0.00,0.00,848.17,3203.98,158.83,3318.15,3318.15,1.004,0.081,0.543,-3.734,-1.094,0.438,9792,460.7,0,-0.9500,-0.0374,0.0042,-0.3100,36.1,-1.8,0.0
2353863,2026-09-11_09-02-51.863-240,v5.1.3,3.45,12.0,200,1187,1266,3496,680,1344,3682,15501.08,15534.03,45414.86,16385.63,18760.76,45528.87,0.00,0.00,0.00,884.54,3226.73,114.01,3347.72,3347.72,1.000,0.071,0.549,-3.625,-0.812,0.625,9792,464.5,0,-0.9500,-0.0370,0.0041,-0.3100,36.1,-1.8,0.0
2353898,2026-09-11_09-02-51.898-240,v5.1.3,3.45,12.0,200,1189,1267,3493,679,1336,3689,15527.44,15547.78,45375.62,16391.39,18658.74,45622.66,0.00,0.00,0.00,863.96,3110.96,247.04,3238.13,3238.13,1.006,0.075,0.537,-3.188,-0.859,0.375,9793,450.5,0,-0.9500,-0.0372,0.0043,-0.3099,36.1,-1.8,0.0
2353922,2026-09-11_09-02-51.923-240,v5.1.3,3.45,12.0,200,1197,1265,3498,702,1352,3689,15633.51,15518.64,45441.07,16687.58,18872.19,45569.22,0.00,0.00,0.00,1054.07,3353.55,128.16,3517.64,3517.64,1.008,0.070,0.542,-4.984,-0.719,0.172,9793,486.2,0,-0.9500,-0.0369,0.0041,-0.3099,36.1,-1.8,0.0
2353968,2026-09-11_09-02-51.968-240,v5.1.3,3.45,12.0,200,1180,1253,3505,686,1356,3680,15409.87,15360.84,45533.93,16455.13,18917.89,45487.64,0.00,0.00,0.00,1045.25,3557.05,-46.30,3707.74,3707.74,1.004,0.078,0.531,-4.438,-0.750,0.688,9793,510.4,0,-0.9500,-0.0367,0.0044,-0.3100,36.1,-1.8,0.0
2353993,2026-09-11_09-02-52.994-240,v5.1.3,3.45,12.0,200,1183,1266,3493,678,1362,3696,15448.16,15535.53,45375.75,16382.69,19000.71,45709.61,0.00,0.00,0.00,934.53,3465.18,333.86,3604.48,3604.48,1.006,0.081,0.534,-3.750,-0.406,0.672,9793,497.3,0,-0.9500,-0.0369,0.0046,-0.3101,36.1,-1.8,0.0
2354018,2026-09-11_09-02-52.018-240,v5.1.3,3.45,12.0,200,1197,1267,3493,681,1361,3686,15633.29,15546.50,45375.63,16400.45,18984.47,45574.69,0.00,0.00,0.00,767.16,3437.97,199.06,3528.14,3528.14,1.010,0.077,0.533,-4.156,-1.062,0.484,9793,487.5,0,-0.9499,-0.0370,0.0048,-0.3102,36.1,-1.8,0.0
2354053,2026-09-11_09-02-52.053-240,v5.1.3,3.45,12.0,200,1188,1252,3500,681,1360,3681,15515.82,15347.78,45468.91,16389.78,18969.52,45510.61,0.00,0.00,0.00,873.95,3621.74,41.70,3725.93,3725.93,1.007,0.081,0.537,-4.109,-0.797,0.516,9795,512.7,0,-0.9499,-0.0370,0.0046,-0.3103,36.1,-1.8,0.0
2354076,2026-09-11_09-02-52.077-240,v5.1.3,3.45,12.0,200,1184,1258,3504,673,1340,3684,15462.26,15426.53,45520.21,16299.55,18707.91,45570.67,0.00,0.00,0.00,837.29,3281.38,50.46,3386.89,3386.89,1.010,0.076,0.533,-4.703,-1.125,0.312,9795,469.5,0,-0.9499,-0.0369,0.0048,-0.3103,36.1,-1.8,0.0
2354108,2026-09-11_09-02-52.108-240,v5.1.3,3.45,12.0,200,1184,1264,3504,676,1362,3685,15461.62,15505.79,45519.39,16331.93,18996.17,45572.55,0.00,0.00,0.00,870.31,3490.38,53.16,3597.64,3597.64,1.009,0.078,0.531,-4.594,-0.266,-0.141,9795,496.4,0,-0.9499,-0.0368,0.0049,-0.3103,36.1,-1.8,0.0
2354134,2026-09-11_09-02-52.134-240,v5.1.3,3.45,12.0,200,1192,1244,3500,679,1350,3692,15569.61,15241.46,45470.02,16392.09,18842.69,45658.42,0.00,0.00,0.00,822.49,3601.23,188.40,3698.76,3698.76,1.007,0.081,0.531,-4.672,-0.984,0.375,9795,509.3,0,-0.9499,-0.0372,0.0049,-0.3103,36.1,-1.9,0.0
2354157,2026-09-11_09-02-52.158-240,v5.1.3,3.45,12.0,200,1193,1245,3508,674,1340,3680,15582.74,15252.21,45574.14,16303.85,18706.60,45517.06,0.00,0.00,0.00,721.11,3454.38,-57.09,3529.31,3529.31,1.007,0.067,0.537,-4.141,-0.797,0.516,9795,487.7,0,-0.9499,-0.0367,0.0051,-0.3103,36.1,-1.9,0.0
2354188,2026-09-11_09-02-52.188-240,v5.1.3,3.45,12.0,200,1188,1243,3497,682,1344,3686,15516.78,15229.76,45431.05,16420.85,18762.66,45575.93,0.00,0.00,0.00,904.07,3532.91,144.88,3649.62,3649.62,1.002,0.075,0.537,-3.750,-0.703,0.125,9795,503.0,0,-0.9499,-0.0365,0.0050,-0.3104,36.1,-1.8,0.0
2354215,2026-09-11_09-02-52.216-240,v5.1.3,3.45,12.0,200,1190,1236,3503,684,1343,3684,15544.00,15135.25,45510.21,16443.19,18749.24,45546.05,0.00,0.00,0.00,899.18,3613.99,35.84,3724.35,3724.35,1.004,0.081,0.530,-3.859,-0.891,0.188,9795,512.5,0,-0.9499,-0.0369,0.0048,-0.3104,36.1,-1.8,0.0
2354243,2026-09-11_09-02-52.243-240,v5.1.3,3.45,12.0,200,1183,1265,3496,685,1354,3683,15448.27,15521.46,45414.99,16449.46,18892.71,45528.80,0.00,0.00,0.00,1001.20,3371.25,113.81,3518.61,3518.61,1.006,0.067,0.534,-4.078,-1.469,-0.094,9795,486.3,0,-0.9499,-0.0367,0.0049,-0.3105,36.1,-1.8,0.0
2354278,2026-09-11_09-02-52.278-240,v5.1.3,3.45,12.0,200,1193,1260,3495,683,1364,3684,15581.11,15454.10,45402.65,16421.08,19023.28,45544.01,0.00,0.00,0.00,839.96,3569.19,141.36,3669.41,3669.41,1.007,0.082,0.532,-4.062,-0.875,0.000,9795,505.5,0,-0.9499,-0.0367,0.0049,-0.3104,36.1,-1.8,0.0
2354300,2026-09-11_09-02-52.301-240,v5.1.3,3.45,12.0,200,1186,1287,3503,687,1371,3687,15485.61,15809.58,45503.20,16477.45,19116.61,45572.43,0.00,0.00,0.00,991.84,3307.03,69.24,3453.26,3453.26,1.008,0.079,0.538,-4.750,-0.984,0.188,9795,478.0,0,-0.9499,-0.0370,0.0046,-0.3104,36.1,-1.8,0.0
2354328,2026-09-11_09-02-52.328-240,v5.1.3,3.45,12.0,200,1189,1257,3498,682,1348,3688,15528.52,15414.25,45442.16,16423.59,18815.65,45600.84,0.00,0.00,0.00,895.07,3401.41,158.68,3520.78,3520.78,1.002,0.071,0.539,-4.000,-0.984,0.453,9788,486.6,0,-0.9499,-0.0365,0.0047,-0.3105,36.1,-1.8,0.0
2354373,2026-09-11_09-02-52.374-240,v5.1.3,3.46,12.0,200,1181,1268,3496,672,1378,3687,15421.48,15561.41,45414.57,16276.87,19205.08,45603.78,0.00,0.00,0.00,855.38,3643.67,189.20,3747.51,3747.51,1.006,0.069,0.540,-3.922,-1.156,-0.203,9788,515.5,0,-0.9498,-0.0371,0.0049,-0.3105,36.1,-1.9,0.0
2354398,2026-09-11_09-02-52.398-240,v5.1.3,3.46,12.0,200,1197,1259,3498,680,1352,3682,15634.15,15439.38,45441.89,16382.22,18865.23,45527.26,0.00,0.00,0.00,748.07,3425.85,85.36,3507.61,3507.61,1.002,0.069,0.536,-4.125,-0.719,0.062,9788,484.9,0,-0.9499,-0.0366,0.0050,-0.3105,36.1,-1.9,0.0
2354430,2026-09-11_09-02-52.431-240,v5.1.3,3.46,12.0,200,1187,1270,3510,680,1362,3685,15500.68,15582.84,45596.77,16384.63,18996.95,45563.82,0.00,0.00,0.00,883.95,3414.11,-32.95,3526.84,3526.84,1.004,0.084,0.538,-4.188,-1.219,0.188,9788,487.3,0,-0.9498,-0.0374,0.0049,-0.3106,36.1,-1.9,0.0
2354455,2026-09-11_09-02-52.456-240,v5.1.3,3.46,12.0,200,1188,1265,3491,679,1358,3696,15514.42,15522.10,45349.83,16397.57,18948.67,45708.23,0.00,0.00,0.00,883.15,3426.57,358.41,3556.66,3556.66,1.007,0.066,0.540,-4.000,-0.891,0.281,9788,491.2,0,-0.9498,-0.0368,0.0051,-0.3105,36.1,-1.9,0.0
2354488,2026-09-11_09-02-52.488-240,v5.1.3,3.46,12.0,200,1187,1241,3502,676,1350,3689,15503.77,15202.06,45496.49,16345.91,18840.97,45626.39,0.00,0.00,0.00,842.14,3638.91,129.90,3737.34,3737.34,1.006,0.075,0.541,-5.062,-1.250,-0.250,9781,514.2,0,-0.9499,-0.0368,0.0050,-0.3104,36.1,-1.8,0.0
2354518,2026-09-11_09-02-52.519-240,v5.1.3,3.46,12.0,200,1189,1247,3503,681,1344,3679,15529.59,15280.71,45508.70,16392.14,18759.83,45488.12,0.00,0.00,0.00,862.55,3479.12,-20.58,3584.50,3584.50,1.004,0.072,0.535,-4.484,-0.562,0.172,9781,494.7,0,-0.9499,-0.0365,0.0050,-0.3103,36.1,-1.8,0.0
2354543,2026-09-11_09-02-52.543-240,v5.1.3,3.46,12.0,200,1183,1270,3492,682,1350,3693,15447.73,15588.66,45362.17,16433.83,18843.65,45664.72,0.00,0.00,0.00,986.11,3255.00,302.55,3414.52,3414.52,1.007,0.076,0.539,-3.672,-1.250,-0.031,9781,473.0,0,-0.9499,-0.0366,0.0050,-0.3104,36.1,-1.9,0.0
2354573,2026-09-11_09-02-52.573-240,v5.1.3,3.46,12.0,200,1196,1265,3501,682,1363,3685,15620.28,15517.94,45480.16,16410.55,19010.40,45559.25,0.00,0.00,0.00,790.27,3492.47,79.09,3581.64,3581.64,1.005,0.082,0.536,-4.797,-1.266,0.250,9781,494.3,0,-0.9499,-0.0371,0.0050,-0.3103,36.1,-1.9,0.0
2354596,2026-09-11_09-02-52.597-240,v5.1.3,3.46,12.0,200,1185,1255,3503,679,1362,3687,15475.81,15387.03,45507.59,16375.89,18997.51,45591.71,0.00,0.00,0.00,900.08,3610.48,84.12,3721.94,3721.94,1.004,0.072,0.538,-4.938,-0.891,-0.469,9781,512.2,0,-0.9500,-0.0370,0.0049,-0.3101,36.1,-1.8,0.0
2354621,2026-09-11_09-02-52.623-240,v5.1.3,3.46,12.0,200,1195,1247,3499,684,1335,3682,15608.98,15280.90,45456.57,16442.15,18644.02,45521.95,0.00,0.00,0.00,833.18,3363.12,65.38,3465.40,3465.40,1.004,0.085,0.538,-3.812,-0.938,-0.156,9792,479.5,0,-0.9499,-0.0374,0.0050,-0.3102,36.1,-1.9,0.0
2354653,2026-09-11_09-02-52.653-240,v5.1.3,3.46,12.0,200,1193,1247,3500,683,1345,3677,15582.51,15280.93,45469.61,16413.63,18772.53,45457.83,0.00,0.00,0.00,831.11,3491.59,-11.77,3589.17,3589.17,1.000,0.077,0.537,-4.688,-0.734,0.250,9792,495.3,0,-0.9499,-0.0375,0.0049,-0.3102,36.1,-1.9,0.0
2354677,2026-09-11_09-02-52.678-240,v5.1.3,3.46,12.0,200,1195,1243,3501,674,1357,3689,15609.41,15227.49,45483.19,16316.59,18931.99,45629.35,0.00,0.00,0.00,707.18,3704.50,146.16,3774.23,3774.23,1.006,0.071,0.539,-4.219,-0.812,0.172,9792,518.9,0,-0.9499,-0.0372,0.0051,-0.3103,36.1,-1.9,0.0
2354708,2026-09-11_09-02-52.708-240,v5.1.3,3.46,12.0,200,1185,1254,3492,674,1332,3691,15475.90,15376.98,45364.37,16331.66,18606.27,45660.10,0.00,0.00,0.00,855.76,3229.29,295.73,3353.82,3353.82,1.005,0.081,0.539,-3.984,-0.500,0.953,9792,465.3,0,-0.9499,-0.0369,0.0050,-0.3104,36.1,-1.9,0.0
2354738,2026-09-11_09-02-52.738-240,v5.1.3,3.46,12.0,200,1187,1256,3498,682,1355,3692,15502.16,15401.36,45442.30,16429.49,18908.57,45650.86,0.00,0.00,0.00,927.33,3507.22,208.56,3633.73,3633.73,1.007,0.076,0.539,-3.891,-0.844,0.234,9792,501.0,0,-0.9499,-0.0370,0.0051,-0.3104,36.1,-1.9,0.0
2354763,2026-09-11_09-02-52.763-240,v5.1.3,3.46,12.0,200,1198,1255,3502,683,1352,3693,15647.82,15385.23,45494.58,16446.16,18869.97,45662.14,0.00,0.00,0.00,798.34,3484.74,167.56,3578.94,3578.94,1.006,0.065,0.538,-4.141,-0.828,-0.250,9781,494.0,0,-0.9499,-0.0364,0.0053,-0.3104,36.1,-1.9,0.0
2354810,2026-09-11_09-02-52.811-240,v5.1.3,3.46,12.0,200,1186,1267,3497,680,1345,3686,15487.75,15547.11,45427.75,16394.08,18775.33,45580.10,0.00,0.00,0.00,906.33,3228.22,152.35,3356.49,3356.49,1.007,0.072,0.540,-4.562,-0.922,0.266,9781,465.6,0,-0.9499,-0.0372,0.0052,-0.3104,36.1,-1.9,0.0
2354832,2026-09-11_09-02-52.834-240,v5.1.3,3.46,12.0,200,1189,1259,3513,672,1367,3683,15528.32,15436.35,45637.38,16272.67,19059.92,45554.57,0.00,0.00,0.00,744.35,3623.57,-82.81,3700.16,3700.16,1.004,0.077,0.542,-3.500,-0.719,0.297,9781,509.5,0,-0.9498,-0.0368,0.0052,-0.3105,36.1,-1.9,0.0
2354863,2026-09-11_09-02-52.863-240,v5.1.3,3.46,12.0,200,1195,1247,3503,688,1345,3691,15608.98,15279.75,45508.71,16510.56,18778.79,45626.91,0.00,0.00,0.00,901.58,3499.04,118.21,3615.26,3615.26,1.001,0.091,0.537,-4.625,-0.859,0.406,9781,498.6,0,-0.9498,-0.0375,0.0051,-0.3105,36.1,-1.9,0.0
2354891,2026-09-11_09-02-52.892-240,v5.1.3,3.46,12.0,200,1196,1264,3502,686,1351,3683,15620.39,15504.44,45493.34,16463.91,18853.73,45527.22,0.00,0.00,0.00,843.52,3349.29,33.88,3454.04,3454.04,1.005,0.053,0.542,-4.750,-0.594,0.219,9799,478.1,0,-0.9499,-0.0364,0.0053,-0.3104,36.1,-1.9,0.0
2354915,2026-09-11_09-02-52.916-240,v5.1.3,3.46,12.0,200,1196,1263,3501,691,1351,3682,15620.49,15491.52,45480.44,16527.56,18854.33,45503.44,0.00,0.00,0.00,907.07,3362.81,23.00,3483.08,3483.08,1.007,0.052,0.539,-3.000,-0.781,-1.047,9799,481.8,0,-0.9499,-0.0356,0.0055,-0.3105,36.1,-1.9,0.0
2354948,2026-09-11_09-02-52.948-240,v5.1.3,3.46,12.0,200,1185,1273,3500,686,1372,3679,15473.88,15625.66,45466.02,16446.10,19126.45,45471.56,0.00,0.00,0.00,972.22,3500.79,5.54,3633.29,3633.29,0.997,0.139,0.529,-4.156,-1.094,-0.203,9799,500.9,0,-0.9498,-0.0372,0.0053,-0.3107,36.2,-1.9,0.0
2354971,2026-09-11_09-02-53.972-240,v5.1.3,3.46,12.0,200,1200,1263,3493,683,1360,3694,15673.41,15493.18,45376.18,16444.97,18974.82,45673.38,0.00,0.00,0.00,771.56,3481.64,297.20,3578.47,3578.47,1.003,0.115,0.538,-5.812,-0.844,2.469,9799,493.9,0,-0.9497,-0.0378,0.0050,-0.3107,36.2,-1.9,0.0
2354998,2026-09-11_09-02-53.998-240,v5.1.3,3.46,12.0,200,1183,1267,3500,680,1338,3685,15448.06,15546.73,45466.84,16394.84,18683.54,45568.65,0.00,0.00,0.00,946.78,3136.81,101.81,3278.16,3278.16,1.015,-0.013,0.543,-5.047,-0.766,0.875,9799,455.6,0,-0.9499,-0.0363,0.0055,-0.3105,36.1,-1.9,0.0
2355030,2026-09-11_09-02-53.030-240,v5.1.3,3.46,12.0,200,1190,1239,3493,681,1351,3686,15543.67,15177.75,45379.47,16404.70,18853.88,45576.71,0.00,0.00,0.00,861.03,3676.13,197.23,3780.77,3780.77,1.007,0.146,0.530,-2.281,-0.719,0.281,9799,519.7,0,-0.9496,-0.0367,0.0054,-0.3112,36.2,-1.9,0.0
2355053,2026-09-11_09-02-53.054-240,v5.1.3,3.46,12.0,200,1187,1267,3500,685,1353,3690,15500.98,15546.09,45466.85,16465.42,18882.29,45619.00,0.00,0.00,0.00,964.44,3336.20,152.15,3476.14,3476.14,1.012,0.075,0.531,-6.484,-0.797,1.000,9798,480.9,0,-0.9497,-0.0370,0.0055,-0.3110,36.2,-1.9,0.0
2355078,2026-09-11_09-02-53.078-240,v5.1.3,3.46,12.0,200,1192,1260,3492,686,1358,3694,15567.88,15455.12,45363.55,16485.34,18949.29,45667.23,0.00,0.00,0.00,917.46,3494.17,303.68,3625.35,3625.35,0.998,0.022,0.540,-4.578,-0.531,-0.391,9798,499.9,0,-0.9497,-0.0359,0.0057,-0.3110,36.2,-1.9,0.0
2355109,2026-09-11_09-02-53.109-240,v5.1.3,3.46,12.0,200,1189,1278,3495,685,1353,3687,15526.26,15692.51,45400.17,16458.76,18881.16,45580.43,0.00,0.00,0.00,932.50,3188.65,180.25,3327.09,3327.09,1.007,0.146,0.539,-5.578,-1.062,0.094,9798,461.9,0,-0.9497,-0.0374,0.0052,-0.3109,36.2,-1.9,0.0
2355133,2026-09-11_09-02-53.133-240,v5.1.3,3.46,12.0,200,1193,1253,3483,686,1344,3676,15581.85,15365.08,45247.22,16451.36,18759.68,45438.63,0.00,0.00,0.00,869.51,3394.60,191.41,3509.41,3509.41,1.003,0.036,0.540,-4.781,-0.906,0.812,9798,485.1,0,-0.9497,-0.0371,0.0053,-0.3108,36.2,-1.9,0.0
2355168,2026-09-11_09-02-53.168-240,v5.1.3,3.46,12.0,200,1193,1256,3501,676,1324,3688,15581.55,15399.53,45481.40,16354.76,18501.06,45618.77,0.00,0.00,0.00,773.21,3101.53,137.38,3199.41,3199.41,1.004,0.095,0.547,-2.688,-0.906,-0.844,9798,445.6,0,-0.9497,-0.0369,0.0050,-0.3110,36.2,-1.9,0.0
2355209,2026-09-11_09-02-53.209-240,v5.1.3,3.46,12.0,200,1183,1268,3501,676,1333,3685,15447.95,15559.65,45479.74,16344.27,18617.46,45578.39,0.00,0.00,0.00,896.32,3057.82,98.65,3188.00,3188.00,1.010,0.048,0.531,-5.359,-0.297,1.562,9793,444.1,0,-0.9498,-0.0372,0.0054,-0.3106,36.2,-1.9,0.0
2355238,2026-09-11_09-02-53.239-240,v5.1.3,3.46,12.0,200,1191,1271,3496,674,1319,3688,15553.47,15599.43,45414.17,16330.54,18435.38,45624.15,0.00,0.00,0.00,777.06,2835.95,209.98,2947.97,2947.97,1.006,0.055,0.527,-3.203,-0.297,-0.141,9793,413.5,0,-0.9498,-0.0361,0.0057,-0.3107,36.2,-1.9,0.0
2355269,2026-09-11_09-02-53.270-240,v5.1.3,3.46,12.0,200,1185,1269,3497,691,1333,3684,15474.30,15573.69,45427.47,16539.66,18620.03,45532.78,0.00,0.00,0.00,1065.35,3046.34,105.31,3228.97,3228.97,1.010,0.113,0.531,-5.422,-0.516,0.344,9793,449.4,0,-0.9498,-0.0375,0.0052,-0.3106,36.2,-1.9,0.0
2355293,2026-09-11_09-02-53.293-240,v5.1.3,3.46,12.0,200,1195,1258,3495,685,1311,3689,15607.79,15427.35,45402.93,16481.07,18333.44,45614.60,0.00,0.00,0.00,873.28,2906.09,211.67,3041.84,3041.84,1.009,0.028,0.537,-4.922,-0.812,0.062,9793,425.5,0,-0.9499,-0.0363,0.0054,-0.3105,36.1,-1.9,0.0
2355328,2026-09-11_09-02-53.328-240,v5.1.3,3.46,12.0,200,1189,1270,3494,693,1301,3682,15527.12,15587.12,45388.24,16575.18,18201.78,45509.14,0.00,0.00,0.00,1048.06,2614.66,120.90,2819.49,2819.49,1.010,0.116,0.534,-3.109,-0.500,-0.250,9795,397.1,0,-0.9498,-0.0363,0.0050,-0.3108,36.2,-1.8,0.0
2355352,2026-09-11_09-02-53.353-240,v5.1.3,3.46,12.0,200,1190,1266,3493,691,1292,3685,15540.77,15534.41,45375.76,16559.32,18084.99,45553.89,0.00,0.00,0.00,1018.55,2550.58,178.14,2752.21,2752.21,1.005,0.090,0.533,-5.250,-0.531,0.562,9795,388.5,0,-0.9498,-0.0372,0.0048,-0.3106,36.2,-1.9,0.0
2355383,2026-09-11_09-02-53.383-240,v5.1.3,3.46,12.0,200,1195,1252,3496,681,1285,3682,15608.44,15347.81,45416.79,16423.90,17990.49,45538.57,0.00,0.00,0.00,815.47,2642.68,121.78,2768.31,2768.31,1.005,0.030,0.536,-3.391,-0.266,-0.734,9795,390.6,0,-0.9498,-0.0358,0.0051,-0.3106,36.2,-1.8,0.0
2355414,2026-09-11_09-02-53.415-240,v5.1.3,3.46,12.0,200,1191,1250,3494,695,1262,3680,15555.72,15322.61,45390.99,16613.68,17692.13,45486.91,0.00,0.00,0.00,1057.96,2369.52,95.92,2596.75,2596.75,1.013,0.116,0.530,-4.047,-1.156,0.547,9795,368.7,0,-0.9498,-0.0374,0.0048,-0.3107,36.2,-1.9,0.0
2355438,2026-09-11_09-02-53.439-240,v5.1.3,3.46,12.0,200,1197,1259,3498,692,1260,3687,15634.15,15439.38,45441.89,16590.54,17668.06,45583.87,0.00,0.00,0.00,956.39,2228.68,141.97,2429.37,2429.37,1.002,0.062,0.531,-4.844,-0.906,0.672,9795,347.4,0,-0.9498,-0.0373,0.0048,-0.3106,36.2,-1.8,0.0
2355468,2026-09-11_09-02-53.468-240,v5.1.3,3.46,12.0,200,1193,1266,3500,687,1261,3686,15580.48,15531.92,45466.99,16522.03,17679.76,45581.73,0.00,0.00,0.00,941.55,2147.85,114.73,2347.96,2347.96,1.009,0.069,0.538,-3.531,-0.594,-0.031,9795,337.0,0,-0.9498,-0.0363,0.0051,-0.3107,36.2,-1.8,0.0
2355491,2026-09-11_09-02-53.492-240,v5.1.3,3.46,12.0,200,1195,1268,3498,682,1280,3691,15606.72,15558.59,45440.65,16459.18,17928.78,45653.10,0.00,0.00,0.00,852.45,2370.19,212.45,2527.77,2527.77,1.006,0.106,0.545,-4.016,-0.578,0.047,9797,359.9,0,-0.9498,-0.0375,0.0047,-0.3107,36.2,-1.8,0.0
2355518,2026-09-11_09-02-53.518-240,v5.1.3,3.46,12.0,200,1200,1259,3495,687,1265,3684,15673.84,15439.76,45402.80,16515.89,17731.24,45555.21,0.00,0.00,0.00,842.05,2291.48,152.41,2446.05,2446.05,1.004,0.051,0.539,-4.672,-0.734,0.203,9797,349.5,0,-0.9498,-0.0372,0.0047,-0.3106,36.2,-1.8,0.0
2355550,2026-09-11_09-02-53.551-240,v5.1.3,3.46,12.0,200,1180,1261,3497,676,1260,3686,15409.00,15468.82,45428.57,16377.55,17664.54,45605.95,0.00,0.00,0.00,968.54,2195.73,177.38,2406.40,2406.40,1.006,0.090,0.541,-3.453,-0.891,-0.328,9797,344.4,0,-0.9497,-0.0365,0.0051,-0.3111,36.2,-1.9,0.0
2355574,2026-09-11_09-02-53.575-240,v5.1.3,3.46,12.0,200,1201,1274,3503,684,1279,3683,15685.47,15635.45,45505.00,16468.20,17913.10,45546.08,0.00,0.00,0.00,782.72,2277.65,41.09,2408.74,2408.74,1.006,0.086,0.543,-4.250,-0.906,-0.172,9797,344.7,0,-0.9497,-0.0373,0.0048,-0.3110,36.2,-1.9,0.0
2355618,2026-09-11_09-02-53.618-240,v5.1.3,3.46,12.0,200,1192,1257,3496,692,1217,3682,15568.21,15414.34,45416.10,16597.74,17104.64,45528.24,0.00,0.00,0.00,1029.54,1690.30,112.14,1982.33,1982.33,1.017,0.080,0.538,-4.531,-0.703,-0.125,9796,290.3,0,-0.9497,-0.0371,0.0047,-0.3110,36.2,-1.8,0.0
2355645,2026-09-11_09-02-53.646-240,v5.1.3,3.46,12.0,200,1187,1256,3502,682,1253,3681,15502.17,15400.21,45494.43,16448.47,17572.42,45529.97,0.00,0.00,0.00,946.31,2172.22,35.54,2369.66,2369.66,1.013,0.074,0.521,-4.578,-0.672,-0.141,9796,339.7,0,-0.9497,-0.0373,0.0045,-0.3110,36.2,-1.8,0.0
2355673,2026-09-11_09-02-53.673-240,v5.1.3,3.46,12.0,200,1191,1257,3496,682,1246,3682,15554.97,15414.50,45416.10,16453.67,17481.39,45544.23,0.00,0.00,0.00,898.69,2066.89,128.14,2257.45,2257.45,1.007,0.075,0.518,-3.891,-0.891,0.250,9796,325.4,0,-0.9496,-0.0371,0.0046,-0.3111,36.2,-1.8,0.0
2355706,2026-09-11_09-02-53.707-240,v5.1.3,3.46,12.0,200,1191,1258,3497,678,1235,3686,15554.87,15427.42,45428.99,16414.53,17338.47,45606.61,0.00,0.00,0.00,859.66,1911.05,177.62,2103.01,2103.01,1.004,0.090,0.548,-4.672,-0.281,0.094,9796,305.7,0,-0.9496,-0.0379,0.0041,-0.3110,36.2,-1.8,0.0
2355729,2026-09-11_09-02-53.730-240,v5.1.3,3.46,12.0,200,1197,1280,3507,685,1256,3680,15631.91,15714.20,45556.30,16484.50,17611.81,45509.96,0.00,0.00,0.00,852.59,1897.62,-46.34,2080.87,2080.87,1.005,0.087,0.543,-4.484,-0.484,0.688,9796,302.9,0,-0.9496,-0.0378,0.0042,-0.3111,36.2,-1.8,0.0
2355758,2026-09-11_09-02-53.758-240,v5.1.3,3.46,12.0,200,1181,1265,3498,681,1243,3684,15421.81,15521.20,45441.05,16446.21,17442.77,45572.74,0.00,0.00,0.00,1024.40,1921.57,131.69,2181.55,2181.55,1.001,0.066,0.544,-7.859,-1.062,-0.406,9788,315.7,0,-0.9498,-0.0369,0.0045,-0.3105,36.1,-1.8,0.0
2355789,2026-09-11_09-02-53.789-240,v5.1.3,3.46,12.0,200,1189,1260,3495,695,1225,3681,15528.19,15454.74,45402.65,16631.64,17209.33,45507.22,0.00,0.00,0.00,1103.45,1754.59,104.57,2075.36,2075.36,1.004,0.090,0.534,-3.719,-0.562,0.219,9788,302.2,0,-0.9498,-0.0370,0.0045,-0.3107,36.2,-1.8,0.0
2355813,2026-09-11_09-02-53.813-240,v5.1.3,3.46,12.0,200,1188,1255,3498,696,1213,3688,15515.50,15387.99,45442.43,16665.46,17055.46,45597.45,0.00,0.00,0.00,1149.96,1667.47,155.02,2031.47,2031.47,1.007,0.094,0.534,-4.125,-0.828,0.453,9788,296.6,0,-0.9498,-0.0378,0.0043,-0.3106,36.2,-1.8,0.0
2355843,2026-09-11_09-02-53.843-240,v5.1.3,3.46,12.0,200,1189,1272,3500,687,1235,3681,15526.91,15611.81,45466.16,16522.00,17338.35,45522.68,0.00,0.00,0.00,995.09,1726.53,56.51,1993.57,1993.57,1.008,0.050,0.539,-4.453,-0.391,-0.156,9788,291.8,0,-0.9499,-0.0366,0.0044,-0.3105,36.1,-1.8,0.0
2355869,2026-09-11_09-02-53.869-240,v5.1.3,3.46,12.0,200,1189,1259,3498,697,1204,3686,15528.30,15440.67,45441.89,16678.02,16937.37,45571.37,0.00,0.00,0.00,1149.72,1496.70,129.48,1891.76,1891.76,1.005,0.095,0.533,-3.547,-0.453,-0.125,9788,278.8,0,-0.9498,-0.0367,0.0046,-0.3106,36.2,-1.8,0.0
2355895,2026-09-11_09-02-53.896-240,v5.1.3,3.46,12.0,200,1189,1263,3500,686,1223,3681,15527.88,15492.93,45467.40,16513.93,17181.45,45527.28,0.00,0.00,0.00,986.05,1688.52,59.88,1956.26,1956.26,1.011,0.089,0.530,-4.312,-0.969,0.297,9788,287.0,0,-0.9498,-0.0376,0.0045,-0.3105,36.1,-1.8,0.0
2355928,2026-09-11_09-02-53.928-240,v5.1.3,3.46,12.0,200,1199,1273,3497,695,1236,3686,15659.11,15624.28,45426.93,16638.06,17354.86,45569.29,0.00,0.00,0.00,978.95,1730.58,142.36,1993.36,1993.36,1.003,0.057,0.537,-3.516,-0.516,-0.203,9808,291.7,0,-0.9498,-0.0364,0.0048,-0.3106,36.2,-1.8,0.0
2355951,2026-09-11_09-02-53.951-240,v5.1.3,3.46,12.0,200,1188,1264,3500,692,1244,3677,15514.54,15506.30,45467.26,16575.16,17455.35,45458.52,0.00,0.00,0.00,1060.62,1949.05,-8.75,2218.96,2218.96,1.010,0.109,0.536,-4.188,-1.000,-0.531,9808,320.5,0,-0.9498,-0.0374,0.0045,-0.3106,36.2,-1.8,0.0
2355978,2026-09-11_09-02-54.978-240,v5.1.3,3.46,12.0,200,1188,1258,3491,687,1224,3688,15515.17,15429.63,45350.79,16542.21,17197.34,45614.89,0.00,0.00,0.00,1027.05,1767.71,264.10,2061.40,2061.40,1.006,0.073,0.539,-4.781,-0.875,0.766,9808,300.4,0,-0.9498,-0.0375,0.0044,-0.3105,36.1,-1.8,0.0
2356021,2026-09-11_09-02-54.022-240,v5.1.3,3.46,12.0,200,1191,1258,3496,691,1204,3683,15554.87,15427.71,45415.96,16592.32,16935.06,45545.90,0.00,0.00,0.00,1037.45,1507.35,129.94,1834.48,1834.48,1.000,0.095,0.536,-4.094,-0.703,-0.172,9808,271.5,0,-0.9498,-0.0372,0.0046,-0.3106,36.2,-1.8,0.0
2356048,2026-09-11_09-02-54.048-240,v5.1.3,3.46,12.0,200,1203,1261,3503,696,1207,3683,15713.33,15463.40,45506.79,16656.91,16975.22,45534.38,0.00,0.00,0.00,943.58,1511.82,27.59,1782.33,1782.33,1.006,0.091,0.542,-4.328,-0.781,0.797,9796,264.8,0,-0.9498,-0.0379,0.0043,-0.3106,36.2,-1.8,0.0
2356078,2026-09-11_09-02-54.078-240,v5.1.3,3.46,12.0,200,1194,1254,3502,691,1197,3676,15595.00,15372.66,45494.71,16579.77,16841.01,45457.31,0.00,0.00,0.00,984.77,1468.35,-37.40,1768.39,1768.39,1.007,0.063,0.539,-3.781,-0.875,-0.234,9796,263.0,0,-0.9498,-0.0369,0.0047,-0.3106,36.2,-1.8,0.0
2356102,2026-09-11_09-02-54.102-240,v5.1.3,3.46,12.0,200,1190,1252,3496,678,1204,3686,15542.28,15348.61,45416.78,16427.72,16933.64,45612.86,0.00,0.00,0.00,885.44,1585.03,196.07,1826.14,1826.14,1.002,0.100,0.533,-3.703,-0.844,0.609,9796,270.4,0,-0.9497,-0.0377,0.0045,-0.3107,36.2,-1.8,0.0
2356128,2026-09-11_09-02-54.128-240,v5.1.3,3.46,12.0,200,1190,1264,3495,692,1213,3684,15540.99,15507.41,45402.10,16603.88,17053.16,45554.76,0.00,0.00,0.00,1062.89,1545.75,152.66,1882.12,1882.12,1.011,0.070,0.542,-4.797,-0.438,0.406,9796,277.5,0,-0.9498,-0.0377,0.0043,-0.3106,36.2,-1.8,0.0
2356160,2026-09-11_09-02-54.161-240,v5.1.3,3.46,12.0,200,1189,1255,3490,684,1204,3687,15528.72,15390.13,45338.17,16508.98,16935.20,45612.61,0.00,0.00,0.00,980.26,1545.07,274.44,1850.26,1850.26,1.012,0.075,0.546,-3.688,-0.734,-0.344,9796,273.5,0,-0.9498,-0.0368,0.0047,-0.3108,36.2,-1.8,0.0
2356183,2026-09-11_09-02-54.183-240,v5.1.3,3.46,12.0,200,1191,1257,3493,688,1185,3691,15554.97,15415.36,45377.00,16578.64,16689.37,45659.13,0.00,0.00,0.00,1023.67,1274.01,282.13,1658.49,1658.49,1.004,0.094,0.535,-3.484,-0.688,0.562,9796,249.0,0,-0.9497,-0.0377,0.0046,-0.3108,36.2,-1.8,0.0
2356213,2026-09-11_09-02-54.213-240,v5.1.3,3.46,12.0,200,1186,1259,3499,681,1205,3676,15488.61,15440.86,45454.91,16444.62,16943.52,45477.53,0.00,0.00,0.00,956.02,1502.66,22.62,1781.14,1781.14,1.008,0.072,0.536,-4.781,-1.094,0.531,9793,264.7,0,-0.9497,-0.0377,0.0047,-0.3107,36.2,-1.9,0.0
2356242,2026-09-11_09-02-54.243-240,v5.1.3,3.46,12.0,200,1191,1249,3499,680,1177,3682,15555.84,15307.96,45456.29,16456.68,16579.94,45562.50,0.00,0.00,0.00,900.84,1271.98,106.20,1562.28,1562.28,1.004,0.083,0.531,-3.922,-0.891,0.641,9793,236.7,0,-0.9497,-0.0374,0.0049,-0.3109,36.2,-1.9,0.0
2356268,2026-09-11_09-02-54.268-240,v5.1.3,3.46,12.0,200,1184,1261,3490,685,1180,3686,15461.92,15470.19,45337.34,16530.15,16621.61,45602.40,0.00,0.00,0.00,1068.23,1151.42,265.06,1592.84,1592.84,1.006,0.079,0.536,-4.812,-0.781,0.203,9793,240.6,0,-0.9497,-0.0376,0.0048,-0.3108,36.2,-1.9,0.0
2356303,2026-09-11_09-02-54.303-240,v5.1.3,3.46,12.0,200,1196,1262,3491,687,1198,3684,15620.59,15481.18,45350.25,16544.40,16856.30,45568.70,0.00,0.00,0.00,923.81,1375.12,218.45,1670.95,1670.95,1.011,0.072,0.542,-4.406,-0.672,-0.078,9793,250.6,0,-0.9498,-0.0372,0.0047,-0.3107,36.2,-1.8,0.0
2356327,2026-09-11_09-02-54.328-240,v5.1.3,3.46,12.0,200,1186,1253,3490,684,1164,3687,15489.24,15364.19,45338.44,16526.00,16412.84,45620.66,0.00,0.00,0.00,1036.76,1048.66,282.22,1501.40,1501.40,1.000,0.082,0.539,-3.469,-1.203,-0.078,9793,229.0,0,-0.9498,-0.0379,0.0046,-0.3106,36.2,-1.9,0.0
2356358,2026-09-11_09-02-54.358-240,v5.1.3,3.46,12.0,200,1191,1255,3498,691,1180,3682,15555.19,15387.51,45442.44,16600.31,16621.27,45537.87,0.00,0.00,0.00,1045.12,1233.77,95.43,1619.74,1619.74,1.004,0.083,0.548,-4.062,-0.438,0.688,9796,244.1,0,-0.9498,-0.0381,0.0042,-0.3106,36.2,-1.8,0.0
2356385,2026-09-11_09-02-54.385-240,v5.1.3,3.46,12.0,200,1187,1255,3504,691,1180,3682,15502.28,15386.42,45520.63,16600.31,16621.27,45537.87,0.00,0.00,0.00,1098.04,1234.85,17.24,1652.53,1652.53,1.010,0.062,0.542,-3.859,-1.016,-0.750,9796,248.3,0,-0.9498,-0.0374,0.0049,-0.3105,36.1,-1.9,0.0
2356423,2026-09-11_09-02-54.423-240,v5.1.3,3.46,12.0,200,1192,1255,3495,691,1173,3680,15568.42,15388.21,45403.34,16598.85,16529.11,45513.57,0.00,0.00,0.00,1030.43,1140.90,110.23,1541.29,1541.29,1.002,0.096,0.541,-4.406,-1.109,0.078,9796,234.1,0,-0.9498,-0.0383,0.0044,-0.3105,36.1,-1.8,0.0
2356458,2026-09-11_09-02-54.458-240,v5.1.3,3.46,12.0,200,1187,1250,3497,676,1169,3684,15502.80,15322.39,45430.09,16411.82,16475.44,45598.55,0.00,0.00,0.00,909.02,1153.05,168.47,1477.92,1477.92,1.001,0.062,0.529,-3.859,-0.938,0.219,9796,226.0,0,-0.9498,-0.0373,0.0050,-0.3106,36.2,-1.9,0.0
2356480,2026-09-11_09-02-54.481-240,v5.1.3,3.46,12.0,200,1194,1258,3503,689,1165,3683,15594.57,15425.21,45507.19,16582.56,16425.38,45558.12,0.00,0.00,0.00,987.99,1000.16,50.93,1406.79,1406.79,1.007,0.083,0.543,-4.266,-1.625,-0.234,9791,216.9,0,-0.9498,-0.0372,0.0047,-0.3106,36.2,-1.8,0.0
2356508,2026-09-11_09-02-54.508-240,v5.1.3,3.46,12.0,200,1193,1278,3493,687,1194,3689,15579.18,15692.44,45374.11,16557.20,16805.95,45633.79,0.00,0.00,0.00,978.01,1113.51,259.68,1504.61,1504.61,1.001,0.084,0.540,-4.641,-1.609,-0.609,9791,229.4,0,-0.9498,-0.0376,0.0046,-0.3105,36.1,-1.8,0.0
2356539,2026-09-11_09-02-54.540-240,v5.1.3,3.46,12.0,200,1190,1260,3492,691,1172,3684,15541.42,15455.44,45363.55,16608.15,16517.56,45565.20,0.00,0.00,0.00,1066.74,1062.12,201.65,1518.78,1518.78,1.002,0.073,0.531,-3.594,-0.766,0.297,9791,231.2,0,-0.9498,-0.0372,0.0048,-0.3107,36.2,-1.8,0.0
2356563,2026-09-11_09-02-54.563-240,v5.1.3,3.46,12.0,200,1188,1257,3499,680,1159,3682,15515.29,15414.12,45455.19,16464.33,16344.88,45566.12,0.00,0.00,0.00,949.05,930.76,110.93,1333.91,1333.91,1.006,0.074,0.540,-4.078,-0.844,0.250,9791,207.6,0,-0.9498,-0.0370,0.0046,-0.3107,36.2,-1.8,0.0
2356598,2026-09-11_09-02-54.598-240,v5.1.3,3.46,12.0,200,1191,1256,3494,684,1171,3688,15555.08,15401.87,45390.17,16525.24,16504.63,45632.11,0.00,0.00,0.00,970.16,1102.77,241.95,1488.57,1488.57,1.013,0.076,0.535,-4.109,-0.797,0.031,9791,227.3,0,-0.9497,-0.0374,0.0046,-0.3108,36.2,-1.8,0.0
2356621,2026-09-11_09-02-54.622-240,v5.1.3,3.46,12.0,200,1193,1260,3492,687,1167,3692,15581.11,15454.96,45363.55,16575.34,16454.49,45677.80,0.00,0.00,0.00,994.23,999.53,314.25,1444.41,1444.41,1.006,0.078,0.534,-3.906,-0.844,0.312,9799,221.7,0,-0.9497,-0.0374,0.0046,-0.3108,36.2,-1.8,0.0
2356653,2026-09-11_09-02-54.653-240,v5.1.3,3.46,12.0,200,1192,1255,3495,688,1165,3683,15568.42,15388.21,45403.34,16569.39,16425.18,45560.30,0.00,0.00,0.00,1000.97,1036.97,156.96,1449.79,1449.79,1.002,0.081,0.536,-3.844,-0.875,-0.312,9799,222.4,0,-0.9497,-0.0377,0.0047,-0.3108,36.2,-1.9,0.0
2356680,2026-09-11_09-02-54.681-240,v5.1.3,3.46,12.0,200,1202,1255,3495,697,1164,3674,15700.73,15386.61,45403.35,16668.41,16410.49,45425.14,0.00,0.00,0.00,967.68,1023.88,21.79,1408.98,1408.98,1.007,0.077,0.537,-4.016,-0.688,0.047,9799,217.2,0,-0.9497,-0.0380,0.0044,-0.3108,36.2,-1.8,0.0
2356703,2026-09-11_09-02-54.704-240,v5.1.3,3.46,12.0,200,1190,1255,3499,687,1165,3682,15541.96,15387.38,45455.47,16554.00,16424.61,45549.62,0.00,0.00,0.00,1012.04,1037.23,94.16,1452.21,1452.21,1.004,0.081,0.540,-4.000,-0.812,0.547,9799,222.7,0,-0.9497,-0.0379,0.0043,-0.3108,36.2,-1.8,0.0
2356733,2026-09-11_09-02-54.733-240,v5.1.3,3.46,12.0,200,1197,1250,3499,680,1170,3685,15635.12,15320.21,45456.16,16466.31,16489.66,45602.48,0.00,0.00,0.00,831.20,1169.45,146.31,1442.19,1442.19,1.003,0.077,0.539,-4.422,-0.328,0.219,9799,221.4,0,-0.9497,-0.0378,0.0044,-0.3110,36.2,-1.8,0.0
2356759,2026-09-11_09-02-54.760-240,v5.1.3,3.46,12.0,200,1206,1265,3500,688,1173,3679,15752.59,15516.62,45467.14,16557.11,16528.14,45507.26,0.00,0.00,0.00,804.52,1011.52,40.12,1293.07,1293.07,1.003,0.076,0.541,-4.234,-0.906,0.125,9799,202.4,0,-0.9497,-0.0376,0.0043,-0.3110,36.2,-1.8,0.0
2356783,2026-09-11_09-02-54.783-240,v5.1.3,3.46,12.0,200,1198,1255,3494,696,1164,3680,15647.80,15387.53,45390.31,16668.55,16412.56,45504.46,0.00,0.00,0.00,1020.75,1025.02,114.15,1451.08,1451.08,1.004,0.083,0.536,-8.000,-0.797,0.297,9793,222.6,0,-0.9498,-0.0376,0.0046,-0.3107,36.2,-1.8,0.0
2356831,2026-09-11_09-02-54.832-240,v5.1.3,3.46,12.0,200,1196,1266,3495,692,1159,3681,15620.17,15532.87,45401.83,16620.20,16346.86,45527.06,0.00,0.00,0.00,1000.04,813.99,125.23,1295.50,1295.50,1.004,0.081,0.537,-4.312,-1.016,0.453,9793,202.7,0,-0.9498,-0.0372,0.0045,-0.3107,36.2,-1.8,0.0
2356853,2026-09-11_09-02-54.855-240,v5.1.3,3.46,12.0,200,1200,1265,3494,687,1186,3687,15673.20,15519.31,45388.94,16556.16,16700.73,45609.68,0.00,0.00,0.00,882.96,1181.42,220.75,1491.34,1491.34,1.001,0.078,0.539,-4.484,-0.938,-0.328,9793,227.7,0,-0.9498,-0.0373,0.0044,-0.3107,36.2,-1.8,0.0
2356888,2026-09-11_09-02-54.888-240,v5.1.3,3.46,12.0,200,1195,1259,3499,688,1176,3678,15607.69,15439.41,45454.92,16553.62,16566.94,45493.80,0.00,0.00,0.00,945.93,1127.53,38.88,1472.28,1472.28,1.003,0.078,0.535,-4.266,-0.562,0.156,9793,225.3,0,-0.9498,-0.0372,0.0045,-0.3106,36.2,-1.8,0.0
2356915,2026-09-11_09-02-54.916-240,v5.1.3,3.46,12.0,200,1187,1252,3488,690,1163,3685,15502.58,15351.39,45312.52,16601.03,16400.21,45582.05,0.00,0.00,0.00,1098.45,1048.82,269.54,1542.49,1542.49,1.006,0.085,0.539,-4.172,-0.719,0.172,9796,234.2,0,-0.9498,-0.0376,0.0044,-0.3106,36.2,-1.8,0.0
2356938,2026-09-11_09-02-54.938-240,v5.1.3,3.46,12.0,200,1192,1257,3490,689,1167,3677,15568.20,15416.07,45337.90,16568.40,16449.23,45480.57,0.00,0.00,0.00,1000.20,1033.16,142.67,1445.06,1445.06,1.005,0.074,0.543,-4.516,-1.062,0.953,9796,221.8,0,-0.9498,-0.0374,0.0045,-0.3107,36.2,-1.8,0.0
2356973,2026-09-11_09-02-55.973-240,v5.1.3,3.46,12.0,200,1186,1262,3494,686,1192,3680,15488.28,15481.92,45389.34,16524.90,16776.24,45520.66,0.00,0.00,0.00,1036.62,1294.32,131.32,1663.46,1663.46,1.002,0.074,0.540,-4.062,-0.766,-0.156,9796,249.6,0,-0.9498,-0.0367,0.0045,-0.3107,36.2,-1.8,0.0
2356997,2026-09-11_09-02-55.997-240,v5.1.3,3.46,12.0,200,1199,1269,3501,680,1182,3675,15659.54,15570.29,45479.62,16439.02,16642.59,45471.49,0.00,0.00,0.00,779.47,1072.30,-8.13,1325.70,1325.70,1.006,0.085,0.539,-4.297,-1.234,0.172,9796,206.6,0,-0.9498,-0.0372,0.0042,-0.3106,36.2,-1.8,0.0
2357028,2026-09-11_09-02-55.028-240,v5.1.3,3.46,12.0,200,1191,1251,3496,689,1166,3683,15555.62,15335.24,45416.92,16582.14,16438.43,45557.92,0.00,0.00,0.00,1026.52,1103.19,141.00,1513.49,1513.49,1.004,0.074,0.532,-3.891,-0.875,-0.219,9796,230.5,0,-0.9498,-0.0374,0.0045,-0.3107,36.2,-1.8,0.0
2357059,2026-09-11_09-02-55.060-240,v5.1.3,3.46,12.0,200,1195,1259,3494,697,1163,3682,15607.68,15440.85,45389.76,16686.59,16400.45,45528.20,0.00,0.00,0.00,1078.91,959.60,138.44,1450.53,1450.53,1.007,0.085,0.535,-4.672,-1.062,0.672,9796,222.5,0,-0.9497,-0.0379,0.0043,-0.3108,36.2,-1.8,0.0
2357082,2026-09-11_09-02-55.085-240,v5.1.3,3.46,12.0,200,1198,1264,3497,689,1171,3680,15646.85,15505.56,45428.17,16573.36,16502.60,45518.34,0.00,0.00,0.00,926.51,997.04,90.16,1364.05,1364.05,1.007,0.066,0.537,-4.328,-1.094,0.625,9796,211.5,0,-0.9497,-0.0374,0.0046,-0.3109,36.2,-1.8,0.0
2357118,2026-09-11_09-02-55.118-240,v5.1.3,3.46,12.0,200,1191,1290,3502,697,1181,3681,15551.45,15848.69,45489.75,16676.71,16635.13,45511.71,0.00,0.00,0.00,1125.26,786.44,21.96,1373.02,1373.02,1.006,0.079,0.534,-3.516,-0.719,-0.906,9796,212.6,0,-0.9497,-0.0370,0.0047,-0.3109,36.2,-1.8,0.0
2357142,2026-09-11_09-02-55.143-240,v5.1.3,3.46,12.0,200,1189,1253,3494,692,1169,3678,15528.94,15362.56,45390.58,16609.29,16476.31,45486.48,0.00,0.00,0.00,1080.35,1113.76,95.90,1554.61,1554.61,1.006,0.085,0.531,-4.688,-0.781,0.516,9796,235.8,0,-0.9497,-0.0377,0.0045,-0.3109,36.2,-1.8,0.0
2357173,2026-09-11_09-02-55.173-240,v5.1.3,3.46,12.0,200,1199,1258,3499,697,1168,3679,15660.72,15425.56,45455.06,16677.80,16464.61,45488.62,0.00,0.00,0.00,1017.08,1039.05,33.55,1454.37,1454.37,1.006,0.071,0.532,-4.266,-1.062,0.516,9796,223.0,0,-0.9497,-0.0373,0.0048,-0.3110,36.2,-1.8,0.0
2357205,2026-09-11_09-02-55.206-240,v5.1.3,3.46,12.0,200,1196,1259,3496,689,1180,3679,15620.92,15440.12,45415.82,16567.31,16619.75,45503.67,0.00,0.00,0.00,946.39,1179.63,87.84,1514.89,1514.89,1.009,0.090,0.534,-4.031,-1.078,0.516,9792,230.7,0,-0.9496,-0.0381,0.0048,-0.3112,36.2,-1.9,0.0
2357243,2026-09-11_09-02-55.243-240,v5.1.3,3.46,12.0,200,1185,1272,3501,686,1188,3678,15473.99,15612.17,45479.19,16522.16,16723.26,45495.75,0.00,0.00,0.00,1048.18,1111.09,16.56,1527.57,1527.57,1.003,0.060,0.538,-4.156,-0.641,-0.391,9792,232.3,0,-0.9497,-0.0372,0.0048,-0.3110,36.2,-1.8,0.0
2357275,2026-09-11_09-02-55.275-240,v5.1.3,3.46,12.0,200,1190,1262,3495,688,1187,3685,15541.21,15481.00,45402.38,16564.47,16713.23,45581.59,0.00,0.00,0.00,1023.26,1232.23,179.21,1611.70,1611.70,1.003,0.089,0.542,-3.828,-0.922,-0.031,9792,243.0,0,-0.9496,-0.0377,0.0046,-0.3112,36.2,-1.8,0.0
2357298,2026-09-11_09-02-55.298-240,v5.1.3,3.46,12.0,200,1191,1269,3494,685,1190,3690,15553.69,15573.59,45388.38,16534.77,16753.70,45651.82,0.00,0.00,0.00,981.08,1180.11,263.44,1557.11,1557.11,1.013,0.079,0.538,-4.344,-0.562,0.641,9792,236.1,0,-0.9495,-0.0376,0.0048,-0.3114,36.2,-1.9,0.0
2357328,2026-09-11_09-02-55.328-240,v5.1.3,3.46,12.0,200,1190,1247,3499,684,1155,3681,15542.82,15281.70,45456.57,16516.51,16293.05,45545.34,0.00,0.00,0.00,973.69,1011.35,88.77,1406.69,1406.69,1.007,0.061,0.539,-7.672,-1.109,0.000,9792,216.9,0,-0.9497,-0.0364,0.0052,-0.3110,36.2,-1.9,0.0
2357357,2026-09-11_09-02-55.358-240,v5.1.3,3.46,12.0,200,1190,1259,3495,687,1167,3683,15541.53,15441.37,45402.79,16555.37,16451.10,45562.08,0.00,0.00,0.00,1013.84,1009.73,159.29,1439.72,1439.72,1.005,0.090,0.536,-3.859,-0.859,-0.469,9806,221.1,0,-0.9496,-0.0374,0.0051,-0.3111,36.2,-1.9,0.0
2357383,2026-09-11_09-02-55.384-240,v5.1.3,3.46,12.0,200,1189,1255,3496,686,1163,3679,15528.73,15388.40,45416.37,16535.02,16397.16,45513.64,0.00,0.00,0.00,1006.29,1008.76,97.27,1428.17,1428.17,1.009,0.077,0.534,-4.719,-0.625,-0.203,9806,219.6,0,-0.9496,-0.0378,0.0051,-0.3111,36.2,-1.9,0.0
2357418,2026-09-11_09-02-55.418-240,v5.1.3,3.46,12.0,200,1192,1277,3494,678,1200,3684,15566.06,15679.11,45387.28,16424.98,16880.65,45587.95,0.00,0.00,0.00,858.92,1201.55,200.67,1490.55,1490.55,1.006,0.075,0.537,-4.875,-0.891,0.531,9806,227.6,0,-0.9496,-0.0377,0.0050,-0.3110,36.2,-1.9,0.0
2357441,2026-09-11_09-02-55.442-240,v5.1.3,3.46,12.0,200,1191,1260,3501,673,1181,3683,15554.66,15452.69,45480.85,16364.98,16631.18,45589.83,0.00,0.00,0.00,810.32,1178.49,108.98,1434.34,1434.34,1.001,0.080,0.537,-4.656,-0.812,0.641,9806,220.4,0,-0.9496,-0.0375,0.0050,-0.3110,36.2,-1.9,0.0
2357473,2026-09-11_09-02-55.473-240,v5.1.3,3.46,12.0,200,1188,1265,3496,686,1184,3679,15514.42,15520.66,45414.99,16526.08,16671.40,45509.41,0.00,0.00,0.00,1011.66,1150.74,94.42,1535.11,1535.11,1.009,0.061,0.538,-4.078,-0.703,-0.594,9806,233.3,0,-0.9497,-0.0368,0.0054,-0.3110,36.2,-1.9,0.0
2357503,2026-09-11_09-02-55.504-240,v5.1.3,3.46,12.0,200,1189,1251,3499,674,1163,3683,15529.16,15334.70,45456.02,16385.81,16396.32,45591.27,0.00,0.00,0.00,856.65,1061.62,135.26,1370.83,1370.83,1.005,0.092,0.543,-3.781,-0.672,0.125,9801,212.3,0,-0.9496,-0.0375,0.0051,-0.3111,36.2,-1.9,0.0
2357528,2026-09-11_09-02-55.528-240,v5.1.3,3.46,12.0,200,1189,1256,3497,684,1161,3681,15528.62,15401.32,45429.26,16513.96,16371.41,45544.12,0.00,0.00,0.00,985.34,970.08,114.86,1387.49,1387.49,1.000,0.077,0.539,-4.297,-0.531,0.266,9801,214.4,0,-0.9496,-0.0378,0.0051,-0.3112,36.2,-1.9,0.0
2357563,2026-09-11_09-02-55.563-240,v5.1.3,3.46,12.0,200,1197,1262,3498,683,1191,3683,15633.83,15479.01,45441.48,16492.46,16763.73,45565.98,0.00,0.00,0.00,858.63,1284.72,124.50,1550.24,1550.24,1.001,0.080,0.545,-3.906,-1.016,0.391,9801,235.2,0,-0.9496,-0.0374,0.0051,-0.3112,36.2,-1.9,0.0
2357586,2026-09-11_09-02-55.587-240,v5.1.3,3.46,12.0,200,1191,1255,3497,692,1167,3681,15555.19,15387.79,45429.40,16616.80,16451.33,45525.45,0.00,0.00,0.00,1061.61,1063.53,96.05,1505.77,1505.77,1.004,0.075,0.538,-4.219,-1.047,-0.312,9801,229.5,0,-0.9496,-0.0377,0.0052,-0.3113,36.2,-1.9,0.0
2357618,2026-09-11_09-02-55.618-240,v5.1.3,3.46,12.0,200,1190,1255,3490,683,1167,3687,15541.95,15389.97,45338.17,16511.55,16451.82,45622.24,0.00,0.00,0.00,969.60,1061.86,284.07,1465.73,1465.73,1.011,0.083,0.544,-3.766,-1.109,0.156,9801,224.4,0,-0.9495,-0.0376,0.0049,-0.3114,36.3,-1.9,0.0
2357660,2026-09-11_09-02-55.661-240,v5.1.3,3.46,12.0,200,1186,1260,3494,687,1159,3684,15488.49,15455.50,45389.61,16560.99,16347.01,45576.55,0.00,0.00,0.00,1072.49,891.50,186.94,1407.11,1407.11,1.012,0.073,0.532,-4.391,-0.656,-0.453,9793,216.9,0,-0.9496,-0.0374,0.0043,-0.3113,36.2,-1.8,0.0
2357685,2026-09-11_09-02-55.686-240,v5.1.3,3.46,12.0,200,1193,1263,3496,691,1154,3681,15580.79,15493.44,45415.27,16609.15,16281.37,45530.25,0.00,0.00,0.00,1028.36,787.93,114.98,1300.61,1300.61,1.003,0.074,0.532,-3.562,-0.969,-0.125,9793,203.4,0,-0.9496,-0.0371,0.0045,-0.3113,36.2,-1.8,0.0
2357718,2026-09-11_09-02-55.718-240,v5.1.3,3.46,12.0,200,1192,1267,3491,689,1183,3676,15567.13,15547.88,45349.56,16559.37,16657.79,45464.50,0.00,0.00,0.00,992.25,1109.92,114.94,1493.21,1493.21,1.003,0.085,0.535,-4.375,-1.000,0.219,9793,227.9,0,-0.9496,-0.0378,0.0042,-0.3112,36.2,-1.8,0.0
2357743,2026-09-11_09-02-55.743-240,v5.1.3,3.46,12.0,200,1194,1262,3495,681,1181,3684,15594.13,15480.36,45402.38,16472.59,16633.12,45585.22,0.00,0.00,0.00,878.46,1152.77,182.84,1460.82,1460.82,1.007,0.073,0.538,-4.312,-1.141,0.172,9793,223.8,0,-0.9496,-0.0378,0.0043,-0.3112,36.2,-1.8,0.0
2357768,2026-09-11_09-02-55.768-240,v5.1.3,3.46,12.0,200,1193,1257,3502,685,1166,3672,15581.45,15412.46,45494.30,16505.04,16433.50,45425.22,0.00,0.00,0.00,923.59,1021.05,-69.07,1378.52,1378.52,1.009,0.073,0.540,-4.766,-1.203,-0.266,9793,213.3,0,-0.9496,-0.0374,0.0043,-0.3112,36.2,-1.8,0.0
2357799,2026-09-11_09-02-55.800-240,v5.1.3,3.46,12.0,200,1198,1241,3497,692,1154,3667,15649.31,15201.74,45431.34,16591.26,16276.28,45348.07,0.00,0.00,0.00,941.95,1074.55,-83.27,1431.38,1431.38,1.006,0.084,0.535,-4.172,-0.688,-0.031,9799,220.0,0,-0.9496,-0.0377,0.0040,-0.3112,36.2,-1.8,0.0
2357824,2026-09-11_09-02-55.825-240,v5.1.3,3.46,12.0,200,1194,1258,3498,690,1161,3679,15594.56,15426.65,45442.03,16588.56,16371.83,45505.31,0.00,0.00,0.00,994.00,945.17,63.29,1373.10,1373.10,1.002,0.072,0.537,-4.062,-0.672,0.109,9799,212.6,0,-0.9496,-0.0375,0.0042,-0.3112,36.2,-1.8,0.0
2357858,2026-09-11_09-02-55.858-240,v5.1.3,3.46,12.0,200,1197,1273,3492,686,1177,3686,15632.64,15626.04,45361.77,16544.60,16582.62,45600.82,0.00,0.00,0.00,911.95,956.58,239.05,1343.08,1343.08,1.002,0.083,0.537,-3.875,-0.672,0.656,9799,208.8,0,-0.9496,-0.0376,0.0042,-0.3113,36.2,-1.8,0.0
2357885,2026-09-11_09-02-55.886-240,v5.1.3,3.46,12.0,200,1200,1258,3499,682,1167,3681,15673.95,15425.40,45455.07,16485.06,16449.37,45547.29,0.00,0.00,0.00,811.11,1023.96,92.22,1309.54,1309.54,1.001,0.067,0.537,-4.281,-0.688,-0.328,9799,204.5,0,-0.9496,-0.0373,0.0042,-0.3113,36.2,-1.8,0.0
2357912,2026-09-11_09-02-55.915-240,v5.1.3,3.46,12.0,200,1190,1254,3496,686,1165,3684,15542.07,15375.03,45416.51,16545.26,16425.16,45577.52,0.00,0.00,0.00,1003.20,1050.13,161.02,1461.20,1461.20,1.010,0.085,0.538,-4.188,-0.422,-0.047,9799,223.8,0,-0.9495,-0.0373,0.0041,-0.3114,36.3,-1.8,0.0
2357943,2026-09-11_09-02-55.943-240,v5.1.3,3.46,12.0,200,1201,1257,3494,685,1159,3678,15687.28,15413.47,45390.04,16521.33,16344.35,45503.78,0.00,0.00,0.00,834.04,930.88,113.74,1255.03,1255.03,1.005,0.083,0.536,-4.484,-0.781,-0.172,9794,197.5,0,-0.9495,-0.0381,0.0039,-0.3114,36.3,-1.8,0.0
2357968,2026-09-11_09-02-55.969-240,v5.1.3,3.46,12.0,200,1195,1264,3502,693,1167,3678,15607.16,15504.60,45493.34,16623.31,16450.39,45484.70,0.00,0.00,0.00,1016.16,945.79,-8.64,1388.23,1388.23,1.010,0.074,0.535,-3.938,-1.094,0.188,9794,214.5,0,-0.9495,-0.0375,0.0042,-0.3114,36.3,-1.8,0.0
2357998,2026-09-11_09-02-56.999-240,v5.1.3,3.46,12.0,200,1197,1258,3493,686,1163,3683,15634.25,15427.61,45376.87,16543.89,16398.67,45565.07,0.00,0.00,0.00,909.64,971.06,188.20,1343.81,1343.81,1.010,0.076,0.534,-4.109,-1.188,-0.109,9794,208.9,0,-0.9495,-0.0377,0.0044,-0.3115,36.3,-1.8,0.0
2358024,2026-09-11_09-02-56.024-240,v5.1.3,3.46,12.0,200,1194,1269,3497,689,1157,3681,15593.38,15572.25,45427.48,16581.53,16320.15,45534.02,0.00,0.00,0.00,988.15,747.90,106.54,1243.84,1243.84,1.009,0.078,0.533,-5.125,-0.094,0.797,9794,196.1,0,-0.9495,-0.0377,0.0042,-0.3115,36.3,-1.8,0.0
2358058,2026-09-11_09-02-56.058-240,v5.1.3,3.46,12.0,200,1192,1266,3492,689,1150,3687,15567.24,15534.38,45362.73,16597.82,16231.00,45612.57,0.00,0.00,0.00,1030.59,696.62,249.84,1268.78,1268.78,1.012,0.077,0.542,-4.156,-1.172,0.688,9794,199.3,0,-0.9495,-0.0378,0.0045,-0.3115,36.3,-1.8,0.0
2358093,2026-09-11_09-02-56.093-240,v5.1.3,3.46,12.0,200,1192,1258,3495,689,1151,3679,15568.10,15427.84,45402.93,16579.64,16241.04,45509.51,0.00,0.00,0.00,1011.55,813.21,106.58,1302.26,1302.26,0.998,0.086,0.550,-4.297,-0.594,-0.016,9793,203.6,0,-0.9495,-0.0375,0.0040,-0.3114,36.3,-1.8,0.0
2358117,2026-09-11_09-02-56.118-240,v5.1.3,3.46,12.0,200,1199,1255,3495,683,1142,3690,15661.04,15387.09,45403.35,16528.84,16126.49,45665.85,0.00,0.00,0.00,867.80,739.40,262.50,1169.92,1169.92,1.007,0.086,0.544,-3.500,-0.844,0.422,9793,186.7,0,-0.9495,-0.0379,0.0043,-0.3115,36.3,-1.8,0.0
2358148,2026-09-11_09-02-56.148-240,v5.1.3,3.46,12.0,200,1195,1256,3496,681,1142,3677,15608.01,15400.65,45416.24,16473.65,16121.19,45503.07,0.00,0.00,0.00,865.64,720.54,86.84,1129.63,1129.63,1.003,0.077,0.546,-4.078,-0.547,0.422,9793,181.5,0,-0.9495,-0.0379,0.0042,-0.3115,36.3,-1.8,0.0
2358179,2026-09-11_09-02-56.179-240,v5.1.3,3.46,12.0,200,1199,1250,3492,690,1132,3681,15661.57,15321.90,45364.93,16605.34,15993.88,45536.86,0.00,0.00,0.00,943.77,671.98,171.93,1171.25,1171.25,1.003,0.078,0.543,-4.141,-1.250,0.406,9793,186.9,0,-0.9495,-0.0375,0.0046,-0.3116,36.3,-1.8,0.0
2358203,2026-09-11_09-02-56.204-240,v5.1.3,3.46,12.0,200,1193,1250,3497,694,1137,3680,15582.19,15321.42,45430.09,16653.69,16059.58,45514.27,0.00,0.00,0.00,1071.50,738.15,84.17,1303.87,1303.87,1.003,0.078,0.548,-3.875,-1.094,-0.984,9793,203.8,0,-0.9495,-0.0376,0.0044,-0.3115,36.3,-1.8,0.0
2358233,2026-09-11_09-02-56.233-240,v5.1.3,3.46,12.0,200,1191,1277,3497,695,1158,3681,15552.83,15678.40,45426.38,16660.15,16334.39,45520.71,0.00,0.00,0.00,1107.32,655.98,94.34,1290.49,1290.49,0.999,0.090,0.542,-3.766,-0.812,0.078,9800,202.1,0,-0.9495,-0.0380,0.0042,-0.3115,36.3,-1.8,0.0
2358259,2026-09-11_09-02-56.261-240,v5.1.3,3.46,12.0,200,1190,1258,3496,695,1139,3684,15541.64,15427.87,45415.96,16674.89,16087.40,45563.11,0.00,0.00,0.00,1133.25,659.53,147.15,1319.43,1319.43,1.012,0.078,0.535,-4.438,-0.781,-0.109,9800,205.8,0,-0.9495,-0.0383,0.0042,-0.3115,36.3,-1.8,0.0
2358288,2026-09-11_09-02-56.288-240,v5.1.3,3.46,12.0,200,1188,1279,3501,687,1142,3682,15512.93,15704.15,45478.23,16563.78,16124.25,45554.26,0.00,0.00,0.00,1050.85,420.10,76.03,1134.26,1134.26,1.004,0.074,0.536,-4.109,-1.094,0.391,9800,182.1,0,-0.9495,-0.0377,0.0045,-0.3114,36.3,-1.8,0.0
2358318,2026-09-11_09-02-56.318-240,v5.1.3,3.46,12.0,200,1195,1258,3497,692,1138,3676,15607.79,15426.78,45428.99,16618.04,16070.74,45467.00,0.00,0.00,0.00,1010.24,643.96,38.01,1198.63,1198.63,1.003,0.074,0.536,-4.094,-1.000,-0.172,9800,190.4,0,-0.9495,-0.0377,0.0043,-0.3114,36.3,-1.8,0.0
2358342,2026-09-11_09-02-56.342-240,v5.1.3,3.46,12.0,200,1198,1254,3502,687,1137,3677,15647.92,15372.02,45494.71,16554.82,16057.07,45490.98,0.00,0.00,0.00,906.89,685.05,-3.73,1136.56,1136.56,1.004,0.082,0.544,-4.281,-1.062,-0.391,9800,182.4,0,-0.9495,-0.0379,0.0040,-0.3114,36.3,-1.8,0.0
2358368,2026-09-11_09-02-56.368-240,v5.1.3,3.46,12.0,200,1202,1254,3500,689,1132,3677,15700.84,15371.96,45468.65,16583.29,15992.17,45487.62,0.00,0.00,0.00,882.45,620.21,18.96,1078.77,1078.77,1.001,0.081,0.543,-5.047,-0.703,0.078,9794,175.1,0,-0.9495,-0.0381,0.0040,-0.3114,36.3,-1.8,0.0
2358399,2026-09-11_09-02-56.399-240,v5.1.3,3.46,12.0,200,1192,1270,3494,691,1142,3681,15566.81,15586.64,45388.24,16614.26,16124.66,45532.67,0.00,0.00,0.00,1047.45,538.02,144.43,1186.37,1186.37,1.004,0.078,0.542,-3.719,-0.641,0.703,9794,188.8,0,-0.9495,-0.0377,0.0040,-0.3115,36.3,-1.8,0.0
2358426,2026-09-11_09-02-56.428-240,v5.1.3,3.46,12.0,200,1193,1254,3496,682,1124,3682,15581.76,15374.55,45416.51,16505.57,15888.21,45568.80,0.00,0.00,0.00,923.81,513.66,152.29,1067.93,1067.93,1.000,0.079,0.542,-4.359,-0.953,-0.547,9794,173.7,0,-0.9495,-0.0379,0.0040,-0.3114,36.3,-1.8,0.0
2358458,2026-09-11_09-02-56.458-240,v5.1.3,3.46,12.0,200,1198,1252,3500,696,1132,3683,15648.14,15346.18,45468.92,16688.82,15995.81,45549.48,0.00,0.00,0.00,1040.68,649.63,80.56,1229.44,1229.44,1.006,0.073,0.545,-4.688,-0.281,-0.281,9794,194.3,0,-0.9495,-0.0378,0.0038,-0.3113,36.2,-1.8,0.0
2358497,2026-09-11_09-02-56.498-240,v5.1.3,3.46,12.0,200,1192,1269,3495,687,1150,3688,15566.92,15573.14,45401.41,16573.70,16230.99,45629.79,0.00,0.00,0.00,1006.78,657.84,228.38,1224.14,1224.14,1.009,0.080,0.528,-4.219,-0.500,0.141,9792,193.6,0,-0.9495,-0.0382,0.0037,-0.3114,36.3,-1.8,0.0
2358528,2026-09-11_09-02-56.528-240,v5.1.3,3.46,12.0,200,1204,1272,3495,695,1150,3683,15725.37,15610.85,45401.02,16667.99,16230.67,45548.04,0.00,0.00,0.00,942.62,619.82,147.02,1137.68,1137.68,1.016,0.073,0.530,-4.047,-0.750,0.062,9792,182.6,0,-0.9495,-0.0381,0.0038,-0.3114,36.3,-1.8,0.0
2358558,2026-09-11_09-02-56.559-240,v5.1.3,3.46,12.0,200,1199,1281,3497,687,1149,3689,15658.25,15729.96,45425.83,16576.34,16218.30,45642.85,0.00,0.00,0.00,918.09,488.34,217.02,1062.29,1062.29,1.005,0.076,0.537,-4.484,-0.703,-0.297,9792,173.0,0,-0.9495,-0.0381,0.0040,-0.3114,36.2,-1.8,0.0
2358583,2026-09-11_09-02-56.583-240,v5.1.3,3.46,12.0,200,1199,1259,3492,692,1134,3691,15660.60,15440.79,45363.70,16653.03,16024.16,45660.66,0.00,0.00,0.00,992.42,583.37,296.97,1188.87,1188.87,1.003,0.078,0.535,-4.094,-1.125,0.062,9792,189.1,0,-0.9495,-0.0379,0.0042,-0.3114,36.3,-1.8,0.0
2358618,2026-09-11_09-02-56.619-240,v5.1.3,3.46,12.0,200,1202,1262,3495,686,1147,3685,15699.98,15479.07,45402.39,16555.14,16190.48,45594.01,0.00,0.00,0.00,855.16,711.41,191.62,1128.77,1128.77,1.006,0.079,0.535,-4.188,-0.844,0.359,9792,181.4,0,-0.9495,-0.0383,0.0043,-0.3115,36.3,-1.8,0.0
2358642,2026-09-11_09-02-56.643-240,v5.1.3,3.46,12.0,200,1198,1262,3501,685,1145,3681,15647.06,15477.99,45480.58,16533.94,16162.66,45545.16,0.00,0.00,0.00,886.88,684.67,64.59,1122.27,1122.27,1.004,0.075,0.537,-3.422,-0.766,0.516,9791,180.6,0,-0.9494,-0.0378,0.0044,-0.3116,36.3,-1.8,0.0
2358668,2026-09-11_09-02-56.668-240,v5.1.3,3.46,12.0,200,1205,1261,3499,692,1145,3676,15739.79,15464.23,45454.66,16615.06,16162.15,45465.59,0.00,0.00,0.00,875.28,697.91,10.94,1119.51,1119.51,1.004,0.091,0.536,-3.719,-1.250,-0.156,9791,180.3,0,-0.9494,-0.0384,0.0044,-0.3117,36.3,-1.8,0.0
2358699,2026-09-11_09-02-56.700-240,v5.1.3,3.46,12.0,200,1203,1262,3495,688,1144,3678,15713.21,15478.91,45402.39,16567.23,16149.06,45500.25,0.00,0.00,0.00,854.02,670.15,97.86,1089.97,1089.97,1.005,0.072,0.534,-4.625,-0.938,0.062,9791,176.5,0,-0.9494,-0.0381,0.0043,-0.3116,36.3,-1.8,0.0
2358725,2026-09-11_09-02-56.726-240,v5.1.3,3.46,12.0,200,1197,1264,3493,698,1126,3677,15633.61,15506.87,45376.04,16704.41,15915.58,45469.18,0.00,0.00,0.00,1070.80,408.72,93.13,1149.93,1149.93,1.008,0.081,0.529,-3.844,-1.125,0.688,9791,184.1,0,-0.9494,-0.0379,0.0046,-0.3117,36.3,-1.9,0.0
2358758,2026-09-11_09-02-56.758-240,v5.1.3,3.46,12.0,200,1192,1252,3494,686,1113,3681,15568.74,15348.87,45390.72,16560.73,15744.98,45549.43,0.00,0.00,0.00,991.99,396.11,158.71,1079.88,1079.88,1.007,0.079,0.534,-4.281,-0.766,0.344,9791,175.2,0,-0.9494,-0.0380,0.0044,-0.3117,36.3,-1.8,0.0
2358782,2026-09-11_09-02-56.782-240,v5.1.3,3.46,12.0,200,1186,1254,3493,686,1115,3690,15489.14,15376.53,45377.41,16579.85,15774.49,45664.74,0.00,0.00,0.00,1090.71,397.95,287.33,1196.07,1196.07,1.003,0.082,0.535,-4.406,-1.016,0.375,9791,190.0,0,-0.9495,-0.0378,0.0045,-0.3116,36.3,-1.8,0.0
2358808,2026-09-11_09-02-56.808-240,v5.1.3,3.46,12.0,200,1192,1249,3494,686,1132,3682,15569.06,15309.24,45391.13,16554.86,15993.47,45558.45,0.00,0.00,0.00,985.80,684.23,167.32,1211.60,1211.60,1.005,0.082,0.532,-3.938,-1.312,0.328,9797,192.0,0,-0.9494,-0.0380,0.0046,-0.3116,36.3,-1.9,0.0
2358842,2026-09-11_09-02-56.842-240,v5.1.3,3.46,12.0,200,1191,1252,3494,679,1123,3684,15555.51,15349.03,45390.72,16470.92,15875.32,45601.27,0.00,0.00,0.00,915.41,526.29,210.55,1076.70,1076.70,1.006,0.076,0.536,-4.500,-0.891,0.172,9797,174.8,0,-0.9495,-0.0374,0.0048,-0.3116,36.3,-1.9,0.0
2358864,2026-09-11_09-02-56.865-240,v5.1.3,3.46,12.0,200,1195,1283,3491,681,1137,3678,15605.11,15758.74,45347.36,16477.99,16056.27,45516.94,0.00,0.00,0.00,872.89,297.53,169.58,937.66,937.66,1.009,0.076,0.532,-4.172,-1.578,-0.078,9797,157.1,0,-0.9495,-0.0374,0.0049,-0.3115,36.3,-1.9,0.0
2358913,2026-09-11_09-02-56.913-240,v5.1.3,3.46,12.0,200,1189,1280,3495,690,1144,3679,15526.05,15718.93,45399.90,16595.80,16149.83,45508.73,0.00,0.00,0.00,1069.75,430.90,108.84,1158.40,1158.40,1.005,0.088,0.539,-4.656,-0.516,0.016,9797,185.2,0,-0.9495,-0.0383,0.0048,-0.3115,36.3,-1.9,0.0
2358937,2026-09-11_09-02-56.937-240,v5.1.3,3.46,12.0,200,1193,1253,3499,688,1120,3675,15581.87,15360.48,45455.75,16570.78,15834.52,45466.50,0.00,0.00,0.00,988.91,474.04,10.76,1096.71,1096.71,1.005,0.070,0.542,-4.516,-0.625,0.297,9806,177.4,0,-0.9495,-0.0380,0.0049,-0.3114,36.3,-1.9,0.0
2358963,2026-09-11_09-02-56.963-240,v5.1.3,3.46,12.0,200,1192,1256,3498,681,1135,3678,15568.32,15400.56,45442.30,16478.84,16030.16,45517.34,0.00,0.00,0.00,910.53,629.60,75.04,1109.54,1109.54,1.003,0.076,0.546,-4.062,-0.875,-0.219,9806,179.0,0,-0.9495,-0.0375,0.0048,-0.3114,36.2,-1.9,0.0
2358997,2026-09-11_09-02-57.998-240,v5.1.3,3.46,12.0,200,1189,1279,3494,679,1141,3680,15526.15,15706.01,45387.00,16454.38,16108.87,45546.21,0.00,0.00,0.00,928.23,402.86,159.21,1024.33,1024.33,0.999,0.089,0.548,-4.594,-1.188,-0.078,9806,168.1,0,-0.9496,-0.0382,0.0044,-0.3112,36.2,-1.8,0.0
2359019,2026-09-11_09-02-57.020-240,v5.1.3,3.46,12.0,200,1199,1266,3497,680,1146,3686,15659.86,15531.82,45427.90,16478.74,16176.62,45620.16,0.00,0.00,0.00,818.88,644.81,192.27,1059.86,1059.86,1.003,0.074,0.544,-3.703,-0.469,0.375,9806,172.6,0,-0.9496,-0.0378,0.0046,-0.3112,36.2,-1.9,0.0
2359048,2026-09-11_09-02-57.048-240,v5.1.3,3.46,12.0,200,1195,1247,3494,697,1125,3681,15608.97,15282.34,45391.41,16700.54,15903.84,45522.99,0.00,0.00,0.00,1091.57,621.50,131.58,1262.97,1262.97,1.006,0.080,0.542,-3.703,-0.469,0.281,9806,198.6,0,-0.9495,-0.0378,0.0045,-0.3113,36.2,-1.8,0.0
2359079,2026-09-11_09-02-57.079-240,v5.1.3,3.46,12.0,200,1193,1253,3497,690,1126,3679,15581.87,15361.05,45429.68,16603.46,15914.77,45512.36,0.00,0.00,0.00,1021.59,553.72,82.68,1164.94,1164.94,1.002,0.075,0.539,-3.844,-0.656,0.172,9796,186.1,0,-0.9495,-0.0379,0.0046,-0.3114,36.3,-1.9,0.0
2359103,2026-09-11_09-02-57.103-240,v5.1.3,3.46,12.0,200,1196,1251,3497,677,1112,3676,15621.78,15334.15,45429.96,16431.49,15728.26,45504.99,0.00,0.00,0.00,809.72,394.11,75.04,903.66,903.66,1.005,0.078,0.542,-4.562,-0.688,0.422,9796,152.7,0,-0.9495,-0.0378,0.0045,-0.3114,36.3,-1.8,0.0
2359135,2026-09-11_09-02-57.136-240,v5.1.3,3.46,12.0,200,1185,1256,3508,673,1114,3680,15475.71,15398.80,45572.62,16386.82,15755.11,45564.75,0.00,0.00,0.00,911.11,356.30,-7.87,978.34,978.34,1.006,0.071,0.541,-4.219,-0.844,0.234,9796,162.2,0,-0.9496,-0.0375,0.0044,-0.3113,36.2,-1.8,0.0
2359160,2026-09-11_09-02-57.160-240,v5.1.3,3.46,12.0,200,1200,1253,3496,691,1125,3677,15674.48,15360.22,45416.66,16612.62,15901.15,45484.66,0.00,0.00,0.00,938.13,540.93,68.00,1085.05,1085.05,1.004,0.076,0.541,-8.000,-0.812,0.219,9796,175.9,0,-0.9496,-0.0372,0.0046,-0.3111,36.2,-1.8,0.0
2359188,2026-09-11_09-02-57.188-240,v5.1.3,3.46,12.0,200,1188,1255,3498,679,1126,3681,15515.50,15387.99,45442.43,16462.98,15913.37,45562.09,0.00,0.00,0.00,947.48,525.38,119.66,1089.98,1089.98,1.005,0.084,0.537,-4.078,-0.812,-0.047,9796,176.5,0,-0.9496,-0.0375,0.0046,-0.3112,36.2,-1.8,0.0
2359219,2026-09-11_09-02-57.219-240,v5.1.3,3.46,12.0,200,1189,1262,3495,681,1119,3674,15527.98,15481.16,45402.38,16476.77,15819.71,45469.13,0.00,0.00,0.00,948.80,338.55,66.76,1009.60,1009.60,1.004,0.083,0.542,-4.328,-0.219,0.328,9795,166.2,0,-0.9496,-0.0381,0.0042,-0.3113,36.2,-1.8,0.0
2359241,2026-09-11_09-02-57.242-240,v5.1.3,3.46,12.0,200,1198,1255,3491,700,1119,3684,15647.80,15388.40,45351.21,16749.27,15827.20,45556.22,0.00,0.00,0.00,1101.46,438.81,205.00,1203.25,1203.25,1.005,0.062,0.536,-4.328,-0.609,0.250,9795,190.9,0,-0.9496,-0.0374,0.0045,-0.3113,36.2,-1.8,0.0
2359273,2026-09-11_09-02-57.273-240,v5.1.3,3.46,12.0,200,1190,1268,3496,689,1141,3678,15540.56,15559.97,45414.58,16581.68,16110.08,45498.67,0.00,0.00,0.00,1041.12,550.11,84.09,1180.52,1180.52,1.004,0.087,0.537,-3.547,-0.656,-0.656,9795,188.0,0,-0.9496,-0.0377,0.0044,-0.3113,36.2,-1.8,0.0
2359315,2026-09-11_09-02-57.316-240,v5.1.3,3.46,12.0,200,1192,1253,3498,690,1115,3678,15568.64,15360.93,45442.71,16605.92,15770.75,45501.72,0.00,0.00,0.00,1037.28,409.82,59.00,1116.86,1116.86,1.006,0.072,0.539,-4.203,-0.781,0.234,9795,179.9,0,-0.9496,-0.0368,0.0048,-0.3113,36.2,-1.8,0.0
2359343,2026-09-11_09-02-57.343-240,v5.1.3,3.44,12.0,200,1189,1260,3499,686,1132,3696,15528.20,15453.59,45454.78,16585.93,15998.75,45738.45,0.00,0.00,0.00,1057.74,545.16,283.68,1223.31,1223.31,1.005,0.079,0.537,-3.516,-0.906,0.125,9795,193.5,0,-0.9495,-0.0369,0.0050,-0.3114,36.3,-1.9,0.0
2359373,2026-09-11_09-02-57.373-240,v5.1.3,3.44,12.0,200,1201,1273,3493,683,1137,3674,15685.57,15625.11,45374.81,16495.46,16055.16,45461.14,0.00,0.00,0.00,809.89,430.05,86.34,921.04,921.04,1.005,0.084,0.536,-3.938,-1.156,0.219,9806,154.9,0,-0.9495,-0.0372,0.0050,-0.3115,36.3,-1.9,0.0
2359397,2026-09-11_09-02-57.398-240,v5.1.3,3.44,12.0,200,1191,1251,3498,677,1116,3679,15555.62,15334.67,45442.99,16436.45,15781.63,45542.76,0.00,0.00,0.00,880.83,446.96,99.77,992.77,992.77,1.003,0.076,0.539,-4.344,-0.688,0.297,9806,164.1,0,-0.9495,-0.0371,0.0049,-0.3115,36.3,-1.9,0.0
2359428,2026-09-11_09-02-57.428-240,v5.1.3,3.44,12.0,200,1193,1268,3497,692,1133,3679,15580.26,15559.20,45427.62,16626.82,16006.57,45506.58,0.00,0.00,0.00,1046.56,447.37,78.96,1140.91,1140.91,1.004,0.078,0.536,-4.047,-1.203,0.531,9806,183.0,0,-0.9495,-0.0370,0.0051,-0.3116,36.3,-1.9,0.0
2359453,2026-09-11_09-02-57.454-240,v5.1.3,3.44,12.0,200,1194,1265,3501,692,1138,3680,15593.82,15518.26,45480.16,16626.92,16072.24,45518.43,0.00,0.00,0.00,1033.10,553.99,38.27,1172.88,1172.88,1.003,0.084,0.537,-4.188,-0.938,-0.047,9806,187.1,0,-0.9495,-0.0375,0.0049,-0.3116,36.3,-1.9,0.0
2359478,2026-09-11_09-02-57.479-240,v5.1.3,3.44,12.0,200,1205,1251,3498,684,1121,3688,15740.86,15332.42,45443.00,16546.51,15851.69,45642.18,0.00,0.00,0.00,805.65,519.27,199.18,978.97,978.97,1.004,0.074,0.537,-4.094,-1.109,0.781,9806,162.3,0,-0.9494,-0.0371,0.0050,-0.3117,36.3,-1.9,0.0
2359508,2026-09-11_09-02-57.508-240,v5.1.3,3.44,12.0,200,1193,1258,3496,678,1121,3680,15581.33,15427.39,45415.96,16449.72,15847.50,45552.42,0.00,0.00,0.00,868.39,420.11,136.46,974.27,974.27,1.006,0.084,0.541,-4.047,-0.781,0.719,9806,161.7,0,-0.9494,-0.0376,0.0046,-0.3118,36.3,-1.8,0.0
2359536,2026-09-11_09-02-57.537-240,v5.1.3,3.44,12.0,200,1198,1267,3501,682,1137,3680,15646.53,15544.04,45479.89,16495.60,16057.22,45540.46,0.00,0.00,0.00,849.08,513.19,60.57,993.96,993.96,1.005,0.075,0.539,-4.359,-1.328,-0.562,9805,164.2,0,-0.9494,-0.0375,0.0047,-0.3118,36.3,-1.8,0.0
2359563,2026-09-11_09-02-57.563-240,v5.1.3,3.44,12.0,200,1188,1262,3495,687,1124,3675,15514.74,15481.32,45402.38,16555.91,15886.55,45467.88,0.00,0.00,0.00,1041.16,405.24,65.51,1119.17,1119.17,1.003,0.076,0.537,-3.750,-0.469,-0.062,9805,180.2,0,-0.9494,-0.0373,0.0047,-0.3118,36.3,-1.8,0.0
2359597,2026-09-11_09-02-57.598-240,v5.1.3,3.44,12.0,200,1190,1251,3497,677,1128,3677,15542.39,15335.11,45429.95,16426.91,15937.58,45514.62,0.00,0.00,0.00,884.52,602.47,84.67,1073.55,1073.55,1.005,0.098,0.532,-4.344,-1.000,0.547,9805,174.4,0,-0.9493,-0.0381,0.0045,-0.3119,36.3,-1.9,0.0
2359619,2026-09-11_09-02-57.620-240,v5.1.3,3.44,12.0,200,1199,1268,3493,685,1144,3686,15659.64,15559.39,45375.49,16545.46,16151.49,45609.65,0.00,0.00,0.00,885.82,592.10,234.16,1090.91,1090.91,1.004,0.078,0.531,-5.031,-1.266,0.516,9805,176.6,0,-0.9494,-0.0380,0.0046,-0.3118,36.3,-1.9,0.0
2359648,2026-09-11_09-02-57.649-240,v5.1.3,3.44,12.0,200,1179,1258,3495,685,1114,3679,15396.09,15429.92,45402.91,16542.69,15757.08,45525.69,0.00,0.00,0.00,1146.60,327.16,122.78,1198.67,1198.67,1.012,0.062,0.534,-3.906,-0.859,0.250,9805,190.4,0,-0.9494,-0.0370,0.0049,-0.3119,36.3,-1.9,0.0
2359674,2026-09-11_09-02-57.675-240,v5.1.3,3.44,12.0,200,1193,1266,3496,688,1138,3679,15580.47,15533.07,45414.86,16572.00,16071.08,45514.31,0.00,0.00,0.00,991.53,538.02,99.45,1132.47,1132.47,1.010,0.090,0.536,-3.969,-0.625,0.250,9802,181.9,0,-0.9494,-0.0376,0.0046,-0.3119,36.3,-1.8,0.0
2359713,2026-09-11_09-02-57.713-240,v5.1.3,3.44,12.0,200,1191,1255,3499,689,1122,3675,15555.19,15387.22,45455.47,16583.11,15860.83,45463.92,0.00,0.00,0.00,1027.91,473.61,8.45,1131.80,1131.80,1.007,0.067,0.539,-4.406,-0.656,0.141,9802,181.8,0,-0.9494,-0.0369,0.0049,-0.3119,36.3,-1.8,0.0
2359743,2026-09-11_09-02-57.743-240,v5.1.3,3.44,12.0,200,1195,1258,3493,681,1130,3679,15607.79,15427.93,45376.86,16483.19,15965.24,45531.20,0.00,0.00,0.00,875.40,537.31,154.34,1038.68,1038.68,1.006,0.083,0.540,-4.062,-0.547,-0.281,9802,169.9,0,-0.9494,-0.0369,0.0049,-0.3119,36.3,-1.9,0.0
2359765,2026-09-11_09-02-57.766-240,v5.1.3,3.44,12.0,200,1202,1265,3498,685,1135,3679,15699.66,15517.84,45441.07,16533.76,16031.32,45521.46,0.00,0.00,0.00,834.09,513.48,80.39,982.77,982.77,1.005,0.089,0.535,-3.953,-0.922,0.234,9802,162.8,0,-0.9493,-0.0376,0.0048,-0.3120,36.3,-1.9,0.0
2359790,2026-09-11_09-02-57.791-240,v5.1.3,3.44,12.0,200,1202,1257,3496,683,1116,3679,15700.52,15412.74,45416.11,16515.49,15782.81,45529.66,0.00,0.00,0.00,814.97,370.07,113.55,902.24,902.24,1.004,0.067,0.534,-3.969,-0.828,-0.078,9802,152.5,0,-0.9494,-0.0372,0.0048,-0.3119,36.3,-1.9,0.0
2359823,2026-09-11_09-02-57.823-240,v5.1.3,3.44,12.0,200,1195,1269,3493,697,1139,3683,15606.61,15573.24,45375.35,16699.02,16087.41,45545.89,0.00,0.00,0.00,1092.41,514.18,170.54,1219.35,1219.35,1.006,0.084,0.532,-3.938,-0.812,-0.047,9800,193.0,0,-0.9494,-0.0373,0.0046,-0.3119,36.3,-1.8,0.0
2359845,2026-09-11_09-02-57.846-240,v5.1.3,3.44,12.0,200,1193,1253,3485,682,1129,3684,15581.85,15364.50,45273.29,16507.88,15954.26,45593.51,0.00,0.00,0.00,926.03,589.76,320.22,1143.63,1143.63,1.010,0.078,0.534,-4.469,-1.016,0.047,9800,183.3,0,-0.9493,-0.0377,0.0045,-0.3120,36.3,-1.8,0.0
2359878,2026-09-11_09-02-57.878-240,v5.1.3,3.44,12.0,200,1189,1258,3496,689,1124,3679,15528.41,15428.03,45415.96,16591.13,15888.46,45514.95,0.00,0.00,0.00,1062.73,460.43,98.99,1162.40,1162.40,1.008,0.072,0.534,-3.641,-0.891,-0.062,9800,185.7,0,-0.9493,-0.0371,0.0046,-0.3120,36.3,-1.8,0.0
2359907,2026-09-11_09-02-57.909-240,v5.1.3,3.44,12.0,200,1194,1260,3495,694,1133,3682,15594.35,15453.94,45402.66,16659.83,16008.10,45540.79,0.00,0.00,0.00,1065.48,554.16,138.13,1208.89,1208.89,1.004,0.091,0.536,-4.469,-0.859,0.734,9800,191.7,0,-0.9493,-0.0380,0.0045,-0.3120,36.3,-1.9,0.0
2359933,2026-09-11_09-02-57.933-240,v5.1.3,3.44,12.0,200,1200,1253,3494,686,1117,3685,15674.48,15360.79,45390.59,16567.90,15798.72,45600.05,0.00,0.00,0.00,893.42,437.92,209.46,1016.79,1016.79,1.009,0.073,0.528,-4.531,-1.000,-0.109,9800,167.2,0,-0.9493,-0.0378,0.0048,-0.3120,36.3,-1.9,0.0
2359968,2026-09-11_09-02-57.968-240,v5.1.3,3.44,12.0,200,1197,1269,3497,687,1124,3678,15633.08,15571.76,45427.48,16562.57,15887.69,45506.46,0.00,0.00,0.00,929.49,315.92,78.98,984.88,984.88,1.000,0.081,0.536,-4.219,-0.500,0.781,9801,163.1,0,-0.9493,-0.0375,0.0049,-0.3120,36.3,-1.9,0.0
2359992,2026-09-11_09-02-58.992-240,v5.1.3,3.44,12.0,200,1200,1271,3494,684,1127,3681,15672.55,15598.57,45388.11,16528.43,15927.41,45550.97,0.00,0.00,0.00,855.87,328.84,162.86,931.22,931.22,1.009,0.074,0.535,-4.094,-0.438,-0.406,9801,156.2,0,-0.9494,-0.0374,0.0051,-0.3119,36.3,-1.9,0.0
2360018,2026-09-11_09-02-58.018-240,v5.1.3,3.44,12.0,200,1190,1253,3497,688,1111,3679,15542.17,15361.53,45429.68,16583.49,15718.49,45519.75,0.00,0.00,0.00,1041.32,356.96,90.07,1104.48,1104.48,1.010,0.072,0.532,-4.641,-0.875,0.344,9801,178.3,0,-0.9494,-0.0372,0.0052,-0.3118,36.3,-1.9,0.0
2360050,2026-09-11_09-02-58.051-240,v5.1.3,3.44,12.0,200,1201,1263,3496,690,1120,3679,15686.64,15492.16,45415.28,16606.01,15836.42,45513.57,0.00,0.00,0.00,919.36,344.26,98.29,986.61,986.61,1.006,0.085,0.534,-4.156,-0.766,-0.250,9801,163.3,0,-0.9494,-0.0376,0.0048,-0.3118,36.3,-1.9,0.0
2360075,2026-09-11_09-02-58.076-240,v5.1.3,3.44,12.0,200,1209,1254,3492,704,1127,3684,15793.45,15373.14,45364.39,16798.56,15932.46,45545.88,0.00,0.00,0.00,1005.11,559.32,181.48,1164.48,1164.48,1.003,0.075,0.537,-4.406,-0.922,0.625,9801,186.0,0,-0.9494,-0.0375,0.0047,-0.3118,36.3,-1.9,0.0
2360127,2026-09-11_09-02-58.128-240,v5.1.3,3.44,12.0,200,1187,1249,3495,677,1121,3684,15502.91,15309.75,45404.16,16445.42,15848.81,45606.04,0.00,0.00,0.00,942.51,539.06,201.88,1104.38,1104.38,1.007,0.084,0.535,-4.797,-0.906,0.750,9804,178.3,0,-0.9494,-0.0385,0.0045,-0.3117,36.3,-1.9,0.0
2360149,2026-09-11_09-02-58.150-240,v5.1.3,3.44,12.0,200,1194,1254,3495,697,1115,3679,15594.99,15374.68,45403.48,16700.35,15772.49,45499.29,0.00,0.00,0.00,1105.36,397.82,95.81,1178.67,1178.67,1.001,0.073,0.542,-4.891,-0.922,-0.016,9804,187.8,0,-0.9494,-0.0380,0.0044,-0.3116,36.3,-1.8,0.0
2360178,2026-09-11_09-02-58.178-240,v5.1.3,3.44,12.0,200,1192,1253,3498,683,1125,3682,15568.64,15360.93,45442.71,16518.32,15901.47,45566.41,0.00,0.00,0.00,949.68,540.54,123.70,1099.72,1099.72,1.006,0.062,0.544,-3.828,-1.281,0.609,9804,177.7,0,-0.9494,-0.0371,0.0046,-0.3117,36.3,-1.8,0.0
2360209,2026-09-11_09-02-58.210-240,v5.1.3,3.44,12.0,200,1199,1258,3495,689,1118,3684,15660.72,15426.71,45402.93,16604.78,15811.99,45580.44,0.00,0.00,0.00,944.06,385.28,177.50,1034.99,1034.99,1.010,0.087,0.541,-3.797,-1.391,-0.406,9804,169.5,0,-0.9494,-0.0376,0.0046,-0.3119,36.3,-1.8,0.0
2360233,2026-09-11_09-02-58.233-240,v5.1.3,3.44,12.0,200,1202,1259,3503,688,1128,3680,15700.31,15437.14,45507.06,16578.48,15940.87,45529.18,0.00,0.00,0.00,878.16,503.73,22.12,1012.62,1012.62,1.005,0.083,0.543,-4.359,-0.609,0.625,9806,166.6,0,-0.9493,-0.0381,0.0043,-0.3119,36.3,-1.8,0.0
2360263,2026-09-11_09-02-58.263-240,v5.1.3,3.44,12.0,200,1180,1245,3496,676,1121,3674,15410.72,15257.75,45417.73,16410.05,15844.84,45479.65,0.00,0.00,0.00,999.34,587.10,61.91,1160.69,1160.69,1.003,0.065,0.545,-3.906,-0.719,-0.031,9806,185.5,0,-0.9494,-0.0370,0.0043,-0.3119,36.3,-1.8,0.0
2360286,2026-09-11_09-02-58.287-240,v5.1.3,3.44,12.0,200,1188,1261,3496,686,1117,3679,15514.85,15467.82,45415.54,16554.59,15796.46,45522.91,0.00,0.00,0.00,1039.74,328.63,107.36,1095.71,1095.71,1.008,0.072,0.543,-3.500,-0.281,-0.969,9806,177.2,0,-0.9494,-0.0367,0.0046,-0.3119,36.3,-1.8,0.0
2360313,2026-09-11_09-02-58.313-240,v5.1.3,3.44,12.0,200,1198,1258,3488,686,1128,3686,15647.48,15428.89,45311.70,16565.44,15942.74,45610.69,0.00,0.00,0.00,917.97,513.86,298.98,1093.66,1093.66,1.009,0.089,0.539,-4.094,-0.406,0.094,9806,177.0,0,-0.9493,-0.0376,0.0043,-0.3120,36.3,-1.8,0.0
2360347,2026-09-11_09-02-58.347-240,v5.1.3,3.44,12.0,200,1185,1263,3499,685,1140,3681,15474.95,15493.86,45454.36,16536.07,16097.37,45546.17,0.00,0.00,0.00,1061.12,603.51,91.81,1224.18,1224.18,1.007,0.064,0.539,-4.188,-1.172,0.094,9806,193.6,0,-0.9494,-0.0371,0.0050,-0.3119,36.3,-1.9,0.0
2360371,2026-09-11_09-02-58.371-240,v5.1.3,3.44,12.0,200,1198,1270,3504,684,1141,3681,15646.21,15582.80,45518.57,16522.47,16110.23,45548.15,0.00,0.00,0.00,876.26,527.43,29.58,1023.17,1023.17,1.005,0.083,0.543,-3.859,-1.078,0.094,9806,168.0,0,-0.9493,-0.0371,0.0049,-0.3120,36.3,-1.9,0.0
2360398,2026-09-11_09-02-58.398-240,v5.1.3,3.44,12.0,200,1193,1258,3496,692,1133,3678,15581.33,15427.39,45415.96,16624.61,16006.20,45493.73,0.00,0.00,0.00,1043.28,578.81,77.77,1195.61,1195.61,1.005,0.081,0.549,-4.109,-0.547,0.641,9803,190.0,0,-0.9493,-0.0375,0.0045,-0.3120,36.3,-1.8,0.0
2360429,2026-09-11_09-02-58.430-240,v5.1.3,3.44,12.0,200,1198,1258,3497,694,1120,3682,15647.49,15426.30,45429.00,16665.36,15838.33,45543.40,0.00,0.00,0.00,1017.87,412.03,114.41,1104.05,1104.05,1.004,0.076,0.536,-4.281,-1.172,0.703,9803,178.3,0,-0.9493,-0.0368,0.0048,-0.3121,36.3,-1.8,0.0
2360453,2026-09-11_09-02-58.453-240,v5.1.3,3.44,12.0,200,1190,1250,3499,682,1114,3682,15542.50,15321.33,45456.16,16509.83,15757.62,45570.81,0.00,0.00,0.00,967.33,436.29,114.66,1067.34,1067.34,1.006,0.073,0.544,-4.297,-1.016,-0.109,9803,173.6,0,-0.9493,-0.0370,0.0046,-0.3121,36.3,-1.8,0.0
2360488,2026-09-11_09-02-58.488-240,v5.1.3,3.44,12.0,200,1191,1251,3493,677,1129,3687,15555.61,15336.10,45377.82,16448.67,15954.41,45643.00,0.00,0.00,0.00,893.06,618.31,265.17,1118.11,1118.11,1.009,0.076,0.538,-4.328,-1.359,-0.109,9803,180.1,0,-0.9493,-0.0369,0.0047,-0.3121,36.3,-1.8,0.0
2360511,2026-09-11_09-02-58.512-240,v5.1.3,3.44,12.0,200,1200,1251,3500,691,1117,3677,15674.71,15332.65,45469.06,16616.02,15796.68,45486.27,0.00,0.00,0.00,941.31,464.03,17.21,1049.62,1049.62,1.003,0.080,0.540,-4.000,-0.969,-0.062,9803,171.3,0,-0.9493,-0.0372,0.0046,-0.3122,36.3,-1.8,0.0
2360558,2026-09-11_09-02-58.559-240,v5.1.3,3.44,12.0,200,1195,1256,3497,688,1128,3678,15608.01,15400.36,45429.27,16574.04,15940.12,45503.47,0.00,0.00,0.00,966.03,539.76,74.20,1109.08,1109.08,1.006,0.060,0.539,-4.062,-0.594,-3.766,9800,178.9,0,-0.9494,-0.0366,0.0046,-0.3120,36.3,-1.8,0.0
2360582,2026-09-11_09-02-58.583-240,v5.1.3,3.44,12.0,200,1193,1252,3496,682,1111,3678,15581.97,15348.13,45416.79,16502.23,15716.94,45519.99,0.00,0.00,0.00,920.26,368.81,103.21,996.77,996.77,1.004,0.090,0.541,-3.953,-0.656,0.500,9800,164.6,0,-0.9493,-0.0372,0.0044,-0.3121,36.3,-1.8,0.0
2360608,2026-09-11_09-02-58.608-240,v5.1.3,3.44,12.0,200,1202,1254,3488,687,1118,3682,15700.83,15375.41,45312.26,16573.99,15810.84,45559.09,0.00,0.00,0.00,873.17,435.43,246.83,1006.45,1006.45,1.007,0.082,0.538,-4.531,-0.484,0.359,9800,165.8,0,-0.9493,-0.0376,0.0043,-0.3122,36.3,-1.8,0.0
2360643,2026-09-11_09-02-58.643-240,v5.1.3,3.44,12.0,200,1196,1250,3493,684,1115,3684,15621.88,15322.09,45377.96,16540.19,15771.83,45591.96,0.00,0.00,0.00,918.31,449.74,213.99,1044.68,1044.68,1.001,0.075,0.537,-3.750,-1.188,-0.391,9800,170.7,0,-0.9493,-0.0368,0.0046,-0.3123,36.4,-1.8,0.0
2360666,2026-09-11_09-02-58.667-240,v5.1.3,3.44,12.0,200,1191,1255,3494,683,1131,3663,15555.19,15388.66,45390.30,16473.61,15972.66,45320.92,0.00,0.00,0.00,918.42,584.00,-69.38,1090.58,1090.58,1.006,0.091,0.535,-4.078,-0.984,0.094,9808,176.6,0,-0.9492,-0.0376,0.0045,-0.3124,36.4,-1.8,0.0
2360698,2026-09-11_09-02-58.699-240,v5.1.3,3.44,12.0,200,1194,1260,3496,680,1131,3686,15594.35,15453.65,45415.69,16485.12,15980.74,45623.19,0.00,0.00,0.00,890.78,527.09,207.50,1055.64,1055.64,1.008,0.064,0.543,-3.844,-1.016,-0.453,9808,172.1,0,-0.9493,-0.0371,0.0047,-0.3123,36.4,-1.8,0.0
2360725,2026-09-11_09-02-58.725-240,v5.1.3,3.44,12.0,200,1201,1263,3499,686,1126,3683,15686.65,15491.29,45454.38,16559.64,15915.49,45572.52,0.00,0.00,0.00,872.99,424.20,118.14,977.76,977.76,1.005,0.097,0.538,-3.750,-0.906,0.328,9808,162.2,0,-0.9492,-0.0375,0.0047,-0.3125,36.4,-1.9,0.0
2360748,2026-09-11_09-02-58.748-240,v5.1.3,3.44,12.0,200,1192,1261,3502,681,1113,3679,15567.79,15465.45,45493.75,16490.42,15743.24,45534.62,0.00,0.00,0.00,922.64,277.79,40.88,964.41,964.41,1.008,0.079,0.537,-4.688,-0.703,0.750,9808,160.5,0,-0.9492,-0.0379,0.0046,-0.3124,36.4,-1.9,0.0
2360783,2026-09-11_09-02-58.783-240,v5.1.3,3.44,12.0,200,1201,1255,3498,681,1125,3675,15687.50,15385.90,45442.45,16476.44,15898.44,45480.78,0.00,0.00,0.00,788.93,512.53,38.33,941.58,941.58,1.004,0.074,0.540,-3.531,-0.453,0.281,9808,157.6,0,-0.9492,-0.0369,0.0047,-0.3125,36.4,-1.8,0.0
2360806,2026-09-11_09-02-58.807-240,v5.1.3,3.44,12.0,200,1193,1275,3497,683,1134,3678,15579.51,15651.67,45426.65,16505.62,16017.49,45513.18,0.00,0.00,0.00,926.11,365.82,86.52,999.49,999.49,1.007,0.097,0.540,-4.609,-0.469,0.797,9807,164.9,0,-0.9492,-0.0377,0.0044,-0.3125,36.4,-1.8,0.0
2360833,2026-09-11_09-02-58.833-240,v5.1.3,3.44,12.0,200,1192,1258,3497,685,1104,3681,15568.10,15427.26,45428.99,16551.38,15627.25,45553.42,0.00,0.00,0.00,983.28,199.99,124.43,1011.10,1011.10,1.008,0.059,0.539,-4.734,-0.734,-0.312,9807,166.4,0,-0.9492,-0.0373,0.0046,-0.3123,36.4,-1.8,0.0
2360865,2026-09-11_09-02-58.866-240,v5.1.3,3.44,12.0,200,1192,1261,3492,687,1126,3680,15567.77,15468.33,45363.41,16566.15,15914.56,45531.77,0.00,0.00,0.00,998.38,446.23,168.35,1106.45,1106.45,1.005,0.087,0.538,-3.828,-0.750,0.000,9807,178.6,0,-0.9492,-0.0372,0.0046,-0.3124,36.4,-1.8,0.0
2360887,2026-09-11_09-02-58.888-240,v5.1.3,3.44,12.0,200,1186,1262,3497,690,1112,3683,15488.28,15481.06,45428.43,16618.29,15733.45,45566.61,0.00,0.00,0.00,1130.00,252.39,138.17,1166.06,1166.06,1.008,0.085,0.539,-4.656,-0.469,0.094,9807,186.2,0,-0.9492,-0.0378,0.0044,-0.3124,36.4,-1.8,0.0
2360918,2026-09-11_09-02-58.918-240,v5.1.3,3.44,12.0,200,1187,1248,3497,682,1105,3678,15503.02,15295.97,45430.36,16504.78,15638.59,45521.20,0.00,0.00,0.00,1001.76,342.62,90.84,1062.63,1062.63,1.007,0.059,0.538,-4.031,-1.203,0.266,9807,173.0,0,-0.9492,-0.0369,0.0047,-0.3124,36.4,-1.8,0.0
2360960,2026-09-11_09-02-58.961-240,v5.1.3,3.44,12.0,200,1195,1271,3501,681,1127,3681,15606.41,15597.35,45479.34,16488.90,15926.82,45557.52,0.00,0.00,0.00,882.50,329.47,78.19,945.23,945.23,1.004,0.082,0.534,-4.031,-1.375,-0.016,9803,158.0,0,-0.9492,-0.0378,0.0039,-0.3123,36.4,-1.8,0.0
2360988,2026-09-11_09-02-59.988-240,v5.1.3,3.44,12.0,200,1193,1262,3494,691,1105,3678,15580.90,15480.80,45389.34,16623.35,15640.35,45501.55,0.00,0.00,0.00,1042.45,159.55,112.20,1060.54,1060.54,1.006,0.072,0.533,-3.859,-1.250,-0.375,9803,172.7,0,-0.9492,-0.0375,0.0042,-0.3124,36.4,-1.8,0.0
2361018,2026-09-11_09-02-59.018-240,v5.1.3,3.44,12.0,200,1193,1253,3497,693,1123,3676,15581.87,15361.05,45429.68,16637.60,15875.05,45467.84,0.00,0.00,0.00,1055.73,514.00,38.16,1174.82,1174.82,1.005,0.087,0.537,-3.625,-0.906,0.109,9803,187.3,0,-0.9492,-0.0376,0.0040,-0.3125,36.4,-1.8,0.0
2361041,2026-09-11_09-02-59.042-240,v5.1.3,3.44,12.0,200,1193,1260,3496,693,1108,3683,15581.12,15453.81,45415.68,16659.51,15681.81,45560.86,0.00,0.00,0.00,1078.39,228.00,145.18,1111.75,1111.75,1.007,0.095,0.538,-4.406,-1.250,0.891,9803,179.3,0,-0.9492,-0.0382,0.0042,-0.3124,36.4,-1.8,0.0
2361065,2026-09-11_09-02-59.066-240,v5.1.3,3.44,12.0,200,1195,1251,3495,691,1103,3679,15608.54,15334.89,45403.89,16626.41,15614.61,45514.80,0.00,0.00,0.00,1017.87,279.72,110.91,1061.42,1061.42,1.003,0.066,0.536,-4.953,-0.016,0.344,9803,172.8,0,-0.9492,-0.0376,0.0044,-0.3124,36.4,-1.8,0.0
2361098,2026-09-11_09-02-59.098-240,v5.1.3,3.44,12.0,200,1200,1274,3499,684,1114,3682,15672.24,15636.76,45452.86,16536.17,15758.02,45566.45,0.00,0.00,0.00,863.94,121.26,113.58,879.77,879.77,1.007,0.081,0.539,-3.953,-0.766,0.078,9804,149.7,0,-0.9492,-0.0375,0.0045,-0.3124,36.4,-1.8,0.0
2361123,2026-09-11_09-02-59.124-240,v5.1.3,3.44,12.0,200,1192,1277,3504,690,1123,3673,15566.07,15676.23,45517.61,16591.42,15873.33,45435.82,0.00,0.00,0.00,1025.34,197.10,-81.79,1047.31,1047.31,1.005,0.080,0.535,-4.375,-1.297,0.109,9804,171.0,0,-0.9492,-0.0377,0.0044,-0.3124,36.4,-1.8,0.0
2361148,2026-09-11_09-02-59.148-240,v5.1.3,3.44,12.0,200,1193,1262,3495,693,1102,3679,15580.90,15480.52,45402.38,16653.19,15601.95,45510.64,0.00,0.00,0.00,1072.29,121.43,108.26,1084.56,1084.56,1.005,0.077,0.542,-3.969,-0.859,0.297,9804,175.8,0,-0.9492,-0.0376,0.0043,-0.3125,36.4,-1.8,0.0
2361181,2026-09-11_09-02-59.182-240,v5.1.3,3.44,12.0,200,1198,1250,3496,692,1118,3679,15648.34,15320.91,45417.07,16633.21,15810.69,45509.60,0.00,0.00,0.00,984.86,489.78,92.54,1103.81,1103.81,1.006,0.085,0.535,-4.000,-0.703,0.406,9804,178.3,0,-0.9492,-0.0377,0.0043,-0.3125,36.4,-1.8,0.0
2361205,2026-09-11_09-02-59.206-240,v5.1.3,3.44,12.0,200,1198,1253,3495,691,1106,3687,15648.02,15360.83,45403.62,16642.89,15656.81,45617.06,0.00,0.00,0.00,994.87,295.98,213.44,1059.68,1059.68,1.007,0.067,0.532,-4.312,-0.875,-0.406,9804,172.6,0,-0.9492,-0.0375,0.0046,-0.3125,36.4,-1.8,0.0
2361238,2026-09-11_09-02-59.238-240,v5.1.3,3.44,12.0,200,1194,1263,3499,690,1130,3684,15594.03,15492.42,45454.37,16612.85,15968.89,45575.84,0.00,0.00,0.00,1018.82,476.47,121.47,1131.27,1131.27,1.010,0.088,0.539,-3.938,-0.781,-0.047,9804,181.8,0,-0.9492,-0.0379,0.0044,-0.3125,36.4,-1.8,0.0
2361263,2026-09-11_09-02-59.264-240,v5.1.3,3.44,12.0,200,1192,1255,3498,694,1100,3673,15568.42,15387.35,45442.44,16653.90,15573.76,45431.72,0.00,0.00,0.00,1085.47,186.42,-10.72,1101.42,1101.42,1.007,0.075,0.540,-5.047,-0.891,-0.125,9801,178.0,0,-0.9492,-0.0381,0.0044,-0.3124,36.4,-1.8,0.0
2361293,2026-09-11_09-02-59.293-240,v5.1.3,3.44,12.0,200,1201,1268,3495,690,1099,3686,15686.11,15558.49,45401.56,16630.47,15564.82,45607.79,0.00,0.00,0.00,944.37,6.33,206.23,966.64,966.64,0.998,0.066,0.538,-3.625,-1.000,0.062,9801,160.8,0,-0.9492,-0.0372,0.0046,-0.3124,36.4,-1.8,0.0
2361324,2026-09-11_09-02-59.325-240,v5.1.3,3.44,12.0,200,1198,1271,3491,690,1113,3679,15646.09,15599.75,45349.01,16608.99,15745.00,45514.98,0.00,0.00,0.00,962.90,145.26,165.96,987.84,987.84,1.003,0.096,0.538,-4.406,-0.828,-0.359,9801,163.5,0,-0.9491,-0.0383,0.0044,-0.3125,36.4,-1.8,0.0
2361360,2026-09-11_09-02-59.361-240,v5.1.3,3.44,12.0,200,1192,1262,3489,680,1118,3682,15567.66,15482.40,45324.18,16481.78,15809.47,45574.38,0.00,0.00,0.00,914.12,327.07,250.20,1002.59,1002.59,1.001,0.072,0.543,-3.953,-1.000,-0.078,9801,165.3,0,-0.9492,-0.0372,0.0044,-0.3125,36.4,-1.8,0.0
2361393,2026-09-11_09-02-59.393-240,v5.1.3,3.44,12.0,200,1198,1260,3495,690,1094,3680,15647.27,15453.29,45402.66,16619.29,15497.26,45531.66,0.00,0.00,0.00,972.02,43.97,129.00,981.53,981.53,1.005,0.084,0.540,-4.047,-0.984,-0.047,9802,162.7,0,-0.9492,-0.0378,0.0043,-0.3125,36.4,-1.8,0.0
2361416,2026-09-11_09-02-59.418-240,v5.1.3,3.44,12.0,200,1194,1267,3498,683,1114,3682,15593.60,15545.54,45440.79,16523.00,15757.82,45568.63,0.00,0.00,0.00,929.40,212.28,127.84,961.87,961.87,1.003,0.072,0.545,-3.750,-0.656,0.234,9802,160.1,0,-0.9492,-0.0376,0.0044,-0.3125,36.4,-1.8,0.0
2361443,2026-09-11_09-02-59.443-240,v5.1.3,3.44,12.0,200,1199,1256,3501,685,1116,3677,15660.94,15398.57,45481.41,16537.40,15782.45,45499.57,0.00,0.00,0.00,876.46,383.88,18.17,957.02,957.02,1.000,0.094,0.538,-3.953,-0.656,0.562,9802,159.5,0,-0.9491,-0.0382,0.0044,-0.3126,36.4,-1.8,0.0
2361474,2026-09-11_09-02-59.475-240,v5.1.3,3.44,12.0,200,1196,1267,3498,692,1121,3676,15620.06,15545.22,45440.79,16625.27,15848.74,45470.43,0.00,0.00,0.00,1005.21,303.52,29.64,1050.45,1050.45,1.003,0.067,0.538,-4.641,-0.359,-0.031,9802,171.4,0,-0.9492,-0.0382,0.0046,-0.3125,36.4,-1.9,0.0
2361498,2026-09-11_09-02-59.498-240,v5.1.3,3.44,12.0,200,1202,1260,3498,693,1120,3681,15700.20,15451.79,45441.76,16649.97,15837.76,45532.73,0.00,0.00,0.00,949.77,385.97,90.97,1029.23,1029.23,1.008,0.075,0.537,-4.156,-0.891,-0.094,9802,168.7,0,-0.9492,-0.0377,0.0049,-0.3125,36.4,-1.9,0.0
2361528,2026-09-11_09-02-59.530-240,v5.1.3,3.44,12.0,200,1188,1255,3500,687,1101,3682,15515.50,15387.41,45468.50,16581.23,15588.84,45562.51,0.00,0.00,0.00,1065.72,201.43,94.01,1088.66,1088.66,1.004,0.083,0.536,-4.453,-0.766,0.922,9803,176.3,0,-0.9492,-0.0383,0.0046,-0.3124,36.4,-1.9,0.0
2361556,2026-09-11_09-02-59.558-240,v5.1.3,3.44,12.0,200,1189,1263,3493,694,1099,3677,15527.87,15494.94,45376.17,16663.20,15562.21,45483.35,0.00,0.00,0.00,1135.33,67.27,107.18,1142.36,1142.36,1.005,0.057,0.542,-3.875,-0.297,-0.281,9803,183.2,0,-0.9492,-0.0372,0.0051,-0.3123,36.4,-1.9,0.0
2361583,2026-09-11_09-02-59.584-240,v5.1.3,3.44,12.0,200,1201,1257,3491,691,1110,3680,15687.28,15414.34,45350.94,16625.66,15706.40,45526.25,0.00,0.00,0.00,938.38,292.06,175.31,998.29,998.29,1.005,0.098,0.538,-3.734,-0.562,-0.281,9803,164.8,0,-0.9492,-0.0377,0.0049,-0.3123,36.4,-1.9,0.0
2361613,2026-09-11_09-02-59.613-240,v5.1.3,3.44,12.0,200,1203,1247,3492,682,1108,3677,15714.82,15281.63,45365.35,16501.29,15677.39,45507.73,0.00,0.00,0.00,786.47,395.76,142.38,891.87,891.87,1.005,0.073,0.537,-4.531,-0.656,0.672,9803,151.2,0,-0.9492,-0.0379,0.0048,-0.3123,36.4,-1.9,0.0
2361636,2026-09-11_09-02-59.637-240,v5.1.3,3.44,12.0,200,1198,1260,3502,683,1117,3679,15647.28,15451.28,45493.89,16515.07,15795.87,45529.45,0.00,0.00,0.00,867.79,344.59,35.56,934.38,934.38,1.002,0.072,0.534,-3.703,-0.828,0.250,9803,156.6,0,-0.9492,-0.0373,0.0050,-0.3123,36.4,-1.9,0.0
2361663,2026-09-11_09-02-59.663-240,v5.1.3,3.44,12.0,200,1196,1248,3496,685,1093,3679,15622.10,15294.81,45417.34,16551.63,15482.85,45529.92,0.00,0.00,0.00,929.53,188.03,112.58,955.02,955.02,1.006,0.092,0.530,-4.266,-0.797,-0.109,9803,159.3,0,-0.9492,-0.0381,0.0049,-0.3123,36.4,-1.9,0.0
2361695,2026-09-11_09-02-59.696-240,v5.1.3,3.44,12.0,200,1194,1256,3495,680,1106,3678,15594.77,15401.10,45403.21,16478.01,15651.25,45525.36,0.00,0.00,0.00,883.23,250.16,122.16,926.07,926.07,1.007,0.065,0.533,-3.953,-1.000,-0.062,9809,155.6,0,-0.9492,-0.0371,0.0052,-0.3124,36.4,-1.9,0.0
2361719,2026-09-11_09-02-59.719-240,v5.1.3,3.44,12.0,200,1196,1275,3496,687,1124,3685,15619.20,15651.47,45413.62,16578.10,15890.33,45596.46,0.00,0.00,0.00,958.90,238.85,182.83,1004.97,1004.97,1.006,0.089,0.534,-4.125,-1.141,-0.266,9809,165.6,0,-0.9492,-0.0375,0.0050,-0.3123,36.4,-1.9,0.0
2361768,2026-09-11_09-02-59.768-240,v5.1.3,3.44,12.0,200,1194,1258,3496,689,1108,3675,15594.56,15427.23,45415.96,16589.06,15678.01,45466.74,0.00,0.00,0.00,994.50,250.78,50.78,1026.89,1026.89,1.007,0.061,0.540,-3.734,-0.781,-0.484,9809,168.4,0,-0.9493,-0.0363,0.0055,-0.3123,36.4,-1.9,0.0
2361791,2026-09-11_09-02-59.792-240,v5.1.3,3.44,12.0,200,1203,1251,3489,691,1102,3665,15714.38,15335.33,45325.70,16595.77,15596.28,45335.01,0.00,0.00,0.00,881.39,260.94,9.30,919.25,919.25,1.005,0.093,0.539,-3.812,-0.984,-0.047,9809,154.7,0,-0.9492,-0.0370,0.0052,-0.3124,36.4,-1.9,0.0
2361818,2026-09-11_09-02-59.818-240,v5.1.3,3.44,12.0,200,1194,1270,3495,688,1121,3675,15593.27,15586.03,45401.28,16570.36,15847.57,45466.30,0.00,0.00,0.00,977.08,261.54,65.02,1013.57,1013.57,1.004,0.080,0.543,-4.625,-1.062,0.484,9801,166.7,0,-0.9492,-0.0374,0.0049,-0.3123,36.4,-1.9,0.0
2361850,2026-09-11_09-02-59.851-240,v5.1.3,3.44,12.0,200,1194,1261,3498,681,1100,3674,15594.24,15466.28,45441.61,16484.86,15571.59,45472.96,0.00,0.00,0.00,890.61,105.31,31.35,897.37,897.37,1.005,0.062,0.538,-3.406,-1.141,0.203,9801,151.9,0,-0.9492,-0.0363,0.0054,-0.3124,36.4,-1.9,0.0
2361873,2026-09-11_09-02-59.873-240,v5.1.3,3.44,12.0,200,1197,1270,3492,685,1118,3689,15632.96,15586.41,45362.18,16563.18,15813.09,45653.46,0.00,0.00,0.00,930.22,226.68,291.28,1000.77,1000.77,1.004,0.092,0.540,-3.781,-0.781,-0.219,9801,165.1,0,-0.9492,-0.0370,0.0051,-0.3124,36.4,-1.9,0.0
2361900,2026-09-11_09-02-59.901-240,v5.1.3,3.44,12.0,200,1190,1274,3495,666,1121,3676,15539.92,15639.51,45400.73,16282.75,15843.64,45527.20,0.00,0.00,0.00,742.83,204.13,126.47,780.68,780.68,1.005,0.083,0.540,-4.500,-0.984,0.516,9801,137.0,0,-0.9492,-0.0375,0.0048,-0.3124,36.4,-1.9,0.0
2361929,2026-09-11_09-02-59.930-240,v5.1.3,3.44,12.0,200,1200,1262,3498,694,1120,3674,15673.52,15478.53,45441.48,16647.61,15835.32,45440.55,0.00,0.00,0.00,974.08,356.79,-0.94,1037.37,1037.37,1.005,0.072,0.540,-4.828,-1.297,0.984,9801,169.8,0,-0.9493,-0.0369,0.0051,-0.3123,36.4,-1.9,0.0
2361953,2026-09-11_09-02-59.953-240,v5.1.3,3.44,12.0,200,1201,1252,3499,696,1103,3679,15687.83,15345.98,45455.89,16692.28,15615.59,45503.89,0.00,0.00,0.00,1004.46,269.61,48.00,1041.12,1041.12,1.006,0.079,0.537,-4.250,-0.969,0.047,9801,170.3,0,-0.9493,-0.0369,0.0051,-0.3123,36.4,-1.9,0.0
2361983,2026-09-11_09-03-00.983-240,v5.1.3,3.44,12.0,200,1195,1254,3498,687,1113,3676,15608.22,15373.65,45442.58,16562.81,15743.29,45482.96,0.00,0.00,0.00,954.58,369.63,40.38,1024.44,1024.44,1.005,0.081,0.537,-4.812,-0.359,0.188,9806,168.1,0,-0.9493,-0.0372,0.0051,-0.3122,36.3,-1.9,0.0
2362010,2026-09-11_09-03-00.011-240,v5.1.3,3.44,12.0,200,1199,1260,3491,688,1102,3683,15660.50,15454.28,45350.53,16596.20,15602.47,45572.99,0.00,0.00,0.00,935.70,148.19,222.46,973.13,973.13,1.010,0.089,0.536,-4.953,-0.594,0.500,9806,161.6,0,-0.9493,-0.0378,0.0050,-0.3121,36.3,-1.9,0.0
2362035,2026-09-11_09-03-00.036-240,v5.1.3,3.44,12.0,200,1200,1250,3501,688,1108,3675,15674.81,15319.15,45482.23,16575.89,15677.81,45468.92,0.00,0.00,0.00,901.08,358.66,-13.31,969.92,969.92,1.003,0.069,0.533,-4.391,-0.688,0.422,9806,161.2,0,-0.9493,-0.0374,0.0050,-0.3120,36.3,-1.9,0.0
2362068,2026-09-11_09-03-00.068-240,v5.1.3,3.44,12.0,200,1192,1254,3495,683,1107,3686,15568.53,15375.00,45403.48,16534.86,15667.92,45621.47,0.00,0.00,0.00,966.33,292.92,217.99,1033.01,1033.01,1.005,0.079,0.539,-3.578,-0.656,-0.531,9806,169.2,0,-0.9493,-0.0371,0.0051,-0.3121,36.3,-1.9,0.0
2362091,2026-09-11_09-03-00.092-240,v5.1.3,3.44,12.0,200,1194,1254,3496,686,1097,3683,15594.99,15374.39,45416.51,16571.97,15536.79,45578.36,0.00,0.00,0.00,976.98,162.40,161.85,1003.53,1003.53,1.002,0.095,0.537,-4.484,-0.859,0.375,9806,165.5,0,-0.9493,-0.0378,0.0048,-0.3120,36.3,-1.9,0.0
2362123,2026-09-11_09-03-00.123-240,v5.1.3,3.44,12.0,200,1204,1254,3491,689,1102,3684,15727.30,15374.22,45351.36,16611.59,15603.05,45583.66,0.00,0.00,0.00,884.29,228.82,232.30,942.49,942.49,1.002,0.073,0.537,-4.922,-0.391,-0.141,9805,157.7,0,-0.9493,-0.0376,0.0047,-0.3120,36.3,-1.9,0.0
2362166,2026-09-11_09-03-00.167-240,v5.1.3,3.44,12.0,200,1201,1252,3490,687,1106,3683,15687.82,15348.57,45338.59,16581.32,15654.51,45574.37,0.00,0.00,0.00,893.50,305.94,235.77,973.41,973.41,1.003,0.095,0.539,-4.469,-1.031,0.422,9805,161.6,0,-0.9493,-0.0388,0.0046,-0.3121,36.3,-1.9,0.0
2362193,2026-09-11_09-03-00.193-240,v5.1.3,3.44,12.0,200,1203,1257,3496,689,1109,3681,15713.75,15412.58,45416.11,16601.95,15693.33,45543.68,0.00,0.00,0.00,888.20,280.75,127.57,940.21,940.21,1.003,0.074,0.541,-4.141,-0.844,0.781,9805,157.4,0,-0.9493,-0.0386,0.0045,-0.3121,36.3,-1.9,0.0
2362223,2026-09-11_09-03-00.223-240,v5.1.3,3.44,12.0,200,1189,1269,3500,691,1120,3679,15527.23,15572.19,45466.57,16619.18,15836.61,45511.38,0.00,0.00,0.00,1091.95,264.43,44.81,1124.40,1124.40,1.007,0.065,0.540,-3.938,-0.750,-0.719,9805,180.9,0,-0.9493,-0.0376,0.0048,-0.3121,36.3,-1.9,0.0
2362248,2026-09-11_09-03-00.249-240,v5.1.3,3.44,12.0,200,1198,1253,3495,685,1107,3688,15648.02,15360.83,45403.62,16565.64,15669.06,45642.82,0.00,0.00,0.00,917.62,308.24,239.20,997.12,997.12,1.003,0.095,0.540,-4.109,-1.016,-0.391,9802,164.6,0,-0.9493,-0.0384,0.0045,-0.3121,36.3,-1.9,0.0
2362278,2026-09-11_09-03-00.278-240,v5.1.3,3.44,12.0,200,1193,1256,3495,683,1098,3677,15581.54,15401.26,45403.20,16518.71,15547.00,45507.57,0.00,0.00,0.00,937.17,145.74,104.36,954.16,954.16,1.005,0.072,0.534,-4.734,-0.453,0.344,9802,159.2,0,-0.9493,-0.0383,0.0046,-0.3120,36.3,-1.9,0.0
2362305,2026-09-11_09-03-00.307-240,v5.1.3,3.44,12.0,200,1197,1250,3477,683,1106,3671,15635.09,15326.54,45169.44,16501.99,15649.20,45428.81,0.00,0.00,0.00,866.91,322.67,259.37,960.69,960.69,1.005,0.076,0.537,-3.875,-1.047,0.031,9802,160.0,0,-0.9494,-0.0381,0.0047,-0.3117,36.3,-1.9,0.0
2362329,2026-09-11_09-03-00.330-240,v5.1.3,3.44,12.0,200,1202,1247,3500,690,1101,3679,15701.60,15279.49,45469.62,16614.09,15588.30,45517.39,0.00,0.00,0.00,912.50,308.81,47.77,964.52,964.52,1.006,0.081,0.538,-4.328,-0.750,0.859,9802,160.5,0,-0.9494,-0.0385,0.0046,-0.3117,36.3,-1.9,0.0
2362358,2026-09-11_09-03-00.358-240,v5.1.3,3.44,12.0,200,1195,1263,3499,680,1118,3680,15607.26,15492.25,45454.37,16477.34,15808.71,45548.66,0.00,0.00,0.00,870.08,316.46,94.29,930.63,930.63,1.002,0.070,0.539,-4.094,-0.672,0.344,9802,156.2,0,-0.9494,-0.0376,0.0046,-0.3118,36.3,-1.8,0.0
2362383,2026-09-11_09-03-00.384-240,v5.1.3,3.44,12.0,200,1198,1260,3492,686,1115,3680,15647.27,15454.16,45363.56,16557.66,15770.71,45536.16,0.00,0.00,0.00,910.39,316.56,172.61,979.19,979.19,1.006,0.097,0.539,-4.266,-0.859,-0.078,9802,162.4,0,-0.9493,-0.0379,0.0044,-0.3120,36.3,-1.8,0.0
2362408,2026-09-11_09-03-00.410-240,v5.1.3,3.44,12.0,200,1193,1256,3472,687,1106,3664,15581.51,15407.87,45103.45,16539.16,15647.35,45330.08,0.00,0.00,0.00,957.65,239.48,226.64,1012.82,1012.82,1.007,0.075,0.536,-4.891,-0.688,0.250,9806,166.6,0,-0.9493,-0.0380,0.0045,-0.3119,36.3,-1.8,0.0
2362443,2026-09-11_09-03-00.443-240,v5.1.3,3.44,12.0,200,1200,1269,3499,685,1126,3684,15672.77,15570.71,45453.55,16548.68,15915.67,45587.56,0.00,0.00,0.00,875.91,344.96,134.01,950.88,950.88,1.004,0.081,0.538,-3.719,-0.922,-0.297,9806,158.7,0,-0.9493,-0.0375,0.0046,-0.3120,36.3,-1.8,0.0
2362466,2026-09-11_09-03-00.467-240,v5.1.3,3.44,12.0,200,1198,1251,3498,691,1116,3679,15648.24,15333.54,45443.00,16620.88,15784.38,45512.19,0.00,0.00,0.00,972.65,450.83,69.19,1074.28,1074.28,1.005,0.095,0.535,-4.172,-0.953,0.422,9806,174.5,0,-0.9493,-0.0384,0.0044,-0.3120,36.3,-1.9,0.0
2362493,2026-09-11_09-03-00.493-240,v5.1.3,3.44,12.0,200,1191,1260,3494,678,1111,3684,15554.65,15454.70,45389.62,16462.85,15718.42,45605.86,0.00,0.00,0.00,908.20,263.71,216.25,970.12,970.12,1.003,0.057,0.536,-4.359,-0.891,-0.016,9806,161.2,0,-0.9493,-0.0375,0.0047,-0.3120,36.3,-1.9,0.0
2362523,2026-09-11_09-03-00.523-240,v5.1.3,3.44,12.0,200,1200,1264,3497,678,1106,3677,15673.31,15505.24,45428.17,16449.44,15650.49,45516.87,0.00,0.00,0.00,776.13,145.25,88.70,794.57,794.57,1.010,0.090,0.538,-4.172,-1.000,0.219,9806,138.8,0,-0.9493,-0.0379,0.0046,-0.3120,36.3,-1.9,0.0
2362546,2026-09-11_09-03-00.547-240,v5.1.3,3.44,12.0,200,1192,1249,3498,695,1098,3679,15569.07,15308.09,45443.27,16681.24,15550.10,45507.08,0.00,0.00,0.00,1112.17,242.01,63.81,1139.98,1139.98,1.007,0.087,0.536,-4.703,-0.938,0.438,9801,182.9,0,-0.9493,-0.0385,0.0044,-0.3120,36.3,-1.9,0.0
2362593,2026-09-11_09-03-00.593-240,v5.1.3,3.44,12.0,200,1194,1259,3497,685,1102,3679,15594.46,15440.15,45428.86,16547.80,15600.38,45528.11,0.00,0.00,0.00,953.34,160.23,99.25,971.79,971.79,1.008,0.082,0.532,-4.078,-0.625,-0.078,9801,161.4,0,-0.9493,-0.0377,0.0045,-0.3120,36.3,-1.8,0.0
2362619,2026-09-11_09-03-00.619-240,v5.1.3,3.44,12.0,200,1194,1258,3500,689,1125,3670,15594.57,15426.08,45468.09,16570.73,15898.12,45399.03,0.00,0.00,0.00,976.17,472.04,-69.07,1086.51,1086.51,1.007,0.093,0.535,-4.703,-0.859,0.875,9801,176.0,0,-0.9493,-0.0383,0.0043,-0.3120,36.3,-1.8,0.0
2362643,2026-09-11_09-03-00.643-240,v5.1.3,3.44,12.0,200,1188,1250,3502,684,1105,3678,15516.04,15320.79,45495.25,16531.13,15638.98,45516.83,0.00,0.00,0.00,1015.09,318.19,21.58,1064.01,1064.01,1.011,0.051,0.533,-4.344,-0.938,-0.656,9801,173.2,0,-0.9494,-0.0374,0.0045,-0.3119,36.3,-1.8,0.0
2362678,2026-09-11_09-03-00.678-240,v5.1.3,3.44,12.0,200,1193,1269,3495,677,1128,3682,15580.15,15572.98,45401.41,16438.00,15939.47,45578.91,0.00,0.00,0.00,857.85,366.49,177.50,949.59,949.59,1.009,0.087,0.538,-3.859,-1.047,-0.125,9801,158.6,0,-0.9493,-0.0376,0.0042,-0.3121,36.3,-1.8,0.0
2362702,2026-09-11_09-03-00.703-240,v5.1.3,3.44,12.0,200,1193,1250,3494,687,1099,3681,15582.18,15322.29,45391.00,16579.86,15562.35,45550.06,0.00,0.00,0.00,997.67,240.06,159.06,1038.40,1038.40,1.006,0.092,0.530,-4.500,-0.297,-0.062,9808,169.9,0,-0.9493,-0.0381,0.0039,-0.3121,36.3,-1.8,0.0
2362733,2026-09-11_09-03-00.733-240,v5.1.3,3.44,12.0,200,1190,1251,3494,676,1106,3683,15542.38,15335.98,45390.86,16436.41,15652.36,45598.38,0.00,0.00,0.00,894.02,316.38,207.53,970.79,970.79,1.009,0.059,0.532,-4.094,-0.750,0.156,9808,161.3,0,-0.9493,-0.0375,0.0041,-0.3121,36.3,-1.8,0.0
2362759,2026-09-11_09-03-00.760-240,v5.1.3,3.44,12.0,200,1194,1251,3496,686,1100,3681,15595.31,15334.76,45416.93,16566.26,15575.21,45552.04,0.00,0.00,0.00,970.95,240.45,135.12,1009.36,1009.36,1.010,0.084,0.535,-3.656,-1.031,0.281,9808,166.2,0,-0.9493,-0.0374,0.0043,-0.3122,36.3,-1.8,0.0
2362784,2026-09-11_09-03-00.784-240,v5.1.3,3.44,12.0,200,1190,1260,3499,686,1100,3679,15541.43,15453.43,45454.78,16561.82,15574.46,45526.33,0.00,0.00,0.00,1020.40,121.03,71.55,1030.04,1030.04,1.004,0.081,0.529,-4.047,-0.969,-0.156,9808,168.8,0,-0.9492,-0.0378,0.0043,-0.3122,36.4,-1.8,0.0
2362812,2026-09-11_09-03-00.813-240,v5.1.3,3.44,12.0,200,1191,1256,3502,685,1103,3674,15555.09,15399.57,45494.43,16536.28,15611.55,45463.62,0.00,0.00,0.00,981.18,211.99,-30.81,1004.30,1004.30,1.011,0.058,0.528,-3.188,-0.781,-0.312,9808,165.6,0,-0.9492,-0.0370,0.0046,-0.3124,36.4,-1.8,0.0
2362839,2026-09-11_09-03-00.840-240,v5.1.3,3.44,12.0,200,1192,1254,3492,684,1115,3682,15568.52,15375.86,45364.38,16535.75,15771.08,45566.24,0.00,0.00,0.00,967.23,395.22,201.87,1064.18,1064.18,1.010,0.097,0.527,-3.844,-0.906,-0.266,9809,173.2,0,-0.9492,-0.0380,0.0041,-0.3124,36.4,-1.8,0.0
2362863,2026-09-11_09-03-00.863-240,v5.1.3,3.44,12.0,200,1187,1257,3495,688,1105,3678,15502.05,15415.43,45403.06,16583.82,15639.76,45508.10,0.00,0.00,0.00,1081.78,224.33,105.04,1109.77,1109.77,1.007,0.076,0.538,-4.578,-0.812,0.203,9809,179.0,0,-0.9492,-0.0381,0.0040,-0.3123,36.4,-1.8,0.0
2362898,2026-09-11_09-03-00.898-240,v5.1.3,3.44,12.0,200,1189,1247,3493,688,1093,3685,15529.58,15283.59,45378.37,16604.46,15485.70,45600.52,0.00,0.00,0.00,1074.88,202.11,222.14,1116.05,1116.05,1.007,0.073,0.534,-3.641,-1.141,-0.672,9809,179.8,0,-0.9492,-0.0373,0.0042,-0.3124,36.4,-1.8,0.0
2362921,2026-09-11_09-03-00.922-240,v5.1.3,3.44,12.0,200,1197,1258,3492,685,1105,3681,15634.25,15427.90,45363.83,16550.96,15640.31,45553.22,0.00,0.00,0.00,916.71,212.41,189.39,959.87,959.87,1.005,0.094,0.533,-4.141,-1.109,0.859,9809,159.9,0,-0.9492,-0.0380,0.0039,-0.3124,36.4,-1.8,0.0
2362953,2026-09-11_09-03-00.953-240,v5.1.3,3.44,12.0,200,1184,1254,3499,688,1109,3680,15462.68,15375.13,45455.60,16586.56,15692.75,45533.00,0.00,0.00,0.00,1123.88,317.62,77.41,1170.46,1170.46,1.005,0.062,0.533,-4.250,-0.922,0.281,9809,186.8,0,-0.9492,-0.0371,0.0041,-0.3124,36.4,-1.8,0.0
2362997,2026-09-11_09-03-01.997-240,v5.1.3,3.44,12.0,200,1186,1253,3497,690,1100,3680,15489.25,15362.17,45429.67,16616.74,15575.62,45530.45,0.00,0.00,0.00,1127.49,213.44,100.78,1151.93,1151.93,1.004,0.078,0.545,-3.953,-0.594,-0.031,9811,184.4,0,-0.9492,-0.0376,0.0046,-0.3123,36.4,-1.8,0.0
2363023,2026-09-11_09-03-01.023-240,v5.1.3,3.44,12.0,200,1190,1253,3490,682,1094,3679,15542.16,15363.55,45338.45,16511.68,15495.32,45536.27,0.00,0.00,0.00,969.52,131.77,197.82,998.23,998.23,1.005,0.070,0.542,-3.859,-0.844,0.172,9811,164.8,0,-0.9493,-0.0370,0.0048,-0.3123,36.4,-1.9,0.0
2363057,2026-09-11_09-03-01.057-240,v5.1.3,3.44,12.0,200,1190,1267,3499,688,1119,3676,15540.68,15545.89,45453.82,16573.43,15821.83,45479.56,0.00,0.00,0.00,1032.75,275.94,25.75,1069.29,1069.29,1.004,0.088,0.549,-7.828,-0.875,-0.234,9811,173.9,0,-0.9493,-0.0376,0.0047,-0.3119,36.3,-1.9,0.0
2363079,2026-09-11_09-03-01.080-240,v5.1.3,3.44,12.0,200,1194,1256,3493,683,1102,3685,15594.77,15401.67,45377.14,16534.76,15602.25,45609.62,0.00,0.00,0.00,939.99,200.57,232.48,988.87,988.87,1.001,0.075,0.543,-4.484,-0.609,-0.188,9811,163.6,0,-0.9494,-0.0377,0.0047,-0.3119,36.3,-1.9,0.0
2363108,2026-09-11_09-03-01.108-240,v5.1.3,3.44,12.0,200,1197,1264,3501,689,1110,3677,15633.62,15504.57,45480.30,16592.65,15704.88,45492.05,0.00,0.00,0.00,959.03,200.31,11.74,979.80,979.80,1.006,0.063,0.546,-3.797,-0.438,-0.953,9811,162.4,0,-0.9494,-0.0369,0.0047,-0.3118,36.3,-1.8,0.0
2363138,2026-09-11_09-03-01.139-240,v5.1.3,3.44,12.0,200,1215,1257,3494,701,1111,3675,15872.52,15411.23,45390.05,16745.87,15719.54,45439.93,0.00,0.00,0.00,873.35,308.31,49.88,927.52,927.52,0.996,0.096,0.544,-4.328,-0.516,-0.109,9805,155.8,0,-0.9493,-0.0381,0.0045,-0.3119,36.3,-1.9,0.0
2363163,2026-09-11_09-03-01.163-240,v5.1.3,3.44,12.0,200,1195,1257,3497,685,1097,3678,15607.90,15413.57,45429.13,16547.71,15534.71,45516.26,0.00,0.00,0.00,939.80,121.13,87.12,951.57,951.57,1.004,0.061,0.540,-4.500,-0.812,0.406,9805,158.8,0,-0.9494,-0.0378,0.0048,-0.3118,36.3,-1.9,0.0
2363198,2026-09-11_09-03-01.199-240,v5.1.3,3.44,12.0,200,1192,1246,3494,679,1092,3686,15569.38,15269.61,45391.54,16488.54,15471.25,45633.22,0.00,0.00,0.00,919.16,201.64,241.68,971.56,971.56,1.000,0.091,0.551,-3.938,-0.906,-0.234,9805,161.4,0,-0.9494,-0.0378,0.0049,-0.3119,36.3,-1.9,0.0
2363224,2026-09-11_09-03-01.225-240,v5.1.3,3.44,12.0,200,1198,1263,3496,682,1117,3680,15646.95,15492.64,45415.28,16504.11,15796.05,45544.49,0.00,0.00,0.00,857.16,303.41,129.21,918.41,918.41,1.001,0.084,0.545,-4.938,-0.953,0.047,9805,154.6,0,-0.9494,-0.0384,0.0047,-0.3118,36.3,-1.9,0.0
2363253,2026-09-11_09-03-01.253-240,v5.1.3,3.44,12.0,200,1192,1252,3496,685,1089,3680,15568.74,15348.29,45416.79,16555.55,15430.99,45543.58,0.00,0.00,0.00,986.80,82.70,126.80,998.35,998.35,1.000,0.072,0.545,-4.516,-1.078,0.469,9805,164.8,0,-0.9494,-0.0377,0.0048,-0.3118,36.3,-1.9,0.0
2363284,2026-09-11_09-03-01.285-240,v5.1.3,3.44,12.0,200,1195,1252,3495,692,1100,3678,15608.44,15348.10,45403.76,16638.64,15575.25,45500.37,0.00,0.00,0.00,1030.21,227.16,96.61,1059.37,1059.37,0.999,0.085,0.538,-4.469,-1.109,0.188,9813,172.6,0,-0.9494,-0.0381,0.0048,-0.3118,36.3,-1.9,0.0
2363308,2026-09-11_09-03-01.308-240,v5.1.3,3.44,12.0,200,1198,1254,3498,692,1099,3677,15647.92,15373.17,45442.58,16636.85,15561.82,45487.71,0.00,0.00,0.00,988.93,188.65,45.13,1007.78,1007.78,1.006,0.075,0.544,-4.156,-0.438,0.016,9813,166.0,0,-0.9494,-0.0381,0.0048,-0.3118,36.3,-1.9,0.0
2363343,2026-09-11_09-03-01.343-240,v5.1.3,3.44,12.0,200,1194,1263,3492,691,1105,3678,15594.02,15494.43,45363.14,16623.35,15640.35,45501.55,0.00,0.00,0.00,1029.33,145.92,138.41,1048.79,1048.79,1.010,0.079,0.543,-3.859,-0.734,-0.016,9813,171.2,0,-0.9494,-0.0375,0.0046,-0.3118,36.3,-1.8,0.0
2363367,2026-09-11_09-03-01.368-240,v5.1.3,3.44,12.0,200,1198,1272,3494,695,1115,3672,15645.98,15612.10,45387.97,16658.47,15769.46,45413.66,0.00,0.00,0.00,1012.49,157.37,25.68,1024.97,1024.97,1.003,0.087,0.541,-0.062,-1.094,0.656,9813,168.2,0,-0.9493,-0.0382,0.0042,-0.3120,36.3,-1.8,0.0
2363413,2026-09-11_09-03-01.413-240,v5.1.3,3.44,12.0,200,1193,1265,3496,690,1115,3677,15580.58,15519.86,45415.00,16603.70,15770.37,45488.86,0.00,0.00,0.00,1023.12,250.51,73.86,1055.93,1055.93,1.008,0.068,0.538,-4.047,-0.688,-0.375,9804,172.1,0,-0.9493,-0.0369,0.0045,-0.3122,36.3,-1.8,0.0
2363440,2026-09-11_09-03-01.441-240,v5.1.3,3.44,12.0,200,1198,1249,3497,685,1098,3676,15648.45,15307.41,45430.23,16542.84,15547.01,45490.34,0.00,0.00,0.00,894.39,239.60,60.11,927.87,927.87,1.005,0.088,0.537,-4.109,-0.734,-0.938,9804,155.8,0,-0.9492,-0.0377,0.0046,-0.3123,36.4,-1.9,0.0
2363473,2026-09-11_09-03-01.473-240,v5.1.3,3.44,12.0,200,1196,1267,3498,690,1113,3678,15620.06,15545.22,45440.79,16606.77,15744.63,45502.12,0.00,0.00,0.00,986.71,199.41,61.33,1008.52,1008.52,1.001,0.084,0.539,-4.359,-1.062,-0.078,9804,166.1,0,-0.9492,-0.0380,0.0044,-0.3122,36.3,-1.8,0.0
2363504,2026-09-11_09-03-01.505-240,v5.1.3,3.44,12.0,200,1198,1250,3495,686,1096,3680,15648.34,15321.20,45404.04,16565.74,15522.60,45539.99,0.00,0.00,0.00,917.40,201.40,135.95,949.03,949.03,1.001,0.085,0.545,-4.391,-0.781,-0.359,9804,158.5,0,-0.9492,-0.0386,0.0045,-0.3122,36.3,-1.9,0.0
2363529,2026-09-11_09-03-01.529-240,v5.1.3,3.44,12.0,200,1196,1257,3494,693,1101,3674,15621.13,15414.27,45390.04,16642.52,15587.00,45446.56,0.00,0.00,0.00,1021.39,172.73,56.52,1037.43,1037.43,1.006,0.074,0.540,-4.375,-0.766,0.156,9804,169.8,0,-0.9493,-0.0386,0.0046,-0.3120,36.3,-1.9,0.0
2363558,2026-09-11_09-03-01.558-240,v5.1.3,3.44,12.0,200,1198,1264,3501,694,1096,3683,15646.85,15504.41,45480.30,16677.79,15525.30,45561.09,0.00,0.00,0.00,1030.94,20.89,80.79,1034.31,1034.31,1.000,0.084,0.540,-3.734,-0.703,0.328,9806,169.4,0,-0.9493,-0.0385,0.0044,-0.3121,36.3,-1.9,0.0
2363585,2026-09-11_09-03-01.586-240,v5.1.3,3.44,12.0,200,1194,1246,3498,682,1093,3677,15595.85,15268.14,45443.68,16507.67,15481.50,45510.75,0.00,0.00,0.00,911.82,213.37,67.07,938.85,938.85,1.000,0.075,0.545,-4.500,-1.406,0.375,9806,157.2,0,-0.9492,-0.0384,0.0045,-0.3122,36.3,-1.9,0.0
2363608,2026-09-11_09-03-01.608-240,v5.1.3,3.44,12.0,200,1200,1253,3489,691,1098,3681,15674.47,15362.23,45325.43,16632.98,15550.07,45541.53,0.00,0.00,0.00,958.50,187.84,216.10,1000.36,1000.36,1.005,0.072,0.535,-4.516,-0.766,-0.203,9806,165.1,0,-0.9493,-0.0380,0.0049,-0.3121,36.3,-1.9,0.0
2363638,2026-09-11_09-03-01.640-240,v5.1.3,3.44,12.0,200,1200,1273,3477,686,1113,3679,15672.31,15629.87,45166.28,16556.29,15744.22,45523.71,0.00,0.00,0.00,883.98,114.35,357.43,960.34,960.34,1.001,0.083,0.541,-4.359,-0.500,0.250,9806,160.0,0,-0.9493,-0.0381,0.0045,-0.3120,36.3,-1.9,0.0
2363665,2026-09-11_09-03-01.666-240,v5.1.3,3.44,12.0,200,1197,1259,3497,693,1090,3677,15634.15,15439.67,45428.86,16653.85,15444.49,45487.34,0.00,0.00,0.00,1019.70,4.82,58.48,1021.39,1021.39,1.002,0.075,0.541,-4.250,-1.047,-0.250,9806,167.7,0,-0.9493,-0.0378,0.0047,-0.3121,36.3,-1.9,0.0
2363693,2026-09-11_09-03-01.693-240,v5.1.3,3.44,12.0,200,1197,1269,3499,685,1105,3678,15633.08,15571.19,45453.55,16544.30,15639.18,45514.65,0.00,0.00,0.00,911.22,67.99,61.10,915.80,915.80,1.009,0.074,0.542,-4.078,-0.875,0.047,9810,154.3,0,-0.9493,-0.0373,0.0047,-0.3121,36.3,-1.8,0.0
2363725,2026-09-11_09-03-01.725-240,v5.1.3,3.44,12.0,200,1195,1249,3494,693,1096,3677,15608.75,15308.76,45391.13,16651.30,15522.84,45486.13,0.00,0.00,0.00,1042.55,214.08,95.00,1068.53,1068.53,1.007,0.086,0.543,-4.219,-1.266,-0.219,9810,173.8,0,-0.9493,-0.0379,0.0044,-0.3121,36.3,-1.8,0.0
2363747,2026-09-11_09-03-01.748-240,v5.1.3,3.44,12.0,200,1194,1271,3504,696,1114,3670,15593.18,15596.65,45518.43,16667.63,15755.85,45385.96,0.00,0.00,0.00,1074.45,159.19,-132.47,1094.23,1094.23,1.001,0.078,0.541,-4.250,-0.625,0.188,9810,177.0,0,-0.9493,-0.0378,0.0045,-0.3120,36.3,-1.8,0.0
2363783,2026-09-11_09-03-01.783-240,v5.1.3,3.44,12.0,200,1199,1260,3491,681,1100,3682,15660.50,15454.28,45350.53,16502.61,15574.61,45575.82,0.00,0.00,0.00,842.11,120.32,225.29,879.99,879.99,1.003,0.083,0.544,-3.578,-0.750,0.703,9810,149.7,0,-0.9493,-0.0377,0.0047,-0.3121,36.3,-1.9,0.0
2363825,2026-09-11_09-03-01.826-240,v5.1.3,3.44,12.0,200,1193,1269,3501,688,1104,3672,15580.16,15571.26,45479.61,16570.93,15624.44,45431.16,0.00,0.00,0.00,990.78,53.19,-48.45,993.39,993.39,1.002,0.079,0.536,-4.328,-0.469,0.312,9810,164.2,0,-0.9493,-0.0377,0.0052,-0.3122,36.3,-1.9,0.0
2363852,2026-09-11_09-03-01.854-240,v5.1.3,3.44,12.0,200,1191,1248,3494,681,1094,3681,15555.94,15296.19,45391.27,16502.94,15495.88,45564.17,0.00,0.00,0.00,947.01,199.69,172.90,983.15,983.15,1.005,0.075,0.533,-4.125,-1.266,0.828,9807,162.9,0,-0.9493,-0.0373,0.0053,-0.3122,36.4,-1.9,0.0
2363881,2026-09-11_09-03-01.882-240,v5.1.3,3.44,12.0,200,1202,1265,3494,693,1096,3678,15699.66,15518.99,45388.94,16653.52,15523.22,45498.99,0.00,0.00,0.00,953.86,4.23,110.05,960.20,960.20,1.009,0.079,0.535,-4.359,-0.641,-0.281,9807,159.9,0,-0.9492,-0.0377,0.0057,-0.3124,36.4,-2.0,0.0
2363903,2026-09-11_09-03-01.905-240,v5.1.3,3.44,12.0,200,1194,1252,3499,694,1091,3672,15595.21,15347.11,45455.88,16655.51,15455.86,45420.67,0.00,0.00,0.00,1060.30,108.75,-35.21,1066.44,1066.44,1.010,0.075,0.532,-4.406,-0.984,0.422,9807,173.5,0,-0.9492,-0.0377,0.0055,-0.3123,36.4,-1.9,0.0
2363938,2026-09-11_09-03-01.940-240,v5.1.3,3.44,12.0,200,1196,1255,3495,684,1100,3679,15621.34,15387.57,45403.34,16535.47,15574.06,45530.70,0.00,0.00,0.00,914.13,186.50,127.35,941.61,941.61,1.001,0.085,0.533,-3.703,-0.656,0.094,9807,157.6,0,-0.9492,-0.0376,0.0054,-0.3123,36.4,-1.9,0.0
2363966,2026-09-11_09-03-01.966-240,v5.1.3,3.44,12.0,200,1192,1253,3491,690,1087,3680,15568.63,15362.94,45351.48,16622.27,15405.85,45533.07,0.00,0.00,0.00,1053.64,42.91,181.58,1070.03,1070.03,1.002,0.080,0.533,-4.688,-0.781,-0.250,9807,173.9,0,-0.9492,-0.0380,0.0053,-0.3122,36.3,-1.9,0.0
2363993,2026-09-11_09-03-02.993-240,v5.1.3,3.44,12.0,200,1205,1254,3492,692,1097,3688,15740.53,15373.78,45364.39,16662.11,15539.85,45629.55,0.00,0.00,0.00,921.58,166.07,265.16,973.24,973.24,1.006,0.077,0.529,-4.109,-0.812,0.156,9806,161.6,0,-0.9492,-0.0378,0.0053,-0.3122,36.3,-1.9,0.0
2364028,2026-09-11_09-03-02.028-240,v5.1.3,3.44,12.0,200,1196,1261,3497,689,1104,3675,15620.70,15466.25,45428.58,16590.76,15625.77,45467.54,0.00,0.00,0.00,970.06,159.52,38.96,983.86,983.86,1.012,0.070,0.542,-3.750,-0.781,-0.219,9806,163.0,0,-0.9493,-0.0374,0.0050,-0.3122,36.3,-1.9,0.0
2364051,2026-09-11_09-03-02.051-240,v5.1.3,3.44,12.0,200,1196,1261,3493,690,1106,3681,15620.70,15467.40,45376.45,16616.40,15654.35,45542.10,0.00,0.00,0.00,995.70,186.95,165.65,1026.56,1026.56,1.011,0.074,0.534,-3.953,-1.219,-0.391,9806,168.4,0,-0.9493,-0.0373,0.0053,-0.3122,36.3,-1.9,0.0
2364078,2026-09-11_09-03-02.078-240,v5.1.3,3.44,12.0,200,1201,1270,3498,698,1112,3672,15685.90,15584.05,45440.38,16699.27,15730.88,45407.71,0.00,0.00,0.00,1013.37,146.83,-32.67,1024.47,1024.47,1.001,0.086,0.531,-3.203,-0.984,-0.500,9806,168.1,0,-0.9492,-0.0377,0.0050,-0.3122,36.4,-1.9,0.0
2364109,2026-09-11_09-03-02.109-240,v5.1.3,3.44,12.0,200,1198,1250,3494,708,1099,3677,15648.34,15321.49,45391.00,16847.63,15564.96,45452.78,0.00,0.00,0.00,1199.29,243.47,61.78,1225.31,1225.31,1.017,0.081,0.540,-4.250,-0.812,0.156,9806,193.8,0,-0.9492,-0.0384,0.0049,-0.3122,36.3,-1.9,0.0
2364133,2026-09-11_09-03-02.133-240,v5.1.3,3.44,12.0,200,1205,1250,3490,698,1092,3681,15740.95,15321.51,45338.88,16727.75,15473.09,45527.45,0.00,0.00,0.00,986.79,151.58,188.58,1016.02,1016.02,1.001,0.079,0.537,-3.859,-0.859,-0.062,9808,167.1,0,-0.9492,-0.0383,0.0049,-0.3123,36.4,-1.9,0.0
2364168,2026-09-11_09-03-02.168-240,v5.1.3,3.44,12.0,200,1194,1255,3492,687,1101,3682,15594.88,15388.75,45364.24,16581.23,15588.84,45562.51,0.00,0.00,0.00,986.35,200.09,198.27,1025.78,1025.78,1.005,0.084,0.533,-4.500,-0.562,-0.500,9808,168.3,0,-0.9492,-0.0388,0.0047,-0.3122,36.3,-1.9,0.0
2364194,2026-09-11_09-03-02.194-240,v5.1.3,3.44,12.0,200,1197,1257,3486,697,1101,3682,15634.35,15416.42,45285.77,16712.96,15590.80,45540.68,0.00,0.00,0.00,1078.62,174.39,254.91,1121.96,1121.96,1.005,0.079,0.537,-4.109,-1.250,-0.203,9808,180.6,0,-0.9492,-0.0386,0.0044,-0.3122,36.3,-1.9,0.0
2364238,2026-09-11_09-03-02.238-240,v5.1.3,3.44,12.0,200,1202,1253,3495,698,1082,3681,15700.95,15360.19,45403.62,16732.00,15342.50,45529.46,0.00,0.00,0.00,1031.06,-17.68,125.84,1038.86,1038.86,1.015,0.060,0.545,-2.859,-0.859,-1.922,9808,170.0,0,-0.9492,-0.0376,0.0050,-0.3124,36.4,-1.9,0.0
2364265,2026-09-11_09-03-02.266-240,v5.1.3,3.44,12.0,200,1218,1253,3494,716,1091,3679,15912.64,15357.91,45390.61,16960.87,15462.81,45462.64,0.00,0.00,0.00,1048.22,104.90,72.03,1055.92,1055.92,1.005,0.084,0.544,-2.547,-0.953,-2.000,9808,172.1,0,-0.9491,-0.0383,0.0048,-0.3125,36.4,-1.9,0.0
2364288,2026-09-11_09-03-02.288-240,v5.1.3,3.44,12.0,200,1200,1258,3495,698,1097,3675,15673.95,15426.55,45402.94,16712.31,15536.12,45449.30,0.00,0.00,0.00,1038.36,109.57,46.36,1045.15,1045.15,0.991,0.131,0.526,-3.531,-0.594,0.250,9800,170.8,0,-0.9491,-0.0395,0.0046,-0.3126,36.4,-1.9,0.0
2364323,2026-09-11_09-03-02.323-240,v5.1.3,3.44,12.0,200,1218,1268,3484,702,1116,3679,15911.02,15558.93,45258.21,16765.79,15786.53,45488.17,0.00,0.00,0.00,854.77,227.60,229.96,913.96,913.96,1.021,0.052,0.543,-4.984,-0.859,0.547,9800,154.0,0,-0.9491,-0.0393,0.0046,-0.3124,36.4,-1.9,0.0
2364348,2026-09-11_09-03-02.349-240,v5.1.3,3.44,12.0,200,1213,1264,3489,709,1106,3678,15845.30,15505.45,45323.93,16860.05,15656.94,45462.04,0.00,0.00,0.00,1014.75,151.49,138.12,1035.25,1035.25,1.012,0.045,0.544,-2.172,-0.484,-2.312,9800,169.5,0,-0.9491,-0.0384,0.0047,-0.3125,36.4,-1.9,0.0
2364378,2026-09-11_09-03-02.378-240,v5.1.3,3.44,12.0,200,1212,1265,3489,717,1109,3672,15831.96,15518.82,45323.79,16950.85,15695.42,45366.83,0.00,0.00,0.00,1118.88,176.60,43.04,1133.55,1133.55,1.013,0.104,0.542,-1.891,-0.359,-2.156,9800,182.1,0,-0.9490,-0.0395,0.0044,-0.3128,36.4,-1.9,0.0
2364409,2026-09-11_09-03-02.409-240,v5.1.3,3.44,12.0,200,1219,1270,3485,723,1104,3673,15924.04,15584.90,45270.97,17034.24,15631.68,45367.59,0.00,0.00,0.00,1110.20,46.78,96.62,1115.37,1115.37,0.987,0.101,0.533,-3.781,-1.203,-1.078,9800,179.7,0,-0.9489,-0.0409,0.0036,-0.3128,36.4,-1.9,0.0
2364433,2026-09-11_09-03-02.433-240,v5.1.3,3.44,12.0,200,1225,1254,3486,715,1099,3682,16005.14,15372.30,45286.21,16950.94,15568.21,45501.78,0.00,0.00,0.00,945.80,195.92,215.56,989.64,989.64,0.993,0.126,0.543,-5.172,-1.109,1.297,9815,163.7,0,-0.9489,-0.0416,0.0033,-0.3127,36.4,-1.9,0.0
2364464,2026-09-11_09-03-02.465-240,v5.1.3,3.44,12.0,200,1215,1273,3486,717,1113,3672,15870.79,15624.88,45283.59,16949.14,15747.66,45366.02,0.00,0.00,0.00,1078.35,122.78,82.43,1088.44,1088.44,1.012,0.021,0.543,-2.734,-0.969,-1.406,9815,176.3,0,-0.9490,-0.0402,0.0039,-0.3127,36.4,-1.9,0.0
2364487,2026-09-11_09-03-02.488-240,v5.1.3,3.44,12.0,200,1215,1260,3490,715,1093,3670,15872.19,15452.01,45337.51,16926.87,15485.34,45348.70,0.00,0.00,0.00,1054.67,33.33,11.20,1055.26,1055.26,0.988,0.108,0.540,-2.750,-0.797,-0.875,9815,172.1,0,-0.9489,-0.0403,0.0036,-0.3128,36.4,-1.8,0.0
2364513,2026-09-11_09-03-02.513-240,v5.1.3,3.44,12.0,200,1225,1257,3485,710,1094,3674,16004.82,15412.21,45272.77,16869.45,15498.92,45410.85,0.00,0.00,0.00,864.63,86.71,138.08,879.87,879.87,1.024,0.111,0.542,-3.469,-0.625,-0.859,9815,149.7,0,-0.9489,-0.0416,0.0035,-0.3128,36.4,-1.9,0.0
2364547,2026-09-11_09-03-02.548-240,v5.1.3,3.44,12.0,200,1219,1268,3485,712,1113,3672,15924.25,15558.48,45271.25,16883.28,15746.68,45376.94,0.00,0.00,0.00,959.02,188.20,105.70,983.01,983.01,0.979,0.099,0.536,-4.484,-0.938,1.109,9815,162.8,0,-0.9489,-0.0420,0.0030,-0.3128,36.4,-1.8,0.0
2364570,2026-09-11_09-03-02.570-240,v5.1.3,3.44,12.0,200,1223,1252,3495,721,1096,3674,15978.91,15343.61,45403.79,17013.51,15527.20,45386.43,0.00,0.00,0.00,1034.60,183.59,-17.36,1050.91,1050.91,1.014,0.106,0.537,-6.125,-0.734,2.406,9805,171.5,0,-0.9489,-0.0422,0.0030,-0.3126,36.4,-1.8,0.0
2364598,2026-09-11_09-03-02.598-240,v5.1.3,3.44,12.0,200,1217,1268,3489,713,1102,3679,15897.80,15557.65,45323.38,16916.66,15605.87,45466.97,0.00,0.00,0.00,1018.87,48.22,143.59,1030.06,1030.06,1.017,0.039,0.536,-4.641,-0.672,0.344,9805,168.8,0,-0.9490,-0.0407,0.0037,-0.3126,36.4,-1.9,0.0
2364629,2026-09-11_09-03-02.629-240,v5.1.3,3.44,12.0,200,1221,1251,3484,713,1094,3677,15952.54,15333.88,45260.55,16915.63,15500.64,45442.87,0.00,0.00,0.00,963.09,166.76,182.31,994.28,994.28,1.002,0.115,0.536,-3.719,-1.406,0.078,9805,164.3,0,-0.9490,-0.0410,0.0033,-0.3127,36.4,-1.8,0.0
2364668,2026-09-11_09-03-02.668-240,v5.1.3,3.44,12.0,200,1214,1273,3490,712,1105,3679,15857.57,15623.89,45335.72,16902.21,15644.85,45468.55,0.00,0.00,0.00,1044.64,20.96,132.83,1053.26,1053.26,0.993,0.085,0.545,-5.453,-0.516,1.562,9805,171.8,0,-0.9490,-0.0410,0.0031,-0.3126,36.4,-1.8,0.0
2364700,2026-09-11_09-03-02.701-240,v5.1.3,3.44,12.0,200,1215,1258,3485,707,1115,3678,15872.40,15427.02,45272.62,16829.87,15774.08,45464.60,0.00,0.00,0.00,957.47,347.05,191.98,1036.36,1036.36,1.021,0.056,0.546,-4.297,-1.031,0.109,9810,169.7,0,-0.9491,-0.0393,0.0036,-0.3126,36.4,-1.8,0.0
2364723,2026-09-11_09-03-02.724-240,v5.1.3,3.44,12.0,200,1216,1270,3491,715,1119,3674,15884.35,15583.65,45349.17,16924.68,15826.38,45394.90,0.00,0.00,0.00,1040.33,242.72,45.73,1069.25,1069.25,1.000,0.099,0.544,-3.812,-0.672,0.062,9810,173.8,0,-0.9490,-0.0396,0.0036,-0.3127,36.4,-1.8,0.0
2364753,2026-09-11_09-03-02.753-240,v5.1.3,3.44,12.0,200,1218,1260,3491,710,1109,3674,15911.89,15451.24,45350.55,16863.07,15694.81,45407.83,0.00,0.00,0.00,951.18,243.57,57.28,983.54,983.54,1.011,0.083,0.538,-3.703,-0.750,-0.578,9810,162.9,0,-0.9490,-0.0400,0.0036,-0.3127,36.4,-1.8,0.0
2364779,2026-09-11_09-03-02.779-240,v5.1.3,3.44,12.0,200,1217,1250,3485,705,1095,3681,15899.72,15321.03,45273.72,16818.69,15513.64,45511.56,0.00,0.00,0.00,918.97,192.61,237.84,968.59,968.59,0.999,0.092,0.537,-4.703,-0.875,0.562,9810,161.0,0,-0.9490,-0.0404,0.0035,-0.3126,36.4,-1.8,0.0
2364801,2026-09-11_09-03-02.803-240,v5.1.3,3.44,12.0,200,1224,1266,3490,709,1112,3668,15990.63,15529.82,45336.69,16835.30,15731.52,45332.26,0.00,0.00,0.00,844.67,201.70,-4.43,868.43,868.43,1.010,0.089,0.539,-4.328,-0.609,0.578,9810,148.2,0,-0.9490,-0.0405,0.0037,-0.3126,36.4,-1.8,0.0
2364838,2026-09-11_09-03-02.838-240,v5.1.3,3.44,12.0,200,1217,1269,3495,715,1109,3675,15897.70,15569.13,45401.44,16931.16,15696.16,45409.77,0.00,0.00,0.00,1033.46,127.03,8.32,1041.27,1041.27,1.003,0.069,0.546,-3.984,-1.344,-0.141,9810,170.3,0,-0.9491,-0.0393,0.0041,-0.3126,36.4,-1.9,0.0
2364862,2026-09-11_09-03-02.862-240,v5.1.3,3.44,12.0,200,1223,1256,3490,712,1102,3676,15978.47,15397.89,45338.07,16896.83,15604.54,45430.59,0.00,0.00,0.00,918.36,206.65,92.52,945.86,945.86,0.970,0.102,0.540,-4.188,-1.000,-0.250,9804,158.1,0,-0.9491,-0.0395,0.0038,-0.3126,36.4,-1.8,0.0
2364888,2026-09-11_09-03-02.888-240,v5.1.3,3.44,12.0,200,1214,1262,3483,707,1101,3672,15858.74,15480.60,45246.00,16822.51,15588.99,45390.27,0.00,0.00,0.00,963.77,108.39,144.27,980.52,980.52,0.998,0.114,0.533,-5.312,-0.281,1.156,9804,162.5,0,-0.9490,-0.0402,0.0035,-0.3125,36.4,-1.8,0.0
2364922,2026-09-11_09-03-02.923-240,v5.1.3,3.44,12.0,200,1216,1256,3486,706,1106,3672,15885.85,15400.16,45285.93,16807.21,15654.09,45391.45,0.00,0.00,0.00,921.36,253.93,105.52,961.52,961.52,1.003,0.050,0.540,-4.109,-1.047,0.422,9804,160.1,0,-0.9491,-0.0384,0.0042,-0.3126,36.4,-1.8,0.0
2364945,2026-09-11_09-03-02.945-240,v5.1.3,3.44,12.0,200,1217,1272,3478,710,1118,3682,15897.35,15613.65,45179.46,16876.99,15815.35,45508.87,0.00,0.00,0.00,979.64,201.70,329.41,1053.03,1053.03,1.005,0.099,0.541,-3.500,-1.234,-0.234,9804,171.8,0,-0.9491,-0.0388,0.0040,-0.3126,36.4,-1.8,0.0
2364978,2026-09-11_09-03-03.978-240,v5.1.3,3.44,12.0,200,1213,1264,3488,706,1097,3674,15845.30,15505.74,45310.89,16815.48,15537.32,45418.98,0.00,0.00,0.00,970.18,31.58,108.08,976.69,976.69,0.986,0.104,0.544,-6.000,-0.625,1.906,9804,162.0,0,-0.9491,-0.0394,0.0036,-0.3125,36.4,-1.8,0.0
2365003,2026-09-11_09-03-03.004-240,v5.1.3,3.44,12.0,200,1218,1255,3485,701,1094,3671,15912.42,15386.92,45273.04,16744.23,15496.03,45391.93,0.00,0.00,0.00,831.81,109.11,118.89,847.32,847.32,1.050,0.054,0.528,-1.438,-0.422,-2.312,9814,145.5,0,-0.9491,-0.0389,0.0042,-0.3125,36.4,-1.8,0.0
2365028,2026-09-11_09-03-03.028-240,v5.1.3,3.44,12.0,200,1213,1257,3492,713,1098,3673,15846.06,15412.12,45363.98,16905.05,15551.37,45390.64,0.00,0.00,0.00,1059.00,139.25,26.65,1068.44,1068.44,0.967,0.123,0.526,-7.938,-1.094,-0.797,9814,173.7,0,-0.9492,-0.0395,0.0035,-0.3122,36.4,-1.8,0.0
2365078,2026-09-11_09-03-03.078-240,v5.1.3,3.44,12.0,200,1210,1271,3509,695,1101,3681,15804.89,15592.65,45583.61,16684.40,15590.03,45532.19,0.00,0.00,0.00,879.51,-2.62,-51.42,881.02,881.02,1.030,0.004,0.545,-6.797,-1.453,2.844,9814,149.8,0,-0.9493,-0.0384,0.0042,-0.3120,36.3,-1.8,0.0
2365100,2026-09-11_09-03-03.100-240,v5.1.3,3.44,12.0,200,1202,1266,3488,700,1099,3679,15699.54,15533.92,45310.61,16746.68,15564.14,45495.96,0.00,0.00,0.00,1047.14,30.22,185.36,1063.85,1063.85,1.005,0.088,0.550,-2.953,-0.656,-0.203,9814,173.2,0,-0.9492,-0.0381,0.0041,-0.3122,36.3,-1.8,0.0
2365133,2026-09-11_09-03-03.133-240,v5.1.3,3.44,12.0,200,1205,1260,3491,703,1108,3675,15739.88,15453.32,45350.53,16773.50,15680.75,45436.17,0.00,0.00,0.00,1033.61,227.43,85.64,1061.80,1061.80,0.998,0.150,0.531,-6.562,-0.672,3.031,9814,172.9,0,-0.9492,-0.0390,0.0038,-0.3121,36.3,-1.8,0.0
2365159,2026-09-11_09-03-03.160-240,v5.1.3,3.44,12.0,200,1208,1264,3491,700,1112,3676,15779.15,15505.68,45349.98,16734.49,15732.78,45454.77,0.00,0.00,0.00,955.34,227.10,104.79,987.54,987.54,1.006,0.046,0.541,-6.516,-1.250,2.594,9802,163.4,0,-0.9494,-0.0380,0.0038,-0.3119,36.3,-1.8,0.0
2365185,2026-09-11_09-03-03.186-240,v5.1.3,3.44,12.0,200,1204,1265,3489,700,1100,3681,15726.11,15520.11,45323.78,16750.69,15577.96,45521.47,0.00,0.00,0.00,1024.58,57.85,197.70,1045.08,1045.08,1.031,0.019,0.545,-2.578,-1.031,-1.984,9802,170.8,0,-0.9494,-0.0371,0.0043,-0.3119,36.3,-1.8,0.0
2365218,2026-09-11_09-03-03.218-240,v5.1.3,3.44,12.0,200,1206,1261,3494,692,1120,3686,15753.01,15465.51,45389.49,16647.89,15839.45,45599.20,0.00,0.00,0.00,894.88,373.94,209.71,992.28,992.28,0.991,0.155,0.524,-3.094,-1.156,-1.234,9802,164.0,0,-0.9493,-0.0386,0.0034,-0.3121,36.3,-1.8,0.0
2365241,2026-09-11_09-03-03.242-240,v5.1.3,3.44,12.0,200,1205,1264,3489,706,1097,3677,15739.45,15506.74,45323.92,16822.13,15538.45,45457.55,0.00,0.00,0.00,1082.68,31.71,133.63,1091.36,1091.36,1.014,0.124,0.537,-6.000,-0.891,1.969,9802,176.7,0,-0.9493,-0.0394,0.0033,-0.3119,36.3,-1.8,0.0
2365273,2026-09-11_09-03-03.275-240,v5.1.3,3.44,12.0,200,1203,1265,3493,701,1111,3674,15712.89,15519.12,45375.91,16743.65,15719.16,45427.07,0.00,0.00,0.00,1030.77,200.04,51.16,1051.24,1051.24,1.008,0.038,0.531,-3.875,-1.125,0.766,9802,171.6,0,-0.9494,-0.0377,0.0040,-0.3119,36.3,-1.8,0.0
2365304,2026-09-11_09-03-03.304-240,v5.1.3,3.44,12.0,200,1211,1267,3490,702,1119,3670,15818.52,15545.12,45336.54,16744.55,15822.32,45371.85,0.00,0.00,0.00,926.03,277.20,35.31,967.27,967.27,1.014,0.111,0.528,-3.250,-0.922,-0.172,9814,160.8,0,-0.9493,-0.0386,0.0037,-0.3121,36.3,-1.8,0.0
2365328,2026-09-11_09-03-03.328-240,v5.1.3,3.44,12.0,200,1207,1264,3492,702,1100,3675,15765.92,15505.55,45363.02,16763.72,15576.08,45439.96,0.00,0.00,0.00,997.81,70.53,76.95,1003.25,1003.25,0.998,0.103,0.531,-4.734,-1.141,0.203,9814,165.4,0,-0.9493,-0.0394,0.0034,-0.3120,36.3,-1.8,0.0
2365358,2026-09-11_09-03-03.358-240,v5.1.3,3.44,12.0,200,1204,1270,3484,692,1114,3677,15725.57,15587.59,45257.93,16630.47,15757.70,45484.69,0.00,0.00,0.00,904.90,170.11,226.77,948.26,948.26,1.013,0.054,0.541,-3.969,-1.094,-0.422,9814,158.4,0,-0.9493,-0.0381,0.0039,-0.3120,36.3,-1.8,0.0
2365382,2026-09-11_09-03-03.384-240,v5.1.3,3.44,12.0,200,1204,1262,3489,696,1087,3678,15726.43,15480.48,45324.19,16696.87,15406.28,45494.25,0.00,0.00,0.00,970.44,-74.20,170.06,988.02,988.02,0.993,0.100,0.547,-3.766,-0.953,-0.609,9814,163.5,0,-0.9493,-0.0381,0.0039,-0.3120,36.3,-1.8,0.0
2365408,2026-09-11_09-03-03.408-240,v5.1.3,3.44,12.0,200,1209,1265,3496,705,1112,3673,15792.28,15517.29,45415.01,16793.70,15732.62,45405.29,0.00,0.00,0.00,1001.42,215.33,-9.73,1024.36,1024.36,1.001,0.092,0.546,-4.375,-0.641,0.375,9814,168.1,0,-0.9493,-0.0387,0.0038,-0.3120,36.3,-1.8,0.0
2365443,2026-09-11_09-03-03.443-240,v5.1.3,3.44,12.0,200,1200,1251,3490,705,1105,3676,15674.69,15335.52,45338.73,16803.34,15642.34,45445.27,0.00,0.00,0.00,1128.65,306.82,106.54,1174.45,1174.45,1.003,0.073,0.545,-4.219,-0.781,0.359,9810,187.3,0,-0.9493,-0.0379,0.0040,-0.3121,36.3,-1.8,0.0
2365478,2026-09-11_09-03-03.478-240,v5.1.3,3.44,12.0,200,1204,1257,3489,696,1102,3672,15726.97,15414.43,45324.88,16677.17,15599.90,45414.09,0.00,0.00,0.00,950.20,185.46,89.21,972.24,972.24,1.004,0.092,0.538,-5.297,-1.016,1.078,9810,161.5,0,-0.9493,-0.0385,0.0037,-0.3121,36.3,-1.8,0.0
2365508,2026-09-11_09-03-03.508-240,v5.1.3,3.44,12.0,200,1206,1273,3493,700,1106,3674,15751.72,15624.31,45374.81,16732.61,15653.67,45430.27,0.00,0.00,0.00,980.88,29.36,55.45,982.89,982.89,1.007,0.073,0.541,-3.938,-1.188,0.922,9810,162.8,0,-0.9493,-0.0374,0.0042,-0.3121,36.3,-1.8,0.0
2365533,2026-09-11_09-03-03.534-240,v5.1.3,3.44,12.0,200,1209,1253,3485,696,1093,3684,15793.55,15361.94,45273.30,16707.63,15486.89,45570.19,0.00,0.00,0.00,914.08,124.95,296.89,969.18,969.18,1.003,0.091,0.542,-4.234,-1.219,0.391,9810,161.1,0,-0.9493,-0.0378,0.0038,-0.3122,36.3,-1.8,0.0
2365558,2026-09-11_09-03-03.558-240,v5.1.3,3.44,12.0,200,1211,1255,3488,694,1097,3681,15819.80,15387.18,45312.13,16672.93,15537.60,45535.18,0.00,0.00,0.00,853.12,150.43,223.05,894.54,894.54,1.008,0.069,0.545,-4.703,-0.625,-0.172,9810,151.6,0,-0.9493,-0.0375,0.0041,-0.3122,36.4,-1.8,0.0
2365593,2026-09-11_09-03-03.593-240,v5.1.3,3.44,12.0,200,1201,1256,3489,693,1104,3672,15687.38,15401.70,45325.01,16636.80,15625.42,45420.24,0.00,0.00,0.00,949.42,223.72,95.23,980.06,980.06,1.004,0.097,0.547,-3.781,-1.188,0.016,9815,162.5,0,-0.9492,-0.0376,0.0041,-0.3122,36.4,-1.8,0.0
2365616,2026-09-11_09-03-03.617-240,v5.1.3,3.44,12.0,200,1199,1249,3494,691,1090,3681,15661.68,15308.12,45391.14,16636.38,15445.60,45543.14,0.00,0.00,0.00,974.70,137.49,152.00,996.02,996.02,0.999,0.084,0.540,-4.531,-1.078,-0.328,9815,164.5,0,-0.9492,-0.0379,0.0041,-0.3122,36.4,-1.8,0.0
2365648,2026-09-11_09-03-03.648-240,v5.1.3,3.44,12.0,200,1203,1253,3493,691,1100,3680,15714.17,15360.60,45377.56,16629.91,15575.81,45528.27,0.00,0.00,0.00,915.74,215.21,150.71,952.68,952.68,1.003,0.068,0.537,-4.000,-0.906,0.469,9815,159.0,0,-0.9493,-0.0370,0.0047,-0.3123,36.4,-1.8,0.0
2365673,2026-09-11_09-03-03.674-240,v5.1.3,3.44,12.0,200,1200,1254,3489,696,1110,3675,15674.37,15375.44,45325.29,16680.43,15705.50,45451.05,0.00,0.00,0.00,1006.06,330.06,125.77,1066.26,1066.26,1.007,0.097,0.538,-4.219,-1.266,0.812,9815,173.5,0,-0.9492,-0.0376,0.0044,-0.3123,36.4,-1.8,0.0
2365698,2026-09-11_09-03-03.699-240,v5.1.3,3.44,12.0,200,1209,1272,3497,702,1113,3660,15791.53,15609.47,45427.08,16724.91,15740.19,45244.49,0.00,0.00,0.00,933.38,130.72,-182.59,960.01,960.01,0.998,0.075,0.538,-4.438,-0.938,-0.016,9815,159.9,0,-0.9492,-0.0377,0.0043,-0.3123,36.4,-1.8,0.0
2365733,2026-09-11_09-03-03.733-240,v5.1.3,3.44,12.0,200,1198,1255,3495,690,1096,3686,15647.81,15387.25,45403.35,16631.75,15525.64,45608.40,0.00,0.00,0.00,983.95,138.40,205.05,1014.57,1014.57,1.006,0.080,0.528,-3.656,-0.750,-0.547,9811,166.9,0,-0.9492,-0.0375,0.0044,-0.3124,36.4,-1.8,0.0
2365756,2026-09-11_09-03-03.757-240,v5.1.3,3.44,12.0,200,1207,1257,3495,692,1107,3676,15766.67,15412.22,45403.08,16631.23,15665.91,45473.25,0.00,0.00,0.00,864.56,253.69,70.16,903.73,903.73,1.005,0.095,0.532,-4.078,-1.234,0.875,9811,152.7,0,-0.9492,-0.0379,0.0041,-0.3124,36.4,-1.8,0.0
2365787,2026-09-11_09-03-03.788-240,v5.1.3,3.44,12.0,200,1208,1256,3486,704,1094,3673,15780.00,15401.44,45285.92,16788.19,15497.37,45411.09,0.00,0.00,0.00,1008.19,95.93,125.17,1020.45,1020.45,1.007,0.076,0.533,-4.812,-0.953,0.250,9811,167.6,0,-0.9492,-0.0378,0.0042,-0.3123,36.4,-1.8,0.0
2365819,2026-09-11_09-03-03.820-240,v5.1.3,3.44,12.0,200,1202,1262,3491,697,1109,3677,15699.97,15480.22,45350.25,16698.47,15693.39,45474.78,0.00,0.00,0.00,998.49,213.17,124.53,1028.56,1028.56,1.007,0.080,0.531,-4.594,-0.453,0.547,9811,168.7,0,-0.9492,-0.0374,0.0041,-0.3123,36.4,-1.8,0.0
2365843,2026-09-11_09-03-03.843-240,v5.1.3,3.44,12.0,200,1210,1254,3495,700,1099,3676,15806.69,15372.11,45403.50,16740.02,15563.01,45457.39,0.00,0.00,0.00,933.33,190.90,53.89,954.18,954.18,1.002,0.089,0.535,-4.531,-0.188,0.172,9811,159.2,0,-0.9493,-0.0379,0.0038,-0.3121,36.3,-1.8,0.0
2365893,2026-09-11_09-03-03.893-240,v5.1.3,3.44,12.0,200,1196,1267,3493,694,1101,3665,15620.05,15546.66,45375.63,16635.72,15583.80,45328.66,0.00,0.00,0.00,1015.66,37.15,-46.97,1017.43,1017.43,1.005,0.065,0.546,-4.156,-0.875,0.094,9808,167.2,0,-0.9492,-0.0369,0.0048,-0.3123,36.4,-1.8,0.0
2365916,2026-09-11_09-03-03.916-240,v5.1.3,3.44,12.0,200,1206,1253,3494,692,1106,3681,15753.87,15359.83,45390.59,16642.75,15654.74,45537.73,0.00,0.00,0.00,888.88,294.91,147.14,948.01,948.01,1.002,0.090,0.544,-4.266,-0.750,-0.266,9808,158.4,0,-0.9492,-0.0373,0.0051,-0.3124,36.4,-1.9,0.0
2365943,2026-09-11_09-03-03.943-240,v5.1.3,3.44,12.0,200,1197,1267,3495,691,1100,3676,15633.29,15545.92,45401.70,16621.03,15574.31,45476.84,0.00,0.00,0.00,987.74,28.38,75.14,991.00,991.00,1.008,0.085,0.536,-3.953,-0.641,0.172,9808,163.9,0,-0.9492,-0.0379,0.0051,-0.3124,36.4,-1.9,0.0
2365969,2026-09-11_09-03-03.969-240,v5.1.3,3.44,12.0,200,1202,1248,3489,694,1089,3674,15701.47,15295.86,45326.11,16660.80,15430.49,45446.79,0.00,0.00,0.00,959.32,134.63,120.68,976.21,976.21,1.010,0.069,0.536,-4.156,-0.719,0.234,9808,162.0,0,-0.9492,-0.0374,0.0052,-0.3124,36.4,-1.9,0.0
2365990,2026-09-11_09-03-04.991-240,v5.1.3,3.44,12.0,200,1205,1252,3491,691,1090,3682,15740.74,15347.64,45351.63,16638.60,15445.98,45555.99,0.00,0.00,0.00,897.86,98.33,204.36,926.06,926.06,1.005,0.087,0.536,-3.844,-1.125,0.031,9808,155.6,0,-0.9492,-0.0378,0.0051,-0.3124,36.4,-1.9,0.0
2366023,2026-09-11_09-03-04.023-240,v5.1.3,3.44,12.0,200,1203,1273,3492,698,1113,3676,15712.03,15625.08,45361.77,16707.72,15745.44,45458.94,0.00,0.00,0.00,995.69,120.36,97.16,1007.63,1007.63,1.003,0.084,0.533,-4.406,-0.781,0.531,9811,166.0,0,-0.9492,-0.0383,0.0048,-0.3124,36.4,-1.9,0.0
2366048,2026-09-11_09-03-04.048-240,v5.1.3,3.44,12.0,200,1203,1250,3484,694,1089,3678,15714.48,15323.56,45260.68,16669.67,15432.00,45498.22,0.00,0.00,0.00,955.19,108.44,237.54,990.24,990.24,1.010,0.073,0.535,-4.266,-0.734,0.344,9811,163.8,0,-0.9492,-0.0379,0.0046,-0.3124,36.4,-1.9,0.0
2366073,2026-09-11_09-03-04.073-240,v5.1.3,3.44,12.0,200,1215,1255,3492,700,1102,3677,15872.73,15385.38,45364.26,16740.96,15602.56,45469.64,0.00,0.00,0.00,868.23,217.18,105.38,901.17,901.17,1.006,0.080,0.540,-4.203,-0.844,0.797,9811,152.4,0,-0.9492,-0.0377,0.0044,-0.3124,36.4,-1.8,0.0
2366103,2026-09-11_09-03-04.103-240,v5.1.3,3.44,12.0,200,1203,1267,3490,693,1099,3675,15712.67,15546.40,45336.53,16645.59,15561.26,45459.82,0.00,0.00,0.00,932.92,14.86,123.29,941.14,941.14,1.003,0.087,0.541,-3.859,-0.703,0.141,9811,157.5,0,-0.9492,-0.0381,0.0042,-0.3124,36.4,-1.8,0.0
2366127,2026-09-11_09-03-04.128-240,v5.1.3,3.44,12.0,200,1208,1252,3488,698,1092,3679,15780.43,15348.03,45312.54,16723.31,15472.34,45501.74,0.00,0.00,0.00,942.88,124.31,189.20,969.68,969.68,1.006,0.085,0.543,-4.766,-0.594,1.000,9811,161.1,0,-0.9492,-0.0381,0.0042,-0.3124,36.4,-1.8,0.0
2366153,2026-09-11_09-03-04.153-240,v5.1.3,3.44,12.0,200,1199,1251,3497,696,1089,3673,15661.47,15333.67,45429.96,16684.93,15430.51,45429.57,0.00,0.00,0.00,1023.46,96.84,-0.39,1028.03,1028.03,1.009,0.071,0.547,-4.828,-0.703,0.172,9814,168.6,0,-0.9492,-0.0375,0.0044,-0.3124,36.4,-1.8,0.0
2366183,2026-09-11_09-03-04.183-240,v5.1.3,3.44,12.0,200,1201,1255,3493,686,1097,3681,15687.50,15387.34,45377.29,16567.54,15536.03,45552.64,0.00,0.00,0.00,880.04,148.69,175.36,909.57,909.57,1.002,0.077,0.545,-3.484,-0.844,-0.375,9814,153.5,0,-0.9492,-0.0373,0.0044,-0.3125,36.4,-1.8,0.0
2366209,2026-09-11_09-03-04.210-240,v5.1.3,3.44,12.0,200,1201,1272,3501,687,1107,3670,15685.69,15609.60,45479.21,16552.04,15662.67,45407.02,0.00,0.00,0.00,866.36,53.07,-72.19,870.98,870.98,1.002,0.085,0.542,-3.969,-0.766,0.469,9814,148.6,0,-0.9492,-0.0378,0.0045,-0.3125,36.4,-1.8,0.0
2366238,2026-09-11_09-03-04.238-240,v5.1.3,3.44,12.0,200,1205,1250,3492,694,1090,3679,15740.96,15320.94,45364.94,16671.47,15445.44,45510.88,0.00,0.00,0.00,930.51,124.50,145.93,950.08,950.08,1.009,0.084,0.543,-4.406,-0.766,0.125,9814,158.6,0,-0.9491,-0.0382,0.0043,-0.3125,36.4,-1.8,0.0
2366281,2026-09-11_09-03-04.282-240,v5.1.3,3.44,12.0,200,1203,1249,3494,702,1084,3679,15714.60,15307.48,45391.14,16779.41,15368.65,45494.61,0.00,0.00,0.00,1064.80,61.18,103.47,1071.57,1071.57,1.007,0.075,0.536,-4.078,-0.703,0.266,9814,174.1,0,-0.9492,-0.0371,0.0041,-0.3125,36.4,-1.8,0.0
2366308,2026-09-11_09-03-04.308-240,v5.1.3,3.44,12.0,200,1205,1253,3491,701,1090,3670,15740.63,15360.86,45351.50,16743.71,15443.42,45379.88,0.00,0.00,0.00,1003.08,82.56,28.38,1006.87,1006.87,1.005,0.094,0.541,-4.188,-0.906,0.141,9819,165.9,0,-0.9492,-0.0378,0.0038,-0.3125,36.4,-1.8,0.0
2366343,2026-09-11_09-03-04.343-240,v5.1.3,3.44,12.0,200,1200,1270,3493,691,1105,3677,15672.66,15585.64,45375.22,16621.12,15639.98,45488.69,0.00,0.00,0.00,948.47,54.33,113.47,956.77,956.77,1.007,0.073,0.536,-4.422,-0.938,-0.266,9819,159.5,0,-0.9492,-0.0375,0.0040,-0.3124,36.4,-1.8,0.0
2366365,2026-09-11_09-03-04.365-240,v5.1.3,3.44,12.0,200,1204,1255,3487,691,1092,3682,15727.18,15388.59,45299.09,16637.75,15472.10,45555.59,0.00,0.00,0.00,910.57,83.51,256.50,949.68,949.68,1.001,0.086,0.541,-4.078,-0.859,-0.172,9819,158.6,0,-0.9492,-0.0375,0.0040,-0.3124,36.4,-1.8,0.0
2366393,2026-09-11_09-03-04.393-240,v5.1.3,3.44,12.0,200,1206,1259,3492,699,1095,3670,15753.22,15439.67,45363.70,16715.24,15508.32,45383.23,0.00,0.00,0.00,962.01,68.65,19.53,964.66,964.66,1.005,0.078,0.544,-4.594,-0.938,-0.672,9819,160.5,0,-0.9492,-0.0377,0.0040,-0.3124,36.4,-1.8,0.0
2366420,2026-09-11_09-03-04.420-240,v5.1.3,3.44,12.0,200,1200,1249,3493,694,1089,3671,15674.91,15308.24,45378.11,16654.14,15429.36,45408.22,0.00,0.00,0.00,979.23,121.12,30.11,987.15,987.15,1.004,0.068,0.544,-4.031,-0.812,0.219,9819,163.4,0,-0.9492,-0.0370,0.0044,-0.3124,36.4,-1.8,0.0
2366442,2026-09-11_09-03-04.442-240,v5.1.3,3.44,12.0,200,1194,1249,3492,686,1085,3685,15595.52,15309.49,45365.07,16581.52,15380.83,45606.49,0.00,0.00,0.00,986.00,71.34,241.43,1017.63,1017.63,1.001,0.093,0.540,-3.906,-0.469,-0.203,9811,167.3,0,-0.9492,-0.0376,0.0044,-0.3124,36.4,-1.8,0.0
2366473,2026-09-11_09-03-04.473-240,v5.1.3,3.44,12.0,200,1200,1262,3495,686,1098,3680,15673.52,15479.39,45402.39,16564.89,15548.71,45539.59,0.00,0.00,0.00,891.37,69.32,137.20,904.53,904.53,1.003,0.083,0.535,-5.234,-1.000,1.203,9811,152.8,0,-0.9492,-0.0380,0.0043,-0.3124,36.4,-1.8,0.0
2366501,2026-09-11_09-03-04.502-240,v5.1.3,3.44,12.0,200,1198,1257,3476,693,1090,3667,15647.57,15419.13,45155.45,16631.66,15440.71,45358.77,0.00,0.00,0.00,984.10,21.58,203.33,1005.12,1005.12,1.006,0.066,0.540,-4.625,-0.906,0.109,9811,165.7,0,-0.9492,-0.0370,0.0047,-0.3124,36.4,-1.8,0.0
2366528,2026-09-11_09-03-04.528-240,v5.1.3,3.44,12.0,200,1197,1260,3493,703,1092,3670,15634.04,15454.03,45376.59,16769.21,15469.92,45375.11,0.00,0.00,0.00,1135.17,15.90,-1.48,1135.28,1135.28,1.004,0.084,0.533,-3.703,-0.625,0.375,9811,182.3,0,-0.9492,-0.0371,0.0049,-0.3126,36.4,-1.9,0.0
2366558,2026-09-11_09-03-04.558-240,v5.1.3,3.44,12.0,200,1202,1274,3494,696,1106,3679,15698.69,15637.88,45387.70,16691.01,15654.77,45503.29,0.00,0.00,0.00,992.31,16.89,115.58,999.16,999.16,1.008,0.083,0.536,-4.297,-0.500,0.688,9811,164.9,0,-0.9491,-0.0377,0.0047,-0.3126,36.4,-1.9,0.0
2366584,2026-09-11_09-03-04.585-240,v5.1.3,3.44,12.0,200,1194,1261,3492,692,1091,3681,15594.23,15468.01,45363.41,16649.13,15458.86,45540.75,0.00,0.00,0.00,1054.90,-9.15,177.34,1069.74,1069.74,1.006,0.065,0.533,-4.109,-1.344,0.438,9826,173.9,0,-0.9492,-0.0370,0.0050,-0.3126,36.4,-1.9,0.0
2366613,2026-09-11_09-03-04.613-240,v5.1.3,3.44,12.0,200,1193,1251,3502,698,1088,3682,15582.09,15333.20,45495.12,16731.67,15421.23,45541.11,0.00,0.00,0.00,1149.58,88.04,45.99,1153.86,1153.86,1.005,0.084,0.531,-3.406,-1.172,-0.672,9826,184.6,0,-0.9491,-0.0372,0.0050,-0.3127,36.4,-1.9,0.0
2366638,2026-09-11_09-03-04.639-240,v5.1.3,3.44,12.0,200,1195,1251,3490,692,1099,3678,15608.54,15336.33,45338.73,16639.07,15562.20,45500.57,0.00,0.00,0.00,1030.54,225.87,161.85,1067.34,1067.34,1.007,0.092,0.537,-4.750,-1.219,0.234,9826,173.6,0,-0.9491,-0.0380,0.0048,-0.3126,36.4,-1.9,0.0
2366661,2026-09-11_09-03-04.661-240,v5.1.3,3.44,12.0,200,1200,1256,3494,700,1093,3679,15674.16,15400.42,45390.18,16749.23,15485.79,45497.17,0.00,0.00,0.00,1075.07,85.37,106.99,1083.75,1083.75,1.000,0.076,0.537,-4.359,-0.469,0.109,9826,175.7,0,-0.9491,-0.0377,0.0047,-0.3126,36.4,-1.9,0.0
2366713,2026-09-11_09-03-04.713-240,v5.1.3,3.44,12.0,200,1201,1256,3492,695,1105,3676,15687.39,15400.84,45364.11,16671.60,15640.38,45467.10,0.00,0.00,0.00,984.21,239.54,102.99,1018.17,1018.17,1.006,0.083,0.543,-4.281,-1.141,0.156,9826,167.3,0,-0.9491,-0.0386,0.0042,-0.3124,36.4,-1.8,0.0
2366736,2026-09-11_09-03-04.737-240,v5.1.3,3.44,12.0,200,1197,1257,3494,701,1092,3669,15634.36,15414.11,45390.04,16740.64,15469.16,45366.62,0.00,0.00,0.00,1106.28,55.04,-23.42,1107.90,1107.90,1.001,0.085,0.543,-4.828,-1.203,1.312,9804,178.8,0,-0.9492,-0.0387,0.0041,-0.3123,36.4,-1.8,0.0
2366768,2026-09-11_09-03-04.768-240,v5.1.3,3.44,12.0,200,1203,1258,3489,711,1096,3678,15713.63,15427.80,45324.74,16890.65,15526.75,45459.69,0.00,0.00,0.00,1177.02,98.95,134.95,1188.85,1188.85,1.003,0.072,0.544,-4.594,-0.672,0.406,9804,189.1,0,-0.9492,-0.0382,0.0043,-0.3123,36.4,-1.8,0.0
2366799,2026-09-11_09-03-04.799-240,v5.1.3,3.44,12.0,200,1206,1269,3492,698,1099,3673,15752.15,15571.76,45362.33,16707.02,15561.49,45423.19,0.00,0.00,0.00,954.87,-10.27,60.86,956.86,956.86,1.006,0.080,0.539,-4.062,-0.891,-0.016,9804,159.5,0,-0.9492,-0.0380,0.0046,-0.3124,36.4,-1.9,0.0
2366823,2026-09-11_09-03-04.823-240,v5.1.3,3.44,12.0,200,1202,1248,3495,702,1087,3679,15701.48,15294.14,45404.31,16778.13,15407.83,45494.01,0.00,0.00,0.00,1076.65,113.69,89.70,1086.35,1086.35,1.007,0.078,0.535,-3.812,-0.641,-0.125,9804,176.0,0,-0.9492,-0.0384,0.0046,-0.3124,36.4,-1.9,0.0
2366858,2026-09-11_09-03-04.858-240,v5.1.3,3.44,12.0,200,1201,1271,3495,699,1110,3676,15685.79,15598.12,45401.15,16722.17,15706.46,45457.36,0.00,0.00,0.00,1036.38,108.34,56.21,1043.55,1043.55,1.006,0.074,0.541,-3.703,-0.953,-0.422,9804,170.6,0,-0.9492,-0.0380,0.0046,-0.3125,36.4,-1.9,0.0
2366882,2026-09-11_09-03-04.883-240,v5.1.3,3.44,12.0,200,1201,1250,3491,692,1091,3677,15688.03,15321.87,45351.91,16640.25,15457.35,45489.32,0.00,0.00,0.00,952.22,135.48,137.42,971.58,971.58,0.996,0.095,0.538,-4.375,-0.281,-0.250,9815,161.4,0,-0.9491,-0.0388,0.0042,-0.3125,36.4,-1.9,0.0
2366913,2026-09-11_09-03-04.915-240,v5.1.3,3.44,12.0,200,1197,1255,3495,688,1102,3677,15634.58,15387.41,45403.34,16582.88,15600.21,45495.84,0.00,0.00,0.00,948.31,212.80,92.50,976.28,976.28,1.002,0.073,0.541,-4.469,-0.766,0.047,9815,162.0,0,-0.9492,-0.0387,0.0040,-0.3124,36.4,-1.8,0.0
2366944,2026-09-11_09-03-04.944-240,v5.1.3,3.44,12.0,200,1200,1261,3493,693,1111,3680,15673.62,15466.76,45376.46,16651.58,15719.85,45521.68,0.00,0.00,0.00,977.95,253.09,145.23,1020.56,1020.56,1.002,0.079,0.538,-4.078,-0.766,0.484,9815,167.6,0,-0.9492,-0.0382,0.0043,-0.3125,36.4,-1.8,0.0
2366968,2026-09-11_09-03-04.968-240,v5.1.3,3.44,12.0,200,1210,1252,3496,696,1094,3676,15806.90,15345.41,45416.80,16689.46,15496.93,45467.13,0.00,0.00,0.00,882.55,151.53,50.33,896.88,896.88,1.008,0.083,0.540,-4.703,-0.891,0.047,9815,151.9,0,-0.9491,-0.0386,0.0043,-0.3124,36.4,-1.8,0.0
2366998,2026-09-11_09-03-05.998-240,v5.1.3,3.44,12.0,200,1204,1253,3492,698,1097,3681,15727.40,15360.73,45364.53,16725.62,15538.39,45526.45,0.00,0.00,0.00,998.22,177.66,161.92,1026.75,1026.75,1.008,0.069,0.535,-4.172,-0.812,0.203,9815,168.4,0,-0.9492,-0.0379,0.0046,-0.3125,36.4,-1.9,0.0
2367024,2026-09-11_09-03-05.025-240,v5.1.3,3.44,12.0,200,1195,1264,3492,703,1110,3677,15607.14,15507.47,45363.00,16777.08,15707.62,45461.48,0.00,0.00,0.00,1169.94,200.15,98.48,1191.02,1191.02,1.009,0.096,0.539,-4.062,-0.844,0.875,9813,189.4,0,-0.9491,-0.0386,0.0045,-0.3125,36.4,-1.9,0.0
2367050,2026-09-11_09-03-05.051-240,v5.1.3,3.44,12.0,200,1207,1259,3493,699,1087,3678,15766.46,15439.22,45376.74,16736.39,15406.86,45487.70,0.00,0.00,0.00,969.94,-32.35,110.96,976.80,976.80,1.006,0.081,0.535,-4.922,-0.688,0.156,9813,162.1,0,-0.9491,-0.0389,0.0045,-0.3124,36.4,-1.9,0.0
2367083,2026-09-11_09-03-05.083-240,v5.1.3,3.44,12.0,200,1206,1251,3493,695,1095,3670,15754.08,15333.70,45377.84,16662.54,15507.53,45391.97,0.00,0.00,0.00,908.46,173.83,14.13,925.05,925.05,1.011,0.070,0.532,-4.000,-1.094,-0.016,9813,155.5,0,-0.9492,-0.0382,0.0049,-0.3125,36.4,-1.9,0.0
2367121,2026-09-11_09-03-05.124-240,v5.1.3,3.44,12.0,200,1194,1260,3494,697,1092,3672,15594.34,15454.22,45389.62,16694.60,15469.50,45413.92,0.00,0.00,0.00,1100.26,15.28,24.30,1100.63,1100.63,1.007,0.072,0.542,-3.906,-0.625,-0.156,9813,177.9,0,-0.9492,-0.0382,0.0046,-0.3124,36.4,-1.9,0.0
2367158,2026-09-11_09-03-05.158-240,v5.1.3,3.44,12.0,200,1199,1252,3493,691,1088,3683,15661.36,15348.03,45377.70,16641.67,15420.24,45569.25,0.00,0.00,0.00,980.32,72.21,191.56,1001.46,1001.46,1.008,0.085,0.535,-3.266,-0.406,-1.000,9817,165.2,0,-0.9491,-0.0386,0.0044,-0.3125,36.4,-1.9,0.0
2367181,2026-09-11_09-03-05.182-240,v5.1.3,3.44,12.0,200,1204,1274,3491,688,1114,3677,15725.15,15638.42,45348.61,16577.78,15756.92,45493.43,0.00,0.00,0.00,852.62,118.50,144.82,872.92,872.92,1.002,0.089,0.535,-4.453,-0.797,0.672,9817,148.8,0,-0.9491,-0.0392,0.0041,-0.3124,36.4,-1.9,0.0
2367213,2026-09-11_09-03-05.213-240,v5.1.3,3.44,12.0,200,1201,1260,3496,691,1103,3683,15686.97,15452.53,45415.69,16635.29,15616.12,45566.23,0.00,0.00,0.00,948.33,163.60,150.54,974.04,974.04,1.000,0.069,0.541,-4.094,-0.844,-0.016,9817,161.7,0,-0.9492,-0.0384,0.0042,-0.3124,36.4,-1.8,0.0
2367244,2026-09-11_09-03-05.245-240,v5.1.3,3.44,12.0,200,1196,1271,3493,696,1105,3682,15619.63,15599.49,45375.08,16698.09,15642.84,45542.05,0.00,0.00,0.00,1078.46,43.35,166.98,1092.17,1092.17,1.004,0.124,0.527,-4.156,-0.188,0.266,9817,176.8,0,-0.9492,-0.0391,0.0038,-0.3124,36.4,-1.8,0.0
2367268,2026-09-11_09-03-05.270-240,v5.1.3,3.44,12.0,200,1206,1254,3492,699,1098,3682,15753.76,15373.62,45364.39,16740.59,15552.02,45536.91,0.00,0.00,0.00,986.83,178.40,172.52,1017.56,1017.56,1.009,0.083,0.527,-4.188,-1.016,0.172,9817,167.3,0,-0.9491,-0.0395,0.0038,-0.3124,36.4,-1.8,0.0
2367303,2026-09-11_09-03-05.303-240,v5.1.3,3.44,12.0,200,1198,1255,3494,684,1085,3684,15647.80,15387.53,45390.31,16552.95,15380.07,45598.00,0.00,0.00,0.00,905.15,-7.47,207.69,928.70,928.70,1.002,0.063,0.533,-4.328,-0.625,0.344,9816,155.9,0,-0.9492,-0.0383,0.0040,-0.3123,36.4,-1.8,0.0
2367327,2026-09-11_09-03-05.328-240,v5.1.3,3.44,12.0,200,1197,1277,3492,689,1106,3678,15632.21,15678.88,45361.22,16596.57,15653.02,45505.71,0.00,0.00,0.00,964.36,-25.86,144.50,975.47,975.47,0.997,0.091,0.538,-4.516,-1.438,0.047,9816,161.9,0,-0.9492,-0.0388,0.0038,-0.3122,36.4,-1.8,0.0
2367358,2026-09-11_09-03-05.358-240,v5.1.3,3.44,12.0,200,1198,1259,3494,691,1105,3681,15647.38,15440.37,45389.76,16630.00,15641.48,45540.12,0.00,0.00,0.00,982.63,201.11,150.36,1014.20,1014.20,1.000,0.075,0.541,-4.141,-1.062,0.094,9816,166.8,0,-0.9492,-0.0385,0.0038,-0.3122,36.3,-1.8,0.0
2367389,2026-09-11_09-03-05.389-240,v5.1.3,3.44,12.0,200,1201,1259,3496,692,1103,3676,15687.07,15439.32,45415.83,16632.93,15613.68,45474.05,0.00,0.00,0.00,945.86,174.36,58.22,963.55,963.55,1.006,0.079,0.525,-4.062,-1.094,0.375,9816,160.4,0,-0.9492,-0.0380,0.0039,-0.3122,36.3,-1.8,0.0
2367413,2026-09-11_09-03-05.413-240,v5.1.3,3.44,12.0,200,1205,1252,3489,703,1091,3684,15740.74,15348.22,45325.57,16800.70,15462.14,45555.30,0.00,0.00,0.00,1059.96,113.92,229.74,1090.54,1090.54,1.008,0.082,0.544,-3.812,-1.156,-0.016,9816,176.6,0,-0.9492,-0.0382,0.0034,-0.3122,36.4,-1.7,0.0
2367448,2026-09-11_09-03-05.448-240,v5.1.3,3.44,12.0,200,1205,1256,3488,692,1107,3680,15740.31,15401.35,45311.98,16640.11,15667.42,45524.67,0.00,0.00,0.00,899.80,266.07,212.69,962.12,962.12,1.019,0.075,0.532,-4.094,-0.344,0.500,9818,160.2,0,-0.9492,-0.0383,0.0035,-0.3124,36.4,-1.8,0.0
2367471,2026-09-11_09-03-05.472-240,v5.1.3,3.44,12.0,200,1193,1269,3491,688,1104,3684,15580.14,15574.13,45349.28,16597.56,15628.97,45585.44,0.00,0.00,0.00,1017.42,54.83,236.16,1045.91,1045.91,1.005,0.073,0.535,-3.688,-1.000,-0.375,9818,170.9,0,-0.9491,-0.0381,0.0033,-0.3128,36.4,-1.7,0.0
2367498,2026-09-11_09-03-05.498-240,v5.1.3,3.44,12.0,200,1193,1253,3484,687,1097,3681,15581.85,15364.79,45260.25,16580.71,15536.23,45550.46,0.00,0.00,0.00,998.86,171.44,290.21,1054.20,1054.20,1.001,0.083,0.540,-3.781,-0.703,0.031,9818,171.9,0,-0.9491,-0.0380,0.0032,-0.3128,36.4,-1.7,0.0
2367545,2026-09-11_09-03-05.545-240,v5.1.3,3.44,12.0,200,1195,1255,3491,692,1100,3676,15608.11,15388.88,45351.21,16634.21,15574.50,45474.66,0.00,0.00,0.00,1026.10,185.62,123.45,1050.04,1050.04,0.994,0.066,0.544,-4.031,-0.531,-0.016,9818,171.4,0,-0.9491,-0.0378,0.0043,-0.3127,36.4,-1.8,0.0
2367567,2026-09-11_09-03-05.567-240,v5.1.3,3.44,12.0,200,1199,1274,3499,691,1106,3677,15659.01,15636.92,45452.86,16620.70,15653.04,45488.49,0.00,0.00,0.00,961.69,16.12,35.62,962.49,962.49,1.010,0.083,0.530,-3.719,-1.016,-0.047,9818,160.2,0,-0.9491,-0.0381,0.0046,-0.3127,36.4,-1.9,0.0
2367598,2026-09-11_09-03-05.598-240,v5.1.3,3.44,12.0,200,1194,1247,3489,692,1082,3684,15595.73,15283.94,45326.24,16659.62,15342.46,45581.14,0.00,0.00,0.00,1063.89,58.52,254.89,1095.56,1095.56,1.005,0.095,0.533,-5.047,-0.578,0.500,9819,177.2,0,-0.9491,-0.0389,0.0042,-0.3126,36.4,-1.9,0.0
2367623,2026-09-11_09-03-05.624-240,v5.1.3,3.44,12.0,200,1194,1254,3493,692,1105,3675,15594.99,15375.25,45377.41,16629.86,15639.42,45460.79,0.00,0.00,0.00,1034.87,264.17,83.38,1071.31,1071.31,1.007,0.073,0.532,-4.266,-0.953,0.422,9819,174.1,0,-0.9491,-0.0381,0.0045,-0.3126,36.4,-1.9,0.0
2367648,2026-09-11_09-03-05.650-240,v5.1.3,3.44,12.0,200,1201,1262,3497,705,1102,3676,15686.75,15478.66,45428.45,16804.62,15603.17,45445.87,0.00,0.00,0.00,1117.86,124.51,17.42,1124.91,1124.91,1.009,0.086,0.534,-4.031,-1.156,0.547,9819,180.9,0,-0.9491,-0.0379,0.0045,-0.3126,36.4,-1.8,0.0
2367683,2026-09-11_09-03-05.683-240,v5.1.3,3.44,12.0,200,1195,1259,3497,690,1094,3676,15607.69,15439.99,45428.86,16610.41,15495.76,45480.23,0.00,0.00,0.00,1002.72,55.77,51.38,1005.59,1005.59,1.012,0.083,0.534,-4.359,-0.703,-0.344,9819,165.7,0,-0.9491,-0.0386,0.0042,-0.3125,36.4,-1.8,0.0
2367709,2026-09-11_09-03-05.709-240,v5.1.3,3.44,12.0,200,1190,1258,3497,685,1097,3679,15541.64,15427.58,45428.99,16549.92,15535.08,45529.11,0.00,0.00,0.00,1008.29,107.50,100.12,1018.93,1018.93,1.012,0.069,0.536,-4.406,-0.969,-0.406,9819,167.4,0,-0.9492,-0.0379,0.0044,-0.3124,36.4,-1.8,0.0
2367738,2026-09-11_09-03-05.738-240,v5.1.3,3.44,12.0,200,1195,1252,3490,688,1073,3679,15608.43,15349.54,45338.59,16599.66,15222.26,45527.40,0.00,0.00,0.00,991.23,-127.28,188.81,1017.04,1017.04,1.005,0.094,0.537,-3.984,-0.766,-0.062,9818,167.2,0,-0.9491,-0.0383,0.0041,-0.3125,36.4,-1.8,0.0
2367769,2026-09-11_09-03-05.769-240,v5.1.3,3.44,12.0,200,1204,1259,3489,692,1102,3677,15726.76,15440.85,45324.60,16635.57,15601.00,45487.11,0.00,0.00,0.00,908.82,160.15,162.51,937.02,937.02,1.009,0.075,0.537,-3.953,-1.047,-0.703,9818,157.0,0,-0.9491,-0.0384,0.0041,-0.3125,36.4,-1.8,0.0
2367792,2026-09-11_09-03-05.793-240,v5.1.3,3.44,12.0,200,1197,1259,3499,708,1084,3678,15634.15,15439.09,45454.93,16856.23,15369.45,45468.66,0.00,0.00,0.00,1222.08,-69.64,13.73,1224.14,1224.14,0.999,0.080,0.540,-3.312,-0.703,-0.531,9818,193.6,0,-0.9491,-0.0381,0.0039,-0.3126,36.4,-1.8,0.0
2367828,2026-09-11_09-03-05.829-240,v5.1.3,3.44,12.0,200,1200,1248,3486,683,1084,3682,15675.01,15297.05,45287.02,16535.76,15366.06,45574.67,0.00,0.00,0.00,860.76,69.01,287.65,910.17,910.17,1.006,0.088,0.535,-4.484,-0.703,0.031,9818,153.6,0,-0.9493,-0.0389,0.0038,-0.3120,36.3,-1.8,0.0
2367854,2026-09-11_09-03-05.855-240,v5.1.3,3.44,12.0,200,1194,1263,3494,696,1091,3674,15594.02,15493.85,45389.21,16686.29,15457.00,45442.02,0.00,0.00,0.00,1092.27,-36.85,52.81,1094.17,1094.17,1.004,0.063,0.537,-3.859,-1.203,-0.359,9818,177.0,0,-0.9493,-0.0378,0.0041,-0.3120,36.3,-1.8,0.0
2367883,2026-09-11_09-03-05.883-240,v5.1.3,3.44,12.0,200,1209,1268,3496,691,1099,3675,15791.96,15556.92,45414.60,16619.24,15560.87,45464.18,0.00,0.00,0.00,827.28,3.95,49.58,828.78,828.78,1.010,0.086,0.533,-3.875,-1.109,-0.297,9814,143.2,0,-0.9493,-0.0382,0.0042,-0.3120,36.3,-1.8,0.0
2367915,2026-09-11_09-03-05.915-240,v5.1.3,3.44,12.0,200,1204,1263,3492,696,1090,3676,15726.33,15492.83,45363.15,16691.16,15444.70,45467.94,0.00,0.00,0.00,964.82,-48.13,104.79,971.69,971.69,1.006,0.087,0.535,-4.062,-0.938,0.203,9814,161.4,0,-0.9493,-0.0388,0.0041,-0.3121,36.3,-1.8,0.0
2367953,2026-09-11_09-03-05.953-240,v5.1.3,3.44,12.0,200,1196,1261,3489,690,1093,3675,15620.69,15468.55,45324.32,16608.62,15482.32,45467.57,0.00,0.00,0.00,987.92,13.77,143.25,998.35,998.35,1.003,0.070,0.543,-3.953,-0.469,0.328,9814,164.8,0,-0.9493,-0.0386,0.0042,-0.3121,36.3,-1.8,0.0
2367983,2026-09-11_09-03-06.983-240,v5.1.3,3.44,12.0,200,1200,1254,3497,706,1089,3671,15674.38,15373.14,45429.55,16812.22,15431.71,45382.02,0.00,0.00,0.00,1137.85,58.57,-47.53,1140.34,1140.34,1.008,0.067,0.543,-3.969,-1.266,0.531,9814,182.9,0,-0.9493,-0.0379,0.0043,-0.3121,36.3,-1.8,0.0
2368006,2026-09-11_09-03-06.007-240,v5.1.3,3.44,12.0,200,1198,1256,3497,693,1082,3677,15647.70,15399.88,45429.27,16657.26,15340.01,45488.95,0.00,0.00,0.00,1009.55,-59.87,59.68,1013.09,1013.09,1.009,0.079,0.539,-3.938,-1.031,-0.312,9814,166.7,0,-0.9493,-0.0379,0.0041,-0.3121,36.3,-1.8,0.0
2368033,2026-09-11_09-03-06.034-240,v5.1.3,3.44,12.0,200,1198,1250,3494,691,1085,3677,15648.34,15321.49,45391.00,16629.63,15378.80,45492.71,0.00,0.00,0.00,981.29,57.31,101.71,988.21,988.21,0.997,0.085,0.537,-4.109,-1.031,0.188,9817,163.5,0,-0.9493,-0.0385,0.0039,-0.3121,36.3,-1.8,0.0
2368067,2026-09-11_09-03-06.067-240,v5.1.3,3.44,12.0,200,1197,1268,3492,693,1100,3675,15633.18,15559.99,45362.46,16645.16,15574.32,45459.61,0.00,0.00,0.00,1011.99,14.33,97.16,1016.74,1016.74,0.999,0.086,0.535,-4.156,-0.609,0.109,9817,167.1,0,-0.9493,-0.0388,0.0038,-0.3120,36.3,-1.8,0.0
2368089,2026-09-11_09-03-06.090-240,v5.1.3,3.44,12.0,200,1201,1256,3491,693,1102,3679,15687.39,15401.12,45351.08,16653.19,15601.95,45510.64,0.00,0.00,0.00,965.80,200.82,159.56,999.28,999.28,1.012,0.083,0.540,-4.547,-0.875,0.500,9817,164.9,0,-0.9493,-0.0390,0.0038,-0.3120,36.3,-1.8,0.0
2368118,2026-09-11_09-03-06.118-240,v5.1.3,3.44,12.0,200,1196,1251,3498,699,1085,3679,15621.78,15333.87,45442.99,16739.46,15381.12,45500.96,0.00,0.00,0.00,1117.69,47.26,57.97,1120.19,1120.19,0.999,0.072,0.539,-4.172,-0.562,1.125,9817,180.3,0,-0.9493,-0.0382,0.0038,-0.3121,36.3,-1.8,0.0
2368147,2026-09-11_09-03-06.148-240,v5.1.3,3.44,12.0,200,1199,1277,3489,693,1094,3686,15658.67,15679.42,45322.12,16672.12,15500.11,45602.25,0.00,0.00,0.00,1013.45,-179.31,280.13,1066.63,1066.63,1.005,0.078,0.542,-4.156,-1.312,0.141,9817,173.5,0,-0.9493,-0.0379,0.0043,-0.3122,36.3,-1.8,0.0
2368173,2026-09-11_09-03-06.173-240,v5.1.3,3.44,12.0,200,1204,1249,3495,689,1087,3677,15727.84,15307.03,45404.18,16602.44,15404.53,45496.68,0.00,0.00,0.00,874.60,97.50,92.50,884.86,884.86,1.005,0.085,0.539,-4.406,-0.688,0.172,9814,150.3,0,-0.9493,-0.0383,0.0042,-0.3121,36.3,-1.8,0.0
2368208,2026-09-11_09-03-06.208-240,v5.1.3,3.44,12.0,200,1199,1259,3489,697,1098,3682,15660.60,15441.65,45324.60,16714.24,15551.63,45541.28,0.00,0.00,0.00,1053.64,109.98,216.68,1081.30,1081.30,1.004,0.079,0.540,-4.141,-0.891,-0.328,9814,175.4,0,-0.9493,-0.0379,0.0042,-0.3121,36.3,-1.8,0.0
2368231,2026-09-11_09-03-06.232-240,v5.1.3,3.44,12.0,200,1202,1255,3490,695,1086,3683,15700.72,15388.04,45338.18,16695.22,15394.91,45560.93,0.00,0.00,0.00,994.49,6.86,222.74,1019.16,1019.16,1.004,0.081,0.537,-4.062,-0.938,-0.250,9814,167.5,0,-0.9492,-0.0379,0.0045,-0.3123,36.4,-1.8,0.0
2368263,2026-09-11_09-03-06.263-240,v5.1.3,3.44,12.0,200,1200,1261,3496,697,1096,3674,15673.63,15465.90,45415.55,16697.34,15522.49,45438.83,0.00,0.00,0.00,1023.71,56.60,23.27,1025.54,1025.54,1.031,0.086,0.540,-4.812,-0.609,0.391,9814,168.3,0,-0.9494,-0.0382,0.0049,-0.3118,36.3,-1.9,0.0
2368294,2026-09-11_09-03-06.295-240,v5.1.3,3.44,12.0,200,1205,1255,3491,707,1089,3679,15740.42,15387.28,45351.22,16843.15,15434.93,45482.69,0.00,0.00,0.00,1102.73,47.65,131.47,1111.56,1111.56,1.001,0.070,0.539,-3.625,-0.703,0.266,9814,179.2,0,-0.9494,-0.0373,0.0050,-0.3119,36.3,-1.9,0.0
2368318,2026-09-11_09-03-06.318-240,v5.1.3,3.44,12.0,200,1203,1255,3493,706,1082,3671,15713.96,15387.02,45377.29,16815.20,15340.30,45383.43,0.00,0.00,0.00,1101.24,-46.72,6.14,1102.25,1102.25,1.008,0.088,0.537,-3.969,-0.859,0.188,9817,178.1,0,-0.9493,-0.0378,0.0048,-0.3120,36.3,-1.9,0.0
2368353,2026-09-11_09-03-06.353-240,v5.1.3,3.44,12.0,200,1201,1266,3491,693,1102,3677,15686.32,15533.22,45349.70,16648.75,15601.19,45484.93,0.00,0.00,0.00,962.43,67.97,135.22,974.26,974.26,1.004,0.071,0.538,-4.328,-1.250,-0.250,9817,161.7,0,-0.9493,-0.0378,0.0046,-0.3120,36.3,-1.9,0.0
2368388,2026-09-11_09-03-06.390-240,v5.1.3,3.44,12.0,200,1200,1258,3489,695,1091,3679,15673.94,15428.28,45324.74,16684.21,15458.69,45508.49,0.00,0.00,0.00,1010.28,30.41,183.75,1027.30,1027.30,1.005,0.087,0.540,-3.750,-0.547,0.172,9817,168.5,0,-0.9493,-0.0381,0.0045,-0.3122,36.3,-1.9,0.0
2368423,2026-09-11_09-03-06.423-240,v5.1.3,3.44,12.0,200,1198,1264,3498,695,1093,3678,15646.85,15505.27,45441.21,16681.15,15484.43,45495.23,0.00,0.00,0.00,1034.30,-20.84,54.02,1035.92,1035.92,1.006,0.083,0.536,-4.375,-0.938,0.250,9817,169.6,0,-0.9492,-0.0386,0.0041,-0.3122,36.3,-1.8,0.0
2368449,2026-09-11_09-03-06.451-240,v5.1.3,3.44,12.0,200,1198,1257,3493,696,1102,3682,15647.59,15414.24,45377.00,16699.37,15603.67,45542.66,0.00,0.00,0.00,1051.78,189.42,165.66,1081.46,1081.46,1.012,0.073,0.535,-3.906,-1.016,-0.672,9817,175.4,0,-0.9492,-0.0380,0.0044,-0.3122,36.4,-1.8,0.0
2368478,2026-09-11_09-03-06.478-240,v5.1.3,3.44,12.0,200,1206,1271,3493,691,1102,3674,15751.94,15597.89,45375.09,16615.74,15599.67,45450.72,0.00,0.00,0.00,863.81,1.78,75.64,867.11,867.11,1.001,0.099,0.538,-4.203,-0.891,0.672,9813,148.1,0,-0.9492,-0.0387,0.0043,-0.3123,36.4,-1.9,0.0
2368508,2026-09-11_09-03-06.508-240,v5.1.3,3.44,12.0,200,1198,1269,3491,704,1101,3669,15646.30,15573.33,45349.29,16776.33,15587.27,45358.25,0.00,0.00,0.00,1130.03,13.94,8.96,1130.15,1130.15,1.010,0.064,0.538,-4.922,-0.766,0.078,9813,181.6,0,-0.9493,-0.0384,0.0043,-0.3120,36.3,-1.8,0.0
2368531,2026-09-11_09-03-06.531-240,v5.1.3,3.44,12.0,200,1200,1264,3497,693,1096,3672,15673.31,15505.24,45428.17,16640.21,15520.95,45421.85,0.00,0.00,0.00,966.90,15.72,-6.32,967.05,967.05,1.005,0.067,0.537,-3.531,-0.859,-0.266,9813,160.8,0,-0.9493,-0.0377,0.0046,-0.3121,36.3,-1.9,0.0
2368558,2026-09-11_09-03-06.558-240,v5.1.3,3.44,12.0,200,1194,1254,3490,693,1099,3674,15594.98,15376.12,45338.31,16643.37,15560.88,45446.96,0.00,0.00,0.00,1048.38,184.77,108.65,1070.07,1070.07,1.007,0.107,0.544,-4.281,-1.172,-0.109,9813,174.0,0,-0.9492,-0.0387,0.0043,-0.3122,36.3,-1.9,0.0
2368589,2026-09-11_09-03-06.589-240,v5.1.3,3.44,12.0,200,1203,1268,3489,701,1093,3679,15712.56,15559.90,45323.36,16762.41,15485.99,45494.98,0.00,0.00,0.00,1049.85,-73.91,171.62,1066.35,1066.35,1.006,0.060,0.540,-4.484,-1.000,0.000,9813,173.5,0,-0.9492,-0.0383,0.0044,-0.3122,36.3,-1.9,0.0
2368613,2026-09-11_09-03-06.615-240,v5.1.3,3.44,12.0,200,1208,1251,3496,700,1091,3682,15780.55,15332.52,45416.94,16756.74,15460.80,45536.14,0.00,0.00,0.00,976.19,128.29,119.20,991.77,991.77,1.001,0.082,0.540,-3.797,-1.078,0.422,9812,164.0,0,-0.9492,-0.0379,0.0045,-0.3123,36.4,-1.9,0.0
2368648,2026-09-11_09-03-06.649-240,v5.1.3,3.44,12.0,200,1200,1245,3495,685,1083,3683,15675.34,15254.83,45404.72,16564.76,15353.77,45583.36,0.00,0.00,0.00,889.42,98.94,178.64,912.56,912.56,1.004,0.083,0.535,-3.859,-1.125,-0.266,9812,153.9,0,-0.9492,-0.0386,0.0045,-0.3123,36.4,-1.9,0.0
2368671,2026-09-11_09-03-06.672-240,v5.1.3,3.44,12.0,200,1211,1262,3497,693,1106,3677,15819.07,15477.05,45428.46,16647.05,15653.43,45484.12,0.00,0.00,0.00,827.98,176.37,55.66,848.39,848.39,1.006,0.080,0.542,-4.438,-0.609,-0.375,9812,145.7,0,-0.9492,-0.0386,0.0044,-0.3123,36.4,-1.9,0.0
2368698,2026-09-11_09-03-06.699-240,v5.1.3,3.44,12.0,200,1198,1249,3492,689,1089,3678,15648.45,15308.85,45365.07,16603.80,15431.02,45509.14,0.00,0.00,0.00,955.36,122.17,144.07,973.85,973.85,0.995,0.095,0.539,-4.453,-0.812,0.078,9812,161.7,0,-0.9492,-0.0392,0.0041,-0.3122,36.3,-1.8,0.0
2368731,2026-09-11_09-03-06.732-240,v5.1.3,3.44,12.0,200,1200,1262,3490,692,1108,3678,15673.51,15480.83,45337.22,16635.24,15679.72,45498.76,0.00,0.00,0.00,961.73,198.89,161.54,995.28,995.28,1.005,0.062,0.536,-4.641,-0.812,0.594,9812,164.4,0,-0.9493,-0.0383,0.0046,-0.3121,36.3,-1.9,0.0
2368754,2026-09-11_09-03-06.755-240,v5.1.3,3.44,12.0,200,1196,1254,3472,691,1084,3676,15621.42,15380.97,45103.73,16627.84,15365.36,45480.06,0.00,0.00,0.00,1006.42,-15.61,376.34,1074.60,1074.60,1.004,0.074,0.540,-7.953,-0.969,-0.062,9811,174.5,0,-0.9494,-0.0376,0.0046,-0.3119,36.3,-1.8,0.0
2368803,2026-09-11_09-03-06.803-240,v5.1.3,3.44,12.0,200,1206,1246,3489,685,1079,3683,15754.61,15268.80,45326.39,16566.46,15301.53,45584.17,0.00,0.00,0.00,811.85,32.73,257.77,852.42,852.42,1.001,0.085,0.543,-4.469,-0.609,0.094,9811,146.2,0,-0.9494,-0.0386,0.0043,-0.3118,36.3,-1.8,0.0
2368826,2026-09-11_09-03-06.828-240,v5.1.3,3.44,12.0,200,1205,1249,3490,691,1086,3677,15741.06,15308.31,45339.01,16629.21,15391.86,45492.52,0.00,0.00,0.00,888.15,83.55,153.50,905.18,905.18,1.006,0.073,0.540,-4.094,-0.312,0.484,9811,152.9,0,-0.9494,-0.0379,0.0044,-0.3118,36.3,-1.8,0.0
2368854,2026-09-11_09-03-06.854-240,v5.1.3,3.44,12.0,200,1193,1268,3497,688,1107,3677,15580.26,15559.20,45427.62,16580.75,15665.50,45494.84,0.00,0.00,0.00,1000.49,106.31,67.22,1008.37,1008.37,1.010,0.082,0.541,-4.031,-1.156,0.266,9811,166.1,0,-0.9494,-0.0382,0.0043,-0.3118,36.3,-1.8,0.0
2368883,2026-09-11_09-03-06.883-240,v5.1.3,3.44,12.0,200,1198,1272,3489,693,1097,3675,15645.98,15613.53,45322.81,16646.44,15535.14,45460.22,0.00,0.00,0.00,1000.46,-78.39,137.41,1012.89,1012.89,1.005,0.082,0.537,-4.156,-0.719,0.344,9811,166.7,0,-0.9494,-0.0385,0.0042,-0.3118,36.3,-1.8,0.0
2368908,2026-09-11_09-03-06.908-240,v5.1.3,3.44,12.0,200,1210,1264,3498,686,1102,3675,15805.62,15503.34,45441.22,16552.09,15599.07,45474.50,0.00,0.00,0.00,746.47,95.72,33.28,753.32,753.32,1.007,0.080,0.539,-4.016,-0.922,0.859,9820,133.5,0,-0.9493,-0.0387,0.0040,-0.3119,36.3,-1.8,0.0
2368933,2026-09-11_09-03-06.933-240,v5.1.3,3.44,12.0,200,1204,1270,3490,698,1100,3679,15725.58,15585.87,45336.12,16719.91,15576.81,45500.12,0.00,0.00,0.00,994.33,-9.06,164.00,1007.80,1007.80,1.008,0.075,0.539,-3.562,-0.328,0.891,9820,166.0,0,-0.9493,-0.0382,0.0041,-0.3120,36.3,-1.8,0.0
2368965,2026-09-11_09-03-06.966-240,v5.1.3,3.44,12.0,200,1198,1266,3492,700,1103,3677,15646.62,15533.41,45362.73,16740.54,15615.62,45469.44,0.00,0.00,0.00,1093.92,82.21,106.71,1102.18,1102.18,1.005,0.085,0.537,-4.156,-0.922,0.031,9820,178.0,0,-0.9493,-0.0387,0.0040,-0.3121,36.3,-1.8,0.0
2368988,2026-09-11_09-03-07.989-240,v5.1.3,3.44,12.0,200,1207,1250,3490,701,1089,3671,15767.42,15321.19,45338.88,16746.36,15430.73,45392.93,0.00,0.00,0.00,978.94,109.54,54.06,986.53,986.53,1.004,0.080,0.540,-4.094,-0.828,-0.531,9820,163.3,0,-0.9492,-0.0389,0.0039,-0.3121,36.3,-1.8,0.0
2369018,2026-09-11_09-03-07.018-240,v5.1.3,3.44,12.0,200,1211,1255,3493,697,1088,3681,15819.81,15385.74,45377.29,16716.28,15420.66,45530.44,0.00,0.00,0.00,896.47,34.92,153.15,910.12,910.12,1.003,0.081,0.535,-3.516,-0.891,0.312,9820,153.5,0,-0.9492,-0.0389,0.0040,-0.3123,36.4,-1.8,0.0
2369045,2026-09-11_09-03-07.046-240,v5.1.3,3.44,12.0,200,1206,1268,3493,695,1108,3677,15752.26,15558.26,45375.50,16672.54,15679.94,45479.35,0.00,0.00,0.00,920.29,121.67,103.85,934.08,934.08,1.009,0.094,0.535,-4.734,-1.078,0.406,9820,156.6,0,-0.9492,-0.0395,0.0040,-0.3122,36.4,-1.8,0.0
2369073,2026-09-11_09-03-07.073-240,v5.1.3,3.44,12.0,200,1196,1252,3497,699,1087,3682,15621.67,15347.36,45429.82,16745.27,15408.37,45539.13,0.00,0.00,0.00,1123.60,61.01,109.31,1130.55,1130.55,1.002,0.069,0.539,-4.641,-0.750,0.531,9820,181.7,0,-0.9492,-0.0387,0.0039,-0.3122,36.3,-1.8,0.0
2369108,2026-09-11_09-03-07.108-240,v5.1.3,3.44,12.0,200,1203,1253,3496,692,1098,3674,15714.18,15359.74,45416.66,16630.62,15547.63,45449.34,0.00,0.00,0.00,916.44,187.89,32.69,936.07,936.07,1.005,0.085,0.535,-4.359,-0.828,0.281,9820,156.9,0,-0.9492,-0.0387,0.0040,-0.3122,36.3,-1.8,0.0
2369130,2026-09-11_09-03-07.130-240,v5.1.3,3.44,12.0,200,1200,1248,3491,691,1085,3676,15675.01,15295.61,45352.18,16627.42,15378.42,45479.86,0.00,0.00,0.00,952.40,82.81,127.68,964.48,964.48,1.000,0.101,0.536,-4.562,-0.469,-0.031,9820,160.5,0,-0.9492,-0.0394,0.0038,-0.3121,36.3,-1.8,0.0
2369158,2026-09-11_09-03-07.158-240,v5.1.3,3.44,12.0,200,1192,1257,3498,682,1097,3676,15568.21,15413.77,45442.16,16503.75,15533.36,45497.09,0.00,0.00,0.00,935.54,119.60,54.93,944.75,944.75,1.005,0.068,0.543,-6.062,-1.031,2.578,9820,158.0,0,-0.9493,-0.0387,0.0039,-0.3121,36.3,-1.8,0.0
2369201,2026-09-11_09-03-07.202-240,v5.1.3,3.44,12.0,200,1207,1250,3493,694,1091,3682,15767.42,15320.33,45377.98,16677.70,15459.63,45549.24,0.00,0.00,0.00,910.28,139.30,171.27,936.66,936.66,0.988,0.098,0.534,-3.234,-1.094,-0.172,9826,156.9,0,-0.9491,-0.0387,0.0040,-0.3124,36.4,-1.8,0.0
2369228,2026-09-11_09-03-07.228-240,v5.1.3,3.44,12.0,200,1196,1254,3494,697,1087,3672,15621.45,15374.64,45390.45,16696.73,15404.21,45414.93,0.00,0.00,0.00,1075.28,29.56,24.48,1075.97,1075.97,1.015,0.086,0.536,-5.234,-0.656,0.188,9826,174.7,0,-0.9491,-0.0392,0.0040,-0.3124,36.4,-1.8,0.0
2369263,2026-09-11_09-03-07.264-240,v5.1.3,3.44,12.0,200,1190,1271,3495,693,1101,3675,15540.24,15599.88,45401.14,16644.74,15587.38,45459.41,0.00,0.00,0.00,1104.49,-12.50,58.28,1106.10,1106.10,1.012,0.060,0.540,-3.797,-0.953,0.016,9826,178.5,0,-0.9492,-0.0377,0.0045,-0.3124,36.4,-1.8,0.0
2369286,2026-09-11_09-03-07.286-240,v5.1.3,3.44,12.0,200,1198,1260,3495,686,1090,3678,15647.27,15453.29,45402.66,16563.86,15443.49,45515.48,0.00,0.00,0.00,916.59,-9.80,112.82,923.56,923.56,1.005,0.094,0.536,-4.125,-1.203,-0.109,9826,155.3,0,-0.9491,-0.0385,0.0044,-0.3125,36.4,-1.9,0.0
2369318,2026-09-11_09-03-07.318-240,v5.1.3,3.44,12.0,200,1197,1259,3493,691,1100,3678,15634.14,15440.82,45376.73,16625.47,15575.06,45502.55,0.00,0.00,0.00,991.33,134.24,125.82,1008.26,1008.26,1.005,0.065,0.538,-4.516,-1.219,0.359,9822,166.1,0,-0.9493,-0.0381,0.0045,-0.3121,36.3,-1.9,0.0
2369344,2026-09-11_09-03-07.344-240,v5.1.3,3.43,12.0,200,1202,1271,3497,699,1100,3677,15699.02,15597.38,45427.21,16728.64,15576.25,45472.23,0.00,0.00,0.00,1029.62,-21.13,45.02,1030.82,1030.82,1.002,0.071,0.537,-3.547,-1.203,-0.062,9822,168.9,0,-0.9493,-0.0374,0.0047,-0.3122,36.3,-1.9,0.0
2369368,2026-09-11_09-03-07.368-240,v5.1.3,3.43,12.0,200,1190,1254,3499,689,1086,3674,15542.07,15374.17,45455.61,16596.20,15390.33,45458.31,0.00,0.00,0.00,1054.13,16.17,2.71,1054.26,1054.26,1.005,0.092,0.537,-3.562,-0.953,0.203,9822,171.9,0,-0.9492,-0.0383,0.0045,-0.3122,36.3,-1.9,0.0
2369403,2026-09-11_09-03-07.403-240,v5.1.3,3.43,12.0,200,1196,1244,3499,675,1088,3686,15622.53,15241.11,45456.99,16437.55,15418.23,45642.76,0.00,0.00,0.00,815.02,177.12,185.77,854.48,854.48,1.008,0.065,0.534,-4.188,-0.766,0.078,9822,146.5,0,-0.9492,-0.0377,0.0048,-0.3122,36.3,-1.9,0.0
2369428,2026-09-11_09-03-07.429-240,v5.1.3,3.43,12.0,200,1201,1256,3498,695,1085,3677,15687.40,15399.11,45442.31,16682.33,15379.58,45483.98,0.00,0.00,0.00,994.93,-19.53,41.67,996.00,996.00,1.003,0.085,0.536,-3.828,-0.281,0.469,9822,164.5,0,-0.9492,-0.0377,0.0047,-0.3124,36.4,-1.9,0.0
2369458,2026-09-11_09-03-07.458-240,v5.1.3,3.43,12.0,200,1194,1266,3492,698,1107,3675,15593.70,15534.06,45362.73,16708.05,15666.71,45447.29,0.00,0.00,0.00,1114.35,132.66,84.56,1125.40,1125.40,1.006,0.081,0.536,-4.594,-0.484,-0.031,9822,181.0,0,-0.9492,-0.0382,0.0047,-0.3123,36.4,-1.9,0.0
2369489,2026-09-11_09-03-07.489-240,v5.1.3,3.43,12.0,200,1200,1256,3493,693,1107,3677,15674.16,15400.71,45377.14,16646.62,15666.49,45483.92,0.00,0.00,0.00,972.46,265.78,106.77,1013.76,1013.76,1.005,0.073,0.538,-4.328,-0.875,0.312,9823,166.8,0,-0.9492,-0.0376,0.0049,-0.3124,36.4,-1.9,0.0
2369513,2026-09-11_09-03-07.513-240,v5.1.3,3.43,12.0,200,1196,1255,3498,687,1089,3681,15621.35,15386.70,45442.44,16584.11,15431.76,45552.07,0.00,0.00,0.00,962.77,45.05,109.63,970.03,970.03,1.006,0.086,0.537,-3.812,-0.812,-0.219,9823,161.2,0,-0.9492,-0.0381,0.0047,-0.3124,36.4,-1.9,0.0
2369548,2026-09-11_09-03-07.548-240,v5.1.3,3.43,12.0,200,1199,1256,3494,682,1107,3683,15660.93,15400.58,45390.18,16515.03,15666.59,45585.08,0.00,0.00,0.00,854.10,266.01,194.91,915.55,915.55,1.005,0.074,0.537,-4.375,-0.797,-0.078,9823,154.2,0,-0.9492,-0.0379,0.0046,-0.3124,36.4,-1.9,0.0
2369571,2026-09-11_09-03-07.572-240,v5.1.3,3.43,12.0,200,1191,1261,3495,690,1094,3681,15554.54,15467.63,45402.52,16621.51,15497.64,45544.52,0.00,0.00,0.00,1066.96,30.01,142.00,1076.79,1076.79,1.003,0.077,0.540,-3.781,-0.641,0.297,9823,174.8,0,-0.9492,-0.0376,0.0047,-0.3125,36.4,-1.9,0.0
2369618,2026-09-11_09-03-07.618-240,v5.1.3,3.43,12.0,200,1194,1254,3494,683,1087,3677,15594.99,15374.96,45390.45,16523.39,15403.35,45509.78,0.00,0.00,0.00,928.41,28.38,119.34,936.47,936.47,1.006,0.076,0.536,-4.344,-1.109,0.906,9823,156.9,0,-0.9492,-0.0375,0.0049,-0.3125,36.4,-1.9,0.0
2369643,2026-09-11_09-03-07.644-240,v5.1.3,3.43,12.0,200,1192,1263,3490,691,1098,3679,15567.56,15495.33,45337.07,16628.54,15549.32,45515.81,0.00,0.00,0.00,1060.99,53.99,178.74,1077.29,1077.29,1.001,0.077,0.539,-4.109,-0.812,0.141,9823,174.9,0,-0.9492,-0.0374,0.0049,-0.3125,36.4,-1.9,0.0
2369665,2026-09-11_09-03-07.666-240,v5.1.3,3.43,12.0,200,1197,1254,3493,685,1083,3678,15634.68,15374.77,45377.42,16553.66,15351.88,45519.08,0.00,0.00,0.00,918.98,-22.89,141.66,930.12,930.12,1.008,0.083,0.540,-4.453,-1.094,-0.328,9823,156.1,0,-0.9492,-0.0378,0.0048,-0.3125,36.4,-1.9,0.0
2369703,2026-09-11_09-03-07.703-240,v5.1.3,3.43,12.0,200,1193,1269,3492,690,1099,3675,15580.14,15573.85,45362.31,16606.06,15560.67,45466.37,0.00,0.00,0.00,1025.92,-13.17,104.05,1031.27,1031.27,1.005,0.076,0.541,-4.328,-0.859,-3.938,9823,169.0,0,-0.9493,-0.0379,0.0044,-0.3120,36.3,-1.8,0.0
2369727,2026-09-11_09-03-07.728-240,v5.1.3,3.43,12.0,200,1194,1246,3496,696,1085,3681,15595.85,15268.71,45417.61,16704.38,15381.29,45533.23,0.00,0.00,0.00,1108.53,112.57,115.61,1120.21,1120.21,1.008,0.079,0.540,-3.844,-0.625,-0.141,9823,180.3,0,-0.9493,-0.0379,0.0044,-0.3120,36.3,-1.8,0.0
2369758,2026-09-11_09-03-07.758-240,v5.1.3,3.43,12.0,200,1194,1274,3497,693,1102,3670,15592.85,15638.30,45426.79,16633.21,15598.55,45394.93,0.00,0.00,0.00,1040.37,-39.74,-31.87,1041.61,1041.61,1.007,0.081,0.538,-4.391,-0.984,0.359,9817,170.3,0,-0.9493,-0.0380,0.0045,-0.3120,36.3,-1.8,0.0
2369787,2026-09-11_09-03-07.788-240,v5.1.3,3.43,12.0,200,1196,1259,3493,688,1108,3677,15620.91,15440.98,45376.73,16580.33,15678.56,45494.63,0.00,0.00,0.00,959.42,237.58,117.91,995.40,995.40,1.000,0.078,0.537,-4.156,-1.062,0.328,9817,164.4,0,-0.9493,-0.0381,0.0046,-0.3121,36.3,-1.9,0.0
2369813,2026-09-11_09-03-07.813-240,v5.1.3,3.43,12.0,200,1196,1251,3498,697,1086,3673,15621.78,15333.87,45442.99,16699.38,15391.53,45427.99,0.00,0.00,0.00,1077.60,57.66,-15.00,1079.24,1079.24,1.004,0.079,0.540,-4.172,-0.766,0.453,9817,175.1,0,-0.9493,-0.0380,0.0045,-0.3121,36.3,-1.8,0.0
2369848,2026-09-11_09-03-07.848-240,v5.1.3,3.43,12.0,200,1200,1246,3497,685,1081,3679,15675.24,15267.46,45430.65,16556.73,15326.14,45532.34,0.00,0.00,0.00,881.50,58.68,101.69,889.28,889.28,1.008,0.082,0.536,-4.297,-0.812,-0.375,9817,150.9,0,-0.9493,-0.0383,0.0045,-0.3121,36.3,-1.9,0.0
2369870,2026-09-11_09-03-07.871-240,v5.1.3,3.43,12.0,200,1200,1256,3492,687,1100,3686,15674.16,15401.00,45364.11,16590.53,15577.29,45614.14,0.00,0.00,0.00,916.37,176.29,250.04,966.09,966.09,1.005,0.078,0.539,-3.984,-1.031,0.047,9817,160.7,0,-0.9492,-0.0383,0.0045,-0.3122,36.3,-1.9,0.0
2369898,2026-09-11_09-03-07.898-240,v5.1.3,3.43,12.0,200,1191,1271,3495,688,1102,3689,15553.47,15599.72,45401.14,16609.51,15604.74,45650.13,0.00,0.00,0.00,1056.04,5.01,248.99,1085.00,1085.00,1.003,0.079,0.540,-4.188,-1.219,-0.156,9820,175.9,0,-0.9493,-0.0382,0.0044,-0.3121,36.3,-1.8,0.0
2369929,2026-09-11_09-03-07.930-240,v5.1.3,3.43,12.0,200,1198,1266,3495,691,1099,3680,15646.63,15532.55,45401.83,16630.34,15562.75,45528.46,0.00,0.00,0.00,983.71,30.20,126.63,992.29,992.29,1.004,0.076,0.537,-4.062,-0.562,0.219,9820,164.0,0,-0.9493,-0.0379,0.0044,-0.3122,36.3,-1.8,0.0
2369953,2026-09-11_09-03-07.953-240,v5.1.3,3.43,12.0,200,1189,1256,3486,692,1094,3676,15528.61,15404.49,45285.90,16636.76,15496.15,45475.86,0.00,0.00,0.00,1108.15,91.66,189.96,1128.05,1128.05,1.003,0.084,0.539,-3.891,-0.641,0.312,9820,181.3,0,-0.9493,-0.0380,0.0042,-0.3122,36.3,-1.8,0.0
2369988,2026-09-11_09-03-08.988-240,v5.1.3,3.43,12.0,200,1193,1267,3482,694,1107,3667,15580.35,15550.30,45232.26,16637.61,15662.91,45353.16,0.00,0.00,0.00,1057.26,112.61,120.90,1070.09,1070.09,1.007,0.076,0.545,-4.406,-0.875,0.266,9820,174.0,0,-0.9493,-0.0377,0.0040,-0.3122,36.3,-1.8,0.0
2370030,2026-09-11_09-03-08.031-240,v5.1.3,3.43,12.0,200,1198,1271,3500,686,1105,3670,15646.10,15597.16,45466.31,16539.72,15636.36,45409.61,0.00,0.00,0.00,893.62,39.20,-56.70,896.28,896.28,1.008,0.080,0.534,-4.031,-0.844,0.297,9820,151.8,0,-0.9492,-0.0377,0.0040,-0.3123,36.4,-1.8,0.0
2370058,2026-09-11_09-03-08.058-240,v5.1.3,3.43,12.0,200,1192,1272,3501,689,1094,3670,15566.61,15611.05,45479.20,16583.92,15493.30,45405.27,0.00,0.00,0.00,1017.32,-117.75,-73.93,1026.78,1026.78,1.006,0.078,0.531,-4.328,-1.469,0.047,9817,168.4,0,-0.9492,-0.0377,0.0043,-0.3123,36.4,-1.8,0.0
2370090,2026-09-11_09-03-08.090-240,v5.1.3,3.43,12.0,200,1187,1251,3491,693,1085,3673,15502.69,15337.32,45351.75,16647.11,15377.68,45436.92,0.00,0.00,0.00,1144.42,40.36,85.17,1148.29,1148.29,1.009,0.079,0.536,-4.094,-0.609,0.016,9817,183.9,0,-0.9492,-0.0374,0.0041,-0.3124,36.4,-1.8,0.0
2370113,2026-09-11_09-03-08.113-240,v5.1.3,3.43,12.0,200,1193,1260,3494,690,1091,3683,15581.11,15454.38,45389.62,16627.22,15459.22,45570.84,0.00,0.00,0.00,1046.11,4.83,181.22,1061.70,1061.70,1.004,0.079,0.536,-4.375,-1.219,0.031,9817,172.9,0,-0.9493,-0.0378,0.0039,-0.3122,36.3,-1.8,0.0
2370143,2026-09-11_09-03-08.143-240,v5.1.3,3.43,12.0,200,1186,1257,3493,686,1088,3673,15488.81,15416.17,45376.99,16553.61,15415.49,45451.60,0.00,0.00,0.00,1064.80,-0.68,74.61,1067.41,1067.41,1.003,0.082,0.534,-3.938,-0.719,0.047,9817,173.6,0,-0.9493,-0.0379,0.0040,-0.3122,36.3,-1.8,0.0
2370167,2026-09-11_09-03-08.168-240,v5.1.3,3.43,12.0,200,1187,1248,3492,686,1078,3680,15503.01,15297.41,45365.20,16573.40,15287.54,45543.61,0.00,0.00,0.00,1070.39,-9.87,178.42,1085.20,1085.20,1.006,0.078,0.537,-4.078,-1.297,-0.391,9817,175.9,0,-0.9493,-0.0377,0.0040,-0.3121,36.3,-1.8,0.0
2370193,2026-09-11_09-03-08.193-240,v5.1.3,3.43,12.0,200,1191,1239,3495,690,1081,3674,15556.90,15177.01,45405.54,16611.50,15325.24,45457.13,0.00,0.00,0.00,1054.60,148.22,51.59,1066.21,1066.21,1.005,0.078,0.542,-3.922,-0.781,0.156,9821,173.5,0,-0.9493,-0.0377,0.0041,-0.3122,36.3,-1.8,0.0
2370225,2026-09-11_09-03-08.226-240,v5.1.3,3.43,12.0,200,1191,1254,3493,693,1080,3677,15555.29,15375.73,45377.41,16658.11,15313.90,45489.36,0.00,0.00,0.00,1102.82,-61.83,111.95,1110.21,1110.21,1.003,0.078,0.537,-3.969,-1.062,0.156,9821,179.1,0,-0.9493,-0.0376,0.0040,-0.3122,36.3,-1.8,0.0
2370249,2026-09-11_09-03-08.250-240,v5.1.3,3.43,12.0,200,1190,1270,3493,688,1103,3678,15540.35,15587.25,45375.21,16584.67,15613.65,45508.50,0.00,0.00,0.00,1044.33,26.40,133.29,1053.13,1053.13,1.005,0.079,0.544,-4.266,-0.969,0.703,9821,171.8,0,-0.9493,-0.0375,0.0040,-0.3122,36.4,-1.8,0.0
2370278,2026-09-11_09-03-08.278-240,v5.1.3,3.43,12.0,200,1192,1249,3498,689,1086,3680,15569.07,15308.09,45443.27,16609.52,15392.60,45535.45,0.00,0.00,0.00,1040.45,84.51,92.19,1047.94,1047.94,1.002,0.081,0.541,-4.109,-1.047,-0.125,9821,171.1,0,-0.9492,-0.0377,0.0039,-0.3123,36.4,-1.8,0.0
2370305,2026-09-11_09-03-08.306-240,v5.1.3,3.43,12.0,200,1195,1267,3494,688,1090,3683,15606.83,15546.53,45388.66,16601.30,15445.77,45575.40,0.00,0.00,0.00,994.48,-100.76,186.75,1016.86,1016.86,1.004,0.078,0.544,-4.234,-0.781,0.812,9821,167.2,0,-0.9492,-0.0377,0.0037,-0.3123,36.4,-1.8,0.0
2370329,2026-09-11_09-03-08.330-240,v5.1.3,3.43,12.0,200,1196,1255,3490,691,1092,3685,15621.34,15389.00,45338.18,16644.41,15473.23,45594.16,0.00,0.00,0.00,1023.07,84.22,255.99,1057.97,1057.97,1.005,0.077,0.537,-4.453,-1.047,0.906,9819,172.4,0,-0.9492,-0.0376,0.0040,-0.3124,36.4,-1.8,0.0
2370357,2026-09-11_09-03-08.359-240,v5.1.3,3.43,12.0,200,1191,1247,3497,688,1087,3678,15556.05,15282.12,45430.50,16591.48,15404.71,45511.72,0.00,0.00,0.00,1035.43,122.59,81.22,1045.82,1045.82,1.004,0.079,0.538,-3.562,-0.906,0.359,9819,170.9,0,-0.9492,-0.0377,0.0042,-0.3125,36.4,-1.8,0.0
2370384,2026-09-11_09-03-08.385-240,v5.1.3,3.43,12.0,200,1189,1261,3494,696,1103,3677,15528.08,15468.24,45389.48,16687.84,15614.84,45478.18,0.00,0.00,0.00,1159.76,146.60,88.70,1172.35,1172.35,1.004,0.078,0.540,-3.859,-0.922,0.344,9819,187.0,0,-0.9492,-0.0377,0.0042,-0.3125,36.4,-1.8,0.0
2370413,2026-09-11_09-03-08.413-240,v5.1.3,3.43,12.0,200,1215,1250,3487,701,1093,3678,15873.26,15320.77,45299.79,16760.19,15485.61,45482.13,0.00,0.00,0.00,886.93,164.83,182.34,920.36,920.36,1.004,0.078,0.537,-4.156,-0.703,-0.047,9819,154.9,0,-0.9491,-0.0378,0.0043,-0.3125,36.4,-1.8,0.0
2370459,2026-09-11_09-03-08.460-240,v5.1.3,3.43,12.0,200,1205,1254,3494,690,1086,3677,15740.53,15373.20,45390.46,16616.04,15391.66,45494.70,0.00,0.00,0.00,875.50,18.46,104.24,881.88,881.88,1.003,0.083,0.537,-4.250,-0.953,-0.281,9819,149.9,0,-0.9491,-0.0379,0.0042,-0.3126,36.4,-1.8,0.0
2370481,2026-09-11_09-03-08.483-240,v5.1.3,3.43,12.0,200,1194,1257,3491,688,1099,3683,15594.66,15415.46,45350.93,16597.47,15563.30,45573.59,0.00,0.00,0.00,1002.81,147.84,222.66,1037.81,1037.81,1.005,0.077,0.536,-4.188,-0.906,-0.078,9820,169.8,0,-0.9491,-0.0379,0.0042,-0.3126,36.4,-1.8,0.0
2370518,2026-09-11_09-03-08.518-240,v5.1.3,3.43,12.0,200,1192,1253,3491,679,1092,3682,15568.63,15362.94,45351.48,16479.67,15469.74,45581.79,0.00,0.00,0.00,911.04,106.80,230.31,945.75,945.75,1.006,0.077,0.542,-4.172,-0.875,1.156,9820,158.1,0,-0.9491,-0.0377,0.0042,-0.3126,36.4,-1.8,0.0
2370543,2026-09-11_09-03-08.543-240,v5.1.3,3.43,12.0,200,1201,1256,3493,689,1086,3683,15687.39,15400.55,45377.14,16616.18,15393.73,45574.03,0.00,0.00,0.00,928.79,-6.82,196.88,949.45,949.45,1.003,0.081,0.535,-4.125,-1.078,0.734,9820,158.6,0,-0.9491,-0.0376,0.0043,-0.3126,36.4,-1.8,0.0
2370568,2026-09-11_09-03-08.568-240,v5.1.3,3.43,12.0,200,1201,1251,3498,696,1085,3671,15687.93,15333.06,45443.00,16682.19,15377.52,45404.66,0.00,0.00,0.00,994.25,44.45,-38.34,995.99,995.99,1.007,0.082,0.537,-4.250,-0.750,0.375,9820,164.5,0,-0.9491,-0.0376,0.0044,-0.3126,36.4,-1.8,0.0
2370598,2026-09-11_09-03-08.598-240,v5.1.3,3.43,12.0,200,1207,1255,3495,690,1101,3680,15766.89,15385.80,45403.36,16616.31,15588.67,45530.25,0.00,0.00,0.00,849.42,202.87,126.89,882.48,882.48,1.006,0.084,0.539,-4.531,-0.953,0.344,9820,150.0,0,-0.9491,-0.0380,0.0044,-0.3125,36.4,-1.8,0.0
2370621,2026-09-11_09-03-08.622-240,v5.1.3,3.43,12.0,200,1196,1259,3490,686,1107,3679,15620.91,15441.84,45337.62,16558.84,15665.87,45524.92,0.00,0.00,0.00,937.94,224.02,187.29,982.34,982.34,1.011,0.072,0.534,-4.047,-0.625,-0.078,9818,162.8,0,-0.9491,-0.0376,0.0046,-0.3126,36.4,-1.9,0.0
2370648,2026-09-11_09-03-08.648-240,v5.1.3,3.43,12.0,200,1190,1269,3498,686,1092,3670,15540.46,15572.60,45440.51,16545.25,15466.59,45412.22,0.00,0.00,0.00,1004.79,-106.01,-28.29,1010.77,1010.77,1.007,0.084,0.538,-4.391,-1.125,0.641,9818,166.4,0,-0.9492,-0.0377,0.0044,-0.3125,36.4,-1.8,0.0
2370679,2026-09-11_09-03-08.679-240,v5.1.3,3.43,12.0,200,1196,1269,3493,698,1104,3674,15619.84,15573.08,45375.35,16707.11,15627.16,45435.04,0.00,0.00,0.00,1087.27,54.08,59.68,1090.25,1090.25,1.007,0.076,0.535,-4.219,-0.969,0.234,9818,176.5,0,-0.9492,-0.0378,0.0043,-0.3125,36.4,-1.8,0.0
2370702,2026-09-11_09-03-08.703-240,v5.1.3,3.43,12.0,200,1202,1256,3501,683,1108,3668,15700.63,15398.09,45481.41,16494.49,15674.19,45389.84,0.00,0.00,0.00,793.85,276.10,-91.57,845.47,845.47,1.005,0.077,0.536,-4.000,-0.938,0.250,9818,145.3,0,-0.9491,-0.0377,0.0044,-0.3126,36.4,-1.8,0.0
2370733,2026-09-11_09-03-08.733-240,v5.1.3,3.43,12.0,200,1199,1258,3491,688,1100,3680,15660.71,15427.86,45350.80,16590.39,15575.22,45534.82,0.00,0.00,0.00,929.68,147.36,184.02,959.10,959.10,1.003,0.082,0.538,-4.219,-0.844,0.406,9818,159.8,0,-0.9491,-0.0379,0.0043,-0.3125,36.4,-1.8,0.0
2370763,2026-09-11_09-03-08.764-240,v5.1.3,3.43,12.0,200,1194,1251,3490,679,1097,3680,15595.30,15336.49,45338.73,16473.10,15534.28,45555.07,0.00,0.00,0.00,877.80,197.80,216.34,925.45,925.45,1.003,0.075,0.536,-4.000,-1.000,0.172,9820,155.5,0,-0.9491,-0.0377,0.0044,-0.3126,36.4,-1.8,0.0
2370788,2026-09-11_09-03-08.788-240,v5.1.3,3.43,12.0,200,1194,1253,3498,699,1087,3674,15595.10,15360.61,45442.71,16727.52,15405.36,45436.27,0.00,0.00,0.00,1132.42,44.75,-6.44,1133.32,1133.32,1.004,0.079,0.540,-4.047,-0.750,0.453,9820,182.0,0,-0.9490,-0.0378,0.0043,-0.3130,36.4,-1.8,0.0
2370823,2026-09-11_09-03-08.823-240,v5.1.3,3.43,12.0,200,1201,1271,3493,686,1109,3673,15685.78,15598.69,45375.08,16544.68,15689.72,45447.38,0.00,0.00,0.00,858.90,91.03,72.29,866.73,866.73,1.005,0.078,0.537,-4.156,-0.469,0.266,9820,148.0,0,-0.9490,-0.0377,0.0042,-0.3129,36.4,-1.8,0.0
2370861,2026-09-11_09-03-08.863-240,v5.1.3,3.43,12.0,200,1196,1251,3486,691,1081,3687,15621.76,15337.32,45286.60,16653.53,15330.33,45622.09,0.00,0.00,0.00,1031.77,-6.98,335.49,1084.96,1084.96,1.005,0.078,0.538,-4.500,-0.812,0.406,9820,175.9,0,-0.9490,-0.0376,0.0043,-0.3129,36.4,-1.8,0.0
2370898,2026-09-11_09-03-08.898-240,v5.1.3,3.43,12.0,200,1193,1252,3491,688,1088,3686,15581.97,15349.57,45351.62,16608.81,15420.78,45614.38,0.00,0.00,0.00,1026.84,71.21,262.75,1062.32,1062.32,1.006,0.075,0.542,-4.141,-0.797,0.906,9820,173.0,0,-0.9490,-0.0372,0.0042,-0.3130,36.4,-1.8,0.0
2370923,2026-09-11_09-03-08.923-240,v5.1.3,3.43,12.0,200,1189,1256,3495,685,1088,3673,15528.62,15401.90,45403.20,16540.44,15415.29,45453.79,0.00,0.00,0.00,1011.82,13.39,50.59,1013.17,1013.17,1.002,0.077,0.540,-3.984,-1.047,-0.312,9816,166.7,0,-0.9490,-0.0372,0.0043,-0.3129,36.4,-1.8,0.0
2370953,2026-09-11_09-03-08.953-240,v5.1.3,3.43,12.0,200,1195,1264,3496,691,1106,3682,15607.15,15506.32,45415.14,16631.79,15654.92,45552.77,0.00,0.00,0.00,1024.65,148.60,137.64,1044.47,1044.47,1.006,0.080,0.540,-0.219,-0.750,0.297,9816,170.7,0,-0.9489,-0.0378,0.0041,-0.3133,36.5,-1.8,0.0
2370984,2026-09-11_09-03-09.985-240,v5.1.3,3.43,12.0,200,1191,1260,3497,690,1101,3682,15554.66,15453.84,45428.71,16620.75,15589.43,45555.96,0.00,0.00,0.00,1066.09,135.59,127.25,1082.19,1082.19,1.004,0.078,0.539,-4.031,-1.016,0.703,9816,175.5,0,-0.9489,-0.0376,0.0042,-0.3133,36.5,-1.8,0.0
2371008,2026-09-11_09-03-09.009-240,v5.1.3,3.43,12.0,200,1199,1259,3490,690,1093,3687,15660.60,15441.36,45337.63,16635.25,15486.84,45621.86,0.00,0.00,0.00,974.64,45.48,284.23,1016.26,1016.26,1.006,0.079,0.539,-4.141,-1.094,0.109,9816,167.1,0,-0.9489,-0.0377,0.0043,-0.3133,36.5,-1.8,0.0
2371043,2026-09-11_09-03-09.043-240,v5.1.3,3.43,12.0,200,1196,1266,3493,689,1104,3673,15620.16,15533.45,45375.77,16586.33,15625.02,45441.83,0.00,0.00,0.00,966.16,91.57,66.07,972.74,972.74,1.005,0.082,0.539,-3.922,-0.750,-0.359,9816,161.5,0,-0.9489,-0.0379,0.0040,-0.3132,36.5,-1.8,0.0
2371067,2026-09-11_09-03-09.067-240,v5.1.3,3.43,12.0,200,1193,1259,3492,681,1093,3678,15581.22,15441.75,45363.69,16496.71,15481.69,45525.80,0.00,0.00,0.00,915.50,39.94,162.11,930.59,930.59,1.007,0.084,0.539,-4.516,-1.000,0.125,9817,156.2,0,-0.9489,-0.0378,0.0041,-0.3132,36.5,-1.8,0.0
2371098,2026-09-11_09-03-09.098-240,v5.1.3,3.43,12.0,200,1194,1253,3495,689,1097,3683,15595.10,15361.47,45403.62,16611.49,15537.38,45571.81,0.00,0.00,0.00,1016.40,175.91,168.20,1045.13,1045.13,1.006,0.083,0.540,-4.078,-1.000,-0.062,9817,170.8,0,-0.9489,-0.0379,0.0042,-0.3132,36.5,-1.8,0.0
2371129,2026-09-11_09-03-09.130-240,v5.1.3,3.43,12.0,200,1195,1246,3493,692,1094,3680,15609.08,15269.42,45378.52,16645.63,15497.66,45527.29,0.00,0.00,0.00,1036.56,228.24,148.77,1071.77,1071.77,1.008,0.079,0.542,-4.266,-1.281,0.281,9817,174.2,0,-0.9490,-0.0380,0.0043,-0.3131,36.5,-1.8,0.0
2371153,2026-09-11_09-03-09.153-240,v5.1.3,3.43,12.0,200,1200,1251,3499,695,1088,3683,15674.70,15332.94,45456.03,16694.37,15421.02,45560.52,0.00,0.00,0.00,1019.66,88.09,104.50,1028.78,1028.78,1.007,0.082,0.541,-4.109,-0.938,0.297,9817,168.7,0,-0.9490,-0.0380,0.0042,-0.3130,36.4,-1.8,0.0
2371188,2026-09-11_09-03-09.188-240,v5.1.3,3.43,12.0,200,1193,1270,3492,693,1106,3682,15580.04,15587.05,45362.18,16658.14,15655.31,45548.41,0.00,0.00,0.00,1078.10,68.26,186.23,1096.20,1096.20,1.004,0.077,0.540,-4.219,-0.672,0.078,9817,177.3,0,-0.9490,-0.0379,0.0042,-0.3129,36.4,-1.8,0.0
2371215,2026-09-11_09-03-09.216-240,v5.1.3,3.43,12.0,200,1197,1275,3499,681,1111,3658,15632.44,15650.45,45452.72,16444.67,15709.20,45265.03,0.00,0.00,0.00,812.24,58.76,-187.69,835.71,835.71,1.003,0.078,0.538,-3.734,-0.734,-0.297,9824,144.1,0,-0.9491,-0.0377,0.0041,-0.3128,36.4,-1.8,0.0
2371243,2026-09-11_09-03-09.243-240,v5.1.3,3.43,12.0,200,1189,1257,3497,689,1089,3687,15528.51,15414.53,45429.12,16623.78,15434.41,45624.85,0.00,0.00,0.00,1095.26,19.88,195.72,1112.79,1112.79,1.005,0.080,0.538,-4.031,-0.969,0.141,9824,179.4,0,-0.9491,-0.0379,0.0042,-0.3128,36.4,-1.8,0.0
2371288,2026-09-11_09-03-09.288-240,v5.1.3,3.43,12.0,200,1200,1248,3499,694,1091,3675,15675.02,15293.31,45456.44,16662.16,15456.99,45459.24,0.00,0.00,0.00,987.14,163.68,2.80,1000.62,1000.62,1.007,0.074,0.534,-3.641,-1.203,-0.125,9824,165.1,0,-0.9491,-0.0380,0.0037,-0.3127,36.4,-1.8,0.0
2371311,2026-09-11_09-03-09.313-240,v5.1.3,3.43,12.0,200,1196,1258,3493,685,1085,3678,15621.02,15427.77,45376.87,16552.81,15378.00,45518.68,0.00,0.00,0.00,931.79,-49.77,141.81,943.83,943.83,1.003,0.083,0.539,-4.156,-0.812,-0.266,9824,157.8,0,-0.9491,-0.0381,0.0037,-0.3127,36.4,-1.8,0.0
2371343,2026-09-11_09-03-09.343-240,v5.1.3,3.43,12.0,200,1193,1265,3496,689,1109,3677,15580.58,15519.86,45415.00,16593.08,15691.82,45492.25,0.00,0.00,0.00,1012.50,171.96,77.25,1029.90,1029.90,1.004,0.080,0.536,-4.031,-0.812,0.141,9819,168.8,0,-0.9491,-0.0380,0.0039,-0.3128,36.4,-1.8,0.0
2371369,2026-09-11_09-03-09.370-240,v5.1.3,3.43,12.0,200,1195,1261,3489,683,1092,3681,15607.46,15468.71,45324.32,16530.14,15470.15,45560.20,0.00,0.00,0.00,922.68,1.44,235.88,952.35,952.35,1.000,0.076,0.533,-4.109,-0.828,0.141,9819,158.9,0,-0.9491,-0.0380,0.0041,-0.3127,36.4,-1.8,0.0
2371398,2026-09-11_09-03-09.398-240,v5.1.3,3.43,12.0,200,1192,1263,3497,697,1104,3682,15567.57,15493.31,45428.30,16711.69,15629.98,45540.07,0.00,0.00,0.00,1144.12,136.67,111.77,1157.66,1157.66,1.006,0.079,0.541,-4.594,-1.297,-3.828,9819,185.1,0,-0.9492,-0.0385,0.0039,-0.3123,36.4,-1.8,0.0
2371428,2026-09-11_09-03-09.428-240,v5.1.3,3.43,12.0,200,1198,1248,3497,681,1086,3684,15648.56,15294.20,45430.37,16513.00,15392.54,45604.35,0.00,0.00,0.00,864.44,98.33,173.98,887.24,887.24,1.008,0.079,0.538,-4.188,-1.344,0.297,9819,150.6,0,-0.9492,-0.0381,0.0040,-0.3123,36.4,-1.8,0.0
2371449,2026-09-11_09-03-09.450-240,v5.1.3,3.43,12.0,200,1198,1253,3496,690,1088,3683,15648.02,15360.54,45416.65,16628.50,15420.04,45571.44,0.00,0.00,0.00,980.48,59.50,154.79,994.40,994.40,1.004,0.076,0.537,-4.375,-0.578,0.453,9819,164.3,0,-0.9492,-0.0380,0.0041,-0.3123,36.4,-1.8,0.0
2371483,2026-09-11_09-03-09.483-240,v5.1.3,3.43,12.0,200,1205,1267,3498,691,1110,3674,15739.14,15543.78,45440.80,16612.34,15704.14,45449.11,0.00,0.00,0.00,873.20,160.36,8.31,887.84,887.84,1.004,0.079,0.541,-4.469,-1.359,0.453,9828,150.7,0,-0.9492,-0.0379,0.0041,-0.3122,36.4,-1.8,0.0
2371508,2026-09-11_09-03-09.509-240,v5.1.3,3.43,12.0,200,1189,1269,3500,679,1102,3674,15527.23,15572.19,45466.57,16457.66,15597.32,45476.92,0.00,0.00,0.00,930.43,25.13,10.35,930.82,930.82,1.005,0.078,0.536,-4.203,-0.594,0.141,9828,156.2,0,-0.9493,-0.0377,0.0042,-0.3122,36.3,-1.8,0.0
2371533,2026-09-11_09-03-09.533-240,v5.1.3,3.43,12.0,200,1192,1266,3502,681,1112,3674,15567.25,15531.50,45493.06,16479.75,15728.30,45470.54,0.00,0.00,0.00,912.50,196.79,-22.52,933.75,933.75,1.006,0.078,0.537,-4.281,-0.562,0.312,9828,156.6,0,-0.9493,-0.0375,0.0042,-0.3121,36.3,-1.8,0.0
2371568,2026-09-11_09-03-09.568-240,v5.1.3,3.43,12.0,200,1190,1251,3494,688,1090,3677,15542.38,15335.98,45390.86,16587.99,15443.50,45498.26,0.00,0.00,0.00,1045.60,107.53,107.40,1056.59,1056.59,1.002,0.079,0.539,-4.453,-0.609,0.062,9828,172.2,0,-0.9493,-0.0376,0.0042,-0.3121,36.3,-1.8,0.0
2371590,2026-09-11_09-03-09.591-240,v5.1.3,3.43,12.0,200,1191,1255,3501,679,1090,3682,15555.20,15386.64,45481.54,16480.52,15443.63,45582.20,0.00,0.00,0.00,925.32,56.98,100.66,932.52,932.52,1.004,0.079,0.538,-3.891,-1.047,0.469,9828,156.4,0,-0.9493,-0.0377,0.0043,-0.3122,36.3,-1.8,0.0
2371618,2026-09-11_09-03-09.620-240,v5.1.3,3.43,12.0,200,1193,1255,3497,685,1095,3676,15581.65,15387.47,45429.40,16544.12,15507.83,45490.95,0.00,0.00,0.00,962.47,120.36,61.54,971.91,971.91,1.005,0.078,0.537,-3.844,-0.797,0.438,9828,161.4,0,-0.9492,-0.0377,0.0044,-0.3122,36.4,-1.8,0.0
2371653,2026-09-11_09-03-09.654-240,v5.1.3,3.43,12.0,200,1194,1268,3496,684,1108,3673,15593.49,15559.33,45414.59,16518.76,15676.27,45451.94,0.00,0.00,0.00,925.27,116.95,37.36,933.38,933.38,1.006,0.077,0.540,-4.469,-0.969,-0.109,9821,156.5,0,-0.9493,-0.0375,0.0046,-0.3122,36.3,-1.8,0.0
2371693,2026-09-11_09-03-09.693-240,v5.1.3,3.43,12.0,200,1200,1262,3499,690,1085,3677,15673.52,15478.24,45454.52,16616.46,15378.60,45494.90,0.00,0.00,0.00,942.94,-99.64,40.38,949.05,949.05,1.005,0.080,0.538,-4.328,-0.375,0.203,9821,158.5,0,-0.9493,-0.0378,0.0048,-0.3121,36.3,-1.9,0.0
2371724,2026-09-11_09-03-09.725-240,v5.1.3,3.43,12.0,200,1194,1265,3484,688,1103,3676,15593.79,15523.15,45258.61,16580.24,15612.89,45482.79,0.00,0.00,0.00,986.44,89.74,224.18,1015.57,1015.57,1.003,0.078,0.540,-4.438,-0.781,0.453,9821,167.0,0,-0.9493,-0.0378,0.0046,-0.3121,36.3,-1.8,0.0
2371748,2026-09-11_09-03-09.748-240,v5.1.3,3.43,12.0,200,1203,1266,3497,684,1113,3680,15712.79,15531.17,45427.90,16532.16,15744.21,45540.93,0.00,0.00,0.00,819.38,213.03,113.03,854.13,854.13,1.005,0.082,0.535,-4.203,-0.453,0.641,9821,146.4,0,-0.9493,-0.0379,0.0046,-0.3121,36.3,-1.9,0.0
2371778,2026-09-11_09-03-09.778-240,v5.1.3,3.43,12.0,200,1196,1262,3496,677,1094,3679,15620.59,15479.75,45415.41,16445.81,15494.34,45547.19,0.00,0.00,0.00,825.22,14.59,131.77,835.80,835.80,1.004,0.081,0.543,-3.969,-1.094,0.766,9818,144.1,0,-0.9493,-0.0378,0.0043,-0.3121,36.3,-1.8,0.0
2371803,2026-09-11_09-03-09.804-240,v5.1.3,3.43,12.0,200,1193,1258,3495,684,1095,3676,15581.33,15427.68,45402.93,16530.94,15507.64,45493.13,0.00,0.00,0.00,949.61,79.96,90.20,957.23,957.23,1.007,0.079,0.539,-4.188,-0.562,-0.438,9818,159.6,0,-0.9493,-0.0379,0.0044,-0.3120,36.3,-1.8,0.0
2371828,2026-09-11_09-03-09.828-240,v5.1.3,3.43,12.0,200,1203,1249,3490,689,1092,3679,15714.60,15308.63,45339.01,16604.75,15470.57,45521.39,0.00,0.00,0.00,890.15,161.95,182.38,922.96,922.96,1.006,0.079,0.538,-4.016,-1.000,0.797,9818,155.2,0,-0.9493,-0.0379,0.0044,-0.3121,36.3,-1.8,0.0
2371858,2026-09-11_09-03-09.858-240,v5.1.3,3.43,12.0,200,1196,1268,3494,688,1095,3677,15619.95,15559.58,45388.52,16585.86,15508.80,45497.25,0.00,0.00,0.00,965.91,-50.78,108.73,973.34,973.34,1.003,0.076,0.537,-4.156,-0.609,0.219,9818,161.6,0,-0.9493,-0.0376,0.0042,-0.3120,36.3,-1.8,0.0
2371881,2026-09-11_09-03-09.882-240,v5.1.3,3.43,12.0,200,1201,1249,3497,691,1088,3682,15688.15,15306.93,45430.24,16639.45,15419.86,45556.39,0.00,0.00,0.00,951.31,112.93,126.16,966.26,966.26,1.006,0.078,0.537,-4.234,-0.906,0.047,9818,160.7,0,-0.9493,-0.0377,0.0042,-0.3120,36.3,-1.8,0.0
2371908,2026-09-11_09-03-09.908-240,v5.1.3,3.43,12.0,200,1185,1259,3496,687,1087,3675,15475.37,15441.88,45415.82,16571.65,15403.38,45475.33,0.00,0.00,0.00,1096.27,-38.50,59.52,1098.56,1098.56,1.004,0.080,0.535,-4.172,-1.016,0.438,9818,177.6,0,-0.9493,-0.0377,0.0044,-0.3120,36.3,-1.8,0.0
2371943,2026-09-11_09-03-09.943-240,v5.1.3,3.43,12.0,200,1194,1270,3494,691,1104,3677,15593.27,15586.32,45388.24,16621.55,15626.92,45488.89,0.00,0.00,0.00,1028.28,40.60,100.65,1033.99,1033.99,1.006,0.077,0.543,-4.188,-0.531,0.156,9830,169.3,0,-0.9493,-0.0376,0.0045,-0.3120,36.3,-1.8,0.0
2371966,2026-09-11_09-03-09.967-240,v5.1.3,3.43,12.0,200,1195,1263,3492,684,1106,3678,15607.25,15494.27,45363.14,16530.70,15652.04,45516.63,0.00,0.00,0.00,923.45,157.77,153.49,949.32,949.32,1.008,0.082,0.540,-4.172,-1.062,0.391,9830,158.5,0,-0.9493,-0.0379,0.0045,-0.3121,36.3,-1.8,0.0
2371998,2026-09-11_09-03-10.998-240,v5.1.3,3.43,12.0,200,1196,1251,3490,679,1091,3682,15621.77,15336.17,45338.73,16480.09,15456.68,45581.99,0.00,0.00,0.00,858.33,120.52,243.27,900.24,900.24,1.005,0.081,0.542,-3.844,-0.625,0.453,9830,152.3,0,-0.9493,-0.0377,0.0045,-0.3122,36.3,-1.8,0.0
2372023,2026-09-11_09-03-10.024-240,v5.1.3,3.43,12.0,200,1194,1268,3499,688,1092,3679,15593.49,15558.46,45453.68,16591.57,15470.38,45523.57,0.00,0.00,0.00,998.08,-88.09,69.89,1004.39,1004.39,1.004,0.080,0.539,-4.438,-0.562,0.000,9830,165.6,0,-0.9493,-0.0376,0.0045,-0.3122,36.3,-1.8,0.0
2372048,2026-09-11_09-03-10.048-240,v5.1.3,3.43,12.0,200,1194,1254,3491,690,1089,3675,15594.98,15375.83,45351.35,16610.32,15430.08,45468.38,0.00,0.00,0.00,1015.34,54.26,117.03,1023.50,1023.50,1.003,0.078,0.538,-4.422,-0.531,0.312,9830,168.0,0,-0.9493,-0.0374,0.0045,-0.3122,36.3,-1.8,0.0
2372083,2026-09-11_09-03-10.083-240,v5.1.3,3.43,12.0,200,1194,1262,3503,683,1111,3682,15594.14,15478.05,45506.64,16524.28,15718.65,45569.23,0.00,0.00,0.00,930.13,240.59,62.59,962.78,962.78,1.004,0.080,0.541,-3.781,-0.953,0.188,9821,160.3,0,-0.9492,-0.0377,0.0044,-0.3122,36.4,-1.8,0.0
2372122,2026-09-11_09-03-10.122-240,v5.1.3,3.43,12.0,200,1191,1266,3501,684,1088,3682,15554.02,15531.95,45480.02,16547.24,15418.49,45571.68,0.00,0.00,0.00,993.22,-113.46,91.66,1003.87,1003.87,1.005,0.076,0.537,-4.219,-0.766,0.219,9821,165.5,0,-0.9492,-0.0375,0.0044,-0.3124,36.4,-1.8,0.0
2372153,2026-09-11_09-03-10.153-240,v5.1.3,3.43,12.0,200,1194,1256,3495,690,1100,3678,15594.77,15401.10,45403.21,16612.30,15574.86,45504.74,0.00,0.00,0.00,1017.52,173.77,101.53,1037.24,1037.24,1.005,0.081,0.540,-4.125,-0.797,0.078,9821,169.8,0,-0.9492,-0.0377,0.0042,-0.3124,36.4,-1.8,0.0
2372182,2026-09-11_09-03-10.183-240,v5.1.3,3.43,12.0,200,1191,1258,3496,689,1087,3681,15554.87,15427.71,45415.96,16611.31,15406.03,45548.11,0.00,0.00,0.00,1056.44,-21.67,132.15,1064.90,1064.90,1.004,0.075,0.538,-4.781,-1.125,0.000,9821,173.3,0,-0.9492,-0.0374,0.0042,-0.3124,36.4,-1.8,0.0
2372208,2026-09-11_09-03-10.208-240,v5.1.3,3.43,12.0,200,1195,1254,3491,697,1085,3666,15608.21,15375.67,45351.35,16684.27,15375.83,45338.19,0.00,0.00,0.00,1076.05,0.16,-13.16,1076.13,1076.13,1.003,0.081,0.536,-4.094,-0.484,0.141,9830,174.7,0,-0.9492,-0.0374,0.0041,-0.3124,36.4,-1.8,0.0
2372243,2026-09-11_09-03-10.243-240,v5.1.3,3.43,12.0,200,1191,1242,3494,689,1092,3678,15556.58,15216.93,45392.09,16602.53,15470.20,45508.53,0.00,0.00,0.00,1045.95,253.26,116.44,1082.45,1082.45,1.006,0.080,0.534,-4.000,-0.797,-0.047,9830,175.5,0,-0.9492,-0.0379,0.0043,-0.3124,36.4,-1.8,0.0
2372266,2026-09-11_09-03-10.267-240,v5.1.3,3.43,12.0,200,1191,1255,3497,689,1101,3681,15555.19,15387.79,45429.40,16605.36,15588.86,45545.29,0.00,0.00,0.00,1050.16,201.06,115.89,1075.50,1075.50,1.008,0.078,0.535,-4.641,-0.984,-3.594,9830,174.6,0,-0.9492,-0.0380,0.0042,-0.3122,36.4,-1.8,0.0
2372298,2026-09-11_09-03-10.298-240,v5.1.3,3.43,12.0,200,1193,1258,3495,687,1090,3684,15581.33,15427.68,45402.93,16590.34,15445.95,45590.44,0.00,0.00,0.00,1009.01,18.27,187.51,1026.45,1026.45,1.004,0.078,0.534,-4.453,-0.812,0.031,9830,168.4,0,-0.9493,-0.0380,0.0045,-0.3121,36.3,-1.9,0.0
2372325,2026-09-11_09-03-10.326-240,v5.1.3,3.43,12.0,200,1195,1247,3498,695,1084,3675,15608.97,15281.19,45443.54,16678.32,15365.77,45458.47,0.00,0.00,0.00,1069.34,84.58,14.93,1072.79,1072.79,1.003,0.077,0.539,-3.875,-1.000,-0.422,9830,174.3,0,-0.9493,-0.0378,0.0043,-0.3121,36.3,-1.8,0.0
2372350,2026-09-11_09-03-10.351-240,v5.1.3,3.43,12.0,200,1195,1258,3490,683,1096,3685,15607.79,15428.79,45337.76,16537.32,15523.89,45610.83,0.00,0.00,0.00,929.53,95.10,273.07,973.47,973.47,1.005,0.081,0.540,-4.406,-1.125,0.547,9824,161.6,0,-0.9493,-0.0378,0.0042,-0.3122,36.3,-1.8,0.0
2372383,2026-09-11_09-03-10.383-240,v5.1.3,3.43,12.0,200,1195,1244,3497,685,1091,3681,15609.30,15241.85,45430.92,16556.91,15457.48,45556.04,0.00,0.00,0.00,947.62,215.64,125.12,979.87,979.87,1.002,0.079,0.538,-4.000,-0.672,-0.109,9824,162.4,0,-0.9494,-0.0379,0.0041,-0.3118,36.3,-1.8,0.0
2372406,2026-09-11_09-03-10.408-240,v5.1.3,3.43,12.0,200,1192,1264,3498,685,1100,3682,15567.46,15506.23,45441.20,16555.30,15575.39,45567.08,0.00,0.00,0.00,987.85,69.16,125.88,998.23,998.23,1.007,0.081,0.536,-4.531,-1.000,0.344,9824,164.8,0,-0.9494,-0.0380,0.0041,-0.3117,36.3,-1.8,0.0
2372437,2026-09-11_09-03-10.439-240,v5.1.3,3.43,12.0,200,1201,1258,3493,697,1091,3677,15687.18,15426.97,45376.87,16706.12,15458.33,45478.41,0.00,0.00,0.00,1018.95,31.36,101.54,1024.47,1024.47,1.005,0.078,0.536,-4.531,-1.375,-0.156,9824,168.1,0,-0.9494,-0.0382,0.0043,-0.3117,36.3,-1.8,0.0
2372464,2026-09-11_09-03-10.465-240,v5.1.3,3.43,12.0,200,1197,1257,3495,692,1104,3678,15634.36,15413.83,45403.07,16636.94,15627.49,45499.57,0.00,0.00,0.00,1002.58,213.66,96.50,1029.63,1029.63,1.005,0.078,0.537,-4.125,-0.781,0.250,9824,168.8,0,-0.9494,-0.0382,0.0044,-0.3117,36.3,-1.8,0.0
2372486,2026-09-11_09-03-10.487-240,v5.1.3,3.43,12.0,200,1192,1269,3495,688,1105,3683,15566.92,15573.14,45401.41,16594.92,15641.65,45572.38,0.00,0.00,0.00,1028.00,68.51,170.97,1044.37,1044.37,1.005,0.079,0.541,-4.203,-0.922,0.391,9824,170.7,0,-0.9494,-0.0380,0.0043,-0.3117,36.3,-1.8,0.0
2372538,2026-09-11_09-03-10.538-240,v5.1.3,3.43,12.0,200,1195,1271,3497,688,1103,3683,15606.40,15598.50,45427.21,16595.77,15615.53,45572.79,0.00,0.00,0.00,989.37,17.03,145.58,1000.17,1000.17,1.003,0.078,0.539,-3.922,-0.906,0.578,9816,165.0,0,-0.9497,-0.0377,0.0044,-0.3109,36.2,-1.8,0.0
2372561,2026-09-11_09-03-10.561-240,v5.1.3,3.43,12.0,200,1194,1257,3494,690,1087,3676,15594.67,15414.60,45390.03,16613.39,15404.34,45481.64,0.00,0.00,0.00,1018.72,-10.25,91.61,1022.89,1022.89,1.008,0.081,0.538,-4.438,-0.969,0.344,9816,167.9,0,-0.9497,-0.0378,0.0044,-0.3109,36.2,-1.8,0.0
2372588,2026-09-11_09-03-10.588-240,v5.1.3,3.43,12.0,200,1190,1268,3496,687,1108,3678,15540.56,15559.97,45414.58,16569.37,15678.74,45509.68,0.00,0.00,0.00,1028.81,118.78,95.09,1040.00,1040.00,1.007,0.079,0.539,-4.000,-0.703,-0.156,9816,170.1,0,-0.9497,-0.0378,0.0044,-0.3109,36.2,-1.8,0.0
2372620,2026-09-11_09-03-10.621-240,v5.1.3,3.43,12.0,200,1193,1264,3496,681,1093,3680,15580.69,15506.65,45415.14,16501.15,15482.44,45551.51,0.00,0.00,0.00,920.46,-24.21,136.37,930.83,930.83,1.004,0.078,0.538,-4.328,-0.938,0.203,9816,156.2,0,-0.9497,-0.0379,0.0046,-0.3110,36.2,-1.8,0.0
2372642,2026-09-11_09-03-10.643-240,v5.1.3,3.43,12.0,200,1197,1268,3501,683,1102,3679,15633.19,15557.41,45479.75,16521.45,15599.98,45532.48,0.00,0.00,0.00,888.26,42.58,52.72,890.84,890.84,1.003,0.078,0.536,-4.375,-0.609,0.078,9820,151.1,0,-0.9496,-0.0378,0.0045,-0.3110,36.2,-1.8,0.0
2372673,2026-09-11_09-03-10.673-240,v5.1.3,3.43,12.0,200,1193,1270,3492,692,1107,3675,15580.04,15587.05,45362.18,16629.01,15665.54,45460.39,0.00,0.00,0.00,1048.97,78.48,98.21,1056.48,1056.48,1.005,0.079,0.540,-3.984,-1.062,0.172,9820,172.2,0,-0.9496,-0.0378,0.0044,-0.3110,36.2,-1.8,0.0
2372702,2026-09-11_09-03-10.703-240,v5.1.3,3.43,12.0,200,1198,1250,3497,685,1092,3680,15648.35,15320.62,45430.10,16554.27,15470.17,45542.98,0.00,0.00,0.00,905.93,149.54,112.88,925.10,925.10,1.004,0.079,0.539,-3.953,-0.609,0.453,9820,155.5,0,-0.9496,-0.0381,0.0044,-0.3112,36.2,-1.8,0.0
2372725,2026-09-11_09-03-10.726-240,v5.1.3,3.43,12.0,200,1202,1248,3491,689,1088,3680,15701.48,15295.29,45352.18,16608.67,15418.71,45535.05,0.00,0.00,0.00,907.19,123.42,182.87,933.63,933.63,1.005,0.078,0.540,-4.547,-0.875,0.047,9820,156.5,0,-0.9496,-0.0379,0.0045,-0.3112,36.2,-1.8,0.0
2372758,2026-09-11_09-03-10.758-240,v5.1.3,3.43,12.0,200,1194,1269,3514,673,1097,3679,15593.41,15567.36,45649.04,16391.84,15532.73,45555.32,0.00,0.00,0.00,798.43,-34.63,-93.73,804.66,804.66,1.005,0.080,0.534,-4.484,-0.891,0.641,9820,140.1,0,-0.9496,-0.0381,0.0047,-0.3112,36.2,-1.9,0.0
2372781,2026-09-11_09-03-10.782-240,v5.1.3,3.43,12.0,200,1193,1261,3493,690,1104,3678,15581.00,15467.88,45376.45,16610.60,15627.10,45503.93,0.00,0.00,0.00,1029.59,159.22,127.48,1049.60,1049.60,1.002,0.076,0.537,-3.844,-0.906,0.344,9821,171.3,0,-0.9496,-0.0378,0.0046,-0.3112,36.2,-1.8,0.0
2372808,2026-09-11_09-03-10.808-240,v5.1.3,3.43,12.0,200,1188,1250,3485,689,1081,3680,15516.02,15325.68,45273.69,16611.64,15327.30,45536.46,0.00,0.00,0.00,1095.63,1.63,262.77,1126.70,1126.70,1.004,0.080,0.536,-4.516,-0.781,0.297,9821,181.2,0,-0.9495,-0.0379,0.0047,-0.3113,36.2,-1.9,0.0
2372839,2026-09-11_09-03-10.839-240,v5.1.3,3.43,12.0,200,1194,1257,3490,682,1098,3675,15594.66,15415.75,45337.90,16501.10,15546.04,45484.04,0.00,0.00,0.00,906.44,130.30,146.14,927.34,927.34,1.004,0.078,0.537,-3.766,-0.500,-0.141,9821,155.7,0,-0.9495,-0.0379,0.0046,-0.3113,36.2,-1.9,0.0
2372861,2026-09-11_09-03-10.862-240,v5.1.3,3.43,12.0,200,1193,1252,3499,692,1085,3675,15581.98,15347.27,45455.88,16638.37,15378.24,45464.82,0.00,0.00,0.00,1056.39,30.97,8.93,1056.88,1056.88,1.002,0.076,0.538,-3.812,-0.500,0.766,9821,172.3,0,-0.9495,-0.0378,0.0045,-0.3114,36.3,-1.8,0.0
2372893,2026-09-11_09-03-10.893-240,v5.1.3,3.43,12.0,200,1198,1268,3494,686,1108,3679,15646.41,15559.26,45388.52,16558.42,15678.93,45524.71,0.00,0.00,0.00,912.01,119.67,136.19,929.85,929.85,1.002,0.078,0.540,-4.219,-1.328,-0.266,9821,156.1,0,-0.9495,-0.0378,0.0044,-0.3115,36.3,-1.8,0.0
2372935,2026-09-11_09-03-10.936-240,v5.1.3,3.43,12.0,200,1191,1246,3500,686,1086,3674,15556.16,15268.04,45469.74,16556.68,15389.75,45464.86,0.00,0.00,0.00,1000.52,121.70,-4.88,1007.91,1007.91,1.001,0.075,0.543,-3.703,-0.844,0.547,9829,166.0,0,-0.9495,-0.0371,0.0048,-0.3116,36.3,-1.8,0.0
2372963,2026-09-11_09-03-10.963-240,v5.1.3,3.43,12.0,200,1201,1278,3499,685,1109,3676,15685.04,15689.44,45452.32,16538.16,15690.66,45488.13,0.00,0.00,0.00,853.12,1.22,35.81,853.87,853.87,1.011,0.080,0.540,-4.094,-1.000,-0.188,9829,146.4,0,-0.9495,-0.0373,0.0048,-0.3117,36.3,-1.9,0.0
2372995,2026-09-11_09-03-11.996-240,v5.1.3,3.43,12.0,200,1195,1253,3496,679,1095,3677,15608.33,15361.02,45416.65,16467.29,15507.03,45516.90,0.00,0.00,0.00,858.97,146.01,100.25,877.04,877.04,1.011,0.080,0.537,-4.516,-0.469,-0.219,9829,149.3,0,-0.9494,-0.0376,0.0047,-0.3117,36.3,-1.9,0.0
2373018,2026-09-11_09-03-11.018-240,v5.1.3,3.43,12.0,200,1192,1255,3491,685,1090,3686,15568.41,15389.36,45351.21,16568.44,15446.31,45620.52,0.00,0.00,0.00,1000.02,56.95,269.32,1037.22,1037.22,1.004,0.077,0.538,-3.844,-0.719,0.109,9829,169.8,0,-0.9494,-0.0374,0.0047,-0.3118,36.3,-1.8,0.0
2373048,2026-09-11_09-03-11.048-240,v5.1.3,3.43,12.0,200,1193,1271,3501,690,1101,3675,15579.94,15597.67,45479.34,16605.21,15586.79,45465.96,0.00,0.00,0.00,1025.27,-10.88,-13.38,1025.42,1025.42,1.003,0.080,0.536,-4.672,-1.016,0.578,9829,168.3,0,-0.9494,-0.0374,0.0048,-0.3118,36.3,-1.9,0.0
2373078,2026-09-11_09-03-11.079-240,v5.1.3,3.43,12.0,200,1190,1262,3497,683,1099,3676,15541.21,15480.42,45428.44,16516.07,15559.68,45494.51,0.00,0.00,0.00,974.86,79.26,66.07,980.30,980.30,0.999,0.075,0.540,-4.234,-1.016,0.656,9831,162.5,0,-0.9494,-0.0372,0.0047,-0.3118,36.3,-1.8,0.0
2373103,2026-09-11_09-03-11.103-240,v5.1.3,3.43,12.0,200,1190,1259,3495,694,1086,3676,15541.53,15441.37,45402.79,16666.51,15392.07,45473.11,0.00,0.00,0.00,1124.98,-49.30,70.32,1128.26,1128.26,1.006,0.080,0.539,-4.125,-1.312,-0.109,9831,181.4,0,-0.9494,-0.0373,0.0046,-0.3118,36.3,-1.8,0.0
2373138,2026-09-11_09-03-11.138-240,v5.1.3,3.43,12.0,200,1195,1263,3490,677,1110,3676,15607.25,15494.84,45337.07,16432.35,15702.15,45505.39,0.00,0.00,0.00,825.10,207.30,168.32,867.23,867.23,1.006,0.079,0.539,-4.406,-0.734,0.047,9831,148.1,0,-0.9494,-0.0374,0.0045,-0.3118,36.3,-1.8,0.0
2373162,2026-09-11_09-03-11.163-240,v5.1.3,3.43,12.0,200,1191,1263,3499,680,1099,3678,15554.34,15492.90,45454.37,16480.99,15559.84,45526.77,0.00,0.00,0.00,926.65,66.95,72.41,931.88,931.88,1.006,0.077,0.537,-4.188,-0.984,-0.281,9831,156.3,0,-0.9494,-0.0375,0.0046,-0.3119,36.3,-1.8,0.0
2373193,2026-09-11_09-03-11.193-240,v5.1.3,3.43,12.0,200,1189,1254,3496,680,1093,3677,15528.83,15375.19,45416.51,16481.32,15481.11,45515.12,0.00,0.00,0.00,952.48,105.92,98.61,963.42,963.42,1.006,0.076,0.537,-4.266,-0.797,0.094,9831,160.3,0,-0.9494,-0.0375,0.0047,-0.3118,36.3,-1.8,0.0
2373220,2026-09-11_09-03-11.221-240,v5.1.3,3.43,12.0,200,1193,1251,3494,692,1094,3683,15582.08,15335.50,45390.86,16652.29,15498.79,45565.86,0.00,0.00,0.00,1070.22,163.29,175.01,1096.66,1096.66,1.004,0.080,0.536,-4.328,-0.672,0.391,9828,177.3,0,-0.9494,-0.0375,0.0048,-0.3119,36.3,-1.9,0.0
2373248,2026-09-11_09-03-11.248-240,v5.1.3,3.43,12.0,200,1199,1257,3492,691,1094,3681,15660.82,15414.37,45363.97,16634.68,15497.84,45542.33,0.00,0.00,0.00,973.86,83.47,178.36,993.57,993.57,1.004,0.079,0.539,-4.438,-1.203,0.172,9828,164.2,0,-0.9494,-0.0376,0.0046,-0.3119,36.3,-1.8,0.0
2373283,2026-09-11_09-03-11.283-240,v5.1.3,3.43,12.0,200,1186,1258,3494,687,1102,3672,15488.71,15429.08,45389.89,16558.61,15598.13,45433.74,0.00,0.00,0.00,1069.90,169.04,43.86,1084.06,1084.06,1.007,0.079,0.540,-4.219,-0.719,0.000,9828,175.7,0,-0.9494,-0.0376,0.0045,-0.3119,36.3,-1.8,0.0
2373306,2026-09-11_09-03-11.307-240,v5.1.3,3.43,12.0,200,1192,1250,3503,693,1096,3674,15568.97,15319.86,45508.29,16644.64,15521.71,45447.56,0.00,0.00,0.00,1075.68,201.85,-60.73,1096.14,1096.14,1.004,0.080,0.541,-4.234,-0.859,0.250,9828,177.3,0,-0.9494,-0.0377,0.0043,-0.3118,36.3,-1.8,0.0
2373353,2026-09-11_09-03-11.353-240,v5.1.3,3.43,12.0,200,1196,1274,3502,690,1102,3671,15619.32,15636.54,45491.96,16595.91,15598.34,45414.34,0.00,0.00,0.00,976.59,-38.20,-77.62,980.42,980.42,1.005,0.079,0.538,-4.672,-1.281,0.609,9828,162.5,0,-0.9494,-0.0380,0.0044,-0.3118,36.3,-1.8,0.0
2373379,2026-09-11_09-03-11.379-240,v5.1.3,3.43,12.0,200,1192,1271,3503,682,1104,3675,15566.72,15597.26,45505.40,16498.55,15624.40,45482.82,0.00,0.00,0.00,931.83,27.14,-22.58,932.50,932.50,1.006,0.081,0.537,-4.484,-0.750,0.172,9829,156.4,0,-0.9494,-0.0380,0.0045,-0.3118,36.3,-1.8,0.0
2373403,2026-09-11_09-03-11.403-240,v5.1.3,3.43,12.0,200,1195,1249,3498,689,1084,3686,15608.76,15307.61,45443.27,16623.68,15368.74,45613.00,0.00,0.00,0.00,1014.92,61.13,169.73,1030.83,1030.83,1.005,0.080,0.540,-4.125,-1.156,0.094,9829,168.9,0,-0.9494,-0.0381,0.0046,-0.3118,36.3,-1.9,0.0
2373433,2026-09-11_09-03-11.433-240,v5.1.3,3.43,12.0,200,1197,1250,3502,684,1080,3678,15635.12,15319.35,45495.27,16541.76,15312.51,45521.87,0.00,0.00,0.00,906.64,-6.84,26.60,907.06,907.06,1.002,0.082,0.538,-4.203,-0.969,0.766,9829,153.2,0,-0.9494,-0.0380,0.0044,-0.3118,36.3,-1.8,0.0
2373456,2026-09-11_09-03-11.456-240,v5.1.3,3.43,12.0,200,1204,1253,3497,690,1088,3678,15727.41,15359.29,45429.69,16617.40,15418.16,45507.15,0.00,0.00,0.00,889.99,58.87,77.46,895.30,895.30,1.004,0.080,0.541,-4.453,-1.047,-0.109,9829,151.7,0,-0.9494,-0.0381,0.0043,-0.3118,36.3,-1.8,0.0
2373483,2026-09-11_09-03-11.483-240,v5.1.3,3.43,12.0,200,1194,1262,3496,690,1089,3678,15594.13,15480.07,45415.41,16616.98,15431.22,45506.95,0.00,0.00,0.00,1022.85,-48.85,91.54,1028.10,1028.10,1.005,0.079,0.540,-4.422,-1.094,0.328,9829,168.6,0,-0.9494,-0.0380,0.0042,-0.3118,36.3,-1.8,0.0
2373516,2026-09-11_09-03-11.517-240,v5.1.3,3.43,12.0,200,1193,1249,3490,675,1087,3680,15582.29,15310.23,45339.00,16424.66,15402.91,45565.82,0.00,0.00,0.00,842.37,92.68,226.82,877.28,877.28,1.001,0.079,0.537,-4.328,-0.641,0.016,9828,149.4,0,-0.9494,-0.0382,0.0042,-0.3117,36.3,-1.8,0.0
2373539,2026-09-11_09-03-11.539-240,v5.1.3,3.43,12.0,200,1196,1263,3492,679,1100,3676,15620.48,15494.11,45363.14,16462.95,15571.95,45503.04,0.00,0.00,0.00,842.47,77.84,139.89,857.54,857.54,1.004,0.076,0.535,-4.672,-0.750,0.062,9828,146.8,0,-0.9493,-0.0381,0.0043,-0.3120,36.3,-1.8,0.0
2373568,2026-09-11_09-03-11.568-240,v5.1.3,3.43,12.0,200,1194,1263,3492,691,1104,3680,15594.02,15494.43,45363.14,16628.21,15628.05,45527.46,0.00,0.00,0.00,1034.19,133.62,164.32,1055.65,1055.65,1.001,0.079,0.541,-4.234,-0.906,0.297,9828,172.1,0,-0.9493,-0.0379,0.0042,-0.3120,36.3,-1.8,0.0
2373594,2026-09-11_09-03-11.595-240,v5.1.3,3.43,12.0,200,1195,1267,3498,689,1093,3683,15606.83,15545.38,45440.79,16613.20,15485.14,45572.62,0.00,0.00,0.00,1006.37,-60.24,131.83,1016.75,1016.75,1.001,0.077,0.536,-3.828,-0.484,0.344,9828,167.2,0,-0.9493,-0.0376,0.0042,-0.3121,36.3,-1.8,0.0
2373618,2026-09-11_09-03-11.620-240,v5.1.3,3.43,12.0,200,1201,1248,3496,689,1084,3684,15688.25,15294.01,45417.34,16619.24,15367.99,45587.29,0.00,0.00,0.00,930.99,73.98,169.94,949.26,949.26,1.003,0.080,0.537,-4.094,-0.859,-0.172,9828,158.5,0,-0.9493,-0.0378,0.0042,-0.3120,36.3,-1.8,0.0
2373653,2026-09-11_09-03-11.653-240,v5.1.3,3.43,12.0,200,1188,1250,3491,680,1094,3682,15516.03,15323.95,45351.89,16491.99,15496.06,45579.21,0.00,0.00,0.00,975.96,172.11,227.32,1016.76,1016.76,1.004,0.077,0.532,-4.125,-0.656,0.953,9831,167.2,0,-0.9493,-0.0376,0.0045,-0.3121,36.3,-1.8,0.0
2373677,2026-09-11_09-03-11.677-240,v5.1.3,3.43,12.0,200,1193,1268,3497,693,1098,3679,15580.26,15559.20,45427.62,16654.89,15549.71,45511.45,0.00,0.00,0.00,1074.63,-9.49,83.83,1077.94,1077.94,1.008,0.078,0.537,-4.078,-0.703,0.328,9831,175.0,0,-0.9493,-0.0376,0.0045,-0.3121,36.3,-1.8,0.0
2373703,2026-09-11_09-03-11.703-240,v5.1.3,3.43,12.0,200,1198,1269,3498,688,1103,3675,15646.31,15571.32,45440.52,16578.02,15612.52,45469.93,0.00,0.00,0.00,931.71,41.20,29.41,933.08,933.08,1.006,0.077,0.538,-4.469,-0.906,0.734,9831,156.5,0,-0.9493,-0.0375,0.0045,-0.3120,36.3,-1.8,0.0
2373749,2026-09-11_09-03-11.749-240,v5.1.3,3.43,12.0,200,1195,1249,3495,689,1086,3681,15608.76,15308.47,45404.17,16611.74,15392.97,45548.31,0.00,0.00,0.00,1002.98,84.50,144.14,1016.80,1016.80,1.002,0.076,0.539,-4.406,-0.938,0.344,9831,167.2,0,-0.9494,-0.0374,0.0047,-0.3119,36.3,-1.8,0.0
2373772,2026-09-11_09-03-11.774-240,v5.1.3,3.43,12.0,200,1199,1253,3490,695,1089,3674,15661.25,15362.10,45338.45,16673.97,15430.69,45444.61,0.00,0.00,0.00,1012.73,68.58,106.15,1020.58,1020.58,1.005,0.080,0.537,-4.172,-0.609,0.328,9831,167.6,0,-0.9494,-0.0376,0.0047,-0.3118,36.3,-1.9,0.0
2373803,2026-09-11_09-03-11.803-240,v5.1.3,3.43,12.0,200,1202,1252,3496,689,1094,3678,15701.05,15346.69,45416.79,16601.68,15496.31,45508.13,0.00,0.00,0.00,900.62,149.63,91.34,917.52,917.52,1.003,0.077,0.538,-4.281,-0.766,1.109,9825,154.5,0,-0.9494,-0.0374,0.0047,-0.3119,36.3,-1.8,0.0
2373829,2026-09-11_09-03-11.830-240,v5.1.3,3.43,12.0,200,1187,1252,3491,690,1092,3677,15502.58,15350.53,45351.62,16613.48,15470.01,45493.49,0.00,0.00,0.00,1110.90,119.49,141.87,1126.28,1126.28,1.005,0.077,0.537,-3.938,-0.906,0.734,9825,181.1,0,-0.9494,-0.0374,0.0047,-0.3119,36.3,-1.8,0.0
2373853,2026-09-11_09-03-11.853-240,v5.1.3,3.43,12.0,200,1195,1263,3492,683,1092,3680,15607.25,15494.27,45363.14,16527.92,15469.77,45547.34,0.00,0.00,0.00,920.67,-24.50,184.20,939.24,939.24,1.004,0.077,0.539,-4.344,-0.641,0.469,9825,157.3,0,-0.9493,-0.0374,0.0046,-0.3120,36.3,-1.8,0.0
2373885,2026-09-11_09-03-11.886-240,v5.1.3,3.43,12.0,200,1194,1257,3495,688,1092,3678,15594.67,15414.31,45403.07,16589.35,15470.00,45510.71,0.00,0.00,0.00,994.69,55.69,107.65,1002.04,1002.04,1.004,0.078,0.538,-3.953,-1.000,0.516,9825,165.3,0,-0.9493,-0.0372,0.0046,-0.3120,36.3,-1.8,0.0
2373911,2026-09-11_09-03-11.911-240,v5.1.3,3.43,12.0,200,1196,1259,3498,681,1104,3684,15620.92,15439.54,45441.89,16505.35,15627.60,45600.72,0.00,0.00,0.00,884.43,188.05,158.83,918.04,918.04,1.002,0.078,0.534,-4.312,-1.062,0.328,9825,154.6,0,-0.9493,-0.0374,0.0045,-0.3120,36.3,-1.8,0.0
2373938,2026-09-11_09-03-11.938-240,v5.1.3,3.43,12.0,200,1194,1269,3500,688,1104,3675,15593.39,15571.38,45466.58,16577.59,15625.57,45469.73,0.00,0.00,0.00,984.20,54.19,3.14,985.70,985.70,1.004,0.078,0.537,-4.188,-1.297,0.000,9824,163.2,0,-0.9493,-0.0375,0.0044,-0.3121,36.3,-1.8,0.0
2373970,2026-09-11_09-03-11.971-240,v5.1.3,3.43,12.0,200,1192,1268,3494,695,1109,3675,15567.02,15560.22,45388.52,16667.68,15692.24,45453.43,0.00,0.00,0.00,1100.66,132.02,64.92,1110.44,1110.44,1.005,0.081,0.537,-3.938,-0.641,0.188,9824,179.1,0,-0.9493,-0.0377,0.0043,-0.3121,36.3,-1.8,0.0
2373992,2026-09-11_09-03-12.993-240,v5.1.3,3.43,12.0,200,1192,1258,3499,685,1094,3677,15568.10,15426.69,45455.06,16546.76,15495.15,45504.00,0.00,0.00,0.00,978.66,68.47,48.95,982.27,982.27,1.003,0.080,0.537,-3.969,-0.609,0.344,9824,162.8,0,-0.9493,-0.0376,0.0043,-0.3121,36.3,-1.8,0.0
2374023,2026-09-11_09-03-12.023-240,v5.1.3,3.43,12.0,200,1192,1263,3499,681,1103,3675,15567.57,15492.74,45454.37,16485.80,15611.14,45485.21,0.00,0.00,0.00,918.23,118.41,30.84,926.35,926.35,1.006,0.079,0.539,-4.234,-0.500,0.172,9824,155.6,0,-0.9493,-0.0377,0.0044,-0.3121,36.3,-1.8,0.0
2374052,2026-09-11_09-03-12.052-240,v5.1.3,3.43,12.0,200,1194,1255,3494,686,1084,3681,15594.88,15388.18,45390.31,16573.07,15366.27,45555.26,0.00,0.00,0.00,978.19,-21.91,164.95,992.24,992.24,1.004,0.078,0.542,-3.922,-0.797,0.219,9824,164.0,0,-0.9493,-0.0376,0.0041,-0.3121,36.3,-1.8,0.0
2374076,2026-09-11_09-03-12.078-240,v5.1.3,3.43,12.0,200,1189,1252,3499,690,1087,3677,15529.05,15347.91,45455.88,16615.61,15404.72,45494.50,0.00,0.00,0.00,1086.56,56.81,38.62,1088.73,1088.73,1.005,0.079,0.538,-4.500,-1.172,0.219,9824,176.3,0,-0.9493,-0.0376,0.0042,-0.3121,36.3,-1.8,0.0
2374108,2026-09-11_09-03-12.108-240,v5.1.3,3.43,12.0,200,1195,1271,3504,690,1101,3672,15606.41,15596.49,45518.43,16598.56,15585.66,45427.39,0.00,0.00,0.00,992.15,-10.83,-91.04,996.37,996.37,1.006,0.078,0.538,-4.219,-0.844,0.125,9828,164.6,0,-0.9493,-0.0375,0.0042,-0.3120,36.3,-1.8,0.0
2374131,2026-09-11_09-03-12.132-240,v5.1.3,3.43,12.0,200,1194,1258,3490,686,1095,3676,15594.55,15428.95,45337.76,16557.29,15508.03,45488.77,0.00,0.00,0.00,962.74,79.08,151.00,977.71,977.71,1.004,0.079,0.537,-3.766,-1.312,-0.078,9828,162.2,0,-0.9493,-0.0376,0.0042,-0.3120,36.3,-1.8,0.0
2374178,2026-09-11_09-03-12.180-240,v5.1.3,3.43,12.0,200,1193,1255,3497,691,1083,3681,15581.65,15387.47,45429.40,16639.36,15354.19,45544.55,0.00,0.00,0.00,1057.71,-33.28,115.14,1064.48,1064.48,1.005,0.079,0.541,-4.328,-0.734,-0.047,9828,173.2,0,-0.9493,-0.0375,0.0044,-0.3120,36.3,-1.8,0.0
2374204,2026-09-11_09-03-12.204-240,v5.1.3,3.43,12.0,200,1191,1258,3498,687,1089,3675,15554.87,15427.13,45442.02,16570.80,15429.50,45474.93,0.00,0.00,0.00,1015.93,2.36,32.91,1016.46,1016.46,1.002,0.080,0.539,-3.828,-1.234,0.703,9828,167.1,0,-0.9493,-0.0376,0.0043,-0.3121,36.3,-1.8,0.0
2374228,2026-09-11_09-03-12.228-240,v5.1.3,3.43,12.0,200,1197,1256,3495,687,1092,3690,15634.47,15400.62,45403.21,16602.81,15474.33,45667.18,0.00,0.00,0.00,968.34,73.71,263.98,1006.38,1006.38,1.006,0.079,0.537,-4.109,-0.875,0.703,9829,165.8,0,-0.9493,-0.0376,0.0044,-0.3121,36.3,-1.8,0.0
2374258,2026-09-11_09-03-12.259-240,v5.1.3,3.43,12.0,200,1198,1257,3483,689,1090,3684,15647.58,15417.12,45246.68,16616.69,15446.34,45586.07,0.00,0.00,0.00,969.12,29.22,339.40,1027.24,1027.24,1.004,0.080,0.539,-4.016,-0.906,0.453,9829,168.5,0,-0.9493,-0.0376,0.0043,-0.3121,36.3,-1.8,0.0
2374282,2026-09-11_09-03-12.283-240,v5.1.3,3.43,12.0,200,1190,1252,3502,694,1085,3677,15542.29,15346.89,45494.98,16669.16,15379.39,45486.16,0.00,0.00,0.00,1126.87,32.50,-8.82,1127.37,1127.37,1.004,0.078,0.539,-4.156,-0.812,0.016,9829,181.3,0,-0.9493,-0.0376,0.0042,-0.3121,36.3,-1.8,0.0
2374313,2026-09-11_09-03-12.313-240,v5.1.3,3.43,12.0,200,1194,1258,3496,687,1102,3678,15594.56,15427.23,45415.96,16571.93,15600.39,45510.89,0.00,0.00,0.00,977.36,173.16,94.93,997.11,997.11,1.003,0.077,0.535,-4.656,-0.672,-0.094,9829,164.6,0,-0.9493,-0.0377,0.0044,-0.3120,36.3,-1.8,0.0
2374342,2026-09-11_09-03-12.343-240,v5.1.3,3.42,12.0,200,1188,1258,3489,686,1087,3682,15515.16,15430.20,45324.73,16574.01,15405.82,45567.52,0.00,0.00,0.00,1058.84,-24.38,242.79,1086.60,1086.60,1.006,0.078,0.539,-4.016,-0.766,0.234,9829,176.1,0,-0.9493,-0.0377,0.0043,-0.3119,36.3,-1.8,0.0
2374364,2026-09-11_09-03-12.365-240,v5.1.3,3.42,12.0,200,1206,1254,3495,690,1095,3679,15753.76,15372.75,45403.49,16616.64,15509.95,45518.60,0.00,0.00,0.00,862.88,137.19,115.11,881.27,881.27,1.006,0.080,0.539,-4.375,-0.906,0.109,9829,149.9,0,-0.9493,-0.0378,0.0045,-0.3120,36.3,-1.8,0.0
2374394,2026-09-11_09-03-12.395-240,v5.1.3,3.42,12.0,200,1195,1263,3494,691,1090,3677,15607.25,15493.69,45389.21,16627.51,15444.09,45491.71,0.00,0.00,0.00,1020.25,-49.60,102.50,1026.59,1026.59,1.003,0.079,0.537,-4.312,-0.953,0.031,9829,168.4,0,-0.9494,-0.0379,0.0045,-0.3119,36.3,-1.8,0.0
2374424,2026-09-11_09-03-12.425-240,v5.1.3,3.42,12.0,200,1197,1269,3491,689,1100,3679,15633.07,15573.49,45349.29,16601.34,15575.04,45519.78,0.00,0.00,0.00,968.27,1.55,170.49,983.17,983.17,1.008,0.082,0.539,-4.062,-1.250,-0.188,9829,162.9,0,-0.9494,-0.0380,0.0045,-0.3119,36.3,-1.8,0.0
2374448,2026-09-11_09-03-12.448-240,v5.1.3,3.42,12.0,200,1187,1250,3498,693,1085,3681,15502.80,15322.10,45443.12,16664.86,15380.70,45539.78,0.00,0.00,0.00,1162.05,58.60,96.66,1167.54,1167.54,1.007,0.078,0.536,-4.031,-0.875,-0.047,9829,186.4,0,-0.9494,-0.0379,0.0045,-0.3118,36.3,-1.8,0.0
2374478,2026-09-11_09-03-12.478-240,v5.1.3,3.42,12.0,200,1195,1268,3497,683,1112,3682,15606.72,15558.88,45427.62,16523.85,15731.70,45569.03,0.00,0.00,0.00,917.13,172.83,141.41,943.92,943.92,1.006,0.080,0.538,-4.000,-0.859,-0.125,9829,157.9,0,-0.9494,-0.0377,0.0044,-0.3119,36.3,-1.8,0.0
2374501,2026-09-11_09-03-12.502-240,v5.1.3,3.42,12.0,200,1187,1259,3499,700,1085,3675,15501.84,15440.70,45454.91,16743.76,15379.81,45447.35,0.00,0.00,0.00,1241.92,-60.89,-7.56,1243.43,1243.43,1.005,0.078,0.538,-3.891,-0.906,-0.422,9829,196.1,0,-0.9494,-0.0377,0.0044,-0.3118,36.3,-1.8,0.0
2374528,2026-09-11_09-03-12.528-240,v5.1.3,3.42,12.0,200,1199,1255,3493,686,1093,3684,15661.03,15387.66,45377.28,16575.89,15484.93,45592.02,0.00,0.00,0.00,914.86,97.27,214.74,944.75,944.75,1.006,0.080,0.542,-4.234,-1.031,0.766,9825,158.0,0,-0.9494,-0.0377,0.0043,-0.3119,36.3,-1.8,0.0
2374574,2026-09-11_09-03-12.575-240,v5.1.3,3.42,12.0,200,1194,1251,3496,684,1090,3680,15595.31,15334.76,45416.93,16541.95,15443.85,45545.56,0.00,0.00,0.00,946.64,109.09,128.64,961.54,961.54,1.002,0.078,0.540,-4.078,-0.375,-0.453,9825,160.1,0,-0.9494,-0.0380,0.0044,-0.3119,36.3,-1.8,0.0
2374598,2026-09-11_09-03-12.600-240,v5.1.3,3.42,12.0,200,1194,1272,3496,680,1108,3676,15593.06,15612.16,45414.04,16472.72,15676.62,45499.25,0.00,0.00,0.00,879.66,64.45,85.21,886.12,886.12,1.008,0.081,0.534,-3.719,-0.766,0.062,9825,150.5,0,-0.9493,-0.0381,0.0045,-0.3119,36.3,-1.9,0.0
2374633,2026-09-11_09-03-12.633-240,v5.1.3,3.42,12.0,200,1189,1261,3500,684,1105,3678,15528.09,15466.51,45467.68,16531.13,15638.98,45516.83,0.00,0.00,0.00,1003.04,172.47,49.16,1018.95,1018.95,1.004,0.078,0.537,-4.156,-0.891,0.203,9825,167.4,0,-0.9494,-0.0380,0.0045,-0.3118,36.3,-1.8,0.0
2374656,2026-09-11_09-03-12.656-240,v5.1.3,3.42,12.0,200,1197,1249,3497,693,1088,3685,15635.22,15307.57,45430.23,16672.46,15421.38,45590.61,0.00,0.00,0.00,1037.24,113.81,160.37,1055.71,1055.71,1.005,0.079,0.538,-4.047,-0.734,0.328,9826,172.1,0,-0.9494,-0.0379,0.0044,-0.3118,36.3,-1.8,0.0
2374680,2026-09-11_09-03-12.681-240,v5.1.3,3.42,12.0,200,1196,1254,3496,687,1094,3679,15621.45,15374.07,45416.51,16577.55,15496.30,45525.35,0.00,0.00,0.00,956.10,122.23,108.84,970.00,970.00,1.005,0.075,0.538,-4.453,-0.656,0.172,9826,161.2,0,-0.9494,-0.0377,0.0044,-0.3118,36.3,-1.8,0.0
2374713,2026-09-11_09-03-12.713-240,v5.1.3,3.42,12.0,200,1187,1262,3492,691,1104,3677,15501.51,15482.34,45363.27,16621.55,15626.92,45488.89,0.00,0.00,0.00,1120.04,144.58,125.62,1136.30,1136.30,1.003,0.079,0.538,-4.031,-0.688,-0.031,9826,182.4,0,-0.9494,-0.0376,0.0042,-0.3118,36.3,-1.8,0.0
2374738,2026-09-11_09-03-12.739-240,v5.1.3,3.42,12.0,200,1190,1260,3499,687,1089,3679,15541.43,15453.43,45454.78,16579.68,15431.00,45526.36,0.00,0.00,0.00,1038.25,-22.42,71.58,1040.96,1040.96,1.006,0.076,0.539,-4.234,-0.969,0.016,9826,170.2,0,-0.9494,-0.0376,0.0043,-0.3117,36.3,-1.8,0.0
2374763,2026-09-11_09-03-12.763-240,v5.1.3,3.42,12.0,200,1199,1266,3492,681,1101,3680,15659.85,15533.25,45362.73,16497.75,15586.91,45549.90,0.00,0.00,0.00,837.89,53.66,187.16,860.22,860.22,1.004,0.077,0.540,-4.422,-1.156,0.031,9826,147.2,0,-0.9494,-0.0374,0.0043,-0.3117,36.3,-1.8,0.0
2374791,2026-09-11_09-03-12.792-240,v5.1.3,3.42,12.0,200,1193,1250,3498,685,1089,3678,15582.19,15321.14,45443.13,16551.11,15430.24,45517.87,0.00,0.00,0.00,968.92,109.10,74.74,977.90,977.90,1.005,0.078,0.540,-4.234,-0.859,0.484,9826,162.2,0,-0.9494,-0.0374,0.0044,-0.3117,36.3,-1.8,0.0
2374815,2026-09-11_09-03-12.816-240,v5.1.3,3.42,12.0,200,1195,1264,3495,683,1099,3679,15607.15,15506.61,45402.11,16522.73,15560.81,45533.08,0.00,0.00,0.00,915.58,54.20,130.97,926.48,926.48,1.005,0.076,0.539,-4.281,-1.047,-0.047,9833,155.6,0,-0.9494,-0.0373,0.0045,-0.3117,36.3,-1.8,0.0
2374848,2026-09-11_09-03-12.848-240,v5.1.3,3.42,12.0,200,1194,1252,3493,681,1092,3682,15595.20,15348.83,45377.69,16506.01,15470.14,45577.43,0.00,0.00,0.00,910.81,121.30,199.74,940.31,940.31,1.008,0.077,0.538,-4.250,-0.812,0.469,9833,157.4,0,-0.9494,-0.0372,0.0048,-0.3118,36.3,-1.8,0.0
2374875,2026-09-11_09-03-12.876-240,v5.1.3,3.42,12.0,200,1193,1257,3494,688,1085,3683,15581.43,15414.76,45390.03,16603.43,15380.47,45576.41,0.00,0.00,0.00,1021.99,-34.28,186.38,1039.41,1039.41,1.004,0.078,0.540,-4.453,-0.938,0.234,9833,170.0,0,-0.9494,-0.0373,0.0046,-0.3119,36.3,-1.8,0.0
2374903,2026-09-11_09-03-12.903-240,v5.1.3,3.42,12.0,200,1199,1262,3492,687,1096,3684,15660.28,15480.42,45363.28,16587.79,15524.30,45589.23,0.00,0.00,0.00,927.51,43.89,225.95,955.64,955.64,1.008,0.079,0.539,-4.469,-1.047,0.484,9833,159.4,0,-0.9494,-0.0373,0.0045,-0.3118,36.3,-1.8,0.0
2374933,2026-09-11_09-03-12.933-240,v5.1.3,3.42,12.0,200,1186,1258,3492,684,1091,3677,15488.71,15429.66,45363.82,16534.87,15455.78,45506.79,0.00,0.00,0.00,1046.16,26.12,142.97,1056.21,1056.21,1.007,0.081,0.535,-4.297,-0.594,0.094,9833,172.2,0,-0.9494,-0.0375,0.0047,-0.3119,36.3,-1.8,0.0
2374969,2026-09-11_09-03-12.970-240,v5.1.3,3.42,12.0,200,1206,1250,3487,691,1085,3683,15754.18,15322.22,45299.78,16642.95,15381.06,45569.86,0.00,0.00,0.00,888.77,58.85,270.08,930.76,930.76,1.007,0.076,0.538,-4.328,-0.969,0.422,9834,156.2,0,-0.9493,-0.0375,0.0045,-0.3120,36.3,-1.8,0.0
2375000,2026-09-11_09-03-13.001-240,v5.1.3,3.42,12.0,200,1186,1248,3502,671,1098,3689,15489.79,15294.69,45495.53,16387.26,15549.17,45688.05,0.00,0.00,0.00,897.46,254.48,192.52,952.50,952.50,1.004,0.080,0.537,-4.016,-1.141,0.500,9834,159.0,0,-0.9494,-0.0374,0.0044,-0.3119,36.3,-1.8,0.0
2375027,2026-09-11_09-03-13.028-240,v5.1.3,3.42,12.0,200,1190,1265,3494,691,1092,3674,15540.88,15520.91,45388.93,16620.00,15469.08,45452.73,0.00,0.00,0.00,1079.12,-51.83,63.80,1082.24,1082.24,1.003,0.077,0.538,-4.031,-0.719,-3.875,9834,175.5,0,-0.9494,-0.0377,0.0043,-0.3117,36.3,-1.8,0.0
2375053,2026-09-11_09-03-13.053-240,v5.1.3,3.42,12.0,200,1200,1255,3489,686,1098,3676,15674.26,15388.65,45325.15,16556.02,15547.21,45488.16,0.00,0.00,0.00,881.75,158.56,163.01,910.61,910.61,1.005,0.080,0.539,-4.234,-0.516,-0.469,9834,153.6,0,-0.9494,-0.0378,0.0042,-0.3117,36.3,-1.8,0.0
2375088,2026-09-11_09-03-13.088-240,v5.1.3,3.42,12.0,200,1195,1249,3495,691,1093,3677,15608.76,15308.47,45404.17,16626.23,15483.27,45491.11,0.00,0.00,0.00,1017.47,174.80,86.94,1036.03,1036.03,1.006,0.077,0.539,-4.641,-0.609,0.359,9834,169.6,0,-0.9494,-0.0377,0.0043,-0.3118,36.3,-1.8,0.0
2375110,2026-09-11_09-03-13.111-240,v5.1.3,3.42,12.0,200,1204,1252,3493,690,1094,3685,15727.51,15347.23,45377.70,16630.38,15499.15,45595.95,0.00,0.00,0.00,902.87,151.92,218.25,941.22,941.22,1.008,0.080,0.539,-4.219,-0.594,0.266,9831,157.5,0,-0.9494,-0.0378,0.0043,-0.3118,36.3,-1.8,0.0
2375138,2026-09-11_09-03-13.138-240,v5.1.3,3.42,12.0,200,1200,1256,3496,687,1104,3676,15674.16,15399.85,45416.24,16566.64,15625.75,45484.77,0.00,0.00,0.00,892.47,225.91,68.53,923.17,923.17,1.005,0.081,0.538,-4.297,-1.094,-0.172,9831,155.2,0,-0.9494,-0.0380,0.0043,-0.3118,36.3,-1.8,0.0
2375169,2026-09-11_09-03-13.169-240,v5.1.3,3.42,12.0,200,1192,1259,3497,690,1104,3678,15567.99,15440.47,45428.85,16610.60,15627.10,45503.93,0.00,0.00,0.00,1042.60,186.63,75.08,1061.83,1061.83,1.004,0.078,0.541,-4.031,-1.016,0.297,9831,172.9,0,-0.9494,-0.0379,0.0044,-0.3118,36.3,-1.8,0.0
2375193,2026-09-11_09-03-13.193-240,v5.1.3,3.42,12.0,200,1202,1256,3493,688,1096,3686,15700.62,15400.39,45377.15,16605.40,15525.25,45612.77,0.00,0.00,0.00,904.78,124.86,235.62,943.26,943.26,1.002,0.077,0.539,-4.438,-1.031,0.297,9831,157.8,0,-0.9494,-0.0379,0.0043,-0.3119,36.3,-1.8,0.0
2375228,2026-09-11_09-03-13.228-240,v5.1.3,3.42,12.0,200,1201,1252,3495,709,1093,3679,15687.82,15347.13,45403.76,16867.80,15487.55,45477.52,0.00,0.00,0.00,1179.97,140.42,73.75,1190.59,1190.59,1.005,0.079,0.542,-4.578,-0.688,0.141,9831,189.3,0,-0.9494,-0.0378,0.0041,-0.3118,36.3,-1.8,0.0
2375253,2026-09-11_09-03-13.254-240,v5.1.3,3.42,12.0,200,1199,1251,3494,693,1088,3680,15661.46,15334.53,45390.86,16661.36,15419.50,45526.32,0.00,0.00,0.00,999.90,84.96,135.45,1012.60,1012.60,1.003,0.078,0.539,-4.125,-0.953,-0.344,9837,166.6,0,-0.9494,-0.0378,0.0042,-0.3118,36.3,-1.8,0.0
2375283,2026-09-11_09-03-13.283-240,v5.1.3,3.42,12.0,200,1194,1268,3499,690,1103,3682,15593.49,15558.46,45453.68,16619.90,15615.55,45555.56,0.00,0.00,0.00,1026.40,57.08,101.88,1033.03,1033.03,1.006,0.078,0.536,-3.828,-0.828,0.422,9837,169.2,0,-0.9494,-0.0378,0.0044,-0.3119,36.3,-1.8,0.0
2375314,2026-09-11_09-03-13.315-240,v5.1.3,3.42,12.0,200,1197,1260,3492,675,1089,3677,15634.04,15454.32,45363.55,16417.15,15427.90,45526.84,0.00,0.00,0.00,783.12,-26.42,163.29,800.40,800.40,1.003,0.078,0.538,-4.234,-0.656,0.172,9837,139.6,0,-0.9494,-0.0378,0.0044,-0.3119,36.3,-1.8,0.0
2375338,2026-09-11_09-03-13.338-240,v5.1.3,3.42,12.0,200,1190,1254,3499,686,1087,3677,15542.07,15374.17,45455.61,16562.91,15403.94,45503.23,0.00,0.00,0.00,1020.84,29.77,47.62,1022.39,1022.39,1.005,0.077,0.538,-4.141,-0.891,0.219,9837,167.9,0,-0.9494,-0.0377,0.0045,-0.3119,36.3,-1.8,0.0
2375387,2026-09-11_09-03-13.388-240,v5.1.3,3.42,12.0,200,1192,1256,3496,679,1091,3680,15568.31,15401.13,45416.23,16475.65,15455.93,45556.28,0.00,0.00,0.00,907.34,54.80,140.04,919.72,919.72,1.007,0.078,0.538,-4.219,-0.859,-0.203,9825,154.8,0,-0.9494,-0.0377,0.0043,-0.3118,36.3,-1.8,0.0
2375409,2026-09-11_09-03-13.410-240,v5.1.3,3.42,12.0,200,1190,1258,3497,686,1089,3678,15541.64,15427.58,45428.99,16564.28,15430.43,45515.69,0.00,0.00,0.00,1022.64,2.85,86.70,1026.32,1026.32,1.005,0.078,0.539,-3.906,-0.719,0.297,9825,168.4,0,-0.9494,-0.0377,0.0042,-0.3119,36.3,-1.8,0.0
2375438,2026-09-11_09-03-13.438-240,v5.1.3,3.42,12.0,200,1191,1255,3497,677,1093,3678,15555.19,15387.79,45429.40,16444.02,15480.90,45534.53,0.00,0.00,0.00,888.83,93.11,105.13,899.85,899.85,1.006,0.081,0.537,-4.078,-0.953,0.156,9825,152.2,0,-0.9494,-0.0378,0.0043,-0.3119,36.3,-1.8,0.0
2375469,2026-09-11_09-03-13.470-240,v5.1.3,3.42,12.0,200,1194,1260,3492,690,1101,3672,15594.34,15454.80,45363.55,16598.56,15585.66,45427.39,0.00,0.00,0.00,1004.22,130.86,63.84,1014.72,1014.72,1.005,0.075,0.535,-4.203,-0.828,-0.203,9825,166.9,0,-0.9493,-0.0377,0.0044,-0.3120,36.3,-1.8,0.0
2375493,2026-09-11_09-03-13.493-240,v5.1.3,3.42,12.0,200,1205,1256,3493,688,1096,3681,15740.31,15399.91,45377.15,16594.31,15523.37,45548.48,0.00,0.00,0.00,853.99,123.46,171.33,879.72,879.72,1.005,0.078,0.537,-3.969,-0.812,3.812,9825,149.7,0,-0.9492,-0.0376,0.0045,-0.3125,36.4,-1.8,0.0
2375528,2026-09-11_09-03-13.528-240,v5.1.3,3.42,12.0,200,1196,1267,3495,714,1095,3678,15620.06,15546.08,45401.70,16930.60,15514.27,45453.34,0.00,0.00,0.00,1310.54,-31.81,51.65,1311.94,1311.94,1.008,0.079,0.540,-4.453,-0.781,0.766,9829,204.8,0,-0.9492,-0.0376,0.0045,-0.3125,36.4,-1.8,0.0
2375552,2026-09-11_09-03-13.553-240,v5.1.3,3.42,12.0,200,1191,1260,3494,689,1092,3679,15554.65,15454.70,45389.62,16604.75,15470.57,45521.39,0.00,0.00,0.00,1050.10,15.87,131.77,1058.45,1058.45,1.003,0.079,0.541,-3.922,-1.250,0.281,9829,172.5,0,-0.9492,-0.0376,0.0044,-0.3125,36.4,-1.8,0.0
2375583,2026-09-11_09-03-13.583-240,v5.1.3,3.42,12.0,200,1202,1264,3501,689,1090,3680,15699.77,15503.76,45480.31,16607.82,15444.83,45534.64,0.00,0.00,0.00,908.04,-58.93,54.34,911.57,911.57,1.005,0.081,0.539,-4.281,-1.375,0.031,9829,153.7,0,-0.9492,-0.0377,0.0044,-0.3125,36.4,-1.8,0.0
2375614,2026-09-11_09-03-13.615-240,v5.1.3,3.42,12.0,200,1196,1251,3492,693,1103,3679,15621.77,15335.59,45364.79,16652.76,15615.00,45510.44,0.00,0.00,0.00,1030.99,279.41,145.64,1078.07,1078.07,1.001,0.078,0.535,-4.500,-0.719,-0.203,9829,175.0,0,-0.9492,-0.0378,0.0044,-0.3124,36.4,-1.8,0.0
2375638,2026-09-11_09-03-13.638-240,v5.1.3,3.42,12.0,200,1199,1254,3492,686,1095,3681,15661.14,15374.74,45364.38,16568.39,15509.92,45553.05,0.00,0.00,0.00,907.25,135.18,188.66,936.46,936.46,1.005,0.079,0.538,-4.141,-0.750,-0.156,9829,156.9,0,-0.9492,-0.0379,0.0044,-0.3125,36.4,-1.8,0.0
2375668,2026-09-11_09-03-13.668-240,v5.1.3,3.42,12.0,200,1193,1272,3498,683,1102,3677,15579.83,15611.75,45440.10,16517.01,15599.23,45506.76,0.00,0.00,0.00,937.18,-12.52,66.66,939.63,939.63,1.003,0.076,0.534,-4.156,-0.516,0.328,9840,157.3,0,-0.9492,-0.0376,0.0045,-0.3124,36.4,-1.8,0.0
2375692,2026-09-11_09-03-13.692-240,v5.1.3,3.42,12.0,200,1190,1263,3494,687,1101,3678,15541.10,15494.50,45389.20,16572.35,15587.33,45511.09,0.00,0.00,0.00,1031.25,92.84,121.88,1042.57,1042.57,1.005,0.081,0.537,-3.953,-0.891,0.141,9840,170.4,0,-0.9492,-0.0377,0.0046,-0.3123,36.4,-1.8,0.0
2375718,2026-09-11_09-03-13.719-240,v5.1.3,3.42,12.0,200,1202,1253,3493,689,1094,3683,15700.94,15360.76,45377.56,16612.77,15498.20,45572.41,0.00,0.00,0.00,911.83,137.44,194.86,942.49,942.49,1.006,0.078,0.534,-3.922,-0.812,0.000,9840,157.7,0,-0.9492,-0.0378,0.0048,-0.3124,36.4,-1.9,0.0
2375748,2026-09-11_09-03-13.748-240,v5.1.3,3.42,12.0,200,1188,1262,3491,681,1098,3678,15514.74,15482.47,45350.24,16494.59,15546.98,45524.79,0.00,0.00,0.00,979.85,64.51,174.55,997.36,997.36,1.007,0.080,0.538,-4.281,-0.531,-0.328,9840,164.7,0,-0.9492,-0.0379,0.0047,-0.3124,36.4,-1.9,0.0
2375773,2026-09-11_09-03-13.773-240,v5.1.3,3.42,12.0,200,1196,1252,3494,687,1092,3683,15621.66,15348.22,45390.72,16587.28,15471.69,45577.18,0.00,0.00,0.00,965.61,123.46,186.46,991.17,991.17,1.005,0.082,0.536,-3.922,-0.953,0.266,9840,163.9,0,-0.9492,-0.0380,0.0047,-0.3124,36.4,-1.9,0.0
2375817,2026-09-11_09-03-13.819-240,v5.1.3,3.42,12.0,200,1192,1265,3497,685,1093,3678,15567.35,15519.73,45428.03,16549.41,15482.47,45517.07,0.00,0.00,0.00,982.06,-37.26,89.04,986.79,986.79,1.003,0.077,0.536,-4.938,-0.625,0.344,9828,163.3,0,-0.9492,-0.0376,0.0046,-0.3123,36.4,-1.8,0.0
2375843,2026-09-11_09-03-13.844-240,v5.1.3,3.42,12.0,200,1198,1251,3494,682,1094,3678,15648.23,15334.69,45390.86,16509.46,15494.94,45523.41,0.00,0.00,0.00,861.23,160.25,132.55,885.98,885.98,1.004,0.075,0.539,-4.172,-0.625,0.266,9828,150.5,0,-0.9493,-0.0375,0.0046,-0.3122,36.4,-1.8,0.0
2375868,2026-09-11_09-03-13.868-240,v5.1.3,3.42,12.0,200,1203,1254,3497,692,1090,3684,15714.07,15372.66,45429.55,16656.21,15446.93,45579.52,0.00,0.00,0.00,942.14,74.27,149.97,956.89,956.89,1.005,0.079,0.537,-3.938,-1.000,0.406,9828,159.5,0,-0.9492,-0.0374,0.0047,-0.3123,36.4,-1.8,0.0
2375903,2026-09-11_09-03-13.903-240,v5.1.3,3.42,12.0,200,1188,1256,3495,682,1098,3671,15515.39,15402.06,45403.20,16492.22,15544.54,45432.61,0.00,0.00,0.00,976.84,142.48,29.41,987.61,987.61,1.008,0.079,0.538,-4.719,-0.938,3.984,9828,163.4,0,-0.9492,-0.0371,0.0047,-0.3125,36.4,-1.8,0.0
2375928,2026-09-11_09-03-13.929-240,v5.1.3,3.42,12.0,200,1176,1265,3493,679,1106,3675,15355.65,15523.44,45375.88,16458.18,15649.93,45488.97,0.00,0.00,0.00,1102.53,126.48,113.09,1115.51,1115.51,1.006,0.080,0.538,-4.438,-0.906,0.109,9828,179.7,0,-0.9492,-0.0371,0.0045,-0.3124,36.4,-1.8,0.0
2375958,2026-09-11_09-03-13.958-240,v5.1.3,3.42,12.0,200,1191,1259,3493,684,1093,3676,15554.76,15441.78,45376.72,16531.79,15481.52,45493.54,0.00,0.00,0.00,977.04,39.74,116.81,984.80,984.80,1.005,0.078,0.538,-4.297,-0.812,-0.141,9832,163.1,0,-0.9492,-0.0374,0.0046,-0.3124,36.4,-1.8,0.0
2375987,2026-09-11_09-03-14.988-240,v5.1.3,3.42,12.0,200,1190,1259,3491,684,1083,3684,15541.52,15442.52,45350.66,16553.80,15353.95,45598.40,0.00,0.00,0.00,1012.28,-88.57,247.75,1045.91,1045.91,1.004,0.079,0.539,-4.062,-0.688,0.266,9832,170.9,0,-0.9492,-0.0373,0.0044,-0.3124,36.4,-1.8,0.0
2376013,2026-09-11_09-03-14.013-240,v5.1.3,3.42,12.0,200,1187,1253,3502,691,1085,3677,15502.49,15360.58,45494.84,16629.63,15378.80,45492.71,0.00,0.00,0.00,1127.15,18.22,-2.12,1127.30,1127.30,1.005,0.077,0.538,-4.469,-1.109,0.250,9832,181.3,0,-0.9493,-0.0378,0.0044,-0.3122,36.3,-1.8,0.0
2376043,2026-09-11_09-03-14.043-240,v5.1.3,3.42,12.0,200,1191,1249,3492,684,1092,3682,15555.83,15309.97,45365.06,16545.53,15470.72,45570.88,0.00,0.00,0.00,989.71,160.75,205.81,1023.58,1023.58,1.003,0.078,0.536,-4.234,-1.000,-0.219,9832,168.0,0,-0.9493,-0.0379,0.0044,-0.3121,36.3,-1.8,0.0
2376069,2026-09-11_09-03-14.070-240,v5.1.3,3.42,12.0,200,1196,1252,3497,693,1088,3676,15621.67,15347.36,45429.82,16652.49,15417.99,45474.89,0.00,0.00,0.00,1030.82,70.63,45.07,1034.22,1034.22,1.004,0.077,0.538,-4.344,-1.219,0.250,9832,169.4,0,-0.9493,-0.0380,0.0045,-0.3120,36.3,-1.9,0.0
2376098,2026-09-11_09-03-14.098-240,v5.1.3,3.42,12.0,200,1195,1269,3495,687,1093,3688,15606.61,15572.66,45401.42,16597.95,15486.63,45641.27,0.00,0.00,0.00,991.33,-86.03,239.85,1023.56,1023.56,1.007,0.078,0.543,-4.344,-0.484,-0.125,9832,168.0,0,-0.9493,-0.0379,0.0043,-0.3119,36.3,-1.8,0.0
2376129,2026-09-11_09-03-14.129-240,v5.1.3,3.42,12.0,200,1193,1253,3495,687,1105,3662,15581.87,15361.63,45403.62,16535.14,15633.53,45304.57,0.00,0.00,0.00,953.28,271.91,-99.05,996.24,996.24,1.006,0.077,0.538,-4.125,-0.938,-0.562,9831,164.5,0,-0.9493,-0.0379,0.0043,-0.3119,36.3,-1.8,0.0
2376153,2026-09-11_09-03-14.155-240,v5.1.3,3.42,12.0,200,1187,1258,3501,685,1092,3677,15501.95,15426.91,45481.12,16547.61,15469.03,45504.41,0.00,0.00,0.00,1045.66,42.12,23.29,1046.77,1046.77,1.006,0.079,0.538,-3.984,-1.094,0.016,9831,171.0,0,-0.9493,-0.0380,0.0044,-0.3119,36.3,-1.8,0.0
2376188,2026-09-11_09-03-14.188-240,v5.1.3,3.42,12.0,200,1190,1253,3499,682,1099,3677,15542.18,15360.96,45455.74,16505.11,15559.86,45509.55,0.00,0.00,0.00,962.94,198.90,53.80,984.74,984.74,1.005,0.078,0.541,-4.234,-0.812,0.375,9831,163.1,0,-0.9494,-0.0378,0.0043,-0.3118,36.3,-1.8,0.0
2376228,2026-09-11_09-03-14.228-240,v5.1.3,3.42,12.0,200,1197,1270,3501,682,1103,3675,15632.98,15583.82,45479.48,16498.97,15611.34,45483.03,0.00,0.00,0.00,866.00,27.52,3.55,866.44,866.44,1.008,0.080,0.539,-4.047,-0.797,0.500,9831,148.0,0,-0.9494,-0.0378,0.0042,-0.3119,36.3,-1.8,0.0
2376258,2026-09-11_09-03-14.258-240,v5.1.3,3.42,12.0,200,1195,1260,3495,694,1094,3681,15607.58,15453.77,45402.66,16674.20,15498.43,45535.78,0.00,0.00,0.00,1066.63,44.65,133.12,1075.83,1075.83,1.005,0.080,0.538,-4.484,-0.797,0.234,9834,174.7,0,-0.9494,-0.0378,0.0042,-0.3119,36.3,-1.8,0.0
2376289,2026-09-11_09-03-14.289-240,v5.1.3,3.42,12.0,200,1196,1252,3494,690,1083,3680,15621.66,15348.22,45390.72,16623.97,15353.62,45533.87,0.00,0.00,0.00,1002.30,5.39,143.15,1012.49,1012.49,1.003,0.079,0.541,-3.969,-0.625,0.344,9834,166.6,0,-0.9493,-0.0378,0.0040,-0.3119,36.3,-1.8,0.0
2376313,2026-09-11_09-03-14.313-240,v5.1.3,3.42,12.0,200,1201,1250,3493,692,1093,3684,15688.03,15321.29,45377.97,16654.94,15486.11,45578.92,0.00,0.00,0.00,966.90,164.81,200.95,1001.22,1001.22,1.006,0.077,0.537,-3.984,-0.875,-0.062,9834,165.2,0,-0.9493,-0.0378,0.0042,-0.3119,36.3,-1.8,0.0
2376348,2026-09-11_09-03-14.348-240,v5.1.3,3.42,12.0,200,1193,1250,3495,691,1091,3679,15582.19,15322.00,45404.03,16631.52,15457.91,45517.22,0.00,0.00,0.00,1049.33,135.91,113.19,1064.13,1064.13,1.004,0.077,0.539,-4.281,-0.766,-0.203,9834,173.2,0,-0.9494,-0.0379,0.0040,-0.3119,36.3,-1.8,0.0
2376371,2026-09-11_09-03-14.372-240,v5.1.3,3.42,12.0,200,1195,1253,3498,685,1086,3682,15608.33,15360.45,45442.71,16561.26,15392.57,45569.90,0.00,0.00,0.00,952.93,32.12,127.18,961.92,961.92,1.004,0.077,0.539,-3.938,-1.359,0.719,9834,160.2,0,-0.9494,-0.0377,0.0043,-0.3119,36.3,-1.8,0.0
2376403,2026-09-11_09-03-14.403-240,v5.1.3,3.42,12.0,200,1191,1257,3502,688,1102,3675,15554.98,15412.78,45494.30,16578.44,15599.46,45470.13,0.00,0.00,0.00,1023.46,186.68,-24.17,1040.62,1040.62,1.006,0.078,0.534,-4.250,-0.562,-0.656,9830,170.2,0,-0.9494,-0.0378,0.0046,-0.3119,36.3,-1.9,0.0
2376434,2026-09-11_09-03-14.435-240,v5.1.3,3.42,12.0,200,1197,1270,3485,694,1098,3674,15632.95,15588.42,45270.95,16656.97,15548.02,45444.98,0.00,0.00,0.00,1024.01,-40.40,174.03,1039.48,1039.48,1.008,0.079,0.537,-4.344,-0.562,0.797,9830,170.0,0,-0.9493,-0.0377,0.0047,-0.3120,36.3,-1.9,0.0
2376463,2026-09-11_09-03-14.463-240,v5.1.3,3.42,12.0,200,1193,1257,3497,690,1085,3678,15581.44,15413.89,45429.13,16618.68,15378.98,45507.76,0.00,0.00,0.00,1037.24,-34.91,78.63,1040.80,1040.80,1.004,0.081,0.538,-4.312,-0.891,0.406,9830,170.2,0,-0.9493,-0.0376,0.0046,-0.3119,36.3,-1.8,0.0
2376498,2026-09-11_09-03-14.498-240,v5.1.3,3.42,12.0,200,1190,1251,3494,685,1095,3677,15542.38,15335.98,45390.86,16546.34,15508.21,45503.80,0.00,0.00,0.00,1003.95,172.23,112.95,1024.86,1024.86,1.003,0.079,0.539,-3.969,-0.859,0.031,9830,168.2,0,-0.9493,-0.0379,0.0045,-0.3120,36.3,-1.8,0.0
2376520,2026-09-11_09-03-14.520-240,v5.1.3,3.42,12.0,200,1197,1264,3491,682,1105,3682,15633.60,15507.44,45349.98,16513.66,15640.10,45572.62,0.00,0.00,0.00,880.05,132.65,222.65,917.42,917.42,1.005,0.075,0.535,-4.297,-0.703,0.062,9830,154.5,0,-0.9493,-0.0378,0.0046,-0.3119,36.3,-1.9,0.0
2376552,2026-09-11_09-03-14.554-240,v5.1.3,3.42,12.0,200,1192,1252,3493,685,1098,3678,15568.74,15349.15,45377.69,16547.28,15547.76,45516.06,0.00,0.00,0.00,978.54,198.61,138.37,1008.04,1008.04,1.006,0.077,0.539,-4.234,-0.828,0.094,9828,166.0,0,-0.9493,-0.0377,0.0046,-0.3120,36.3,-1.8,0.0
2376579,2026-09-11_09-03-14.580-240,v5.1.3,3.42,12.0,200,1197,1254,3494,687,1093,3675,15634.68,15374.48,45390.45,16569.10,15481.73,45474.12,0.00,0.00,0.00,934.42,107.25,83.68,944.27,944.27,1.008,0.080,0.538,-4.422,-1.016,0.375,9828,157.9,0,-0.9493,-0.0378,0.0047,-0.3120,36.3,-1.9,0.0
2376604,2026-09-11_09-03-14.604-240,v5.1.3,3.42,12.0,200,1200,1260,3491,685,1097,3679,15673.73,15454.12,45350.53,16549.92,15535.08,45529.11,0.00,0.00,0.00,876.20,80.96,178.59,897.87,897.87,1.006,0.077,0.540,-4.391,-0.953,0.438,9828,152.0,0,-0.9493,-0.0376,0.0046,-0.3120,36.3,-1.8,0.0
2376648,2026-09-11_09-03-14.648-240,v5.1.3,3.42,12.0,200,1199,1266,3493,688,1094,3676,15659.86,15532.97,45375.77,16584.06,15495.36,45484.60,0.00,0.00,0.00,924.21,-37.60,108.83,931.35,931.35,1.004,0.080,0.541,-3.812,-0.938,-0.141,9828,156.3,0,-0.9494,-0.0375,0.0047,-0.3119,36.3,-1.8,0.0
2376673,2026-09-11_09-03-14.674-240,v5.1.3,3.42,12.0,200,1191,1255,3496,686,1092,3675,15555.19,15388.08,45416.37,16556.35,15468.48,45476.51,0.00,0.00,0.00,1001.16,80.39,60.14,1006.18,1006.18,1.005,0.079,0.537,-4.672,-1.031,0.266,9845,165.8,0,-0.9494,-0.0377,0.0047,-0.3118,36.3,-1.9,0.0
2376703,2026-09-11_09-03-14.703-240,v5.1.3,3.42,12.0,200,1188,1250,3500,684,1094,3682,15516.04,15321.36,45469.19,16544.68,15496.84,45570.47,0.00,0.00,0.00,1028.65,175.48,101.29,1048.41,1048.41,1.007,0.078,0.539,-3.797,-0.781,0.203,9845,171.2,0,-0.9494,-0.0378,0.0047,-0.3119,36.3,-1.9,0.0
2376734,2026-09-11_09-03-14.734-240,v5.1.3,3.42,12.0,200,1195,1253,3495,684,1096,3680,15608.33,15361.31,45403.62,16539.39,15522.21,45544.36,0.00,0.00,0.00,931.07,160.90,140.74,955.29,955.29,1.007,0.080,0.538,-4.016,-0.719,0.000,9845,159.3,0,-0.9493,-0.0379,0.0047,-0.3119,36.3,-1.9,0.0
2376758,2026-09-11_09-03-14.758-240,v5.1.3,3.42,12.0,200,1201,1253,3487,684,1096,3677,15687.70,15362.65,45299.36,16532.74,15521.07,45505.79,0.00,0.00,0.00,845.04,158.43,206.43,884.19,884.19,1.005,0.078,0.538,-4.188,-1.078,0.328,9845,150.2,0,-0.9493,-0.0378,0.0047,-0.3120,36.3,-1.9,0.0
2376793,2026-09-11_09-03-14.793-240,v5.1.3,3.42,12.0,200,1192,1252,3494,682,1091,3676,15568.74,15348.87,45390.72,16506.30,15455.01,45498.30,0.00,0.00,0.00,937.56,106.14,107.59,949.66,949.66,1.006,0.078,0.540,-4.375,-0.844,0.000,9845,158.6,0,-0.9493,-0.0377,0.0046,-0.3119,36.3,-1.9,0.0
2376816,2026-09-11_09-03-14.817-240,v5.1.3,3.42,12.0,200,1193,1250,3498,695,1085,3679,15582.19,15321.14,45443.13,16686.77,15380.34,45509.70,0.00,0.00,0.00,1104.58,59.20,66.57,1108.16,1108.16,1.005,0.077,0.541,-4.094,-0.891,0.188,9845,178.8,0,-0.9493,-0.0376,0.0046,-0.3120,36.3,-1.8,0.0
2376843,2026-09-11_09-03-14.843-240,v5.1.3,3.42,12.0,200,1194,1261,3494,681,1102,3678,15594.24,15467.43,45389.48,16492.88,15599.22,45523.98,0.00,0.00,0.00,898.65,131.78,134.50,918.16,918.16,1.003,0.078,0.539,-0.172,-1.141,-0.109,9840,154.6,0,-0.9492,-0.0378,0.0045,-0.3124,36.4,-1.8,0.0
2376875,2026-09-11_09-03-14.876-240,v5.1.3,3.42,12.0,200,1194,1270,3494,679,1100,3680,15593.27,15586.32,45388.24,16471.82,15573.46,45554.46,0.00,0.00,0.00,878.55,-12.86,166.22,894.23,894.23,1.005,0.079,0.537,-4.359,-0.578,0.484,9840,151.5,0,-0.9492,-0.0375,0.0045,-0.3124,36.4,-1.8,0.0
2376897,2026-09-11_09-03-14.898-240,v5.1.3,3.42,12.0,200,1195,1259,3497,682,1102,3679,15607.69,15439.99,45428.86,16508.28,15599.79,45534.66,0.00,0.00,0.00,900.59,159.80,105.80,920.75,920.75,1.005,0.079,0.538,-4.266,-0.531,-0.078,9840,154.9,0,-0.9492,-0.0376,0.0045,-0.3124,36.4,-1.8,0.0
2376928,2026-09-11_09-03-14.928-240,v5.1.3,3.42,12.0,200,1191,1250,3495,678,1086,3682,15555.72,15322.32,45404.03,16469.04,15391.19,45585.18,0.00,0.00,0.00,913.32,68.88,181.16,933.66,933.66,1.005,0.076,0.539,-3.781,-0.922,0.578,9840,156.6,0,-0.9492,-0.0375,0.0045,-0.3125,36.4,-1.8,0.0
2376958,2026-09-11_09-03-14.960-240,v5.1.3,3.42,12.0,200,1194,1250,3495,687,1089,3681,15595.42,15321.84,45404.03,16584.11,15431.76,45552.07,0.00,0.00,0.00,988.70,109.92,148.04,1005.74,1005.74,1.005,0.078,0.538,-4.125,-0.453,-0.188,9840,165.7,0,-0.9492,-0.0376,0.0044,-0.3125,36.4,-1.8,0.0
2376983,2026-09-11_09-03-15.983-240,v5.1.3,3.42,12.0,200,1197,1254,3492,683,1085,3683,15634.68,15375.06,45364.38,16537.56,15379.49,45587.33,0.00,0.00,0.00,902.88,4.43,222.95,930.01,930.01,1.002,0.077,0.538,-3.844,-1.078,-3.906,9833,156.1,0,-0.9491,-0.0379,0.0041,-0.3127,36.4,-1.8,0.0
2377013,2026-09-11_09-03-15.013-240,v5.1.3,3.42,12.0,200,1193,1269,3505,688,1105,3675,15580.16,15570.11,45531.74,16577.17,15638.63,45469.52,0.00,0.00,0.00,997.00,68.53,-62.22,1001.29,1001.29,1.005,0.078,0.539,-3.953,-0.750,-0.219,9833,165.2,0,-0.9491,-0.0378,0.0042,-0.3126,36.4,-1.8,0.0
2377050,2026-09-11_09-03-15.051-240,v5.1.3,3.42,12.0,200,1190,1242,3493,686,1100,3680,15543.35,15217.38,45379.06,16564.04,15574.83,45539.18,0.00,0.00,0.00,1020.69,357.45,160.12,1093.26,1093.26,1.007,0.079,0.539,-4.000,-0.859,0.125,9833,176.9,0,-0.9492,-0.0376,0.0045,-0.3125,36.4,-1.8,0.0
2377083,2026-09-11_09-03-15.083-240,v5.1.3,3.42,12.0,200,1192,1254,3494,678,1098,3680,15568.53,15375.29,45390.44,16459.50,15547.15,45557.05,0.00,0.00,0.00,890.98,171.86,166.61,922.57,922.57,1.006,0.078,0.539,-4.234,-1.109,0.031,9833,155.1,0,-0.9492,-0.0375,0.0044,-0.3124,36.4,-1.8,0.0
2377108,2026-09-11_09-03-15.109-240,v5.1.3,3.42,12.0,200,1193,1257,3490,682,1091,3681,15581.43,15415.91,45337.90,16517.39,15456.90,45562.59,0.00,0.00,0.00,935.96,40.99,224.69,963.43,963.43,1.009,0.083,0.539,-4.312,-0.875,0.203,9829,160.3,0,-0.9492,-0.0377,0.0045,-0.3124,36.4,-1.8,0.0
2377133,2026-09-11_09-03-15.133-240,v5.1.3,3.42,12.0,200,1199,1268,3491,692,1095,3682,15659.64,15559.96,45349.43,16649.65,15511.47,45552.80,0.00,0.00,0.00,990.01,-48.49,203.38,1011.85,1011.85,1.003,0.078,0.538,-4.484,-0.938,-0.141,9829,166.5,0,-0.9492,-0.0376,0.0045,-0.3123,36.4,-1.8,0.0
2377163,2026-09-11_09-03-15.163-240,v5.1.3,3.42,12.0,200,1192,1272,3498,679,1110,3683,15566.60,15611.91,45440.10,16474.23,15705.18,45591.03,0.00,0.00,0.00,907.62,93.27,150.93,924.80,924.80,1.004,0.083,0.542,-3.844,-1.016,-0.500,9829,155.4,0,-0.9492,-0.0378,0.0044,-0.3123,36.4,-1.8,0.0
2377188,2026-09-11_09-03-15.188-240,v5.1.3,3.42,12.0,200,1191,1256,3498,689,1084,3675,15555.08,15400.72,45442.30,16599.27,15364.59,45471.57,0.00,0.00,0.00,1044.19,-36.12,29.27,1045.22,1045.22,1.005,0.073,0.539,-4.438,-0.984,-0.125,9829,170.8,0,-0.9493,-0.0375,0.0046,-0.3122,36.4,-1.8,0.0
2377213,2026-09-11_09-03-15.213-240,v5.1.3,3.42,12.0,200,1188,1257,3494,682,1096,3678,15515.28,15415.56,45390.03,16508.61,15521.06,45523.01,0.00,0.00,0.00,993.33,105.50,132.98,1007.73,1007.73,1.004,0.079,0.537,-4.328,-0.641,-0.062,9829,166.0,0,-0.9492,-0.0375,0.0046,-0.3123,36.4,-1.8,0.0
2377248,2026-09-11_09-03-15.248-240,v5.1.3,3.42,12.0,200,1189,1252,3497,687,1087,3674,15529.05,15348.48,45429.81,16569.43,15403.00,45462.48,0.00,0.00,0.00,1040.38,54.52,32.66,1042.32,1042.32,1.004,0.079,0.540,-4.250,-0.781,0.609,9829,170.4,0,-0.9492,-0.0373,0.0047,-0.3123,36.4,-1.8,0.0
2377270,2026-09-11_09-03-15.271-240,v5.1.3,3.42,12.0,200,1201,1251,3499,693,1091,3685,15687.93,15332.78,45456.03,16671.18,15460.56,45590.00,0.00,0.00,0.00,983.25,127.79,133.97,1000.53,1000.53,1.002,0.078,0.540,-4.234,-0.812,-0.172,9831,165.1,0,-0.9493,-0.0374,0.0044,-0.3122,36.4,-1.8,0.0
2377298,2026-09-11_09-03-15.298-240,v5.1.3,3.42,12.0,200,1191,1257,3495,685,1102,3677,15554.97,15414.79,45403.07,16543.36,15599.62,45502.39,0.00,0.00,0.00,988.39,184.83,99.33,1010.41,1010.41,1.004,0.076,0.540,-4.109,-0.859,0.562,9831,166.3,0,-0.9493,-0.0371,0.0044,-0.3122,36.4,-1.8,0.0
2377329,2026-09-11_09-03-15.329-240,v5.1.3,3.42,12.0,200,1195,1249,3496,687,1092,3678,15608.76,15308.18,45417.20,16576.18,15469.80,45512.90,0.00,0.00,0.00,967.42,161.62,95.70,985.49,985.49,1.008,0.077,0.538,-4.031,-0.906,0.000,9831,163.2,0,-0.9493,-0.0372,0.0045,-0.3122,36.3,-1.8,0.0
2377352,2026-09-11_09-03-15.354-240,v5.1.3,3.42,12.0,200,1195,1249,3498,691,1082,3679,15608.76,15307.61,45443.27,16635.35,15340.38,45519.04,0.00,0.00,0.00,1026.59,32.77,75.77,1029.90,1029.90,1.004,0.078,0.537,-4.375,-0.969,-0.141,9831,168.8,0,-0.9493,-0.0373,0.0045,-0.3121,36.3,-1.8,0.0
2377388,2026-09-11_09-03-15.388-240,v5.1.3,3.42,12.0,200,1194,1246,3493,696,1091,3673,15595.84,15269.58,45378.52,16684.07,15456.62,45429.16,0.00,0.00,0.00,1088.23,187.05,50.65,1105.35,1105.35,1.002,0.081,0.542,-4.391,-0.500,-0.016,9831,178.5,0,-0.9493,-0.0373,0.0043,-0.3120,36.3,-1.8,0.0
2377414,2026-09-11_09-03-15.415-240,v5.1.3,3.42,12.0,200,1196,1267,3498,688,1107,3681,15620.06,15545.22,45440.79,16589.63,15667.01,45546.27,0.00,0.00,0.00,969.57,121.79,105.47,982.86,982.86,1.003,0.080,0.539,-3.938,-0.812,-3.594,9837,162.8,0,-0.9494,-0.0376,0.0040,-0.3119,36.3,-1.8,0.0
2377461,2026-09-11_09-03-15.463-240,v5.1.3,3.42,12.0,200,1192,1267,3490,694,1107,3672,15567.13,15548.16,45336.52,16648.70,15664.80,45417.45,0.00,0.00,0.00,1081.57,116.63,80.93,1090.85,1090.85,1.005,0.081,0.538,-4.172,-0.906,0.250,9837,176.6,0,-0.9494,-0.0376,0.0040,-0.3119,36.3,-1.8,0.0
2377489,2026-09-11_09-03-15.490-240,v5.1.3,3.42,12.0,200,1192,1261,3497,678,1107,3678,15567.78,15466.89,45428.58,16451.23,15663.92,45529.53,0.00,0.00,0.00,883.46,197.03,100.95,910.77,910.77,1.009,0.076,0.535,-4.000,-0.750,-0.078,9837,153.6,0,-0.9494,-0.0374,0.0043,-0.3119,36.3,-1.8,0.0
2377518,2026-09-11_09-03-15.518-240,v5.1.3,3.42,12.0,200,1197,1252,3496,688,1079,3676,15634.90,15347.49,45416.79,16590.45,15299.48,45487.62,0.00,0.00,0.00,955.55,-48.01,70.83,959.37,959.37,1.003,0.076,0.541,-4.234,-1.078,0.391,9837,159.8,0,-0.9494,-0.0373,0.0043,-0.3119,36.3,-1.8,0.0
2377549,2026-09-11_09-03-15.549-240,v5.1.3,3.42,12.0,200,1190,1253,3493,677,1095,3678,15542.17,15362.68,45377.55,16443.17,15507.02,45534.13,0.00,0.00,0.00,901.00,144.33,156.58,925.82,925.82,1.004,0.078,0.540,-3.891,-1.109,0.406,9840,155.6,0,-0.9494,-0.0373,0.0042,-0.3119,36.3,-1.8,0.0
2377571,2026-09-11_09-03-15.572-240,v5.1.3,3.42,12.0,200,1192,1251,3497,691,1087,3680,15568.85,15334.79,45429.95,16635.44,15406.05,45530.88,0.00,0.00,0.00,1066.59,71.26,100.93,1073.72,1073.72,1.006,0.080,0.538,-4.188,-0.766,0.000,9840,174.4,0,-0.9494,-0.0375,0.0043,-0.3119,36.3,-1.8,0.0
2377603,2026-09-11_09-03-15.603-240,v5.1.3,3.42,12.0,200,1190,1259,3496,683,1099,3678,15541.53,15441.08,45415.82,16520.51,15560.43,45520.22,0.00,0.00,0.00,978.98,119.35,104.40,991.74,991.74,1.004,0.079,0.537,-4.328,-0.875,-0.312,9840,164.0,0,-0.9494,-0.0376,0.0043,-0.3119,36.3,-1.8,0.0
2377632,2026-09-11_09-03-15.633-240,v5.1.3,3.42,12.0,200,1194,1253,3492,688,1085,3680,15595.09,15362.33,45364.52,16596.77,15379.34,45537.84,0.00,0.00,0.00,1001.68,17.01,173.32,1016.70,1016.70,1.005,0.077,0.538,-3.891,-0.828,0.156,9840,167.1,0,-0.9493,-0.0375,0.0045,-0.3120,36.3,-1.8,0.0
2377655,2026-09-11_09-03-15.656-240,v5.1.3,3.42,12.0,200,1190,1256,3498,685,1091,3676,15541.85,15400.88,45442.30,16545.82,15455.60,45491.75,0.00,0.00,0.00,1003.97,54.72,49.46,1006.67,1006.67,1.005,0.079,0.537,-4.125,-0.859,0.031,9840,165.9,0,-0.9493,-0.0375,0.0045,-0.3120,36.3,-1.8,0.0
2377685,2026-09-11_09-03-15.686-240,v5.1.3,3.42,12.0,200,1191,1266,3497,683,1108,3676,15554.01,15533.10,45427.89,16512.24,15677.21,45492.70,0.00,0.00,0.00,958.23,144.11,64.80,971.17,971.17,1.006,0.078,0.537,-4.344,-0.875,0.000,9826,161.3,0,-0.9493,-0.0374,0.0045,-0.3120,36.3,-1.8,0.0
2377711,2026-09-11_09-03-15.712-240,v5.1.3,3.42,12.0,200,1205,1256,3494,693,1098,3681,15740.32,15399.62,45390.18,16659.33,15550.46,45537.16,0.00,0.00,0.00,919.01,150.84,146.98,942.83,942.83,1.005,0.078,0.538,-4.094,-1.094,-0.188,9826,157.7,0,-0.9494,-0.0376,0.0044,-0.3119,36.3,-1.8,0.0
2377738,2026-09-11_09-03-15.738-240,v5.1.3,3.42,12.0,200,1198,1253,3502,685,1092,3669,15648.03,15358.81,45494.85,16529.86,15466.02,45401.55,0.00,0.00,0.00,881.83,107.20,-93.30,893.21,893.21,1.005,0.076,0.539,-7.953,-1.250,0.125,9826,151.4,0,-0.9494,-0.0374,0.0044,-0.3117,36.3,-1.8,0.0
2377772,2026-09-11_09-03-15.773-240,v5.1.3,3.42,12.0,200,1192,1247,3495,683,1097,3677,15569.28,15282.53,45404.44,16519.14,15533.94,45507.77,0.00,0.00,0.00,949.86,251.41,103.32,987.99,987.99,1.005,0.077,0.538,-3.766,-0.891,-0.094,9826,163.5,0,-0.9494,-0.0373,0.0046,-0.3118,36.3,-1.8,0.0
2377794,2026-09-11_09-03-15.795-240,v5.1.3,3.42,12.0,200,1191,1252,3496,694,1085,3677,15555.51,15348.45,45416.79,16669.16,15379.39,45486.16,0.00,0.00,0.00,1113.65,30.94,69.38,1116.23,1116.23,1.007,0.079,0.538,-4.062,-0.719,-3.828,9826,179.8,0,-0.9494,-0.0377,0.0045,-0.3117,36.3,-1.8,0.0
2377823,2026-09-11_09-03-15.823-240,v5.1.3,3.42,12.0,200,1193,1269,3495,689,1105,3677,15580.15,15572.98,45401.41,16594.78,15639.58,45493.05,0.00,0.00,0.00,1014.63,66.60,91.64,1020.93,1020.93,1.005,0.076,0.538,-4.188,-0.859,0.375,9826,167.7,0,-0.9494,-0.0375,0.0045,-0.3118,36.3,-1.8,0.0
2377854,2026-09-11_09-03-15.854-240,v5.1.3,3.42,12.0,200,1193,1268,3495,692,1093,3677,15580.26,15559.77,45401.55,16639.40,15483.47,45488.92,0.00,0.00,0.00,1059.15,-76.31,87.37,1065.48,1065.48,1.004,0.077,0.536,-4.281,-1.094,0.266,9822,173.4,0,-0.9494,-0.0375,0.0046,-0.3119,36.3,-1.8,0.0
2377893,2026-09-11_09-03-15.893-240,v5.1.3,3.42,12.0,200,1188,1268,3496,682,1105,3675,15514.10,15560.29,45414.58,16498.12,15637.46,45482.62,0.00,0.00,0.00,984.02,77.17,68.05,989.38,989.38,1.005,0.079,0.539,-4.031,-1.203,0.234,9822,163.7,0,-0.9494,-0.0374,0.0049,-0.3119,36.3,-1.9,0.0
2377925,2026-09-11_09-03-15.925-240,v5.1.3,3.42,12.0,200,1192,1269,3495,693,1105,3676,15566.92,15573.14,45401.41,16645.25,15639.99,45471.46,0.00,0.00,0.00,1078.33,66.85,70.05,1082.67,1082.67,1.007,0.079,0.535,-4.266,-0.516,-0.016,9822,175.6,0,-0.9494,-0.0375,0.0048,-0.3119,36.3,-1.9,0.0
2377947,2026-09-11_09-03-15.948-240,v5.1.3,3.42,12.0,200,1189,1254,3497,682,1096,3685,15528.84,15374.90,45429.54,16524.14,15523.70,45613.01,0.00,0.00,0.00,995.31,148.79,183.47,1022.95,1022.95,1.005,0.078,0.539,-4.125,-0.938,0.094,9822,167.9,0,-0.9494,-0.0374,0.0046,-0.3119,36.3,-1.8,0.0
2377975,2026-09-11_09-03-16.976-240,v5.1.3,3.42,12.0,200,1191,1248,3494,683,1085,3678,15555.94,15296.19,45391.27,16526.46,15377.61,45523.04,0.00,0.00,0.00,970.53,81.42,131.77,982.81,982.81,0.939,0.028,0.650,-0.859,-1.469,-1.031,9833,162.8,0,-0.9492,-0.0372,0.0045,-0.3124,36.4,-1.8,0.0
2378004,2026-09-11_09-03-16.005-240,v5.1.3,3.42,12.0,200,1191,1262,3494,687,1098,3680,15554.44,15481.12,45389.34,16578.06,15548.91,45537.40,0.00,0.00,0.00,1023.63,67.79,148.06,1036.50,1036.50,1.024,0.205,0.596,-5.391,-1.594,0.141,9833,169.7,0,-0.9491,-0.0386,0.0044,-0.3125,36.4,-1.9,0.0
2378028,2026-09-11_09-03-16.028-240,v5.1.3,3.42,12.0,200,1196,1252,3490,692,1090,3681,15621.66,15349.38,45338.59,16649.56,15445.80,45540.95,0.00,0.00,0.00,1027.90,96.42,202.36,1052.06,1052.06,0.978,0.055,0.554,-9.234,-0.594,2.094,9833,171.7,0,-0.9494,-0.0379,0.0044,-0.3118,36.3,-1.8,0.0
2378063,2026-09-11_09-03-16.063-240,v5.1.3,3.42,12.0,200,1193,1245,3491,679,1084,3684,15582.72,15257.10,45352.59,16487.51,15366.03,45609.12,0.00,0.00,0.00,904.79,108.93,256.53,946.74,946.74,0.981,0.028,0.570,-0.797,-1.219,-1.750,9833,158.2,0,-0.9492,-0.0369,0.0045,-0.3123,36.4,-1.8,0.0
2378087,2026-09-11_09-03-16.087-240,v5.1.3,3.42,12.0,200,1204,1256,3491,687,1100,3684,15727.08,15400.64,45351.08,16586.09,15576.54,45588.43,0.00,0.00,0.00,859.01,175.89,237.35,908.39,908.39,1.007,0.229,0.566,-4.703,-0.562,0.203,9833,153.3,0,-0.9491,-0.0382,0.0041,-0.3125,36.4,-1.8,0.0
2378110,2026-09-11_09-03-16.111-240,v5.1.3,3.42,12.0,200,1191,1252,3495,684,1089,3684,15555.51,15348.74,45403.75,16551.25,15432.30,45597.20,0.00,0.00,0.00,995.74,83.56,193.44,1017.79,1017.79,1.003,0.026,0.527,-7.734,-0.500,1.219,9833,167.3,0,-0.9493,-0.0378,0.0045,-0.3121,36.3,-1.8,0.0
2378143,2026-09-11_09-03-16.143-240,v5.1.3,3.42,12.0,200,1199,1253,3493,690,1094,3678,15661.25,15361.24,45377.55,16614.85,15496.51,45505.95,0.00,0.00,0.00,953.60,135.27,128.39,971.67,971.67,1.003,0.058,0.550,-0.484,-0.562,-1.203,9828,161.4,0,-0.9492,-0.0368,0.0047,-0.3126,36.4,-1.8,0.0
2378169,2026-09-11_09-03-16.170-240,v5.1.3,3.42,12.0,200,1191,1264,3497,686,1106,3678,15554.23,15506.68,45428.16,16557.05,15652.43,45512.27,0.00,0.00,0.00,1002.82,145.75,84.10,1016.84,1016.84,1.003,0.175,0.542,-5.141,-0.141,0.328,9828,167.2,0,-0.9491,-0.0381,0.0044,-0.3126,36.4,-1.8,0.0
2378198,2026-09-11_09-03-16.199-240,v5.1.3,3.42,12.0,200,1202,1257,3501,685,1103,3675,15700.52,15411.30,45481.27,16538.49,15611.93,45476.48,0.00,0.00,0.00,837.97,200.63,-4.79,861.67,861.67,1.006,-0.006,0.539,-5.469,-0.203,0.109,9828,147.4,0,-0.9492,-0.0367,0.0049,-0.3124,36.4,-1.9,0.0
2378229,2026-09-11_09-03-16.230-240,v5.1.3,3.42,12.0,200,1194,1262,3497,686,1103,3673,15594.13,15479.78,45428.44,16547.23,15611.37,45448.58,0.00,0.00,0.00,953.10,131.59,20.14,962.35,962.35,1.005,0.138,0.551,-2.234,-0.719,-0.562,9828,160.2,0,-0.9491,-0.0369,0.0051,-0.3128,36.4,-1.9,0.0
