time_ms,timestamp,version,voltage,audio_gain,cc,refX_raw,refY_raw,refZ_raw,tipX_raw,tipY_raw,tipZ_raw,refX_cal,refY_cal,refZ_cal,tipX_cal,tipY_cal,tipZ_cal,calOffsetX,calOffsetY,calOffsetZ,gradX,gradY,gradZ,mag,nT,accX,accY,accZ,gyrX,gyrY,gyrZ,imu_temp,freq,is_muted,QW,QX,QY,QZ,Azimuth,Elevation,Declination
835106,2026-09-17_13-40-28.107-240,v5.1.4,3.43,17.0,3200,-1435,54026,30882,-4895,53983,30377,-1645.15,44158.97,24678.46,-1469.75,44802.64,24217.88,0.00,0.00,0.00,175.40,643.67,-460.58,810.69,810.69,0.383,0.119,1.000,-3.719,-0.703,0.156,8360,346.2,0,0.9300,0.1090,0.3201,-0.1443,345.2,38.8,0.0
835214,2026-09-17_13-40-28.215-240,v5.1.4,3.43,17.0,3200,-1457,54024,30736,-4994,53972,30334,-1662.98,44159.93,24559.35,-1557.15,44790.93,24198.21,0.00,0.00,0.00,105.83,631.00,-361.14,734.70,734.70,0.383,0.115,1.003,-3.484,-0.562,0.250,8361,332.3,0,0.9299,0.1087,0.3203,-0.1444,345.2,38.8,0.0
835323,2026-09-17_13-40-28.325-240,v5.1.4,3.43,17.0,3200,-1503,53999,30702,-4949,53960,30189,-1700.69,44140.31,24531.95,-1540.92,44778.11,24075.89,0.00,0.00,0.00,159.76,637.80,-456.06,800.19,800.19,0.385,0.115,1.005,-3.797,-0.422,0.047,8354,344.4,0,0.9298,0.1083,0.3205,-0.1447,345.1,38.9,0.0
835431,2026-09-17_13-40-28.431-240,v5.1.4,3.43,17.0,3200,-1213,53975,30807,-4683,53920,30290,-1461.61,44115.76,24617.31,-1306.09,44752.32,24118.24,0.00,0.00,0.00,155.52,636.56,-499.07,823.69,823.69,0.386,0.116,1.001,-3.750,-0.844,0.484,8358,348.5,0,0.9300,0.1081,0.3202,-0.1445,345.2,38.8,0.0
835535,2026-09-17_13-40-28.536-240,v5.1.4,3.43,17.0,3200,-1469,53996,30799,-4975,53957,30346,-1672.83,44135.89,24611.10,-1539.30,44779.29,24205.25,0.00,0.00,0.00,133.52,643.39,-405.84,772.33,772.33,0.382,0.118,0.999,-3.484,-0.516,-0.016,8358,339.3,0,0.9300,0.1084,0.3202,-0.1444,345.2,38.8,0.0
835640,2026-09-17_13-40-29.641-240,v5.1.4,3.43,17.0,3200,-1460,53982,30999,-4974,53963,30408,-1665.72,44120.97,24774.49,-1529.61,44785.82,24254.57,0.00,0.00,0.00,136.11,664.85,-519.92,854.91,854.91,0.383,0.115,0.999,-3.547,-0.359,0.031,8350,354.0,0,0.9299,0.1084,0.3203,-0.1445,345.2,38.8,0.0
835744,2026-09-17_13-40-29.745-240,v5.1.4,3.43,17.0,3200,-1447,53978,30835,-5021,53960,30437,-1654.64,44120.20,24640.62,-1563.96,44783.35,24284.70,0.00,0.00,0.00,90.68,663.14,-355.93,758.07,758.07,0.384,0.115,1.002,-3.734,-0.844,0.500,8362,336.7,0,0.9301,0.1079,0.3201,-0.1444,345.2,38.8,0.0
835849,2026-09-17_13-40-29.850-240,v5.1.4,3.43,17.0,3200,-1516,53997,30910,-5051,53938,30335,-1711.81,44135.39,24701.79,-1602.86,44762.24,24207.91,0.00,0.00,0.00,108.95,626.85,-493.88,805.44,805.44,0.383,0.117,1.003,-3.891,-0.766,0.359,8362,345.3,0,0.9301,0.1075,0.3201,-0.1444,345.1,38.8,0.0
835954,2026-09-17_13-40-29.954-240,v5.1.4,3.43,17.0,3200,-1543,53948,30981,-5063,53924,30450,-1733.91,44094.04,24760.32,-1595.51,44753.57,24301.82,0.00,0.00,0.00,138.40,659.54,-458.50,815.09,815.09,0.383,0.115,1.028,-3.750,-0.750,0.156,8356,347.0,0,0.9299,0.1073,0.3208,-0.1446,345.1,38.9,0.0
836058,2026-09-17_13-40-29.059-240,v5.1.4,3.43,17.0,3200,-1562,53966,30876,-5021,53907,30323,-1749.48,44110.81,24674.46,-1578.98,44737.08,24194.41,0.00,0.00,0.00,170.50,626.27,-480.05,807.30,807.30,0.381,0.115,1.003,-3.766,-0.531,0.203,8360,345.6,0,0.9298,0.1072,0.3210,-0.1447,345.1,38.9,0.0
836163,2026-09-17_13-40-29.164-240,v5.1.4,3.43,17.0,3200,-1494,54066,30883,-4944,54026,30395,-1694.06,44192.61,24678.99,-1508.76,44837.47,24238.78,0.00,0.00,0.00,185.30,644.86,-440.21,802.47,802.47,0.383,0.116,1.001,-4.062,-0.484,0.156,8353,344.8,0,0.9298,0.1070,0.3210,-0.1448,345.1,38.9,0.0
836268,2026-09-17_13-40-29.269-240,v5.1.4,3.43,17.0,3200,-1505,54067,30849,-5008,53971,30319,-1703.06,44194.11,24651.25,-1570.83,44789.51,24188.29,0.00,0.00,0.00,132.24,595.40,-462.96,765.72,765.72,0.383,0.117,1.000,-3.938,-0.531,0.328,8353,338.1,0,0.9298,0.1070,0.3210,-0.1447,345.1,38.9,0.0
836373,2026-09-17_13-40-29.374-240,v5.1.4,3.43,17.0,3200,-1213,54117,30923,-4706,54020,30425,-1462.74,44231.19,24710.53,-1308.37,44837.19,24227.94,0.00,0.00,0.00,154.37,606.00,-482.59,789.91,789.91,0.383,0.116,1.001,-4.062,-0.500,-0.141,8352,342.5,0,0.9297,0.1073,0.3211,-0.1449,345.1,38.9,0.0
836491,2026-09-17_13-40-29.492-240,v5.1.4,3.43,17.0,3200,-1540,54079,30867,-4980,54035,30412,-1732.04,44204.09,24665.89,-1536.17,44844.68,24257.50,0.00,0.00,0.00,195.87,640.59,-408.39,784.54,784.54,0.381,0.115,1.003,-3.734,-0.859,0.281,8354,341.5,0,0.9298,0.1072,0.3209,-0.1448,345.1,38.9,0.0
836596,2026-09-17_13-40-30.596-240,v5.1.4,3.43,17.0,3200,-1553,54088,30854,-5055,54027,30368,-1742.79,44211.87,24655.21,-1604.06,44835.79,24233.46,0.00,0.00,0.00,138.73,623.92,-421.75,765.77,765.77,0.383,0.115,1.001,-3.859,-0.484,-0.062,8364,338.1,0,0.9298,0.1072,0.3209,-0.1450,345.1,38.9,0.0
836700,2026-09-17_13-40-30.701-240,v5.1.4,3.43,17.0,3200,-1415,54044,30853,-4921,53995,30424,-1628.71,44174.11,24654.56,-1484.65,44813.24,24259.08,0.00,0.00,0.00,144.06,639.14,-395.49,765.28,765.28,0.380,0.116,1.002,-3.484,-0.266,0.328,8364,338.0,0,0.9297,0.1075,0.3213,-0.1445,345.1,38.9,0.0
836805,2026-09-17_13-40-30.805-240,v5.1.4,3.43,17.0,3200,-1630,54005,30850,-5152,53950,30331,-1805.75,44144.16,24652.97,-1686.91,44770.32,24219.34,0.00,0.00,0.00,118.84,626.15,-433.63,770.86,770.86,0.384,0.114,1.003,-3.656,-0.656,0.625,8375,339.1,0,0.9298,0.1070,0.3211,-0.1443,345.1,38.9,0.0
836909,2026-09-17_13-40-30.910-240,v5.1.4,3.43,17.0,3200,-1646,54020,30836,-5178,53949,30316,-1819.01,44156.95,24641.42,-1710.47,44768.69,24211.18,0.00,0.00,0.00,108.55,611.74,-430.24,755.72,755.72,0.384,0.118,1.001,-3.531,-0.672,0.281,8358,336.3,0,0.9300,0.1072,0.3208,-0.1440,345.2,38.9,0.0
837014,2026-09-17_13-40-30.014-240,v5.1.4,3.43,17.0,3200,-1548,54003,30847,-5069,53940,30323,-1738.11,44141.71,24650.37,-1619.48,44763.27,24200.93,0.00,0.00,0.00,118.63,621.56,-449.44,776.15,776.15,0.381,0.117,1.003,-3.562,-0.953,0.547,8363,340.0,0,0.9301,0.1071,0.3206,-0.1436,345.2,38.8,0.0
837118,2026-09-17_13-40-30.119-240,v5.1.4,3.43,17.0,3200,-1553,54022,30856,-5072,53972,30368,-1742.38,44157.31,24657.53,-1616.36,44790.55,24236.83,0.00,0.00,0.00,126.01,633.23,-420.70,770.62,770.62,0.382,0.114,1.000,-4.188,-0.766,-0.234,8363,339.0,0,0.9301,0.1068,0.3206,-0.1443,345.1,38.8,0.0
837223,2026-09-17_13-40-30.223-240,v5.1.4,3.43,17.0,3200,-1385,54060,30845,-4884,54002,30344,-1604.06,44187.15,24647.80,-1466.10,44817.50,24189.59,0.00,0.00,0.00,137.96,630.35,-458.21,791.41,791.41,0.384,0.117,0.999,-3.688,-0.844,0.375,8364,342.8,0,0.9302,0.1069,0.3202,-0.1439,345.2,38.8,0.0
837328,2026-09-17_13-40-30.328-240,v5.1.4,3.43,17.0,3200,-1395,54068,30920,-4843,54043,30296,-1612.51,44192.64,24708.96,-1440.63,44850.45,24144.55,0.00,0.00,0.00,171.87,657.81,-564.41,883.64,883.64,0.385,0.115,1.001,-3.703,-1.016,-0.031,8361,358.8,0,0.9304,0.1070,0.3197,-0.1440,345.2,38.7,0.0
837432,2026-09-17_13-40-30.433-240,v5.1.4,3.43,17.0,3200,-1400,54013,30898,-4877,53970,30395,-1616.23,44147.61,24691.59,-1451.91,44792.77,24229.84,0.00,0.00,0.00,164.32,645.17,-461.75,810.22,810.22,0.383,0.118,1.000,-8.000,-0.297,0.531,8361,346.2,0,0.9300,0.1042,0.3208,-0.1460,344.8,38.8,0.0
837536,2026-09-17_13-40-30.537-240,v5.1.4,3.43,17.0,3200,-1419,53993,30830,-4922,53949,30343,-1631.64,44132.39,24636.33,-1495.89,44773.53,24195.21,0.00,0.00,0.00,135.75,641.14,-441.12,789.99,789.99,0.383,0.115,1.004,-3.359,-0.906,0.203,8369,342.5,0,0.9301,0.1052,0.3205,-0.1453,344.9,38.8,0.0
837641,2026-09-17_13-40-31.642-240,v5.1.4,3.43,17.0,3200,-1445,54026,30878,-4943,53987,30411,-1653.39,44159.14,24675.22,-1504.40,44806.01,24252.04,0.00,0.00,0.00,148.98,646.87,-423.18,787.22,787.22,0.383,0.116,1.000,-3.844,-0.516,0.156,8357,342.0,0,0.9301,0.1059,0.3205,-0.1449,345.0,38.8,0.0
837745,2026-09-17_13-40-31.747-240,v5.1.4,3.43,17.0,3200,-1399,54054,30835,-4938,54018,30339,-1615.54,44182.50,24639.73,-1511.75,44829.58,24193.26,0.00,0.00,0.00,103.79,647.08,-446.47,792.99,792.99,0.380,0.116,1.031,-3.938,-0.578,-0.031,8362,343.1,0,0.9297,0.1064,0.3216,-0.1449,345.0,39.0,0.0
837851,2026-09-17_13-40-31.852-240,v5.1.4,3.43,17.0,3200,-1419,54079,30841,-4910,54034,30333,-1632.21,44203.26,24644.41,-1490.08,44842.96,24184.10,0.00,0.00,0.00,142.13,639.70,-460.31,800.81,800.81,0.386,0.116,1.001,-3.688,-0.984,0.516,8362,344.5,0,0.9300,0.1066,0.3208,-0.1444,345.1,38.9,0.0
837966,2026-09-17_13-40-31.966-240,v5.1.4,3.43,17.0,3200,-1296,53997,30794,-4743,53954,30301,-1530.16,44135.01,24606.64,-1354.89,44779.43,24135.29,0.00,0.00,0.00,175.27,644.42,-471.35,817.42,817.42,0.380,0.114,1.003,-3.828,-0.578,-0.047,8360,347.4,0,0.9299,0.1070,0.3211,-0.1443,345.1,38.9,0.0
838070,2026-09-17_13-40-31.071-240,v5.1.4,3.43,17.0,3200,-1527,54003,30699,-4970,53948,30198,-1720.50,44143.91,24529.51,-1556.52,44768.19,24086.35,0.00,0.00,0.00,163.98,624.28,-443.16,782.95,782.95,0.380,0.113,1.003,-3.984,-0.453,0.062,8361,341.3,0,0.9297,0.1069,0.3214,-0.1444,345.1,38.9,0.0
838175,2026-09-17_13-40-31.176-240,v5.1.4,3.43,17.0,3200,-1489,54030,30800,-4957,54009,30290,-1689.54,44164.18,24611.60,-1534.26,44820.64,24157.02,0.00,0.00,0.00,155.27,656.47,-454.58,813.45,813.45,0.381,0.117,1.004,-4.016,-0.469,0.703,8368,346.7,0,0.9297,0.1068,0.3216,-0.1440,345.2,39.0,0.0
838279,2026-09-17_13-40-31.280-240,v5.1.4,3.43,17.0,3200,-1252,54086,30795,-4788,54029,30382,-1494.45,44208.07,24606.44,-1382.39,44842.11,24205.45,0.00,0.00,0.00,112.06,634.04,-400.99,758.52,758.52,0.381,0.115,1.001,-3.672,-0.109,0.016,8368,336.8,0,0.9296,0.1073,0.3220,-0.1437,345.2,39.0,0.0
838384,2026-09-17_13-40-31.385-240,v5.1.4,3.43,17.0,3200,-1411,54031,30951,-4961,53969,30474,-1625.53,44161.73,24734.69,-1509.46,44792.64,24305.33,0.00,0.00,0.00,116.06,630.91,-429.36,771.92,771.92,0.380,0.119,1.004,-3.891,-0.672,0.812,8363,339.2,0,0.9297,0.1071,0.3219,-0.1432,345.3,39.0,0.0
838488,2026-09-17_13-40-31.489-240,v5.1.4,3.43,17.0,3200,-1434,54025,30912,-4951,53956,30416,-1644.38,44157.64,24702.96,-1509.31,44780.67,24257.71,0.00,0.00,0.00,135.07,623.02,-445.26,777.60,777.60,0.383,0.115,1.002,-3.422,-0.797,0.172,8357,340.3,0,0.9299,0.1072,0.3215,-0.1430,345.3,38.9,0.0
838593,2026-09-17_13-40-32.594-240,v5.1.4,3.43,17.0,3200,-1481,54007,30915,-4975,53965,30442,-1683.03,44143.21,24705.70,-1525.53,44788.31,24281.87,0.00,0.00,0.00,157.49,645.09,-423.83,787.77,787.77,0.383,0.117,1.002,-3.766,-0.672,0.031,8357,342.1,0,0.9300,0.1073,0.3212,-0.1430,345.3,38.9,0.0
838697,2026-09-17_13-40-32.698-240,v5.1.4,3.43,17.0,3200,-1370,54001,30967,-4874,53937,30441,-1591.56,44136.26,24747.98,-1441.72,44767.03,24266.70,0.00,0.00,0.00,149.84,630.77,-481.28,807.44,807.44,0.383,0.116,0.999,-3.797,-0.500,0.062,8364,345.7,0,0.9300,0.1075,0.3210,-0.1431,345.3,38.9,0.0
838802,2026-09-17_13-40-32.803-240,v5.1.4,3.43,17.0,3200,-1499,54030,31017,-5005,53972,30542,-1698.22,44160.74,24788.76,-1535.83,44796.13,24366.09,0.00,0.00,0.00,162.39,635.39,-422.67,780.22,780.22,0.380,0.115,1.001,-3.406,-0.578,0.625,8366,340.8,0,0.9301,0.1074,0.3211,-0.1426,345.4,38.9,0.0
838907,2026-09-17_13-40-32.907-240,v5.1.4,3.43,17.0,3200,-1495,54061,30926,-4983,54011,30425,-1694.94,44187.79,24714.15,-1536.01,44825.35,24268.72,0.00,0.00,0.00,158.93,637.56,-445.43,793.82,793.82,0.382,0.116,1.002,-3.828,-0.547,0.047,8361,343.2,0,0.9301,0.1073,0.3210,-0.1427,345.4,38.9,0.0
839011,2026-09-17_13-40-32.012-240,v5.1.4,3.43,17.0,3200,-1251,54061,30902,-4783,54022,30435,-1493.68,44185.66,24694.04,-1370.33,44837.84,24247.20,0.00,0.00,0.00,123.35,652.18,-446.85,800.14,800.14,0.383,0.116,1.003,-3.734,-0.750,-0.469,8361,344.4,0,0.9300,0.1078,0.3209,-0.1430,345.3,38.9,0.0
839116,2026-09-17_13-40-32.116-240,v5.1.4,3.43,17.0,3200,-1330,54013,30871,-4825,53952,30429,-1558.46,44147.32,24669.40,-1403.61,44779.77,24249.68,0.00,0.00,0.00,154.84,632.45,-419.73,774.69,774.69,0.380,0.115,1.001,-3.938,-0.859,0.234,8359,339.8,0,0.9301,0.1075,0.3208,-0.1431,345.3,38.9,0.0
839220,2026-09-17_13-40-32.221-240,v5.1.4,3.43,17.0,3200,-1421,53990,30878,-4913,53919,30384,-1633.37,44129.15,24675.54,-1481.58,44750.21,24227.14,0.00,0.00,0.00,151.79,621.06,-448.41,780.91,780.91,0.385,0.115,1.001,-3.859,-0.906,0.031,8353,340.9,0,0.9302,0.1073,0.3203,-0.1433,345.3,38.8,0.0
839325,2026-09-17_13-40-32.325-240,v5.1.4,3.42,17.0,3200,-1480,53968,30879,-4955,53883,30431,-1681.88,44111.57,24676.71,-1508.17,44721.32,24271.45,0.00,0.00,0.00,173.71,609.75,-405.27,752.47,752.47,0.385,0.113,1.002,-3.641,-0.953,0.500,8372,335.6,0,0.9305,0.1069,0.3199,-0.1431,345.3,38.7,0.0
839438,2026-09-17_13-40-32.439-240,v5.1.4,3.42,17.0,3200,-1462,54008,30885,-4958,54007,30344,-1667.30,44144.33,24681.16,-1527.14,44820.39,24200.36,0.00,0.00,0.00,140.16,676.06,-480.80,841.35,841.35,0.380,0.113,1.002,-3.969,-0.484,0.141,8372,351.6,0,0.9303,0.1067,0.3205,-0.1433,345.3,38.8,0.0
839543,2026-09-17_13-40-32.544-240,v5.1.4,3.42,17.0,3200,-1350,54123,30826,-4790,54049,30375,-1575.56,44239.14,24631.56,-1385.67,44858.25,24199.83,0.00,0.00,0.00,189.88,619.10,-431.73,778.29,778.29,0.383,0.116,1.003,-3.344,-0.844,-0.250,8356,340.4,0,0.9303,0.1074,0.3202,-0.1431,345.3,38.8,0.0
839648,2026-09-17_13-40-33.648-240,v5.1.4,3.42,17.0,3200,-1467,54099,30921,-4902,54068,30459,-1672.08,44218.98,24709.61,-1466.14,44874.13,24283.11,0.00,0.00,0.00,205.93,655.16,-426.50,808.42,808.42,0.382,0.116,1.000,-3.531,-0.406,-0.281,8362,345.8,0,0.9302,0.1079,0.3204,-0.1433,345.3,38.8,0.0
839752,2026-09-17_13-40-33.753-240,v5.1.4,3.42,17.0,3200,-1455,54116,30872,-4911,54066,30367,-1662.19,44233.70,24669.41,-1486.92,44869.98,24210.92,0.00,0.00,0.00,175.27,636.28,-458.49,803.61,803.61,0.384,0.114,1.004,-3.469,-0.562,0.141,8359,345.0,0,0.9302,0.1078,0.3204,-0.1432,345.3,38.8,0.0
839857,2026-09-17_13-40-33.857-240,v5.1.4,3.42,17.0,3200,-1477,54079,30847,-4955,54009,30345,-1680.05,44203.76,24649.43,-1524.59,44822.10,24200.69,0.00,0.00,0.00,155.46,618.34,-448.74,779.66,779.66,0.382,0.118,0.999,-3.828,-0.531,0.172,8359,340.7,0,0.9302,0.1079,0.3204,-0.1432,345.3,38.8,0.0
839961,2026-09-17_13-40-33.962-240,v5.1.4,3.42,17.0,3200,-1526,54066,30837,-4965,54025,30334,-1720.35,44193.70,24641.51,-1534.91,44834.73,24193.11,0.00,0.00,0.00,185.44,641.04,-448.39,803.97,803.97,0.381,0.114,1.002,-3.641,-0.734,0.188,8364,345.0,0,0.9302,0.1077,0.3204,-0.1432,345.3,38.8,0.0
840066,2026-09-17_13-40-33.066-240,v5.1.4,3.42,17.0,3200,-1503,54171,30849,-5002,54101,30328,-1702.08,44280.01,24650.16,-1568.56,44896.11,24192.53,0.00,0.00,0.00,133.51,616.10,-457.63,779.00,779.00,0.383,0.112,1.000,-4.062,-0.797,0.469,8367,340.5,0,0.9303,0.1069,0.3203,-0.1434,345.3,38.8,0.0
840170,2026-09-17_13-40-33.171-240,v5.1.4,3.42,17.0,3200,-1494,54118,30858,-4950,54069,30355,-1694.34,44235.98,24658.04,-1520.85,44871.48,24207.00,0.00,0.00,0.00,173.48,635.51,-451.04,798.38,798.38,0.382,0.115,1.000,-3.922,-0.922,0.094,8367,344.0,0,0.9303,0.1068,0.3201,-0.1435,345.2,38.8,0.0
840275,2026-09-17_13-40-33.276-240,v5.1.4,3.42,17.0,3200,-1507,54121,30872,-5003,54087,30416,-1705.10,44238.37,24669.46,-1556.11,44886.92,24263.25,0.00,0.00,0.00,149.00,648.55,-406.22,779.63,779.63,0.383,0.116,0.998,-3.719,-0.750,0.672,8373,340.7,0,0.9305,0.1067,0.3200,-0.1431,345.3,38.8,0.0
840379,2026-09-17_13-40-33.380-240,v5.1.4,3.42,17.0,3200,-1556,54096,30851,-5025,54066,30350,-1745.31,44218.56,24652.69,-1583.20,44867.69,24214.05,0.00,0.00,0.00,162.11,649.13,-438.64,800.03,800.03,0.383,0.115,1.000,-3.641,-0.844,0.484,8371,344.3,0,0.9306,0.1066,0.3198,-0.1428,345.3,38.7,0.0
840484,2026-09-17_13-40-33.484-240,v5.1.4,3.42,17.0,3200,-1487,54035,30880,-5046,54038,30369,-1688.08,44166.98,24676.85,-1596.85,44844.95,24232.76,0.00,0.00,0.00,91.23,677.98,-444.08,815.59,815.59,0.380,0.113,1.004,-3.969,-0.797,-0.062,8367,347.1,0,0.9304,0.1066,0.3201,-0.1431,345.3,38.8,0.0
840588,2026-09-17_13-40-34.589-240,v5.1.4,3.42,17.0,3200,-1547,54046,30849,-5011,53973,30374,-1737.57,44177.19,24651.55,-1565.33,44792.51,24232.66,0.00,0.00,0.00,172.24,615.32,-418.89,764.04,764.04,0.380,0.115,1.002,-3.828,-0.609,0.578,8367,337.8,0,0.9304,0.1064,0.3204,-0.1429,345.3,38.8,0.0
840693,2026-09-17_13-40-34.694-240,v5.1.4,3.42,17.0,3200,-1560,54011,30856,-5076,53924,30350,-1748.08,44148.30,24657.66,-1620.81,44750.78,24223.79,0.00,0.00,0.00,127.27,602.48,-433.87,753.28,753.28,0.380,0.115,0.999,-3.188,-0.688,0.156,8357,335.8,0,0.9304,0.1069,0.3204,-0.1425,345.4,38.8,0.0
840798,2026-09-17_13-40-34.798-240,v5.1.4,3.42,17.0,3200,-1680,54002,30864,-5212,53952,30307,-1846.99,44141.97,24664.53,-1739.85,44770.36,24208.92,0.00,0.00,0.00,107.14,628.39,-455.61,783.54,783.54,0.382,0.117,1.003,-3.547,-0.719,-0.500,8356,341.4,0,0.9303,0.1075,0.3203,-0.1429,345.4,38.8,0.0
840912,2026-09-17_13-40-34.912-240,v5.1.4,3.42,17.0,3200,-1370,54078,30842,-4899,54017,30337,-1591.80,44201.91,24645.14,-1479.92,44829.34,24185.96,0.00,0.00,0.00,111.87,627.43,-459.18,785.51,785.51,0.382,0.113,1.000,-3.859,-0.625,0.344,8367,341.7,0,0.9303,0.1071,0.3204,-0.1429,345.3,38.8,0.0
841017,2026-09-17_13-40-34.017-240,v5.1.4,3.42,17.0,3200,-1117,54078,30672,-4682,54048,30158,-1382.82,44202.07,24505.83,-1328.46,44853.57,24010.54,0.00,0.00,0.00,54.36,651.50,-495.30,820.20,820.20,0.380,0.114,1.000,-3.797,-0.844,0.234,8367,347.9,0,0.9303,0.1072,0.3206,-0.1427,345.4,38.8,0.0
841121,2026-09-17_13-40-34.122-240,v5.1.4,3.42,17.0,3200,-1035,54021,30691,-4518,53992,30101,-1314.88,44153.82,24521.77,-1200.13,44808.98,23941.80,0.00,0.00,0.00,114.75,655.16,-579.96,882.47,882.47,0.382,0.114,1.000,-3.922,-0.641,0.359,8371,358.6,0,0.9303,0.1070,0.3207,-0.1425,345.4,38.8,0.0
841225,2026-09-17_13-40-34.226-240,v5.1.4,3.42,17.0,3200,-1368,54025,30891,-4848,53980,30427,-1589.91,44157.30,24685.68,-1423.69,44802.24,24251.00,0.00,0.00,0.00,166.22,644.94,-434.68,795.31,795.31,0.386,0.117,1.001,-3.844,-0.734,0.094,8363,343.5,0,0.9304,0.1071,0.3203,-0.1426,345.4,38.8,0.0
841330,2026-09-17_13-40-34.331-240,v5.1.4,3.42,17.0,3200,-1309,54010,30700,-4695,53966,30175,-1540.78,44147.42,24529.80,-1334.16,44786.77,24027.34,0.00,0.00,0.00,206.61,639.35,-502.46,839.00,839.00,0.382,0.117,1.000,-3.812,-0.703,-0.094,8363,351.2,0,0.9303,0.1074,0.3204,-0.1427,345.4,38.8,0.0
841435,2026-09-17_13-40-34.436-240,v5.1.4,3.42,17.0,3200,-1454,54025,30841,-4960,53945,30368,-1660.73,44159.01,24645.05,-1523.38,44770.29,24220.83,0.00,0.00,0.00,137.34,611.29,-424.22,756.63,756.63,0.382,0.115,1.004,-3.391,-0.781,0.406,8360,336.4,0,0.9304,0.1074,0.3203,-0.1424,345.4,38.8,0.0
841540,2026-09-17_13-40-34.541-240,v5.1.4,3.42,17.0,3200,-1508,54040,30830,-4958,54015,30335,-1705.33,44172.14,24636.03,-1528.70,44826.70,24193.04,0.00,0.00,0.00,176.63,654.56,-442.98,809.86,809.86,0.383,0.116,1.003,-3.984,-0.844,0.188,8360,346.1,0,0.9304,0.1071,0.3202,-0.1426,345.4,38.8,0.0
841645,2026-09-17_13-40-35.646-240,v5.1.4,3.42,17.0,3200,-1501,54066,30785,-4978,54029,30287,-1699.63,44194.29,24599.00,-1552.59,44836.57,24157.38,0.00,0.00,0.00,147.04,642.29,-441.62,793.21,793.21,0.380,0.116,1.005,-3.781,-0.516,-0.078,8373,343.1,0,0.9302,0.1073,0.3207,-0.1428,345.4,38.8,0.0
841750,2026-09-17_13-40-35.750-240,v5.1.4,3.42,17.0,3200,-1418,54043,30856,-4895,53979,30378,-1631.18,44173.27,24657.03,-1469.48,44799.40,24218.75,0.00,0.00,0.00,161.70,626.13,-438.28,781.21,781.21,0.381,0.115,1.002,-3.797,-0.391,0.297,8373,340.9,0,0.9301,0.1072,0.3210,-0.1428,345.4,38.9,0.0
841854,2026-09-17_13-40-35.855-240,v5.1.4,3.42,17.0,3200,-1324,53997,30815,-4864,53983,30249,-1553.29,44134.96,24623.84,-1462.93,44799.84,24111.01,0.00,0.00,0.00,90.36,664.88,-512.83,844.53,844.53,0.381,0.115,1.001,-3.766,-0.375,0.078,8364,352.2,0,0.9300,0.1073,0.3212,-0.1428,345.4,38.9,0.0
841959,2026-09-17_13-40-35.959-240,v5.1.4,3.42,17.0,3200,-1367,54002,30673,-4849,53955,30210,-1588.50,44141.85,24507.96,-1455.43,44776.18,24078.08,0.00,0.00,0.00,133.07,634.33,-429.88,777.74,777.74,0.384,0.114,1.005,-3.609,-0.391,-0.062,8364,340.3,0,0.9300,0.1074,0.3213,-0.1428,345.4,38.9,0.0
842064,2026-09-17_13-40-35.064-240,v5.1.4,3.42,17.0,3200,-1478,54009,30726,-4980,53948,30273,-1680.18,44147.92,24551.39,-1553.80,44769.97,24147.77,0.00,0.00,0.00,126.38,622.05,-403.61,752.21,752.21,0.384,0.115,1.002,-3.719,-0.781,0.125,8359,335.6,0,0.9301,0.1073,0.3209,-0.1429,345.3,38.9,0.0
842168,2026-09-17_13-40-35.169-240,v5.1.4,3.42,17.0,3200,-1519,54041,30789,-4988,53999,30342,-1714.32,44173.75,24602.57,-1551.87,44813.32,24203.29,0.00,0.00,0.00,162.45,639.57,-399.27,771.27,771.27,0.385,0.113,1.004,-3.828,-0.422,-0.328,8359,339.1,0,0.9300,0.1072,0.3209,-0.1434,345.3,38.9,0.0
842273,2026-09-17_13-40-35.273-240,v5.1.4,3.42,17.0,3200,-1450,54071,30824,-4936,54008,30355,-1657.69,44197.25,24630.68,-1507.46,44821.84,24205.91,0.00,0.00,0.00,150.22,624.59,-424.77,770.14,770.14,0.384,0.118,0.998,-3.844,-0.625,0.484,8355,338.9,0,0.9302,0.1072,0.3206,-0.1431,345.3,38.8,0.0
842387,2026-09-17_13-40-35.388-240,v5.1.4,3.42,17.0,3200,-1225,53991,30903,-4776,53936,30424,-1471.80,44127.54,24695.53,-1363.54,44767.36,24238.74,0.00,0.00,0.00,108.26,639.82,-456.79,793.57,793.57,0.383,0.113,1.001,-3.828,-0.328,0.047,8367,343.2,0,0.9301,0.1072,0.3209,-0.1432,345.3,38.9,0.0
842492,2026-09-17_13-40-35.493-240,v5.1.4,3.42,17.0,3200,-1517,54021,30992,-4961,53964,30371,-1712.96,44153.89,24768.48,-1524.35,44785.89,24223.07,0.00,0.00,0.00,188.61,631.99,-545.41,855.84,855.84,0.383,0.115,1.001,-3.750,-0.844,0.266,8367,354.1,0,0.9302,0.1070,0.3206,-0.1432,345.3,38.8,0.0
842597,2026-09-17_13-40-36.598-240,v5.1.4,3.42,17.0,3200,-1454,54035,30953,-5001,54000,30380,-1661.02,44165.45,24736.37,-1557.05,44814.90,24235.56,0.00,0.00,0.00,103.96,649.45,-500.81,826.69,826.69,0.381,0.114,1.001,-3.719,-0.703,0.312,8367,349.1,0,0.9302,0.1069,0.3207,-0.1431,345.3,38.8,0.0
842702,2026-09-17_13-40-36.702-240,v5.1.4,3.42,17.0,3200,-1239,54035,30817,-4789,53967,30356,-1483.45,44165.44,24624.90,-1385.11,44790.74,24185.80,0.00,0.00,0.00,98.34,625.30,-439.10,770.38,770.38,0.385,0.116,0.998,-3.672,-0.656,0.062,8368,339.0,0,0.9303,0.1072,0.3204,-0.1430,345.3,38.8,0.0
842806,2026-09-17_13-40-36.807-240,v5.1.4,3.42,17.0,3200,-1355,53925,30833,-4794,53869,30337,-1578.44,44075.50,24639.35,-1388.99,44710.05,24172.91,0.00,0.00,0.00,189.44,634.55,-466.44,810.01,810.01,0.383,0.112,0.999,-3.766,-0.578,0.203,8366,346.1,0,0.9303,0.1069,0.3205,-0.1431,345.3,38.8,0.0
842911,2026-09-17_13-40-36.911-240,v5.1.4,3.42,17.0,3200,-1443,53886,30878,-4945,53840,30390,-1650.85,44043.46,24676.67,-1504.61,44685.27,24237.88,0.00,0.00,0.00,146.24,641.81,-438.79,791.10,791.10,0.385,0.116,0.999,-4.141,-0.734,-0.031,8366,342.7,0,0.9303,0.1068,0.3201,-0.1434,345.3,38.8,0.0
843015,2026-09-17_13-40-36.016-240,v5.1.4,3.42,17.0,3200,-1501,53914,30891,-4975,53864,30423,-1698.88,44066.98,24687.12,-1525.21,44705.25,24268.29,0.00,0.00,0.00,173.67,638.27,-418.83,782.93,782.93,0.383,0.115,0.999,-3.969,-0.922,0.891,8374,341.3,0,0.9305,0.1061,0.3199,-0.1431,345.3,38.7,0.0
843119,2026-09-17_13-40-36.120-240,v5.1.4,3.42,17.0,3200,-1510,53864,30817,-4990,53819,30308,-1705.83,44026.97,24627.25,-1552.96,44665.25,24179.27,0.00,0.00,0.00,152.87,638.28,-447.97,794.64,794.64,0.382,0.112,1.030,-3.547,-0.625,0.203,8365,343.4,0,0.9302,0.1061,0.3209,-0.1430,345.3,38.9,0.0
843224,2026-09-17_13-40-36.225-240,v5.1.4,3.42,17.0,3200,-1493,53991,30839,-4971,53947,30402,-1692.67,44131.36,24643.85,-1527.53,44772.63,24249.59,0.00,0.00,0.00,165.14,641.27,-394.26,770.67,770.67,0.384,0.111,1.000,-3.672,-0.781,0.109,8368,339.0,0,0.9303,0.1059,0.3206,-0.1431,345.3,38.8,0.0
843328,2026-09-17_13-40-36.329-240,v5.1.4,3.42,17.0,3200,-1482,54009,30826,-4952,53961,30360,-1683.68,44146.33,24633.03,-1518.46,44783.30,24213.01,0.00,0.00,0.00,165.23,636.97,-420.02,780.67,780.67,0.384,0.115,0.999,-3.719,-0.641,0.094,8368,340.8,0,0.9304,0.1062,0.3204,-0.1430,345.3,38.8,0.0
843433,2026-09-17_13-40-36.434-240,v5.1.4,3.42,17.0,3200,-1402,54025,30847,-4932,53985,30341,-1617.86,44158.38,24649.84,-1505.51,44802.75,24194.50,0.00,0.00,0.00,112.35,644.38,-455.34,796.98,796.98,0.383,0.114,1.002,-3.828,-1.172,-0.172,8361,343.8,0,0.9305,0.1063,0.3200,-0.1433,345.2,38.8,0.0
843538,2026-09-17_13-40-36.538-240,v5.1.4,3.42,17.0,3200,-1450,54093,30877,-4907,54044,30412,-1657.93,44214.56,24673.72,-1476.38,44853.21,24246.65,0.00,0.00,0.00,181.55,638.65,-427.07,789.44,789.44,0.380,0.117,0.999,-3.750,-0.500,0.000,8362,342.4,0,0.9303,0.1068,0.3204,-0.1432,345.3,38.8,0.0
843642,2026-09-17_13-40-37.643-240,v5.1.4,3.42,17.0,3200,-1437,54073,30819,-4937,54018,30310,-1646.97,44198.85,24626.55,-1515.16,44828.85,24169.93,0.00,0.00,0.00,131.80,630.00,-456.62,789.16,789.16,0.384,0.117,1.001,-3.516,-0.625,0.688,8362,342.4,0,0.9304,0.1068,0.3203,-0.1426,345.4,38.8,0.0
843747,2026-09-17_13-40-37.747-240,v5.1.4,3.42,17.0,3200,-1513,54069,30798,-5026,54007,30305,-1709.57,44196.68,24609.61,-1588.78,44818.28,24179.16,0.00,0.00,0.00,120.79,621.61,-430.45,765.68,765.68,0.381,0.116,1.003,-3.906,-0.516,0.406,8368,338.1,0,0.9303,0.1066,0.3206,-0.1426,345.4,38.8,0.0
843861,2026-09-17_13-40-37.861-240,v5.1.4,3.42,17.0,3200,-1440,54100,30804,-4930,54048,30332,-1649.58,44221.43,24614.03,-1507.11,44854.05,24186.01,0.00,0.00,0.00,142.47,632.61,-428.02,776.98,776.98,0.383,0.115,0.999,-3.672,-0.391,0.406,8369,340.2,0,0.9303,0.1065,0.3207,-0.1423,345.4,38.8,0.0
843965,2026-09-17_13-40-37.966-240,v5.1.4,3.42,17.0,3200,-1555,54085,30828,-5058,54011,30360,-1744.37,44209.84,24634.02,-1607.21,44822.45,24227.76,0.00,0.00,0.00,137.16,612.61,-406.26,747.77,747.77,0.380,0.114,0.999,-3.453,-0.625,0.000,8364,334.8,0,0.9303,0.1067,0.3208,-0.1423,345.4,38.9,0.0
844070,2026-09-17_13-40-37.070-240,v5.1.4,3.42,17.0,3200,-1579,54107,30873,-5071,54041,30374,-1764.39,44227.53,24670.58,-1616.78,44847.13,24240.38,0.00,0.00,0.00,147.61,619.60,-430.20,768.61,768.61,0.384,0.116,1.005,-4.062,-0.516,0.000,8364,338.6,0,0.9302,0.1066,0.3209,-0.1427,345.3,38.9,0.0
844174,2026-09-17_13-40-37.175-240,v5.1.4,3.42,17.0,3200,-1499,54027,30813,-4988,53964,30303,-1697.79,44161.59,24622.26,-1556.49,44783.69,24172.67,0.00,0.00,0.00,141.30,622.11,-449.59,780.46,780.46,0.384,0.118,1.004,-3.656,-0.891,0.031,8367,340.8,0,0.9303,0.1068,0.3206,-0.1427,345.4,38.8,0.0
844279,2026-09-17_13-40-37.279-240,v5.1.4,3.42,17.0,3200,-1599,53999,30945,-5088,53913,30375,-1780.34,44137.34,24730.52,-1626.70,44742.24,24245.71,0.00,0.00,0.00,153.64,604.90,-484.80,790.28,790.28,0.381,0.114,1.001,-3.703,-0.344,0.188,8371,342.6,0,0.9302,0.1067,0.3210,-0.1428,345.3,38.9,0.0
844383,2026-09-17_13-40-37.384-240,v5.1.4,3.42,17.0,3200,-1727,54159,30793,-5221,54098,30301,-1886.60,44273.32,24605.04,-1752.60,44889.41,24203.12,0.00,0.00,0.00,134.00,616.09,-401.92,747.70,747.70,0.379,0.116,1.006,-3.688,-0.578,-0.016,8364,334.8,0,0.9300,0.1068,0.3213,-0.1429,345.3,38.9,0.0
844488,2026-09-17_13-40-37.489-240,v5.1.4,3.42,17.0,3200,-1575,54032,30862,-5068,53961,30396,-1760.59,44165.71,24662.37,-1608.65,44782.35,24258.80,0.00,0.00,0.00,151.95,616.64,-403.57,752.46,752.46,0.384,0.115,0.999,-3.938,-0.422,0.531,8364,335.6,0,0.9301,0.1063,0.3212,-0.1429,345.3,38.9,0.0
844593,2026-09-17_13-40-38.593-240,v5.1.4,3.42,17.0,3200,-1501,54069,30836,-4986,54005,30342,-1699.75,44195.93,24640.61,-1550.41,44818.25,24202.90,0.00,0.00,0.00,149.34,622.32,-437.70,775.35,775.35,0.384,0.115,1.000,-3.969,-0.672,0.125,8368,339.9,0,0.9302,0.1062,0.3210,-0.1430,345.3,38.9,0.0
844697,2026-09-17_13-40-38.698-240,v5.1.4,3.42,17.0,3200,-1410,54082,30820,-4919,54031,30360,-1624.76,44205.99,24627.22,-1493.45,44841.05,24207.05,0.00,0.00,0.00,131.31,635.07,-420.17,772.72,772.72,0.384,0.117,1.001,-3.797,-0.703,0.266,8360,339.4,0,0.9303,0.1064,0.3208,-0.1428,345.3,38.8,0.0
844802,2026-09-17_13-40-38.802-240,v5.1.4,3.42,17.0,3200,-1426,54051,30832,-4924,53985,30326,-1637.78,44180.35,24637.37,-1501.12,44802.49,24181.34,0.00,0.00,0.00,136.66,622.14,-456.03,783.39,783.39,0.381,0.115,0.997,-4.141,-0.344,-0.016,8365,341.3,0,0.9301,0.1064,0.3211,-0.1431,345.3,38.9,0.0
844906,2026-09-17_13-40-38.907-240,v5.1.4,3.42,17.0,3200,-1239,54019,30856,-4686,53988,30269,-1483.42,44151.59,24656.91,-1313.71,44807.32,24100.81,0.00,0.00,0.00,169.72,655.74,-556.10,876.38,876.38,0.382,0.117,1.002,-3.953,-0.891,0.156,8365,357.6,0,0.9302,0.1066,0.3209,-0.1430,345.3,38.9,0.0
845011,2026-09-17_13-40-38.011-240,v5.1.4,3.42,17.0,3200,-1362,54003,30842,-4863,53940,30380,-1584.72,44139.87,24645.90,-1441.66,44768.08,24216.27,0.00,0.00,0.00,143.06,628.21,-429.63,774.40,774.40,0.384,0.115,1.003,-3.875,-0.219,0.672,8369,339.7,0,0.9301,0.1063,0.3212,-0.1427,345.3,38.9,0.0
845115,2026-09-17_13-40-38.116-240,v5.1.4,3.42,17.0,3200,-1071,54023,30815,-4627,53951,30388,-1344.83,44153.82,24623.04,-1246.65,44781.11,24187.87,0.00,0.00,0.00,98.18,627.29,-435.18,769.74,769.74,0.382,0.115,1.003,-3.594,-0.594,-0.219,8375,338.8,0,0.9301,0.1069,0.3212,-0.1426,345.4,38.9,0.0
845220,2026-09-17_13-40-38.220-240,v5.1.4,3.42,17.0,3200,-1423,54069,30832,-4902,54008,30355,-1635.42,44195.19,24637.18,-1479.49,44822.39,24200.93,0.00,0.00,0.00,155.94,627.21,-436.25,779.76,779.76,0.382,0.115,1.005,-3.891,-0.516,0.047,8375,340.7,0,0.9300,0.1069,0.3214,-0.1428,345.3,38.9,0.0
845335,2026-09-17_13-40-38.336-240,v5.1.4,3.42,17.0,3200,-1445,53993,30635,-4847,53944,30099,-1652.69,44135.84,24477.20,-1469.65,44764.36,23989.23,0.00,0.00,0.00,183.04,628.51,-487.96,816.48,816.48,0.382,0.115,0.998,-3.562,-0.719,-0.047,8376,347.3,0,0.9301,0.1072,0.3210,-0.1428,345.4,38.9,0.0
845440,2026-09-17_13-40-38.440-240,v5.1.4,3.42,17.0,3200,-1477,54022,30754,-4971,53971,30287,-1679.50,44158.19,24574.11,-1545.06,44789.28,24157.28,0.00,0.00,0.00,134.44,631.09,-416.83,768.17,768.17,0.383,0.116,1.000,-3.891,-0.750,0.703,8369,338.6,0,0.9303,0.1067,0.3208,-0.1426,345.4,38.8,0.0
845544,2026-09-17_13-40-38.545-240,v5.1.4,3.42,17.0,3200,-1359,54085,30706,-4832,54006,30273,-1582.50,44209.80,24534.02,-1433.80,44819.78,24125.14,0.00,0.00,0.00,148.69,609.98,-408.88,749.24,749.24,0.384,0.114,0.996,-3.672,-0.312,0.094,8375,335.0,0,0.9303,0.1069,0.3208,-0.1425,345.4,38.8,0.0
845649,2026-09-17_13-40-39.650-240,v5.1.4,3.42,17.0,3200,-1475,54063,30737,-4981,54066,30247,-1678.08,44192.32,24559.80,-1562.04,44865.75,24125.26,0.00,0.00,0.00,116.04,673.43,-434.54,809.81,809.81,0.382,0.113,0.999,-3.891,-0.422,0.000,8375,346.1,0,0.9302,0.1067,0.3209,-0.1428,345.3,38.9,0.0
845754,2026-09-17_13-40-39.754-240,v5.1.4,3.42,17.0,3200,-1457,54016,30788,-4885,53998,30263,-1663.04,44152.47,24601.88,-1478.63,44812.12,24125.05,0.00,0.00,0.00,184.41,659.66,-476.83,834.58,834.58,0.382,0.114,0.998,-3.953,-0.594,-0.500,8359,350.4,0,0.9301,0.1068,0.3208,-0.1434,345.3,38.9,0.0
845858,2026-09-17_13-40-39.859-240,v5.1.4,3.42,17.0,3200,-1487,54009,30843,-4973,53929,30381,-1687.84,44146.10,24646.91,-1531.69,44757.34,24233.38,0.00,0.00,0.00,156.15,611.24,-413.53,754.32,754.32,0.386,0.115,0.999,-3.828,-0.516,-0.016,8374,336.0,0,0.9302,0.1069,0.3205,-0.1436,345.2,38.8,0.0
845963,2026-09-17_13-40-39.964-240,v5.1.4,3.42,17.0,3200,-1512,54024,30939,-4988,53955,30471,-1708.75,44157.19,24725.18,-1531.69,44780.68,24307.12,0.00,0.00,0.00,177.06,623.49,-418.06,771.27,771.27,0.383,0.113,1.003,-3.734,-0.609,0.047,8368,339.1,0,0.9302,0.1068,0.3205,-0.1437,345.2,38.8,0.0
846067,2026-09-17_13-40-39.068-240,v5.1.4,3.42,17.0,3200,-1487,54052,30879,-4960,54007,30413,-1688.19,44181.04,24675.86,-1518.71,44822.14,24255.81,0.00,0.00,0.00,169.47,641.11,-420.04,784.97,784.97,0.378,0.114,1.000,-4.344,-0.484,0.297,8368,341.6,0,0.9300,0.1064,0.3211,-0.1439,345.2,38.9,0.0
846172,2026-09-17_13-40-39.173-240,v5.1.4,3.42,17.0,3200,-1470,54069,30873,-4919,54008,30378,-1674.26,44195.01,24670.75,-1490.12,44822.71,24221.81,0.00,0.00,0.00,184.15,627.71,-448.94,793.39,793.39,0.381,0.113,1.000,-3.734,-0.797,0.375,8376,343.2,0,0.9301,0.1062,0.3209,-0.1437,345.2,38.9,0.0
846277,2026-09-17_13-40-39.277-240,v5.1.4,3.42,17.0,3200,-1414,53995,30881,-4970,53935,30328,-1627.63,44133.16,24677.93,-1537.14,44760.93,24190.48,0.00,0.00,0.00,90.49,627.77,-487.45,799.93,799.93,0.383,0.114,1.002,-3.828,-0.703,0.391,8366,344.3,0,0.9302,0.1061,0.3208,-0.1435,345.2,38.8,0.0
846381,2026-09-17_13-40-39.382-240,v5.1.4,3.42,17.0,3200,-1488,53997,30871,-4968,53933,30375,-1688.65,44135.74,24669.90,-1528.57,44760.53,24227.79,0.00,0.00,0.00,160.07,624.79,-442.11,781.95,781.95,0.384,0.113,1.000,-3.969,-0.719,0.781,8366,341.1,0,0.9304,0.1056,0.3206,-0.1432,345.2,38.8,0.0
846485,2026-09-17_13-40-39.486-240,v5.1.4,3.42,17.0,3200,-1472,53986,30864,-4965,53942,30340,-1675.37,44126.60,24664.27,-1531.49,44767.04,24199.23,0.00,0.00,0.00,143.88,640.44,-465.04,804.44,804.44,0.384,0.116,1.002,-3.266,-0.641,0.766,8360,345.1,0,0.9305,0.1059,0.3204,-0.1423,345.4,38.8,0.0
846590,2026-09-17_13-40-40.591-240,v5.1.4,3.42,17.0,3200,-1484,54034,30898,-4969,53961,30425,-1685.64,44165.83,24691.55,-1522.96,44784.70,24267.46,0.00,0.00,0.00,162.68,618.87,-424.09,767.67,767.67,0.382,0.117,0.999,-4.016,-0.938,-3.938,8368,338.5,0,0.9300,0.1083,0.3199,-0.1452,345.1,38.8,0.0
846695,2026-09-17_13-40-40.695-240,v5.1.4,3.42,17.0,3200,-1265,54014,30837,-4797,53936,30356,-1504.79,44148.03,24641.50,-1390.74,44765.27,24187.47,0.00,0.00,0.00,114.05,617.23,-454.03,774.68,774.68,0.381,0.114,1.002,-3.359,-0.734,0.438,8367,339.8,0,0.9300,0.1084,0.3200,-0.1447,345.2,38.8,0.0
846809,2026-09-17_13-40-40.809-240,v5.1.4,3.42,17.0,3200,-1442,53824,30827,-4944,53768,30236,-1649.53,43993.06,24635.68,-1524.06,44622.45,24115.78,0.00,0.00,0.00,125.46,629.39,-519.90,825.94,825.94,0.385,0.115,1.001,-3.938,-0.219,-0.219,8367,348.9,0,0.9299,0.1083,0.3202,-0.1451,345.1,38.8,0.0
846913,2026-09-17_13-40-40.914-240,v5.1.4,3.42,17.0,3200,-1518,53870,30786,-4991,53813,30310,-1712.41,44032.52,24601.89,-1553.31,44660.39,24181.11,0.00,0.00,0.00,159.10,627.87,-420.78,772.39,772.39,0.383,0.115,1.002,-3.625,-0.141,0.094,8367,339.3,0,0.9298,0.1083,0.3206,-0.1451,345.1,38.9,0.0
847018,2026-09-17_13-40-40.019-240,v5.1.4,3.42,17.0,3200,-1322,54068,30835,-4843,54013,30318,-1552.14,44193.27,24639.43,-1436.50,44826.48,24162.62,0.00,0.00,0.00,115.64,633.21,-476.81,801.05,801.05,0.380,0.113,0.999,-3.734,-0.656,0.000,8368,344.5,0,0.9297,0.1083,0.3206,-0.1451,345.1,38.9,0.0
847122,2026-09-17_13-40-40.123-240,v5.1.4,3.42,17.0,3200,-1243,54054,30634,-4752,53985,30090,-1486.50,44184.16,24475.33,-1394.05,44799.18,23967.45,0.00,0.00,0.00,92.45,615.02,-507.88,802.95,802.95,0.379,0.114,1.001,-4.031,-0.609,-0.047,8372,344.9,0,0.9296,0.1082,0.3210,-0.1453,345.1,38.9,0.0
847227,2026-09-17_13-40-40.228-240,v5.1.4,3.42,17.0,3200,-1439,54124,30639,-4936,54073,30116,-1648.58,44243.94,24479.09,-1544.35,44868.81,24013.83,0.00,0.00,0.00,104.23,624.87,-465.27,786.00,786.00,0.383,0.116,1.004,-3.641,-0.422,0.469,8372,341.8,0,0.9296,0.1081,0.3211,-0.1449,345.1,38.9,0.0
847331,2026-09-17_13-40-40.332-240,v5.1.4,3.42,17.0,3200,-1285,54077,30770,-4825,54040,30378,-1521.55,44201.38,24586.19,-1413.76,44850.39,24207.51,0.00,0.00,0.00,107.80,649.01,-378.69,759.10,759.10,0.382,0.115,1.003,-3.375,-0.828,0.094,8366,336.9,0,0.9297,0.1084,0.3208,-0.1446,345.2,38.9,0.0
847436,2026-09-17_13-40-40.437-240,v5.1.4,3.42,17.0,3200,-1361,54050,30840,-4863,53971,30341,-1584.19,44178.71,24643.78,-1448.31,44792.43,24184.60,0.00,0.00,0.00,135.88,613.71,-459.18,778.43,778.43,0.382,0.115,1.003,-3.312,-0.594,0.234,8367,340.4,0,0.9298,0.1084,0.3208,-0.1443,345.2,38.9,0.0
847541,2026-09-17_13-40-40.541-240,v5.1.4,3.42,17.0,3200,-1512,54061,30798,-4992,54011,30313,-1708.70,44190.05,24609.69,-1559.76,44822.31,24180.51,0.00,0.00,0.00,148.93,632.25,-429.19,778.54,778.54,0.384,0.114,0.997,-3.797,-0.703,0.828,8376,340.5,0,0.9301,0.1075,0.3204,-0.1439,345.2,38.8,0.0
847645,2026-09-17_13-40-41.646-240,v5.1.4,3.42,17.0,3200,-1351,54117,30803,-4839,54068,30327,-1576.30,44234.57,24612.86,-1433.58,44871.74,24168.35,0.00,0.00,0.00,142.72,637.17,-444.51,789.90,789.90,0.383,0.116,1.003,-3.531,-0.906,0.328,8376,342.5,0,0.9302,0.1076,0.3202,-0.1436,345.3,38.8,0.0
847750,2026-09-17_13-40-41.750-240,v5.1.4,3.42,17.0,3200,-1488,54098,30805,-4985,54067,30261,-1689.15,44220.26,24614.97,-1563.31,44866.86,24137.02,0.00,0.00,0.00,125.84,646.60,-477.95,813.86,813.86,0.385,0.117,1.003,-3.984,-0.797,-0.281,8370,346.8,0,0.9302,0.1076,0.3199,-0.1440,345.2,38.8,0.0
847854,2026-09-17_13-40-41.855-240,v5.1.4,3.42,17.0,3200,-1317,54093,30820,-4813,54043,30327,-1548.14,44214.12,24626.91,-1411.42,44851.73,24164.93,0.00,0.00,0.00,136.72,637.61,-461.98,799.17,799.17,0.379,0.118,1.004,-3.859,-0.344,0.266,8375,344.2,0,0.9300,0.1078,0.3205,-0.1437,345.3,38.8,0.0
847959,2026-09-17_13-40-41.959-240,v5.1.4,3.42,17.0,3200,-1366,54036,30790,-4895,53962,30381,-1588.13,44168.02,24603.12,-1468.52,44785.58,24221.42,0.00,0.00,0.00,119.60,617.56,-381.70,735.78,735.78,0.385,0.115,1.003,-3.562,-0.438,0.516,8375,332.5,0,0.9301,0.1076,0.3205,-0.1433,345.3,38.8,0.0
848063,2026-09-17_13-40-41.064-240,v5.1.4,3.42,17.0,3200,-1557,54186,30822,-5007,54133,30326,-1746.65,44293.40,24628.08,-1573.95,44922.13,24191.16,0.00,0.00,0.00,172.70,628.73,-436.92,784.88,784.88,0.380,0.116,1.003,-3.594,-0.750,-0.062,8374,341.6,0,0.9301,0.1077,0.3206,-0.1434,345.3,38.8,0.0
848168,2026-09-17_13-40-41.169-240,v5.1.4,3.42,17.0,3200,-1605,54020,30786,-5111,53985,30270,-1785.10,44157.34,24600.52,-1663.16,44798.02,24164.00,0.00,0.00,0.00,121.94,640.68,-436.51,784.78,784.78,0.381,0.115,1.001,-3.547,-0.656,-0.109,8372,341.6,0,0.9301,0.1077,0.3205,-0.1436,345.3,38.8,0.0
848283,2026-09-17_13-40-41.283-240,v5.1.4,3.42,17.0,3200,-1139,54048,30832,-4574,54007,30328,-1401.10,44174.90,24636.80,-1213.52,44826.20,24131.24,0.00,0.00,0.00,187.57,651.30,-505.56,845.56,845.56,0.381,0.115,1.003,-3.562,-0.469,-0.031,8379,352.4,0,0.9300,0.1080,0.3208,-0.1434,345.3,38.9,0.0
848387,2026-09-17_13-40-41.388-240,v5.1.4,3.42,17.0,3200,-1411,54060,30812,-4819,53997,30363,-1625.43,44187.96,24620.92,-1409.69,44814.95,24195.32,0.00,0.00,0.00,215.74,627.00,-425.60,787.91,787.91,0.382,0.114,1.001,-4.172,-0.734,0.438,8379,342.2,0,0.9300,0.1072,0.3208,-0.1436,345.2,38.9,0.0
848492,2026-09-17_13-40-41.493-240,v5.1.4,3.42,17.0,3200,-1185,54003,30784,-4691,53942,30347,-1438.65,44138.98,24598.18,-1305.02,44771.66,24164.63,0.00,0.00,0.00,133.62,632.67,-433.56,778.52,778.52,0.383,0.114,0.997,-3.562,-0.859,0.438,8371,340.5,0,0.9302,0.1072,0.3204,-0.1432,345.3,38.8,0.0
848596,2026-09-17_13-40-42.597-240,v5.1.4,3.42,17.0,3200,-1415,53981,30857,-4884,53908,30391,-1628.32,44121.99,24658.48,-1456.36,44741.87,24228.66,0.00,0.00,0.00,171.96,619.88,-429.83,773.67,773.67,0.384,0.116,1.000,-3.859,-0.781,-0.047,8375,339.6,0,0.9303,0.1071,0.3202,-0.1433,345.3,38.8,0.0
848701,2026-09-17_13-40-42.702-240,v5.1.4,3.42,17.0,3200,-1450,54003,30832,-4904,53965,30250,-1657.27,44140.95,24637.92,-1495.15,44784.50,24117.97,0.00,0.00,0.00,162.12,643.56,-519.95,843.09,843.09,0.388,0.114,1.000,-3.812,-0.922,0.141,8373,351.9,0,0.9306,0.1068,0.3195,-0.1434,345.2,38.7,0.0
848806,2026-09-17_13-40-42.807-240,v5.1.4,3.42,17.0,3200,-1323,54038,30821,-4825,53980,30266,-1552.74,44168.73,24628.31,-1428.27,44798.46,24118.93,0.00,0.00,0.00,124.47,629.73,-509.38,819.47,819.47,0.381,0.115,1.002,-4.062,-0.281,0.438,8373,347.8,0,0.9304,0.1066,0.3202,-0.1433,345.3,38.8,0.0
848911,2026-09-17_13-40-42.911-240,v5.1.4,3.42,17.0,3200,-1457,54080,30804,-4959,54027,30265,-1663.47,44205.08,24614.28,-1540.11,44834.68,24137.04,0.00,0.00,0.00,123.36,629.60,-477.24,799.61,799.61,0.384,0.115,1.001,-3.672,-0.688,0.375,8373,344.3,0,0.9304,0.1065,0.3201,-0.1430,345.3,38.8,0.0
849016,2026-09-17_13-40-42.017-240,v5.1.4,3.42,17.0,3200,-1187,54010,30749,-4634,53930,30315,-1440.27,44145.36,24569.54,-1262.43,44761.94,24130.88,0.00,0.00,0.00,177.84,616.58,-438.67,777.32,777.32,0.383,0.116,1.005,-3.828,-0.641,0.031,8375,340.2,0,0.9304,0.1068,0.3203,-0.1429,345.3,38.8,0.0
849121,2026-09-17_13-40-42.122-240,v5.1.4,3.42,17.0,3200,-1445,53992,30727,-4941,53932,30222,-1652.87,44133.52,24552.31,-1528.67,44756.20,24101.54,0.00,0.00,0.00,124.20,622.68,-450.77,778.69,778.69,0.382,0.116,1.002,-3.562,-0.656,-0.250,8375,340.5,0,0.9303,0.1073,0.3203,-0.1430,345.3,38.8,0.0
849226,2026-09-17_13-40-42.226-240,v5.1.4,3.42,17.0,3200,-1339,54004,30702,-4866,53981,30252,-1565.48,44142.74,24531.56,-1464.08,44798.25,24113.74,0.00,0.00,0.00,101.40,655.50,-417.82,783.93,783.93,0.384,0.116,1.001,-3.359,-0.594,0.047,8371,341.4,0,0.9303,0.1076,0.3202,-0.1428,345.4,38.8,0.0
849330,2026-09-17_13-40-42.331-240,v5.1.4,3.43,17.0,3200,-1478,54064,30753,-4959,54018,30285,-1680.59,44192.92,24572.86,-1536.91,44827.84,24153.17,0.00,0.00,0.00,143.67,634.93,-419.69,774.54,774.54,0.380,0.114,1.003,-3.594,-1.125,0.312,8377,339.7,0,0.9304,0.1073,0.3201,-0.1427,345.4,38.8,0.0
849435,2026-09-17_13-40-42.436-240,v5.1.4,3.43,17.0,3200,-1252,54057,30714,-4763,54022,30292,-1494.10,44185.43,24540.62,-1374.75,44834.47,24129.95,0.00,0.00,0.00,119.35,649.04,-410.67,777.27,777.27,0.384,0.114,1.002,-3.844,-0.500,-0.266,8372,340.2,0,0.9303,0.1073,0.3203,-0.1430,345.3,38.8,0.0
849539,2026-09-17_13-40-42.540-240,v5.1.4,3.43,17.0,3200,-1319,54039,30546,-4792,53992,30116,-1548.90,44174.00,24403.81,-1423.38,44804.93,23993.99,0.00,0.00,0.00,125.51,630.93,-409.82,762.74,762.74,0.381,0.117,1.005,-3.609,-1.000,-0.031,8372,337.6,0,0.9303,0.1076,0.3202,-0.1429,345.4,38.8,0.0
849644,2026-09-17_13-40-43.644-240,v5.1.4,3.43,17.0,3200,-1431,54020,30725,-4907,53969,30250,-1641.49,44156.54,24550.36,-1497.74,44787.72,24118.35,0.00,0.00,0.00,143.76,631.19,-432.01,778.27,778.27,0.383,0.118,1.000,-3.938,-0.328,0.422,8372,340.4,0,0.9303,0.1074,0.3204,-0.1427,345.4,38.8,0.0
849758,2026-09-17_13-40-43.759-240,v5.1.4,3.43,17.0,3200,-1475,54030,30895,-4965,53972,30416,-1678.18,44162.48,24689.12,-1521.32,44793.52,24259.50,0.00,0.00,0.00,156.87,631.04,-429.62,779.35,779.35,0.383,0.115,0.998,-3.469,-1.031,-0.094,8376,340.6,0,0.9305,0.1074,0.3198,-0.1428,345.4,38.7,0.0
849863,2026-09-17_13-40-43.864-240,v5.1.4,3.43,17.0,3200,-1249,54034,30697,-4783,54002,30208,-1491.45,44166.68,24526.98,-1402.85,44815.62,24066.05,0.00,0.00,0.00,88.59,648.95,-460.92,800.89,800.89,0.381,0.113,1.001,-4.062,-0.594,0.375,8376,344.5,0,0.9304,0.1069,0.3202,-0.1428,345.3,38.8,0.0
849968,2026-09-17_13-40-43.969-240,v5.1.4,3.43,17.0,3200,-1397,54031,30896,-4923,53975,30371,-1613.87,44162.48,24689.76,-1493.42,44795.50,24217.32,0.00,0.00,0.00,120.45,633.02,-472.44,799.01,799.01,0.386,0.115,1.002,-3.828,-0.703,0.391,8376,344.2,0,0.9305,0.1065,0.3200,-0.1427,345.3,38.8,0.0
850073,2026-09-17_13-40-43.074-240,v5.1.4,3.43,17.0,3200,-1454,53999,30968,-4888,53928,30472,-1660.82,44135.46,24748.99,-1448.44,44760.25,24293.67,0.00,0.00,0.00,212.38,624.79,-455.32,801.73,801.73,0.384,0.113,1.003,-3.609,-0.812,0.125,8378,344.6,0,0.9306,0.1064,0.3199,-0.1427,345.3,38.7,0.0
850178,2026-09-17_13-40-43.179-240,v5.1.4,3.43,17.0,3200,-1420,53937,30806,-4940,53860,30262,-1632.06,44086.53,24617.32,-1519.80,44698.39,24134.51,0.00,0.00,0.00,112.26,611.86,-482.81,787.45,787.45,0.385,0.117,1.001,-3.625,-1.141,0.219,8375,342.1,0,0.9308,0.1065,0.3193,-0.1425,345.4,38.7,0.0
850282,2026-09-17_13-40-43.283-240,v5.1.4,3.43,17.0,3200,-1486,53904,30790,-4968,53852,30272,-1686.24,44060.21,24604.74,-1541.13,44691.65,24146.74,0.00,0.00,0.00,145.11,631.45,-458.00,793.44,793.44,0.383,0.118,1.002,-4.016,-1.031,0.188,8378,343.2,0,0.9308,0.1064,0.3193,-0.1426,345.4,38.7,0.0
850387,2026-09-17_13-40-43.388-240,v5.1.4,3.43,17.0,3200,-1518,53931,30817,-4960,53894,30261,-1712.86,44082.41,24626.57,-1537.44,44725.84,24136.11,0.00,0.00,0.00,175.42,643.43,-490.46,827.84,827.84,0.384,0.115,1.003,-3.500,-0.812,-0.250,8378,349.3,0,0.9308,0.1067,0.3193,-0.1427,345.3,38.7,0.0
850491,2026-09-17_13-40-43.492-240,v5.1.4,3.43,17.0,3200,-1493,53975,30784,-4982,53939,30288,-1692.45,44119.04,24599.12,-1552.98,44762.96,24160.20,0.00,0.00,0.00,139.48,643.93,-438.92,791.67,791.67,0.383,0.114,1.001,-3.562,-0.516,0.172,8368,342.8,0,0.9307,0.1067,0.3196,-0.1426,345.4,38.7,0.0
850597,2026-09-17_13-40-44.597-240,v5.1.4,3.43,17.0,3200,-1467,53990,30847,-4964,53942,30338,-1671.24,44130.13,24650.34,-1530.96,44767.00,24197.48,0.00,0.00,0.00,140.28,636.87,-452.86,793.95,793.95,0.384,0.117,1.004,-3.688,-1.078,0.266,8374,343.3,0,0.9308,0.1066,0.3194,-0.1425,345.4,38.7,0.0
850701,2026-09-17_13-40-44.702-240,v5.1.4,3.43,17.0,3200,-1469,53938,30668,-4933,53855,30122,-1672.20,44090.11,24504.76,-1534.32,44690.80,24021.65,0.00,0.00,0.00,137.87,600.70,-483.11,783.09,783.09,0.386,0.116,1.000,-3.922,-0.734,0.531,8374,341.3,0,0.9309,0.1063,0.3193,-0.1423,345.4,38.7,0.0
850805,2026-09-17_13-40-44.806-240,v5.1.4,3.43,17.0,3200,-1468,53867,30794,-4939,53802,30294,-1671.17,44029.39,24608.35,-1512.52,44651.82,24160.87,0.00,0.00,0.00,158.65,622.43,-447.48,782.84,782.84,0.381,0.116,1.005,-4.047,-0.797,0.031,8377,341.2,0,0.9307,0.1062,0.3197,-0.1425,345.4,38.7,0.0
850910,2026-09-17_13-40-44.911-240,v5.1.4,3.43,17.0,3200,-1455,54004,30809,-4942,53992,30306,-1661.35,44142.20,24619.15,-1519.06,44807.40,24167.88,0.00,0.00,0.00,142.29,665.21,-451.27,816.33,816.33,0.383,0.113,1.003,-3.500,-0.547,0.344,8371,347.2,0,0.9306,0.1062,0.3200,-0.1422,345.4,38.7,0.0
851014,2026-09-17_13-40-44.015-240,v5.1.4,3.43,17.0,3200,-1504,54005,30800,-4977,53967,30318,-1701.75,44143.68,24611.89,-1545.34,44786.71,24183.00,0.00,0.00,0.00,156.40,643.03,-428.89,788.60,788.60,0.380,0.115,1.002,-0.234,-0.891,0.125,8374,342.3,0,0.9308,0.1085,0.3197,-0.1401,345.8,38.7,0.0
851119,2026-09-17_13-40-44.119-240,v5.1.4,3.43,17.0,3200,-1493,54096,30799,-4974,54022,30307,-1693.25,44218.76,24610.11,-1546.17,44831.44,24172.89,0.00,0.00,0.00,147.09,612.68,-437.21,766.92,766.92,0.384,0.114,0.999,-3.797,-0.719,0.109,8374,338.3,0,0.9308,0.1076,0.3196,-0.1406,345.7,38.7,0.0
851233,2026-09-17_13-40-44.234-240,v5.1.4,3.43,17.0,3200,-1521,54010,30813,-4880,53959,30270,-1715.82,44147.77,24622.49,-1472.29,44780.50,24130.53,0.00,0.00,0.00,243.53,632.73,-491.96,837.66,837.66,0.383,0.116,0.997,-3.750,-0.156,0.141,8366,351.0,0,0.9307,0.1072,0.3201,-0.1407,345.6,38.8,0.0
851337,2026-09-17_13-40-44.338-240,v5.1.4,3.43,17.0,3200,-1356,53962,30845,-4861,53902,30331,-1579.52,44105.89,24648.76,-1446.01,44735.79,24177.41,0.00,0.00,0.00,133.51,629.90,-471.35,797.98,797.98,0.382,0.116,1.000,-3.844,-1.062,0.531,8380,344.0,0,0.9308,0.1066,0.3200,-0.1408,345.6,38.7,0.0
851442,2026-09-17_13-40-44.443-240,v5.1.4,3.43,17.0,3200,-1530,53966,30785,-5028,53930,30300,-1722.91,44111.97,24600.11,-1588.80,44755.17,24176.69,0.00,0.00,0.00,134.11,643.20,-423.42,781.65,781.65,0.385,0.114,0.999,-3.609,-0.375,-0.375,8369,341.0,0,0.9307,0.1065,0.3201,-0.1412,345.5,38.8,0.0
851546,2026-09-17_13-40-44.547-240,v5.1.4,3.43,17.0,3200,-1587,53999,30780,-5083,53922,30290,-1770.11,44139.90,24595.80,-1635.27,44747.48,24176.89,0.00,0.00,0.00,134.85,607.58,-418.91,750.22,750.22,0.381,0.115,0.997,-4.109,-0.688,0.219,8369,335.2,0,0.9307,0.1060,0.3203,-0.1416,345.5,38.8,0.0
851651,2026-09-17_13-40-45.652-240,v5.1.4,3.43,17.0,3200,-1588,54049,30793,-5030,53957,30291,-1771.28,44181.01,24605.89,-1592.59,44776.98,24169.35,0.00,0.00,0.00,178.69,595.97,-436.54,760.05,760.05,0.384,0.116,1.000,-4.047,-0.391,-0.156,8370,337.1,0,0.9305,0.1060,0.3205,-0.1420,345.4,38.8,0.0
851755,2026-09-17_13-40-45.756-240,v5.1.4,3.43,17.0,3200,-1526,54028,30800,-5047,53970,30274,-1720.04,44162.91,24611.70,-1609.46,44786.89,24158.05,0.00,0.00,0.00,110.58,623.98,-453.65,779.35,779.35,0.383,0.115,1.001,-3.891,-0.406,0.188,8383,340.6,0,0.9304,0.1058,0.3208,-0.1421,345.4,38.8,0.0
851860,2026-09-17_13-40-45.861-240,v5.1.4,3.43,17.0,3200,-1370,53991,30775,-4915,53912,30316,-1591.11,44131.13,24591.35,-1492.94,44742.70,24173.19,0.00,0.00,0.00,98.17,611.57,-418.16,747.34,747.34,0.384,0.115,1.004,-3.484,-0.734,-0.156,8383,334.7,0,0.9304,0.1062,0.3207,-0.1421,345.4,38.8,0.0
851965,2026-09-17_13-40-45.965-240,v5.1.4,3.43,17.0,3200,-1511,53955,30819,-5024,53929,30349,-1707.24,44102.12,24627.94,-1578.32,44755.68,24215.28,0.00,0.00,0.00,128.92,653.56,-412.65,783.61,783.61,0.383,0.116,1.001,-3.891,-0.781,0.359,8383,341.4,0,0.9305,0.1060,0.3206,-0.1421,345.4,38.8,0.0
852069,2026-09-17_13-40-45.070-240,v5.1.4,3.43,17.0,3200,-1471,53981,30800,-4990,53937,30289,-1674.38,44123.50,24612.07,-1559.35,44761.23,24162.21,0.00,0.00,0.00,115.03,637.72,-449.87,788.86,788.86,0.381,0.114,1.002,-3.719,-0.703,0.094,8379,342.3,0,0.9304,0.1059,0.3207,-0.1421,345.4,38.8,0.0
852174,2026-09-17_13-40-45.174-240,v5.1.4,3.43,17.0,3200,-1470,54015,30796,-4962,53944,30298,-1673.77,44151.65,24608.45,-1535.22,44767.63,24165.18,0.00,0.00,0.00,138.55,615.98,-443.27,771.44,771.44,0.384,0.112,1.004,-4.031,-0.906,-0.047,8377,339.2,0,0.9304,0.1055,0.3206,-0.1426,345.3,38.8,0.0
852278,2026-09-17_13-40-45.279-240,v5.1.4,3.43,17.0,3200,-1371,54037,30811,-4870,53969,30347,-1592.30,44168.56,24620.26,-1453.13,44790.83,24190.46,0.00,0.00,0.00,139.17,622.27,-429.80,768.97,768.97,0.383,0.113,0.997,-3.625,-0.781,-0.078,8377,338.7,0,0.9305,0.1058,0.3204,-0.1426,345.3,38.8,0.0
852383,2026-09-17_13-40-45.384-240,v5.1.4,3.43,17.0,3200,-1119,53999,30784,-4663,53951,30368,-1384.20,44135.00,24598.09,-1279.20,44780.01,24177.16,0.00,0.00,0.00,105.00,645.01,-420.92,777.33,777.33,0.385,0.118,1.003,-3.891,-0.828,0.266,8373,340.2,0,0.9305,0.1061,0.3203,-0.1423,345.4,38.8,0.0
852487,2026-09-17_13-40-45.488-240,v5.1.4,3.43,17.0,3200,-1324,53980,30865,-4861,53930,30320,-1553.29,44120.10,24664.83,-1448.47,44758.39,24168.17,0.00,0.00,0.00,104.81,638.30,-496.66,815.52,815.52,0.382,0.115,1.002,-3.984,-0.484,-0.203,8374,347.1,0,0.9303,0.1063,0.3206,-0.1426,345.3,38.8,0.0
852592,2026-09-17_13-40-46.592-240,v5.1.4,3.43,17.0,3200,-1411,53973,30793,-4892,53892,30296,-1624.84,44116.39,24606.32,-1476.32,44726.21,24154.14,0.00,0.00,0.00,148.52,609.82,-452.17,773.56,773.56,0.381,0.116,1.000,-3.422,-0.859,0.438,8384,339.5,0,0.9304,0.1065,0.3206,-0.1422,345.4,38.8,0.0
852708,2026-09-17_13-40-46.708-240,v5.1.4,3.43,17.0,3200,-1126,54029,30718,-4638,53969,30123,-1390.03,44160.93,24543.91,-1294.95,44788.80,23977.36,0.00,0.00,0.00,95.08,627.87,-566.55,851.03,851.03,0.383,0.118,1.003,-3.891,-0.672,0.516,8384,353.3,0,0.9304,0.1065,0.3208,-0.1418,345.5,38.8,0.0
852813,2026-09-17_13-40-46.813-240,v5.1.4,3.43,17.0,3200,-1475,54046,30768,-4958,53986,30250,-1678.03,44177.77,24585.28,-1540.22,44800.80,24125.56,0.00,0.00,0.00,137.81,623.03,-459.72,786.45,786.45,0.383,0.116,1.003,-3.766,-0.375,0.438,8367,341.9,0,0.9303,0.1063,0.3211,-0.1417,345.5,38.9,0.0
852917,2026-09-17_13-40-46.918-240,v5.1.4,3.43,17.0,3200,-1420,54001,30714,-4788,53919,30277,-1632.28,44140.91,24541.55,-1394.35,44749.47,24123.27,0.00,0.00,0.00,237.93,608.57,-418.29,775.84,775.84,0.381,0.118,0.998,-3.953,-0.984,0.625,8372,340.0,0,0.9305,0.1061,0.3208,-0.1415,345.5,38.8,0.0
853022,2026-09-17_13-40-46.023-240,v5.1.4,3.43,17.0,3200,-1472,53983,30701,-4936,53918,30245,-1675.02,44126.78,24531.24,-1520.76,44745.43,24119.41,0.00,0.00,0.00,154.26,618.65,-411.82,759.03,759.03,0.382,0.114,1.001,-4.109,-0.469,0.188,8374,336.9,0,0.9304,0.1057,0.3211,-0.1417,345.4,38.9,0.0
853127,2026-09-17_13-40-46.127-240,v5.1.4,3.43,17.0,3200,-1484,53994,30735,-4964,53889,30260,-1685.05,44135.44,24558.90,-1540.72,44721.66,24135.97,0.00,0.00,0.00,144.33,586.22,-422.93,737.13,737.13,0.383,0.112,1.004,-3.703,-0.016,0.094,8374,332.8,0,0.9302,0.1056,0.3218,-0.1418,345.4,38.9,0.0
853232,2026-09-17_13-40-46.232-240,v5.1.4,3.43,17.0,3200,-1441,54038,30823,-4836,54003,30340,-1650.05,44169.91,24630.19,-1427.22,44819.00,24179.33,0.00,0.00,0.00,222.83,649.09,-450.86,821.12,821.12,0.385,0.113,0.999,-3.750,-0.719,0.328,8375,348.1,0,0.9304,0.1053,0.3213,-0.1417,345.4,38.9,0.0
853336,2026-09-17_13-40-46.337-240,v5.1.4,3.43,17.0,3200,-1437,54058,30647,-4956,53987,30186,-1646.53,44189.27,24486.30,-1547.95,44799.99,24074.09,0.00,0.00,0.00,98.58,610.73,-412.22,743.39,743.39,0.382,0.115,1.000,-3.953,-0.422,-0.266,8380,333.9,0,0.9302,0.1056,0.3214,-0.1420,345.4,38.9,0.0
853441,2026-09-17_13-40-46.441-240,v5.1.4,3.43,17.0,3200,-1389,54018,30924,-4936,53953,30431,-1607.25,44151.20,24712.74,-1494.68,44778.85,24267.54,0.00,0.00,0.00,112.57,627.64,-445.20,777.69,777.69,0.382,0.115,0.998,-4.062,-0.500,0.266,8380,340.3,0,0.9302,0.1055,0.3215,-0.1421,345.4,38.9,0.0
853545,2026-09-17_13-40-46.546-240,v5.1.4,3.43,17.0,3200,-1441,54001,30721,-4931,53930,30240,-1649.61,44141.01,24547.31,-1517.75,44755.20,24114.49,0.00,0.00,0.00,131.86,614.19,-432.82,762.85,762.85,0.382,0.114,1.002,-3.547,-0.672,0.188,8373,337.6,0,0.9303,0.1057,0.3214,-0.1419,345.4,38.9,0.0
853650,2026-09-17_13-40-47.650-240,v5.1.4,3.43,17.0,3200,-1490,53994,30955,-4979,53951,30379,-1690.45,44131.91,24738.50,-1537.59,44775.18,24232.31,0.00,0.00,0.00,152.85,643.26,-506.19,832.69,832.69,0.384,0.115,1.000,-3.516,-1.125,0.438,8381,350.1,0,0.9306,0.1056,0.3207,-0.1416,345.4,38.8,0.0
853754,2026-09-17_13-40-47.755-240,v5.1.4,3.43,17.0,3200,-1513,53969,30903,-4973,53919,30421,-1709.15,44112.35,24696.36,-1525.54,44750.20,24265.52,0.00,0.00,0.00,183.60,637.85,-430.85,791.32,791.32,0.385,0.115,0.999,-3.359,-0.547,0.109,8377,342.8,0,0.9306,0.1059,0.3205,-0.1414,345.5,38.8,0.0
853859,2026-09-17_13-40-47.859-240,v5.1.4,3.43,17.0,3200,-1511,54010,30908,-4988,53934,30456,-1707.77,44146.11,24700.02,-1533.23,44763.12,24295.46,0.00,0.00,0.00,174.53,617.01,-404.56,758.18,758.18,0.386,0.115,1.002,-3.750,-0.672,0.141,8377,336.7,0,0.9307,0.1058,0.3203,-0.1415,345.5,38.8,0.0
853963,2026-09-17_13-40-47.964-240,v5.1.4,3.43,17.0,3200,-1489,54025,30871,-4937,53966,30356,-1689.65,44158.88,24669.61,-1506.85,44787.52,24207.53,0.00,0.00,0.00,182.80,628.64,-462.08,801.33,801.33,0.381,0.117,1.002,-3.625,-0.453,0.172,8387,344.6,0,0.9305,0.1062,0.3207,-0.1414,345.5,38.8,0.0
854078,2026-09-17_13-40-47.078-240,v5.1.4,3.43,17.0,3200,-1413,53790,30871,-4874,53730,30284,-1625.48,43963.95,24671.90,-1458.29,44593.76,24144.49,0.00,0.00,0.00,167.19,629.80,-527.41,838.31,838.31,0.381,0.115,1.004,-3.703,-0.797,-0.016,8386,351.1,0,0.9305,0.1062,0.3208,-0.1416,345.5,38.8,0.0
854182,2026-09-17_13-40-47.183-240,v5.1.4,3.43,17.0,3200,-1464,53898,30806,-4951,53838,30264,-1668.10,44054.76,24617.82,-1527.88,44680.28,24138.08,0.00,0.00,0.00,140.22,625.52,-479.74,800.68,800.68,0.379,0.114,1.003,-3.875,-0.812,0.125,8380,344.5,0,0.9304,0.1060,0.3210,-0.1418,345.4,38.9,0.0
854287,2026-09-17_13-40-47.287-240,v5.1.4,3.43,17.0,3200,-1569,53966,30783,-5070,53895,30280,-1755.07,44112.41,24598.55,-1625.20,44725.37,24167.42,0.00,0.00,0.00,129.86,612.96,-431.14,760.57,760.57,0.383,0.117,0.974,-3.656,-0.438,0.203,8380,337.2,0,0.9307,0.1062,0.3201,-0.1416,345.5,38.7,0.0
854392,2026-09-17_13-40-47.393-240,v5.1.4,3.43,17.0,3200,-1499,54073,30651,-4951,53979,30119,-1697.76,44202.23,24489.54,-1553.37,44791.80,24019.92,0.00,0.00,0.00,144.39,589.57,-469.62,767.45,767.45,0.382,0.115,0.997,-3.953,-0.781,-0.156,8383,338.4,0,0.9307,0.1062,0.3200,-0.1420,345.4,38.7,0.0
854496,2026-09-17_13-40-47.497-240,v5.1.4,3.43,17.0,3200,-1506,54104,30786,-4979,54045,30297,-1704.00,44225.71,24599.44,-1552.45,44849.90,24165.27,0.00,0.00,0.00,151.55,624.19,-434.17,775.29,775.29,0.385,0.115,1.031,-3.859,-0.797,0.281,8377,339.9,0,0.9304,0.1059,0.3207,-0.1421,345.4,38.8,0.0
854601,2026-09-17_13-40-48.602-240,v5.1.4,3.43,17.0,3200,-1460,54105,30803,-4935,54047,30336,-1666.11,44225.79,24613.21,-1510.61,44853.25,24189.96,0.00,0.00,0.00,155.49,627.47,-423.25,772.68,772.68,0.384,0.114,1.001,-3.750,-0.438,-0.219,8377,339.4,0,0.9303,0.1061,0.3209,-0.1423,345.4,38.8,0.0
854705,2026-09-17_13-40-48.706-240,v5.1.4,3.43,17.0,3200,-1483,54130,30794,-4970,54043,30323,-1685.21,44246.82,24605.65,-1541.18,44849.08,24184.76,0.00,0.00,0.00,144.03,602.26,-420.88,748.73,748.73,0.380,0.115,1.003,-4.109,-0.969,-0.109,8385,334.9,0,0.9303,0.1061,0.3209,-0.1427,345.3,38.8,0.0
854810,2026-09-17_13-40-48.811-240,v5.1.4,3.43,17.0,3200,-1295,54180,30767,-4828,54136,30356,-1530.45,44286.63,24582.70,-1422.38,44928.26,24188.83,0.00,0.00,0.00,108.07,641.63,-393.86,760.59,760.59,0.381,0.115,1.000,-4.125,-0.859,0.078,8382,337.2,0,0.9303,0.1060,0.3208,-0.1429,345.3,38.8,0.0
854914,2026-09-17_13-40-48.915-240,v5.1.4,3.43,17.0,3200,-1430,54057,30864,-4895,54033,30397,-1641.18,44184.82,24663.44,-1468.36,44844.03,24233.08,0.00,0.00,0.00,172.82,659.21,-430.36,806.00,806.00,0.381,0.116,0.998,-3.797,-0.781,0.203,8378,345.4,0,0.9303,0.1062,0.3207,-0.1428,345.3,38.8,0.0
855019,2026-09-17_13-40-48.020-240,v5.1.4,3.43,17.0,3200,-1459,54157,30791,-4954,54091,30282,-1665.59,44268.93,24602.87,-1535.48,44887.52,24148.88,0.00,0.00,0.00,130.11,618.59,-453.99,778.26,778.26,0.384,0.116,1.001,-3.594,-0.812,0.125,8378,340.4,0,0.9304,0.1065,0.3205,-0.1427,345.3,38.8,0.0
855123,2026-09-17_13-40-48.124-240,v5.1.4,3.43,17.0,3200,-1511,54106,30772,-4991,54070,30262,-1708.11,44227.64,24588.00,-1568.20,44869.24,24138.65,0.00,0.00,0.00,139.91,641.59,-449.34,795.69,795.69,0.383,0.119,0.999,-3.828,-1.094,0.344,8380,343.6,0,0.9305,0.1065,0.3200,-0.1425,345.4,38.8,0.0
855228,2026-09-17_13-40-48.229-240,v5.1.4,3.43,17.0,3200,-1544,53980,30788,-5018,53929,30297,-1734.55,44123.63,24602.44,-1580.98,44754.44,24172.84,0.00,0.00,0.00,153.57,630.81,-429.60,778.50,778.50,0.382,0.115,1.000,-4.031,-1.047,0.094,8373,340.5,0,0.9306,0.1062,0.3199,-0.1428,345.3,38.7,0.0
855333,2026-09-17_13-40-48.333-240,v5.1.4,3.43,17.0,3200,-1445,54010,30785,-4984,53937,30330,-1653.10,44147.44,24599.47,-1548.43,44762.38,24194.10,0.00,0.00,0.00,104.67,614.95,-405.37,743.93,743.93,0.382,0.116,1.003,-4.016,-0.375,0.312,8381,334.0,0,0.9304,0.1062,0.3204,-0.1428,345.3,38.8,0.0
855437,2026-09-17_13-40-48.438-240,v5.1.4,3.43,17.0,3200,-1576,54043,30806,-5076,54008,30311,-1761.37,44175.71,24616.54,-1629.08,44818.44,24191.28,0.00,0.00,0.00,132.29,642.73,-425.26,781.95,781.95,0.384,0.117,0.999,-3.766,-0.766,-3.156,8381,341.1,0,0.9300,0.1082,0.3199,-0.1450,345.1,38.8,0.0
855552,2026-09-17_13-40-48.552-240,v5.1.4,3.43,17.0,3200,-1417,53981,30786,-4872,53893,30283,-1629.83,44123.17,24600.53,-1461.79,44727.02,24140.80,0.00,0.00,0.00,168.03,603.84,-459.73,777.31,777.31,0.383,0.114,1.000,-3.875,-0.844,-0.250,8378,340.2,0,0.9300,0.1081,0.3198,-0.1454,345.0,38.8,0.0
855656,2026-09-17_13-40-49.657-240,v5.1.4,3.43,17.0,3200,-1210,54001,30788,-4754,53954,30335,-1459.26,44137.53,24601.52,-1358.98,44780.14,24164.09,0.00,0.00,0.00,100.28,642.61,-437.43,783.81,783.81,0.385,0.117,1.002,-3.734,-0.750,-0.188,8383,341.4,0,0.9300,0.1084,0.3197,-0.1454,345.0,38.8,0.0
855761,2026-09-17_13-40-49.761-240,v5.1.4,3.43,17.0,3200,-1407,54044,30795,-4908,53987,30300,-1622.00,44174.97,24607.20,-1491.81,44803.71,24158.18,0.00,0.00,0.00,130.19,628.74,-449.03,783.51,783.51,0.383,0.117,1.001,-3.859,-0.562,0.031,8383,341.4,0,0.9299,0.1084,0.3199,-0.1454,345.0,38.8,0.0
855865,2026-09-17_13-40-49.866-240,v5.1.4,3.43,17.0,3200,-1370,54032,30806,-4851,54007,30337,-1591.43,44164.50,24616.23,-1440.12,44821.95,24179.07,0.00,0.00,0.00,151.31,657.45,-437.15,803.89,803.89,0.382,0.116,1.001,-3.969,-1.297,0.312,8385,345.0,0,0.9301,0.1080,0.3196,-0.1454,345.0,38.7,0.0
855970,2026-09-17_13-40-49.970-240,v5.1.4,3.43,17.0,3200,-1393,54023,30839,-4825,53979,30339,-1610.41,44156.76,24643.31,-1417.58,44799.52,24177.30,0.00,0.00,0.00,192.83,642.76,-466.01,817.00,817.00,0.386,0.114,1.001,-3.094,-0.594,0.000,8368,347.4,0,0.9301,0.1084,0.3194,-0.1451,345.1,38.7,0.0
856074,2026-09-17_13-40-49.075-240,v5.1.4,3.43,17.0,3200,-1402,53993,30814,-4811,53949,30315,-1617.59,44132.48,24623.23,-1408.65,44774.61,24156.54,0.00,0.00,0.00,208.94,642.13,-466.69,820.84,820.84,0.381,0.115,1.001,-3.531,-0.672,0.203,8383,348.0,0,0.9301,0.1083,0.3197,-0.1449,345.1,38.8,0.0
856179,2026-09-17_13-40-49.180-240,v5.1.4,3.43,17.0,3200,-1350,53968,30798,-4747,53911,30272,-1574.52,44111.55,24610.32,-1361.10,44743.47,24113.38,0.00,0.00,0.00,213.42,631.92,-496.94,831.76,831.76,0.381,0.113,1.000,-3.688,-0.750,0.359,8383,350.0,0,0.9301,0.1080,0.3200,-0.1447,345.1,38.8,0.0
856284,2026-09-17_13-40-49.285-240,v5.1.4,3.43,17.0,3200,-1314,53984,30776,-4818,53925,30328,-1544.89,44124.75,24592.12,-1411.77,44755.21,24168.34,0.00,0.00,0.00,133.12,630.46,-423.78,771.22,771.22,0.380,0.116,1.001,-4.031,-0.438,-0.031,8382,339.1,0,0.9299,0.1080,0.3205,-0.1449,345.1,38.8,0.0
856389,2026-09-17_13-40-49.390-240,v5.1.4,3.43,17.0,3200,-1251,54031,30770,-4799,53990,30186,-1493.22,44163.03,24586.60,-1418.86,44804.99,24051.01,0.00,0.00,0.00,74.36,641.96,-535.59,839.35,839.35,0.382,0.114,1.000,-3.812,-0.516,-0.016,8379,351.3,0,0.9298,0.1079,0.3207,-0.1449,345.1,38.9,0.0
856494,2026-09-17_13-40-49.494-240,v5.1.4,3.43,17.0,3200,-1229,54057,30692,-4770,53994,30257,-1475.09,44185.55,24522.61,-1384.76,44810.56,24103.44,0.00,0.00,0.00,90.33,625.00,-419.17,757.95,757.95,0.384,0.115,1.002,-3.828,-0.156,0.297,8379,336.7,0,0.9297,0.1078,0.3211,-0.1446,345.1,38.9,0.0
856598,2026-09-17_13-40-50.599-240,v5.1.4,3.43,17.0,3200,-1449,53979,30766,-4915,53939,30240,-1656.16,44122.18,24584.29,-1504.86,44762.81,24112.00,0.00,0.00,0.00,151.30,640.63,-472.29,810.16,810.16,0.382,0.117,1.002,-3.688,-0.859,0.094,8379,346.2,0,0.9298,0.1079,0.3208,-0.1445,345.2,38.9,0.0
856703,2026-09-17_13-40-50.704-240,v5.1.4,3.43,17.0,3200,-1480,53973,30662,-4965,53880,30172,-1681.48,44119.24,24499.52,-1554.12,44712.01,24065.92,0.00,0.00,0.00,127.36,592.77,-433.60,745.39,745.39,0.380,0.116,1.001,-3.953,-0.516,0.531,8386,334.3,0,0.9298,0.1076,0.3211,-0.1442,345.2,38.9,0.0
856808,2026-09-17_13-40-50.809-240,v5.1.4,3.43,17.0,3200,-1495,53970,30756,-4968,53885,30287,-1694.02,44115.38,24576.32,-1539.95,44719.02,24158.21,0.00,0.00,0.00,154.07,603.64,-418.11,750.29,750.29,0.386,0.117,1.000,-3.625,-0.812,-0.109,8387,335.2,0,0.9300,0.1078,0.3205,-0.1442,345.2,38.8,0.0
856913,2026-09-17_13-40-50.914-240,v5.1.4,3.43,17.0,3200,-1506,54011,30766,-4918,53959,30249,-1703.37,44149.21,24584.08,-1506.63,44779.34,24119.32,0.00,0.00,0.00,196.74,630.14,-464.76,807.33,807.33,0.381,0.115,1.002,-3.609,-0.547,0.703,8387,345.6,0,0.9300,0.1074,0.3207,-0.1437,345.2,38.9,0.0
857028,2026-09-17_13-40-50.028-240,v5.1.4,3.43,17.0,3200,-1165,53954,30970,-4696,53871,30393,-1422.22,44095.26,24750.49,-1300.24,44714.72,24203.26,0.00,0.00,0.00,121.97,619.46,-547.22,835.50,835.50,0.383,0.113,1.004,-4.172,-0.922,0.656,8384,350.6,0,0.9302,0.1066,0.3207,-0.1435,345.2,38.8,0.0
857132,2026-09-17_13-40-50.133-240,v5.1.4,3.43,17.0,3200,-1476,53943,30944,-4954,53878,30460,-1678.55,44089.81,24730.03,-1502.96,44718.00,24294.56,0.00,0.00,0.00,175.59,628.18,-435.47,784.27,784.27,0.384,0.116,1.001,-3.312,-0.266,-0.156,8378,341.5,0,0.9301,0.1072,0.3207,-0.1433,345.3,38.9,0.0
857237,2026-09-17_13-40-50.237-240,v5.1.4,3.43,17.0,3200,-1487,53952,30855,-4961,53884,30365,-1687.50,44098.82,24657.30,-1522.77,44720.33,24219.55,0.00,0.00,0.00,164.73,621.52,-437.76,777.85,777.85,0.384,0.115,1.001,-3.781,-0.734,-0.125,8382,340.3,0,0.9302,0.1072,0.3205,-0.1434,345.3,38.8,0.0
857341,2026-09-17_13-40-50.342-240,v5.1.4,3.43,17.0,3200,-1510,53987,30858,-4927,53900,30360,-1706.70,44127.92,24659.44,-1496.02,44733.83,24210.31,0.00,0.00,0.00,210.68,605.91,-449.13,783.09,783.09,0.387,0.113,0.998,-4.094,-0.469,-0.391,8382,341.3,0,0.9302,0.1069,0.3202,-0.1440,345.2,38.8,0.0
857445,2026-09-17_13-40-50.446-240,v5.1.4,3.43,17.0,3200,-1470,54009,30864,-4942,53916,30372,-1673.86,44145.58,24664.02,-1507.10,44746.98,24221.85,0.00,0.00,0.00,166.77,601.39,-442.17,764.85,764.85,0.382,0.115,0.973,-3.766,-0.672,0.188,8384,337.9,0,0.9305,0.1070,0.3193,-0.1438,345.2,38.7,0.0
857550,2026-09-17_13-40-50.551-240,v5.1.4,3.43,17.0,3200,-1235,53963,30854,-4770,53912,30253,-1479.77,44105.32,24655.85,-1382.83,44743.42,24101.55,0.00,0.00,0.00,96.94,638.11,-554.29,850.78,850.78,0.380,0.116,1.004,-3.297,-0.562,0.141,8392,353.3,0,0.9304,0.1076,0.3198,-0.1432,345.3,38.8,0.0
857655,2026-09-17_13-40-51.655-240,v5.1.4,3.43,17.0,3200,-1428,53924,30851,-4877,53847,30366,-1638.66,44075.14,24654.21,-1452.38,44691.48,24208.61,0.00,0.00,0.00,186.29,616.34,-445.59,783.02,783.02,0.381,0.114,1.002,-3.969,-0.859,0.469,8387,341.3,0,0.9304,0.1069,0.3200,-0.1432,345.3,38.8,0.0
857759,2026-09-17_13-40-51.760-240,v5.1.4,3.43,17.0,3200,-1437,53914,30813,-4929,53822,30292,-1645.95,44067.59,24623.31,-1505.20,44668.28,24157.49,0.00,0.00,0.00,140.75,600.69,-465.82,773.07,773.07,0.381,0.115,1.006,-4.016,-0.672,-0.266,8387,339.5,0,0.9302,0.1070,0.3204,-0.1436,345.2,38.8,0.0
857864,2026-09-17_13-40-51.864-240,v5.1.4,3.43,17.0,3200,-1446,53917,30781,-4930,53817,30249,-1653.32,44070.68,24597.17,-1512.15,44663.07,24123.34,0.00,0.00,0.00,141.18,592.39,-473.84,771.60,771.60,0.380,0.114,1.002,-3.766,-0.500,-0.312,8387,339.2,0,0.9300,0.1072,0.3208,-0.1439,345.2,38.9,0.0
857968,2026-09-17_13-40-51.969-240,v5.1.4,3.43,17.0,3200,-1494,53902,30774,-4943,53802,30304,-1692.80,44058.90,24591.72,-1514.35,44652.02,24169.45,0.00,0.00,0.00,178.44,593.12,-422.27,749.62,749.62,0.381,0.115,1.001,-3.797,-0.859,-0.266,8389,335.1,0,0.9300,0.1074,0.3206,-0.1441,345.2,38.9,0.0
858073,2026-09-17_13-40-51.073-240,v5.1.4,3.43,17.0,3200,-1495,53818,30799,-4970,53740,30278,-1693.14,43989.11,24613.00,-1538.46,44600.22,24153.62,0.00,0.00,0.00,154.67,611.11,-459.38,780.01,780.01,0.382,0.117,0.999,-3.938,-0.734,0.078,8392,340.7,0,0.9300,0.1073,0.3205,-0.1442,345.2,38.8,0.0
858177,2026-09-17_13-40-51.178-240,v5.1.4,3.43,17.0,3200,-1489,53965,30804,-4938,53898,30232,-1689.13,44110.41,24615.54,-1523.69,44728.71,24109.63,0.00,0.00,0.00,165.44,618.30,-505.91,815.85,815.85,0.383,0.116,1.005,-3.969,-0.328,0.250,8392,347.2,0,0.9299,0.1072,0.3209,-0.1442,345.2,38.9,0.0
858282,2026-09-17_13-40-51.282-240,v5.1.4,3.43,17.0,3200,-1451,54053,30798,-4927,53956,30340,-1658.34,44182.81,24609.65,-1500.65,44779.09,24193.43,0.00,0.00,0.00,157.69,596.28,-416.22,744.08,744.08,0.380,0.115,1.003,-4.250,-0.688,0.297,8393,334.1,0,0.9299,0.1068,0.3211,-0.1442,345.1,38.9,0.0
858386,2026-09-17_13-40-51.387-240,v5.1.4,3.43,17.0,3200,-1440,54046,30797,-4947,53983,30286,-1649.23,44176.93,24608.88,-1525.82,44799.45,24152.77,0.00,0.00,0.00,123.40,622.52,-456.12,781.54,781.54,0.384,0.116,1.000,-3.844,-1.047,0.203,8378,341.0,0,0.9301,0.1068,0.3205,-0.1441,345.2,38.8,0.0
858500,2026-09-17_13-40-51.501-240,v5.1.4,3.43,17.0,3200,-1447,54077,30770,-4935,54027,30267,-1655.14,44203.06,24586.53,-1520.07,44835.12,24135.12,0.00,0.00,0.00,135.07,632.06,-451.41,788.37,788.37,0.382,0.116,1.002,-3.062,-0.312,0.234,8378,342.2,0,0.9300,0.1076,0.3208,-0.1434,345.3,38.9,0.0
858605,2026-09-17_13-40-52.606-240,v5.1.4,3.43,17.0,3200,-1500,54078,30774,-4983,54015,30294,-1698.86,44204.36,24589.90,-1555.26,44825.23,24163.93,0.00,0.00,0.00,143.60,620.87,-425.97,766.52,766.52,0.382,0.117,0.997,-3.797,-0.453,0.438,8397,338.3,0,0.9301,0.1074,0.3208,-0.1431,345.3,38.9,0.0
858709,2026-09-17_13-40-52.710-240,v5.1.4,3.43,17.0,3200,-1524,54051,30801,-4993,53977,30278,-1718.53,44181.87,24612.27,-1564.65,44793.59,24153.22,0.00,0.00,0.00,153.88,611.73,-459.05,780.14,780.14,0.384,0.118,0.999,-3.734,-0.578,0.234,8392,340.7,0,0.9302,0.1074,0.3207,-0.1430,345.3,38.8,0.0
858814,2026-09-17_13-40-52.815-240,v5.1.4,3.43,17.0,3200,-1555,54065,30842,-5023,54010,30381,-1744.27,44193.09,24645.66,-1575.31,44822.74,24239.43,0.00,0.00,0.00,168.96,629.66,-406.23,768.14,768.14,0.381,0.113,1.003,-3.656,-0.906,0.297,8385,338.6,0,0.9302,0.1069,0.3206,-0.1429,345.3,38.8,0.0
858919,2026-09-17_13-40-52.919-240,v5.1.4,3.43,17.0,3200,-1530,53988,30790,-4990,53906,30304,-1723.06,44130.06,24603.96,-1556.21,44736.27,24174.69,0.00,0.00,0.00,166.85,606.21,-429.27,761.31,761.31,0.384,0.117,1.002,-3.781,-0.422,-0.047,8385,337.3,0,0.9302,0.1070,0.3207,-0.1430,345.3,38.8,0.0
859023,2026-09-17_13-40-52.024-240,v5.1.4,3.43,17.0,3200,-1407,53960,30767,-4870,53895,30300,-1621.41,44106.03,24585.22,-1457.73,44729.12,24154.06,0.00,0.00,0.00,163.68,623.09,-431.15,775.19,775.19,0.382,0.116,1.002,-3.594,-0.672,0.188,8398,339.8,0,0.9302,0.1071,0.3207,-0.1428,345.4,38.8,0.0
859128,2026-09-17_13-40-52.128-240,v5.1.4,3.43,17.0,3200,-1687,53969,30792,-5170,53905,30320,-1852.41,44115.96,24606.12,-1701.95,44732.95,24213.90,0.00,0.00,0.00,150.46,617.00,-392.21,746.43,746.43,0.383,0.114,1.003,-3.859,-0.953,0.094,8389,334.5,0,0.9303,0.1066,0.3205,-0.1430,345.3,38.8,0.0
859232,2026-09-17_13-40-52.233-240,v5.1.4,3.43,17.0,3200,-1546,53973,30801,-5103,53904,30259,-1736.18,44117.65,24613.13,-1655.70,44731.64,24155.33,0.00,0.00,0.00,80.48,613.99,-457.80,770.09,770.09,0.380,0.116,0.998,-4.094,-0.953,-0.078,8384,338.9,0,0.9303,0.1065,0.3204,-0.1433,345.2,38.8,0.0
859337,2026-09-17_13-40-52.337-240,v5.1.4,3.42,17.0,3200,-1566,54015,30852,-5030,53944,30409,-1753.04,44151.73,24654.37,-1574.96,44769.40,24263.89,0.00,0.00,0.00,178.08,617.67,-390.48,752.13,752.13,0.382,0.116,1.004,-3.594,-0.703,0.031,8384,335.6,0,0.9303,0.1068,0.3205,-0.1432,345.3,38.8,0.0
859441,2026-09-17_13-40-52.442-240,v5.1.4,3.42,17.0,3200,-1491,54030,30760,-4939,53938,30295,-1691.11,44164.85,24578.95,-1516.55,44763.02,24159.50,0.00,0.00,0.00,174.56,598.18,-419.45,751.15,751.15,0.382,0.115,0.997,-4.109,-0.984,0.234,8390,335.4,0,0.9304,0.1064,0.3202,-0.1433,345.2,38.8,0.0
859546,2026-09-17_13-40-52.546-240,v5.1.4,3.42,17.0,3200,-1220,53982,30800,-4731,53899,30252,-1467.41,44121.74,24611.54,-1350.49,44733.40,24095.24,0.00,0.00,0.00,116.92,611.66,-516.30,808.93,808.93,0.382,0.113,1.003,-3.547,-0.766,0.406,8395,345.9,0,0.9304,0.1064,0.3204,-0.1428,345.3,38.8,0.0
859650,2026-09-17_13-40-53.651-240,v5.1.4,3.42,17.0,3200,-1433,53970,30823,-4869,53889,30394,-1643.02,44113.65,24630.88,-1442.99,44726.66,24229.16,0.00,0.00,0.00,200.03,613.01,-401.72,759.72,759.72,0.383,0.116,0.998,-4.000,-0.453,0.688,8395,337.0,0,0.9304,0.1061,0.3205,-0.1424,345.4,38.8,0.0
859755,2026-09-17_13-40-53.755-240,v5.1.4,3.42,17.0,3200,-1438,54002,30818,-4907,53910,30360,-1647.34,44140.22,24626.48,-1479.87,44742.33,24207.22,0.00,0.00,0.00,167.47,602.11,-419.26,752.57,752.57,0.383,0.115,1.001,-3.359,-0.938,0.078,8405,335.7,0,0.9305,0.1064,0.3203,-0.1422,345.4,38.8,0.0
859859,2026-09-17_13-40-53.860-240,v5.1.4,3.42,17.0,3200,-1403,54035,30799,-4886,53978,30298,-1618.65,44167.43,24610.55,-1473.73,44796.66,24153.49,0.00,0.00,0.00,144.92,629.23,-457.06,791.10,791.10,0.381,0.112,0.970,-3.812,-0.750,-0.016,8394,342.7,0,0.9309,0.1063,0.3194,-0.1422,345.4,38.7,0.0
859975,2026-09-17_13-40-53.975-240,v5.1.4,3.42,17.0,3200,-1434,53962,30733,-4959,53845,30195,-1643.62,44108.52,24557.50,-1544.75,44684.09,24083.98,0.00,0.00,0.00,98.87,575.57,-473.52,751.85,751.85,0.382,0.113,0.999,-4.031,-0.562,-0.281,8392,335.5,0,0.9306,0.1063,0.3198,-0.1426,345.3,38.7,0.0
860079,2026-09-17_13-40-53.080-240,v5.1.4,3.42,17.0,3200,-1503,53978,30690,-4977,53864,30162,-1700.53,44123.15,24522.37,-1564.96,44698.48,24059.94,0.00,0.00,0.00,135.57,575.33,-462.43,750.48,750.48,0.386,0.117,1.003,-3.938,-0.844,0.016,8392,335.3,0,0.9307,0.1063,0.3196,-0.1427,345.3,38.7,0.0
860184,2026-09-17_13-40-53.185-240,v5.1.4,3.42,17.0,3200,-1396,54002,30703,-4855,53915,30183,-1612.47,44141.66,24532.51,-1463.08,44742.69,24058.02,0.00,0.00,0.00,149.40,601.03,-474.50,780.19,780.19,0.381,0.115,1.003,-3.922,-0.453,-0.047,8389,340.8,0,0.9305,0.1064,0.3202,-0.1428,345.3,38.8,0.0
860289,2026-09-17_13-40-53.289-240,v5.1.4,3.42,17.0,3200,-1476,54031,30700,-4946,53955,30208,-1678.62,44166.50,24529.93,-1535.53,44774.56,24090.71,0.00,0.00,0.00,143.09,608.07,-439.21,763.63,763.63,0.382,0.114,1.001,-4.109,-0.750,0.344,8397,337.7,0,0.9305,0.1061,0.3204,-0.1427,345.3,38.8,0.0
860393,2026-09-17_13-40-53.394-240,v5.1.4,3.42,17.0,3200,-1279,54010,30747,-4805,53929,30189,-1516.13,44146.34,24568.10,-1421.49,44755.10,24055.26,0.00,0.00,0.00,94.64,608.76,-512.85,801.60,801.60,0.383,0.118,1.002,-3.844,-0.219,-0.609,8391,344.6,0,0.9302,0.1069,0.3208,-0.1429,345.3,38.9,0.0
860497,2026-09-17_13-40-53.498-240,v5.1.4,3.42,17.0,3200,-1437,54003,30720,-4898,53900,30235,-1646.32,44142.64,24546.47,-1490.41,44731.07,24106.13,0.00,0.00,0.00,155.92,588.44,-440.34,751.31,751.31,0.381,0.113,1.004,-3.828,-0.750,0.141,8391,335.4,0,0.9302,0.1067,0.3209,-0.1430,345.3,38.9,0.0
860602,2026-09-17_13-40-54.603-240,v5.1.4,3.42,17.0,3200,-1485,53959,30719,-4901,53874,30235,-1685.62,44106.79,24546.21,-1492.08,44709.77,24106.99,0.00,0.00,0.00,193.55,602.98,-439.22,770.69,770.69,0.381,0.112,1.002,-3.547,-0.672,-0.344,8396,339.0,0,0.9301,0.1068,0.3210,-0.1432,345.3,38.9,0.0
860707,2026-09-17_13-40-54.707-240,v5.1.4,3.42,17.0,3200,-1500,53950,30704,-4971,53850,30226,-1697.91,44099.76,24534.09,-1550.25,44688.79,24110.44,0.00,0.00,0.00,147.66,589.03,-423.64,740.43,740.43,0.382,0.118,1.003,-4.172,-0.672,0.438,8390,333.4,0,0.9301,0.1066,0.3211,-0.1431,345.3,38.9,0.0
860811,2026-09-17_13-40-54.812-240,v5.1.4,3.42,17.0,3200,-1519,53998,30847,-4956,53906,30302,-1714.17,44137.28,24650.36,-1528.53,44736.77,24168.10,0.00,0.00,0.00,185.64,599.50,-482.26,791.47,791.47,0.387,0.115,1.000,-3.406,-0.438,0.281,8393,342.8,0,0.9302,0.1067,0.3207,-0.1427,345.3,38.8,0.0
860916,2026-09-17_13-40-54.917-240,v5.1.4,3.42,17.0,3200,-1277,54013,30814,-4791,53956,30367,-1514.64,44147.71,24622.76,-1384.81,44781.99,24195.06,0.00,0.00,0.00,129.82,634.29,-427.70,775.95,775.95,0.380,0.114,1.000,-3.609,-0.625,-0.016,8393,340.0,0,0.9302,0.1070,0.3209,-0.1427,345.4,38.9,0.0
861020,2026-09-17_13-40-54.021-240,v5.1.4,3.42,17.0,3200,-1492,54054,30867,-4927,53971,30397,-1692.30,44182.94,24666.05,-1492.79,44792.83,24238.76,0.00,0.00,0.00,199.51,609.89,-427.29,770.94,770.94,0.382,0.113,1.003,-3.469,-0.734,-0.328,8388,339.1,0,0.9301,0.1071,0.3208,-0.1429,345.3,38.9,0.0
861125,2026-09-17_13-40-54.126-240,v5.1.4,3.42,17.0,3200,-1442,53992,30810,-4868,53946,30244,-1650.56,44132.13,24620.06,-1465.82,44769.40,24108.19,0.00,0.00,0.00,184.74,637.27,-511.87,838.00,838.00,0.383,0.112,1.000,-3.844,-1.062,-0.672,8390,351.0,0,0.9302,0.1071,0.3204,-0.1436,345.2,38.8,0.0
861229,2026-09-17_13-40-54.230-240,v5.1.4,3.42,17.0,3200,-1436,53965,30874,-4908,53922,30362,-1645.57,44108.72,24672.57,-1480.77,44752.18,24208.77,0.00,0.00,0.00,164.80,643.46,-463.80,810.13,810.13,0.385,0.114,1.001,-3.703,-0.266,0.375,8390,346.1,0,0.9302,0.1069,0.3206,-0.1434,345.3,38.8,0.0
861334,2026-09-17_13-40-54.335-240,v5.1.4,3.42,17.0,3200,-1441,53964,30845,-4914,53899,30344,-1649.63,44108.42,24648.92,-1487.63,44732.81,24195.63,0.00,0.00,0.00,162.00,624.39,-453.29,788.41,788.41,0.383,0.112,0.998,-3.797,-0.406,0.547,8395,342.3,0,0.9302,0.1064,0.3207,-0.1432,345.3,38.8,0.0
861448,2026-09-17_13-40-54.449-240,v5.1.4,3.42,17.0,3200,-1452,53963,30774,-4919,53900,30269,-1658.55,44108.86,24591.00,-1502.72,44731.61,24136.39,0.00,0.00,0.00,155.83,622.75,-454.60,786.61,786.61,0.380,0.115,1.001,-4.078,-0.625,-0.109,8401,341.9,0,0.9301,0.1065,0.3209,-0.1435,345.2,38.9,0.0
861553,2026-09-17_13-40-54.554-240,v5.1.4,3.42,17.0,3200,-1459,53957,30799,-4956,53885,30309,-1664.33,44103.57,24611.48,-1526.87,44719.79,24174.03,0.00,0.00,0.00,137.47,616.21,-437.45,768.10,768.10,0.383,0.115,0.998,-3.750,-0.500,-0.031,8397,338.5,0,0.9301,0.1068,0.3208,-0.1434,345.2,38.9,0.0
861658,2026-09-17_13-40-55.659-240,v5.1.4,3.42,17.0,3200,-1481,53915,30634,-4928,53819,30087,-1681.88,44071.79,24477.27,-1534.21,44660.55,23993.51,0.00,0.00,0.00,147.66,588.76,-483.76,776.19,776.19,0.382,0.117,0.999,-3.797,-0.859,0.672,8397,340.0,0,0.9303,0.1066,0.3206,-0.1430,345.3,38.8,0.0
861763,2026-09-17_13-40-55.764-240,v5.1.4,3.42,17.0,3200,-1489,53949,30778,-4991,53901,30240,-1688.98,44097.61,24594.48,-1566.23,44730.52,24123.76,0.00,0.00,0.00,122.75,632.91,-470.72,798.26,798.26,0.380,0.116,1.001,-3.984,-0.688,0.359,8388,344.0,0,0.9302,0.1065,0.3208,-0.1429,345.3,38.8,0.0
861868,2026-09-17_13-40-55.868-240,v5.1.4,3.42,17.0,3200,-1487,54034,30780,-4965,53947,30300,-1687.87,44167.79,24595.23,-1537.48,44770.09,24167.17,0.00,0.00,0.00,150.39,602.30,-428.05,754.07,754.07,0.381,0.112,0.997,-3.734,-0.953,0.141,8392,335.9,0,0.9304,0.1063,0.3205,-0.1429,345.3,38.8,0.0
861972,2026-09-17_13-40-55.973-240,v5.1.4,3.42,17.0,3200,-1504,54074,30789,-4949,53975,30327,-1702.16,44200.86,24602.19,-1521.24,44793.94,24185.96,0.00,0.00,0.00,180.93,593.08,-416.23,746.81,746.81,0.379,0.113,1.002,-3.844,-0.547,-0.203,8394,334.6,0,0.9302,0.1064,0.3209,-0.1432,345.3,38.9,0.0
862077,2026-09-17_13-40-55.077-240,v5.1.4,3.42,17.0,3200,-1283,54088,30780,-4789,53987,30334,-1519.99,44210.29,24594.24,-1388.93,44806.52,24167.90,0.00,0.00,0.00,131.06,596.23,-426.34,744.61,744.61,0.385,0.116,1.002,-3.891,-0.453,0.266,8394,334.2,0,0.9302,0.1065,0.3209,-0.1429,345.3,38.9,0.0
862181,2026-09-17_13-40-55.182-240,v5.1.4,3.42,17.0,3200,-1397,54061,30799,-4889,53947,30301,-1613.87,44188.85,24610.27,-1474.81,44771.35,24156.82,0.00,0.00,0.00,139.06,582.50,-453.44,751.17,751.17,0.384,0.114,1.003,-3.594,-0.688,0.156,8390,335.4,0,0.9303,0.1066,0.3207,-0.1427,345.3,38.8,0.0
862286,2026-09-17_13-40-55.286-240,v5.1.4,3.42,17.0,3200,-1445,54084,30807,-4936,53970,30294,-1653.61,44208.21,24616.66,-1515.21,44789.21,24157.76,0.00,0.00,0.00,138.41,580.99,-458.90,753.19,753.19,0.384,0.118,1.002,-3.672,-0.766,0.266,8388,335.8,0,0.9304,0.1068,0.3205,-0.1425,345.4,38.8,0.0
862390,2026-09-17_13-40-55.391-240,v5.1.4,3.42,17.0,3200,-1493,54048,30787,-4858,53910,30279,-1692.92,44179.30,24600.81,-1451.38,44741.04,24135.28,0.00,0.00,0.00,241.55,561.74,-465.53,768.52,768.52,0.380,0.115,1.001,-3.812,-0.797,0.250,8388,338.6,0,0.9304,0.1067,0.3205,-0.1424,345.4,38.8,0.0
862495,2026-09-17_13-40-55.495-240,v5.1.4,3.42,17.0,3200,-1485,54024,30770,-4954,53887,30253,-1686.14,44159.66,24587.16,-1533.46,44720.01,24128.94,0.00,0.00,0.00,152.68,560.35,-458.22,739.77,739.77,0.383,0.113,1.002,-3.594,-1.062,-0.141,8399,333.3,0,0.9305,0.1067,0.3202,-0.1426,345.4,38.8,0.0
862599,2026-09-17_13-40-56.600-240,v5.1.4,3.42,17.0,3200,-1356,53990,30821,-4871,53895,30241,-1579.65,44129.41,24628.88,-1467.16,44727.58,24107.05,0.00,0.00,0.00,112.49,598.17,-521.83,801.73,801.73,0.382,0.114,1.001,-3.703,-0.766,0.297,8399,344.6,0,0.9305,0.1066,0.3203,-0.1424,345.4,38.8,0.0
862704,2026-09-17_13-40-56.704-240,v5.1.4,3.42,17.0,3200,-1552,53981,30771,-5014,53879,30298,-1741.12,44124.82,24588.57,-1576.01,44713.66,24173.85,0.00,0.00,0.00,165.11,588.84,-414.72,738.91,738.91,0.385,0.115,1.002,-3.656,-0.656,0.156,8397,333.1,0,0.9305,0.1065,0.3201,-0.1424,345.4,38.8,0.0
862808,2026-09-17_13-40-56.809-240,v5.1.4,3.42,17.0,3200,-1577,54059,30789,-5043,53957,30323,-1762.27,44189.22,24602.50,-1598.61,44777.59,24196.84,0.00,0.00,0.00,163.65,588.38,-405.66,733.16,733.16,0.383,0.114,1.001,-3.688,-0.469,-0.266,8397,332.0,0,0.9304,0.1067,0.3203,-0.1427,345.4,38.8,0.0
862923,2026-09-17_13-40-56.923-240,v5.1.4,3.42,17.0,3200,-1421,53966,30779,-4907,53818,30238,-1633.01,44110.94,24594.98,-1494.86,44663.97,24111.15,0.00,0.00,0.00,138.15,553.03,-483.83,747.67,747.67,0.386,0.114,1.002,-3.750,-0.375,0.172,8403,334.7,0,0.9304,0.1065,0.3204,-0.1426,345.4,38.8,0.0
863027,2026-09-17_13-40-56.028-240,v5.1.4,3.42,17.0,3200,-1241,53939,30715,-4750,53818,30282,-1484.28,44087.82,24542.64,-1359.26,44667.65,24123.30,0.00,0.00,0.00,125.03,579.83,-419.35,726.42,726.42,0.381,0.117,1.005,-3.641,-0.875,0.281,8389,330.7,0,0.9304,0.1067,0.3205,-0.1422,345.4,38.8,0.0
863132,2026-09-17_13-40-56.132-240,v5.1.4,3.42,17.0,3200,-1497,53960,30762,-4985,53855,30293,-1695.61,44107.04,24581.32,-1552.14,44694.38,24165.97,0.00,0.00,0.00,143.47,587.34,-415.35,733.53,733.53,0.382,0.115,0.999,-3.766,-0.453,0.141,8393,332.1,0,0.9304,0.1066,0.3206,-0.1422,345.4,38.8,0.0
863236,2026-09-17_13-40-56.237-240,v5.1.4,3.42,17.0,3200,-1412,53995,30779,-4837,53904,30308,-1625.78,44134.80,24594.66,-1429.68,44737.22,24155.47,0.00,0.00,0.00,196.10,602.42,-439.19,770.87,770.87,0.385,0.114,1.001,-3.656,-0.609,0.203,8393,339.1,0,0.9304,0.1065,0.3205,-0.1421,345.4,38.8,0.0
863341,2026-09-17_13-40-56.341-240,v5.1.4,3.42,17.0,3200,-1358,53997,30792,-4859,53879,30316,-1581.29,44135.68,24605.14,-1445.85,44716.63,24165.50,0.00,0.00,0.00,135.44,580.95,-439.64,741.03,741.03,0.382,0.115,0.999,-3.547,-0.781,0.297,8406,333.5,0,0.9305,0.1065,0.3204,-0.1418,345.5,38.8,0.0
863445,2026-09-17_13-40-56.446-240,v5.1.4,3.42,17.0,3200,-1142,53990,30740,-4620,53878,30327,-1403.02,44128.52,24562.31,-1247.56,44719.97,24139.24,0.00,0.00,0.00,155.46,591.45,-423.07,743.62,743.62,0.382,0.116,1.002,-4.141,-0.406,-0.219,8399,334.0,0,0.9303,0.1067,0.3208,-0.1421,345.4,38.8,0.0
863550,2026-09-17_13-40-56.550-240,v5.1.4,3.42,17.0,3200,-1379,53959,30772,-4865,53882,30272,-1598.32,44104.83,24589.25,-1457.30,44717.85,24131.15,0.00,0.00,0.00,141.02,613.02,-458.10,778.16,778.16,0.381,0.116,1.002,-3.469,-0.969,0.438,8399,340.4,0,0.9305,0.1067,0.3206,-0.1417,345.5,38.8,0.0
863655,2026-09-17_13-40-57.656-240,v5.1.4,3.42,17.0,3200,-1404,53943,30781,-4876,53813,30337,-1618.85,44091.73,24596.82,-1454.75,44662.95,24185.83,0.00,0.00,0.00,164.11,571.22,-410.99,722.59,722.59,0.383,0.114,1.000,-3.922,-0.500,0.375,8391,330.0,0,0.9305,0.1062,0.3207,-0.1416,345.5,38.8,0.0
863760,2026-09-17_13-40-57.761-240,v5.1.4,3.42,17.0,3200,-1479,53973,30793,-4883,53849,30275,-1680.92,44117.09,24606.46,-1470.66,44690.66,24136.72,0.00,0.00,0.00,210.25,573.57,-469.74,770.61,770.61,0.383,0.117,1.001,-3.844,-0.984,0.062,8394,339.0,0,0.9306,0.1062,0.3204,-0.1417,345.5,38.8,0.0
863865,2026-09-17_13-40-57.866-240,v5.1.4,3.42,17.0,3200,-1474,54004,30744,-4942,53920,30256,-1676.89,44143.45,24566.12,-1524.16,44747.25,24129.05,0.00,0.00,0.00,152.73,603.80,-437.07,760.88,760.88,0.382,0.115,1.000,-3.750,-0.656,-0.031,8399,337.2,0,0.9305,0.1063,0.3205,-0.1418,345.5,38.8,0.0
863970,2026-09-17_13-40-57.970-240,v5.1.4,3.42,17.0,3200,-1257,54014,30739,-4733,53907,30162,-1498.00,44149.55,24561.49,-1365.52,44737.59,24023.46,0.00,0.00,0.00,132.48,588.04,-538.03,807.97,807.97,0.382,0.115,1.003,-3.375,-0.922,0.109,8399,345.8,0,0.9306,0.1066,0.3204,-0.1415,345.5,38.8,0.0
864074,2026-09-17_13-40-57.075-240,v5.1.4,3.42,17.0,3200,-1485,53964,30512,-4847,53881,30017,-1685.24,44114.30,24377.18,-1479.69,44710.73,23924.69,0.00,0.00,0.00,205.55,596.43,-452.49,776.36,776.36,0.384,0.114,0.999,-3.594,-0.750,-0.203,8395,340.1,0,0.9306,0.1067,0.3201,-0.1417,345.5,38.8,0.0
864179,2026-09-17_13-40-57.180-240,v5.1.4,3.42,17.0,3200,-1440,53950,30696,-4930,53858,30166,-1648.41,44099.27,24527.43,-1525.52,44694.44,24056.34,0.00,0.00,0.00,122.89,595.17,-471.10,768.93,768.93,0.384,0.115,0.999,-3.719,-0.922,0.625,8397,338.7,0,0.9308,0.1063,0.3199,-0.1414,345.5,38.7,0.0
864284,2026-09-17_13-40-57.284-240,v5.1.4,3.42,17.0,3200,-1346,54018,30721,-4833,53931,30140,-1571.38,44154.07,24546.94,-1451.74,44755.02,24020.16,0.00,0.00,0.00,119.64,600.95,-526.77,808.05,808.05,0.381,0.116,1.002,-3.750,-0.750,-0.219,8402,345.8,0,0.9306,0.1066,0.3202,-0.1416,345.5,38.8,0.0
864398,2026-09-17_13-40-57.398-240,v5.1.4,3.44,17.0,3200,-1411,53997,30833,-4843,53953,30331,-1625.07,44135.57,24638.72,-1432.76,44777.77,24173.96,0.00,0.00,0.00,192.31,642.20,-464.76,815.73,815.73,0.385,0.115,1.001,-3.500,-0.875,0.250,8402,347.1,0,0.9308,0.1066,0.3198,-0.1414,345.5,38.7,0.0
864502,2026-09-17_13-40-57.503-240,v5.1.4,3.44,17.0,3200,-1463,54032,30834,-4923,53929,30387,-1668.18,44165.00,24639.28,-1489.67,44758.30,24230.84,0.00,0.00,0.00,178.50,593.30,-408.44,742.08,742.08,0.380,0.115,1.002,-4.094,-0.828,0.469,8411,333.7,0,0.9307,0.1060,0.3202,-0.1414,345.5,38.8,0.0
864607,2026-09-17_13-40-58.607-240,v5.1.4,3.44,17.0,3200,-1276,53938,30878,-4791,53856,30297,-1513.47,44084.69,24675.78,-1391.97,44698.44,24140.70,0.00,0.00,0.00,121.50,613.75,-535.09,823.27,823.27,0.380,0.114,1.002,-3.500,-0.750,-0.016,8394,348.5,0,0.9306,0.1063,0.3204,-0.1413,345.5,38.8,0.0
864711,2026-09-17_13-40-58.712-240,v5.1.4,3.44,17.0,3200,-1480,53952,30856,-4937,53836,30396,-1681.73,44098.73,24658.11,-1497.03,44682.28,24241.57,0.00,0.00,0.00,184.70,583.55,-416.53,740.37,740.37,0.384,0.115,0.995,-3.500,-0.531,-0.172,8401,333.4,0,0.9307,0.1066,0.3202,-0.1414,345.5,38.8,0.0
864816,2026-09-17_13-40-58.816-240,v5.1.4,3.44,17.0,3200,-1512,53942,30951,-4956,53840,30472,-1708.25,44089.25,24735.83,-1501.69,44687.21,24305.05,0.00,0.00,0.00,206.56,597.96,-430.78,765.37,765.37,0.381,0.119,0.998,-3.578,-0.766,-0.203,8401,338.0,0,0.9306,0.1070,0.3202,-0.1415,345.5,38.8,0.0
864920,2026-09-17_13-40-58.921-240,v5.1.4,3.44,17.0,3200,-1537,53977,30842,-4931,53865,30354,-1728.87,44120.20,24646.54,-1499.11,44705.00,24206.66,0.00,0.00,0.00,229.76,584.80,-439.88,766.99,766.99,0.384,0.115,1.002,-3.328,-0.812,0.219,8390,338.3,0,0.9307,0.1069,0.3199,-0.1414,345.5,38.7,0.0
865025,2026-09-17_13-40-58.025-240,v5.1.4,3.44,17.0,3200,-1511,53981,30976,-4957,53844,30531,-1707.72,44121.04,24755.83,-1494.02,44691.98,24352.30,0.00,0.00,0.00,213.70,570.94,-403.53,731.08,731.08,0.382,0.115,1.003,-3.641,-0.453,0.484,8402,331.6,0,0.9306,0.1065,0.3204,-0.1412,345.5,38.8,0.0
865129,2026-09-17_13-40-58.130-240,v5.1.4,3.44,17.0,3200,-1511,53953,30859,-4897,53811,30357,-1707.31,44099.82,24660.61,-1469.04,44661.49,24204.93,0.00,0.00,0.00,238.26,561.67,-455.68,761.50,761.50,0.385,0.114,1.000,-3.500,-0.609,0.141,8402,337.3,0,0.9307,0.1063,0.3202,-0.1412,345.5,38.8,0.0
865234,2026-09-17_13-40-58.234-240,v5.1.4,3.44,17.0,3200,-1284,53880,30815,-4795,53770,30346,-1519.57,44037.88,24624.98,-1385.47,44629.34,24181.82,0.00,0.00,0.00,134.10,591.46,-443.15,751.13,751.13,0.381,0.115,1.001,-3.875,-0.172,0.016,8409,335.4,0,0.9305,0.1063,0.3209,-0.1413,345.5,38.8,0.0
865338,2026-09-17_13-40-58.339-240,v5.1.4,3.44,17.0,3200,-1457,53893,30774,-4917,53770,30301,-1662.23,44051.08,24591.73,-1492.42,44626.20,24163.75,0.00,0.00,0.00,169.81,575.12,-427.99,736.73,736.73,0.382,0.116,1.000,-3.609,-0.391,0.391,8405,332.7,0,0.9305,0.1063,0.3211,-0.1410,345.6,38.9,0.0
865443,2026-09-17_13-40-58.443-240,v5.1.4,3.44,17.0,3200,-1436,53870,30760,-4899,53741,30273,-1644.74,44032.09,24580.50,-1480.81,44602.06,24139.19,0.00,0.00,0.00,163.93,569.97,-441.31,739.25,739.25,0.384,0.115,1.002,-3.688,-0.906,-3.875,8408,333.2,0,0.9300,0.1085,0.3204,-0.1437,345.3,38.8,0.0
865547,2026-09-17_13-40-58.548-240,v5.1.4,3.44,17.0,3200,-1481,53881,30750,-4953,53719,30278,-1681.89,44041.80,24572.32,-1523.83,44583.33,24151.46,0.00,0.00,0.00,158.06,541.53,-420.86,703.82,703.82,0.381,0.116,1.001,-3.688,-0.672,0.219,8408,326.4,0,0.9300,0.1083,0.3205,-0.1437,345.3,38.8,0.0
865652,2026-09-17_13-40-59.652-240,v5.1.4,3.44,17.0,3200,-1512,53882,30777,-4963,53772,30295,-1707.52,44042.52,24594.41,-1531.21,44626.93,24165.67,0.00,0.00,0.00,176.31,584.41,-428.74,745.95,745.95,0.385,0.117,1.000,-3.828,-0.828,0.250,8401,334.4,0,0.9302,0.1079,0.3201,-0.1438,345.3,38.8,0.0
865756,2026-09-17_13-40-59.757-240,v5.1.4,3.44,17.0,3200,-1508,53784,30825,-4967,53654,30329,-1703.69,43960.72,24634.61,-1525.91,44531.29,24195.31,0.00,0.00,0.00,177.78,570.56,-439.29,741.71,741.71,0.383,0.115,1.001,-4.141,-0.484,0.219,8397,333.6,0,0.9301,0.1073,0.3203,-0.1440,345.2,38.8,0.0
865871,2026-09-17_13-40-59.871-240,v5.1.4,3.44,17.0,3200,-1201,54070,30822,-4636,53968,30239,-1452.34,44193.89,24628.54,-1276.33,44791.01,24069.81,0.00,0.00,0.00,176.01,597.12,-558.73,836.49,836.49,0.383,0.113,0.996,-3.641,-0.781,-0.109,8401,350.8,0,0.9302,0.1075,0.3201,-0.1440,345.2,38.8,0.0
865975,2026-09-17_13-40-59.976-240,v5.1.4,3.44,17.0,3200,-1430,54037,30771,-4853,53941,30293,-1640.87,44169.82,24587.73,-1446.17,44766.82,24145.24,0.00,0.00,0.00,194.70,596.99,-442.49,768.18,768.18,0.385,0.115,1.001,-3.969,-0.906,-0.141,8401,338.6,0,0.9303,0.1073,0.3198,-0.1443,345.1,38.8,0.0
866080,2026-09-17_13-40-59.080-240,v5.1.4,3.44,17.0,3200,-1471,54084,30798,-4933,54000,30329,-1675.03,44208.63,24609.37,-1508.55,44814.68,24184.82,0.00,0.00,0.00,166.49,606.05,-424.55,758.46,758.46,0.381,0.118,0.999,-3.734,-0.344,0.250,8399,336.8,0,0.9302,0.1076,0.3202,-0.1440,345.2,38.8,0.0
866184,2026-09-17_13-40-59.185-240,v5.1.4,3.44,17.0,3200,-1537,54115,30748,-4952,54025,30228,-1729.55,44235.74,24568.37,-1539.69,44832.20,24106.47,0.00,0.00,0.00,189.86,596.46,-461.90,777.92,777.92,0.385,0.115,1.005,-3.672,-0.656,0.422,8408,340.3,0,0.9302,0.1072,0.3202,-0.1438,345.2,38.8,0.0
866289,2026-09-17_13-40-59.289-240,v5.1.4,3.44,17.0,3200,-1564,53944,30796,-5043,53837,30289,-1750.83,44093.96,24609.38,-1599.90,44678.62,24171.57,0.00,0.00,0.00,150.93,584.66,-437.81,745.84,745.84,0.385,0.112,1.000,-3.797,-0.094,-0.125,8408,334.4,0,0.9301,0.1069,0.3205,-0.1440,345.2,38.8,0.0
866393,2026-09-17_13-40-59.394-240,v5.1.4,3.44,17.0,3200,-1585,53981,30798,-5000,53871,30348,-1768.39,44124.71,24610.68,-1556.95,44708.64,24211.89,0.00,0.00,0.00,211.44,583.92,-398.79,738.04,738.04,0.382,0.117,1.003,-3.797,-0.688,-0.078,8409,332.9,0,0.9300,0.1071,0.3206,-0.1441,345.2,38.8,0.0
866498,2026-09-17_13-40-59.499-240,v5.1.4,3.44,17.0,3200,-1574,53997,30782,-5004,53905,30328,-1759.38,44138.08,24597.43,-1564.20,44735.85,24195.95,0.00,0.00,0.00,195.19,597.77,-401.48,746.06,746.06,0.387,0.117,1.001,-3.750,-0.812,0.250,8404,334.4,0,0.9303,0.1071,0.3201,-0.1440,345.2,38.8,0.0
866602,2026-09-17_13-41-00.603-240,v5.1.4,3.44,17.0,3200,-1583,54007,30765,-5062,53902,30303,-1766.84,44146.72,24583.46,-1615.48,44731.81,24184.52,0.00,0.00,0.00,151.36,585.09,-398.95,724.15,724.15,0.382,0.114,1.001,-3.672,-0.656,0.562,8409,330.3,0,0.9303,0.1067,0.3202,-0.1436,345.2,38.8,0.0
866707,2026-09-17_13-41-00.708-240,v5.1.4,3.44,17.0,3200,-1527,54084,30739,-5031,53998,30286,-1721.09,44210.17,24561.32,-1595.40,44810.35,24164.85,0.00,0.00,0.00,125.70,600.18,-396.47,730.21,730.21,0.381,0.112,1.004,-4.016,-0.438,0.047,8409,331.4,0,0.9301,0.1064,0.3208,-0.1438,345.2,38.9,0.0
866812,2026-09-17_13-41-00.812-240,v5.1.4,3.44,17.0,3200,-1676,53982,30783,-5138,53844,30269,-1843.40,44126.73,24598.61,-1681.20,44682.29,24169.41,0.00,0.00,0.00,162.21,555.55,-429.20,720.53,720.53,0.384,0.115,1.002,-3.844,-0.797,0.188,8413,329.6,0,0.9302,0.1062,0.3205,-0.1438,345.2,38.8,0.0
866916,2026-09-17_13-41-00.917-240,v5.1.4,3.44,17.0,3200,-1518,53943,30747,-4997,53828,30269,-1712.79,44093.46,24569.30,-1564.69,44671.49,24148.98,0.00,0.00,0.00,148.10,578.03,-420.32,729.87,729.87,0.383,0.117,1.001,-3.719,-0.594,-0.031,8407,331.4,0,0.9302,0.1066,0.3205,-0.1437,345.2,38.8,0.0
867021,2026-09-17_13-41-00.021-240,v5.1.4,3.44,17.0,3200,-1428,53998,30800,-4883,53871,30352,-1639.03,44137.11,24611.80,-1460.09,44710.63,24197.92,0.00,0.00,0.00,178.94,573.52,-413.88,729.55,729.55,0.382,0.116,1.031,-3.984,-1.047,-0.250,8403,331.3,0,0.9299,0.1067,0.3211,-0.1441,345.2,38.9,0.0
867125,2026-09-17_13-41-00.126-240,v5.1.4,3.44,17.0,3200,-1467,54004,30767,-4940,53905,30258,-1671.16,44143.00,24584.88,-1521.76,44735.08,24130.60,0.00,0.00,0.00,149.41,592.07,-454.28,761.08,761.08,0.383,0.116,0.998,-3.297,-0.641,0.609,8403,337.2,0,0.9301,0.1069,0.3209,-0.1433,345.3,38.9,0.0
867230,2026-09-17_13-41-00.230-240,v5.1.4,3.44,17.0,3200,-1394,54004,30770,-4858,53892,30324,-1610.97,44142.20,24587.18,-1444.26,44727.48,24171.54,0.00,0.00,0.00,166.72,585.28,-415.64,736.96,736.96,0.380,0.115,1.003,-3.469,-0.500,0.062,8404,332.7,0,0.9300,0.1071,0.3211,-0.1431,345.3,38.9,0.0
867345,2026-09-17_13-41-00.345-240,v5.1.4,3.44,17.0,3200,-1436,53916,30740,-4891,53813,30230,-1644.99,44070.42,24563.70,-1482.71,44659.94,24102.49,0.00,0.00,0.00,162.28,589.52,-461.20,765.88,765.88,0.384,0.115,1.000,-3.641,-0.797,-0.125,8407,338.1,0,0.9301,0.1071,0.3207,-0.1432,345.3,38.9,0.0
867450,2026-09-17_13-41-00.451-240,v5.1.4,3.44,17.0,3200,-1480,53934,30746,-4896,53789,30230,-1681.40,44085.65,24568.50,-1486.09,44640.24,24103.61,0.00,0.00,0.00,195.31,554.59,-464.89,749.56,749.56,0.381,0.116,1.002,-4.047,-0.594,-0.156,8405,335.1,0,0.9300,0.1071,0.3209,-0.1436,345.2,38.9,0.0
867555,2026-09-17_13-41-00.555-240,v5.1.4,3.44,17.0,3200,-1455,53956,30704,-4900,53856,30253,-1660.84,44104.25,24533.93,-1488.08,44695.54,24121.51,0.00,0.00,0.00,172.76,591.29,-412.42,741.32,741.32,0.383,0.117,1.004,-3.625,-1.141,0.094,8405,333.6,0,0.9302,0.1072,0.3204,-0.1435,345.3,38.8,0.0
867659,2026-09-17_13-41-01.660-240,v5.1.4,3.44,17.0,3200,-1462,53985,30701,-4882,53869,30230,-1666.79,44128.33,24531.20,-1477.02,44705.86,24100.28,0.00,0.00,0.00,189.77,577.53,-430.91,745.14,745.14,0.382,0.113,1.000,-3.750,-0.922,-0.078,8401,334.3,0,0.9302,0.1070,0.3203,-0.1436,345.2,38.8,0.0
867764,2026-09-17_13-41-01.764-240,v5.1.4,3.44,17.0,3200,-1422,53953,30568,-4832,53809,30020,-1633.33,44103.65,24422.88,-1464.70,44652.20,23926.03,0.00,0.00,0.00,168.63,548.55,-496.84,759.08,759.08,0.382,0.114,1.003,-3.453,-0.328,0.859,8397,336.9,0,0.9302,0.1068,0.3207,-0.1429,345.3,38.8,0.0
867868,2026-09-17_13-41-01.869-240,v5.1.4,3.44,17.0,3200,-1407,53923,30705,-4816,53758,30238,-1621.05,44076.48,24534.99,-1418.15,44616.40,24098.76,0.00,0.00,0.00,202.90,539.92,-436.23,723.17,723.17,0.385,0.115,1.003,-3.938,-0.688,0.625,8397,330.1,0,0.9304,0.1062,0.3206,-0.1426,345.3,38.8,0.0
867973,2026-09-17_13-41-01.974-240,v5.1.4,3.44,17.0,3200,-1474,53902,30722,-4905,53738,30260,-1676.20,44059.54,24549.23,-1487.55,44599.18,24129.72,0.00,0.00,0.00,188.65,539.64,-419.50,709.07,709.07,0.381,0.115,1.001,-4.047,-1.016,0.328,8399,327.4,0,0.9304,0.1059,0.3205,-0.1426,345.3,38.8,0.0
868078,2026-09-17_13-41-01.078-240,v5.1.4,3.44,17.0,3200,-1372,53911,30538,-4728,53733,30083,-1591.77,44068.92,24398.72,-1367.60,44593.39,23962.34,0.00,0.00,0.00,224.17,524.46,-436.37,718.15,718.15,0.386,0.114,1.001,-4.172,-0.688,0.672,8405,329.1,0,0.9306,0.1054,0.3204,-0.1423,345.3,38.8,0.0
868182,2026-09-17_13-41-01.183-240,v5.1.4,3.44,17.0,3200,-1479,53973,30743,-4857,53823,30215,-1680.81,44117.91,24565.64,-1457.23,44668.28,24085.36,0.00,0.00,0.00,223.58,550.37,-480.29,763.92,763.92,0.381,0.116,1.005,-3.688,-0.812,0.375,8405,337.8,0,0.9306,0.1056,0.3205,-0.1420,345.4,38.8,0.0
868287,2026-09-17_13-41-01.288-240,v5.1.4,3.44,17.0,3200,-1247,53968,30800,-4686,53837,30350,-1489.58,44110.45,24611.74,-1297.25,44685.98,24167.96,0.00,0.00,0.00,192.33,575.53,-443.78,751.77,751.77,0.386,0.116,1.003,-3.797,-0.656,0.641,8405,335.5,0,0.9307,0.1055,0.3204,-0.1415,345.5,38.8,0.0
868392,2026-09-17_13-41-01.392-240,v5.1.4,3.44,17.0,3200,-1296,53924,30845,-4769,53783,30354,-1529.80,44073.87,24649.03,-1363.30,44640.59,24184.20,0.00,0.00,0.00,166.50,566.72,-464.84,751.64,751.64,0.385,0.116,1.006,-3.750,-0.750,-0.406,8421,335.5,0,0.9306,0.1060,0.3204,-0.1417,345.5,38.8,0.0
868496,2026-09-17_13-41-01.497-240,v5.1.4,3.44,17.0,3200,-1357,53879,30790,-4784,53726,30307,-1579.71,44038.22,24604.73,-1380.76,44592.54,24149.73,0.00,0.00,0.00,198.95,554.32,-455.00,744.23,744.23,0.381,0.116,0.999,-3.703,-1.094,0.047,8402,334.1,0,0.9307,0.1061,0.3202,-0.1417,345.5,38.8,0.0
868601,2026-09-17_13-41-02.601-240,v5.1.4,3.44,17.0,3200,-1484,53925,30876,-4868,53765,30440,-1684.90,44076.14,24674.72,-1431.66,44626.49,24267.75,0.00,0.00,0.00,253.25,550.36,-406.97,729.83,729.83,0.383,0.115,1.002,-3.625,-0.562,-0.031,8404,331.4,0,0.9306,0.1062,0.3203,-0.1417,345.5,38.8,0.0
868705,2026-09-17_13-41-02.706-240,v5.1.4,3.44,17.0,3200,-1298,53950,30793,-4737,53803,30338,-1531.51,44096.22,24606.32,-1339.93,44657.05,24166.39,0.00,0.00,0.00,191.59,560.83,-439.92,738.08,738.08,0.384,0.114,1.003,-3.641,-0.844,0.062,8404,332.9,0,0.9306,0.1062,0.3203,-0.1417,345.5,38.8,0.0
868819,2026-09-17_13-41-02.820-240,v5.1.4,3.44,17.0,3200,-1141,53810,30753,-4639,53616,30316,-1401.08,43979.59,24574.79,-1256.77,44505.20,24137.41,0.00,0.00,0.00,144.31,525.61,-437.39,698.85,698.85,0.382,0.118,1.001,-3.859,-0.812,0.422,8410,325.4,0,0.9307,0.1063,0.3203,-0.1413,345.5,38.8,0.0
868924,2026-09-17_13-41-02.925-240,v5.1.4,3.44,17.0,3200,-1479,53845,30757,-4934,53658,30303,-1680.03,44011.93,24578.40,-1502.68,44534.41,24169.62,0.00,0.00,0.00,177.35,522.48,-408.78,686.69,686.69,0.384,0.114,1.003,-3.656,-0.984,0.203,8414,323.0,0,0.9308,0.1060,0.3201,-0.1414,345.5,38.7,0.0
869028,2026-09-17_13-41-02.029-240,v5.1.4,3.44,17.0,3200,-1478,53865,30751,-4911,53692,30296,-1679.32,44028.54,24573.29,-1485.82,44562.40,24160.11,0.00,0.00,0.00,193.50,533.86,-413.18,702.26,702.26,0.383,0.116,1.000,-3.938,-0.828,0.141,8414,326.1,0,0.9308,0.1059,0.3200,-0.1415,345.5,38.7,0.0
869133,2026-09-17_13-41-02.134-240,v5.1.4,3.44,17.0,3200,-1501,53778,30773,-4841,53593,30321,-1697.78,43956.54,24592.21,-1421.54,44483.25,24171.40,0.00,0.00,0.00,276.24,526.71,-420.80,728.56,728.56,0.382,0.116,0.999,-3.812,-0.969,0.344,8408,331.1,0,0.9309,0.1057,0.3199,-0.1414,345.5,38.7,0.0
869238,2026-09-17_13-41-02.238-240,v5.1.4,3.44,17.0,3200,-1487,53950,30751,-4914,53798,30250,-1687.28,44098.86,24572.43,-1498.25,44647.82,24122.09,0.00,0.00,0.00,189.03,548.96,-450.33,734.77,734.77,0.379,0.116,1.000,-3.547,-0.469,0.578,8405,332.3,0,0.9307,0.1058,0.3205,-0.1409,345.6,38.8,0.0
869342,2026-09-17_13-41-02.343-240,v5.1.4,3.44,17.0,3200,-1471,54022,30749,-4853,53838,30288,-1674.54,44158.21,24570.01,-1443.74,44682.49,24142.88,0.00,0.00,0.00,230.80,524.28,-427.13,714.54,714.54,0.382,0.115,1.001,-3.891,-1.016,-0.391,8407,328.4,0,0.9307,0.1059,0.3204,-0.1414,345.5,38.8,0.0
869447,2026-09-17_13-41-02.447-240,v5.1.4,3.44,17.0,3200,-1283,54024,30770,-4769,53841,30193,-1519.57,44157.58,24586.74,-1388.59,44683.85,24054.57,0.00,0.00,0.00,130.98,526.27,-532.17,759.81,759.81,0.385,0.113,1.003,-3.531,-0.859,0.719,8407,337.0,0,0.9308,0.1056,0.3203,-0.1408,345.6,38.8,0.0
869551,2026-09-17_13-41-02.552-240,v5.1.4,3.44,17.0,3200,-1482,53992,30792,-4855,53818,30298,-1683.51,44132.84,24605.45,-1443.31,44666.36,24151.49,0.00,0.00,0.00,240.19,533.52,-453.96,740.55,740.55,0.384,0.117,1.001,-3.672,-0.359,0.156,8419,333.4,0,0.9307,0.1058,0.3205,-0.1407,345.6,38.8,0.0
869656,2026-09-17_13-41-03.656-240,v5.1.4,3.44,17.0,3200,-1490,53986,30774,-4905,53798,30335,-1690.03,44128.26,24590.84,-1478.44,44650.16,24188.72,0.00,0.00,0.00,211.59,521.91,-402.12,691.99,691.99,0.384,0.116,1.000,-3.312,-0.609,0.016,8409,324.0,0,0.9308,0.1061,0.3204,-0.1405,345.6,38.8,0.0
869760,2026-09-17_13-41-03.761-240,v5.1.4,3.44,17.0,3200,-1509,54000,30779,-4920,53857,30344,-1705.80,44139.94,24594.81,-1491.28,44698.38,24197.18,0.00,0.00,0.00,214.52,558.45,-397.63,718.33,718.33,0.383,0.115,1.000,-3.469,-0.516,0.109,8411,329.2,0,0.9308,0.1061,0.3205,-0.1404,345.6,38.8,0.0
869865,2026-09-17_13-41-03.865-240,v5.1.4,3.44,17.0,3200,-1485,54038,30763,-4905,53860,30315,-1686.22,44171.34,24581.30,-1483.26,44700.33,24171.75,0.00,0.00,0.00,202.96,528.98,-409.56,699.11,699.11,0.384,0.116,1.001,-3.719,-0.469,-0.516,8411,325.4,0,0.9306,0.1064,0.3206,-0.1409,345.6,38.8,0.0
869969,2026-09-17_13-41-03.970-240,v5.1.4,3.44,17.0,3200,-1473,54051,30733,-4881,53898,30260,-1676.34,44182.45,24556.65,-1472.71,44730.36,24123.66,0.00,0.00,0.00,203.63,547.91,-433.00,727.43,727.43,0.381,0.115,1.000,-3.625,-0.484,0.344,8411,330.9,0,0.9306,0.1063,0.3209,-0.1407,345.6,38.8,0.0
870074,2026-09-17_13-41-03.074-240,v5.1.4,3.44,17.0,3200,-1226,54105,30755,-4748,53949,30290,-1473.05,44224.15,24573.54,-1360.46,44774.98,24127.31,0.00,0.00,0.00,112.59,550.83,-446.22,717.78,717.78,0.381,0.118,1.007,-3.469,-0.781,-0.031,8412,329.1,0,0.9305,0.1067,0.3210,-0.1406,345.6,38.9,0.0
870178,2026-09-17_13-41-03.179-240,v5.1.4,3.44,17.0,3200,-1507,53964,30741,-4902,53808,30258,-1703.84,44110.80,24564.16,-1487.52,44656.39,24126.57,0.00,0.00,0.00,216.32,545.60,-437.59,732.09,732.09,0.385,0.115,1.000,-4.062,-1.016,0.234,8412,331.8,0,0.9307,0.1060,0.3205,-0.1409,345.6,38.8,0.0
870292,2026-09-17_13-41-03.293-240,v5.1.4,3.44,17.0,3200,-1548,53936,30785,-4974,53751,30325,-1737.56,44087.37,24600.46,-1535.23,44610.37,24191.60,0.00,0.00,0.00,202.33,523.00,-408.86,694.00,694.00,0.381,0.117,1.002,-3.578,-0.734,0.438,8405,324.4,0,0.9307,0.1060,0.3206,-0.1406,345.6,38.8,0.0
870397,2026-09-17_13-41-03.398-240,v5.1.4,3.44,17.0,3200,-1353,53969,30742,-4772,53795,30261,-1576.88,44113.32,24564.60,-1379.72,44647.95,24110.10,0.00,0.00,0.00,197.17,534.63,-454.50,728.89,728.89,0.382,0.111,1.000,-3.750,-0.875,0.078,8407,331.2,0,0.9307,0.1056,0.3206,-0.1407,345.6,38.8,0.0
870502,2026-09-17_13-41-03.503-240,v5.1.4,3.44,17.0,3200,-1607,53993,30769,-5073,53798,30260,-1786.55,44135.33,24586.92,-1627.62,44645.50,24153.41,0.00,0.00,0.00,158.93,510.18,-433.51,688.09,688.09,0.382,0.117,1.004,-3.750,-0.172,0.453,8413,323.3,0,0.9306,0.1056,0.3212,-0.1405,345.6,38.9,0.0
870606,2026-09-17_13-41-04.607-240,v5.1.4,3.44,17.0,3200,-1389,53944,30756,-4769,53768,30262,-1606.44,44092.80,24576.37,-1376.28,44625.95,24110.89,0.00,0.00,0.00,230.16,533.15,-465.47,744.24,744.24,0.383,0.115,1.002,-3.859,-0.891,0.172,8413,334.1,0,0.9307,0.1054,0.3209,-0.1405,345.6,38.8,0.0
870711,2026-09-17_13-41-04.712-240,v5.1.4,3.44,17.0,3200,-1480,53939,30773,-4933,53791,30300,-1681.48,44089.34,24590.49,-1506.37,44643.08,24164.96,0.00,0.00,0.00,175.11,553.75,-425.53,719.98,719.98,0.383,0.118,1.002,-3.375,-0.859,0.031,8413,329.5,0,0.9307,0.1059,0.3207,-0.1403,345.6,38.8,0.0
870815,2026-09-17_13-41-04.816-240,v5.1.4,3.44,17.0,3200,-1380,53910,30717,-4785,53739,30231,-1598.72,44065.26,24544.87,-1393.08,44601.19,24088.92,0.00,0.00,0.00,205.65,535.93,-455.95,733.07,733.07,0.386,0.115,1.004,-4.016,-0.422,0.094,8414,332.0,0,0.9307,0.1056,0.3208,-0.1405,345.6,38.8,0.0
870920,2026-09-17_13-41-04.920-240,v5.1.4,3.44,17.0,3200,-1433,53901,30773,-4877,53703,30318,-1642.48,44057.46,24590.79,-1454.97,44572.52,24172.54,0.00,0.00,0.00,187.51,515.05,-418.25,689.47,689.47,0.381,0.113,0.997,-4.078,-0.391,0.375,8420,323.5,0,0.9306,0.1051,0.3211,-0.1406,345.6,38.8,0.0
871024,2026-09-17_13-41-04.025-240,v5.1.4,3.44,17.0,3200,-1433,53922,30756,-4820,53730,30253,-1642.58,44075.09,24576.69,-1418.39,44593.83,24111.78,0.00,0.00,0.00,224.20,518.75,-464.90,731.78,731.78,0.382,0.115,1.003,-3.766,-0.438,0.297,8420,331.7,0,0.9306,0.1051,0.3214,-0.1404,345.6,38.9,0.0
871129,2026-09-17_13-41-04.130-240,v5.1.4,3.44,17.0,3200,-1318,53950,30768,-4768,53816,30298,-1547.95,44096.83,24585.95,-1371.67,44666.14,24138.76,0.00,0.00,0.00,176.28,569.30,-447.19,745.09,745.09,0.383,0.113,1.001,-3.578,-1.062,0.391,8409,334.3,0,0.9308,0.1050,0.3210,-0.1401,345.6,38.8,0.0
871234,2026-09-17_13-41-04.235-240,v5.1.4,3.44,17.0,3200,-1335,53986,30743,-4760,53799,30279,-1562.15,44127.16,24565.21,-1367.34,44651.88,24122.67,0.00,0.00,0.00,194.81,524.72,-442.54,713.53,713.53,0.381,0.116,1.002,-3.688,-0.672,0.141,8419,328.2,0,0.9307,0.1052,0.3211,-0.1399,345.7,38.8,0.0
871339,2026-09-17_13-41-04.340-240,v5.1.4,3.44,17.0,3200,-1394,53958,30745,-4752,53800,30240,-1610.63,44104.61,24567.25,-1366.48,44651.82,24090.30,0.00,0.00,0.00,244.15,547.21,-476.95,765.85,765.85,0.384,0.115,1.007,-3.453,-0.484,0.109,8419,338.1,0,0.9306,0.1055,0.3213,-0.1398,345.7,38.9,0.0
871444,2026-09-17_13-41-04.444-240,v5.1.4,3.44,17.0,3200,-1430,53935,30673,-4860,53774,30207,-1640.03,44087.15,24508.79,-1459.37,44627.96,24080.18,0.00,0.00,0.00,180.66,540.81,-428.61,713.32,713.32,0.386,0.114,1.001,-4.047,-0.953,0.250,8417,328.2,0,0.9308,0.1050,0.3208,-0.1401,345.6,38.8,0.0
871549,2026-09-17_13-41-04.549-240,v5.1.4,3.44,17.0,3200,-1350,53921,30663,-4815,53762,30124,-1573.95,44074.92,24500.61,-1434.09,44616.74,24007.42,0.00,0.00,0.00,139.86,541.82,-493.19,745.90,745.90,0.381,0.111,1.004,-3.688,-0.641,0.141,8413,334.4,0,0.9307,0.1049,0.3211,-0.1401,345.6,38.8,0.0
871663,2026-09-17_13-41-05.664-240,v5.1.4,3.44,17.0,3200,-1417,53978,30679,-4811,53821,30242,-1629.59,44122.44,24513.22,-1415.38,44668.08,24100.22,0.00,0.00,0.00,214.21,545.64,-412.99,717.06,717.06,0.384,0.114,1.001,-3.812,-0.828,-0.125,8413,328.9,0,0.9307,0.1051,0.3209,-0.1404,345.6,38.8,0.0
871768,2026-09-17_13-41-05.768-240,v5.1.4,3.44,17.0,3200,-1380,53919,30803,-4786,53760,30266,-1598.95,44071.29,24614.97,-1389.44,44619.24,24116.71,0.00,0.00,0.00,209.52,547.95,-498.26,769.69,769.69,0.380,0.115,1.003,-4.062,-0.781,-0.062,8413,338.8,0,0.9306,0.1051,0.3211,-0.1407,345.5,38.8,0.0
871872,2026-09-17_13-41-05.873-240,v5.1.4,3.44,17.0,3200,-1493,53905,30830,-4895,53731,30327,-1692.10,44060.45,24637.40,-1469.33,44595.34,24181.93,0.00,0.00,0.00,222.78,534.89,-455.47,737.02,737.02,0.379,0.116,1.006,-3.906,-0.844,0.234,8415,332.7,0,0.9305,0.1052,0.3213,-0.1408,345.5,38.9,0.0
871977,2026-09-17_13-41-05.977-240,v5.1.4,3.44,17.0,3200,-1461,53905,30770,-4792,53754,30364,-1665.59,44061.10,24588.35,-1379.88,44616.77,24196.03,0.00,0.00,0.00,285.71,555.67,-392.32,737.78,737.78,0.384,0.115,1.002,-3.578,-0.688,0.266,8419,332.9,0,0.9306,0.1053,0.3211,-0.1406,345.6,38.9,0.0
872082,2026-09-17_13-41-05.083-240,v5.1.4,3.44,17.0,3200,-1452,53956,30706,-4967,53795,30186,-1658.37,44104.19,24535.56,-1551.11,44642.86,24078.76,0.00,0.00,0.00,107.25,538.67,-456.80,714.38,714.38,0.382,0.113,1.001,-3.781,-0.562,0.141,8420,328.4,0,0.9305,0.1053,0.3213,-0.1407,345.6,38.9,0.0
872187,2026-09-17_13-41-05.187-240,v5.1.4,3.44,17.0,3200,-1488,53964,30853,-4895,53817,30378,-1688.40,44108.77,24655.55,-1464.52,44666.96,24221.32,0.00,0.00,0.00,223.88,558.20,-434.22,741.79,741.79,0.385,0.113,1.003,-3.969,-0.719,0.156,8420,333.6,0,0.9306,0.1050,0.3211,-0.1409,345.5,38.8,0.0
872291,2026-09-17_13-41-05.292-240,v5.1.4,3.44,17.0,3200,-1328,53918,30679,-4731,53745,30171,-1555.82,44071.95,24513.65,-1357.59,44605.41,24032.94,0.00,0.00,0.00,198.23,533.46,-480.71,744.96,744.96,0.383,0.116,0.969,-3.406,-0.500,0.469,8415,334.2,0,0.9310,0.1056,0.3199,-0.1402,345.6,38.7,0.0
872396,2026-09-17_13-41-05.397-240,v5.1.4,3.44,17.0,3200,-1368,53882,30677,-4796,53703,30103,-1588.57,44042.66,24512.48,-1419.71,44568.28,23988.79,0.00,0.00,0.00,168.86,525.62,-523.70,760.95,760.95,0.380,0.114,1.000,-3.703,-0.562,0.578,8413,337.2,0,0.9309,0.1054,0.3204,-0.1400,345.7,38.8,0.0
872501,2026-09-17_13-41-05.501-240,v5.1.4,3.44,17.0,3200,-1501,53877,30927,-4934,53686,30468,-1698.72,44035.82,24716.89,-1479.45,44561.57,24301.08,0.00,0.00,0.00,219.27,525.75,-415.81,705.26,705.26,0.385,0.114,1.003,-3.516,-0.578,0.375,8415,326.6,0,0.9310,0.1052,0.3205,-0.1398,345.7,38.8,0.0
872605,2026-09-17_13-41-06.606-240,v5.1.4,3.44,17.0,3200,-1485,53878,30903,-4944,53685,30436,-1685.48,44036.87,24697.25,-1492.32,44559.76,24276.98,0.00,0.00,0.00,193.16,522.89,-420.27,698.11,698.11,0.385,0.117,1.001,-3.312,-0.531,-0.078,8415,325.2,0,0.9309,0.1058,0.3203,-0.1398,345.7,38.8,0.0
872710,2026-09-17_13-41-06.711-240,v5.1.4,3.44,17.0,3200,-1436,53881,30579,-4903,53665,30005,-1644.44,44044.13,24432.63,-1520.90,44532.95,23926.75,0.00,0.00,0.00,123.55,488.81,-505.88,714.23,714.23,0.384,0.115,1.003,-3.797,-0.922,0.125,8415,328.4,0,0.9310,0.1056,0.3202,-0.1400,345.7,38.7,0.0
872815,2026-09-17_13-41-06.815-240,v5.1.4,3.44,17.0,3200,-1466,53788,30739,-4829,53600,30275,-1668.91,43965.00,24564.27,-1418.60,44487.98,24132.76,0.00,0.00,0.00,250.31,522.98,-431.51,722.75,722.75,0.386,0.114,1.002,-3.750,-0.688,0.438,8418,330.0,0,0.9311,0.1052,0.3201,-0.1400,345.7,38.7,0.0
872919,2026-09-17_13-41-06.920-240,v5.1.4,3.44,17.0,3200,-1220,53829,30775,-4660,53594,30246,-1466.39,43995.74,24592.72,-1283.59,44485.06,24084.88,0.00,0.00,0.00,182.79,489.32,-507.84,728.53,728.53,0.382,0.115,1.000,-3.984,-0.438,-0.391,8418,331.1,0,0.9308,0.1056,0.3205,-0.1404,345.6,38.8,0.0
873024,2026-09-17_13-41-06.025-240,v5.1.4,3.44,17.0,3200,-1386,53785,30746,-4665,53577,30240,-1602.94,43961.58,24569.85,-1288.06,44470.93,24081.09,0.00,0.00,0.00,314.87,509.35,-488.76,772.96,772.96,0.385,0.114,0.998,-3.406,-0.969,0.297,8412,339.4,0,0.9310,0.1056,0.3200,-0.1402,345.6,38.7,0.0
873138,2026-09-17_13-41-06.139-240,v5.1.4,3.44,17.0,3200,-1460,54003,30705,-4730,53778,30216,-1665.26,44143.12,24534.27,-1351.21,44633.57,24068.24,0.00,0.00,0.00,314.05,490.45,-466.03,745.89,745.89,0.384,0.115,0.999,-3.969,-0.688,0.469,8421,334.4,0,0.9310,0.1052,0.3201,-0.1402,345.6,38.7,0.0
873243,2026-09-17_13-41-06.243-240,v5.1.4,3.44,17.0,3200,-1447,54003,30678,-4805,53765,30244,-1654.49,44143.43,24512.20,-1408.43,44622.45,24101.83,0.00,0.00,0.00,246.05,479.02,-410.37,677.06,677.06,0.381,0.115,0.999,-3.703,-0.797,0.125,8423,321.1,0,0.9310,0.1054,0.3202,-0.1402,345.6,38.7,0.0
873347,2026-09-17_13-41-06.348-240,v5.1.4,3.44,17.0,3200,-1399,53965,30693,-4673,53740,30248,-1614.69,44111.29,24524.74,-1298.47,44604.26,24086.06,0.00,0.00,0.00,316.22,492.97,-438.68,731.74,731.74,0.386,0.115,1.004,-4.094,-0.969,0.047,8423,331.7,0,0.9310,0.1052,0.3200,-0.1405,345.6,38.7,0.0
873452,2026-09-17_13-41-06.452-240,v5.1.4,3.44,17.0,3200,-1469,53961,30720,-4821,53734,30224,-1672.45,44108.27,24546.97,-1423.57,44596.34,24088.69,0.00,0.00,0.00,248.88,488.07,-458.29,714.26,714.26,0.385,0.114,1.001,-3.688,-0.891,0.016,8430,328.4,0,0.9311,0.1052,0.3198,-0.1406,345.6,38.7,0.0
873556,2026-09-17_13-41-06.557-240,v5.1.4,3.44,17.0,3200,-1277,53898,30673,-4690,53631,30167,-1513.62,44055.00,24508.86,-1320.95,44512.79,24025.54,0.00,0.00,0.00,192.68,457.79,-483.31,693.02,693.02,0.382,0.116,1.004,-3.812,-0.953,0.250,8423,324.2,0,0.9310,0.1054,0.3199,-0.1405,345.6,38.7,0.0
873661,2026-09-17_13-41-07.661-240,v5.1.4,3.44,17.0,3200,-1548,53860,30660,-4689,53566,30208,-1736.83,44026.62,24499.21,-1312.14,44460.72,24059.21,0.00,0.00,0.00,424.68,434.11,-440.00,749.94,749.94,0.385,0.115,0.998,-3.797,-0.641,-0.703,8413,335.2,0,0.9309,0.1058,0.3199,-0.1412,345.5,38.7,0.0
873765,2026-09-17_13-41-07.766-240,v5.1.4,3.44,17.0,3200,-1594,53842,30563,-4800,53588,30090,-1774.45,44013.80,24420.31,-1421.38,44473.86,23980.81,0.00,0.00,0.00,353.08,460.05,-439.50,727.65,727.65,0.382,0.115,1.001,-3.891,-1.047,-0.203,8413,331.0,0,0.9308,0.1058,0.3198,-0.1417,345.5,38.7,0.0
873870,2026-09-17_13-41-07.870-240,v5.1.4,3.44,17.0,3200,-1519,53873,30674,-4799,53634,30164,-1713.03,44036.83,24510.44,-1411.16,44513.39,24039.09,0.00,0.00,0.00,301.87,476.56,-471.35,735.12,735.12,0.385,0.117,0.973,-3.797,-0.516,0.844,8418,332.4,0,0.9312,0.1057,0.3190,-0.1411,345.5,38.6,0.0
873974,2026-09-17_13-41-07.975-240,v5.1.4,3.44,17.0,3200,-1477,53902,30718,-4733,53638,30221,-1678.66,44059.64,24545.97,-1348.66,44519.21,24074.91,0.00,0.00,0.00,330.01,459.57,-471.06,736.21,736.21,0.385,0.117,0.999,-3.406,-0.750,0.484,8416,332.6,0,0.9313,0.1059,0.3190,-0.1406,345.6,38.6,0.0
874079,2026-09-17_13-41-07.079-240,v5.1.4,3.44,17.0,3200,-1628,53907,30714,-5041,53627,30286,-1803.21,44065.39,24542.97,-1592.25,44506.91,24172.22,0.00,0.00,0.00,210.95,441.51,-370.74,613.91,613.91,0.382,0.114,1.005,-4.297,-0.328,-0.109,8416,308.0,0,0.9309,0.1055,0.3198,-0.1413,345.5,38.7,0.0
874183,2026-09-17_13-41-07.184-240,v5.1.4,3.44,17.0,3200,-1289,53918,30674,-4710,53632,30159,-1523.65,44071.63,24509.49,-1338.60,44513.07,24022.06,0.00,0.00,0.00,185.05,441.43,-487.43,683.15,683.15,0.385,0.116,1.002,-3.859,-0.812,0.188,8419,322.3,0,0.9309,0.1056,0.3198,-0.1412,345.5,38.7,0.0
874288,2026-09-17_13-41-07.288-240,v5.1.4,3.43,17.0,3200,-1357,53940,30699,-4794,53677,30198,-1579.91,44090.10,24529.81,-1403.40,44549.50,24064.85,0.00,0.00,0.00,176.51,459.41,-464.96,677.05,677.05,0.382,0.115,1.005,-3.641,-0.406,0.188,8414,321.1,0,0.9307,0.1059,0.3204,-0.1411,345.5,38.8,0.0
874392,2026-09-17_13-41-07.393-240,v5.1.4,3.43,17.0,3200,-1426,53869,30672,-4596,53607,30227,-1636.31,44032.59,24508.65,-1234.11,44496.24,24060.10,0.00,0.00,0.00,402.20,463.64,-448.55,760.22,760.22,0.383,0.114,1.002,-3.641,-0.453,0.125,8422,337.1,0,0.9306,0.1059,0.3207,-0.1411,345.5,38.8,0.0
874497,2026-09-17_13-41-07.497-240,v5.1.4,3.43,17.0,3200,-1403,53853,30674,-4783,53551,30205,-1617.24,44019.11,24510.40,-1389.47,44446.86,24070.84,0.00,0.00,0.00,227.78,427.75,-439.57,654.28,654.28,0.385,0.113,1.003,-3.641,-0.922,0.281,8422,316.5,0,0.9307,0.1057,0.3204,-0.1410,345.5,38.8,0.0
874611,2026-09-17_13-41-08.612-240,v5.1.4,3.43,17.0,3200,-1389,53932,30659,-4692,53631,30195,-1606.17,44084.47,24497.31,-1318.50,44513.48,24048.22,0.00,0.00,0.00,287.66,429.00,-449.09,684.46,684.46,0.382,0.115,0.972,-3.438,-0.484,0.172,8420,322.5,0,0.9311,0.1061,0.3195,-0.1406,345.6,38.7,0.0
874716,2026-09-17_13-41-08.717-240,v5.1.4,3.43,17.0,3200,-1211,53881,30687,-4601,53596,30154,-1459.12,44040.04,24520.32,-1248.54,44485.27,24002.65,0.00,0.00,0.00,210.58,445.23,-517.67,714.54,714.54,0.385,0.115,1.002,-3.672,-0.422,-0.266,8420,328.4,0,0.9309,0.1064,0.3199,-0.1408,345.6,38.7,0.0
874821,2026-09-17_13-41-08.822-240,v5.1.4,3.43,17.0,3200,-1375,53850,30632,-4472,53563,30131,-1594.05,44017.02,24476.09,-1144.75,44459.80,23965.87,0.00,0.00,0.00,449.30,442.77,-510.23,811.33,811.33,0.383,0.114,1.001,-4.047,-0.500,0.359,8419,346.4,0,0.9308,0.1059,0.3203,-0.1409,345.6,38.8,0.0
874926,2026-09-17_13-41-08.926-240,v5.1.4,3.43,17.0,3200,-1501,53878,30625,-4842,53606,30157,-1698.12,44041.57,24470.35,-1446.70,44489.63,24040.24,0.00,0.00,0.00,251.41,448.05,-430.11,670.04,670.04,0.385,0.116,1.002,-3.641,-0.750,-0.266,8419,319.7,0,0.9308,0.1063,0.3201,-0.1412,345.5,38.7,0.0
875030,2026-09-17_13-41-08.031-240,v5.1.4,3.43,17.0,3200,-1483,53920,30603,-4705,53640,30102,-1683.49,44076.45,24451.92,-1343.05,44518.22,23975.64,0.00,0.00,0.00,340.44,441.77,-476.28,733.42,733.42,0.385,0.114,0.999,-3.766,-0.672,-0.031,8423,332.1,0,0.9308,0.1061,0.3199,-0.1414,345.5,38.7,0.0
875135,2026-09-17_13-41-08.136-240,v5.1.4,3.43,17.0,3200,-1198,53935,30531,-4606,53680,30083,-1448.43,44087.07,24392.39,-1265.60,44552.03,23945.29,0.00,0.00,0.00,182.83,464.96,-447.10,670.46,670.46,0.382,0.115,1.000,-3.953,-0.719,-0.156,8428,319.7,0,0.9307,0.1064,0.3201,-0.1416,345.5,38.8,0.0
875240,2026-09-17_13-41-08.241-240,v5.1.4,3.43,17.0,3200,-1270,53909,30713,-4670,53607,30176,-1508.00,44063.36,24541.38,-1302.44,44493.72,24030.18,0.00,0.00,0.00,205.56,430.36,-511.20,699.13,699.13,0.386,0.112,0.998,-3.516,-0.516,0.438,8419,325.4,0,0.9308,0.1061,0.3201,-0.1413,345.5,38.7,0.0
875344,2026-09-17_13-41-08.345-240,v5.1.4,3.43,17.0,3200,-1379,53870,30633,-4660,53588,30143,-1597.48,44033.57,24476.71,-1298.45,44477.50,24002.64,0.00,0.00,0.00,299.03,443.92,-474.07,715.00,715.00,0.386,0.113,1.000,-3.812,-0.453,-0.109,8419,328.5,0,0.9307,0.1060,0.3201,-0.1416,345.5,38.8,0.0
875449,2026-09-17_13-41-08.450-240,v5.1.4,3.43,17.0,3200,-1444,53829,30617,-4737,53561,30096,-1650.78,44000.64,24464.21,-1367.84,44452.96,23976.79,0.00,0.00,0.00,282.95,452.32,-487.41,722.65,722.65,0.383,0.117,1.002,-4.000,-0.891,0.094,8423,330.0,0,0.9307,0.1060,0.3201,-0.1417,345.4,38.7,0.0
875554,2026-09-17_13-41-08.554-240,v5.1.4,3.43,17.0,3200,-1293,53855,30610,-4687,53556,30217,-1526.42,44020.67,24457.91,-1308.88,44452.81,24066.26,0.00,0.00,0.00,217.54,432.14,-391.65,622.46,622.46,0.387,0.116,1.002,-3.578,-0.656,-0.266,8420,309.8,0,0.9307,0.1066,0.3199,-0.1418,345.5,38.7,0.0
875658,2026-09-17_13-41-09.659-240,v5.1.4,3.43,17.0,3200,-1534,53895,30683,-4682,53605,30233,-1725.55,44055.02,24517.59,-1303.93,44493.36,24077.54,0.00,0.00,0.00,421.62,438.34,-440.05,750.70,750.70,0.383,0.112,1.004,-3.844,-1.500,-0.141,8420,335.3,0,0.9308,0.1061,0.3194,-0.1423,345.4,38.7,0.0
875763,2026-09-17_13-41-09.763-240,v5.1.4,3.43,17.0,3200,-1444,53939,30728,-4703,53647,30263,-1651.71,44089.70,24553.68,-1318.12,44528.13,24103.94,0.00,0.00,0.00,333.59,438.43,-449.74,711.18,711.18,0.380,0.112,1.001,-3.688,-0.672,0.172,8426,327.8,0,0.9307,0.1060,0.3199,-0.1423,345.4,38.7,0.0
875867,2026-09-17_13-41-09.868-240,v5.1.4,3.43,17.0,3200,-1425,53927,30744,-4799,53656,30265,-1635.99,44079.33,24566.82,-1397.09,44533.98,24119.47,0.00,0.00,0.00,238.91,454.65,-447.35,681.11,681.11,0.384,0.115,1.000,-3.500,-0.672,-0.188,8425,321.9,0,0.9306,0.1065,0.3199,-0.1423,345.4,38.7,0.0
875972,2026-09-17_13-41-09.973-240,v5.1.4,3.43,17.0,3200,-1340,53898,30782,-4637,53601,30250,-1565.79,44053.88,24597.97,-1264.30,44491.26,24084.59,0.00,0.00,0.00,301.49,437.39,-513.37,738.75,738.75,0.385,0.115,1.001,-3.969,-0.750,-0.031,8424,333.1,0,0.9306,0.1064,0.3198,-0.1425,345.4,38.7,0.0
876086,2026-09-17_13-41-09.087-240,v5.1.4,3.43,17.0,3200,-1451,53804,30781,-4825,53504,30286,-1656.73,43977.38,24598.36,-1410.76,44409.85,24142.49,0.00,0.00,0.00,245.97,432.47,-455.87,674.80,674.80,0.384,0.116,1.001,-4.047,-0.781,-0.281,8424,320.6,0,0.9306,0.1066,0.3198,-0.1430,345.3,38.7,0.0
876191,2026-09-17_13-41-09.191-240,v5.1.4,3.43,17.0,3200,-1497,53837,30675,-4790,53539,30190,-1694.66,44006.84,24511.58,-1397.05,44436.55,24060.06,0.00,0.00,0.00,297.61,429.71,-451.52,690.72,690.72,0.385,0.113,1.003,-3.969,-0.375,-0.203,8422,323.8,0,0.9304,0.1064,0.3201,-0.1434,345.2,38.8,0.0
876295,2026-09-17_13-41-09.296-240,v5.1.4,3.43,17.0,3200,-1404,53832,30698,-4700,53581,30152,-1617.98,44001.38,24530.22,-1329.83,44471.36,24015.81,0.00,0.00,0.00,288.15,469.98,-514.40,754.00,754.00,0.383,0.115,1.002,-3.734,-1.203,0.156,8419,335.9,0,0.9305,0.1065,0.3198,-0.1433,345.2,38.7,0.0
876400,2026-09-17_13-41-09.400-240,v5.1.4,3.43,17.0,3200,-1471,53864,30669,-4836,53585,30231,-1673.38,44028.98,24506.35,-1430.32,44474.47,24098.85,0.00,0.00,0.00,243.06,445.49,-407.50,650.84,650.84,0.379,0.115,1.000,-3.844,-0.641,0.000,8424,315.7,0,0.9303,0.1067,0.3202,-0.1434,345.2,38.8,0.0
876504,2026-09-17_13-41-09.505-240,v5.1.4,3.43,17.0,3200,-1306,53811,30692,-4590,53523,30221,-1537.02,43983.12,24525.33,-1227.47,44427.51,24055.76,0.00,0.00,0.00,309.55,444.39,-469.57,716.80,716.80,0.386,0.116,1.002,-3.781,-0.797,-0.062,8424,328.9,0,0.9304,0.1069,0.3199,-0.1434,345.3,38.7,0.0
876609,2026-09-17_13-41-10.609-240,v5.1.4,3.43,17.0,3200,-1427,53813,30701,-4722,53529,30204,-1636.83,43985.87,24532.91,-1338.75,44429.84,24061.44,0.00,0.00,0.00,298.09,443.97,-471.47,712.92,712.92,0.383,0.116,1.005,-3.516,-1.000,-0.922,8427,328.1,0,0.9303,0.1077,0.3197,-0.1439,345.2,38.7,0.0
876713,2026-09-17_13-41-10.714-240,v5.1.4,3.43,17.0,3200,-1407,53842,30695,-4619,53564,30147,-1620.51,44009.72,24527.67,-1263.39,44458.65,24000.21,0.00,0.00,0.00,357.12,448.93,-527.47,779.29,779.29,0.385,0.116,1.005,-3.578,-0.797,0.281,8430,340.6,0,0.9304,0.1076,0.3197,-0.1437,345.3,38.7,0.0
876818,2026-09-17_13-41-10.818-240,v5.1.4,3.43,17.0,3200,-1475,53790,30687,-4847,53495,30213,-1676.24,43967.59,24521.82,-1439.24,44400.25,24087.51,0.00,0.00,0.00,237.00,432.66,-434.31,657.26,657.26,0.385,0.113,1.003,-4.000,-1.203,-0.219,8430,317.1,0,0.9304,0.1072,0.3194,-0.1442,345.2,38.7,0.0
876922,2026-09-17_13-41-10.923-240,v5.1.4,3.43,17.0,3200,-1445,53950,30673,-4672,53640,30145,-1652.49,44099.70,24508.67,-1309.62,44519.86,24005.17,0.00,0.00,0.00,342.87,420.16,-503.49,740.00,740.00,0.381,0.114,1.000,-3.656,-0.547,-0.016,8417,333.3,0,0.9303,0.1073,0.3198,-0.1441,345.2,38.8,0.0
877027,2026-09-17_13-41-10.027-240,v5.1.4,3.43,17.0,3200,-1468,53947,30677,-4855,53661,30198,-1671.45,44097.39,24512.01,-1453.10,44535.44,24074.05,0.00,0.00,0.00,218.34,438.05,-437.96,656.79,656.79,0.385,0.117,1.001,-3.641,-0.531,0.406,8429,317.0,0,0.9303,0.1073,0.3199,-0.1437,345.2,38.8,0.0
877131,2026-09-17_13-41-10.132-240,v5.1.4,3.43,17.0,3200,-1477,54003,30632,-4611,53751,30214,-1679.13,44144.48,24474.71,-1252.76,44613.38,24049.61,0.00,0.00,0.00,426.37,468.89,-425.10,763.13,763.13,0.385,0.116,1.002,-3.875,-0.266,-0.375,8421,337.6,0,0.9301,0.1076,0.3202,-0.1440,345.2,38.8,0.0
877236,2026-09-17_13-41-10.236-240,v5.1.4,3.43,17.0,3200,-1439,54073,30667,-4801,53806,30200,-1648.31,44201.35,24502.48,-1412.82,44654.90,24065.42,0.00,0.00,0.00,235.49,453.55,-437.06,672.44,672.44,0.382,0.116,1.000,-3.828,-0.703,0.344,8421,320.1,0,0.9301,0.1075,0.3203,-0.1438,345.2,38.8,0.0
877340,2026-09-17_13-41-10.341-240,v5.1.4,3.43,17.0,3200,-1441,53999,30703,-4844,53720,30201,-1649.56,44139.65,24532.64,-1445.42,44583.93,24073.90,0.00,0.00,0.00,204.14,444.27,-458.74,670.45,670.45,0.379,0.118,1.000,-3.891,-0.859,0.094,8425,319.7,0,0.9301,0.1076,0.3204,-0.1438,345.2,38.8,0.0
877445,2026-09-17_13-41-10.445-240,v5.1.4,3.43,17.0,3200,-1199,53976,30709,-4640,53723,30174,-1449.87,44118.04,24537.27,-1281.60,44588.98,24022.34,0.00,0.00,0.00,168.27,470.94,-514.93,717.81,717.81,0.385,0.115,1.003,-3.703,-0.500,0.000,8429,329.1,0,0.9301,0.1077,0.3206,-0.1437,345.3,38.8,0.0
877559,2026-09-17_13-41-10.560-240,v5.1.4,3.43,17.0,3200,-1570,53853,30644,-4714,53579,30237,-1754.89,44021.32,24486.26,-1328.88,44471.70,24085.85,0.00,0.00,0.00,426.01,450.37,-400.42,738.01,738.01,0.385,0.115,1.001,-3.766,-0.781,0.453,8414,332.9,0,0.9302,0.1071,0.3203,-0.1435,345.3,38.8,0.0
877664,2026-09-17_13-41-11.664-240,v5.1.4,3.43,17.0,3200,-1484,53877,30668,-4782,53585,30169,-1684.18,44039.87,24505.43,-1394.94,44473.74,24041.37,0.00,0.00,0.00,289.24,433.87,-464.06,698.03,698.03,0.385,0.115,1.004,-3.750,-0.953,-0.656,8414,325.2,0,0.9302,0.1074,0.3200,-0.1440,345.2,38.8,0.0
877768,2026-09-17_13-41-11.769-240,v5.1.4,3.43,17.0,3200,-1471,53879,30682,-4639,53575,30142,-1673.50,44041.16,24516.81,-1280.92,44467.19,23998.97,0.00,0.00,0.00,392.58,426.03,-517.84,777.03,777.03,0.379,0.116,1.001,-3.891,-0.828,-0.547,8431,340.2,0,0.9300,0.1078,0.3202,-0.1445,345.2,38.8,0.0
877873,2026-09-17_13-41-11.873-240,v5.1.4,3.43,17.0,3200,-1271,53887,30680,-4521,53571,30219,-1508.62,44045.74,24514.67,-1172.46,44467.82,24043.27,0.00,0.00,0.00,336.16,422.08,-471.40,716.50,716.50,0.385,0.113,1.002,-3.875,-1.062,0.516,8424,328.8,0,0.9302,0.1072,0.3199,-0.1442,345.2,38.8,0.0
877977,2026-09-17_13-41-11.978-240,v5.1.4,3.43,17.0,3200,-1344,53785,30643,-4361,53473,30256,-1568.10,43962.82,24485.68,-1032.41,44391.25,24050.94,0.00,0.00,0.00,535.69,428.42,-434.75,812.10,812.10,0.385,0.114,1.000,-3.828,-0.641,-0.062,8427,346.5,0,0.9303,0.1072,0.3199,-0.1442,345.2,38.8,0.0
878082,2026-09-17_13-41-11.082-240,v5.1.4,3.43,17.0,3200,-1426,53761,30682,-4519,53401,30269,-1635.64,43943.21,24517.94,-1158.31,44330.16,24085.65,0.00,0.00,0.00,477.33,386.96,-432.29,751.30,751.30,0.382,0.117,0.998,-4.000,-0.750,0.078,8427,335.4,0,0.9302,0.1072,0.3199,-0.1442,345.2,38.8,0.0
878186,2026-09-17_13-41-11.187-240,v5.1.4,3.43,17.0,3200,-1387,53773,30693,-4357,53400,30274,-1603.58,43952.54,24526.71,-1024.25,44332.10,24065.90,0.00,0.00,0.00,579.33,379.56,-460.81,831.88,831.88,0.385,0.114,1.004,-3.625,-0.469,0.375,8428,350.0,0,0.9302,0.1071,0.3201,-0.1439,345.2,38.8,0.0
878291,2026-09-17_13-41-11.291-240,v5.1.4,3.43,17.0,3200,-1380,53815,30702,-4413,53377,30160,-1598.09,43987.02,24533.61,-1086.27,44309.45,23983.35,0.00,0.00,0.00,511.82,322.43,-550.26,817.75,817.75,0.383,0.112,1.001,-3.953,-0.109,0.203,8419,347.5,0,0.9301,0.1067,0.3208,-0.1438,345.2,38.9,0.0
878395,2026-09-17_13-41-11.396-240,v5.1.4,3.43,17.0,3200,-1226,53811,30701,-4446,53347,30175,-1471.07,43982.14,24532.51,-1110.31,44284.77,24000.66,0.00,0.00,0.00,360.76,302.63,-531.85,710.35,710.35,0.381,0.116,1.000,-3.625,-0.594,-0.266,8419,327.6,0,0.9300,0.1073,0.3209,-0.1438,345.2,38.9,0.0
878500,2026-09-17_13-41-11.501-240,v5.1.4,3.43,17.0,3200,-1333,53778,30647,-4270,53292,30229,-1558.99,43956.86,24489.00,-955.93,44244.06,24018.88,0.00,0.00,0.00,603.06,287.20,-470.11,816.80,816.80,0.380,0.115,1.002,-3.625,-0.578,0.312,8423,347.3,0,0.9299,0.1073,0.3212,-0.1434,345.3,38.9,0.0
878605,2026-09-17_13-41-12.606-240,v5.1.4,3.43,17.0,3200,-1437,53741,30548,-4258,53239,30073,-1644.31,43928.98,24408.79,-967.20,44196.89,23893.27,0.00,0.00,0.00,677.11,267.91,-515.52,892.20,892.20,0.382,0.115,0.999,-3.781,-1.078,0.328,8428,360.3,0,0.9301,0.1070,0.3208,-0.1432,345.3,38.9,0.0
878710,2026-09-17_13-41-12.710-240,v5.1.4,3.43,17.0,3200,-1432,53789,30658,-4337,53279,30175,-1640.72,43966.80,24498.07,-1018.54,44230.95,23985.75,0.00,0.00,0.00,622.18,264.16,-512.32,848.15,848.15,0.382,0.114,0.999,-3.672,-0.922,-0.078,8429,352.8,0,0.9302,0.1071,0.3205,-0.1433,345.3,38.8,0.0
878814,2026-09-17_13-41-12.815-240,v5.1.4,3.43,17.0,3200,-1362,53794,30602,-4372,53315,30075,-1582.91,43971.12,24452.16,-1063.04,44257.23,23910.38,0.00,0.00,0.00,519.87,286.12,-541.78,803.53,803.53,0.383,0.115,1.005,-3.828,-0.891,0.328,8429,345.0,0,0.9303,0.1068,0.3205,-0.1431,345.3,38.8,0.0
878919,2026-09-17_13-41-12.920-240,v5.1.4,3.43,17.0,3200,-1440,53847,30559,-4477,53314,30128,-1647.48,44016.41,24416.67,-1141.67,44256.08,23968.16,0.00,0.00,0.00,505.82,239.67,-448.50,717.25,717.25,0.383,0.117,1.004,-3.875,-0.562,0.547,8428,329.0,0,0.9303,0.1066,0.3207,-0.1427,345.3,38.8,0.0
879034,2026-09-17_13-41-12.035-240,v5.1.4,3.43,17.0,3200,-1453,53762,30492,-4414,53263,30054,-1657.53,43947.42,24362.89,-1099.07,44213.50,23900.58,0.00,0.00,0.00,558.46,266.08,-462.31,772.27,772.27,0.385,0.115,1.001,-3.750,-1.188,-0.016,8428,339.3,0,0.9305,0.1065,0.3200,-0.1427,345.3,38.8,0.0
879139,2026-09-17_13-41-12.139-240,v5.1.4,3.43,17.0,3200,-1500,53803,30576,-4402,53305,30136,-1696.72,43980.40,24431.13,-1078.51,44250.14,23963.70,0.00,0.00,0.00,618.20,269.75,-467.43,820.63,820.63,0.385,0.116,1.000,-4.000,-0.266,0.109,8427,348.0,0,0.9304,0.1065,0.3203,-0.1427,345.3,38.8,0.0
879243,2026-09-17_13-41-12.244-240,v5.1.4,3.43,17.0,3200,-1447,53832,30587,-4453,53302,30089,-1653.22,44003.64,24439.70,-1127.25,44245.66,23933.66,0.00,0.00,0.00,525.97,242.02,-506.04,768.96,768.96,0.382,0.114,1.001,-3.797,-0.859,0.141,8427,338.7,0,0.9305,0.1063,0.3203,-0.1427,345.3,38.8,0.0
879348,2026-09-17_13-41-12.349-240,v5.1.4,3.43,17.0,3200,-1489,53801,30655,-4287,53307,30255,-1687.79,43977.34,24495.62,-966.58,44256.71,24041.92,0.00,0.00,0.00,721.21,279.37,-453.69,896.68,896.68,0.383,0.116,1.002,-3.891,-0.484,0.250,8425,361.0,0,0.9304,0.1062,0.3205,-0.1425,345.3,38.8,0.0
879452,2026-09-17_13-41-12.453-240,v5.1.4,3.43,17.0,3200,-1523,53770,30766,-4292,53282,30238,-1715.86,43950.28,24586.62,-972.41,44235.76,24029.46,0.00,0.00,0.00,743.45,285.48,-557.15,971.92,971.92,0.385,0.116,1.002,-3.938,-0.688,0.109,8436,373.2,0,0.9305,0.1061,0.3203,-0.1426,345.3,38.8,0.0
879557,2026-09-17_13-41-12.558-240,v5.1.4,3.43,17.0,3200,-1459,53769,30708,-4402,53241,30215,-1662.96,43949.73,24539.15,-1065.02,44199.87,24027.87,0.00,0.00,0.00,597.94,250.13,-511.28,825.53,825.53,0.384,0.114,1.000,-3.938,-0.891,0.234,8436,348.9,0,0.9306,0.1058,0.3202,-0.1425,345.3,38.8,0.0
879661,2026-09-17_13-41-13.662-240,v5.1.4,3.43,17.0,3200,-1502,53759,30697,-4391,53226,30257,-1698.33,43942.10,24530.37,-1049.38,44188.87,24060.07,0.00,0.00,0.00,648.95,246.77,-470.30,838.58,838.58,0.385,0.113,1.002,-3.656,-0.375,-0.031,8434,351.1,0,0.9305,0.1059,0.3204,-0.1425,345.3,38.8,0.0
879766,2026-09-17_13-41-13.767-240,v5.1.4,3.43,17.0,3200,-1568,53768,30670,-4488,53248,30205,-1752.76,43950.65,24508.37,-1137.45,44203.94,24032.38,0.00,0.00,0.00,615.31,253.29,-475.99,818.12,818.12,0.385,0.116,1.003,-3.516,-0.562,0.719,8430,347.6,0,0.9306,0.1058,0.3204,-0.1418,345.4,38.8,0.0
879871,2026-09-17_13-41-13.871-240,v5.1.4,3.43,17.0,3200,-1487,53807,30682,-4426,53304,30125,-1686.23,43981.84,24517.59,-1099.84,44248.66,23958.45,0.00,0.00,0.00,586.40,266.82,-559.14,853.05,853.05,0.384,0.116,1.003,-3.688,-0.594,0.047,8430,353.6,0,0.9306,0.1060,0.3205,-0.1417,345.4,38.8,0.0
879975,2026-09-17_13-41-13.976-240,v5.1.4,3.43,17.0,3200,-1466,53792,30649,-4401,53275,30096,-1668.76,43969.77,24490.76,-1082.61,44224.60,23932.05,0.00,0.00,0.00,586.15,254.83,-558.71,848.92,848.92,0.384,0.117,1.002,-3.688,-0.656,0.297,8430,352.9,0,0.9306,0.1060,0.3204,-0.1414,345.5,38.8,0.0
880080,2026-09-17_13-41-13.080-240,v5.1.4,3.43,17.0,3200,-1506,53785,30674,-4407,53246,30217,-1701.75,43964.00,24511.33,-1068.99,44203.93,24030.12,0.00,0.00,0.00,632.75,239.93,-481.21,830.36,830.36,0.385,0.112,0.998,-3.938,-0.672,-0.703,8430,349.7,0,0.9306,0.1060,0.3203,-0.1422,345.4,38.8,0.0
880184,2026-09-17_13-41-13.185-240,v5.1.4,3.43,17.0,3200,-1340,53735,30610,-4423,53206,30145,-1564.41,43922.02,24459.26,-1091.44,44169.11,23975.55,0.00,0.00,0.00,472.97,247.09,-483.71,720.23,720.23,0.381,0.113,1.003,-3.781,-0.625,0.422,8435,329.5,0,0.9305,0.1058,0.3206,-0.1419,345.4,38.8,0.0
880289,2026-09-17_13-41-13.289-240,v5.1.4,3.43,17.0,3200,-1477,53706,30585,-4374,53190,30169,-1677.15,43899.88,24439.44,-1047.13,44157.44,23987.80,0.00,0.00,0.00,630.02,257.57,-451.63,816.85,816.85,0.385,0.114,1.004,-3.578,-0.625,-0.109,8432,347.3,0,0.9305,0.1060,0.3206,-0.1419,345.4,38.8,0.0
880393,2026-09-17_13-41-13.394-240,v5.1.4,3.43,17.0,3200,-1488,53675,30610,-4340,53167,30132,-1686.08,43873.97,24460.19,-1023.85,44138.23,23953.60,0.00,0.00,0.00,662.22,264.26,-506.59,874.64,874.64,0.381,0.116,0.999,-3.578,-0.688,0.297,8432,357.3,0,0.9305,0.1061,0.3206,-0.1415,345.5,38.8,0.0
880507,2026-09-17_13-41-13.508-240,v5.1.4,3.43,17.0,3200,-1443,53887,30629,-4449,53389,30092,-1650.35,44048.35,24473.40,-1126.18,44316.91,23934.09,0.00,0.00,0.00,524.17,268.57,-539.31,798.59,798.59,0.384,0.117,1.002,-3.594,-0.656,-0.141,8426,344.1,0,0.9306,0.1065,0.3205,-0.1415,345.5,38.8,0.0
880612,2026-09-17_13-41-14.612-240,v5.1.4,3.43,17.0,3200,-1480,53892,30616,-4482,53408,30123,-1680.87,44053.07,24462.81,-1149.39,44332.71,23963.40,0.00,0.00,0.00,531.48,279.64,-499.41,781.07,781.07,0.384,0.115,1.003,-4.203,-0.672,-0.078,8430,340.9,0,0.9305,0.1062,0.3206,-0.1419,345.4,38.8,0.0
880716,2026-09-17_13-41-14.717-240,v5.1.4,3.43,17.0,3200,-1421,53890,30628,-4527,53386,30065,-1632.23,44050.61,24472.51,-1194.21,44312.50,23923.99,0.00,0.00,0.00,438.02,261.89,-548.51,749.21,749.21,0.384,0.115,1.003,-3.938,-0.516,0.250,8435,335.0,0,0.9305,0.1060,0.3208,-0.1418,345.4,38.8,0.0
880821,2026-09-17_13-41-14.822-240,v5.1.4,3.43,17.0,3200,-1502,53976,30589,-4263,53475,30155,-1699.49,44123.13,24439.95,-966.58,44391.87,23955.79,0.00,0.00,0.00,732.91,268.73,-484.15,918.57,918.57,0.384,0.116,1.000,-4.062,-0.250,0.578,8435,364.6,0,0.9304,0.1057,0.3211,-0.1415,345.5,38.9,0.0
880925,2026-09-17_13-41-14.926-240,v5.1.4,3.43,17.0,3200,-1469,53862,30609,-4488,53333,30076,-1671.59,44028.29,24457.39,-1158.89,44270.09,23927.91,0.00,0.00,0.00,512.70,241.81,-529.48,775.68,775.68,0.382,0.115,0.998,-3.594,-0.625,-0.047,8422,339.9,0,0.9305,0.1060,0.3210,-0.1414,345.5,38.8,0.0
881030,2026-09-17_13-41-14.031-240,v5.1.4,3.43,17.0,3200,-1523,53825,30625,-4435,53312,30141,-1715.92,43998.02,24470.95,-1105.15,44255.46,23972.43,0.00,0.00,0.00,610.77,257.45,-498.52,829.36,829.36,0.383,0.113,1.004,-3.516,-0.422,0.922,8437,349.5,0,0.9305,0.1055,0.3213,-0.1407,345.6,38.9,0.0
881134,2026-09-17_13-41-14.135-240,v5.1.4,3.43,17.0,3200,-1546,53897,30640,-4435,53379,30149,-1735.37,44057.50,24482.49,-1106.04,44310.44,23977.76,0.00,0.00,0.00,629.34,252.95,-504.74,845.46,845.46,0.385,0.115,1.004,-3.859,-0.547,0.281,8437,352.3,0,0.9306,0.1052,0.3212,-0.1407,345.6,38.9,0.0
881239,2026-09-17_13-41-14.240-240,v5.1.4,3.43,17.0,3200,-1589,53801,30603,-4439,53284,30131,-1770.15,43979.23,24453.38,-1109.04,44232.25,23965.46,0.00,0.00,0.00,661.11,253.02,-487.91,859.73,859.73,0.382,0.115,1.001,-3.312,-1.266,0.219,8437,354.8,0,0.9308,0.1054,0.3206,-0.1404,345.6,38.8,0.0
881344,2026-09-17_13-41-14.344-240,v5.1.4,3.43,17.0,3200,-1550,53868,30632,-4570,53361,30067,-1738.47,44033.71,24476.27,-1228.53,44291.43,23932.29,0.00,0.00,0.00,509.94,257.72,-543.97,788.90,788.90,0.385,0.113,1.006,-4.016,-1.031,0.203,8433,342.3,0,0.9309,0.1049,0.3204,-0.1406,345.6,38.8,0.0
881448,2026-09-17_13-41-14.449-240,v5.1.4,3.43,17.0,3200,-1539,53828,30618,-4542,53325,30077,-1729.12,44000.78,24465.23,-1202.93,44262.71,23936.76,0.00,0.00,0.00,526.19,261.93,-528.48,790.42,790.42,0.384,0.115,0.996,-3.969,-0.328,0.016,8432,342.6,0,0.9308,0.1050,0.3205,-0.1406,345.6,38.8,0.0
881553,2026-09-17_13-41-14.553-240,v5.1.4,3.43,17.0,3200,-1543,53792,30610,-4427,53323,30162,-1732.17,43971.21,24459.09,-1095.84,44265.13,23987.86,0.00,0.00,0.00,636.33,293.92,-471.22,844.61,844.61,0.382,0.116,1.001,-3.688,-0.828,-0.188,8432,352.2,0,0.9308,0.1054,0.3205,-0.1407,345.6,38.8,0.0
881657,2026-09-17_13-41-15.658-240,v5.1.4,3.43,17.0,3200,-1546,53805,30616,-4499,53284,30154,-1734.74,43981.88,24463.86,-1155.05,44231.87,23992.65,0.00,0.00,0.00,579.69,250.00,-471.20,787.76,787.76,0.385,0.114,1.004,-3.328,-1.125,0.219,8429,342.1,0,0.9310,0.1055,0.3201,-0.1404,345.6,38.7,0.0
881762,2026-09-17_13-41-15.763-240,v5.1.4,3.43,17.0,3200,-1649,53773,30606,-4513,53259,30152,-1819.46,43956.67,24456.24,-1166.10,44211.16,23993.51,0.00,0.00,0.00,653.36,254.48,-462.74,840.10,840.10,0.383,0.117,1.002,-4.219,-0.500,0.422,8440,351.4,0,0.9309,0.1050,0.3204,-0.1404,345.6,38.8,0.0
881867,2026-09-17_13-41-15.868-240,v5.1.4,3.43,17.0,3200,-1530,53760,30696,-4436,53241,30220,-1721.42,43943.23,24529.60,-1092.26,44199.45,24036.86,0.00,0.00,0.00,629.16,256.21,-492.74,839.22,839.22,0.384,0.116,1.002,-4.047,-1.094,0.219,8440,351.3,0,0.9310,0.1049,0.3201,-0.1406,345.6,38.7,0.0
881981,2026-09-17_13-41-15.982-240,v5.1.4,3.43,17.0,3200,-1279,53826,30396,-4381,53298,29994,-1514.26,44000.05,24283.49,-1081.75,44241.10,23847.22,0.00,0.00,0.00,432.51,241.04,-436.27,659.92,659.92,0.383,0.115,0.970,-3.859,-0.750,-0.406,8443,317.6,0,0.9313,0.1057,0.3190,-0.1407,345.6,38.6,0.0
882086,2026-09-17_13-41-15.087-240,v5.1.4,3.43,17.0,3200,-1352,53768,30613,-4329,53248,30154,-1574.52,43949.35,24461.39,-1014.07,44205.20,23968.29,0.00,0.00,0.00,560.45,255.84,-493.10,789.12,789.12,0.383,0.114,1.000,-3.469,-0.797,0.406,8436,342.4,0,0.9313,0.1057,0.3192,-0.1403,345.6,38.6,0.0
882191,2026-09-17_13-41-15.192-240,v5.1.4,3.43,17.0,3200,-1408,53760,30602,-4355,53225,30079,-1620.63,43943.50,24452.61,-1045.71,44184.04,23912.51,0.00,0.00,0.00,574.92,240.53,-540.09,824.67,824.67,0.387,0.117,1.001,-3.656,-0.672,0.438,8431,348.7,0,0.9313,0.1057,0.3192,-0.1400,345.7,38.6,0.0
882295,2026-09-17_13-41-15.296-240,v5.1.4,3.43,17.0,3200,-1530,53760,30613,-4347,53243,30181,-1721.26,43944.59,24461.84,-1024.79,44201.52,23992.59,0.00,0.00,0.00,696.47,256.93,-469.25,878.22,878.22,0.385,0.117,1.000,-3.719,-0.906,-0.125,8431,357.9,0,0.9313,0.1058,0.3191,-0.1402,345.7,38.6,0.0
882400,2026-09-17_13-41-15.401-240,v5.1.4,3.43,17.0,3200,-1491,53822,30572,-4510,53304,30038,-1689.41,43996.07,24427.65,-1181.65,44245.05,23901.22,0.00,0.00,0.00,507.76,248.98,-526.43,772.61,772.61,0.384,0.116,0.998,-3.891,-1.016,-0.016,8434,339.4,0,0.9313,0.1058,0.3189,-0.1405,345.6,38.6,0.0
882505,2026-09-17_13-41-15.506-240,v5.1.4,3.43,17.0,3200,-1474,53791,30546,-4489,53362,30040,-1675.14,43970.71,24406.71,-1165.86,44292.86,23898.81,0.00,0.00,0.00,509.28,322.15,-507.89,788.10,788.10,0.380,0.118,1.003,-3.688,-0.578,-0.109,8434,342.2,0,0.9310,0.1063,0.3196,-0.1405,345.6,38.7,0.0
882610,2026-09-17_13-41-16.610-240,v5.1.4,3.43,17.0,3200,-1459,53773,30387,-4403,53290,29876,-1662.34,43958.28,24277.07,-1116.83,44231.15,23756.24,0.00,0.00,0.00,545.50,272.88,-520.83,802.06,802.06,0.382,0.113,1.001,-4.125,-0.625,0.562,8445,344.7,0,0.9310,0.1055,0.3200,-0.1405,345.6,38.7,0.0
882715,2026-09-17_13-41-16.715-240,v5.1.4,3.43,17.0,3200,-1458,53788,30485,-4415,53237,30009,-1661.80,43969.06,24356.91,-1105.67,44191.06,23865.17,0.00,0.00,0.00,556.14,222.00,-491.74,774.85,774.85,0.382,0.115,1.002,-3.797,-0.641,0.359,8445,339.8,0,0.9309,0.1054,0.3203,-0.1404,345.6,38.7,0.0
882819,2026-09-17_13-41-16.820-240,v5.1.4,3.43,17.0,3200,-1429,53765,30543,-4436,53231,30099,-1637.86,43948.81,24404.44,-1109.62,44188.14,23940.29,0.00,0.00,0.00,528.24,239.33,-464.15,742.80,742.80,0.385,0.115,1.003,-3.609,-0.750,-0.125,8437,333.8,0,0.9309,0.1057,0.3202,-0.1405,345.6,38.7,0.0
882924,2026-09-17_13-41-16.924-240,v5.1.4,3.43,17.0,3200,-1547,53793,30546,-4367,53285,30073,-1735.35,43973.12,24406.84,-1058.30,44232.73,23908.52,0.00,0.00,0.00,677.05,259.62,-498.32,879.84,879.84,0.383,0.115,0.998,-3.688,-0.938,0.156,8438,358.2,0,0.9310,0.1057,0.3199,-0.1405,345.6,38.7,0.0
883028,2026-09-17_13-41-16.029-240,v5.1.4,3.43,17.0,3200,-1596,53817,30489,-4372,53329,29963,-1775.79,43994.38,24360.16,-1079.82,44265.79,23820.62,0.00,0.00,0.00,695.97,271.41,-539.54,921.49,921.49,0.385,0.117,1.002,-3.984,-0.375,0.234,8436,365.1,0,0.9309,0.1056,0.3202,-0.1405,345.6,38.7,0.0
883133,2026-09-17_13-41-16.134-240,v5.1.4,3.43,17.0,3200,-1477,53836,30625,-4419,53308,30197,-1678.06,44006.62,24470.74,-1083.69,44253.90,24014.91,0.00,0.00,0.00,594.37,247.27,-455.83,788.80,788.80,0.386,0.113,1.000,-3.906,-0.609,0.031,8436,342.3,0,0.9309,0.1053,0.3202,-0.1408,345.5,38.7,0.0
883238,2026-09-17_13-41-16.238-240,v5.1.4,3.43,17.0,3200,-1575,53774,30561,-4292,53254,30156,-1758.35,43957.46,24419.34,-983.52,44210.75,23964.36,0.00,0.00,0.00,774.83,253.29,-454.98,933.55,933.55,0.381,0.116,1.001,-3.797,-0.828,0.609,8436,367.1,0,0.9309,0.1052,0.3203,-0.1405,345.6,38.7,0.0
883342,2026-09-17_13-41-16.343-240,v5.1.4,3.43,17.0,3200,-1540,53791,30715,-4349,53217,30151,-1729.90,43968.64,24544.80,-1030.02,44179.45,23969.32,0.00,0.00,0.00,699.89,210.82,-575.49,930.31,930.31,0.387,0.115,1.001,-3.938,-0.672,0.141,8447,366.5,0,0.9310,0.1050,0.3201,-0.1406,345.6,38.7,0.0
883456,2026-09-17_13-41-16.457-240,v5.1.4,3.43,17.0,3200,-1447,53817,30645,-4450,53245,30090,-1653.24,43990.30,24487.20,-1122.88,44199.13,23934.93,0.00,0.00,0.00,530.36,208.84,-552.27,793.66,793.66,0.383,0.115,1.002,-3.781,-0.500,0.188,8447,343.2,0,0.9309,0.1052,0.3204,-0.1405,345.6,38.8,0.0
883561,2026-09-17_13-41-16.562-240,v5.1.4,3.43,17.0,3200,-1456,53785,30592,-4411,53227,30154,-1660.35,43964.82,24444.29,-1080.90,44186.70,23980.65,0.00,0.00,0.00,579.45,221.88,-463.63,774.57,774.57,0.382,0.111,1.003,-3.562,-0.781,0.172,8440,339.7,0,0.9308,0.1051,0.3206,-0.1405,345.6,38.8,0.0
883665,2026-09-17_13-41-17.666-240,v5.1.4,3.43,17.0,3200,-1466,53678,30622,-4219,53111,30173,-1667.98,43876.03,24469.91,-916.59,44095.47,23969.52,0.00,0.00,0.00,751.39,219.44,-500.39,929.04,929.04,0.383,0.116,1.003,-3.609,-0.672,-0.125,8438,366.3,0,0.9308,0.1055,0.3206,-0.1405,345.6,38.8,0.0
883770,2026-09-17_13-41-17.771-240,v5.1.4,3.43,17.0,3200,-1533,53656,30616,-4181,53069,30209,-1723.08,43858.65,24465.38,-878.78,44062.69,23993.39,0.00,0.00,0.00,844.29,204.04,-471.99,988.55,988.55,0.383,0.116,1.000,-4.016,-1.047,0.359,8438,375.8,0,0.9309,0.1053,0.3203,-0.1406,345.6,38.7,0.0
883874,2026-09-17_13-41-17.875-240,v5.1.4,3.43,17.0,3200,-1566,53603,30634,-4010,52944,30210,-1749.99,43814.91,24480.69,-734.11,43963.29,23971.09,0.00,0.00,0.00,1015.88,148.39,-509.60,1146.18,1146.18,0.380,0.115,0.998,-3.500,-0.375,0.062,8438,399.1,0,0.9307,0.1056,0.3207,-0.1405,345.6,38.8,0.0
883979,2026-09-17_13-41-17.980-240,v5.1.4,3.43,17.0,3200,-1601,53553,30612,-3956,52844,30172,-1778.49,43774.32,24463.33,-692.16,43881.44,23934.39,0.00,0.00,0.00,1086.33,107.12,-528.94,1213.00,1213.00,0.383,0.112,1.007,-4.109,-0.625,0.562,8441,408.4,0,0.9307,0.1048,0.3210,-0.1406,345.5,38.8,0.0
884084,2026-09-17_13-41-17.084-240,v5.1.4,3.43,17.0,3200,-1638,53444,30651,-3808,52647,30124,-1808.39,43684.01,24496.37,-571.35,43721.55,23877.44,0.00,0.00,0.00,1237.03,37.54,-618.93,1383.74,1383.74,0.382,0.115,1.003,-4.141,-0.547,0.547,8437,430.5,0,0.9307,0.1044,0.3212,-0.1406,345.5,38.9,0.0
884188,2026-09-17_13-41-17.189-240,v5.1.4,3.43,17.0,3200,-1670,53541,30622,-3743,52669,30120,-1835.33,43764.95,24471.76,-519.13,43740.49,23864.36,0.00,0.00,0.00,1316.20,-24.46,-607.40,1449.80,1449.80,0.385,0.113,1.001,-3.266,-0.672,-0.250,8433,438.6,0,0.9307,0.1049,0.3209,-0.1407,345.5,38.8,0.0
884293,2026-09-17_13-41-17.293-240,v5.1.4,3.43,17.0,3200,-1752,53622,30504,-3705,52651,29988,-1903.23,43834.65,24374.76,-506.58,43722.97,23753.55,0.00,0.00,0.00,1396.64,-111.68,-621.21,1532.64,1532.64,0.382,0.114,0.997,-3.750,-0.641,0.062,8433,448.4,0,0.9307,0.1050,0.3208,-0.1409,345.5,38.8,0.0
884397,2026-09-17_13-41-17.398-240,v5.1.4,3.43,17.0,3200,-1643,53514,30612,-3592,52482,30144,-1812.88,43742.54,24463.82,-385.65,43590.68,23864.37,0.00,0.00,0.00,1427.23,-151.85,-599.45,1555.43,1555.43,0.384,0.116,1.031,-3.766,-0.766,0.094,8432,451.1,0,0.9305,0.1050,0.3214,-0.1410,345.5,38.9,0.0
884502,2026-09-17_13-41-17.503-240,v5.1.4,3.43,17.0,3200,-1666,53623,30528,-3609,52560,29986,-1832.36,43834.20,24394.16,-425.10,43650.09,23739.32,0.00,0.00,0.00,1407.27,-184.11,-654.85,1563.05,1563.05,0.383,0.115,1.003,-4.250,-0.281,-0.578,8439,451.9,0,0.9302,0.1052,0.3217,-0.1418,345.4,38.9,0.0
884607,2026-09-17_13-41-18.608-240,v5.1.4,3.43,17.0,3200,-1714,53620,30371,-3583,52486,29889,-1871.61,43834.77,24266.13,-415.60,43587.51,23659.14,0.00,0.00,0.00,1456.01,-247.26,-606.99,1596.73,1596.73,0.387,0.117,0.997,-3.828,-0.906,0.328,8439,455.8,0,0.9306,0.1052,0.3207,-0.1417,345.4,38.8,0.0
884712,2026-09-17_13-41-18.713-240,v5.1.4,3.43,17.0,3200,-1794,53645,30319,-3614,52493,29857,-1937.64,43857.10,24223.59,-445.99,43591.91,23638.00,0.00,0.00,0.00,1491.65,-265.19,-585.60,1624.27,1624.27,0.385,0.115,0.998,-3.203,-0.594,0.609,8431,458.9,0,0.9307,0.1054,0.3205,-0.1411,345.5,38.8,0.0
884817,2026-09-17_13-41-18.818-240,v5.1.4,3.43,17.0,3200,-1779,53754,30602,-3632,52591,30102,-1926.53,43942.38,24453.45,-428.04,43678.05,23834.93,0.00,0.00,0.00,1498.49,-264.33,-618.52,1642.53,1642.53,0.383,0.116,0.998,-3.828,-0.594,0.438,8433,460.9,0,0.9308,0.1053,0.3205,-0.1410,345.5,38.8,0.0
884932,2026-09-17_13-41-18.932-240,v5.1.4,3.43,17.0,3200,-1798,53590,30545,-3653,52408,29976,-1941.04,43808.02,24408.66,-458.10,43524.86,23740.20,0.00,0.00,0.00,1482.94,-283.16,-668.46,1651.10,1651.10,0.382,0.117,1.007,-3.297,-0.766,0.172,8428,461.8,0,0.9307,0.1057,0.3205,-0.1408,345.6,38.8,0.0
885036,2026-09-17_13-41-18.037-240,v5.1.4,3.43,17.0,3200,-1844,53563,30296,-3789,52395,29862,-1978.30,43790.25,24205.78,-586.24,43509.08,23669.23,0.00,0.00,0.00,1392.06,-281.16,-536.55,1518.14,1518.14,0.383,0.116,0.997,-4.203,-1.078,-0.531,8428,446.7,0,0.9308,0.1057,0.3200,-0.1417,345.4,38.7,0.0
885140,2026-09-17_13-41-18.141-240,v5.1.4,3.43,17.0,3200,-1946,53575,30535,-3889,52417,30063,-2062.97,43797.32,24400.96,-639.85,43530.64,23844.22,0.00,0.00,0.00,1423.11,-266.68,-556.74,1551.24,1551.24,0.385,0.112,1.004,-4.172,-0.719,0.547,8437,450.6,0,0.9308,0.1047,0.3201,-0.1420,345.4,38.7,0.0
885245,2026-09-17_13-41-18.245-240,v5.1.4,3.43,17.0,3200,-1826,53602,30527,-3753,52424,30012,-1964.17,43818.52,24393.90,-535.61,43537.25,23783.39,0.00,0.00,0.00,1428.56,-281.27,-610.51,1578.80,1578.80,0.384,0.114,0.998,-3.938,-0.656,-0.156,8445,453.7,0,0.9308,0.1049,0.3200,-0.1423,345.3,38.7,0.0
885349,2026-09-17_13-41-18.350-240,v5.1.4,3.43,17.0,3200,-1833,53626,30395,-3781,52439,29824,-1969.83,43840.57,24285.91,-586.56,43544.20,23636.97,0.00,0.00,0.00,1383.27,-296.37,-648.94,1556.40,1556.40,0.382,0.114,1.006,-3.797,-0.875,0.422,8450,451.2,0,0.9307,0.1048,0.3202,-0.1422,345.3,38.7,0.0
885454,2026-09-17_13-41-18.454-240,v5.1.4,3.43,17.0,3200,-1708,53649,30522,-3591,52468,29990,-1867.15,43856.21,24389.08,-406.88,43575.28,23741.34,0.00,0.00,0.00,1460.27,-280.93,-647.74,1622.00,1622.00,0.384,0.115,0.999,-4.000,-0.594,0.578,8450,458.6,0,0.9308,0.1045,0.3202,-0.1420,345.3,38.7,0.0
885558,2026-09-17_13-41-18.559-240,v5.1.4,3.43,17.0,3200,-1639,53592,30432,-3570,52444,29909,-1809.71,43809.86,24316.06,-400.69,43553.90,23673.89,0.00,0.00,0.00,1409.02,-255.96,-642.18,1569.47,1569.47,0.382,0.116,1.006,-3.719,-0.328,0.625,8440,452.7,0,0.9306,0.1047,0.3208,-0.1415,345.4,38.8,0.0
885663,2026-09-17_13-41-19.664-240,v5.1.4,3.43,17.0,3200,-1632,53601,30521,-3620,52412,30061,-1804.17,43815.78,24388.61,-418.66,43530.86,23803.24,0.00,0.00,0.00,1385.51,-284.92,-585.37,1530.84,1530.84,0.383,0.114,0.999,-3.812,-0.328,-0.469,8444,448.2,0,0.9305,0.1052,0.3210,-0.1419,345.4,38.8,0.0
885768,2026-09-17_13-41-19.768-240,v5.1.4,3.43,17.0,3200,-1660,53587,30489,-3607,52405,30059,-1827.11,43805.03,24362.69,-408.04,43525.30,23799.85,0.00,0.00,0.00,1419.07,-279.73,-562.84,1552.03,1552.03,0.382,0.115,0.998,-3.672,-0.672,0.484,8449,450.7,0,0.9306,0.1052,0.3209,-0.1416,345.4,38.8,0.0
885872,2026-09-17_13-41-19.873-240,v5.1.4,3.43,17.0,3200,-1680,53591,30498,-3630,52420,30090,-1843.65,43808.39,24370.04,-422.90,43537.98,23827.76,0.00,0.00,0.00,1420.75,-270.41,-542.27,1544.57,1544.57,0.384,0.115,1.004,-3.734,-0.719,-0.297,8449,449.8,0,0.9305,0.1055,0.3207,-0.1419,345.4,38.8,0.0
885977,2026-09-17_13-41-19.977-240,v5.1.4,3.43,17.0,3200,-1536,53639,30514,-3417,52481,29997,-1725.24,43846.29,24382.30,-263.09,43588.91,23721.20,0.00,0.00,0.00,1462.14,-257.39,-661.10,1625.17,1625.17,0.380,0.114,1.003,-3.922,-0.594,0.609,8443,459.0,0,0.9305,0.1052,0.3211,-0.1417,345.4,38.9,0.0
886082,2026-09-17_13-41-19.083-240,v5.1.4,3.43,17.0,3200,-1636,53665,30514,-3569,52502,29999,-1807.86,43868.81,24382.24,-388.51,43603.66,23744.76,0.00,0.00,0.00,1419.36,-265.15,-637.47,1578.37,1578.37,0.385,0.115,1.003,-3.422,-0.875,0.203,8440,453.7,0,0.9306,0.1055,0.3206,-0.1414,345.5,38.8,0.0
886187,2026-09-17_13-41-19.187-240,v5.1.4,3.43,17.0,3200,-1573,53590,30291,-3496,52392,29836,-1754.99,43809.83,24200.85,-348.87,43510.71,23605.51,0.00,0.00,0.00,1406.12,-299.12,-595.34,1555.98,1555.98,0.384,0.115,0.975,-3.344,-0.703,-0.234,8440,451.1,0,0.9310,0.1061,0.3195,-0.1414,345.5,38.7,0.0
886301,2026-09-17_13-41-19.302-240,v5.1.4,3.43,17.0,3200,-1728,53636,30249,-3631,52476,29729,-1883.01,43850.12,24166.41,-478.14,43574.43,23538.44,0.00,0.00,0.00,1404.87,-275.70,-627.97,1563.33,1563.33,0.381,0.116,1.002,-4.094,-1.172,0.281,8441,452.0,0,0.9310,0.1057,0.3195,-0.1416,345.4,38.7,0.0
886406,2026-09-17_13-41-19.407-240,v5.1.4,3.43,17.0,3200,-1681,53659,30412,-3673,52454,29975,-1844.73,43865.98,24299.13,-476.11,43562.11,23741.60,0.00,0.00,0.00,1368.62,-303.87,-557.53,1508.74,1508.74,0.383,0.114,1.001,-3.172,-0.875,-0.125,8446,445.6,0,0.9309,0.1062,0.3195,-0.1416,345.5,38.7,0.0
886511,2026-09-17_13-41-19.511-240,v5.1.4,3.43,17.0,3200,-1726,53663,30477,-3602,52486,29991,-1881.99,43868.69,24352.24,-416.34,43589.84,23743.46,0.00,0.00,0.00,1465.65,-278.86,-608.78,1611.37,1611.37,0.384,0.117,1.009,-3.781,-1.062,0.266,8429,457.4,0,0.9309,0.1061,0.3194,-0.1417,345.5,38.7,0.0
886615,2026-09-17_13-41-20.616-240,v5.1.4,3.43,17.0,3200,-1724,53636,30516,-3575,52441,29923,-1880.25,43845.73,24384.35,-402.67,43551.73,23685.86,0.00,0.00,0.00,1477.58,-293.99,-698.49,1660.59,1660.59,0.381,0.117,1.006,-3.531,-0.625,0.438,8429,462.9,0,0.9308,0.1061,0.3199,-0.1415,345.5,38.7,0.0
886720,2026-09-17_13-41-20.720-240,v5.1.4,3.43,17.0,3200,-1703,53609,30278,-3632,52433,29778,-1862.28,43827.09,24190.31,-470.49,43540.52,23578.44,0.00,0.00,0.00,1391.79,-286.57,-611.87,1547.12,1547.12,0.385,0.113,1.003,-3.781,-0.812,-0.047,8439,450.1,0,0.9308,0.1059,0.3198,-0.1418,345.4,38.7,0.0
886825,2026-09-17_13-41-20.826-240,v5.1.4,3.43,17.0,3200,-1705,53553,30384,-3688,52417,29878,-1863.79,43779.12,24277.42,-501.48,43529.12,23666.85,0.00,0.00,0.00,1362.31,-250.00,-610.57,1513.67,1513.67,0.383,0.114,0.994,-3.891,-0.266,0.297,8447,446.2,0,0.9307,0.1057,0.3202,-0.1418,345.4,38.7,0.0
886929,2026-09-17_13-41-20.930-240,v5.1.4,3.43,17.0,3200,-1800,53573,30461,-3676,52385,29922,-1942.41,43795.36,24340.27,-484.20,43504.29,23700.77,0.00,0.00,0.00,1458.21,-291.07,-639.50,1618.66,1618.66,0.383,0.117,0.998,-3.766,-0.484,0.422,8440,458.2,0,0.9307,0.1057,0.3202,-0.1417,345.4,38.8,0.0
887034,2026-09-17_13-41-20.034-240,v5.1.4,3.43,17.0,3200,-1765,53587,30696,-3690,52412,30234,-1914.11,43802.74,24531.89,-451.00,43534.20,23951.80,0.00,0.00,0.00,1463.11,-268.54,-580.09,1596.66,1596.66,0.383,0.114,0.999,-4.188,-0.797,-0.578,8440,455.8,0,0.9306,0.1057,0.3202,-0.1426,345.3,38.8,0.0
887139,2026-09-17_13-41-20.139-240,v5.1.4,3.43,17.0,3200,-1766,53652,30531,-3671,52460,30012,-1915.02,43859.14,24396.52,-469.25,43568.01,23770.79,0.00,0.00,0.00,1445.77,-291.13,-625.73,1602.04,1602.04,0.382,0.116,0.999,-3.625,-0.859,0.359,8441,456.4,0,0.9306,0.1058,0.3201,-0.1424,345.3,38.7,0.0
887243,2026-09-17_13-41-20.244-240,v5.1.4,3.43,17.0,3200,-1721,53640,30564,-3669,52484,30061,-1877.90,43848.22,24423.49,-461.18,43588.93,23809.28,0.00,0.00,0.00,1416.71,-259.29,-614.21,1565.75,1565.75,0.385,0.114,1.004,-3.969,-0.594,0.000,8445,452.2,0,0.9306,0.1056,0.3202,-0.1428,345.3,38.8,0.0
887348,2026-09-17_13-41-20.348-240,v5.1.4,3.43,17.0,3200,-1754,53563,30462,-3646,52397,30032,-1904.42,43786.61,24341.09,-443.83,43517.43,23784.11,0.00,0.00,0.00,1460.59,-269.18,-556.98,1586.19,1586.19,0.381,0.116,1.003,-3.891,-0.797,-0.031,8445,454.6,0,0.9305,0.1058,0.3203,-0.1430,345.3,38.8,0.0
887452,2026-09-17_13-41-20.453-240,v5.1.4,3.43,17.0,3200,-1785,53523,30409,-3673,52301,29880,-1929.62,43754.75,24298.31,-485.29,43434.59,23668.09,0.00,0.00,0.00,1444.33,-320.16,-630.22,1608.03,1608.03,0.390,0.118,1.004,-3.469,-0.266,0.547,8453,457.0,0,0.9306,0.1060,0.3202,-0.1425,345.3,38.8,0.0
887557,2026-09-17_13-41-20.557-240,v5.1.4,3.43,17.0,3200,-1777,53519,30608,-3698,52310,30161,-1923.40,43748.11,24460.78,-465.11,43448.79,23896.24,0.00,0.00,0.00,1458.29,-299.32,-564.54,1592.14,1592.14,0.384,0.115,0.997,-3.797,-0.531,0.047,8440,455.2,0,0.9306,0.1059,0.3201,-0.1427,345.3,38.8,0.0
887661,2026-09-17_13-41-21.662-240,v5.1.4,3.43,17.0,3200,-1768,53557,30595,-3715,52372,30062,-1916.19,43779.63,24449.76,-495.45,43496.65,23818.61,0.00,0.00,0.00,1420.74,-282.98,-631.14,1580.16,1580.16,0.381,0.116,1.000,-3.719,-0.672,0.484,8456,453.9,0,0.9305,0.1058,0.3203,-0.1425,345.3,38.8,0.0
887775,2026-09-17_13-41-21.776-240,v5.1.4,3.43,17.0,3200,-1658,53680,30557,-3636,52494,30134,-1826.19,43880.73,24417.23,-423.68,43599.52,23862.64,0.00,0.00,0.00,1402.51,-281.20,-554.59,1534.17,1534.17,0.386,0.115,1.002,-3.688,-0.250,0.078,8456,448.6,0,0.9305,0.1059,0.3205,-0.1425,345.3,38.8,0.0
887880,2026-09-17_13-41-21.881-240,v5.1.4,3.43,17.0,3200,-1728,53703,30436,-3631,52509,29894,-1883.81,43902.43,24318.36,-455.07,43605.66,23669.81,0.00,0.00,0.00,1428.75,-296.77,-648.55,1596.87,1596.87,0.385,0.114,0.996,-3.281,-0.703,0.484,8447,455.8,0,0.9307,0.1060,0.3201,-0.1421,345.4,38.7,0.0
887984,2026-09-17_13-41-21.985-240,v5.1.4,3.43,17.0,3200,-1732,53506,30634,-3678,52288,30118,-1886.26,43736.48,24482.05,-454.26,43430.02,23859.29,0.00,0.00,0.00,1432.00,-306.46,-622.76,1591.34,1591.34,0.386,0.114,1.007,-3.594,-0.891,0.109,8442,455.2,0,0.9307,0.1058,0.3199,-0.1422,345.4,38.7,0.0
888089,2026-09-17_13-41-21.090-240,v5.1.4,3.43,17.0,3200,-1744,53750,30404,-3631,52593,29842,-1897.24,43941.94,24291.78,-465.23,43672.99,23626.91,0.00,0.00,0.00,1432.01,-268.95,-664.87,1601.57,1601.57,0.384,0.117,0.997,-3.812,-0.922,0.750,8446,456.3,0,0.9309,0.1056,0.3196,-0.1418,345.4,38.7,0.0
888194,2026-09-17_13-41-21.194-240,v5.1.4,3.43,17.0,3200,-1759,53663,30394,-3705,52501,29871,-1909.04,43870.39,24284.56,-519.07,43597.33,23662.41,0.00,0.00,0.00,1389.97,-273.05,-622.15,1547.14,1547.14,0.384,0.117,0.998,-3.578,-1.203,0.594,8446,450.1,0,0.9311,0.1056,0.3191,-0.1415,345.5,38.6,0.0
888298,2026-09-17_13-41-21.299-240,v5.1.4,3.43,17.0,3200,-1800,53664,30486,-3692,52438,29965,-1943.04,43870.13,24359.73,-492.71,43548.46,23736.65,0.00,0.00,0.00,1450.33,-321.67,-623.09,1610.95,1610.95,0.382,0.115,0.997,-3.641,-0.797,0.422,8444,457.4,0,0.9311,0.1055,0.3192,-0.1414,345.5,38.6,0.0
888403,2026-09-17_13-41-21.403-240,v5.1.4,3.43,17.0,3200,-1802,53675,30463,-3722,52500,29975,-1944.71,43879.62,24340.85,-517.84,43598.93,23748.06,0.00,0.00,0.00,1426.87,-280.70,-592.79,1570.40,1570.40,0.386,0.115,1.003,-3.703,-0.484,-0.547,8446,452.8,0,0.9309,0.1059,0.3194,-0.1420,345.4,38.7,0.0
888507,2026-09-17_13-41-21.508-240,v5.1.4,3.43,17.0,3200,-1845,53654,30455,-3677,52474,30076,-1980.02,43862.84,24334.62,-465.27,43581.01,23822.61,0.00,0.00,0.00,1514.75,-281.83,-512.02,1623.60,1623.60,0.383,0.117,0.996,-3.734,-1.047,0.281,8446,458.8,0,0.9310,0.1059,0.3190,-0.1420,345.4,38.6,0.0
888612,2026-09-17_13-41-22.612-240,v5.1.4,3.43,17.0,3200,-1809,53621,30392,-3617,52434,29876,-1950.00,43836.24,24283.46,-443.88,43544.11,23654.56,0.00,0.00,0.00,1506.12,-292.13,-628.90,1658.09,1658.09,0.384,0.117,1.028,-3.578,-0.500,0.047,8446,462.6,0,0.9307,0.1061,0.3200,-0.1421,345.4,38.7,0.0
888716,2026-09-17_13-41-22.717-240,v5.1.4,3.43,17.0,3200,-1838,53565,30449,-3479,52246,29881,-1973.67,43789.34,24330.64,-323.84,43392.79,23641.31,0.00,0.00,0.00,1649.84,-396.55,-689.33,1831.50,1831.50,0.384,0.115,0.995,-3.828,-0.922,-0.375,8443,481.1,0,0.9307,0.1062,0.3196,-0.1427,345.3,38.7,0.0
888821,2026-09-17_13-41-22.821-240,v5.1.4,3.43,17.0,3200,-1912,53487,30570,-3286,52047,30188,-2034.44,43723.69,24430.38,-114.12,43241.17,23861.57,0.00,0.00,0.00,1920.33,-482.52,-568.80,2060.10,2060.10,0.385,0.113,1.006,-3.406,-0.891,0.188,8443,503.8,0,0.9307,0.1060,0.3195,-0.1428,345.3,38.7,0.0
888925,2026-09-17_13-41-22.926-240,v5.1.4,3.43,17.0,3200,-1921,53366,30586,-2992,51793,30195,-2041.13,43623.56,24444.72,136.59,43038.47,23828.08,0.00,0.00,0.00,2177.72,-585.09,-616.63,2337.74,2337.74,0.383,0.115,1.000,-3.234,-0.391,0.062,8443,529.1,0,0.9306,0.1064,0.3198,-0.1427,345.3,38.7,0.0
889030,2026-09-17_13-41-22.030-240,v5.1.4,3.43,17.0,3200,-1968,53262,30662,-2733,51554,30250,-2079.38,43536.89,24507.94,365.06,42848.71,23837.86,0.00,0.00,0.00,2444.43,-688.18,-670.08,2626.38,2626.38,0.383,0.113,1.005,-4.500,-0.281,0.469,8456,553.5,0,0.9304,0.1053,0.3205,-0.1433,345.2,38.8,0.0
889134,2026-09-17_13-41-22.135-240,v5.1.4,3.43,17.0,3200,-2063,53235,30740,-2558,51313,30354,-2157.70,43514.29,24572.09,531.62,42657.21,23899.16,0.00,0.00,0.00,2689.32,-857.08,-672.93,2901.70,2901.70,0.380,0.116,1.006,-3.609,-1.109,0.250,8438,575.1,0,0.9304,0.1054,0.3204,-0.1434,345.2,38.8,0.0
889249,2026-09-17_13-41-22.249-240,v5.1.4,3.43,17.0,3200,-1722,53179,30810,-1923,51006,30477,-1876.29,43463.36,24629.10,1081.46,42419.70,23909.21,0.00,0.00,0.00,2957.75,-1043.65,-719.89,3218.04,3218.04,0.384,0.115,0.997,-3.719,-0.953,0.000,8447,598.3,0,0.9305,0.1056,0.3199,-0.1435,345.2,38.7,0.0
889353,2026-09-17_13-41-22.354-240,v5.1.4,3.43,17.0,3200,-1877,53140,30562,-1833,50676,30558,-2003.36,43436.78,24427.38,1177.45,42153.48,23966.01,0.00,0.00,0.00,3180.82,-1283.30,-461.38,3460.82,3460.82,0.385,0.114,1.007,-3.906,-0.594,0.047,8447,615.0,0,0.9304,0.1055,0.3201,-0.1439,345.1,38.8,0.0
889458,2026-09-17_13-41-22.459-240,v5.1.4,3.43,17.0,3200,-1833,53120,30599,-1610,50397,30759,-1967.03,43419.20,24457.70,1398.84,41934.21,24098.41,0.00,0.00,0.00,3365.86,-1485.00,-359.29,3696.39,3696.39,0.383,0.115,1.003,-3.438,-0.891,-0.172,8449,630.6,0,0.9304,0.1060,0.3199,-0.1440,345.1,38.7,0.0
889564,2026-09-17_13-41-22.565-240,v5.1.4,3.43,17.0,3200,-1986,53145,30547,-1721,50247,30517,-2093.25,43442.29,24415.31,1276.77,41803.54,23923.63,0.00,0.00,0.00,3370.02,-1638.75,-491.68,3779.45,3779.45,0.384,0.114,0.998,-3.688,-0.469,0.766,8454,635.9,0,0.9305,0.1055,0.3200,-0.1437,345.1,38.7,0.0
889669,2026-09-17_13-41-23.670-240,v5.1.4,3.43,17.0,3200,-2065,53291,30517,-1693,50241,30071,-2159.26,43564.21,24389.47,1234.88,41787.57,23563.10,0.00,0.00,0.00,3394.14,-1776.64,-826.37,3919.13,3919.13,0.381,0.116,1.003,-3.703,-0.844,3.844,8447,644.7,0,0.9310,0.1035,0.3203,-0.1413,345.4,38.7,0.0
889774,2026-09-17_13-41-23.775-240,v5.1.4,3.43,17.0,3200,-2089,53236,30358,-1672,50075,30034,-2178.38,43521.62,24260.30,1251.85,41651.25,23533.08,0.00,0.00,0.00,3430.23,-1870.37,-727.22,3974.11,3974.11,0.385,0.112,1.000,-3.719,-0.875,0.125,8447,648.1,0,0.9311,0.1034,0.3200,-0.1415,345.4,38.7,0.0
889879,2026-09-17_13-41-23.879-240,v5.1.4,3.43,17.0,3200,-2071,53205,30757,-1709,50002,30415,-2164.14,43489.31,24586.29,1279.27,41600.82,23844.24,0.00,0.00,0.00,3443.41,-1888.50,-742.06,3996.77,3996.77,0.381,0.115,1.004,-3.609,-0.906,-0.125,8454,649.5,0,0.9310,0.1038,0.3201,-0.1418,345.3,38.7,0.0
889983,2026-09-17_13-41-23.984-240,v5.1.4,3.43,17.0,3200,-2110,53206,30594,-1748,49974,30375,-2195.98,43493.20,24453.30,1242.19,41576.26,23818.43,0.00,0.00,0.00,3438.18,-1916.94,-634.88,3987.33,3987.33,0.383,0.115,0.999,-3.312,-0.750,0.391,8443,648.9,0,0.9310,0.1041,0.3199,-0.1415,345.4,38.7,0.0
890088,2026-09-17_13-41-23.089-240,v5.1.4,3.43,17.0,3200,-2165,53226,30368,-1763,49939,29977,-2241.01,43513.98,24268.72,1172.82,41537.13,23503.03,0.00,0.00,0.00,3413.83,-1976.85,-765.69,4018.51,4018.51,0.381,0.114,1.001,-0.156,-0.625,0.359,8443,650.8,0,0.9311,0.1064,0.3197,-0.1395,345.8,38.7,0.0
890193,2026-09-17_13-41-23.193-240,v5.1.4,3.43,17.0,3200,-2158,53254,30464,-1739,49987,30057,-2235.61,43535.47,24346.79,1202.78,41578.82,23562.70,0.00,0.00,0.00,3438.38,-1956.65,-784.09,4033.08,4033.08,0.382,0.115,1.001,-3.891,-0.188,0.484,8447,651.7,0,0.9310,0.1055,0.3203,-0.1399,345.7,38.8,0.0
890297,2026-09-17_13-41-23.298-240,v5.1.4,3.43,17.0,3200,-2129,53301,30200,-1676,50021,29913,-2211.46,43578.30,24130.73,1232.55,41603.91,23437.80,0.00,0.00,0.00,3444.01,-1974.39,-692.93,4029.83,4029.83,0.380,0.115,1.004,-3.531,-0.188,0.125,8450,651.5,0,0.9307,0.1054,0.3211,-0.1402,345.6,38.8,0.0
890402,2026-09-17_13-41-23.402-240,v5.1.4,3.43,17.0,3200,-2123,53237,30079,-1725,49943,29856,-2205.86,43527.34,24032.61,1186.30,41537.89,23400.67,0.00,0.00,0.00,3392.16,-1989.46,-631.94,3982.97,3982.97,0.384,0.116,1.001,-3.453,-0.875,0.766,8456,648.7,0,0.9309,0.1049,0.3206,-0.1401,345.6,38.8,0.0
890506,2026-09-17_13-41-23.507-240,v5.1.4,3.43,17.0,3200,-2163,53217,30547,-1769,49887,30161,-2239.66,43503.60,24414.94,1196.34,41499.27,23651.82,0.00,0.00,0.00,3436.00,-2004.33,-763.11,4050.41,4050.41,0.380,0.116,1.000,-3.719,-0.344,0.000,8456,652.8,0,0.9307,0.1048,0.3210,-0.1406,345.5,38.8,0.0
890611,2026-09-17_13-41-24.611-240,v5.1.4,3.43,17.0,3200,-2158,53240,30459,-1765,49965,30383,-2235.51,43523.99,24342.85,1229.65,41568.83,23827.46,0.00,0.00,0.00,3465.16,-1955.16,-515.39,4011.93,4011.93,0.382,0.112,1.001,-4.109,-0.953,0.141,8450,650.4,0,0.9307,0.1041,0.3208,-0.1414,345.4,38.8,0.0
890726,2026-09-17_13-41-24.726-240,v5.1.4,3.43,17.0,3200,-2040,53246,30744,-1637,49951,30455,-2138.81,43523.07,24575.19,1345.91,41561.32,23866.46,0.00,0.00,0.00,3484.72,-1961.75,-708.73,4061.29,4061.29,0.380,0.114,1.001,-4.062,-0.578,0.344,8448,653.4,0,0.9306,0.1037,0.3211,-0.1419,345.3,38.8,0.0
890830,2026-09-17_13-41-24.831-240,v5.1.4,3.43,17.0,3200,-2105,53209,30598,-1694,49924,30172,-2191.89,43495.56,24456.53,1258.52,41531.02,23649.03,0.00,0.00,0.00,3450.41,-1964.54,-807.50,4051.77,4051.77,0.385,0.116,1.000,-3.750,-1.172,0.719,8439,652.9,0,0.9309,0.1035,0.3203,-0.1417,345.3,38.7,0.0
890935,2026-09-17_13-41-24.936-240,v5.1.4,3.43,17.0,3200,-2189,53141,30362,-1740,49849,29987,-2260.25,43444.10,24264.76,1195.96,41464.18,23509.08,0.00,0.00,0.00,3456.21,-1979.92,-755.68,4054.20,4054.20,0.383,0.116,1.002,-3.766,-0.703,0.250,8439,653.0,0,0.9309,0.1037,0.3203,-0.1419,345.3,38.7,0.0
891040,2026-09-17_13-41-24.040-240,v5.1.4,3.43,17.0,3200,-2192,53116,30585,-1759,49803,30218,-2263.01,43419.84,24447.07,1215.46,41432.23,23697.26,0.00,0.00,0.00,3478.48,-1987.60,-749.81,4075.85,4075.85,0.383,0.111,0.998,-3.766,-0.359,0.172,8451,654.3,0,0.9307,0.1035,0.3206,-0.1423,345.3,38.8,0.0
891144,2026-09-17_13-41-24.145-240,v5.1.4,3.43,17.0,3200,-2211,53100,30378,-1776,49761,30008,-2278.16,43410.19,24278.29,1172.11,41392.20,23532.55,0.00,0.00,0.00,3450.27,-2017.99,-745.74,4066.05,4066.05,0.381,0.115,1.009,-3.781,-0.812,0.453,8445,653.7,0,0.9306,0.1035,0.3208,-0.1423,345.2,38.8,0.0
891248,2026-09-17_13-41-24.249-240,v5.1.4,3.43,17.0,3200,-2180,53159,30378,-1766,49838,30022,-2252.97,43458.61,24277.62,1180.02,41455.67,23541.05,0.00,0.00,0.00,3432.99,-2002.94,-736.57,4042.24,4042.24,0.383,0.120,1.007,-3.922,-0.500,0.500,8449,652.3,0,0.9306,0.1038,0.3210,-0.1423,345.3,38.8,0.0
891353,2026-09-17_13-41-24.354-240,v5.1.4,3.43,17.0,3200,-2163,53108,30370,-1728,49751,30044,-2238.61,43416.43,24271.58,1217.16,41385.74,23554.45,0.00,0.00,0.00,3455.78,-2030.70,-717.13,4071.90,4071.90,0.379,0.115,1.004,-3.641,-0.422,0.188,8449,654.1,0,0.9304,0.1042,0.3214,-0.1424,345.3,38.9,0.0
891458,2026-09-17_13-41-24.458-240,v5.1.4,3.43,17.0,3200,-2147,53195,30330,-1664,49916,29951,-2225.89,43488.80,24237.99,1251.19,41519.25,23468.09,0.00,0.00,0.00,3477.08,-1969.54,-769.90,4069.63,4069.63,0.381,0.114,1.001,-3.906,-0.938,0.078,8450,653.9,0,0.9304,0.1041,0.3212,-0.1429,345.2,38.9,0.0
891562,2026-09-17_13-41-24.563-240,v5.1.4,3.43,17.0,3200,-2129,53229,30779,-1699,49900,30444,-2212.17,43509.38,24604.12,1294.85,41518.34,23867.57,0.00,0.00,0.00,3507.02,-1991.04,-736.55,4099.50,4099.50,0.381,0.112,0.999,-3.672,-0.547,0.344,8450,655.7,0,0.9303,0.1040,0.3213,-0.1430,345.2,38.9,0.0
891667,2026-09-17_13-41-25.667-240,v5.1.4,3.43,17.0,3200,-2193,53276,30551,-1756,49951,30271,-2264.78,43552.59,24417.65,1221.13,41554.64,23736.83,0.00,0.00,0.00,3485.92,-1997.94,-680.82,4075.16,4075.16,0.385,0.112,1.004,-3.766,-0.641,0.047,8450,654.3,0,0.9303,0.1039,0.3210,-0.1435,345.1,38.8,0.0
891771,2026-09-17_13-41-25.772-240,v5.1.4,3.43,17.0,3200,-2186,53271,30377,-1801,49961,29978,-2258.63,43551.22,24275.65,1141.03,41554.52,23509.05,0.00,0.00,0.00,3399.66,-1996.71,-766.59,4016.49,4016.49,0.384,0.114,1.002,-3.656,-0.781,0.016,8458,650.7,0,0.9304,0.1042,0.3207,-0.1437,345.1,38.8,0.0
891876,2026-09-17_13-41-25.876-240,v5.1.4,3.43,17.0,3200,-2184,53318,30556,-1778,50010,30024,-2257.64,43587.11,24421.28,1165.16,41596.14,23541.67,0.00,0.00,0.00,3422.80,-1990.98,-879.60,4056.26,4056.26,0.380,0.109,1.001,-3.750,-0.938,0.531,8454,653.1,0,0.9304,0.1037,0.3208,-0.1439,345.0,38.8,0.0
891980,2026-09-17_13-41-25.981-240,v5.1.4,3.43,17.0,3200,-2178,53334,30455,-1710,50044,29965,-2252.59,43601.92,24338.65,1211.46,41623.50,23483.99,0.00,0.00,0.00,3464.05,-1978.41,-854.66,4079.73,4079.73,0.380,0.113,1.000,-4.156,-0.469,0.250,8443,654.6,0,0.9302,0.1037,0.3211,-0.1443,345.0,38.9,0.0
892095,2026-09-17_13-41-25.095-240,v5.1.4,3.43,17.0,3200,-2197,53301,30660,-1770,49961,30376,-2268.46,43571.50,24506.38,1224.64,41565.30,23822.66,0.00,0.00,0.00,3493.10,-2006.20,-683.72,4085.84,4085.84,0.381,0.113,1.003,-4.203,-0.625,0.156,8443,654.9,0,0.9301,0.1036,0.3213,-0.1448,344.9,38.9,0.0
892199,2026-09-17_13-41-25.200-240,v5.1.4,3.43,17.0,3200,-2259,53230,30482,-1854,49882,30101,-2318.78,43516.39,24361.94,1117.80,41492.26,23616.41,0.00,0.00,0.00,3436.57,-2024.14,-745.53,4057.46,4057.46,0.381,0.114,1.000,-3.828,-0.953,0.266,8463,653.2,0,0.9302,0.1038,0.3209,-0.1449,344.9,38.8,0.0
892304,2026-09-17_13-41-25.304-240,v5.1.4,3.43,17.0,3200,-2291,53213,30366,-1865,49921,29974,-2344.83,43504.57,24267.49,1089.01,41520.68,23515.88,0.00,0.00,0.00,3433.83,-1983.89,-751.61,4036.33,4036.33,0.381,0.113,1.002,-3.469,-0.641,0.375,8451,651.9,0,0.9301,0.1041,0.3210,-0.1448,344.9,38.9,0.0
892408,2026-09-17_13-41-25.409-240,v5.1.4,3.43,17.0,3200,-2248,53276,30434,-1877,49920,29995,-2309.90,43555.06,24322.26,1082.23,41520.21,23534.45,0.00,0.00,0.00,3392.13,-2034.85,-787.81,4033.34,4033.34,0.384,0.118,1.005,-3.875,-0.531,0.125,8457,651.7,0,0.9301,0.1046,0.3210,-0.1449,344.9,38.9,0.0
892513,2026-09-17_13-41-25.513-240,v5.1.4,3.43,17.0,3200,-2240,53293,30396,-1820,49983,30050,-2303.34,43569.65,24291.04,1135.23,41574.05,23569.05,0.00,0.00,0.00,3438.57,-1995.59,-721.99,4040.72,4040.72,0.381,0.112,1.005,-3.703,-0.734,0.094,8457,652.2,0,0.9300,0.1047,0.3211,-0.1453,344.9,38.9,0.0
892617,2026-09-17_13-41-26.618-240,v5.1.4,3.43,17.0,3200,-2229,53264,30345,-1795,49939,30114,-2293.98,43546.41,24249.69,1166.49,41540.14,23617.24,0.00,0.00,0.00,3460.47,-2006.27,-632.45,4049.69,4049.69,0.381,0.114,0.997,-3.766,-0.562,0.156,8462,652.7,0,0.9299,0.1049,0.3210,-0.1455,344.9,38.9,0.0
892722,2026-09-17_13-41-26.723-240,v5.1.4,3.43,17.0,3200,-2157,53295,30340,-1729,49984,30005,-2234.79,43571.36,24245.13,1203.50,41575.18,23519.71,0.00,0.00,0.00,3438.30,-1996.17,-725.42,4041.39,4041.39,0.386,0.114,1.002,-3.719,-0.359,0.203,8451,652.2,0,0.9299,0.1051,0.3209,-0.1456,344.9,38.9,0.0
892826,2026-09-17_13-41-26.827-240,v5.1.4,3.43,17.0,3200,-2182,53242,30559,-1752,49929,30169,-2255.51,43524.25,24424.51,1210.21,41534.08,23655.06,0.00,0.00,0.00,3465.72,-1990.17,-769.45,4069.90,4069.90,0.384,0.114,1.001,-3.938,-0.672,-0.109,8451,654.0,0,0.9299,0.1052,0.3206,-0.1461,344.8,38.8,0.0
892931,2026-09-17_13-41-26.932-240,v5.1.4,3.43,17.0,3200,-2079,53242,30627,-1607,49913,30402,-2170.71,43522.08,24479.80,1364.02,41529.38,23820.30,0.00,0.00,0.00,3534.74,-1992.70,-659.51,4110.98,4110.98,0.384,0.112,1.002,-3.891,-0.516,0.000,8450,656.4,0,0.9299,0.1053,0.3207,-0.1465,344.7,38.8,0.0
893036,2026-09-17_13-41-26.036-240,v5.1.4,3.43,17.0,3200,-2062,53215,30511,-1648,49888,30115,-2156.29,43501.49,24385.36,1289.15,41500.86,23597.29,0.00,0.00,0.00,3445.44,-2000.63,-788.07,4061.36,4061.36,0.381,0.111,1.001,-4.109,-0.859,0.297,8457,653.4,0,0.9298,0.1050,0.3207,-0.1469,344.7,38.8,0.0
893140,2026-09-17_13-41-26.141-240,v5.1.4,3.43,17.0,3200,-2057,53234,30411,-1640,49907,30240,-2152.09,43518.77,24303.52,1313.40,41519.75,23695.73,0.00,0.00,0.00,3465.49,-1999.02,-607.78,4046.61,4046.61,0.382,0.113,1.003,-3.781,-0.828,0.141,8450,652.5,0,0.9298,0.1053,0.3205,-0.1470,344.7,38.8,0.0
893245,2026-09-17_13-41-26.245-240,v5.1.4,3.43,17.0,3200,-2123,53275,30388,-1682,49947,30039,-2206.73,43553.70,24284.45,1248.27,41546.58,23540.58,0.00,0.00,0.00,3455.00,-2007.11,-743.87,4064.34,4064.34,0.379,0.113,1.001,-3.938,-1.141,0.453,8450,653.6,0,0.9299,0.1052,0.3204,-0.1471,344.7,38.8,0.0
893349,2026-09-17_13-41-26.350-240,v5.1.4,3.43,17.0,3200,-2083,53296,30489,-1638,49960,30201,-2174.08,43568.99,24366.60,1307.73,41562.10,23663.42,0.00,0.00,0.00,3481.81,-2006.89,-703.18,4079.83,4079.83,0.379,0.113,0.998,-0.109,-1.172,-0.141,8452,654.6,0,0.9301,0.1081,0.3196,-0.1453,345.1,38.7,0.0
893454,2026-09-17_13-41-26.455-240,v5.1.4,3.43,17.0,3200,-2020,53285,30356,-1528,49931,30157,-2121.79,43561.42,24258.01,1392.70,41539.04,23612.57,0.00,0.00,0.00,3514.49,-2022.38,-645.44,4105.88,4105.88,0.381,0.115,1.000,-3.797,-0.812,0.297,8455,656.1,0,0.9301,0.1077,0.3197,-0.1457,345.0,38.8,0.0
893569,2026-09-17_13-41-26.570-240,v5.1.4,3.43,17.0,3200,-2118,53206,30584,-1648,49899,30306,-2202.56,43493.44,24445.16,1316.70,41514.79,23749.79,0.00,0.00,0.00,3519.26,-1978.65,-695.37,4096.80,4096.80,0.381,0.116,1.002,-4.016,-1.141,-0.188,8455,655.6,0,0.9300,0.1073,0.3195,-0.1466,344.8,38.7,0.0
893674,2026-09-17_13-41-27.675-240,v5.1.4,3.43,17.0,3200,-2175,53206,30223,-1778,49879,29877,-2248.84,43499.92,24150.59,1147.72,41485.25,23426.25,0.00,0.00,0.00,3396.55,-2014.67,-724.34,4014.99,4014.99,0.383,0.115,1.001,-3.578,-0.812,-0.172,8455,650.6,0,0.9299,0.1074,0.3194,-0.1471,344.8,38.7,0.0
893779,2026-09-17_13-41-27.779-240,v5.1.4,3.43,17.0,3200,-2171,53255,30292,-1777,49914,29883,-2245.99,43539.23,24206.39,1148.34,41514.04,23430.34,0.00,0.00,0.00,3394.33,-2025.20,-776.05,4028.05,4028.05,0.385,0.113,1.001,-4.016,-0.562,-0.047,8452,651.4,0,0.9299,0.1070,0.3195,-0.1478,344.7,38.7,0.0
893883,2026-09-17_13-41-27.884-240,v5.1.4,3.43,17.0,3200,-2143,53278,30348,-1782,50002,29992,-2223.16,43557.03,24251.81,1157.45,41588.71,23516.81,0.00,0.00,0.00,3380.60,-1968.32,-735.00,3980.33,3980.33,0.379,0.112,0.999,-3.641,-0.328,0.500,8456,648.5,0,0.9297,0.1069,0.3201,-0.1477,344.7,38.8,0.0
893988,2026-09-17_13-41-27.989-240,v5.1.4,3.43,17.0,3200,-2132,53285,30349,-1680,49986,30089,-2214.13,43562.69,24252.53,1256.02,41579.78,23579.64,0.00,0.00,0.00,3470.16,-1982.91,-672.89,4052.98,4052.98,0.385,0.113,1.002,-3.281,-0.859,-0.328,8455,652.9,0,0.9297,0.1073,0.3197,-0.1481,344.6,38.8,0.0
894093,2026-09-17_13-41-27.093-240,v5.1.4,3.43,17.0,3200,-2188,53188,30158,-1580,49966,30668,-2259.31,43486.25,24097.74,1423.45,41580.01,24028.13,0.00,0.00,0.00,3682.76,-1906.23,-69.61,4147.44,4147.44,0.385,0.114,1.004,-3.625,-0.391,0.406,8455,658.6,0,0.9297,0.1071,0.3199,-0.1481,344.6,38.8,0.0
894197,2026-09-17_13-41-27.198-240,v5.1.4,3.43,17.0,3200,-2187,53079,30020,-1375,49860,31055,-2257.52,43398.43,23986.22,1651.87,41506.67,24309.10,0.00,0.00,0.00,3909.39,-1891.76,322.88,4355.03,4355.03,0.381,0.115,0.999,-3.797,-0.750,0.031,8457,670.8,0,0.9296,0.1072,0.3199,-0.1484,344.6,38.8,0.0
894302,2026-09-17_13-41-27.302-240,v5.1.4,3.43,17.0,3200,-2322,53009,29820,-1062,49598,31559,-2368.00,43345.26,23823.97,1991.02,41310.57,24670.24,0.00,0.00,0.00,4359.01,-2034.68,846.28,4884.37,4884.37,0.378,0.114,1.001,-3.828,-1.000,0.125,8461,700.3,0,0.9295,0.1071,0.3200,-0.1488,344.5,38.8,0.0
895421,2026-09-17_13-41-28.422-240,v5.1.4,3.43,17.0,3200,-2541,52473,28189,8058,38776,35813,-2541.90,42931.31,22498.59,10447.74,32721.33,26905.16,0.00,0.00,0.00,12989.64,-10209.98,4406.57,17099.48,17099.48,0.384,0.113,0.999,-3.844,-0.375,-3.922,8460,1107.9,0,0.9218,0.1313,0.3180,-0.1785,341.5,39.3,0.0
895526,2026-09-17_13-41-28.527-240,v5.1.4,3.43,17.0,3200,-2573,52534,28276,8117,38686,35999,-2568.85,42980.62,22569.04,10526.20,32653.52,27046.62,0.00,0.00,0.00,13095.05,-10327.10,4477.59,17267.84,17267.84,0.385,0.114,0.999,-3.688,-0.578,0.500,8458,1111.8,0,0.9223,0.1287,0.3174,-0.1791,341.3,39.2,0.0
895631,2026-09-17_13-41-29.631-240,v5.1.4,3.43,17.0,3200,-2610,52576,28204,8198,38545,36047,-2599.49,43016.88,22509.90,10604.17,32540.80,27075.35,0.00,0.00,0.00,13203.66,-10476.08,4565.45,17462.19,17462.19,0.383,0.115,0.998,-3.578,-0.969,-0.422,8457,1116.2,0,0.9226,0.1275,0.3167,-0.1798,341.1,39.1,0.0
895735,2026-09-17_13-41-29.736-240,v5.1.4,3.43,17.0,3200,-2616,52543,28165,8283,38387,35997,-2604.15,42990.31,22478.42,10671.65,32411.72,27025.43,0.00,0.00,0.00,13275.80,-10578.58,4547.01,17573.52,17573.52,0.384,0.119,0.997,-3.641,-0.516,0.359,8454,1118.8,0,0.9228,0.1266,0.3165,-0.1796,341.1,39.0,0.0
895839,2026-09-17_13-41-29.840-240,v5.1.4,3.43,17.0,3200,-2602,52561,28154,8303,38352,36009,-2592.69,43005.21,22469.23,10690.93,32383.75,27032.65,0.00,0.00,0.00,13283.63,-10621.46,4563.42,17609.52,17609.52,0.383,0.118,0.997,-3.750,-0.578,-0.312,8454,1119.6,0,0.9228,0.1262,0.3163,-0.1799,341.1,39.0,0.0
895944,2026-09-17_13-41-29.945-240,v5.1.4,3.43,17.0,3200,-2639,52523,28131,8290,38277,36008,-2622.92,42974.58,22450.92,10682.39,32322.20,27034.95,0.00,0.00,0.00,13305.31,-10652.38,4584.02,17649.86,17649.86,0.383,0.114,1.004,-3.656,-0.734,0.281,8451,1120.5,0,0.9229,0.1252,0.3164,-0.1799,341.0,39.0,0.0
896058,2026-09-17_13-41-29.059-240,v5.1.4,3.43,17.0,3200,-2560,52479,28100,8347,38186,35899,-2557.43,42937.92,22425.91,10716.17,32245.92,26940.90,0.00,0.00,0.00,13273.60,-10692.00,4514.99,17632.14,17632.14,0.381,0.113,1.010,-3.734,-0.719,0.266,8459,1120.1,0,0.9229,0.1244,0.3170,-0.1798,341.0,39.0,0.0
896163,2026-09-17_13-41-29.164-240,v5.1.4,3.43,17.0,3200,-2608,52541,28041,8309,38278,35899,-2597.29,42990.60,22377.20,10682.08,32320.51,26945.01,0.00,0.00,0.00,13279.37,-10670.09,4567.81,17636.81,17636.81,0.381,0.116,0.993,-3.656,-0.906,0.266,8456,1120.2,0,0.9231,0.1241,0.3166,-0.1794,341.0,39.0,0.0
896267,2026-09-17_13-41-29.268-240,v5.1.4,3.43,17.0,3200,-2619,52477,28069,8275,38206,35920,-2606.01,42937.38,22400.75,10659.38,32261.64,26967.93,0.00,0.00,0.00,13265.39,-10675.73,4567.19,17629.54,17629.54,0.382,0.116,0.993,-4.172,-0.938,0.203,8456,1120.1,0,0.9233,0.1235,0.3163,-0.1794,341.0,38.9,0.0
896372,2026-09-17_13-41-29.373-240,v5.1.4,3.43,17.0,3200,-2662,52436,28092,8248,38200,35929,-2641.25,42903.58,22420.04,10638.66,32256.54,26979.18,0.00,0.00,0.00,13279.91,-10647.04,4559.14,17621.05,17621.05,0.379,0.115,1.001,-4.094,-0.641,0.156,8464,1119.9,0,0.9232,0.1231,0.3168,-0.1794,341.0,39.0,0.0
896476,2026-09-17_13-41-29.477-240,v5.1.4,3.43,17.0,3200,-2696,52312,28094,8221,38060,35926,-2668.51,42801.45,22423.03,10620.30,32141.57,26982.97,0.00,0.00,0.00,13288.81,-10659.88,4559.94,17635.72,17635.72,0.384,0.117,0.987,-3.797,-0.688,0.031,8458,1120.2,0,0.9235,0.1231,0.3161,-0.1792,341.0,38.9,0.0
896581,2026-09-17_13-41-29.582-240,v5.1.4,3.43,17.0,3200,-2624,52592,28040,8247,38380,35891,-2610.80,43032.92,22375.89,10626.77,32402.68,26946.09,0.00,0.00,0.00,13237.58,-10630.23,4570.20,17581.87,17581.87,0.384,0.119,0.994,-3.891,-0.891,0.047,8458,1119.0,0,0.9237,0.1232,0.3157,-0.1788,341.1,38.8,0.0
896685,2026-09-17_13-41-30.686-240,v5.1.4,3.43,17.0,3200,-2623,52668,28039,8273,38406,35865,-2610.46,43095.71,22374.28,10643.57,32423.69,26921.08,0.00,0.00,0.00,13254.03,-10672.03,4546.79,17613.48,17613.48,0.384,0.114,1.010,-3.547,-0.422,0.797,8466,1119.7,0,0.9237,0.1228,0.3165,-0.1779,341.2,38.9,0.0
896790,2026-09-17_13-41-30.791-240,v5.1.4,3.43,17.0,3200,-2583,52649,28048,8299,38383,35864,-2577.37,43079.45,22381.74,10665.52,32405.28,26916.83,0.00,0.00,0.00,13242.89,-10674.17,4535.09,17603.39,17603.39,0.383,0.114,1.006,-4.172,-0.672,0.359,8457,1119.5,0,0.9236,0.1221,0.3169,-0.1777,341.2,39.0,0.0
896894,2026-09-17_13-41-30.895-240,v5.1.4,3.43,17.0,3200,-2607,52640,28045,8307,38389,35864,-2597.10,43072.32,22379.44,10671.92,32410.31,26915.56,0.00,0.00,0.00,13269.02,-10662.00,4536.12,17615.95,17615.95,0.382,0.116,0.998,-3.781,-0.391,0.500,8458,1119.8,0,0.9237,0.1220,0.3171,-0.1769,341.3,39.0,0.0
896999,2026-09-17_13-41-30.000-240,v5.1.4,3.43,17.0,3200,-2590,52640,28076,8350,38352,35915,-2583.14,43071.63,22404.71,10715.88,32382.08,26950.61,0.00,0.00,0.00,13299.03,-10689.55,4545.90,17657.74,17657.74,0.382,0.115,0.991,-3.406,-0.734,-0.078,8458,1120.7,0,0.9239,0.1223,0.3167,-0.1764,341.4,38.9,0.0
897103,2026-09-17_13-41-30.104-240,v5.1.4,3.43,17.0,3200,-2622,52734,28073,8315,38458,35928,-2610.12,43149.67,22401.35,10685.73,32468.50,26964.45,0.00,0.00,0.00,13295.85,-10681.17,4563.10,17654.72,17654.72,0.380,0.111,1.007,-3.703,-0.625,0.078,8456,1120.6,0,0.9238,0.1219,0.3173,-0.1763,341.4,39.0,0.0
897208,2026-09-17_13-41-30.209-240,v5.1.4,3.43,17.0,3200,-2641,52616,28052,8300,38343,35911,-2625.00,43052.72,22385.47,10674.43,32373.81,26954.89,0.00,0.00,0.00,13299.43,-10678.91,4569.42,17657.68,17657.68,0.385,0.119,0.991,-3.859,-0.719,0.328,8458,1120.7,0,0.9241,0.1219,0.3167,-0.1757,341.5,38.9,0.0
897312,2026-09-17_13-41-30.313-240,v5.1.4,3.43,17.0,3200,-2696,52596,28082,8289,38309,35881,-2670.29,43036.28,22410.28,10662.05,32345.06,26933.06,0.00,0.00,0.00,13332.33,-10691.21,4522.78,17677.91,17677.91,0.383,0.119,1.019,-3.344,-0.828,0.141,8452,1121.2,0,0.9241,0.1222,0.3171,-0.1751,341.5,39.0,0.0
897427,2026-09-17_13-41-30.428-240,v5.1.4,3.43,17.0,3200,-2740,52581,28051,8195,38294,35850,-2706.41,43024.85,22385.22,10580.64,32330.48,26922.31,0.00,0.00,0.00,13287.05,-10694.37,4537.09,17649.37,17649.37,0.384,0.114,0.992,-3.797,-0.922,-0.234,8452,1120.5,0,0.9243,0.1217,0.3164,-0.1753,341.5,38.9,0.0
897531,2026-09-17_13-41-30.532-240,v5.1.4,3.43,17.0,3200,-2687,52571,28051,8238,38289,35882,-2662.64,43016.04,22385.22,10620.84,32327.91,26941.66,0.00,0.00,0.00,13283.49,-10688.13,4556.45,17647.90,17647.90,0.380,0.115,1.008,-3.359,-0.703,-0.219,8464,1120.5,0,0.9241,0.1220,0.3169,-0.1751,341.5,38.9,0.0
897636,2026-09-17_13-41-31.637-240,v5.1.4,3.43,17.0,3200,-2689,52572,28057,8267,38263,35897,-2664.31,43016.79,22390.11,10647.69,32307.51,26949.81,0.00,0.00,0.00,13312.00,-10709.28,4559.70,17683.01,17683.01,0.384,0.116,1.003,-4.438,-0.938,0.234,8451,1121.3,0,0.9243,0.1210,0.3168,-0.1752,341.5,38.9,0.0
897741,2026-09-17_13-41-31.741-240,v5.1.4,3.43,17.0,3200,-2615,52539,28073,8320,38264,35890,-2603.11,42988.50,22403.36,10690.25,32309.01,26936.43,0.00,0.00,0.00,13293.36,-10679.49,4533.06,17644.08,17644.08,0.386,0.118,0.994,-3.672,-4.000,0.406,8457,1120.4,0,0.9255,0.1205,0.3136,-0.1749,341.5,38.5,0.0
897845,2026-09-17_13-41-31.846-240,v5.1.4,3.43,17.0,3200,-2516,52529,28075,8359,38240,35891,-2521.41,42979.18,22404.89,10723.22,32290.05,26931.89,0.00,0.00,0.00,13244.63,-10689.13,4527.00,17611.69,17611.69,0.380,0.114,1.007,-3.906,-1.109,0.703,8457,1119.7,0,0.9254,0.1200,0.3144,-0.1743,341.6,38.6,0.0
897950,2026-09-17_13-41-31.950-240,v5.1.4,3.43,17.0,3200,-2535,52535,28063,8353,38299,35862,-2537.10,42984.53,22395.07,10712.24,32337.44,26908.64,0.00,0.00,0.00,13249.33,-10647.09,4513.57,17586.29,17586.29,0.384,0.116,0.990,-4.078,-0.312,0.797,8462,1119.1,0,0.9254,0.1197,0.3151,-0.1734,341.7,38.7,0.0
898054,2026-09-17_13-41-31.055-240,v5.1.4,3.43,17.0,3200,-2512,52575,28066,8343,38350,35829,-2518.39,43017.29,22397.06,10697.63,32378.11,26882.92,0.00,0.00,0.00,13216.02,-10639.18,4485.87,17549.31,17549.31,0.380,0.115,1.003,-3.750,-1.000,-0.016,8464,1118.2,0,0.9253,0.1199,0.3155,-0.1731,341.7,38.7,0.0
898159,2026-09-17_13-41-31.159-240,v5.1.4,3.43,17.0,3200,-2400,52589,28067,8451,38386,35845,-2426.12,43027.68,22397.49,10787.72,32409.70,26879.29,0.00,0.00,0.00,13213.84,-10617.98,4481.80,17533.79,17533.79,0.384,0.116,1.003,-3.750,-0.719,0.625,8464,1117.9,0,0.9253,0.1197,0.3159,-0.1723,341.8,38.7,0.0
898263,2026-09-17_13-41-31.264-240,v5.1.4,3.43,17.0,3200,-2468,52582,28094,8347,38381,35889,-2482.21,43022.16,22419.75,10708.73,32405.07,26929.80,0.00,0.00,0.00,13190.94,-10617.09,4510.06,17523.24,17523.24,0.384,0.113,1.006,-4.203,-0.922,0.312,8462,1117.6,0,0.9253,0.1190,0.3163,-0.1722,341.8,38.8,0.0
898369,2026-09-17_13-41-31.370-240,v5.1.4,3.43,17.0,3200,-2550,52529,28138,8390,38328,35894,-2549.58,42978.50,22456.39,10746.46,32362.57,26928.34,0.00,0.00,0.00,13296.04,-10615.94,4471.95,17592.08,17592.08,0.385,0.115,0.990,-4.109,-0.641,-0.109,8468,1119.2,0,0.9253,0.1190,0.3162,-0.1721,341.8,38.8,0.0
898474,2026-09-17_13-41-31.474-240,v5.1.4,3.43,17.0,3200,-2613,52534,28119,8234,38286,35874,-2601.52,42983.60,22440.96,10616.47,32325.19,26935.90,0.00,0.00,0.00,13218.00,-10658.41,4494.94,17564.78,17564.78,0.380,0.114,1.001,-3.734,-0.906,0.203,8464,1118.6,0,0.9253,0.1189,0.3165,-0.1718,341.9,38.8,0.0
898578,2026-09-17_13-41-31.579-240,v5.1.4,3.43,17.0,3200,-2660,52542,28030,8230,38327,35829,-2640.15,42992.14,22368.32,10605.36,32357.48,26899.87,0.00,0.00,0.00,13245.51,-10634.67,4531.54,17580.52,17580.52,0.383,0.112,1.004,-4.109,-0.641,0.094,8464,1119.0,0,0.9252,0.1185,0.3169,-0.1718,341.8,38.8,0.0
898684,2026-09-17_13-41-32.684-240,v5.1.4,3.43,17.0,3200,-2638,52597,27990,8267,38377,35738,-2622.28,43038.01,22335.05,10620.98,32396.60,26820.90,0.00,0.00,0.00,13243.26,-10641.41,4485.85,17571.18,17571.18,0.382,0.112,1.005,-3.828,-0.953,0.469,8460,1118.7,0,0.9252,0.1180,0.3173,-0.1713,341.9,38.9,0.0
898788,2026-09-17_13-41-32.789-240,v5.1.4,3.43,17.0,3200,-2620,52621,27951,8294,38365,35724,-2607.51,43058.28,22302.93,10641.52,32386.87,26805.94,0.00,0.00,0.00,13249.03,-10671.41,4503.01,17598.10,17598.10,0.384,0.118,0.993,-3.828,-0.500,0.438,8468,1119.4,0,0.9254,0.1183,0.3172,-0.1705,342.0,38.9,0.0
898903,2026-09-17_13-41-32.904-240,v5.1.4,3.43,17.0,3200,-2601,52545,28069,8335,38253,35886,-2591.60,42993.37,22400.00,10702.34,32300.16,26931.20,0.00,0.00,0.00,13293.94,-10693.21,4531.20,17652.35,17652.35,0.383,0.114,1.007,-3.641,-0.750,-0.031,8468,1120.6,0,0.9253,0.1184,0.3176,-0.1703,342.0,38.9,0.0
899008,2026-09-17_13-41-32.009-240,v5.1.4,3.43,17.0,3200,-2655,52566,28125,8285,38331,35908,-2636.37,43010.37,22445.61,10662.02,32363.68,26954.88,0.00,0.00,0.00,13298.39,-10646.69,4509.27,17621.94,17621.94,0.385,0.114,0.999,-3.312,-0.859,-0.109,8468,1119.9,0,0.9254,0.1187,0.3173,-0.1699,342.1,38.9,0.0
899113,2026-09-17_13-41-32.114-240,v5.1.4,3.43,17.0,3200,-2578,52614,28105,8320,38355,35911,-2573.14,43049.55,22428.62,10690.52,32383.95,26951.77,0.00,0.00,0.00,13263.66,-10665.61,4523.14,17610.76,17610.76,0.384,0.115,0.994,-3.484,-0.656,0.266,8458,1119.6,0,0.9256,0.1186,0.3171,-0.1694,342.2,38.8,0.0
899218,2026-09-17_13-41-32.219-240,v5.1.4,3.43,17.0,3200,-2580,52570,28085,8333,38324,35961,-2574.47,43013.55,22412.76,10709.47,32360.11,26990.32,0.00,0.00,0.00,13283.94,-10653.45,4577.56,17632.72,17632.72,0.380,0.113,1.008,-3.406,-0.750,0.141,8462,1120.1,0,0.9254,0.1186,0.3177,-0.1690,342.2,38.9,0.0
899322,2026-09-17_13-41-32.323-240,v5.1.4,3.44,17.0,3200,-2607,52581,28043,8377,38206,36113,-2596.72,43023.60,22378.42,10771.48,32268.28,27107.25,0.00,0.00,0.00,13368.20,-10755.32,4728.83,17797.40,17797.40,0.383,0.116,0.995,-4.031,-0.469,0.312,8462,1123.9,0,0.9255,0.1183,0.3178,-0.1688,342.3,38.9,0.0
906664,2026-09-17_13-41-40.664-240,v5.1.4,3.43,17.0,3200,-2419,52527,28239,6615,39523,36261,-2441.74,42973.85,22538.58,9302.95,33320.20,27463.08,0.00,0.00,0.00,11744.69,-9653.65,4924.50,15980.66,15980.66,0.382,0.113,1.004,-4.188,-0.734,0.406,8477,1081.2,0,0.9245,0.0810,0.3356,-0.1618,341.3,40.3,0.0
906769,2026-09-17_13-41-40.769-240,v5.1.4,3.43,17.0,3200,-2496,52491,28291,6967,39021,36024,-2505.11,42944.05,22581.57,9573.36,32909.39,27229.98,0.00,0.00,0.00,12078.47,-10034.66,4648.41,16376.56,16376.56,0.383,0.116,0.994,-3.969,-0.766,0.297,8474,1090.8,0,0.9250,0.0846,0.3341,-0.1598,341.8,40.2,0.0
906875,2026-09-17_13-41-40.875-240,v5.1.4,3.43,17.0,3200,-2539,52545,28190,7174,38957,35971,-2540.71,42990.76,22498.65,9737.90,32859.06,27158.26,0.00,0.00,0.00,12278.62,-10131.70,4659.62,16586.98,16586.98,0.384,0.118,0.988,-3.422,-0.859,0.297,8474,1095.8,0,0.9257,0.0885,0.3322,-0.1576,342.3,40.0,0.0
906979,2026-09-17_13-41-40.980-240,v5.1.4,3.43,17.0,3200,-2575,52581,28192,7049,38950,35889,-2570.63,43020.84,22499.98,9623.30,32849.20,27111.16,0.00,0.00,0.00,12193.93,-10171.64,4611.18,16535.33,16535.33,0.383,0.117,0.995,-3.688,-0.812,0.219,8472,1094.6,0,0.9263,0.0920,0.3306,-0.1557,342.8,39.9,0.0
907084,2026-09-17_13-41-40.085-240,v5.1.4,3.43,17.0,3200,-2516,52587,28135,7062,38959,35822,-2521.90,43026.12,22453.27,9623.93,32855.03,27055.55,0.00,0.00,0.00,12145.84,-10171.09,4602.29,16497.07,16497.07,0.384,0.116,0.999,-3.828,-0.609,0.391,8472,1093.7,0,0.9268,0.0950,0.3292,-0.1539,343.2,39.8,0.0
907189,2026-09-17_13-41-40.189-240,v5.1.4,3.43,17.0,3200,-2513,52534,28284,7080,38932,35897,-2519.39,42979.87,22575.44,9650.52,32835.19,27113.30,0.00,0.00,0.00,12169.91,-10144.68,4537.85,16480.70,16480.70,0.383,0.118,0.987,-3.781,-0.922,0.234,8473,1093.3,0,0.9274,0.0979,0.3274,-0.1524,343.5,39.6,0.0
907293,2026-09-17_13-41-40.294-240,v5.1.4,3.43,17.0,3200,-2464,52520,28320,6995,39008,35902,-2478.97,42967.21,22604.87,9578.99,32896.07,27128.55,0.00,0.00,0.00,12057.95,-10071.14,4523.68,16348.88,16348.88,0.380,0.115,0.999,-3.672,-0.719,0.422,8472,1090.1,0,0.9277,0.1001,0.3264,-0.1509,343.8,39.5,0.0
907398,2026-09-17_13-41-40.398-240,v5.1.4,3.43,17.0,3200,-2464,52511,28315,7008,38976,35915,-2478.90,42959.85,22600.88,9592.56,32870.46,27137.55,0.00,0.00,0.00,12071.46,-10089.39,4536.66,16373.68,16373.68,0.382,0.114,0.991,-3.781,-0.453,-0.016,8472,1090.7,0,0.9280,0.1021,0.3253,-0.1500,344.1,39.4,0.0
907512,2026-09-17_13-41-40.512-240,v5.1.4,3.43,17.0,3200,-2472,52585,28417,7037,38970,36053,-2486.17,43019.41,22683.40,9636.75,32869.59,27243.71,0.00,0.00,0.00,12122.93,-10149.82,4560.31,16455.41,16455.41,0.384,0.113,0.997,-3.844,-0.703,0.391,8471,1092.7,0,0.9285,0.1032,0.3240,-0.1492,344.3,39.2,0.0
907616,2026-09-17_13-41-41.617-240,v5.1.4,3.43,17.0,3200,-2493,52589,28327,7031,38906,35997,-2503.34,43024.40,22609.93,9625.60,32815.72,27200.84,0.00,0.00,0.00,12128.94,-10208.68,4590.91,16504.69,16504.69,0.386,0.114,0.997,-3.828,-0.625,0.312,8472,1093.9,0,0.9289,0.1041,0.3229,-0.1485,344.4,39.1,0.0
907721,2026-09-17_13-41-41.722-240,v5.1.4,3.43,17.0,3200,-2514,52580,28416,7087,38867,36111,-2520.77,43015.73,22682.72,9689.52,32787.69,27284.38,0.00,0.00,0.00,12210.29,-10228.04,4601.65,16579.48,16579.48,0.380,0.114,0.997,-3.391,-1.078,0.484,8473,1095.6,0,0.9292,0.1049,0.3222,-0.1477,344.5,39.0,0.0
907825,2026-09-17_13-41-41.826-240,v5.1.4,3.43,17.0,3200,-2547,52572,28383,7083,38801,36157,-2547.87,43010.00,22655.93,9694.97,32734.86,27322.78,0.00,0.00,0.00,12242.84,-10275.14,4666.85,16650.68,16650.68,0.382,0.114,0.995,-3.812,-0.578,0.219,8473,1097.3,0,0.9293,0.1053,0.3218,-0.1475,344.6,39.0,0.0
907930,2026-09-17_13-41-41.931-240,v5.1.4,3.43,17.0,3200,-2541,52555,28303,7102,38742,36005,-2542.65,42997.20,22590.79,9690.22,32683.01,27199.43,0.00,0.00,0.00,12232.87,-10314.19,4608.63,16651.28,16651.28,0.383,0.117,1.025,-4.016,-0.625,0.281,8475,1097.3,0,0.9291,0.1056,0.3223,-0.1473,344.6,39.0,0.0
908035,2026-09-17_13-41-41.035-240,v5.1.4,3.43,17.0,3200,-2541,52488,28408,7050,38727,36115,-2542.44,42940.13,22677.20,9663.95,32672.75,27295.23,0.00,0.00,0.00,12206.39,-10267.39,4618.03,16605.46,16605.46,0.385,0.115,0.990,-4.141,-0.562,0.328,8477,1096.3,0,0.9294,0.1057,0.3214,-0.1474,344.6,38.9,0.0
908139,2026-09-17_13-41-41.140-240,v5.1.4,3.43,17.0,3200,-2573,52448,28351,7024,38651,36020,-2568.46,42908.35,22631.15,9631.02,32607.74,27224.31,0.00,0.00,0.00,12199.48,-10300.60,4593.16,16614.05,16614.05,0.385,0.117,0.989,-4.031,-0.750,0.547,8475,1096.5,0,0.9297,0.1058,0.3205,-0.1471,344.7,38.8,0.0
908244,2026-09-17_13-41-41.244-240,v5.1.4,3.43,17.0,3200,-2561,52457,28311,7048,38696,35967,-2558.54,42916.31,22598.38,9641.65,32643.55,27177.71,0.00,0.00,0.00,12200.19,-10272.76,4579.32,16593.50,16593.50,0.385,0.116,0.998,-4.172,-0.297,0.656,8475,1096.0,0,0.9297,0.1058,0.3206,-0.1469,344.7,38.9,0.0
908348,2026-09-17_13-41-41.349-240,v5.1.4,3.43,17.0,3200,-2499,52528,28256,6998,38828,35914,-2507.75,42975.22,22552.62,9588.72,32749.28,27140.57,0.00,0.00,0.00,12096.48,-10225.94,4587.96,16490.72,16490.72,0.382,0.116,0.991,-3.484,-0.500,0.891,8484,1093.5,0,0.9299,0.1061,0.3204,-0.1461,344.8,38.8,0.0
908453,2026-09-17_13-41-41.454-240,v5.1.4,3.43,17.0,3200,-2480,52538,28237,7090,38804,35876,-2492.11,42983.60,22536.96,9659.61,32730.17,27097.08,0.00,0.00,0.00,12151.72,-10253.43,4560.12,16540.61,16540.61,0.383,0.117,1.001,-3.672,-0.484,-0.641,8480,1094.7,0,0.9297,0.1071,0.3205,-0.1465,344.8,38.8,0.0
908558,2026-09-17_13-41-41.559-240,v5.1.4,3.43,17.0,3200,-2501,52327,28400,7039,38546,36076,-2508.42,42806.84,22672.26,9654.75,32523.60,27268.55,0.00,0.00,0.00,12163.17,-10283.24,4596.28,16577.50,16577.50,0.384,0.112,1.001,-3.609,-0.375,0.000,8482,1095.6,0,0.9296,0.1070,0.3206,-0.1468,344.8,38.9,0.0
908663,2026-09-17_13-41-42.663-240,v5.1.4,3.43,17.0,3200,-2517,52354,28321,7028,38546,35995,-2521.62,42830.60,22607.53,9633.88,32521.33,27205.41,0.00,0.00,0.00,12155.50,-10309.27,4597.88,16588.48,16588.48,0.383,0.114,0.986,-3.609,-0.359,0.062,8482,1095.9,0,0.9297,0.1072,0.3202,-0.1468,344.8,38.8,0.0
908767,2026-09-17_13-41-42.768-240,v5.1.4,3.43,17.0,3200,-2566,52465,28268,7039,38732,35896,-2562.63,42923.67,22563.21,9622.77,32671.00,27121.70,0.00,0.00,0.00,12185.40,-10252.67,4558.49,16564.45,16564.45,0.382,0.114,0.998,-4.109,-0.703,0.375,8480,1095.3,0,0.9297,0.1068,0.3203,-0.1471,344.7,38.8,0.0
908872,2026-09-17_13-41-42.872-240,v5.1.4,3.43,17.0,3200,-2543,52629,28260,7005,38888,35886,-2544.69,43059.05,22554.92,9588.56,32797.72,27116.21,0.00,0.00,0.00,12133.24,-10261.34,4561.29,16532.27,16532.27,0.381,0.116,1.012,-3.828,-0.719,0.594,8484,1094.5,0,0.9296,0.1067,0.3207,-0.1469,344.8,38.9,0.0
908986,2026-09-17_13-41-42.987-240,v5.1.4,3.43,17.0,3200,-2470,52744,28288,7120,39025,35942,-2485.27,43152.86,22576.43,9687.15,32913.03,27141.92,0.00,0.00,0.00,12172.43,-10239.83,4565.49,16548.89,16548.89,0.383,0.113,1.004,-4.062,-0.594,-0.266,8484,1094.9,0,0.9294,0.1069,0.3209,-0.1474,344.7,38.9,0.0
909091,2026-09-17_13-41-42.091-240,v5.1.4,3.43,17.0,3200,-2536,52682,28255,7051,38959,35961,-2539.24,43102.86,22550.28,9635.18,32858.44,27168.28,0.00,0.00,0.00,12174.42,-10244.41,4618.01,16567.75,16567.75,0.383,0.114,0.987,-3.609,-0.797,0.516,8491,1095.4,0,0.9297,0.1069,0.3201,-0.1472,344.7,38.8,0.0
909195,2026-09-17_13-41-42.196-240,v5.1.4,3.43,17.0,3200,-2584,52541,28268,6980,38780,35938,-2577.95,42986.65,22562.46,9578.89,32710.37,27163.16,0.00,0.00,0.00,12156.84,-10276.28,4600.70,16569.77,16569.77,0.385,0.117,0.994,-3.453,-1.125,0.625,8470,1095.4,0,0.9301,0.1071,0.3193,-0.1467,344.8,38.7,0.0
909300,2026-09-17_13-41-42.300-240,v5.1.4,3.44,17.0,3200,-2608,52534,28270,6956,38770,35945,-2597.70,42981.08,22564.21,9560.47,32701.99,27172.44,0.00,0.00,0.00,12158.17,-10279.09,4608.22,16574.58,16574.58,0.380,0.115,0.999,-3.875,-0.391,0.453,8481,1095.5,0,0.9299,0.1070,0.3199,-0.1467,344.8,38.8,0.0
909404,2026-09-17_13-41-42.405-240,v5.1.4,3.44,17.0,3200,-2675,52557,28249,6946,38774,35934,-2653.06,43001.12,22546.97,9550.51,32704.81,27165.05,0.00,0.00,0.00,12203.57,-10296.31,4618.08,16621.30,16621.30,0.380,0.115,0.997,-3.359,-0.234,-0.109,8481,1096.6,0,0.9297,0.1076,0.3203,-0.1468,344.8,38.8,0.0
909509,2026-09-17_13-41-42.509-240,v5.1.4,3.44,17.0,3200,-2645,52565,28227,6925,38806,35880,-2628.32,43007.78,22528.87,9524.37,32729.24,27124.45,0.00,0.00,0.00,12152.70,-10278.54,4595.59,16566.71,16566.71,0.386,0.116,0.991,-3.922,-0.625,0.203,8480,1095.3,0,0.9299,0.1074,0.3196,-0.1471,344.8,38.8,0.0
909613,2026-09-17_13-41-43.614-240,v5.1.4,3.44,17.0,3200,-2738,52576,28213,6853,38817,35876,-2705.06,43018.05,22517.52,9464.21,32736.96,27131.64,0.00,0.00,0.00,12169.26,-10281.10,4614.12,16585.60,16585.60,0.385,0.113,1.001,-3.469,-0.656,0.062,8482,1095.8,0,0.9299,0.1075,0.3196,-0.1473,344.7,38.8,0.0
909718,2026-09-17_13-41-43.719-240,v5.1.4,3.44,17.0,3200,-2601,52586,28226,7017,38859,35883,-2592.17,43024.69,22527.74,9598.88,32774.13,27112.51,0.00,0.00,0.00,12191.05,-10250.56,4584.77,16574.55,16574.55,0.386,0.115,1.002,-3.938,-0.984,0.094,8486,1095.5,0,0.9299,0.1074,0.3192,-0.1476,344.7,38.7,0.0
909822,2026-09-17_13-41-43.823-240,v5.1.4,3.44,17.0,3200,-2582,52542,28268,7059,38769,35933,-2576.31,42987.45,22562.44,9643.50,32702.53,27147.75,0.00,0.00,0.00,12219.81,-10284.93,4585.31,16617.11,16617.11,0.380,0.111,0.998,-3.859,-0.531,-0.203,8486,1096.5,0,0.9297,0.1074,0.3196,-0.1481,344.6,38.8,0.0
909927,2026-09-17_13-41-43.928-240,v5.1.4,3.44,17.0,3200,-2532,52530,28292,7046,38783,35918,-2535.05,42976.63,22582.05,9630.18,32713.37,27137.44,0.00,0.00,0.00,12165.23,-10263.26,4555.39,16555.33,16555.33,0.382,0.117,0.990,-3.609,-0.359,-0.031,8478,1095.1,0,0.9296,0.1081,0.3196,-0.1481,344.7,38.8,0.0
910031,2026-09-17_13-41-43.032-240,v5.1.4,3.44,17.0,3200,-2447,52546,28340,7067,38902,35920,-2465.16,42988.19,22620.89,9644.10,32811.05,27134.07,0.00,0.00,0.00,12109.26,-10177.14,4513.17,16449.23,16449.23,0.381,0.118,0.990,-3.812,-0.656,-0.109,8479,1092.5,0,0.9296,0.1086,0.3194,-0.1483,344.7,38.8,0.0
910136,2026-09-17_13-41-43.137-240,v5.1.4,3.44,17.0,3200,-2420,52543,28408,7043,38988,35905,-2443.01,42984.32,22676.38,9619.53,32880.57,27124.23,0.00,0.00,0.00,12062.54,-10103.75,4447.85,16351.58,16351.58,0.383,0.118,0.999,-3.688,-0.562,0.188,8479,1090.2,0,0.9296,0.1089,0.3195,-0.1483,344.7,38.8,0.0
910240,2026-09-17_13-41-43.241-240,v5.1.4,3.44,17.0,3200,-2413,52549,28447,7009,39078,35905,-2437.35,42988.57,22708.14,9588.80,32953.60,27127.79,0.00,0.00,0.00,12026.15,-10034.97,4419.65,16274.59,16274.59,0.382,0.116,0.994,-3.672,-0.328,0.641,8479,1088.4,0,0.9296,0.1087,0.3196,-0.1480,344.7,38.8,0.0
910345,2026-09-17_13-41-43.346-240,v5.1.4,3.44,17.0,3200,-2340,52517,28573,6955,39661,36065,-2377.21,42959.32,22811.17,9549.85,33433.45,27254.33,0.00,0.00,0.00,11927.06,-9525.87,4443.15,15897.75,15897.75,0.384,0.113,0.998,-3.641,-0.562,0.047,8478,1079.2,0,0.9296,0.1086,0.3196,-0.1482,344.7,38.8,0.0
911071,2026-09-17_13-41-44.072-240,v5.1.4,3.44,17.0,3200,-2251,53080,29957,-725,49307,30816,-2310.17,43400.95,23934.92,2168.75,41058.95,24031.50,0.00,0.00,0.00,4478.92,-2342.00,96.58,5055.20,5055.20,0.384,0.111,1.011,-3.828,-0.641,0.125,8491,709.4,0,0.9286,0.1051,0.3220,-0.1513,344.1,39.0,0.0
911177,2026-09-17_13-41-44.177-240,v5.1.4,3.44,17.0,3200,-2190,53086,30059,-1014,49424,30671,-2260.11,43403.61,24017.99,1906.20,41146.18,23956.12,0.00,0.00,0.00,4166.32,-2257.44,-61.87,4738.99,4738.99,0.386,0.113,1.004,-3.766,-0.750,0.297,8485,692.5,0,0.9288,0.1057,0.3215,-0.1509,344.1,39.0,0.0
911281,2026-09-17_13-41-44.282-240,v5.1.4,3.44,17.0,3200,-2321,53091,30105,-1184,49536,30613,-2368.26,43408.35,24055.76,1754.43,41233.48,23932.91,0.00,0.00,0.00,4122.69,-2174.87,-122.85,4662.80,4662.80,0.385,0.114,1.002,-3.875,-1.172,-0.219,8485,688.3,0,0.9290,0.1063,0.3206,-0.1511,344.1,38.9,0.0
911386,2026-09-17_13-41-44.387-240,v5.1.4,3.44,17.0,3200,-2273,53160,30160,-1162,49684,30438,-2329.23,43463.96,24099.84,1742.44,41350.30,23787.44,0.00,0.00,0.00,4071.67,-2113.65,-312.40,4598.22,4598.22,0.384,0.115,1.000,-3.578,-0.359,0.234,8490,684.7,0,0.9290,0.1070,0.3206,-0.1508,344.2,38.9,0.0
911491,2026-09-17_13-41-44.491-240,v5.1.4,3.44,17.0,3200,-2186,53179,30230,-1273,49762,30326,-2257.75,43477.61,24156.61,1632.37,41409.38,23712.95,0.00,0.00,0.00,3890.12,-2068.23,-443.66,4428.03,4428.03,0.382,0.114,1.001,-3.328,-0.688,0.219,8490,675.0,0,0.9290,0.1076,0.3204,-0.1505,344.3,38.9,0.0
911595,2026-09-17_13-41-45.596-240,v5.1.4,3.44,17.0,3200,-2141,53189,30316,-1404,49830,30548,-2220.88,43484.01,24226.61,1554.91,41468.58,23908.55,0.00,0.00,0.00,3775.79,-2015.43,-318.06,4291.82,4291.82,0.385,0.115,1.000,-3.750,-0.797,0.109,8485,667.2,0,0.9291,0.1079,0.3200,-0.1505,344.3,38.8,0.0
911700,2026-09-17_13-41-45.701-240,v5.1.4,3.44,17.0,3200,-2164,53218,30246,-1607,49970,30052,-2239.89,43509.34,24169.21,1311.18,41566.93,23539.61,0.00,0.00,0.00,3551.06,-1942.41,-629.61,4096.27,4096.27,0.381,0.118,1.000,-3.391,-0.656,0.391,8485,655.6,0,0.9292,0.1086,0.3200,-0.1500,344.4,38.8,0.0
911805,2026-09-17_13-41-45.805-240,v5.1.4,3.44,17.0,3200,-2196,53273,30445,-1894,50026,29969,-2267.03,43551.87,24331.16,1061.20,41605.92,23514.47,0.00,0.00,0.00,3328.22,-1945.95,-816.69,3940.91,3940.91,0.385,0.114,1.000,-3.844,-1.016,0.125,8491,646.1,0,0.9294,0.1083,0.3193,-0.1504,344.3,38.8,0.0
911909,2026-09-17_13-41-45.910-240,v5.1.4,3.44,17.0,3200,-2219,53295,30455,-1949,50018,30040,-2286.15,43570.12,24339.14,1026.56,41600.32,23579.42,0.00,0.00,0.00,3312.71,-1969.80,-759.72,3928.27,3928.27,0.383,0.114,0.999,-3.938,-0.875,0.516,8485,645.3,0,0.9295,0.1079,0.3191,-0.1504,344.3,38.7,0.0
912014,2026-09-17_13-41-45.014-240,v5.1.4,3.44,17.0,3200,-2195,53313,30327,-1945,50052,30055,-2266.22,43586.83,24234.41,1030.99,41628.56,23590.28,0.00,0.00,0.00,3297.21,-1958.27,-644.13,3888.61,3888.61,0.385,0.113,1.003,-3.328,-0.844,0.250,8485,642.8,0,0.9295,0.1080,0.3189,-0.1503,344.4,38.7,0.0
912118,2026-09-17_13-41-45.119-240,v5.1.4,3.44,17.0,3200,-2194,53357,30437,-1892,50075,30126,-2265.89,43621.38,24323.75,1084.26,41650.06,23638.90,0.00,0.00,0.00,3350.16,-1971.32,-684.85,3946.98,3946.98,0.380,0.116,1.000,-3.641,-0.500,-0.109,8479,646.4,0,0.9293,0.1085,0.3193,-0.1504,344.4,38.8,0.0
912223,2026-09-17_13-41-45.223-240,v5.1.4,3.44,17.0,3200,-2214,53282,30525,-1930,49974,30136,-2282.09,43558.18,24396.41,1057.55,41567.14,23654.07,0.00,0.00,0.00,3339.64,-1991.05,-742.33,3958.35,3958.35,0.384,0.117,0.999,-3.984,-0.547,-0.188,8491,647.1,0,0.9293,0.1087,0.3192,-0.1509,344.3,38.8,0.0
912327,2026-09-17_13-41-45.328-240,v5.1.4,3.44,17.0,3200,-2235,53246,30523,-1980,49971,30073,-2299.17,43528.69,24395.19,1007.31,41562.25,23611.10,0.00,0.00,0.00,3306.48,-1966.44,-784.10,3926.13,3926.13,0.384,0.113,1.005,-3.734,-0.219,-0.031,8481,645.1,0,0.9291,0.1087,0.3196,-0.1512,344.3,38.8,0.0
912441,2026-09-17_13-41-45.442-240,v5.1.4,3.44,17.0,3200,-2142,53269,30380,-1854,49975,29917,-2222.34,43549.07,24278.03,1088.08,41563.53,23467.84,0.00,0.00,0.00,3310.42,-1985.54,-810.18,3944.32,3944.32,0.382,0.113,1.000,-3.547,-1.031,0.281,8481,646.3,0,0.9292,0.1087,0.3192,-0.1511,344.3,38.8,0.0
912546,2026-09-17_13-41-45.546-240,v5.1.4,3.44,17.0,3200,-2165,53254,30316,-1882,50035,29962,-2241.08,43537.96,24225.99,1069.77,41613.29,23506.97,0.00,0.00,0.00,3310.86,-1924.67,-719.02,3896.55,3896.55,0.386,0.113,1.000,-3.812,-0.781,0.047,8488,643.3,0,0.9293,0.1085,0.3189,-0.1514,344.2,38.7,0.0
912650,2026-09-17_13-41-46.651-240,v5.1.4,3.44,17.0,3200,-2173,53235,30691,-1872,49960,30291,-2248.31,43516.23,24532.32,1128.33,41560.64,23769.69,0.00,0.00,0.00,3376.65,-1955.59,-762.63,3975.89,3975.89,0.383,0.116,1.001,-3.906,-0.328,0.422,8485,648.2,0,0.9292,0.1085,0.3192,-0.1514,344.2,38.8,0.0
912755,2026-09-17_13-41-46.755-240,v5.1.4,3.44,17.0,3200,-2155,53132,30491,-1889,49817,30060,-2232.41,43434.21,24370.09,1085.01,41437.49,23589.80,0.00,0.00,0.00,3317.42,-1996.72,-780.29,3949.81,3949.81,0.381,0.114,1.000,-4.016,-0.422,0.312,8482,646.6,0,0.9291,0.1083,0.3196,-0.1515,344.2,38.8,0.0
912859,2026-09-17_13-41-46.860-240,v5.1.4,3.44,17.0,3200,-2180,53231,30373,-1947,49880,29995,-2253.42,43518.18,24272.79,1025.86,41486.38,23545.35,0.00,0.00,0.00,3279.28,-2031.80,-727.44,3925.69,3925.69,0.384,0.113,1.001,-3.719,-0.797,-0.484,8482,645.1,0,0.9290,0.1086,0.3194,-0.1520,344.1,38.8,0.0
912964,2026-09-17_13-41-46.964-240,v5.1.4,3.44,17.0,3200,-2234,53265,30495,-1945,49885,30073,-2298.41,43544.84,24372.13,1038.74,41492.51,23607.33,0.00,0.00,0.00,3337.15,-2052.33,-764.80,3991.69,3991.69,0.384,0.113,0.999,-3.594,-0.688,0.203,8487,649.2,0,0.9291,0.1086,0.3191,-0.1520,344.1,38.8,0.0
913068,2026-09-17_13-41-46.069-240,v5.1.4,3.44,17.0,3200,-2273,53357,30276,-1984,49995,29848,-2330.72,43624.82,24192.49,970.43,41575.99,23431.44,0.00,0.00,0.00,3301.15,-2048.83,-761.05,3959.10,3959.10,0.383,0.114,1.001,-3.703,-1.016,0.125,8485,647.2,0,0.9292,0.1087,0.3189,-0.1521,344.1,38.7,0.0
913173,2026-09-17_13-41-46.174-240,v5.1.4,3.44,17.0,3200,-2259,53322,30413,-1940,50020,29970,-2319.22,43593.52,24304.66,1023.68,41600.29,23522.11,0.00,0.00,0.00,3342.90,-1993.23,-782.55,3969.93,3969.93,0.381,0.112,0.999,-4.094,-0.469,-0.016,8483,647.9,0,0.9290,0.1085,0.3192,-0.1525,344.1,38.8,0.0
913277,2026-09-17_13-41-46.278-240,v5.1.4,3.44,17.0,3200,-2206,53421,30265,-1928,50112,29898,-2275.85,43677.18,24182.70,1020.22,41673.84,23461.33,0.00,0.00,0.00,3296.07,-2003.34,-721.37,3924.01,3924.01,0.381,0.112,1.003,-4.000,-0.750,-0.109,8483,645.0,0,0.9289,0.1085,0.3195,-0.1529,344.0,38.8,0.0
913382,2026-09-17_13-41-46.382-240,v5.1.4,3.44,17.0,3200,-2223,53434,30402,-1909,50116,30016,-2290.23,43685.86,24294.44,1052.96,41680.46,23552.81,0.00,0.00,0.00,3343.19,-2005.41,-741.63,3968.45,3968.45,0.382,0.111,1.001,-3.844,-0.828,0.344,8485,647.8,0,0.9289,0.1083,0.3194,-0.1529,344.0,38.8,0.0
913486,2026-09-17_13-41-46.487-240,v5.1.4,3.44,17.0,3200,-2196,53376,30388,-1908,50071,30046,-2267.57,43637.90,24283.55,1059.54,41644.47,23577.36,0.00,0.00,0.00,3327.11,-1993.43,-706.20,3942.35,3942.35,0.385,0.113,1.006,-3.719,-0.391,0.609,8481,646.1,0,0.9289,0.1082,0.3196,-0.1525,344.0,38.8,0.0
913591,2026-09-17_13-41-47.591-240,v5.1.4,3.44,17.0,3200,-2227,53450,30417,-2003,50129,29952,-2293.66,43698.88,24306.52,965.87,41687.91,23515.23,0.00,0.00,0.00,3259.53,-2010.96,-791.29,3910.84,3910.84,0.384,0.112,1.002,-4.141,-0.719,0.469,8481,644.2,0,0.9290,0.1078,0.3196,-0.1526,344.0,38.8,0.0
913695,2026-09-17_13-41-47.696-240,v5.1.4,3.44,17.0,3200,-2271,53367,30377,-2003,50013,29989,-2329.33,43631.41,24274.83,974.83,41594.04,23546.65,0.00,0.00,0.00,3304.16,-2037.37,-728.17,3949.51,3949.51,0.382,0.114,1.002,-3.766,-1.344,0.375,8484,646.6,0,0.9291,0.1078,0.3191,-0.1525,344.0,38.7,0.0
913800,2026-09-17_13-41-47.800-240,v5.1.4,3.44,17.0,3200,-2282,53383,30251,-1995,50083,29901,-2338.25,43646.80,24171.83,966.42,41649.12,23474.02,0.00,0.00,0.00,3304.67,-1997.68,-697.81,3924.09,3924.09,0.383,0.115,1.001,-3.516,-0.516,-0.250,8481,645.0,0,0.9290,0.1086,0.3192,-0.1525,344.1,38.8,0.0
913914,2026-09-17_13-41-47.914-240,v5.1.4,3.44,17.0,3200,-2189,53323,30422,-1960,50012,29993,-2261.52,43593.48,24311.85,1010.83,41594.02,23543.56,0.00,0.00,0.00,3272.35,-1999.46,-768.29,3911.06,3911.06,0.384,0.118,1.003,-3.703,-0.766,0.688,8488,644.2,0,0.9291,0.1088,0.3191,-0.1520,344.1,38.8,0.0
914018,2026-09-17_13-41-47.019-240,v5.1.4,3.44,17.0,3200,-2249,53311,30392,-2043,49996,29976,-2310.87,43584.68,24287.61,940.54,41579.16,23542.40,0.00,0.00,0.00,3251.41,-2005.52,-745.21,3892.18,3892.18,0.384,0.116,0.999,-3.734,-0.922,-0.203,8488,643.0,0,0.9292,0.1091,0.3187,-0.1523,344.1,38.7,0.0
914123,2026-09-17_13-41-47.124-240,v5.1.4,3.44,17.0,3200,-2316,53284,30388,-2132,49967,29949,-2365.94,43563.12,24284.76,864.26,41553.31,23534.33,0.00,0.00,0.00,3230.20,-2009.81,-750.43,3877.71,3877.71,0.385,0.113,1.002,-3.875,-0.938,0.453,8489,642.1,0,0.9293,0.1086,0.3185,-0.1524,344.1,38.7,0.0
914228,2026-09-17_13-41-47.228-240,v5.1.4,3.44,17.0,3200,-2201,53296,30302,-1970,49958,29900,-2271.01,43573.26,24214.20,990.68,41547.31,23471.54,0.00,0.00,0.00,3261.68,-2025.95,-742.65,3910.83,3910.83,0.382,0.117,0.998,-4.016,-0.734,0.656,8495,644.2,0,0.9293,0.1085,0.3185,-0.1521,344.1,38.7,0.0
914332,2026-09-17_13-41-47.333-240,v5.1.4,3.43,17.0,3200,-2131,53341,30267,-1871,50016,29803,-2213.50,43610.29,24185.01,1056.19,41593.82,23378.56,0.00,0.00,0.00,3269.69,-2016.46,-806.45,3925.22,3925.22,0.386,0.114,1.002,-3.312,-0.188,0.344,8487,645.1,0,0.9292,0.1089,0.3189,-0.1516,344.2,38.7,0.0
914437,2026-09-17_13-41-47.437-240,v5.1.4,3.43,17.0,3200,-2102,53333,30355,-1826,50034,29905,-2189.71,43601.94,24256.87,1107.56,41611.91,23453.21,0.00,0.00,0.00,3297.27,-1990.03,-803.66,3934.22,3934.22,0.384,0.117,1.001,-3.719,-0.672,0.234,8487,645.6,0,0.9293,0.1091,0.3188,-0.1515,344.2,38.7,0.0
914541,2026-09-17_13-41-47.542-240,v5.1.4,3.43,17.0,3200,-2097,53357,30272,-1794,50068,29981,-2185.57,43623.07,24188.85,1143.94,41642.18,23508.72,0.00,0.00,0.00,3329.52,-1980.89,-680.13,3933.47,3933.47,0.378,0.113,1.002,-3.938,-0.359,0.312,8486,645.6,0,0.9290,0.1090,0.3196,-0.1515,344.2,38.8,0.0
914646,2026-09-17_13-41-48.646-240,v5.1.4,3.43,17.0,3200,-2066,53337,30714,-1775,50000,30305,-2160.77,43599.02,24549.81,1208.96,41595.27,23766.02,0.00,0.00,0.00,3369.73,-2003.75,-783.79,3998.06,3998.06,0.384,0.114,1.001,-3.641,-0.312,-0.250,8491,649.6,0,0.9289,0.1092,0.3197,-0.1518,344.2,38.8,0.0
914750,2026-09-17_13-41-48.751-240,v5.1.4,3.43,17.0,3200,-2125,53310,30398,-1766,49998,30038,-2208.62,43582.47,24292.26,1177.45,41586.88,23551.29,0.00,0.00,0.00,3386.07,-1995.59,-740.96,3999.61,3999.61,0.380,0.112,1.000,-3.375,-0.609,0.172,8491,649.7,0,0.9288,0.1093,0.3198,-0.1517,344.2,38.8,0.0
914855,2026-09-17_13-41-48.856-240,v5.1.4,3.43,17.0,3200,-2033,53278,30518,-1769,49939,30102,-2132.79,43553.12,24390.36,1186.13,41540.26,23603.83,0.00,0.00,0.00,3318.92,-2012.86,-786.52,3960.49,3960.49,0.380,0.112,1.001,-4.078,-0.703,-0.016,8493,647.3,0,0.9288,0.1090,0.3199,-0.1522,344.1,38.9,0.0
914960,2026-09-17_13-41-48.960-240,v5.1.4,3.43,17.0,3200,-2224,53312,30444,-1878,49989,30002,-2290.36,43584.39,24329.99,1080.32,41576.78,23539.09,0.00,0.00,0.00,3370.68,-2007.61,-790.90,4002.19,4002.19,0.381,0.113,0.997,-3.938,-0.844,0.609,8482,649.8,0,0.9289,0.1084,0.3198,-0.1521,344.1,38.8,0.0
915064,2026-09-17_13-41-48.065-240,v5.1.4,3.43,17.0,3200,-2241,53338,30199,-1884,50050,29858,-2304.05,43610.05,24129.76,1052.48,41622.83,23423.89,0.00,0.00,0.00,3356.54,-1987.22,-705.87,3964.04,3964.04,0.383,0.118,1.000,-3.938,-0.703,-0.484,8484,647.5,0,0.9288,0.1091,0.3195,-0.1525,344.1,38.8,0.0
915171,2026-09-17_13-41-48.171-240,v5.1.4,3.43,17.0,3200,-2110,53342,30232,-1826,50109,29871,-2196.12,43611.46,24156.38,1100.30,41672.34,23424.83,0.00,0.00,0.00,3296.41,-1939.12,-731.55,3893.81,3893.81,0.382,0.116,1.003,-3.578,-0.406,0.188,8484,643.1,0,0.9287,0.1095,0.3198,-0.1523,344.1,38.9,0.0
915275,2026-09-17_13-41-48.276-240,v5.1.4,3.43,17.0,3200,-2137,53321,30132,-1913,50023,29793,-2218.05,43596.02,24075.03,1019.96,41598.61,23376.61,0.00,0.00,0.00,3238.01,-1997.41,-698.42,3868.09,3868.09,0.385,0.114,1.004,-3.578,-0.422,-0.156,8485,641.5,0,0.9287,0.1097,0.3198,-0.1525,344.1,38.9,0.0
915390,2026-09-17_13-41-48.390-240,v5.1.4,3.43,17.0,3200,-2163,53258,30535,-1918,50054,30132,-2239.90,43537.67,24404.71,1064.39,41632.63,23647.84,0.00,0.00,0.00,3304.29,-1905.04,-756.87,3888.49,3888.49,0.383,0.112,1.000,-3.516,-1.328,0.109,8481,642.8,0,0.9289,0.1094,0.3191,-0.1526,344.1,38.8,0.0
915494,2026-09-17_13-41-48.495-240,v5.1.4,3.43,17.0,3200,-2190,53258,30552,-1942,50155,30334,-2262.20,43537.67,24418.65,1071.04,41720.02,23811.23,0.00,0.00,0.00,3333.24,-1817.65,-607.41,3844.90,3844.90,0.383,0.115,1.001,-3.500,-0.438,0.094,8484,640.1,0,0.9289,0.1096,0.3192,-0.1526,344.1,38.8,0.0
915599,2026-09-17_13-41-49.599-240,v5.1.4,3.43,17.0,3200,-2067,53263,30754,-1890,50377,30501,-2161.21,43537.23,24583.23,1131.40,41906.66,23933.57,0.00,0.00,0.00,3292.61,-1630.58,-649.67,3731.23,3731.23,0.381,0.114,0.997,-4.141,-1.234,0.219,8484,632.8,0,0.9290,0.1092,0.3188,-0.1530,344.0,38.7,0.0
915703,2026-09-17_13-41-49.704-240,v5.1.4,3.43,17.0,3200,-1970,53189,31020,-2020,50642,30677,-2081.28,43470.75,24800.94,1042.01,42125.73,24089.11,0.00,0.00,0.00,3123.29,-1345.02,-711.83,3474.30,3474.30,0.381,0.112,1.001,-3.953,-0.656,0.984,8486,616.0,0,0.9290,0.1085,0.3192,-0.1526,344.0,38.8,0.0
915808,2026-09-17_13-41-49.808-240,v5.1.4,3.43,17.0,3200,-1937,53209,30893,-2261,50995,30415,-2053.94,43489.01,24696.99,794.64,42403.64,23909.41,0.00,0.00,0.00,2848.58,-1085.37,-787.58,3148.45,3148.45,0.383,0.115,1.000,-4.109,-0.516,0.094,8493,593.3,0,0.9289,0.1086,0.3194,-0.1528,344.0,38.8,0.0
915912,2026-09-17_13-41-49.913-240,v5.1.4,3.43,17.0,3200,-1882,53276,30847,-2603,51418,30273,-2008.92,43544.54,24658.63,479.55,42740.23,23839.34,0.00,0.00,0.00,2488.47,-804.31,-819.29,2740.55,2740.55,0.385,0.115,1.004,-3.766,-1.016,0.219,8487,562.6,0,0.9290,0.1087,0.3190,-0.1527,344.1,38.8,0.0
916017,2026-09-17_13-41-49.017-240,v5.1.4,3.43,17.0,3200,-1860,53391,30715,-2945,51813,30264,-1991.24,43641.48,24549.63,184.73,43057.36,23876.03,0.00,0.00,0.00,2175.97,-584.12,-673.61,2351.55,2351.55,0.382,0.116,1.000,-3.750,-0.828,0.344,8487,530.3,0,0.9290,0.1091,0.3190,-0.1523,344.1,38.8,0.0
916121,2026-09-17_13-41-49.122-240,v5.1.4,3.43,17.0,3200,-1792,53495,30735,-3190,52116,30238,-1935.87,43726.37,24564.74,-29.94,43300.42,23886.36,0.00,0.00,0.00,1905.93,-425.95,-678.38,2067.41,2067.41,0.385,0.113,1.003,-3.891,-1.031,0.359,8485,504.5,0,0.9292,0.1088,0.3188,-0.1523,344.1,38.7,0.0
916226,2026-09-17_13-41-49.226-240,v5.1.4,3.43,17.0,3200,-1773,53524,30526,-3446,52283,29924,-1919.97,43753.54,24393.79,-291.54,43424.68,23670.25,0.00,0.00,0.00,1628.43,-328.86,-723.53,1812.02,1812.02,0.383,0.113,1.004,-3.922,-1.078,-0.141,8487,479.1,0,0.9291,0.1090,0.3187,-0.1525,344.1,38.7,0.0
916330,2026-09-17_13-41-49.331-240,v5.1.4,3.43,17.0,3200,-1743,53521,30466,-3538,52344,29953,-1895.09,43751.73,24344.77,-364.87,43473.81,23705.96,0.00,0.00,0.00,1530.21,-277.92,-638.81,1681.33,1681.33,0.383,0.115,0.973,-3.625,-0.844,0.672,8487,465.2,0,0.9296,0.1093,0.3177,-0.1517,344.2,38.6,0.0
916434,2026-09-17_13-41-49.435-240,v5.1.4,3.43,17.0,3200,-1765,53502,30420,-3664,52367,29898,-1913.02,43737.02,24307.47,-477.28,43489.15,23680.11,0.00,0.00,0.00,1435.74,-247.87,-627.36,1586.30,1586.30,0.381,0.114,0.998,-4.312,-1.062,-0.031,8489,454.6,0,0.9294,0.1092,0.3179,-0.1521,344.2,38.6,0.0
916539,2026-09-17_13-41-49.540-240,v5.1.4,3.43,17.0,3200,-1767,53522,30456,-3691,52344,29870,-1914.87,43752.96,24336.65,-502.88,43469.18,23662.05,0.00,0.00,0.00,1411.99,-283.78,-674.60,1590.38,1590.38,0.384,0.117,1.001,-3.422,-0.828,1.062,8486,455.0,0,0.9296,0.1093,0.3180,-0.1511,344.3,38.6,0.0
916643,2026-09-17_13-41-50.644-240,v5.1.4,3.43,17.0,3200,-1812,53486,30475,-3668,52298,29871,-1951.78,43723.38,24352.63,-482.40,43431.98,23660.21,0.00,0.00,0.00,1469.38,-291.40,-692.42,1650.29,1650.29,0.384,0.116,0.996,-3.625,-0.906,0.438,8491,461.7,0,0.9297,0.1094,0.3178,-0.1507,344.4,38.6,0.0
916748,2026-09-17_13-41-50.749-240,v5.1.4,3.43,17.0,3200,-1811,53424,30558,-3718,52214,30115,-1950.73,43670.79,24421.03,-485.34,43368.80,23863.93,0.00,0.00,0.00,1465.39,-301.99,-557.09,1596.53,1596.53,0.385,0.116,0.972,-3.484,-0.406,0.828,8491,455.7,0,0.9300,0.1095,0.3171,-0.1500,344.5,38.5,0.0
916862,2026-09-17_13-41-50.863-240,v5.1.4,3.43,17.0,3200,-1643,53733,30482,-3600,52538,30008,-1814.00,43925.59,24355.42,-413.80,43632.82,23755.93,0.00,0.00,0.00,1400.20,-292.76,-599.49,1551.02,1551.02,0.385,0.113,1.005,-3.766,-1.078,-0.109,8490,450.5,0,0.9299,0.1095,0.3173,-0.1502,344.4,38.5,0.0
916967,2026-09-17_13-41-50.968-240,v5.1.4,3.43,17.0,3200,-1811,53694,30412,-3778,52465,30087,-1952.15,43896.24,24299.04,-546.49,43572.30,23846.36,0.00,0.00,0.00,1405.66,-323.94,-452.68,1511.86,1511.86,0.385,0.115,1.004,-3.875,-0.766,0.547,8483,446.0,0,0.9299,0.1091,0.3177,-0.1500,344.4,38.6,0.0
917071,2026-09-17_13-41-50.072-240,v5.1.4,3.43,17.0,3200,-1835,53683,30483,-3800,52473,29973,-1972.02,43886.24,24357.16,-581.48,43575.54,23758.33,0.00,0.00,0.00,1390.54,-310.71,-598.83,1545.55,1545.55,0.386,0.114,0.998,-3.875,-0.484,-0.422,8494,449.9,0,0.9297,0.1094,0.3180,-0.1505,344.4,38.6,0.0
917176,2026-09-17_13-41-50.177-240,v5.1.4,3.43,17.0,3200,-1862,53766,30392,-3805,52595,29844,-1994.63,43956.58,24282.07,-608.17,43671.86,23654.00,0.00,0.00,0.00,1386.46,-284.72,-628.07,1548.48,1548.48,0.386,0.115,1.003,-3.438,-0.500,-0.172,8494,450.3,0,0.9295,0.1099,0.3183,-0.1505,344.4,38.7,0.0
917280,2026-09-17_13-41-50.281-240,v5.1.4,3.43,17.0,3200,-1838,53721,30392,-3815,52478,29827,-1974.55,43919.16,24282.49,-615.29,43575.61,23643.74,0.00,0.00,0.00,1359.26,-343.54,-638.75,1540.65,1540.65,0.385,0.114,1.004,-4.172,-0.469,-0.109,8489,449.3,0,0.9293,0.1096,0.3187,-0.1509,344.3,38.7,0.0
917385,2026-09-17_13-41-50.386-240,v5.1.4,3.43,17.0,3200,-1862,53701,30417,-3790,52459,29822,-1994.26,43902.47,24303.15,-594.87,43560.36,23636.38,0.00,0.00,0.00,1399.39,-342.11,-666.77,1587.43,1587.43,0.380,0.114,1.003,-3.516,-0.656,-0.094,8495,454.7,0,0.9291,0.1100,0.3191,-0.1510,344.4,38.8,0.0
917489,2026-09-17_13-41-50.490-240,v5.1.4,3.43,17.0,3200,-1883,53678,30429,-3838,52467,30037,-2011.46,43883.49,24313.23,-603.22,43571.67,23815.16,0.00,0.00,0.00,1408.24,-311.82,-498.07,1525.92,1525.92,0.383,0.114,0.999,-4.156,-0.969,0.625,8495,447.6,0,0.9292,0.1093,0.3191,-0.1510,344.3,38.8,0.0
917594,2026-09-17_13-41-51.595-240,v5.1.4,3.43,17.0,3200,-1859,53676,30440,-3835,52401,29854,-1991.68,43881.41,24322.18,-625.45,43513.04,23669.48,0.00,0.00,0.00,1366.23,-368.38,-652.70,1558.30,1558.30,0.383,0.115,1.004,-3.359,-0.672,0.609,8494,451.4,0,0.9293,0.1094,0.3192,-0.1504,344.4,38.8,0.0
917698,2026-09-17_13-41-51.699-240,v5.1.4,3.43,17.0,3200,-1942,53693,30407,-3950,52452,29848,-2060.16,43896.85,24295.24,-722.51,43552.71,23680.75,0.00,0.00,0.00,1337.66,-344.14,-614.49,1511.74,1511.74,0.383,0.116,1.002,-4.172,-0.578,0.234,8491,446.0,0,0.9292,0.1092,0.3195,-0.1506,344.4,38.8,0.0
917803,2026-09-17_13-41-51.804-240,v5.1.4,3.43,17.0,3200,-1909,53622,30425,-3855,52389,29829,-2032.53,43837.56,24310.60,-645.18,43502.26,23652.62,0.00,0.00,0.00,1387.35,-335.30,-657.98,1571.66,1571.66,0.386,0.116,0.996,-3.828,-0.703,-0.094,8490,452.9,0,0.9293,0.1094,0.3190,-0.1508,344.4,38.7,0.0
917908,2026-09-17_13-41-51.908-240,v5.1.4,3.43,17.0,3200,-1916,53598,30443,-3912,52377,30071,-2038.19,43817.51,24325.56,-656.38,43497.78,23854.63,0.00,0.00,0.00,1381.81,-319.73,-470.93,1494.45,1494.45,0.382,0.115,1.005,-3.641,-0.859,0.484,8490,443.9,0,0.9293,0.1093,0.3192,-0.1505,344.4,38.8,0.0
918012,2026-09-17_13-41-51.013-240,v5.1.4,3.43,17.0,3200,-1904,53611,30418,-3874,52419,29857,-2028.33,43828.54,24304.99,-657.65,43527.20,23677.31,0.00,0.00,0.00,1370.68,-301.34,-627.68,1537.38,1537.38,0.383,0.117,1.003,-4.047,-0.766,0.156,8488,449.0,0,0.9292,0.1094,0.3193,-0.1506,344.4,38.8,0.0
918116,2026-09-17_13-41-51.117-240,v5.1.4,3.43,17.0,3200,-1962,53643,30486,-3919,52439,30084,-2076.50,43854.46,24360.29,-662.15,43548.68,23865.06,0.00,0.00,0.00,1414.35,-305.78,-495.23,1529.42,1529.42,0.386,0.112,1.004,-3.734,-0.797,0.828,8491,448.0,0,0.9293,0.1087,0.3192,-0.1503,344.4,38.8,0.0
918231,2026-09-17_13-41-51.231-240,v5.1.4,3.43,17.0,3200,-1707,53615,30473,-3497,52431,29856,-1866.01,43828.90,24349.44,-347.97,43543.09,23621.02,0.00,0.00,0.00,1518.04,-285.81,-728.42,1707.85,1707.85,0.386,0.115,1.005,-4.062,-0.750,-0.266,8492,468.0,0,0.9293,0.1090,0.3192,-0.1507,344.3,38.8,0.0
918335,2026-09-17_13-41-51.336-240,v5.1.4,3.43,17.0,3200,-1725,53587,30486,-3667,52421,30083,-1880.70,43805.75,24360.38,-454.40,43538.03,23827.58,0.00,0.00,0.00,1426.31,-267.72,-532.80,1545.93,1545.93,0.383,0.115,1.001,-3.828,-0.609,-0.453,8492,450.0,0,0.9291,0.1096,0.3193,-0.1510,344.3,38.8,0.0
918440,2026-09-17_13-41-51.441-240,v5.1.4,3.43,17.0,3200,-1724,53628,30510,-3674,52414,30010,-1880.19,43839.21,24379.54,-470.60,43530.30,23770.36,0.00,0.00,0.00,1409.59,-308.91,-609.18,1566.36,1566.36,0.384,0.113,1.001,-3.266,-0.969,0.156,8500,452.3,0,0.9292,0.1099,0.3190,-0.1508,344.4,38.8,0.0
918545,2026-09-17_13-41-51.546-240,v5.1.4,3.43,17.0,3200,-1739,53641,30545,-3695,52469,30050,-1892.71,43849.54,24408.01,-483.72,43575.96,23804.54,0.00,0.00,0.00,1408.99,-273.59,-603.46,1557.00,1557.00,0.383,0.116,1.005,-4.125,-0.844,-0.156,8497,451.2,0,0.9291,0.1099,0.3191,-0.1512,344.3,38.8,0.0
918650,2026-09-17_13-41-52.651-240,v5.1.4,3.43,17.0,3200,-1751,53695,30575,-3708,52467,30011,-1903.01,43893.79,24431.96,-500.05,43573.10,23775.31,0.00,0.00,0.00,1402.96,-320.69,-656.65,1581.87,1581.87,0.383,0.114,1.002,-3.609,-0.844,0.453,8497,454.1,0,0.9291,0.1098,0.3191,-0.1510,344.3,38.8,0.0
918755,2026-09-17_13-41-52.756-240,v5.1.4,3.43,17.0,3200,-1778,53628,30258,-3709,52474,29827,-1924.21,43843.88,24173.94,-527.95,43574.06,23628.25,0.00,0.00,0.00,1396.26,-269.82,-545.69,1523.19,1523.19,0.386,0.113,1.000,-3.688,-0.500,0.312,8496,447.3,0,0.9292,0.1096,0.3192,-0.1508,344.4,38.8,0.0
918860,2026-09-17_13-41-52.861-240,v5.1.4,3.43,17.0,3200,-1748,53611,30394,-3704,52405,29835,-1899.64,43827.31,24285.07,-520.56,43517.95,23635.01,0.00,0.00,0.00,1379.08,-309.37,-650.06,1555.68,1555.68,0.383,0.115,1.003,-3.781,-0.688,0.000,8492,451.1,0,0.9291,0.1099,0.3193,-0.1509,344.4,38.8,0.0
918965,2026-09-17_13-41-52.965-240,v5.1.4,3.43,17.0,3200,-1820,53592,30467,-3780,52391,29937,-1959.04,43811.16,24345.01,-567.77,43507.89,23727.92,0.00,0.00,0.00,1391.27,-303.27,-617.09,1551.90,1551.90,0.382,0.116,1.001,-3.969,-0.641,0.250,8490,450.6,0,0.9290,0.1098,0.3195,-0.1509,344.3,38.8,0.0
919069,2026-09-17_13-41-52.070-240,v5.1.4,3.43,17.0,3200,-1813,53634,30292,-3804,52412,29754,-1953.18,43848.65,24201.71,-614.88,43519.95,23584.82,0.00,0.00,0.00,1338.30,-328.70,-616.88,1509.85,1509.85,0.387,0.115,1.004,-3.781,-0.766,0.094,8490,445.8,0,0.9291,0.1099,0.3193,-0.1510,344.3,38.8,0.0
919174,2026-09-17_13-41-52.175-240,v5.1.4,3.43,17.0,3200,-1823,53647,30353,-3737,52445,29804,-1961.63,43858.50,24251.39,-553.46,43549.31,23614.44,0.00,0.00,0.00,1408.17,-309.19,-636.95,1576.15,1576.15,0.384,0.111,1.005,-3.344,-0.375,-0.047,8489,453.4,0,0.9290,0.1100,0.3196,-0.1509,344.4,38.8,0.0
919279,2026-09-17_13-41-52.279-240,v5.1.4,3.43,17.0,3200,-1744,53655,30462,-3757,52474,30029,-1896.76,43862.51,24340.12,-537.96,43578.50,23796.77,0.00,0.00,0.00,1358.80,-284.01,-543.35,1490.71,1490.71,0.385,0.117,1.003,-3.797,-0.688,0.188,8490,443.5,0,0.9290,0.1101,0.3195,-0.1508,344.4,38.8,0.0
919383,2026-09-17_13-41-52.384-240,v5.1.4,3.43,17.0,3200,-1764,53599,30525,-3780,52418,30030,-1913.02,43815.43,24392.17,-555.02,43532.37,23801.84,0.00,0.00,0.00,1358.00,-283.06,-590.33,1507.58,1507.58,0.379,0.114,0.999,-3.906,-0.766,-0.531,8490,445.5,0,0.9288,0.1104,0.3197,-0.1514,344.3,38.9,0.0
919488,2026-09-17_13-41-52.488-240,v5.1.4,3.43,17.0,3200,-1754,53604,30629,-3856,52388,30174,-1905.01,43817.76,24476.99,-595.61,43510.34,23928.57,0.00,0.00,0.00,1309.41,-307.43,-548.42,1452.52,1452.52,0.383,0.115,1.001,-4.125,-1.125,-0.719,8490,438.9,0,0.9288,0.1105,0.3193,-0.1523,344.2,38.8,0.0
919592,2026-09-17_13-41-53.593-240,v5.1.4,3.43,17.0,3200,-1806,53632,30533,-3812,52424,30047,-1947.88,43842.99,24398.44,-579.05,43537.20,23820.02,0.00,0.00,0.00,1368.83,-305.79,-578.42,1517.16,1517.16,0.382,0.114,0.996,-4.047,-0.609,-0.016,8485,446.6,0,0.9288,0.1104,0.3193,-0.1526,344.1,38.8,0.0
919706,2026-09-17_13-41-53.707-240,v5.1.4,3.43,17.0,3200,-1742,53581,30496,-3701,52367,29958,-1894.70,43800.80,24368.64,-498.96,43490.10,23733.50,0.00,0.00,0.00,1395.74,-310.70,-635.13,1564.62,1564.62,0.384,0.117,0.999,-4.062,-0.688,-0.250,8483,452.1,0,0.9287,0.1106,0.3192,-0.1529,344.1,38.8,0.0
919811,2026-09-17_13-41-53.812-240,v5.1.4,3.43,17.0,3200,-1815,53529,30496,-3752,52316,29914,-1954.57,43758.59,24369.33,-545.79,43446.45,23706.62,0.00,0.00,0.00,1408.78,-312.14,-662.71,1587.86,1587.86,0.385,0.114,0.999,-3.844,-0.516,0.234,8483,454.8,0,0.9287,0.1105,0.3192,-0.1529,344.1,38.8,0.0
919916,2026-09-17_13-41-53.917-240,v5.1.4,3.43,17.0,3200,-1789,53518,30389,-3857,52342,29967,-1932.85,43750.98,24282.04,-625.24,43467.36,23763.98,0.00,0.00,0.00,1307.61,-283.62,-518.06,1434.80,1434.80,0.386,0.115,1.004,-4.078,-0.578,0.125,8483,436.8,0,0.9287,0.1103,0.3193,-0.1530,344.1,38.8,0.0
920020,2026-09-17_13-41-53.021-240,v5.1.4,3.43,17.0,3200,-1743,53524,30605,-3676,52475,30010,-1895.39,43751.94,24458.21,-474.11,43580.14,23769.68,0.00,0.00,0.00,1421.27,-171.80,-688.53,1588.59,1588.59,0.385,0.113,1.004,-3.500,-0.906,-0.391,8491,454.8,0,0.9287,0.1107,0.3190,-0.1532,344.1,38.8,0.0
920125,2026-09-17_13-41-53.126-240,v5.1.4,3.43,17.0,3200,-1690,53430,30587,-3619,52511,30048,-1851.05,43674.03,24444.38,-422.77,43611.47,23791.12,0.00,0.00,0.00,1428.28,-62.56,-653.26,1571.83,1571.83,0.383,0.111,0.998,-3.656,-0.719,-0.016,8485,452.9,0,0.9287,0.1106,0.3190,-0.1533,344.1,38.8,0.0
920229,2026-09-17_13-41-53.230-240,v5.1.4,3.43,17.0,3200,-1629,53545,30580,-3712,52750,30041,-1801.46,43768.52,24437.35,-507.64,43805.16,23795.37,0.00,0.00,0.00,1293.82,36.64,-641.98,1444.80,1444.80,0.386,0.113,1.006,-3.859,-0.703,0.547,8485,438.0,0,0.9288,0.1102,0.3191,-0.1530,344.1,38.8,0.0
920334,2026-09-17_13-41-53.334-240,v5.1.4,3.43,17.0,3200,-1566,53562,30662,-3806,52840,30219,-1749.78,43780.58,24503.98,-561.75,43881.82,23950.02,0.00,0.00,0.00,1188.03,101.24,-553.96,1314.74,1314.74,0.384,0.115,0.999,-4.484,-1.000,0.438,8484,421.8,0,0.9289,0.1098,0.3190,-0.1530,344.1,38.8,0.0
920438,2026-09-17_13-41-53.439-240,v5.1.4,3.43,17.0,3200,-1582,53642,30646,-3948,52943,30157,-1763.45,43847.10,24490.12,-690.80,43962.11,23919.65,0.00,0.00,0.00,1072.65,115.02,-570.47,1220.35,1220.35,0.384,0.112,1.002,-4.344,-0.562,0.250,8483,409.3,0,0.9288,0.1094,0.3193,-0.1531,344.0,38.8,0.0
920543,2026-09-17_13-41-53.544-240,v5.1.4,3.43,17.0,3200,-1629,53715,30565,-4043,53119,29998,-1802.51,43909.21,24423.33,-797.57,44100.34,23803.68,0.00,0.00,0.00,1004.94,191.12,-619.65,1195.99,1195.99,0.383,0.115,1.001,-3.953,-0.531,0.000,8485,406.0,0,0.9287,0.1098,0.3196,-0.1529,344.1,38.8,0.0
920647,2026-09-17_13-41-54.648-240,v5.1.4,3.43,17.0,3200,-1634,53628,30601,-4232,53040,30167,-1806.16,43836.80,24453.64,-925.99,44037.07,23967.76,0.00,0.00,0.00,880.17,200.27,-485.88,1025.12,1025.12,0.383,0.116,0.997,-3.531,-0.656,-0.297,8485,381.4,0,0.9286,0.1106,0.3195,-0.1528,344.1,38.8,0.0
920752,2026-09-17_13-41-54.753-240,v5.1.4,3.43,17.0,3200,-1485,53814,30628,-4402,53303,30170,-1684.52,43988.48,24473.43,-1073.49,44249.39,23990.91,0.00,0.00,0.00,611.03,260.90,-482.52,821.13,821.13,0.385,0.115,1.004,-3.203,-0.688,0.078,8482,348.1,0,0.9287,0.1112,0.3193,-0.1523,344.2,38.8,0.0
920856,2026-09-17_13-41-54.857-240,v5.1.4,3.43,17.0,3200,-1623,53892,30605,-4411,53361,30155,-1798.77,44054.73,24454.13,-1084.86,44296.27,23979.32,0.00,0.00,0.00,713.91,241.54,-474.82,890.76,890.76,0.387,0.116,0.999,-3.594,-0.562,-0.188,8478,360.0,0,0.9288,0.1115,0.3191,-0.1522,344.2,38.8,0.0
920961,2026-09-17_13-41-54.962-240,v5.1.4,3.43,17.0,3200,-1603,53911,30564,-4410,53390,30107,-1782.31,44070.89,24420.43,-1091.93,44318.75,23940.34,0.00,0.00,0.00,690.38,247.87,-480.09,876.67,876.67,0.384,0.118,1.000,-4.250,-0.766,0.344,8489,357.7,0,0.9288,0.1112,0.3191,-0.1522,344.2,38.8,0.0
921065,2026-09-17_13-41-54.066-240,v5.1.4,3.43,17.0,3200,-1516,53915,30587,-4572,53374,30178,-1710.64,44072.92,24438.98,-1214.37,44304.89,24021.11,0.00,0.00,0.00,496.27,231.97,-417.86,688.99,688.99,0.382,0.110,1.009,-3.875,-0.938,0.062,8489,323.4,0,0.9287,0.1107,0.3194,-0.1524,344.2,38.8,0.0
921180,2026-09-17_13-41-54.180-240,v5.1.4,3.43,17.0,3200,-1535,53821,30565,-4721,53289,30148,-1725.67,43995.82,24422.04,-1338.74,44232.21,24020.35,0.00,0.00,0.00,386.93,236.39,-401.69,605.76,605.76,0.381,0.112,1.003,-3.438,-0.703,-0.109,8480,306.3,0,0.9286,0.1110,0.3197,-0.1522,344.2,38.9,0.0
921284,2026-09-17_13-41-54.285-240,v5.1.4,3.43,17.0,3200,-1600,53792,30585,-4480,53241,30144,-1779.13,43972.20,24438.80,-1139.56,44196.77,23982.56,0.00,0.00,0.00,639.57,224.57,-456.24,817.09,817.09,0.386,0.117,0.998,-3.594,-0.828,-0.438,8482,347.4,0,0.9287,0.1115,0.3191,-0.1523,344.2,38.8,0.0
921389,2026-09-17_13-41-54.389-240,v5.1.4,3.43,17.0,3200,-1540,53829,30612,-4626,53262,30123,-1729.94,44001.71,24460.33,-1263.40,44211.04,23986.85,0.00,0.00,0.00,466.54,209.32,-473.48,696.89,696.89,0.384,0.114,0.998,-3.953,-0.703,-0.312,8482,325.0,0,0.9287,0.1114,0.3191,-0.1527,344.2,38.8,0.0
921493,2026-09-17_13-41-54.494-240,v5.1.4,3.43,17.0,3200,-1644,53853,30546,-4493,53303,30162,-1815.72,44023.69,24406.42,-1149.53,44247.71,23997.87,0.00,0.00,0.00,666.19,224.02,-408.55,812.96,812.96,0.383,0.116,1.031,-3.531,-0.578,0.406,8485,346.6,0,0.9284,0.1114,0.3201,-0.1523,344.2,38.9,0.0
921598,2026-09-17_13-41-55.599-240,v5.1.4,3.43,17.0,3200,-1576,53819,30576,-4655,53319,30109,-1759.49,43994.41,24431.12,-1291.05,44256.79,23979.01,0.00,0.00,0.00,468.44,262.39,-452.11,701.91,701.91,0.383,0.116,0.998,-3.375,-1.031,-0.406,8487,326.0,0,0.9286,0.1119,0.3194,-0.1523,344.3,38.9,0.0
921702,2026-09-17_13-41-55.703-240,v5.1.4,3.43,17.0,3200,-1525,53832,30426,-4675,53311,29964,-1717.21,44007.07,24308.43,-1328.43,44246.18,23866.16,0.00,0.00,0.00,388.78,239.11,-442.27,635.55,635.55,0.386,0.114,1.003,-3.500,-0.875,0.094,8486,312.6,0,0.9287,0.1117,0.3191,-0.1521,344.3,38.8,0.0
921807,2026-09-17_13-41-55.808-240,v5.1.4,3.43,17.0,3200,-1444,53868,30650,-4398,53309,30130,-1651.10,44032.32,24490.74,-1076.22,44253.32,23958.25,0.00,0.00,0.00,574.88,221.01,-532.49,814.17,814.17,0.384,0.114,1.000,-3.547,-0.312,0.703,8486,346.9,0,0.9288,0.1114,0.3195,-0.1515,344.3,38.8,0.0
921912,2026-09-17_13-41-55.912-240,v5.1.4,3.43,17.0,3200,-1395,53822,30599,-4373,53281,30087,-1610.30,43994.64,24449.49,-1061.07,44229.73,23920.66,0.00,0.00,0.00,549.23,235.10,-528.83,797.86,797.86,0.383,0.115,0.998,-3.734,-0.578,0.188,8485,344.0,0,0.9288,0.1113,0.3195,-0.1513,344.4,38.8,0.0
922016,2026-09-17_13-41-55.017-240,v5.1.4,3.43,17.0,3200,-1441,53788,30571,-4395,53231,30086,-1647.96,43967.48,24427.08,-1077.78,44188.47,23923.88,0.00,0.00,0.00,570.17,220.99,-503.20,791.92,791.92,0.381,0.113,1.001,-3.844,-0.234,0.031,8485,342.9,0,0.9286,0.1111,0.3202,-0.1513,344.4,38.9,0.0
922121,2026-09-17_13-41-55.121-240,v5.1.4,3.43,17.0,3200,-1343,53791,30576,-4441,53225,30127,-1567.17,43968.87,24430.92,-1109.46,44183.88,23963.50,0.00,0.00,0.00,457.71,215.02,-467.42,688.63,688.63,0.386,0.116,1.001,-3.578,-0.891,0.172,8489,323.4,0,0.9288,0.1111,0.3196,-0.1510,344.4,38.8,0.0
922225,2026-09-17_13-41-55.226-240,v5.1.4,3.43,17.0,3200,-1381,53792,30551,-4611,53228,30131,-1598.47,43970.49,24410.59,-1248.85,44183.69,23991.59,0.00,0.00,0.00,349.62,213.20,-419.00,585.87,585.87,0.382,0.111,1.004,-4.031,-0.828,0.406,8489,301.9,0,0.9289,0.1104,0.3198,-0.1509,344.4,38.9,0.0
922329,2026-09-17_13-41-55.330-240,v5.1.4,3.43,17.0,3200,-1436,53845,30618,-4520,53308,30119,-1644.29,44013.75,24464.84,-1178.18,44250.25,23967.37,0.00,0.00,0.00,466.11,236.50,-497.47,721.57,721.57,0.385,0.115,1.000,-3.703,-1.062,-0.062,8496,329.8,0,0.9290,0.1105,0.3193,-0.1508,344.4,38.8,0.0
922435,2026-09-17_13-41-55.435-240,v5.1.4,3.43,17.0,3200,-1482,53851,30577,-4394,53311,30045,-1682.18,44019.86,24431.41,-1085.40,44252.83,23889.69,0.00,0.00,0.00,596.78,232.97,-541.72,838.98,838.98,0.381,0.114,0.998,-4.109,-0.422,0.062,8486,351.2,0,0.9289,0.1103,0.3197,-0.1509,344.4,38.8,0.0
922539,2026-09-17_13-41-55.540-240,v5.1.4,3.43,17.0,3200,-1521,53829,30671,-4461,53304,30093,-1714.39,44000.55,24508.45,-1133.30,44247.27,23938.00,0.00,0.00,0.00,581.08,246.71,-570.45,850.85,850.85,0.381,0.114,1.003,-3.641,-0.656,-0.094,8486,353.3,0,0.9288,0.1105,0.3199,-0.1508,344.4,38.9,0.0
922655,2026-09-17_13-41-56.655-240,v5.1.4,3.43,17.0,3200,-1546,53816,30528,-4402,53279,29963,-1734.63,43992.40,24391.91,-1102.97,44224.42,23825.82,0.00,0.00,0.00,631.66,232.02,-566.09,879.37,879.37,0.383,0.116,1.000,-3.516,-0.812,0.469,8490,358.1,0,0.9290,0.1104,0.3197,-0.1502,344.5,38.8,0.0
922759,2026-09-17_13-41-56.760-240,v5.1.4,3.43,17.0,3200,-1636,53842,30413,-4477,53312,29946,-1808.78,44016.69,24297.95,-1168.18,44249.75,23822.71,0.00,0.00,0.00,640.61,233.06,-475.24,830.99,830.99,0.382,0.117,1.006,-4.078,-0.594,0.062,8488,349.8,0,0.9289,0.1103,0.3200,-0.1503,344.5,38.9,0.0
922864,2026-09-17_13-41-56.865-240,v5.1.4,3.43,17.0,3200,-1467,53868,30557,-4557,53328,30123,-1669.88,44034.07,24414.87,-1208.65,44266.10,23975.68,0.00,0.00,0.00,461.23,232.03,-439.19,677.84,677.84,0.384,0.113,1.002,-3.562,-0.531,0.531,8480,321.2,0,0.9290,0.1100,0.3201,-0.1498,344.5,38.9,0.0
922968,2026-09-17_13-41-56.969-240,v5.1.4,3.43,17.0,3200,-1479,53831,30651,-4430,53298,30217,-1679.73,44002.10,24492.02,-1089.51,44246.07,24032.67,0.00,0.00,0.00,590.22,243.97,-459.35,786.69,786.69,0.383,0.117,1.001,-3.750,-0.891,0.547,8480,341.9,0,0.9291,0.1099,0.3199,-0.1493,344.6,38.8,0.0
923073,2026-09-17_13-41-56.074-240,v5.1.4,3.43,17.0,3200,-1518,53798,30589,-4467,53271,30058,-1711.55,43976.25,24441.83,-1142.34,44219.28,23911.42,0.00,0.00,0.00,569.21,243.03,-530.41,815.11,815.11,0.382,0.115,1.002,-3.484,-0.250,0.156,8495,347.0,0,0.9290,0.1100,0.3203,-0.1490,344.6,38.9,0.0
923177,2026-09-17_13-41-56.178-240,v5.1.4,3.43,17.0,3200,-1496,53774,30531,-4516,53226,30094,-1693.14,43957.14,24394.69,-1176.02,44182.64,23948.11,0.00,0.00,0.00,517.12,225.50,-446.58,719.51,719.51,0.385,0.114,1.000,-4.031,-0.797,0.469,8489,329.4,0,0.9292,0.1093,0.3201,-0.1489,344.6,38.9,0.0
923282,2026-09-17_13-41-56.283-240,v5.1.4,3.43,17.0,3200,-1646,53780,30648,-4461,53232,30195,-1817.11,43961.73,24490.45,-1116.21,44191.04,24020.68,0.00,0.00,0.00,700.90,229.30,-469.77,874.37,874.37,0.384,0.114,1.000,-3.828,-0.375,0.484,8484,357.3,0,0.9293,0.1090,0.3202,-0.1486,344.6,38.9,0.0
923387,2026-09-17_13-41-56.388-240,v5.1.4,3.43,17.0,3200,-1629,53823,30696,-4413,53287,30184,-1803.46,43996.30,24529.15,-1080.00,44236.49,24003.97,0.00,0.00,0.00,723.46,240.19,-525.18,925.68,925.68,0.385,0.112,0.999,-3.781,-0.609,-0.141,8484,365.8,0,0.9293,0.1088,0.3200,-0.1488,344.6,38.8,0.0
923492,2026-09-17_13-41-56.493-240,v5.1.4,3.43,17.0,3200,-1539,53858,30709,-4418,53332,30143,-1729.49,44024.07,24539.21,-1091.48,44272.14,23971.21,0.00,0.00,0.00,638.01,248.06,-567.99,889.50,889.50,0.381,0.114,1.001,-4.203,-0.469,0.688,8479,359.8,0,0.9293,0.1082,0.3205,-0.1485,344.6,38.9,0.0
923596,2026-09-17_13-41-57.597-240,v5.1.4,3.43,17.0,3200,-1592,53831,30573,-4311,53287,30026,-1772.75,44004.54,24428.58,-1019.15,44234.07,23862.70,0.00,0.00,0.00,753.61,229.53,-565.88,969.96,969.96,0.384,0.112,1.003,-4.156,-0.375,-0.016,8490,372.9,0,0.9292,0.1079,0.3207,-0.1487,344.6,38.9,0.0
923701,2026-09-17_13-41-57.702-240,v5.1.4,3.43,17.0,3200,-1498,53781,30714,-4441,53231,30174,-1695.20,43959.96,24544.01,-1102.79,44190.00,24000.97,0.00,0.00,0.00,592.42,230.04,-543.03,835.92,835.92,0.384,0.113,1.004,-3.781,-0.750,1.016,8480,350.7,0,0.9294,0.1075,0.3206,-0.1479,344.7,38.9,0.0
923805,2026-09-17_13-41-57.806-240,v5.1.4,3.43,17.0,3200,-1542,53754,30636,-4450,53196,30063,-1731.16,43939.38,24480.70,-1125.32,44158.38,23914.12,0.00,0.00,0.00,605.84,219.00,-566.58,857.91,857.91,0.383,0.116,1.003,-3.703,-1.078,0.125,8480,354.5,0,0.9296,0.1078,0.3202,-0.1476,344.7,38.8,0.0
923910,2026-09-17_13-41-57.910-240,v5.1.4,3.43,17.0,3200,-1533,53726,30586,-4495,53172,30111,-1723.46,43916.97,24440.16,-1154.61,44139.27,23959.48,0.00,0.00,0.00,568.85,222.30,-480.69,777.22,777.22,0.380,0.113,1.003,-3.812,-0.828,-0.312,8491,340.2,0,0.9294,0.1080,0.3203,-0.1478,344.7,38.9,0.0
924014,2026-09-17_13-41-57.015-240,v5.1.4,3.43,17.0,3200,-1629,53706,30572,-4449,53172,30141,-1802.47,43901.66,24429.14,-1112.38,44140.79,23976.71,0.00,0.00,0.00,690.09,239.12,-452.43,859.13,859.13,0.384,0.116,1.003,-4.094,-1.141,0.375,8493,354.7,0,0.9296,0.1078,0.3199,-0.1477,344.7,38.8,0.0
924128,2026-09-17_13-41-57.129-240,v5.1.4,3.43,17.0,3200,-1415,53826,30554,-4414,53265,30168,-1626.72,43998.88,24412.75,-1082.49,44218.08,23991.68,0.00,0.00,0.00,544.24,219.20,-421.07,722.18,722.18,0.384,0.114,1.001,-3.438,-0.281,0.250,8493,329.9,0,0.9296,0.1082,0.3202,-0.1471,344.8,38.8,0.0
924233,2026-09-17_13-41-57.233-240,v5.1.4,3.43,17.0,3200,-1545,53901,30519,-4322,53393,30068,-1734.33,44062.76,24383.67,-1025.31,44321.62,23896.21,0.00,0.00,0.00,709.02,258.86,-487.46,898.52,898.52,0.382,0.114,0.996,-3.609,-0.531,0.141,8488,361.3,0,0.9296,0.1084,0.3202,-0.1468,344.8,38.8,0.0
924337,2026-09-17_13-41-57.338-240,v5.1.4,3.43,17.0,3200,-1487,53895,30634,-4412,53364,30109,-1686.70,44055.33,24477.49,-1092.49,44297.52,23942.64,0.00,0.00,0.00,594.21,242.18,-534.85,835.34,835.34,0.385,0.114,1.002,-3.594,-0.891,-0.188,8494,350.6,0,0.9297,0.1085,0.3198,-0.1469,344.9,38.8,0.0
924442,2026-09-17_13-41-57.443-240,v5.1.4,3.43,17.0,3200,-1360,53858,30622,-4484,53348,30208,-1581.71,44023.64,24467.81,-1136.79,44285.83,24032.60,0.00,0.00,0.00,444.92,262.18,-435.21,675.36,675.36,0.383,0.112,1.002,-3.906,-0.938,0.281,8496,320.7,0,0.9298,0.1081,0.3197,-0.1468,344.8,38.8,0.0
924546,2026-09-17_13-41-57.547-240,v5.1.4,3.43,17.0,3200,-1580,53842,30612,-4403,53327,30187,-1763.01,44012.86,24460.28,-1072.56,44269.43,24004.27,0.00,0.00,0.00,690.44,256.57,-456.01,866.30,866.30,0.386,0.117,1.003,-3.844,-0.453,0.594,8496,355.9,0,0.9299,0.1080,0.3198,-0.1464,344.9,38.8,0.0
924651,2026-09-17_13-41-58.652-240,v5.1.4,3.43,17.0,3200,-1526,53843,30703,-4473,53382,30183,-1718.67,44011.64,24534.44,-1132.43,44313.16,24010.46,0.00,0.00,0.00,586.24,301.52,-523.98,842.10,842.10,0.384,0.116,1.000,-3.875,-1.141,0.016,8495,351.8,0,0.9300,0.1081,0.3194,-0.1464,344.9,38.7,0.0
924755,2026-09-17_13-41-58.756-240,v5.1.4,3.43,17.0,3200,-1371,53958,30717,-4507,53560,30253,-1591.61,44104.82,24544.35,-1155.64,44459.93,24068.57,0.00,0.00,0.00,435.97,355.10,-475.78,736.56,736.56,0.385,0.113,1.002,-3.562,-0.734,0.031,8494,332.7,0,0.9300,0.1082,0.3193,-0.1463,344.9,38.7,0.0
924860,2026-09-17_13-41-58.861-240,v5.1.4,3.43,17.0,3200,-1435,53923,30718,-4565,53584,30267,-1644.16,44076.55,24545.66,-1202.06,44478.96,24087.89,0.00,0.00,0.00,442.11,402.41,-457.77,752.96,752.96,0.383,0.117,1.001,-3.406,-0.656,0.078,8483,335.7,0,0.9300,0.1087,0.3194,-0.1459,345.0,38.7,0.0
924964,2026-09-17_13-41-58.965-240,v5.1.4,3.43,17.0,3200,-1510,53866,30682,-4633,53569,30215,-1705.58,44030.83,24517.02,-1265.14,44464.26,24056.54,0.00,0.00,0.00,440.44,433.43,-460.49,770.65,770.65,0.383,0.114,1.001,-3.734,-1.219,0.219,8483,339.0,0,0.9301,0.1083,0.3191,-0.1459,345.0,38.7,0.0
925069,2026-09-17_13-41-58.070-240,v5.1.4,3.43,17.0,3200,-1490,53883,30682,-4871,53620,30216,-1689.19,44044.66,24516.80,-1462.38,44502.12,24091.44,0.00,0.00,0.00,226.81,457.46,-425.37,664.57,664.57,0.381,0.115,0.999,-3.594,-0.594,-0.156,8490,318.6,0,0.9300,0.1086,0.3194,-0.1460,345.0,38.7,0.0
925173,2026-09-17_13-41-58.174-240,v5.1.4,3.43,17.0,3200,-1468,53919,30644,-4705,53653,30024,-1671.20,44074.79,24485.37,-1354.84,44526.83,23913.08,0.00,0.00,0.00,316.36,452.04,-572.29,794.94,794.94,0.383,0.115,1.002,-3.719,-0.875,-0.172,8489,343.4,0,0.9300,0.1088,0.3194,-0.1461,345.0,38.7,0.0
925278,2026-09-17_13-41-58.279-240,v5.1.4,3.43,17.0,3200,-1525,53899,30747,-4748,53590,30181,-1718.29,44057.18,24569.77,-1365.37,44478.69,24045.89,0.00,0.00,0.00,352.92,421.51,-523.88,759.39,759.39,0.381,0.113,1.003,-3.609,-0.766,0.344,8489,336.9,0,0.9299,0.1084,0.3196,-0.1460,345.0,38.8,0.0
925382,2026-09-17_13-41-58.383-240,v5.1.4,3.43,17.0,3200,-1501,53870,30729,-4746,53618,30226,-1698.27,44033.27,24555.33,-1358.01,44502.77,24081.13,0.00,0.00,0.00,340.26,469.50,-474.20,749.05,749.05,0.382,0.115,1.002,-4.156,-0.750,0.531,8498,335.0,0,0.9299,0.1079,0.3199,-0.1459,345.0,38.8,0.0
925487,2026-09-17_13-41-58.488-240,v5.1.4,3.43,17.0,3200,-1562,53855,30698,-4879,53568,30215,-1748.42,44022.02,24530.31,-1467.52,44459.46,24092.64,0.00,0.00,0.00,280.90,437.45,-437.67,679.57,679.57,0.382,0.116,1.004,-3.672,-0.688,0.250,8491,321.6,0,0.9299,0.1080,0.3201,-0.1457,345.0,38.8,0.0
925601,2026-09-17_13-41-59.602-240,v5.1.4,3.43,17.0,3200,-1318,53924,30697,-4726,53647,30187,-1547.65,44076.51,24528.26,-1348.14,44525.80,24046.56,0.00,0.00,0.00,199.51,449.29,-481.71,688.26,688.26,0.383,0.115,1.003,-3.469,-0.625,-0.281,8489,323.3,0,0.9298,0.1086,0.3202,-0.1457,345.0,38.8,0.0
925706,2026-09-17_13-41-59.707-240,v5.1.4,3.43,17.0,3200,-1358,53918,30607,-4840,53676,30041,-1580.41,44073.44,24454.94,-1464.14,44543.89,23946.11,0.00,0.00,0.00,116.27,470.45,-508.83,702.68,702.68,0.385,0.114,1.002,-3.578,-0.938,0.109,8489,326.1,0,0.9299,0.1086,0.3198,-0.1456,345.0,38.8,0.0
925811,2026-09-17_13-41-59.811-240,v5.1.4,3.43,17.0,3200,-1333,53878,30704,-4685,53609,30204,-1559.74,44038.55,24534.49,-1310.76,44495.84,24054.74,0.00,0.00,0.00,248.98,457.29,-479.75,708.00,708.00,0.382,0.114,1.002,-4.250,-0.672,0.016,8496,327.2,0,0.9298,0.1082,0.3201,-0.1460,345.0,38.8,0.0
925916,2026-09-17_13-41-59.916-240,v5.1.4,3.43,17.0,3200,-1435,53850,30661,-4745,53575,30235,-1643.58,44017.17,24499.89,-1354.56,44467.87,24088.86,0.00,0.00,0.00,289.03,450.70,-411.03,674.99,674.99,0.385,0.112,1.003,-4.281,-0.484,0.578,8487,320.7,0,0.9298,0.1073,0.3204,-0.1460,344.9,38.8,0.0
926020,2026-09-17_13-41-59.021-240,v5.1.4,3.43,17.0,3200,-1414,53859,30689,-4707,53571,30186,-1626.38,44023.93,24522.61,-1330.32,44463.95,24044.18,0.00,0.00,0.00,296.06,440.02,-478.43,714.26,714.26,0.384,0.117,1.004,-3.359,-0.391,-0.219,8481,328.4,0,0.9297,0.1082,0.3205,-0.1458,345.0,38.9,0.0
926125,2026-09-17_13-41-59.126-240,v5.1.4,3.43,17.0,3200,-1347,53913,30657,-4619,53613,30178,-1571.41,44068.38,24495.79,-1260.37,44499.50,24024.21,0.00,0.00,0.00,311.04,431.13,-471.58,710.64,710.64,0.384,0.112,1.002,-3.594,-0.516,0.406,8481,327.7,0,0.9297,0.1080,0.3206,-0.1455,345.0,38.9,0.0
926230,2026-09-17_13-41-59.231-240,v5.1.4,3.43,17.0,3200,-1339,53934,30618,-4645,53665,30086,-1564.87,44086.28,24463.71,-1296.79,44539.21,23953.65,0.00,0.00,0.00,268.08,452.93,-510.06,732.93,732.93,0.382,0.113,0.999,-3.891,-0.766,0.109,8489,332.0,0,0.9297,0.1079,0.3206,-0.1456,345.0,38.9,0.0
926335,2026-09-17_13-41-59.336-240,v5.1.4,3.43,17.0,3200,-1459,53941,30714,-4908,53674,30118,-1664.06,44091.74,24542.26,-1508.79,44543.14,24017.67,0.00,0.00,0.00,155.27,451.40,-524.59,709.27,709.27,0.383,0.113,1.000,-4.109,-0.750,0.234,8501,327.4,0,0.9298,0.1075,0.3205,-0.1457,345.0,38.9,0.0
926439,2026-09-17_13-41-59.440-240,v5.1.4,3.43,17.0,3200,-1328,53898,30487,-4693,53636,29971,-1555.30,44058.56,24357.13,-1352.18,44511.76,23869.22,0.00,0.00,0.00,203.12,453.20,-487.91,696.20,696.20,0.383,0.114,0.999,-4.062,-0.719,-0.047,8501,324.9,0,0.9298,0.1076,0.3204,-0.1458,345.0,38.8,0.0
926544,2026-09-17_13-41-59.545-240,v5.1.4,3.43,17.0,3200,-1307,53882,30642,-4660,53623,30081,-1538.20,44042.59,24483.78,-1308.57,44504.51,23952.52,0.00,0.00,0.00,229.63,461.92,-531.26,740.50,740.50,0.383,0.112,1.000,-3.875,-0.719,0.312,8484,333.4,0,0.9298,0.1074,0.3204,-0.1457,345.0,38.8,0.0
926649,2026-09-17_13-42-00.650-240,v5.1.4,3.43,17.0,3200,-1397,53867,30528,-4756,53577,30070,-1612.09,44033.00,24391.06,-1387.76,44465.07,23958.54,0.00,0.00,0.00,224.33,432.07,-432.52,651.22,651.22,0.382,0.111,1.002,-3.812,-0.484,0.250,8483,315.8,0,0.9297,0.1073,0.3208,-0.1456,345.0,38.9,0.0
926754,2026-09-17_13-42-00.754-240,v5.1.4,3.43,17.0,3200,-1422,53855,30574,-4761,53643,30150,-1632.72,44022.59,24428.79,-1382.21,44521.01,24022.18,0.00,0.00,0.00,250.51,498.42,-406.61,690.30,690.30,0.383,0.115,1.001,-3.922,-0.656,0.641,8488,323.7,0,0.9298,0.1071,0.3208,-0.1452,345.0,38.9,0.0
926858,2026-09-17_13-42-00.859-240,v5.1.4,3.43,17.0,3200,-1410,53890,30642,-4675,53667,30197,-1623.19,44050.27,24483.91,-1305.33,44543.23,24046.75,0.00,0.00,0.00,317.86,492.96,-437.16,731.54,731.54,0.385,0.116,1.005,-3.625,-0.781,0.703,8488,331.7,0,0.9300,0.1071,0.3205,-0.1446,345.1,38.8,0.0
926963,2026-09-17_13-42-00.963-240,v5.1.4,3.43,17.0,3200,-1291,53942,30677,-4629,53704,30287,-1525.46,44091.43,24511.70,-1255.47,44576.54,24111.36,0.00,0.00,0.00,269.98,485.11,-400.34,684.47,684.47,0.383,0.111,1.001,-3.734,-0.500,0.109,8497,322.5,0,0.9299,0.1070,0.3207,-0.1446,345.1,38.9,0.0
927077,2026-09-17_13-42-00.078-240,v5.1.4,3.43,17.0,3200,-1485,53875,30832,-4757,53575,30351,-1685.32,44035.55,24639.33,-1347.49,44470.67,24183.35,0.00,0.00,0.00,337.83,435.12,-455.98,715.10,715.10,0.384,0.112,1.002,-4.109,-0.625,-0.281,8494,328.6,0,0.9299,0.1069,0.3206,-0.1452,345.0,38.9,0.0
927182,2026-09-17_13-42-00.182-240,v5.1.4,3.43,17.0,3200,-1457,53850,30750,-4783,53587,30304,-1661.91,44015.95,24572.59,-1376.12,44478.85,24149.40,0.00,0.00,0.00,285.79,462.91,-423.19,689.24,689.24,0.384,0.114,1.001,-3.547,-0.484,0.562,8488,323.5,0,0.9300,0.1069,0.3206,-0.1446,345.1,38.8,0.0
927286,2026-09-17_13-42-00.287-240,v5.1.4,3.43,17.0,3200,-1384,53885,30730,-4727,53632,30294,-1601.89,44044.44,24555.75,-1332.88,44516.28,24132.47,0.00,0.00,0.00,269.01,471.84,-423.27,688.59,688.59,0.386,0.115,1.000,-4.250,-0.609,0.000,8488,323.4,0,0.9300,0.1068,0.3204,-0.1449,345.0,38.8,0.0
927391,2026-09-17_13-42-00.391-240,v5.1.4,3.43,17.0,3200,-1448,53864,30663,-4630,53619,30136,-1654.40,44028.84,24501.40,-1275.74,44503.15,23992.15,0.00,0.00,0.00,378.66,474.30,-509.25,792.27,792.27,0.385,0.113,1.002,-3.781,-0.812,0.562,8487,342.9,0,0.9302,0.1066,0.3202,-0.1446,345.1,38.8,0.0
927495,2026-09-17_13-42-00.496-240,v5.1.4,3.43,17.0,3200,-1340,53839,30722,-4685,53527,30275,-1565.30,44006.11,24549.60,-1297.88,44430.64,24112.80,0.00,0.00,0.00,267.42,424.53,-436.80,665.24,665.24,0.381,0.114,1.004,-3.969,-0.688,0.375,8489,318.7,0,0.9301,0.1065,0.3205,-0.1445,345.1,38.8,0.0
927600,2026-09-17_13-42-01.600-240,v5.1.4,3.43,17.0,3200,-1396,53845,30674,-4733,53555,30195,-1611.42,44012.43,24510.47,-1349.91,44450.68,24055.44,0.00,0.00,0.00,261.51,438.26,-455.03,683.75,683.75,0.386,0.113,1.003,-3.781,-0.828,-0.031,8479,322.4,0,0.9302,0.1066,0.3202,-0.1445,345.1,38.8,0.0
927704,2026-09-17_13-42-01.705-240,v5.1.4,3.43,17.0,3200,-1378,53741,30690,-4693,53438,30202,-1595.95,43926.06,24524.58,-1312.39,44355.86,24057.03,0.00,0.00,0.00,283.56,429.80,-467.54,695.51,695.51,0.386,0.115,0.998,-3.594,-0.844,0.219,8479,324.7,0,0.9304,0.1069,0.3197,-0.1443,345.1,38.7,0.0
927809,2026-09-17_13-42-01.809-240,v5.1.4,3.43,17.0,3200,-1550,53800,30590,-4631,53494,30168,-1737.96,43978.21,24442.69,-1268.06,44401.77,24019.87,0.00,0.00,0.00,469.90,423.56,-422.82,760.91,760.91,0.381,0.115,1.002,-3.719,-0.750,0.094,8497,337.2,0,0.9303,0.1071,0.3199,-0.1443,345.1,38.8,0.0
927913,2026-09-17_13-42-01.914-240,v5.1.4,3.43,17.0,3200,-1468,53802,30700,-4720,53514,30259,-1670.57,43977.22,24532.29,-1328.61,44419.03,24105.35,0.00,0.00,0.00,341.96,441.81,-426.95,703.15,703.15,0.385,0.113,1.000,-3.500,-1.078,0.422,8478,326.2,0,0.9305,0.1070,0.3195,-0.1440,345.2,38.7,0.0
928018,2026-09-17_13-42-01.018-240,v5.1.4,3.43,17.0,3200,-1416,53884,30660,-4740,53640,30211,-1628.13,44045.08,24498.68,-1355.94,44520.47,24067.91,0.00,0.00,0.00,272.19,475.39,-430.78,696.89,696.89,0.385,0.115,1.003,-3.719,-0.656,-0.281,8478,325.0,0,0.9304,0.1074,0.3195,-0.1442,345.2,38.7,0.0
928122,2026-09-17_13-42-01.123-240,v5.1.4,3.43,17.0,3200,-1403,53891,30696,-4646,53621,30257,-1617.53,44050.14,24527.97,-1271.30,44507.65,24091.19,0.00,0.00,0.00,346.23,457.50,-436.78,721.08,721.08,0.382,0.117,1.001,-3.922,-0.578,-0.516,8493,329.7,0,0.9301,0.1080,0.3197,-0.1446,345.1,38.8,0.0
928227,2026-09-17_13-42-01.227-240,v5.1.4,3.43,17.0,3200,-1452,53968,30721,-4774,53720,30239,-1658.47,44113.86,24547.68,-1382.28,44586.04,24094.00,0.00,0.00,0.00,276.20,472.18,-453.67,710.68,710.68,0.381,0.115,0.972,-3.797,-0.547,0.172,8486,327.7,0,0.9304,0.1081,0.3190,-0.1446,345.2,38.7,0.0
928331,2026-09-17_13-42-01.332-240,v5.1.4,3.43,17.0,3200,-1215,53982,30717,-4672,53699,30237,-1463.12,44123.04,24543.77,-1298.00,44570.48,24077.78,0.00,0.00,0.00,165.12,447.44,-466.00,666.80,666.80,0.386,0.115,0.999,-3.547,-0.906,0.062,8484,319.0,0,0.9305,0.1083,0.3188,-0.1444,345.2,38.6,0.0
928436,2026-09-17_13-42-01.436-240,v5.1.4,3.43,17.0,3200,-1376,53949,30716,-4678,53703,30253,-1595.67,44097.45,24543.64,-1300.72,44574.06,24091.38,0.00,0.00,0.00,294.95,476.61,-452.25,720.20,720.20,0.384,0.112,1.006,-3.406,-0.750,0.406,8484,329.5,0,0.9304,0.1080,0.3191,-0.1442,345.2,38.7,0.0
928550,2026-09-17_13-42-01.551-240,v5.1.4,3.43,17.0,3200,-1518,53892,30658,-4809,53655,30193,-1712.29,44052.78,24497.18,-1415.80,44531.15,24063.40,0.00,0.00,0.00,296.49,478.37,-433.78,710.57,710.57,0.383,0.112,0.999,-4.000,-0.594,0.344,8482,327.7,0,0.9304,0.1074,0.3195,-0.1444,345.1,38.7,0.0
928655,2026-09-17_13-42-02.655-240,v5.1.4,3.43,17.0,3200,-1447,53893,30721,-4766,53669,30278,-1653.87,44051.84,24548.45,-1368.44,44545.48,24124.82,0.00,0.00,0.00,285.44,493.64,-423.63,710.36,710.36,0.377,0.114,1.004,-3.672,-0.500,0.719,8486,327.6,0,0.9302,0.1072,0.3203,-0.1440,345.2,38.8,0.0
928759,2026-09-17_13-42-02.760-240,v5.1.4,3.43,17.0,3200,-1503,53933,30710,-4945,53684,30151,-1700.29,44085.65,24539.17,-1534.72,44551.57,24049.32,0.00,0.00,0.00,165.57,465.92,-489.85,696.02,696.02,0.385,0.114,1.003,-3.750,-1.281,0.484,8488,324.8,0,0.9304,0.1068,0.3198,-0.1438,345.2,38.7,0.0
928864,2026-09-17_13-42-02.864-240,v5.1.4,3.43,17.0,3200,-1545,53871,30677,-4865,53637,30088,-1734.46,44035.39,24512.96,-1476.65,44512.82,23987.97,0.00,0.00,0.00,257.81,477.42,-524.99,754.99,754.99,0.384,0.115,1.001,-3.969,-1.203,-0.328,8488,336.1,0,0.9304,0.1069,0.3194,-0.1443,345.1,38.7,0.0
928968,2026-09-17_13-42-02.969-240,v5.1.4,3.43,17.0,3200,-1509,53849,30756,-4663,53625,30194,-1704.79,44015.56,24577.61,-1294.60,44509.01,24043.26,0.00,0.00,0.00,410.19,493.45,-534.35,835.03,835.03,0.384,0.114,1.031,-4.078,-0.844,-0.141,8486,350.5,0,0.9301,0.1068,0.3202,-0.1448,345.1,38.8,0.0
929072,2026-09-17_13-42-02.073-240,v5.1.4,3.43,17.0,3200,-1542,53843,30743,-4720,53614,30230,-1731.94,44011.16,24567.12,-1335.91,44500.03,24080.57,0.00,0.00,0.00,396.03,488.88,-486.55,795.34,795.34,0.382,0.115,0.998,-3.969,-0.688,0.438,8482,343.5,0,0.9301,0.1067,0.3202,-0.1447,345.1,38.8,0.0
929177,2026-09-17_13-42-02.178-240,v5.1.4,3.43,17.0,3200,-1552,53839,30759,-4868,53632,30331,-1740.19,44007.70,24580.25,-1443.49,44514.95,24182.74,0.00,0.00,0.00,296.70,507.25,-397.51,709.47,709.47,0.382,0.115,1.001,-3.844,-0.719,-0.047,8482,327.5,0,0.9301,0.1069,0.3203,-0.1448,345.1,38.8,0.0
929281,2026-09-17_13-42-02.282-240,v5.1.4,3.43,17.0,3200,-1419,53881,30647,-4644,53697,30122,-1630.56,44042.85,24488.11,-1291.69,44566.32,23981.77,0.00,0.00,0.00,338.87,523.47,-506.34,803.26,803.26,0.381,0.115,1.004,-3.859,-0.469,-0.297,8490,344.9,0,0.9298,0.1074,0.3207,-0.1450,345.1,38.9,0.0
929386,2026-09-17_13-42-02.387-240,v5.1.4,3.43,17.0,3200,-1389,53929,30769,-4603,53758,30223,-1606.37,44080.20,24587.13,-1245.08,44619.46,24055.52,0.00,0.00,0.00,361.29,539.26,-531.61,839.01,839.01,0.383,0.115,1.004,-3.875,-0.594,0.562,8488,351.2,0,0.9298,0.1072,0.3209,-0.1448,345.1,38.9,0.0
929490,2026-09-17_13-42-02.491-240,v5.1.4,3.43,17.0,3200,-1346,53953,30766,-4807,53787,30212,-1571.06,44099.63,24584.35,-1415.43,44639.58,24076.20,0.00,0.00,0.00,155.63,539.95,-508.15,757.62,757.62,0.381,0.117,1.001,-3.766,-0.562,0.547,8481,336.6,0,0.9298,0.1073,0.3211,-0.1443,345.1,38.9,0.0
929595,2026-09-17_13-42-03.595-240,v5.1.4,3.43,17.0,3200,-1357,53924,30740,-4782,53793,30291,-1579.89,44076.21,24563.45,-1383.51,44646.93,24135.58,0.00,0.00,0.00,196.39,570.71,-427.87,739.83,739.83,0.386,0.115,1.006,-3.938,-0.844,0.000,8481,333.3,0,0.9299,0.1073,0.3208,-0.1445,345.1,38.9,0.0
929699,2026-09-17_13-42-03.700-240,v5.1.4,3.43,17.0,3200,-1335,53922,30707,-4826,53761,30283,-1561.67,44074.87,24536.48,-1419.90,44619.85,24136.15,0.00,0.00,0.00,141.78,544.98,-400.33,690.92,690.92,0.384,0.115,0.999,-3.672,-1.188,0.109,8493,323.8,0,0.9301,0.1074,0.3201,-0.1444,345.1,38.8,0.0
929804,2026-09-17_13-42-03.804-240,v5.1.4,3.43,17.0,3200,-1301,53895,30730,-4783,53755,30285,-1533.51,44051.84,24555.47,-1384.04,44615.70,24131.54,0.00,0.00,0.00,149.47,563.86,-423.93,721.10,721.10,0.385,0.115,0.999,-4.156,-0.938,0.031,8490,329.7,0,0.9302,0.1073,0.3198,-0.1446,345.1,38.8,0.0
929919,2026-09-17_13-42-03.919-240,v5.1.4,3.43,17.0,3200,-1394,53977,30641,-4873,53838,30245,-1610.54,44122.00,24482.16,-1466.48,44681.05,24111.45,0.00,0.00,0.00,144.07,559.05,-370.71,686.09,686.09,0.380,0.115,1.001,-3.422,-0.609,-0.031,8487,322.9,0,0.9301,0.1079,0.3202,-0.1444,345.2,38.8,0.0
930023,2026-09-17_13-42-03.024-240,v5.1.4,3.43,17.0,3200,-1249,53903,30683,-4770,53780,30193,-1490.59,44058.68,24516.91,-1387.54,44633.96,24055.69,0.00,0.00,0.00,103.04,575.29,-461.22,744.51,744.51,0.381,0.113,1.002,-3.781,-0.641,0.812,8487,334.2,0,0.9300,0.1074,0.3206,-0.1439,345.2,38.8,0.0
930128,2026-09-17_13-42-03.129-240,v5.1.4,3.43,17.0,3200,-1453,53913,30670,-4835,53734,30171,-1658.85,44069.26,24506.62,-1442.82,44594.74,24048.37,0.00,0.00,0.00,216.02,525.48,-458.25,729.92,729.92,0.385,0.113,1.004,-3.766,-0.453,-0.141,8480,331.4,0,0.9300,0.1073,0.3207,-0.1442,345.2,38.9,0.0
930233,2026-09-17_13-42-03.233-240,v5.1.4,3.43,17.0,3200,-1334,53902,30670,-4827,53740,30128,-1560.65,44058.94,24506.48,-1442.70,44598.66,24012.73,0.00,0.00,0.00,117.94,539.72,-493.75,740.95,740.95,0.385,0.115,1.000,-4.078,-0.750,-0.188,8480,333.5,0,0.9300,0.1074,0.3204,-0.1445,345.1,38.8,0.0
930337,2026-09-17_13-42-03.338-240,v5.1.4,3.43,17.0,3200,-1538,53951,30631,-4776,53778,30178,-1729.10,44102.17,24474.56,-1394.61,44631.85,24044.61,0.00,0.00,0.00,334.50,529.68,-429.95,759.81,759.81,0.382,0.117,1.003,-3.688,-0.594,-0.359,8490,337.0,0,0.9299,0.1080,0.3205,-0.1447,345.1,38.9,0.0
930442,2026-09-17_13-42-03.442-240,v5.1.4,3.43,17.0,3200,-1481,53994,30675,-4957,53816,30301,-1682.46,44136.39,24509.92,-1526.74,44663.15,24168.88,0.00,0.00,0.00,155.72,526.76,-341.03,646.55,646.55,0.383,0.116,1.002,-3.750,-0.266,0.062,8490,314.9,0,0.9297,0.1081,0.3209,-0.1447,345.1,38.9,0.0
930546,2026-09-17_13-42-03.547-240,v5.1.4,3.43,17.0,3200,-1385,53932,30789,-4692,53765,30312,-1603.13,44082.31,24603.42,-1305.53,44626.04,24139.61,0.00,0.00,0.00,297.60,543.73,-463.81,774.16,774.16,0.385,0.109,1.003,-3.484,-0.531,0.516,8485,339.7,0,0.9298,0.1075,0.3209,-0.1445,345.1,38.9,0.0
930651,2026-09-17_13-42-04.651-240,v5.1.4,3.43,17.0,3200,-1488,53917,30783,-4965,53722,30355,-1687.96,44071.08,24598.89,-1522.56,44587.58,24214.72,0.00,0.00,0.00,165.40,516.50,-384.17,664.62,664.62,0.386,0.112,1.001,-3.719,-0.906,0.359,8481,318.6,0,0.9301,0.1070,0.3204,-0.1444,345.1,38.8,0.0
930755,2026-09-17_13-42-04.756-240,v5.1.4,3.43,17.0,3200,-1513,53923,30809,-4848,53744,30331,-1708.67,44075.88,24620.11,-1430.47,44606.83,24178.02,0.00,0.00,0.00,278.20,530.95,-442.09,744.81,744.81,0.386,0.114,1.005,-3.453,-0.078,-0.250,8481,334.2,0,0.9299,0.1074,0.3207,-0.1445,345.1,38.9,0.0
930860,2026-09-17_13-42-04.860-240,v5.1.4,3.43,17.0,3200,-1432,53980,30794,-4811,53785,30324,-1642.20,44122.38,24607.10,-1402.30,44640.77,24166.35,0.00,0.00,0.00,239.90,518.39,-440.76,721.49,721.49,0.386,0.116,1.000,-3.781,-0.375,-0.078,8489,329.8,0,0.9299,0.1076,0.3205,-0.1445,345.1,38.8,0.0
930964,2026-09-17_13-42-04.965-240,v5.1.4,3.43,17.0,3200,-1467,53979,30818,-4943,53834,30257,-1671.11,44121.52,24626.78,-1522.20,44676.96,24131.37,0.00,0.00,0.00,148.91,555.45,-495.41,759.03,759.03,0.382,0.115,1.002,-3.672,-0.438,-0.016,8492,336.9,0,0.9299,0.1078,0.3207,-0.1445,345.1,38.9,0.0
931069,2026-09-17_13-42-04.069-240,v5.1.4,3.43,17.0,3200,-1404,53950,30760,-4825,53785,30362,-1618.86,44097.86,24579.60,-1408.28,44641.52,24198.78,0.00,0.00,0.00,210.58,543.67,-380.83,696.38,696.38,0.383,0.115,1.000,-4.062,-0.375,0.641,8481,324.9,0,0.9299,0.1073,0.3210,-0.1443,345.1,38.9,0.0
931173,2026-09-17_13-42-04.174-240,v5.1.4,3.43,17.0,3200,-1420,53938,30816,-4777,53737,30367,-1632.09,44087.19,24625.47,-1366.58,44603.19,24196.49,0.00,0.00,0.00,265.51,516.00,-428.98,721.65,721.65,0.383,0.116,1.005,-3.547,-0.219,0.062,8481,329.8,0,0.9297,0.1076,0.3213,-0.1441,345.2,38.9,0.0
931278,2026-09-17_13-42-04.279-240,v5.1.4,3.43,17.0,3200,-1398,53898,30779,-4777,53751,30267,-1613.62,44054.52,24595.64,-1381.61,44612.05,24116.33,0.00,0.00,0.00,232.01,557.54,-479.31,770.98,770.98,0.384,0.114,1.001,-3.688,-0.062,0.031,8490,339.1,0,0.9296,0.1077,0.3216,-0.1441,345.2,39.0,0.0
931392,2026-09-17_13-42-04.393-240,v5.1.4,3.43,17.0,3200,-1433,53894,30759,-4856,53730,30270,-1642.41,44051.91,24579.43,-1445.53,44593.69,24130.65,0.00,0.00,0.00,196.88,541.78,-448.77,730.54,730.54,0.386,0.116,1.001,-3.906,-0.844,0.016,8486,331.5,0,0.9299,0.1076,0.3208,-0.1443,345.2,38.9,0.0
931497,2026-09-17_13-42-04.497-240,v5.1.4,3.43,17.0,3200,-1379,53900,30780,-4587,53766,30215,-1597.96,44055.96,24596.39,-1233.33,44626.05,24046.65,0.00,0.00,0.00,364.63,570.09,-549.74,871.88,871.88,0.384,0.117,1.003,-3.391,-0.797,0.500,8482,356.9,0,0.9301,0.1077,0.3205,-0.1438,345.2,38.8,0.0
931601,2026-09-17_13-42-05.602-240,v5.1.4,3.43,17.0,3200,-1394,53883,30571,-4696,53747,30130,-1609.80,44045.48,24425.99,-1334.84,44606.56,23995.00,0.00,0.00,0.00,274.96,561.08,-430.99,759.06,759.06,0.384,0.114,1.004,-4.094,-0.812,0.109,8482,336.9,0,0.9301,0.1073,0.3204,-0.1440,345.2,38.8,0.0
931705,2026-09-17_13-42-05.706-240,v5.1.4,3.43,17.0,3200,-1464,53936,30750,-4925,53772,30264,-1668.22,44087.07,24571.71,-1504.46,44626.75,24135.31,0.00,0.00,0.00,163.76,539.68,-436.40,713.10,713.10,0.380,0.114,1.001,-4.062,-0.828,0.422,8481,328.2,0,0.9301,0.1069,0.3206,-0.1440,345.2,38.8,0.0
931810,2026-09-17_13-42-05.811-240,v5.1.4,3.43,17.0,3200,-1316,53909,30788,-4787,53731,30191,-1546.08,44062.61,24602.70,-1400.32,44593.58,24057.37,0.00,0.00,0.00,145.77,530.97,-545.33,774.96,774.96,0.383,0.115,1.002,-3.359,-0.516,0.062,8474,339.8,0,0.9301,0.1073,0.3206,-0.1437,345.2,38.8,0.0
931915,2026-09-17_13-42-05.915-240,v5.1.4,3.43,17.0,3200,-1477,54007,30705,-4948,53865,30293,-1679.30,44146.60,24534.26,-1522.01,44703.15,24160.39,0.00,0.00,0.00,157.30,556.55,-373.88,688.68,688.68,0.385,0.116,1.002,-4.062,-0.781,0.734,8474,323.4,0,0.9303,0.1068,0.3203,-0.1435,345.2,38.8,0.0
932019,2026-09-17_13-42-05.020-240,v5.1.4,3.43,17.0,3200,-1303,54039,30738,-4783,53875,30190,-1536.09,44170.70,24560.51,-1401.59,44711.34,24053.69,0.00,0.00,0.00,134.50,540.64,-506.82,753.16,753.16,0.380,0.114,1.002,-3.625,-0.703,-0.344,8487,335.8,0,0.9301,0.1073,0.3205,-0.1437,345.2,38.8,0.0
932124,2026-09-17_13-42-05.124-240,v5.1.4,3.43,17.0,3200,-1444,54106,30697,-4917,53949,30268,-1652.70,44228.18,24526.63,-1502.72,44771.68,24134.52,0.00,0.00,0.00,149.98,543.50,-392.12,686.76,686.76,0.385,0.112,0.999,-3.609,-0.688,0.531,8488,323.0,0,0.9303,0.1068,0.3203,-0.1434,345.3,38.8,0.0
932229,2026-09-17_13-42-05.229-240,v5.1.4,3.43,17.0,3200,-1300,54033,30667,-4705,53881,30080,-1533.43,44166.87,24502.60,-1353.65,44714.66,23954.22,0.00,0.00,0.00,179.78,547.80,-548.39,795.70,795.70,0.381,0.116,1.004,-4.125,-0.266,0.000,8479,343.6,0,0.9300,0.1070,0.3210,-0.1435,345.2,38.9,0.0
932333,2026-09-17_13-42-05.334-240,v5.1.4,3.43,17.0,3200,-1472,54008,30665,-4690,53855,30084,-1675.11,44148.02,24501.59,-1339.93,44693.76,23955.63,0.00,0.00,0.00,335.18,545.74,-545.96,841.58,841.58,0.383,0.113,0.999,-3.359,-0.453,0.375,8479,351.7,0,0.9301,0.1070,0.3209,-0.1432,345.3,38.9,0.0
932438,2026-09-17_13-42-05.438-240,v5.1.4,3.43,17.0,3200,-1439,53932,30711,-4803,53783,30284,-1647.50,44084.14,24539.86,-1401.50,44638.24,24133.23,0.00,0.00,0.00,246.00,554.09,-406.63,729.99,729.99,0.387,0.115,0.999,-3.953,-0.625,-0.312,8482,331.4,0,0.9302,0.1071,0.3204,-0.1436,345.2,38.8,0.0
932542,2026-09-17_13-42-05.543-240,v5.1.4,3.43,17.0,3200,-1489,53923,30754,-4840,53810,30306,-1688.77,44076.53,24575.16,-1429.56,44660.27,24155.81,0.00,0.00,0.00,259.21,583.75,-419.35,764.07,764.07,0.385,0.113,0.999,-3.656,-1.219,0.703,8480,337.8,0,0.9305,0.1065,0.3198,-0.1433,345.3,38.7,0.0
932647,2026-09-17_13-42-06.647-240,v5.1.4,3.43,17.0,3200,-1565,53926,30717,-5052,53766,30299,-1751.38,44080.39,24545.09,-1603.67,44620.69,24182.02,0.00,0.00,0.00,147.72,540.30,-363.07,667.51,667.51,0.381,0.113,1.004,-3.750,-1.047,0.344,8483,319.1,0,0.9306,0.1062,0.3198,-0.1433,345.2,38.7,0.0
932751,2026-09-17_13-42-06.752-240,v5.1.4,3.43,17.0,3200,-1577,54065,30740,-4936,53915,30245,-1762.21,44194.98,24562.44,-1520.67,44742.98,24119.46,0.00,0.00,0.00,241.53,548.00,-442.98,744.90,744.90,0.385,0.114,0.999,-3.453,-0.859,0.359,8483,334.2,0,0.9307,0.1062,0.3194,-0.1430,345.3,38.7,0.0
932865,2026-09-17_13-42-06.866-240,v5.1.4,3.43,17.0,3200,-1423,53955,30762,-4706,53811,30264,-1634.56,44102.14,24581.22,-1325.47,44662.18,24102.56,0.00,0.00,0.00,309.09,560.04,-478.66,798.93,798.93,0.382,0.118,1.003,-3.953,-0.922,0.547,8487,344.1,0,0.9307,0.1063,0.3196,-0.1426,345.3,38.7,0.0
932970,2026-09-17_13-42-06.970-240,v5.1.4,3.43,17.0,3200,-1378,53925,30653,-4631,53745,30087,-1597.04,44078.68,24492.46,-1287.58,44604.87,23951.12,0.00,0.00,0.00,309.47,526.19,-541.34,815.90,815.90,0.384,0.114,1.004,-3.391,-0.406,0.312,8481,347.2,0,0.9306,0.1064,0.3199,-0.1423,345.4,38.7,0.0
933074,2026-09-17_13-42-06.075-240,v5.1.4,3.43,17.0,3200,-1382,53927,30735,-4845,53727,30297,-1600.52,44079.04,24559.39,-1432.44,44592.11,24150.67,0.00,0.00,0.00,168.08,513.07,-408.71,677.16,677.16,0.383,0.114,1.002,-3.641,0.047,0.250,8481,321.1,0,0.9304,0.1065,0.3207,-0.1421,345.4,38.8,0.0
933179,2026-09-17_13-42-06.179-240,v5.1.4,3.43,17.0,3200,-1406,53929,30678,-4658,53756,30268,-1620.21,44081.86,24512.89,-1283.70,44618.10,24099.60,0.00,0.00,0.00,336.50,536.23,-413.29,756.04,756.04,0.382,0.115,1.001,-3.609,-0.359,0.844,8479,336.3,0,0.9304,0.1063,0.3210,-0.1415,345.5,38.9,0.0
933283,2026-09-17_13-42-06.284-240,v5.1.4,3.43,17.0,3200,-1405,53951,30705,-4876,53807,30264,-1619.58,44099.59,24534.70,-1465.22,44656.15,24127.57,0.00,0.00,0.00,154.36,556.57,-407.13,706.64,706.64,0.385,0.112,1.002,-3.969,-0.516,0.531,8484,326.9,0,0.9305,0.1056,0.3210,-0.1414,345.5,38.9,0.0
933388,2026-09-17_13-42-06.388-240,v5.1.4,3.43,17.0,3200,-1377,53981,30688,-4843,53821,30255,-1596.64,44124.36,24520.45,-1439.81,44667.90,24115.31,0.00,0.00,0.00,156.83,543.54,-405.14,695.83,695.83,0.386,0.113,1.000,-3.734,-0.359,0.125,8468,324.8,0,0.9305,0.1056,0.3210,-0.1414,345.5,38.8,0.0
933492,2026-09-17_13-42-06.493-240,v5.1.4,3.43,17.0,3200,-1290,53923,30733,-4582,53767,30284,-1524.62,44074.81,24557.60,-1219.17,44628.73,24101.06,0.00,0.00,0.00,305.45,553.93,-456.54,780.11,780.11,0.384,0.114,1.003,-3.703,-0.703,0.531,8468,340.7,0,0.9306,0.1055,0.3209,-0.1411,345.5,38.8,0.0
933597,2026-09-17_13-42-07.598-240,v5.1.4,3.43,17.0,3200,-1438,53892,30720,-4766,53739,30257,-1646.44,44050.94,24547.62,-1373.65,44602.17,24106.92,0.00,0.00,0.00,272.79,551.23,-440.71,756.63,756.63,0.381,0.112,1.004,-3.859,-0.547,0.750,8487,336.4,0,0.9306,0.1050,0.3213,-0.1408,345.5,38.9,0.0
933702,2026-09-17_13-42-07.702-240,v5.1.4,3.43,17.0,3200,-1257,53926,30723,-4771,53785,30240,-1497.41,44077.11,24549.34,-1381.66,44639.25,24093.33,0.00,0.00,0.00,115.75,562.14,-456.01,733.04,733.04,0.383,0.115,1.002,-3.516,-0.438,-0.062,8481,332.0,0,0.9305,0.1055,0.3214,-0.1406,345.6,38.9,0.0
933808,2026-09-17_13-42-07.808-240,v5.1.4,3.43,17.0,3200,-1360,53954,30676,-4848,53834,30232,-1582.43,44102.07,24510.90,-1447.68,44677.86,24097.45,0.00,0.00,0.00,134.75,575.78,-413.45,721.54,721.54,0.385,0.117,1.000,-4.016,-0.453,3.891,8483,329.8,0,0.9311,0.1034,0.3215,-0.1381,345.8,38.8,0.0
933912,2026-09-17_13-42-07.913-240,v5.1.4,3.43,17.0,3200,-1175,53981,30739,-4675,53838,30202,-1430.17,44121.44,24561.66,-1309.84,44683.15,24048.03,0.00,0.00,0.00,120.33,561.71,-513.63,770.60,770.60,0.385,0.113,1.004,-3.719,-0.625,-0.094,8483,339.0,0,0.9311,0.1038,0.3213,-0.1382,345.8,38.8,0.0
934017,2026-09-17_13-42-07.018-240,v5.1.4,3.43,17.0,3200,-1438,53887,30570,-4791,53757,30120,-1646.11,44049.26,24425.23,-1414.77,44612.93,24000.78,0.00,0.00,0.00,231.34,563.68,-424.45,742.56,742.56,0.380,0.115,1.000,-3.781,-0.391,0.328,8478,333.8,0,0.9309,0.1040,0.3217,-0.1381,345.9,38.9,0.0
934122,2026-09-17_13-42-07.123-240,v5.1.4,3.43,17.0,3200,-1400,53907,30737,-4773,53750,30260,-1615.24,44062.66,24561.27,-1379.31,44611.12,24110.17,0.00,0.00,0.00,235.93,548.46,-451.10,748.31,748.31,0.379,0.116,1.001,-3.594,-0.406,0.219,8479,334.9,0,0.9308,0.1045,0.3220,-0.1379,345.9,38.9,0.0
934226,2026-09-17_13-42-07.227-240,v5.1.4,3.43,17.0,3200,-1281,53963,30630,-4820,53843,30134,-1517.25,44109.45,24473.09,-1439.23,44683.13,24014.86,0.00,0.00,0.00,78.02,573.69,-458.23,738.36,738.36,0.385,0.117,1.004,-4.125,-0.719,-0.453,8479,333.0,0,0.9308,0.1048,0.3216,-0.1386,345.8,38.9,0.0
934341,2026-09-17_13-42-07.342-240,v5.1.4,3.43,17.0,3200,-1120,53976,30901,-4631,53892,30348,-1385.11,44114.09,24693.84,-1253.98,44731.78,24157.42,0.00,0.00,0.00,131.13,617.68,-536.42,828.54,828.54,0.380,0.115,1.002,-3.703,-0.594,0.406,8479,349.4,0,0.9308,0.1050,0.3218,-0.1383,345.9,38.9,0.0
934445,2026-09-17_13-42-07.446-240,v5.1.4,3.43,17.0,3200,-1422,53941,30833,-4908,53840,30370,-1633.79,44089.41,24639.32,-1477.09,44685.35,24216.47,0.00,0.00,0.00,156.70,595.93,-422.85,747.33,747.33,0.386,0.112,1.003,-3.797,-0.578,0.734,8481,334.7,0,0.9309,0.1042,0.3215,-0.1383,345.8,38.9,0.0
934550,2026-09-17_13-42-07.550-240,v5.1.4,3.43,17.0,3200,-1416,53941,30844,-4730,53800,30305,-1628.86,44089.17,24648.29,-1338.89,44653.85,24139.04,0.00,0.00,0.00,289.97,564.68,-509.25,813.81,813.81,0.382,0.112,1.000,-3.672,-0.875,0.031,8479,346.8,0,0.9310,0.1042,0.3212,-0.1385,345.8,38.8,0.0
934654,2026-09-17_13-42-08.655-240,v5.1.4,3.43,17.0,3200,-1492,53962,30835,-4927,53787,30376,-1691.65,44107.45,24640.88,-1490.22,44641.87,24224.90,0.00,0.00,0.00,201.43,534.42,-415.99,706.56,706.56,0.382,0.117,1.002,-3.406,-0.781,0.250,8479,326.9,0,0.9311,0.1047,0.3210,-0.1383,345.9,38.8,0.0
934759,2026-09-17_13-42-08.759-240,v5.1.4,3.43,17.0,3200,-1485,53964,30896,-4991,53830,30417,-1686.01,44108.04,24690.64,-1538.21,44677.05,24266.38,0.00,0.00,0.00,147.80,569.01,-424.27,725.00,725.00,0.384,0.116,1.006,-3.188,-0.812,-0.500,8488,330.5,0,0.9310,0.1055,0.3207,-0.1386,345.9,38.8,0.0
934863,2026-09-17_13-42-08.864-240,v5.1.4,3.43,17.0,3200,-1467,53954,30760,-4857,53860,30333,-1670.83,44101.81,24579.69,-1441.14,44701.57,24179.09,0.00,0.00,0.00,229.69,599.76,-400.60,756.93,756.93,0.384,0.112,1.003,-3.641,-0.750,-0.141,8472,336.5,0,0.9310,0.1053,0.3206,-0.1391,345.8,38.8,0.0
934968,2026-09-17_13-42-08.968-240,v5.1.4,3.43,17.0,3200,-1186,53943,30764,-4732,53800,30213,-1439.05,44089.75,24582.48,-1353.97,44651.45,24065.79,0.00,0.00,0.00,85.08,561.70,-516.70,767.93,767.93,0.382,0.114,0.998,-3.844,-0.234,-0.031,8474,338.5,0,0.9309,0.1054,0.3209,-0.1393,345.8,38.8,0.0
935072,2026-09-17_13-42-08.073-240,v5.1.4,3.43,17.0,3200,-1304,53882,30870,-4843,53742,30285,-1536.18,44038.84,24669.89,-1433.01,44604.09,24140.55,0.00,0.00,0.00,103.17,565.25,-529.35,781.26,781.26,0.385,0.116,0.997,-3.781,-0.703,0.266,8474,341.0,0,0.9310,0.1054,0.3204,-0.1393,345.8,38.8,0.0
935177,2026-09-17_13-42-08.177-240,v5.1.4,3.43,17.0,3200,-1442,53864,30734,-4913,53767,30244,-1649.59,44027.62,24559.35,-1497.36,44622.34,24117.64,0.00,0.00,0.00,152.24,594.72,-441.71,756.29,756.29,0.383,0.115,1.002,-3.703,-0.734,0.031,8481,336.4,0,0.9310,0.1054,0.3204,-0.1396,345.7,38.8,0.0
935281,2026-09-17_13-42-08.282-240,v5.1.4,3.43,17.0,3200,-1480,53879,30802,-4827,53769,30294,-1681.16,44039.29,24614.78,-1419.36,44626.66,24144.96,0.00,0.00,0.00,261.80,587.36,-469.82,796.41,796.41,0.384,0.113,0.999,-3.484,-0.891,-0.031,8478,343.7,0,0.9311,0.1054,0.3200,-0.1398,345.7,38.7,0.0
935386,2026-09-17_13-42-08.387-240,v5.1.4,3.43,17.0,3200,-1459,53908,30736,-4952,53813,30113,-1663.90,44064.12,24560.56,-1549.98,44655.93,24017.91,0.00,0.00,0.00,113.91,591.81,-542.65,810.98,810.98,0.382,0.113,1.003,-4.031,-0.438,0.328,8478,346.3,0,0.9309,0.1050,0.3205,-0.1401,345.6,38.8,0.0
935490,2026-09-17_13-42-08.491-240,v5.1.4,3.43,17.0,3200,-1473,53913,30729,-4979,53840,30292,-1675.46,44068.50,24554.82,-1546.89,44682.18,24164.53,0.00,0.00,0.00,128.57,613.68,-390.29,738.55,738.55,0.383,0.115,1.001,-3.750,-0.469,0.172,8478,333.0,0,0.9309,0.1051,0.3206,-0.1401,345.6,38.8,0.0
935595,2026-09-17_13-42-09.596-240,v5.1.4,3.43,17.0,3200,-1481,53984,30745,-4976,53885,30301,-1682.54,44126.98,24567.16,-1544.49,44719.25,24170.57,0.00,0.00,0.00,138.05,592.27,-396.59,726.03,726.03,0.381,0.114,1.003,-3.625,-0.281,-0.141,8482,330.7,0,0.9307,0.1054,0.3210,-0.1404,345.6,38.8,0.0
935699,2026-09-17_13-42-09.700-240,v5.1.4,3.43,17.0,3200,-1456,54029,30728,-4958,53944,30285,-1662.17,44164.18,24552.77,-1533.82,44767.36,24154.20,0.00,0.00,0.00,128.35,603.18,-398.56,734.27,734.27,0.383,0.116,0.999,-3.375,-0.500,-0.250,8485,332.2,0,0.9306,0.1061,0.3208,-0.1405,345.6,38.8,0.0
935813,2026-09-17_13-42-09.814-240,v5.1.4,3.43,17.0,3200,-1428,54087,30799,-4981,54016,30287,-1639.60,44210.65,24610.06,-1554.66,44825.90,24158.03,0.00,0.00,0.00,84.93,615.25,-452.03,768.16,768.16,0.383,0.115,1.002,-3.656,-0.734,-0.141,8485,338.6,0,0.9306,0.1063,0.3206,-0.1408,345.6,38.8,0.0
935918,2026-09-17_13-42-09.919-240,v5.1.4,3.43,17.0,3200,-1359,54008,30726,-4814,53911,30300,-1582.05,44145.86,24551.15,-1412.14,44743.11,24145.59,0.00,0.00,0.00,169.91,597.25,-405.55,741.65,741.65,0.385,0.115,1.004,-3.969,-0.406,0.172,8480,333.6,0,0.9306,0.1060,0.3208,-0.1410,345.5,38.8,0.0
936022,2026-09-17_13-42-09.023-240,v5.1.4,3.43,17.0,3200,-1515,54013,30601,-4889,53935,30097,-1710.47,44153.64,24449.38,-1504.22,44756.27,23993.94,0.00,0.00,0.00,206.25,602.62,-455.45,783.02,783.02,0.383,0.113,1.005,-3.766,-0.797,0.000,8476,341.3,0,0.9306,0.1059,0.3207,-0.1414,345.5,38.8,0.0
936127,2026-09-17_13-42-09.128-240,v5.1.4,3.43,17.0,3200,-1569,54100,30834,-5081,54000,30299,-1756.02,44222.28,24638.79,-1634.70,44811.51,24182.55,0.00,0.00,0.00,121.32,589.23,-456.25,755.03,755.03,0.386,0.117,1.000,-3.656,-0.672,0.938,8477,336.1,0,0.9308,0.1056,0.3202,-0.1409,345.5,38.7,0.0
936231,2026-09-17_13-42-09.232-240,v5.1.4,3.43,17.0,3200,-1521,54003,30767,-5026,53919,30293,-1715.69,44142.74,24585.01,-1587.84,44746.03,24170.97,0.00,0.00,0.00,127.85,603.29,-414.04,742.79,742.79,0.384,0.115,1.002,-3.875,-0.578,0.078,8477,333.8,0,0.9308,0.1055,0.3203,-0.1411,345.5,38.8,0.0
936336,2026-09-17_13-42-09.337-240,v5.1.4,3.43,17.0,3200,-1352,53963,30773,-4922,53850,30235,-1576.08,44107.84,24589.97,-1508.62,44689.81,24110.45,0.00,0.00,0.00,67.46,581.97,-479.52,757.09,757.09,0.381,0.115,1.005,-3.484,-0.547,0.438,8477,336.5,0,0.9307,0.1057,0.3206,-0.1408,345.6,38.8,0.0
936441,2026-09-17_13-42-09.441-240,v5.1.4,3.43,17.0,3200,-1563,53938,30824,-5058,53844,30308,-1750.02,44088.54,24632.30,-1609.68,44684.59,24188.85,0.00,0.00,0.00,140.34,596.05,-443.45,756.06,756.06,0.382,0.112,1.002,-4.578,-0.250,-0.422,8476,336.3,0,0.9304,0.1053,0.3211,-0.1419,345.4,38.9,0.0
936545,2026-09-17_13-42-09.546-240,v5.1.4,3.43,17.0,3200,-1541,53923,30778,-4988,53810,30248,-1731.69,44076.67,24594.86,-1559.80,44656.38,24131.16,0.00,0.00,0.00,171.89,579.71,-463.70,761.99,761.99,0.385,0.113,1.002,-3.391,-0.719,-3.672,8480,337.4,0,0.9300,0.1077,0.3205,-0.1444,345.2,38.8,0.0
936649,2026-09-17_13-42-10.650-240,v5.1.4,3.43,17.0,3200,-1528,53989,30797,-5057,53849,30303,-1721.43,44130.75,24609.66,-1609.74,44688.56,24184.63,0.00,0.00,0.00,111.69,557.81,-425.03,710.13,710.13,0.385,0.115,1.000,-3.672,-0.875,0.062,8480,327.6,0,0.9301,0.1077,0.3199,-0.1446,345.1,38.8,0.0
936754,2026-09-17_13-42-10.755-240,v5.1.4,3.43,17.0,3200,-1472,53995,30777,-5021,53908,30253,-1675.25,44135.46,24593.15,-1589.23,44736.09,24138.44,0.00,0.00,0.00,86.02,600.63,-454.71,758.24,758.24,0.384,0.114,0.999,-3.953,-0.953,0.156,8472,336.7,0,0.9302,0.1074,0.3196,-0.1448,345.1,38.7,0.0
936858,2026-09-17_13-42-10.859-240,v5.1.4,3.43,17.0,3200,-1547,53996,30808,-5075,53890,30310,-1737.17,44136.55,24618.60,-1624.78,44721.97,24192.21,0.00,0.00,0.00,112.38,585.42,-426.39,732.91,732.91,0.384,0.115,1.003,-3.562,-0.828,0.344,8475,332.0,0,0.9303,0.1074,0.3195,-0.1447,345.1,38.7,0.0
936963,2026-09-17_13-42-10.964-240,v5.1.4,3.43,17.0,3200,-1375,54026,30571,-4856,53929,30165,-1595.04,44163.43,24424.47,-1466.96,44753.66,24043.55,0.00,0.00,0.00,128.09,590.23,-380.91,714.05,714.05,0.386,0.114,1.001,-3.656,-0.938,-0.203,8475,328.3,0,0.9304,0.1077,0.3191,-0.1449,345.1,38.7,0.0
937068,2026-09-17_13-42-10.068-240,v5.1.4,3.43,17.0,3200,-1377,53942,30749,-4805,53835,30117,-1596.52,44091.15,24570.65,-1429.12,44676.39,23999.20,0.00,0.00,0.00,167.40,585.25,-571.45,834.92,834.92,0.381,0.115,1.001,-3.422,-0.547,-0.344,8474,350.5,0,0.9302,0.1082,0.3194,-0.1450,345.1,38.7,0.0
937172,2026-09-17_13-42-10.173-240,v5.1.4,3.43,17.0,3200,-1414,53937,30784,-4886,53804,30301,-1627.07,44086.82,24599.35,-1467.95,44654.49,24158.66,0.00,0.00,0.00,159.11,567.67,-440.69,736.05,736.05,0.381,0.117,0.999,-3.547,-0.797,0.172,8481,332.6,0,0.9302,0.1085,0.3194,-0.1449,345.1,38.7,0.0
937287,2026-09-17_13-42-10.288-240,v5.1.4,3.43,17.0,3200,-1383,53999,30645,-4741,53870,30137,-1601.62,44140.00,24485.17,-1374.61,44706.57,24005.24,0.00,0.00,0.00,227.00,566.57,-479.93,776.45,776.45,0.383,0.115,1.001,-3.594,-0.594,-0.312,8470,340.1,0,0.9301,0.1087,0.3195,-0.1452,345.1,38.8,0.0
937392,2026-09-17_13-42-10.393-240,v5.1.4,3.43,17.0,3200,-1391,53976,30724,-4689,53877,30194,-1608.23,44119.79,24549.92,-1323.72,44714.59,24043.06,0.00,0.00,0.00,284.51,594.81,-506.85,831.65,831.65,0.384,0.113,1.001,-3.625,-0.750,-0.078,8470,349.9,0,0.9301,0.1085,0.3194,-0.1454,345.1,38.7,0.0
937497,2026-09-17_13-42-10.497-240,v5.1.4,3.43,17.0,3200,-1240,53950,30696,-4808,53833,30155,-1483.49,44097.20,24527.02,-1425.98,44675.70,24030.04,0.00,0.00,0.00,57.51,578.49,-496.97,764.81,764.81,0.385,0.115,1.004,-3.391,-0.641,-0.078,8484,337.9,0,0.9301,0.1088,0.3194,-0.1453,345.1,38.7,0.0
937601,2026-09-17_13-42-11.602-240,v5.1.4,3.43,17.0,3200,-1383,53934,30701,-4740,53825,30191,-1601.32,44085.38,24531.56,-1364.53,44671.19,24048.97,0.00,0.00,0.00,236.79,585.81,-482.59,795.07,795.07,0.383,0.114,1.006,-3.781,-0.484,-0.609,8469,343.5,0,0.9298,0.1090,0.3198,-0.1459,345.0,38.8,0.0
937706,2026-09-17_13-42-11.706-240,v5.1.4,3.43,17.0,3200,-1452,53969,30708,-4972,53823,30228,-1658.45,44114.90,24537.05,-1549.95,44666.75,24112.62,0.00,0.00,0.00,108.50,551.85,-424.44,704.60,704.60,0.381,0.114,1.004,-4.219,-0.688,-0.078,8472,326.5,0,0.9297,0.1085,0.3201,-0.1465,344.9,38.8,0.0
937810,2026-09-17_13-42-11.811-240,v5.1.4,3.43,17.0,3200,-1478,53987,30659,-4945,53863,30162,-1679.91,44130.83,24496.92,-1538.60,44698.18,24055.26,0.00,0.00,0.00,141.31,567.35,-441.66,732.75,732.75,0.383,0.114,1.002,-3.922,-0.734,0.391,8472,331.9,0,0.9297,0.1081,0.3201,-0.1464,344.9,38.8,0.0
937915,2026-09-17_13-42-11.916-240,v5.1.4,3.43,17.0,3200,-1437,53991,30714,-4976,53896,30297,-1646.24,44132.82,24541.69,-1545.41,44728.14,24167.20,0.00,0.00,0.00,100.83,595.32,-374.49,710.51,710.51,0.385,0.114,1.001,-3.906,-0.844,0.516,8479,327.7,0,0.9299,0.1077,0.3199,-0.1463,344.9,38.8,0.0
938019,2026-09-17_13-42-11.020-240,v5.1.4,3.43,17.0,3200,-1432,53954,30763,-4896,53865,30300,-1641.98,44101.40,24582.07,-1478.20,44704.17,24158.36,0.00,0.00,0.00,163.78,602.77,-423.71,754.78,754.78,0.386,0.115,1.003,-4.078,-0.922,0.906,8476,336.1,0,0.9301,0.1071,0.3196,-0.1459,344.9,38.7,0.0
938124,2026-09-17_13-42-11.124-240,v5.1.4,3.43,17.0,3200,-1389,53945,30826,-4820,53880,30314,-1606.59,44092.49,24633.50,-1414.08,44718.03,24158.16,0.00,0.00,0.00,192.51,625.54,-475.34,808.89,808.89,0.382,0.108,1.001,-3.281,-0.703,0.172,8476,345.9,0,0.9301,0.1071,0.3198,-0.1456,345.0,38.8,0.0
938228,2026-09-17_13-42-11.229-240,v5.1.4,3.43,17.0,3200,-1402,53930,30852,-4865,53830,30389,-1617.26,44079.81,24654.91,-1438.62,44678.37,24225.51,0.00,0.00,0.00,178.64,598.56,-429.40,758.00,758.00,0.385,0.114,0.999,-3.703,-0.828,0.062,8478,336.7,0,0.9302,0.1072,0.3195,-0.1456,345.0,38.7,0.0
938333,2026-09-17_13-42-11.334-240,v5.1.4,3.43,17.0,3200,-1456,53926,30712,-4970,53806,30199,-1661.49,44079.35,24540.78,-1552.02,44652.14,24089.41,0.00,0.00,0.00,109.46,572.79,-451.36,737.43,737.43,0.386,0.113,1.001,-3.875,-0.812,0.078,8479,332.8,0,0.9303,0.1071,0.3192,-0.1456,345.0,38.7,0.0
938438,2026-09-17_13-42-11.439-240,v5.1.4,3.43,17.0,3200,-1482,53963,30872,-4891,53886,30339,-1683.48,44107.58,24671.06,-1469.03,44722.43,24188.46,0.00,0.00,0.00,214.45,614.85,-482.59,810.51,810.51,0.384,0.115,1.002,-3.562,-0.875,-0.031,8469,346.2,0,0.9303,0.1074,0.3191,-0.1456,345.0,38.7,0.0
938543,2026-09-17_13-42-11.543-240,v5.1.4,3.43,17.0,3200,-1405,54012,30891,-4967,53928,30442,-1620.34,44146.95,24685.90,-1517.82,44758.19,24281.28,0.00,0.00,0.00,102.52,611.25,-404.62,740.17,740.17,0.384,0.114,1.002,-3.734,-0.625,-0.344,8469,333.3,0,0.9302,0.1077,0.3193,-0.1458,345.0,38.7,0.0
938647,2026-09-17_13-42-12.648-240,v5.1.4,3.43,17.0,3200,-1242,53998,30854,-4737,53949,30311,-1485.76,44134.30,24655.50,-1348.34,44775.70,24142.49,0.00,0.00,0.00,137.42,641.40,-513.01,832.74,832.74,0.385,0.114,1.000,-3.953,-0.656,-0.344,8471,350.1,0,0.9301,0.1079,0.3193,-0.1462,344.9,38.7,0.0
938762,2026-09-17_13-42-12.762-240,v5.1.4,3.43,17.0,3200,-1435,53827,30909,-5009,53724,30429,-1643.94,43994.12,24702.58,-1548.02,44590.41,24280.30,0.00,0.00,0.00,95.92,596.28,-422.28,736.93,736.93,0.386,0.117,1.001,-3.688,-0.406,0.594,8476,332.7,0,0.9301,0.1079,0.3194,-0.1456,345.0,38.7,0.0
938866,2026-09-17_13-42-12.867-240,v5.1.4,3.43,17.0,3200,-1469,53921,30813,-4999,53845,30335,-1672.38,44073.70,24623.30,-1557.22,44687.06,24201.76,0.00,0.00,0.00,115.16,613.36,-421.54,753.11,753.11,0.380,0.114,1.004,-3.609,-0.500,0.094,8475,335.8,0,0.9299,0.1079,0.3199,-0.1456,345.0,38.8,0.0
938971,2026-09-17_13-42-12.971-240,v5.1.4,3.43,17.0,3200,-1449,53941,30805,-5007,53860,30342,-1656.00,44090.15,24616.52,-1563.24,44699.37,24208.29,0.00,0.00,0.00,92.75,609.22,-408.23,739.19,739.19,0.382,0.109,0.999,-4.031,-0.734,0.547,8475,333.2,0,0.9300,0.1070,0.3200,-0.1456,344.9,38.8,0.0
939075,2026-09-17_13-42-12.076-240,v5.1.4,3.43,17.0,3200,-1440,53875,30811,-4966,53771,30284,-1648.17,44035.43,24622.09,-1535.25,44625.79,24157.33,0.00,0.00,0.00,112.92,590.36,-464.76,759.79,759.79,0.382,0.115,1.004,-0.062,-1.078,-0.172,8475,337.0,0,0.9303,0.1098,0.3192,-0.1436,345.4,38.7,0.0
939180,2026-09-17_13-42-12.180-240,v5.1.4,3.43,17.0,3200,-1415,53972,30856,-4956,53903,30432,-1628.26,44114.58,24657.76,-1509.46,44737.68,24272.07,0.00,0.00,0.00,118.80,623.10,-385.69,742.37,742.37,0.381,0.112,0.999,-3.812,-0.359,1.047,8480,333.8,0,0.9303,0.1083,0.3199,-0.1434,345.3,38.8,0.0
939284,2026-09-17_13-42-12.285-240,v5.1.4,3.43,17.0,3200,-1251,54079,30814,-4800,53979,30296,-1493.62,44201.96,24622.02,-1403.29,44798.82,24139.26,0.00,0.00,0.00,90.33,596.86,-482.76,772.95,772.95,0.384,0.113,0.998,-3.797,-0.797,0.281,8472,339.4,0,0.9304,0.1076,0.3197,-0.1434,345.3,38.7,0.0
939389,2026-09-17_13-42-12.389-240,v5.1.4,3.43,17.0,3200,-1397,54065,30816,-4926,53999,30396,-1613.93,44191.88,24624.10,-1492.97,44815.71,24237.37,0.00,0.00,0.00,120.95,623.84,-386.74,743.89,743.89,0.384,0.114,0.999,-4.000,-1.125,0.922,8472,334.0,0,0.9307,0.1065,0.3194,-0.1431,345.3,38.7,0.0
939493,2026-09-17_13-42-12.494-240,v5.1.4,3.43,17.0,3200,-1458,54029,30802,-4968,53924,30304,-1663.97,44162.99,24613.18,-1538.66,44751.34,24171.18,0.00,0.00,0.00,125.31,588.35,-442.00,746.47,746.47,0.384,0.115,1.001,-3.719,-0.688,-0.031,8488,334.5,0,0.9306,0.1065,0.3195,-0.1432,345.3,38.7,0.0
939598,2026-09-17_13-42-13.598-240,v5.1.4,3.43,17.0,3200,-1464,54019,30786,-4991,53950,30293,-1668.82,44155.05,24600.23,-1559.99,44771.94,24165.34,0.00,0.00,0.00,108.83,616.89,-434.89,762.58,762.58,0.384,0.113,1.002,-3.578,-0.844,0.094,8485,337.5,0,0.9307,0.1064,0.3195,-0.1431,345.3,38.7,0.0
939702,2026-09-17_13-42-13.703-240,v5.1.4,3.43,17.0,3200,-1512,54065,30785,-4970,53993,30304,-1708.70,44193.57,24599.04,-1542.43,44807.71,24170.37,0.00,0.00,0.00,166.27,614.14,-428.67,767.19,767.19,0.381,0.114,1.003,-3.656,-1.078,-0.109,8485,338.4,0,0.9306,0.1064,0.3195,-0.1432,345.3,38.7,0.0
939807,2026-09-17_13-42-13.807-240,v5.1.4,3.43,17.0,3200,-1448,54088,30815,-4982,54042,30330,-1656.13,44211.42,24623.16,-1550.01,44848.25,24192.13,0.00,0.00,0.00,106.12,636.83,-431.02,776.27,776.27,0.382,0.113,1.003,-3.188,-0.734,-0.109,8470,340.0,0,0.9305,0.1068,0.3197,-0.1430,345.3,38.7,0.0
939912,2026-09-17_13-42-13.913-240,v5.1.4,3.43,17.0,3200,-1461,54152,30619,-5020,54122,30151,-1666.86,44267.62,24462.52,-1609.86,44908.41,24053.35,0.00,0.00,0.00,57.00,640.79,-409.17,762.41,762.41,0.383,0.116,1.001,-3.750,-1.109,-0.078,8481,337.5,0,0.9306,0.1069,0.3195,-0.1431,345.3,38.7,0.0
940016,2026-09-17_13-42-13.017-240,v5.1.4,3.43,17.0,3200,-1292,54011,30821,-4888,53900,30269,-1527.01,44146.10,24628.53,-1477.21,44732.11,24131.84,0.00,0.00,0.00,49.79,586.01,-496.68,769.79,769.79,0.382,0.114,1.006,-4.219,-0.578,0.375,8482,338.9,0,0.9305,0.1063,0.3201,-0.1432,345.3,38.8,0.0
940121,2026-09-17_13-42-13.122-240,v5.1.4,3.43,17.0,3200,-1511,54019,30775,-4954,53952,30248,-1707.56,44155.72,24591.35,-1536.18,44773.02,24123.91,0.00,0.00,0.00,171.38,617.30,-467.44,793.05,793.05,0.384,0.115,1.003,-0.109,-0.891,0.141,8482,343.1,0,0.9307,0.1086,0.3195,-0.1410,345.7,38.7,0.0
940235,2026-09-17_13-42-13.236-240,v5.1.4,3.43,17.0,3200,-1447,54005,30801,-5019,53929,30372,-1654.75,44143.07,24612.59,-1570.85,44756.36,24232.94,0.00,0.00,0.00,83.89,613.29,-379.65,726.15,726.15,0.385,0.113,1.000,-3.625,-0.406,0.031,8471,330.7,0,0.9307,0.1077,0.3198,-0.1414,345.6,38.7,0.0
940340,2026-09-17_13-42-13.340-240,v5.1.4,3.43,17.0,3200,-1433,54002,30794,-4895,53944,30359,-1643.17,44140.56,24606.88,-1471.18,44770.30,24204.12,0.00,0.00,0.00,171.98,629.73,-402.76,767.05,767.05,0.384,0.116,1.003,-3.766,-0.531,0.297,8479,338.4,0,0.9306,0.1072,0.3201,-0.1415,345.5,38.8,0.0
940444,2026-09-17_13-42-13.445-240,v5.1.4,3.43,17.0,3200,-1342,54025,30813,-4933,53940,30361,-1568.31,44158.31,24621.96,-1502.04,44766.46,24211.35,0.00,0.00,0.00,66.28,608.15,-410.61,736.78,736.78,0.385,0.114,1.003,-3.828,-0.672,0.359,8474,332.7,0,0.9306,0.1065,0.3202,-0.1416,345.5,38.8,0.0
940549,2026-09-17_13-42-13.549-240,v5.1.4,3.43,17.0,3200,-1349,53998,30813,-4861,53941,30310,-1573.91,44136.07,24622.25,-1450.27,44767.13,24160.01,0.00,0.00,0.00,123.64,631.05,-462.25,791.95,791.95,0.384,0.117,1.001,-3.953,-0.547,0.312,8474,342.9,0,0.9306,0.1062,0.3204,-0.1415,345.5,38.8,0.0
940653,2026-09-17_13-42-14.654-240,v5.1.4,3.43,17.0,3200,-1346,53967,30812,-4848,53885,30330,-1571.24,44110.45,24621.75,-1434.94,44722.08,24174.98,0.00,0.00,0.00,136.30,611.63,-446.78,769.60,769.60,0.382,0.112,1.005,-3.359,-0.844,0.062,8476,338.8,0,0.9306,0.1060,0.3205,-0.1415,345.5,38.8,0.0
940758,2026-09-17_13-42-14.759-240,v5.1.4,3.43,17.0,3200,-1386,53931,30780,-4920,53879,30285,-1603.93,44081.64,24596.09,-1500.56,44714.84,24149.66,0.00,0.00,0.00,103.37,633.20,-446.43,781.62,781.62,0.385,0.115,1.000,-3.922,-0.375,0.234,8481,341.0,0,0.9306,0.1057,0.3207,-0.1415,345.5,38.8,0.0
940862,2026-09-17_13-42-14.863-240,v5.1.4,3.43,17.0,3200,-1306,53964,30812,-4656,53876,30223,-1538.24,44107.56,24621.70,-1292.31,44715.06,24061.42,0.00,0.00,0.00,245.93,607.50,-560.28,862.24,862.24,0.386,0.115,0.998,-3.766,-0.938,0.297,8481,355.2,0,0.9308,0.1054,0.3202,-0.1414,345.5,38.7,0.0
940967,2026-09-17_13-42-14.968-240,v5.1.4,3.43,17.0,3200,-1379,54007,30795,-4758,53936,30256,-1598.67,44144.12,24607.53,-1373.25,44763.31,24101.81,0.00,0.00,0.00,225.42,619.19,-505.72,830.64,830.64,0.383,0.113,1.004,-4.188,-0.438,0.016,8462,349.8,0,0.9306,0.1051,0.3207,-0.1417,345.4,38.8,0.0
941072,2026-09-17_13-42-14.073-240,v5.1.4,3.43,17.0,3200,-1387,54013,30790,-4904,53935,30336,-1605.30,44149.23,24603.40,-1481.67,44762.20,24187.19,0.00,0.00,0.00,123.63,612.96,-416.21,751.16,751.16,0.383,0.111,1.001,-3.844,-0.453,0.344,8478,335.4,0,0.9306,0.1047,0.3210,-0.1416,345.4,38.8,0.0
941177,2026-09-17_13-42-14.178-240,v5.1.4,3.43,17.0,3200,-1283,53970,30779,-4765,53885,30339,-1519.24,44112.82,24594.65,-1365.33,44723.65,24170.00,0.00,0.00,0.00,153.91,610.84,-424.65,759.70,759.70,0.384,0.114,1.002,-3.469,-0.453,-0.125,8474,337.0,0,0.9305,0.1052,0.3210,-0.1414,345.4,38.8,0.0
941282,2026-09-17_13-42-14.283-240,v5.1.4,3.43,17.0,3200,-1443,53971,30735,-4989,53875,30257,-1651.10,44116.02,24559.06,-1561.30,44709.73,24137.46,0.00,0.00,0.00,89.80,593.71,-421.59,733.69,733.69,0.383,0.115,1.002,-3.844,-0.750,-0.109,8474,332.1,0,0.9305,0.1053,0.3209,-0.1416,345.4,38.8,0.0
941387,2026-09-17_13-42-14.387-240,v5.1.4,3.43,17.0,3200,-1413,53968,30710,-4979,53896,30221,-1626.29,44113.63,24538.62,-1558.97,44726.13,24106.89,0.00,0.00,0.00,67.32,612.50,-431.73,752.38,752.38,0.384,0.114,1.002,-3.688,-0.609,-0.125,8479,335.6,0,0.9305,0.1054,0.3209,-0.1417,345.4,38.8,0.0
941491,2026-09-17_13-42-14.492-240,v5.1.4,3.43,17.0,3200,-1235,54019,30763,-4795,53928,30199,-1479.94,44153.06,24580.98,-1411.77,44754.70,24061.80,0.00,0.00,0.00,68.17,601.64,-519.18,797.60,797.60,0.385,0.113,1.000,-3.719,-0.656,0.406,8474,343.9,0,0.9306,0.1052,0.3208,-0.1414,345.5,38.8,0.0
941596,2026-09-17_13-42-15.597-240,v5.1.4,3.43,17.0,3200,-1349,53969,30733,-4768,53902,30253,-1573.57,44113.42,24557.25,-1380.88,44735.28,24101.42,0.00,0.00,0.00,192.69,621.86,-455.83,794.75,794.75,0.382,0.113,1.002,-4.062,-0.484,-0.344,8472,343.4,0,0.9304,0.1052,0.3212,-0.1419,345.4,38.9,0.0
941710,2026-09-17_13-42-15.711-240,v5.1.4,3.43,17.0,3200,-1456,53982,30881,-4988,53906,30415,-1662.18,44122.86,24678.15,-1538.36,44739.18,24263.13,0.00,0.00,0.00,123.82,616.32,-415.02,753.28,753.28,0.384,0.118,1.002,-3.703,-0.672,0.047,8472,335.8,0,0.9304,0.1056,0.3210,-0.1418,345.4,38.8,0.0
941815,2026-09-17_13-42-15.815-240,v5.1.4,3.43,17.0,3200,-1258,54029,30790,-4841,53951,30391,-1499.02,44161.12,24602.96,-1422.30,44777.72,24221.66,0.00,0.00,0.00,76.73,616.60,-381.30,729.02,729.02,0.381,0.113,0.998,-3.969,-1.109,0.328,8469,331.2,0,0.9306,0.1052,0.3207,-0.1417,345.4,38.8,0.0
941919,2026-09-17_13-42-15.920-240,v5.1.4,3.43,17.0,3200,-1447,54023,30852,-4974,53934,30400,-1654.96,44157.11,24654.03,-1529.89,44761.90,24248.64,0.00,0.00,0.00,125.07,604.80,-405.39,738.76,738.76,0.384,0.116,1.001,-3.453,-1.062,0.266,8475,333.1,0,0.9308,0.1054,0.3203,-0.1414,345.5,38.8,0.0
942024,2026-09-17_13-42-15.025-240,v5.1.4,3.43,17.0,3200,-1428,53968,30884,-4940,53859,30453,-1639.01,44110.95,24680.69,-1491.88,44702.51,24287.21,0.00,0.00,0.00,147.13,591.56,-393.47,725.54,725.54,0.383,0.113,1.004,-3.297,-0.688,0.062,8478,330.6,0,0.9307,0.1056,0.3205,-0.1413,345.5,38.8,0.0
942128,2026-09-17_13-42-15.129-240,v5.1.4,3.43,17.0,3200,-1450,53955,30841,-4876,53882,30319,-1656.98,44101.14,24645.77,-1459.49,44718.89,24170.34,0.00,0.00,0.00,197.49,617.75,-475.43,804.15,804.15,0.385,0.114,1.000,-3.828,-0.234,0.109,8478,345.1,0,0.9306,0.1054,0.3207,-0.1413,345.5,38.8,0.0
942233,2026-09-17_13-42-15.234-240,v5.1.4,3.43,17.0,3200,-1451,53956,30882,-4962,53853,30366,-1657.90,44101.30,24679.23,-1522.50,44695.00,24220.99,0.00,0.00,0.00,135.40,593.70,-458.24,762.10,762.10,0.383,0.114,1.001,-4.172,-0.578,0.203,8482,337.4,0,0.9306,0.1050,0.3209,-0.1416,345.4,38.8,0.0
942337,2026-09-17_13-42-15.338-240,v5.1.4,3.43,17.0,3200,-1469,53999,30850,-5001,53880,30276,-1672.95,44137.54,24652.70,-1568.56,44714.12,24154.33,0.00,0.00,0.00,104.39,576.57,-498.36,769.22,769.22,0.385,0.115,1.001,-3.828,-0.500,0.125,8479,338.8,0,0.9306,0.1050,0.3209,-0.1416,345.4,38.8,0.0
942442,2026-09-17_13-42-15.443-240,v5.1.4,3.43,17.0,3200,-1442,53960,30814,-4948,53881,30314,-1650.36,44105.63,24623.66,-1519.43,44716.77,24176.92,0.00,0.00,0.00,130.93,611.14,-446.74,768.25,768.25,0.384,0.112,1.006,-3.828,-0.781,-0.125,8479,338.6,0,0.9305,0.1049,0.3210,-0.1419,345.4,38.8,0.0
942546,2026-09-17_13-42-15.547-240,v5.1.4,3.43,17.0,3200,-1458,53947,30785,-4973,53852,30298,-1663.42,44095.52,24600.15,-1541.45,44692.25,24168.26,0.00,0.00,0.00,121.97,596.72,-431.89,746.65,746.65,0.382,0.112,1.000,-4.016,-0.547,-0.516,8478,334.6,0,0.9303,0.1052,0.3211,-0.1425,345.3,38.9,0.0
942651,2026-09-17_13-42-16.652-240,v5.1.4,3.43,17.0,3200,-1265,53907,30635,-4817,53811,30184,-1503.71,44062.93,24477.72,-1428.48,44658.32,24054.90,0.00,0.00,0.00,75.23,595.39,-422.82,734.11,734.11,0.386,0.113,1.031,-4.141,-0.422,0.188,8468,332.2,0,0.9300,0.1049,0.3220,-0.1427,345.3,39.0,0.0
942755,2026-09-17_13-42-16.756-240,v5.1.4,3.43,17.0,3200,-1379,53837,30847,-4952,53727,30327,-1597.70,44002.82,24651.74,-1516.10,44591.15,24190.35,0.00,0.00,0.00,81.60,588.34,-461.39,752.12,752.12,0.380,0.117,1.001,-3.953,-1.000,0.266,8476,335.6,0,0.9301,0.1051,0.3217,-0.1425,345.3,38.9,0.0
942860,2026-09-17_13-42-16.861-240,v5.1.4,3.43,17.0,3200,-1407,53893,30792,-4977,53806,30299,-1621.03,44050.27,24606.32,-1543.18,44654.61,24170.38,0.00,0.00,0.00,77.85,604.33,-435.94,749.22,749.22,0.382,0.115,1.002,-3.516,-0.906,0.047,8476,335.0,0,0.9302,0.1055,0.3214,-0.1424,345.3,38.9,0.0
942964,2026-09-17_13-42-16.965-240,v5.1.4,3.43,17.0,3200,-1423,53856,30807,-4987,53772,30288,-1634.02,44019.62,24618.98,-1551.97,44626.36,24163.59,0.00,0.00,0.00,82.05,606.74,-455.39,763.05,763.05,0.384,0.114,1.003,-3.672,-0.547,-0.047,8481,337.6,0,0.9302,0.1057,0.3213,-0.1425,345.3,38.9,0.0
943069,2026-09-17_13-42-16.069-240,v5.1.4,3.43,17.0,3200,-1450,53898,30806,-4974,53805,30362,-1656.55,44054.62,24617.79,-1531.49,44655.46,24220.31,0.00,0.00,0.00,125.07,600.84,-397.47,731.19,731.19,0.386,0.116,0.998,-3.953,-1.062,0.109,8463,331.6,0,0.9305,0.1057,0.3206,-0.1426,345.3,38.8,0.0
943183,2026-09-17_13-42-16.184-240,v5.1.4,3.43,17.0,3200,-1374,54142,30824,-4873,54080,30377,-1595.46,44255.12,24629.79,-1454.62,44882.29,24213.11,0.00,0.00,0.00,140.84,627.17,-416.67,766.02,766.02,0.382,0.116,1.002,-3.688,-0.734,-0.344,8467,338.2,0,0.9303,0.1063,0.3206,-0.1428,345.3,38.8,0.0
943288,2026-09-17_13-42-16.289-240,v5.1.4,3.43,17.0,3200,-1414,54102,30882,-4910,54034,30340,-1628.31,44221.54,24677.63,-1489.06,44843.14,24189.70,0.00,0.00,0.00,139.25,621.59,-487.94,802.40,802.40,0.380,0.113,0.997,-3.484,-0.703,-0.125,8467,344.8,0,0.9303,0.1065,0.3206,-0.1429,345.3,38.8,0.0
943392,2026-09-17_13-42-16.393-240,v5.1.4,3.43,17.0,3200,-1286,54034,30733,-4761,53946,30221,-1522.03,44166.47,24556.44,-1381.14,44770.54,24074.11,0.00,0.00,0.00,140.89,604.07,-482.33,785.74,785.74,0.383,0.116,1.002,-4.000,-0.297,0.422,8479,341.8,0,0.9302,0.1063,0.3211,-0.1427,345.3,38.9,0.0
943497,2026-09-17_13-42-16.497-240,v5.1.4,3.43,17.0,3200,-1472,53998,30826,-4952,53939,30334,-1675.37,44137.14,24633.12,-1521.58,44764.64,24192.57,0.00,0.00,0.00,153.79,627.50,-440.55,781.98,781.98,0.387,0.113,1.003,-3.875,-0.906,0.156,8480,341.1,0,0.9304,0.1059,0.3206,-0.1429,345.3,38.8,0.0
943602,2026-09-17_13-42-17.602-240,v5.1.4,3.43,17.0,3200,-1520,53985,30866,-5070,53923,30364,-1714.95,44126.24,24666.01,-1613.80,44750.43,24234.12,0.00,0.00,0.00,101.15,624.19,-431.89,765.75,765.75,0.385,0.111,1.003,-4.266,-0.578,0.156,8480,338.1,0,0.9304,0.1052,0.3207,-0.1433,345.2,38.8,0.0
943706,2026-09-17_13-42-17.707-240,v5.1.4,3.43,17.0,3200,-1562,54016,30801,-5117,53944,30341,-1749.65,44153.34,24612.71,-1656.47,44766.24,24222.29,0.00,0.00,0.00,93.18,612.90,-390.42,732.63,732.63,0.383,0.115,1.002,-3.828,-0.438,0.516,8471,331.9,0,0.9303,0.1052,0.3209,-0.1430,345.2,38.8,0.0
943811,2026-09-17_13-42-17.811-240,v5.1.4,3.43,17.0,3200,-1543,54045,30815,-5079,53953,30324,-1734.19,44176.88,24623.80,-1627.96,44773.77,24202.99,0.00,0.00,0.00,106.23,596.89,-420.81,738.00,738.00,0.385,0.114,1.004,-3.812,-0.781,0.000,8473,332.9,0,0.9304,0.1053,0.3207,-0.1431,345.2,38.8,0.0
943915,2026-09-17_13-42-17.916-240,v5.1.4,3.43,17.0,3200,-1626,54038,30819,-5120,54002,30356,-1802.60,44171.89,24627.31,-1658.53,44813.99,24233.80,0.00,0.00,0.00,144.07,642.10,-393.51,766.74,766.74,0.385,0.114,1.002,-0.141,-0.609,0.484,8473,338.3,0,0.9307,0.1076,0.3202,-0.1407,345.7,38.8,0.0
944020,2026-09-17_13-42-17.020-240,v5.1.4,3.43,17.0,3200,-1295,54011,30771,-4953,53916,30369,-1529.38,44146.94,24587.72,-1516.59,44746.73,24221.06,0.00,0.00,0.00,12.79,599.79,-366.66,703.10,703.10,0.383,0.114,1.003,-3.672,-0.906,-3.750,8473,326.2,0,0.9301,0.1093,0.3199,-0.1436,345.3,38.8,0.0
944124,2026-09-17_13-42-17.125-240,v5.1.4,3.43,17.0,3200,-1597,53969,30792,-5011,53897,30317,-1778.19,44115.03,24605.93,-1571.32,44728.91,24188.31,0.00,0.00,0.00,206.87,613.88,-417.62,770.75,770.75,0.382,0.113,1.003,-3.844,-0.766,0.000,8472,339.0,0,0.9301,0.1085,0.3200,-0.1442,345.2,38.8,0.0
944229,2026-09-17_13-42-17.229-240,v5.1.4,3.43,17.0,3200,-1427,53935,30761,-4952,53888,30184,-1637.73,44085.68,24580.62,-1541.92,44719.07,24073.48,0.00,0.00,0.00,95.81,633.39,-507.14,817.04,817.04,0.382,0.115,1.001,-4.047,-0.641,0.172,8477,347.4,0,0.9300,0.1079,0.3202,-0.1445,345.2,38.8,0.0
944333,2026-09-17_13-42-17.334-240,v5.1.4,3.43,17.0,3200,-1464,54003,30818,-5025,53967,30361,-1668.79,44141.32,24626.52,-1578.56,44787.05,24224.42,0.00,0.00,0.00,90.23,645.73,-402.10,766.03,766.03,0.383,0.116,1.003,-3.609,-0.453,-0.047,8474,338.2,0,0.9299,0.1080,0.3204,-0.1445,345.1,38.8,0.0
944438,2026-09-17_13-42-17.439-240,v5.1.4,3.43,17.0,3200,-1243,54012,30657,-4643,53957,30117,-1486.28,44149.09,24494.54,-1299.57,44778.75,23973.49,0.00,0.00,0.00,186.71,629.66,-521.05,838.35,838.35,0.385,0.112,1.001,-3.781,-0.953,0.375,8474,351.1,0,0.9301,0.1074,0.3201,-0.1444,345.1,38.8,0.0
944543,2026-09-17_13-42-17.544-240,v5.1.4,3.43,17.0,3200,-1420,54053,30664,-4779,54003,30137,-1632.51,44184.68,24500.20,-1409.96,44814.68,24008.70,0.00,0.00,0.00,222.55,630.00,-491.50,829.46,829.46,0.384,0.114,1.001,-3.969,-0.734,-0.203,8474,349.6,0,0.9301,0.1073,0.3201,-0.1447,345.1,38.8,0.0
944658,2026-09-17_13-42-18.659-240,v5.1.4,3.43,17.0,3200,-1385,53976,30797,-4882,53889,30303,-1603.43,44118.53,24609.49,-1466.98,44724.10,24158.32,0.00,0.00,0.00,136.45,605.57,-451.18,767.39,767.39,0.384,0.116,0.998,-4.000,-0.719,0.203,8478,338.4,0,0.9302,0.1071,0.3199,-0.1447,345.1,38.8,0.0
944763,2026-09-17_13-42-18.764-240,v5.1.4,3.43,17.0,3200,-1438,53997,30771,-5013,53944,30258,-1647.21,44136.86,24588.16,-1583.02,44765.78,24140.69,0.00,0.00,0.00,64.19,628.92,-447.47,774.53,774.53,0.381,0.113,1.003,-3.734,-0.500,0.500,8472,339.7,0,0.9301,0.1068,0.3205,-0.1444,345.1,38.8,0.0
944868,2026-09-17_13-42-18.869-240,v5.1.4,3.43,17.0,3200,-1316,54033,30760,-4831,53985,30268,-1546.82,44165.52,24578.55,-1433.07,44802.50,24121.33,0.00,0.00,0.00,113.75,636.98,-457.22,792.30,792.30,0.382,0.113,1.001,-3.781,-0.500,0.422,8472,343.0,0,0.9301,0.1065,0.3208,-0.1441,345.1,38.9,0.0
944973,2026-09-17_13-42-18.974-240,v5.1.4,3.43,17.0,3200,-1218,54021,30780,-4792,53930,30255,-1465.97,44154.26,24594.80,-1401.19,44757.83,24106.09,0.00,0.00,0.00,64.78,603.57,-488.71,779.31,779.31,0.386,0.114,1.002,-3.688,-0.625,0.203,8477,340.6,0,0.9301,0.1066,0.3206,-0.1438,345.2,38.8,0.0
945078,2026-09-17_13-42-18.079-240,v5.1.4,3.43,17.0,3200,-1372,53985,30713,-4919,53911,30257,-1592.60,44127.20,24540.80,-1504.81,44740.30,24126.62,0.00,0.00,0.00,87.78,613.09,-414.18,745.07,745.07,0.384,0.115,1.005,-3.797,-0.641,0.188,8478,334.3,0,0.9301,0.1066,0.3207,-0.1437,345.2,38.8,0.0
945183,2026-09-17_13-42-18.183-240,v5.1.4,3.43,17.0,3200,-1425,53981,30643,-5029,53876,30072,-1636.13,44125.59,24483.81,-1621.25,44705.12,23995.43,0.00,0.00,0.00,14.88,579.54,-488.38,758.02,758.02,0.384,0.113,1.002,-3.625,-0.672,0.172,8478,336.7,0,0.9302,0.1065,0.3207,-0.1435,345.2,38.8,0.0
945287,2026-09-17_13-42-18.288-240,v5.1.4,3.43,17.0,3200,-1479,53946,30771,-4920,53920,30319,-1680.70,44095.15,24588.78,-1496.86,44749.24,24176.19,0.00,0.00,0.00,183.84,654.09,-412.59,794.90,794.90,0.384,0.113,1.001,-3.844,-0.781,0.047,8470,343.4,0,0.9302,0.1062,0.3205,-0.1437,345.2,38.8,0.0
945392,2026-09-17_13-42-18.392-240,v5.1.4,3.43,17.0,3200,-1312,54024,30771,-4861,53970,30264,-1543.48,44157.86,24587.62,-1457.87,44789.64,24122.77,0.00,0.00,0.00,85.61,631.79,-464.85,789.03,789.03,0.382,0.114,1.000,-4.172,-0.406,0.531,8467,342.4,0,0.9302,0.1057,0.3209,-0.1434,345.2,38.9,0.0
945496,2026-09-17_13-42-18.497-240,v5.1.4,3.43,17.0,3200,-1204,54034,30812,-4794,53986,30300,-1454.57,44164.34,24620.76,-1397.98,44804.74,24141.47,0.00,0.00,0.00,56.59,640.41,-479.29,801.90,801.90,0.383,0.116,1.001,-7.656,-0.875,-0.219,8466,344.7,0,0.9300,0.1038,0.3212,-0.1456,344.8,38.9,0.0
945601,2026-09-17_13-42-19.601-240,v5.1.4,3.43,17.0,3200,-1275,53986,30887,-4803,53919,30350,-1512.96,44124.19,24682.63,-1396.03,44751.12,24183.82,0.00,0.00,0.00,116.93,626.93,-498.81,809.64,809.64,0.384,0.115,1.000,-3.609,-0.797,0.438,8466,346.1,0,0.9301,0.1047,0.3208,-0.1447,345.0,38.8,0.0
945705,2026-09-17_13-42-19.706-240,v5.1.4,3.43,17.0,3200,-1430,53982,30921,-4942,53908,30453,-1640.82,44121.93,24710.75,-1495.03,44742.53,24286.72,0.00,0.00,0.00,145.80,620.60,-424.03,765.63,765.63,0.384,0.115,1.002,-3.688,-0.641,0.359,8475,338.1,0,0.9302,0.1052,0.3208,-0.1441,345.1,38.8,0.0
945810,2026-09-17_13-42-19.810-240,v5.1.4,3.43,17.0,3200,-1425,53959,30865,-4972,53901,30386,-1636.44,44103.79,24665.26,-1529.28,44734.59,24237.68,0.00,0.00,0.00,107.16,630.80,-427.59,769.56,769.56,0.382,0.113,1.006,-3.516,-0.594,0.469,8469,338.8,0,0.9302,0.1054,0.3210,-0.1434,345.2,38.9,0.0
945914,2026-09-17_13-42-19.915-240,v5.1.4,3.43,17.0,3200,-1428,53998,30957,-4991,53902,30456,-1639.35,44134.55,24739.97,-1534.72,44736.91,24296.41,0.00,0.00,0.00,104.62,602.36,-443.56,755.34,755.34,0.382,0.116,1.001,-7.594,-0.719,-0.031,8476,336.2,0,0.9300,0.1033,0.3215,-0.1455,344.8,38.9,0.0
946019,2026-09-17_13-42-19.019-240,v5.1.4,3.43,17.0,3200,-1501,53997,30881,-4970,53961,30421,-1699.39,44135.71,24678.09,-1524.36,44784.58,24264.41,0.00,0.00,0.00,175.02,648.87,-413.68,789.17,789.17,0.382,0.116,1.001,-3.875,-0.312,0.188,8476,342.4,0,0.9299,0.1043,0.3217,-0.1449,344.9,38.9,0.0
946134,2026-09-17_13-42-19.135-240,v5.1.4,3.43,17.0,3200,-1407,53835,30705,-4889,53760,30196,-1620.49,44003.77,24535.91,-1484.40,44615.77,24075.86,0.00,0.00,0.00,136.09,612.00,-460.04,777.62,777.62,0.381,0.115,1.000,-3.828,-0.859,0.047,8477,340.3,0,0.9300,0.1051,0.3214,-0.1444,345.0,38.9,0.0
946238,2026-09-17_13-42-19.239-240,v5.1.4,3.43,17.0,3200,-1427,53897,30808,-4846,53831,30294,-1637.58,44053.52,24619.38,-1436.89,44677.04,24146.77,0.00,0.00,0.00,200.69,623.51,-472.62,807.72,807.72,0.385,0.115,0.999,-3.219,-0.562,0.078,8466,345.7,0,0.9301,0.1060,0.3209,-0.1438,345.2,38.9,0.0
946343,2026-09-17_13-42-19.344-240,v5.1.4,3.43,17.0,3200,-1392,53916,30793,-4814,53818,30313,-1608.81,44069.10,24606.87,-1407.39,44667.41,24157.46,0.00,0.00,0.00,201.42,598.31,-449.40,774.93,774.93,0.380,0.113,1.003,-4.156,-0.672,0.281,8466,339.8,0,0.9301,0.1058,0.3211,-0.1437,345.2,38.9,0.0
946448,2026-09-17_13-42-19.448-240,v5.1.4,3.43,17.0,3200,-1479,53960,30822,-5031,53865,30320,-1680.89,44105.88,24630.27,-1586.36,44702.50,24194.15,0.00,0.00,0.00,94.54,596.62,-436.12,745.04,745.04,0.384,0.118,1.006,-3.750,-0.672,0.062,8469,334.3,0,0.9301,0.1063,0.3210,-0.1435,345.2,38.9,0.0
946552,2026-09-17_13-42-19.553-240,v5.1.4,3.43,17.0,3200,-1407,54010,30826,-4959,53928,30269,-1621.84,44146.38,24632.86,-1536.49,44753.85,24141.81,0.00,0.00,0.00,85.35,607.48,-491.04,785.77,785.77,0.380,0.114,1.001,-3.859,-0.500,-0.078,8465,341.8,0,0.9300,0.1065,0.3213,-0.1435,345.2,38.9,0.0
946657,2026-09-17_13-42-20.657-240,v5.1.4,3.43,17.0,3200,-1430,54041,30659,-4946,53959,30151,-1640.67,44174.95,24496.26,-1543.97,44776.36,24045.09,0.00,0.00,0.00,96.70,601.41,-451.18,758.02,758.02,0.384,0.113,1.003,-3.922,-0.578,-0.109,8473,336.7,0,0.9300,0.1065,0.3213,-0.1435,345.2,38.9,0.0
946761,2026-09-17_13-42-20.762-240,v5.1.4,3.43,17.0,3200,-1472,53965,30805,-4961,53884,30340,-1675.12,44110.22,24616.32,-1526.42,44719.69,24199.56,0.00,0.00,0.00,148.69,609.47,-416.76,753.16,753.16,0.386,0.114,1.002,-3.312,-0.922,0.031,8473,335.8,0,0.9302,0.1068,0.3206,-0.1432,345.3,38.8,0.0
946866,2026-09-17_13-42-20.866-240,v5.1.4,3.43,17.0,3200,-1496,54016,30793,-5015,53950,30352,-1695.21,44152.79,24606.05,-1571.13,44773.08,24216.03,0.00,0.00,0.00,124.08,620.29,-390.02,743.15,743.15,0.384,0.114,1.002,-3.531,-0.422,0.469,8472,333.9,0,0.9303,0.1067,0.3207,-0.1428,345.3,38.8,0.0
946970,2026-09-17_13-42-20.971-240,v5.1.4,3.43,17.0,3200,-1444,54061,30798,-4961,53992,30297,-1652.62,44189.35,24609.55,-1536.01,44806.87,24163.47,0.00,0.00,0.00,116.61,617.52,-446.08,770.66,770.66,0.384,0.116,1.000,-3.734,-0.375,0.156,8475,339.0,0,0.9303,0.1068,0.3207,-0.1425,345.4,38.8,0.0
947075,2026-09-17_13-42-20.075-240,v5.1.4,3.43,17.0,3200,-1437,54075,30820,-5006,54032,30376,-1646.98,44200.49,24627.35,-1562.73,44840.88,24232.59,0.00,0.00,0.00,84.25,640.39,-394.76,756.99,756.99,0.382,0.115,1.001,-3.875,-0.672,0.516,8479,336.5,0,0.9304,0.1065,0.3207,-0.1422,345.4,38.8,0.0
947179,2026-09-17_13-42-20.180-240,v5.1.4,3.43,17.0,3200,-1470,54172,30769,-4921,54128,30334,-1674.71,44281.80,24584.78,-1501.87,44919.64,24185.02,0.00,0.00,0.00,172.84,637.84,-399.76,772.35,772.35,0.384,0.112,1.004,-3.938,-0.219,0.359,8479,339.3,0,0.9303,0.1061,0.3211,-0.1421,345.4,38.9,0.0
947284,2026-09-17_13-42-20.284-240,v5.1.4,3.43,17.0,3200,-1433,54189,30825,-4955,54132,30402,-1644.42,44294.55,24630.24,-1520.04,44924.12,24244.30,0.00,0.00,0.00,124.38,629.57,-385.94,748.85,748.85,0.380,0.115,0.999,-3.922,-0.766,0.219,8473,335.0,0,0.9303,0.1060,0.3211,-0.1420,345.4,38.9,0.0
947389,2026-09-17_13-42-20.389-240,v5.1.4,3.43,17.0,3200,-1409,54045,30834,-4939,53986,30339,-1623.73,44175.18,24639.03,-1511.59,44803.40,24193.91,0.00,0.00,0.00,112.14,628.22,-445.12,778.05,778.05,0.385,0.113,1.007,-4.312,-0.453,-0.078,8473,340.4,0,0.9303,0.1057,0.3213,-0.1423,345.3,38.9,0.0
947493,2026-09-17_13-42-20.494-240,v5.1.4,3.43,17.0,3200,-1485,54004,30812,-5024,53948,30334,-1686.10,44142.45,24621.66,-1581.10,44770.83,24202.99,0.00,0.00,0.00,105.00,628.38,-418.67,762.34,762.34,0.382,0.116,1.002,-3.906,-0.500,0.516,8473,337.5,0,0.9303,0.1056,0.3213,-0.1419,345.4,38.9,0.0
947607,2026-09-17_13-42-21.608-240,v5.1.4,3.43,17.0,3200,-1627,53975,30872,-5181,53926,30430,-1803.13,44118.98,24671.23,-1695.59,44752.78,24303.12,0.00,0.00,0.00,107.55,633.80,-368.12,740.79,740.79,0.382,0.113,1.002,-3.547,-0.438,0.047,8478,333.5,0,0.9302,0.1058,0.3215,-0.1418,345.4,38.9,0.0
947712,2026-09-17_13-42-21.712-240,v5.1.4,3.43,17.0,3200,-1498,54006,30812,-4999,53964,30325,-1696.83,44144.24,24621.66,-1562.33,44784.08,24191.88,0.00,0.00,0.00,134.50,639.84,-429.79,782.43,782.43,0.384,0.115,1.004,-3.797,-0.469,-0.125,8467,341.2,0,0.9302,0.1061,0.3214,-0.1419,345.4,38.9,0.0
947817,2026-09-17_13-42-21.817-240,v5.1.4,3.43,17.0,3200,-1197,54025,30633,-4663,54022,30156,-1448.38,44159.75,24474.72,-1312.32,44832.57,24006.56,0.00,0.00,0.00,136.06,672.83,-468.15,830.89,830.89,0.381,0.115,1.003,-3.766,-0.969,0.094,8471,349.8,0,0.9303,0.1063,0.3212,-0.1416,345.5,38.9,0.0
947921,2026-09-17_13-42-21.922-240,v5.1.4,3.43,17.0,3200,-1339,54033,30799,-4906,53992,30320,-1565.86,44165.12,24610.44,-1487.40,44808.35,24173.79,0.00,0.00,0.00,78.46,643.23,-436.65,781.39,781.39,0.386,0.115,1.004,-3.312,-0.781,0.062,8471,341.0,0,0.9305,0.1066,0.3207,-0.1413,345.5,38.8,0.0
948026,2026-09-17_13-42-21.026-240,v5.1.4,3.43,17.0,3200,-1378,53987,30795,-4839,53932,30352,-1597.72,44127.58,24607.73,-1425.76,44761.21,24190.49,0.00,0.00,0.00,171.96,633.63,-417.24,777.91,777.91,0.383,0.112,1.004,-3.688,-0.875,0.062,8471,340.3,0,0.9306,0.1064,0.3205,-0.1414,345.5,38.8,0.0
948130,2026-09-17_13-42-21.131-240,v5.1.4,3.43,17.0,3200,-1338,53984,30819,-4882,53903,30388,-1564.77,44124.30,24627.27,-1455.00,44737.74,24226.04,0.00,0.00,0.00,109.77,613.44,-401.23,741.18,741.18,0.385,0.113,1.003,-3.781,-0.688,-0.016,8475,333.5,0,0.9306,0.1063,0.3204,-0.1414,345.5,38.8,0.0
948235,2026-09-17_13-42-21.235-240,v5.1.4,3.43,17.0,3200,-1411,53991,30837,-4918,53945,30426,-1625.04,44130.54,24642.05,-1480.36,44772.47,24261.03,0.00,0.00,0.00,144.69,641.93,-381.02,760.38,760.38,0.382,0.113,0.972,-3.891,-0.781,0.125,8469,337.1,0,0.9310,0.1060,0.3194,-0.1414,345.5,38.7,0.0
948339,2026-09-17_13-42-21.340-240,v5.1.4,3.43,17.0,3200,-1329,54026,30800,-4859,53971,30317,-1557.57,44159.21,24611.31,-1448.52,44791.87,24164.83,0.00,0.00,0.00,109.05,632.65,-446.48,781.97,781.97,0.384,0.114,0.997,-3.188,-0.672,-0.031,8469,341.1,0,0.9310,0.1066,0.3194,-0.1411,345.6,38.7,0.0
948444,2026-09-17_13-42-21.445-240,v5.1.4,3.43,17.0,3200,-1386,54036,30808,-4921,54002,30322,-1604.66,44167.93,24617.85,-1499.76,44816.33,24177.43,0.00,0.00,0.00,104.90,648.40,-440.42,790.82,790.82,0.384,0.111,0.999,-3.969,-0.609,0.266,8467,342.7,0,0.9310,0.1059,0.3196,-0.1412,345.5,38.7,0.0
948549,2026-09-17_13-42-21.549-240,v5.1.4,3.43,17.0,3200,-1333,54013,30837,-4931,54009,30344,-1560.86,44147.91,24641.65,-1504.99,44822.46,24196.37,0.00,0.00,0.00,55.88,674.55,-445.28,810.20,810.20,0.381,0.115,1.002,-3.828,-0.969,-0.062,8468,346.2,0,0.9309,0.1061,0.3197,-0.1412,345.5,38.7,0.0
948653,2026-09-17_13-42-22.654-240,v5.1.4,3.43,17.0,3200,-1251,54004,30754,-4824,53947,30338,-1493.02,44140.98,24573.82,-1415.92,44773.36,24176.87,0.00,0.00,0.00,77.10,632.38,-396.96,750.61,750.61,0.385,0.113,1.001,-4.000,-0.469,0.578,8468,335.3,0,0.9309,0.1056,0.3199,-0.1409,345.5,38.7,0.0
948759,2026-09-17_13-42-22.760-240,v5.1.4,3.43,17.0,3200,-1448,53966,30759,-5009,53918,30309,-1655.24,44111.55,24578.71,-1571.49,44745.90,24181.28,0.00,0.00,0.00,83.75,634.36,-397.43,753.24,753.24,0.384,0.112,0.998,-3.609,-0.516,0.375,8471,335.8,0,0.9309,0.1054,0.3201,-0.1407,345.6,38.7,0.0
948864,2026-09-17_13-42-22.865-240,v5.1.4,3.43,17.0,3200,-1279,54033,30691,-4864,53939,30301,-1516.17,44166.26,24522.15,-1453.99,44765.21,24153.28,0.00,0.00,0.00,62.17,598.96,-368.87,706.17,706.17,0.383,0.115,1.003,-3.734,-0.906,0.031,8475,326.8,0,0.9309,0.1057,0.3201,-0.1406,345.6,38.7,0.0
948978,2026-09-17_13-42-22.979-240,v5.1.4,3.43,17.0,3200,-1326,53986,30844,-4926,53911,30380,-1554.93,44125.42,24647.63,-1492.61,44743.36,24225.97,0.00,0.00,0.00,62.32,617.94,-421.66,750.68,750.68,0.382,0.111,1.003,-3.672,-0.688,0.250,8475,335.3,0,0.9309,0.1054,0.3203,-0.1404,345.6,38.8,0.0
949083,2026-09-17_13-42-22.084-240,v5.1.4,3.43,17.0,3200,-1441,53979,30858,-4992,53896,30363,-1649.75,44120.59,24659.38,-1548.94,44729.59,24222.31,0.00,0.00,0.00,100.81,608.99,-437.07,756.35,756.35,0.380,0.115,1.004,-4.031,-0.484,0.203,8475,336.4,0,0.9307,0.1053,0.3209,-0.1405,345.6,38.8,0.0
949188,2026-09-17_13-42-22.189-240,v5.1.4,3.43,17.0,3200,-1483,54017,30888,-5035,53977,30442,-1684.68,44151.93,24683.56,-1575.27,44797.15,24290.48,0.00,0.00,0.00,109.42,645.21,-393.08,763.41,763.41,0.384,0.114,1.001,-3.859,-0.297,0.109,8475,337.7,0,0.9306,0.1053,0.3211,-0.1405,345.6,38.8,0.0
949293,2026-09-17_13-42-22.293-240,v5.1.4,3.44,17.0,3200,-1486,54032,30889,-4921,53990,30392,-1687.26,44164.34,24684.22,-1489.17,44808.33,24233.58,0.00,0.00,0.00,198.09,643.99,-450.65,810.58,810.58,0.382,0.113,1.001,-3.500,-0.734,-0.344,8478,346.2,0,0.9306,0.1057,0.3209,-0.1406,345.6,38.8,0.0
949397,2026-09-17_13-42-22.398-240,v5.1.4,3.44,17.0,3200,-1429,54048,30872,-4992,53991,30363,-1640.32,44177.25,24670.06,-1551.85,44807.25,24220.79,0.00,0.00,0.00,88.47,630.00,-449.27,778.83,778.83,0.380,0.114,1.004,-3.688,-0.547,0.188,8476,340.5,0,0.9305,0.1057,0.3213,-0.1405,345.6,38.9,0.0
949502,2026-09-17_13-42-22.502-240,v5.1.4,3.44,17.0,3200,-1387,53989,30874,-4989,53933,30411,-1605.31,44128.04,24672.22,-1540.60,44761.12,24259.65,0.00,0.00,0.00,64.72,633.09,-412.57,758.42,758.42,0.382,0.116,1.002,-4.109,-0.609,-0.062,8476,336.8,0,0.9305,0.1056,0.3213,-0.1408,345.6,38.9,0.0
949606,2026-09-17_13-42-23.607-240,v5.1.4,3.44,17.0,3200,-1428,53975,30892,-4992,53942,30440,-1639.07,44116.60,24687.15,-1539.11,44769.18,24283.13,0.00,0.00,0.00,99.96,652.58,-404.02,774.01,774.01,0.384,0.115,0.971,-3.844,-0.500,0.625,8476,339.6,0,0.9310,0.1054,0.3201,-0.1403,345.6,38.7,0.0
949710,2026-09-17_13-42-23.711-240,v5.1.4,3.44,17.0,3200,-1445,53960,30856,-4982,53905,30399,-1652.92,44104.98,24657.95,-1535.73,44738.04,24249.47,0.00,0.00,0.00,117.19,633.06,-408.47,762.46,762.46,0.384,0.114,1.002,-3.891,-0.844,0.234,8478,337.5,0,0.9310,0.1053,0.3200,-0.1403,345.6,38.7,0.0
949815,2026-09-17_13-42-23.816-240,v5.1.4,3.44,17.0,3200,-1429,53970,30920,-4983,53903,30445,-1639.92,44112.02,24710.05,-1529.78,44737.57,24286.42,0.00,0.00,0.00,110.14,625.55,-423.63,763.48,763.48,0.385,0.115,1.001,-3.797,-0.859,-0.328,8469,337.7,0,0.9311,0.1056,0.3197,-0.1406,345.6,38.7,0.0
949919,2026-09-17_13-42-23.920-240,v5.1.4,3.44,17.0,3200,-1210,53963,30845,-4791,53918,30429,-1459.13,44105.20,24648.45,-1374.60,44752.53,24245.23,0.00,0.00,0.00,84.54,647.33,-403.22,767.31,767.31,0.385,0.113,1.001,-3.734,-0.828,0.406,8469,338.4,0,0.9312,0.1055,0.3196,-0.1403,345.6,38.7,0.0
950024,2026-09-17_13-42-23.025-240,v5.1.4,3.44,17.0,3200,-1440,53978,30809,-4984,53936,30359,-1648.82,44120.55,24619.38,-1544.17,44762.31,24217.30,0.00,0.00,0.00,104.65,641.76,-402.09,764.51,764.51,0.380,0.113,1.005,-3.578,-0.797,-0.078,8476,337.9,0,0.9310,0.1057,0.3199,-0.1404,345.6,38.7,0.0
950128,2026-09-17_13-42-23.129-240,v5.1.4,3.44,17.0,3200,-1242,53890,30824,-4809,53797,30390,-1485.01,44045.56,24632.13,-1391.39,44652.32,24218.62,0.00,0.00,0.00,93.62,606.75,-413.51,740.21,740.21,0.382,0.114,1.001,-4.000,-0.703,0.656,8473,333.3,0,0.9310,0.1054,0.3201,-0.1401,345.6,38.7,0.0
950233,2026-09-17_13-42-23.234-240,v5.1.4,3.44,17.0,3200,-1411,53922,30835,-4971,53848,30341,-1624.60,44073.57,24641.13,-1533.40,44690.12,24202.40,0.00,0.00,0.00,91.20,616.55,-438.73,762.19,762.19,0.382,0.114,1.002,-3.703,-0.922,0.625,8473,337.5,0,0.9311,0.1052,0.3201,-0.1397,345.7,38.7,0.0
950337,2026-09-17_13-42-23.338-240,v5.1.4,3.44,17.0,3200,-1342,53816,30647,-4884,53764,30160,-1566.65,43988.35,24488.62,-1485.67,44618.19,24046.29,0.00,0.00,0.00,80.98,629.84,-442.33,773.89,773.89,0.384,0.115,1.001,-0.031,-0.750,0.344,8466,339.6,0,0.9314,0.1077,0.3195,-0.1373,346.1,38.7,0.0
950452,2026-09-17_13-42-23.452-240,v5.1.4,3.44,17.0,3200,-1350,54106,30792,-4865,54085,30288,-1575.38,44225.66,24603.99,-1461.19,44884.21,24140.71,0.00,0.00,0.00,114.19,658.56,-463.28,813.24,813.24,0.381,0.113,1.000,-3.531,-0.609,0.359,8471,346.7,0,0.9313,0.1070,0.3199,-0.1374,346.1,38.7,0.0
950556,2026-09-17_13-42-23.557-240,v5.1.4,3.44,17.0,3200,-1470,54183,30810,-4961,54172,30361,-1674.86,44290.21,24618.13,-1532.19,44955.67,24211.77,0.00,0.00,0.00,142.68,665.45,-406.37,792.66,792.66,0.382,0.115,1.002,-3.484,-0.562,0.609,8471,343.0,0,0.9313,0.1064,0.3201,-0.1372,346.1,38.7,0.0
950661,2026-09-17_13-42-24.661-240,v5.1.4,3.44,17.0,3200,-1410,54041,30784,-4884,54032,30162,-1624.43,44172.71,24598.26,-1493.59,44837.32,24043.62,0.00,0.00,0.00,130.84,664.62,-554.64,875.48,875.48,0.385,0.115,1.003,-3.750,-0.516,0.188,8471,357.5,0,0.9313,0.1060,0.3202,-0.1374,346.1,38.7,0.0
950765,2026-09-17_13-42-24.766-240,v5.1.4,3.44,17.0,3200,-1277,54058,30775,-4848,54010,30190,-1514.84,44185.52,24590.46,-1459.21,44820.64,24061.07,0.00,0.00,0.00,55.64,635.12,-529.38,828.69,828.69,0.383,0.118,1.001,-3.938,-0.656,0.484,8477,349.4,0,0.9313,0.1056,0.3203,-0.1374,346.0,38.7,0.0
950870,2026-09-17_13-42-24.870-240,v5.1.4,3.44,17.0,3200,-1498,54197,30830,-5045,54185,30379,-1698.08,44301.75,24634.37,-1599.07,44965.39,24238.27,0.00,0.00,0.00,99.01,663.65,-396.10,779.18,779.18,0.383,0.111,1.002,-3.688,-0.703,-0.094,8466,340.6,0,0.9313,0.1051,0.3203,-0.1379,345.9,38.7,0.0
950974,2026-09-17_13-42-24.975-240,v5.1.4,3.44,17.0,3200,-1555,53996,30812,-5025,53925,30343,-1743.77,44136.57,24621.89,-1579.90,44752.25,24210.70,0.00,0.00,0.00,163.87,615.68,-411.19,758.28,758.28,0.383,0.115,1.003,-3.812,-0.688,-0.203,8470,336.7,0,0.9312,0.1051,0.3205,-0.1384,345.9,38.7,0.0
951079,2026-09-17_13-42-24.079-240,v5.1.4,3.44,17.0,3200,-1547,54098,30803,-5124,54042,30330,-1737.80,44220.91,24613.46,-1666.84,44845.95,24212.97,0.00,0.00,0.00,70.96,625.05,-400.49,745.73,745.73,0.381,0.114,0.999,-3.484,-0.547,0.016,8470,334.4,0,0.9311,0.1052,0.3206,-0.1385,345.9,38.8,0.0
951183,2026-09-17_13-42-24.184-240,v5.1.4,3.44,17.0,3200,-1530,54079,30803,-5113,54030,30318,-1723.66,44205.03,24613.62,-1659.17,44836.01,24201.95,0.00,0.00,0.00,64.49,630.98,-411.67,756.15,756.15,0.381,0.114,1.002,-3.750,-0.422,-0.203,8472,336.3,0,0.9309,0.1053,0.3210,-0.1389,345.8,38.8,0.0
951288,2026-09-17_13-42-24.288-240,v5.1.4,3.44,17.0,3200,-1506,54052,30809,-5064,53978,30381,-1703.71,44182.38,24618.75,-1608.07,44795.92,24245.95,0.00,0.00,0.00,95.65,613.54,-372.80,724.27,724.27,0.381,0.116,1.000,-3.578,-0.922,-0.078,8481,330.3,0,0.9309,0.1055,0.3207,-0.1391,345.8,38.8,0.0
951392,2026-09-17_13-42-24.393-240,v5.1.4,3.44,17.0,3200,-1514,54028,30794,-5110,53983,30334,-1710.13,44162.88,24606.78,-1652.93,44798.05,24215.05,0.00,0.00,0.00,57.20,635.17,-391.72,748.44,748.44,0.386,0.117,1.002,-3.984,-0.766,0.188,8481,334.9,0,0.9310,0.1053,0.3204,-0.1394,345.7,38.8,0.0
951497,2026-09-17_13-42-24.497-240,v5.1.4,3.44,17.0,3200,-1335,53993,30784,-4890,53945,30355,-1562.28,44132.27,24598.60,-1467.68,44771.09,24200.17,0.00,0.00,0.00,94.59,638.82,-398.43,758.81,758.81,0.384,0.115,1.004,-3.469,-0.609,0.250,8472,336.8,0,0.9310,0.1054,0.3205,-0.1392,345.8,38.8,0.0
951601,2026-09-17_13-42-25.602-240,v5.1.4,3.44,17.0,3200,-1638,53970,30803,-5219,53927,30331,-1812.03,44116.09,24614.98,-1741.34,44750.43,24229.53,0.00,0.00,0.00,70.69,634.34,-385.45,745.62,745.62,0.382,0.116,1.001,-4.047,-0.375,0.734,8476,334.4,0,0.9310,0.1048,0.3209,-0.1391,345.8,38.8,0.0
951706,2026-09-17_13-42-25.706-240,v5.1.4,3.44,17.0,3200,-1468,53978,30816,-5075,53932,30362,-1671.92,44120.73,24625.16,-1618.48,44757.64,24233.11,0.00,0.00,0.00,53.44,636.91,-392.05,749.81,749.81,0.384,0.111,1.004,-4.125,-0.891,0.141,8471,335.1,0,0.9310,0.1042,0.3207,-0.1396,345.7,38.8,0.0
951810,2026-09-17_13-42-25.811-240,v5.1.4,3.44,17.0,3200,-1344,54010,30749,-4780,53952,30175,-1569.74,44146.98,24569.87,-1403.67,44773.95,24040.03,0.00,0.00,0.00,166.07,626.96,-529.84,837.49,837.49,0.386,0.113,1.003,-3.547,-0.672,-0.203,8471,351.0,0,0.9310,0.1045,0.3206,-0.1397,345.7,38.8,0.0
951925,2026-09-17_13-42-25.925-240,v5.1.4,3.44,17.0,3200,-1330,53973,30826,-4831,53937,30346,-1558.11,44115.01,24633.08,-1420.21,44765.28,24184.45,0.00,0.00,0.00,137.90,650.27,-448.64,801.96,801.96,0.384,0.113,1.002,-3.984,-0.672,-0.141,8479,344.7,0,0.9309,0.1045,0.3207,-0.1401,345.6,38.8,0.0
952030,2026-09-17_13-42-25.030-240,v5.1.4,3.44,17.0,3200,-1307,53969,30837,-4813,53902,30385,-1539.14,44111.29,24642.06,-1398.63,44737.96,24213.54,0.00,0.00,0.00,140.51,626.66,-428.52,772.06,772.06,0.383,0.113,1.002,-3.984,-0.375,0.297,8478,339.3,0,0.9308,0.1043,0.3210,-0.1401,345.6,38.8,0.0
952134,2026-09-17_13-42-25.135-240,v5.1.4,3.44,17.0,3200,-1374,53996,30802,-4873,53908,30293,-1594.49,44134.86,24613.35,-1461.61,44739.52,24148.70,0.00,0.00,0.00,132.88,604.65,-464.64,774.05,774.05,0.383,0.115,1.001,-3.734,-0.641,-0.188,8481,339.6,0,0.9308,0.1048,0.3210,-0.1403,345.6,38.8,0.0
952239,2026-09-17_13-42-25.240-240,v5.1.4,3.44,17.0,3200,-1453,54024,30776,-5050,53960,30297,-1659.76,44159.24,24592.00,-1608.26,44779.26,24177.04,0.00,0.00,0.00,51.51,620.02,-414.96,747.84,747.84,0.384,0.115,1.005,-3.672,-0.891,0.172,8481,334.8,0,0.9308,0.1048,0.3208,-0.1402,345.6,38.8,0.0
952344,2026-09-17_13-42-25.345-240,v5.1.4,3.44,17.0,3200,-1431,54033,30735,-4996,53985,30292,-1641.60,44167.11,24558.39,-1565.32,44800.44,24164.72,0.00,0.00,0.00,76.27,633.33,-393.67,749.60,749.60,0.384,0.114,1.000,-3.672,-0.562,0.125,8474,335.1,0,0.9308,0.1049,0.3208,-0.1402,345.6,38.8,0.0
952449,2026-09-17_13-42-25.449-240,v5.1.4,3.44,17.0,3200,-1438,53990,30746,-4932,53922,30255,-1647.12,44131.48,24567.83,-1516.14,44749.03,24126.76,0.00,0.00,0.00,130.98,617.55,-441.07,770.11,770.11,0.385,0.113,1.002,-3.625,-1.062,0.641,8471,338.9,0,0.9311,0.1046,0.3203,-0.1399,345.6,38.7,0.0
952554,2026-09-17_13-42-25.554-240,v5.1.4,3.44,17.0,3200,-1435,53966,30654,-5004,53898,30145,-1644.31,44113.12,24492.97,-1590.70,44725.39,24049.77,0.00,0.00,0.00,53.61,612.27,-443.20,757.75,757.75,0.381,0.114,1.004,-3.750,-0.828,0.344,8468,336.6,0,0.9310,0.1045,0.3206,-0.1399,345.6,38.8,0.0
952658,2026-09-17_13-42-26.659-240,v5.1.4,3.44,17.0,3200,-1444,53980,30661,-4992,53906,30177,-1651.83,44124.67,24498.56,-1576.40,44732.96,24073.46,0.00,0.00,0.00,75.43,608.29,-425.10,745.93,745.93,0.382,0.113,0.997,-3.797,-0.594,-0.266,8468,334.4,0,0.9309,0.1047,0.3206,-0.1402,345.6,38.8,0.0
952763,2026-09-17_13-42-26.764-240,v5.1.4,3.44,17.0,3200,-1497,54036,30662,-4994,53948,30193,-1695.89,44171.46,24498.90,-1577.00,44767.68,24085.88,0.00,0.00,0.00,118.90,596.21,-413.03,734.98,734.98,0.381,0.115,1.001,-3.547,-0.750,0.391,8470,332.4,0,0.9309,0.1049,0.3207,-0.1399,345.6,38.8,0.0
952868,2026-09-17_13-42-26.868-240,v5.1.4,3.44,17.0,3200,-1453,54022,30815,-4985,54007,30320,-1659.83,44156.95,24623.85,-1552.86,44819.34,24185.14,0.00,0.00,0.00,106.97,662.39,-438.71,801.66,801.66,0.383,0.114,1.003,-4.000,-0.312,0.219,8471,344.6,0,0.9308,0.1046,0.3211,-0.1401,345.6,38.8,0.0
952972,2026-09-17_13-42-26.973-240,v5.1.4,3.44,17.0,3200,-1383,53959,30808,-4865,53913,30313,-1601.69,44104.29,24618.65,-1452.26,44744.25,24163.44,0.00,0.00,0.00,149.43,639.96,-455.21,799.44,799.44,0.385,0.111,1.002,-3.516,-0.703,0.156,8471,344.2,0,0.9308,0.1046,0.3209,-0.1400,345.6,38.8,0.0
953077,2026-09-17_13-42-26.077-240,v5.1.4,3.44,17.0,3200,-1436,53954,30818,-4995,53906,30396,-1645.39,44100.54,24626.97,-1546.90,44738.57,24248.97,0.00,0.00,0.00,98.49,638.03,-378.01,748.11,748.11,0.381,0.116,1.003,-3.625,-0.547,0.375,8469,334.8,0,0.9308,0.1048,0.3212,-0.1397,345.7,38.8,0.0
953181,2026-09-17_13-42-26.182-240,v5.1.4,3.44,17.0,3200,-1444,53980,30926,-5045,53940,30431,-1652.37,44120.34,24714.88,-1583.97,44766.45,24283.74,0.00,0.00,0.00,68.40,646.11,-431.14,779.76,779.76,0.381,0.114,1.003,-3.922,-0.828,0.375,8468,340.7,0,0.9308,0.1045,0.3212,-0.1398,345.6,38.8,0.0
953285,2026-09-17_13-42-26.286-240,v5.1.4,3.44,17.0,3200,-1454,54033,30863,-5013,53971,30407,-1660.82,44165.26,24662.92,-1562.09,44791.70,24259.37,0.00,0.00,0.00,98.73,626.44,-403.56,751.69,751.69,0.385,0.114,1.001,-4.203,-0.406,0.281,8477,335.5,0,0.9308,0.1041,0.3213,-0.1400,345.6,38.8,0.0
953400,2026-09-17_13-42-26.400-240,v5.1.4,3.44,17.0,3200,-1221,53902,30834,-4712,53840,30335,-1467.79,44055.10,24640.13,-1320.93,44687.62,24159.74,0.00,0.00,0.00,146.87,632.52,-480.39,807.73,807.73,0.385,0.116,1.004,-3.578,-0.500,-0.094,8477,345.7,0,0.9307,0.1048,0.3213,-0.1399,345.7,38.9,0.0
953504,2026-09-17_13-42-26.505-240,v5.1.4,3.44,17.0,3200,-1431,53910,30798,-5009,53832,30320,-1640.94,44064.46,24611.09,-1567.24,44675.88,24191.45,0.00,0.00,0.00,73.70,611.42,-419.65,745.23,745.23,0.385,0.114,1.000,-3.781,-0.719,0.281,8484,334.3,0,0.9308,0.1046,0.3210,-0.1398,345.6,38.8,0.0
953609,2026-09-17_13-42-27.609-240,v5.1.4,3.44,17.0,3200,-1452,53890,30865,-5025,53808,30410,-1658.27,44047.07,24666.04,-1566.53,44658.33,24266.12,0.00,0.00,0.00,91.74,611.26,-399.92,736.20,736.20,0.382,0.112,1.005,-4.016,-1.047,0.125,8476,332.6,0,0.9309,0.1042,0.3209,-0.1402,345.6,38.8,0.0
953713,2026-09-17_13-42-27.714-240,v5.1.4,3.44,17.0,3200,-1435,53911,30832,-4979,53793,30397,-1644.32,44064.78,24638.85,-1530.12,44646.48,24249.22,0.00,0.00,0.00,114.20,581.70,-389.63,709.38,709.38,0.384,0.114,1.001,-3.469,-0.781,0.359,8467,327.4,0,0.9310,0.1043,0.3207,-0.1399,345.6,38.8,0.0
953818,2026-09-17_13-42-27.818-240,v5.1.4,3.44,17.0,3200,-1409,53975,30805,-4988,53914,30316,-1623.23,44117.82,24616.09,-1553.06,44743.16,24183.86,0.00,0.00,0.00,70.17,625.33,-432.22,763.40,763.40,0.384,0.116,1.005,-3.969,-0.766,0.281,8467,337.7,0,0.9310,0.1043,0.3207,-0.1399,345.6,38.8,0.0
953922,2026-09-17_13-42-27.923-240,v5.1.4,3.44,17.0,3200,-1264,53907,30646,-4819,53824,30219,-1502.91,44062.74,24486.70,-1425.41,44669.81,24082.96,0.00,0.00,0.00,77.49,607.07,-403.73,733.17,733.17,0.384,0.115,1.002,-3.750,-0.797,0.656,8475,332.0,0,0.9310,0.1043,0.3207,-0.1395,345.7,38.8,0.0
954026,2026-09-17_13-42-27.027-240,v5.1.4,3.44,17.0,3200,-1456,53855,30845,-4972,53766,30423,-1661.30,44018.52,24650.08,-1519.74,44625.19,24269.40,0.00,0.00,0.00,141.57,606.67,-380.68,730.07,730.07,0.385,0.113,1.001,-3.891,-0.594,0.422,8476,331.4,0,0.9311,0.1039,0.3207,-0.1395,345.7,38.8,0.0
954131,2026-09-17_13-42-27.132-240,v5.1.4,3.44,17.0,3200,-1473,53926,30817,-5025,53841,30343,-1675.72,44077.81,24626.53,-1577.33,44683.57,24212.04,0.00,0.00,0.00,98.39,605.76,-414.49,740.56,740.56,0.385,0.112,1.003,-4.141,-0.906,0.375,8476,333.4,0,0.9312,0.1035,0.3205,-0.1397,345.6,38.7,0.0
954235,2026-09-17_13-42-27.236-240,v5.1.4,3.44,17.0,3200,-1499,54071,30730,-4965,54028,30238,-1697.90,44199.29,24554.05,-1549.02,44834.70,24116.32,0.00,0.00,0.00,148.88,635.41,-437.73,785.82,785.82,0.386,0.116,1.000,-4.047,-1.016,-0.172,8472,341.8,0,0.9313,0.1038,0.3200,-0.1400,345.6,38.7,0.0
954340,2026-09-17_13-42-27.340-240,v5.1.4,3.43,17.0,3200,-1456,54094,30756,-4967,54044,30133,-1662.64,44217.43,24574.95,-1566.48,44845.04,24032.43,0.00,0.00,0.00,96.16,627.61,-542.52,835.15,835.15,0.381,0.112,1.004,-3.672,-0.594,-0.016,8469,350.5,0,0.9311,0.1041,0.3205,-0.1400,345.6,38.7,0.0
954444,2026-09-17_13-42-27.445-240,v5.1.4,3.43,17.0,3200,-1434,54117,30799,-4945,54048,30336,-1644.73,44235.50,24609.76,-1518.87,44853.91,24191.41,0.00,0.00,0.00,125.86,618.41,-418.35,757.16,757.16,0.382,0.113,1.001,-3.875,-0.547,-0.031,8470,336.5,0,0.9309,0.1043,0.3208,-0.1402,345.6,38.8,0.0
954549,2026-09-17_13-42-27.549-240,v5.1.4,3.43,17.0,3200,-1260,54075,30939,-4800,54021,30367,-1501.26,44196.72,24724.12,-1394.21,44834.98,24195.35,0.00,0.00,0.00,107.05,638.27,-528.77,835.73,835.73,0.380,0.115,1.003,-3.750,-0.734,-0.141,8470,350.6,0,0.9308,0.1048,0.3210,-0.1403,345.6,38.8,0.0
954653,2026-09-17_13-42-28.654-240,v5.1.4,3.43,17.0,3200,-1420,54081,30827,-4917,53990,30331,-1633.02,44205.15,24632.96,-1494.78,44806.82,24184.23,0.00,0.00,0.00,138.23,601.67,-448.74,763.20,763.20,0.384,0.114,1.004,-3.656,-0.938,-0.172,8469,337.6,0,0.9308,0.1050,0.3207,-0.1406,345.6,38.8,0.0
954758,2026-09-17_13-42-28.758-240,v5.1.4,3.43,17.0,3200,-1468,54073,30798,-4983,53983,30338,-1672.49,44199.51,24609.48,-1547.85,44800.21,24199.62,0.00,0.00,0.00,124.64,600.70,-409.86,737.81,737.81,0.384,0.111,1.003,-4.031,-0.719,0.422,8473,332.9,0,0.9308,0.1044,0.3207,-0.1407,345.5,38.8,0.0
954872,2026-09-17_13-42-28.873-240,v5.1.4,3.43,17.0,3200,-1587,54042,30755,-5151,53981,30135,-1770.34,44175.83,24574.95,-1715.66,44790.61,24062.02,0.00,0.00,0.00,54.68,614.78,-512.93,802.52,802.52,0.382,0.115,1.004,-3.938,-0.938,0.297,8479,344.8,0,0.9308,0.1044,0.3207,-0.1407,345.5,38.8,0.0
954976,2026-09-17_13-42-28.977-240,v5.1.4,3.43,17.0,3200,-1519,54034,30818,-5086,53994,30392,-1714.34,44167.49,24626.31,-1625.05,44808.93,24257.72,0.00,0.00,0.00,89.29,641.44,-368.60,745.17,745.17,0.384,0.117,1.002,-4.094,-0.469,-0.047,8479,334.3,0,0.9307,0.1046,0.3209,-0.1410,345.5,38.8,0.0
955081,2026-09-17_13-42-28.082-240,v5.1.4,3.43,17.0,3200,-1538,54053,30818,-5080,53991,30307,-1730.13,44183.39,24626.16,-1632.43,44804.38,24188.94,0.00,0.00,0.00,97.69,620.99,-437.22,765.72,765.72,0.385,0.114,1.003,-3.984,-0.547,0.312,8477,338.1,0,0.9307,0.1045,0.3209,-0.1410,345.5,38.8,0.0
955185,2026-09-17_13-42-28.186-240,v5.1.4,3.43,17.0,3200,-1610,54049,30803,-5206,53986,30345,-1789.44,44181.07,24614.10,-1730.40,44799.23,24237.88,0.00,0.00,0.00,59.04,618.16,-376.22,726.06,726.06,0.385,0.112,1.001,-4.094,-0.938,0.297,8473,330.7,0,0.9308,0.1040,0.3206,-0.1412,345.4,38.8,0.0
955290,2026-09-17_13-42-28.291-240,v5.1.4,3.43,17.0,3200,-1458,54034,30825,-5023,53990,30364,-1664.05,44166.75,24631.90,-1577.18,44805.96,24226.16,0.00,0.00,0.00,86.87,639.21,-405.74,762.08,762.08,0.383,0.116,0.999,-3.922,-0.500,-0.078,8467,337.4,0,0.9307,0.1045,0.3207,-0.1413,345.4,38.8,0.0
955394,2026-09-17_13-42-28.395-240,v5.1.4,3.43,17.0,3200,-1391,54046,30790,-4949,53990,30336,-1608.81,44176.54,24603.07,-1520.38,44806.43,24192.92,0.00,0.00,0.00,88.42,629.89,-410.15,756.84,756.84,0.383,0.113,1.000,-3.781,-0.609,0.344,8467,336.5,0,0.9307,0.1046,0.3208,-0.1411,345.5,38.8,0.0
955499,2026-09-17_13-42-28.499-240,v5.1.4,3.43,17.0,3200,-1193,53996,30826,-4644,53979,30182,-1445.28,44132.60,24632.56,-1291.58,44798.40,24025.25,0.00,0.00,0.00,153.71,665.80,-607.31,914.19,914.19,0.380,0.114,0.999,-3.719,-0.828,0.094,8472,363.9,0,0.9307,0.1050,0.3209,-0.1410,345.5,38.8,0.0
955603,2026-09-17_13-42-29.604-240,v5.1.4,3.43,17.0,3200,-1320,53990,30766,-4834,53935,30348,-1549.85,44129.94,24583.91,-1422.32,44763.64,24186.52,0.00,0.00,0.00,127.53,633.71,-397.39,758.79,758.79,0.382,0.113,1.000,-3.797,-1.109,-0.625,8470,336.8,0,0.9306,0.1054,0.3206,-0.1415,345.4,38.8,0.0
955708,2026-09-17_13-42-29.708-240,v5.1.4,3.43,17.0,3200,-1369,53965,30815,-4897,53897,30333,-1590.20,44108.99,24624.27,-1475.18,44731.17,24184.37,0.00,0.00,0.00,115.02,622.18,-439.90,770.62,770.62,0.386,0.116,1.002,-3.672,-1.016,0.625,8470,339.0,0,0.9309,0.1053,0.3202,-0.1411,345.5,38.7,0.0
955812,2026-09-17_13-42-29.813-240,v5.1.4,3.43,17.0,3200,-1394,53951,30830,-4867,53866,30369,-1610.76,44097.43,24636.71,-1444.29,44707.25,24209.24,0.00,0.00,0.00,166.46,609.81,-427.47,763.09,763.09,0.384,0.115,0.999,-3.828,-0.391,-0.031,8471,337.6,0,0.9307,0.1055,0.3204,-0.1412,345.5,38.8,0.0
955916,2026-09-17_13-42-29.917-240,v5.1.4,3.43,17.0,3200,-1387,53980,30821,-4901,53913,30344,-1605.15,44121.47,24629.05,-1477.36,44744.46,24193.50,0.00,0.00,0.00,127.79,623.00,-435.55,770.82,770.82,0.380,0.116,0.999,-3.812,-0.750,-0.422,8476,339.0,0,0.9306,0.1060,0.3205,-0.1416,345.5,38.8,0.0
956022,2026-09-17_13-42-29.022-240,v5.1.4,3.43,17.0,3200,-1295,54022,30652,-4762,53958,30240,-1529.21,44157.97,24490.46,-1379.55,44780.82,24089.26,0.00,0.00,0.00,149.66,622.85,-401.21,755.85,755.85,0.383,0.115,1.002,-3.578,-0.516,0.047,8470,336.3,0,0.9305,0.1064,0.3206,-0.1414,345.5,38.8,0.0
956126,2026-09-17_13-42-29.127-240,v5.1.4,3.43,17.0,3200,-1290,53986,30800,-4806,53948,30331,-1525.16,44125.77,24611.64,-1402.17,44774.28,24168.61,0.00,0.00,0.00,122.99,648.52,-443.03,794.97,794.97,0.382,0.115,1.004,-3.484,-0.453,0.297,8470,343.4,0,0.9305,0.1065,0.3209,-0.1411,345.6,38.8,0.0
956231,2026-09-17_13-42-29.232-240,v5.1.4,3.43,17.0,3200,-1207,53956,30765,-4768,53875,30286,-1456.45,44100.70,24583.21,-1375.23,44714.06,24128.23,0.00,0.00,0.00,81.22,613.37,-454.98,768.00,768.00,0.382,0.114,1.004,-7.719,-0.828,0.141,8478,338.5,0,0.9302,0.1037,0.3215,-0.1434,345.1,38.9,0.0
956345,2026-09-17_13-42-29.346-240,v5.1.4,3.43,17.0,3200,-1181,54003,30763,-4673,53960,30200,-1435.31,44139.29,24581.03,-1312.23,44782.86,24044.19,0.00,0.00,0.00,123.08,643.57,-536.84,847.08,847.08,0.385,0.113,1.002,-3.438,-0.672,-0.031,8479,352.6,0,0.9303,0.1048,0.3212,-0.1428,345.2,38.9,0.0
956450,2026-09-17_13-42-29.451-240,v5.1.4,3.43,17.0,3200,-1414,54033,30747,-4901,53951,30276,-1627.60,44166.74,24568.15,-1488.45,44773.78,24138.54,0.00,0.00,0.00,139.15,607.04,-429.61,756.59,756.59,0.385,0.118,1.004,-3.969,-0.875,0.484,8471,336.4,0,0.9304,0.1051,0.3209,-0.1423,345.3,38.8,0.0
956555,2026-09-17_13-42-29.555-240,v5.1.4,3.43,17.0,3200,-1216,53992,30784,-4771,53913,30317,-1464.14,44130.21,24598.36,-1374.34,44745.88,24152.84,0.00,0.00,0.00,89.80,615.66,-445.52,765.24,765.24,0.380,0.114,1.001,-3.656,-0.500,0.531,8471,338.0,0,0.9304,0.1053,0.3213,-0.1417,345.4,38.9,0.0
956659,2026-09-17_13-42-30.660-240,v5.1.4,3.43,17.0,3200,-1420,53993,30887,-4896,53903,30410,-1632.58,44131.47,24682.86,-1463.30,44738.08,24245.68,0.00,0.00,0.00,169.27,606.61,-437.18,766.65,766.65,0.383,0.111,1.002,-3.469,-0.547,0.172,8468,338.3,0,0.9304,0.1054,0.3213,-0.1415,345.4,38.9,0.0
956764,2026-09-17_13-42-30.764-240,v5.1.4,3.43,17.0,3200,-1410,53938,30798,-4917,53893,30322,-1623.80,44087.38,24610.76,-1493.12,44727.29,24178.58,0.00,0.00,0.00,130.68,639.91,-432.18,783.17,783.17,0.385,0.111,1.005,-3.703,-0.547,0.359,8479,341.3,0,0.9304,0.1051,0.3213,-0.1414,345.5,38.9,0.0
956868,2026-09-17_13-42-30.869-240,v5.1.4,3.43,17.0,3200,-1499,53980,30818,-4974,53865,30388,-1697.50,44122.68,24626.83,-1529.53,44705.18,24240.14,0.00,0.00,0.00,167.97,582.51,-386.69,719.07,719.07,0.386,0.112,0.999,-3.906,-0.828,0.578,8479,329.3,0,0.9307,0.1046,0.3208,-0.1412,345.5,38.8,0.0
956973,2026-09-17_13-42-30.974-240,v5.1.4,3.43,17.0,3200,-1476,53999,30714,-4999,53917,30175,-1678.45,44139.84,24541.69,-1582.79,44741.79,24072.71,0.00,0.00,0.00,95.66,601.95,-468.98,769.05,769.05,0.382,0.113,1.003,-3.703,-0.641,0.016,8478,338.7,0,0.9306,0.1049,0.3209,-0.1411,345.5,38.8,0.0
957078,2026-09-17_13-42-30.079-240,v5.1.4,3.43,17.0,3200,-1446,54030,30933,-4979,53922,30433,-1654.35,44161.56,24720.08,-1528.82,44752.86,24275.94,0.00,0.00,0.00,125.53,591.30,-444.14,750.10,750.10,0.384,0.114,1.001,-3.781,-1.203,0.562,8480,335.2,0,0.9309,0.1048,0.3204,-0.1408,345.5,38.8,0.0
957183,2026-09-17_13-42-30.183-240,v5.1.4,3.43,17.0,3200,-1258,53952,30876,-4802,53884,30334,-1498.71,44096.11,24673.97,-1396.47,44722.11,24171.44,0.00,0.00,0.00,102.23,626.00,-502.53,809.23,809.23,0.383,0.115,1.004,-3.859,-0.656,0.312,8476,346.0,0,0.9308,0.1050,0.3206,-0.1406,345.6,38.8,0.0
957287,2026-09-17_13-42-30.288-240,v5.1.4,3.43,17.0,3200,-1496,53956,30860,-4952,53857,30366,-1694.96,44102.13,24661.36,-1514.39,44698.43,24219.46,0.00,0.00,0.00,180.57,596.30,-441.91,763.85,763.85,0.383,0.115,1.004,-3.562,-0.375,0.406,8476,337.8,0,0.9307,0.1052,0.3210,-0.1402,345.6,38.8,0.0
957392,2026-09-17_13-42-30.392-240,v5.1.4,3.43,17.0,3200,-1480,53917,30798,-4998,53829,30343,-1681.39,44070.75,24611.12,-1554.74,44674.20,24208.27,0.00,0.00,0.00,126.65,603.45,-402.86,736.54,736.54,0.385,0.115,0.998,-3.812,-0.859,0.750,8477,332.7,0,0.9310,0.1049,0.3206,-0.1398,345.7,38.8,0.0
957496,2026-09-17_13-42-30.497-240,v5.1.4,3.43,17.0,3200,-1467,53923,30781,-4983,53870,30326,-1670.68,44075.86,24597.16,-1546.14,44707.52,24191.82,0.00,0.00,0.00,124.54,631.66,-405.33,760.79,760.79,0.385,0.117,1.005,-3.828,-0.891,0.141,8476,337.2,0,0.9310,0.1050,0.3203,-0.1398,345.7,38.7,0.0
957601,2026-09-17_13-42-31.601-240,v5.1.4,3.43,17.0,3200,-1437,53943,30746,-4941,53883,30313,-1646.00,44092.64,24568.31,-1513.88,44718.49,24175.06,0.00,0.00,0.00,132.12,625.86,-393.25,750.86,750.86,0.384,0.116,1.002,-3.625,-0.750,-0.094,8476,335.3,0,0.9310,0.1055,0.3202,-0.1398,345.7,38.7,0.0
957705,2026-09-17_13-42-31.706-240,v5.1.4,3.43,17.0,3200,-1363,53884,30891,-4974,53785,30438,-1584.89,44040.76,24687.14,-1519.78,44641.08,24281.39,0.00,0.00,0.00,65.11,600.32,-405.75,727.50,727.50,0.383,0.117,1.004,-3.766,-0.891,0.016,8476,330.9,0,0.9310,0.1057,0.3202,-0.1399,345.7,38.7,0.0
957819,2026-09-17_13-42-31.820-240,v5.1.4,3.43,17.0,3200,-1442,54011,30798,-4952,53931,30313,-1650.66,44148.02,24610.07,-1524.40,44757.56,24175.91,0.00,0.00,0.00,126.25,609.54,-434.15,758.92,758.92,0.380,0.114,1.003,-3.969,-0.766,0.344,8481,336.8,0,0.9309,0.1054,0.3206,-0.1399,345.7,38.8,0.0
957924,2026-09-17_13-42-31.925-240,v5.1.4,3.43,17.0,3200,-1476,54035,30799,-4980,53945,30304,-1678.85,44168.19,24610.70,-1549.18,44768.32,24172.60,0.00,0.00,0.00,129.67,600.13,-438.10,754.25,754.25,0.382,0.113,0.997,-4.266,-0.750,-0.141,8484,336.0,0,0.9308,0.1051,0.3206,-0.1405,345.6,38.8,0.0
958028,2026-09-17_13-42-31.029-240,v5.1.4,3.43,17.0,3200,-1438,54057,30807,-4968,53994,30323,-1647.67,44185.84,24616.93,-1538.04,44809.05,24185.25,0.00,0.00,0.00,109.63,623.22,-431.68,766.01,766.01,0.384,0.117,1.005,-3.547,-1.016,-0.188,8484,338.2,0,0.9309,0.1057,0.3203,-0.1405,345.6,38.8,0.0
958133,2026-09-17_13-42-31.134-240,v5.1.4,3.43,17.0,3200,-1415,54161,30830,-4966,54087,30358,-1629.41,44271.14,24634.57,-1534.13,44886.02,24211.46,0.00,0.00,0.00,95.28,614.88,-423.12,752.45,752.45,0.383,0.115,1.000,-4.016,-0.281,0.375,8484,335.6,0,0.9307,0.1056,0.3207,-0.1404,345.6,38.8,0.0
958237,2026-09-17_13-42-31.238-240,v5.1.4,3.43,17.0,3200,-1443,54097,30645,-4931,54013,30119,-1651.72,44221.58,24484.28,-1537.96,44819.92,24016.45,0.00,0.00,0.00,113.76,598.34,-467.83,768.00,768.00,0.385,0.113,0.999,-3.719,-0.688,0.141,8483,338.5,0,0.9308,0.1056,0.3205,-0.1404,345.6,38.8,0.0
958342,2026-09-17_13-42-31.343-240,v5.1.4,3.43,17.0,3200,-1301,54051,30782,-4774,53977,30284,-1534.61,44179.87,24596.29,-1383.59,44797.30,24125.89,0.00,0.00,0.00,151.02,617.43,-470.41,790.76,790.76,0.383,0.114,1.000,-4.250,-1.047,0.594,8485,342.7,0,0.9309,0.1051,0.3204,-0.1403,345.6,38.8,0.0
958447,2026-09-17_13-42-31.448-240,v5.1.4,3.43,17.0,3200,-1484,54007,30626,-4971,53942,30131,-1684.92,44147.96,24469.79,-1566.94,44761.54,24033.04,0.00,0.00,0.00,117.98,613.58,-436.75,762.33,762.33,0.383,0.116,0.997,-3.703,-0.594,0.609,8485,337.5,0,0.9310,0.1051,0.3204,-0.1399,345.7,38.8,0.0
958552,2026-09-17_13-42-31.553-240,v5.1.4,3.43,17.0,3200,-1361,53980,30837,-4937,53904,30347,-1583.74,44120.94,24642.06,-1506.27,44736.61,24201.32,0.00,0.00,0.00,77.48,615.67,-440.74,761.12,761.12,0.383,0.119,1.004,-3.844,-0.406,0.141,8474,337.3,0,0.9308,0.1056,0.3207,-0.1397,345.7,38.8,0.0
958657,2026-09-17_13-42-32.658-240,v5.1.4,3.43,17.0,3200,-1394,53995,30831,-4922,53916,30337,-1611.04,44133.77,24637.07,-1495.75,44746.40,24190.94,0.00,0.00,0.00,115.29,612.63,-446.14,766.58,766.58,0.386,0.117,0.999,-3.766,-0.750,-0.078,8478,338.3,0,0.9309,0.1058,0.3203,-0.1398,345.7,38.8,0.0
958762,2026-09-17_13-42-32.763-240,v5.1.4,3.43,17.0,3200,-1536,54025,30617,-4986,53943,30143,-1727.89,44163.51,24462.36,-1577.56,44762.43,24044.81,0.00,0.00,0.00,150.33,598.91,-417.55,745.42,745.42,0.382,0.113,1.004,-3.609,-0.750,0.094,8471,334.3,0,0.9309,0.1057,0.3205,-0.1399,345.7,38.8,0.0
958867,2026-09-17_13-42-32.867-240,v5.1.4,3.43,17.0,3200,-1431,54014,30838,-4942,53932,30335,-1641.68,44149.73,24642.66,-1512.99,44759.10,24192.02,0.00,0.00,0.00,128.69,609.37,-450.65,768.75,768.75,0.384,0.113,0.999,-3.938,-0.875,0.297,8471,338.7,0,0.9310,0.1054,0.3203,-0.1400,345.7,38.7,0.0
958972,2026-09-17_13-42-32.973-240,v5.1.4,3.43,17.0,3200,-1570,54020,30631,-5006,53943,30211,-1755.93,44159.50,24473.91,-1584.09,44763.86,24102.11,0.00,0.00,0.00,171.84,604.36,-371.81,730.08,730.08,0.384,0.115,1.003,-3.781,-0.875,0.188,8478,331.4,0,0.9310,0.1053,0.3202,-0.1400,345.7,38.7,0.0
959076,2026-09-17_13-42-32.077-240,v5.1.4,3.43,17.0,3200,-1352,53974,30791,-4940,53882,30276,-1576.19,44116.63,24604.55,-1518.43,44716.74,24145.35,0.00,0.00,0.00,57.76,600.11,-459.20,757.84,757.84,0.384,0.115,1.005,-3.766,-0.734,0.500,8480,336.6,0,0.9310,0.1052,0.3203,-0.1398,345.7,38.7,0.0
959181,2026-09-17_13-42-32.181-240,v5.1.4,3.43,17.0,3200,-1606,53975,30795,-5151,53881,30328,-1785.66,44120.02,24608.33,-1684.41,44713.85,24217.89,0.00,0.00,0.00,101.25,593.82,-390.44,717.86,717.86,0.388,0.116,1.008,-3.828,-0.609,0.625,8480,329.1,0,0.9311,0.1049,0.3203,-0.1395,345.7,38.7,0.0
959295,2026-09-17_13-42-32.296-240,v5.1.4,3.44,17.0,3200,-1299,54021,30810,-4804,53992,30258,-1532.82,44154.61,24619.46,-1412.53,44808.40,24109.27,0.00,0.00,0.00,120.30,653.79,-510.20,837.98,837.98,0.383,0.115,1.004,-3.562,-0.734,0.422,8478,351.0,0,0.9311,0.1052,0.3204,-0.1391,345.8,38.8,0.0
959399,2026-09-17_13-42-32.400-240,v5.1.4,3.44,17.0,3200,-1379,54026,30768,-4878,53949,30330,-1598.74,44160.25,24585.29,-1461.58,44773.91,24178.36,0.00,0.00,0.00,137.16,613.66,-406.93,748.98,748.98,0.383,0.115,1.001,-3.688,-0.875,-0.094,8484,335.0,0,0.9311,0.1054,0.3203,-0.1392,345.8,38.7,0.0
959505,2026-09-17_13-42-32.505-240,v5.1.4,3.44,17.0,3200,-1421,54036,30790,-4926,53945,30293,-1633.48,44168.59,24603.23,-1506.36,44768.91,24155.89,0.00,0.00,0.00,127.12,600.32,-447.35,759.38,759.38,0.383,0.114,1.001,-3.641,-1.031,0.922,8481,336.9,0,0.9312,0.1050,0.3202,-0.1387,345.8,38.7,0.0
959609,2026-09-17_13-42-33.610-240,v5.1.4,3.44,17.0,3200,-1353,53980,30643,-4877,53922,30171,-1576.76,44124.02,24483.67,-1483.15,44747.75,24051.54,0.00,0.00,0.00,93.61,623.73,-432.13,764.55,764.55,0.385,0.114,1.002,-4.109,-1.000,0.047,8481,337.9,0,0.9313,0.1047,0.3200,-0.1390,345.8,38.7,0.0
959715,2026-09-17_13-42-33.715-240,v5.1.4,3.44,17.0,3200,-1495,53957,30752,-4918,53858,30213,-1693.92,44104.71,24573.19,-1508.79,44695.85,24092.15,0.00,0.00,0.00,185.14,591.14,-481.04,784.30,784.30,0.385,0.114,1.000,-3.797,-0.906,0.547,8485,341.5,0,0.9314,0.1045,0.3199,-0.1388,345.8,38.7,0.0
959819,2026-09-17_13-42-33.820-240,v5.1.4,3.44,17.0,3200,-1303,53957,30737,-4862,53872,30258,-1535.57,44102.97,24560.54,-1456.57,44709.36,24119.68,0.00,0.00,0.00,79.00,606.39,-440.86,753.86,753.86,0.385,0.116,1.003,-3.344,-0.906,-0.125,8479,335.9,0,0.9314,0.1052,0.3197,-0.1386,345.8,38.7,0.0
959924,2026-09-17_13-42-33.924-240,v5.1.4,3.44,17.0,3200,-1319,53981,30775,-4861,53923,30325,-1548.99,44122.34,24591.35,-1447.53,44752.80,24172.28,0.00,0.00,0.00,101.46,630.46,-419.06,763.80,763.80,0.384,0.116,1.002,-3.969,-0.484,0.375,8475,337.8,0,0.9313,0.1051,0.3201,-0.1386,345.8,38.7,0.0
960028,2026-09-17_13-42-33.029-240,v5.1.4,3.44,17.0,3200,-1222,53993,30663,-4749,53940,30207,-1468.85,44133.08,24499.59,-1373.12,44765.46,24061.25,0.00,0.00,0.00,95.73,632.38,-438.34,775.38,775.38,0.383,0.115,1.004,-3.969,-0.766,0.172,8475,339.9,0,0.9312,0.1050,0.3203,-0.1386,345.8,38.7,0.0
960133,2026-09-17_13-42-33.134-240,v5.1.4,3.44,17.0,3200,-1389,53999,30677,-4753,53946,30098,-1606.63,44139.54,24511.31,-1392.51,44767.49,23974.61,0.00,0.00,0.00,214.12,627.96,-536.69,853.36,853.36,0.381,0.114,1.004,-3.688,-0.766,0.516,8476,353.7,0,0.9311,0.1049,0.3207,-0.1383,345.9,38.8,0.0
960238,2026-09-17_13-42-33.239-240,v5.1.4,3.44,17.0,3200,-1430,53963,30541,-4924,53903,30087,-1639.94,44112.44,24400.75,-1533.50,44729.29,23991.59,0.00,0.00,0.00,106.44,616.85,-409.16,747.82,747.82,0.382,0.114,1.031,-3.969,-0.422,0.422,8477,334.8,0,0.9307,0.1046,0.3219,-0.1384,345.8,38.9,0.0
960343,2026-09-17_13-42-33.344-240,v5.1.4,3.44,17.0,3200,-1329,53962,30857,-4818,53871,30400,-1557.28,44105.41,24658.50,-1399.60,44712.93,24226.76,0.00,0.00,0.00,157.68,607.52,-431.75,761.80,761.80,0.385,0.111,1.000,-3.625,-0.953,-0.047,8465,337.4,0,0.9309,0.1045,0.3213,-0.1386,345.8,38.8,0.0
960448,2026-09-17_13-42-33.449-240,v5.1.4,3.44,17.0,3200,-1371,53953,30805,-4859,53881,30333,-1591.75,44099.26,24616.23,-1443.43,44718.70,24179.05,0.00,0.00,0.00,148.33,619.45,-437.18,772.55,772.55,0.385,0.114,1.004,-3.766,-0.812,0.703,8465,339.4,0,0.9311,0.1042,0.3211,-0.1383,345.8,38.8,0.0
960553,2026-09-17_13-42-33.553-240,v5.1.4,3.44,17.0,3200,-1486,54027,30687,-5006,53946,30200,-1686.82,44163.50,24519.38,-1585.79,44766.03,24093.26,0.00,0.00,0.00,101.03,602.52,-426.12,744.86,744.86,0.381,0.116,1.000,-3.688,-0.562,-0.062,8483,334.2,0,0.9310,0.1047,0.3212,-0.1384,345.9,38.8,0.0
960657,2026-09-17_13-42-34.658-240,v5.1.4,3.44,17.0,3200,-1487,53992,30812,-4932,53946,30388,-1687.67,44132.56,24621.79,-1497.45,44772.08,24232.69,0.00,0.00,0.00,190.22,639.52,-389.09,772.37,772.37,0.386,0.115,1.000,-3.875,-0.703,0.188,8472,339.3,0,0.9311,0.1046,0.3209,-0.1385,345.8,38.8,0.0
960771,2026-09-17_13-42-34.772-240,v5.1.4,3.44,17.0,3200,-1455,53927,30901,-4968,53824,30460,-1661.05,44077.08,24695.05,-1512.82,44673.62,24297.47,0.00,0.00,0.00,148.23,596.54,-397.57,732.05,732.05,0.385,0.113,1.000,-3.703,-0.594,-0.531,8488,331.8,0,0.9310,0.1049,0.3208,-0.1391,345.8,38.8,0.0
960876,2026-09-17_13-42-34.877-240,v5.1.4,3.44,17.0,3200,-1517,53937,30616,-5005,53824,30158,-1711.67,44090.63,24462.42,-1587.36,44665.22,24061.49,0.00,0.00,0.00,124.31,574.59,-400.94,711.58,711.58,0.385,0.114,0.998,-3.844,-0.797,-0.172,8488,327.9,0,0.9310,0.1050,0.3205,-0.1395,345.7,38.8,0.0
960980,2026-09-17_13-42-34.981-240,v5.1.4,3.44,17.0,3200,-1456,53942,30822,-4956,53832,30257,-1661.81,44090.77,24630.40,-1532.83,44675.11,24133.31,0.00,0.00,0.00,128.98,584.34,-497.10,777.94,777.94,0.387,0.113,1.003,-3.875,-0.703,0.156,8484,340.3,0,0.9311,0.1048,0.3203,-0.1396,345.7,38.7,0.0
961085,2026-09-17_13-42-34.086-240,v5.1.4,3.44,17.0,3200,-1458,53894,30795,-4942,53757,30369,-1663.10,44051.57,24608.87,-1502.66,44616.92,24221.98,0.00,0.00,0.00,160.44,565.35,-386.89,703.59,703.59,0.383,0.115,1.001,-3.609,-0.766,0.625,8483,326.3,0,0.9311,0.1049,0.3203,-0.1392,345.7,38.7,0.0
961189,2026-09-17_13-42-34.190-240,v5.1.4,3.44,17.0,3200,-1437,53904,30741,-4938,53834,30323,-1645.74,44060.50,24564.64,-1508.45,44678.75,24183.40,0.00,0.00,0.00,137.29,618.25,-381.24,739.20,739.20,0.381,0.113,1.003,-4.062,-0.969,0.453,8483,333.2,0,0.9311,0.1044,0.3205,-0.1393,345.7,38.8,0.0
961294,2026-09-17_13-42-34.295-240,v5.1.4,3.44,17.0,3200,-1224,53882,30818,-4782,53775,30355,-1470.11,44038.87,24627.28,-1373.61,44633.87,24187.03,0.00,0.00,0.00,96.50,595.00,-440.25,746.43,746.43,0.382,0.116,1.000,-3.703,-0.125,0.703,8476,334.5,0,0.9310,0.1047,0.3211,-0.1387,345.8,38.8,0.0
961398,2026-09-17_13-42-34.399-240,v5.1.4,3.44,17.0,3200,-1406,53871,30767,-4908,53738,30351,-1620.02,44032.49,24586.14,-1476.73,44601.48,24202.90,0.00,0.00,0.00,143.28,568.99,-383.24,700.82,700.82,0.385,0.116,1.002,-3.938,-0.922,0.500,8479,325.8,0,0.9311,0.1045,0.3208,-0.1387,345.8,38.8,0.0
961503,2026-09-17_13-42-34.504-240,v5.1.4,3.44,17.0,3200,-1428,53915,30747,-4905,53812,30311,-1638.40,44069.40,24569.40,-1482.37,44660.98,24169.31,0.00,0.00,0.00,156.03,591.59,-400.09,731.02,731.02,0.383,0.115,1.002,-3.859,-0.469,-0.156,8484,331.6,0,0.9309,0.1048,0.3210,-0.1390,345.8,38.8,0.0
961608,2026-09-17_13-42-35.609-240,v5.1.4,3.44,17.0,3200,-1473,53986,30610,-4996,53889,30093,-1675.68,44130.76,24456.92,-1591.43,44716.83,24007.17,0.00,0.00,0.00,84.25,586.07,-449.75,743.54,743.54,0.382,0.116,1.003,-3.391,-0.484,0.094,8484,334.0,0,0.9308,0.1054,0.3212,-0.1388,345.8,38.8,0.0
961712,2026-09-17_13-42-35.713-240,v5.1.4,3.44,17.0,3200,-1473,54017,30622,-4976,53903,30120,-1675.90,44156.17,24466.40,-1571.47,44729.29,24025.60,0.00,0.00,0.00,104.44,573.12,-440.80,730.53,730.53,0.381,0.114,0.999,-4.062,-0.484,-0.016,8488,331.5,0,0.9307,0.1053,0.3214,-0.1392,345.8,38.9,0.0
961817,2026-09-17_13-42-35.817-240,v5.1.4,3.44,17.0,3200,-1475,54040,30726,-4977,53960,30301,-1677.91,44173.50,24551.06,-1547.61,44780.55,24169.53,0.00,0.00,0.00,130.30,607.05,-381.53,728.73,728.73,0.382,0.114,1.002,-3.953,-0.797,-3.906,8477,331.2,0,0.9301,0.1074,0.3211,-0.1422,345.5,38.9,0.0
961921,2026-09-17_13-42-35.922-240,v5.1.4,3.44,17.0,3200,-1470,54063,30730,-4958,53969,30302,-1673.94,44192.38,24554.07,-1532.11,44788.24,24167.39,0.00,0.00,0.00,141.83,595.86,-386.68,724.35,724.35,0.384,0.112,1.001,-3.688,-1.047,-0.125,8477,330.3,0,0.9303,0.1072,0.3206,-0.1426,345.4,38.8,0.0
962026,2026-09-17_13-42-35.026-240,v5.1.4,3.44,17.0,3200,-1439,54055,30616,-4883,53947,30138,-1648.09,44187.31,24461.03,-1493.67,44767.23,24025.64,0.00,0.00,0.00,154.43,579.92,-435.39,741.43,741.43,0.381,0.117,1.000,-3.969,-0.828,0.281,8480,333.6,0,0.9303,0.1072,0.3205,-0.1426,345.4,38.8,0.0
962130,2026-09-17_13-42-35.131-240,v5.1.4,3.44,17.0,3200,-1445,54166,30771,-4883,54061,30325,-1654.06,44276.55,24586.42,-1469.86,44865.26,24173.31,0.00,0.00,0.00,184.20,588.71,-413.11,742.40,742.40,0.378,0.115,1.004,-3.781,-0.656,0.344,8484,333.8,0,0.9301,0.1072,0.3210,-0.1425,345.4,38.9,0.0
962244,2026-09-17_13-42-35.245-240,v5.1.4,3.44,17.0,3200,-1544,53961,30736,-5050,53840,30319,-1734.32,44108.79,24560.19,-1601.37,44681.73,24196.54,0.00,0.00,0.00,132.96,572.95,-363.65,691.51,691.51,0.384,0.116,1.005,-3.641,-0.766,0.516,8490,323.9,0,0.9303,0.1070,0.3208,-0.1423,345.4,38.9,0.0
962349,2026-09-17_13-42-35.350-240,v5.1.4,3.44,17.0,3200,-1564,53965,30788,-5018,53830,30293,-1750.95,44111.45,24602.63,-1578.53,44673.41,24171.21,0.00,0.00,0.00,172.42,561.96,-431.42,729.14,729.14,0.384,0.113,0.999,-3.672,-0.938,0.219,8490,331.2,0,0.9304,0.1066,0.3204,-0.1424,345.4,38.8,0.0
962453,2026-09-17_13-42-35.454-240,v5.1.4,3.44,17.0,3200,-1530,54013,30747,-5029,53876,30354,-1723.13,44151.42,24568.60,-1580.08,44712.41,24220.86,0.00,0.00,0.00,143.05,560.99,-347.74,675.35,675.35,0.385,0.113,1.004,-3.953,-0.672,0.234,8485,320.7,0,0.9305,0.1061,0.3204,-0.1426,345.3,38.8,0.0
962558,2026-09-17_13-42-35.559-240,v5.1.4,3.44,17.0,3200,-1543,54003,30768,-5014,53897,30296,-1733.83,44142.95,24585.87,-1576.85,44728.32,24171.96,0.00,0.00,0.00,156.98,585.37,-413.91,733.91,733.91,0.383,0.115,1.001,-3.969,-1.250,0.156,8475,332.2,0,0.9306,0.1060,0.3200,-0.1427,345.3,38.7,0.0
962662,2026-09-17_13-42-36.663-240,v5.1.4,3.44,17.0,3200,-1444,53948,30601,-4896,53805,30155,-1651.51,44099.21,24449.91,-1497.53,44651.38,24043.40,0.00,0.00,0.00,153.98,552.17,-406.51,702.75,702.75,0.384,0.112,1.005,-3.750,-0.594,-0.359,8487,326.2,0,0.9304,0.1063,0.3202,-0.1430,345.3,38.8,0.0
962767,2026-09-17_13-42-36.768-240,v5.1.4,3.44,17.0,3200,-1393,53951,30862,-4944,53824,30319,-1610.00,44096.90,24662.83,-1513.66,44670.37,24181.24,0.00,0.00,0.00,96.33,573.46,-481.59,755.03,755.03,0.385,0.116,1.002,-8.000,-0.266,-0.297,8487,336.1,0,0.9300,0.1039,0.3211,-0.1456,344.8,38.9,0.0
962871,2026-09-17_13-42-36.872-240,v5.1.4,3.44,17.0,3200,-1485,53945,30801,-4996,53793,30327,-1685.70,44093.89,24613.29,-1554.33,44644.39,24195.75,0.00,0.00,0.00,131.37,550.50,-417.54,703.31,703.31,0.387,0.115,1.004,-3.750,-0.516,0.344,8482,326.3,0,0.9300,0.1047,0.3210,-0.1450,344.9,38.9,0.0
962976,2026-09-17_13-42-36.977-240,v5.1.4,3.44,17.0,3200,-1439,53972,30796,-4876,53845,30312,-1647.93,44115.80,24608.83,-1459.38,44688.46,24165.33,0.00,0.00,0.00,188.55,572.65,-443.50,748.45,748.45,0.384,0.113,0.999,-3.688,-0.297,-0.438,8482,334.9,0,0.9299,0.1056,0.3211,-0.1450,345.0,38.9,0.0
963080,2026-09-17_13-42-36.081-240,v5.1.4,3.44,17.0,3200,-1406,54016,30735,-4922,53930,30284,-1620.87,44152.80,24558.51,-1503.92,44756.48,24148.35,0.00,0.00,0.00,116.96,603.67,-410.17,739.14,739.14,0.386,0.114,1.003,-3.688,-0.781,0.734,8484,333.1,0,0.9301,0.1057,0.3208,-0.1443,345.1,38.8,0.0
963185,2026-09-17_13-42-36.186-240,v5.1.4,3.44,17.0,3200,-1215,53989,30801,-4599,53881,30344,-1463.33,44127.45,24612.27,-1227.89,44723.20,24149.70,0.00,0.00,0.00,235.44,595.75,-462.57,790.14,790.14,0.383,0.116,0.999,-3.812,-0.922,0.062,8484,342.6,0,0.9302,0.1063,0.3205,-0.1440,345.1,38.8,0.0
963290,2026-09-17_13-42-36.290-240,v5.1.4,3.44,17.0,3200,-1337,53953,30698,-4801,53853,30121,-1563.50,44100.65,24528.82,-1425.80,44691.28,24001.52,0.00,0.00,0.00,137.70,590.63,-527.30,803.65,803.65,0.382,0.113,1.002,-3.688,-0.750,-0.156,8487,345.0,0,0.9301,0.1067,0.3206,-0.1441,345.2,38.8,0.0
963395,2026-09-17_13-42-36.395-240,v5.1.4,3.44,17.0,3200,-1338,53907,30740,-4695,53817,30311,-1564.12,44061.97,24563.58,-1309.74,44668.47,24138.43,0.00,0.00,0.00,254.38,606.50,-425.16,783.14,783.14,0.384,0.113,1.002,-3.828,-0.766,0.312,8491,341.3,0,0.9302,0.1066,0.3205,-0.1438,345.2,38.8,0.0
963499,2026-09-17_13-42-36.500-240,v5.1.4,3.44,17.0,3200,-1423,53968,30760,-4948,53846,30322,-1634.64,44112.92,24579.45,-1517.19,44688.37,24183.87,0.00,0.00,0.00,117.45,575.45,-395.58,708.11,708.11,0.379,0.112,1.005,-4.047,-0.953,0.016,8491,327.2,0,0.9301,0.1064,0.3208,-0.1441,345.1,38.9,0.0
963604,2026-09-17_13-42-37.605-240,v5.1.4,3.44,17.0,3200,-1333,53987,30763,-4749,53900,30218,-1560.55,44127.64,24581.52,-1370.29,44733.05,24070.68,0.00,0.00,0.00,190.26,605.41,-510.83,814.66,814.66,0.384,0.115,1.000,-3.469,-0.797,0.016,8484,346.9,0,0.9302,0.1069,0.3205,-0.1437,345.2,38.8,0.0
963719,2026-09-17_13-42-37.720-240,v5.1.4,3.44,17.0,3200,-1246,53941,30748,-4693,53814,30166,-1488.48,44088.98,24569.57,-1329.17,44662.31,24022.27,0.00,0.00,0.00,159.31,573.33,-547.30,808.47,808.47,0.381,0.115,1.001,-3.734,-0.531,0.250,8479,345.9,0,0.9301,0.1072,0.3208,-0.1434,345.3,38.9,0.0
963824,2026-09-17_13-42-37.824-240,v5.1.4,3.44,17.0,3200,-1478,53919,30718,-4877,53837,30287,-1679.60,44073.69,24545.79,-1463.60,44681.25,24145.62,0.00,0.00,0.00,215.99,607.56,-400.17,758.90,758.90,0.381,0.115,1.004,-3.562,-0.797,0.062,8483,336.8,0,0.9301,0.1074,0.3208,-0.1433,345.3,38.9,0.0
963928,2026-09-17_13-42-37.929-240,v5.1.4,3.44,17.0,3200,-1284,53971,30779,-4822,53884,30309,-1520.07,44113.65,24594.64,-1416.58,44721.14,24154.39,0.00,0.00,0.00,103.49,607.48,-440.25,757.34,757.34,0.385,0.117,1.006,-3.656,-0.797,0.234,8483,336.6,0,0.9302,0.1075,0.3206,-0.1430,345.3,38.8,0.0
964033,2026-09-17_13-42-37.034-240,v5.1.4,3.44,17.0,3200,-1446,53991,30757,-4946,53926,30190,-1653.74,44132.21,24576.81,-1537.27,44750.39,24076.79,0.00,0.00,0.00,116.48,618.18,-500.03,803.58,803.58,0.384,0.112,1.001,-3.531,-0.328,-0.297,8476,345.0,0,0.9300,0.1076,0.3208,-0.1432,345.3,38.9,0.0
964137,2026-09-17_13-42-37.138-240,v5.1.4,3.44,17.0,3200,-1283,53947,30864,-4811,53830,30378,-1519.27,44092.43,24664.28,-1395.80,44678.95,24208.79,0.00,0.00,0.00,123.47,586.53,-455.48,752.81,752.81,0.385,0.114,0.998,-3.781,-0.344,0.422,8491,335.7,0,0.9301,0.1073,0.3208,-0.1430,345.3,38.9,0.0
964242,2026-09-17_13-42-37.243-240,v5.1.4,3.44,17.0,3200,-1424,53931,30652,-4939,53828,30242,-1635.01,44084.13,24491.68,-1520.91,44671.73,24118.89,0.00,0.00,0.00,114.10,587.61,-372.79,705.17,705.17,0.381,0.114,1.000,-3.656,-0.922,0.547,8485,326.6,0,0.9303,0.1070,0.3207,-0.1426,345.4,38.8,0.0
964346,2026-09-17_13-42-37.347-240,v5.1.4,3.42,17.0,3200,-1499,54032,30687,-5026,53936,30255,-1697.57,44167.77,24519.36,-1593.91,44758.95,24140.32,0.00,0.00,0.00,103.66,591.17,-379.03,709.86,709.86,0.382,0.116,1.000,-3.750,-0.469,0.344,8485,327.5,0,0.9302,0.1070,0.3208,-0.1424,345.4,38.9,0.0
964451,2026-09-17_13-42-37.452-240,v5.1.4,3.42,17.0,3200,-1477,53962,30942,-4936,53843,30370,-1679.50,44105.55,24728.20,-1500.22,44687.35,24220.53,0.00,0.00,0.00,179.28,581.80,-507.67,792.69,792.69,0.384,0.116,1.002,-3.984,-0.906,0.078,8484,343.0,0,0.9303,0.1068,0.3206,-0.1426,345.4,38.8,0.0
964555,2026-09-17_13-42-37.556-240,v5.1.4,3.42,17.0,3200,-1494,53980,30787,-4967,53907,30381,-1693.32,44123.13,24601.52,-1526.08,44739.45,24232.85,0.00,0.00,0.00,167.24,616.32,-368.66,737.39,737.39,0.382,0.115,1.004,-3.516,-0.766,0.078,8483,332.8,0,0.9303,0.1069,0.3206,-0.1425,345.4,38.8,0.0
964660,2026-09-17_13-42-38.661-240,v5.1.4,3.42,17.0,3200,-1383,53934,30813,-4843,53823,30398,-1601.54,44083.55,24622.99,-1418.99,44673.23,24229.59,0.00,0.00,0.00,182.55,589.68,-393.40,731.99,731.99,0.384,0.116,1.002,-3.312,-0.781,0.531,8483,331.8,0,0.9305,0.1070,0.3204,-0.1419,345.5,38.8,0.0
964765,2026-09-17_13-42-38.765-240,v5.1.4,3.42,17.0,3200,-1455,53909,30862,-4922,53796,30464,-1660.86,44062.84,24663.40,-1473.53,44651.58,24294.37,0.00,0.00,0.00,187.32,588.74,-369.03,719.64,719.64,0.382,0.117,1.003,-3.766,-0.484,-0.172,8497,329.4,0,0.9303,0.1072,0.3207,-0.1420,345.5,38.8,0.0
964869,2026-09-17_13-42-38.870-240,v5.1.4,3.42,17.0,3200,-1498,53881,30756,-4976,53741,30359,-1695.92,44041.88,24577.25,-1531.61,44603.04,24219.23,0.00,0.00,0.00,164.32,561.15,-358.02,685.62,685.62,0.385,0.113,1.003,-4.234,-0.328,0.000,8490,322.8,0,0.9302,0.1066,0.3209,-0.1425,345.4,38.9,0.0
964973,2026-09-17_13-42-38.974-240,v5.1.4,3.42,17.0,3200,-1464,53877,30741,-4953,53778,30329,-1667.83,44038.47,24564.98,-1518.20,44632.88,24191.28,0.00,0.00,0.00,149.63,594.41,-373.69,717.88,717.88,0.378,0.114,1.002,-3.844,-1.047,-0.141,8481,329.1,0,0.9302,0.1067,0.3209,-0.1427,345.3,38.9,0.0
965078,2026-09-17_13-42-38.079-240,v5.1.4,3.42,17.0,3200,-1323,53877,30846,-4814,53744,30344,-1551.77,44035.30,24650.39,-1400.60,44607.72,24183.43,0.00,0.00,0.00,151.18,572.42,-466.97,754.04,754.04,0.382,0.115,1.002,-3.766,-0.359,-0.172,8481,335.9,0,0.9300,0.1070,0.3212,-0.1428,345.3,38.9,0.0
965192,2026-09-17_13-42-38.193-240,v5.1.4,3.42,17.0,3200,-1329,54031,30768,-4726,53881,30388,-1557.54,44163.86,24585.13,-1325.97,44722.28,24203.51,0.00,0.00,0.00,231.57,558.41,-381.62,714.91,714.91,0.382,0.116,1.001,-3.594,-1.203,0.422,8480,328.5,0,0.9303,0.1070,0.3206,-0.1424,345.4,38.8,0.0
965297,2026-09-17_13-42-38.298-240,v5.1.4,3.42,17.0,3200,-1479,54022,30622,-4916,53881,30211,-1680.88,44160.37,24466.36,-1508.14,44714.63,24089.89,0.00,0.00,0.00,172.74,554.26,-376.47,691.93,691.93,0.385,0.112,1.000,-3.906,-0.562,-0.172,8493,324.0,0,0.9303,0.1067,0.3206,-0.1427,345.3,38.8,0.0
965401,2026-09-17_13-42-38.402-240,v5.1.4,3.42,17.0,3200,-1481,54011,30771,-4964,53866,30365,-1682.76,44148.87,24588.11,-1524.69,44705.57,24220.28,0.00,0.00,0.00,158.07,556.70,-367.83,685.72,685.72,0.380,0.115,1.001,-3.828,-0.422,-0.172,8476,322.8,0,0.9301,0.1069,0.3210,-0.1429,345.3,38.9,0.0
965506,2026-09-17_13-42-38.507-240,v5.1.4,3.42,17.0,3200,-1284,54050,30799,-4806,53950,30236,-1520.61,44178.59,24610.15,-1416.10,44773.46,24092.64,0.00,0.00,0.00,104.52,594.88,-517.51,795.37,795.37,0.384,0.117,1.000,-3.641,-0.516,0.266,8476,343.5,0,0.9302,0.1071,0.3209,-0.1425,345.4,38.9,0.0
965611,2026-09-17_13-42-39.612-240,v5.1.4,3.42,17.0,3200,-1450,54064,30604,-4961,54006,30145,-1657.20,44195.06,24451.17,-1558.63,44814.38,24041.74,0.00,0.00,0.00,98.57,619.32,-409.42,748.94,748.94,0.383,0.113,1.001,-3.812,-0.344,-0.375,8489,335.0,0,0.9301,0.1072,0.3211,-0.1428,345.4,38.9,0.0
965716,2026-09-17_13-42-39.716-240,v5.1.4,3.42,17.0,3200,-1447,54079,30728,-4931,53976,30306,-1655.07,44205.39,24552.23,-1509.52,44794.50,24166.52,0.00,0.00,0.00,145.55,589.11,-385.71,719.03,719.03,0.384,0.113,1.000,-3.641,-0.797,0.141,8486,329.3,0,0.9302,0.1070,0.3208,-0.1427,345.4,38.9,0.0
965820,2026-09-17_13-42-39.821-240,v5.1.4,3.42,17.0,3200,-1420,54000,30710,-4760,53943,30186,-1632.27,44140.14,24538.30,-1385.33,44767.20,24046.03,0.00,0.00,0.00,246.93,627.06,-492.27,834.57,834.57,0.381,0.116,1.000,-3.734,-1.000,0.156,8484,350.4,0,0.9303,0.1070,0.3205,-0.1425,345.4,38.8,0.0
965924,2026-09-17_13-42-39.925-240,v5.1.4,3.42,17.0,3200,-1423,53953,30749,-4880,53846,30326,-1634.52,44100.71,24570.63,-1460.66,44689.57,24177.09,0.00,0.00,0.00,173.87,588.86,-393.54,729.29,729.29,0.383,0.112,1.004,-3.938,-0.297,-3.922,8484,331.3,0,0.9296,0.1090,0.3207,-0.1454,345.1,38.9,0.0
966029,2026-09-17_13-42-39.030-240,v5.1.4,3.42,17.0,3200,-1494,53918,30733,-4971,53783,30310,-1692.81,44072.79,24558.08,-1535.93,44636.19,24178.66,0.00,0.00,0.00,156.88,563.40,-379.43,697.14,697.14,0.383,0.116,1.000,-3.922,-0.422,0.281,8486,325.1,0,0.9296,0.1086,0.3207,-0.1453,345.1,38.9,0.0
966133,2026-09-17_13-42-39.134-240,v5.1.4,3.42,17.0,3200,-1555,53971,30746,-5007,53841,30343,-1743.48,44117.00,24568.27,-1562.51,44683.87,24209.39,0.00,0.00,0.00,180.96,566.87,-358.88,694.90,694.90,0.382,0.115,1.001,-3.781,-1.000,0.188,8487,324.6,0,0.9298,0.1083,0.3204,-0.1453,345.1,38.9,0.0
966238,2026-09-17_13-42-39.239-240,v5.1.4,3.42,17.0,3200,-1513,53914,30795,-4906,53752,30347,-1708.58,44068.67,24608.78,-1476.10,44612.85,24199.19,0.00,0.00,0.00,232.48,544.18,-409.58,719.68,719.68,0.381,0.114,1.001,-3.938,-0.672,-0.031,8487,329.4,0,0.9298,0.1081,0.3205,-0.1455,345.0,38.9,0.0
966342,2026-09-17_13-42-39.343-240,v5.1.4,3.42,17.0,3200,-1507,53939,30739,-5005,53785,30317,-1703.68,44090.17,24562.79,-1562.95,44637.45,24189.21,0.00,0.00,0.00,140.73,547.28,-373.58,677.41,677.41,0.385,0.115,0.999,-3.594,-1.047,0.203,8493,321.1,0,0.9300,0.1080,0.3198,-0.1453,345.0,38.8,0.0
966447,2026-09-17_13-42-39.448-240,v5.1.4,3.42,17.0,3200,-1509,53979,30714,-4979,53797,30316,-1705.53,44123.65,24541.97,-1542.07,44647.65,24184.40,0.00,0.00,0.00,163.46,524.00,-357.56,655.10,655.10,0.383,0.112,1.001,-3.625,-1.031,0.000,8487,316.6,0,0.9301,0.1078,0.3197,-0.1453,345.0,38.8,0.0
966551,2026-09-17_13-42-39.552-240,v5.1.4,3.42,17.0,3200,-1502,53946,30712,-4938,53811,30274,-1699.55,44096.34,24540.66,-1514.90,44658.68,24144.59,0.00,0.00,0.00,184.65,562.34,-396.07,712.17,712.17,0.383,0.114,1.000,-4.047,-0.859,-0.016,8489,328.0,0,0.9301,0.1075,0.3197,-0.1454,345.0,38.7,0.0
966665,2026-09-17_13-42-40.666-240,v5.1.4,3.42,17.0,3200,-1299,53901,30738,-4791,53759,30308,-1531.91,44056.64,24561.93,-1387.39,44619.43,24151.03,0.00,0.00,0.00,144.53,562.78,-410.90,711.65,711.65,0.382,0.114,1.003,-4.031,-0.281,0.375,8489,327.9,0,0.9299,0.1072,0.3204,-0.1450,345.0,38.8,0.0
966770,2026-09-17_13-42-40.771-240,v5.1.4,3.42,17.0,3200,-1382,53896,30730,-4851,53727,30327,-1600.31,44053.50,24555.63,-1433.00,44592.79,24175.53,0.00,0.00,0.00,167.31,539.29,-380.09,680.66,680.66,0.381,0.116,0.997,-4.000,-0.547,-0.266,8482,321.8,0,0.9299,0.1076,0.3206,-0.1451,345.1,38.9,0.0
966874,2026-09-17_13-42-40.875-240,v5.1.4,3.42,17.0,3200,-1288,53935,30709,-4770,53761,30307,-1523.00,44085.10,24537.88,-1370.32,44621.38,24147.12,0.00,0.00,0.00,152.69,536.28,-390.76,680.88,680.88,0.382,0.116,1.001,-3.734,-0.625,0.188,8484,321.8,0,0.9299,0.1077,0.3206,-0.1447,345.1,38.9,0.0
966980,2026-09-17_13-42-40.981-240,v5.1.4,3.42,17.0,3200,-1413,53940,30594,-4840,53791,30126,-1625.88,44092.39,24444.21,-1455.26,44640.09,24012.23,0.00,0.00,0.00,170.62,547.70,-431.99,718.13,718.13,0.386,0.113,0.999,-4.109,-0.656,0.172,8488,329.1,0,0.9300,0.1072,0.3204,-0.1447,345.1,38.8,0.0
967085,2026-09-17_13-42-40.086-240,v5.1.4,3.42,17.0,3200,-1449,53966,30795,-4889,53804,30210,-1656.14,44110.96,24608.10,-1483.71,44652.09,24086.36,0.00,0.00,0.00,172.43,541.13,-521.74,771.21,771.21,0.383,0.114,1.000,-3.828,-0.891,0.438,8488,339.1,0,0.9302,0.1069,0.3202,-0.1443,345.1,38.8,0.0
967191,2026-09-17_13-42-40.192-240,v5.1.4,3.42,17.0,3200,-1320,53914,30739,-4768,53725,30272,-1549.32,44067.59,24562.66,-1372.68,44591.07,24119.42,0.00,0.00,0.00,176.64,523.49,-443.23,708.31,708.31,0.387,0.114,0.972,-3.672,-0.812,-0.047,8488,327.2,0,0.9307,0.1071,0.3187,-0.1440,345.2,38.6,0.0
967296,2026-09-17_13-42-40.296-240,v5.1.4,3.42,17.0,3200,-1428,53874,30712,-4791,53720,30145,-1638.07,44036.10,24541.26,-1409.99,44583.33,24021.36,0.00,0.00,0.00,228.08,547.23,-519.90,788.53,788.53,0.381,0.114,1.003,-3.766,-1.109,0.312,8494,342.3,0,0.9307,0.1069,0.3189,-0.1437,345.2,38.6,0.0
967400,2026-09-17_13-42-40.401-240,v5.1.4,3.42,17.0,3200,-1445,53948,30727,-4920,53759,30147,-1652.59,44097.16,24552.77,-1517.03,44613.18,24041.26,0.00,0.00,0.00,135.55,516.02,-511.51,739.12,739.12,0.384,0.114,1.000,-3.516,-0.766,-0.094,8494,333.1,0,0.9307,0.1071,0.3190,-0.1435,345.3,38.6,0.0
967505,2026-09-17_13-42-40.506-240,v5.1.4,3.42,17.0,3200,-1380,53979,30689,-4739,53797,30195,-1599.11,44122.72,24521.29,-1362.26,44648.41,24052.47,0.00,0.00,0.00,236.84,525.70,-468.82,743.13,743.13,0.385,0.114,1.000,-4.156,-0.984,0.094,8488,333.9,0,0.9308,0.1067,0.3189,-0.1436,345.2,38.6,0.0
967609,2026-09-17_13-42-41.610-240,v5.1.4,3.42,17.0,3200,-1429,53973,30652,-4903,53800,30223,-1639.40,44118.88,24491.25,-1493.21,44648.93,24098.87,0.00,0.00,0.00,146.19,530.06,-392.39,675.50,675.50,0.382,0.114,1.002,-3.484,-0.734,0.016,8489,320.8,0,0.9307,0.1069,0.3192,-0.1433,345.3,38.7,0.0
967714,2026-09-17_13-42-41.715-240,v5.1.4,3.42,17.0,3200,-1412,53932,30554,-4775,53790,30019,-1624.92,44086.43,24411.64,-1417.37,44637.57,23917.17,0.00,0.00,0.00,207.56,551.14,-494.47,768.98,768.98,0.381,0.114,1.002,-3.609,-0.672,0.047,8488,338.7,0,0.9305,0.1071,0.3196,-0.1431,345.3,38.7,0.0
967818,2026-09-17_13-42-41.819-240,v5.1.4,3.42,17.0,3200,-1383,53910,30698,-4854,53733,30316,-1601.16,44065.60,24529.36,-1437.26,44597.36,24167.09,0.00,0.00,0.00,163.90,531.76,-362.28,663.98,663.98,0.384,0.116,0.999,-3.953,-0.875,-0.016,8488,318.4,0,0.9306,0.1071,0.3195,-0.1432,345.3,38.7,0.0
967923,2026-09-17_13-42-41.924-240,v5.1.4,3.42,17.0,3200,-1433,53918,30647,-4898,53750,30219,-1642.34,44073.56,24487.75,-1488.14,44608.04,24095.73,0.00,0.00,0.00,154.20,534.48,-392.02,680.53,680.53,0.388,0.115,0.998,-4.109,-0.922,0.312,8500,321.8,0,0.9308,0.1066,0.3190,-0.1431,345.3,38.6,0.0
968028,2026-09-17_13-42-41.029-240,v5.1.4,3.42,17.0,3200,-1449,53899,30708,-4879,53750,30283,-1655.54,44057.04,24537.78,-1463.17,44610.00,24144.10,0.00,0.00,0.00,192.37,552.96,-393.67,705.52,705.52,0.379,0.117,0.999,-3.594,-0.531,0.172,8487,326.7,0,0.9306,0.1070,0.3195,-0.1427,345.4,38.7,0.0
968142,2026-09-17_13-42-41.143-240,v5.1.4,3.42,17.0,3200,-1355,53959,30907,-4832,53776,30346,-1578.80,44102.38,24699.40,-1416.10,44633.64,24187.15,0.00,0.00,0.00,162.71,531.26,-512.25,755.72,755.72,0.384,0.111,0.998,-3.562,-0.594,0.250,8481,336.3,0,0.9307,0.1066,0.3197,-0.1425,345.4,38.7,0.0
968247,2026-09-17_13-42-41.248-240,v5.1.4,3.42,17.0,3200,-1402,53852,30648,-4892,53671,30213,-1616.36,44018.70,24489.19,-1481.66,44543.40,24091.31,0.00,0.00,0.00,134.70,524.71,-397.88,672.14,672.14,0.380,0.112,1.003,-3.750,-0.734,0.078,8481,320.1,0,0.9305,0.1065,0.3201,-0.1424,345.4,38.8,0.0
968351,2026-09-17_13-42-41.352-240,v5.1.4,3.42,17.0,3200,-1431,53829,30779,-4774,53639,30311,-1640.39,43997.86,24596.43,-1369.28,44521.68,24152.85,0.00,0.00,0.00,271.11,523.83,-443.58,738.01,738.01,0.381,0.116,1.003,-3.766,-1.156,0.047,8487,332.9,0,0.9306,0.1065,0.3200,-0.1424,345.4,38.7,0.0
968456,2026-09-17_13-42-41.457-240,v5.1.4,3.42,17.0,3200,-1432,53827,30769,-4783,53651,30280,-1641.18,43996.38,24588.29,-1381.58,44530.55,24129.20,0.00,0.00,0.00,259.60,534.17,-459.09,750.66,750.66,0.382,0.114,1.001,-3.641,-0.672,0.766,8483,335.3,0,0.9306,0.1062,0.3202,-0.1418,345.5,38.8,0.0
968560,2026-09-17_13-42-41.561-240,v5.1.4,3.42,17.0,3200,-1434,53870,30707,-4921,53690,30271,-1642.98,44032.93,24537.23,-1497.64,44559.96,24141.62,0.00,0.00,0.00,145.34,527.03,-395.61,674.82,674.82,0.384,0.117,1.002,-3.781,-0.906,0.141,8481,320.6,0,0.9307,0.1063,0.3200,-0.1416,345.5,38.7,0.0
968665,2026-09-17_13-42-42.666-240,v5.1.4,3.42,17.0,3200,-1467,53884,30722,-4961,53696,30312,-1670.31,44044.60,24549.40,-1524.75,44565.28,24180.17,0.00,0.00,0.00,145.56,520.68,-369.22,654.69,654.69,0.385,0.117,1.001,-3.953,-0.719,0.375,8481,316.5,0,0.9308,0.1060,0.3200,-0.1415,345.5,38.7,0.0
968769,2026-09-17_13-42-42.770-240,v5.1.4,3.42,17.0,3200,-1434,53800,30786,-4911,53622,30213,-1642.69,43973.81,24602.45,-1495.79,44503.04,24094.88,0.00,0.00,0.00,146.90,529.22,-507.57,747.85,747.85,0.382,0.113,1.000,-4.406,-0.609,0.156,8487,334.8,0,0.9307,0.1054,0.3204,-0.1418,345.4,38.8,0.0
968874,2026-09-17_13-42-42.875-240,v5.1.4,3.42,17.0,3200,-1408,53859,30792,-4795,53693,30290,-1621.64,44022.20,24606.68,-1391.28,44564.94,24138.28,0.00,0.00,0.00,230.36,542.75,-468.40,753.02,753.02,0.385,0.114,1.001,-4.141,-0.656,0.562,8488,335.7,0,0.9308,0.1049,0.3204,-0.1416,345.4,38.8,0.0
968979,2026-09-17_13-42-42.980-240,v5.1.4,3.42,17.0,3200,-1395,53942,30777,-4762,53760,30331,-1611.42,44090.88,24593.54,-1360.20,44621.31,24165.15,0.00,0.00,0.00,251.22,530.43,-428.39,726.63,726.63,0.383,0.116,0.999,-3.891,-1.016,0.547,8488,330.8,0,0.9309,0.1049,0.3202,-0.1412,345.5,38.7,0.0
969083,2026-09-17_13-42-42.084-240,v5.1.4,3.42,17.0,3200,-1353,53810,30767,-4755,53614,30307,-1575.93,43981.55,24586.66,-1353.47,44501.45,24147.26,0.00,0.00,0.00,222.46,519.91,-439.40,716.15,716.15,0.382,0.115,0.999,-4.094,-1.188,0.281,8476,328.8,0,0.9310,0.1047,0.3199,-0.1411,345.5,38.7,0.0
969188,2026-09-17_13-42-42.189-240,v5.1.4,3.42,17.0,3200,-1443,53940,30720,-4903,53769,30295,-1650.87,44090.64,24547.13,-1481.74,44625.45,24156.91,0.00,0.00,0.00,169.13,534.80,-390.22,683.30,683.30,0.386,0.111,1.002,-3.594,-0.500,-0.109,8483,322.3,0,0.9309,0.1049,0.3201,-0.1411,345.5,38.7,0.0
969292,2026-09-17_13-42-42.293-240,v5.1.4,3.44,17.0,3200,-1479,53974,30745,-4696,53824,30231,-1680.82,44118.70,24567.26,-1322.46,44672.11,24074.51,0.00,0.00,0.00,358.37,553.41,-492.75,823.10,823.10,0.381,0.113,1.001,-3.328,-0.547,0.375,8474,348.4,0,0.9308,0.1051,0.3205,-0.1406,345.6,38.8,0.0
969397,2026-09-17_13-42-42.398-240,v5.1.4,3.44,17.0,3200,-1456,53985,30769,-4820,53834,30323,-1661.98,44127.16,24586.69,-1411.36,44680.66,24166.09,0.00,0.00,0.00,250.62,553.50,-420.61,738.97,738.97,0.381,0.114,1.002,-3.781,-0.719,0.125,8474,333.1,0,0.9308,0.1051,0.3207,-0.1405,345.6,38.8,0.0
969502,2026-09-17_13-42-42.503-240,v5.1.4,3.44,17.0,3200,-1456,54025,30626,-4901,53878,30207,-1661.94,44162.54,24469.54,-1496.29,44712.32,24084.54,0.00,0.00,0.00,165.65,549.78,-385.00,691.32,691.32,0.382,0.114,1.005,-4.234,-0.625,-0.297,8485,323.9,0,0.9306,0.1050,0.3211,-0.1410,345.5,38.8,0.0
969617,2026-09-17_13-42-43.618-240,v5.1.4,3.44,17.0,3200,-1566,53957,30579,-5021,53783,30109,-1752.13,44108.27,24432.11,-1606.42,44630.18,24025.32,0.00,0.00,0.00,145.71,521.92,-406.80,677.58,677.58,0.387,0.113,1.000,-3.359,-0.719,0.109,8481,321.2,0,0.9308,0.1052,0.3205,-0.1407,345.6,38.8,0.0
969721,2026-09-17_13-42-43.722-240,v5.1.4,3.44,17.0,3200,-1595,53910,30708,-4800,53734,30240,-1776.00,44067.63,24537.97,-1403.95,44597.09,24098.39,0.00,0.00,0.00,372.05,529.46,-439.57,782.28,782.28,0.385,0.112,1.002,-3.344,-0.891,0.094,8482,341.1,0,0.9309,0.1052,0.3202,-0.1406,345.6,38.7,0.0
969826,2026-09-17_13-42-43.826-240,v5.1.4,3.44,17.0,3200,-1536,53905,30758,-4914,53730,30325,-1727.42,44062.07,24578.71,-1485.22,44594.17,24183.13,0.00,0.00,0.00,242.20,532.10,-395.58,705.89,705.89,0.385,0.115,1.002,-3.781,-0.781,0.203,8482,326.8,0,0.9310,0.1051,0.3202,-0.1405,345.6,38.7,0.0
969930,2026-09-17_13-42-43.931-240,v5.1.4,3.44,17.0,3200,-1481,53943,30756,-4868,53759,30277,-1682.30,44092.93,24576.57,-1455.27,44617.38,24137.55,0.00,0.00,0.00,227.03,524.45,-439.02,720.64,720.64,0.384,0.116,1.000,-3.797,-0.953,-0.109,8480,329.6,0,0.9310,0.1053,0.3199,-0.1406,345.6,38.7,0.0
970035,2026-09-17_13-42-43.035-240,v5.1.4,3.44,17.0,3200,-1426,53951,30719,-4786,53813,30251,-1636.92,44099.57,24546.17,-1393.25,44662.18,24103.88,0.00,0.00,0.00,243.67,562.61,-442.29,755.99,755.99,0.381,0.115,1.000,-3.734,-1.000,-0.141,8479,336.3,0,0.9310,0.1056,0.3199,-0.1407,345.6,38.7,0.0
970139,2026-09-17_13-42-43.140-240,v5.1.4,3.44,17.0,3200,-1502,53935,30732,-4910,53775,30333,-1699.52,44086.93,24557.10,-1482.14,44631.23,24188.22,0.00,0.00,0.00,217.38,544.30,-368.88,692.52,692.52,0.384,0.115,0.997,-4.156,-0.875,0.328,8479,324.1,0,0.9311,0.1051,0.3198,-0.1407,345.5,38.7,0.0
970244,2026-09-17_13-42-43.244-240,v5.1.4,3.44,17.0,3200,-1464,53916,30788,-4664,53733,30237,-1668.17,44069.93,24602.94,-1292.46,44598.40,24076.06,0.00,0.00,0.00,375.71,528.47,-526.88,835.49,835.49,0.384,0.113,1.000,-3.797,-0.734,0.203,8484,350.6,0,0.9311,0.1050,0.3198,-0.1406,345.6,38.7,0.0
970348,2026-09-17_13-42-43.349-240,v5.1.4,3.44,17.0,3200,-1355,53896,30757,-4564,53649,30320,-1578.10,44052.78,24577.61,-1195.49,44533.49,24129.08,0.00,0.00,0.00,382.61,480.71,-448.53,760.70,760.70,0.383,0.115,1.003,-3.562,-0.594,-0.172,8474,337.2,0,0.9309,0.1054,0.3202,-0.1406,345.6,38.7,0.0
970453,2026-09-17_13-42-43.453-240,v5.1.4,3.44,17.0,3200,-1356,53842,30641,-4559,53612,30102,-1578.35,44010.07,24483.48,-1222.07,44497.69,23954.67,0.00,0.00,0.00,356.28,487.62,-528.82,802.72,802.72,0.381,0.115,1.002,-3.828,-0.672,0.188,8478,344.8,0,0.9308,0.1054,0.3205,-0.1404,345.6,38.8,0.0
970557,2026-09-17_13-42-43.558-240,v5.1.4,3.44,17.0,3200,-1369,53814,30553,-4539,53603,30073,-1588.71,43988.51,24411.96,-1209.57,44489.91,23928.69,0.00,0.00,0.00,379.15,501.40,-483.27,792.91,792.91,0.383,0.112,1.001,-3.969,-0.766,0.141,8478,343.1,0,0.9308,0.1051,0.3206,-0.1405,345.6,38.8,0.0
970662,2026-09-17_13-42-44.662-240,v5.1.4,3.44,17.0,3200,-1357,53881,30705,-4677,53651,30267,-1579.55,44041.26,24535.32,-1296.26,44531.93,24103.25,0.00,0.00,0.00,283.29,490.67,-432.07,712.52,712.52,0.384,0.114,1.001,-3.672,-1.000,0.203,8489,328.1,0,0.9309,0.1051,0.3203,-0.1403,345.6,38.7,0.0
970767,2026-09-17_13-42-44.768-240,v5.1.4,3.44,17.0,3200,-1392,53899,30807,-4409,53646,30261,-1608.73,44054.83,24618.47,-1076.48,44532.03,24059.22,0.00,0.00,0.00,532.25,477.20,-559.25,907.62,907.62,0.386,0.114,1.004,-3.844,-0.953,0.500,8474,362.8,0,0.9311,0.1048,0.3202,-0.1401,345.6,38.7,0.0
970872,2026-09-17_13-42-44.873-240,v5.1.4,3.44,17.0,3200,-1225,53910,30705,-4682,53660,30293,-1470.88,44063.85,24534.75,-1296.86,44539.87,24124.63,0.00,0.00,0.00,174.03,476.02,-410.12,651.98,651.98,0.384,0.114,1.004,-4.094,-0.625,0.156,8480,316.0,0,0.9310,0.1047,0.3205,-0.1401,345.6,38.8,0.0
970986,2026-09-17_13-42-44.987-240,v5.1.4,3.44,17.0,3200,-1384,53838,30676,-4711,53582,30178,-1601.48,44006.48,24512.15,-1335.12,44472.67,24038.20,0.00,0.00,0.00,266.37,466.19,-473.96,716.18,716.18,0.383,0.112,1.003,-3.703,-0.906,0.453,8480,328.8,0,0.9310,0.1044,0.3206,-0.1398,345.6,38.8,0.0
971091,2026-09-17_13-42-44.092-240,v5.1.4,3.44,17.0,3200,-1493,53851,30493,-4697,53581,29943,-1691.08,44021.34,24362.86,-1357.88,44466.01,23848.30,0.00,0.00,0.00,333.21,444.67,-514.56,757.31,757.31,0.382,0.116,1.003,-4.234,-0.938,0.484,8488,336.5,0,0.9310,0.1041,0.3207,-0.1397,345.6,38.8,0.0
971195,2026-09-17_13-42-44.196-240,v5.1.4,3.44,17.0,3200,-1450,53895,30654,-4678,53639,30082,-1656.23,44054.62,24493.74,-1323.73,44517.32,23955.71,0.00,0.00,0.00,332.50,462.70,-538.03,783.66,783.66,0.386,0.112,1.005,-3.672,-0.922,0.234,8478,341.4,0,0.9311,0.1040,0.3205,-0.1395,345.7,38.7,0.0
971300,2026-09-17_13-42-44.301-240,v5.1.4,3.44,17.0,3200,-1436,53921,30680,-4616,53645,30128,-1644.90,44075.53,24514.66,-1266.18,44524.42,23983.29,0.00,0.00,0.00,378.72,448.89,-531.38,792.01,792.01,0.385,0.114,1.005,-3.984,-1.078,0.547,8478,342.9,0,0.9313,0.1037,0.3204,-0.1392,345.7,38.7,0.0
971404,2026-09-17_13-42-44.405-240,v5.1.4,3.44,17.0,3200,-1332,53895,30686,-4616,53621,30090,-1558.98,44052.88,24519.62,-1270.99,44503.82,23953.29,0.00,0.00,0.00,287.99,450.94,-566.32,779.11,779.11,0.382,0.112,0.999,-4.188,-0.312,0.172,8486,340.6,0,0.9310,0.1036,0.3210,-0.1393,345.7,38.8,0.0
971509,2026-09-17_13-42-44.510-240,v5.1.4,3.44,17.0,3200,-1331,53872,30813,-4661,53591,30373,-1558.27,44031.79,24623.53,-1265.78,44485.88,24186.60,0.00,0.00,0.00,292.49,454.08,-436.93,694.73,694.73,0.386,0.114,1.002,-3.641,-0.359,-0.203,8489,324.6,0,0.9310,0.1041,0.3211,-0.1392,345.7,38.8,0.0
971613,2026-09-17_13-42-45.614-240,v5.1.4,3.44,17.0,3200,-1473,53846,30680,-4674,53583,30115,-1674.93,44013.95,24515.52,-1313.90,44472.46,23982.39,0.00,0.00,0.00,361.03,458.51,-533.13,790.45,790.45,0.381,0.115,1.006,-3.469,-0.984,-0.125,8489,342.6,0,0.9309,0.1046,0.3211,-0.1391,345.7,38.8,0.0
971718,2026-09-17_13-42-45.719-240,v5.1.4,3.44,17.0,3200,-1516,53849,30778,-4642,53586,30356,-1710.61,44015.28,24595.58,-1252.48,44481.66,24170.30,0.00,0.00,0.00,458.13,466.38,-425.28,779.91,779.91,0.381,0.114,1.003,-3.531,-0.625,0.484,8489,340.7,0,0.9309,0.1045,0.3213,-0.1387,345.8,38.8,0.0
971823,2026-09-17_13-42-45.823-240,v5.1.4,3.44,17.0,3200,-1423,53897,30752,-4678,53599,30237,-1634.17,44054.39,24573.66,-1299.87,44488.63,24080.25,0.00,0.00,0.00,334.30,434.23,-493.42,737.41,737.41,0.384,0.113,1.001,-3.609,-0.938,0.219,8493,332.8,0,0.9310,0.1044,0.3210,-0.1387,345.8,38.8,0.0
971927,2026-09-17_13-42-45.928-240,v5.1.4,3.44,17.0,3200,-1299,53889,30800,-4600,53671,30213,-1531.96,44045.72,24612.67,-1241.41,44548.13,24048.47,0.00,0.00,0.00,290.56,502.41,-564.20,809.41,809.41,0.383,0.116,1.004,-3.734,-0.797,-0.062,8493,346.0,0,0.9310,0.1048,0.3210,-0.1388,345.8,38.8,0.0
972032,2026-09-17_13-42-45.032-240,v5.1.4,3.44,17.0,3200,-1348,53845,30693,-4555,53574,30177,-1571.88,44011.62,24525.88,-1206.66,44468.63,24014.64,0.00,0.00,0.00,365.21,457.02,-511.24,776.93,776.93,0.385,0.114,1.000,-3.688,-0.578,0.250,8486,340.2,0,0.9310,0.1048,0.3209,-0.1386,345.8,38.8,0.0
972137,2026-09-17_13-42-45.138-240,v5.1.4,3.44,17.0,3200,-1373,53817,30884,-4728,53557,30401,-1592.70,43985.63,24682.14,-1315.78,44457.72,24219.35,0.00,0.00,0.00,276.92,472.09,-462.79,716.75,716.75,0.384,0.115,1.005,-3.594,-1.047,0.641,8486,328.9,0,0.9312,0.1046,0.3207,-0.1383,345.9,38.8,0.0
972242,2026-09-17_13-42-45.242-240,v5.1.4,3.44,17.0,3200,-1319,53795,30565,-4615,53486,30021,-1547.39,43972.10,24421.85,-1276.11,44391.70,23900.14,0.00,0.00,0.00,271.28,419.59,-521.72,722.39,722.39,0.382,0.114,0.997,-3.781,-0.484,0.250,8494,330.0,0,0.9311,0.1046,0.3209,-0.1382,345.9,38.8,0.0
972346,2026-09-17_13-42-45.347-240,v5.1.4,3.44,17.0,3200,-1512,53812,30732,-4711,53515,30180,-1706.98,43985.42,24558.40,-1332.77,44417.95,24040.86,0.00,0.00,0.00,374.21,432.54,-517.54,771.35,771.35,0.385,0.118,1.000,-3.703,-0.797,-0.078,8490,339.1,0,0.9312,0.1049,0.3206,-0.1383,345.9,38.8,0.0
972461,2026-09-17_13-42-45.461-240,v5.1.4,3.44,17.0,3200,-1458,53879,30769,-4515,53600,30276,-1662.95,44039.61,24587.80,-1160.09,44493.09,24087.49,0.00,0.00,0.00,502.86,453.49,-500.30,841.92,841.92,0.385,0.113,1.001,-3.703,-0.875,-0.312,8496,351.7,0,0.9312,0.1050,0.3203,-0.1388,345.8,38.7,0.0
972565,2026-09-17_13-42-45.566-240,v5.1.4,3.44,17.0,3200,-1309,53945,30740,-4640,53675,30293,-1540.44,44093.07,24563.13,-1262.76,44552.82,24118.23,0.00,0.00,0.00,277.68,459.75,-444.90,697.44,697.44,0.381,0.113,1.001,-3.438,-0.828,-0.016,8496,325.1,0,0.9311,0.1052,0.3205,-0.1388,345.8,38.8,0.0
972670,2026-09-17_13-42-46.670-240,v5.1.4,3.44,17.0,3200,-1448,53949,30619,-4662,53661,30074,-1654.85,44099.78,24464.60,-1312.40,44535.36,23946.62,0.00,0.00,0.00,342.44,435.58,-517.99,758.49,758.49,0.382,0.113,0.999,-3.484,-0.766,0.172,8485,336.8,0,0.9311,0.1053,0.3206,-0.1387,345.8,38.8,0.0
972774,2026-09-17_13-42-46.775-240,v5.1.4,3.44,17.0,3200,-1342,53920,30746,-4690,53647,30313,-1567.51,44072.66,24568.36,-1300.12,44529.63,24142.00,0.00,0.00,0.00,267.39,456.98,-426.36,679.78,679.78,0.383,0.114,1.004,-3.969,-1.047,-0.188,8487,321.6,0,0.9311,0.1052,0.3205,-0.1392,345.8,38.8,0.0
972878,2026-09-17_13-42-46.879-240,v5.1.4,3.44,17.0,3200,-1516,53913,30671,-4619,53646,30041,-1710.80,44069.89,24507.57,-1281.38,44522.95,23914.16,0.00,0.00,0.00,429.42,453.05,-593.40,861.27,861.27,0.385,0.118,1.002,-3.656,-0.609,0.188,8487,355.0,0,0.9311,0.1054,0.3204,-0.1391,345.8,38.8,0.0
972983,2026-09-17_13-42-46.984-240,v5.1.4,3.44,17.0,3200,-1417,53932,30706,-4774,53677,30239,-1629.35,44084.00,24535.73,-1380.96,44550.89,24094.69,0.00,0.00,0.00,248.39,466.89,-441.04,688.63,688.63,0.380,0.115,1.001,-3.344,-0.938,-0.141,8492,323.4,0,0.9310,0.1058,0.3205,-0.1391,345.8,38.8,0.0
973087,2026-09-17_13-42-46.088-240,v5.1.4,3.44,17.0,3200,-1409,53984,30712,-4630,53726,30188,-1623.10,44126.78,24540.07,-1271.42,44591.96,24032.02,0.00,0.00,0.00,351.67,465.18,-508.06,773.43,773.43,0.383,0.113,1.002,-3.766,-0.703,0.109,8493,339.5,0,0.9309,0.1055,0.3207,-0.1393,345.8,38.8,0.0
973192,2026-09-17_13-42-46.193-240,v5.1.4,3.44,17.0,3200,-1381,54066,30726,-4814,53813,30208,-1600.56,44194.01,24550.59,-1422.57,44660.62,24073.61,0.00,0.00,0.00,177.99,466.61,-476.98,690.59,690.59,0.383,0.115,1.002,-3.484,-0.953,0.328,8493,323.8,0,0.9310,0.1055,0.3205,-0.1391,345.8,38.8,0.0
973297,2026-09-17_13-42-46.298-240,v5.1.4,3.44,17.0,3200,-1438,53968,30542,-4687,53705,30147,-1646.57,44116.63,24401.53,-1323.67,44572.81,24007.94,0.00,0.00,0.00,322.90,456.18,-393.59,683.58,683.58,0.385,0.114,1.005,-3.672,-0.781,0.344,8493,322.4,0,0.9310,0.1053,0.3205,-0.1390,345.8,38.8,0.0
973401,2026-09-17_13-42-46.402-240,v5.1.4,3.44,17.0,3200,-1459,53884,30639,-4598,53601,30118,-1663.55,44045.87,24481.63,-1251.48,44488.48,23973.35,0.00,0.00,0.00,412.06,442.61,-508.28,789.97,789.97,0.383,0.117,1.004,-3.719,-0.484,-0.234,8496,342.5,0,0.9308,0.1056,0.3209,-0.1393,345.8,38.8,0.0
973506,2026-09-17_13-42-46.506-240,v5.1.4,3.44,17.0,3200,-1401,53843,30729,-4742,53574,30277,-1615.64,44009.93,24555.40,-1345.92,44468.19,24122.01,0.00,0.00,0.00,269.72,458.26,-433.39,685.99,685.99,0.385,0.113,0.999,-4.000,-0.734,0.422,8497,322.9,0,0.9309,0.1050,0.3208,-0.1394,345.7,38.8,0.0
973610,2026-09-17_13-42-47.611-240,v5.1.4,3.44,17.0,3200,-1589,53852,30726,-4701,53589,30257,-1770.72,44019.36,24553.25,-1315.57,44480.60,24099.77,0.00,0.00,0.00,455.15,461.24,-453.48,790.92,790.92,0.384,0.114,0.996,-3.672,-0.391,0.031,8495,342.7,0,0.9309,0.1050,0.3208,-0.1395,345.7,38.8,0.0
973715,2026-09-17_13-42-47.715-240,v5.1.4,3.44,17.0,3200,-1496,53886,30724,-4711,53611,30179,-1694.24,44046.52,24551.07,-1335.86,44496.40,24038.53,0.00,0.00,0.00,358.38,449.88,-512.54,770.41,770.41,0.385,0.116,1.002,-3.875,-0.703,3.938,8495,339.0,0,0.9315,0.1028,0.3210,-0.1371,345.9,38.8,0.0
973819,2026-09-17_13-42-47.820-240,v5.1.4,3.44,17.0,3200,-1485,53904,30632,-4696,53606,30098,-1685.10,44062.77,24475.76,-1335.19,44490.47,23971.66,0.00,0.00,0.00,349.91,427.70,-504.10,747.98,747.98,0.385,0.113,1.000,-3.953,-0.703,0.078,8494,334.8,0,0.9315,0.1028,0.3209,-0.1372,345.9,38.8,0.0
973934,2026-09-17_13-42-47.934-240,v5.1.4,3.44,17.0,3200,-1305,53843,30689,-4519,53565,30264,-1536.40,44009.59,24522.55,-1164.06,44464.10,24079.05,0.00,0.00,0.00,372.33,454.52,-443.50,736.15,736.15,0.381,0.111,1.002,-3.906,-0.984,0.047,8502,332.6,0,0.9314,0.1029,0.3211,-0.1375,345.9,38.8,0.0
974038,2026-09-17_13-42-47.039-240,v5.1.4,3.44,17.0,3200,-1421,53846,30720,-4623,53581,30150,-1632.13,44012.76,24548.07,-1266.77,44472.56,24002.92,0.00,0.00,0.00,365.37,459.80,-545.15,801.31,801.31,0.386,0.117,1.001,-3.688,-0.562,0.047,8502,344.6,0,0.9313,0.1035,0.3210,-0.1374,345.9,38.8,0.0
974143,2026-09-17_13-42-47.143-240,v5.1.4,3.44,17.0,3200,-1237,53878,30659,-4693,53617,30263,-1480.48,44038.29,24497.55,-1308.97,44503.77,24102.95,0.00,0.00,0.00,171.51,465.48,-394.61,633.88,633.88,0.386,0.117,1.003,-4.000,-0.594,0.203,8501,312.2,0,0.9313,0.1037,0.3210,-0.1373,345.9,38.8,0.0
974247,2026-09-17_13-42-47.248-240,v5.1.4,3.44,17.0,3200,-1206,53907,30779,-4715,53634,30306,-1455.35,44059.97,24595.14,-1321.31,44518.42,24140.28,0.00,0.00,0.00,134.03,458.45,-454.87,659.58,659.58,0.383,0.112,1.001,-4.000,-1.250,-0.141,8493,317.5,0,0.9314,0.1036,0.3207,-0.1378,345.9,38.8,0.0
974353,2026-09-17_13-42-47.354-240,v5.1.4,3.42,17.0,3200,-1289,53913,30740,-4774,53639,30270,-1523.75,44066.42,24563.42,-1375.27,44520.62,24120.07,0.00,0.00,0.00,148.48,454.20,-443.35,651.85,651.85,0.385,0.112,1.001,-4.391,-0.922,0.266,8499,316.0,0,0.9314,0.1031,0.3206,-0.1381,345.8,38.7,0.0
974458,2026-09-17_13-42-47.458-240,v5.1.4,3.42,17.0,3200,-1429,53862,30637,-4576,53593,30081,-1638.67,44027.41,24480.16,-1238.54,44481.34,23940.68,0.00,0.00,0.00,400.13,453.93,-539.48,810.68,810.68,0.385,0.117,1.004,-3.750,-1.000,0.047,8499,346.2,0,0.9314,0.1037,0.3204,-0.1381,345.8,38.7,0.0
974564,2026-09-17_13-42-47.564-240,v5.1.4,3.42,17.0,3200,-1412,53857,30680,-4676,53544,30228,-1624.70,44022.41,24515.28,-1297.85,44443.46,24073.63,0.00,0.00,0.00,326.85,421.05,-441.64,692.22,692.22,0.386,0.109,1.002,-3.906,-0.625,0.562,8501,324.1,0,0.9314,0.1030,0.3206,-0.1381,345.8,38.7,0.0
974668,2026-09-17_13-42-48.669-240,v5.1.4,3.42,17.0,3200,-1359,53886,30636,-4678,53639,30186,-1581.09,44046.54,24478.95,-1308.54,44520.01,24038.84,0.00,0.00,0.00,272.55,473.48,-440.11,701.54,701.54,0.384,0.115,0.997,-3.766,-0.719,-0.078,8499,325.9,0,0.9314,0.1035,0.3205,-0.1381,345.8,38.7,0.0
974773,2026-09-17_13-42-48.774-240,v5.1.4,3.42,17.0,3200,-1325,53886,30608,-4622,53614,30085,-1553.00,44046.64,24456.02,-1276.45,44497.87,23950.29,0.00,0.00,0.00,276.55,451.23,-505.73,732.02,732.02,0.383,0.115,1.003,-3.859,-0.891,0.266,8492,331.8,0,0.9313,0.1037,0.3206,-0.1381,345.8,38.7,0.0
974878,2026-09-17_13-42-48.878-240,v5.1.4,3.42,17.0,3200,-1442,53880,30641,-4551,53580,30191,-1649.51,44042.36,24483.27,-1201.51,44473.96,24025.15,0.00,0.00,0.00,448.00,431.61,-458.12,772.57,772.57,0.384,0.114,1.003,-4.547,-0.891,-0.375,8492,339.4,0,0.9312,0.1036,0.3206,-0.1389,345.7,38.7,0.0
974982,2026-09-17_13-42-48.983-240,v5.1.4,3.42,17.0,3200,-1415,53811,30479,-4449,53428,30016,-1626.48,43987.71,24351.68,-1138.47,44346.83,23872.71,0.00,0.00,0.00,488.00,359.12,-478.97,772.35,772.35,0.381,0.114,1.005,-3.812,-0.859,0.391,8510,339.3,0,0.9311,0.1037,0.3209,-0.1387,345.8,38.8,0.0
975087,2026-09-17_13-42-48.088-240,v5.1.4,3.42,17.0,3200,-1470,53743,30552,-4389,53363,29988,-1671.55,43930.91,24412.10,-1091.20,44293.95,23842.56,0.00,0.00,0.00,580.35,363.03,-569.54,890.49,890.49,0.381,0.113,1.002,-3.562,-0.719,0.281,8500,360.0,0,0.9311,0.1040,0.3211,-0.1385,345.8,38.8,0.0
975192,2026-09-17_13-42-48.192-240,v5.1.4,3.42,17.0,3200,-1476,53755,30693,-4386,53353,30300,-1676.86,43938.59,24527.09,-1042.88,44293.88,24091.69,0.00,0.00,0.00,633.98,355.29,-435.40,847.19,847.19,0.384,0.117,1.000,-4.125,-0.922,-0.016,8500,352.6,0,0.9311,0.1041,0.3208,-0.1388,345.8,38.8,0.0
975296,2026-09-17_13-42-48.297-240,v5.1.4,3.42,17.0,3200,-1438,53781,30682,-4239,53351,30085,-1645.66,43959.86,24517.76,-953.25,44289.07,23898.29,0.00,0.00,0.00,692.41,329.21,-619.47,985.68,985.68,0.382,0.116,1.000,-3.828,-0.797,0.266,8495,375.3,0,0.9311,0.1043,0.3208,-0.1388,345.8,38.8,0.0
975411,2026-09-17_13-42-48.412-240,v5.1.4,3.42,17.0,3200,-1456,53719,30768,-4209,53247,30316,-1660.29,43907.42,24588.64,-891.66,44210.51,24080.20,0.00,0.00,0.00,768.63,303.09,-508.44,970.14,970.14,0.383,0.116,1.001,-3.984,-1.172,0.344,8492,372.9,0,0.9312,0.1041,0.3204,-0.1388,345.8,38.7,0.0
975515,2026-09-17_13-42-48.516-240,v5.1.4,3.42,17.0,3200,-1494,53724,30730,-4263,53220,30284,-1691.58,43912.56,24557.65,-939.93,44186.74,24062.97,0.00,0.00,0.00,751.65,274.18,-494.68,940.67,940.67,0.379,0.115,1.004,-3.641,-0.812,0.578,8499,368.2,0,0.9311,0.1042,0.3208,-0.1385,345.8,38.8,0.0
975620,2026-09-17_13-42-49.621-240,v5.1.4,3.42,17.0,3200,-1532,53740,30683,-4388,53242,30240,-1722.92,43926.94,24519.20,-1049.88,44201.56,24045.79,0.00,0.00,0.00,673.04,274.62,-473.41,867.48,867.48,0.385,0.112,1.001,-3.734,-0.688,0.234,8499,356.1,0,0.9312,0.1040,0.3208,-0.1386,345.8,38.8,0.0
975724,2026-09-17_13-42-49.725-240,v5.1.4,3.42,17.0,3200,-1535,53761,30661,-4407,53218,30236,-1725.48,43944.68,24501.03,-1065.36,44181.53,24045.76,0.00,0.00,0.00,660.12,236.85,-455.27,836.14,836.14,0.384,0.115,1.003,-3.641,-0.828,0.125,8502,350.7,0,0.9312,0.1042,0.3207,-0.1386,345.8,38.8,0.0
975829,2026-09-17_13-42-49.830-240,v5.1.4,3.42,17.0,3200,-1511,53712,30636,-4367,53230,30201,-1705.33,43904.35,24481.08,-1037.93,44191.08,24011.72,0.00,0.00,0.00,667.40,286.73,-469.36,864.83,864.83,0.382,0.114,0.973,-3.609,-0.688,-0.453,8500,355.7,0,0.9314,0.1048,0.3198,-0.1389,345.8,38.7,0.0
975933,2026-09-17_13-42-49.934-240,v5.1.4,3.42,17.0,3200,-1523,53714,30614,-4255,53162,30034,-1715.19,43906.49,24463.12,-968.07,44133.00,23862.88,0.00,0.00,0.00,747.12,226.50,-600.25,984.78,984.78,0.385,0.115,1.008,-4.062,-0.500,-0.047,8507,375.2,0,0.9311,0.1047,0.3204,-0.1393,345.7,38.7,0.0
976038,2026-09-17_13-42-49.039-240,v5.1.4,3.42,17.0,3200,-1430,53685,30558,-4443,53178,30018,-1638.21,43882.48,24417.52,-1125.58,44142.61,23877.41,0.00,0.00,0.00,512.63,260.13,-540.11,788.78,788.78,0.382,0.116,1.000,-4.141,-0.688,0.109,8507,342.3,0,0.9310,0.1047,0.3206,-0.1395,345.7,38.8,0.0
976143,2026-09-17_13-42-49.144-240,v5.1.4,3.42,17.0,3200,-1537,53587,30490,-4335,53065,30077,-1725.68,43803.74,24363.25,-1024.64,44053.51,23910.53,0.00,0.00,0.00,701.04,249.77,-452.72,871.09,871.09,0.380,0.113,1.002,-4.203,-0.438,0.078,8493,356.7,0,0.9308,0.1045,0.3212,-0.1399,345.6,38.8,0.0
976248,2026-09-17_13-42-49.249-240,v5.1.4,3.42,17.0,3200,-1562,53641,30712,-4325,53091,30247,-1747.09,43844.98,24543.96,-992.39,44079.32,24044.54,0.00,0.00,0.00,754.70,234.34,-499.42,934.83,934.83,0.384,0.116,1.002,-4.016,-0.562,-0.062,8499,367.3,0,0.9307,0.1047,0.3212,-0.1402,345.6,38.9,0.0
976353,2026-09-17_13-42-49.353-240,v5.1.4,3.42,17.0,3200,-1554,53768,30627,-4422,53239,30171,-1741.13,43951.21,24473.24,-1087.84,44196.77,23995.66,0.00,0.00,0.00,653.29,245.56,-477.57,845.67,845.67,0.383,0.116,1.004,-3.969,-1.141,-0.172,8509,352.4,0,0.9307,0.1049,0.3209,-0.1406,345.6,38.8,0.0
976457,2026-09-17_13-42-49.458-240,v5.1.4,3.42,17.0,3200,-1550,53836,30631,-4395,53330,30167,-1738.27,44007.29,24475.79,-1068.99,44271.50,23987.06,0.00,0.00,0.00,669.27,264.21,-488.73,869.82,869.82,0.384,0.114,1.001,-3.719,-0.828,0.297,8509,356.5,0,0.9308,0.1049,0.3208,-0.1405,345.6,38.8,0.0
976562,2026-09-17_13-42-49.562-240,v5.1.4,3.42,17.0,3200,-1509,53908,30622,-4363,53381,30187,-1704.90,44066.49,24467.61,-1041.31,44314.22,23997.54,0.00,0.00,0.00,663.59,247.73,-470.07,850.11,850.11,0.384,0.116,0.999,-3.688,-0.703,-0.250,8499,353.1,0,0.9308,0.1055,0.3206,-0.1407,345.6,38.8,0.0
976666,2026-09-17_13-42-50.667-240,v5.1.4,3.42,17.0,3200,-1511,53864,30654,-4379,53404,30173,-1706.33,44029.64,24494.19,-1057.22,44332.41,23988.33,0.00,0.00,0.00,649.11,302.77,-505.86,876.87,876.87,0.385,0.114,0.999,-3.625,-0.828,0.391,8503,357.7,0,0.9309,0.1054,0.3204,-0.1405,345.6,38.8,0.0
976771,2026-09-17_13-42-50.771-240,v5.1.4,3.42,17.0,3200,-1508,53875,30498,-4397,53360,29986,-1703.61,44041.24,24366.72,-1097.98,44291.31,23842.18,0.00,0.00,0.00,605.63,250.07,-524.54,839.32,839.32,0.386,0.114,1.002,-3.391,-0.625,-0.062,8503,351.3,0,0.9309,0.1058,0.3203,-0.1405,345.6,38.8,0.0
976885,2026-09-17_13-42-50.885-240,v5.1.4,3.42,17.0,3200,-1602,53833,30661,-4462,53293,30174,-1781.19,44004.85,24500.42,-1121.97,44240.35,24003.07,0.00,0.00,0.00,659.22,235.50,-497.35,858.71,858.71,0.382,0.115,1.004,-3.672,-0.672,0.016,8508,354.6,0,0.9307,0.1059,0.3206,-0.1407,345.6,38.8,0.0
976989,2026-09-17_13-42-50.990-240,v5.1.4,3.42,17.0,3200,-1676,53739,30560,-4471,53229,30034,-1841.41,43929.61,24419.10,-1147.85,44184.27,23893.50,0.00,0.00,0.00,693.56,254.66,-525.60,906.72,906.72,0.384,0.116,1.002,-3.688,-0.891,-0.203,8500,362.7,0,0.9307,0.1060,0.3204,-0.1410,345.6,38.8,0.0
977094,2026-09-17_13-42-50.094-240,v5.1.4,3.42,17.0,3200,-1630,53774,30635,-4474,53262,30227,-1803.85,43956.82,24479.86,-1123.15,44216.18,24047.69,0.00,0.00,0.00,680.70,259.36,-432.17,846.99,846.99,0.384,0.114,1.000,-4.062,-0.656,0.203,8500,352.6,0,0.9307,0.1056,0.3204,-0.1413,345.5,38.8,0.0
977198,2026-09-17_13-42-50.199-240,v5.1.4,3.42,17.0,3200,-1649,53805,30538,-4609,53290,29980,-1819.52,43984.21,24400.40,-1271.15,44230.50,23869.60,0.00,0.00,0.00,548.37,246.29,-530.80,801.95,801.95,0.384,0.116,1.002,-3.734,-0.922,0.375,8500,344.7,0,0.9308,0.1056,0.3202,-0.1412,345.5,38.8,0.0
977303,2026-09-17_13-42-50.303-240,v5.1.4,3.42,17.0,3200,-1619,53828,30590,-4586,53316,30209,-1795.03,44002.06,24442.54,-1219.59,44258.04,24048.87,0.00,0.00,0.00,575.45,255.98,-393.67,742.73,742.73,0.386,0.116,0.999,-3.859,-0.969,0.078,8507,333.8,0,0.9309,0.1056,0.3198,-0.1413,345.5,38.7,0.0
977407,2026-09-17_13-42-50.408-240,v5.1.4,3.42,17.0,3200,-1536,53788,30641,-4503,53314,30220,-1726.44,43967.32,24484.42,-1149.63,44258.04,24045.52,0.00,0.00,0.00,576.81,290.72,-438.90,780.93,780.93,0.382,0.111,1.001,-3.422,-0.562,0.422,8506,340.9,0,0.9308,0.1055,0.3202,-0.1410,345.5,38.7,0.0
977512,2026-09-17_13-42-50.512-240,v5.1.4,3.42,17.0,3200,-1552,53761,30644,-4333,53233,30228,-1739.47,43945.13,24487.18,-1006.10,44194.78,24028.27,0.00,0.00,0.00,733.37,249.64,-458.92,900.42,900.42,0.384,0.111,1.004,-3.750,-0.547,0.359,8508,361.6,0,0.9308,0.1051,0.3205,-0.1410,345.5,38.8,0.0
977616,2026-09-17_13-42-51.617-240,v5.1.4,3.42,17.0,3200,-1508,53765,30645,-4328,53236,30176,-1703.21,43947.96,24487.87,-1009.67,44195.97,23985.92,0.00,0.00,0.00,693.54,248.01,-501.95,891.32,891.32,0.381,0.112,1.006,-3.531,-0.594,0.266,8508,360.1,0,0.9307,0.1052,0.3209,-0.1408,345.5,38.8,0.0
977721,2026-09-17_13-42-51.721-240,v5.1.4,3.42,17.0,3200,-1504,53767,30643,-4355,53221,30234,-1699.92,43949.61,24486.21,-1022.96,44184.77,24036.48,0.00,0.00,0.00,676.96,235.16,-449.72,846.07,846.07,0.380,0.114,1.005,-3.609,-0.984,-3.969,8500,352.4,0,0.9300,0.1077,0.3207,-0.1435,345.3,38.9,0.0
977825,2026-09-17_13-42-51.826-240,v5.1.4,3.42,17.0,3200,-1454,53815,30607,-4302,53273,30171,-1658.92,43989.34,24456.21,-990.14,44226.51,23977.52,0.00,0.00,0.00,668.78,237.17,-478.70,855.96,855.96,0.383,0.114,0.998,-3.719,-0.625,-0.250,8499,354.1,0,0.9300,0.1078,0.3206,-0.1438,345.2,38.9,0.0
977930,2026-09-17_13-42-51.930-240,v5.1.4,3.42,17.0,3200,-1455,53839,30605,-4301,53305,30155,-1659.89,44009.20,24454.33,-992.64,44252.27,23964.07,0.00,0.00,0.00,667.26,243.07,-490.26,862.94,862.94,0.384,0.110,1.003,-4.109,-0.984,0.172,8499,355.3,0,0.9301,0.1070,0.3205,-0.1442,345.1,38.8,0.0
978034,2026-09-17_13-42-51.035-240,v5.1.4,3.42,17.0,3200,-1426,53803,30659,-4255,53266,30196,-1635.86,43978.28,24498.73,-947.61,44222.20,23990.72,0.00,0.00,0.00,688.25,243.92,-508.01,889.53,889.53,0.384,0.116,1.003,-3.984,-0.750,0.281,8512,359.8,0,0.9301,0.1069,0.3205,-0.1441,345.2,38.8,0.0
978139,2026-09-17_13-42-51.139-240,v5.1.4,3.42,17.0,3200,-1365,53783,30644,-4127,53233,30132,-1585.40,43961.38,24486.56,-850.62,44195.64,23921.31,0.00,0.00,0.00,734.78,234.27,-565.26,956.19,956.19,0.382,0.115,1.003,-3.656,-0.641,-0.156,8507,370.7,0,0.9300,0.1074,0.3206,-0.1441,345.2,38.9,0.0
978244,2026-09-17_13-42-51.245-240,v5.1.4,3.42,17.0,3200,-1384,53755,30629,-4258,53226,30158,-1600.86,43938.68,24474.65,-954.40,44188.46,23961.42,0.00,0.00,0.00,646.46,249.78,-513.23,862.39,862.39,0.383,0.115,0.998,-3.953,-0.891,-0.141,8503,355.2,0,0.9301,0.1074,0.3203,-0.1443,345.2,38.8,0.0
978359,2026-09-17_13-42-51.359-240,v5.1.4,3.42,17.0,3200,-1446,53827,30531,-4385,53286,30159,-1652.25,44000.41,24394.03,-1060.58,44235.48,23979.89,0.00,0.00,0.00,591.66,235.08,-414.14,759.50,759.50,0.384,0.115,1.002,-3.750,-0.828,0.266,8503,337.0,0,0.9301,0.1073,0.3203,-0.1441,345.2,38.8,0.0
978463,2026-09-17_13-42-51.464-240,v5.1.4,3.42,17.0,3200,-1498,53841,30560,-4348,53318,30082,-1695.28,44012.04,24417.67,-1042.36,44260.25,23912.40,0.00,0.00,0.00,652.91,248.22,-505.26,862.09,862.09,0.385,0.115,1.000,-3.719,-0.797,0.000,8501,355.2,0,0.9302,0.1074,0.3201,-0.1441,345.2,38.8,0.0
978568,2026-09-17_13-42-51.569-240,v5.1.4,3.42,17.0,3200,-1564,53764,30477,-4367,53230,29919,-1749.05,43950.46,24350.85,-1079.10,44183.80,23786.29,0.00,0.00,0.00,669.95,233.34,-564.56,906.64,906.64,0.384,0.114,1.001,-3.859,-0.516,0.016,8501,362.7,0,0.9301,0.1073,0.3202,-0.1442,345.2,38.8,0.0
978672,2026-09-17_13-42-52.673-240,v5.1.4,3.42,17.0,3200,-1596,53733,30573,-4403,53220,30129,-1775.43,43923.61,24429.61,-1077.75,44180.46,23959.60,0.00,0.00,0.00,697.68,256.85,-470.00,879.56,879.56,0.384,0.113,0.998,-3.938,-0.672,0.250,8504,358.1,0,0.9302,0.1069,0.3202,-0.1443,345.1,38.8,0.0
978777,2026-09-17_13-42-52.778-240,v5.1.4,3.42,17.0,3200,-1580,53785,30592,-4423,53253,30118,-1762.60,43966.10,24444.54,-1096.83,44206.83,23953.22,0.00,0.00,0.00,665.78,240.73,-491.32,861.75,861.75,0.381,0.116,1.006,-3.703,-0.547,-0.609,8504,355.1,0,0.9299,0.1076,0.3206,-0.1446,345.1,38.9,0.0
978882,2026-09-17_13-42-52.882-240,v5.1.4,3.42,17.0,3200,-1576,53819,30659,-4387,53294,30226,-1759.66,43993.05,24498.88,-1052.69,44243.72,24033.62,0.00,0.00,0.00,706.96,250.67,-465.26,882.66,882.66,0.380,0.114,1.004,-3.938,-0.562,0.203,8493,358.7,0,0.9298,0.1073,0.3210,-0.1447,345.1,38.9,0.0
978986,2026-09-17_13-42-52.987-240,v5.1.4,3.42,17.0,3200,-1591,53828,30679,-4312,53322,30229,-1772.12,44000.32,24515.14,-991.41,44267.91,24024.57,0.00,0.00,0.00,780.72,267.59,-490.57,960.09,960.09,0.382,0.114,0.998,-3.562,-0.719,-0.203,8506,371.3,0,0.9298,0.1075,0.3208,-0.1448,345.1,38.9,0.0
979091,2026-09-17_13-42-52.091-240,v5.1.4,3.42,17.0,3200,-1565,53783,30562,-4230,53270,30124,-1750.16,43964.78,24420.04,-937.67,44224.02,23929.43,0.00,0.00,0.00,812.49,259.23,-490.61,983.89,983.89,0.384,0.118,1.003,-3.406,-0.516,0.188,8497,375.0,0,0.9298,0.1080,0.3208,-0.1444,345.2,38.9,0.0
979195,2026-09-17_13-42-52.196-240,v5.1.4,3.42,17.0,3200,-1522,53775,30697,-4376,53250,30234,-1714.92,43955.52,24530.24,-1041.13,44208.14,24039.10,0.00,0.00,0.00,673.80,252.61,-491.14,871.23,871.23,0.385,0.114,0.999,-3.594,-0.328,0.094,8497,356.7,0,0.9299,0.1078,0.3208,-0.1443,345.2,38.9,0.0
979300,2026-09-17_13-42-52.300-240,v5.1.4,3.44,17.0,3200,-1560,53763,30690,-4362,53223,30266,-1746.17,43946.12,24524.73,-1024.11,44187.12,24063.06,0.00,0.00,0.00,722.06,241.00,-461.67,890.28,890.28,0.385,0.115,1.000,-3.781,-0.797,0.672,8501,359.9,0,0.9301,0.1072,0.3204,-0.1439,345.2,38.8,0.0
979404,2026-09-17_13-42-52.405-240,v5.1.4,3.44,17.0,3200,-1569,53726,30688,-4310,53162,30184,-1753.35,43915.68,24523.50,-991.42,44135.98,23990.85,0.00,0.00,0.00,761.93,220.30,-532.65,955.40,955.40,0.383,0.112,0.998,-3.609,-0.797,-0.359,8503,370.6,0,0.9301,0.1072,0.3202,-0.1442,345.2,38.8,0.0
979508,2026-09-17_13-42-52.509-240,v5.1.4,3.44,17.0,3200,-1642,53679,30608,-4172,53060,30089,-1813.09,43878.90,24458.84,-888.62,44052.37,23896.29,0.00,0.00,0.00,924.47,173.47,-562.55,1095.99,1095.99,0.383,0.116,1.006,-3.453,-0.375,0.281,8503,391.9,0,0.9301,0.1073,0.3206,-0.1438,345.2,38.8,0.0
979613,2026-09-17_13-42-53.614-240,v5.1.4,3.44,17.0,3200,-1620,53646,30617,-3956,52958,30111,-1794.76,43851.27,24466.48,-704.56,43973.06,23883.81,0.00,0.00,0.00,1090.20,121.79,-582.67,1242.12,1242.12,0.385,0.115,1.000,-3.812,-0.375,0.359,8515,412.3,0,0.9301,0.1069,0.3206,-0.1436,345.2,38.8,0.0
979717,2026-09-17_13-42-53.718-240,v5.1.4,3.44,17.0,3200,-1547,53584,30691,-3758,52813,30165,-1734.31,43798.09,24527.38,-529.32,43859.12,23900.24,0.00,0.00,0.00,1205.00,61.04,-627.14,1359.80,1359.80,0.380,0.113,1.007,-3.984,-0.500,-0.078,8505,427.5,0,0.9299,0.1067,0.3213,-0.1439,345.2,38.9,0.0
979832,2026-09-17_13-42-53.833-240,v5.1.4,3.44,17.0,3200,-1641,53482,30670,-3604,52647,30142,-1811.14,43715.12,24511.49,-400.87,43725.32,23861.90,0.00,0.00,0.00,1410.26,10.20,-649.59,1552.71,1552.71,0.381,0.113,1.001,-3.641,-1.516,-0.125,8520,450.7,0,0.9302,0.1066,0.3204,-0.1441,345.1,38.8,0.0
979937,2026-09-17_13-42-53.937-240,v5.1.4,3.44,17.0,3200,-1672,53524,30650,-3598,52601,30166,-1836.93,43750.47,24494.80,-391.02,43688.43,23880.94,0.00,0.00,0.00,1445.91,-62.04,-613.86,1572.04,1572.04,0.386,0.113,1.000,-3.828,-1.047,0.250,8520,453.0,0,0.9304,0.1061,0.3199,-0.1441,345.1,38.7,0.0
980041,2026-09-17_13-42-53.042-240,v5.1.4,3.44,17.0,3200,-1718,53620,30668,-3582,52577,30131,-1875.51,43829.97,24508.59,-382.23,43668.17,23851.00,0.00,0.00,0.00,1493.28,-161.80,-657.59,1639.66,1639.66,0.382,0.115,1.005,-3.438,-0.812,0.828,8505,460.6,0,0.9305,0.1060,0.3201,-0.1433,345.2,38.8,0.0
980146,2026-09-17_13-42-53.146-240,v5.1.4,3.44,17.0,3200,-1686,53642,30574,-3625,52569,30103,-1849.07,43849.35,24431.56,-421.46,43660.21,23835.05,0.00,0.00,0.00,1427.61,-189.14,-596.51,1558.74,1558.74,0.386,0.115,1.002,-3.672,-1.125,-0.016,8511,451.4,0,0.9306,0.1060,0.3196,-0.1433,345.2,38.7,0.0
980250,2026-09-17_13-42-53.251-240,v5.1.4,3.44,17.0,3200,-1709,53727,30587,-3694,52570,30104,-1868.60,43919.59,24441.34,-478.11,43659.93,23845.95,0.00,0.00,0.00,1390.49,-259.66,-595.38,1534.72,1534.72,0.380,0.115,0.998,-3.219,-0.297,0.312,8497,448.7,0,0.9305,0.1064,0.3202,-0.1428,345.3,38.8,0.0
980355,2026-09-17_13-42-53.356-240,v5.1.4,3.44,17.0,3200,-1738,53678,30449,-3690,52558,29885,-1891.93,43881.66,24329.25,-506.43,43644.54,23670.49,0.00,0.00,0.00,1385.50,-237.13,-658.76,1552.36,1552.36,0.384,0.113,1.002,-3.656,-0.688,0.047,8497,450.7,0,0.9305,0.1062,0.3202,-0.1428,345.3,38.8,0.0
980460,2026-09-17_13-42-53.461-240,v5.1.4,3.44,17.0,3200,-1786,53674,30343,-3697,52522,29862,-1931.27,43880.58,24242.87,-514.44,43614.40,23653.71,0.00,0.00,0.00,1416.83,-266.18,-589.16,1557.36,1557.36,0.385,0.114,0.996,-3.719,-0.859,0.172,8514,451.3,0,0.9306,0.1060,0.3198,-0.1428,345.3,38.7,0.0
980564,2026-09-17_13-42-53.565-240,v5.1.4,3.44,17.0,3200,-1809,53642,30528,-3712,52496,30095,-1950.41,43851.37,24394.27,-491.97,43598.91,23842.58,0.00,0.00,0.00,1458.44,-252.46,-551.69,1579.60,1579.60,0.382,0.115,0.998,-3.859,-0.875,-0.109,8515,453.8,0,0.9306,0.1060,0.3198,-0.1431,345.3,38.7,0.0
980669,2026-09-17_13-42-54.670-240,v5.1.4,3.44,17.0,3200,-1810,53645,30532,-3745,52507,30139,-1951.26,43853.79,24397.50,-513.03,43608.51,23882.42,0.00,0.00,0.00,1438.22,-245.28,-515.09,1547.24,1547.24,0.382,0.115,1.007,-3.938,-0.875,-0.234,8515,450.1,0,0.9305,0.1059,0.3200,-0.1435,345.2,38.7,0.0
980773,2026-09-17_13-42-54.774-240,v5.1.4,3.44,17.0,3200,-1805,53631,30544,-3784,52514,30128,-1947.07,43841.98,24407.43,-546.94,43613.32,23879.23,0.00,0.00,0.00,1400.13,-228.66,-528.20,1513.81,1513.81,0.384,0.116,1.003,-3.719,-1.109,0.062,8506,446.2,0,0.9306,0.1060,0.3197,-0.1435,345.2,38.7,0.0
980878,2026-09-17_13-42-54.879-240,v5.1.4,3.44,17.0,3200,-1821,53737,30534,-3765,52589,30082,-1960.92,43929.88,24398.20,-540.33,43673.75,23838.48,0.00,0.00,0.00,1420.59,-256.13,-559.72,1548.21,1548.21,0.384,0.113,1.004,-4.172,-0.922,0.266,8514,450.2,0,0.9306,0.1054,0.3198,-0.1437,345.1,38.7,0.0
980983,2026-09-17_13-42-54.983-240,v5.1.4,3.44,17.0,3200,-1766,53613,30575,-3719,52465,30161,-1914.86,43826.20,24432.84,-487.14,43575.16,23896.86,0.00,0.00,0.00,1427.72,-251.03,-535.99,1545.53,1545.53,0.382,0.114,1.007,-3.781,-0.656,-0.609,8509,449.9,0,0.9303,0.1059,0.3201,-0.1442,345.1,38.8,0.0
981087,2026-09-17_13-42-54.088-240,v5.1.4,3.44,17.0,3200,-1791,53584,30547,-3758,52481,30081,-1935.23,43802.96,24410.34,-531.40,43585.55,23838.37,0.00,0.00,0.00,1403.83,-217.41,-571.97,1531.39,1531.39,0.384,0.112,1.005,-3.422,-0.859,0.047,8509,448.3,0,0.9304,0.1059,0.3201,-0.1441,345.1,38.8,0.0
981192,2026-09-17_13-42-54.192-240,v5.1.4,3.44,17.0,3200,-1929,53677,30531,-3906,52553,30120,-2049.59,43881.48,24396.60,-649.69,43643.02,23890.12,0.00,0.00,0.00,1399.90,-238.46,-506.49,1507.68,1507.68,0.383,0.110,1.001,-3.828,-0.172,-3.781,8508,445.5,0,0.9296,0.1078,0.3204,-0.1468,344.8,38.9,0.0
981306,2026-09-17_13-42-54.307-240,v5.1.4,3.44,17.0,3200,-1652,53617,30523,-3556,52445,30094,-1820.77,43829.17,24390.12,-362.20,43559.73,23819.71,0.00,0.00,0.00,1458.58,-269.45,-570.41,1589.15,1589.15,0.383,0.113,0.996,-3.578,-0.438,-0.703,8506,454.9,0,0.9295,0.1082,0.3204,-0.1471,344.8,38.9,0.0
981411,2026-09-17_13-42-54.411-240,v5.1.4,3.44,17.0,3200,-1629,53640,30524,-3569,52474,30086,-1801.95,43847.92,24390.64,-374.95,43583.02,23814.76,0.00,0.00,0.00,1427.00,-264.91,-575.89,1561.46,1561.46,0.384,0.114,1.001,-3.797,-0.844,-0.047,8520,451.7,0,0.9296,0.1080,0.3202,-0.1472,344.8,38.8,0.0
981515,2026-09-17_13-42-54.516-240,v5.1.4,3.44,17.0,3200,-1628,53657,30531,-3541,52483,30003,-1801.25,43861.84,24396.18,-364.30,43588.68,23744.16,0.00,0.00,0.00,1436.95,-273.16,-652.02,1601.43,1601.43,0.386,0.115,1.005,-3.516,-0.766,-0.141,8520,456.3,0,0.9297,0.1082,0.3200,-0.1470,344.8,38.8,0.0
981620,2026-09-17_13-42-55.620-240,v5.1.4,3.44,17.0,3200,-1634,53600,30360,-3602,52459,29887,-1805.49,43817.60,24257.20,-430.69,43565.07,23660.76,0.00,0.00,0.00,1374.80,-252.53,-596.44,1519.73,1519.73,0.381,0.115,0.997,-3.969,-0.766,0.203,8509,446.9,0,0.9297,0.1079,0.3200,-0.1469,344.8,38.8,0.0
981725,2026-09-17_13-42-55.725-240,v5.1.4,3.44,17.0,3200,-1692,53592,30532,-3564,52426,30032,-1853.62,43808.78,24397.81,-377.25,43542.46,23771.62,0.00,0.00,0.00,1476.37,-266.32,-626.19,1625.64,1625.64,0.385,0.115,1.004,-3.547,-1.016,0.000,8522,459.0,0,0.9299,0.1079,0.3196,-0.1467,344.8,38.8,0.0
981830,2026-09-17_13-42-55.830-240,v5.1.4,3.44,17.0,3200,-1748,53578,30527,-3614,52426,30125,-1899.70,43797.88,24393.99,-404.81,43544.05,23853.30,0.00,0.00,0.00,1494.89,-253.83,-540.69,1609.80,1609.80,0.381,0.117,1.001,-3.656,-0.688,0.109,8522,457.2,0,0.9298,0.1080,0.3198,-0.1465,344.9,38.8,0.0
981934,2026-09-17_13-42-55.935-240,v5.1.4,3.44,17.0,3200,-1792,53600,30509,-3694,52429,30072,-1936.08,43816.80,24379.16,-478.46,43543.84,23822.62,0.00,0.00,0.00,1457.62,-272.96,-556.54,1583.95,1583.95,0.383,0.114,1.004,-3.797,-0.547,3.656,8512,454.3,0,0.9303,0.1056,0.3203,-0.1441,345.1,38.8,0.0
982040,2026-09-17_13-42-55.040-240,v5.1.4,3.44,17.0,3200,-1746,53646,30488,-3719,52475,29958,-1898.40,43854.68,24361.44,-517.09,43578.09,23734.42,0.00,0.00,0.00,1381.31,-276.58,-627.02,1541.97,1541.97,0.386,0.114,1.000,-3.844,-0.328,0.062,8507,449.5,0,0.9303,0.1056,0.3204,-0.1440,345.1,38.8,0.0
982144,2026-09-17_13-42-55.145-240,v5.1.4,3.44,17.0,3200,-1709,53656,30409,-3633,52499,29806,-1867.79,43863.84,24296.77,-469.25,43595.18,23599.92,0.00,0.00,0.00,1398.54,-268.66,-696.85,1585.46,1585.46,0.381,0.116,1.005,-3.875,-0.938,0.031,8511,454.5,0,0.9303,0.1058,0.3205,-0.1439,345.1,38.8,0.0
982249,2026-09-17_13-42-55.249-240,v5.1.4,3.44,17.0,3200,-1704,53607,30246,-3658,52471,29807,-1863.03,43825.96,24164.21,-488.82,43571.91,23604.83,0.00,0.00,0.00,1374.21,-254.05,-559.38,1505.29,1505.29,0.384,0.112,1.005,-3.719,-0.547,0.047,8511,445.2,0,0.9302,0.1057,0.3207,-0.1437,345.2,38.8,0.0
982353,2026-09-17_13-42-55.354-240,v5.1.4,3.44,17.0,3200,-1746,53592,30489,-3684,52463,30095,-1898.06,43810.04,24362.82,-467.92,43572.39,23839.00,0.00,0.00,0.00,1430.14,-237.65,-523.82,1541.48,1541.48,0.384,0.115,1.004,-3.812,-0.953,0.047,8509,449.4,0,0.9303,0.1057,0.3204,-0.1438,345.2,38.8,0.0
982458,2026-09-17_13-42-55.459-240,v5.1.4,3.44,17.0,3200,-1771,53570,30427,-3738,52426,29844,-1918.41,43793.14,24312.49,-547.86,43534.79,23646.86,0.00,0.00,0.00,1370.55,-258.35,-665.62,1545.38,1545.38,0.384,0.109,1.002,-3.953,-0.828,-0.172,8512,449.9,0,0.9303,0.1053,0.3204,-0.1441,345.1,38.8,0.0
982563,2026-09-17_13-42-55.564-240,v5.1.4,3.44,17.0,3200,-1808,53585,30329,-3715,52468,29829,-1948.82,43807.52,24232.41,-532.41,43569.11,23630.83,0.00,0.00,0.00,1416.41,-238.41,-601.58,1557.22,1557.22,0.382,0.116,1.001,-3.906,-0.656,-0.469,8517,451.3,0,0.9302,0.1059,0.3205,-0.1444,345.1,38.8,0.0
982668,2026-09-17_13-42-56.668-240,v5.1.4,3.44,17.0,3200,-1760,53634,30447,-3710,52486,29878,-1909.79,43845.57,24328.12,-521.70,43585.17,23668.98,0.00,0.00,0.00,1388.09,-260.40,-659.14,1558.55,1558.55,0.381,0.115,1.000,-3.938,-0.797,0.219,8517,451.4,0,0.9302,0.1058,0.3205,-0.1443,345.1,38.8,0.0
982782,2026-09-17_13-42-56.782-240,v5.1.4,3.44,17.0,3200,-1728,53582,30713,-3660,52420,30162,-1883.60,43797.95,24545.74,-437.07,43539.36,23889.72,0.00,0.00,0.00,1446.53,-258.59,-656.02,1609.25,1609.25,0.385,0.114,1.001,-3.828,-0.750,-0.016,8508,457.2,0,0.9303,0.1058,0.3203,-0.1444,345.1,38.8,0.0
982886,2026-09-17_13-42-56.887-240,v5.1.4,3.44,17.0,3200,-1772,53578,30625,-3783,52430,30204,-1919.68,43796.53,24474.04,-532.45,43546.63,23941.18,0.00,0.00,0.00,1387.23,-249.90,-532.86,1506.92,1506.92,0.383,0.115,1.006,-3.828,-0.766,0.031,8518,445.4,0,0.9302,0.1058,0.3204,-0.1444,345.1,38.8,0.0
982991,2026-09-17_13-42-56.991-240,v5.1.4,3.44,17.0,3200,-1792,53588,30543,-3734,52436,29939,-1936.08,43806.34,24407.04,-531.01,43545.48,23722.06,0.00,0.00,0.00,1405.07,-260.86,-684.98,1584.76,1584.76,0.381,0.116,0.998,-3.797,-1.266,0.562,8508,454.4,0,0.9304,0.1056,0.3201,-0.1440,345.1,38.8,0.0
983095,2026-09-17_13-42-56.096-240,v5.1.4,3.44,17.0,3200,-1736,53582,30640,-3674,52435,30244,-1890.05,43799.22,24486.16,-437.08,43553.51,23957.08,0.00,0.00,0.00,1452.97,-245.71,-529.08,1565.70,1565.70,0.384,0.115,1.002,-3.688,-0.719,0.031,8508,452.2,0,0.9304,0.1058,0.3201,-0.1439,345.1,38.8,0.0
983200,2026-09-17_13-42-56.200-240,v5.1.4,3.44,17.0,3200,-1687,53564,30419,-3682,52421,29874,-1849.09,43787.45,24305.84,-497.25,43532.39,23662.71,0.00,0.00,0.00,1351.84,-255.06,-643.13,1518.60,1518.60,0.383,0.113,0.999,-3.984,-0.438,0.281,8516,446.8,0,0.9303,0.1055,0.3204,-0.1438,345.1,38.8,0.0
983304,2026-09-17_13-42-56.305-240,v5.1.4,3.44,17.0,3200,-1714,53544,30548,-3696,52369,30086,-1871.48,43769.10,24411.41,-476.23,43495.12,23835.06,0.00,0.00,0.00,1395.26,-273.97,-576.36,1534.27,1534.27,0.385,0.114,1.006,-3.922,-0.859,0.188,8515,448.6,0,0.9304,0.1053,0.3203,-0.1438,345.1,38.8,0.0
983409,2026-09-17_13-42-56.409-240,v5.1.4,3.44,17.0,3200,-1737,53525,30519,-3705,52371,30077,-1890.27,43754.11,24387.98,-485.01,43496.38,23829.15,0.00,0.00,0.00,1405.27,-257.73,-558.83,1534.11,1534.11,0.387,0.116,1.005,-3.656,-0.781,0.094,8515,448.6,0,0.9305,0.1056,0.3201,-0.1436,345.2,38.8,0.0
983513,2026-09-17_13-42-56.514-240,v5.1.4,3.44,17.0,3200,-1794,53515,30516,-3722,52318,30075,-1937.21,43746.49,24385.76,-497.66,43452.73,23830.89,0.00,0.00,0.00,1439.55,-293.76,-554.87,1570.50,1570.50,0.385,0.114,0.996,-3.859,-0.812,-0.234,8528,452.8,0,0.9305,0.1057,0.3198,-0.1439,345.1,38.7,0.0
983618,2026-09-17_13-42-57.619-240,v5.1.4,3.44,17.0,3200,-1789,53516,30510,-3797,52349,30078,-1933.08,43747.36,24380.84,-559.88,43476.93,23843.80,0.00,0.00,0.00,1373.20,-270.43,-537.04,1499.07,1499.07,0.386,0.114,0.996,-3.797,-0.328,-0.047,8512,444.5,0,0.9305,0.1058,0.3198,-0.1440,345.1,38.7,0.0
983722,2026-09-17_13-42-57.723-240,v5.1.4,3.44,17.0,3200,-1807,53542,30511,-3779,52373,30099,-1948.09,43769.01,24381.42,-542.74,43497.39,23857.56,0.00,0.00,0.00,1405.35,-271.62,-523.86,1524.21,1524.21,0.386,0.114,1.007,-3.969,-0.516,0.797,8509,447.4,0,0.9305,0.1052,0.3201,-0.1436,345.1,38.8,0.0
983827,2026-09-17_13-42-57.828-240,v5.1.4,3.44,17.0,3200,-1797,53621,30577,-3689,52431,30104,-1940.48,43833.10,24434.46,-469.74,43546.38,23847.43,0.00,0.00,0.00,1470.74,-286.71,-587.03,1609.31,1609.31,0.385,0.115,1.002,-3.969,-0.750,0.000,8509,457.2,0,0.9305,0.1052,0.3200,-0.1438,345.1,38.7,0.0
983932,2026-09-17_13-42-57.933-240,v5.1.4,3.44,17.0,3200,-1750,53643,30396,-3534,52416,29878,-1901.49,43853.74,24286.38,-374.74,43530.79,23644.27,0.00,0.00,0.00,1526.75,-322.95,-642.10,1687.47,1687.47,0.385,0.111,1.002,-3.359,-0.859,0.078,8505,465.8,0,0.9306,0.1054,0.3198,-0.1435,345.2,38.7,0.0
984036,2026-09-17_13-42-57.037-240,v5.1.4,3.44,17.0,3200,-1779,53508,30752,-3264,52145,30314,-1925.27,43736.70,24578.45,-80.62,43324.89,23957.51,0.00,0.00,0.00,1844.64,-411.80,-620.95,1989.44,1989.44,0.384,0.113,0.997,-3.922,-0.594,0.375,8514,496.9,0,0.9306,0.1051,0.3199,-0.1435,345.2,38.7,0.0
984150,2026-09-17_13-42-57.151-240,v5.1.4,3.44,17.0,3200,-1778,53445,30664,-2759,51901,30175,-1923.87,43686.08,24507.27,322.08,43130.02,23776.19,0.00,0.00,0.00,2245.94,-556.06,-731.08,2426.51,2426.51,0.384,0.115,0.999,-3.891,-0.688,-0.203,8514,536.8,0,0.9305,0.1054,0.3199,-0.1437,345.1,38.7,0.0
984255,2026-09-17_13-42-57.256-240,v5.1.4,3.44,17.0,3200,-1867,53202,30783,-2378,51358,30304,-1995.95,43484.30,24607.12,671.04,42695.62,23832.06,0.00,0.00,0.00,2666.99,-788.68,-775.06,2887.14,2887.14,0.382,0.113,1.003,-4.438,-0.719,0.234,8514,574.0,0,0.9304,0.1048,0.3203,-0.1441,345.1,38.8,0.0
984360,2026-09-17_13-42-57.361-240,v5.1.4,3.42,17.0,3200,-1936,53241,30761,-2041,51081,30503,-2053.06,43517.59,24588.90,985.87,42479.78,23946.11,0.00,0.00,0.00,3038.92,-1037.81,-642.79,3274.95,3274.95,0.382,0.114,1.002,-3.672,-1.109,0.375,8518,602.3,0,0.9305,0.1047,0.3201,-0.1439,345.1,38.7,0.0
984465,2026-09-17_13-42-57.465-240,v5.1.4,3.42,17.0,3200,-1977,53150,30770,-1665,50654,30330,-2086.31,43442.69,24597.28,1283.07,42132.33,23759.46,0.00,0.00,0.00,3369.38,-1310.36,-837.83,3711.02,3711.02,0.384,0.112,1.000,-3.406,-0.719,0.234,8519,631.5,0,0.9306,0.1048,0.3200,-0.1437,345.1,38.7,0.0
984569,2026-09-17_13-42-57.570-240,v5.1.4,3.42,17.0,3200,-2039,53095,30523,-1518,50259,30801,-2136.59,43401.92,24396.35,1484.90,41823.97,24120.69,0.00,0.00,0.00,3621.48,-1577.95,-275.66,3959.93,3959.93,0.385,0.113,1.003,-4.297,-0.312,-0.156,8519,647.2,0,0.9304,0.1045,0.3204,-0.1443,345.0,38.8,0.0
984674,2026-09-17_13-42-58.674-240,v5.1.4,3.42,17.0,3200,-2108,53153,30653,-1509,50010,30710,-2194.12,43448.43,24502.02,1486.65,41618.21,24050.59,0.00,0.00,0.00,3680.76,-1830.21,-451.43,4135.40,4135.40,0.380,0.112,1.001,-3.609,-0.984,-0.125,8517,657.9,0,0.9304,0.1048,0.3203,-0.1445,345.0,38.8,0.0
984778,2026-09-17_13-42-58.779-240,v5.1.4,3.42,17.0,3200,-2299,53346,30728,-1982,50113,30442,-2353.00,43608.62,24561.63,1055.18,41687.83,23904.10,0.00,0.00,0.00,3408.18,-1920.80,-657.53,3967.05,3967.05,0.381,0.119,0.999,-3.703,-0.688,0.094,8513,647.7,0,0.9303,0.1052,0.3203,-0.1445,345.0,38.8,0.0
984883,2026-09-17_13-42-58.884-240,v5.1.4,3.42,17.0,3200,-2313,53182,30579,-1918,49843,30520,-2363.20,43475.71,24441.73,1127.50,41470.16,23961.36,0.00,0.00,0.00,3490.70,-2005.55,-480.37,4054.38,4054.38,0.381,0.111,1.000,-3.453,-0.312,0.047,8512,653.0,0,0.9301,0.1051,0.3207,-0.1446,345.0,38.8,0.0
984987,2026-09-17_13-42-58.988-240,v5.1.4,3.42,17.0,3200,-2173,53210,30672,-1797,49845,30479,-2248.12,43495.88,24517.07,1221.02,41472.70,23910.80,0.00,0.00,0.00,3469.13,-2023.18,-606.26,4061.49,4061.49,0.385,0.115,1.000,-3.641,-0.812,0.094,8512,653.4,0,0.9303,0.1052,0.3203,-0.1447,345.0,38.8,0.0
985092,2026-09-17_13-42-58.093-240,v5.1.4,3.42,17.0,3200,-2078,53253,30449,-1668,49855,30051,-2169.60,43534.06,24334.38,1264.36,41471.91,23549.59,0.00,0.00,0.00,3433.97,-2062.15,-784.80,4081.73,4081.73,0.380,0.111,1.006,-4.438,-0.688,0.406,8510,654.7,0,0.9301,0.1045,0.3208,-0.1450,344.9,38.8,0.0
985197,2026-09-17_13-42-58.197-240,v5.1.4,3.42,17.0,3200,-2131,53272,30551,-1706,49915,30017,-2213.63,43548.64,24417.56,1226.29,41519.46,23527.03,0.00,0.00,0.00,3439.93,-2029.18,-890.54,4091.91,4091.91,0.384,0.113,1.002,-3.750,-0.516,0.594,8523,655.3,0,0.9302,0.1043,0.3209,-0.1447,345.0,38.8,0.0
985301,2026-09-17_13-42-58.302-240,v5.1.4,3.42,17.0,3200,-2061,53288,30489,-1654,49926,29984,-2155.89,43562.14,24366.64,1263.93,41528.45,23492.84,0.00,0.00,0.00,3419.81,-2033.70,-873.79,4073.64,4073.64,0.384,0.116,0.997,-3.859,-0.703,-0.062,8521,654.2,0,0.9302,0.1047,0.3206,-0.1447,345.0,38.8,0.0
985406,2026-09-17_13-42-58.406-240,v5.1.4,3.42,17.0,3200,-2052,53251,30652,-1607,49874,30400,-2148.56,43528.83,24500.06,1364.92,41497.44,23819.32,0.00,0.00,0.00,3513.48,-2031.39,-680.74,4115.15,4115.15,0.380,0.114,1.004,-3.625,-0.922,-0.047,8521,656.7,0,0.9302,0.1051,0.3206,-0.1448,345.0,38.8,0.0
985510,2026-09-17_13-42-58.511-240,v5.1.4,3.42,17.0,3200,-2097,53230,30476,-1685,49820,30248,-2185.18,43514.82,24356.70,1280.21,41448.11,23710.11,0.00,0.00,0.00,3465.39,-2066.71,-646.59,4086.36,4086.36,0.386,0.114,1.002,-3.578,-0.812,-0.172,8524,655.0,0,0.9303,0.1054,0.3202,-0.1449,345.0,38.8,0.0
985626,2026-09-17_13-42-59.626-240,v5.1.4,3.42,17.0,3200,-2154,53261,30394,-1655,49899,29938,-2232.21,43542.35,24289.56,1257.21,41505.17,23456.65,0.00,0.00,0.00,3489.43,-2037.18,-832.91,4125.52,4125.52,0.383,0.112,1.004,-4.016,-1.062,-0.109,8518,657.3,0,0.9303,0.1051,0.3200,-0.1454,344.9,38.7,0.0
985730,2026-09-17_13-42-59.731-240,v5.1.4,3.42,17.0,3200,-2119,53288,30422,-1741,49924,29891,-2203.58,43563.84,24312.06,1178.83,41523.00,23431.29,0.00,0.00,0.00,3382.40,-2040.84,-880.77,4047.40,4047.40,0.384,0.113,0.999,-3.781,-0.891,0.203,8518,652.6,0,0.9304,0.1051,0.3197,-0.1454,344.9,38.7,0.0
985835,2026-09-17_13-42-59.835-240,v5.1.4,3.42,17.0,3200,-2115,53240,30567,-1712,49922,30247,-2200.27,43521.78,24430.92,1254.72,41531.03,23711.65,0.00,0.00,0.00,3454.99,-1990.75,-719.27,4051.84,4051.84,0.383,0.116,1.001,-3.641,-0.562,0.297,8518,652.9,0,0.9303,0.1053,0.3199,-0.1451,344.9,38.7,0.0
985939,2026-09-17_13-42-59.940-240,v5.1.4,3.42,17.0,3200,-2107,53232,30364,-1735,49884,30161,-2193.21,43518.40,24265.28,1224.41,41497.37,23646.88,0.00,0.00,0.00,3417.62,-2021.03,-618.39,4018.34,4018.34,0.383,0.113,1.002,-3.906,-0.484,0.375,8523,650.8,0,0.9303,0.1051,0.3202,-0.1450,345.0,38.8,0.0
986044,2026-09-17_13-42-59.045-240,v5.1.4,3.42,17.0,3200,-2137,53212,30460,-1790,49866,30238,-2218.02,43500.62,24343.91,1190.95,41483.75,23716.79,0.00,0.00,0.00,3408.96,-2016.87,-627.12,4010.24,4010.24,0.380,0.115,1.002,-3.656,-0.641,0.562,8518,650.3,0,0.9302,0.1051,0.3205,-0.1446,345.0,38.8,0.0
986148,2026-09-17_13-42-59.149-240,v5.1.4,3.42,17.0,3200,-2204,53208,30336,-1761,49839,30109,-2272.99,43500.03,24242.87,1196.80,41458.82,23609.85,0.00,0.00,0.00,3469.79,-2041.21,-633.02,4075.14,4075.14,0.383,0.113,1.004,-3.297,-0.656,0.672,8518,654.3,0,0.9303,0.1051,0.3205,-0.1440,345.1,38.8,0.0
986253,2026-09-17_13-42-59.254-240,v5.1.4,3.42,17.0,3200,-2200,53236,30441,-1774,49882,30134,-2270.08,43521.41,24328.29,1188.44,41494.41,23631.05,0.00,0.00,0.00,3458.52,-2027.00,-697.23,4068.93,4068.93,0.383,0.113,1.005,-4.281,-0.516,0.266,8520,653.9,0,0.9302,0.1045,0.3208,-0.1444,345.0,38.8,0.0
986358,2026-09-17_13-42-59.358-240,v5.1.4,3.42,17.0,3200,-2169,53282,30505,-1752,49886,30249,-2244.94,43558.05,24379.99,1223.21,41501.00,23719.69,0.00,0.00,0.00,3468.15,-2057.05,-660.29,4086.01,4086.01,0.383,0.115,0.999,-3.750,-0.562,-0.375,8521,654.9,0,0.9302,0.1050,0.3207,-0.1447,345.0,38.8,0.0
986462,2026-09-17_13-42-59.463-240,v5.1.4,3.42,17.0,3200,-2121,53298,30629,-1727,49909,30400,-2205.71,43568.75,24480.94,1265.12,41524.11,23836.37,0.00,0.00,0.00,3470.82,-2044.64,-644.58,4079.54,4079.54,0.384,0.112,1.000,-3.781,-0.891,-0.219,8524,654.5,0,0.9302,0.1050,0.3203,-0.1450,344.9,38.8,0.0
986567,2026-09-17_13-42-59.567-240,v5.1.4,3.42,17.0,3200,-2139,53229,30820,-1740,49840,30454,-2220.50,43508.81,24637.62,1264.42,41468.89,23882.54,0.00,0.00,0.00,3484.92,-2039.93,-755.08,4108.05,4108.05,0.382,0.113,1.001,-3.812,-0.391,0.312,8524,656.3,0,0.9301,0.1049,0.3206,-0.1451,344.9,38.8,0.0
986671,2026-09-17_13-43-00.672-240,v5.1.4,3.42,17.0,3200,-2170,53226,30671,-1761,49835,30215,-2245.74,43509.09,24516.08,1212.40,41458.29,23694.64,0.00,0.00,0.00,3458.14,-2050.80,-821.43,4103.57,4103.57,0.380,0.114,1.000,-4.000,-0.500,0.438,8526,656.0,0,0.9300,0.1048,0.3209,-0.1451,344.9,38.9,0.0
986776,2026-09-17_13-43-00.776-240,v5.1.4,3.42,17.0,3200,-2205,53232,30744,-1782,49836,30319,-2274.79,43513.21,24575.68,1210.27,41461.45,23780.85,0.00,0.00,0.00,3485.06,-2051.77,-794.84,4121.55,4121.55,0.384,0.112,1.030,-3.594,-0.750,0.125,8515,657.1,0,0.9298,0.1048,0.3214,-0.1452,344.9,38.9,0.0
986880,2026-09-17_13-43-00.881-240,v5.1.4,3.42,17.0,3200,-2186,53292,30438,-1766,49897,30086,-2258.89,43567.57,24325.22,1187.55,41505.55,23591.27,0.00,0.00,0.00,3446.44,-2062.02,-733.96,4082.71,4082.71,0.381,0.114,1.002,-3.656,-0.484,0.000,8523,654.7,0,0.9298,0.1052,0.3215,-0.1453,344.9,38.9,0.0
986984,2026-09-17_13-43-00.985-240,v5.1.4,3.42,17.0,3200,-2160,53287,30523,-1696,49892,30104,-2237.59,43561.79,24394.61,1247.93,41503.07,23595.47,0.00,0.00,0.00,3485.51,-2058.72,-799.14,4126.23,4126.23,0.381,0.114,1.005,-3.672,-0.938,-0.188,8523,657.4,0,0.9298,0.1055,0.3212,-0.1456,344.9,38.9,0.0
987099,2026-09-17_13-43-00.100-240,v5.1.4,3.42,17.0,3200,-2151,53085,30469,-1717,49657,30239,-2228.77,43395.70,24352.61,1257.56,41314.10,23710.21,0.00,0.00,0.00,3486.34,-2081.59,-642.40,4110.99,4110.99,0.378,0.115,1.001,-4.016,-1.031,0.031,8525,656.4,0,0.9298,0.1056,0.3211,-0.1460,344.8,38.9,0.0
987203,2026-09-17_13-43-00.204-240,v5.1.4,3.42,17.0,3200,-2220,53036,30500,-1796,49648,30275,-2285.42,43355.42,24378.57,1198.09,41306.40,23750.72,0.00,0.00,0.00,3483.52,-2049.02,-627.85,4089.94,4089.94,0.381,0.112,0.998,-4.000,-0.656,0.391,8520,655.2,0,0.9298,0.1052,0.3210,-0.1461,344.8,38.9,0.0
987308,2026-09-17_13-43-00.309-240,v5.1.4,3.42,17.0,3200,-2215,53229,30459,-1771,49872,29996,-2282.44,43515.49,24343.08,1171.07,41482.71,23520.46,0.00,0.00,0.00,3453.51,-2032.78,-822.62,4090.92,4090.92,0.385,0.117,1.000,-3.734,-0.766,-0.141,8520,655.2,0,0.9299,0.1058,0.3205,-0.1463,344.8,38.8,0.0
987413,2026-09-17_13-43-00.413-240,v5.1.4,3.42,17.0,3200,-2154,53306,30465,-1718,49938,29981,-2232.64,43578.38,24347.05,1210.46,41537.14,23499.64,0.00,0.00,0.00,3443.10,-2041.24,-847.41,4091.42,4091.42,0.385,0.112,1.003,-3.500,-1.109,-0.062,8530,655.3,0,0.9301,0.1060,0.3199,-0.1465,344.8,38.8,0.0
987517,2026-09-17_13-43-00.518-240,v5.1.4,3.42,17.0,3200,-2152,53298,30553,-1749,49914,30483,-2231.12,43570.31,24418.97,1258.98,41529.98,23905.86,0.00,0.00,0.00,3490.10,-2040.32,-513.11,4075.17,4075.17,0.381,0.114,1.002,-3.594,-0.656,-0.266,8524,654.3,0,0.9299,0.1065,0.3200,-0.1467,344.8,38.8,0.0
987622,2026-09-17_13-43-01.622-240,v5.1.4,3.42,17.0,3200,-2231,53300,30547,-1764,49898,30334,-2296.26,43572.88,24414.21,1225.37,41512.81,23789.21,0.00,0.00,0.00,3521.64,-2060.06,-625.01,4127.52,4127.52,0.385,0.112,1.001,-3.734,-1.062,-0.109,8526,657.4,0,0.9300,0.1063,0.3195,-0.1471,344.7,38.7,0.0
987726,2026-09-17_13-43-01.727-240,v5.1.4,3.42,17.0,3200,-2186,53291,30421,-1819,49866,30011,-2258.85,43567.03,24311.36,1133.94,41477.42,23539.59,0.00,0.00,0.00,3392.79,-2089.61,-771.77,4058.71,4058.71,0.385,0.116,1.005,-3.984,-0.969,0.719,8526,653.3,0,0.9302,0.1060,0.3194,-0.1469,344.7,38.7,0.0
987831,2026-09-17_13-43-01.831-240,v5.1.4,3.42,17.0,3200,-2218,53345,30382,-1782,49930,30209,-2285.50,43612.61,24279.03,1191.33,41535.45,23691.42,0.00,0.00,0.00,3476.83,-2077.16,-587.61,4092.46,4092.46,0.381,0.115,1.004,-3.516,-0.844,-0.203,8520,655.3,0,0.9300,0.1065,0.3195,-0.1470,344.7,38.7,0.0
987935,2026-09-17_13-43-01.936-240,v5.1.4,3.42,17.0,3200,-2170,53380,30475,-1768,49976,30011,-2246.33,43639.52,24354.48,1172.54,41568.16,23530.35,0.00,0.00,0.00,3418.86,-2071.35,-824.12,4081.46,4081.46,0.380,0.112,1.003,-3.547,-0.922,0.453,8514,654.7,0,0.9300,0.1063,0.3197,-0.1468,344.8,38.7,0.0
988040,2026-09-17_13-43-01.040-240,v5.1.4,3.42,17.0,3200,-2165,53348,30468,-1733,49990,30014,-2241.99,43613.14,24349.09,1201.34,41580.26,23527.39,0.00,0.00,0.00,3443.33,-2032.88,-821.69,4082.19,4082.19,0.383,0.113,0.998,-3.703,-0.812,0.625,8520,654.7,0,0.9301,0.1060,0.3196,-0.1465,344.8,38.7,0.0
988144,2026-09-17_13-43-01.145-240,v5.1.4,3.42,17.0,3200,-2155,53394,30592,-1754,50001,30400,-2234.28,43649.01,24449.81,1240.08,41598.88,23838.86,0.00,0.00,0.00,3474.36,-2050.13,-610.95,4080.13,4080.13,0.384,0.113,1.003,-3.547,-0.703,-0.188,8520,654.6,0,0.9301,0.1062,0.3196,-0.1467,344.8,38.7,0.0
988249,2026-09-17_13-43-01.249-240,v5.1.4,3.42,17.0,3200,-2211,53267,30580,-1759,49864,30368,-2279.63,43544.86,24441.45,1235.49,41485.97,23816.20,0.00,0.00,0.00,3515.12,-2058.89,-625.26,4121.42,4121.42,0.383,0.114,1.002,-3.906,-0.984,0.062,8527,657.1,0,0.9301,0.1061,0.3194,-0.1469,344.7,38.7,0.0
988353,2026-09-17_13-43-01.354-240,v5.1.4,3.42,17.0,3200,-2278,53307,30473,-1833,49879,30523,-2334.92,43580.35,24353.83,1196.78,41501.04,23950.72,0.00,0.00,0.00,3531.69,-2079.31,-403.12,4118.12,4118.12,0.383,0.114,1.001,-3.406,-1.375,0.516,8525,656.9,0,0.9303,0.1060,0.3189,-0.1466,344.8,38.6,0.0
988467,2026-09-17_13-43-01.468-240,v5.1.4,3.42,17.0,3200,-2222,53138,30021,-1396,49756,30888,-2286.76,43447.52,23986.50,1613.40,41416.99,24180.34,0.00,0.00,0.00,3900.15,-2030.53,193.85,4401.34,4401.34,0.380,0.114,1.004,-3.562,-0.703,0.000,8538,673.5,0,0.9301,0.1064,0.3194,-0.1466,344.8,38.7,0.0
989383,2026-09-17_13-43-02.384-240,v5.1.4,3.43,17.0,3200,-2489,52285,28510,8075,38689,37382,-2498.48,42770.22,22762.47,10693.46,32691.01,28158.28,0.00,0.00,0.00,13191.93,-10079.21,5395.81,17456.58,17456.58,0.382,0.114,1.001,-3.781,-0.484,0.234,8543,1116.1,0,0.9290,0.1063,0.3228,-0.1464,344.8,39.1,0.0
989589,2026-09-17_13-43-03.590-240,v5.1.4,3.43,17.0,3200,-2568,52431,28421,7678,38287,36314,-2564.37,42893.11,22688.46,10223.21,32328.37,27369.18,0.00,0.00,0.00,12787.58,-10564.74,4680.71,17234.99,17234.99,0.385,0.116,1.005,-3.891,-0.797,0.422,8533,1111.0,0,0.9295,0.1059,0.3214,-0.1464,344.8,38.9,0.0
989694,2026-09-17_13-43-03.694-240,v5.1.4,3.43,17.0,3200,-2634,52422,28409,7684,38139,36327,-2618.71,42886.55,22678.90,10234.58,32207.81,27381.05,0.00,0.00,0.00,12853.29,-10678.74,4702.15,17359.52,17359.52,0.385,0.116,1.006,-4.172,-0.547,0.172,8525,1113.9,0,0.9296,0.1058,0.3213,-0.1466,344.7,38.9,0.0
989798,2026-09-17_13-43-03.799-240,v5.1.4,3.43,17.0,3200,-2645,52472,28307,7749,38076,36338,-2627.90,42929.64,22595.14,10291.60,32157.65,27381.31,0.00,0.00,0.00,12919.49,-10771.99,4786.17,17488.75,17488.75,0.380,0.113,1.000,-4.000,-0.656,0.109,8526,1116.9,0,0.9295,0.1057,0.3213,-0.1469,344.7,38.9,0.0
989903,2026-09-17_13-43-03.903-240,v5.1.4,3.43,17.0,3200,-2586,52523,28277,7909,38035,36342,-2579.51,42971.65,22569.99,10425.09,32126.82,27361.69,0.00,0.00,0.00,13004.59,-10844.83,4791.69,17598.01,17598.01,0.383,0.118,1.000,-3.828,-0.781,0.703,8526,1119.4,0,0.9297,0.1059,0.3210,-0.1464,344.8,38.9,0.0
990007,2026-09-17_13-43-03.008-240,v5.1.4,3.43,17.0,3200,-2514,52553,28252,8025,38033,36300,-2520.27,42996.09,22549.12,10514.46,32125.98,27311.13,0.00,0.00,0.00,13034.73,-10870.11,4762.00,17627.83,17627.83,0.381,0.114,1.004,-4.156,-0.797,0.188,8518,1120.0,0,0.9297,0.1058,0.3210,-0.1466,344.8,38.9,0.0
990112,2026-09-17_13-43-03.112-240,v5.1.4,3.43,17.0,3200,-2523,52475,28292,7993,37986,36352,-2527.28,42931.09,22582.61,10497.16,32088.38,27358.14,0.00,0.00,0.00,13024.44,-10842.71,4775.53,17606.99,17606.99,0.382,0.113,0.997,-3.531,-0.609,0.203,8528,1119.6,0,0.9297,0.1060,0.3208,-0.1464,344.8,38.9,0.0
990216,2026-09-17_13-43-03.217-240,v5.1.4,3.43,17.0,3200,-2513,52463,28295,8018,37950,36329,-2518.96,42921.04,22585.16,10515.48,32058.77,27336.66,0.00,0.00,0.00,13034.44,-10862.27,4751.50,17619.94,17619.94,0.384,0.113,0.994,-4.047,-0.719,0.125,8524,1119.9,0,0.9299,0.1059,0.3203,-0.1466,344.8,38.8,0.0
990321,2026-09-17_13-43-03.321-240,v5.1.4,3.43,17.0,3200,-2553,52499,28234,8037,37983,36350,-2552.05,42952.18,22535.07,10533.17,32086.59,27350.13,0.00,0.00,0.00,13085.22,-10865.59,4815.06,17676.79,17676.79,0.385,0.117,0.994,-3.969,-0.797,0.156,8524,1121.1,0,0.9300,0.1061,0.3198,-0.1466,344.8,38.8,0.0
990425,2026-09-17_13-43-03.426-240,v5.1.4,3.43,17.0,3200,-2426,52506,28249,8130,38000,36311,-2447.40,42956.41,22546.98,10603.47,32100.99,27305.04,0.00,0.00,0.00,13050.87,-10855.43,4758.06,17629.65,17629.65,0.383,0.114,1.005,-3.844,-0.562,-0.188,8528,1120.1,0,0.9298,0.1064,0.3202,-0.1469,344.8,38.8,0.0
990530,2026-09-17_13-43-03.530-240,v5.1.4,3.43,17.0,3200,-2488,52523,28255,8115,38007,36293,-2498.65,42971.00,22551.83,10588.29,32106.00,27292.74,0.00,0.00,0.00,13086.94,-10865.00,4740.91,17657.64,17657.64,0.384,0.117,0.995,-4.016,-0.422,0.391,8526,1120.7,0,0.9299,0.1065,0.3201,-0.1467,344.8,38.8,0.0
990635,2026-09-17_13-43-04.636-240,v5.1.4,3.43,17.0,3200,-2519,52500,28254,8077,38001,36341,-2524.06,42952.34,22551.32,10564.21,32101.72,27336.78,0.00,0.00,0.00,13088.28,-10850.61,4785.46,17661.81,17661.81,0.384,0.115,0.996,-3.125,-0.828,0.312,8536,1120.8,0,0.9301,0.1069,0.3196,-0.1462,344.9,38.7,0.0
990740,2026-09-17_13-43-04.740-240,v5.1.4,3.43,17.0,3200,-2578,52490,28218,8043,37960,36355,-2572.58,42945.27,22522.16,10539.54,32068.02,27353.61,0.00,0.00,0.00,13112.12,-10877.25,4831.46,17708.34,17708.34,0.381,0.116,1.001,-3.812,-0.719,0.109,8536,1121.9,0,0.9300,0.1071,0.3198,-0.1464,344.9,38.8,0.0
990855,2026-09-17_13-43-04.856-240,v5.1.4,3.43,17.0,3200,-2562,52558,28128,8023,37970,36216,-2559.64,43002.75,22447.95,10502.48,32072.28,27245.27,0.00,0.00,0.00,13062.12,-10930.47,4797.32,17694.87,17694.87,0.385,0.114,0.995,-4.125,-0.812,0.312,8530,1121.6,0,0.9301,0.1065,0.3194,-0.1466,344.8,38.7,0.0
990960,2026-09-17_13-43-04.961-240,v5.1.4,3.43,17.0,3200,-2535,52567,28113,8018,37974,36217,-2537.40,43010.15,22435.55,10498.39,32075.49,27246.74,0.00,0.00,0.00,13035.79,-10934.66,4811.19,17681.80,17681.80,0.383,0.113,1.002,-4.031,-1.047,-0.391,8536,1121.3,0,0.9301,0.1066,0.3193,-0.1472,344.7,38.7,0.0
991065,2026-09-17_13-43-04.065-240,v5.1.4,3.43,17.0,3200,-2543,52534,28114,8055,37928,36207,-2543.79,42982.95,22436.73,10528.79,32038.23,27234.05,0.00,0.00,0.00,13072.58,-10944.72,4797.32,17711.39,17711.39,0.382,0.115,0.972,-4.094,-0.688,0.266,8530,1121.9,0,0.9303,0.1067,0.3186,-0.1472,344.7,38.6,0.0
991169,2026-09-17_13-43-04.170-240,v5.1.4,3.43,17.0,3200,-2544,52543,28249,8032,37876,36411,-2544.94,42988.20,22546.84,10541.24,32000.62,27401.33,0.00,0.00,0.00,13086.18,-10987.58,4854.49,17763.48,17763.48,0.385,0.117,0.994,-3.734,-0.734,0.016,8530,1123.1,0,0.9303,0.1071,0.3184,-0.1472,344.7,38.6,0.0
991274,2026-09-17_13-43-04.274-240,v5.1.4,3.43,17.0,3200,-2569,52497,28288,8042,37854,36369,-2565.34,42949.82,22579.21,10544.01,31981.71,27366.64,0.00,0.00,0.00,13109.35,-10968.11,4787.43,17750.32,17750.32,0.384,0.116,0.997,-3.906,-0.625,0.422,8529,1122.8,0,0.9303,0.1070,0.3185,-0.1471,344.7,38.6,0.0
991378,2026-09-17_13-43-04.379-240,v5.1.4,3.43,17.0,3200,-2600,52484,28255,8003,37798,36376,-2590.76,42939.93,22552.47,10514.66,31935.48,27378.85,0.00,0.00,0.00,13105.42,-11004.46,4826.38,17780.44,17780.44,0.387,0.113,1.009,-3.719,-0.641,0.125,8533,1123.5,0,0.9302,0.1068,0.3188,-0.1473,344.7,38.7,0.0
991483,2026-09-17_13-43-04.484-240,v5.1.4,3.43,17.0,3200,-2584,52546,28247,8024,37886,36376,-2577.94,42991.12,22545.26,10529.24,32007.76,27374.37,0.00,0.00,0.00,13107.18,-10983.36,4829.11,17769.43,17769.43,0.383,0.115,0.994,-3.531,-0.781,0.203,8533,1123.3,0,0.9302,0.1070,0.3187,-0.1472,344.7,38.6,0.0
991588,2026-09-17_13-43-04.589-240,v5.1.4,3.43,17.0,3200,-2529,52563,28257,8066,37917,36381,-2532.72,43004.43,22553.13,10563.58,32033.91,27371.71,0.00,0.00,0.00,13096.29,-10970.52,4818.58,17750.60,17750.60,0.382,0.115,0.996,-4.203,-0.734,-0.078,8533,1122.8,0,0.9301,0.1070,0.3188,-0.1476,344.7,38.7,0.0
991693,2026-09-17_13-43-05.694-240,v5.1.4,3.43,17.0,3200,-2552,52508,28285,8031,37878,36375,-2551.39,42958.78,22576.61,10535.10,32001.31,27372.67,0.00,0.00,0.00,13086.49,-10957.47,4796.05,17729.20,17729.20,0.383,0.112,1.011,-3.531,-0.609,0.000,8539,1122.3,0,0.9299,0.1071,0.3194,-0.1477,344.7,38.7,0.0
991797,2026-09-17_13-43-05.798-240,v5.1.4,3.43,17.0,3200,-2572,52474,28299,7998,37898,36359,-2567.69,42930.67,22588.43,10505.00,32016.71,27364.40,0.00,0.00,0.00,13072.69,-10913.96,4775.97,17686.71,17686.71,0.384,0.116,0.995,-3.156,-0.547,0.391,8534,1121.4,0,0.9300,0.1076,0.3193,-0.1472,344.8,38.7,0.0
991902,2026-09-17_13-43-05.902-240,v5.1.4,3.43,17.0,3200,-2575,52459,28249,7960,37830,36328,-2569.97,42919.12,22547.78,10471.29,31959.70,27346.28,0.00,0.00,0.00,13041.26,-10959.42,4798.49,17697.71,17697.71,0.384,0.113,1.006,-7.375,-0.797,-0.047,8534,1121.6,0,0.9296,0.1050,0.3199,-0.1496,344.3,38.8,0.0
992006,2026-09-17_13-43-05.007-240,v5.1.4,3.43,17.0,3200,-2531,52478,28205,7993,37875,36297,-2533.72,42935.07,22511.57,10492.54,31996.22,27315.94,0.00,0.00,0.00,13026.26,-10938.85,4804.37,17675.51,17675.51,0.386,0.114,0.995,-4.016,-0.312,0.594,8523,1121.1,0,0.9297,0.1054,0.3199,-0.1491,344.4,38.8,0.0
992111,2026-09-17_13-43-05.112-240,v5.1.4,3.43,17.0,3200,-2495,52452,28276,8010,37867,36335,-2504.01,42912.07,22569.73,10512.32,31990.94,27343.95,0.00,0.00,0.00,13016.33,-10921.12,4774.22,17649.05,17649.05,0.383,0.114,1.008,-4.344,-0.922,-0.078,8526,1120.5,0,0.9296,0.1056,0.3200,-0.1494,344.4,38.8,0.0
992215,2026-09-17_13-43-05.216-240,v5.1.4,3.43,17.0,3200,-2500,52476,28241,8018,37902,36279,-2508.22,42932.52,22540.92,10509.65,32018.24,27297.45,0.00,0.00,0.00,13017.87,-10914.28,4756.54,17641.17,17641.17,0.380,0.113,0.995,-3.469,-0.938,-0.266,8526,1120.3,0,0.9296,0.1066,0.3198,-0.1492,344.4,38.8,0.0
992330,2026-09-17_13-43-05.330-240,v5.1.4,3.43,17.0,3200,-2490,52568,28277,7995,38012,36303,-2500.63,43007.84,22569.33,10490.86,32108.41,27318.26,0.00,0.00,0.00,12991.49,-10899.43,4748.93,17610.47,17610.47,0.384,0.118,0.999,-3.906,-0.734,-0.109,8534,1119.6,0,0.9296,0.1073,0.3195,-0.1492,344.5,38.8,0.0
992434,2026-09-17_13-43-05.435-240,v5.1.4,3.43,17.0,3200,-2524,52542,28303,7918,38003,36278,-2528.55,42986.29,22590.89,10424.13,32099.16,27309.71,0.00,0.00,0.00,12952.68,-10887.13,4718.82,17566.13,17566.13,0.383,0.116,0.998,-3.875,-0.672,0.391,8537,1118.6,0,0.9296,0.1075,0.3195,-0.1490,344.5,38.8,0.0
992539,2026-09-17_13-43-05.539-240,v5.1.4,3.43,17.0,3200,-2502,52613,28243,7976,38068,36230,-2510.74,43045.70,22541.13,10462.85,32151.99,27261.80,0.00,0.00,0.00,12973.59,-10893.70,4720.67,17586.12,17586.12,0.386,0.113,1.002,-3.953,-0.750,0.578,8537,1119.1,0,0.9297,0.1070,0.3195,-0.1489,344.5,38.7,0.0
992643,2026-09-17_13-43-06.644-240,v5.1.4,3.43,17.0,3200,-2460,52605,28267,7991,38045,36259,-2476.10,43038.26,22560.72,10480.13,32134.18,27283.15,0.00,0.00,0.00,12956.24,-10904.07,4722.43,17580.22,17580.22,0.383,0.115,1.009,-3.781,-0.859,0.359,8537,1118.9,0,0.9296,0.1072,0.3197,-0.1487,344.5,38.8,0.0
992748,2026-09-17_13-43-06.748-240,v5.1.4,3.43,17.0,3200,-2505,52609,28278,7999,38104,36299,-2513.26,43041.85,22569.75,10490.75,32183.58,27313.01,0.00,0.00,0.00,13004.00,-10858.27,4743.26,17592.75,17592.75,0.387,0.116,0.997,-4.109,-0.359,-0.172,8526,1119.2,0,0.9296,0.1075,0.3196,-0.1489,344.5,38.8,0.0
992852,2026-09-17_13-43-06.853-240,v5.1.4,3.43,17.0,3200,-2522,52673,28258,7988,38128,36300,-2527.64,43095.23,22552.79,10481.11,32203.05,27315.04,0.00,0.00,0.00,13008.75,-10892.18,4762.25,17622.32,17622.32,0.385,0.113,0.994,-3.719,-1.094,0.844,8529,1119.9,0,0.9299,0.1071,0.3190,-0.1484,344.6,38.7,0.0
992957,2026-09-17_13-43-06.957-240,v5.1.4,3.43,17.0,3200,-2575,52566,28258,7962,37994,36330,-2570.67,43007.37,22554.01,10468.20,32093.86,27344.97,0.00,0.00,0.00,13038.87,-10913.52,4790.96,17665.51,17665.51,0.382,0.116,1.025,-3.812,-0.750,0.172,8534,1120.9,0,0.9296,0.1073,0.3198,-0.1484,344.6,38.8,0.0
993061,2026-09-17_13-43-06.062-240,v5.1.4,3.43,17.0,3200,-2658,52528,28208,7917,37923,36321,-2638.77,42977.65,22513.77,10432.04,32034.85,27345.51,0.00,0.00,0.00,13070.81,-10942.80,4831.74,17718.26,17718.26,0.382,0.114,1.007,-3.281,-0.422,0.047,8534,1122.1,0,0.9295,0.1078,0.3202,-0.1482,344.6,38.8,0.0
1004573,2026-09-17_13-43-17.574-240,v5.1.4,3.43,17.0,3200,-2602,52551,28005,7415,39044,35562,-2592.33,42999.38,22347.70,9873.82,32923.52,26794.58,0.00,0.00,0.00,12466.15,-10075.86,4446.88,16634.38,16634.38,0.383,0.113,0.996,-3.625,-0.516,-0.438,8544,1096.9,0,0.9254,0.1313,0.3107,-0.1730,342.3,38.3,0.0
1004678,2026-09-17_13-43-18.678-240,v5.1.4,3.43,17.0,3200,-2667,52586,28072,7355,38992,35541,-2646.29,43027.88,22402.16,9822.98,32879.50,26787.42,0.00,0.00,0.00,12469.27,-10148.39,4385.26,16664.42,16664.42,0.383,0.113,1.009,-3.859,-0.641,0.016,8558,1097.7,0,0.9251,0.1290,0.3120,-0.1740,342.0,38.5,0.0
1004782,2026-09-17_13-43-18.783-240,v5.1.4,3.43,17.0,3200,-2665,52600,27942,7417,39058,35408,-2644.47,43041.55,22295.89,9852.55,32931.02,26670.96,0.00,0.00,0.00,12497.02,-10110.53,4375.06,16659.51,16659.51,0.385,0.114,1.005,-3.125,-0.594,0.109,8551,1097.5,0,0.9249,0.1277,0.3129,-0.1742,342.0,38.6,0.0
1004887,2026-09-17_13-43-18.887-240,v5.1.4,3.43,17.0,3200,-2576,52619,28013,7485,39005,35508,-2571.34,43055.16,22353.47,9924.73,32891.38,26741.76,0.00,0.00,0.00,12496.06,-10163.79,4388.30,16694.65,16694.65,0.380,0.116,0.995,-4.094,-0.516,0.000,8551,1098.4,0,0.9247,0.1262,0.3138,-0.1747,341.8,38.6,0.0
1004991,2026-09-17_13-43-18.992-240,v5.1.4,3.43,17.0,3200,-2552,52577,28073,7470,38938,35600,-2551.40,43019.24,22402.83,9927.87,32838.74,26818.57,0.00,0.00,0.00,12479.27,-10180.50,4415.74,16699.51,16699.51,0.384,0.116,0.992,-3.922,-0.844,0.578,8557,1098.5,0,0.9249,0.1248,0.3140,-0.1747,341.7,38.6,0.0
1005106,2026-09-17_13-43-18.106-240,v5.1.4,3.43,17.0,3200,-2525,52646,28243,7515,38961,35686,-2529.92,43073.20,22540.83,9976.75,32860.49,26880.35,0.00,0.00,0.00,12506.66,-10212.70,4339.52,16719.67,16719.67,0.381,0.116,0.986,-3.891,-0.562,0.391,8555,1099.0,0,0.9249,0.1238,0.3144,-0.1745,341.7,38.7,0.0
1005210,2026-09-17_13-43-18.211-240,v5.1.4,3.43,17.0,3200,-2523,52657,28195,7511,39018,35574,-2528.24,43083.04,22501.53,9955.35,32904.13,26790.50,0.00,0.00,0.00,12483.59,-10178.91,4288.97,16668.70,16668.70,0.383,0.113,0.989,-3.266,-1.016,0.484,8542,1097.8,0,0.9251,0.1231,0.3142,-0.1740,341.8,38.6,0.0
1005315,2026-09-17_13-43-18.315-240,v5.1.4,3.43,17.0,3200,-2507,52591,28404,7478,39005,35753,-2515.05,43024.94,22672.79,9954.73,32897.59,26938.64,0.00,0.00,0.00,12469.78,-10127.34,4265.84,16620.95,16620.95,0.386,0.114,0.997,-3.266,-0.922,0.281,8542,1096.6,0,0.9253,0.1226,0.3142,-0.1736,341.8,38.6,0.0
1005419,2026-09-17_13-43-18.420-240,v5.1.4,3.43,17.0,3200,-2468,52525,28287,7427,39030,35575,-2482.23,42971.92,22577.89,9886.02,32912.61,26803.43,0.00,0.00,0.00,12368.25,-10059.32,4225.54,16492.99,16492.99,0.385,0.114,1.000,-3.922,-0.734,0.266,8544,1093.6,0,0.9252,0.1219,0.3146,-0.1736,341.8,38.6,0.0
1005524,2026-09-17_13-43-18.524-240,v5.1.4,3.43,17.0,3200,-2427,52456,28268,7365,38996,35529,-2447.95,42914.80,22563.01,9829.33,32882.62,26776.30,0.00,0.00,0.00,12277.28,-10032.18,4213.28,16405.12,16405.12,0.385,0.114,0.995,-3.953,-1.094,0.062,8553,1091.5,0,0.9253,0.1214,0.3145,-0.1736,341.7,38.6,0.0
1005628,2026-09-17_13-43-19.629-240,v5.1.4,3.43,17.0,3200,-2496,52459,28256,7317,38965,35557,-2504.84,42918.19,22553.33,9794.88,32857.22,26806.21,0.00,0.00,0.00,12299.72,-10060.96,4252.88,16449.71,16449.71,0.383,0.116,0.994,-3.672,-0.922,-0.141,8553,1092.5,0,0.9253,0.1215,0.3146,-0.1735,341.8,38.6,0.0
1005733,2026-09-17_13-43-19.734-240,v5.1.4,3.43,17.0,3200,-2538,52511,28221,7318,38991,35506,-2539.74,42962.15,22524.30,9787.46,32877.18,26764.89,0.00,0.00,0.00,12327.19,-10084.98,4240.58,16481.78,16481.78,0.384,0.116,1.004,-3.406,-0.875,-0.047,8550,1093.3,0,0.9252,0.1217,0.3148,-0.1732,341.8,38.7,0.0
1005838,2026-09-17_13-43-19.839-240,v5.1.4,3.43,17.0,3200,-2484,52542,28152,7386,39000,35491,-2495.26,42988.34,22467.54,9840.94,32885.25,26742.78,0.00,0.00,0.00,12336.20,-10103.09,4275.23,16508.54,16508.54,0.385,0.113,0.993,-3.875,-0.891,-3.797,8555,1094.0,0,0.9246,0.1234,0.3145,-0.1758,341.5,38.7,0.0
1005942,2026-09-17_13-43-19.943-240,v5.1.4,3.43,17.0,3200,-2481,52545,28179,7433,38979,35475,-2492.86,42990.34,22489.55,9877.92,32868.43,26723.43,0.00,0.00,0.00,12370.78,-10121.91,4233.88,16535.27,16535.27,0.383,0.113,1.000,-3.828,-1.078,0.094,8550,1094.6,0,0.9247,0.1228,0.3147,-0.1758,341.5,38.7,0.0
1006047,2026-09-17_13-43-19.048-240,v5.1.4,3.43,17.0,3200,-2495,52419,28218,7471,38809,35549,-2503.69,42885.75,22522.72,9925.20,32731.98,26779.71,0.00,0.00,0.00,12428.89,-10153.77,4256.99,16604.16,16604.16,0.383,0.118,0.993,-4.250,-0.766,0.344,8550,1096.2,0,0.9247,0.1224,0.3149,-0.1756,341.5,38.7,0.0
1006152,2026-09-17_13-43-19.153-240,v5.1.4,3.43,17.0,3200,-2504,52576,28158,7393,38959,35512,-2511.98,43016.54,22472.13,9851.02,32852.38,26759.19,0.00,0.00,0.00,12363.01,-10164.15,4287.06,16569.03,16569.03,0.384,0.111,1.007,-4.219,-0.859,0.766,8548,1095.4,0,0.9247,0.1212,0.3156,-0.1753,341.5,38.8,0.0
1006257,2026-09-17_13-43-19.258-240,v5.1.4,3.43,17.0,3200,-2558,52629,28164,7387,39036,35523,-2556.86,43060.78,22476.59,9845.33,32915.52,26767.64,0.00,0.00,0.00,12402.19,-10145.26,4291.05,16587.76,16587.76,0.383,0.110,1.004,-3.562,-0.922,-0.047,8546,1095.8,0,0.9246,0.1210,0.3158,-0.1750,341.5,38.8,0.0
1006362,2026-09-17_13-43-19.363-240,v5.1.4,3.43,17.0,3200,-2569,52666,28158,7400,39029,35500,-2566.16,43091.56,22471.33,9852.88,32909.41,26747.45,0.00,0.00,0.00,12419.04,-10182.14,4276.12,16619.08,16619.08,0.385,0.114,1.005,-3.875,-0.297,0.234,8555,1096.6,0,0.9245,0.1208,0.3164,-0.1746,341.6,38.9,0.0
1006466,2026-09-17_13-43-19.467-240,v5.1.4,3.43,17.0,3200,-2562,52701,28096,7403,39075,35491,-2560.48,43121.41,22420.34,9852.63,32946.84,26739.09,0.00,0.00,0.00,12413.11,-10174.58,4318.75,16621.04,16621.04,0.381,0.113,0.996,-4.031,-0.844,0.344,8555,1096.6,0,0.9246,0.1204,0.3166,-0.1742,341.6,38.9,0.0
1006581,2026-09-17_13-43-19.581-240,v5.1.4,3.43,17.0,3200,-2612,52642,28164,7408,39029,35536,-2601.47,43072.08,22476.57,9864.72,32910.47,26775.06,0.00,0.00,0.00,12466.20,-10161.61,4298.49,16647.56,16647.56,0.386,0.115,0.987,-4.250,-0.672,0.188,8552,1097.3,0,0.9249,0.1200,0.3161,-0.1740,341.6,38.8,0.0
1006685,2026-09-17_13-43-20.686-240,v5.1.4,3.43,17.0,3200,-2652,52559,28181,7279,38939,35514,-2633.97,43003.64,22491.39,9758.13,32834.24,26777.83,0.00,0.00,0.00,12392.10,-10169.41,4286.44,16593.81,16593.81,0.383,0.113,0.999,-4.047,-0.656,0.125,8553,1096.0,0,0.9249,0.1197,0.3163,-0.1738,341.6,38.8,0.0
1006790,2026-09-17_13-43-20.790-240,v5.1.4,3.43,17.0,3200,-2636,52575,28179,7306,38964,35523,-2620.87,43016.73,22489.56,9780.89,32855.35,26780.67,0.00,0.00,0.00,12401.76,-10161.38,4291.11,16597.32,16597.32,0.384,0.114,1.000,-3.734,-0.984,0.438,8554,1096.1,0,0.9251,0.1195,0.3162,-0.1731,341.7,38.8,0.0
1006894,2026-09-17_13-43-20.895-240,v5.1.4,3.43,17.0,3200,-2708,52589,28165,7232,38995,35495,-2680.30,43029.26,22478.13,9714.97,32878.77,26768.64,0.00,0.00,0.00,12395.27,-10150.49,4290.51,16585.65,16585.65,0.384,0.115,1.003,-3.547,-0.609,0.359,8554,1095.8,0,0.9251,0.1196,0.3165,-0.1725,341.8,38.8,0.0
1006998,2026-09-17_13-43-20.999-240,v5.1.4,3.43,17.0,3200,-2581,52652,28151,7319,39035,35492,-2575.95,43080.23,22465.79,9784.89,32912.80,26752.85,0.00,0.00,0.00,12360.83,-10167.43,4287.06,16569.42,16569.42,0.382,0.112,1.009,-3.953,-0.734,0.359,8555,1095.4,0,0.9250,0.1191,0.3171,-0.1722,341.8,38.9,0.0
1007103,2026-09-17_13-43-20.104-240,v5.1.4,3.43,17.0,3200,-2583,52639,28167,7342,39054,35486,-2577.55,43069.25,22478.99,9802.35,32928.55,26744.38,0.00,0.00,0.00,12379.90,-10140.70,4265.39,16561.68,16561.68,0.383,0.114,0.994,-3.531,-0.641,0.281,8551,1095.2,0,0.9251,0.1193,0.3170,-0.1715,341.9,38.9,0.0
1007208,2026-09-17_13-43-20.208-240,v5.1.4,3.43,17.0,3200,-2654,52589,28205,7255,38994,35544,-2635.85,43028.05,22510.67,9741.08,32879.59,26804.46,0.00,0.00,0.00,12376.93,-10148.46,4293.78,16571.55,16571.55,0.387,0.117,0.993,-3.719,-0.641,0.172,8551,1095.4,0,0.9254,0.1193,0.3165,-0.1710,342.0,38.8,0.0
1007312,2026-09-17_13-43-20.313-240,v5.1.4,3.43,17.0,3200,-2527,52560,28221,7395,39002,35536,-2530.98,43002.52,22523.77,9854.85,32888.19,26777.39,0.00,0.00,0.00,12385.83,-10114.33,4253.62,16546.96,16546.96,0.384,0.113,1.014,-3.812,-0.641,0.219,8561,1094.9,0,0.9253,0.1190,0.3171,-0.1707,342.0,38.9,0.0
1007417,2026-09-17_13-43-20.417-240,v5.1.4,3.43,17.0,3200,-2527,52564,28216,7338,38979,35508,-2530.99,43005.91,22519.65,9804.57,32867.74,26763.74,0.00,0.00,0.00,12335.56,-10138.16,4244.09,16521.52,16521.52,0.382,0.116,0.994,-3.453,-0.938,0.406,8552,1094.3,0,0.9255,0.1192,0.3168,-0.1700,342.1,38.8,0.0
1007521,2026-09-17_13-43-20.522-240,v5.1.4,3.43,17.0,3200,-2428,52625,28198,7447,39076,35471,-2449.70,43055.57,22504.12,9885.88,32947.85,26716.63,0.00,0.00,0.00,12335.58,-10107.73,4212.52,16494.79,16494.79,0.386,0.112,0.991,-3.812,-0.141,-0.094,8550,1093.6,0,0.9255,0.1190,0.3169,-0.1698,342.1,38.8,0.0
1007626,2026-09-17_13-43-21.626-240,v5.1.4,3.43,17.0,3200,-2345,52621,28224,7530,39093,35465,-2381.29,43050.98,22525.21,9952.78,32962.94,26699.39,0.00,0.00,0.00,12334.06,-10088.05,4174.18,16471.84,16471.84,0.380,0.113,0.998,-3.906,-0.766,0.234,8550,1093.1,0,0.9255,0.1187,0.3173,-0.1695,342.2,38.9,0.0
1007730,2026-09-17_13-43-21.731-240,v5.1.4,3.43,17.0,3200,-2368,52562,28237,7528,39060,35529,-2399.90,43002.27,22536.48,9961.49,32937.58,26751.37,0.00,0.00,0.00,12361.39,-10064.69,4214.89,16488.40,16488.40,0.380,0.116,0.990,-3.703,-0.531,-0.109,8543,1093.5,0,0.9255,0.1191,0.3173,-0.1692,342.2,38.9,0.0
1007835,2026-09-17_13-43-21.835-240,v5.1.4,3.43,17.0,3200,-2433,52546,28280,7473,39079,35541,-2453.49,42989.02,22571.88,9917.40,32952.53,26768.73,0.00,0.00,0.00,12370.89,-10036.49,4196.84,16473.72,16473.72,0.387,0.114,0.998,-3.922,-1.109,-0.016,8558,1093.1,0,0.9257,0.1187,0.3167,-0.1692,342.2,38.8,0.0
1007950,2026-09-17_13-43-21.950-240,v5.1.4,3.43,17.0,3200,-2374,52623,28209,7462,39231,35402,-2405.18,43053.18,22513.00,9883.40,33073.02,26656.80,0.00,0.00,0.00,12288.58,-9980.16,4143.80,16364.11,16364.11,0.383,0.113,1.001,-3.500,-0.766,-0.172,8556,1090.5,0,0.9257,0.1189,0.3168,-0.1689,342.3,38.8,0.0
1008054,2026-09-17_13-43-21.055-240,v5.1.4,3.43,17.0,3200,-2393,52546,28258,7335,39241,35399,-2420.46,42988.96,22553.84,9778.16,33079.06,26672.88,0.00,0.00,0.00,12198.62,-9909.91,4119.04,16247.43,16247.43,0.385,0.114,0.989,-3.969,-0.797,-0.109,8556,1087.7,0,0.9259,0.1187,0.3164,-0.1688,342.3,38.7,0.0
1008159,2026-09-17_13-43-21.159-240,v5.1.4,3.43,17.0,3200,-2397,52506,28419,7252,39364,35514,-2423.83,42953.34,22685.70,9722.88,33181.23,26775.03,0.00,0.00,0.00,12146.71,-9772.11,4089.33,16117.05,16117.05,0.383,0.113,0.998,-3.641,-0.266,0.469,8556,1084.6,0,0.9258,0.1184,0.3170,-0.1683,342.3,38.8,0.0
1008263,2026-09-17_13-43-21.264-240,v5.1.4,3.43,17.0,3200,-2414,52420,28624,7093,39919,35922,-2437.71,42879.11,22853.97,9634.61,33642.91,27115.67,0.00,0.00,0.00,12072.33,-9236.21,4261.70,15786.41,15786.41,0.381,0.112,1.006,-3.688,-0.469,0.922,8554,1076.5,0,0.9258,0.1176,0.3177,-0.1676,342.4,38.9,0.0
1008977,2026-09-17_13-43-22.978-240,v5.1.4,3.43,17.0,3200,-2220,53059,29951,-901,49584,31000,-2284.46,43383.38,23930.17,2042.31,41287.30,24199.99,0.00,0.00,0.00,4326.77,-2096.08,269.82,4815.32,4815.32,0.386,0.115,1.000,-3.797,-0.734,0.203,8556,696.6,0,0.9270,0.1155,0.3156,-0.1665,342.4,38.6,0.0
1009081,2026-09-17_13-43-22.082-240,v5.1.4,3.43,17.0,3200,-2228,53111,30156,-1244,49753,30750,-2291.80,43423.07,24096.99,1718.41,41413.45,24047.78,0.00,0.00,0.00,4010.21,-2009.63,-49.22,4485.85,4485.85,0.384,0.114,1.004,-4.031,-0.562,0.109,8556,678.3,0,0.9268,0.1155,0.3162,-0.1664,342.5,38.7,0.0
1009186,2026-09-17_13-43-22.187-240,v5.1.4,3.43,17.0,3200,-2221,53124,30212,-1497,49753,30572,-2286.23,43432.83,24142.56,1484.25,41404.75,23942.60,0.00,0.00,0.00,3770.48,-2028.08,-199.96,4285.98,4285.98,0.384,0.119,1.002,-3.797,-0.578,0.234,8562,666.8,0,0.9267,0.1159,0.3165,-0.1660,342.5,38.7,0.0
1009291,2026-09-17_13-43-22.291-240,v5.1.4,3.44,17.0,3200,-2279,53174,30269,-1594,49752,30447,-2334.49,43473.80,24188.69,1386.22,41399.12,23856.92,0.00,0.00,0.00,3720.71,-2074.68,-331.76,4272.94,4272.94,0.387,0.114,1.005,-4.047,-0.844,0.062,8554,666.1,0,0.9267,0.1156,0.3166,-0.1661,342.5,38.7,0.0
1009395,2026-09-17_13-43-22.396-240,v5.1.4,3.44,17.0,3200,-2281,53223,30459,-1730,49798,30012,-2336.83,43511.21,24343.28,1209.40,41423.30,23528.41,0.00,0.00,0.00,3546.23,-2087.92,-814.87,4195.14,4195.14,0.382,0.113,1.000,-4.078,-0.516,-0.125,8557,661.5,0,0.9265,0.1155,0.3171,-0.1663,342.5,38.8,0.0
1009500,2026-09-17_13-43-22.500-240,v5.1.4,3.44,17.0,3200,-2260,53321,30347,-1760,49856,30121,-2319.91,43593.79,24250.79,1198.86,41473.04,23619.02,0.00,0.00,0.00,3518.77,-2120.75,-631.77,4156.73,4156.73,0.383,0.114,1.005,-3.594,-0.609,0.516,8557,659.2,0,0.9265,0.1155,0.3175,-0.1658,342.5,38.8,0.0
1009604,2026-09-17_13-43-23.605-240,v5.1.4,3.44,17.0,3200,-2236,53322,30441,-1755,49902,30090,-2300.31,43592.83,24327.46,1197.03,41509.93,23592.78,0.00,0.00,0.00,3497.35,-2082.91,-734.69,4136.39,4136.39,0.383,0.113,1.007,-7.766,-0.312,0.516,8561,658.0,0,0.9261,0.1125,0.3188,-0.1677,342.1,38.9,0.0
1009709,2026-09-17_13-43-23.710-240,v5.1.4,3.44,17.0,3200,-2234,53254,30492,-1724,49778,30091,-2298.34,43535.80,24369.80,1226.49,41409.08,23591.00,0.00,0.00,0.00,3524.82,-2126.71,-778.80,4189.73,4189.73,0.385,0.112,1.000,-4.203,-0.875,0.125,8552,661.1,0,0.9262,0.1129,0.3185,-0.1674,342.2,38.9,0.0
1009813,2026-09-17_13-43-23.814-240,v5.1.4,3.44,17.0,3200,-2265,53250,30496,-1798,49772,30076,-2323.88,43532.75,24373.17,1163.59,41402.59,23589.96,0.00,0.00,0.00,3487.48,-2130.15,-783.21,4160.94,4160.94,0.384,0.112,1.000,-3.922,-0.766,-0.047,8546,659.4,0,0.9262,0.1134,0.3183,-0.1672,342.2,38.9,0.0
1009918,2026-09-17_13-43-23.919-240,v5.1.4,3.44,17.0,3200,-2268,53292,30428,-1839,49815,30135,-2326.49,43568.59,24317.23,1137.16,41438.61,23642.46,0.00,0.00,0.00,3463.64,-2129.98,-674.78,4121.77,4121.77,0.384,0.112,1.003,-3.750,-0.453,0.125,8546,657.1,0,0.9262,0.1139,0.3185,-0.1667,342.3,38.9,0.0
1010032,2026-09-17_13-43-23.033-240,v5.1.4,3.44,17.0,3200,-2154,53197,30387,-1717,49724,30047,-2231.79,43489.59,24284.51,1227.48,41363.91,23555.66,0.00,0.00,0.00,3459.27,-2125.68,-728.85,4125.08,4125.08,0.380,0.114,1.001,-3.625,-0.703,0.562,8561,657.3,0,0.9262,0.1143,0.3187,-0.1659,342.5,38.9,0.0
1010137,2026-09-17_13-43-23.137-240,v5.1.4,3.44,17.0,3200,-2230,53133,30420,-1795,49635,30044,-2294.12,43436.97,24312.28,1165.59,41289.82,23566.12,0.00,0.00,0.00,3459.71,-2147.15,-746.15,4139.64,4139.64,0.381,0.112,1.000,-3.656,-0.812,-0.266,8557,658.2,0,0.9262,0.1147,0.3186,-0.1659,342.5,38.9,0.0
1010241,2026-09-17_13-43-23.242-240,v5.1.4,3.44,17.0,3200,-2245,53172,30260,-1830,49751,29943,-2306.42,43471.95,24181.29,1118.49,41381.48,23488.67,0.00,0.00,0.00,3424.91,-2090.47,-692.62,4071.83,4071.83,0.385,0.113,0.997,-3.188,-0.891,0.766,8557,654.1,0,0.9266,0.1148,0.3180,-0.1649,342.6,38.8,0.0
1010346,2026-09-17_13-43-23.346-240,v5.1.4,3.44,17.0,3200,-2239,53127,30283,-1738,49676,29974,-2301.23,43434.34,24200.52,1201.01,41322.45,23501.15,0.00,0.00,0.00,3502.25,-2111.89,-699.37,4149.09,4149.09,0.384,0.113,1.000,-3.875,-0.516,0.188,8555,658.7,0,0.9266,0.1147,0.3181,-0.1647,342.6,38.9,0.0
1010450,2026-09-17_13-43-23.451-240,v5.1.4,3.44,17.0,3200,-2237,53257,30401,-1765,49813,30198,-2300.65,43539.79,24295.49,1207.30,41439.79,23681.99,0.00,0.00,0.00,3507.95,-2100.00,-613.50,4134.26,4134.26,0.383,0.112,0.998,-3.953,-0.688,0.234,8560,657.8,0,0.9266,0.1144,0.3181,-0.1646,342.6,38.8,0.0
1010555,2026-09-17_13-43-23.555-240,v5.1.4,3.44,17.0,3200,-2187,53218,30291,-1774,49816,29898,-2258.95,43508.85,24206.00,1156.01,41434.35,23443.45,0.00,0.00,0.00,3414.95,-2074.50,-762.54,4067.79,4067.79,0.388,0.113,1.001,-4.141,-0.453,-0.078,8556,653.8,0,0.9266,0.1144,0.3180,-0.1647,342.6,38.8,0.0
1010659,2026-09-17_13-43-24.660-240,v5.1.4,3.44,17.0,3200,-2197,53371,30452,-1749,49946,30088,-2268.49,43632.73,24335.86,1200.33,41545.94,23589.60,0.00,0.00,0.00,3468.82,-2086.79,-746.26,4116.34,4116.34,0.380,0.117,0.999,-3.516,-0.875,-0.656,8556,656.8,0,0.9265,0.1154,0.3179,-0.1648,342.7,38.8,0.0
1010763,2026-09-17_13-43-24.764-240,v5.1.4,3.44,17.0,3200,-2191,53352,30458,-1781,49927,30035,-2263.43,43616.87,24340.94,1166.84,41528.52,23552.23,0.00,0.00,0.00,3430.28,-2088.35,-788.71,4092.68,4092.68,0.382,0.112,1.002,-3.922,-0.688,0.422,8551,655.3,0,0.9265,0.1150,0.3181,-0.1646,342.7,38.9,0.0
1010868,2026-09-17_13-43-24.869-240,v5.1.4,3.44,17.0,3200,-2203,53368,30511,-1711,49916,30110,-2273.53,43629.35,24384.06,1235.73,41522.60,23602.09,0.00,0.00,0.00,3509.26,-2106.75,-781.97,4167.11,4167.11,0.384,0.112,1.002,-3.906,-0.625,-0.094,8567,659.8,0,0.9265,0.1148,0.3182,-0.1648,342.6,38.9,0.0
1010972,2026-09-17_13-43-24.973-240,v5.1.4,3.44,17.0,3200,-2169,53322,30667,-1780,49919,30377,-2245.52,43588.45,24511.81,1217.84,41530.83,23825.60,0.00,0.00,0.00,3463.36,-2057.62,-686.22,4086.51,4086.51,0.386,0.113,0.971,-3.250,-0.438,0.078,8561,655.0,0,0.9270,0.1151,0.3169,-0.1642,342.7,38.7,0.0
1011077,2026-09-17_13-43-24.078-240,v5.1.4,3.44,17.0,3200,-2203,53377,30455,-1802,50020,30086,-2273.48,43637.70,24338.25,1154.16,41605.52,23594.59,0.00,0.00,0.00,3427.64,-2032.18,-743.66,4053.58,4053.58,0.382,0.114,1.005,-3.812,-1.078,0.047,8561,653.0,0,0.9270,0.1151,0.3170,-0.1642,342.7,38.7,0.0
1011181,2026-09-17_13-43-24.182-240,v5.1.4,3.44,17.0,3200,-2179,53370,30508,-1818,50018,30107,-2253.75,43630.80,24381.54,1144.12,41604.17,23613.76,0.00,0.00,0.00,3397.87,-2026.63,-767.78,4030.17,4030.17,0.383,0.112,0.998,-3.688,-0.578,-0.062,8560,651.5,0,0.9269,0.1150,0.3172,-0.1642,342.7,38.7,0.0
1011286,2026-09-17_13-43-24.287-240,v5.1.4,3.44,17.0,3200,-2202,53319,30326,-1790,49970,30006,-2272.03,43591.88,24233.55,1153.89,41562.78,23529.68,0.00,0.00,0.00,3425.91,-2029.10,-703.87,4043.46,4043.46,0.383,0.112,1.000,-3.734,-0.812,0.672,8561,652.4,0,0.9270,0.1145,0.3173,-0.1637,342.8,38.7,0.0
1011400,2026-09-17_13-43-24.401-240,v5.1.4,3.44,17.0,3200,-2269,53312,30559,-1868,49949,30120,-2327.70,43582.98,24423.96,1107.00,41547.29,23632.59,0.00,0.00,0.00,3434.70,-2035.70,-791.38,4070.32,4070.32,0.385,0.112,0.999,-3.906,-0.906,0.125,8562,654.0,0,0.9271,0.1141,0.3172,-0.1637,342.8,38.7,0.0
1011505,2026-09-17_13-43-24.505-240,v5.1.4,3.44,17.0,3200,-2280,53221,30472,-1870,49831,30072,-2336.02,43509.34,24353.91,1101.96,41449.56,23596.39,0.00,0.00,0.00,3437.98,-2059.78,-757.53,4078.75,4078.75,0.385,0.114,1.002,-3.812,-0.750,0.234,8562,654.5,0,0.9272,0.1140,0.3172,-0.1635,342.8,38.7,0.0
1011609,2026-09-17_13-43-25.610-240,v5.1.4,3.44,17.0,3200,-2308,53223,30465,-1904,49844,30055,-2359.11,43511.39,24348.24,1071.11,41459.19,23587.58,0.00,0.00,0.00,3430.21,-2052.20,-760.66,4068.97,4068.97,0.384,0.113,1.002,-3.781,-0.828,0.594,8564,653.9,0,0.9272,0.1137,0.3173,-0.1631,342.8,38.7,0.0
1011714,2026-09-17_13-43-25.714-240,v5.1.4,3.44,17.0,3200,-2231,53240,30228,-1853,49889,29935,-2295.24,43528.51,24154.43,1094.17,41493.71,23483.46,0.00,0.00,0.00,3389.41,-2034.80,-670.98,4009.83,4009.83,0.385,0.115,1.006,-4.188,-0.703,0.344,8567,650.3,0,0.9272,0.1135,0.3176,-0.1630,342.8,38.7,0.0
1011818,2026-09-17_13-43-25.819-240,v5.1.4,3.44,17.0,3200,-2156,53289,30306,-1728,49913,29985,-2233.86,43566.95,24217.44,1203.58,41516.64,23504.70,0.00,0.00,0.00,3437.45,-2050.30,-712.74,4065.43,4065.43,0.379,0.113,1.001,-3.672,-0.672,3.906,8567,653.7,0,0.9277,0.1115,0.3183,-0.1601,343.1,38.8,0.0
1011923,2026-09-17_13-43-25.924-240,v5.1.4,3.44,17.0,3200,-2085,53265,30567,-1651,49929,30185,-2175.69,43542.12,24430.60,1295.65,41536.13,23653.03,0.00,0.00,0.00,3471.33,-2005.99,-777.57,4083.97,4083.97,0.382,0.113,1.003,-3.703,-0.422,0.141,8564,654.8,0,0.9275,0.1119,0.3188,-0.1598,343.2,38.8,0.0
1012028,2026-09-17_13-43-25.029-240,v5.1.4,3.44,17.0,3200,-2092,53234,30601,-1656,49891,30132,-2181.33,43516.03,24458.69,1284.96,41503.62,23612.00,0.00,0.00,0.00,3466.29,-2012.41,-846.69,4096.57,4096.57,0.381,0.112,1.001,-3.891,-0.578,-0.625,8560,655.6,0,0.9274,0.1124,0.3190,-0.1602,343.2,38.9,0.0
1012133,2026-09-17_13-43-25.133-240,v5.1.4,3.44,17.0,3200,-2028,53236,30514,-1559,49858,30195,-2128.39,43518.44,24387.52,1374.98,41479.84,23648.66,0.00,0.00,0.00,3503.37,-2038.60,-738.86,4120.12,4120.12,0.382,0.113,1.002,-3.656,-0.891,0.234,8576,657.0,0,0.9274,0.1125,0.3188,-0.1600,343.2,38.9,0.0
1012237,2026-09-17_13-43-25.238-240,v5.1.4,3.44,17.0,3200,-2152,53202,30516,-1709,49854,30155,-2230.43,43491.60,24389.76,1245.84,41473.11,23638.75,0.00,0.00,0.00,3476.28,-2018.49,-751.01,4089.35,4089.35,0.384,0.114,0.998,-4.203,-0.484,0.188,8576,655.1,0,0.9274,0.1123,0.3188,-0.1601,343.2,38.8,0.0
1012342,2026-09-17_13-43-25.342-240,v5.1.4,3.44,17.0,3200,-2127,53233,30377,-1725,49870,30015,-2209.74,43519.22,24275.92,1211.75,41482.31,23528.93,0.00,0.00,0.00,3421.49,-2036.91,-746.99,4051.36,4051.36,0.383,0.113,1.001,-3.922,-0.891,0.047,8557,652.8,0,0.9275,0.1124,0.3185,-0.1602,343.2,38.8,0.0
1012447,2026-09-17_13-43-25.447-240,v5.1.4,3.44,17.0,3200,-2184,53248,30429,-1703,49917,30048,-2256.94,43531.35,24318.33,1233.23,41521.95,23551.33,0.00,0.00,0.00,3490.17,-2009.41,-767.00,4099.67,4099.67,0.384,0.111,1.002,-4.000,-0.797,0.656,8567,655.8,0,0.9276,0.1118,0.3186,-0.1600,343.2,38.8,0.0
1012551,2026-09-17_13-43-25.552-240,v5.1.4,3.44,17.0,3200,-2202,53282,30475,-1692,49943,29946,-2272.09,43558.88,24355.57,1226.59,41540.75,23467.77,0.00,0.00,0.00,3498.68,-2018.13,-887.80,4135.43,4135.43,0.383,0.114,0.998,-3.875,-0.906,0.000,8567,657.9,0,0.9276,0.1121,0.3183,-0.1601,343.2,38.8,0.0
1012657,2026-09-17_13-43-26.658-240,v5.1.4,3.44,17.0,3200,-2101,53241,30506,-1718,49913,30107,-2188.61,43523.45,24381.09,1229.62,41519.95,23600.76,0.00,0.00,0.00,3418.23,-2003.50,-780.32,4038.22,4038.22,0.382,0.114,0.999,-3.859,-0.859,-0.625,8558,652.0,0,0.9275,0.1128,0.3181,-0.1605,343.1,38.8,0.0
1012762,2026-09-17_13-43-26.763-240,v5.1.4,3.44,17.0,3200,-2188,53178,30608,-1824,49898,30304,-2260.15,43470.64,24465.19,1171.63,41511.07,23774.03,0.00,0.00,0.00,3431.78,-1959.57,-691.16,4011.82,4011.82,0.386,0.112,0.972,-3.844,-0.703,0.078,8563,650.4,0,0.9280,0.1127,0.3168,-0.1605,343.1,38.6,0.0
1012877,2026-09-17_13-43-26.878-240,v5.1.4,3.44,17.0,3200,-2107,53201,30585,-1712,50305,30301,-2193.46,43489.18,24446.01,1250.86,41845.52,23748.72,0.00,0.00,0.00,3444.32,-1643.67,-697.28,3879.59,3879.59,0.387,0.111,1.004,-4.016,-0.812,-0.156,8555,642.2,0,0.9279,0.1126,0.3168,-0.1610,343.1,38.6,0.0
1012982,2026-09-17_13-43-26.982-240,v5.1.4,3.44,17.0,3200,-1986,53177,30656,-1821,50730,30554,-2093.67,43466.95,24503.96,1185.09,42197.72,23960.19,0.00,0.00,0.00,3278.76,-1269.23,-543.77,3557.65,3557.65,0.383,0.114,1.001,-3.969,-0.844,0.203,8555,621.5,0,0.9279,0.1127,0.3170,-0.1609,343.1,38.7,0.0
1013086,2026-09-17_13-43-26.087-240,v5.1.4,3.44,17.0,3200,-1917,53143,31090,-2040,51109,30659,-2037.43,43431.06,24858.45,1008.61,42506.71,24070.22,0.00,0.00,0.00,3046.04,-924.35,-788.23,3279.34,3279.34,0.386,0.114,1.004,-3.766,-0.656,0.125,8567,602.6,0,0.9278,0.1129,0.3172,-0.1608,343.1,38.7,0.0
1013190,2026-09-17_13-43-26.191-240,v5.1.4,3.44,17.0,3200,-1908,53231,30759,-2511,51543,30228,-2029.90,43509.07,24587.32,544.84,42842.74,23787.88,0.00,0.00,0.00,2574.74,-666.33,-799.44,2777.12,2777.12,0.382,0.112,1.003,-4.141,-1.031,0.547,8566,565.5,0,0.9278,0.1125,0.3174,-0.1607,343.1,38.7,0.0
1013295,2026-09-17_13-43-26.296-240,v5.1.4,3.44,17.0,3200,-1866,53365,30707,-2954,51871,30290,-1996.01,43620.19,24543.39,179.34,43105.30,23897.21,0.00,0.00,0.00,2175.35,-514.89,-646.18,2326.97,2326.97,0.384,0.113,1.001,-3.562,-0.719,-0.516,8564,528.2,0,0.9276,0.1133,0.3175,-0.1607,343.1,38.7,0.0
1013400,2026-09-17_13-43-26.400-240,v5.1.4,3.44,17.0,3200,-1891,53497,30590,-3259,52155,30017,-2017.23,43731.41,24446.56,-120.18,43325.48,23719.20,0.00,0.00,0.00,1897.05,-405.93,-727.36,2071.87,2071.87,0.383,0.114,1.006,-3.469,-0.859,-0.219,8564,504.9,0,0.9275,0.1139,0.3176,-0.1606,343.2,38.7,0.0
1013504,2026-09-17_13-43-26.505-240,v5.1.4,3.44,17.0,3200,-1812,53562,30629,-3452,52285,30140,-1952.58,43783.66,24477.55,-265.00,43431.80,23843.77,0.00,0.00,0.00,1687.57,-351.86,-633.79,1836.68,1836.68,0.381,0.113,1.001,-4.094,-0.781,0.172,8565,481.6,0,0.9274,0.1137,0.3180,-0.1607,343.2,38.8,0.0
1013609,2026-09-17_13-43-27.609-240,v5.1.4,3.44,17.0,3200,-1847,53574,30595,-3582,52314,30119,-1981.45,43794.49,24449.74,-375.92,43452.86,23845.59,0.00,0.00,0.00,1605.52,-341.63,-604.16,1749.12,1749.12,0.383,0.112,0.997,-3.812,-0.844,-0.328,8562,472.5,0,0.9274,0.1140,0.3178,-0.1609,343.2,38.8,0.0
1013713,2026-09-17_13-43-27.714-240,v5.1.4,3.44,17.0,3200,-1861,53554,30577,-3637,52293,30162,-1992.83,43778.41,24435.29,-414.25,43435.91,23888.37,0.00,0.00,0.00,1578.57,-342.49,-546.92,1705.38,1705.38,0.383,0.116,0.997,-2.938,-0.844,0.000,8563,467.8,0,0.9275,0.1149,0.3175,-0.1602,343.3,38.7,0.0
1013818,2026-09-17_13-43-27.818-240,v5.1.4,3.44,17.0,3200,-1872,53510,30497,-3663,52247,30072,-2001.46,43743.47,24370.46,-447.38,43395.56,23820.97,0.00,0.00,0.00,1554.08,-347.91,-549.50,1684.68,1684.68,0.382,0.114,1.005,-4.094,-0.719,0.203,8563,465.5,0,0.9274,0.1145,0.3179,-0.1604,343.2,38.8,0.0
1013922,2026-09-17_13-43-27.923-240,v5.1.4,3.44,17.0,3200,-1889,53546,30451,-3736,52285,30016,-2015.61,43774.14,24332.57,-516.78,43424.00,23786.31,0.00,0.00,0.00,1498.83,-350.14,-546.27,1633.25,1633.25,0.384,0.115,0.997,-4.156,-0.750,-0.141,8570,459.9,0,0.9274,0.1144,0.3178,-0.1607,343.2,38.8,0.0
1014026,2026-09-17_13-43-27.027-240,v5.1.4,3.44,17.0,3200,-1792,53579,30443,-3708,52350,30071,-1935.82,43800.53,24325.50,-487.71,43479.01,23825.13,0.00,0.00,0.00,1448.11,-321.52,-500.37,1565.49,1565.49,0.389,0.112,0.994,-3.391,-1.047,0.578,8574,452.2,0,0.9278,0.1140,0.3170,-0.1601,343.3,38.7,0.0
1014131,2026-09-17_13-43-27.132-240,v5.1.4,3.44,17.0,3200,-1812,53520,30474,-3719,52248,29924,-1952.00,43751.48,24351.46,-515.09,43391.65,23710.86,0.00,0.00,0.00,1436.91,-359.84,-640.60,1613.86,1613.86,0.383,0.111,0.996,-3.594,-0.844,0.109,8574,457.7,0,0.9279,0.1139,0.3170,-0.1600,343.3,38.7,0.0
1014235,2026-09-17_13-43-27.236-240,v5.1.4,3.44,17.0,3200,-1776,53604,30372,-3692,52338,29861,-1922.64,43822.18,24267.25,-504.83,43464.03,23655.10,0.00,0.00,0.00,1417.81,-358.15,-612.14,1585.30,1585.30,0.385,0.115,0.999,-3.953,-0.219,0.250,8569,454.5,0,0.9277,0.1140,0.3176,-0.1597,343.3,38.7,0.0
1014349,2026-09-17_13-43-27.350-240,v5.1.4,3.43,17.0,3200,-1811,53682,30456,-3641,52407,30051,-1952.16,43885.61,24335.08,-437.25,43526.18,23798.41,0.00,0.00,0.00,1514.92,-359.43,-536.67,1646.87,1646.87,0.383,0.113,0.998,-3.672,-0.844,0.281,8559,461.4,0,0.9278,0.1139,0.3176,-0.1594,343.4,38.7,0.0
1014454,2026-09-17_13-43-27.454-240,v5.1.4,3.43,17.0,3200,-1833,53687,30353,-3734,52441,29838,-1970.13,43891.65,24250.99,-545.91,43546.96,23641.24,0.00,0.00,0.00,1424.23,-344.69,-609.75,1587.14,1587.14,0.385,0.112,1.004,-3.984,-1.000,0.312,8568,454.7,0,0.9278,0.1134,0.3176,-0.1593,343.3,38.7,0.0
1014558,2026-09-17_13-43-27.559-240,v5.1.4,3.43,17.0,3200,-1806,53728,30432,-3808,52475,29948,-1948.29,43923.95,24315.00,-591.77,43576.39,23739.49,0.00,0.00,0.00,1356.51,-347.56,-575.51,1513.98,1513.98,0.384,0.114,1.003,-4.078,-0.359,0.297,8568,446.2,0,0.9277,0.1133,0.3182,-0.1592,343.4,38.8,0.0
1014663,2026-09-17_13-43-28.664-240,v5.1.4,3.43,17.0,3200,-1784,53798,30414,-3710,52549,30049,-1930.55,43981.86,24299.53,-498.66,43641.09,23804.67,0.00,0.00,0.00,1431.89,-340.77,-494.86,1552.84,1552.84,0.384,0.113,0.997,-4.188,-0.422,0.266,8558,450.8,0,0.9276,0.1131,0.3184,-0.1591,343.4,38.8,0.0
1014768,2026-09-17_13-43-28.768-240,v5.1.4,3.43,17.0,3200,-1797,53722,30470,-3718,52456,29957,-1940.90,43918.29,24346.06,-515.83,43562.55,23733.78,0.00,0.00,0.00,1425.08,-355.73,-612.28,1591.31,1591.31,0.382,0.113,1.001,-3.641,-1.016,-0.062,8565,455.1,0,0.9277,0.1134,0.3183,-0.1589,343.4,38.8,0.0
1014872,2026-09-17_13-43-28.873-240,v5.1.4,3.43,17.0,3200,-1829,53752,30350,-3775,52534,29832,-1967.24,43945.36,24247.86,-583.37,43622.17,23640.98,0.00,0.00,0.00,1383.87,-323.19,-606.88,1545.27,1545.27,0.384,0.118,1.005,-3.938,-0.500,0.000,8563,449.9,0,0.9275,0.1137,0.3186,-0.1588,343.4,38.8,0.0
1014977,2026-09-17_13-43-28.977-240,v5.1.4,3.43,17.0,3200,-1874,53619,30381,-3760,52363,29888,-2003.57,43835.44,24274.64,-557.61,43484.06,23686.26,0.00,0.00,0.00,1445.96,-351.38,-588.38,1600.14,1600.14,0.382,0.115,0.998,-3.875,-1.250,0.047,8563,456.1,0,0.9277,0.1136,0.3181,-0.1589,343.4,38.8,0.0
1015082,2026-09-17_13-43-28.082-240,v5.1.4,3.43,17.0,3200,-1886,53572,30540,-3763,52354,30034,-2013.48,43794.14,24404.95,-538.48,43480.43,23803.56,0.00,0.00,0.00,1475.00,-313.70,-601.39,1623.48,1623.48,0.387,0.113,0.997,-3.562,-0.891,0.172,8571,458.8,0,0.9279,0.1135,0.3176,-0.1587,343.4,38.7,0.0
1015186,2026-09-17_13-43-28.187-240,v5.1.4,3.43,17.0,3200,-1961,53640,30388,-3856,52383,29859,-2075.46,43853.57,24280.32,-641.44,43498.11,23676.85,0.00,0.00,0.00,1434.01,-355.46,-603.47,1595.91,1595.91,0.384,0.112,1.001,-4.016,-1.109,0.391,8562,455.7,0,0.9280,0.1129,0.3175,-0.1587,343.4,38.7,0.0
1015291,2026-09-17_13-43-28.291-240,v5.1.4,3.43,17.0,3200,-1863,53607,30397,-3823,52370,29862,-1994.45,43825.15,24287.80,-613.45,43488.09,23674.61,0.00,0.00,0.00,1381.00,-337.05,-613.19,1548.15,1548.15,0.383,0.112,0.996,-3.672,-0.984,0.016,8562,450.2,0,0.9281,0.1129,0.3174,-0.1586,343.4,38.7,0.0
1015395,2026-09-17_13-43-28.396-240,v5.1.4,3.43,17.0,3200,-1859,53639,30485,-3787,52394,30096,-1991.53,43850.11,24359.30,-550.41,43514.34,23856.00,0.00,0.00,0.00,1441.13,-335.77,-503.29,1562.98,1562.98,0.384,0.112,1.001,-3.984,-0.656,0.047,8567,451.9,0,0.9280,0.1127,0.3177,-0.1587,343.4,38.7,0.0
1015499,2026-09-17_13-43-28.500-240,v5.1.4,3.43,17.0,3200,-1837,53630,30381,-3723,52481,29812,-1973.12,43844.14,24274.45,-541.88,43579.17,23618.21,0.00,0.00,0.00,1431.25,-264.96,-656.24,1596.66,1596.66,0.383,0.113,1.003,-3.953,-0.750,0.188,8568,455.8,0,0.9279,0.1126,0.3181,-0.1586,343.4,38.8,0.0
1015604,2026-09-17_13-43-29.605-240,v5.1.4,3.43,17.0,3200,-1760,53594,30398,-3757,52415,29839,-1909.43,43813.32,24288.54,-563.89,43525.36,23645.83,0.00,0.00,0.00,1345.55,-287.96,-642.71,1518.72,1518.72,0.385,0.114,0.996,-3.953,-0.891,0.266,8563,446.8,0,0.9280,0.1125,0.3178,-0.1585,343.4,38.7,0.0
1015708,2026-09-17_13-43-29.709-240,v5.1.4,3.43,17.0,3200,-1728,53635,30509,-3715,52405,29968,-1883.53,43845.06,24378.66,-510.19,43521.20,23742.95,0.00,0.00,0.00,1373.34,-323.86,-635.71,1547.60,1547.60,0.385,0.114,1.004,-4.094,-0.531,0.484,8563,450.1,0,0.9279,0.1123,0.3183,-0.1582,343.5,38.8,0.0
1015823,2026-09-17_13-43-29.824-240,v5.1.4,3.43,17.0,3200,-1694,53613,30487,-3551,52368,30072,-1855.31,43826.89,24360.86,-358.93,43496.29,23802.61,0.00,0.00,0.00,1496.38,-330.60,-558.25,1630.97,1630.97,0.384,0.114,1.006,-3.688,-0.812,0.578,8568,459.6,0,0.9280,0.1123,0.3185,-0.1576,343.5,38.8,0.0
1015928,2026-09-17_13-43-29.929-240,v5.1.4,3.43,17.0,3200,-1733,53639,30375,-3632,52433,29871,-1887.41,43850.60,24269.24,-456.92,43542.93,23652.78,0.00,0.00,0.00,1430.49,-307.68,-616.46,1587.76,1587.76,0.383,0.112,1.005,-3.562,-0.547,0.297,8563,454.7,0,0.9279,0.1123,0.3189,-0.1572,343.6,38.8,0.0
1016033,2026-09-17_13-43-29.034-240,v5.1.4,3.43,17.0,3200,-1710,53676,30456,-3679,52477,30033,-1868.84,43879.61,24334.93,-473.29,43582.32,23788.48,0.00,0.00,0.00,1395.55,-297.29,-546.45,1527.93,1527.93,0.384,0.112,1.005,-3.781,-0.266,-0.328,8565,447.9,0,0.9277,0.1125,0.3194,-0.1573,343.6,38.9,0.0
1016139,2026-09-17_13-43-29.140-240,v5.1.4,3.43,17.0,3200,-1688,53601,30339,-3632,52383,29758,-1849.99,43819.33,24240.15,-471.88,43499.13,23563.25,0.00,0.00,0.00,1378.10,-320.20,-676.91,1568.41,1568.41,0.386,0.114,1.006,-0.094,-0.656,0.375,8565,452.5,0,0.9280,0.1149,0.3187,-0.1548,344.0,38.8,0.0
1016244,2026-09-17_13-43-29.244-240,v5.1.4,3.43,17.0,3200,-1790,53583,30390,-3703,52356,29911,-1934.09,43804.68,24282.19,-507.14,43479.86,23696.40,0.00,0.00,0.00,1426.95,-324.82,-585.79,1576.34,1576.34,0.385,0.114,0.996,-3.734,-0.781,-0.391,8561,453.4,0,0.9281,0.1144,0.3183,-0.1554,343.9,38.8,0.0
1016348,2026-09-17_13-43-29.349-240,v5.1.4,3.43,17.0,3200,-1794,53608,30430,-3779,52347,29998,-1937.62,43824.72,24314.59,-556.69,43473.52,23777.24,0.00,0.00,0.00,1380.93,-351.20,-537.35,1522.85,1522.85,0.384,0.117,0.999,-3.469,-0.984,0.016,8566,447.3,0,0.9283,0.1142,0.3180,-0.1555,343.9,38.7,0.0
1016453,2026-09-17_13-43-29.454-240,v5.1.4,3.43,17.0,3200,-1818,53638,30406,-3760,52397,29979,-1957.56,43850.15,24294.73,-545.36,43514.21,23758.47,0.00,0.00,0.00,1412.19,-335.94,-536.27,1547.49,1547.49,0.385,0.110,1.005,-3.688,-0.703,0.375,8566,450.1,0,0.9282,0.1133,0.3183,-0.1557,343.8,38.8,0.0
1016558,2026-09-17_13-43-29.558-240,v5.1.4,3.43,17.0,3200,-1773,53669,30288,-3741,52422,29824,-1920.41,43877.22,24197.99,-553.13,43530.95,23631.38,0.00,0.00,0.00,1367.28,-346.27,-566.61,1520.00,1520.00,0.384,0.115,0.997,-4.016,-0.562,0.578,8566,446.9,0,0.9283,0.1126,0.3185,-0.1555,343.8,38.8,0.0
1016662,2026-09-17_13-43-30.663-240,v5.1.4,3.43,17.0,3200,-1800,53696,30391,-3684,52459,29885,-1943.05,43898.12,24281.85,-498.46,43563.70,23671.19,0.00,0.00,0.00,1444.60,-334.43,-610.66,1603.62,1603.62,0.387,0.115,0.997,-4.109,-0.891,0.266,8563,456.5,0,0.9285,0.1121,0.3181,-0.1557,343.8,38.7,0.0
1016767,2026-09-17_13-43-30.768-240,v5.1.4,3.43,17.0,3200,-1795,53611,30328,-3726,52352,29865,-1938.26,43828.88,24231.29,-532.65,43475.03,23663.07,0.00,0.00,0.00,1405.61,-353.84,-568.23,1556.86,1556.86,0.387,0.114,1.007,-3.750,-0.938,-0.094,8569,451.2,0,0.9284,0.1121,0.3180,-0.1558,343.8,38.7,0.0
1016872,2026-09-17_13-43-30.873-240,v5.1.4,3.43,17.0,3200,-1817,53587,30270,-3727,52313,29798,-1956.14,43810.22,24184.24,-542.06,43441.40,23610.27,0.00,0.00,0.00,1414.07,-368.82,-573.97,1570.06,1570.06,0.384,0.114,1.005,-3.844,-0.625,0.266,8569,452.7,0,0.9284,0.1119,0.3184,-0.1557,343.8,38.8,0.0
1016977,2026-09-17_13-43-30.978-240,v5.1.4,3.43,17.0,3200,-1870,53601,30589,-3781,52394,30074,-2000.57,43817.13,24444.62,-548.68,43513.87,23837.54,0.00,0.00,0.00,1451.89,-303.26,-607.08,1602.65,1602.65,0.383,0.113,0.998,-3.406,-0.406,-0.453,8567,456.4,0,0.9282,0.1124,0.3187,-0.1559,343.8,38.8,0.0
1017082,2026-09-17_13-43-30.082-240,v5.1.4,3.43,17.0,3200,-1813,53645,30507,-3757,52423,30018,-1953.68,43854.23,24377.10,-538.00,43536.52,23788.79,0.00,0.00,0.00,1415.68,-317.71,-588.31,1565.63,1565.63,0.383,0.112,1.000,-3.703,-0.609,0.141,8565,452.2,0,0.9281,0.1121,0.3189,-0.1559,343.8,38.8,0.0
1017196,2026-09-17_13-43-30.197-240,v5.1.4,3.43,17.0,3200,-1820,53529,30493,-3737,52305,30044,-1958.69,43758.70,24366.89,-514.13,43441.06,23808.52,0.00,0.00,0.00,1444.56,-317.64,-558.38,1580.96,1580.96,0.383,0.117,0.994,-3.828,-0.625,0.359,8569,454.0,0,0.9282,0.1121,0.3188,-0.1557,343.8,38.8,0.0
1017300,2026-09-17_13-43-30.301-240,v5.1.4,3.43,17.0,3200,-1860,53515,30360,-3712,52263,29818,-1991.32,43749.71,24258.55,-525.27,43401.29,23624.86,0.00,0.00,0.00,1466.05,-348.43,-633.69,1634.71,1634.71,0.386,0.114,1.004,-3.516,-0.875,0.375,8569,460.0,0,0.9283,0.1119,0.3186,-0.1554,343.8,38.8,0.0
1017405,2026-09-17_13-43-30.405-240,v5.1.4,3.43,17.0,3200,-1811,53513,30514,-3754,52275,29969,-1951.21,43745.04,24384.18,-538.15,43414.32,23751.54,0.00,0.00,0.00,1413.06,-330.73,-632.65,1583.15,1583.15,0.386,0.113,1.005,-3.688,-1.125,0.844,8572,454.2,0,0.9286,0.1112,0.3183,-0.1550,343.9,38.7,0.0
1017509,2026-09-17_13-43-30.510-240,v5.1.4,3.43,17.0,3200,-1747,53508,30441,-3694,52353,29924,-1898.25,43741.44,24324.51,-497.74,43477.89,23705.52,0.00,0.00,0.00,1400.51,-263.55,-618.99,1553.72,1553.72,0.384,0.114,1.006,-3.797,-0.766,0.266,8576,450.9,0,0.9286,0.1111,0.3185,-0.1548,343.9,38.8,0.0
1017614,2026-09-17_13-43-31.614-240,v5.1.4,3.43,17.0,3200,-1692,53502,30530,-3616,52437,30016,-1853.04,43734.46,24397.11,-422.71,43550.20,23766.28,0.00,0.00,0.00,1430.33,-184.27,-630.83,1574.09,1574.09,0.384,0.113,0.999,-3.750,-0.484,0.094,8570,453.2,0,0.9285,0.1112,0.3188,-0.1547,343.9,38.8,0.0
1017718,2026-09-17_13-43-31.719-240,v5.1.4,3.43,17.0,3200,-1638,53496,30584,-3623,52548,30051,-1808.58,43728.07,24441.14,-426.76,43641.73,23793.52,0.00,0.00,0.00,1381.82,-86.34,-647.62,1528.50,1528.50,0.385,0.115,1.001,-3.984,-0.438,0.562,8570,447.9,0,0.9285,0.1109,0.3190,-0.1543,343.9,38.8,0.0
1017823,2026-09-17_13-43-31.823-240,v5.1.4,3.43,17.0,3200,-1616,53487,30640,-3676,52653,30084,-1790.49,43719.49,24486.90,-468.77,43727.56,23826.00,0.00,0.00,0.00,1321.73,8.07,-660.90,1477.77,1477.77,0.383,0.114,1.005,-3.984,-0.703,0.609,8571,442.0,0,0.9285,0.1105,0.3193,-0.1540,343.9,38.8,0.0
1017927,2026-09-17_13-43-31.928-240,v5.1.4,3.43,17.0,3200,-1644,53603,30704,-3856,52897,30271,-1814.45,43814.57,24538.00,-597.05,43928.95,23998.01,0.00,0.00,0.00,1217.40,114.38,-539.99,1336.69,1336.69,0.384,0.116,1.000,-3.844,-0.500,-0.156,8570,424.6,0,0.9284,0.1109,0.3194,-0.1540,344.0,38.9,0.0
1018032,2026-09-17_13-43-31.032-240,v5.1.4,3.43,17.0,3200,-1603,53707,30692,-4046,53064,30224,-1781.28,43900.27,24527.03,-765.36,44061.17,23985.66,0.00,0.00,0.00,1015.91,160.90,-541.38,1162.35,1162.35,0.383,0.112,1.002,-3.625,-0.719,-0.375,8570,401.4,0,0.9283,0.1112,0.3195,-0.1542,344.0,38.9,0.0
1018136,2026-09-17_13-43-31.137-240,v5.1.4,3.43,17.0,3200,-1574,53729,30654,-4210,53148,30207,-1757.43,43918.75,24495.72,-905.36,44126.74,23994.79,0.00,0.00,0.00,852.07,207.99,-500.94,1010.06,1010.06,0.382,0.110,1.001,-3.984,-0.828,0.078,8571,379.1,0,0.9283,0.1107,0.3196,-0.1544,343.9,38.9,0.0
1018240,2026-09-17_13-43-31.241-240,v5.1.4,3.43,17.0,3200,-1604,53806,30608,-4338,53264,30153,-1782.56,43983.43,24457.44,-1022.12,44218.11,23968.55,0.00,0.00,0.00,760.45,234.68,-488.88,934.00,934.00,0.384,0.111,1.003,-3.891,-0.672,0.078,8566,367.1,0,0.9283,0.1106,0.3197,-0.1544,343.9,38.9,0.0
1018345,2026-09-17_13-43-31.346-240,v5.1.4,3.43,17.0,3200,-1594,53843,30626,-4384,53349,30097,-1774.59,44013.60,24471.72,-1070.75,44285.40,23929.18,0.00,0.00,0.00,703.84,271.80,-542.54,929.31,929.31,0.381,0.116,1.003,-3.516,-0.594,0.156,8571,366.4,0,0.9282,0.1111,0.3199,-0.1539,344.0,38.9,0.0
1018449,2026-09-17_13-43-31.450-240,v5.1.4,3.43,17.0,3200,-1507,53887,30641,-4453,53380,30205,-1703.15,44048.82,24483.33,-1112.70,44312.41,24025.15,0.00,0.00,0.00,590.45,263.60,-458.18,792.50,792.50,0.383,0.114,1.002,-3.656,-0.688,0.250,8571,343.0,0,0.9283,0.1111,0.3199,-0.1536,344.0,38.9,0.0
1018554,2026-09-17_13-43-31.555-240,v5.1.4,3.43,17.0,3200,-1492,53883,30613,-4422,53370,30151,-1690.70,44045.81,24460.48,-1094.77,44303.34,23977.59,0.00,0.00,0.00,595.93,257.54,-482.89,809.10,809.10,0.385,0.113,1.004,-3.969,-0.672,0.406,8576,346.0,0,0.9284,0.1107,0.3199,-0.1535,344.0,38.9,0.0
1018668,2026-09-17_13-43-32.669-240,v5.1.4,3.43,17.0,3200,-1530,53784,30604,-4786,53267,30081,-1721.39,43964.56,24454.25,-1401.33,44211.44,23976.67,0.00,0.00,0.00,320.06,246.88,-477.57,625.67,625.67,0.382,0.115,1.001,-3.703,-0.828,-0.078,8568,310.5,0,0.9284,0.1111,0.3198,-0.1534,344.1,38.9,0.0
1018773,2026-09-17_13-43-32.774-240,v5.1.4,3.43,17.0,3200,-1736,53806,30496,-4470,53245,29961,-1891.19,43986.62,24366.29,-1158.17,44195.48,23834.74,0.00,0.00,0.00,733.01,208.85,-531.55,929.23,929.23,0.379,0.111,1.001,-3.656,-0.391,0.250,8570,366.4,0,0.9282,0.1109,0.3204,-0.1533,344.1,39.0,0.0
1018877,2026-09-17_13-43-32.878-240,v5.1.4,3.43,17.0,3200,-1807,53798,30652,-4631,53276,30150,-1950.00,43978.21,24493.86,-1264.00,44223.09,24008.95,0.00,0.00,0.00,686.00,244.88,-484.91,875.04,875.04,0.384,0.116,0.999,-3.875,-0.469,-4.000,8570,357.4,0,0.9276,0.1133,0.3199,-0.1560,343.8,39.0,0.0
1018982,2026-09-17_13-43-32.983-240,v5.1.4,3.43,17.0,3200,-1565,53824,30648,-4634,53267,30143,-1750.59,43997.25,24489.82,-1267.21,44215.50,24003.93,0.00,0.00,0.00,483.38,218.25,-485.89,719.29,719.29,0.386,0.113,1.001,-3.656,-0.469,0.438,8569,329.4,0,0.9278,0.1128,0.3198,-0.1557,343.8,38.9,0.0
1019087,2026-09-17_13-43-32.087-240,v5.1.4,3.43,17.0,3200,-1610,53792,30639,-4419,53267,30099,-1787.48,43971.43,24482.90,-1096.74,44217.85,23937.22,0.00,0.00,0.00,690.74,246.42,-545.68,914.12,914.12,0.384,0.112,1.001,-3.625,-0.812,0.109,8569,363.9,0,0.9279,0.1125,0.3195,-0.1557,343.8,38.9,0.0
1019191,2026-09-17_13-43-32.192-240,v5.1.4,3.43,17.0,3200,-1598,53785,30590,-4402,53264,30203,-1777.44,43966.32,24442.95,-1067.47,44218.36,24017.91,0.00,0.00,0.00,709.97,252.04,-425.04,865.01,865.01,0.382,0.115,1.002,-3.906,-0.891,-0.141,8571,355.7,0,0.9279,0.1125,0.3194,-0.1559,343.8,38.9,0.0
1019295,2026-09-17_13-43-32.296-240,v5.1.4,3.43,17.0,3200,-1496,53754,30556,-4344,53216,30154,-1693.07,43940.21,24415.30,-1025.43,44178.79,23971.00,0.00,0.00,0.00,667.63,238.58,-444.31,836.70,836.70,0.384,0.113,0.999,-3.984,-0.969,0.547,8571,350.8,0,0.9281,0.1119,0.3191,-0.1557,343.8,38.8,0.0
1019400,2026-09-17_13-43-32.401-240,v5.1.4,3.43,17.0,3200,-1511,53787,30636,-4352,53196,30169,-1705.81,43966.32,24480.29,-1029.21,44162.70,23984.48,0.00,0.00,0.00,676.59,196.39,-495.81,861.50,861.50,0.381,0.114,1.008,-3.797,-0.875,0.625,8569,355.1,0,0.9281,0.1117,0.3194,-0.1552,343.8,38.9,0.0
1019504,2026-09-17_13-43-32.505-240,v5.1.4,3.43,17.0,3200,-1502,53794,30671,-4363,53280,30102,-1698.50,43971.44,24508.78,-1050.62,44229.46,23931.20,0.00,0.00,0.00,647.88,258.02,-577.58,905.49,905.49,0.386,0.114,1.003,-3.812,-0.531,0.000,8569,362.5,0,0.9281,0.1117,0.3194,-0.1551,343.8,38.9,0.0
1019609,2026-09-17_13-43-33.610-240,v5.1.4,3.43,17.0,3200,-1455,53814,30631,-4328,53288,30126,-1659.79,43988.12,24475.82,-1018.56,44237.19,23945.12,0.00,0.00,0.00,641.22,249.06,-530.70,868.81,868.81,0.386,0.116,0.999,-3.578,-0.312,0.062,8569,356.3,0,0.9282,0.1121,0.3194,-0.1547,343.9,38.9,0.0
1019714,2026-09-17_13-43-33.714-240,v5.1.4,3.43,17.0,3200,-1362,53798,30599,-4359,53266,30187,-1582.93,43974.47,24449.67,-1034.49,44220.28,23998.78,0.00,0.00,0.00,548.44,245.81,-450.88,751.34,751.34,0.383,0.115,1.000,-3.656,-0.609,0.141,8570,335.4,0,0.9282,0.1122,0.3194,-0.1544,344.0,38.9,0.0
1019819,2026-09-17_13-43-33.820-240,v5.1.4,3.43,17.0,3200,-1478,53782,30644,-4235,53265,30106,-1678.58,43961.71,24486.81,-944.26,44219.38,23915.86,0.00,0.00,0.00,734.32,257.66,-570.95,965.20,965.20,0.385,0.112,1.003,-3.750,-0.656,-0.188,8573,372.1,0,0.9282,0.1120,0.3193,-0.1546,343.9,38.9,0.0
1019923,2026-09-17_13-43-33.924-240,v5.1.4,3.43,17.0,3200,-1487,53773,30608,-4343,53217,30120,-1685.87,43954.96,24457.54,-1029.61,44178.75,23943.65,0.00,0.00,0.00,656.26,223.79,-513.88,863.04,863.04,0.383,0.116,0.970,-3.703,-0.922,-0.234,8570,355.4,0,0.9287,0.1124,0.3180,-0.1545,344.0,38.7,0.0
1020028,2026-09-17_13-43-33.030-240,v5.1.4,3.43,17.0,3200,-1572,53759,30569,-4449,53200,30134,-1755.80,43944.91,24426.02,-1114.26,44163.50,23970.67,0.00,0.00,0.00,641.54,218.59,-455.35,816.52,816.52,0.383,0.112,1.001,-3.844,-0.734,0.031,8570,347.3,0,0.9286,0.1120,0.3183,-0.1546,343.9,38.7,0.0
1020144,2026-09-17_13-43-33.144-240,v5.1.4,3.43,17.0,3200,-1455,53834,30502,-4291,53306,30130,-1659.66,44006.75,24370.30,-988.09,44252.61,23942.60,0.00,0.00,0.00,671.57,245.86,-427.70,833.29,833.29,0.383,0.112,1.004,-3.266,-0.906,0.391,8573,350.2,0,0.9286,0.1120,0.3184,-0.1540,344.0,38.7,0.0
1020248,2026-09-17_13-43-33.249-240,v5.1.4,3.43,17.0,3200,-1495,53780,30601,-4364,53259,30035,-1692.50,43960.94,24451.77,-1060.58,44210.55,23878.12,0.00,0.00,0.00,631.92,249.61,-573.64,889.21,889.21,0.382,0.114,1.004,-3.797,-0.609,-0.031,8566,359.8,0,0.9285,0.1119,0.3189,-0.1540,344.0,38.8,0.0
1020353,2026-09-17_13-43-33.353-240,v5.1.4,3.43,17.0,3200,-1562,53759,30571,-4411,53229,30153,-1747.55,43944.77,24427.63,-1081.11,44188.31,23979.82,0.00,0.00,0.00,666.45,243.54,-447.81,839.05,839.05,0.387,0.113,1.001,-3.844,-0.312,-0.453,8568,351.2,0,0.9284,0.1119,0.3189,-0.1544,344.0,38.8,0.0
1020457,2026-09-17_13-43-33.458-240,v5.1.4,3.43,17.0,3200,-1615,53765,30652,-4326,53240,30181,-1791.46,43948.96,24493.80,-1007.42,44199.40,23989.56,0.00,0.00,0.00,784.04,250.45,-504.25,965.25,965.25,0.387,0.117,1.001,-3.594,-0.969,0.219,8568,372.1,0,0.9286,0.1120,0.3184,-0.1541,344.0,38.7,0.0
1020562,2026-09-17_13-43-33.562-240,v5.1.4,3.43,17.0,3200,-1545,53798,30638,-4407,53243,30158,-1733.92,43975.73,24481.89,-1077.51,44199.95,23983.01,0.00,0.00,0.00,656.40,224.22,-498.88,854.41,854.41,0.382,0.112,0.999,-3.703,-0.750,0.172,8560,353.9,0,0.9286,0.1116,0.3187,-0.1540,344.0,38.8,0.0
1020666,2026-09-17_13-43-34.667-240,v5.1.4,3.43,17.0,3200,-1543,53847,30756,-4358,53255,30191,-1732.82,44014.26,24577.70,-1032.75,44211.41,24002.01,0.00,0.00,0.00,700.07,197.14,-575.69,927.57,927.57,0.384,0.114,0.999,-3.422,-0.594,0.484,8578,366.1,0,0.9287,0.1115,0.3188,-0.1534,344.1,38.8,0.0
1020771,2026-09-17_13-43-34.771-240,v5.1.4,3.43,17.0,3200,-1459,53854,30741,-4450,53333,30204,-1663.56,44019.42,24565.21,-1108.94,44274.02,24024.65,0.00,0.00,0.00,554.62,254.59,-540.55,815.24,815.24,0.383,0.115,1.003,-3.953,-0.453,0.281,8578,347.1,0,0.9286,0.1113,0.3192,-0.1533,344.1,38.8,0.0
1020875,2026-09-17_13-43-34.876-240,v5.1.4,3.43,17.0,3200,-1494,53814,30717,-4318,53240,30276,-1692.12,43987.12,24546.10,-986.97,44201.99,24064.32,0.00,0.00,0.00,705.16,214.86,-481.78,880.64,880.64,0.384,0.110,1.006,-3.891,-0.547,0.391,8570,358.3,0,0.9285,0.1106,0.3196,-0.1532,344.1,38.9,0.0
1020980,2026-09-17_13-43-34.980-240,v5.1.4,3.43,17.0,3200,-1542,53788,30618,-4369,53260,30235,-1731.34,43967.76,24465.66,-1035.53,44216.45,24038.71,0.00,0.00,0.00,695.81,248.70,-426.94,853.40,853.40,0.385,0.116,0.999,-3.922,-0.406,0.234,8569,353.7,0,0.9286,0.1107,0.3196,-0.1529,344.1,38.9,0.0
1021084,2026-09-17_13-43-34.085-240,v5.1.4,3.43,17.0,3200,-1597,53757,30730,-4417,53217,30333,-1776.72,43940.89,24557.52,-1059.40,44183.05,24124.78,0.00,0.00,0.00,717.33,242.16,-432.74,872.05,872.05,0.384,0.115,1.002,-3.844,-1.219,-0.109,8563,356.9,0,0.9287,0.1106,0.3190,-0.1531,344.1,38.8,0.0
1021188,2026-09-17_13-43-34.189-240,v5.1.4,3.43,17.0,3200,-1557,53720,30666,-4510,53160,30223,-1743.37,43910.95,24505.58,-1150.23,44132.11,24051.40,0.00,0.00,0.00,593.15,221.16,-454.18,779.11,779.11,0.383,0.114,1.004,-3.516,-0.547,-0.078,8563,340.6,0,0.9286,0.1109,0.3193,-0.1529,344.1,38.8,0.0
1021293,2026-09-17_13-43-34.294-240,v5.1.4,3.43,17.0,3200,-1520,53732,30599,-4442,53153,30128,-1712.80,43921.57,24450.68,-1107.93,44125.04,23965.59,0.00,0.00,0.00,604.87,203.46,-485.09,801.61,801.61,0.383,0.112,0.997,-3.734,-0.875,0.266,8576,344.6,0,0.9288,0.1106,0.3191,-0.1527,344.1,38.8,0.0
1021397,2026-09-17_13-43-34.398-240,v5.1.4,3.43,17.0,3200,-1489,53745,30632,-4448,53178,30156,-1687.39,43931.46,24477.42,-1109.55,44146.10,23988.46,0.00,0.00,0.00,577.84,214.64,-488.96,786.80,786.80,0.384,0.113,1.000,-4.172,-0.891,0.125,8577,342.0,0,0.9288,0.1102,0.3191,-0.1529,344.1,38.8,0.0
1021502,2026-09-17_13-43-34.503-240,v5.1.4,3.43,17.0,3200,-1506,53775,30602,-4431,53215,30161,-1701.54,43956.91,24452.66,-1095.97,44176.75,23989.37,0.00,0.00,0.00,605.57,219.84,-463.29,793.52,793.52,0.382,0.116,0.998,-3.734,-0.625,0.141,8568,343.2,0,0.9288,0.1105,0.3192,-0.1525,344.2,38.8,0.0
1021616,2026-09-17_13-43-35.617-240,v5.1.4,3.43,17.0,3200,-1563,53824,30604,-4402,53285,30084,-1748.86,43997.95,24453.90,-1085.49,44232.45,23922.45,0.00,0.00,0.00,663.37,234.51,-531.45,881.75,881.75,0.381,0.115,1.004,-3.781,-0.828,0.500,8568,358.5,0,0.9288,0.1104,0.3194,-0.1521,344.2,38.8,0.0
1021721,2026-09-17_13-43-35.722-240,v5.1.4,3.43,17.0,3200,-1615,53822,30657,-4370,53292,30186,-1791.83,43995.97,24497.29,-1044.48,44241.33,23999.18,0.00,0.00,0.00,747.35,245.36,-498.11,931.04,931.04,0.383,0.112,1.004,-3.641,-0.812,0.344,8570,366.6,0,0.9289,0.1101,0.3194,-0.1518,344.2,38.8,0.0
1021825,2026-09-17_13-43-35.826-240,v5.1.4,3.43,17.0,3200,-1511,53857,30648,-4460,53335,30171,-1706.27,44023.95,24489.37,-1122.05,44274.63,23999.71,0.00,0.00,0.00,584.23,250.68,-489.66,802.45,802.45,0.383,0.113,1.002,-3.734,-0.750,-0.266,8575,344.8,0,0.9288,0.1103,0.3194,-0.1519,344.2,38.8,0.0
1021930,2026-09-17_13-43-35.931-240,v5.1.4,3.43,17.0,3200,-1496,53858,30676,-4361,53343,30230,-1693.97,44024.17,24512.18,-1032.22,44284.30,24032.22,0.00,0.00,0.00,661.75,260.13,-479.96,857.87,857.87,0.381,0.111,1.001,-4.125,-0.344,-0.312,8574,354.5,0,0.9286,0.1102,0.3200,-0.1523,344.2,38.9,0.0
1022034,2026-09-17_13-43-35.035-240,v5.1.4,3.43,17.0,3200,-1457,53865,30704,-4410,53394,30218,-1661.91,44029.09,24534.88,-1075.85,44324.89,24029.01,0.00,0.00,0.00,586.06,295.80,-505.88,828.78,828.78,0.385,0.113,1.001,-3.750,-0.656,0.734,8574,349.4,0,0.9288,0.1098,0.3199,-0.1517,344.2,38.9,0.0
1022139,2026-09-17_13-43-35.140-240,v5.1.4,3.43,17.0,3200,-1559,53947,30736,-4246,53524,30200,-1746.61,44097.37,24560.37,-947.53,44433.36,23988.49,0.00,0.00,0.00,799.08,335.99,-571.88,1038.49,1038.49,0.384,0.116,1.002,-3.781,-0.734,0.016,8562,383.4,0,0.9288,0.1101,0.3197,-0.1515,344.3,38.8,0.0
1022243,2026-09-17_13-43-35.244-240,v5.1.4,3.43,17.0,3200,-1474,53842,30760,-4381,53462,30302,-1675.89,44009.35,24580.87,-1041.81,44383.12,24090.82,0.00,0.00,0.00,634.08,373.77,-490.05,884.26,884.26,0.379,0.115,0.999,-4.188,-0.797,0.406,8574,358.9,0,0.9288,0.1098,0.3199,-0.1514,344.3,38.9,0.0
1022348,2026-09-17_13-43-35.349-240,v5.1.4,3.43,17.0,3200,-1501,53781,30700,-4380,53459,30263,-1697.65,43960.21,24532.58,-1046.59,44379.68,24059.54,0.00,0.00,0.00,651.06,419.46,-473.04,907.52,907.52,0.384,0.115,0.999,-3.531,-0.672,0.281,8574,362.8,0,0.9289,0.1100,0.3197,-0.1509,344.4,38.8,0.0
1022452,2026-09-17_13-43-35.453-240,v5.1.4,3.43,17.0,3200,-1605,53821,30953,-4573,53466,30522,-1784.17,43990.21,24738.91,-1167.79,44388.96,24294.79,0.00,0.00,0.00,616.38,398.75,-444.13,858.01,858.01,0.385,0.114,1.006,-3.609,-0.703,0.094,8571,354.5,0,0.9290,0.1099,0.3197,-0.1509,344.4,38.8,0.0
1022557,2026-09-17_13-43-35.558-240,v5.1.4,3.43,17.0,3200,-1454,53890,30736,-4721,53578,30237,-1659.66,44049.19,24560.74,-1334.61,44470.77,24086.89,0.00,0.00,0.00,325.05,421.57,-473.85,712.68,712.68,0.381,0.111,1.003,-3.781,-0.781,0.000,8570,328.1,0,0.9289,0.1098,0.3198,-0.1509,344.3,38.9,0.0
1022661,2026-09-17_13-43-36.662-240,v5.1.4,3.43,17.0,3200,-1565,53862,30808,-4806,53543,30363,-1751.16,44026.03,24620.04,-1385.08,44444.03,24200.64,0.00,0.00,0.00,366.08,418.00,-419.40,696.16,696.16,0.385,0.111,1.003,-3.453,-0.625,0.375,8571,324.9,0,0.9290,0.1095,0.3198,-0.1505,344.4,38.8,0.0
1022766,2026-09-17_13-43-36.767-240,v5.1.4,3.43,17.0,3200,-1560,53833,30719,-4759,53544,30150,-1746.67,44003.47,24547.68,-1377.53,44440.11,24023.46,0.00,0.00,0.00,369.14,436.63,-524.22,775.70,775.70,0.385,0.112,1.002,-3.422,-0.734,0.188,8571,339.9,0,0.9291,0.1095,0.3196,-0.1502,344.4,38.8,0.0
1022870,2026-09-17_13-43-36.871-240,v5.1.4,3.43,17.0,3200,-1626,53855,30677,-4982,53563,30254,-1801.15,44023.02,24513.30,-1546.42,44454.71,24139.01,0.00,0.00,0.00,254.74,431.69,-374.29,625.57,625.57,0.385,0.115,1.001,-3.578,-0.656,-0.047,8568,310.5,0,0.9292,0.1097,0.3194,-0.1501,344.5,38.8,0.0
1022975,2026-09-17_13-43-36.976-240,v5.1.4,3.43,17.0,3200,-1469,53902,30710,-4803,53615,30279,-1672.05,44059.68,24539.42,-1397.08,44500.77,24131.91,0.00,0.00,0.00,274.97,441.09,-407.51,660.48,660.48,0.386,0.116,1.002,-3.859,-0.531,-0.109,8573,317.7,0,0.9292,0.1098,0.3194,-0.1501,344.5,38.8,0.0
1023089,2026-09-17_13-43-36.090-240,v5.1.4,3.43,17.0,3200,-1372,53857,30674,-4582,53554,30260,-1591.70,44022.09,24510.30,-1216.15,44453.99,24085.27,0.00,0.00,0.00,375.56,431.89,-425.03,712.90,712.90,0.386,0.113,0.998,-3.922,-0.609,0.297,8572,328.1,0,0.9293,0.1095,0.3192,-0.1499,344.5,38.8,0.0
1023194,2026-09-17_13-43-36.195-240,v5.1.4,3.43,17.0,3200,-1322,53858,30709,-4753,53556,30238,-1550.55,44021.83,24538.75,-1360.12,44452.28,24092.73,0.00,0.00,0.00,190.43,430.45,-446.02,648.45,648.45,0.385,0.111,1.004,-4.031,-1.031,0.750,8572,315.3,0,0.9295,0.1086,0.3192,-0.1495,344.5,38.7,0.0
1023298,2026-09-17_13-43-36.299-240,v5.1.4,3.43,17.0,3200,-1441,53906,30767,-4860,53611,30318,-1649.10,44061.77,24585.85,-1438.16,44497.58,24171.51,0.00,0.00,0.00,210.94,435.81,-414.34,637.26,637.26,0.384,0.113,1.001,-3.922,-0.844,0.172,8577,312.9,0,0.9295,0.1086,0.3192,-0.1494,344.5,38.7,0.0
1023404,2026-09-17_13-43-36.405-240,v5.1.4,3.43,17.0,3200,-1437,53905,30715,-4831,53624,30215,-1645.69,44061.75,24543.40,-1429.74,44506.02,24084.71,0.00,0.00,0.00,215.95,444.27,-458.70,674.10,674.10,0.382,0.114,1.003,-4.031,-0.906,0.016,8569,320.5,0,0.9294,0.1086,0.3194,-0.1494,344.5,38.8,0.0
1023509,2026-09-17_13-43-36.509-240,v5.1.4,3.43,17.0,3200,-1226,53867,30713,-4585,53583,30207,-1471.45,44028.21,24541.72,-1227.24,44476.28,24042.88,0.00,0.00,0.00,244.21,448.07,-498.85,713.62,713.62,0.385,0.113,1.001,-3.688,-0.516,-0.078,8569,328.3,0,0.9294,0.1090,0.3195,-0.1492,344.5,38.8,0.0
1023615,2026-09-17_13-43-37.615-240,v5.1.4,3.43,17.0,3200,-1411,53861,30637,-4659,53588,30105,-1623.82,44026.41,24480.13,-1303.17,44476.53,23972.12,0.00,0.00,0.00,320.64,450.12,-508.02,750.67,750.67,0.385,0.112,1.001,-3.984,-0.797,0.031,8578,335.3,0,0.9295,0.1087,0.3194,-0.1492,344.5,38.8,0.0
1023719,2026-09-17_13-43-37.720-240,v5.1.4,3.43,17.0,3200,-1458,53836,30642,-4784,53573,30089,-1662.42,44006.15,24484.57,-1407.90,44461.83,23977.90,0.00,0.00,0.00,254.53,455.68,-506.67,727.42,727.42,0.385,0.114,1.003,-4.094,-0.891,0.250,8585,330.9,0,0.9295,0.1084,0.3193,-0.1492,344.5,38.8,0.0
1023824,2026-09-17_13-43-37.824-240,v5.1.4,3.43,17.0,3200,-1277,53865,30598,-4733,53594,30200,-1513.26,44028.96,24447.98,-1350.37,44482.69,24058.82,0.00,0.00,0.00,162.89,453.73,-389.16,619.55,619.55,0.381,0.116,1.001,-3.391,-0.906,0.750,8579,309.2,0,0.9296,0.1088,0.3194,-0.1482,344.7,38.8,0.0
1023928,2026-09-17_13-43-37.929-240,v5.1.4,3.43,17.0,3200,-1429,53889,30659,-4692,53654,30102,-1638.88,44049.36,24497.84,-1332.79,44529.88,23973.51,0.00,0.00,0.00,306.09,480.51,-524.33,774.28,774.28,0.385,0.114,1.002,-3.609,-0.391,0.703,8579,339.7,0,0.9297,0.1085,0.3196,-0.1475,344.8,38.8,0.0
1024034,2026-09-17_13-43-37.034-240,v5.1.4,3.43,17.0,3200,-1453,53937,30383,-4889,53646,29897,-1658.42,44093.77,24272.09,-1524.56,44514.85,23838.66,0.00,0.00,0.00,133.86,421.08,-433.42,618.93,618.93,0.386,0.112,0.999,-3.781,-0.641,0.375,8571,309.1,0,0.9298,0.1082,0.3195,-0.1472,344.8,38.8,0.0
1024138,2026-09-17_13-43-37.139-240,v5.1.4,3.43,17.0,3200,-1391,53870,30591,-4675,53557,30168,-1607.29,44034.38,24442.45,-1306.19,44452.56,24025.32,0.00,0.00,0.00,301.10,418.18,-417.13,662.97,662.97,0.385,0.114,1.001,-3.562,-0.766,-0.156,8574,318.2,0,0.9298,0.1086,0.3194,-0.1471,344.8,38.7,0.0
1024243,2026-09-17_13-43-37.243-240,v5.1.4,3.43,17.0,3200,-1515,53854,30634,-4688,53567,30153,-1709.53,44021.75,24477.97,-1319.38,44460.13,24015.08,0.00,0.00,0.00,390.14,438.39,-462.90,747.44,747.44,0.387,0.113,1.003,-3.750,-0.359,0.203,8578,334.7,0,0.9298,0.1083,0.3195,-0.1470,344.8,38.8,0.0
1024347,2026-09-17_13-43-37.348-240,v5.1.4,3.43,17.0,3200,-1338,53869,30716,-4798,53579,30248,-1563.83,44030.96,24544.39,-1396.39,44470.62,24106.96,0.00,0.00,0.00,167.44,439.65,-437.43,642.40,642.40,0.381,0.115,0.997,-3.875,-0.656,-0.047,8578,314.0,0,0.9297,0.1085,0.3197,-0.1469,344.8,38.8,0.0
1024452,2026-09-17_13-43-37.452-240,v5.1.4,3.43,17.0,3200,-1430,53906,30805,-4734,53628,30345,-1640.11,44061.04,24616.85,-1331.07,44514.21,24174.33,0.00,0.00,0.00,309.04,453.18,-442.51,704.76,704.76,0.384,0.114,0.999,-3.531,-0.750,0.188,8576,326.5,0,0.9298,0.1085,0.3196,-0.1467,344.9,38.8,0.0
1024566,2026-09-17_13-43-37.566-240,v5.1.4,3.43,17.0,3200,-1431,53832,30822,-4741,53536,30326,-1640.50,43999.64,24631.50,-1336.78,44438.40,24161.64,0.00,0.00,0.00,303.71,438.77,-469.86,711.00,711.00,0.385,0.114,1.000,-3.688,-0.703,0.094,8578,327.8,0,0.9299,0.1084,0.3195,-0.1466,344.9,38.8,0.0
1024670,2026-09-17_13-43-38.671-240,v5.1.4,3.43,17.0,3200,-1377,53809,30870,-4700,53540,30296,-1595.92,43979.29,24670.81,-1307.55,44441.56,24131.58,0.00,0.00,0.00,288.37,462.27,-539.23,766.56,766.56,0.383,0.114,1.003,-3.844,-0.984,0.281,8578,338.3,0,0.9299,0.1081,0.3195,-0.1465,344.9,38.7,0.0
1024775,2026-09-17_13-43-38.775-240,v5.1.4,3.43,17.0,3200,-1523,53804,30831,-4691,53520,30308,-1716.20,43977.30,24639.33,-1297.78,44425.66,24140.17,0.00,0.00,0.00,418.42,448.36,-499.16,790.74,790.74,0.380,0.115,1.002,-3.641,-0.812,0.391,8573,342.7,0,0.9299,0.1081,0.3197,-0.1463,344.9,38.8,0.0
1024879,2026-09-17_13-43-38.880-240,v5.1.4,3.43,17.0,3200,-1386,53841,30713,-4696,53561,30253,-1603.23,44008.38,24542.33,-1311.18,44457.68,24096.28,0.00,0.00,0.00,292.04,449.30,-446.05,697.22,697.22,0.385,0.116,1.001,-3.969,-0.703,-0.047,8578,325.1,0,0.9299,0.1082,0.3196,-0.1464,344.9,38.8,0.0
1024984,2026-09-17_13-43-38.984-240,v5.1.4,3.43,17.0,3200,-1401,53851,30724,-4733,53550,30167,-1615.68,44016.62,24551.24,-1353.84,44445.87,24033.14,0.00,0.00,0.00,261.84,429.25,-518.10,721.97,721.97,0.381,0.115,1.002,-3.875,-0.594,-0.266,8579,329.9,0,0.9297,0.1085,0.3200,-0.1466,344.9,38.8,0.0
1025088,2026-09-17_13-43-38.089-240,v5.1.4,3.43,17.0,3200,-1210,53852,30756,-4608,53553,30150,-1458.25,44014.95,24576.95,-1253.57,44449.91,24001.16,0.00,0.00,0.00,204.68,434.96,-575.79,750.08,750.08,0.385,0.112,1.001,-4.250,-0.750,0.172,8579,335.2,0,0.9297,0.1079,0.3200,-0.1469,344.8,38.8,0.0
1025193,2026-09-17_13-43-38.193-240,v5.1.4,3.43,17.0,3200,-1405,53713,30686,-4679,53424,30267,-1618.03,43903.27,24521.66,-1290.95,44346.32,24107.16,0.00,0.00,0.00,327.08,443.05,-414.50,689.26,689.26,0.382,0.112,1.002,-3.578,-0.719,-0.344,8575,323.5,0,0.9296,0.1082,0.3201,-0.1471,344.8,38.8,0.0
1025297,2026-09-17_13-43-38.298-240,v5.1.4,3.43,17.0,3200,-1455,53758,30724,-4722,53468,30182,-1659.62,43940.35,24552.32,-1340.09,44379.40,24044.82,0.00,0.00,0.00,319.53,439.05,-507.49,743.25,743.25,0.384,0.113,0.999,-3.828,-0.656,0.359,8571,333.9,0,0.9297,0.1079,0.3200,-0.1470,344.8,38.8,0.0
1025402,2026-09-17_13-43-38.402-240,v5.1.4,3.43,17.0,3200,-1434,53821,30702,-4753,53539,30176,-1642.66,43992.54,24533.66,-1368.65,44436.79,24043.44,0.00,0.00,0.00,274.01,444.25,-490.22,716.07,716.07,0.382,0.116,1.003,-3.625,-0.562,0.000,8580,328.7,0,0.9296,0.1084,0.3202,-0.1468,344.9,38.8,0.0
1025506,2026-09-17_13-43-38.507-240,v5.1.4,3.43,17.0,3200,-1400,53894,30719,-4687,53638,30193,-1615.12,44052.21,24546.71,-1314.90,44519.23,24045.77,0.00,0.00,0.00,300.22,467.02,-500.93,747.78,747.78,0.385,0.115,0.997,-3.984,-1.031,0.516,8580,334.8,0,0.9299,0.1080,0.3197,-0.1466,344.9,38.8,0.0
1025611,2026-09-17_13-43-39.612-240,v5.1.4,3.43,17.0,3200,-1359,53977,30779,-4616,53695,30203,-1581.96,44119.38,24594.74,-1256.77,44567.23,24042.45,0.00,0.00,0.00,325.19,447.85,-552.29,781.89,781.89,0.382,0.113,0.999,-4.125,-0.531,-0.172,8572,341.1,0,0.9297,0.1080,0.3200,-0.1470,344.8,38.8,0.0
1025715,2026-09-17_13-43-39.716-240,v5.1.4,3.43,17.0,3200,-1469,53981,30694,-4910,53713,30221,-1672.52,44125.21,24525.54,-1496.59,44577.65,24099.68,0.00,0.00,0.00,175.93,452.44,-425.86,645.76,645.76,0.384,0.114,1.005,-3.406,-0.766,-0.219,8583,314.7,0,0.9297,0.1085,0.3199,-0.1469,344.8,38.8,0.0
1025820,2026-09-17_13-43-39.820-240,v5.1.4,3.43,17.0,3200,-1254,53947,30830,-4698,53698,30253,-1495.28,44092.68,24636.46,-1317.03,44569.65,24094.40,0.00,0.00,0.00,178.26,476.97,-542.07,743.71,743.71,0.382,0.114,1.001,-4.000,-0.734,0.547,8583,334.0,0,0.9297,0.1082,0.3201,-0.1467,344.9,38.8,0.0
1025934,2026-09-17_13-43-39.934-240,v5.1.4,3.43,17.0,3200,-1525,53859,30726,-4844,53579,30148,-1717.99,44024.48,24553.04,-1448.84,44467.29,24033.77,0.00,0.00,0.00,269.15,442.81,-519.27,733.60,733.60,0.386,0.113,1.001,-3.359,-0.672,0.125,8575,332.1,0,0.9298,0.1083,0.3198,-0.1464,344.9,38.8,0.0
1026038,2026-09-17_13-43-39.039-240,v5.1.4,3.43,17.0,3200,-1607,53864,30697,-4768,53574,30223,-1785.58,44029.93,24529.49,-1375.20,44466.37,24082.66,0.00,0.00,0.00,410.38,436.44,-446.83,747.36,747.36,0.384,0.114,0.999,-3.328,-0.531,-0.125,8574,334.7,0,0.9298,0.1086,0.3198,-0.1464,344.9,38.8,0.0
1026143,2026-09-17_13-43-39.144-240,v5.1.4,3.43,17.0,3200,-1655,53939,30753,-4913,53633,30227,-1825.75,44091.47,24574.53,-1495.73,44512.36,24106.19,0.00,0.00,0.00,330.02,420.89,-468.34,710.92,710.92,0.385,0.112,0.999,-3.953,-0.344,0.281,8574,327.7,0,0.9298,0.1081,0.3200,-0.1465,344.9,38.8,0.0
1026248,2026-09-17_13-43-39.248-240,v5.1.4,3.43,17.0,3200,-1626,53918,30729,-4731,53630,30225,-1801.66,44074.22,24555.09,-1346.18,44512.80,24077.94,0.00,0.00,0.00,455.48,438.58,-477.15,792.14,792.14,0.385,0.115,1.000,-4.125,-0.422,0.250,8574,342.9,0,0.9297,0.1078,0.3201,-0.1467,344.8,38.8,0.0
1026352,2026-09-17_13-43-39.353-240,v5.1.4,3.43,17.0,3200,-1524,53905,30710,-4698,53641,30244,-1717.42,44062.73,24539.50,-1316.59,44522.82,24088.11,0.00,0.00,0.00,400.83,460.09,-451.39,759.01,759.01,0.384,0.113,1.001,-3.859,-0.625,-0.031,8572,336.9,0,0.9297,0.1078,0.3201,-0.1468,344.8,38.8,0.0
1026457,2026-09-17_13-43-39.457-240,v5.1.4,3.43,17.0,3200,-1542,53900,30709,-4973,53639,30239,-1732.23,44058.80,24538.78,-1543.53,44516.60,24124.49,0.00,0.00,0.00,188.70,457.80,-414.29,645.62,645.62,0.385,0.112,1.003,-3.703,-1.125,0.156,8572,314.7,0,0.9299,0.1076,0.3197,-0.1468,344.8,38.8,0.0
1026561,2026-09-17_13-43-39.562-240,v5.1.4,3.43,17.0,3200,-1272,53872,30706,-4789,53564,30261,-1509.40,44032.93,24536.05,-1386.63,44458.84,24116.27,0.00,0.00,0.00,122.78,425.91,-419.78,610.48,610.48,0.385,0.113,1.001,-3.594,-0.922,0.625,8587,307.3,0,0.9300,0.1076,0.3195,-0.1462,344.9,38.7,0.0
1026666,2026-09-17_13-43-40.666-240,v5.1.4,3.43,17.0,3200,-1467,53846,30693,-4657,53549,30205,-1670.01,44013.68,24526.12,-1285.73,44447.27,24052.38,0.00,0.00,0.00,384.28,433.59,-473.74,748.40,748.40,0.382,0.115,1.001,-3.953,-0.641,0.016,8587,334.9,0,0.9299,0.1077,0.3198,-0.1463,344.9,38.8,0.0
1026770,2026-09-17_13-43-40.771-240,v5.1.4,3.43,17.0,3200,-1545,53866,30696,-4761,53564,30194,-1734.47,44030.96,24528.53,-1373.37,44457.56,24058.61,0.00,0.00,0.00,361.10,426.60,-469.92,730.21,730.21,0.385,0.114,1.003,-3.891,-0.672,0.484,8580,331.4,0,0.9300,0.1075,0.3198,-0.1461,344.9,38.8,0.0
1026874,2026-09-17_13-43-40.875-240,v5.1.4,3.43,17.0,3200,-1493,53881,30759,-4666,53587,30302,-1691.81,44041.79,24579.69,-1280.14,44480.70,24130.64,0.00,0.00,0.00,411.67,438.91,-449.05,750.84,750.84,0.381,0.118,1.001,-3.750,-0.984,0.266,8576,335.3,0,0.9300,0.1078,0.3198,-0.1458,345.0,38.8,0.0
1026979,2026-09-17_13-43-40.979-240,v5.1.4,3.43,17.0,3200,-1401,53873,30789,-4801,53624,30293,-1615.95,44033.73,24604.07,-1393.67,44508.52,24142.66,0.00,0.00,0.00,222.28,474.79,-461.41,698.38,698.38,0.382,0.116,1.003,-4.094,-1.266,0.531,8578,325.3,0,0.9301,0.1074,0.3195,-0.1457,345.0,38.7,0.0
1027083,2026-09-17_13-43-40.084-240,v5.1.4,3.43,17.0,3200,-1340,53910,30758,-4715,53670,30272,-1565.82,44064.18,24578.25,-1327.38,44546.97,24112.52,0.00,0.00,0.00,238.44,482.79,-465.73,711.93,711.93,0.382,0.113,1.002,-3.250,-0.703,0.125,8578,327.9,0,0.9301,0.1079,0.3197,-0.1453,345.0,38.8,0.0
1027188,2026-09-17_13-43-40.188-240,v5.1.4,3.43,17.0,3200,-1237,53895,30831,-4669,53675,30367,-1480.94,44049.53,24637.78,-1275.82,44554.26,24181.64,0.00,0.00,0.00,205.12,504.73,-456.15,710.56,710.56,0.385,0.115,1.003,-4.000,-0.562,0.828,8579,327.7,0,0.9301,0.1074,0.3199,-0.1449,345.1,38.8,0.0
1027292,2026-09-17_13-43-40.293-240,v5.1.4,3.43,17.0,3200,-1332,53900,30722,-4645,53705,30313,-1559.09,44056.42,24548.95,-1264.87,44577.78,24134.47,0.00,0.00,0.00,294.22,521.36,-414.48,728.13,728.13,0.383,0.110,1.002,-3.641,-0.703,0.281,8582,331.1,0,0.9301,0.1071,0.3201,-0.1448,345.1,38.8,0.0
1027407,2026-09-17_13-43-40.408-240,v5.1.4,3.43,17.0,3200,-1446,53908,30703,-4901,53744,30209,-1653.11,44064.52,24533.60,-1491.89,44602.82,24088.27,0.00,0.00,0.00,161.22,538.30,-445.32,716.99,716.99,0.383,0.113,0.998,-3.500,-0.734,0.750,8582,328.9,0,0.9303,0.1069,0.3200,-0.1441,345.2,38.8,0.0
1027512,2026-09-17_13-43-40.513-240,v5.1.4,3.43,17.0,3200,-1279,53951,30685,-4734,53794,30181,-1515.63,44098.61,24518.11,-1360.10,44645.69,24040.59,0.00,0.00,0.00,155.53,547.08,-477.51,742.63,742.63,0.384,0.110,1.002,-3.484,-0.688,0.688,8578,333.8,0,0.9303,0.1066,0.3201,-0.1436,345.2,38.8,0.0
1027617,2026-09-17_13-43-41.617-240,v5.1.4,3.43,17.0,3200,-1488,53971,30687,-4926,53832,30224,-1688.11,44117.26,24519.97,-1512.97,44674.75,24102.53,0.00,0.00,0.00,175.14,557.49,-417.44,718.14,718.14,0.384,0.115,1.006,-3.953,-0.547,0.812,8574,329.1,0,0.9304,0.1061,0.3204,-0.1432,345.3,38.8,0.0
1027721,2026-09-17_13-43-41.722-240,v5.1.4,3.43,17.0,3200,-1454,53930,30807,-4878,53778,30212,-1660.05,44081.08,24618.28,-1473.57,44631.07,24086.75,0.00,0.00,0.00,186.49,550.00,-531.53,787.27,787.27,0.382,0.114,1.003,-3.750,-0.688,0.172,8584,342.0,0,0.9303,0.1062,0.3206,-0.1431,345.3,38.8,0.0
1027826,2026-09-17_13-43-41.826-240,v5.1.4,3.43,17.0,3200,-1501,53912,30674,-4848,53738,30266,-1698.43,44068.87,24509.99,-1439.77,44600.25,24126.16,0.00,0.00,0.00,258.66,531.39,-383.84,704.70,704.70,0.383,0.114,1.001,-3.594,-0.672,0.047,8584,326.5,0,0.9303,0.1064,0.3205,-0.1431,345.3,38.8,0.0
1027930,2026-09-17_13-43-41.931-240,v5.1.4,3.43,17.0,3200,-1316,53907,30739,-4802,53737,30306,-1545.97,44061.76,24562.72,-1396.06,44601.21,24151.40,0.00,0.00,0.00,149.92,539.46,-411.32,694.75,694.75,0.383,0.115,1.000,-3.281,-0.531,0.188,8571,324.6,0,0.9303,0.1070,0.3206,-0.1427,345.4,38.8,0.0
1028035,2026-09-17_13-43-41.035-240,v5.1.4,3.43,17.0,3200,-1322,53956,30694,-4819,53763,30254,-1551.14,44103.04,24525.49,-1418.43,44620.85,24111.91,0.00,0.00,0.00,132.71,517.81,-413.58,675.86,675.86,0.381,0.115,1.005,-3.766,-1.031,0.141,8568,320.8,0,0.9303,0.1070,0.3205,-0.1427,345.4,38.8,0.0
1028139,2026-09-17_13-43-41.140-240,v5.1.4,3.43,17.0,3200,-1199,53977,30823,-4722,53816,30361,-1450.11,44117.01,24630.32,-1324.62,44668.51,24182.37,0.00,0.00,0.00,125.48,551.50,-447.95,721.50,721.50,0.380,0.112,0.997,-3.922,-0.938,0.125,8584,329.8,0,0.9303,0.1068,0.3205,-0.1429,345.3,38.8,0.0
1028244,2026-09-17_13-43-41.244-240,v5.1.4,3.43,17.0,3200,-1446,53933,30692,-4764,53809,30266,-1653.25,44085.36,24524.36,-1372.84,44659.66,24112.70,0.00,0.00,0.00,280.41,574.30,-411.65,760.20,760.20,0.382,0.113,1.000,-3.844,-0.859,0.781,8584,337.1,0,0.9304,0.1062,0.3205,-0.1427,345.3,38.8,0.0
1028348,2026-09-17_13-43-41.349-240,v5.1.4,3.43,17.0,3200,-1390,53929,30791,-4734,53753,30346,-1607.24,44079.86,24605.10,-1334.76,44616.43,24173.14,0.00,0.00,0.00,272.48,536.57,-431.95,740.77,740.77,0.382,0.114,1.001,-4.078,-0.875,0.141,8575,333.5,0,0.9304,0.1060,0.3205,-0.1429,345.3,38.8,0.0
1028453,2026-09-17_13-43-41.454-240,v5.1.4,3.43,17.0,3200,-1289,53896,30649,-4799,53733,30150,-1523.46,44053.86,24489.31,-1416.24,44593.96,24026.32,0.00,0.00,0.00,107.22,540.10,-462.99,719.42,719.42,0.382,0.116,0.999,-4.016,-0.344,0.000,8570,329.4,0,0.9302,0.1064,0.3208,-0.1429,345.3,38.9,0.0
1028558,2026-09-17_13-43-41.558-240,v5.1.4,3.43,17.0,3200,-1478,53902,30833,-4945,53747,30299,-1679.72,44057.77,24639.85,-1515.04,44606.89,24166.62,0.00,0.00,0.00,164.68,549.12,-473.22,743.37,743.37,0.385,0.116,1.003,-3.406,-1.047,0.125,8570,333.9,0,0.9304,0.1067,0.3203,-0.1428,345.3,38.8,0.0
1028662,2026-09-17_13-43-42.663-240,v5.1.4,3.43,17.0,3200,-1453,53951,30812,-4776,53788,30379,-1659.37,44098.34,24622.14,-1365.57,44645.21,24205.13,0.00,0.00,0.00,293.81,546.88,-417.01,747.86,747.86,0.384,0.113,1.000,-4.094,-1.094,0.281,8581,334.8,0,0.9305,0.1062,0.3200,-0.1431,345.3,38.7,0.0
1028767,2026-09-17_13-43-42.768-240,v5.1.4,3.43,17.0,3200,-1267,53936,30866,-4744,53780,30403,-1506.01,44083.14,24665.99,-1335.49,44639.80,24219.75,0.00,0.00,0.00,170.52,556.66,-446.25,733.54,733.54,0.385,0.114,1.000,-4.016,-0.516,0.219,8565,332.1,0,0.9305,0.1061,0.3201,-0.1431,345.3,38.8,0.0
1028881,2026-09-17_13-43-42.882-240,v5.1.4,3.43,17.0,3200,-1438,53829,30788,-4932,53669,30189,-1646.18,43997.79,24603.79,-1518.02,44540.50,24078.03,0.00,0.00,0.00,128.17,542.71,-525.76,766.41,766.41,0.384,0.116,1.004,-4.094,-0.875,0.297,8579,338.2,0,0.9305,0.1060,0.3201,-0.1432,345.2,38.8,0.0
1028986,2026-09-17_13-43-42.987-240,v5.1.4,3.43,17.0,3200,-1475,53869,30736,-4937,53707,30296,-1676.84,44032.06,24561.00,-1507.67,44574.25,24163.69,0.00,0.00,0.00,169.17,542.19,-397.31,693.14,693.14,0.386,0.115,1.002,-3.688,-0.938,0.438,8579,324.3,0,0.9306,0.1060,0.3198,-0.1429,345.3,38.7,0.0
1029090,2026-09-17_13-43-42.091-240,v5.1.4,3.43,17.0,3200,-1489,53959,30767,-4972,53827,30240,-1689.02,44106.05,24585.40,-1548.33,44670.33,24122.15,0.00,0.00,0.00,140.69,564.28,-463.25,743.51,743.51,0.383,0.116,1.001,-3.938,-0.859,-0.234,8574,334.0,0,0.9305,0.1064,0.3198,-0.1433,345.3,38.7,0.0
1029195,2026-09-17_13-43-42.196-240,v5.1.4,3.43,17.0,3200,-1478,53935,30750,-4908,53787,30214,-1679.76,44086.39,24571.75,-1498.24,44638.00,24092.61,0.00,0.00,0.00,181.53,551.61,-479.14,752.86,752.86,0.385,0.114,1.000,-3.641,-1.031,-0.219,8573,335.7,0,0.9306,0.1067,0.3195,-0.1435,345.2,38.7,0.0
1029299,2026-09-17_13-43-42.300-240,v5.1.4,3.43,17.0,3200,-1434,54029,30751,-4901,53901,30246,-1644.08,44163.57,24571.49,-1491.30,44732.12,24115.35,0.00,0.00,0.00,152.78,568.55,-456.14,744.75,744.75,0.383,0.115,1.002,-3.609,-0.984,0.250,8581,334.2,0,0.9306,0.1069,0.3195,-0.1434,345.3,38.7,0.0
1029404,2026-09-17_13-43-42.405-240,v5.1.4,3.43,17.0,3200,-1288,54001,30756,-4767,53878,30331,-1523.52,44138.86,24575.56,-1367.93,44717.69,24164.00,0.00,0.00,0.00,155.58,578.84,-411.56,727.08,727.08,0.384,0.114,1.003,-0.094,-0.500,-0.016,8581,330.9,0,0.9306,0.1096,0.3193,-0.1413,345.7,38.7,0.0
1029508,2026-09-17_13-43-42.509-240,v5.1.4,3.43,17.0,3200,-1399,53999,30803,-4746,53872,30222,-1615.13,44137.59,24614.18,-1366.38,44710.31,24073.89,0.00,0.00,0.00,248.75,572.73,-540.29,825.72,825.72,0.383,0.115,1.004,-4.016,-0.578,-0.031,8580,348.9,0,0.9305,0.1088,0.3197,-0.1420,345.5,38.7,0.0
1029613,2026-09-17_13-43-43.614-240,v5.1.4,3.43,17.0,3200,-1434,54058,30761,-4898,53901,30235,-1644.28,44187.37,24579.36,-1490.44,44731.89,24106.12,0.00,0.00,0.00,153.85,544.52,-473.24,737.65,737.65,0.384,0.115,0.999,-3.875,-0.625,-0.312,8578,332.9,0,0.9304,0.1084,0.3197,-0.1427,345.4,38.7,0.0
1029717,2026-09-17_13-43-43.718-240,v5.1.4,3.43,17.0,3200,-1478,53956,30753,-4942,53815,30236,-1679.90,44103.69,24573.98,-1523.86,44660.90,24114.74,0.00,0.00,0.00,156.04,557.21,-459.24,738.74,738.74,0.385,0.114,1.001,-3.688,-0.656,-0.156,8578,333.1,0,0.9304,0.1082,0.3197,-0.1432,345.3,38.7,0.0
1029822,2026-09-17_13-43-43.823-240,v5.1.4,3.43,17.0,3200,-1505,53949,30751,-4952,53806,30233,-1702.12,44098.21,24572.47,-1532.25,44653.30,24113.95,0.00,0.00,0.00,169.87,555.09,-458.52,739.75,739.75,0.386,0.113,1.002,-3.922,-0.797,0.406,8583,333.3,0,0.9305,0.1073,0.3196,-0.1434,345.3,38.7,0.0
1029926,2026-09-17_13-43-43.927-240,v5.1.4,3.43,17.0,3200,-1546,53949,30763,-5013,53798,30231,-1735.95,44098.45,24582.36,-1582.49,44645.73,24121.43,0.00,0.00,0.00,153.47,547.28,-460.93,731.80,731.80,0.385,0.114,1.002,-3.938,-0.500,0.859,8580,331.8,0,0.9305,0.1067,0.3199,-0.1432,345.3,38.7,0.0
1030031,2026-09-17_13-43-43.031-240,v5.1.4,3.43,17.0,3200,-1572,53940,30770,-5048,53787,30299,-1757.35,44091.16,24588.22,-1601.02,44637.93,24181.10,0.00,0.00,0.00,156.33,546.76,-407.12,699.38,699.38,0.385,0.114,1.004,-3.688,-0.828,0.312,8584,325.5,0,0.9305,0.1064,0.3198,-0.1432,345.3,38.7,0.0
1030135,2026-09-17_13-43-43.136-240,v5.1.4,3.43,17.0,3200,-1575,54020,30726,-5047,53879,30214,-1760.24,44158.01,24551.47,-1615.43,44710.95,24111.54,0.00,0.00,0.00,144.82,552.94,-439.94,721.29,721.29,0.383,0.112,1.001,-3.859,-0.422,0.125,8584,329.7,0,0.9304,0.1062,0.3202,-0.1434,345.2,38.8,0.0
1030240,2026-09-17_13-43-43.240-240,v5.1.4,3.43,17.0,3200,-1515,53929,30731,-4880,53768,30306,-1710.20,44082.13,24556.38,-1461.18,44625.29,24162.35,0.00,0.00,0.00,249.01,543.16,-394.03,715.74,715.74,0.382,0.114,1.004,-3.312,-0.688,0.281,8583,328.7,0,0.9303,0.1066,0.3204,-0.1430,345.3,38.8,0.0
1030354,2026-09-17_13-43-43.355-240,v5.1.4,3.43,17.0,3200,-1215,53931,30752,-4501,53775,30248,-1462.86,44080.34,24572.88,-1158.03,44635.66,24060.27,0.00,0.00,0.00,304.84,555.32,-512.60,814.91,814.91,0.387,0.114,1.001,-3.734,-1.000,0.266,8579,347.0,0,0.9305,0.1065,0.3199,-0.1429,345.3,38.7,0.0
1030458,2026-09-17_13-43-43.459-240,v5.1.4,3.43,17.0,3200,-1379,53949,30763,-4847,53825,30264,-1598.24,44096.72,24582.01,-1441.91,44671.34,24123.03,0.00,0.00,0.00,156.33,574.62,-458.98,751.86,751.86,0.381,0.113,1.005,-3.547,-0.469,0.031,8584,335.5,0,0.9303,0.1067,0.3205,-0.1429,345.3,38.8,0.0
1030563,2026-09-17_13-43-43.564-240,v5.1.4,3.43,17.0,3200,-1319,53958,30777,-4672,53812,30224,-1548.85,44103.31,24593.22,-1303.36,44662.51,24065.59,0.00,0.00,0.00,245.49,559.20,-527.63,807.07,807.07,0.384,0.115,0.998,-3.656,-1.188,-0.188,8584,345.6,0,0.9304,0.1070,0.3199,-0.1431,345.3,38.8,0.0
1030668,2026-09-17_13-43-44.668-240,v5.1.4,3.43,17.0,3200,-1267,53929,30811,-4643,53793,30370,-1505.85,44078.26,24621.17,-1257.60,44651.22,24178.34,0.00,0.00,0.00,248.25,572.96,-442.82,765.51,765.51,0.379,0.115,1.000,-4.125,-0.672,-0.062,8579,338.1,0,0.9302,0.1070,0.3204,-0.1434,345.3,38.8,0.0
1030772,2026-09-17_13-43-44.773-240,v5.1.4,3.43,17.0,3200,-1287,53921,30768,-4724,53768,30284,-1522.21,44072.55,24586.19,-1336.04,44627.25,24121.88,0.00,0.00,0.00,186.17,554.70,-464.31,746.95,746.95,0.382,0.113,1.004,-4.000,-1.172,-0.109,8580,334.6,0,0.9302,0.1068,0.3203,-0.1438,345.2,38.8,0.0
1030877,2026-09-17_13-43-44.877-240,v5.1.4,3.43,17.0,3200,-1283,53903,30768,-4769,53741,30221,-1518.79,44057.64,24586.37,-1381.44,44602.82,24078.55,0.00,0.00,0.00,137.36,545.18,-507.82,757.61,757.61,0.388,0.115,1.005,-3.953,-0.969,0.359,8582,336.6,0,0.9304,0.1066,0.3199,-0.1438,345.2,38.8,0.0
1030982,2026-09-17_13-43-44.982-240,v5.1.4,3.43,17.0,3200,-1394,53904,30781,-4794,53721,30238,-1610.36,44059.41,24597.20,-1398.91,44586.50,24096.12,0.00,0.00,0.00,211.45,527.10,-501.08,757.38,757.38,0.382,0.113,0.998,-0.219,-0.531,-0.109,8582,336.6,0,0.9305,0.1092,0.3196,-0.1419,345.6,38.7,0.0
1031086,2026-09-17_13-43-44.087-240,v5.1.4,3.43,17.0,3200,-1334,53935,30800,-4712,53789,30228,-1561.12,44084.09,24612.26,-1334.99,44643.16,24075.02,0.00,0.00,0.00,226.13,559.07,-537.25,807.67,807.67,0.383,0.114,1.000,-3.625,-0.766,-0.125,8589,345.7,0,0.9304,0.1086,0.3197,-0.1424,345.5,38.7,0.0
1031192,2026-09-17_13-43-44.193-240,v5.1.4,3.43,17.0,3200,-1375,53940,30619,-4649,53821,30048,-1594.59,44091.59,24464.54,-1310.41,44665.70,23921.38,0.00,0.00,0.00,284.19,574.11,-543.17,839.88,839.88,0.383,0.115,0.994,-3.938,-1.000,0.469,8579,351.4,0,0.9306,0.1078,0.3195,-0.1426,345.4,38.7,0.0
1031297,2026-09-17_13-43-44.298-240,v5.1.4,3.43,17.0,3200,-1259,53928,30744,-4725,53812,30282,-1499.11,44078.44,24566.47,-1338.50,44663.15,24119.72,0.00,0.00,0.00,160.61,584.71,-446.74,753.17,753.17,0.382,0.111,1.003,-4.031,-0.703,-0.219,8579,335.8,0,0.9304,0.1074,0.3199,-0.1433,345.3,38.8,0.0
1031402,2026-09-17_13-43-44.402-240,v5.1.4,3.43,17.0,3200,-1397,53909,30749,-4771,53782,30243,-1612.80,44064.09,24571.03,-1381.13,44636.87,24095.78,0.00,0.00,0.00,231.68,572.79,-475.26,779.50,779.50,0.382,0.114,1.000,-3.922,-1.031,-0.188,8588,340.6,0,0.9303,0.1072,0.3199,-0.1438,345.2,38.8,0.0
1031506,2026-09-17_13-43-44.507-240,v5.1.4,3.43,17.0,3200,-1295,53891,30543,-4815,53820,30076,-1528.16,44051.52,24402.85,-1442.88,44662.91,23968.13,0.00,0.00,0.00,85.29,611.39,-434.72,755.02,755.02,0.384,0.114,0.999,-3.672,-0.781,0.703,8578,336.1,0,0.9304,0.1069,0.3199,-0.1434,345.3,38.8,0.0
1031611,2026-09-17_13-43-45.611-240,v5.1.4,3.43,17.0,3200,-1326,53921,30726,-4791,53847,30267,-1554.28,44073.64,24551.98,-1396.07,44690.31,24116.86,0.00,0.00,0.00,158.21,616.66,-435.12,771.13,771.13,0.385,0.114,1.004,-4.125,-0.672,0.062,8581,339.1,0,0.9303,0.1065,0.3201,-0.1437,345.2,38.8,0.0
1031715,2026-09-17_13-43-45.716-240,v5.1.4,3.43,17.0,3200,-1471,53976,30743,-4823,53887,30283,-1674.24,44120.30,24565.59,-1421.29,44722.91,24133.71,0.00,0.00,0.00,252.95,602.61,-431.89,783.35,783.35,0.384,0.112,1.002,-3.484,-0.922,0.312,8581,341.3,0,0.9304,0.1064,0.3200,-0.1436,345.2,38.8,0.0
1031829,2026-09-17_13-43-45.830-240,v5.1.4,3.43,17.0,3200,-1422,53915,30868,-4901,53838,30432,-1633.69,44067.36,24668.17,-1462.21,44685.43,24265.04,0.00,0.00,0.00,171.48,618.07,-403.13,757.58,757.58,0.385,0.115,1.001,-3.453,-0.594,0.484,8574,336.6,0,0.9304,0.1064,0.3201,-0.1432,345.3,38.8,0.0
1031934,2026-09-17_13-43-45.934-240,v5.1.4,3.43,17.0,3200,-1502,53931,30826,-4882,53822,30404,-1699.68,44082.09,24633.88,-1450.18,44671.93,24240.12,0.00,0.00,0.00,249.50,589.84,-393.76,751.80,751.80,0.382,0.112,0.999,-3.625,-0.781,0.078,8579,335.5,0,0.9304,0.1063,0.3202,-0.1434,345.2,38.8,0.0
1032038,2026-09-17_13-43-45.039-240,v5.1.4,3.43,17.0,3200,-1491,53970,30916,-4933,53900,30429,-1691.04,44112.73,24706.92,-1490.88,44735.52,24266.35,0.00,0.00,0.00,200.16,622.79,-440.57,788.69,788.69,0.384,0.116,1.000,-3.781,-0.641,0.578,8577,342.3,0,0.9304,0.1062,0.3202,-0.1431,345.3,38.8,0.0
1032143,2026-09-17_13-43-45.143-240,v5.1.4,3.43,17.0,3200,-1249,54001,30846,-4762,53905,30382,-1491.54,44136.98,24648.95,-1357.20,44741.16,24203.61,0.00,0.00,0.00,134.34,604.18,-445.34,762.50,762.50,0.383,0.114,1.002,-3.500,-0.891,-0.234,8577,337.5,0,0.9304,0.1066,0.3202,-0.1432,345.3,38.8,0.0
1032247,2026-09-17_13-43-45.248-240,v5.1.4,3.43,17.0,3200,-1475,53959,30824,-4876,53868,30333,-1677.59,44104.98,24631.90,-1457.02,44707.80,24181.75,0.00,0.00,0.00,220.57,602.83,-450.15,784.02,784.02,0.383,0.115,1.003,-4.219,-0.688,0.141,8579,341.5,0,0.9303,0.1063,0.3204,-0.1436,345.2,38.8,0.0
1032352,2026-09-17_13-43-45.352-240,v5.1.4,3.43,17.0,3200,-1454,53891,30882,-4868,53774,30332,-1659.96,44047.64,24679.91,-1447.70,44631.06,24181.28,0.00,0.00,0.00,212.26,583.43,-498.63,796.29,796.29,0.383,0.112,1.002,-3.969,-0.766,0.375,8575,343.7,0,0.9303,0.1058,0.3206,-0.1437,345.2,38.8,0.0
1032456,2026-09-17_13-43-45.457-240,v5.1.4,3.43,17.0,3200,-1499,53835,30785,-4925,53747,30285,-1696.52,44003.42,24601.40,-1500.63,44606.86,24152.50,0.00,0.00,0.00,195.88,603.44,-448.90,777.19,777.19,0.384,0.110,1.002,-3.938,-0.594,0.469,8575,340.2,0,0.9302,0.1053,0.3208,-0.1437,345.1,38.8,0.0
1032561,2026-09-17_13-43-45.561-240,v5.1.4,3.43,17.0,3200,-1521,53865,30794,-4990,53754,30314,-1714.87,44028.29,24608.48,-1550.10,44612.27,24185.10,0.00,0.00,0.00,164.77,583.98,-423.38,739.89,739.89,0.384,0.113,1.002,-3.688,-0.891,0.094,8576,333.3,0,0.9303,0.1055,0.3206,-0.1437,345.1,38.8,0.0
1032665,2026-09-17_13-43-46.666-240,v5.1.4,3.43,17.0,3200,-1494,53918,30819,-4870,53789,30350,-1692.99,44071.38,24628.29,-1447.18,44643.76,24195.72,0.00,0.00,0.00,245.81,572.38,-432.57,758.39,758.39,0.382,0.112,1.000,-3.672,-0.656,-0.172,8580,336.7,0,0.9302,0.1058,0.3208,-0.1439,345.1,38.8,0.0
1032770,2026-09-17_13-43-46.770-240,v5.1.4,3.43,17.0,3200,-1477,53853,30774,-4930,53700,30289,-1678.47,44018.24,24592.19,-1502.72,44568.45,24157.18,0.00,0.00,0.00,175.75,550.21,-435.02,723.09,723.09,0.382,0.116,1.004,-4.172,-0.562,-0.219,8567,330.1,0,0.9300,0.1061,0.3211,-0.1443,345.1,38.9,0.0
1032874,2026-09-17_13-43-46.875-240,v5.1.4,3.43,17.0,3200,-1288,53836,30811,-4733,53704,30308,-1522.58,44001.64,24622.18,-1337.98,44575.40,24143.40,0.00,0.00,0.00,184.60,573.76,-478.78,769.74,769.74,0.383,0.113,1.003,-3.844,-0.391,0.031,8567,338.8,0,0.9298,0.1063,0.3214,-0.1444,345.1,38.9,0.0
1032979,2026-09-17_13-43-46.979-240,v5.1.4,3.43,17.0,3200,-1258,53892,30787,-4794,53820,30340,-1498.15,44047.99,24601.94,-1387.05,44670.07,24176.08,0.00,0.00,0.00,111.09,622.08,-425.86,762.02,762.02,0.383,0.116,1.000,-3.828,-1.094,0.375,8582,337.4,0,0.9300,0.1064,0.3209,-0.1442,345.1,38.9,0.0
1033083,2026-09-17_13-43-46.084-240,v5.1.4,3.43,17.0,3200,-1276,53933,30796,-4776,53856,30360,-1513.27,44081.90,24608.90,-1370.43,44700.31,24188.86,0.00,0.00,0.00,142.84,618.41,-420.04,761.10,761.10,0.380,0.117,1.005,-3.156,-0.719,0.438,8575,337.3,0,0.9300,0.1070,0.3211,-0.1435,345.3,38.9,0.0
1033188,2026-09-17_13-43-46.188-240,v5.1.4,3.43,17.0,3200,-1457,53905,30797,-4926,53795,30253,-1662.35,44060.62,24610.38,-1507.60,44645.25,24126.30,0.00,0.00,0.00,154.75,584.64,-484.09,774.65,774.65,0.381,0.115,1.002,-3.312,-0.109,0.047,8576,339.7,0,0.9298,0.1074,0.3216,-0.1433,345.3,39.0,0.0
1033302,2026-09-17_13-43-46.303-240,v5.1.4,3.43,17.0,3200,-1455,54044,30809,-4954,53940,30283,-1661.61,44175.24,24618.73,-1530.70,44764.11,24152.08,0.00,0.00,0.00,130.91,588.87,-466.65,762.67,762.67,0.382,0.111,0.998,-3.562,-0.656,-0.531,8576,337.5,0,0.9298,0.1074,0.3214,-0.1439,345.2,38.9,0.0
1033407,2026-09-17_13-43-46.408-240,v5.1.4,3.43,17.0,3200,-1531,54040,30841,-4965,53945,30335,-1724.32,44172.20,24645.05,-1532.31,44769.36,24195.18,0.00,0.00,0.00,192.00,597.16,-449.87,771.91,771.91,0.383,0.116,0.997,-3.594,-0.766,0.172,8577,339.2,0,0.9299,0.1074,0.3210,-0.1439,345.2,38.9,0.0
1033511,2026-09-17_13-43-46.512-240,v5.1.4,3.43,17.0,3200,-1531,54008,30796,-5020,53924,30348,-1724.02,44146.49,24608.65,-1575.03,44751.64,24213.98,0.00,0.00,0.00,149.00,605.14,-394.67,737.68,737.68,0.384,0.112,1.000,-3.531,-0.875,0.062,8581,332.9,0,0.9301,0.1071,0.3206,-0.1440,345.2,38.8,0.0
1033616,2026-09-17_13-43-47.616-240,v5.1.4,3.43,17.0,3200,-1534,53930,30797,-4987,53842,30283,-1726.00,44082.07,24610.29,-1554.85,44683.46,24158.48,0.00,0.00,0.00,171.16,601.39,-451.80,771.42,771.42,0.382,0.111,1.003,-3.766,-0.547,-0.062,8582,339.2,0,0.9299,0.1068,0.3209,-0.1443,345.1,38.9,0.0
1033720,2026-09-17_13-43-47.721-240,v5.1.4,3.43,17.0,3200,-1561,53921,30823,-5063,53824,30266,-1748.26,44074.49,24631.66,-1619.31,44667.07,24156.33,0.00,0.00,0.00,128.95,592.59,-475.33,770.54,770.54,0.382,0.113,1.006,-3.594,-0.531,0.031,8582,339.0,0,0.9298,0.1068,0.3212,-0.1444,345.1,38.9,0.0
1033825,2026-09-17_13-43-47.825-240,v5.1.4,3.43,17.0,3200,-1575,53920,30783,-5051,53792,30292,-1759.72,44074.46,24599.04,-1604.66,44641.78,24175.86,0.00,0.00,0.00,155.06,567.31,-423.18,724.55,724.55,0.385,0.117,1.005,-3.875,-0.922,-0.359,8581,330.4,0,0.9299,0.1071,0.3208,-0.1448,345.1,38.9,0.0
1033929,2026-09-17_13-43-47.930-240,v5.1.4,3.43,17.0,3200,-1572,53942,30806,-4993,53845,30282,-1757.43,44092.23,24617.59,-1560.02,44685.79,24158.52,0.00,0.00,0.00,197.41,593.55,-459.07,775.90,775.90,0.383,0.112,1.000,-3.844,-0.672,-0.109,8578,340.0,0,0.9298,0.1069,0.3208,-0.1452,345.0,38.9,0.0
1034033,2026-09-17_13-43-47.034-240,v5.1.4,3.43,17.0,3200,-1568,53976,30780,-5066,53890,30302,-1754.30,44120.70,24596.00,-1618.55,44721.91,24184.50,0.00,0.00,0.00,135.75,601.21,-411.50,741.09,741.09,0.384,0.114,0.998,-3.766,-0.969,1.016,8578,333.5,0,0.9301,0.1063,0.3204,-0.1446,345.1,38.8,0.0
1034138,2026-09-17_13-43-47.139-240,v5.1.4,3.43,17.0,3200,-1657,53976,30791,-5150,53895,30272,-1827.71,44121.44,24605.17,-1692.20,44723.86,24172.76,0.00,0.00,0.00,135.52,602.42,-432.41,753.83,753.83,0.384,0.117,0.999,-3.797,-0.562,-0.141,8571,335.9,0,0.9301,0.1067,0.3203,-0.1447,345.1,38.8,0.0
1034243,2026-09-17_13-43-47.244-240,v5.1.4,3.43,17.0,3200,-1460,54012,30938,-5004,53915,30351,-1665.79,44146.75,24724.38,-1561.15,44744.62,24214.17,0.00,0.00,0.00,104.64,597.87,-510.21,792.91,792.91,0.384,0.112,1.001,-3.766,-0.562,0.000,8576,343.1,0,0.9300,0.1066,0.3204,-0.1449,345.0,38.8,0.0
1034348,2026-09-17_13-43-47.348-240,v5.1.4,3.44,17.0,3200,-1190,53932,30780,-4710,53812,30291,-1442.31,44080.45,24595.67,-1324.85,44663.62,24124.72,0.00,0.00,0.00,117.47,583.18,-470.95,758.74,758.74,0.385,0.115,1.002,-3.500,-0.500,-0.125,8579,336.8,0,0.9300,0.1072,0.3205,-0.1447,345.1,38.8,0.0
1034452,2026-09-17_13-43-47.453-240,v5.1.4,3.44,17.0,3200,-1407,53925,30799,-4897,53825,30281,-1621.25,44076.60,24611.70,-1480.57,44670.97,24143.95,0.00,0.00,0.00,140.68,594.37,-467.75,769.32,769.32,0.384,0.113,1.001,-3.859,-0.922,0.141,8579,338.8,0,0.9301,0.1068,0.3203,-0.1448,345.1,38.8,0.0
1034557,2026-09-17_13-43-47.557-240,v5.1.4,3.44,17.0,3200,-1327,53967,30802,-4710,53856,30286,-1555.55,44110.42,24613.55,-1326.93,44699.46,24120.02,0.00,0.00,0.00,228.63,589.05,-493.53,801.76,801.76,0.384,0.117,1.000,-3.219,-0.641,0.047,8577,344.7,0,0.9301,0.1076,0.3202,-0.1443,345.2,38.8,0.0
1034661,2026-09-17_13-43-48.662-240,v5.1.4,3.44,17.0,3200,-1320,53999,30802,-4656,53871,30331,-1549.98,44136.79,24613.20,-1276.38,44713.77,24147.83,0.00,0.00,0.00,273.60,576.98,-465.37,790.15,790.15,0.385,0.115,0.998,-3.562,-0.609,0.656,8579,342.6,0,0.9302,0.1073,0.3201,-0.1438,345.2,38.8,0.0
1034778,2026-09-17_13-43-48.778-240,v5.1.4,3.44,17.0,3200,-1456,53931,30729,-4907,53828,30240,-1661.55,44083.20,24554.60,-1494.87,44672.20,24112.60,0.00,0.00,0.00,166.68,589.00,-442.01,755.03,755.03,0.385,0.115,1.005,-3.922,-0.688,0.141,8583,336.1,0,0.9302,0.1070,0.3202,-0.1440,345.2,38.8,0.0
1034882,2026-09-17_13-43-48.883-240,v5.1.4,3.44,17.0,3200,-1480,53968,30737,-4896,53858,30194,-1681.60,44113.89,24560.80,-1493.46,44695.71,24073.73,0.00,0.00,0.00,188.14,581.82,-487.07,781.76,781.76,0.382,0.115,1.002,-3.812,-0.734,0.312,8583,341.0,0,0.9302,0.1068,0.3204,-0.1439,345.2,38.8,0.0
1034987,2026-09-17_13-43-48.987-240,v5.1.4,3.44,17.0,3200,-1484,53992,30744,-4964,53902,30198,-1685.06,44133.64,24566.27,-1550.17,44730.68,24086.21,0.00,0.00,0.00,134.89,597.04,-480.06,777.89,777.89,0.387,0.113,1.001,-3.875,-0.500,0.234,8585,340.3,0,0.9302,0.1063,0.3203,-0.1440,345.1,38.8,0.0
1035091,2026-09-17_13-43-48.092-240,v5.1.4,3.44,17.0,3200,-1471,54014,30634,-4849,53911,30099,-1674.26,44153.47,24476.22,-1470.28,44737.35,23990.05,0.00,0.00,0.00,203.98,583.88,-486.17,786.69,786.69,0.385,0.113,1.005,-3.984,-0.531,-0.141,8582,341.9,0,0.9301,0.1062,0.3205,-0.1443,345.1,38.8,0.0
1035196,2026-09-17_13-43-48.196-240,v5.1.4,3.44,17.0,3200,-1307,53952,30583,-4804,53864,30094,-1538.52,44101.39,24434.89,-1432.55,44699.52,23980.20,0.00,0.00,0.00,105.98,598.13,-454.69,758.77,758.77,0.383,0.115,1.005,-3.547,-0.641,0.359,8582,336.8,0,0.9301,0.1065,0.3207,-0.1438,345.2,38.9,0.0
1035300,2026-09-17_13-43-48.301-240,v5.1.4,3.44,17.0,3200,-1460,53961,30774,-4914,53865,30179,-1665.13,44107.29,24591.03,-1510.67,44700.75,24064.27,0.00,0.00,0.00,154.46,593.46,-526.76,808.41,808.41,0.384,0.115,0.999,-3.625,-0.641,0.188,8573,345.8,0,0.9302,0.1066,0.3206,-0.1437,345.2,38.8,0.0
1035405,2026-09-17_13-43-48.405-240,v5.1.4,3.44,17.0,3200,-1446,53932,30756,-4918,53812,30256,-1653.37,44083.48,24576.61,-1501.10,44659.35,24127.25,0.00,0.00,0.00,152.27,575.87,-449.36,746.15,746.15,0.386,0.113,1.001,-3.672,-1.141,0.734,8586,334.5,0,0.9305,0.1061,0.3200,-0.1433,345.2,38.8,0.0
1035509,2026-09-17_13-43-48.510-240,v5.1.4,3.44,17.0,3200,-1465,53941,30827,-4899,53827,30304,-1669.24,44089.96,24634.51,-1478.92,44673.17,24162.60,0.00,0.00,0.00,190.32,583.21,-471.92,773.99,773.99,0.384,0.112,0.999,-4.141,-0.688,0.016,8579,339.6,0,0.9304,0.1057,0.3201,-0.1437,345.2,38.8,0.0
1035614,2026-09-17_13-43-49.614-240,v5.1.4,3.44,17.0,3200,-1476,53964,30730,-4963,53862,30198,-1678.26,44110.66,24555.12,-1548.13,44698.00,24086.70,0.00,0.00,0.00,130.13,587.34,-468.42,762.45,762.45,0.380,0.111,1.004,-3.797,-0.797,0.281,8579,337.5,0,0.9303,0.1055,0.3205,-0.1436,345.2,38.8,0.0
1035718,2026-09-17_13-43-49.719-240,v5.1.4,3.44,17.0,3200,-1488,53998,30853,-4922,53922,30337,-1688.62,44136.86,24655.20,-1495.94,44751.30,24190.84,0.00,0.00,0.00,192.68,614.45,-464.36,793.91,793.91,0.383,0.114,1.000,-3.859,-0.516,0.172,8583,343.2,0,0.9303,0.1055,0.3207,-0.1435,345.2,38.8,0.0
1035823,2026-09-17_13-43-49.823-240,v5.1.4,3.44,17.0,3200,-1440,53947,30811,-4932,53841,30388,-1648.63,44094.91,24621.34,-1494.24,44686.24,24234.36,0.00,0.00,0.00,154.39,591.33,-386.98,723.36,723.36,0.383,0.114,1.002,-3.547,-0.734,-0.234,8589,330.1,0,0.9302,0.1060,0.3206,-0.1436,345.2,38.8,0.0
1035927,2026-09-17_13-43-49.928-240,v5.1.4,3.44,17.0,3200,-1421,53936,30954,-4935,53809,30395,-1633.18,44083.30,24738.15,-1494.70,44660.22,24240.91,0.00,0.00,0.00,138.47,576.92,-497.24,774.12,774.12,0.383,0.114,1.003,-3.703,-0.500,0.047,8586,339.6,0,0.9302,0.1062,0.3208,-0.1436,345.2,38.9,0.0
1036032,2026-09-17_13-43-49.032-240,v5.1.4,3.44,17.0,3200,-1498,53920,30963,-4973,53816,30410,-1696.59,44070.73,24745.82,-1523.99,44665.71,24258.37,0.00,0.00,0.00,172.60,594.98,-487.46,788.29,788.29,0.383,0.115,1.001,-3.641,-0.422,0.031,8586,342.2,0,0.9301,0.1064,0.3209,-0.1435,345.2,38.9,0.0
1036136,2026-09-17_13-43-49.137-240,v5.1.4,3.44,17.0,3200,-1507,53979,30888,-4940,53880,30401,-1704.23,44120.79,24684.00,-1500.12,44718.33,24245.31,0.00,0.00,0.00,204.12,597.54,-438.70,768.88,768.88,0.384,0.115,1.003,-3.578,-0.422,0.359,8584,338.7,0,0.9301,0.1064,0.3210,-0.1432,345.3,38.9,0.0
1036250,2026-09-17_13-43-49.251-240,v5.1.4,3.44,17.0,3200,-1387,53879,30859,-4849,53753,30285,-1604.59,44037.40,24661.12,-1438.28,44612.99,24141.25,0.00,0.00,0.00,166.30,575.59,-519.87,793.23,793.23,0.385,0.116,1.003,-3.781,-0.812,0.422,8580,343.1,0,0.9303,0.1062,0.3207,-0.1430,345.3,38.8,0.0
1036355,2026-09-17_13-43-49.356-240,v5.1.4,3.44,17.0,3200,-1430,53869,30914,-4845,53742,30304,-1640.09,44028.69,24706.21,-1431.88,44604.55,24156.03,0.00,0.00,0.00,208.21,575.86,-550.18,823.21,823.21,0.386,0.115,0.999,-3.812,-1.109,0.375,8588,348.5,0,0.9305,0.1060,0.3200,-0.1429,345.3,38.7,0.0
1036459,2026-09-17_13-43-49.460-240,v5.1.4,3.44,17.0,3200,-1477,53881,30842,-4953,53778,30275,-1678.78,44040.26,24647.41,-1526.08,44631.48,24148.12,0.00,0.00,0.00,152.70,591.22,-499.29,788.77,788.77,0.382,0.113,1.003,-3.969,-0.484,0.156,8588,342.3,0,0.9304,0.1058,0.3205,-0.1430,345.3,38.8,0.0
1036564,2026-09-17_13-43-49.565-240,v5.1.4,3.44,17.0,3200,-1520,53989,30782,-4954,53875,30333,-1714.80,44130.91,24597.40,-1521.41,44712.27,24193.08,0.00,0.00,0.00,193.40,581.35,-404.31,734.06,734.06,0.383,0.110,1.002,-3.938,-0.562,-0.250,8587,332.2,0,0.9303,0.1057,0.3207,-0.1435,345.2,38.8,0.0
1036668,2026-09-17_13-43-50.669-240,v5.1.4,3.44,17.0,3200,-1489,54024,30816,-4961,53974,30310,-1689.53,44158.96,24624.72,-1533.56,44792.49,24174.15,0.00,0.00,0.00,155.97,633.53,-450.57,792.91,792.91,0.385,0.114,0.997,-3.609,-0.969,0.094,8586,343.1,0,0.9304,0.1060,0.3201,-0.1434,345.2,38.8,0.0
1036773,2026-09-17_13-43-50.774-240,v5.1.4,3.44,17.0,3200,-1180,54086,30829,-4693,54024,30377,-1435.14,44206.77,24634.04,-1304.80,44839.43,24187.60,0.00,0.00,0.00,130.34,632.67,-446.45,785.22,785.22,0.384,0.115,0.999,-4.000,-1.016,-0.391,8586,341.7,0,0.9305,0.1064,0.3198,-0.1437,345.2,38.7,0.0
1036877,2026-09-17_13-43-50.878-240,v5.1.4,3.44,17.0,3200,-1455,54014,30675,-4904,53924,30247,-1661.15,44152.64,24509.65,-1494.33,44750.91,24116.22,0.00,0.00,0.00,166.82,598.27,-393.43,735.21,735.21,0.381,0.115,1.005,-3.625,-0.703,0.547,8581,332.4,0,0.9304,0.1064,0.3202,-0.1432,345.3,38.8,0.0
1036982,2026-09-17_13-43-50.983-240,v5.1.4,3.44,17.0,3200,-1302,54046,30810,-4791,53980,30286,-1535.45,44175.29,24619.21,-1397.37,44799.52,24129.93,0.00,0.00,0.00,138.08,624.23,-489.28,805.06,805.06,0.384,0.113,1.002,-4.016,-1.141,-0.172,8583,345.2,0,0.9304,0.1063,0.3199,-0.1436,345.2,38.7,0.0
1037086,2026-09-17_13-43-50.087-240,v5.1.4,3.44,17.0,3200,-1496,54029,30820,-4984,53932,30350,-1695.34,44163.09,24627.95,-1545.36,44758.81,24210.17,0.00,0.00,0.00,149.99,595.71,-417.78,742.91,742.91,0.380,0.115,1.006,-3.484,-0.500,0.766,8579,333.9,0,0.9303,0.1063,0.3206,-0.1430,345.3,38.8,0.0
1037191,2026-09-17_13-43-50.191-240,v5.1.4,3.44,17.0,3200,-1501,54109,30794,-4945,54031,30355,-1699.92,44229.66,24605.91,-1515.57,44840.50,24206.87,0.00,0.00,0.00,184.35,610.84,-399.04,752.56,752.56,0.385,0.115,1.001,-3.766,-0.625,0.172,8579,335.7,0,0.9303,0.1063,0.3205,-0.1429,345.3,38.8,0.0
1037295,2026-09-17_13-43-50.296-240,v5.1.4,3.44,17.0,3200,-1501,54048,30778,-4998,53974,30390,-1699.50,44179.52,24593.48,-1552.32,44793.95,24243.53,0.00,0.00,0.00,147.18,614.43,-349.95,722.25,722.25,0.383,0.115,1.001,-3.750,-0.531,0.078,8578,329.9,0,0.9303,0.1064,0.3207,-0.1430,345.3,38.8,0.0
1037400,2026-09-17_13-43-50.400-240,v5.1.4,3.44,17.0,3200,-1537,54073,30850,-4984,54007,30261,-1729.49,44199.38,24652.07,-1560.65,44817.83,24137.83,0.00,0.00,0.00,168.84,618.45,-514.24,821.84,821.84,0.382,0.113,1.005,-3.969,-0.500,-0.109,8582,348.2,0,0.9301,0.1062,0.3210,-0.1433,345.2,38.9,0.0
1037504,2026-09-17_13-43-50.505-240,v5.1.4,3.44,17.0,3200,-1514,54130,30811,-4972,54058,30270,-1710.81,44246.87,24619.59,-1551.03,44859.95,24142.45,0.00,0.00,0.00,159.78,613.08,-477.14,793.13,793.13,0.382,0.112,1.001,-3.703,-0.516,0.281,8582,343.1,0,0.9301,0.1061,0.3211,-0.1432,345.2,38.9,0.0
1037618,2026-09-17_13-43-51.619-240,v5.1.4,3.44,17.0,3200,-1316,53938,30842,-4830,53885,30392,-1546.38,44085.69,24646.48,-1411.08,44723.97,24221.90,0.00,0.00,0.00,135.30,638.29,-424.58,778.45,778.45,0.385,0.114,1.003,-3.875,-0.781,0.047,8589,340.4,0,0.9302,0.1062,0.3209,-0.1432,345.2,38.9,0.0
1037723,2026-09-17_13-43-51.724-240,v5.1.4,3.44,17.0,3200,-1539,53950,30764,-5058,53843,30356,-1730.19,44099.18,24583.15,-1602.64,44685.01,24227.24,0.00,0.00,0.00,127.55,585.83,-355.91,697.23,697.23,0.384,0.113,1.001,-3.969,-0.609,0.453,8578,325.1,0,0.9303,0.1058,0.3208,-0.1431,345.2,38.8,0.0
1037827,2026-09-17_13-43-51.828-240,v5.1.4,3.44,17.0,3200,-1506,53968,30913,-4964,53907,30303,-1703.39,44111.29,24704.52,-1535.00,44737.48,24170.06,0.00,0.00,0.00,168.39,626.20,-534.46,840.32,840.32,0.384,0.115,1.002,-3.406,-0.719,0.125,8582,351.4,0,0.9304,0.1061,0.3206,-0.1429,345.3,38.8,0.0
1037932,2026-09-17_13-43-51.932-240,v5.1.4,3.44,17.0,3200,-1431,54023,30824,-4920,53940,30276,-1641.71,44157.39,24631.14,-1503.75,44764.48,24141.50,0.00,0.00,0.00,137.96,607.08,-489.65,792.05,792.05,0.383,0.117,1.001,-3.812,-0.812,0.047,8582,342.9,0,0.9304,0.1064,0.3204,-0.1428,345.3,38.8,0.0
1038037,2026-09-17_13-43-51.038-240,v5.1.4,3.44,17.0,3200,-1380,54026,30894,-4861,53946,30327,-1599.82,44158.21,24688.15,-1447.94,44771.66,24173.52,0.00,0.00,0.00,151.88,613.45,-514.63,815.00,815.00,0.383,0.115,1.001,-3.625,-1.219,-0.344,8577,347.0,0,0.9305,0.1067,0.3199,-0.1431,345.3,38.7,0.0
1038141,2026-09-17_13-43-51.142-240,v5.1.4,3.44,17.0,3200,-1242,53965,30897,-4639,53878,30350,-1485.64,44106.34,24690.94,-1259.84,44720.26,24160.42,0.00,0.00,0.00,225.80,613.92,-530.53,842.22,842.22,0.386,0.111,1.000,-3.938,-0.438,-0.156,8577,351.8,0,0.9304,0.1065,0.3200,-0.1434,345.2,38.8,0.0
1038246,2026-09-17_13-43-51.246-240,v5.1.4,3.44,17.0,3200,-1423,53946,30803,-4907,53886,30273,-1634.58,44094.04,24614.78,-1491.83,44720.46,24138.05,0.00,0.00,0.00,142.75,626.42,-476.73,800.03,800.03,0.383,0.113,1.001,-3.672,-0.922,0.156,8586,344.3,0,0.9305,0.1065,0.3199,-0.1433,345.2,38.7,0.0
1038350,2026-09-17_13-43-51.351-240,v5.1.4,3.44,17.0,3200,-1429,53963,30815,-4874,53902,30263,-1639.66,44107.96,24624.42,-1466.63,44733.82,24124.96,0.00,0.00,0.00,173.03,625.86,-499.45,819.21,819.21,0.382,0.113,1.005,-3.828,-0.453,-0.031,8586,347.8,0,0.9303,0.1065,0.3205,-0.1435,345.2,38.8,0.0
1038454,2026-09-17_13-43-51.455-240,v5.1.4,3.44,17.0,3200,-1417,54009,30843,-4909,53918,30272,-1630.12,44145.38,24646.77,-1494.61,44746.57,24137.04,0.00,0.00,0.00,135.51,601.19,-509.73,799.76,799.76,0.382,0.114,1.004,-3.641,-0.469,0.578,8580,344.3,0,0.9302,0.1064,0.3208,-0.1431,345.3,38.9,0.0
1038560,2026-09-17_13-43-51.561-240,v5.1.4,3.44,17.0,3200,-1426,54020,30812,-4908,53948,30305,-1637.55,44155.06,24621.37,-1489.89,44771.96,24162.79,0.00,0.00,0.00,147.66,616.89,-458.58,782.72,782.72,0.385,0.115,0.999,-3.438,-0.500,0.406,8583,341.2,0,0.9303,0.1065,0.3207,-0.1426,345.3,38.8,0.0
1038665,2026-09-17_13-43-52.665-240,v5.1.4,3.44,17.0,3200,-1423,54008,30909,-4862,53932,30329,-1635.19,44143.53,24700.67,-1448.04,44760.24,24175.48,0.00,0.00,0.00,187.15,616.71,-525.19,831.37,831.37,0.385,0.114,1.002,-3.938,-0.359,-0.359,8574,349.9,0,0.9302,0.1065,0.3208,-0.1431,345.3,38.9,0.0
1038770,2026-09-17_13-43-52.771-240,v5.1.4,3.44,17.0,3200,-1449,53970,30786,-4925,53884,30219,-1656.14,44114.42,24600.71,-1514.47,44717.14,24097.56,0.00,0.00,0.00,141.68,602.73,-503.15,797.82,797.82,0.386,0.111,1.000,-3.938,-0.625,0.078,8574,343.9,0,0.9303,0.1060,0.3206,-0.1433,345.2,38.8,0.0
1038875,2026-09-17_13-43-52.876-240,v5.1.4,3.44,17.0,3200,-1437,53965,30750,-4931,53857,30209,-1646.14,44110.75,24571.35,-1520.04,44694.72,24090.87,0.00,0.00,0.00,126.11,583.97,-480.48,766.67,766.67,0.384,0.114,1.000,-4.047,-0.547,-0.109,8577,338.3,0,0.9303,0.1061,0.3206,-0.1435,345.2,38.8,0.0
1038980,2026-09-17_13-43-52.980-240,v5.1.4,3.44,17.0,3200,-1510,53958,30814,-5004,53892,30241,-1706.43,44104.68,24623.82,-1576.50,44722.97,24126.61,0.00,0.00,0.00,129.92,618.29,-497.21,803.98,803.98,0.384,0.115,1.000,-3.984,-0.453,0.016,8581,345.1,0,0.9302,0.1061,0.3206,-0.1436,345.2,38.8,0.0
1039094,2026-09-17_13-43-52.094-240,v5.1.4,3.44,17.0,3200,-1189,53953,30759,-4721,53889,30304,-1441.58,44098.12,24578.30,-1334.36,44726.73,24135.50,0.00,0.00,0.00,107.22,628.61,-442.81,776.35,776.35,0.384,0.115,1.000,-3.844,-0.547,0.219,8581,340.1,0,0.9302,0.1063,0.3206,-0.1434,345.2,38.8,0.0
1039198,2026-09-17_13-43-52.199-240,v5.1.4,3.44,17.0,3200,-1416,53972,30894,-4979,53858,30360,-1629.16,44113.97,24688.78,-1537.52,44698.66,24218.61,0.00,0.00,0.00,91.64,584.69,-470.18,755.86,755.86,0.385,0.115,0.995,-3.469,-0.734,0.469,8580,336.3,0,0.9304,0.1064,0.3202,-0.1429,345.3,38.8,0.0
1039303,2026-09-17_13-43-52.303-240,v5.1.4,3.43,17.0,3200,-1486,53931,30886,-4983,53857,30346,-1686.61,44080.95,24682.83,-1542.82,44697.41,24208.02,0.00,0.00,0.00,143.79,616.46,-474.81,791.29,791.29,0.384,0.114,1.002,-3.781,-0.516,-0.062,8578,342.8,0,0.9304,0.1064,0.3204,-0.1431,345.3,38.8,0.0
1039407,2026-09-17_13-43-52.408-240,v5.1.4,3.43,17.0,3200,-1354,53980,30878,-4884,53899,30392,-1578.05,44120.20,24675.51,-1455.93,44734.54,24229.60,0.00,0.00,0.00,122.12,614.34,-445.91,768.87,768.87,0.385,0.116,1.001,-4.000,-0.516,0.188,8585,338.7,0,0.9304,0.1064,0.3204,-0.1430,345.3,38.8,0.0
1039512,2026-09-17_13-43-52.512-240,v5.1.4,3.43,17.0,3200,-1456,54001,30826,-4962,53953,30395,-1662.19,44139.45,24633.05,-1521.33,44777.50,24242.58,0.00,0.00,0.00,140.86,638.04,-390.47,761.19,761.19,0.385,0.116,1.005,-4.094,-0.703,0.266,8585,337.3,0,0.9304,0.1062,0.3204,-0.1431,345.3,38.8,0.0
1039616,2026-09-17_13-43-53.617-240,v5.1.4,3.43,17.0,3200,-1469,54007,30876,-4950,53941,30377,-1673.05,44143.73,24673.84,-1513.72,44767.42,24226.62,0.00,0.00,0.00,159.33,623.69,-447.22,783.82,783.82,0.384,0.113,1.002,-3.875,-0.453,0.469,8577,341.4,0,0.9304,0.1059,0.3206,-0.1429,345.3,38.8,0.0
1039721,2026-09-17_13-43-53.721-240,v5.1.4,3.43,17.0,3200,-1456,53976,30959,-4900,53903,30443,-1662.30,44116.62,24741.89,-1461.78,44738.87,24272.65,0.00,0.00,0.00,200.52,622.25,-469.24,804.73,804.73,0.380,0.115,1.004,-3.812,-0.906,-0.172,8586,345.2,0,0.9303,0.1062,0.3207,-0.1431,345.3,38.8,0.0
1039825,2026-09-17_13-43-53.826-240,v5.1.4,3.43,17.0,3200,-1452,53961,30913,-4908,53861,30328,-1658.82,44104.95,24704.48,-1483.86,44701.43,24182.56,0.00,0.00,0.00,174.95,596.49,-521.92,811.67,811.67,0.382,0.113,1.001,-3.922,-0.438,0.141,8580,346.4,0,0.9302,0.1061,0.3209,-0.1432,345.2,38.9,0.0
1039930,2026-09-17_13-43-53.930-240,v5.1.4,3.43,17.0,3200,-1446,53900,30863,-4942,53803,30298,-1653.38,44055.30,24664.29,-1514.44,44652.69,24164.49,0.00,0.00,0.00,138.94,597.39,-499.80,791.19,791.19,0.384,0.113,1.004,-3.844,-0.562,0.516,8580,342.8,0,0.9302,0.1057,0.3210,-0.1430,345.3,38.9,0.0
1040034,2026-09-17_13-43-53.035-240,v5.1.4,3.43,17.0,3200,-1326,53870,30807,-4859,53785,30327,-1554.12,44030.19,24618.64,-1441.36,44640.07,24175.78,0.00,0.00,0.00,112.76,609.88,-442.85,762.10,762.10,0.384,0.114,1.001,-3.578,-0.906,0.594,8578,337.4,0,0.9304,0.1057,0.3207,-0.1424,345.3,38.8,0.0
1040138,2026-09-17_13-43-53.139-240,v5.1.4,3.43,17.0,3200,-1507,53870,30867,-5002,53786,30327,-1703.50,44031.08,24668.00,-1559.05,44638.57,24196.75,0.00,0.00,0.00,144.45,607.49,-471.25,782.30,782.30,0.385,0.115,1.002,-3.938,-0.562,0.641,8587,341.1,0,0.9305,0.1054,0.3206,-0.1422,345.4,38.8,0.0
1040243,2026-09-17_13-43-53.244-240,v5.1.4,3.43,17.0,3200,-1484,53923,30855,-4977,53836,30285,-1684.85,44074.83,24657.60,-1546.15,44678.77,24158.71,0.00,0.00,0.00,138.70,603.94,-498.89,795.53,795.53,0.384,0.113,1.000,-3.953,-0.562,-0.469,8587,343.5,0,0.9304,0.1056,0.3206,-0.1427,345.3,38.8,0.0
1040347,2026-09-17_13-43-53.348-240,v5.1.4,3.43,17.0,3200,-1443,53952,30789,-4959,53839,30407,-1651.09,44099.43,24603.33,-1513.62,44684.66,24253.54,0.00,0.00,0.00,137.47,585.23,-349.79,695.52,695.52,0.381,0.115,1.004,-3.750,-0.734,-0.094,8585,324.7,0,0.9303,0.1060,0.3208,-0.1427,345.3,38.8,0.0
1040452,2026-09-17_13-43-53.453-240,v5.1.4,3.43,17.0,3200,-1477,53869,30864,-4910,53790,30294,-1678.75,44029.99,24665.49,-1488.29,44642.48,24156.81,0.00,0.00,0.00,190.45,612.50,-508.69,818.65,818.65,0.382,0.112,1.001,-3.594,-0.859,0.328,8580,347.7,0,0.9304,0.1058,0.3207,-0.1426,345.3,38.8,0.0
1040566,2026-09-17_13-43-53.567-240,v5.1.4,3.43,17.0,3200,-1470,54062,30857,-4974,53971,30311,-1674.19,44189.48,24657.76,-1544.02,44789.85,24176.90,0.00,0.00,0.00,130.17,600.37,-480.85,780.13,780.13,0.384,0.113,1.003,-3.953,-0.328,0.094,8584,340.7,0,0.9303,0.1057,0.3210,-0.1427,345.3,38.9,0.0
1040671,2026-09-17_13-43-54.671-240,v5.1.4,3.43,17.0,3200,-1296,54082,30843,-4805,54025,30357,-1530.80,44204.43,24645.76,-1399.91,44837.91,24188.03,0.00,0.00,0.00,130.89,633.48,-457.73,792.43,792.43,0.380,0.111,1.001,-3.797,-0.781,0.516,8584,343.0,0,0.9303,0.1054,0.3211,-0.1424,345.3,38.9,0.0
1040775,2026-09-17_13-43-54.776-240,v5.1.4,3.43,17.0,3200,-1455,54085,30846,-4952,54022,30290,-1661.94,44208.51,24648.51,-1530.55,44831.36,24156.08,0.00,0.00,0.00,131.39,622.85,-492.43,804.79,804.79,0.382,0.114,0.999,-3.594,-0.391,0.469,8582,345.2,0,0.9303,0.1056,0.3213,-0.1420,345.4,38.9,0.0
1040880,2026-09-17_13-43-54.880-240,v5.1.4,3.43,17.0,3200,-1231,54164,30892,-4795,54131,30446,-1477.82,44270.71,24684.77,-1381.93,44927.04,24256.01,0.00,0.00,0.00,95.89,656.33,-428.75,789.80,789.80,0.383,0.115,0.999,-3.625,-0.703,-0.188,8583,342.5,0,0.9303,0.1062,0.3210,-0.1419,345.4,38.9,0.0
1040984,2026-09-17_13-43-54.985-240,v5.1.4,3.43,17.0,3200,-1453,54027,30868,-4967,53993,30313,-1659.97,44160.21,24667.07,-1538.64,44808.00,24177.12,0.00,0.00,0.00,121.33,647.78,-489.94,821.21,821.21,0.384,0.114,1.006,-3.906,-0.781,0.062,8579,348.1,0,0.9304,0.1060,0.3209,-0.1421,345.4,38.9,0.0
1041089,2026-09-17_13-43-54.090-240,v5.1.4,3.43,17.0,3200,-1429,53977,30880,-4878,53925,30398,-1639.88,44118.46,24677.33,-1450.92,44756.05,24233.10,0.00,0.00,0.00,188.96,637.59,-444.23,799.73,799.73,0.381,0.115,1.000,-4.016,-0.156,0.562,8579,344.3,0,0.9302,0.1057,0.3215,-0.1419,345.4,38.9,0.0
1041193,2026-09-17_13-43-54.194-240,v5.1.4,3.43,17.0,3200,-1565,54037,30825,-5002,53980,30425,-1752.30,44170.34,24632.09,-1550.69,44799.70,24272.00,0.00,0.00,0.00,201.61,629.36,-360.09,752.60,752.60,0.381,0.113,1.001,-3.938,-0.672,-0.062,8579,335.7,0,0.9302,0.1057,0.3214,-0.1422,345.4,38.9,0.0
1041298,2026-09-17_13-43-54.299-240,v5.1.4,3.43,17.0,3200,-1414,53967,30883,-4975,53866,30437,-1627.46,44110.00,24679.85,-1523.23,44707.25,24279.45,0.00,0.00,0.00,104.23,597.25,-400.41,726.57,726.57,0.385,0.113,0.999,-3.609,-0.547,-0.125,8571,330.8,0,0.9303,0.1059,0.3211,-0.1422,345.4,38.9,0.0
1041402,2026-09-17_13-43-54.403-240,v5.1.4,3.43,17.0,3200,-1616,53981,30847,-5056,53941,30312,-1794.05,44124.23,24650.74,-1610.42,44764.02,24190.21,0.00,0.00,0.00,183.62,639.79,-460.53,809.41,809.41,0.381,0.110,1.006,-4.031,-0.859,0.453,8571,346.0,0,0.9303,0.1051,0.3212,-0.1424,345.3,38.9,0.0
1041507,2026-09-17_13-43-54.508-240,v5.1.4,3.43,17.0,3200,-1535,54032,30823,-5069,53961,30346,-1727.53,44165.93,24630.45,-1616.77,44781.04,24218.98,0.00,0.00,0.00,110.76,615.12,-411.47,748.29,748.29,0.385,0.114,1.005,-3.703,-0.844,-0.250,8578,334.9,0,0.9304,0.1054,0.3209,-0.1426,345.3,38.8,0.0
1041611,2026-09-17_13-43-55.612-240,v5.1.4,3.43,17.0,3200,-1554,54027,30892,-5087,53981,30320,-1743.30,44160.86,24686.87,-1635.99,44796.43,24200.52,0.00,0.00,0.00,107.32,635.56,-486.35,807.46,807.46,0.383,0.115,1.000,-3.844,-0.891,-0.297,8585,345.7,0,0.9304,0.1058,0.3205,-0.1428,345.3,38.8,0.0
1041716,2026-09-17_13-43-55.716-240,v5.1.4,3.43,17.0,3200,-1723,54000,30802,-5244,53937,30370,-1882.31,44141.77,24614.03,-1756.52,44759.20,24264.22,0.00,0.00,0.00,125.79,617.43,-349.82,720.70,720.70,0.383,0.111,1.004,-3.750,-0.781,0.234,8582,329.6,0,0.9304,0.1055,0.3205,-0.1429,345.3,38.8,0.0
1041820,2026-09-17_13-43-55.821-240,v5.1.4,3.43,17.0,3200,-1493,53969,30855,-4959,53904,30287,-1692.56,44112.93,24657.14,-1533.13,44734.70,24156.58,0.00,0.00,0.00,159.43,621.77,-500.56,813.99,813.99,0.381,0.113,1.001,-3.453,-0.484,0.047,8582,346.8,0,0.9303,0.1059,0.3208,-0.1427,345.3,38.8,0.0
1041925,2026-09-17_13-43-55.925-240,v5.1.4,3.43,17.0,3200,-1309,53960,30852,-4845,53880,30312,-1540.77,44103.63,24654.40,-1434.94,44717.57,24160.23,0.00,0.00,0.00,105.82,613.94,-494.17,795.19,795.19,0.383,0.114,1.001,-4.141,-0.672,0.391,8587,343.5,0,0.9304,0.1057,0.3208,-0.1426,345.3,38.8,0.0
1042039,2026-09-17_13-43-55.039-240,v5.1.4,3.43,17.0,3200,-1325,54040,30895,-4832,53983,30317,-1554.55,44169.19,24688.70,-1426.67,44802.11,24160.68,0.00,0.00,0.00,127.88,632.92,-528.02,834.12,834.12,0.387,0.113,0.998,-3.594,-0.625,0.109,8578,350.4,0,0.9306,0.1058,0.3203,-0.1423,345.4,38.8,0.0
1042144,2026-09-17_13-43-55.144-240,v5.1.4,3.43,17.0,3200,-1255,53981,30933,-4817,53958,30362,-1496.53,44119.10,24720.19,-1407.00,44783.08,24194.85,0.00,0.00,0.00,89.54,663.98,-525.34,851.39,851.39,0.384,0.118,1.000,-4.031,-0.594,0.203,8573,353.4,0,0.9306,0.1061,0.3203,-0.1422,345.4,38.8,0.0
1042248,2026-09-17_13-43-55.249-240,v5.1.4,3.43,17.0,3200,-1265,53982,30873,-4807,53910,30341,-1504.66,44121.01,24671.22,-1400.36,44743.46,24177.36,0.00,0.00,0.00,104.30,622.45,-493.87,801.39,801.39,0.383,0.113,1.000,-4.062,-0.828,0.156,8573,344.6,0,0.9306,0.1059,0.3203,-0.1423,345.4,38.8,0.0
1042353,2026-09-17_13-43-55.354-240,v5.1.4,3.43,17.0,3200,-1504,53952,30757,-4981,53886,30303,-1701.33,44100.59,24577.34,-1548.34,44720.04,24172.89,0.00,0.00,0.00,152.98,619.45,-404.45,755.45,755.45,0.385,0.115,1.002,-3.828,-0.828,0.547,8582,336.2,0,0.9307,0.1056,0.3201,-0.1420,345.4,38.7,0.0
1042458,2026-09-17_13-43-55.459-240,v5.1.4,3.43,17.0,3200,-1484,53979,30629,-4995,53928,30173,-1684.75,44124.78,24472.53,-1580.13,44750.79,24070.36,0.00,0.00,0.00,104.62,626.02,-402.17,751.39,751.39,0.381,0.114,1.002,-3.984,-0.469,0.016,8577,335.4,0,0.9305,0.1056,0.3206,-0.1421,345.4,38.8,0.0
1042563,2026-09-17_13-43-55.564-240,v5.1.4,3.43,17.0,3200,-1483,54021,30854,-4942,53962,30290,-1684.64,44155.79,24655.76,-1520.48,44782.46,24155.57,0.00,0.00,0.00,164.16,626.67,-500.20,818.45,818.45,0.383,0.115,1.003,-3.828,-0.359,0.734,8596,347.6,0,0.9305,0.1054,0.3209,-0.1417,345.4,38.8,0.0
1042668,2026-09-17_13-43-56.669-240,v5.1.4,3.43,17.0,3200,-1466,54056,30728,-4953,53952,30336,-1670.59,44186.59,24552.51,-1522.51,44775.30,24194.11,0.00,0.00,0.00,148.08,588.71,-358.39,704.95,704.95,0.384,0.114,1.000,-4.359,-1.000,0.328,8596,326.6,0,0.9306,0.1049,0.3206,-0.1419,345.4,38.8,0.0
1042773,2026-09-17_13-43-56.773-240,v5.1.4,3.43,17.0,3200,-1423,53973,30585,-4976,53890,30054,-1634.32,44119.90,24436.55,-1580.70,44716.96,23973.05,0.00,0.00,0.00,53.61,597.06,-463.50,757.75,757.75,0.383,0.113,1.001,-3.875,-0.656,0.047,8589,336.6,0,0.9306,0.1051,0.3206,-0.1419,345.4,38.8,0.0
1042877,2026-09-17_13-43-56.878-240,v5.1.4,3.43,17.0,3200,-1501,53977,30712,-4984,53896,30128,-1698.92,44121.95,24540.34,-1576.67,44723.64,24033.28,0.00,0.00,0.00,122.25,601.70,-507.06,796.30,796.30,0.385,0.114,0.999,-3.781,-0.500,-3.547,8579,343.7,0,0.9301,0.1074,0.3202,-0.1443,345.2,38.8,0.0
1042982,2026-09-17_13-43-56.982-240,v5.1.4,3.43,17.0,3200,-1514,54004,30806,-5022,53911,30262,-1710.00,44142.85,24616.82,-1588.83,44738.76,24145.73,0.00,0.00,0.00,121.17,595.91,-471.09,769.23,769.23,0.384,0.112,1.002,-3.859,-0.828,0.000,8579,338.8,0,0.9302,0.1072,0.3200,-0.1445,345.1,38.8,0.0
1043086,2026-09-17_13-43-56.087-240,v5.1.4,3.43,17.0,3200,-1275,54022,30723,-4788,53935,30264,-1512.86,44156.61,24548.38,-1396.74,44762.22,24112.62,0.00,0.00,0.00,116.12,605.61,-435.76,755.07,755.07,0.383,0.113,1.003,-4.078,-0.250,0.125,8582,336.1,0,0.9300,0.1071,0.3206,-0.1445,345.1,38.8,0.0
1043191,2026-09-17_13-43-56.191-240,v5.1.4,3.43,17.0,3200,-1470,54049,30895,-4938,53977,30340,-1674.18,44178.12,24688.91,-1510.35,44796.09,24194.71,0.00,0.00,0.00,163.83,617.96,-494.20,808.05,808.05,0.385,0.113,1.001,-3.641,-0.406,-0.141,8589,345.8,0,0.9300,0.1073,0.3205,-0.1446,345.1,38.8,0.0
1043295,2026-09-17_13-43-56.296-240,v5.1.4,3.43,17.0,3200,-1290,54008,30741,-4822,53958,30214,-1525.18,44144.90,24563.25,-1432.72,44779.18,24077.27,0.00,0.00,0.00,92.46,634.28,-485.98,804.39,804.39,0.384,0.115,1.004,-3.625,-0.734,0.266,8576,345.1,0,0.9300,0.1075,0.3204,-0.1443,345.2,38.8,0.0
1043400,2026-09-17_13-43-56.400-240,v5.1.4,3.43,17.0,3200,-1449,54003,30923,-4931,53921,30365,-1656.63,44139.45,24712.21,-1499.22,44751.06,24214.56,0.00,0.00,0.00,157.41,611.61,-497.65,804.05,804.05,0.385,0.116,1.003,-3.562,-0.984,0.078,8576,345.1,0,0.9302,0.1077,0.3199,-0.1442,345.2,38.8,0.0
1043514,2026-09-17_13-43-56.514-240,v5.1.4,3.43,17.0,3200,-1481,53949,30816,-5009,53844,30395,-1682.46,44096.91,24625.49,-1556.66,44687.63,24251.21,0.00,0.00,0.00,125.80,590.72,-374.28,710.53,710.53,0.382,0.116,1.002,-4.109,-0.906,0.297,8583,327.7,0,0.9302,0.1074,0.3199,-0.1443,345.2,38.8,0.0
1043618,2026-09-17_13-43-57.619-240,v5.1.4,3.43,17.0,3200,-1479,53950,30773,-4991,53897,30353,-1680.73,44098.42,24590.37,-1549.61,44730.16,24214.15,0.00,0.00,0.00,131.12,631.75,-376.22,746.89,746.89,0.380,0.111,1.006,-3.906,-1.141,0.250,8580,334.6,0,0.9302,0.1070,0.3199,-0.1445,345.1,38.8,0.0
1043722,2026-09-17_13-43-57.723-240,v5.1.4,3.43,17.0,3200,-1467,53970,30794,-4967,53897,30376,-1671.00,44114.48,24607.28,-1526.50,44731.15,24229.02,0.00,0.00,0.00,144.50,616.67,-378.26,737.73,737.73,0.379,0.112,0.999,-3.562,-0.453,0.047,8581,332.9,0,0.9301,0.1071,0.3204,-0.1443,345.1,38.8,0.0
1043827,2026-09-17_13-43-57.828-240,v5.1.4,3.43,17.0,3200,-1464,53916,30697,-4953,53835,30279,-1667.99,44071.41,24528.65,-1527.24,44678.19,24150.41,0.00,0.00,0.00,140.75,606.77,-378.24,728.73,728.73,0.384,0.113,1.001,-3.516,-1.047,0.031,8581,331.2,0,0.9302,0.1071,0.3200,-0.1442,345.2,38.8,0.0
1043932,2026-09-17_13-43-57.933-240,v5.1.4,3.43,17.0,3200,-1317,53887,30659,-4876,53778,30159,-1546.51,44046.55,24497.63,-1479.66,44629.73,24044.09,0.00,0.00,0.00,66.85,583.18,-453.53,741.79,741.79,0.382,0.114,1.000,-3.781,-0.594,0.094,8579,333.6,0,0.9302,0.1072,0.3201,-0.1441,345.2,38.8,0.0
1044036,2026-09-17_13-43-57.037-240,v5.1.4,3.43,17.0,3200,-1492,53912,30865,-5002,53823,30299,-1691.39,44065.66,24665.89,-1564.27,44668.10,24173.78,0.00,0.00,0.00,127.12,602.45,-492.12,788.21,788.21,0.385,0.116,1.002,-3.828,-1.031,0.797,8593,342.2,0,0.9304,0.1068,0.3198,-0.1436,345.2,38.7,0.0
1044141,2026-09-17_13-43-57.141-240,v5.1.4,3.43,17.0,3200,-1493,53879,30838,-5008,53787,30303,-1691.95,44038.84,24644.20,-1567.52,44638.68,24178.43,0.00,0.00,0.00,124.43,599.83,-465.77,769.56,769.56,0.385,0.114,1.002,-3.547,-0.656,0.391,8593,338.8,0,0.9305,0.1067,0.3197,-0.1433,345.3,38.7,0.0
1044245,2026-09-17_13-43-57.246-240,v5.1.4,3.43,17.0,3200,-1467,54004,30850,-5018,53947,30405,-1671.33,44141.65,24652.64,-1565.76,44771.95,24258.88,0.00,0.00,0.00,105.57,630.29,-393.76,750.64,750.64,0.382,0.114,1.000,-3.688,-0.375,-0.031,8587,335.3,0,0.9304,0.1069,0.3201,-0.1433,345.3,38.8,0.0
1044350,2026-09-17_13-43-57.350-240,v5.1.4,3.42,17.0,3200,-1455,54077,30841,-4961,54029,30287,-1661.88,44201.98,24644.51,-1538.61,44836.85,24154.89,0.00,0.00,0.00,123.28,634.87,-489.62,811.16,811.16,0.383,0.114,0.999,-3.875,-0.812,0.312,8583,346.3,0,0.9305,0.1066,0.3200,-0.1432,345.3,38.8,0.0
1044454,2026-09-17_13-43-57.455-240,v5.1.4,3.42,17.0,3200,-1464,54102,30850,-4974,54063,30278,-1669.48,44222.59,24651.62,-1551.66,44864.21,24149.06,0.00,0.00,0.00,117.82,641.62,-502.55,823.48,823.48,0.384,0.115,1.002,-4.344,-1.094,0.562,8584,348.5,0,0.9306,0.1059,0.3197,-0.1432,345.2,38.7,0.0
1044559,2026-09-17_13-43-57.559-240,v5.1.4,3.42,17.0,3200,-1244,54085,30876,-4818,54031,30439,-1488.01,44205.84,24672.56,-1398.82,44844.73,24255.38,0.00,0.00,0.00,89.19,638.89,-417.17,768.23,768.23,0.384,0.113,1.002,-3.859,-0.828,0.156,8584,338.6,0,0.9306,0.1060,0.3197,-0.1430,345.3,38.7,0.0
1044663,2026-09-17_13-43-58.664-240,v5.1.4,3.42,17.0,3200,-1440,54065,30790,-4955,54018,30370,-1649.33,44192.74,24602.97,-1521.21,44830.10,24220.53,0.00,0.00,0.00,128.12,637.36,-382.44,754.26,754.26,0.384,0.115,1.003,-3.594,-0.734,0.156,8577,336.0,0,0.9307,0.1063,0.3197,-0.1427,345.3,38.7,0.0
1044768,2026-09-17_13-43-58.768-240,v5.1.4,3.42,17.0,3200,-1457,54061,30784,-4943,53973,30399,-1663.31,44189.71,24598.15,-1505.73,44794.26,24242.67,0.00,0.00,0.00,157.59,604.55,-355.48,718.80,718.80,0.382,0.115,1.002,-3.516,-0.469,0.297,8586,329.3,0,0.9306,0.1065,0.3201,-0.1424,345.4,38.8,0.0
1044872,2026-09-17_13-43-58.873-240,v5.1.4,3.42,17.0,3200,-1484,54139,30786,-4962,54103,30354,-1686.08,44254.40,24599.03,-1531.91,44899.06,24207.42,0.00,0.00,0.00,154.16,644.66,-391.61,769.87,769.87,0.384,0.113,1.003,-3.703,-0.578,0.172,8585,338.9,0,0.9305,0.1064,0.3202,-0.1423,345.4,38.8,0.0
1044987,2026-09-17_13-43-58.987-240,v5.1.4,3.42,17.0,3200,-1285,54025,30838,-4757,53928,30280,-1521.36,44157.31,24642.25,-1368.68,44757.41,24120.97,0.00,0.00,0.00,152.68,600.09,-521.27,809.41,809.41,0.385,0.116,1.006,-3.719,-0.641,0.703,8585,346.0,0,0.9306,0.1062,0.3204,-0.1417,345.5,38.8,0.0
1045091,2026-09-17_13-43-58.092-240,v5.1.4,3.42,17.0,3200,-1560,54039,30849,-5036,53973,30371,-1748.24,44171.55,24651.65,-1586.33,44792.03,24233.93,0.00,0.00,0.00,161.91,620.48,-417.72,765.32,765.32,0.383,0.113,0.999,-4.047,-0.547,0.125,8582,338.0,0,0.9306,0.1058,0.3205,-0.1420,345.4,38.8,0.0
1045195,2026-09-17_13-43-58.196-240,v5.1.4,3.42,17.0,3200,-1663,54027,30854,-5123,53948,30277,-1833.11,44162.61,24656.08,-1670.88,44767.75,24171.95,0.00,0.00,0.00,162.24,605.14,-484.12,791.77,791.77,0.383,0.114,1.003,-3.750,-0.438,0.219,8580,342.9,0,0.9305,0.1058,0.3208,-0.1419,345.4,38.8,0.0
1045300,2026-09-17_13-43-58.301-240,v5.1.4,3.42,17.0,3200,-1522,54057,30794,-5072,53973,30341,-1716.91,44186.92,24606.49,-1620.34,44790.67,24215.23,0.00,0.00,0.00,96.57,603.75,-391.26,725.90,725.90,0.384,0.113,1.001,-3.656,-1.609,0.703,8579,330.6,0,0.9309,0.1053,0.3199,-0.1416,345.4,38.7,0.0
1045404,2026-09-17_13-43-58.405-240,v5.1.4,3.42,17.0,3200,-1481,54038,30787,-5001,53977,30392,-1682.96,44170.91,24600.89,-1554.59,44796.41,24245.52,0.00,0.00,0.00,128.37,625.50,-355.37,730.76,730.76,0.382,0.114,1.002,-3.781,-0.703,0.609,8579,331.6,0,0.9309,0.1051,0.3202,-0.1412,345.5,38.7,0.0
1045509,2026-09-17_13-43-58.509-240,v5.1.4,3.42,17.0,3200,-1209,53991,30912,-4757,53942,30458,-1458.62,44127.23,24702.85,-1343.12,44773.45,24263.04,0.00,0.00,0.00,115.50,646.22,-439.81,790.17,790.17,0.384,0.115,1.004,-3.688,-0.891,-0.062,8582,342.6,0,0.9309,0.1056,0.3201,-0.1411,345.5,38.7,0.0
1045613,2026-09-17_13-43-59.614-240,v5.1.4,3.42,17.0,3200,-1351,53986,30798,-4871,53896,30374,-1575.46,44126.43,24610.14,-1447.77,44731.83,24213.35,0.00,0.00,0.00,127.68,605.40,-396.79,735.02,735.02,0.384,0.115,1.003,-3.656,-0.578,0.094,8587,332.4,0,0.9308,0.1058,0.3202,-0.1410,345.5,38.8,0.0
1045718,2026-09-17_13-43-59.718-240,v5.1.4,3.42,17.0,3200,-1370,53953,30894,-4892,53903,30311,-1591.11,44097.79,24688.88,-1474.47,44735.59,24165.96,0.00,0.00,0.00,116.64,637.80,-522.93,832.97,832.97,0.385,0.115,1.006,-3.781,-0.453,0.266,8587,350.2,0,0.9307,0.1057,0.3205,-0.1409,345.6,38.8,0.0
1045822,2026-09-17_13-43-59.823-240,v5.1.4,3.42,17.0,3200,-1398,53944,30792,-4939,53892,30383,-1613.93,44092.31,24605.77,-1502.29,44727.69,24230.58,0.00,0.00,0.00,111.65,635.38,-375.19,746.28,746.28,0.383,0.114,0.999,-3.906,-0.875,0.250,8588,334.5,0,0.9308,0.1055,0.3204,-0.1409,345.5,38.8,0.0
1045927,2026-09-17_13-43-59.927-240,v5.1.4,3.42,17.0,3200,-1386,53994,30805,-4914,53954,30388,-1604.38,44133.29,24615.84,-1482.89,44778.91,24229.92,0.00,0.00,0.00,121.49,645.62,-385.92,761.92,761.92,0.383,0.115,1.003,-3.438,-0.734,-0.109,8588,337.4,0,0.9307,0.1060,0.3204,-0.1408,345.6,38.8,0.0
1046031,2026-09-17_13-43-59.032-240,v5.1.4,3.42,17.0,3200,-1385,54028,30790,-4879,53966,30396,-1603.74,44161.61,24603.24,-1453.29,44789.50,24231.00,0.00,0.00,0.00,150.45,627.89,-372.24,745.28,745.28,0.383,0.114,1.002,-3.781,-0.594,0.578,8582,334.3,0,0.9307,0.1056,0.3206,-0.1405,345.6,38.8,0.0
1046136,2026-09-17_13-43-59.137-240,v5.1.4,3.42,17.0,3200,-1306,53983,30797,-4770,53910,30388,-1538.33,44123.50,24609.26,-1363.06,44745.27,24209.50,0.00,0.00,0.00,175.27,621.77,-399.76,759.69,759.69,0.385,0.114,1.001,-4.141,-0.672,-0.344,8582,337.0,0,0.9307,0.1056,0.3205,-0.1411,345.5,38.8,0.0
1046241,2026-09-17_13-43-59.242-240,v5.1.4,3.42,17.0,3200,-1449,53963,30842,-4945,53886,30296,-1656.21,44107.72,24646.50,-1519.74,44720.45,24162.01,0.00,0.00,0.00,136.47,612.72,-484.48,792.96,792.96,0.386,0.114,1.000,-3.797,-1.047,0.094,8579,343.1,0,0.9309,0.1054,0.3200,-0.1412,345.5,38.7,0.0
1046345,2026-09-17_13-43-59.346-240,v5.1.4,3.42,17.0,3200,-1497,53974,30824,-4940,53930,30261,-1695.83,44117.59,24631.79,-1522.09,44755.59,24132.60,0.00,0.00,0.00,173.74,638.00,-499.19,828.50,828.50,0.384,0.114,1.002,-3.703,-0.812,0.281,8582,349.4,0,0.9309,0.1053,0.3199,-0.1411,345.5,38.7,0.0
1046460,2026-09-17_13-43-59.461-240,v5.1.4,3.42,17.0,3200,-1367,53991,30684,-4860,53910,30149,-1588.45,44132.58,24517.06,-1472.00,44737.64,24031.65,0.00,0.00,0.00,116.45,605.06,-485.40,784.40,784.40,0.384,0.113,0.999,-3.875,-0.781,-0.078,8595,341.5,0,0.9309,0.1054,0.3199,-0.1413,345.5,38.7,0.0
1046565,2026-09-17_13-43-59.565-240,v5.1.4,3.42,17.0,3200,-1443,53954,30799,-4957,53882,30234,-1651.12,44100.93,24611.48,-1538.55,44715.38,24114.27,0.00,0.00,0.00,112.57,614.45,-497.20,798.40,798.40,0.384,0.113,1.000,-3.594,-0.547,-0.578,8595,344.1,0,0.9308,0.1059,0.3200,-0.1416,345.5,38.7,0.0
1046669,2026-09-17_13-44-00.670-240,v5.1.4,3.42,17.0,3200,-1478,53987,30758,-5012,53937,30364,-1680.11,44129.22,24577.74,-1566.51,44762.81,24225.39,0.00,0.00,0.00,113.60,633.59,-352.35,733.82,733.82,0.385,0.114,1.001,-4.078,-0.422,-0.344,8593,332.1,0,0.9306,0.1060,0.3202,-0.1421,345.4,38.8,0.0
1046773,2026-09-17_13-44-00.774-240,v5.1.4,3.42,17.0,3200,-1522,54035,30829,-5029,53983,30264,-1716.84,44168.17,24635.29,-1596.50,44797.55,24147.21,0.00,0.00,0.00,120.34,629.39,-488.08,805.50,805.50,0.380,0.113,0.999,-3.562,-0.672,0.203,8585,345.3,0,0.9306,0.1060,0.3204,-0.1420,345.4,38.8,0.0
1046878,2026-09-17_13-44-00.879-240,v5.1.4,3.42,17.0,3200,-1488,54038,30856,-4982,54004,30313,-1688.88,44169.86,24657.23,-1551.32,44816.74,24179.15,0.00,0.00,0.00,137.55,646.88,-478.08,816.05,816.05,0.386,0.113,1.004,-3.672,-0.703,0.109,8585,347.2,0,0.9306,0.1058,0.3203,-0.1420,345.4,38.8,0.0
1046982,2026-09-17_13-44-00.983-240,v5.1.4,3.42,17.0,3200,-1451,53984,30811,-4943,53917,30355,-1657.93,44125.60,24620.98,-1510.43,44747.34,24208.39,0.00,0.00,0.00,147.50,621.74,-412.59,760.62,760.62,0.385,0.115,1.005,-3.844,-1.141,0.203,8588,337.2,0,0.9308,0.1057,0.3199,-0.1420,345.4,38.7,0.0
1047087,2026-09-17_13-44-00.087-240,v5.1.4,3.42,17.0,3200,-1314,53973,30944,-4885,53923,30477,-1545.16,44112.92,24729.38,-1445.08,44756.34,24297.31,0.00,0.00,0.00,100.07,643.42,-432.07,781.46,781.46,0.384,0.112,0.998,-3.562,-0.859,0.031,8594,341.0,0,0.9308,0.1058,0.3198,-0.1419,345.4,38.7,0.0
1047192,2026-09-17_13-44-00.193-240,v5.1.4,3.42,17.0,3200,-1488,53971,30984,-5029,53933,30444,-1688.71,44112.42,24762.41,-1568.69,44761.33,24291.89,0.00,0.00,0.00,120.02,648.91,-470.52,810.48,810.48,0.380,0.113,1.002,-4.016,-0.812,0.312,8590,346.2,0,0.9307,0.1055,0.3202,-0.1420,345.4,38.8,0.0
1047296,2026-09-17_13-44-00.297-240,v5.1.4,3.42,17.0,3200,-1481,54024,30925,-5008,53978,30362,-1683.15,44157.09,24713.69,-1564.76,44796.34,24222.55,0.00,0.00,0.00,118.39,639.24,-491.14,814.78,814.78,0.385,0.114,1.003,-3.750,-0.516,-0.141,8590,347.0,0,0.9306,0.1057,0.3203,-0.1421,345.4,38.8,0.0
1047401,2026-09-17_13-44-00.402-240,v5.1.4,3.42,17.0,3200,-1442,54062,30877,-4996,54031,30467,-1651.14,44188.87,24674.03,-1541.18,44842.57,24303.88,0.00,0.00,0.00,109.95,653.70,-370.14,759.22,759.22,0.387,0.114,1.006,-4.031,-0.297,0.375,8585,336.9,0,0.9305,0.1054,0.3206,-0.1420,345.4,38.8,0.0
1047505,2026-09-17_13-44-00.506-240,v5.1.4,3.42,17.0,3200,-1443,53997,30937,-4907,53929,30375,-1651.67,44134.20,24723.68,-1478.26,44758.25,24218.90,0.00,0.00,0.00,173.41,624.05,-504.78,821.17,821.17,0.382,0.114,1.001,-3.656,-0.391,0.188,8591,348.1,0,0.9304,0.1056,0.3210,-0.1418,345.4,38.8,0.0
1047610,2026-09-17_13-44-01.610-240,v5.1.4,3.42,17.0,3200,-1429,53942,30901,-4917,53896,30331,-1639.70,44089.20,24694.84,-1491.90,44729.97,24185.72,0.00,0.00,0.00,147.80,640.77,-509.11,831.64,831.64,0.384,0.113,0.998,-3.422,-0.625,0.500,8592,349.9,0,0.9306,0.1056,0.3208,-0.1413,345.5,38.8,0.0
1047714,2026-09-17_13-44-01.715-240,v5.1.4,3.42,17.0,3200,-1291,53904,31035,-4822,53846,30566,-1525.93,44054.20,24804.33,-1377.89,44696.71,24360.44,0.00,0.00,0.00,148.04,642.52,-443.89,794.85,794.85,0.383,0.111,1.002,-3.422,-0.812,0.578,8592,343.4,0,0.9307,0.1053,0.3207,-0.1409,345.5,38.8,0.0
1047819,2026-09-17_13-44-01.819-240,v5.1.4,3.42,17.0,3200,-1493,53890,30877,-4991,53842,30300,-1692.10,44047.30,24675.92,-1555.66,44683.83,24172.66,0.00,0.00,0.00,136.44,636.54,-503.26,822.84,822.84,0.387,0.112,1.002,-3.516,-0.719,0.250,8586,348.4,0,0.9308,0.1052,0.3204,-0.1407,345.5,38.8,0.0
1047933,2026-09-17_13-44-01.934-240,v5.1.4,3.42,17.0,3200,-1414,54054,30830,-4910,54030,30304,-1627.90,44182.73,24635.68,-1494.19,44838.94,24160.98,0.00,0.00,0.00,133.71,656.21,-474.70,820.87,820.87,0.384,0.113,0.998,-4.141,-0.922,-0.078,8588,348.0,0,0.9309,0.1049,0.3201,-0.1411,345.5,38.7,0.0
1048037,2026-09-17_13-44-01.038-240,v5.1.4,3.42,17.0,3200,-1470,54098,30891,-4982,54095,30303,-1674.48,44218.67,24685.14,-1555.57,44890.88,24169.71,0.00,0.00,0.00,118.91,672.21,-515.43,855.38,855.38,0.381,0.115,1.000,-3.297,-1.062,0.312,8588,354.0,0,0.9310,0.1053,0.3200,-0.1407,345.6,38.7,0.0
1048142,2026-09-17_13-44-01.142-240,v5.1.4,3.42,17.0,3200,-1250,54072,30817,-4839,54003,30341,-1492.75,44196.12,24624.54,-1429.54,44818.97,24180.57,0.00,0.00,0.00,63.21,622.85,-443.97,767.49,767.49,0.380,0.112,1.001,-4.016,-0.875,0.094,8588,338.4,0,0.9309,0.1051,0.3203,-0.1408,345.5,38.7,0.0
1048246,2026-09-17_13-44-01.247-240,v5.1.4,3.42,17.0,3200,-1313,54028,30869,-4886,54009,30364,-1544.53,44159.57,24667.58,-1465.04,44823.71,24205.76,0.00,0.00,0.00,79.49,664.13,-461.82,812.82,812.82,0.383,0.113,1.002,-3.719,-0.703,0.031,8584,346.6,0,0.9308,0.1052,0.3205,-0.1408,345.5,38.8,0.0
1048351,2026-09-17_13-44-01.351-240,v5.1.4,3.42,17.0,3200,-1499,54027,30798,-5013,53966,30376,-1697.76,44161.83,24610.02,-1566.47,44786.81,24234.67,0.00,0.00,0.00,131.29,624.98,-375.35,740.76,740.76,0.380,0.115,1.001,-3.797,-0.594,-0.062,8588,333.4,0,0.9307,0.1054,0.3208,-0.1409,345.5,38.8,0.0
1048455,2026-09-17_13-44-01.456-240,v5.1.4,3.42,17.0,3200,-1527,54040,30849,-4953,53989,30317,-1721.04,44172.03,24651.57,-1526.42,44805.06,24178.33,0.00,0.00,0.00,194.62,633.03,-473.24,813.98,813.98,0.381,0.114,0.999,-3.984,-0.656,0.438,8588,346.8,0,0.9307,0.1051,0.3209,-0.1408,345.5,38.8,0.0
1048560,2026-09-17_13-44-01.560-240,v5.1.4,3.42,17.0,3200,-1491,54092,30873,-4988,54047,30314,-1691.73,44214.22,24670.55,-1557.43,44851.83,24180.15,0.00,0.00,0.00,134.30,637.61,-490.40,815.52,815.52,0.384,0.114,1.004,-4.047,-0.797,-0.047,8589,347.1,0,0.9306,0.1050,0.3209,-0.1411,345.5,38.8,0.0
1048664,2026-09-17_13-44-02.665-240,v5.1.4,3.42,17.0,3200,-1336,54102,30865,-4885,54019,30376,-1563.96,44221.02,24663.59,-1462.77,44832.21,24215.04,0.00,0.00,0.00,101.19,611.20,-448.54,764.85,764.85,0.385,0.113,1.005,-3.641,-1.047,0.047,8585,337.9,0,0.9308,0.1051,0.3205,-0.1411,345.5,38.8,0.0
1048769,2026-09-17_13-44-02.769-240,v5.1.4,3.42,17.0,3200,-1517,54065,30789,-5045,54022,30362,-1712.83,44193.55,24602.31,-1596.56,44831.71,24227.28,0.00,0.00,0.00,116.27,638.15,-375.04,749.27,749.27,0.381,0.114,1.002,-3.516,-0.312,0.219,8595,335.0,0,0.9306,0.1053,0.3211,-0.1408,345.5,38.8,0.0
1048873,2026-09-17_13-44-02.874-240,v5.1.4,3.42,17.0,3200,-1468,54111,30824,-5064,54063,30386,-1672.78,44230.48,24630.30,-1609.94,44865.54,24248.60,0.00,0.00,0.00,62.84,635.05,-381.71,743.60,743.60,0.385,0.113,1.002,-3.438,-0.344,0.359,8595,334.0,0,0.9306,0.1053,0.3211,-0.1404,345.6,38.9,0.0
1048978,2026-09-17_13-44-02.978-240,v5.1.4,3.42,17.0,3200,-1550,54048,30809,-5089,54045,30369,-1739.97,44179.53,24618.89,-1632.44,44849.98,24238.96,0.00,0.00,0.00,107.53,670.45,-379.93,778.08,778.08,0.384,0.114,1.000,-4.156,-0.922,0.297,8595,340.4,0,0.9308,0.1048,0.3208,-0.1407,345.5,38.8,0.0
1049082,2026-09-17_13-44-02.083-240,v5.1.4,3.42,17.0,3200,-1398,53973,30835,-4932,53911,30331,-1614.20,44115.57,24640.57,-1504.70,44742.00,24187.69,0.00,0.00,0.00,109.50,626.43,-452.89,780.71,780.71,0.385,0.112,1.002,-3.734,-0.562,-0.062,8595,340.9,0,0.9307,0.1049,0.3208,-0.1409,345.5,38.8,0.0
1049187,2026-09-17_13-44-02.187-240,v5.1.4,3.42,17.0,3200,-1663,53958,30818,-5205,53935,30355,-1832.60,44106.20,24627.41,-1726.56,44757.82,24246.54,0.00,0.00,0.00,106.04,651.62,-380.87,762.18,762.18,0.384,0.113,1.000,-3.625,-0.797,0.141,8595,337.5,0,0.9308,0.1048,0.3206,-0.1409,345.5,38.8,0.0
1049301,2026-09-17_13-44-02.301-240,v5.1.4,3.44,17.0,3200,-1308,54055,30790,-4830,53993,30380,-1540.42,44183.12,24602.80,-1416.14,44811.95,24210.59,0.00,0.00,0.00,124.28,628.83,-392.21,751.47,751.47,0.384,0.114,0.999,-3.734,-0.453,0.453,8599,335.5,0,0.9308,0.1049,0.3208,-0.1406,345.6,38.8,0.0
1049405,2026-09-17_13-44-02.406-240,v5.1.4,3.44,17.0,3200,-1394,54029,30801,-4902,53983,30376,-1611.19,44162.35,24612.23,-1475.66,44802.50,24218.11,0.00,0.00,0.00,135.54,640.16,-394.12,763.87,763.87,0.385,0.114,1.004,-3.641,-0.734,0.516,8588,337.8,0,0.9308,0.1048,0.3207,-0.1402,345.6,38.8,0.0
1049510,2026-09-17_13-44-02.510-240,v5.1.4,3.44,17.0,3200,-1368,54027,30892,-4916,53986,30325,-1589.92,44158.94,24686.48,-1494.71,44803.41,24179.35,0.00,0.00,0.00,95.21,644.47,-507.13,825.59,825.59,0.383,0.113,1.002,-3.656,-0.750,-0.094,8591,348.9,0,0.9308,0.1051,0.3207,-0.1404,345.6,38.8,0.0
1049614,2026-09-17_13-44-03.615-240,v5.1.4,3.44,17.0,3200,-1377,53985,30866,-4847,53941,30307,-1597.03,44124.76,24665.71,-1439.19,44767.28,24155.55,0.00,0.00,0.00,157.84,642.52,-510.16,835.46,835.46,0.384,0.113,1.003,-3.938,-1.109,0.438,8591,350.6,0,0.9309,0.1047,0.3205,-0.1404,345.6,38.8,0.0
1049719,2026-09-17_13-44-03.719-240,v5.1.4,3.44,17.0,3200,-1373,53971,30801,-4869,53928,30381,-1593.51,44114.21,24612.79,-1446.09,44758.20,24218.14,0.00,0.00,0.00,147.42,643.99,-394.64,769.54,769.54,0.378,0.113,0.996,-3.703,-0.688,-0.219,8597,338.8,0,0.9308,0.1052,0.3208,-0.1405,345.6,38.8,0.0
1049824,2026-09-17_13-44-03.824-240,v5.1.4,3.44,17.0,3200,-1429,53976,30843,-4944,53926,30445,-1639.80,44118.23,24647.14,-1498.39,44757.01,24280.34,0.00,0.00,0.00,141.41,638.77,-366.80,750.05,750.05,0.383,0.116,1.000,-4.141,-0.906,0.031,8595,335.2,0,0.9308,0.1051,0.3206,-0.1408,345.5,38.8,0.0
1049928,2026-09-17_13-44-03.929-240,v5.1.4,3.44,17.0,3200,-1316,54021,30859,-4751,53965,30334,-1546.94,44153.98,24659.49,-1356.99,44789.15,24162.67,0.00,0.00,0.00,189.94,635.16,-496.82,828.46,828.46,0.383,0.111,1.000,-3.625,-0.859,0.328,8595,349.4,0,0.9308,0.1050,0.3206,-0.1407,345.5,38.8,0.0
1050034,2026-09-17_13-44-03.035-240,v5.1.4,3.44,17.0,3200,-1243,54034,30855,-4767,54059,30328,-1486.82,44164.04,24655.94,-1373.92,44865.58,24158.73,0.00,0.00,0.00,112.90,701.54,-497.21,867.26,867.26,0.383,0.114,1.001,-3.766,-0.859,-0.438,8595,356.1,0,0.9307,0.1054,0.3205,-0.1410,345.5,38.8,0.0
1050138,2026-09-17_13-44-03.139-240,v5.1.4,3.44,17.0,3200,-1241,54015,30803,-4765,53985,30307,-1484.94,44149.17,24613.69,-1373.07,44804.57,24142.82,0.00,0.00,0.00,111.87,655.41,-470.86,814.73,814.73,0.383,0.112,1.002,-3.516,-0.531,0.516,8591,347.0,0,0.9307,0.1054,0.3207,-0.1406,345.6,38.8,0.0
1050243,2026-09-17_13-44-03.244-240,v5.1.4,3.44,17.0,3200,-1276,53980,30786,-4824,53939,30295,-1513.55,44120.89,24600.25,-1421.96,44765.71,24142.62,0.00,0.00,0.00,91.59,644.82,-457.63,795.99,795.99,0.381,0.115,1.001,-3.641,-0.516,-0.203,8594,343.6,0,0.9306,0.1059,0.3210,-0.1406,345.6,38.8,0.0
1050348,2026-09-17_13-44-03.348-240,v5.1.4,3.44,17.0,3200,-1469,53946,30768,-5003,53889,30349,-1672.45,44095.09,24586.31,-1559.82,44723.32,24212.84,0.00,0.00,0.00,112.63,628.23,-373.47,739.49,739.49,0.386,0.116,1.001,-3.359,-0.625,0.500,8587,333.2,0,0.9308,0.1059,0.3206,-0.1402,345.7,38.8,0.0
1050452,2026-09-17_13-44-03.453-240,v5.1.4,3.44,17.0,3200,-1480,53960,30792,-4869,53941,30257,-1681.66,44106.38,24605.78,-1464.59,44765.63,24118.81,0.00,0.00,0.00,217.06,659.25,-486.97,847.86,847.86,0.384,0.115,1.003,-3.922,-1.047,0.328,8587,352.7,0,0.9309,0.1055,0.3203,-0.1403,345.6,38.8,0.0
1050557,2026-09-17_13-44-03.557-240,v5.1.4,3.44,17.0,3200,-1296,54032,30782,-4823,53985,30292,-1530.36,44164.12,24596.48,-1422.98,44803.25,24139.34,0.00,0.00,0.00,107.38,639.12,-457.14,793.09,793.09,0.384,0.112,0.999,-3.688,-0.578,-0.062,8595,343.1,0,0.9308,0.1055,0.3204,-0.1404,345.6,38.8,0.0
1050661,2026-09-17_13-44-04.662-240,v5.1.4,3.44,17.0,3200,-1178,54047,30828,-4749,54006,30370,-1433.24,44174.55,24633.63,-1351.35,44823.63,24190.50,0.00,0.00,0.00,81.89,649.08,-443.13,790.18,790.18,0.381,0.113,1.007,-3.734,-0.406,0.719,8591,342.6,0,0.9307,0.1053,0.3212,-0.1400,345.7,38.9,0.0
1050776,2026-09-17_13-44-04.776-240,v5.1.4,3.44,17.0,3200,-1469,53946,30956,-4965,53909,30543,-1672.83,44092.02,24739.78,-1500.84,44745.30,24362.03,0.00,0.00,0.00,171.98,653.28,-377.75,773.98,773.98,0.385,0.115,1.002,-3.984,-1.062,3.875,8591,339.6,0,0.9314,0.1026,0.3209,-0.1375,345.9,38.8,0.0
1050880,2026-09-17_13-44-04.881-240,v5.1.4,3.44,17.0,3200,-1300,54017,30967,-4856,53957,30451,-1533.94,44148.75,24747.67,-1426.06,44783.93,24271.73,0.00,0.00,0.00,107.88,635.18,-475.94,801.00,801.00,0.381,0.114,1.002,-3.938,-0.500,0.391,8593,344.5,0,0.9313,0.1027,0.3214,-0.1373,345.9,38.8,0.0
1050985,2026-09-17_13-44-04.985-240,v5.1.4,3.44,17.0,3200,-1468,54044,30983,-4864,54013,30443,-1672.68,44172.53,24760.80,-1435.53,44829.38,24265.62,0.00,0.00,0.00,237.15,656.84,-495.18,856.09,856.09,0.385,0.112,1.004,-4.281,-0.719,1.016,8592,354.2,0,0.9314,0.1018,0.3215,-0.1371,345.9,38.8,0.0
1051089,2026-09-17_13-44-04.090-240,v5.1.4,3.44,17.0,3200,-1469,54031,30973,-4973,53984,30422,-1673.40,44161.97,24752.77,-1527.39,44803.36,24265.28,0.00,0.00,0.00,146.01,641.39,-487.49,818.75,818.75,0.383,0.113,1.002,-3.703,-0.469,0.281,8591,347.7,0,0.9313,0.1021,0.3216,-0.1369,345.9,38.8,0.0
1051194,2026-09-17_13-44-04.194-240,v5.1.4,3.44,17.0,3200,-1371,53950,30697,-4781,53906,30240,-1591.52,44098.54,24528.11,-1393.59,44738.01,24092.87,0.00,0.00,0.00,197.92,639.46,-435.23,798.45,798.45,0.383,0.115,1.005,-3.656,-0.938,-0.156,8591,344.1,0,0.9313,0.1028,0.3214,-0.1370,346.0,38.8,0.0
1051298,2026-09-17_13-44-04.299-240,v5.1.4,3.44,17.0,3200,-1419,53930,30806,-4937,53875,30368,-1631.19,44080.73,24617.39,-1502.31,44713.44,24218.57,0.00,0.00,0.00,128.88,632.71,-398.82,758.94,758.94,0.382,0.114,0.999,-3.797,-0.672,-0.516,8595,336.9,0,0.9312,0.1033,0.3213,-0.1375,345.9,38.8,0.0
1051403,2026-09-17_13-44-04.403-240,v5.1.4,3.44,17.0,3200,-1316,53907,30840,-4868,53833,30348,-1546.18,44060.11,24645.17,-1447.17,44679.71,24193.13,0.00,0.00,0.00,99.01,619.60,-452.04,773.33,773.33,0.384,0.116,0.999,-3.859,-0.484,0.672,8585,339.5,0,0.9313,0.1033,0.3213,-0.1371,346.0,38.8,0.0
1051507,2026-09-17_13-44-04.508-240,v5.1.4,3.44,17.0,3200,-1483,53924,30824,-4932,53857,30384,-1683.96,44076.14,24632.28,-1495.31,44699.22,24230.91,0.00,0.00,0.00,188.65,623.08,-401.37,764.80,764.80,0.380,0.113,1.004,-4.000,-0.672,-0.328,8591,337.9,0,0.9310,0.1035,0.3217,-0.1377,345.9,38.9,0.0
1051611,2026-09-17_13-44-05.612-240,v5.1.4,3.44,17.0,3200,-1494,53954,30879,-4982,53912,30309,-1693.34,44100.15,24676.89,-1549.09,44741.43,24177.42,0.00,0.00,0.00,144.25,641.29,-499.47,825.55,825.55,0.383,0.113,1.003,-3.641,-0.688,0.500,8591,348.9,0,0.9311,0.1034,0.3216,-0.1376,345.9,38.9,0.0
1051716,2026-09-17_13-44-05.717-240,v5.1.4,3.44,17.0,3200,-1500,53982,30810,-5004,53910,30398,-1698.32,44124.47,24620.29,-1554.13,44741.74,24251.82,0.00,0.00,0.00,144.19,617.27,-368.46,733.20,733.20,0.383,0.112,1.001,-3.656,-1.156,0.781,8596,332.0,0,0.9314,0.1030,0.3211,-0.1373,345.9,38.8,0.0
1051820,2026-09-17_13-44-05.821-240,v5.1.4,3.44,17.0,3200,-1480,53962,30845,-4998,53927,30298,-1681.77,44107.17,24649.02,-1564.32,44753.16,24170.73,0.00,0.00,0.00,117.46,645.99,-478.29,812.32,812.32,0.385,0.114,1.006,-3.656,-0.688,0.047,8594,346.5,0,0.9313,0.1032,0.3212,-0.1374,345.9,38.8,0.0
1051925,2026-09-17_13-44-05.926-240,v5.1.4,3.44,17.0,3200,-1434,53982,30722,-4963,53965,30284,-1643.72,44125.22,24548.31,-1538.73,44784.43,24153.80,0.00,0.00,0.00,104.99,659.21,-394.51,775.38,775.38,0.382,0.115,1.000,-3.891,-0.531,0.672,8594,339.9,0,0.9313,0.1031,0.3213,-0.1371,345.9,38.8,0.0
1052029,2026-09-17_13-44-05.030-240,v5.1.4,3.44,17.0,3200,-1423,54046,30811,-4942,53997,30397,-1635.24,44176.53,24620.28,-1505.93,44813.84,24240.54,0.00,0.00,0.00,129.30,637.31,-379.73,753.05,753.05,0.385,0.115,1.000,-4.109,-0.719,0.422,8594,335.8,0,0.9314,0.1029,0.3211,-0.1372,345.9,38.8,0.0
1052134,2026-09-17_13-44-05.134-240,v5.1.4,3.44,17.0,3200,-1431,54000,30825,-4946,53923,30401,-1641.57,44138.38,24632.20,-1506.37,44753.39,24245.51,0.00,0.00,0.00,135.20,615.01,-386.69,738.95,738.95,0.383,0.115,1.001,-3.812,-0.469,-0.125,8596,333.1,0,0.9313,0.1034,0.3212,-0.1374,345.9,38.8,0.0
1052248,2026-09-17_13-44-05.249-240,v5.1.4,3.44,17.0,3200,-1459,54065,30856,-4974,54046,30299,-1665.13,44191.87,24656.89,-1548.07,44850.85,24166.12,0.00,0.00,0.00,117.06,658.98,-490.77,829.95,829.95,0.382,0.114,0.999,-3.297,-0.594,0.016,8588,349.6,0,0.9312,0.1040,0.3212,-0.1373,346.0,38.8,0.0
1052353,2026-09-17_13-44-05.353-240,v5.1.4,3.44,17.0,3200,-1524,54066,30814,-5003,54029,30358,-1718.66,44194.05,24622.73,-1562.80,44838.00,24217.81,0.00,0.00,0.00,155.86,643.95,-404.92,776.48,776.48,0.385,0.114,1.001,-4.062,-0.516,0.250,8588,340.1,0,0.9312,0.1037,0.3211,-0.1376,345.9,38.8,0.0
1052457,2026-09-17_13-44-05.458-240,v5.1.4,3.44,17.0,3200,-1505,54052,30820,-5085,53967,30411,-1702.91,44182.18,24627.73,-1620.63,44787.36,24273.19,0.00,0.00,0.00,82.28,605.18,-354.54,706.19,706.19,0.385,0.115,1.000,-3.703,-0.688,0.406,8598,326.8,0,0.9313,0.1037,0.3210,-0.1375,345.9,38.8,0.0
1052562,2026-09-17_13-44-05.562-240,v5.1.4,3.44,17.0,3200,-1547,53994,30834,-5016,53919,30381,-1737.21,44134.48,24639.85,-1566.76,44748.46,24239.85,0.00,0.00,0.00,170.44,613.98,-400.00,752.35,752.35,0.384,0.113,1.001,-3.906,-0.375,0.188,8595,335.6,0,0.9312,0.1035,0.3212,-0.1378,345.9,38.8,0.0
1052667,2026-09-17_13-44-06.667-240,v5.1.4,3.44,17.0,3200,-1403,53955,30924,-4913,53901,30428,-1618.39,44099.30,24713.42,-1474.60,44736.64,24262.60,0.00,0.00,0.00,143.79,637.34,-450.83,793.80,793.80,0.382,0.112,1.000,-3.875,-0.484,-0.141,8594,343.2,0,0.9310,0.1036,0.3214,-0.1382,345.8,38.8,0.0
1052772,2026-09-17_13-44-06.772-240,v5.1.4,3.44,17.0,3200,-1443,53970,30699,-4890,53927,30213,-1651.02,44115.77,24529.68,-1487.86,44752.71,24086.94,0.00,0.00,0.00,163.16,636.94,-442.74,792.67,792.67,0.380,0.113,1.003,-4.016,-0.750,0.047,8594,343.0,0,0.9309,0.1037,0.3217,-0.1385,345.8,38.9,0.0
1052876,2026-09-17_13-44-06.877-240,v5.1.4,3.44,17.0,3200,-1649,53980,30839,-5208,53947,30380,-1821.24,44123.89,24644.29,-1725.74,44768.22,24266.77,0.00,0.00,0.00,95.49,644.33,-377.52,752.86,752.86,0.386,0.113,1.000,-3.312,-0.578,-3.828,8585,335.7,0,0.9304,0.1063,0.3211,-0.1411,345.5,38.9,0.0
1052981,2026-09-17_13-44-06.981-240,v5.1.4,3.44,17.0,3200,-1589,54014,30820,-5147,53978,30378,-1771.94,44151.66,24628.30,-1676.80,44794.50,24255.73,0.00,0.00,0.00,95.14,642.84,-372.57,749.07,749.07,0.385,0.114,1.005,-3.625,-0.703,0.219,8592,335.0,0,0.9305,0.1061,0.3209,-0.1413,345.5,38.8,0.0
1053085,2026-09-17_13-44-06.086-240,v5.1.4,3.44,17.0,3200,-1452,54030,30849,-4963,53984,30454,-1659.12,44162.99,24651.52,-1514.49,44804.35,24289.40,0.00,0.00,0.00,144.63,641.36,-362.12,750.59,750.59,0.385,0.109,0.999,-3.531,-0.953,-0.125,8592,335.3,0,0.9306,0.1058,0.3205,-0.1417,345.4,38.8,0.0
1053190,2026-09-17_13-44-06.190-240,v5.1.4,3.44,17.0,3200,-1255,54015,30873,-4843,53974,30397,-1496.63,44148.17,24670.86,-1423.77,44796.64,24226.39,0.00,0.00,0.00,72.86,648.47,-444.47,789.54,789.54,0.384,0.114,1.003,-3.562,-0.875,-0.031,8595,342.5,0,0.9306,0.1061,0.3203,-0.1416,345.5,38.8,0.0
1053294,2026-09-17_13-44-06.295-240,v5.1.4,3.44,17.0,3200,-1112,54034,30898,-4648,53978,30422,-1378.88,44161.98,24690.77,-1259.80,44803.71,24217.70,0.00,0.00,0.00,119.08,641.73,-473.07,806.10,806.10,0.383,0.115,0.998,-3.828,-1.016,0.016,8594,345.4,0,0.9307,0.1062,0.3200,-0.1417,345.5,38.7,0.0
1053399,2026-09-17_13-44-06.399-240,v5.1.4,3.44,17.0,3200,-1131,53987,30929,-4686,53965,30471,-1394.31,44122.84,24716.60,-1283.51,44793.74,24262.65,0.00,0.00,0.00,110.80,670.90,-453.95,817.59,817.59,0.381,0.110,1.002,-3.984,-0.844,0.188,8603,347.5,0,0.9306,0.1058,0.3203,-0.1418,345.4,38.8,0.0
1053503,2026-09-17_13-44-06.504-240,v5.1.4,3.44,17.0,3200,-1352,53987,30837,-4889,53965,30416,-1576.37,44126.62,24641.96,-1458.57,44789.03,24248.47,0.00,0.00,0.00,117.80,662.41,-393.50,779.42,779.42,0.384,0.113,1.001,-3.922,-0.484,-0.109,8603,340.6,0,0.9305,0.1059,0.3205,-0.1421,345.4,38.8,0.0
1053608,2026-09-17_13-44-07.609-240,v5.1.4,3.44,17.0,3200,-1367,53959,30910,-4860,53907,30363,-1588.70,44102.46,24701.88,-1440.67,44740.72,24202.77,0.00,0.00,0.00,148.04,638.26,-499.11,823.65,823.65,0.385,0.115,0.995,-4.031,-0.391,0.438,8592,348.5,0,0.9306,0.1056,0.3204,-0.1420,345.4,38.8,0.0
1053723,2026-09-17_13-44-07.724-240,v5.1.4,3.44,17.0,3200,-1459,54028,30826,-4936,53980,30244,-1664.84,44161.79,24632.78,-1522.81,44796.09,24117.63,0.00,0.00,0.00,142.03,634.30,-515.15,829.39,829.39,0.383,0.117,1.003,-3.609,-0.688,0.328,8594,349.5,0,0.9306,0.1060,0.3205,-0.1416,345.5,38.8,0.0
1053829,2026-09-17_13-44-07.829-240,v5.1.4,3.44,17.0,3200,-1178,54044,30945,-4643,53987,30324,-1433.46,44170.16,24729.17,-1270.27,44808.62,24138.48,0.00,0.00,0.00,163.19,638.47,-590.69,884.98,884.98,0.381,0.114,1.002,-4.000,-1.375,0.078,8588,359.1,0,0.9307,0.1059,0.3202,-0.1418,345.4,38.8,0.0
1053933,2026-09-17_13-44-07.934-240,v5.1.4,3.44,17.0,3200,-1252,54020,30873,-4806,53969,30437,-1494.18,44152.27,24670.80,-1387.33,44794.19,24253.01,0.00,0.00,0.00,106.85,641.91,-417.79,773.31,773.31,0.388,0.112,1.002,-3.781,-0.578,0.078,8588,339.5,0,0.9307,0.1058,0.3201,-0.1419,345.4,38.7,0.0
1054038,2026-09-17_13-44-07.039-240,v5.1.4,3.44,17.0,3200,-1391,53976,30718,-4931,53933,30274,-1608.22,44119.88,24545.02,-1512.88,44758.52,24141.62,0.00,0.00,0.00,95.34,638.64,-403.40,761.37,761.37,0.385,0.117,1.002,-3.766,-0.656,-0.219,8593,337.3,0,0.9306,0.1063,0.3201,-0.1420,345.4,38.8,0.0
1054142,2026-09-17_13-44-07.143-240,v5.1.4,3.44,17.0,3200,-1307,53946,30822,-4833,53901,30346,-1538.97,44092.54,24630.05,-1420.75,44735.81,24185.31,0.00,0.00,0.00,118.22,643.28,-444.74,790.93,790.93,0.386,0.114,1.002,-3.688,-1.078,-0.141,8601,342.7,0,0.9307,0.1064,0.3196,-0.1422,345.4,38.7,0.0
1054247,2026-09-17_13-44-07.248-240,v5.1.4,3.44,17.0,3200,-1311,53967,30972,-4881,53917,30490,-1542.70,44107.48,24752.29,-1439.71,44751.83,24307.21,0.00,0.00,0.00,102.99,644.35,-445.08,789.87,789.87,0.385,0.115,1.000,-3.484,-0.984,-0.016,8598,342.5,0,0.9308,0.1066,0.3194,-0.1422,345.4,38.7,0.0
1054352,2026-09-17_13-44-07.353-240,v5.1.4,3.43,17.0,3200,-1433,53983,30776,-5013,53973,30265,-1643.01,44125.16,24592.38,-1582.89,44789.66,24145.82,0.00,0.00,0.00,60.13,664.51,-446.56,802.87,802.87,0.384,0.113,1.000,-3.641,-0.172,-0.625,8598,344.9,0,0.9305,0.1070,0.3199,-0.1427,345.4,38.7,0.0
1054456,2026-09-17_13-44-07.457-240,v5.1.4,3.43,17.0,3200,-1434,54023,30960,-4838,53964,30393,-1644.46,44155.21,24742.17,-1419.93,44788.45,24222.62,0.00,0.00,0.00,224.53,633.24,-519.55,849.32,849.32,0.380,0.116,1.003,-3.969,-0.609,1.000,8594,353.0,0,0.9305,0.1064,0.3204,-0.1422,345.4,38.8,0.0
1054561,2026-09-17_13-44-07.562-240,v5.1.4,3.43,17.0,3200,-1392,53989,30796,-4961,53964,30335,-1609.28,44129.36,24608.56,-1529.60,44784.96,24194.29,0.00,0.00,0.00,79.68,655.60,-414.26,779.60,779.60,0.383,0.115,1.002,-3.781,-0.641,3.594,8600,340.7,0,0.9309,0.1044,0.3207,-0.1399,345.6,38.8,0.0
1054665,2026-09-17_13-44-08.666-240,v5.1.4,3.43,17.0,3200,-1469,53975,30929,-4969,53918,30482,-1672.96,44116.42,24717.44,-1513.32,44751.02,24313.71,0.00,0.00,0.00,159.64,634.60,-403.73,768.89,768.89,0.381,0.113,1.002,-3.547,-0.688,-0.062,8600,338.7,0,0.9308,0.1047,0.3209,-0.1399,345.6,38.8,0.0
1054770,2026-09-17_13-44-08.770-240,v5.1.4,3.43,17.0,3200,-1473,53949,31013,-4980,53928,30567,-1676.26,44093.61,24786.28,-1510.26,44761.21,24383.11,0.00,0.00,0.00,165.99,667.60,-403.17,797.36,797.36,0.380,0.113,1.000,-3.438,-0.984,0.266,8597,343.9,0,0.9309,0.1048,0.3208,-0.1398,345.7,38.8,0.0
1054874,2026-09-17_13-44-08.875-240,v5.1.4,3.43,17.0,3200,-1458,53978,30920,-4987,53951,30516,-1663.89,44118.93,24710.03,-1524.17,44778.59,24343.00,0.00,0.00,0.00,139.71,659.66,-367.03,767.71,767.71,0.381,0.114,1.003,-4.078,-0.828,-0.234,8592,338.5,0,0.9308,0.1048,0.3209,-0.1403,345.6,38.8,0.0
1054979,2026-09-17_13-44-08.979-240,v5.1.4,3.43,17.0,3200,-1258,54013,31060,-4817,54012,30586,-1499.46,44143.50,24823.54,-1375.95,44833.01,24373.05,0.00,0.00,0.00,123.52,689.51,-450.49,832.84,832.84,0.384,0.114,1.002,-3.516,-0.562,0.125,8599,350.1,0,0.9307,0.1051,0.3210,-0.1401,345.6,38.8,0.0
1055083,2026-09-17_13-44-08.084-240,v5.1.4,3.43,17.0,3200,-1254,53976,31006,-4824,53940,30559,-1495.82,44113.77,24779.83,-1383.44,44773.34,24353.64,0.00,0.00,0.00,112.38,659.57,-426.19,793.29,793.29,0.381,0.112,0.999,-3.344,-0.672,0.078,8599,343.1,0,0.9307,0.1054,0.3211,-0.1399,345.7,38.8,0.0
1055197,2026-09-17_13-44-08.198-240,v5.1.4,3.43,17.0,3200,-1437,53796,30718,-4874,53762,30251,-1645.01,43971.65,24546.99,-1464.09,44619.06,24117.60,0.00,0.00,0.00,180.91,647.41,-429.39,797.65,797.65,0.382,0.113,0.999,-3.391,-0.297,0.641,8595,343.9,0,0.9307,0.1051,0.3214,-0.1394,345.7,38.9,0.0
1055302,2026-09-17_13-44-08.303-240,v5.1.4,3.43,17.0,3200,-1368,53933,30796,-4879,53883,30308,-1589.13,44082.85,24609.09,-1463.59,44719.37,24161.97,0.00,0.00,0.00,125.54,636.52,-447.12,787.93,787.93,0.384,0.110,0.997,-3.828,-0.672,-0.078,8600,342.2,0,0.9308,0.1048,0.3211,-0.1398,345.7,38.8,0.0
1055406,2026-09-17_13-44-08.407-240,v5.1.4,3.43,17.0,3200,-1475,53956,30878,-4989,53926,30470,-1677.68,44101.62,24676.01,-1531.77,44756.92,24306.92,0.00,0.00,0.00,145.91,655.30,-369.09,766.12,766.12,0.382,0.115,1.002,-3.609,-0.281,-0.281,8602,338.2,0,0.9306,0.1053,0.3214,-0.1401,345.6,38.9,0.0
1055511,2026-09-17_13-44-08.511-240,v5.1.4,3.43,17.0,3200,-1276,54089,30921,-4717,54047,30440,-1514.51,44208.74,24709.31,-1316.06,44859.47,24241.11,0.00,0.00,0.00,198.45,650.73,-468.20,825.86,825.86,0.383,0.112,1.000,-3.875,-0.422,-0.234,8602,348.9,0,0.9305,0.1053,0.3215,-0.1405,345.6,38.9,0.0
1055615,2026-09-17_13-44-09.616-240,v5.1.4,3.43,17.0,3200,-1260,54109,30894,-4795,54037,30434,-1501.39,44225.54,24687.03,-1380.81,44849.88,24247.92,0.00,0.00,0.00,120.58,624.34,-439.11,772.76,772.76,0.380,0.115,1.006,-3.984,-1.250,0.250,8597,339.4,0,0.9306,0.1052,0.3212,-0.1406,345.6,38.9,0.0
1055720,2026-09-17_13-44-09.720-240,v5.1.4,3.43,17.0,3200,-1219,54065,30782,-4776,54015,30244,-1467.07,44190.59,24595.98,-1392.24,44827.30,24093.60,0.00,0.00,0.00,74.84,636.71,-502.38,814.48,814.48,0.384,0.113,1.001,-3.984,-0.594,0.016,8593,346.9,0,0.9306,0.1052,0.3212,-0.1408,345.5,38.9,0.0
1055824,2026-09-17_13-44-09.825-240,v5.1.4,3.43,17.0,3200,-1395,54043,30877,-4920,54019,30466,-1612.26,44172.68,24674.12,-1478.43,44833.97,24292.12,0.00,0.00,0.00,133.83,661.29,-382.00,775.33,775.33,0.387,0.115,1.004,-3.750,-1.125,-0.375,8593,339.9,0,0.9307,0.1055,0.3205,-0.1412,345.5,38.8,0.0
1055929,2026-09-17_13-44-09.929-240,v5.1.4,3.43,17.0,3200,-1468,54056,30949,-4983,54012,30508,-1672.69,44183.00,24732.92,-1523.92,44828.30,24335.05,0.00,0.00,0.00,148.76,645.30,-397.87,772.55,772.55,0.383,0.113,1.003,-3.781,-0.688,-0.609,8598,339.4,0,0.9305,0.1059,0.3206,-0.1419,345.4,38.8,0.0
1056033,2026-09-17_13-44-09.034-240,v5.1.4,3.43,17.0,3200,-1506,54054,30864,-5013,54021,30457,-1703.84,44183.13,24663.63,-1556.33,44833.86,24298.54,0.00,0.00,0.00,147.51,650.73,-365.09,760.60,760.60,0.385,0.113,1.004,-3.797,-0.609,-0.078,8596,337.2,0,0.9305,0.1059,0.3206,-0.1422,345.4,38.8,0.0
1056138,2026-09-17_13-44-09.138-240,v5.1.4,3.43,17.0,3200,-1334,54170,30885,-4854,54123,30363,-1562.78,44276.85,24679.21,-1442.35,44917.39,24198.45,0.00,0.00,0.00,120.43,640.54,-480.76,809.89,809.89,0.383,0.114,1.002,-3.781,-0.484,0.016,8596,346.1,0,0.9304,0.1061,0.3208,-0.1422,345.4,38.8,0.0
1056242,2026-09-17_13-44-09.243-240,v5.1.4,3.43,17.0,3200,-1470,54053,30861,-4976,54012,30431,-1674.14,44181.98,24661.12,-1529.40,44826.43,24272.47,0.00,0.00,0.00,144.74,644.45,-388.64,766.36,766.36,0.387,0.114,0.998,-3.656,-0.406,-0.031,8596,338.2,0,0.9305,0.1062,0.3205,-0.1424,345.4,38.8,0.0
1056347,2026-09-17_13-44-09.347-240,v5.1.4,3.43,17.0,3200,-1521,54054,30874,-4936,54046,30430,-1716.23,44183.12,24671.82,-1497.68,44854.85,24265.26,0.00,0.00,0.00,218.55,671.73,-406.56,815.03,815.03,0.383,0.110,1.000,-3.750,-0.609,0.500,8596,347.0,0,0.9305,0.1056,0.3206,-0.1422,345.4,38.8,0.0
1056451,2026-09-17_13-44-09.452-240,v5.1.4,3.43,17.0,3200,-1554,54035,30843,-5038,53982,30437,-1743.26,44168.27,24646.79,-1578.62,44801.06,24286.84,0.00,0.00,0.00,164.64,632.79,-359.95,746.38,746.38,0.382,0.116,1.003,-3.875,-0.750,0.281,8598,334.5,0,0.9305,0.1055,0.3207,-0.1421,345.4,38.8,0.0
1056556,2026-09-17_13-44-09.557-240,v5.1.4,3.43,17.0,3200,-1476,54018,30895,-5082,53989,30491,-1678.93,44152.58,24689.25,-1607.15,44807.46,24336.35,0.00,0.00,0.00,71.78,654.88,-352.90,747.37,747.37,0.382,0.114,1.003,-3.703,-0.859,0.375,8599,334.7,0,0.9305,0.1055,0.3207,-0.1418,345.4,38.8,0.0
1056670,2026-09-17_13-44-10.671-240,v5.1.4,3.43,17.0,3200,-1410,53957,30924,-4945,53945,30366,-1624.18,44101.02,24713.42,-1511.33,44770.48,24217.03,0.00,0.00,0.00,112.85,669.46,-496.39,841.02,841.02,0.385,0.113,1.001,-4.062,-0.672,0.156,8599,351.6,0,0.9306,0.1051,0.3206,-0.1420,345.4,38.8,0.0
1056775,2026-09-17_13-44-10.775-240,v5.1.4,3.43,17.0,3200,-1206,53978,30889,-4721,53975,30440,-1456.02,44116.83,24684.20,-1317.14,44800.55,24242.85,0.00,0.00,0.00,138.88,683.72,-441.36,825.56,825.56,0.382,0.113,1.001,-3.641,-0.828,0.312,8581,348.9,0,0.9307,0.1052,0.3205,-0.1416,345.4,38.8,0.0
1056879,2026-09-17_13-44-10.880-240,v5.1.4,3.43,17.0,3200,-1394,54013,30870,-4867,53977,30445,-1611.23,44148.00,24668.72,-1436.60,44799.95,24268.23,0.00,0.00,0.00,174.63,651.94,-400.49,784.80,784.80,0.386,0.113,1.005,-3.734,-0.891,0.266,8597,341.6,0,0.9308,0.1050,0.3203,-0.1415,345.4,38.8,0.0
1056984,2026-09-17_13-44-10.984-240,v5.1.4,3.43,17.0,3200,-1365,54043,30839,-4898,54004,30417,-1587.44,44173.00,24643.04,-1467.02,44820.79,24249.96,0.00,0.00,0.00,120.42,647.80,-393.08,767.24,767.24,0.382,0.116,1.001,-3.703,-0.609,0.219,8598,338.4,0,0.9307,0.1053,0.3205,-0.1412,345.5,38.8,0.0
1057088,2026-09-17_13-44-10.089-240,v5.1.4,3.43,17.0,3200,-1136,53988,30810,-4546,53972,30273,-1398.20,44125.66,24619.46,-1197.44,44796.61,24083.72,0.00,0.00,0.00,200.76,670.95,-535.74,881.75,881.75,0.382,0.115,1.003,-4.062,-1.094,-0.016,8598,358.5,0,0.9308,0.1054,0.3204,-0.1413,345.5,38.8,0.0
1057193,2026-09-17_13-44-10.193-240,v5.1.4,3.43,17.0,3200,-1259,53987,30937,-4759,53936,30374,-1499.88,44124.03,24723.40,-1356.85,44766.34,24196.28,0.00,0.00,0.00,143.03,642.31,-527.12,843.13,843.13,0.384,0.111,1.001,-3.844,-0.797,-0.219,8600,351.9,0,0.9307,0.1054,0.3203,-0.1415,345.4,38.8,0.0
1057297,2026-09-17_13-44-10.298-240,v5.1.4,3.43,17.0,3200,-1334,53952,30898,-4938,53936,30417,-1561.42,44096.53,24692.09,-1497.85,44764.55,24256.92,0.00,0.00,0.00,63.57,668.02,-435.17,799.79,799.79,0.387,0.112,0.998,-3.500,-0.891,-0.062,8600,344.3,0,0.9309,0.1055,0.3198,-0.1415,345.5,38.7,0.0
1057402,2026-09-17_13-44-10.403-240,v5.1.4,3.43,17.0,3200,-1381,53952,30860,-4918,53909,30442,-1600.10,44097.64,24661.16,-1476.92,44743.45,24274.39,0.00,0.00,0.00,123.19,645.82,-386.77,762.79,762.79,0.386,0.115,1.003,-3.719,-1.062,0.219,8600,337.6,0,0.9310,0.1054,0.3195,-0.1413,345.5,38.7,0.0
1057507,2026-09-17_13-44-10.508-240,v5.1.4,3.43,17.0,3200,-1313,53998,30884,-4843,53962,30393,-1544.37,44134.55,24680.13,-1423.99,44786.73,24223.38,0.00,0.00,0.00,120.38,652.18,-456.75,805.27,805.27,0.383,0.114,1.001,-3.688,-1.016,0.094,8609,345.3,0,0.9311,0.1055,0.3195,-0.1412,345.5,38.7,0.0
1057612,2026-09-17_13-44-11.613-240,v5.1.4,3.43,17.0,3200,-1455,54038,30791,-4958,53998,30372,-1661.53,44170.58,24604.10,-1522.78,44813.75,24222.89,0.00,0.00,0.00,138.76,643.18,-381.21,760.43,760.43,0.381,0.113,1.004,-3.688,-0.391,0.578,8589,337.1,0,0.9309,0.1052,0.3203,-0.1408,345.5,38.7,0.0
1057717,2026-09-17_13-44-11.718-240,v5.1.4,3.43,17.0,3200,-1423,53952,30649,-4875,53932,30202,-1634.31,44101.51,24489.01,-1477.28,44756.75,24075.87,0.00,0.00,0.00,157.03,655.24,-413.14,790.37,790.37,0.382,0.114,1.002,-3.609,-0.875,0.703,8599,342.6,0,0.9309,0.1050,0.3204,-0.1403,345.6,38.8,0.0
1057822,2026-09-17_13-44-11.823-240,v5.1.4,3.43,17.0,3200,-1444,53966,30653,-5008,53890,30177,-1651.73,44113.23,24492.17,-1589.07,44719.62,24076.06,0.00,0.00,0.00,62.65,606.39,-416.11,738.09,738.09,0.385,0.113,0.999,-3.938,-1.016,0.156,8599,332.9,0,0.9311,0.1047,0.3201,-0.1404,345.6,38.7,0.0
1057927,2026-09-17_13-44-11.927-240,v5.1.4,3.43,17.0,3200,-1490,53962,30861,-4987,53934,30291,-1690.05,44107.01,24662.10,-1556.50,44758.88,24163.41,0.00,0.00,0.00,133.55,651.86,-498.69,831.54,831.54,0.385,0.112,1.004,-3.672,-0.766,0.125,8596,349.9,0,0.9311,0.1045,0.3201,-0.1404,345.6,38.7,0.0
1058031,2026-09-17_13-44-11.032-240,v5.1.4,3.43,17.0,3200,-1274,54014,30752,-4824,53999,30292,-1512.04,44149.51,24572.13,-1424.23,44814.68,24139.27,0.00,0.00,0.00,87.81,665.17,-432.87,798.46,798.46,0.386,0.115,0.998,-3.938,-0.828,0.125,8602,344.1,0,0.9312,0.1047,0.3199,-0.1403,345.6,38.7,0.0
1058146,2026-09-17_13-44-11.146-240,v5.1.4,3.43,17.0,3200,-1273,53945,30994,-4756,53923,30406,-1511.27,44088.55,24770.40,-1349.31,44756.60,24221.63,0.00,0.00,0.00,161.96,668.05,-548.77,879.59,879.59,0.382,0.115,1.003,-3.703,-1.344,0.125,8598,358.2,0,0.9313,0.1048,0.3196,-0.1402,345.6,38.7,0.0
1058250,2026-09-17_13-44-11.251-240,v5.1.4,3.43,17.0,3200,-1465,53964,30933,-4971,53931,30534,-1669.59,44107.23,24720.81,-1507.77,44762.96,24355.36,0.00,0.00,0.00,161.83,655.73,-365.44,767.93,767.93,0.385,0.114,0.998,-3.750,-1.109,-0.500,8598,338.5,0,0.9313,0.1051,0.3192,-0.1406,345.6,38.6,0.0
1058354,2026-09-17_13-44-11.355-240,v5.1.4,3.43,17.0,3200,-1500,54027,30870,-4984,53973,30317,-1698.73,44160.66,24668.80,-1551.43,44791.48,24183.14,0.00,0.00,0.00,147.30,630.81,-485.66,809.62,809.62,0.384,0.114,1.002,-3.922,-0.625,0.156,8596,346.1,0,0.9312,0.1049,0.3196,-0.1407,345.5,38.7,0.0
1058459,2026-09-17_13-44-11.460-240,v5.1.4,3.43,17.0,3200,-1134,54024,30958,-4778,53999,30550,-1397.08,44152.97,24739.90,-1348.72,44822.09,24338.76,0.00,0.00,0.00,48.36,669.12,-401.14,781.65,781.65,0.383,0.115,1.000,-3.594,-0.719,0.125,8595,341.0,0,0.9311,0.1053,0.3198,-0.1404,345.6,38.7,0.0
1058563,2026-09-17_13-44-11.564-240,v5.1.4,3.43,17.0,3200,-1381,53985,30952,-4765,53962,30536,-1600.50,44123.40,24735.92,-1338.93,44791.69,24326.25,0.00,0.00,0.00,261.57,668.29,-409.67,826.35,826.35,0.385,0.113,1.000,-3.812,-0.812,-0.281,8595,349.0,0,0.9310,0.1054,0.3198,-0.1408,345.5,38.7,0.0
1058668,2026-09-17_13-44-12.669-240,v5.1.4,3.43,17.0,3200,-1406,53940,30903,-4854,53929,30480,-1620.73,44087.27,24696.44,-1419.32,44761.82,24295.06,0.00,0.00,0.00,201.41,674.55,-401.38,810.36,810.36,0.384,0.116,1.001,-3.578,-0.781,-0.344,8598,346.2,0,0.9309,0.1059,0.3198,-0.1410,345.5,38.7,0.0
1058772,2026-09-17_13-44-12.773-240,v5.1.4,3.43,17.0,3200,-1446,53908,30874,-4968,53858,30480,-1653.45,44061.73,24673.19,-1510.95,44701.93,24312.92,0.00,0.00,0.00,142.51,640.21,-360.27,748.31,748.31,0.384,0.114,0.999,-3.922,-0.500,0.219,8596,334.9,0,0.9309,0.1056,0.3201,-0.1411,345.5,38.7,0.0
1058877,2026-09-17_13-44-12.878-240,v5.1.4,3.43,17.0,3200,-1474,53992,30922,-5047,53958,30418,-1677.17,44130.63,24711.55,-1588.06,44780.80,24273.36,0.00,0.00,0.00,89.11,650.17,-438.20,789.10,789.10,0.384,0.114,1.001,-3.797,-0.906,0.141,8596,342.4,0,0.9309,0.1055,0.3200,-0.1412,345.5,38.7,0.0
1058982,2026-09-17_13-44-12.982-240,v5.1.4,3.43,17.0,3200,-1223,54006,30760,-4660,53987,30240,-1469.95,44142.25,24578.64,-1296.52,44806.18,24073.83,0.00,0.00,0.00,173.44,663.93,-504.81,851.89,851.89,0.382,0.111,0.999,-3.641,-0.234,0.125,8596,353.4,0,0.9307,0.1056,0.3206,-0.1411,345.5,38.8,0.0
1059086,2026-09-17_13-44-12.087-240,v5.1.4,3.43,17.0,3200,-1443,54020,30948,-5016,53997,30495,-1651.84,44153.02,24732.42,-1552.51,44815.17,24329.74,0.00,0.00,0.00,99.33,662.15,-402.68,781.32,781.32,0.355,0.117,1.038,-5.328,-2.172,0.109,8604,341.0,0,0.9302,0.1048,0.3218,-0.1422,345.3,38.9,0.0
1059191,2026-09-17_13-44-12.191-240,v5.1.4,3.43,17.0,3200,-1494,53969,30979,-5079,53935,30513,-1693.63,44110.91,24758.37,-1599.82,44763.94,24354.36,0.00,0.00,0.00,93.81,653.03,-404.01,773.61,773.61,0.378,0.126,1.006,-3.453,-0.547,0.531,8602,339.6,0,0.9301,0.1060,0.3220,-0.1413,345.5,39.0,0.0
1059295,2026-09-17_13-44-12.296-240,v5.1.4,3.45,17.0,3200,-1462,54088,30986,-5037,54085,30526,-1668.02,44208.78,24762.78,-1567.96,44887.57,24356.20,0.00,0.00,0.00,100.05,678.80,-406.58,797.55,797.55,0.413,0.095,0.999,-2.562,0.391,-0.016,8595,343.9,0,0.9309,0.1045,0.3201,-0.1414,345.4,38.7,0.0
1059399,2026-09-17_13-44-12.400-240,v5.1.4,3.45,17.0,3200,-1394,53944,30905,-4944,53908,30407,-1610.86,44090.43,24698.01,-1503.39,44741.31,24250.25,0.00,0.00,0.00,107.47,650.88,-447.76,797.30,797.30,0.385,0.111,1.004,-2.938,-0.266,-0.297,8595,343.9,0,0.9307,0.1054,0.3205,-0.1411,345.5,38.8,0.0
1059504,2026-09-17_13-44-12.505-240,v5.1.4,3.45,17.0,3200,-1382,53822,30887,-4919,53752,30404,-1600.16,43989.80,24684.56,-1478.48,44614.11,24246.66,0.00,0.00,0.00,121.68,624.31,-437.90,772.22,772.22,0.406,0.105,1.010,-3.594,-0.484,0.109,8599,339.3,0,0.9313,0.1042,0.3192,-0.1414,345.4,38.6,0.0
1059621,2026-09-17_13-44-13.622-240,v5.1.4,3.45,17.0,3200,-1378,54119,30892,-4865,54117,30415,-1598.75,44235.05,24685.54,-1443.63,44913.66,24241.73,0.00,0.00,0.00,155.13,678.61,-443.82,825.56,825.56,0.416,0.102,1.004,-3.094,-1.219,0.859,8601,348.9,0,0.9326,0.1025,0.3161,-0.1408,345.4,38.2,0.0
1059731,2026-09-17_13-44-13.732-240,v5.1.4,3.45,17.0,3200,-1211,53990,30969,-4662,53987,30480,-1460.38,44125.50,24749.39,-1263.12,44812.35,24265.97,0.00,0.00,0.00,197.25,686.85,-483.42,862.77,862.77,0.423,0.145,0.984,-4.484,0.078,0.703,8596,355.3,0,0.9333,0.1044,0.3139,-0.1396,345.7,38.0,0.0
1059838,2026-09-17_13-44-13.839-240,v5.1.4,3.45,17.0,3200,-1391,53970,30704,-4908,53928,30202,-1608.15,44115.16,24533.65,-1504.31,44752.95,24080.78,0.00,0.00,0.00,103.84,637.79,-452.88,789.08,789.08,0.359,0.108,1.002,-3.875,-0.547,3.922,8596,342.4,0,0.9330,0.1021,0.3167,-0.1371,345.9,38.2,0.0
