time_ms,timestamp,version,voltage,audio_gain,cc,refX_raw,refY_raw,refZ_raw,tipX_raw,tipY_raw,tipZ_raw,refX_cal,refY_cal,refZ_cal,tipX_cal,tipY_cal,tipZ_cal,calOffsetX,calOffsetY,calOffsetZ,gradX,gradY,gradZ,mag,nT,accX,accY,accZ,gyrX,gyrY,gyrZ,freq,is_muted,QW,QX,QY,QZ,Azimuth,Elevation,Declination
150389,2026-08-29_06-24-04.391-240,v3.5.7,3.50,12.0,400,1089,2592,7325,1,2864,7304,-274,2238,7314,-129,2900,7301,0,0,0,145,662,-13,677.8,4459.3,0.027,0.158,1.118,-4.842,-0.953,-4.512,606.3,1,0.8930,0.0619,-0.1328,-0.4256,0.0,0.0,0.0
150432,2026-08-29_06-24-04.434-240,v3.5.7,3.50,12.0,400,1089,2592,7325,-4,2880,7304,-274,2238,7314,-134,2916,7301,0,0,0,140,678,-13,692.4,4555.4,0.035,0.115,1.114,-5.372,-0.750,-3.899,618.6,1,0.8956,0.0555,-0.1291,-0.4221,0.0,0.0,0.0
150475,2026-08-29_06-24-04.479-240,v3.5.7,3.50,12.0,400,1079,2599,7323,-4,2880,7304,-283,2245,7311,-134,2916,7301,0,0,0,149,671,-10,687.4,4522.5,0.027,0.085,1.116,-3.685,-0.766,-3.538,614.4,1,0.8979,0.0511,-0.1264,-0.4187,0.0,0.0,0.2
150506,2026-08-29_06-24-05.507-240,v3.5.7,3.50,12.0,400,1066,2601,7335,-20,2870,7307,-298,2247,7321,-150,2906,7304,0,0,0,148,659,-17,675.6,4444.9,0.039,0.105,1.116,0.269,-0.844,-3.096,604.5,1,0.8996,0.0513,-0.1256,-0.4151,0.0,0.0,0.2
150539,2026-08-29_06-24-05.541-240,v3.5.7,3.50,12.0,400,1066,2601,7335,-7,2868,7312,-298,2247,7321,-137,2904,7309,0,0,0,161,657,-12,676.5,4451.0,0.042,0.142,1.114,-2.377,-0.656,-3.679,605.2,1,0.9018,0.0483,-0.1236,-0.4113,0.0,0.0,0.2
150587,2026-08-29_06-24-05.588-240,v3.5.7,3.50,12.0,400,1056,2591,7335,-7,2868,7312,-308,2237,7319,-137,2904,7309,0,0,0,171,667,-10,688.6,4530.6,0.033,0.149,1.115,-1.770,-0.984,-3.254,615.4,1,0.9038,0.0462,-0.1216,-0.4078,0.0,0.0,0.2
150617,2026-08-29_06-24-05.619-240,v3.5.7,3.50,12.0,400,1052,2611,7342,-23,2880,7310,-313,2257,7325,-153,2916,7307,0,0,0,160,659,-18,678.4,4463.1,0.034,0.133,1.118,-4.094,-0.734,-4.059,606.8,1,0.9062,0.0412,-0.1187,-0.4038,0.0,0.0,0.2
150649,2026-08-29_06-24-05.650-240,v3.5.7,3.50,12.0,400,1069,2592,7423,-23,2880,7310,-310,2236,7407,-153,2916,7307,0,0,0,157,680,-100,705.0,4638.3,0.037,0.101,1.117,-3.429,-0.922,-3.595,629.1,1,0.9083,0.0372,-0.1159,-0.4001,0.0,0.0,0.2
150699,2026-08-29_06-24-05.701-240,v3.5.7,3.50,12.0,400,1069,2592,7423,-11,2855,7309,-310,2236,7407,-141,2891,7306,0,0,0,169,655,-101,683.9,4499.7,0.034,0.112,1.118,-0.019,-0.828,-3.002,611.4,1,0.9100,0.0370,-0.1148,-0.3967,0.0,0.0,0.0
150727,2026-08-29_06-24-05.729-240,v3.5.7,3.50,12.0,400,1063,2599,7352,-28,2869,7301,-304,2245,7337,-158,2905,7298,0,0,0,146,660,-39,677.1,4454.5,0.030,0.158,1.114,-2.211,-0.578,-3.829,605.7,1,0.9121,0.0342,-0.1130,-0.3926,0.0,0.0,0.0
150769,2026-08-29_06-24-05.771-240,v3.5.7,3.50,12.0,400,1068,2601,7331,-28,2869,7301,-296,2247,7317,-158,2905,7298,0,0,0,138,658,-19,672.6,4424.9,0.031,0.112,1.122,-4.594,-0.719,-3.987,601.9,1,0.9144,0.0287,-0.1099,-0.3887,0.0,0.0,0.0
150803,2026-08-29_06-24-05.805-240,v3.5.7,3.50,12.0,400,1068,2601,7331,-16,2875,7307,-296,2247,7317,-146,2911,7304,0,0,0,150,664,-13,680.9,4479.3,0.028,0.106,1.117,-3.170,-0.891,-3.835,608.9,1,0.9165,0.0249,-0.1072,-0.3847,0.0,0.0,0.0
150833,2026-08-29_06-24-05.834-240,v3.5.7,3.50,12.0,400,1067,2596,7332,-22,2875,7308,-297,2242,7318,-152,2911,7305,0,0,0,145,669,-13,684.7,4504.3,0.032,0.099,1.118,-1.885,-0.625,-3.296,612.0,1,0.9182,0.0225,-0.1055,-0.3811,0.0,0.0,0.2
150882,2026-08-29_06-24-05.884-240,v3.5.7,3.50,12.0,400,1057,2600,7342,-22,2875,7308,-308,2246,7326,-152,2911,7305,0,0,0,156,665,-21,683.4,4495.9,0.030,0.141,1.120,0.214,-0.922,-2.974,611.0,1,0.9198,0.0227,-0.1044,-0.3776,0.0,0.0,0.2
150913,2026-08-29_06-24-05.914-240,v3.5.7,3.50,12.0,400,1057,2600,7342,-25,2870,7299,-308,2246,7326,-155,2906,7296,0,0,0,153,660,-30,678.2,4461.6,0.030,0.146,1.113,-4.144,-0.953,-3.615,606.6,1,0.9217,0.0179,-0.1012,-0.3740,0.0,0.0,0.2
150964,2026-08-29_06-24-05.965-240,v3.5.7,3.50,12.0,400,1067,2600,7325,-26,2872,7306,-296,2246,7311,-156,2908,7303,0,0,0,140,662,-8,676.7,4451.9,0.030,0.118,1.117,-0.877,-0.656,-3.300,605.4,1,0.9234,0.0167,-0.0999,-0.3703,0.0,0.0,0.2
151002,2026-08-29_06-24-05.004-240,v3.5.7,3.50,12.0,400,1052,2602,7323,-26,2872,7306,-310,2249,7307,-156,2908,7303,0,0,0,154,659,-4,676.8,4452.4,0.031,0.109,1.118,-2.394,-0.875,-3.615,605.4,1,0.9252,0.0139,-0.0976,-0.3664,0.0,0.0,0.2
151049,2026-08-29_06-24-05.051-240,v3.5.7,3.50,12.0,400,1062,2593,7333,-21,2880,7314,-302,2239,7318,-151,2916,7311,0,0,0,151,677,-7,693.7,4563.6,0.029,0.136,1.115,-1.895,-0.469,-2.875,619.6,1,0.9267,0.0115,-0.0960,-0.3632,0.0,0.0,0.0
151077,2026-08-29_06-24-05.078-240,v3.5.7,3.50,12.0,400,1058,2599,7329,-14,2876,7321,-305,2246,7314,-144,2912,7318,0,0,0,161,666,4,685.2,4507.9,0.032,0.143,1.121,-4.045,-0.984,-4.069,612.5,1,0.9287,0.0068,-0.0928,-0.3590,0.0,0.0,0.2
151122,2026-08-29_06-24-05.124-240,v3.5.7,3.50,12.0,400,1058,2599,7329,-14,2876,7321,-305,2246,7314,-144,2912,7318,0,0,0,161,666,4,685.2,4507.9,0.029,0.108,1.117,-3.335,-1.016,-3.902,612.5,1,0.9306,0.0029,-0.0899,-0.3548,0.0,0.0,0.2
151149,2026-08-29_06-24-05.150-240,v3.5.7,3.50,12.0,400,1048,2603,7318,-37,2879,7280,-313,2250,7301,-167,2915,7278,0,0,0,146,665,-23,681.2,4481.8,0.031,0.116,1.118,-2.831,-0.906,-4.247,609.2,1,0.9326,-0.0005,-0.0874,-0.3502,0.0,0.0,0.2
151179,2026-08-29_06-24-05.182-240,v3.5.7,3.50,12.0,400,1054,2593,7370,-37,2879,7280,-316,2238,7353,-167,2915,7278,0,0,0,149,677,-75,697.2,4587.2,0.034,0.104,1.119,-2.194,-0.656,-3.893,622.6,1,0.9344,-0.0032,-0.0854,-0.3459,0.0,0.0,0.2
151222,2026-08-29_06-24-05.224-240,v3.5.7,3.50,12.0,400,1054,2593,7370,-24,2840,7312,-316,2238,7353,-154,2876,7309,0,0,0,162,638,-44,659.7,4340.2,0.028,0.141,1.119,-1.600,-1.172,-3.208,591.1,1,0.9359,-0.0048,-0.0831,-0.3423,0.0,0.0,0.2
151253,2026-08-29_06-24-05.255-240,v3.5.7,3.50,12.0,400,1059,2563,7363,28,2876,7307,-310,2208,7347,-101,2912,7304,0,0,0,209,704,-43,735.6,4839.6,0.031,0.112,1.115,-2.654,-0.859,-3.754,654.8,1,0.9376,-0.0079,-0.0807,-0.3382,0.0,0.0,0.2
151292,2026-08-29_06-24-05.294-240,v3.5.7,3.50,12.0,400,1054,2595,7331,28,2876,7307,-310,2241,7315,-101,2912,7304,0,0,0,209,671,-11,702.9,4624.2,0.035,0.125,1.117,-3.690,-0.453,-4.329,627.3,1,0.9394,-0.0124,-0.0783,-0.3334,0.0,0.0,0.2
151332,2026-08-29_06-24-05.334-240,v3.5.7,3.50,12.0,400,1054,2595,7331,-22,2871,7308,-310,2241,7315,-152,2907,7305,0,0,0,158,666,-10,684.6,4503.7,0.027,0.112,1.119,-2.882,-0.859,-3.460,612.0,1,0.9409,-0.0157,-0.0758,-0.3297,0.0,0.0,0.2
151359,2026-08-29_06-24-05.360-240,v3.5.7,3.50,12.0,400,1043,2599,7358,-35,2875,7308,-325,2245,7340,-166,2911,7305,0,0,0,159,666,-35,685.6,4510.6,0.024,0.106,1.119,-1.528,-0.922,-3.646,612.8,1,0.9425,-0.0174,-0.0738,-0.3255,0.0,0.0,0.2
151414,2026-08-29_06-24-05.415-240,v3.5.7,3.50,12.0,400,1048,2607,7333,-35,2875,7308,-316,2254,7316,-166,2911,7305,0,0,0,150,657,-11,674.0,4434.2,0.024,0.131,1.119,-1.639,-1.219,-3.402,603.1,1,0.9440,-0.0190,-0.0714,-0.3217,0.0,0.0,0.0
151441,2026-08-29_06-24-05.443-240,v3.5.7,3.50,12.0,400,1052,2625,7337,-21,2874,7319,-313,2272,7320,-151,2910,7316,0,0,0,162,638,-4,658.3,4330.6,0.026,0.151,1.118,-4.597,-1.219,-4.274,589.9,1,0.9457,-0.0242,-0.0678,-0.3171,0.0,0.0,0.2
151488,2026-08-29_06-24-06.489-240,v3.5.7,3.50,12.0,400,1052,2625,7337,-37,2877,7312,-313,2272,7320,-168,2913,7309,0,0,0,145,641,-11,657.3,4324.3,0.030,0.067,1.120,-0.906,-0.859,-3.194,589.1,1,0.9470,-0.0251,-0.0661,-0.3134,0.0,0.0,0.2
151528,2026-08-29_06-24-06.529-240,v3.5.7,3.50,12.0,400,1046,2595,7346,-37,2877,7312,-320,2241,7328,-168,2913,7309,0,0,0,152,672,-19,689.2,4534.5,0.031,0.141,1.117,-0.699,-0.797,-2.898,615.9,1,0.9482,-0.0257,-0.0646,-0.3100,0.0,0.0,0.2
151559,2026-08-29_06-24-06.561-240,v3.5.7,3.50,12.0,400,1073,2607,7342,-36,2856,7285,-293,2253,7329,-166,2892,7282,0,0,0,127,639,-47,653.2,4297.3,0.033,0.124,1.118,-2.895,-0.734,-3.795,585.6,1,0.9496,-0.0290,-0.0623,-0.3058,0.0,0.0,0.2
151593,2026-08-29_06-24-06.595-240,v3.5.7,3.50,12.0,400,1073,2607,7342,-33,2881,7316,-293,2253,7329,-164,2917,7313,0,0,0,129,664,-16,676.6,4451.3,0.036,0.112,1.115,-2.415,-0.750,-3.026,605.3,1,0.9508,-0.0317,-0.0602,-0.3024,0.0,0.0,0.2
151642,2026-08-29_06-24-06.643-240,v3.5.7,3.50,12.0,400,1059,2590,7341,-33,2881,7316,-306,2236,7326,-164,2917,7313,0,0,0,142,681,-13,695.8,4577.4,0.034,0.107,1.118,-1.209,-1.031,-3.344,621.4,1,0.9521,-0.0328,-0.0582,-0.2985,0.0,0.0,0.2
151683,2026-08-29_06-24-06.684-240,v3.5.7,3.50,12.0,400,1040,2609,7342,-11,2878,7300,-325,2256,7324,-141,2914,7297,0,0,0,184,658,-27,683.8,4498.5,0.025,0.109,1.115,0.906,-0.922,-3.212,611.3,1,0.9534,-0.0315,-0.0571,-0.2947,0.0,0.0,0.2
151711,2026-08-29_06-24-06.712-240,v3.5.7,3.50,12.0,400,1074,2598,7383,-15,2860,7308,-298,2243,7369,-145,2896,7305,0,0,0,153,653,-64,673.7,4432.4,0.026,0.159,1.120,-0.361,-0.469,-3.093,602.9,1,0.9545,-0.0317,-0.0562,-0.2910,0.0,0.0,0.2
151762,2026-08-29_06-24-06.764-240,v3.5.7,3.50,12.0,400,1074,2610,7348,-15,2860,7308,-293,2256,7334,-145,2896,7305,0,0,0,148,640,-29,657.5,4325.9,0.034,0.100,1.119,-3.555,-0.641,-3.595,589.3,1,0.9557,-0.0358,-0.0538,-0.2870,0.0,0.0,0.2
151805,2026-08-29_06-24-06.809-240,v3.5.7,3.50,12.0,400,1074,2610,7348,-53,2885,7311,-293,2256,7334,-184,2921,7308,0,0,0,109,665,-26,674.4,4436.7,0.036,0.101,1.116,-1.688,-0.906,-3.392,603.4,1,0.9569,-0.0376,-0.0518,-0.2831,0.0,0.0,0.2
151837,2026-08-29_06-24-06.839-240,v3.5.7,3.50,12.0,400,1056,2605,7339,-23,2875,7313,-309,2251,7323,-153,2911,7310,0,0,0,156,660,-13,678.3,4462.6,0.034,0.139,1.114,-2.541,-0.781,-3.495,606.7,1,0.9581,-0.0403,-0.0497,-0.2791,0.0,0.0,0.2
151883,2026-08-29_06-24-06.884-240,v3.5.7,3.50,12.0,400,1064,2601,7337,-23,2875,7313,-301,2247,7322,-153,2911,7310,0,0,0,148,664,-12,680.4,4476.3,0.028,0.100,1.121,-2.300,-0.750,-3.796,608.5,1,0.9594,-0.0429,-0.0476,-0.2748,0.0,0.0,0.2
151913,2026-08-29_06-24-06.914-240,v3.5.7,3.50,12.0,400,1064,2601,7337,-20,2860,7313,-301,2247,7322,-150,2896,7310,0,0,0,151,649,-12,666.4,4384.5,0.031,0.131,1.117,-2.448,-0.344,-3.584,596.8,1,0.9605,-0.0457,-0.0461,-0.2706,0.0,0.0,0.2
151963,2026-08-29_06-24-06.964-240,v3.5.7,3.50,12.0,400,1057,2606,7338,-30,2877,7269,-308,2252,7322,-160,2913,7267,0,0,0,148,661,-55,679.6,4471.0,0.026,0.111,1.120,-3.748,-0.906,-4.241,607.8,1,0.9618,-0.0499,-0.0433,-0.2658,0.0,0.0,0.2
151997,2026-08-29_06-24-06.998-240,v3.5.7,3.50,12.0,400,1061,2604,7349,-30,2877,7269,-306,2250,7334,-160,2913,7267,0,0,0,146,663,-67,682.2,4488.0,0.033,0.092,1.118,-2.278,-1.109,-3.195,610.0,1,0.9627,-0.0522,-0.0409,-0.2621,0.0,0.0,0.2
152029,2026-08-29_06-24-06.031-240,v3.5.7,3.50,12.0,400,1050,2598,7329,-34,2880,7320,-313,2245,7312,-165,2916,7317,0,0,0,148,671,5,687.1,4520.7,0.036,0.119,1.116,-0.763,-0.547,-3.258,614.1,1,0.9638,-0.0529,-0.0397,-0.2583,0.0,0.0,0.0
152068,2026-08-29_06-24-06.069-240,v3.5.7,3.50,12.0,400,1050,2598,7329,2,2880,7305,-313,2245,7312,-128,2916,7302,0,0,0,185,671,-10,696.1,4579.7,0.028,0.127,1.115,-1.515,-0.953,-3.437,621.7,1,0.9649,-0.0544,-0.0378,-0.2543,0.0,0.0,0.2
152113,2026-08-29_06-24-06.115-240,v3.5.7,3.50,12.0,400,1066,2600,7330,2,2880,7305,-297,2246,7316,-128,2916,7302,0,0,0,169,670,-14,691.1,4546.9,0.040,0.116,1.111,-5.113,-0.797,-4.355,617.5,1,0.9659,-0.0603,-0.0348,-0.2493,0.0,0.0,0.2
152141,2026-08-29_06-24-06.142-240,v3.5.7,3.50,12.0,400,1069,2610,7345,-24,2881,7305,-297,2256,7331,-154,2917,7302,0,0,0,143,661,-29,676.9,4453.4,0.042,0.102,1.114,-2.843,-0.484,-3.987,605.5,1,0.9670,-0.0635,-0.0329,-0.2447,0.0,0.0,0.2
152177,2026-08-29_06-24-06.179-240,v3.5.7,3.50,12.0,400,1069,2610,7345,-24,2881,7305,-297,2256,7331,-154,2917,7302,0,0,0,143,661,-29,676.9,4453.4,0.005,0.125,1.134,-3.219,-0.938,-3.951,605.5,1,0.9680,-0.0670,-0.0304,-0.2401,0.0,0.0,0.2
152205,2026-08-29_06-24-06.207-240,v3.5.7,3.50,12.0,400,1040,2601,7361,-37,2872,7298,-328,2247,7342,-167,2908,7295,0,0,0,161,661,-47,681.9,4486.5,0.026,0.108,1.119,-3.248,-0.531,-3.844,609.8,1,0.9689,-0.0707,-0.0284,-0.2356,0.0,0.0,0.2
152233,2026-08-29_06-24-06.234-240,v3.5.7,3.50,12.0,400,1043,2596,7387,-37,2872,7298,-330,2241,7368,-167,2908,7295,0,0,0,163,667,-73,690.5,4542.7,0.026,0.089,1.116,-1.307,-0.469,-3.702,616.9,1,0.9699,-0.0720,-0.0271,-0.2312,0.0,0.0,0.2
152277,2026-08-29_06-24-06.278-240,v3.5.7,3.50,12.0,400,1043,2596,7387,-38,2872,7296,-330,2241,7368,-168,2908,7293,0,0,0,162,667,-75,690.5,4542.6,0.036,0.124,1.118,-1.770,-1.156,-3.597,616.9,1,0.9708,-0.0737,-0.0248,-0.2270,0.0,0.0,0.2
152319,2026-08-29_06-24-06.321-240,v3.5.7,3.50,12.0,400,1042,2605,7363,-6,2872,7301,-327,2251,7344,-136,2908,7298,0,0,0,191,657,-46,685.7,4511.5,0.020,0.101,1.120,-2.572,-0.672,-3.892,613.0,1,0.9717,-0.0765,-0.0229,-0.2224,0.0,0.0,0.0
152349,2026-08-29_06-24-06.351-240,v3.5.7,3.50,12.0,400,1041,2604,7346,-6,2872,7301,-325,2250,7328,-136,2908,7298,0,0,0,189,658,-30,685.3,4508.3,0.024,0.116,1.118,-2.521,-1.062,-3.398,612.6,1,0.9724,-0.0791,-0.0205,-0.2185,0.0,0.0,0.2
152383,2026-08-29_06-24-06.384-240,v3.5.7,3.50,12.0,400,1041,2604,7346,-53,2880,7289,-325,2250,7328,-184,2916,7287,0,0,0,141,666,-41,682.0,4486.8,0.033,0.122,1.116,-2.903,-0.562,-3.935,609.8,1,0.9732,-0.0824,-0.0186,-0.2138,0.0,0.0,0.2
152413,2026-08-29_06-24-06.414-240,v3.5.7,3.50,12.0,400,1055,2600,7347,-40,2882,7308,-311,2246,7331,-171,2918,7305,0,0,0,140,672,-26,686.9,4519.2,0.036,0.103,1.116,-2.173,-0.500,-3.671,613.9,1,0.9740,-0.0847,-0.0170,-0.2095,0.0,0.0,0.2
152463,2026-08-29_06-24-06.464-240,v3.5.7,3.50,12.0,400,1037,2606,7336,-40,2882,7308,-327,2253,7317,-171,2918,7305,0,0,0,156,665,-12,683.2,4494.5,0.030,0.125,1.119,-2.690,-1.281,-3.535,610.8,1,0.9747,-0.0875,-0.0143,-0.2054,0.0,0.0,0.2
152493,2026-08-29_06-24-07.494-240,v3.5.7,3.50,12.0,400,1048,2595,7338,-38,2876,7315,-317,2241,7321,-169,2912,7312,0,0,0,148,671,-9,687.2,4521.0,0.038,0.112,1.118,-1.757,-0.891,-3.388,614.2,1,0.9754,-0.0892,-0.0124,-0.2014,0.0,0.0,0.2
152543,2026-08-29_06-24-07.544-240,v3.5.7,3.50,12.0,400,1048,2595,7338,-37,2880,7305,-317,2241,7321,-168,2916,7302,0,0,0,149,675,-19,691.5,4549.4,0.023,0.106,1.119,-3.536,-0.797,-3.281,617.8,1,0.9758,-0.0931,-0.0101,-0.1975,0.0,0.0,0.2
152581,2026-08-29_06-24-07.583-240,v3.5.7,3.50,12.0,400,1045,2609,7355,-37,2880,7305,-323,2255,7337,-168,2916,7302,0,0,0,155,661,-35,679.8,4472.6,0.039,0.116,1.117,-0.435,-0.500,-2.816,608.0,1,0.9765,-0.0933,-0.0090,-0.1941,0.0,0.0,0.2
152613,2026-08-29_06-24-07.614-240,v3.5.7,3.50,12.0,400,1033,2601,7344,-28,2860,7313,-333,2248,7325,-158,2896,7310,0,0,0,175,648,-15,671.4,4417.0,0.037,0.133,1.116,-1.635,-0.281,-3.332,600.9,1,0.9771,-0.0951,-0.0079,-0.1901,0.0,0.0,0.2
152647,2026-08-29_06-24-07.649-240,v3.5.7,3.50,12.0,400,1033,2601,7344,-33,2890,7316,-333,2248,7325,-164,2926,7313,0,0,0,169,678,-12,698.8,4597.7,0.026,0.099,1.118,-2.967,-1.062,-3.357,624.0,1,0.9776,-0.0982,-0.0055,-0.1862,0.0,0.0,0.2
152698,2026-08-29_06-24-07.699-240,v3.5.7,3.50,12.0,400,1043,2602,7324,-33,2890,7316,-319,2249,7306,-164,2926,7313,0,0,0,155,677,7,694.6,4569.4,0.032,0.118,1.116,-2.198,-0.672,-3.620,620.3,1,0.9782,-0.1005,-0.0037,-0.1819,0.0,0.0,0.2
152726,2026-08-29_06-24-07.729-240,v3.5.7,3.50,12.0,400,1023,2588,7341,-41,2863,7315,-342,2235,7320,-172,2899,7312,0,0,0,170,664,-8,685.5,4509.6,0.030,0.126,1.119,-2.173,-0.859,-3.545,612.7,1,0.9787,-0.1028,-0.0017,-0.1777,0.0,0.0,0.2
152757,2026-08-29_06-24-07.759-240,v3.5.7,3.50,12.0,400,1054,2593,7388,-41,2863,7315,-319,2238,7371,-172,2899,7312,0,0,0,147,661,-59,679.7,4471.8,0.027,0.105,1.119,-1.789,-0.766,-4.037,607.9,1,0.9794,-0.1046,0.0002,-0.1728,0.0,0.0,0.2
152808,2026-08-29_06-24-07.809-240,v3.5.7,3.50,12.0,400,1054,2593,7388,-18,2837,7287,-319,2238,7371,-148,2873,7284,0,0,0,171,635,-87,663.4,4364.2,0.032,0.127,1.118,-1.161,-0.516,-3.010,594.2,1,0.9799,-0.1056,0.0015,-0.1692,0.0,0.0,0.2
152856,2026-08-29_06-24-07.857-240,v3.5.7,3.50,12.0,400,1062,2592,7374,-49,2877,7313,-309,2237,7358,-180,2913,7310,0,0,0,129,676,-48,689.9,4538.6,0.035,0.125,1.117,-2.208,-0.906,-3.200,616.4,1,0.9803,-0.1079,0.0035,-0.1654,0.0,0.0,0.2
152885,2026-08-29_06-24-07.889-240,v3.5.7,3.50,12.0,400,1061,2603,7342,-19,2885,7309,-304,2249,7327,-149,2921,7306,0,0,0,155,672,-21,690.0,4539.2,0.006,0.136,1.131,-4.438,-0.641,-3.969,616.5,1,0.9805,-0.1129,0.0057,-0.1606,0.0,0.0,0.2
152929,2026-08-29_06-24-07.931-240,v3.5.7,3.50,12.0,400,1056,2595,7333,-19,2885,7309,-308,2241,7317,-149,2921,7306,0,0,0,159,680,-11,698.4,4594.9,0.031,0.088,1.118,-2.172,-1.312,-3.293,623.6,1,0.9809,-0.1151,0.0083,-0.1568,0.0,0.0,0.2
152964,2026-08-29_06-24-07.965-240,v3.5.7,3.50,12.0,400,1056,2595,7333,-25,2867,7300,-308,2241,7317,-155,2903,7297,0,0,0,153,662,-20,679.7,4472.0,0.032,0.124,1.117,-0.309,-0.516,-3.286,607.9,1,0.9815,-0.1151,0.0094,-0.1528,0.0,0.0,0.2
153009,2026-08-29_06-24-07.011-240,v3.5.7,3.50,12.0,400,1057,2608,7307,-26,2872,7303,-303,2255,7292,-156,2908,7300,0,0,0,147,653,8,669.4,4403.9,0.031,0.097,1.119,0.517,-0.797,-3.167,599.2,1,0.9822,-0.1140,0.0108,-0.1491,0.0,0.0,0.2
153049,2026-08-29_06-24-07.051-240,v3.5.7,3.50,12.0,400,1060,2609,7348,-26,2872,7303,-306,2255,7332,-156,2908,7300,0,0,0,150,653,-32,670.8,4413.0,0.035,0.181,1.112,-3.524,-0.891,-4.136,600.4,1,0.9824,-0.1178,0.0131,-0.1441,0.0,0.0,0.0
153076,2026-08-29_06-24-07.077-240,v3.5.7,3.50,12.0,400,1070,2580,7340,-8,2874,7313,-295,2226,7326,-138,2910,7310,0,0,0,157,684,-16,702.0,4618.2,0.034,0.088,1.116,-5.101,-1.078,-4.272,626.6,1,0.9824,-0.1236,0.0160,-0.1389,0.0,0.0,0.2
153119,2026-08-29_06-24-07.121-240,v3.5.7,3.50,12.0,400,1070,2580,7340,-18,2879,7312,-295,2226,7326,-148,2915,7309,0,0,0,147,689,-17,704.7,4636.3,0.029,0.136,1.121,0.259,3.875,-3.145,628.9,1,0.9831,-0.1236,0.0117,-0.1345,0.0,0.0,0.2
153169,2026-08-29_06-24-07.171-240,v3.5.7,3.50,12.0,400,1069,2593,7335,-18,2879,7312,-295,2239,7321,-148,2915,7309,0,0,0,147,676,-12,691.9,4552.0,0.031,0.136,1.114,-2.711,-0.625,-3.414,618.1,1,0.9833,-0.1266,0.0134,-0.1303,0.0,0.0,0.0
153199,2026-08-29_06-24-07.201-240,v3.5.7,3.50,12.0,400,1045,2599,7347,-19,2870,7310,-321,2245,7329,-149,2906,7307,0,0,0,172,661,-22,683.4,4495.8,0.030,0.133,1.121,-5.059,-0.906,-4.513,611.0,1,0.9832,-0.1323,0.0161,-0.1249,0.0,0.0,0.2
153225,2026-08-29_06-24-07.228-240,v3.5.7,3.50,12.0,400,1045,2599,7347,-19,2870,7310,-321,2245,7329,-149,2906,7307,0,0,0,172,661,-22,683.4,4495.8,0.027,0.084,1.120,-3.796,-0.891,-3.762,611.0,1,0.9831,-0.1365,0.0184,-0.1203,0.0,0.0,0.2
153255,2026-08-29_06-24-07.259-240,v3.5.7,3.50,12.0,400,1057,2593,7351,-25,2869,7329,-310,2239,7335,-155,2905,7326,0,0,0,155,666,-9,683.9,4499.1,0.029,0.102,1.120,-0.046,-0.922,-3.329,611.4,1,0.9836,-0.1361,0.0201,-0.1164,0.0,0.0,0.2
153285,2026-08-29_06-24-07.287-240,v3.5.7,3.50,12.0,400,1060,2624,7360,-25,2869,7329,-309,2270,7344,-155,2905,7326,0,0,0,154,635,-18,653.7,4300.4,0.025,0.125,1.117,-0.287,-0.734,-2.685,586.0,1,0.9840,-0.1361,0.0215,-0.1132,0.0,0.0,0.2
153333,2026-08-29_06-24-07.334-240,v3.5.7,3.50,12.0,400,1060,2624,7360,20,2857,7307,-309,2270,7344,-109,2893,7304,0,0,0,200,623,-40,655.5,4312.7,0.034,0.107,1.118,6.115,-0.453,-5.190,587.6,1,0.9857,-0.1281,0.0221,-0.1071,0.0,0.0,0.2
153362,2026-08-29_06-24-07.363-240,v3.5.7,3.50,12.0,400,1086,2605,7334,18,2870,7320,-278,2251,7323,-112,2906,7317,0,0,0,166,655,-6,675.7,4445.6,0.031,0.180,1.116,2.587,-0.734,-2.612,604.6,1,0.9865,-0.1245,0.0230,-0.1041,0.0,0.0,0.2
153402,2026-08-29_06-24-07.404-240,v3.5.7,3.50,12.0,400,1130,2605,7334,18,2870,7320,-235,2250,7329,-112,2906,7317,0,0,0,123,656,-12,667.5,4391.7,0.030,0.188,1.114,-10.933,-1.016,-4.405,597.7,1,0.9852,-0.1375,0.0264,-0.0985,0.0,0.0,0.2
153434,2026-08-29_06-24-07.435-240,v3.5.7,3.50,12.0,400,1130,2605,7334,23,2871,7304,-235,2250,7329,-106,2907,7301,0,0,0,129,657,-28,670.1,4408.7,0.032,0.016,1.120,-6.601,-1.203,-4.777,599.8,1,0.9846,-0.1450,0.0295,-0.0926,0.0,0.0,0.2
153463,2026-08-29_06-24-07.464-240,v3.5.7,3.50,12.0,400,1069,2599,7330,23,2871,7304,-294,2245,7316,-106,2907,7301,0,0,0,188,662,-15,688.3,4528.6,0.031,0.091,1.118,0.071,-0.828,-3.721,615.1,1,0.9851,-0.1445,0.0312,-0.0882,0.0,0.0,0.2
153492,2026-08-29_06-24-08.494-240,v3.5.7,3.50,12.0,400,1072,2599,7330,-17,2883,7303,-292,2245,7317,-147,2919,7300,0,0,0,145,674,-17,689.6,4537.0,0.032,0.121,1.120,1.358,-0.562,-2.679,616.2,1,0.9856,-0.1424,0.0322,-0.0851,0.0,0.0,0.2
153543,2026-08-29_06-24-08.544-240,v3.5.7,3.50,12.0,400,1072,2599,7330,32,2881,7307,-292,2245,7317,-97,2917,7304,0,0,0,195,672,-13,699.8,4604.2,0.031,0.153,1.119,-0.559,-1.156,-3.250,624.8,1,0.9858,-0.1426,0.0343,-0.0813,0.0,0.0,0.2
153572,2026-08-29_06-24-08.574-240,v3.5.7,3.50,12.0,400,1092,2605,7337,32,2881,7307,-273,2251,7326,-97,2917,7304,0,0,0,176,666,-22,689.2,4534.3,0.032,0.143,1.118,-3.143,-1.000,-3.850,615.9,1,0.9856,-0.1460,0.0365,-0.0766,0.0,0.0,0.0
153619,2026-08-29_06-24-08.621-240,v3.5.7,3.50,12.0,400,1089,2600,7332,8,2882,7300,-275,2246,7321,-122,2918,7297,0,0,0,153,672,-24,689.6,4536.9,0.031,0.110,1.118,-4.567,-0.828,-4.129,616.2,1,0.9852,-0.1511,0.0387,-0.0714,0.0,0.0,0.0
153645,2026-08-29_06-24-08.647-240,v3.5.7,3.50,12.0,400,1089,2600,7332,-4,2880,7307,-275,2246,7321,-134,2916,7304,0,0,0,141,670,-17,684.9,4505.8,0.026,0.101,1.118,-3.049,-0.859,-3.562,612.2,1,0.9849,-0.1544,0.0407,-0.0671,0.0,0.0,0.2
153695,2026-08-29_06-24-08.698-240,v3.5.7,3.50,12.0,400,1084,2597,7336,-4,2880,7307,-281,2243,7324,-134,2916,7304,0,0,0,147,673,-20,689.2,4533.9,0.038,0.111,1.123,-3.074,-0.625,-3.169,615.8,1,0.9846,-0.1577,0.0423,-0.0632,0.0,0.0,0.2
153722,2026-08-29_06-24-08.723-240,v3.5.7,3.50,12.0,400,1054,2602,7335,-4,2873,7342,-310,2248,7319,-134,2909,7339,0,0,0,176,661,20,684.3,4502.1,0.034,0.121,1.118,-1.060,-0.438,-2.961,611.8,1,0.9846,-0.1586,0.0435,-0.0596,0.0,0.0,0.2
153755,2026-08-29_06-24-08.759-240,v3.5.7,3.50,12.0,400,1054,2602,7335,-4,2873,7342,-310,2248,7319,-134,2909,7339,0,0,0,176,661,20,684.3,4502.1,0.025,0.162,1.117,-4.349,-0.781,-4.002,611.8,1,0.9840,-0.1634,0.0456,-0.0546,0.0,0.0,0.2
153786,2026-08-29_06-24-08.787-240,v3.5.7,3.50,12.0,400,1070,2594,7328,-16,2875,7301,-293,2240,7314,-146,2911,7298,0,0,0,147,671,-16,687.1,4520.4,0.026,0.110,1.120,-5.269,-1.125,-4.283,614.1,1,0.9832,-0.1693,0.0482,-0.0493,0.0,0.0,0.2
153815,2026-08-29_06-24-08.819-240,v3.5.7,3.50,12.0,400,1066,2589,7377,-29,2871,7320,-305,2234,7362,-159,2907,7317,0,0,0,146,673,-45,690.1,4540.3,0.027,0.099,1.118,-3.299,-1.578,-4.338,616.6,1,0.9826,-0.1728,0.0512,-0.0441,0.0,0.0,0.2
153864,2026-08-29_06-24-08.865-240,v3.5.7,3.50,12.0,400,1065,2600,7315,-29,2871,7320,-296,2247,7301,-159,2907,7317,0,0,0,137,660,16,674.3,4435.9,0.035,0.140,1.121,-1.026,-0.828,-3.684,603.3,1,0.9826,-0.1735,0.0531,-0.0397,0.0,0.0,0.2
153911,2026-08-29_06-24-08.912-240,v3.5.7,3.50,12.0,400,1065,2600,7315,11,2879,7310,-296,2247,7301,-119,2915,7307,0,0,0,177,668,6,691.1,4546.6,0.035,0.120,1.117,-2.581,-0.656,-3.471,617.4,1,0.9822,-0.1762,0.0548,-0.0354,0.0,0.0,0.2
153939,2026-08-29_06-24-08.941-240,v3.5.7,3.50,12.0,400,1068,2602,7345,-11,2883,7304,-298,2248,7331,-141,2919,7301,0,0,0,157,671,-30,689.8,4538.0,0.032,0.125,1.116,-2.304,-0.734,-4.209,616.3,1,0.9818,-0.1785,0.0567,-0.0303,0.0,0.0,0.0
153982,2026-08-29_06-24-08.984-240,v3.5.7,3.50,12.0,400,1068,2601,7344,-11,2883,7304,-298,2247,7330,-141,2919,7301,0,0,0,157,672,-29,690.7,4544.1,0.030,0.107,1.116,-4.962,-1.312,-3.720,617.1,1,0.9808,-0.1840,0.0593,-0.0256,0.0,0.0,0.2
154018,2026-08-29_06-24-08.019-240,v3.5.7,3.50,12.0,400,1068,2601,7344,-20,2877,7294,-298,2247,7330,-150,2913,7291,0,0,0,148,666,-39,683.4,4495.8,0.036,0.124,1.118,-2.509,-1.391,-3.315,611.0,1,0.9803,-0.1866,0.0618,-0.0217,0.0,0.0,0.2
154048,2026-08-29_06-24-08.049-240,v3.5.7,3.50,12.0,400,1054,2602,7323,-20,2877,7294,-308,2249,7307,-150,2913,7291,0,0,0,158,664,-16,682.7,4491.6,0.006,0.087,1.134,-1.440,-0.750,-3.463,610.4,1,0.9800,-0.1878,0.0636,-0.0176,0.0,0.0,0.2
154100,2026-08-29_06-24-08.104-240,v3.5.7,3.50,12.0,400,1059,2601,7344,-18,2878,7302,-307,2247,7328,-148,2914,7299,0,0,0,159,667,-29,686.3,4515.1,0.029,0.167,1.118,-4.786,-0.984,-4.039,613.4,1,0.9789,-0.1931,0.0658,-0.0125,0.0,0.0,0.2
154129,2026-08-29_06-24-08.130-240,v3.5.7,3.50,12.0,400,1053,2602,7343,3,2891,7305,-313,2248,7327,-127,2927,7302,0,0,0,186,679,-25,704.5,4634.6,0.032,0.086,1.116,-4.707,-0.531,-4.121,628.7,1,0.9778,-0.1983,0.0675,-0.0072,0.0,0.0,0.2
154173,2026-08-29_06-24-08.174-240,v3.5.7,3.50,12.0,400,1053,2602,7343,-37,2868,7314,-313,2248,7327,-168,2904,7311,0,0,0,145,656,-16,672.0,4421.2,0.028,0.134,1.116,-2.380,-0.812,-3.840,601.4,1,0.9772,-0.2006,0.0695,-0.0025,0.0,0.0,0.2
154217,2026-08-29_06-24-08.219-240,v3.5.7,3.50,12.0,400,1054,2601,7333,-37,2868,7314,-310,2247,7317,-168,2904,7311,0,0,0,142,657,-6,672.2,4422.3,0.030,0.109,1.117,-2.195,-0.984,-3.333,601.6,1,0.9766,-0.2028,0.0715,0.0015,0.0,0.0,0.2
154264,2026-08-29_06-24-08.267-240,v3.5.7,3.50,12.0,400,1037,2577,7330,-35,2876,7309,-326,2224,7312,-166,2912,7306,0,0,0,160,688,-6,706.4,4647.3,0.026,0.121,1.120,-7.738,-1.047,-4.590,630.3,1,0.9745,-0.2116,0.0739,0.0075,0.0,0.0,0.2
154293,2026-08-29_06-24-08.294-240,v3.5.7,3.50,12.0,400,1025,2602,7345,-61,2887,7311,-341,2249,7324,-192,2923,7308,0,0,0,149,674,-16,690.5,4542.5,0.032,0.039,1.118,-1.468,-0.859,-4.042,616.9,1,0.9741,-0.2128,0.0760,0.0123,0.0,0.0,0.0
154338,2026-08-29_06-24-08.339-240,v3.5.7,3.48,12.0,400,1040,2595,7364,-61,2887,7311,-329,2241,7345,-192,2923,7308,0,0,0,137,682,-37,696.6,4582.9,0.033,0.125,1.117,-1.238,-0.609,-3.020,622.1,1,0.9737,-0.2138,0.0775,0.0159,0.0,0.0,0.2
154383,2026-08-29_06-24-08.384-240,v3.5.7,3.48,12.0,400,1040,2595,7364,-61,2874,7316,-329,2241,7345,-192,2911,7313,0,0,0,137,670,-32,684.6,4504.0,0.027,0.170,1.112,-6.276,-0.891,-4.370,612.0,1,0.9718,-0.2208,0.0796,0.0216,0.0,0.0,0.2
154413,2026-08-29_06-24-08.414-240,v3.5.7,3.48,12.0,400,1030,2591,7368,-25,2882,7308,-339,2237,7348,-155,2918,7305,0,0,0,184,681,-43,706.7,4649.5,0.032,0.216,1.108,-12.614,-1.422,-5.816,630.6,1,0.9680,-0.2353,0.0826,0.0295,0.0,0.0,0.2
154453,2026-08-29_06-24-08.454-240,v3.5.7,3.48,12.0,400,983,2601,7362,-25,2882,7308,-385,2248,7335,-155,2918,7305,0,0,0,230,670,-30,709.0,4664.6,0.025,0.042,1.123,-15.296,-1.109,-7.118,632.5,1,0.9629,-0.2528,0.0854,0.0393,0.0,0.0,0.2
154491,2026-08-29_06-24-09.493-240,v3.5.7,3.48,12.0,400,983,2601,7362,-122,2874,7303,-385,2248,7335,-254,2911,7301,0,0,0,131,663,-34,676.7,4451.8,0.021,-0.015,1.123,-3.341,-1.344,-4.224,605.3,1,0.9616,-0.2563,0.0882,0.0443,0.0,0.0,0.0
154519,2026-08-29_06-24-09.521-240,v3.5.7,3.48,12.0,400,912,2603,7352,-154,2880,7292,-454,2251,7314,-286,2917,7290,0,0,0,168,666,-24,687.3,4521.6,0.024,0.061,1.122,4.571,-1.328,-1.989,614.2,1,0.9628,-0.2504,0.0907,0.0457,0.0,0.0,0.2
154567,2026-08-29_06-24-09.569-240,v3.5.7,3.48,12.0,400,936,2597,7355,-154,2880,7292,-431,2245,7321,-286,2917,7290,0,0,0,145,672,-31,688.2,4527.4,0.027,0.125,1.115,1.175,-0.516,-2.591,615.0,1,0.9630,-0.2485,0.0921,0.0485,0.0,0.0,0.2
154598,2026-08-29_06-24-09.600-240,v3.5.7,3.48,12.0,400,936,2597,7355,-135,2874,7307,-431,2245,7321,-267,2911,7305,0,0,0,164,666,-16,686.1,4513.7,0.032,0.139,1.114,-2.912,-1.203,-3.262,613.2,1,0.9618,-0.2515,0.0944,0.0524,0.0,0.0,0.0
154627,2026-08-29_06-24-09.628-240,v3.5.7,3.48,12.0,400,959,2606,7348,-135,2874,7307,-407,2254,7317,-267,2911,7305,0,0,0,140,657,-12,671.9,4420.1,0.029,0.031,1.119,0.466,-0.906,-3.318,601.3,1,0.9617,-0.2504,0.0966,0.0560,0.0,0.0,0.2
154655,2026-08-29_06-24-09.659-240,v3.5.7,3.48,12.0,400,970,2605,7359,-133,2869,7323,-398,2252,7330,-265,2906,7321,0,0,0,133,654,-9,667.4,4391.1,0.027,0.160,1.120,1.178,-1.156,-2.647,597.6,1,0.9618,-0.2485,0.0989,0.0587,0.0,0.0,0.2
154699,2026-08-29_06-24-09.701-240,v3.5.7,3.48,12.0,400,970,2605,7359,-110,2878,7303,-398,2252,7330,-242,2915,7301,0,0,0,156,663,-29,681.7,4485.0,0.038,0.093,1.119,-5.952,-0.938,-3.997,609.6,1,0.9595,-0.2550,0.1008,0.0639,0.0,0.0,0.2
154743,2026-08-29_06-24-09.744-240,v3.5.7,3.48,12.0,400,969,2592,7323,-110,2878,7303,-392,2240,7295,-242,2915,7301,0,0,0,150,675,6,691.5,4549.3,0.029,0.112,1.121,-1.697,-0.453,-3.657,617.8,1,0.9587,-0.2564,0.1023,0.0683,0.0,0.0,0.2
154771,2026-08-29_06-24-09.773-240,v3.5.7,3.48,12.0,400,969,2599,7347,-120,2883,7298,-396,2246,7318,-252,2920,7296,0,0,0,144,674,-22,689.6,4536.6,0.028,0.051,1.127,-2.981,-0.719,-3.006,616.2,1,0.9574,-0.2594,0.1039,0.0721,0.0,0.0,0.0
154810,2026-08-29_06-24-09.814-240,v3.5.7,3.48,12.0,400,969,2599,7347,-115,2892,7309,-396,2246,7318,-247,2929,7307,0,0,0,149,683,-11,699.2,4599.7,0.033,0.148,1.117,-0.372,-0.734,-3.394,624.2,1,0.9570,-0.2593,0.1058,0.0759,0.0,0.0,0.2
154860,2026-08-29_06-24-09.861-240,v3.5.7,3.48,12.0,400,948,2592,7342,-115,2892,7309,-416,2240,7310,-247,2929,7307,0,0,0,169,689,-3,709.4,4667.3,0.033,0.100,1.118,-2.135,-0.906,-3.386,632.8,1,0.9559,-0.2613,0.1078,0.0799,0.0,0.0,0.2
154889,2026-08-29_06-24-09.891-240,v3.5.7,3.48,12.0,400,965,2591,7344,-119,2877,7291,-400,2239,7314,-251,2914,7289,0,0,0,149,675,-25,691.7,4550.7,0.030,0.121,1.113,-2.635,-1.047,-3.783,618.0,1,0.9546,-0.2638,0.1100,0.0844,0.0,0.0,0.0
154936,2026-08-29_06-24-09.938-240,v3.5.7,3.48,12.0,400,967,2592,7370,-130,2872,7318,-402,2239,7340,-262,2909,7316,0,0,0,140,670,-24,684.9,4505.9,0.023,0.103,1.115,-5.155,-0.859,-2.022,612.2,1,0.9526,-0.2695,0.1111,0.0873,0.0,0.0,0.2
154982,2026-08-29_06-24-09.984-240,v3.5.7,3.48,12.0,400,966,2599,7354,-130,2872,7318,-401,2246,7324,-262,2909,7316,0,0,0,139,663,-8,677.5,4457.0,0.036,0.119,1.110,-6.084,-1.016,-4.444,606.0,1,0.9499,-0.2761,0.1131,0.0930,0.0,0.0,0.2
155015,2026-08-29_06-24-09.019-240,v3.5.7,3.48,12.0,400,966,2599,7354,-128,2876,7303,-401,2246,7324,-260,2913,7301,0,0,0,141,667,-23,682.1,4487.7,0.029,0.059,1.139,-3.564,-0.547,-2.922,609.9,1,0.9483,-0.2797,0.1144,0.0968,0.0,0.0,0.2
155049,2026-08-29_06-24-09.051-240,v3.5.7,3.48,12.0,400,924,2602,7352,-130,2877,7312,-442,2250,7316,-262,2914,7310,0,0,0,180,664,-6,688.0,4526.3,0.033,0.081,1.117,1.012,-0.984,-3.778,614.8,1,0.9481,-0.2779,0.1169,0.1008,0.0,0.0,0.0
155093,2026-08-29_06-24-09.094-240,v3.5.7,3.48,12.0,400,956,2597,7351,-130,2877,7312,-410,2245,7320,-262,2914,7310,0,0,0,148,669,-10,685.2,4508.2,0.019,0.135,1.113,0.106,-0.844,-3.723,612.5,1,0.9476,-0.2771,0.1192,0.1048,0.0,0.0,0.2
155123,2026-08-29_06-24-09.124-240,v3.5.7,3.48,12.0,400,956,2597,7351,-122,2878,7305,-410,2245,7320,-254,2915,7303,0,0,0,156,670,-17,688.1,4527.2,0.024,0.113,1.133,-0.195,-1.641,-4.650,615.0,1,0.9467,-0.2767,0.1227,0.1098,0.0,0.0,0.2
155152,2026-08-29_06-24-09.154-240,v3.5.7,3.48,12.0,400,977,2610,7356,-122,2878,7305,-390,2257,7328,-254,2915,7303,0,0,0,136,658,-25,672.4,4423.5,0.019,-0.012,1.107,6.729,-0.141,-4.408,601.7,1,0.9485,-0.2678,0.1253,0.1139,0.0,0.0,0.0
155182,2026-08-29_06-24-09.184-240,v3.5.7,3.48,12.0,400,1026,2601,7343,-106,2876,7304,-339,2248,7323,-238,2913,7302,0,0,0,101,665,-21,673.0,4427.3,0.050,0.122,1.155,22.070,3.688,0.789,602.2,1,0.9562,-0.2410,0.1238,0.1107,0.0,0.0,0.2
155232,2026-08-29_06-24-09.234-240,v3.5.7,3.48,12.0,400,1026,2601,7343,3,2866,7307,-339,2248,7323,-127,2902,7304,0,0,0,212,654,-19,687.8,4524.8,0.100,0.171,1.149,-2.791,-2.016,-7.428,614.7,1,0.9541,-0.2432,0.1280,0.1193,0.0,0.0,0.2
155271,2026-08-29_06-24-09.273-240,v3.5.7,3.48,12.0,400,1137,2609,7316,3,2866,7307,-225,2255,7313,-127,2902,7304,0,0,0,98,647,-9,654.4,4305.5,-0.011,0.090,1.127,-4.864,-4.547,-13.394,586.7,1,0.9497,-0.2473,0.1367,0.1347,0.0,0.0,0.2
155300,2026-08-29_06-24-09.304-240,v3.5.7,3.48,12.0,400,1092,2594,7328,-50,2831,7296,-271,2240,7318,-180,2868,7293,0,0,0,91,628,-25,635.1,4178.0,-0.070,0.045,1.150,-0.881,-6.234,-15.026,570.4,1,0.9457,-0.2466,0.1485,0.1507,0.0,0.0,0.2
155338,2026-08-29_06-24-09.339-240,v3.5.7,3.48,12.0,400,1077,2581,7316,-68,2753,7270,-284,2227,7304,-198,2790,7267,0,0,0,86,563,-37,570.7,3754.8,0.056,0.133,1.133,4.355,-9.547,-19.925,516.4,1,0.9413,-0.2392,0.1667,0.1704,0.0,0.0,0.2
155389,2026-08-29_06-24-09.391-240,v3.5.7,3.48,12.0,400,1077,2581,7316,-68,2753,7270,-284,2227,7304,-198,2790,7267,0,0,0,86,563,-37,570.7,3754.8,0.013,0.152,1.123,-7.296,-12.797,-29.418,516.4,1,0.9294,-0.2440,0.1888,0.2025,0.0,0.0,0.0
155418,2026-08-29_06-24-09.419-240,v3.5.7,3.48,12.0,400,1053,2524,7351,-30,2596,7260,-313,2170,7335,-158,2633,7256,0,0,0,155,463,-79,494.6,3254.0,-0.066,0.052,1.136,-3.977,-12.297,-33.951,452.5,1,0.9158,-0.2433,0.2121,0.2389,0.0,0.0,0.2
155448,2026-08-29_06-24-09.449-240,v3.5.7,3.48,12.0,400,998,2448,7335,-30,2596,7260,-365,2094,7312,-158,2633,7256,0,0,0,207,539,-56,580.1,3816.4,0.007,-0.031,1.194,12.160,-13.156,-36.375,524.3,1,0.9041,-0.2232,0.2415,0.2729,0.0,0.0,0.2
155491,2026-08-29_06-24-10.492-240,v3.5.7,3.48,12.0,400,998,2448,7335,-80,2482,7313,-365,2094,7312,-208,2521,7309,0,0,0,157,427,-3,455.0,2993.1,0.291,0.298,1.133,9.096,-24.516,-45.901,419.3,1,0.8817,-0.2067,0.2845,0.3145,0.0,0.0,0.2
155519,2026-08-29_06-24-10.521-240,v3.5.7,3.48,12.0,400,1030,2333,7363,-62,2344,7381,-337,1977,7345,-190,2383,7375,0,0,0,147,406,30,432.8,2847.6,-0.021,0.141,1.156,-5.564,-24.531,-59.918,400.7,1,0.8453,-0.2004,0.3237,0.3750,0.0,0.0,0.2
155566,2026-08-29_06-24-10.568-240,v3.5.7,3.48,12.0,400,978,2173,7393,-62,2344,7381,-393,1816,7367,-190,2383,7375,0,0,0,203,567,8,602.3,3962.5,0.270,0.191,1.285,-6.119,-22.703,-75.348,542.9,1,0.7954,-0.1859,0.3618,0.4492,0.0,0.0,0.2
155623,2026-08-29_06-24-10.624-240,v3.5.7,3.48,12.0,400,884,1999,7449,-160,2139,7440,-495,1641,7409,-288,2180,7434,0,0,0,207,539,25,577.9,3802.1,0.165,-0.016,1.268,-13.838,-21.266,-87.905,522.5,1,0.7286,-0.1706,0.3930,0.5344,0.0,0.0,0.2
155652,2026-08-29_06-24-10.654-240,v3.5.7,3.48,12.0,400,884,1999,7449,-336,1940,7497,-495,1641,7409,-466,1984,7491,0,0,0,29,343,82,353.9,2328.0,0.075,0.041,1.230,1.345,-19.984,-88.858,334.4,1,0.6555,-0.1381,0.4281,0.6065,0.0,0.0,0.0
155683,2026-08-29_06-24-10.685-240,v3.5.7,3.48,12.0,400,737,1809,7502,-336,1940,7497,-649,1451,7440,-466,1984,7491,0,0,0,183,533,51,565.8,3722.7,0.000,-0.003,1.153,18.846,-27.109,-90.483,512.3,1,0.5716,-0.0940,0.4767,0.6612,0.0,0.0,0.2
155710,2026-08-29_06-24-10.712-240,v3.5.7,3.48,12.0,400,755,1590,7546,-416,1702,7587,-637,1229,7488,-546,1748,7579,0,0,0,91,519,91,534.7,3517.9,0.064,0.109,1.115,31.293,-30.781,-93.393,486.2,1,0.4759,-0.0410,0.5311,0.6999,0.0,0.0,0.2
155755,2026-08-29_06-24-10.759-240,v3.5.7,3.48,12.0,400,755,1590,7546,-304,1409,7683,-637,1229,7488,-431,1456,7672,0,0,0,206,227,184,357.5,2352.1,0.257,0.447,0.802,28.729,-33.453,-100.771,337.5,1,0.3636,0.0137,0.5757,0.7322,0.0,0.0,0.2
155795,2026-08-29_06-24-10.797-240,v3.5.7,3.48,12.0,400,933,1328,7577,-304,1409,7683,-464,962,7546,-431,1456,7672,0,0,0,33,494,126,510.9,3361.1,0.100,0.376,1.066,9.401,-35.281,-110.217,466.2,1,0.2348,0.0644,0.5922,0.7681,0.0,0.0,0.0
155825,2026-08-29_06-24-10.829-240,v3.5.7,3.48,12.0,400,1029,1084,7597,-164,1092,7700,-371,715,7582,-286,1140,7686,0,0,0,85,425,104,445.7,2932.4,0.247,0.171,1.103,4.689,-32.375,-110.004,411.5,1,0.1038,0.1150,0.5912,0.7915,0.0,0.0,0.2
155858,2026-08-29_06-24-10.859-240,v3.5.7,3.48,12.0,400,1029,1084,7597,-164,1092,7700,-371,715,7582,-286,1140,7686,0,0,0,85,425,104,445.7,2932.4,0.245,0.306,0.737,-6.674,-35.359,-103.841,411.5,1,-0.0238,0.1544,0.5688,0.8075,0.0,0.0,0.0
155889,2026-08-29_06-24-10.891-240,v3.5.7,3.48,12.0,400,1034,845,7614,-176,839,7738,-368,474,7601,-297,888,7723,0,0,0,71,414,122,437.4,2877.6,0.196,0.454,0.988,-30.420,-28.688,-117.158,404.5,1,-0.1547,0.2072,0.5084,0.8214,0.0,0.0,0.0
155918,2026-08-29_06-24-10.920-240,v3.5.7,3.48,12.0,400,865,629,7631,-176,839,7738,-538,258,7594,-297,888,7723,0,0,0,241,630,129,686.7,4518.1,0.226,0.191,1.042,-25.309,-19.406,-127.398,613.8,1,-0.2875,0.2695,0.4397,0.8071,0.0,0.0,0.2
155973,2026-08-29_06-24-10.975-240,v3.5.7,3.48,12.0,400,771,441,7645,-307,565,7756,-632,70,7595,-428,616,7741,0,0,0,204,546,146,600.9,3953.1,0.007,0.522,1.123,-39.628,-12.359,-127.701,541.7,1,-0.4041,0.3367,0.3473,0.7764,0.0,0.0,0.2
156018,2026-08-29_06-24-10.019-240,v3.5.7,3.48,12.0,400,771,441,7645,-509,391,7779,-632,70,7595,-633,445,7764,0,0,0,-1,375,169,411.3,2706.1,0.406,0.705,1.683,-132.143,-5.359,-134.097,382.6,1,-0.4681,0.4442,0.1555,0.7479,0.0,0.0,0.2
156049,2026-08-29_06-24-10.051-240,v3.5.7,3.48,12.0,400,368,355,7688,-1058,294,7692,-1039,-10,7577,-1189,352,7682,0,0,0,-150,362,105,405.7,2668.9,0.425,0.320,1.169,-154.998,12.734,-133.964,377.9,1,-0.4890,0.5548,-0.0547,0.6709,0.0,0.0,0.0
156202,2026-08-29_06-24-10.203-240,v3.5.7,3.48,12.0,400,-2116,45,7365,-3007,98,7067,-3447,-273,6894,-3164,169,7079,0,0,0,283,442,185,556.5,3661.1,-0.026,-0.731,0.963,55.931,10.547,-96.594,504.5,1,-0.6037,0.5177,-0.0678,0.6025,0.0,0.0,0.2
156232,2026-08-29_06-24-10.234-240,v3.5.7,3.48,12.0,400,-2116,45,7365,-3274,-69,7004,-3447,-273,6894,-3433,4,7018,0,0,0,14,277,124,303.8,1998.8,0.075,-0.083,1.034,101.255,2.297,-78.216,292.4,1,-0.7192,0.4307,-0.0400,0.5437,0.0,0.0,0.2
156267,2026-08-29_06-24-10.268-240,v3.5.7,3.48,12.0,400,-1872,-120,7459,-3274,-69,7004,-3220,-446,7023,-3433,4,7018,0,0,0,-213,450,-5,497.9,3275.6,0.090,0.340,1.065,62.573,-4.656,-77.714,455.3,1,-0.7993,0.3644,-0.0432,0.4758,0.0,-nan,0.2
156293,2026-08-29_06-24-10.294-240,v3.5.7,3.48,12.0,400,-1301,-323,7563,-2671,-310,7256,-2670,-662,7211,-2821,-238,7261,0,0,0,-151,424,50,452.9,2979.3,0.096,0.341,1.086,50.540,-8.109,-78.182,417.5,1,-0.8626,0.3026,-0.0565,0.4014,0.0,-nan,0.2
156345,2026-08-29_06-24-10.348-240,v3.5.7,3.48,12.0,400,-915,-486,7600,-2213,-527,7407,-2292,-833,7306,-2355,-457,7406,0,0,0,-63,376,100,394.1,2593.0,0.150,0.607,1.183,-3.432,-2.797,-80.850,368.2,1,-0.8972,0.2975,-0.0913,0.3135,0.0,-nan,0.2
156392,2026-08-29_06-24-10.394-240,v3.5.7,3.48,12.0,400,-915,-486,7600,-2125,-683,7382,-2292,-833,7306,-2264,-613,7380,0,0,0,28,220,74,233.8,1538.1,0.170,0.282,1.008,-61.397,1.703,-84.749,233.7,1,-0.9001,0.3541,-0.1438,0.2090,0.0,-nan,0.2
156440,2026-08-29_06-24-10.441-240,v3.5.7,3.48,12.0,400,-955,-588,7560,-2125,-683,7382,-2325,-934,7261,-2264,-613,7380,0,0,0,61,321,119,347.7,2287.8,0.081,-0.074,0.999,-20.210,-0.703,-73.130,329.3,1,-0.9062,0.3617,-0.1814,0.1229,0.0,-nan,0.2
156469,2026-08-29_06-24-10.471-240,v3.5.7,3.48,12.0,400,-1223,-755,7543,-2391,-827,7257,-2587,-1097,7206,-2532,-754,7258,0,0,0,55,343,52,351.3,2310.9,0.182,0.051,1.069,-1.640,-3.500,-65.809,332.2,1,-0.9117,0.3467,-0.2147,0.0493,0.0,-nan,0.0
156496,2026-08-29_06-24-11.497-240,v3.5.7,3.48,12.0,400,-1223,-755,7543,-2391,-827,7257,-2587,-1097,7206,-2532,-754,7258,0,0,0,55,343,52,351.3,2310.9,0.106,0.083,1.125,11.966,-1.891,-55.587,332.2,1,-0.9176,0.3171,-0.2395,-0.0100,0.0,-nan,0.2
156545,2026-08-29_06-24-11.549-240,v3.5.7,3.48,12.0,400,-1178,-897,7526,-2363,-983,7281,-2539,-1241,7197,-2503,-910,7281,0,0,0,36,331,84,343.4,2259.1,0.140,0.248,1.187,11.611,-1.766,-46.920,325.6,1,-0.9195,0.2890,-0.2598,-0.0595,0.0,-nan,0.2
156577,2026-08-29_06-24-11.578-240,v3.5.7,3.48,12.0,400,-1024,-974,7532,-2194,-1058,7335,-2387,-1321,7226,-2331,-985,7332,0,0,0,56,336,106,356.7,2347.0,0.267,0.330,1.088,3.027,-0.344,-45.663,336.8,1,-0.9156,0.2701,-0.2764,-0.1108,0.0,-nan,0.2
156615,2026-08-29_06-24-11.619-240,v3.5.7,3.48,12.0,400,-930,-1047,7553,-2194,-1058,7335,-2297,-1396,7261,-2331,-985,7332,0,0,0,-34,411,71,418.5,2753.1,0.054,0.252,1.118,-13.550,4.828,-42.406,388.6,1,-0.9055,0.2697,-0.2828,-0.1654,0.0,-nan,0.2
156651,2026-08-29_06-24-11.653-240,v3.5.7,3.48,12.0,400,-930,-1047,7553,-2129,-1155,7343,-2297,-1396,7261,-2264,-1082,7339,0,0,0,33,314,78,325.2,2139.6,0.046,0.167,1.145,-8.850,3.594,-38.985,310.4,1,-0.8947,0.2647,-0.2896,-0.2136,0.0,-nan,0.2
156682,2026-08-29_06-24-11.684-240,v3.5.7,3.48,12.0,400,-949,-1085,7547,-2155,-1170,7327,-2314,-1434,7253,-2290,-1097,7324,0,0,0,24,337,71,345.2,2271.3,0.018,0.198,1.100,-9.447,4.797,-33.643,327.2,1,-0.8835,0.2614,-0.2925,-0.2560,0.0,-nan,0.2
156729,2026-08-29_06-24-11.731-240,v3.5.7,3.48,12.0,400,-971,-1080,7552,-2155,-1170,7327,-2337,-1429,7255,-2290,-1097,7324,0,0,0,47,332,69,342.3,2252.2,0.078,0.213,1.121,-7.702,8.172,-28.246,324.8,1,-0.8744,0.2566,-0.2899,-0.2925,0.0,-nan,0.2
156759,2026-08-29_06-24-11.761-240,v3.5.7,3.48,12.0,400,-971,-1080,7552,-2160,-1158,7327,-2337,-1429,7255,-2295,-1085,7324,0,0,0,42,344,69,353.4,2324.7,0.102,0.195,1.102,-9.166,9.234,-25.344,334.0,1,-0.8650,0.2537,-0.2844,-0.3263,0.0,-nan,0.2
156790,2026-08-29_06-24-11.791-240,v3.5.7,3.48,12.0,400,-977,-1085,7572,-2160,-1158,7327,-2346,-1434,7273,-2295,-1085,7324,0,0,0,51,349,51,356.4,2344.6,0.084,0.209,1.111,-5.646,10.516,-18.716,336.5,1,-0.8591,0.2486,-0.2764,-0.3518,0.0,-nan,0.2
156819,2026-08-29_06-24-11.821-240,v3.5.7,3.48,12.0,400,-991,-1026,7565,-2163,-1127,7336,-2359,-1374,7264,-2299,-1054,7333,0,0,0,60,320,69,332.8,2189.5,0.070,0.225,1.123,-7.166,11.328,-17.099,316.8,1,-0.8530,0.2451,-0.2662,-0.3761,0.0,-nan,0.0
156862,2026-08-29_06-24-11.864-240,v3.5.7,3.48,12.0,400,-991,-1026,7565,-2166,-1055,7349,-2359,-1374,7264,-2303,-983,7346,0,0,0,56,391,82,403.4,2654.0,0.061,0.157,1.135,-12.322,7.969,-18.686,376.0,1,-0.8428,0.2480,-0.2575,-0.4024,0.0,-nan,0.0
156908,2026-08-29_06-24-11.909-240,v3.5.7,3.48,12.0,400,-1064,-948,7571,-2166,-1055,7349,-2433,-1295,7258,-2303,-983,7346,0,0,0,130,312,88,349.3,2297.8,0.049,0.167,1.141,-10.246,5.281,-20.372,330.6,1,-0.8308,0.2493,-0.2529,-0.4287,0.0,-nan,0.2
156936,2026-08-29_06-24-11.937-240,v3.5.7,3.48,12.0,400,-1082,-933,7564,-2224,-1034,7350,-2450,-1279,7249,-2362,-961,7348,0,0,0,88,318,99,344.5,2266.3,0.086,0.198,1.108,-12.866,4.141,-18.535,326.6,1,-0.8179,0.2543,-0.2473,-0.4531,0.0,-nan,0.2
156983,2026-08-29_06-24-11.984-240,v3.5.7,3.48,12.0,400,-1140,-930,7597,-2263,-1008,7305,-2513,-1276,7272,-2401,-935,7304,0,0,0,112,341,32,360.3,2370.7,0.012,0.136,1.103,-7.533,3.719,-15.642,339.9,1,-0.8076,0.2548,-0.2440,-0.4725,0.0,-nan,0.2
157023,2026-08-29_06-24-11.025-240,v3.5.7,3.48,12.0,400,-1140,-930,7597,-2263,-1008,7305,-2513,-1276,7272,-2401,-935,7304,0,0,0,112,341,32,360.3,2370.7,0.068,0.124,1.115,-0.357,1.344,-14.931,339.9,1,-0.7990,0.2496,-0.2471,-0.4881,0.0,-nan,0.2
157071,2026-08-29_06-24-11.073-240,v3.5.7,3.48,12.0,400,-1149,-939,7545,-2277,-988,7310,-2513,-1284,7220,-2416,-915,7309,0,0,0,97,369,89,391.8,2577.5,-0.000,0.231,1.042,-2.595,1.016,-16.995,366.2,1,-0.7880,0.2461,-0.2497,-0.5061,0.0,-nan,0.2
157099,2026-08-29_06-24-11.101-240,v3.5.7,3.48,12.0,400,-1098,-939,7557,-2256,-1005,7320,-2464,-1285,7240,-2394,-932,7318,0,0,0,70,353,78,368.2,2422.6,0.123,0.130,1.126,-6.576,2.062,-19.297,346.5,1,-0.7742,0.2450,-0.2492,-0.5277,0.0,-nan,0.2
157142,2026-08-29_06-24-11.144-240,v3.5.7,3.48,12.0,400,-1118,-949,7539,-2256,-1005,7320,-2481,-1294,7219,-2394,-932,7318,0,0,0,87,362,99,385.2,2534.5,0.024,0.214,1.088,-6.009,2.953,-17.658,360.8,1,-0.7615,0.2431,-0.2477,-0.5474,0.0,-nan,0.2
157182,2026-08-29_06-24-11.184-240,v3.5.7,3.48,12.0,400,-1118,-949,7539,-2252,-1007,7325,-2481,-1294,7219,-2390,-934,7323,0,0,0,91,360,104,385.6,2536.9,0.046,0.154,1.123,-4.856,4.547,-13.849,361.1,1,-0.7519,0.2401,-0.2441,-0.5634,0.0,-nan,0.2
157229,2026-08-29_06-24-11.231-240,v3.5.7,3.48,12.0,400,-1131,-952,7547,-2266,-991,7312,-2495,-1297,7225,-2404,-918,7311,0,0,0,91,379,86,399.1,2626.0,0.028,0.192,1.119,2.116,3.938,-7.085,372.4,1,-0.7487,0.2330,-0.2439,-0.5706,0.0,-nan,0.2
157259,2026-08-29_06-24-11.262-240,v3.5.7,3.48,12.0,400,-1124,-926,7543,-2266,-991,7312,-2488,-1271,7222,-2404,-918,7311,0,0,0,84,353,89,373.6,2458.0,0.028,0.193,1.122,-1.031,2.516,-4.817,351.0,1,-0.7458,0.2305,-0.2421,-0.5762,0.0,-nan,0.0
157287,2026-08-29_06-24-11.288-240,v3.5.7,3.48,12.0,400,-1108,-909,7555,-2241,-971,7333,-2474,-1254,7236,-2379,-899,7331,0,0,0,95,355,95,379.6,2497.2,0.030,0.151,1.110,0.033,1.891,-3.068,356.0,1,-0.7442,0.2280,-0.2412,-0.5796,0.0,-nan,0.2
157335,2026-08-29_06-24-11.337-240,v3.5.7,3.48,12.0,400,-1108,-909,7555,-2231,-939,7332,-2474,-1254,7236,-2369,-867,7330,0,0,0,105,387,94,411.9,2709.6,0.027,0.224,1.114,-7.205,2.281,-3.292,383.1,1,-0.7405,0.2318,-0.2347,-0.5855,0.0,-nan,0.2
157378,2026-08-29_06-24-11.379-240,v3.5.7,3.48,12.0,400,-1116,-896,7553,-2231,-939,7332,-2482,-1241,7233,-2369,-867,7330,0,0,0,113,374,97,402.6,2648.4,0.058,0.125,1.114,-10.200,4.891,-2.699,375.3,1,-0.7370,0.2367,-0.2234,-0.5924,0.0,-nan,0.2
157408,2026-08-29_06-24-11.409-240,v3.5.7,3.48,12.0,400,-1161,-859,7554,-2260,-903,7322,-2527,-1203,7227,-2399,-831,7321,0,0,0,128,372,94,404.5,2661.1,0.016,0.146,1.094,-6.720,6.875,-0.577,376.9,1,-0.7365,0.2374,-0.2121,-0.5969,0.0,-nan,0.2
157442,2026-08-29_06-24-11.444-240,v3.5.7,3.48,12.0,400,-1161,-859,7554,-2312,-854,7325,-2527,-1203,7227,-2452,-782,7324,0,0,0,75,421,97,438.5,2884.8,-0.019,0.139,1.116,-4.481,4.812,0.927,405.4,1,-0.7371,0.2380,-0.2040,-0.5986,0.0,-nan,0.2
157492,2026-08-29_06-24-12.494-240,v3.5.7,3.48,12.0,400,-1201,-791,7553,-2312,-854,7325,-2567,-1134,7219,-2452,-782,7324,0,0,0,115,352,105,384.9,2532.3,-0.008,0.141,1.116,3.092,1.578,3.231,360.5,1,-0.7409,0.2346,-0.2038,-0.5954,0.0,-nan,0.2
157523,2026-08-29_06-24-12.525-240,v3.5.7,3.48,12.0,400,-1211,-763,7609,-2298,-827,7315,-2586,-1107,7272,-2438,-755,7315,0,0,0,148,352,43,384.3,2528.0,-0.003,0.119,1.114,7.501,0.719,4.023,359.9,1,-0.7463,0.2280,-0.2074,-0.5899,0.0,-nan,0.2
157553,2026-08-29_06-24-12.554-240,v3.5.7,3.48,12.0,400,-1169,-750,7578,-2298,-827,7315,-2539,-1094,7248,-2438,-755,7315,0,0,0,101,339,67,360.0,2368.5,0.033,0.269,1.119,5.746,1.562,1.734,339.6,1,-0.7497,0.2217,-0.2096,-0.5873,0.0,-nan,0.2
157599,2026-08-29_06-24-12.601-240,v3.5.7,3.48,12.0,400,-1169,-750,7578,-2248,-781,7328,-2539,-1094,7248,-2388,-709,7327,0,0,0,151,385,79,421.0,2769.9,0.032,0.228,1.102,-17.954,3.672,-4.411,390.8,1,-0.7422,0.2344,-0.1941,-0.5970,0.0,-nan,0.0
157628,2026-08-29_06-24-12.629-240,v3.5.7,3.48,12.0,400,-1163,-717,7585,-2271,-761,7309,-2535,-1061,7256,-2411,-689,7309,0,0,0,124,372,53,395.7,2603.2,-0.016,0.069,1.103,-17.902,6.359,-4.477,369.5,1,-0.7350,0.2449,-0.1760,-0.6072,0.0,-nan,0.2
157669,2026-08-29_06-24-12.670-240,v3.5.7,3.48,12.0,400,-1272,-654,7569,-2271,-761,7309,-2640,-996,7224,-2411,-689,7309,0,0,0,229,307,85,392.3,2581.1,-0.122,0.111,1.215,-4.866,2.578,0.103,366.7,1,-0.7342,0.2473,-0.1698,-0.6090,0.0,-nan,0.0
157702,2026-08-29_06-24-12.704-240,v3.5.7,3.48,12.0,400,-1272,-654,7569,-2349,-698,7249,-2640,-996,7224,-2490,-626,7250,0,0,0,150,370,26,400.1,2632.2,-0.009,0.182,1.120,-0.414,0.656,-0.248,373.2,1,-0.7341,0.2469,-0.1689,-0.6096,0.0,-nan,0.2
157732,2026-08-29_06-24-12.734-240,v3.5.7,3.48,12.0,400,-1295,-622,7561,-2349,-698,7249,-2662,-963,7212,-2490,-626,7250,0,0,0,172,337,38,380.3,2501.7,0.083,0.218,1.104,-7.071,1.141,-3.279,356.6,1,-0.7297,0.2516,-0.1635,-0.6144,0.0,-nan,0.2
157763,2026-08-29_06-24-12.764-240,v3.5.7,3.48,12.0,400,-1316,-618,7559,-2357,-690,7208,-2682,-958,7207,-2498,-619,7210,0,0,0,184,339,3,385.7,2537.7,0.009,0.092,1.137,-9.201,-0.016,-7.155,361.2,1,-0.7213,0.2583,-0.1586,-0.6228,0.0,-nan,0.2
157809,2026-08-29_06-24-12.811-240,v3.5.7,3.48,12.0,400,-1316,-618,7559,-2396,-665,7201,-2682,-958,7207,-2538,-593,7203,0,0,0,144,365,-4,392.4,2581.6,0.057,0.221,1.103,-11.772,-1.391,-4.859,366.8,1,-0.7134,0.2688,-0.1522,-0.6290,0.0,-nan,0.2
157842,2026-08-29_06-24-12.844-240,v3.5.7,3.48,12.0,400,-1360,-627,7550,-2396,-665,7201,-2725,-967,7192,-2538,-593,7203,0,0,0,187,374,11,418.3,2751.9,0.086,0.044,1.178,-17.256,0.078,-6.763,388.5,1,-0.7021,0.2826,-0.1407,-0.6382,0.0,-nan,0.2
157872,2026-08-29_06-24-12.874-240,v3.5.7,3.48,12.0,400,-1436,-625,7526,-2457,-692,7188,-2796,-963,7157,-2600,-620,7191,0,0,0,196,343,34,396.5,2608.6,0.025,0.043,1.112,-3.208,0.016,-3.994,370.2,1,-0.6979,0.2845,-0.1395,-0.6423,0.0,-nan,0.2
157916,2026-08-29_06-24-12.917-240,v3.5.7,3.48,12.0,400,-1436,-625,7526,-2487,-693,7178,-2796,-963,7157,-2630,-621,7181,0,0,0,166,342,24,380.9,2506.0,-0.026,0.173,1.123,1.079,-0.375,-3.131,357.1,1,-0.6957,0.2831,-0.1418,-0.6448,0.0,-nan,0.2
157960,2026-08-29_06-24-12.964-240,v3.5.7,3.48,12.0,400,-1428,-612,7530,-2487,-693,7178,-2789,-950,7162,-2630,-621,7181,0,0,0,159,329,19,365.9,2407.2,-0.005,0.098,1.112,-2.681,-1.406,-3.955,344.5,1,-0.6914,0.2857,-0.1422,-0.6482,0.0,-nan,0.2
157989,2026-08-29_06-24-12.991-240,v3.5.7,3.48,12.0,400,-1415,-622,7537,-2475,-694,7178,-2777,-960,7171,-2618,-622,7181,0,0,0,159,338,10,373.7,2458.3,0.009,0.130,1.120,0.958,-0.906,-2.809,351.0,1,-0.6893,0.2849,-0.1447,-0.6502,0.0,-nan,0.2
158023,2026-08-29_06-24-12.024-240,v3.5.7,3.48,12.0,400,-1415,-622,7537,-2475,-694,7178,-2777,-960,7171,-2618,-622,7181,0,0,0,159,338,10,373.7,2458.3,0.004,0.220,1.117,-5.168,-1.078,-4.107,351.0,1,-0.6840,0.2892,-0.1428,-0.6543,0.0,-nan,0.2
158053,2026-08-29_06-24-12.054-240,v3.5.7,3.48,12.0,400,-1412,-619,7543,-2468,-710,7171,-2775,-958,7177,-2611,-638,7174,0,0,0,164,320,-3,359.6,2365.7,-0.012,0.098,1.118,-9.270,-1.375,-4.463,339.2,1,-0.6767,0.2973,-0.1380,-0.6593,0.0,-nan,0.2
158079,2026-08-29_06-24-12.080-240,v3.5.7,3.48,12.0,400,-1433,-628,7529,-2468,-710,7171,-2793,-966,7160,-2611,-638,7174,0,0,0,182,328,14,375.4,2469.6,0.019,0.002,1.107,-0.357,-1.656,-3.493,352.5,1,-0.6735,0.2982,-0.1403,-0.6617,0.0,-nan,0.2
158127,2026-08-29_06-24-12.129-240,v3.5.7,3.48,12.0,400,-1433,-628,7529,-2479,-680,7167,-2793,-966,7160,-2622,-608,7170,0,0,0,171,358,10,396.9,2611.0,0.080,0.267,1.092,6.427,-1.266,-1.149,370.5,1,-0.6747,0.2934,-0.1471,-0.6611,0.0,-nan,0.0
158158,2026-08-29_06-24-12.159-240,v3.5.7,3.48,12.0,400,-1403,-620,7542,-2436,-697,7188,-2766,-959,7177,-2578,-625,7191,0,0,0,188,334,14,383.5,2523.2,0.053,0.215,1.105,-8.920,-0.688,-3.637,359.3,1,-0.6683,0.3006,-0.1416,-0.6655,0.0,-nan,0.2
158207,2026-08-29_06-24-12.209-240,v3.5.7,3.48,12.0,400,-1404,-622,7533,-2464,-673,7188,-2765,-960,7168,-2607,-601,7191,0,0,0,158,359,23,392.9,2584.9,-0.051,0.072,1.126,0.925,-1.672,-3.024,367.2,1,-0.6659,0.3005,-0.1449,-0.6673,0.0,-nan,0.2
158253,2026-08-29_06-24-12.254-240,v3.5.7,3.48,12.0,400,-1399,-621,7517,-2464,-673,7188,-2758,-959,7154,-2607,-601,7191,0,0,0,151,358,37,390.3,2567.8,0.056,0.198,1.103,-3.931,-1.078,-4.153,365.0,1,-0.6608,0.3037,-0.1440,-0.6711,0.0,-nan,0.2
158282,2026-08-29_06-24-12.284-240,v3.5.7,3.48,12.0,400,-1399,-621,7517,-2458,-688,7182,-2758,-959,7154,-2601,-616,7185,0,0,0,157,343,31,378.5,2490.1,0.027,0.089,1.107,-5.602,-0.406,-4.109,355.1,1,-0.6552,0.3077,-0.1412,-0.6753,0.0,-nan,0.2
158313,2026-08-29_06-24-12.314-240,v3.5.7,3.48,12.0,400,-1412,-623,7538,-2458,-688,7182,-2774,-961,7172,-2601,-616,7185,0,0,0,173,345,13,386.2,2540.6,0.032,0.060,1.108,2.960,-1.406,-2.936,361.5,1,-0.6537,0.3058,-0.1459,-0.6767,0.0,-nan,0.2
158343,2026-08-29_06-24-12.344-240,v3.5.7,3.48,12.0,400,-1398,-624,7534,-2464,-686,7182,-2760,-963,7170,-2607,-614,7185,0,0,0,153,349,15,381.4,2508.9,0.003,0.110,1.082,9.092,-1.250,-1.659,357.5,1,-0.6555,0.2989,-0.1552,-0.6759,0.0,-nan,0.2
158390,2026-08-29_06-24-12.393-240,v3.5.7,3.48,12.0,400,-1398,-624,7534,-2408,-688,7223,-2760,-963,7170,-2550,-616,7225,0,0,0,210,347,55,409.3,2692.8,-0.021,0.279,1.127,-9.113,-0.531,-5.221,381.0,1,-0.6476,0.3056,-0.1499,-0.6818,0.0,-nan,0.0
158427,2026-08-29_06-24-12.428-240,v3.5.7,3.48,12.0,400,-1356,-626,7531,-2408,-688,7223,-2717,-965,7174,-2550,-616,7225,0,0,0,167,349,51,390.2,2567.4,-0.008,0.025,1.116,-7.674,-0.625,-4.699,365.0,1,-0.6406,0.3112,-0.1456,-0.6868,0.0,-nan,0.2
158455,2026-08-29_06-24-12.457-240,v3.5.7,3.48,12.0,400,-1402,-613,7543,-2432,-697,7187,-2765,-952,7178,-2574,-625,7190,0,0,0,191,327,12,378.9,2492.7,-0.017,0.076,1.118,3.010,-0.984,-2.568,355.4,1,-0.6394,0.3090,-0.1499,-0.6879,0.0,-nan,0.2
158492,2026-08-29_06-24-13.493-240,v3.5.7,3.48,12.0,400,-1402,-613,7543,-2428,-687,7188,-2765,-952,7178,-2570,-615,7191,0,0,0,195,337,13,389.6,2562.9,0.001,0.192,1.117,2.140,-1.359,-2.950,364.4,1,-0.6375,0.3077,-0.1539,-0.6894,0.0,-nan,0.2
158545,2026-08-29_06-24-13.549-240,v3.5.7,3.48,12.0,400,-1360,-647,7545,-2428,-687,7188,-2724,-987,7187,-2570,-615,7191,0,0,0,154,372,4,402.6,2648.9,-0.019,0.084,1.119,-4.813,-0.547,-4.618,375.4,1,-0.6316,0.3109,-0.1519,-0.6938,0.0,-nan,0.2
158574,2026-08-29_06-24-13.575-240,v3.5.7,3.48,12.0,400,-1378,-607,7543,-2417,-698,7181,-2741,-946,7182,-2559,-626,7184,0,0,0,182,320,2,368.1,2422.0,-0.024,0.118,1.121,2.905,-0.953,-2.561,346.4,1,-0.6304,0.3088,-0.1562,-0.6949,0.0,-nan,0.2
158605,2026-08-29_06-24-13.609-240,v3.5.7,3.48,12.0,400,-1378,-607,7543,-2417,-698,7181,-2741,-946,7182,-2559,-626,7184,0,0,0,182,320,2,368.1,2422.0,-0.014,0.176,1.120,-0.858,-1.250,-2.518,346.4,1,-0.6276,0.3099,-0.1573,-0.6966,0.0,-nan,0.2
158635,2026-08-29_06-24-13.637-240,v3.5.7,3.48,12.0,400,-1370,-624,7559,-2408,-659,7200,-2736,-964,7199,-2550,-587,7202,0,0,0,186,377,3,420.4,2765.8,-0.004,0.121,1.125,-2.746,-0.234,-3.755,390.3,1,-0.6233,0.3113,-0.1565,-0.7001,0.0,-nan,0.2
158663,2026-08-29_06-24-13.664-240,v3.5.7,3.48,12.0,400,-1353,-619,7556,-2408,-659,7200,-2719,-959,7198,-2550,-587,7202,0,0,0,169,372,4,408.6,2688.2,-0.003,0.167,1.116,-1.552,-0.344,-3.470,380.4,1,-0.6197,0.3119,-0.1568,-0.7030,0.0,-nan,0.2
158707,2026-08-29_06-24-13.708-240,v3.5.7,3.48,12.0,400,-1353,-619,7556,-2394,-706,7206,-2719,-959,7198,-2536,-634,7208,0,0,0,183,325,10,373.1,2454.7,-0.009,0.136,1.117,-7.526,-0.875,-3.972,350.6,1,-0.6131,0.3175,-0.1523,-0.7072,0.0,-nan,0.2
158735,2026-08-29_06-24-13.738-240,v3.5.7,3.48,12.0,400,-1367,-614,7545,-2423,-687,7192,-2731,-953,7186,-2565,-615,7194,0,0,0,166,338,8,376.6,2477.9,-0.015,0.090,1.119,-3.733,-0.641,-3.528,353.5,1,-0.6084,0.3201,-0.1509,-0.7104,0.0,-nan,0.2
158777,2026-08-29_06-24-13.778-240,v3.5.7,3.48,12.0,400,-1375,-619,7545,-2423,-687,7192,-2739,-958,7184,-2565,-615,7194,0,0,0,174,343,10,384.7,2531.2,0.007,0.153,1.113,0.025,-0.609,-3.551,360.3,1,-0.6052,0.3198,-0.1527,-0.7129,0.0,-nan,0.2
158819,2026-08-29_06-24-13.821-240,v3.5.7,3.48,12.0,400,-1347,-619,7548,-2405,-696,7197,-2711,-959,7192,-2547,-624,7199,0,0,0,164,335,7,373.1,2454.3,-0.012,0.203,1.117,-6.300,-0.453,-4.319,350.5,1,-0.5988,0.3239,-0.1492,-0.7172,0.0,-nan,0.0
158863,2026-08-29_06-24-13.864-240,v3.5.7,3.48,12.0,400,-1347,-619,7548,-2436,-693,7180,-2711,-959,7192,-2578,-621,7183,0,0,0,133,338,-9,363.3,2390.4,-0.004,0.053,1.112,-6.831,-0.453,-0.801,342.4,1,-0.5952,0.3291,-0.1436,-0.7189,0.0,-nan,0.0
158900,2026-08-29_06-24-13.904-240,v3.5.7,3.48,12.0,400,-1411,-618,7531,-2436,-693,7180,-2772,-956,7165,-2578,-621,7183,0,0,0,194,335,18,387.5,2549.6,-0.004,0.089,1.116,5.728,-0.344,-2.423,362.7,1,-0.5954,0.3245,-0.1500,-0.7195,0.0,-nan,0.0
158929,2026-08-29_06-24-13.930-240,v3.5.7,3.48,12.0,400,-1401,-616,7542,-2459,-690,7182,-2764,-955,7178,-2602,-618,7185,0,0,0,162,337,7,374.0,2460.4,0.010,0.287,1.114,-2.895,-0.797,-3.921,351.3,1,-0.5906,0.3264,-0.1496,-0.7227,0.0,-nan,0.2
158969,2026-08-29_06-24-13.971-240,v3.5.7,3.48,12.0,400,-1401,-616,7542,-2442,-691,7187,-2764,-955,7178,-2584,-619,7190,0,0,0,180,336,12,381.4,2509.0,-0.001,0.061,1.115,-5.898,-0.844,-3.685,357.5,1,-0.5847,0.3307,-0.1463,-0.7262,0.0,-nan,0.0
159012,2026-08-29_06-24-13.014-240,v3.5.7,3.48,12.0,400,-1398,-626,7545,-2442,-691,7187,-2761,-965,7181,-2584,-619,7190,0,0,0,177,346,9,388.7,2557.6,-0.016,0.140,1.115,2.082,-0.594,-2.988,363.7,1,-0.5828,0.3290,-0.1498,-0.7278,0.0,-nan,0.2
159043,2026-08-29_06-24-13.045-240,v3.5.7,3.48,12.0,400,-1384,-623,7544,-2466,-663,7186,-2747,-962,7182,-2609,-591,7189,0,0,0,138,371,7,395.9,2604.6,-0.010,0.172,1.120,-1.051,-1.047,-2.695,369.7,1,-0.5798,0.3300,-0.1507,-0.7296,0.0,-nan,0.2
159075,2026-08-29_06-24-13.076-240,v3.5.7,3.48,12.0,400,-1384,-623,7544,-2466,-663,7186,-2747,-962,7182,-2609,-591,7189,0,0,0,138,371,7,395.9,2604.6,-0.010,0.150,1.117,-6.797,-1.328,-3.960,369.7,1,-0.5731,0.3352,-0.1471,-0.7332,0.0,-nan,0.2
159126,2026-08-29_06-24-13.128-240,v3.5.7,3.48,12.0,400,-1398,-594,7545,-2441,-678,7159,-2762,-933,7181,-2583,-606,7162,0,0,0,179,327,-19,373.3,2455.7,-0.004,0.111,1.117,1.143,-0.750,-3.114,350.7,1,-0.5707,0.3343,-0.1499,-0.7349,0.0,-nan,0.0
159155,2026-08-29_06-24-13.158-240,v3.5.7,3.48,12.0,400,-1407,-618,7542,-2443,-687,7181,-2770,-957,7177,-2585,-615,7184,0,0,0,185,342,7,388.9,2558.5,-0.006,0.194,1.115,-1.273,-0.906,-3.956,363.8,1,-0.5664,0.3351,-0.1511,-0.7376,0.0,-nan,0.2
159189,2026-08-29_06-24-13.191-240,v3.5.7,3.48,12.0,400,-1399,-621,7538,-2443,-687,7181,-2761,-960,7174,-2585,-615,7184,0,0,0,176,345,10,387.4,2548.9,-0.006,0.082,1.115,-1.863,-0.500,-3.507,362.6,1,-0.5623,0.3360,-0.1511,-0.7403,0.0,-nan,0.2
159233,2026-08-29_06-24-13.234-240,v3.5.7,3.48,12.0,400,-1399,-621,7538,-2442,-698,7183,-2761,-960,7174,-2584,-626,7186,0,0,0,177,334,12,378.2,2488.1,-0.003,0.164,1.118,-2.007,-0.719,-3.226,354.8,1,-0.5584,0.3373,-0.1511,-0.7427,0.0,-nan,0.2
159263,2026-08-29_06-24-13.264-240,v3.5.7,3.48,12.0,400,-1395,-621,7547,-2442,-690,7193,-2759,-960,7183,-2585,-618,7196,0,0,0,174,342,13,383.9,2525.9,-0.000,0.162,1.118,-6.068,-0.422,-3.822,359.7,1,-0.5523,0.3410,-0.1473,-0.7463,0.0,-nan,0.2
159309,2026-08-29_06-24-13.310-240,v3.5.7,3.50,12.0,400,-1407,-615,7559,-2442,-690,7193,-2773,-954,7193,-2585,-618,7196,0,0,0,188,336,3,385.0,2533.1,-0.008,0.127,1.119,-4.754,-0.578,-3.859,360.6,1,-0.5466,0.3440,-0.1449,-0.7496,0.0,-nan,0.0
159337,2026-08-29_06-24-13.338-240,v3.5.7,3.50,12.0,400,-1407,-615,7559,-2461,-688,7182,-2773,-954,7193,-2604,-616,7185,0,0,0,169,338,-8,378.0,2486.7,-0.004,0.087,1.115,-2.087,-0.781,-3.522,354.7,1,-0.5423,0.3453,-0.1450,-0.7521,0.0,-nan,0.2
159365,2026-08-29_06-24-13.369-240,v3.5.7,3.50,12.0,400,-1428,-616,7533,-2461,-688,7182,-2789,-954,7165,-2604,-616,7185,0,0,0,185,338,20,385.8,2538.4,-0.005,0.127,1.116,0.859,-1.109,-2.481,361.3,1,-0.5402,0.3451,-0.1476,-0.7532,0.0,-nan,0.2
159398,2026-08-29_06-24-13.399-240,v3.5.7,3.50,12.0,400,-1414,-623,7540,-2464,-693,7182,-2776,-961,7174,-2607,-621,7185,0,0,0,169,340,11,379.8,2499.0,-0.006,0.191,1.118,-3.505,-0.641,-3.696,356.2,1,-0.5351,0.3472,-0.1463,-0.7561,0.0,-nan,0.2
159443,2026-08-29_06-24-13.444-240,v3.5.7,3.50,12.0,400,-1414,-623,7540,-2469,-676,7180,-2776,-961,7174,-2612,-604,7183,0,0,0,164,357,9,393.0,2585.3,-0.000,0.084,1.114,-4.948,-0.688,-4.414,367.2,1,-0.5287,0.3502,-0.1439,-0.7597,0.0,-nan,0.2
159482,2026-08-29_06-24-14.484-240,v3.5.7,3.50,12.0,400,-1436,-634,7526,-2469,-676,7180,-2796,-972,7157,-2612,-604,7183,0,0,0,184,368,26,412.3,2712.2,-0.009,0.110,1.117,-0.874,-1.031,-3.140,383.4,1,-0.5252,0.3510,-0.1451,-0.7615,0.0,-nan,0.2
159509,2026-08-29_06-24-14.511-240,v3.5.7,3.50,12.0,400,-1433,-621,7529,-2486,-685,7172,-2793,-959,7160,-2629,-613,7175,0,0,0,164,346,15,383.2,2521.0,-0.003,0.133,1.118,1.339,-0.844,-3.587,359.0,1,-0.5223,0.3501,-0.1485,-0.7633,0.0,-nan,0.2
159549,2026-08-29_06-24-14.551-240,v3.5.7,3.50,12.0,400,-1433,-621,7529,-2468,-686,7189,-2793,-959,7160,-2611,-614,7192,0,0,0,182,345,32,391.4,2574.8,-0.007,0.137,1.115,-4.277,-0.281,-3.502,365.9,1,-0.5170,0.3523,-0.1461,-0.7663,0.0,-nan,0.0
159599,2026-08-29_06-24-14.601-240,v3.5.7,3.50,12.0,400,-1407,-628,7529,-2468,-686,7189,-2768,-966,7164,-2611,-614,7192,0,0,0,157,352,28,386.4,2542.4,-0.011,0.114,1.116,0.812,-0.188,-2.688,361.8,1,-0.5148,0.3513,-0.1482,-0.7678,0.0,-nan,0.0
159626,2026-08-29_06-24-14.628-240,v3.5.7,3.50,12.0,400,-1409,-582,7535,-2462,-689,7176,-2771,-920,7169,-2605,-617,7179,0,0,0,166,303,10,345.6,2273.9,0.001,0.153,1.116,-0.246,-0.641,-3.051,327.5,1,-0.5117,0.3513,-0.1496,-0.7696,0.0,-nan,0.2
159659,2026-08-29_06-24-14.661-240,v3.5.7,3.50,12.0,400,-1409,-582,7535,-2462,-689,7176,-2771,-920,7169,-2605,-617,7179,0,0,0,166,303,10,345.6,2273.9,0.001,0.129,1.110,-1.251,-0.812,-3.698,327.5,1,-0.5075,0.3521,-0.1506,-0.7719,0.0,-nan,0.2
159706,2026-08-29_06-24-14.708-240,v3.5.7,3.50,12.0,400,-1419,-615,7530,-2450,-682,7205,-2780,-953,7163,-2593,-610,7208,0,0,0,187,343,45,393.2,2587.1,-0.008,0.205,1.116,-4.491,-0.125,-4.029,367.5,1,-0.5017,0.3541,-0.1481,-0.7753,0.0,-nan,0.2
159735,2026-08-29_06-24-14.739-240,v3.5.7,3.50,12.0,400,-1398,-616,7535,-2434,-698,7187,-2760,-955,7171,-2576,-626,7190,0,0,0,184,329,19,377.4,2483.1,-0.013,0.101,1.117,-6.616,-0.266,-4.209,354.2,1,-0.4946,0.3575,-0.1436,-0.7790,0.0,-nan,0.2
159775,2026-08-29_06-24-14.777-240,v3.5.7,3.50,12.0,400,-1419,-623,7533,-2434,-698,7187,-2780,-961,7166,-2576,-626,7190,0,0,0,204,335,24,393.0,2585.3,-0.007,0.106,1.115,-0.496,-0.547,-3.358,367.2,1,-0.4911,0.3576,-0.1450,-0.7810,0.0,-nan,0.2
159813,2026-08-29_06-24-14.815-240,v3.5.7,3.50,12.0,400,-1419,-623,7533,-2458,-681,7179,-2780,-961,7166,-2601,-609,7182,0,0,0,179,352,16,395.2,2600.1,-0.008,0.123,1.115,-0.510,-0.672,-3.008,369.1,1,-0.4879,0.3578,-0.1462,-0.7827,0.0,-nan,0.2
159842,2026-08-29_06-24-14.843-240,v3.5.7,3.50,12.0,400,-1416,-619,7545,-2478,-659,7178,-2779,-958,7178,-2621,-587,7181,0,0,0,158,371,3,403.3,2653.0,-0.004,0.155,1.118,3.427,-0.812,-2.502,375.9,1,-0.4868,0.3559,-0.1511,-0.7833,0.0,-nan,0.2
159893,2026-08-29_06-24-14.895-240,v3.5.7,3.50,12.0,400,-1393,-627,7531,-2478,-659,7178,-2754,-966,7168,-2621,-587,7181,0,0,0,133,379,13,401.9,2643.9,0.001,0.191,1.115,-8.627,-0.203,-4.130,374.7,1,-0.4789,0.3604,-0.1446,-0.7873,0.0,-nan,0.2
159920,2026-08-29_06-24-14.922-240,v3.5.7,3.50,12.0,400,-1393,-627,7531,-2431,-693,7188,-2754,-966,7168,-2573,-621,7191,0,0,0,181,345,23,390.3,2567.6,-0.006,0.058,1.116,-5.872,-0.547,-4.296,365.0,1,-0.4720,0.3635,-0.1411,-0.7907,0.0,-nan,0.2
159948,2026-08-29_06-24-14.949-240,v3.5.7,3.50,12.0,400,-1406,-619,7536,-2431,-693,7188,-2768,-957,7171,-2573,-621,7191,0,0,0,195,336,20,389.0,2559.2,-0.000,0.095,1.113,-0.222,-1.000,-3.228,363.9,1,-0.4686,0.3638,-0.1429,-0.7922,0.0,-nan,0.2
159978,2026-08-29_06-24-14.979-240,v3.5.7,3.50,12.0,400,-1412,-618,7538,-2466,-693,7183,-2774,-956,7172,-2609,-621,7186,0,0,0,165,335,14,373.7,2458.5,-0.004,0.157,1.117,-0.559,-1.078,-3.124,351.1,1,-0.4651,0.3645,-0.1443,-0.7937,0.0,-nan,0.2
160023,2026-08-29_06-24-14.024-240,v3.5.7,3.50,12.0,400,-1412,-618,7538,-2446,-698,7179,-2774,-956,7172,-2588,-626,7182,0,0,0,186,330,10,378.9,2493.0,-0.004,0.181,1.118,-5.445,-1.188,-4.524,355.5,1,-0.4579,0.3678,-0.1417,-0.7968,0.0,-nan,0.2
160071,2026-08-29_06-24-14.073-240,v3.5.7,3.50,12.0,400,-1403,-624,7542,-2473,-689,7187,-2766,-963,7177,-2616,-617,7190,0,0,0,150,346,13,377.3,2482.5,-0.006,0.122,1.114,-6.748,-0.484,-4.313,354.1,1,-0.4505,0.3712,-0.1372,-0.8003,0.0,-nan,0.2
160125,2026-08-29_06-24-14.127-240,v3.5.7,3.50,12.0,400,-1431,-618,7532,-2473,-689,7187,-2792,-956,7163,-2616,-617,7190,0,0,0,176,339,27,382.9,2519.2,-0.005,0.122,1.109,-2.416,-1.547,-3.278,358.8,1,-0.4459,0.3734,-0.1371,-0.8019,0.0,-nan,0.2
160153,2026-08-29_06-24-14.154-240,v3.5.7,3.50,12.0,400,-1442,-588,7492,-2491,-703,7177,-2796,-925,7122,-2634,-631,7180,0,0,0,162,294,58,340.7,2241.1,-0.007,0.170,1.119,-4.438,-1.078,-3.843,323.3,1,-0.4398,0.3761,-0.1351,-0.8043,0.0,-nan,0.2
160183,2026-08-29_06-24-14.185-240,v3.5.7,3.50,12.0,400,-1442,-588,7492,-2491,-703,7177,-2796,-925,7122,-2634,-631,7180,0,0,0,162,294,58,340.7,2241.1,-0.017,0.063,1.117,-6.049,-1.141,-3.977,323.3,1,-0.4328,0.3797,-0.1314,-0.8070,0.0,-nan,0.2
160210,2026-08-29_06-24-14.212-240,v3.5.7,3.50,12.0,400,-1472,-620,7557,-2483,-684,7140,-2837,-958,7182,-2626,-612,7144,0,0,0,211,346,-38,407.0,2677.9,-0.027,0.096,1.117,3.160,-1.234,-2.745,379.1,1,-0.4314,0.3786,-0.1366,-0.8074,0.0,-nan,0.0
160245,2026-08-29_06-24-14.249-240,v3.5.7,3.50,12.0,400,-1460,-636,7528,-2483,-684,7140,-2820,-973,7155,-2626,-612,7144,0,0,0,194,361,-11,410.0,2697.2,-0.004,0.181,1.118,-1.642,-1.094,-3.220,381.5,1,-0.4272,0.3799,-0.1370,-0.8089,0.0,-nan,0.2
160285,2026-08-29_06-24-14.287-240,v3.5.7,3.50,12.0,400,-1460,-636,7528,-2521,-667,7176,-2820,-973,7155,-2665,-595,7180,0,0,0,155,378,25,409.3,2692.8,0.004,0.090,1.112,-3.711,-0.078,-3.739,381.0,1,-0.4217,0.3812,-0.1351,-0.8116,0.0,-nan,0.2
160313,2026-08-29_06-24-14.314-240,v3.5.7,3.50,12.0,400,-1459,-627,7524,-2497,-681,7157,-2818,-964,7151,-2640,-609,7160,0,0,0,178,355,9,397.2,2613.3,0.003,0.124,1.115,-0.492,-0.531,-3.415,370.8,1,-0.4179,0.3812,-0.1364,-0.8133,0.0,-nan,0.2
160356,2026-08-29_06-24-14.357-240,v3.5.7,3.50,12.0,400,-1452,-621,7526,-2497,-681,7157,-2812,-958,7154,-2640,-609,7160,0,0,0,172,349,6,389.1,2560.1,-0.010,0.125,1.118,-3.143,-0.828,-3.725,364.0,1,-0.4126,0.3829,-0.1354,-0.8154,0.0,-nan,0.0
160395,2026-08-29_06-24-14.399-240,v3.5.7,3.50,12.0,400,-1452,-621,7526,-2495,-687,7160,-2812,-958,7154,-2638,-615,7163,0,0,0,174,343,9,384.7,2531.0,-0.005,0.137,1.117,-1.046,-0.609,-3.780,360.3,1,-0.4081,0.3832,-0.1365,-0.8173,0.0,-nan,0.2
160425,2026-08-29_06-24-14.427-240,v3.5.7,3.50,12.0,400,-1454,-621,7536,-2497,-690,7170,-2815,-959,7164,-2640,-618,7173,0,0,0,175,341,9,383.4,2522.3,-0.004,0.132,1.117,-2.672,-0.688,-3.816,359.2,1,-0.4029,0.3845,-0.1359,-0.8194,0.0,-nan,0.2
160478,2026-08-29_06-24-14.479-240,v3.5.7,3.50,12.0,400,-1461,-625,7523,-2497,-690,7170,-2820,-962,7150,-2640,-618,7173,0,0,0,180,344,23,388.9,2558.7,-0.004,0.124,1.114,-7.800,-0.859,-4.229,363.9,1,-0.3947,0.3884,-0.1303,-0.8224,0.0,-nan,0.2
160507,2026-08-29_06-24-15.508-240,v3.5.7,3.50,12.0,400,-1478,-619,7519,-2503,-693,7162,-2836,-956,7144,-2646,-621,7165,0,0,0,190,335,21,385.7,2537.5,-0.007,0.098,1.116,0.939,-1.078,-5.811,361.1,1,-0.3890,0.3879,-0.1346,-0.8246,0.0,-nan,0.2
160550,2026-08-29_06-24-15.552-240,v3.5.7,3.50,12.0,400,-1478,-619,7519,-2515,-689,7163,-2836,-956,7144,-2659,-617,7167,0,0,0,177,339,23,383.1,2520.5,-0.009,0.064,1.116,-1.303,-0.766,-3.289,359.0,1,-0.3849,0.3886,-0.1352,-0.8261,0.0,-nan,0.2
160593,2026-08-29_06-24-15.595-240,v3.5.7,3.50,12.0,400,-1471,-626,7519,-2515,-689,7163,-2829,-963,7145,-2659,-617,7167,0,0,0,170,346,22,386.1,2540.4,-0.001,0.167,1.115,1.804,-1.062,-3.188,361.5,1,-0.3824,0.3881,-0.1391,-0.8269,0.0,-nan,0.2
160623,2026-08-29_06-24-15.624-240,v3.5.7,3.50,12.0,400,-1455,-615,7527,-2504,-689,7168,-2815,-952,7155,-2647,-617,7171,0,0,0,168,335,16,375.1,2467.8,-0.004,0.169,1.120,-4.020,-0.828,-3.651,352.3,1,-0.3766,0.3901,-0.1371,-0.8290,0.0,-nan,0.2
160659,2026-08-29_06-24-15.661-240,v3.5.7,3.50,12.0,400,-1455,-615,7527,-2511,-686,7173,-2815,-952,7155,-2655,-614,7176,0,0,0,160,338,21,374.5,2464.1,-0.005,0.069,1.115,-5.215,-0.281,-3.845,351.8,1,-0.3700,0.3920,-0.1337,-0.8316,0.0,-nan,0.0
160707,2026-08-29_06-24-15.709-240,v3.5.7,3.50,12.0,400,-1452,-577,7528,-2511,-686,7173,-2812,-914,7156,-2655,-614,7176,0,0,0,157,300,20,339.2,2231.5,-0.009,0.152,1.118,1.706,-1.266,-2.826,322.1,1,-0.3678,0.3919,-0.1374,-0.8320,0.0,-nan,0.2
160738,2026-08-29_06-24-15.739-240,v3.5.7,3.50,12.0,400,-1475,-617,7590,-2477,-686,7167,-2845,-956,7214,-2620,-614,7170,0,0,0,225,342,-44,411.7,2708.8,-0.001,0.155,1.115,-2.924,-0.672,-3.689,383.0,1,-0.3624,0.3932,-0.1365,-0.8339,0.0,-nan,0.2
160769,2026-08-29_06-24-15.771-240,v3.5.7,3.50,12.0,400,-1454,-622,7536,-2477,-686,7167,-2815,-960,7164,-2620,-614,7170,0,0,0,195,346,6,397.2,2613.2,-0.006,0.126,1.117,-3.715,-0.453,-3.809,370.8,1,-0.3566,0.3945,-0.1347,-0.8361,0.0,-nan,0.2
160819,2026-08-29_06-24-15.821-240,v3.5.7,3.50,12.0,400,-1454,-622,7536,-2497,-687,7161,-2815,-960,7164,-2640,-615,7164,0,0,0,175,345,0,386.8,2545.0,0.020,0.092,1.098,-4.558,-0.703,-4.333,362.1,1,-0.3497,0.3964,-0.1323,-0.8385,0.0,-nan,0.0
160847,2026-08-29_06-24-15.849-240,v3.5.7,3.50,12.0,400,-1473,-621,7529,-2505,-696,7162,-2833,-958,7154,-2648,-624,7165,0,0,0,185,334,11,382.0,2513.0,-0.006,0.110,1.111,-2.301,-0.578,-3.579,358.0,1,-0.3448,0.3972,-0.1319,-0.8402,0.0,-nan,0.2
160889,2026-08-29_06-24-15.891-240,v3.5.7,3.50,12.0,400,-1472,-617,7539,-2505,-696,7162,-2834,-954,7164,-2648,-624,7165,0,0,0,186,330,1,378.8,2492.2,-0.003,0.198,1.120,-5.939,-0.500,-4.474,355.4,1,-0.3371,0.3994,-0.1281,-0.8429,0.0,-nan,0.0
160921,2026-08-29_06-24-15.922-240,v3.5.7,3.50,12.0,400,-1472,-617,7539,-2519,-690,7164,-2834,-954,7164,-2663,-618,7168,0,0,0,171,336,4,377.0,2480.5,-0.011,0.113,1.117,-10.215,-0.562,-4.567,353.9,1,-0.3271,0.4034,-0.1198,-0.8461,0.0,-nan,0.2
160950,2026-08-29_06-24-15.954-240,v3.5.7,3.50,12.0,400,-1489,-614,7518,-2519,-690,7164,-2847,-951,7141,-2663,-618,7168,0,0,0,184,333,27,381.4,2509.3,-0.006,0.024,1.118,-3.624,-0.625,-3.339,357.5,1,-0.3217,0.4048,-0.1179,-0.8478,0.0,-nan,0.2
160999,2026-08-29_06-24-15.000-240,v3.5.7,3.50,12.0,400,-1515,-625,7517,-2545,-681,7131,-2873,-961,7136,-2689,-609,7135,0,0,0,184,352,-1,397.2,2613.1,-0.005,0.131,1.116,0.902,-0.594,-2.812,370.8,1,-0.3191,0.4045,-0.1205,-0.8485,0.0,-nan,0.2
161029,2026-08-29_06-24-15.031-240,v3.5.7,3.50,12.0,400,-1515,-625,7517,-2546,-689,7153,-2873,-961,7136,-2690,-616,7157,0,0,0,183,345,21,391.1,2573.0,-0.009,0.117,1.115,0.963,-1.375,-3.082,365.7,1,-0.3162,0.4050,-0.1236,-0.8490,0.0,-nan,0.0
161061,2026-08-29_06-24-15.063-240,v3.5.7,3.50,12.0,400,-1496,-615,7517,-2546,-689,7153,-2854,-951,7139,-2690,-616,7157,0,0,0,164,335,18,373.4,2456.7,-0.005,0.112,1.116,3.195,-0.891,-2.747,350.8,1,-0.3148,0.4041,-0.1288,-0.8492,0.0,-nan,0.0
161090,2026-08-29_06-24-15.092-240,v3.5.7,3.50,12.0,400,-1463,-621,7537,-2537,-664,7165,-2825,-959,7164,-2681,-592,7169,0,0,0,144,367,5,394.3,2593.9,0.001,0.125,1.115,3.892,-0.656,-3.041,368.3,1,-0.3134,0.4026,-0.1347,-0.8494,0.0,-nan,0.2
161132,2026-08-29_06-24-15.133-240,v3.5.7,3.50,12.0,400,-1463,-621,7537,-2483,-688,7160,-2825,-959,7164,-2626,-616,7163,0,0,0,199,343,-1,396.5,2608.9,-0.006,0.138,1.118,2.859,-1.266,-2.643,370.2,1,-0.3119,0.4022,-0.1395,-0.8494,0.0,-nan,0.2
161180,2026-08-29_06-24-15.184-240,v3.5.7,3.50,12.0,400,-1431,-613,7536,-2483,-688,7160,-2793,-951,7167,-2626,-616,7163,0,0,0,167,335,-4,374.3,2462.8,-0.002,0.205,1.118,-3.897,-0.422,-3.812,351.6,1,-0.3059,0.4033,-0.1374,-0.8514,0.0,-nan,0.2
161209,2026-08-29_06-24-15.210-240,v3.5.7,3.50,12.0,400,-1406,-597,7543,-2445,-697,7205,-2769,-935,7178,-2588,-625,7207,0,0,0,181,310,29,360.1,2369.4,0.000,0.125,1.121,-5.559,-0.906,-4.441,339.7,1,-0.2982,0.4055,-0.1341,-0.8536,0.0,-nan,0.2
161239,2026-08-29_06-24-15.241-240,v3.5.7,3.50,12.0,400,-1406,-597,7543,-2445,-697,7205,-2769,-935,7178,-2588,-625,7207,0,0,0,181,310,29,360.1,2369.4,-0.005,0.110,1.118,-4.412,-0.766,-3.641,339.7,1,-0.2920,0.4072,-0.1315,-0.8554,0.0,-nan,0.0
161268,2026-08-29_06-24-15.269-240,v3.5.7,3.50,12.0,400,-1436,-624,7540,-2463,-711,7198,-2798,-962,7171,-2606,-639,7201,0,0,0,192,323,30,377.0,2479.9,-0.004,0.124,1.116,-3.024,-0.531,-3.270,353.8,1,-0.2869,0.4082,-0.1301,-0.8568,0.0,-nan,0.2
161309,2026-08-29_06-24-15.311-240,v3.5.7,3.50,12.0,400,-1428,-620,7525,-2443,-686,7181,-2788,-958,7157,-2585,-614,7184,0,0,0,203,344,27,400.3,2633.8,-0.010,0.120,1.112,3.050,-0.625,-1.905,373.4,1,-0.2864,0.4073,-0.1345,-0.8568,0.0,-nan,0.2
161351,2026-08-29_06-24-15.353-240,v3.5.7,3.50,12.0,400,-1407,-619,7546,-2443,-686,7181,-2770,-958,7181,-2585,-614,7184,0,0,0,185,344,3,390.6,2569.8,-0.007,0.185,1.120,-3.229,-0.266,-3.873,365.3,1,-0.2806,0.4079,-0.1331,-0.8586,0.0,-nan,0.0
161395,2026-08-29_06-24-15.399-240,v3.5.7,3.50,12.0,400,-1407,-619,7546,-2424,-689,7176,-2770,-958,7181,-2566,-617,7179,0,0,0,204,341,-2,397.4,2614.3,-0.008,0.172,1.116,-5.013,-0.812,-3.745,370.9,1,-0.2739,0.4097,-0.1299,-0.8604,0.0,-nan,0.2
161425,2026-08-29_06-24-15.427-240,v3.5.7,3.50,12.0,400,-1415,-628,7546,-2455,-699,7173,-2778,-967,7180,-2598,-627,7176,0,0,0,180,340,-4,384.7,2531.1,-0.003,0.192,1.119,-10.372,-0.672,-4.621,360.3,1,-0.2635,0.4131,-0.1214,-0.8633,0.0,-nan,0.2
161469,2026-08-29_06-24-15.471-240,v3.5.7,3.50,12.0,400,-1442,-620,7530,-2455,-699,7173,-2803,-958,7160,-2598,-627,7176,0,0,0,205,331,16,389.7,2563.6,-0.007,0.141,1.114,-17.620,-0.453,-5.488,364.5,1,-0.2484,0.4183,-0.1053,-0.8673,0.0,-nan,0.0
161501,2026-08-29_06-24-16.503-240,v3.5.7,3.50,12.0,400,-1442,-620,7530,-2548,-653,7151,-2803,-958,7160,-2692,-581,7155,0,0,0,111,377,-5,393.0,2585.7,-0.008,0.177,1.113,-24.032,-0.297,-6.874,367.3,1,-0.2283,0.4248,-0.0829,-0.8721,0.0,-nan,0.2
161533,2026-08-29_06-24-16.534-240,v3.5.7,3.50,12.0,400,-1551,-617,7504,-2548,-653,7151,-2906,-952,7118,-2692,-581,7155,0,0,0,214,371,37,429.9,2828.2,0.007,0.007,1.119,-24.319,-0.281,-6.654,398.2,1,-0.2080,0.4310,-0.0599,-0.8760,0.0,-nan,0.2
161562,2026-08-29_06-24-16.564-240,v3.5.7,3.50,12.0,400,-1687,-618,7469,-2660,-683,7103,-3035,-950,7064,-2805,-610,7108,0,0,0,230,340,44,412.8,2716.0,0.000,-0.031,1.105,-9.514,-0.297,-4.322,383.9,1,-0.1981,0.4333,-0.0519,-0.8777,0.0,-nan,0.2
161609,2026-08-29_06-24-16.611-240,v3.5.7,3.50,12.0,400,-1687,-618,7469,-2738,-688,7057,-3035,-950,7064,-2884,-614,7064,0,0,0,151,336,0,368.4,2423.5,-0.015,-0.040,1.111,10.609,-0.609,-1.687,346.6,1,-0.2020,0.4310,-0.0646,-0.8771,0.0,-nan,0.0
161646,2026-08-29_06-24-16.647-240,v3.5.7,3.50,12.0,400,-1716,-617,7475,-2738,-688,7057,-3065,-949,7065,-2884,-614,7064,0,0,0,181,335,-1,380.8,2505.1,0.004,0.139,1.115,16.937,-1.406,-0.758,357.0,1,-0.2102,0.4280,-0.0839,-0.8750,0.0,-nan,0.0
161676,2026-08-29_06-24-16.678-240,v3.5.7,3.50,12.0,400,-1602,-619,7499,-2665,-684,7113,-2956,-953,7106,-2811,-611,7118,0,0,0,145,342,12,371.7,2445.1,0.001,0.210,1.118,8.669,-1.000,-2.172,349.4,1,-0.2124,0.4264,-0.0948,-0.8741,0.0,-nan,0.2
161712,2026-08-29_06-24-16.714-240,v3.5.7,3.50,12.0,400,-1602,-619,7499,-2574,-688,7149,-2956,-953,7106,-2718,-615,7153,0,0,0,238,338,47,416.0,2737.2,-0.000,0.081,1.115,4.141,-0.891,-2.860,386.6,1,-0.2114,0.4258,-0.1011,-0.8740,0.0,-nan,0.2
161763,2026-08-29_06-24-16.764-240,v3.5.7,3.50,12.0,400,-1534,-612,7504,-2574,-688,7149,-2889,-948,7121,-2718,-615,7153,0,0,0,171,333,32,375.7,2471.7,-0.002,0.237,1.117,0.732,-0.875,-3.201,352.8,1,-0.2082,0.4260,-0.1038,-0.8743,0.0,-nan,0.2
161789,2026-08-29_06-24-16.791-240,v3.5.7,3.50,12.0,400,-1508,-621,7543,-2542,-701,7167,-2870,-958,7163,-2686,-628,7171,0,0,0,184,330,8,377.9,2486.3,-0.006,0.176,1.120,-9.879,-0.484,-4.454,354.6,1,-0.1980,0.4283,-0.0955,-0.8765,0.0,-nan,0.2
161823,2026-08-29_06-24-16.824-240,v3.5.7,3.50,12.0,400,-1513,-627,7514,-2542,-701,7167,-2870,-963,7134,-2686,-628,7171,0,0,0,184,335,37,384.0,2526.3,-0.010,-0.041,1.112,-0.872,-0.328,-3.448,359.7,1,-0.1938,0.4283,-0.0964,-0.8773,0.0,-nan,0.2
161869,2026-08-29_06-24-16.872-240,v3.5.7,3.50,12.0,400,-1513,-627,7514,-2545,-685,7148,-2870,-963,7134,-2689,-612,7152,0,0,0,181,351,18,395.3,2600.9,-0.009,0.136,1.113,20.673,-0.750,0.026,369.2,1,-0.2048,0.4238,-0.1192,-0.8742,0.0,-nan,0.2
161898,2026-08-29_06-24-16.899-240,v3.5.7,3.50,12.0,400,-1472,-627,7523,-2485,-666,7187,-2831,-964,7149,-2628,-594,7190,0,0,0,203,370,41,424.0,2789.6,-0.012,0.366,1.123,4.093,-1.141,-2.129,393.3,1,-0.2045,0.4236,-0.1251,-0.8736,0.0,-nan,0.2
161942,2026-08-29_06-24-16.944-240,v3.5.7,3.50,12.0,400,-1385,-619,7546,-2485,-666,7187,-2749,-958,7184,-2628,-594,7190,0,0,0,121,364,6,383.6,2523.9,-0.002,0.048,1.115,-5.793,-0.500,-4.377,359.4,1,-0.1966,0.4247,-0.1212,-0.8754,0.0,-nan,0.2
161978,2026-08-29_06-24-16.979-240,v3.5.7,3.50,12.0,400,-1385,-619,7546,-2431,-686,7173,-2749,-958,7184,-2573,-614,7176,0,0,0,176,344,-8,386.5,2542.7,-0.011,0.083,1.120,3.887,-1.172,-2.767,361.8,1,-0.1955,0.4245,-0.1272,-0.8749,0.0,-nan,0.2
162006,2026-08-29_06-24-16.007-240,v3.5.7,3.50,12.0,400,-1408,-624,7528,-2426,-691,7191,-2768,-962,7163,-2568,-619,7194,0,0,0,200,343,31,398.3,2620.1,-0.005,0.146,1.113,6.993,-1.219,-2.107,371.7,1,-0.1967,0.4236,-0.1363,-0.8737,0.0,-nan,0.2
162052,2026-08-29_06-24-16.054-240,v3.5.7,3.50,12.0,400,-1359,-616,7550,-2426,-691,7191,-2724,-956,7192,-2568,-619,7194,0,0,0,156,337,2,371.4,2443.2,0.006,0.192,1.112,1.218,-0.797,-2.796,349.1,1,-0.1942,0.4236,-0.1393,-0.8738,0.0,-nan,0.2
162080,2026-08-29_06-24-16.084-240,v3.5.7,3.50,12.0,400,-1359,-616,7550,-2378,-684,7204,-2724,-956,7192,-2520,-612,7206,0,0,0,204,344,14,400.2,2632.8,0.002,0.244,1.122,-6.916,-0.703,-4.198,373.3,1,-0.1858,0.4251,-0.1341,-0.8757,0.0,-nan,0.2
162118,2026-08-29_06-24-16.119-240,v3.5.7,3.50,12.0,400,-1331,-647,7579,-2378,-684,7204,-2700,-988,7224,-2520,-612,7206,0,0,0,180,376,-18,417.3,2745.1,-0.004,0.034,1.114,-4.771,-0.312,-4.733,387.6,1,-0.1781,0.4256,-0.1314,-0.8774,0.0,-nan,0.2
162146,2026-08-29_06-24-16.148-240,v3.5.7,3.50,12.0,400,-1352,-620,7549,-2402,-691,7191,-2716,-960,7192,-2544,-619,7193,0,0,0,172,341,1,381.9,2512.7,0.000,0.181,1.114,1.182,-0.781,-3.046,358.0,1,-0.1753,0.4256,-0.1345,-0.8775,0.0,-nan,0.2
162184,2026-08-29_06-24-16.185-240,v3.5.7,3.50,12.0,400,-1352,-620,7549,-2401,-694,7204,-2716,-960,7192,-2543,-622,7206,0,0,0,173,338,14,380.0,2499.7,-0.029,0.117,1.131,1.655,-0.625,-3.102,356.3,1,-0.1727,0.4252,-0.1381,-0.8777,0.0,-nan,0.2
162233,2026-08-29_06-24-16.234-240,v3.5.7,3.50,12.0,400,-1367,-623,7551,-2401,-694,7204,-2732,-962,7192,-2543,-622,7206,0,0,0,189,340,14,389.3,2560.9,-0.004,0.176,1.114,-2.621,-0.391,-4.134,364.1,1,-0.1667,0.4253,-0.1375,-0.8789,0.0,-nan,0.2
162263,2026-08-29_06-24-16.264-240,v3.5.7,3.50,12.0,400,-1325,-614,7548,-2381,-699,7223,-2690,-954,7195,-2523,-627,7225,0,0,0,167,327,30,368.4,2423.7,-0.012,0.104,1.117,-2.597,-0.562,-4.310,346.6,1,-0.1605,0.4256,-0.1370,-0.8799,0.0,-nan,0.2
162293,2026-08-29_06-24-16.295-240,v3.5.7,3.50,12.0,400,-1325,-614,7548,-2381,-699,7223,-2690,-954,7195,-2523,-627,7225,0,0,0,167,327,30,368.4,2423.7,-0.009,0.155,1.127,2.744,-0.578,-3.028,346.6,1,-0.1586,0.4250,-0.1417,-0.8798,0.0,-nan,0.2
162323,2026-08-29_06-24-16.324-240,v3.5.7,3.50,12.0,400,-1333,-622,7559,-2408,-673,7216,-2699,-962,7204,-2550,-601,7218,0,0,0,149,361,14,390.8,2571.0,-0.015,0.133,1.117,0.672,-0.828,-3.492,365.4,1,-0.1550,0.4250,-0.1445,-0.8800,0.0,-nan,0.2
162352,2026-08-29_06-24-16.354-240,v3.5.7,3.50,12.0,400,-1310,-629,7562,-2408,-673,7216,-2677,-970,7211,-2550,-601,7218,0,0,0,127,369,7,390.3,2567.8,-0.013,0.143,1.116,-1.016,-1.188,-3.509,365.0,1,-0.1504,0.4258,-0.1454,-0.8803,0.0,-nan,0.0
162399,2026-08-29_06-24-16.401-240,v3.5.7,3.50,12.0,400,-1310,-629,7562,-2340,-696,7215,-2677,-970,7211,-2481,-625,7217,0,0,0,196,345,6,396.8,2610.7,0.000,0.130,1.112,2.902,-0.578,-2.505,370.5,1,-0.1491,0.4253,-0.1501,-0.8800,0.0,-nan,0.2
162425,2026-08-29_06-24-16.426-240,v3.5.7,3.50,12.0,400,-1293,-625,7564,-2333,-694,7224,-2660,-966,7215,-2474,-623,7225,0,0,0,186,343,10,390.3,2567.9,0.001,0.160,1.111,1.744,-0.953,-3.479,365.0,1,-0.1461,0.4252,-0.1540,-0.8799,0.0,-nan,0.2
162463,2026-08-29_06-24-16.464-240,v3.5.7,3.50,12.0,400,-1266,-626,7561,-2333,-694,7224,-2633,-967,7216,-2474,-623,7225,0,0,0,159,344,9,379.1,2493.9,-0.008,0.191,1.118,-3.990,-0.656,-2.911,355.6,1,-0.1407,0.4259,-0.1513,-0.8809,0.0,-nan,0.2
162503,2026-08-29_06-24-17.504-240,v3.5.7,3.50,12.0,400,-1266,-626,7561,-2311,-700,7228,-2633,-967,7216,-2452,-629,7229,0,0,0,181,338,13,383.6,2523.9,-0.003,0.114,1.117,-3.769,-0.969,-3.778,359.4,1,-0.1344,0.4268,-0.1493,-0.8818,0.0,-nan,0.2
162551,2026-08-29_06-24-17.552-240,v3.5.7,3.50,12.0,400,-1271,-630,7561,-2326,-698,7221,-2638,-971,7216,-2467,-627,7222,0,0,0,171,344,6,384.2,2527.7,-0.012,0.214,1.100,-5.663,-1.219,-3.496,359.9,1,-0.1273,0.4283,-0.1451,-0.8828,0.0,-nan,0.2
162584,2026-08-29_06-24-17.588-240,v3.5.7,3.50,12.0,400,-1276,-611,7562,-2326,-698,7221,-2643,-952,7216,-2467,-627,7222,0,0,0,176,325,6,369.6,2431.9,0.001,0.151,1.111,-7.055,0.234,-4.407,347.7,1,-0.1187,0.4282,-0.1396,-0.8849,0.0,-nan,0.2
162614,2026-08-29_06-24-17.615-240,v3.5.7,3.50,12.0,400,-1311,-623,7558,-2346,-688,7218,-2677,-964,7207,-2487,-617,7220,0,0,0,190,347,13,395.8,2604.1,-0.013,0.126,1.128,-3.345,-0.719,-3.824,369.6,1,-0.1126,0.4286,-0.1380,-0.8857,0.0,-nan,0.2
162663,2026-08-29_06-24-17.664-240,v3.5.7,3.50,12.0,400,-1311,-623,7558,-2362,-684,7205,-2677,-964,7207,-2503,-613,7207,0,0,0,174,351,0,391.8,2577.4,0.079,0.062,1.051,-8.486,-4.469,-15.073,366.2,1,-0.0906,0.4319,-0.1373,-0.8868,0.0,-nan,0.2
162698,2026-08-29_06-24-17.700-240,v3.5.7,3.50,12.0,400,-1326,-623,7554,-2362,-684,7205,-2691,-963,7201,-2503,-613,7207,0,0,0,188,350,6,397.3,2614.1,0.065,0.171,1.139,-7.190,-6.438,-20.891,370.9,1,-0.0624,0.4360,-0.1412,-0.8866,0.0,-nan,0.2
162729,2026-08-29_06-24-17.731-240,v3.5.7,3.50,12.0,400,-1339,-709,7558,-2401,-721,7277,-2705,-1050,7203,-2543,-649,7278,0,0,0,162,401,75,438.9,2887.8,0.044,0.005,1.141,-8.509,-10.969,-26.769,405.8,1,-0.0262,0.4436,-0.1471,-0.8837,0.0,-nan,0.0
162766,2026-08-29_06-24-17.768-240,v3.5.7,3.50,12.0,400,-1339,-709,7558,-2432,-889,7275,-2705,-1050,7203,-2574,-816,7276,0,0,0,131,234,73,277.9,1828.5,-0.034,0.011,1.127,15.644,-17.078,-28.716,270.7,1,-0.0000,0.4561,-0.1807,-0.8714,0.0,-nan,0.2
162815,2026-08-29_06-24-17.819-240,v3.5.7,3.50,12.0,400,-1315,-873,7536,-2432,-889,7275,-2676,-1214,7186,-2574,-816,7276,0,0,0,102,398,90,420.6,2767.1,0.028,0.524,1.125,-10.426,-25.031,-42.965,390.4,1,0.0582,0.4726,-0.1934,-0.8578,0.0,-nan,0.2
162845,2026-08-29_06-24-17.847-240,v3.5.7,3.50,12.0,400,-1169,-1060,7481,-2277,-1102,7272,-2522,-1404,7156,-2414,-1029,7271,0,0,0,108,375,115,406.8,2676.5,0.084,0.093,1.111,-15.995,-28.344,-57.954,378.9,1,0.1362,0.4860,-0.2077,-0.8379,0.0,-nan,0.2
162873,2026-08-29_06-24-17.875-240,v3.5.7,3.50,12.0,400,-1169,-1060,7481,-2277,-1102,7272,-2522,-1404,7156,-2414,-1029,7271,0,0,0,108,375,115,406.8,2676.5,0.073,0.195,1.070,-26.163,-28.453,-72.472,378.9,1,0.2342,0.4899,-0.2183,-0.8109,0.0,-nan,0.2
162904,2026-08-29_06-24-17.905-240,v3.5.7,3.50,12.0,400,-1144,-1396,7412,-2275,-1447,7228,-2484,-1740,7094,-2409,-1372,7226,0,0,0,75,368,132,398.1,2619.0,0.002,-0.206,1.059,-43.759,-26.984,-80.481,371.5,1,0.3475,0.4789,-0.2138,-0.7773,0.0,-nan,0.2
162931,2026-08-29_06-24-17.933-240,v3.5.7,3.50,12.0,400,-1240,-1654,7327,-2275,-1447,7228,-2563,-1996,6998,-2409,-1372,7226,0,0,0,154,624,228,682.0,4486.6,-0.008,0.413,1.123,-56.832,-28.344,-93.123,609.8,1,0.4749,0.4523,-0.2000,-0.7279,0.0,-nan,0.2
162977,2026-08-29_06-24-17.979-240,v3.5.7,3.50,12.0,400,-1240,-1654,7327,-2392,-1780,7098,-2563,-1996,6998,-2525,-1704,7097,0,0,0,38,292,99,310.7,2043.8,0.279,0.207,1.136,-34.070,-19.094,-96.918,298.2,1,0.5822,0.4215,-0.2106,-0.6626,0.0,-nan,0.2
163008,2026-08-29_06-24-17.010-240,v3.5.7,3.50,12.0,400,-1379,-1964,7198,-2526,-2128,6976,-2678,-2302,6854,-2657,-2049,6976,0,0,0,21,253,122,281.7,1853.0,0.199,0.158,1.019,-50.098,-15.984,-105.147,273.8,1,0.6925,0.3666,-0.2106,-0.5846,0.0,-nan,0.2
163047,2026-08-29_06-24-17.048-240,v3.5.7,3.50,12.0,400,-1446,-2246,7102,-2526,-2128,6976,-2727,-2583,6752,-2657,-2049,6976,0,0,0,70,534,224,583.3,3837.5,0.070,-0.181,1.075,-42.911,-2.188,-123.605,527.0,1,0.7926,0.2945,-0.2308,-0.4815,0.0,-nan,0.2
163085,2026-08-29_06-24-17.089-240,v3.5.7,3.50,12.0,400,-1446,-2246,7102,-2603,-2412,6857,-2727,-2583,6752,-2733,-2332,6857,0,0,0,-6,251,105,272.1,1790.4,0.075,-0.130,1.045,-11.780,-3.625,-125.466,265.8,1,0.8629,0.2456,-0.2629,-0.3549,0.0,-nan,0.2
163132,2026-08-29_06-24-17.134-240,v3.5.7,3.50,12.0,400,-1434,-2492,7024,-2466,-2703,6841,-2701,-2828,6679,-2591,-2623,6839,0,0,0,110,205,160,282.4,1857.6,0.133,0.131,1.111,-7.151,0.688,-130.448,274.4,1,0.9107,0.1921,-0.2965,-0.2139,0.0,-nan,0.2
163169,2026-08-29_06-24-17.171-240,v3.5.7,3.50,12.0,400,-1191,-2714,7001,-2466,-2703,6841,-2455,-3055,6694,-2591,-2623,6839,0,0,0,-136,432,145,475.5,3128.6,-0.063,0.292,1.105,-27.345,-0.797,-139.519,436.5,1,0.9402,0.1077,-0.3167,-0.0640,0.0,-nan,0.0
163197,2026-08-29_06-24-17.199-240,v3.5.7,3.50,12.0,400,-967,-2909,6937,-2169,-2978,6848,-2222,-3253,6666,-2287,-2899,6842,0,0,0,-65,354,176,400.6,2635.8,0.031,-0.053,1.108,-31.418,3.297,-144.854,373.7,1,0.9388,0.0129,-0.3317,0.0918,0.0,-nan,0.2
163242,2026-08-29_06-24-17.244-240,v3.5.7,3.50,12.0,400,-967,-2909,6937,-1928,-3179,6821,-2222,-3253,6666,-2040,-3100,6813,0,0,0,182,153,147,279.5,1839.1,0.227,0.062,1.017,-20.455,5.609,-143.461,272.0,1,0.9056,-0.0688,-0.3373,0.2476,0.0,-nan,0.2
163286,2026-08-29_06-24-17.287-240,v3.5.7,3.50,12.0,400,-757,-3070,6871,-1928,-3179,6821,-2002,-3417,6634,-2040,-3100,6813,0,0,0,-38,317,179,366.0,2408.1,0.484,0.419,1.131,-35.448,4.172,-140.867,344.6,1,0.8435,-0.1643,-0.3352,0.3863,0.0,-nan,0.0
163315,2026-08-29_06-24-17.319-240,v3.5.7,3.50,12.0,400,-369,-3218,6830,-1615,-3360,6818,-1609,-3571,6653,-1721,-3283,6807,0,0,0,-112,288,154,345.3,2271.4,0.542,-0.089,1.045,-13.614,0.516,-148.205,327.2,1,0.7559,-0.2364,-0.3064,0.5280,0.0,-nan,0.2
163345,2026-08-29_06-24-17.346-240,v3.5.7,3.50,12.0,400,-369,-3218,6830,-1615,-3360,6818,-1609,-3571,6653,-1721,-3283,6807,0,0,0,-112,288,154,345.3,2271.4,0.254,0.231,1.073,-12.122,4.703,-144.465,327.2,1,0.6447,-0.2952,-0.2716,0.6507,0.0,-nan,0.2
163373,2026-08-29_06-24-17.374-240,v3.5.7,3.50,12.0,400,-142,-3331,6844,-1275,-3452,6862,-1386,-3688,6701,-1375,-3377,6847,0,0,0,11,311,146,343.7,2261.5,0.229,0.178,1.065,-20.332,3.609,-143.154,325.9,1,0.5113,-0.3515,-0.2342,0.7485,0.0,-nan,0.2
163403,2026-08-29_06-24-17.404-240,v3.5.7,3.50,12.0,400,186,-3390,6717,-1275,-3452,6862,-1039,-3750,6626,-1375,-3377,6847,0,0,0,-336,373,221,548.5,3608.6,0.136,0.159,1.056,-21.279,5.359,-136.544,497.8,1,0.3671,-0.3941,-0.1946,0.8198,0.0,-nan,0.2
163453,2026-08-29_06-24-17.455-240,v3.5.7,3.50,12.0,400,186,-3390,6717,-923,-3603,6859,-1039,-3750,6626,-1016,-3530,6840,0,0,0,23,220,214,307.8,2024.8,0.101,0.108,1.119,-23.306,3.797,-125.866,295.7,1,0.2229,-0.4260,-0.1561,0.8628,0.0,-nan,0.2
163482,2026-08-29_06-24-18.484-240,v3.5.7,3.50,12.0,400,413,-3448,6648,-632,-3641,6840,-802,-3810,6593,-720,-3570,6819,0,0,0,82,240,226,339.7,2234.9,0.209,0.170,1.129,-20.542,3.375,-113.768,322.5,1,0.0877,-0.4455,-0.1173,0.8832,0.0,-nan,0.2
163519,2026-08-29_06-24-18.521-240,v3.5.7,3.50,12.0,400,665,-3460,6611,-632,-3641,6840,-546,-3825,6594,-720,-3570,6819,0,0,0,-174,255,225,382.0,2513.2,0.166,0.165,0.935,-30.152,8.984,-105.694,358.0,1,-0.0467,-0.4500,-0.0918,0.8871,0.0,-nan,0.2
163556,2026-08-29_06-24-18.558-240,v3.5.7,3.50,12.0,400,665,-3460,6611,-447,-3611,6850,-546,-3825,6594,-532,-3541,6828,0,0,0,14,284,234,368.2,2422.7,0.058,0.036,1.165,-17.587,11.969,-88.212,346.5,1,-0.1548,-0.4428,-0.0605,0.8811,0.0,-nan,0.2
163585,2026-08-29_06-24-18.588-240,v3.5.7,3.50,12.0,400,814,-3418,6583,-264,-3589,6885,-394,-3784,6589,-346,-3521,6861,0,0,0,48,263,272,381.4,2509.1,0.030,0.195,1.175,-20.664,13.453,-80.698,357.5,1,-0.2548,-0.4275,-0.0358,0.8666,0.0,-nan,0.2
163632,2026-08-29_06-24-18.633-240,v3.5.7,3.50,12.0,400,974,-3331,6577,-264,-3589,6885,-235,-3699,6606,-346,-3521,6861,0,0,0,-111,178,255,330.2,2172.3,-0.040,0.088,1.172,-23.475,16.328,-63.379,314.6,1,-0.3355,-0.4035,-0.0221,0.8510,0.0,-nan,0.2
163665,2026-08-29_06-24-18.669-240,v3.5.7,3.50,12.0,400,974,-3331,6577,-179,-3471,6950,-235,-3699,6606,-261,-3404,6925,0,0,0,-26,295,319,435.3,2863.6,0.023,0.237,1.086,-28.081,14.250,-55.920,402.7,1,-0.4083,-0.3767,-0.0177,0.8313,0.0,-nan,0.2
163696,2026-08-29_06-24-18.697-240,v3.5.7,3.50,12.0,400,1052,-3197,6618,-179,-3471,6950,-165,-3567,6657,-261,-3404,6925,0,0,0,-96,163,268,328.0,2158.1,0.109,0.088,1.000,-35.996,13.078,-43.285,312.8,1,-0.4693,-0.3446,-0.0280,0.8125,0.0,-nan,0.2
163739,2026-08-29_06-24-18.741-240,v3.5.7,3.50,12.0,400,987,-3067,6636,-184,-3361,6967,-233,-3435,6664,-267,-3294,6942,0,0,0,-34,141,278,313.6,2062.9,-0.005,-0.040,1.161,-21.918,10.172,-23.682,300.6,1,-0.5027,-0.3218,-0.0341,0.8016,0.0,-nan,0.0
163768,2026-08-29_06-24-18.769-240,v3.5.7,3.50,12.0,400,987,-3067,6636,-268,-3255,6944,-233,-3435,6664,-353,-3188,6921,0,0,0,-120,247,257,376.1,2474.4,-0.002,0.013,1.115,-15.005,6.578,-13.240,353.1,1,-0.5221,-0.3060,-0.0397,0.7951,0.0,-nan,0.2
163813,2026-08-29_06-24-18.815-240,v3.5.7,3.50,12.0,400,907,-2991,6644,-268,-3255,6944,-314,-3358,6659,-353,-3188,6921,0,0,0,-39,170,262,314.7,2070.7,-0.034,0.049,1.136,2.241,1.297,1.539,301.6,1,-0.5198,-0.3059,-0.0372,0.7968,0.0,-nan,0.2
163842,2026-08-29_06-24-18.843-240,v3.5.7,3.50,12.0,400,899,-2997,6658,-293,-3208,6939,-324,-3364,6672,-379,-3141,6916,0,0,0,-55,223,244,335.1,2204.6,0.014,0.123,1.125,-4.627,-0.391,2.455,318.7,1,-0.5192,-0.3030,-0.0430,0.7980,0.0,-nan,0.2
163875,2026-08-29_06-24-18.878-240,v3.5.7,3.50,12.0,400,899,-2997,6658,-293,-3208,6939,-324,-3364,6672,-379,-3141,6916,0,0,0,-55,223,244,335.1,2204.6,0.032,-0.033,1.091,-6.234,-0.016,1.109,318.7,1,-0.5204,-0.2986,-0.0497,0.7984,0.0,-nan,0.2
163929,2026-08-29_06-24-18.930-240,v3.5.7,3.50,12.0,400,859,-2958,6646,-312,-3185,6935,-362,-3324,6654,-399,-3118,6912,0,0,0,-37,206,258,332.2,2185.6,0.049,0.022,1.106,-4.181,-0.875,-2.836,316.3,1,-0.5248,-0.2968,-0.0534,0.7961,0.0,-nan,0.0
163959,2026-08-29_06-24-18.961-240,v3.5.7,3.50,12.0,400,806,-2947,6646,-358,-3190,6955,-415,-3312,6646,-445,-3123,6933,0,0,0,-30,189,287,344.9,2269.4,0.025,0.051,1.130,-3.852,4.109,-2.828,326.9,1,-0.5293,-0.2901,-0.0535,0.7955,0.0,-nan,0.0
163985,2026-08-29_06-24-18.987-240,v3.5.7,3.50,12.0,400,822,-2926,6671,-358,-3190,6955,-403,-3292,6673,-445,-3123,6933,0,0,0,-42,169,260,312.9,2058.7,0.027,0.002,1.119,-6.223,4.812,-5.122,300.1,1,-0.5369,-0.2813,-0.0546,0.7935,0.0,-nan,0.2
164033,2026-08-29_06-24-18.035-240,v3.5.7,3.50,12.0,400,822,-2926,6671,-347,-3185,6933,-403,-3292,6673,-434,-3118,6911,0,0,0,-31,174,238,296.4,1950.3,-0.156,0.031,1.149,-4.814,-0.641,-9.056,286.2,1,-0.5475,-0.2791,-0.0566,0.7868,0.0,-nan,0.2
164060,2026-08-29_06-24-18.062-240,v3.5.7,3.50,12.0,400,822,-2887,6636,-358,-3151,6888,-397,-3252,6638,-445,-3084,6867,0,0,0,-48,168,229,288.0,1895.0,-0.055,0.007,1.141,-6.572,0.922,-11.415,279.2,1,-0.5611,-0.2743,-0.0585,0.7788,0.0,-nan,0.2
164103,2026-08-29_06-24-18.104-240,v3.5.7,3.50,12.0,400,841,-2901,6624,-358,-3151,6888,-377,-3266,6629,-445,-3084,6867,0,0,0,-68,182,238,307.2,2021.3,0.074,0.089,1.072,-3.347,5.656,-6.421,295.3,1,-0.5689,-0.2667,-0.0556,0.7760,0.0,-nan,0.2
164136,2026-08-29_06-24-18.138-240,v3.5.7,3.50,12.0,400,841,-2901,6624,-322,-3108,6833,-377,-3266,6629,-409,-3042,6812,0,0,0,-32,224,183,291.0,1914.6,0.153,0.015,1.051,-8.442,4.641,-6.403,281.7,1,-0.5782,-0.2564,-0.0584,0.7724,0.0,-nan,0.2
164164,2026-08-29_06-24-18.165-240,v3.5.7,3.50,12.0,400,883,-2833,6610,-322,-3108,6833,-333,-3198,6621,-409,-3042,6812,0,0,0,-76,156,191,258.1,1697.7,0.257,-0.052,1.067,3.368,0.828,-1.385,254.0,1,-0.5785,-0.2579,-0.0542,0.7720,0.0,-nan,0.2
164193,2026-08-29_06-24-18.194-240,v3.5.7,3.50,12.0,400,883,-2833,6610,-309,-3057,6759,-333,-3198,6621,-395,-2991,6739,0,0,0,-62,207,118,246.2,1619.8,0.216,0.042,1.074,0.797,1.094,-1.994,244.1,1,-0.5802,-0.2573,-0.0520,0.7710,0.0,-nan,0.2
164220,2026-08-29_06-24-18.223-240,v3.5.7,3.50,12.0,400,867,-2847,6579,-309,-3057,6759,-343,-3211,6589,-395,-2991,6739,0,0,0,-52,220,150,271.3,1784.9,0.161,-0.034,1.088,1.411,1.297,-2.493,265.1,1,-0.5823,-0.2570,-0.0490,0.7697,0.0,-nan,0.2
164250,2026-08-29_06-24-18.254-240,v3.5.7,3.50,12.0,400,888,-2828,6586,-276,-3053,6750,-324,-3192,6599,-361,-2988,6730,0,0,0,-37,204,131,245.2,1613.5,0.120,0.069,1.097,1.371,0.781,-2.812,243.3,1,-0.5846,-0.2572,-0.0462,0.7681,0.0,-nan,0.2
164294,2026-08-29_06-24-18.295-240,v3.5.7,3.50,12.0,400,888,-2828,6586,-265,-3050,6747,-324,-3192,6599,-350,-2985,6727,0,0,0,-26,207,128,244.8,1610.3,-0.022,-0.014,1.116,0.976,-2.875,-3.216,242.9,1,-0.5872,-0.2607,-0.0464,0.7649,0.0,-nan,0.2
164344,2026-08-29_06-24-18.345-240,v3.5.7,3.51,12.0,400,913,-2832,6580,-265,-3050,6747,-298,-3196,6596,-350,-2985,6727,0,0,0,-52,211,131,253.7,1669.4,-0.083,-0.015,1.133,1.126,-0.828,-2.707,250.4,1,-0.5894,-0.2622,-0.0451,0.7628,0.0,-nan,0.0
164399,2026-08-29_06-24-18.401-240,v3.5.7,3.51,12.0,400,943,-2832,6574,-263,-3050,6717,-267,-3197,6595,-348,-2985,6697,0,0,0,-81,212,102,248.8,1636.9,-0.056,0.002,1.130,0.147,-0.406,-3.621,246.3,1,-0.5928,-0.2627,-0.0440,0.7600,0.0,-nan,0.0
164426,2026-08-29_06-24-18.428-240,v3.5.7,3.51,12.0,400,938,-2826,6569,-212,-3044,6742,-272,-3190,6589,-296,-2979,6721,0,0,0,-24,211,132,250.0,1645.0,-0.049,0.068,1.132,0.922,-0.859,-2.715,247.3,1,-0.5950,-0.2642,-0.0429,0.7578,0.0,-nan,0.2
164455,2026-08-29_06-24-18.459-240,v3.5.7,3.51,12.0,400,938,-2826,6569,-212,-3044,6742,-272,-3190,6589,-296,-2979,6721,0,0,0,-24,211,132,250.0,1645.0,-0.041,0.021,1.131,-0.868,-0.797,-2.566,247.3,1,-0.5977,-0.2642,-0.0435,0.7557,0.0,-nan,0.2
164488,2026-08-29_06-24-19.489-240,v3.5.7,3.51,12.0,400,963,-2823,6556,-193,-3062,6734,-245,-3187,6580,-277,-2997,6713,0,0,0,-32,190,133,234.1,1540.3,0.015,0.070,1.111,-1.296,-1.406,-2.463,233.9,1,-0.6004,-0.2645,-0.0450,0.7533,0.0,-nan,0.2
164516,2026-08-29_06-24-19.517-240,v3.5.7,3.51,12.0,400,967,-2823,6584,-193,-3062,6734,-245,-3188,6608,-277,-2997,6713,0,0,0,-32,191,105,220.3,1449.3,0.022,-0.018,1.111,-3.125,-1.047,-3.663,222.3,1,-0.6049,-0.2631,-0.0475,0.7501,0.0,-nan,0.2
164559,2026-08-29_06-24-19.561-240,v3.5.7,3.51,12.0,400,967,-2823,6584,-211,-3051,6722,-245,-3188,6608,-295,-2986,6702,0,0,0,-50,202,94,228.3,1502.2,-0.005,0.045,1.117,1.367,0.438,-5.570,229.1,1,-0.6097,-0.2638,-0.0441,0.7462,0.0,-nan,0.2
164585,2026-08-29_06-24-19.586-240,v3.5.7,3.51,12.0,400,972,-2823,6568,-194,-3052,6732,-238,-3188,6593,-278,-2987,6711,0,0,0,-40,201,118,236.5,1555.8,-0.003,0.017,1.126,-1.261,0.469,-4.090,235.9,1,-0.6139,-0.2624,-0.0436,0.7432,0.0,-nan,0.2
164632,2026-08-29_06-24-19.633-240,v3.5.7,3.51,12.0,400,966,-2836,6567,-194,-3052,6732,-243,-3201,6592,-278,-2987,6711,0,0,0,-35,214,119,247.3,1627.3,0.034,0.038,1.110,-2.875,-0.875,-3.573,245.0,1,-0.6182,-0.2610,-0.0458,0.7400,0.0,-nan,0.2
164665,2026-08-29_06-24-19.668-240,v3.5.7,3.51,12.0,400,966,-2836,6567,-193,-3051,6743,-243,-3201,6592,-277,-2986,6722,0,0,0,-34,215,130,253.5,1668.0,0.012,0.007,1.116,-1.790,0.109,-3.225,250.2,1,-0.6217,-0.2595,-0.0464,0.7375,0.0,-nan,0.2
164694,2026-08-29_06-24-19.695-240,v3.5.7,3.51,12.0,400,955,-2828,6564,-193,-3051,6743,-254,-3193,6587,-277,-2986,6722,0,0,0,-23,207,135,248.2,1632.9,0.005,0.058,1.117,0.107,-0.453,-2.877,245.7,1,-0.6244,-0.2599,-0.0457,0.7352,0.0,-nan,0.2
164722,2026-08-29_06-24-19.723-240,v3.5.7,3.51,12.0,400,975,-2825,6556,-192,-3053,6730,-233,-3190,6582,-276,-2989,6709,0,0,0,-43,201,127,241.6,1589.6,-0.004,0.027,1.117,-1.368,-0.469,-3.089,240.2,1,-0.6276,-0.2593,-0.0463,0.7326,0.0,-nan,0.2
164769,2026-08-29_06-24-19.771-240,v3.5.7,3.51,12.0,400,975,-2825,6556,-197,-3022,6728,-233,-3190,6582,-281,-2958,6708,0,0,0,-48,232,126,268.3,1765.4,0.021,0.042,1.112,-4.615,-0.500,-3.524,262.6,1,-0.6323,-0.2561,-0.0499,0.7294,0.0,-nan,0.2
164808,2026-08-29_06-24-19.809-240,v3.5.7,3.51,12.0,400,974,-2822,6566,-197,-3022,6728,-235,-3187,6592,-281,-2958,6708,0,0,0,-46,229,116,260.8,1715.7,-0.006,0.028,1.119,-0.004,-0.219,-1.694,256.3,1,-0.6339,-0.2562,-0.0495,0.7281,0.0,-nan,0.2
164838,2026-08-29_06-24-19.840-240,v3.5.7,3.51,12.0,400,974,-2832,6561,-197,-3064,6727,-234,-3197,6587,-281,-2999,6706,0,0,0,-47,198,119,235.7,1550.9,-0.006,0.069,1.117,-1.442,-0.719,-3.155,235.3,1,-0.6372,-0.2557,-0.0504,0.7253,0.0,-nan,0.2
164878,2026-08-29_06-24-19.879-240,v3.5.7,3.51,12.0,400,974,-2832,6561,-196,-3053,6719,-234,-3197,6587,-280,-2989,6698,0,0,0,-46,208,111,240.2,1580.3,0.026,0.010,1.112,-0.771,-0.719,-2.929,239.0,1,-0.6401,-0.2557,-0.0508,0.7228,0.0,-nan,0.2
164921,2026-08-29_06-24-19.923-240,v3.5.7,3.51,12.0,400,977,-2826,6546,-196,-3053,6719,-229,-3190,6573,-280,-2989,6698,0,0,0,-51,201,125,242.1,1593.0,-0.000,0.033,1.115,0.949,-1.000,-4.012,240.7,1,-0.6433,-0.2574,-0.0494,0.7193,0.0,-nan,0.2
164963,2026-08-29_06-24-19.964-240,v3.5.7,3.51,12.0,400,988,-2820,6536,-177,-3055,6729,-216,-3184,6564,-261,-2991,6708,0,0,0,-45,193,144,245.0,1611.6,0.011,0.071,1.110,0.245,-0.156,-2.451,243.0,1,-0.6455,-0.2576,-0.0486,0.7174,0.0,-nan,0.2
164992,2026-08-29_06-24-19.993-240,v3.5.7,3.51,12.0,400,1001,-2826,6533,-142,-3063,6713,-203,-3190,6564,-225,-2999,6692,0,0,0,-22,191,128,231.0,1519.6,0.000,0.034,1.115,0.532,-0.109,-4.204,231.3,1,-0.6491,-0.2582,-0.0469,0.7140,0.0,-nan,0.2
165042,2026-08-29_06-24-19.043-240,v3.5.7,3.51,12.0,400,1035,-2824,6556,-142,-3063,6713,-173,-3190,6591,-225,-2999,6692,0,0,0,-52,191,101,222.2,1462.0,0.011,-0.029,1.115,2.937,0.219,-3.662,224.0,1,-0.6514,-0.2604,-0.0429,0.7113,0.0,-nan,0.2
165088,2026-08-29_06-24-19.089-240,v3.5.7,3.51,12.0,400,1035,-2824,6556,-131,-3060,6723,-173,-3190,6591,-214,-2996,6702,0,0,0,-41,194,111,227.2,1495.0,0.016,0.111,1.106,7.749,-0.375,-1.984,228.2,1,-0.6506,-0.2669,-0.0357,0.7100,0.0,-nan,0.2
165118,2026-08-29_06-24-19.119-240,v3.5.7,3.51,12.0,400,1077,-2828,6520,-80,-3065,6727,-125,-3193,6562,-162,-3001,6705,0,0,0,-37,192,143,242.2,1593.7,0.020,0.102,1.130,3.540,-0.188,-1.431,240.7,1,-0.6507,-0.2698,-0.0323,0.7090,0.0,-nan,0.2
165159,2026-08-29_06-24-19.161-240,v3.5.7,3.51,12.0,400,1122,-2820,6522,-80,-3065,6727,-81,-3186,6571,-162,-3001,6705,0,0,0,-81,185,134,242.4,1594.5,-0.005,0.093,1.119,-1.171,-0.641,-2.716,240.9,1,-0.6535,-0.2693,-0.0329,0.7066,0.0,-nan,0.0
165193,2026-08-29_06-24-19.194-240,v3.5.7,3.51,12.0,400,1122,-2820,6522,-57,-3032,6725,-81,-3186,6571,-139,-2969,6703,0,0,0,-58,217,132,260.5,1714.0,0.005,0.048,1.117,-1.688,-0.719,-3.392,256.1,1,-0.6571,-0.2685,-0.0339,0.7036,0.0,-nan,0.2
165220,2026-08-29_06-24-19.223-240,v3.5.7,3.51,12.0,400,1135,-2822,6528,-39,-3060,6720,-69,-3188,6579,-120,-2997,6698,0,0,0,-51,191,119,230.7,1518.1,0.000,0.021,1.115,2.097,-0.344,-3.899,231.1,1,-0.6598,-0.2705,-0.0311,0.7004,0.0,-nan,0.2
165273,2026-08-29_06-24-19.275-240,v3.5.7,3.51,12.0,400,1147,-2833,6524,-39,-3060,6720,-57,-3200,6577,-120,-2997,6698,0,0,0,-63,203,121,244.6,1609.1,0.007,0.109,1.108,2.816,-0.562,-3.466,242.7,1,-0.6619,-0.2732,-0.0279,0.6975,0.0,-nan,0.2
165303,2026-08-29_06-24-19.304-240,v3.5.7,3.51,12.0,400,1155,-2831,6511,-15,-3072,6728,-47,-3197,6565,-96,-3009,6706,0,0,0,-49,188,141,240.1,1579.3,0.009,0.057,1.121,1.636,-0.516,-2.478,238.9,1,-0.6635,-0.2749,-0.0261,0.6954,0.0,-nan,0.2
165346,2026-08-29_06-24-19.348-240,v3.5.7,3.51,12.0,400,1155,-2831,6511,13,-3067,6723,-47,-3197,6565,-67,-3004,6701,0,0,0,-20,193,136,236.9,1558.9,0.019,0.013,1.122,8.085,-0.891,-2.809,236.3,1,-0.6631,-0.2822,-0.0189,0.6930,0.0,-nan,0.2
165390,2026-08-29_06-24-19.394-240,v3.5.7,3.51,12.0,400,1207,-2827,6511,13,-3067,6723,4,-3194,6573,-67,-3004,6701,0,0,0,-71,190,128,239.8,1577.9,-0.003,0.189,1.116,-0.900,-0.516,-3.215,238.7,1,-0.6662,-0.2818,-0.0190,0.6902,0.0,-nan,0.2
165419,2026-08-29_06-24-19.421-240,v3.5.7,3.51,12.0,400,1248,-2828,6508,75,-3057,6727,45,-3196,6576,-4,-2995,6704,0,0,0,-49,201,128,243.3,1600.5,0.004,0.044,1.120,-5.465,-0.516,-4.278,241.6,1,-0.6718,-0.2776,-0.0227,0.6863,0.0,-nan,0.2
165460,2026-08-29_06-24-19.464-240,v3.5.7,3.51,12.0,400,1248,-2828,6508,73,-3080,6724,45,-3196,6576,-6,-3017,6701,0,0,0,-51,179,125,224.2,1475.0,0.014,0.124,1.106,-2.728,-0.703,-3.819,225.6,1,-0.6761,-0.2758,-0.0244,0.6829,0.0,-nan,0.2
165508,2026-08-29_06-24-20.509-240,v3.5.7,3.51,12.0,400,1246,-2821,6473,73,-3080,6724,49,-3188,6541,-6,-3017,6701,0,0,0,-55,171,160,240.6,1582.6,0.013,0.062,1.118,-1.593,-0.703,-3.447,239.3,1,-0.6796,-0.2749,-0.0252,0.6797,0.0,-nan,0.2
165538,2026-08-29_06-24-20.539-240,v3.5.7,3.51,12.0,400,1211,-2824,6466,83,-3071,6752,15,-3190,6529,3,-3008,6729,0,0,0,-12,182,200,270.7,1780.8,0.023,0.024,1.121,-0.421,-0.719,-2.229,264.6,1,-0.6816,-0.2750,-0.0254,0.6776,0.0,-nan,0.2
165566,2026-08-29_06-24-20.569-240,v3.5.7,3.51,12.0,400,1246,-2847,6510,83,-3071,6752,43,-3215,6578,3,-3008,6729,0,0,0,-40,207,151,259.3,1706.1,0.016,0.115,1.110,-3.788,-0.703,-4.092,255.1,1,-0.6863,-0.2723,-0.0279,0.6738,0.0,-nan,0.2
165614,2026-08-29_06-24-20.617-240,v3.5.7,3.51,12.0,400,1246,-2847,6510,59,-3038,6725,43,-3215,6578,-21,-2975,6702,0,0,0,-64,240,124,277.6,1826.4,0.009,0.073,1.116,-4.158,-0.953,-3.608,270.4,1,-0.6908,-0.2694,-0.0310,0.6703,0.0,-nan,0.2
165642,2026-08-29_06-24-20.643-240,v3.5.7,3.51,12.0,400,1229,-2838,6501,66,-3072,6719,27,-3205,6566,-13,-3009,6696,0,0,0,-40,196,130,238.6,1569.5,-0.001,-0.017,1.101,0.901,-0.688,-1.440,237.7,1,-0.6917,-0.2706,-0.0304,0.6689,0.0,-nan,0.2
165684,2026-08-29_06-24-20.687-240,v3.5.7,3.51,12.0,400,1228,-2829,6496,66,-3072,6719,27,-3196,6561,-13,-3009,6696,0,0,0,-40,187,135,234.1,1540.0,0.003,0.060,1.116,-2.631,-0.172,-3.244,233.9,1,-0.6953,-0.2684,-0.0317,0.6660,0.0,-nan,0.2
165716,2026-08-29_06-24-20.718-240,v3.5.7,3.51,12.0,400,1228,-2829,6496,67,-3086,6724,27,-3196,6561,-12,-3023,6701,0,0,0,-39,173,140,225.9,1486.5,-0.006,0.108,1.115,-2.990,-0.531,-3.398,227.1,1,-0.6991,-0.2662,-0.0335,0.6628,0.0,-nan,0.2
165745,2026-08-29_06-24-20.749-240,v3.5.7,3.51,12.0,400,1225,-2831,6500,67,-3086,6724,24,-3198,6565,-12,-3023,6701,0,0,0,-36,175,136,224.5,1477.2,-0.015,0.059,1.095,-2.541,-1.078,-1.871,225.9,1,-0.7015,-0.2647,-0.0360,0.6607,0.0,-nan,0.2
165775,2026-08-29_06-24-20.776-240,v3.5.7,3.51,12.0,400,1234,-2802,6499,57,-3064,6734,33,-3169,6565,-23,-3001,6711,0,0,0,-56,168,146,229.5,1510.0,0.002,0.052,1.118,-4.103,-0.703,-3.513,230.1,1,-0.7057,-0.2616,-0.0389,0.6572,0.0,-nan,0.2
165823,2026-08-29_06-24-20.824-240,v3.5.7,3.51,12.0,400,1234,-2802,6499,60,-3072,6716,33,-3169,6565,-20,-3009,6693,0,0,0,-53,160,128,211.6,1392.4,-0.004,0.089,1.115,-0.705,-0.812,-3.815,215.1,1,-0.7091,-0.2617,-0.0390,0.6536,0.0,-nan,0.2
165856,2026-08-29_06-24-20.859-240,v3.5.7,3.51,12.0,400,1237,-2837,6498,60,-3072,6716,36,-3204,6565,-20,-3009,6693,0,0,0,-56,195,128,239.9,1578.2,0.007,0.085,1.119,-3.277,-0.922,-3.394,238.8,1,-0.7129,-0.2594,-0.0414,0.6502,0.0,-nan,0.2
165889,2026-08-29_06-24-20.891-240,v3.5.7,3.51,12.0,400,1257,-2830,6500,60,-3084,6718,55,-3198,6569,-19,-3021,6695,0,0,0,-74,177,126,229.5,1510.0,0.021,0.054,1.112,-3.494,-0.953,-3.864,230.1,1,-0.7171,-0.2571,-0.0438,0.6463,0.0,-nan,0.0
165932,2026-08-29_06-24-20.934-240,v3.5.7,3.51,12.0,400,1257,-2830,6500,55,-3074,6729,55,-3198,6569,-25,-3011,6706,0,0,0,-80,187,137,245.2,1613.4,-0.010,0.072,1.119,-2.762,-0.734,-3.439,243.3,1,-0.7208,-0.2552,-0.0457,0.6429,0.0,-nan,0.2
165975,2026-08-29_06-24-20.976-240,v3.5.7,3.51,12.0,400,1221,-2827,6508,55,-3074,6729,18,-3194,6572,-25,-3011,6706,0,0,0,-43,183,134,230.9,1518.8,0.017,0.095,1.111,-2.114,-0.969,-3.380,231.2,1,-0.7241,-0.2540,-0.0472,0.6394,0.0,-nan,0.2
166003,2026-08-29_06-24-20.005-240,v3.5.7,3.51,12.0,400,1239,-2828,6499,40,-3050,6729,38,-3195,6566,-40,-2987,6706,0,0,0,-78,208,140,262.6,1727.5,0.014,0.076,1.117,-2.653,-0.750,-3.845,257.8,1,-0.7280,-0.2522,-0.0488,0.6356,0.0,-nan,0.2
166038,2026-08-29_06-24-20.039-240,v3.5.7,3.51,12.0,400,1239,-2828,6499,40,-3050,6729,38,-3195,6566,-40,-2987,6706,0,0,0,-78,208,140,262.6,1727.5,0.000,0.065,1.121,-3.912,-0.641,-3.713,257.8,1,-0.7322,-0.2492,-0.0513,0.6318,0.0,-nan,0.2
166066,2026-08-29_06-24-20.067-240,v3.5.7,3.51,12.0,400,1214,-2833,6496,58,-3079,6705,13,-3200,6559,-21,-3016,6682,0,0,0,-34,184,123,223.9,1473.2,0.004,0.098,1.119,-3.520,-0.438,-3.597,225.4,1,-0.7361,-0.2463,-0.0534,0.6282,0.0,-nan,0.2
166095,2026-08-29_06-24-20.099-240,v3.5.7,3.51,12.0,400,1229,-2824,6507,58,-3079,6705,26,-3191,6572,-21,-3016,6682,0,0,0,-47,175,110,212.0,1394.6,0.002,0.048,1.121,-4.436,-0.641,-3.465,215.3,1,-0.7402,-0.2427,-0.0565,0.6245,0.0,-nan,0.2
166139,2026-08-29_06-24-20.141-240,v3.5.7,3.51,12.0,400,1229,-2824,6507,44,-3077,6728,26,-3191,6572,-36,-3014,6705,0,0,0,-62,177,133,229.9,1512.6,0.009,0.081,1.109,-1.819,-0.750,-3.370,230.4,1,-0.7433,-0.2416,-0.0576,0.6211,0.0,-nan,0.2
166169,2026-08-29_06-24-20.171-240,v3.5.7,3.51,12.0,400,1227,-2809,6522,63,-3074,6717,22,-3177,6586,-16,-3011,6694,0,0,0,-38,166,108,201.7,1326.7,0.009,0.076,1.117,-1.465,-0.609,-3.069,206.7,1,-0.7461,-0.2408,-0.0584,0.6180,0.0,-nan,0.0
166216,2026-08-29_06-24-20.217-240,v3.5.7,3.51,12.0,400,1229,-2824,6500,65,-3080,6720,28,-3191,6565,-14,-3017,6697,0,0,0,-42,174,132,222.4,1463.2,0.013,0.091,1.122,-4.870,-1.172,-3.810,224.1,1,-0.7504,-0.2372,-0.0621,0.6138,0.0,-nan,0.2
166268,2026-08-29_06-24-20.269-240,v3.5.7,3.51,12.0,400,1224,-2833,6509,65,-3080,6720,21,-3200,6573,-14,-3017,6697,0,0,0,-35,183,124,223.8,1472.4,0.007,0.058,1.118,-0.167,-0.938,-2.790,225.3,1,-0.7526,-0.2377,-0.0623,0.6109,0.0,-nan,0.2
166303,2026-08-29_06-24-20.304-240,v3.5.7,3.51,12.0,400,1224,-2833,6509,47,-3079,6721,21,-3200,6573,-33,-3016,6698,0,0,0,-54,184,125,228.9,1505.9,0.005,0.101,1.116,-2.472,-1.047,-3.156,229.6,1,-0.7557,-0.2362,-0.0642,0.6075,0.0,-nan,0.2
166333,2026-08-29_06-24-20.334-240,v3.5.7,3.51,12.0,400,1218,-2827,6496,42,-3075,6717,17,-3194,6560,-38,-3012,6694,0,0,0,-55,182,134,232.6,1530.3,0.024,0.095,1.118,-6.342,-1.516,-3.610,232.7,1,-0.7602,-0.2314,-0.0694,0.6031,0.0,-nan,0.2
166388,2026-08-29_06-24-20.389-240,v3.5.7,3.51,12.0,400,1207,-2826,6516,42,-3075,6717,3,-3193,6578,-38,-3012,6694,0,0,0,-41,181,116,218.9,1439.8,0.003,0.081,1.116,-5.771,-0.656,-4.120,221.1,1,-0.7649,-0.2266,-0.0732,0.5986,0.0,-nan,0.0
166417,2026-08-29_06-24-20.418-240,v3.5.7,3.51,12.0,400,1181,-2823,6512,-4,-3071,6723,-21,-3190,6570,-85,-3008,6701,0,0,0,-64,182,131,233.2,1534.2,0.004,0.004,1.120,-3.498,-1.234,-2.653,233.2,1,-0.7677,-0.2242,-0.0763,0.5954,0.0,-nan,0.2
166462,2026-08-29_06-24-20.464-240,v3.5.7,3.51,12.0,400,1181,-2823,6512,-6,-3076,6732,-21,-3190,6570,-87,-3013,6710,0,0,0,-66,177,140,235.1,1546.9,0.038,0.074,1.109,-1.262,-1.078,-3.186,234.8,1,-0.7704,-0.2238,-0.0774,0.5920,0.0,-nan,0.2
166499,2026-08-29_06-24-21.501-240,v3.5.7,3.51,12.0,400,1178,-2816,6507,-6,-3076,6732,-23,-3183,6564,-87,-3013,6710,0,0,0,-64,170,146,233.0,1533.2,-0.009,0.044,1.121,-3.434,-0.234,-2.979,233.0,1,-0.7736,-0.2208,-0.0793,0.5887,0.0,-nan,0.2
166529,2026-08-29_06-24-21.531-240,v3.5.7,3.51,12.0,400,1164,-2819,6509,6,-3066,6732,-37,-3185,6564,-75,-3003,6710,0,0,0,-38,182,146,236.4,1555.2,-0.008,0.104,1.121,-4.621,-0.672,-3.160,235.8,1,-0.7771,-0.2169,-0.0825,0.5850,0.0,-nan,0.0
166560,2026-08-29_06-24-21.562-240,v3.5.7,3.51,12.0,400,1164,-2819,6509,6,-3066,6732,-37,-3185,6564,-75,-3003,6710,0,0,0,-38,182,146,236.4,1555.2,0.003,0.041,1.120,-8.050,-1.656,-3.850,235.8,1,-0.7819,-0.2104,-0.0889,0.5800,0.0,-nan,0.2
166590,2026-08-29_06-24-21.594-240,v3.5.7,3.51,12.0,400,1138,-2828,6508,-24,-3086,6718,-63,-3194,6559,-105,-3023,6696,0,0,0,-42,171,137,223.1,1467.8,-0.002,-0.021,1.117,-0.258,-0.969,-3.478,224.7,1,-0.7844,-0.2110,-0.0892,0.5764,0.0,-nan,0.2
166620,2026-08-29_06-24-21.621-240,v3.5.7,3.51,12.0,400,1143,-2812,6523,-24,-3086,6718,-61,-3178,6575,-105,-3023,6696,0,0,0,-44,155,121,201.5,1325.7,0.006,0.068,1.115,0.724,-1.094,-3.215,206.6,1,-0.7864,-0.2127,-0.0889,0.5731,0.0,-nan,0.2
166669,2026-08-29_06-24-21.671-240,v3.5.7,3.51,12.0,400,1143,-2812,6523,-31,-3059,6723,-61,-3178,6575,-112,-2996,6701,0,0,0,-51,182,126,227.2,1494.5,-0.000,0.105,1.120,-0.708,-0.875,-3.633,228.1,1,-0.7891,-0.2128,-0.0892,0.5692,0.0,-nan,0.0
166696,2026-08-29_06-24-21.697-240,v3.5.7,3.51,12.0,400,1163,-2822,6523,-7,-3088,6710,-41,-3189,6578,-87,-3025,6688,0,0,0,-46,164,110,202.8,1334.0,0.000,0.052,1.117,-2.010,-0.953,-3.638,207.6,1,-0.7922,-0.2116,-0.0906,0.5652,0.0,-nan,0.2
166740,2026-08-29_06-24-21.744-240,v3.5.7,3.51,12.0,400,1160,-2826,6509,-7,-3088,6710,-41,-3192,6564,-87,-3025,6688,0,0,0,-46,167,124,213.0,1401.5,0.018,0.067,1.115,-1.234,-0.500,-3.762,216.2,1,-0.7951,-0.2110,-0.0910,0.5612,0.0,-nan,0.2
166775,2026-08-29_06-24-21.777-240,v3.5.7,3.51,12.0,400,1160,-2826,6509,-9,-3074,6724,-41,-3192,6564,-90,-3011,6702,0,0,0,-49,181,138,232.8,1531.7,0.004,0.066,1.119,-1.428,-0.344,-3.036,232.8,1,-0.7976,-0.2099,-0.0915,0.5580,0.0,-nan,0.2
166803,2026-08-29_06-24-21.804-240,v3.5.7,3.51,12.0,400,1175,-2816,6493,-18,-3046,6723,-24,-3182,6550,-99,-2983,6701,0,0,0,-75,199,151,260.8,1715.9,0.002,0.061,1.118,-0.711,-0.625,-3.450,256.3,1,-0.8002,-0.2098,-0.0917,0.5544,0.0,-nan,0.2
166851,2026-08-29_06-24-21.852-240,v3.5.7,3.51,12.0,400,1183,-2820,6502,-18,-3046,6723,-17,-3187,6560,-99,-2983,6701,0,0,0,-82,204,141,261.2,1718.4,0.014,0.095,1.116,-2.487,-0.594,-3.652,256.7,1,-0.8033,-0.2079,-0.0931,0.5503,0.0,-nan,0.2
166880,2026-08-29_06-24-21.884-240,v3.5.7,3.51,12.0,400,1183,-2820,6502,6,-3076,6741,-17,-3187,6560,-75,-3013,6719,0,0,0,-58,174,159,242.7,1597.0,0.009,0.067,1.116,-2.603,-0.750,-3.946,241.2,1,-0.8066,-0.2060,-0.0946,0.5459,0.0,-nan,0.2
166910,2026-08-29_06-24-21.912-240,v3.5.7,3.51,12.0,400,1191,-2820,6505,6,-3076,6741,-10,-3187,6564,-75,-3013,6719,0,0,0,-65,174,155,241.9,1591.6,0.006,0.047,1.118,-3.220,-0.234,-4.203,240.5,1,-0.8103,-0.2032,-0.0959,0.5412,0.0,-nan,0.2
166939,2026-08-29_06-24-21.941-240,v3.5.7,3.51,12.0,400,1186,-2816,6502,18,-3063,6716,-14,-3183,6561,-62,-3000,6694,0,0,0,-48,183,133,231.3,1521.5,-0.001,0.086,1.117,-1.968,-0.719,-3.627,231.5,1,-0.8132,-0.2019,-0.0970,0.5372,0.0,-nan,0.0
166986,2026-08-29_06-24-21.988-240,v3.5.7,3.51,12.0,400,1186,-2816,6502,4,-3076,6721,-14,-3183,6561,-76,-3013,6699,0,0,0,-62,170,138,227.6,1497.2,0.013,0.058,1.120,-0.410,-0.344,-3.210,228.4,1,-0.8154,-0.2019,-0.0968,0.5338,0.0,-nan,0.0
167032,2026-08-29_06-24-21.034-240,v3.5.7,3.51,12.0,400,1189,-2817,6488,4,-3076,6721,-9,-3183,6547,-76,-3013,6699,0,0,0,-67,170,152,237.7,1563.7,0.011,0.063,1.117,-2.017,-0.312,-3.274,236.9,1,-0.8181,-0.2002,-0.0977,0.5302,0.0,-nan,0.2
167060,2026-08-29_06-24-21.061-240,v3.5.7,3.51,12.0,400,1180,-2822,6500,6,-3081,6733,-20,-3188,6558,-74,-3018,6711,0,0,0,-54,170,153,235.0,1546.1,0.015,0.089,1.116,-3.472,-0.688,-3.733,234.7,1,-0.8214,-0.1973,-0.0997,0.5258,0.0,-nan,0.2
167093,2026-08-29_06-24-21.094-240,v3.5.7,3.51,12.0,400,1180,-2822,6500,6,-3081,6733,-20,-3188,6558,-74,-3018,6711,0,0,0,-54,170,153,235.0,1546.1,0.012,0.050,1.117,-2.258,-0.391,-2.630,234.7,1,-0.8236,-0.1954,-0.1009,0.5227,0.0,-nan,0.2
167122,2026-08-29_06-24-21.124-240,v3.5.7,3.51,12.0,400,1165,-2812,6500,-4,-3074,6715,-35,-3178,6556,-85,-3011,6693,0,0,0,-50,167,137,221.7,1458.7,0.009,0.068,1.116,-2.441,-0.531,-3.354,223.5,1,-0.8264,-0.1934,-0.1022,0.5189,0.0,-nan,0.0
167153,2026-08-29_06-24-21.154-240,v3.5.7,3.51,12.0,400,1175,-2804,6513,-4,-3074,6715,-27,-3171,6570,-85,-3011,6693,0,0,0,-58,160,123,210.0,1381.5,0.009,0.075,1.115,-2.727,-0.562,-3.567,213.7,1,-0.8293,-0.1912,-0.1037,0.5148,0.0,-nan,0.2
167197,2026-08-29_06-24-21.198-240,v3.5.7,3.51,12.0,400,1175,-2804,6513,13,-3074,6698,-27,-3171,6570,-67,-3011,6676,0,0,0,-40,160,106,196.1,1289.8,0.014,0.068,1.117,-1.282,-0.625,-4.221,202.0,1,-0.8323,-0.1906,-0.1041,0.5101,0.0,-nan,0.2
167228,2026-08-29_06-24-21.229-240,v3.5.7,3.51,12.0,400,1187,-2817,6496,3,-3049,6714,-12,-3183,6555,-78,-2986,6692,0,0,0,-66,197,137,248.9,1637.3,0.011,0.067,1.118,-3.172,-0.328,-3.401,246.3,1,-0.8352,-0.1877,-0.1057,0.5061,0.0,-nan,0.2
167262,2026-08-29_06-24-21.263-240,v3.5.7,3.51,12.0,400,1189,-2825,6501,3,-3049,6714,-11,-3192,6560,-78,-2986,6692,0,0,0,-67,206,132,253.7,1668.9,0.000,0.057,1.118,-1.447,-0.922,-4.288,250.3,1,-0.8381,-0.1871,-0.1065,0.5012,0.0,-nan,0.2
167300,2026-08-29_06-24-21.304-240,v3.5.7,3.51,12.0,400,1189,-2825,6501,6,-3077,6717,-11,-3192,6560,-74,-3014,6695,0,0,0,-63,178,135,232.1,1527.1,0.010,0.090,1.115,-5.125,-0.734,-1.064,232.3,1,-0.8399,-0.1821,-0.1102,0.4993,0.0,-nan,0.2
167331,2026-08-29_06-24-21.332-240,v3.5.7,3.51,12.0,400,1188,-2839,6500,14,-3072,6710,-12,-3206,6559,-66,-3009,6688,0,0,0,-54,197,129,241.6,1589.4,0.012,0.053,1.116,-0.930,-0.703,-3.486,240.2,1,-0.8422,-0.1818,-0.1107,0.4954,0.0,-nan,0.2
167380,2026-08-29_06-24-21.384-240,v3.5.7,3.51,12.0,400,1194,-2820,6504,14,-3072,6710,-7,-3187,6564,-66,-3009,6688,0,0,0,-59,178,124,224.8,1479.0,0.004,0.115,1.119,1.052,-0.547,-4.522,226.1,1,-0.8447,-0.1836,-0.1095,0.4907,0.0,-nan,0.2
167410,2026-08-29_06-24-21.411-240,v3.5.7,3.51,12.0,400,1194,-2820,6504,30,-3062,6724,-7,-3187,6564,-50,-2999,6702,0,0,0,-43,188,138,237.1,1560.2,0.001,0.070,1.114,-1.291,-0.719,-3.892,236.5,1,-0.8473,-0.1830,-0.1101,0.4862,0.0,-nan,0.2
167460,2026-08-29_06-24-21.464-240,v3.5.7,3.51,12.0,400,1215,-2818,6508,21,-3062,6716,12,-3185,6571,-59,-2999,6694,0,0,0,-71,186,123,234.0,1539.6,0.012,0.068,1.116,1.145,-0.203,-5.641,233.8,1,-0.8505,-0.1849,-0.1083,0.4804,0.0,-nan,0.2
167494,2026-08-29_06-24-22.495-240,v3.5.7,3.51,12.0,400,1216,-2820,6503,21,-3062,6716,14,-3187,6566,-59,-2999,6694,0,0,0,-73,188,128,238.9,1571.5,0.001,0.061,1.120,-0.671,-0.469,-2.788,237.9,1,-0.8523,-0.1846,-0.1086,0.4773,0.0,-nan,0.2
167523,2026-08-29_06-24-22.524-240,v3.5.7,3.51,12.0,400,1204,-2790,6496,44,-3063,6709,3,-3157,6557,-36,-3000,6687,0,0,0,-39,157,130,207.5,1365.3,-0.002,0.083,1.117,-0.566,-0.516,-3.480,211.6,1,-0.8544,-0.1846,-0.1086,0.4734,0.0,-nan,0.2
167562,2026-08-29_06-24-22.564-240,v3.5.7,3.51,12.0,400,1204,-2790,6496,47,-3066,6716,3,-3157,6557,-33,-3003,6693,0,0,0,-36,154,136,208.6,1372.3,0.013,0.067,1.114,-2.446,-0.984,-4.018,212.5,1,-0.8572,-0.1829,-0.1101,0.4686,0.0,-nan,0.2
167613,2026-08-29_06-24-22.614-240,v3.5.7,3.51,12.0,400,1216,-2830,6498,47,-3066,6716,15,-3197,6561,-33,-3003,6693,0,0,0,-48,194,132,239.5,1575.7,0.005,0.068,1.118,-2.509,-1.141,-3.658,238.5,1,-0.8598,-0.1811,-0.1120,0.4641,0.0,-nan,0.2
167643,2026-08-29_06-24-22.644-240,v3.5.7,3.51,12.0,400,1228,-2809,6500,21,-3046,6713,27,-3176,6565,-59,-2983,6691,0,0,0,-86,193,126,246.0,1618.5,0.010,0.077,1.116,-2.128,-0.906,-3.372,243.9,1,-0.8621,-0.1796,-0.1134,0.4600,0.0,-nan,0.2
167673,2026-08-29_06-24-22.675-240,v3.5.7,3.51,12.0,400,1228,-2809,6500,21,-3046,6713,27,-3176,6565,-59,-2983,6691,0,0,0,-86,193,126,246.0,1618.5,0.014,0.064,1.120,-2.133,-0.922,-3.820,243.9,1,-0.8647,-0.1781,-0.1147,0.4554,0.0,-nan,0.2
167701,2026-08-29_06-24-22.703-240,v3.5.7,3.51,12.0,400,1223,-2805,6484,47,-3083,6717,24,-3172,6549,-33,-3020,6694,0,0,0,-57,152,145,217.7,1432.0,0.013,0.077,1.115,-2.672,-0.531,-3.690,220.1,1,-0.8674,-0.1758,-0.1159,0.4509,0.0,-nan,0.2
167735,2026-08-29_06-24-22.739-240,v3.5.7,3.51,12.0,400,1226,-2818,6532,47,-3083,6717,19,-3186,6596,-33,-3020,6694,0,0,0,-52,166,98,199.7,1313.6,0.008,0.066,1.114,-2.338,-0.781,-3.269,205.0,1,-0.8696,-0.1740,-0.1173,0.4469,0.0,-nan,0.2
167774,2026-08-29_06-24-22.775-240,v3.5.7,3.51,12.0,400,1226,-2818,6532,48,-3077,6725,19,-3186,6596,-32,-3014,6702,0,0,0,-51,172,106,208.4,1370.9,0.006,0.063,1.116,-2.226,-0.688,-3.388,212.3,1,-0.8719,-0.1722,-0.1185,0.4428,0.0,-nan,0.2
167803,2026-08-29_06-24-22.804-240,v3.5.7,3.51,12.0,400,1228,-2839,6502,47,-3075,6719,26,-3206,6567,-33,-3012,6696,0,0,0,-59,194,129,240.3,1581.1,0.006,0.082,1.120,-2.641,-0.734,-3.419,239.1,1,-0.8743,-0.1700,-0.1200,0.4385,0.0,-nan,0.2
167846,2026-08-29_06-24-22.849-240,v3.5.7,3.51,12.0,400,1229,-2815,6494,47,-3075,6719,29,-3182,6559,-33,-3012,6696,0,0,0,-62,170,137,227.0,1493.2,0.002,0.058,1.115,-3.262,-0.516,-3.619,227.9,1,-0.8769,-0.1671,-0.1215,0.4340,0.0,-nan,0.2
167883,2026-08-29_06-24-22.884-240,v3.5.7,3.51,12.0,400,1229,-2815,6494,51,-3067,6705,29,-3182,6559,-29,-3004,6683,0,0,0,-58,178,124,224.6,1477.3,0.003,0.113,1.116,-5.244,-1.250,-3.864,225.9,1,-0.8799,-0.1624,-0.1249,0.4287,0.0,-nan,0.2
167913,2026-08-29_06-24-22.914-240,v3.5.7,3.51,12.0,400,1221,-2816,6501,33,-3081,6714,19,-3183,6565,-47,-3018,6692,0,0,0,-66,165,127,218.4,1437.0,0.008,0.054,1.115,-7.617,-0.844,-4.100,220.8,1,-0.8835,-0.1548,-0.1290,0.4229,0.0,-nan,0.0
167964,2026-08-29_06-24-22.965-240,v3.5.7,3.51,12.0,400,1194,-2817,6504,33,-3081,6714,-7,-3184,6564,-47,-3018,6692,0,0,0,-40,166,128,213.4,1404.0,0.004,0.080,1.119,1.017,-0.641,-2.770,216.5,1,-0.8847,-0.1565,-0.1285,0.4199,0.0,-nan,0.2
167993,2026-08-29_06-24-22.994-240,v3.5.7,3.51,12.0,400,1203,-2819,6500,25,-3080,6718,2,-3186,6561,-55,-3017,6696,0,0,0,-57,169,135,223.7,1471.6,0.003,0.080,1.120,-1.375,-0.859,-3.194,225.2,1,-0.8865,-0.1558,-0.1295,0.4160,0.0,-nan,0.2
168036,2026-08-29_06-24-22.038-240,v3.5.7,3.51,12.0,400,1203,-2819,6500,3,-3074,6712,2,-3186,6561,-77,-3011,6690,0,0,0,-79,175,129,231.3,1521.8,0.005,0.059,1.119,-0.358,-0.344,-3.276,231.6,1,-0.8883,-0.1558,-0.1293,0.4123,0.0,-nan,0.2
168085,2026-08-29_06-24-22.089-240,v3.5.7,3.51,12.0,400,1227,-2827,6496,3,-3074,6712,26,-3194,6561,-77,-3011,6690,0,0,0,-103,183,129,246.5,1621.4,0.016,0.080,1.118,-4.450,-0.969,-3.583,244.3,1,-0.8908,-0.1518,-0.1319,0.4074,0.0,-nan,0.2
168131,2026-08-29_06-24-22.132-240,v3.5.7,3.51,12.0,400,1205,-2824,6484,32,-3084,6733,6,-3190,6546,-48,-3021,6710,0,0,0,-54,169,164,241.6,1589.5,0.003,0.106,1.116,1.515,-0.922,-3.220,240.2,1,-0.8921,-0.1542,-0.1315,0.4039,0.0,-nan,0.2
168160,2026-08-29_06-24-22.164-240,v3.5.7,3.51,12.0,400,1189,-2821,6497,45,-3076,6713,-11,-3187,6556,-35,-3013,6690,0,0,0,-24,174,134,220.9,1453.5,0.003,0.060,1.116,-1.200,-0.484,-3.204,222.9,1,-0.8939,-0.1534,-0.1319,0.4001,0.0,-nan,0.2
168199,2026-08-29_06-24-22.201-240,v3.5.7,3.51,12.0,400,1189,-2821,6497,45,-3076,6713,-11,-3187,6556,-35,-3013,6690,0,0,0,-24,174,134,220.9,1453.5,0.010,0.106,1.117,0.882,-1.172,-3.035,222.9,1,-0.8951,-0.1553,-0.1321,0.3966,0.0,-nan,0.2
168247,2026-08-29_06-24-22.248-240,v3.5.7,3.51,12.0,400,1226,-2811,6491,44,-3068,6732,26,-3178,6556,-36,-3005,6709,0,0,0,-62,173,153,239.1,1573.2,0.008,0.013,1.107,-28.332,-0.531,-9.479,238.1,1,-0.9046,-0.1251,-0.1448,0.3810,0.0,-nan,0.2
168275,2026-08-29_06-24-22.279-240,v3.5.7,3.51,12.0,400,1182,-2819,6516,-33,-3078,6718,-21,-3186,6574,-114,-3015,6696,0,0,0,-93,171,122,229.7,1511.4,0.027,-0.337,1.101,4.638,-1.219,-1.685,230.2,1,-0.9044,-0.1310,-0.1437,0.3798,0.0,-nan,0.2
168317,2026-08-29_06-24-22.318-240,v3.5.7,3.51,12.0,400,1169,-2822,6503,-33,-3078,6718,-31,-3188,6559,-114,-3015,6696,0,0,0,-83,173,137,235.8,1551.1,-0.011,0.151,1.117,17.346,-1.562,-0.705,235.3,1,-0.9015,-0.1513,-0.1369,0.3818,0.0,-nan,0.2
168359,2026-08-29_06-24-22.361-240,v3.5.7,3.51,12.0,400,1169,-2822,6503,18,-3072,6725,-31,-3188,6559,-62,-3009,6703,0,0,0,-31,179,144,231.8,1525.1,0.028,0.100,1.109,9.193,-1.078,-2.421,232.0,1,-0.9007,-0.1624,-0.1331,0.3804,0.0,-nan,0.0
168387,2026-08-29_06-24-22.389-240,v3.5.7,3.51,12.0,400,1265,-2825,6484,108,-3079,6714,66,-3192,6555,28,-3017,6691,0,0,0,-38,175,136,224.9,1479.4,-0.108,-0.147,0.927,14.313,-6.172,4.510,226.2,1,-0.8944,-0.1804,-0.1341,0.3866,0.0,-nan,0.2
168438,2026-08-29_06-24-22.439-240,v3.5.7,3.51,12.0,400,1348,-2819,6488,108,-3079,6714,148,-3188,6571,28,-3017,6691,0,0,0,-120,171,120,240.9,1585.0,0.010,0.119,1.126,2.585,-2.266,-4.523,239.6,1,-0.8957,-0.1849,-0.1343,0.3815,0.0,-nan,0.2
168467,2026-08-29_06-24-22.468-240,v3.5.7,3.51,12.0,400,1421,-2819,6468,193,-3067,6709,223,-3188,6562,115,-3005,6685,0,0,0,-108,183,123,245.5,1615.3,0.039,0.013,1.108,9.665,-1.406,-1.322,243.5,1,-0.8938,-0.1964,-0.1309,0.3813,0.0,-nan,0.2
168515,2026-08-29_06-24-23.519-240,v3.5.7,3.51,12.0,400,1421,-2819,6468,314,-3074,6717,223,-3188,6562,238,-3013,6692,0,0,0,15,175,130,218.5,1437.6,0.008,0.357,1.089,24.446,-3.609,-0.564,220.8,1,-0.8871,-0.2252,-0.1230,0.3836,0.0,-nan,0.2
168550,2026-08-29_06-24-23.552-240,v3.5.7,3.51,12.0,400,1540,-2823,6441,314,-3074,6717,346,-3194,6554,238,-3013,6692,0,0,0,-108,181,138,251.9,1657.4,0.034,0.223,1.117,-24.669,-0.859,-6.759,248.9,1,-0.8968,-0.1990,-0.1337,0.3719,0.0,-nan,0.2
168579,2026-08-29_06-24-23.581-240,v3.5.7,3.51,12.0,400,1548,-2827,6443,413,-3074,6715,353,-3198,6557,338,-3014,6689,0,0,0,-15,184,132,226.9,1493.1,0.012,-0.098,1.115,-16.253,-0.641,-5.682,227.9,1,-0.9032,-0.1818,-0.1405,0.3626,0.0,-nan,0.0
168615,2026-08-29_06-24-23.617-240,v3.5.7,3.51,12.0,400,1548,-2827,6443,330,-3073,6718,353,-3198,6557,254,-3012,6693,0,0,0,-99,186,136,250.8,1649.9,-0.019,0.073,1.122,5.858,-0.594,-1.416,247.9,1,-0.9024,-0.1887,-0.1381,0.3619,0.0,-nan,0.2
168668,2026-08-29_06-24-23.670-240,v3.5.7,3.51,12.0,400,1489,-2823,6452,330,-3073,6718,293,-3193,6557,254,-3012,6693,0,0,0,-39,181,136,229.7,1511.4,0.008,0.114,1.116,2.613,-1.094,-2.880,230.3,1,-0.9029,-0.1924,-0.1374,0.3589,0.0,-nan,0.2
168698,2026-08-29_06-24-23.699-240,v3.5.7,3.51,12.0,400,1534,-2817,6441,356,-3060,6722,340,-3188,6553,280,-3000,6697,0,0,0,-60,188,144,244.3,1607.2,0.011,0.186,1.123,-2.034,-0.922,-3.210,242.5,1,-0.9047,-0.1909,-0.1385,0.3547,0.0,-nan,0.2
168729,2026-08-29_06-24-23.731-240,v3.5.7,3.51,12.0,400,1534,-2817,6441,356,-3060,6722,340,-3188,6553,280,-3000,6697,0,0,0,-60,188,144,244.3,1607.2,0.010,0.137,1.112,-4.252,-0.828,-4.708,242.5,1,-0.9077,-0.1870,-0.1401,0.3485,0.0,-nan,0.0
168779,2026-08-29_06-24-23.781-240,v3.5.7,3.51,12.0,400,1538,-2815,6453,375,-3064,6743,342,-3186,6565,299,-3004,6718,0,0,0,-43,182,153,241.6,1589.6,0.004,0.123,1.118,0.523,-0.453,-3.532,240.2,1,-0.9091,-0.1882,-0.1395,0.3445,0.0,-nan,0.2
168809,2026-08-29_06-24-23.811-240,v3.5.7,3.51,12.0,400,1572,-2822,6459,373,-3071,6709,375,-3194,6576,298,-3011,6684,0,0,0,-77,183,108,226.0,1486.9,0.004,0.108,1.113,2.706,-0.875,-3.313,227.1,1,-0.9098,-0.1921,-0.1384,0.3410,0.0,-nan,0.0
168841,2026-08-29_06-24-23.842-240,v3.5.7,3.51,12.0,400,1567,-2820,6444,373,-3071,6709,372,-3191,6561,298,-3011,6684,0,0,0,-74,180,123,230.2,1514.7,0.013,0.176,1.116,-2.367,-0.406,-3.974,230.7,1,-0.9120,-0.1900,-0.1389,0.3360,0.0,-nan,0.2
168884,2026-08-29_06-24-23.885-240,v3.5.7,3.51,12.0,400,1567,-2820,6444,362,-3057,6719,372,-3191,6561,286,-2997,6694,0,0,0,-86,194,133,250.4,1647.6,0.015,0.123,1.118,-0.594,-0.938,-3.247,247.6,1,-0.9134,-0.1901,-0.1393,0.3320,0.0,-nan,0.2
168910,2026-08-29_06-24-23.913-240,v3.5.7,3.51,12.0,400,1567,-2823,6446,402,-3063,6715,372,-3194,6563,327,-3003,6690,0,0,0,-45,191,127,233.7,1537.8,0.013,0.124,1.118,-2.848,-0.766,-3.714,233.6,1,-0.9155,-0.1876,-0.1404,0.3271,0.0,-nan,0.2
168957,2026-08-29_06-24-23.959-240,v3.5.7,3.51,12.0,400,1573,-2820,6421,402,-3063,6715,382,-3191,6539,327,-3003,6690,0,0,0,-55,188,151,247.3,1627.1,0.012,0.131,1.115,1.751,-0.766,-2.779,245.0,1,-0.9161,-0.1902,-0.1399,0.3240,0.0,-nan,0.2
168992,2026-08-29_06-24-23.994-240,v3.5.7,3.51,12.0,400,1573,-2820,6421,403,-3058,6718,382,-3191,6539,328,-2998,6693,0,0,0,-54,193,154,252.7,1662.8,0.012,0.168,1.116,-5.617,-0.562,-4.822,249.6,1,-0.9193,-0.1846,-0.1415,0.3174,0.0,-nan,0.2
169023,2026-08-29_06-24-23.024-240,v3.5.7,3.51,12.0,400,1590,-2829,6433,403,-3058,6718,397,-3200,6553,328,-2998,6693,0,0,0,-69,202,140,255.3,1679.4,0.014,0.063,1.114,-2.151,-0.109,-3.756,251.7,1,-0.9213,-0.1826,-0.1416,0.3127,0.0,-nan,0.2
169050,2026-08-29_06-24-23.053-240,v3.5.7,3.51,12.0,400,1574,-2825,6443,399,-3072,6717,379,-3196,6561,324,-3012,6692,0,0,0,-55,184,131,232.5,1529.4,0.013,0.107,1.117,-0.549,-0.688,-3.544,232.5,1,-0.9227,-0.1827,-0.1417,0.3084,0.0,-nan,0.2
169094,2026-08-29_06-24-23.095-240,v3.5.7,3.51,12.0,400,1574,-2825,6443,401,-3071,6720,379,-3196,6561,326,-3011,6695,0,0,0,-53,185,134,234.5,1542.8,0.010,0.122,1.117,-7.401,-1.000,-4.351,234.3,1,-0.9259,-0.1751,-0.1446,0.3018,0.0,-nan,0.2
169139,2026-08-29_06-24-23.143-240,v3.5.7,3.51,12.0,400,1570,-2821,6454,401,-3071,6720,373,-3192,6571,326,-3011,6695,0,0,0,-47,181,124,224.4,1476.2,0.011,0.125,1.117,5.843,-1.172,-2.255,225.8,1,-0.9253,-0.1825,-0.1432,0.3001,0.0,-nan,0.0
169168,2026-08-29_06-24-23.169-240,v3.5.7,3.51,12.0,400,1585,-2839,6466,397,-3063,6728,386,-3211,6585,322,-3003,6703,0,0,0,-64,208,118,247.6,1628.7,0.002,0.165,1.126,1.192,0.000,-3.124,245.2,1,-0.9262,-0.1842,-0.1419,0.2967,0.0,-nan,0.0
169203,2026-08-29_06-24-23.204-240,v3.5.7,3.51,12.0,400,1585,-2839,6466,417,-3054,6710,386,-3211,6585,342,-2994,6685,0,0,0,-44,217,100,243.0,1598.4,0.005,0.140,1.117,-2.454,-0.812,-3.220,241.3,1,-0.9279,-0.1820,-0.1429,0.2923,0.0,-nan,0.2
169251,2026-08-29_06-24-23.253-240,v3.5.7,3.51,12.0,400,1601,-2818,6424,417,-3054,6710,409,-3189,6546,342,-2994,6685,0,0,0,-67,195,139,248.7,1636.0,0.015,0.055,1.111,-3.860,-0.672,-4.123,246.1,1,-0.9302,-0.1783,-0.1441,0.2867,0.0,-nan,0.2
169283,2026-08-29_06-24-23.284-240,v3.5.7,3.51,12.0,400,1544,-2805,6478,400,-3058,6703,344,-3177,6590,325,-2998,6678,0,0,0,-19,179,88,200.4,1318.2,0.009,0.037,1.132,2.371,-1.078,-3.299,205.6,1,-0.9307,-0.1818,-0.1437,0.2831,0.0,-nan,0.2
169312,2026-08-29_06-24-23.313-240,v3.5.7,3.49,12.0,400,1600,-2818,6449,400,-3058,6703,404,-3190,6571,325,-2998,6678,0,0,0,-79,192,107,233.6,1536.6,0.038,0.183,1.124,4.437,-0.344,-3.752,233.5,1,-0.9309,-0.1876,-0.1416,0.2795,0.0,-nan,0.2
169362,2026-08-29_06-24-23.364-240,v3.5.7,3.49,12.0,400,1600,-2818,6449,448,-3052,6728,404,-3190,6571,374,-2992,6702,0,0,0,-30,198,131,239.3,1574.3,0.049,0.114,1.108,4.083,-1.141,-4.865,238.3,1,-0.9315,-0.1933,-0.1403,0.2743,0.0,-nan,0.2
169406,2026-08-29_06-24-23.407-240,v3.5.7,3.49,12.0,400,1645,-2828,6441,486,-3064,6712,450,-3200,6569,412,-3005,6686,0,0,0,-38,195,117,230.6,1516.8,0.050,0.108,1.089,2.021,0.484,-7.031,230.9,1,-0.9335,-0.1965,-0.1373,0.2666,0.0,-nan,0.2
169435,2026-08-29_06-24-23.439-240,v3.5.7,3.49,12.0,400,1701,-2834,6434,576,-3042,6732,507,-3207,6571,504,-2983,6705,0,0,0,-3,224,134,261.0,1717.4,0.054,0.111,1.090,-1.444,-0.516,-4.345,256.5,1,-0.9353,-0.1955,-0.1373,0.2612,0.0,-nan,0.2
169488,2026-08-29_06-24-24.489-240,v3.5.7,3.49,12.0,400,1744,-2843,6430,576,-3042,6732,550,-3217,6574,504,-2983,6705,0,0,0,-46,234,131,272.1,1790.1,0.033,0.296,1.110,1.405,-1.281,-2.128,265.8,1,-0.9354,-0.1978,-0.1377,0.2586,0.0,-nan,0.2
169519,2026-08-29_06-24-24.521-240,v3.5.7,3.49,12.0,400,1744,-2843,6430,616,-3052,6732,550,-3217,6574,544,-2994,6705,0,0,0,-6,223,131,258.7,1702.0,0.028,0.083,1.111,1.162,-0.500,-3.143,254.6,1,-0.9361,-0.1996,-0.1371,0.2550,0.0,-nan,0.2
169546,2026-08-29_06-24-24.547-240,v3.5.7,3.49,12.0,400,1767,-2841,6411,616,-3052,6732,576,-3215,6558,544,-2994,6705,0,0,0,-32,221,147,267.3,1758.9,0.028,0.206,1.112,-1.098,-1.031,-2.902,261.8,1,-0.9372,-0.1989,-0.1378,0.2512,0.0,-nan,0.0
169575,2026-08-29_06-24-24.579-240,v3.5.7,3.49,12.0,400,1774,-2838,6421,627,-3040,6723,581,-3212,6569,556,-2982,6696,0,0,0,-25,230,127,263.9,1736.3,0.022,0.172,1.114,-3.876,-0.625,-3.933,258.9,1,-0.9393,-0.1950,-0.1387,0.2458,0.0,-nan,0.2
169619,2026-08-29_06-24-24.621-240,v3.5.7,3.49,12.0,400,1774,-2838,6421,633,-3039,6718,581,-3212,6569,562,-2981,6691,0,0,0,-19,231,122,261.9,1723.2,0.015,0.146,1.117,-2.315,-0.281,-3.354,257.3,1,-0.9409,-0.1928,-0.1389,0.2414,0.0,-nan,0.2
169664,2026-08-29_06-24-24.666-240,v3.5.7,3.49,12.0,400,1768,-2845,6414,633,-3039,6718,577,-3219,6561,562,-2981,6691,0,0,0,-15,238,130,271.6,1786.9,0.007,0.124,1.118,-4.041,-1.094,-4.343,265.4,1,-0.9430,-0.1889,-0.1403,0.2353,0.0,-nan,0.2
169692,2026-08-29_06-24-24.694-240,v3.5.7,3.49,12.0,400,1787,-2842,6426,583,-3039,6718,593,-3216,6576,511,-2980,6691,0,0,0,-82,236,115,275.0,1809.4,0.048,0.130,1.122,3.245,-1.578,-3.660,268.3,1,-0.9431,-0.1936,-0.1403,0.2312,0.0,-nan,0.2
169728,2026-08-29_06-24-24.729-240,v3.5.7,3.49,12.0,400,1787,-2842,6426,650,-3038,6740,593,-3216,6576,579,-2980,6712,0,0,0,-14,236,136,272.7,1794.4,0.024,0.150,0.981,11.171,5.078,-4.808,266.3,1,-0.9426,-0.2059,-0.1298,0.2287,0.0,-nan,0.2
169779,2026-08-29_06-24-24.781-240,v3.5.7,3.49,12.0,400,1802,-2838,6421,650,-3038,6740,609,-3212,6573,579,-2980,6712,0,0,0,-30,232,139,272.1,1790.2,0.095,0.129,1.091,-1.211,-3.297,-12.598,265.8,1,-0.9459,-0.2072,-0.1308,0.2129,0.0,-nan,0.0
169807,2026-08-29_06-24-24.808-240,v3.5.7,3.49,12.0,400,1850,-2856,6411,755,-3033,6797,658,-3231,6571,685,-2975,6768,0,0,0,27,256,197,324.2,2132.6,0.095,0.041,1.016,8.416,-2.844,-7.204,309.5,1,-0.9451,-0.2188,-0.1300,0.2050,0.0,-nan,0.2
169835,2026-08-29_06-24-24.839-240,v3.5.7,3.49,12.0,400,1850,-2856,6411,755,-3033,6797,658,-3231,6571,685,-2975,6768,0,0,0,27,256,197,324.2,2132.6,0.129,0.222,1.151,11.411,-2.547,-3.142,309.5,1,-0.9423,-0.2332,-0.1293,0.2024,0.0,-nan,0.2
169869,2026-08-29_06-24-24.872-240,v3.5.7,3.49,12.0,400,1943,-2832,6416,819,-2989,6793,750,-3209,6589,750,-2932,6764,0,0,0,0,277,175,327.6,2155.6,-0.478,-0.016,1.210,28.664,5.812,-4.010,312.4,1,-0.9353,-0.2658,-0.1138,0.2039,0.0,-nan,0.2
169897,2026-08-29_06-24-24.898-240,v3.5.7,3.49,12.0,400,2054,-2842,6402,819,-2989,6793,862,-3220,6592,750,-2932,6764,0,0,0,-112,288,172,353.7,2326.7,-0.166,0.545,1.174,18.280,3.219,-1.244,334.3,1,-0.9298,-0.2863,-0.1048,0.2060,0.0,-nan,0.0
169939,2026-08-29_06-24-24.941-240,v3.5.7,3.49,12.0,400,2054,-2842,6402,976,-3007,6780,862,-3220,6592,910,-2951,6750,0,0,0,48,269,158,315.6,2076.6,0.065,-0.051,1.105,-2.678,-2.000,-3.920,302.3,1,-0.9316,-0.2840,-0.1065,0.2004,0.0,-nan,0.0
169966,2026-08-29_06-24-24.967-240,v3.5.7,3.49,12.0,400,2123,-2850,6380,999,-2996,6764,934,-3229,6581,933,-2941,6734,0,0,0,-1,288,153,326.1,2145.5,0.030,0.176,1.095,12.889,-3.047,-1.019,311.1,1,-0.9268,-0.2996,-0.1065,0.1999,0.0,-nan,0.2
170014,2026-08-29_06-24-24.017-240,v3.5.7,3.49,12.0,400,2177,-2844,6364,999,-2996,6764,990,-3223,6573,933,-2941,6734,0,0,0,-57,282,161,329.7,2169.0,-0.044,0.144,1.124,-0.086,-0.688,-3.306,314.1,1,-0.9276,-0.2999,-0.1060,0.1958,0.0,-nan,0.2
170042,2026-08-29_06-24-24.044-240,v3.5.7,3.49,12.0,400,2177,-2844,6364,1075,-3007,6761,990,-3223,6573,1010,-2952,6730,0,0,0,20,271,157,313.8,2064.7,-0.032,0.250,1.118,5.882,-0.906,-1.844,300.8,1,-0.9258,-0.3070,-0.1050,0.1941,0.0,-nan,0.2
170070,2026-08-29_06-24-24.074-240,v3.5.7,3.49,12.0,400,2214,-2839,6357,1075,-3007,6761,1028,-3218,6572,1010,-2952,6730,0,0,0,-18,266,158,309.9,2038.9,-0.015,0.256,1.130,2.201,-0.688,-3.093,297.5,1,-0.9256,-0.3099,-0.1040,0.1906,0.0,-nan,0.2
170099,2026-08-29_06-24-24.100-240,v3.5.7,3.49,12.0,400,2228,-2839,6336,1083,-2983,6753,1046,-3218,6554,1018,-2928,6722,0,0,0,-28,290,168,336.3,2212.6,-0.013,0.167,1.115,0.777,-1.281,-2.560,319.7,1,-0.9258,-0.3112,-0.1044,0.1872,0.0,-nan,0.2
170149,2026-08-29_06-24-24.151-240,v3.5.7,3.49,12.0,400,2228,-2839,6336,1123,-3004,6751,1046,-3218,6554,1059,-2950,6720,0,0,0,13,268,166,315.5,2075.7,0.008,0.271,1.115,-7.865,-0.312,-5.310,302.2,1,-0.9301,-0.3027,-0.1045,0.1799,0.0,-nan,0.0
170185,2026-08-29_06-24-24.186-240,v3.5.7,3.49,12.0,400,2243,-2850,6345,1123,-3004,6751,1059,-3230,6565,1059,-2950,6720,0,0,0,0,280,155,320.0,2105.5,0.005,0.090,1.117,-0.299,-1.125,-3.706,306.0,1,-0.9310,-0.3028,-0.1045,0.1752,0.0,-nan,0.2
170213,2026-08-29_06-24-24.214-240,v3.5.7,3.49,12.0,400,2220,-2846,6341,1111,-2991,6741,1037,-3225,6557,1047,-2937,6710,0,0,0,10,288,153,326.3,2146.5,0.012,0.283,1.111,-1.541,-1.219,-3.513,311.3,1,-0.9322,-0.3016,-0.1050,0.1705,0.0,-nan,0.2
170252,2026-08-29_06-24-24.254-240,v3.5.7,3.49,12.0,400,2220,-2846,6341,1107,-3006,6764,1037,-3225,6557,1043,-2951,6733,0,0,0,6,274,176,325.7,2142.8,0.019,0.034,1.111,-0.461,-0.750,-3.486,310.8,1,-0.9331,-0.3014,-0.1046,0.1661,0.0,-nan,0.0
170304,2026-08-29_06-24-24.305-240,v3.5.7,3.49,12.0,400,2225,-2845,6339,1107,-3006,6764,1042,-3224,6556,1043,-2951,6733,0,0,0,1,273,177,325.4,2140.5,0.028,0.280,1.111,-5.183,-1.234,-4.134,310.5,1,-0.9357,-0.2960,-0.1056,0.1601,0.0,-nan,0.2
170333,2026-08-29_06-24-24.334-240,v3.5.7,3.49,12.0,400,2249,-2843,6321,1133,-3012,6742,1069,-3222,6542,1070,-2958,6711,0,0,0,1,264,169,313.5,2062.2,0.024,0.088,1.110,-1.353,-1.016,-3.188,300.5,1,-0.9368,-0.2948,-0.1059,0.1559,0.0,-nan,0.2
170363,2026-08-29_06-24-24.364-240,v3.5.7,3.49,12.0,400,2249,-2843,6321,1133,-3012,6742,1069,-3222,6542,1070,-2958,6711,0,0,0,1,264,169,313.5,2062.2,0.036,0.371,1.108,-5.383,-0.812,-4.668,300.5,1,-0.9396,-0.2890,-0.1062,0.1494,0.0,-nan,0.2
170393,2026-08-29_06-24-24.394-240,v3.5.7,3.49,12.0,400,2256,-2834,6325,1139,-3005,6749,1075,-3213,6547,1075,-2951,6718,0,0,0,0,262,171,312.9,2058.3,0.028,0.221,1.103,-16.305,-0.484,-6.554,300.0,1,-0.9465,-0.2706,-0.1075,0.1393,0.0,-nan,0.2
170423,2026-08-29_06-24-24.424-240,v3.5.7,3.49,12.0,400,2211,-2842,6355,1139,-3005,6749,1026,-3221,6570,1075,-2951,6718,0,0,0,49,270,148,311.8,2051.2,0.032,0.083,1.104,-4.901,-0.719,-3.395,299.1,1,-0.9487,-0.2651,-0.1081,0.1344,0.0,-nan,0.2
170466,2026-08-29_06-24-24.469-240,v3.5.7,3.49,12.0,400,2211,-2842,6355,1061,-3010,6768,1026,-3221,6570,996,-2955,6737,0,0,0,-30,266,167,315.5,2075.7,-0.006,0.140,1.110,-6.735,-0.828,-4.321,302.2,1,-0.9515,-0.2576,-0.1088,0.1281,0.0,-nan,0.2
170499,2026-08-29_06-24-25.501-240,v3.5.7,3.49,12.0,400,2190,-2852,6348,1028,-3002,6762,1006,-3231,6560,963,-2947,6731,0,0,0,-43,284,171,334.3,2199.2,0.012,0.245,1.111,1.906,-1.172,-1.948,318.0,1,-0.9511,-0.2601,-0.1092,0.1257,0.0,-nan,0.0
170542,2026-08-29_06-24-25.544-240,v3.5.7,3.49,12.0,400,2197,-2844,6352,1028,-3002,6762,1012,-3223,6565,963,-2947,6731,0,0,0,-49,276,166,325.8,2143.3,0.012,0.166,1.109,-7.652,-0.266,-4.441,310.9,1,-0.9543,-0.2514,-0.1093,0.1193,0.0,-nan,0.2
170573,2026-08-29_06-24-25.575-240,v3.5.7,3.49,12.0,400,2197,-2844,6352,1068,-3005,6759,1012,-3223,6565,1003,-2950,6728,0,0,0,-9,273,163,318.1,2092.7,0.008,0.217,1.118,-0.217,-1.109,-3.032,304.4,1,-0.9547,-0.2515,-0.1098,0.1153,0.0,-nan,0.2
170622,2026-08-29_06-24-25.624-240,v3.5.7,3.49,12.0,400,2176,-2841,6348,1057,-3001,6767,992,-3220,6558,992,-2946,6736,0,0,0,0,274,178,326.7,2149.6,0.018,0.267,1.112,-4.422,-0.797,-3.816,311.7,1,-0.9565,-0.2467,-0.1102,0.1099,0.0,-nan,0.2
170658,2026-08-29_06-24-25.659-240,v3.5.7,3.49,12.0,400,2191,-2849,6350,1057,-3001,6767,1007,-3228,6562,992,-2946,6736,0,0,0,-15,282,174,331.7,2182.2,0.008,0.096,1.115,-7.671,-0.562,-3.474,315.8,1,-0.9593,-0.2378,-0.1108,0.1045,0.0,-nan,0.2
170687,2026-08-29_06-24-25.688-240,v3.5.7,3.49,12.0,400,2149,-2844,6344,1034,-3010,6774,966,-3222,6550,969,-2955,6743,0,0,0,3,267,193,329.5,2167.5,0.010,0.168,1.112,-0.809,-0.766,-3.557,313.9,1,-0.9599,-0.2372,-0.1108,0.0999,0.0,-nan,0.2
170729,2026-08-29_06-24-25.732-240,v3.5.7,3.49,12.0,400,2149,-2844,6344,1033,-3014,6765,966,-3222,6550,968,-2959,6734,0,0,0,2,263,184,321.0,2111.7,0.019,0.182,1.115,2.621,-1.609,-6.024,306.8,1,-0.9597,-0.2411,-0.1107,0.0926,0.0,-nan,0.2
170773,2026-08-29_06-24-25.774-240,v3.5.7,3.49,12.0,400,2163,-2841,6353,1033,-3014,6765,978,-3219,6561,968,-2959,6734,0,0,0,-10,260,173,312.5,2055.6,0.004,0.172,1.112,10.579,-0.859,-1.489,299.7,1,-0.9565,-0.2539,-0.1100,0.0920,0.0,-nan,0.2
170803,2026-08-29_06-24-25.804-240,v3.5.7,3.49,12.0,400,2218,-2846,6324,1071,-2998,6772,1038,-3225,6540,1006,-2943,6741,0,0,0,-32,282,201,347.8,2288.0,0.004,0.112,1.124,18.310,-0.688,0.182,329.3,1,-0.9504,-0.2756,-0.1088,0.0945,0.0,-nan,0.2
170839,2026-08-29_06-24-25.841-240,v3.5.7,3.49,12.0,400,2218,-2846,6324,1166,-3005,6723,1038,-3225,6540,1103,-2951,6692,0,0,0,65,274,152,320.0,2105.3,0.037,0.545,1.106,-12.968,-1.484,-5.305,306.0,1,-0.9552,-0.2608,-0.1103,0.0859,0.0,-nan,0.0
170892,2026-08-29_06-24-25.893-240,v3.5.7,3.49,12.0,400,2196,-2854,6366,1166,-3005,6723,1009,-3233,6578,1103,-2951,6692,0,0,0,94,282,114,318.4,2094.5,-0.011,-0.025,1.118,-12.447,0.203,-3.747,304.6,1,-0.9596,-0.2462,-0.1102,0.0798,0.0,-nan,0.0
170941,2026-08-29_06-24-25.942-240,v3.5.7,3.49,12.0,400,2196,-2854,6366,1029,-3000,6774,1009,-3233,6578,963,-2945,6743,0,0,0,-46,288,165,335.1,2204.5,0.011,0.363,1.114,-11.715,-0.438,-5.072,318.7,1,-0.9636,-0.2326,-0.1103,0.0720,0.0,-nan,0.2
170968,2026-08-29_06-24-25.969-240,v3.5.7,3.49,12.0,400,2171,-2829,6336,1045,-3019,6758,989,-3207,6545,980,-2964,6727,0,0,0,-9,243,182,303.7,1998.2,0.001,0.197,1.115,-18.171,-0.312,-6.036,292.4,1,-0.9692,-0.2113,-0.1106,0.0621,0.0,-nan,0.2
171008,2026-08-29_06-24-25.009-240,v3.5.7,3.49,12.0,400,2064,-2835,6376,1045,-3019,6758,876,-3212,6568,980,-2964,6727,0,0,0,104,248,159,312.4,2055.3,0.001,0.290,1.133,-28.445,-1.891,-6.581,299.6,1,-0.9763,-0.1775,-0.1133,0.0497,0.0,-nan,0.2
171048,2026-08-29_06-24-25.049-240,v3.5.7,3.49,12.0,400,2064,-2835,6376,938,-3023,6772,876,-3212,6568,871,-2967,6742,0,0,0,-5,245,174,300.5,1977.3,-0.009,0.264,1.045,-46.216,1.156,-7.110,289.7,1,-0.9855,-0.1216,-0.1130,0.0346,0.0,-nan,0.2
171078,2026-08-29_06-24-25.079-240,v3.5.7,3.49,12.0,400,1924,-2841,6408,710,-3013,6800,732,-3217,6579,639,-2955,6771,0,0,0,-93,262,192,337.9,2222.8,-0.117,-0.096,1.136,-25.370,1.594,-7.473,321.0,1,-0.9894,-0.0911,-0.1109,0.0221,0.0,-nan,0.2
171123,2026-08-29_06-24-25.124-240,v3.5.7,3.49,12.0,400,1753,-2830,6465,710,-3013,6800,553,-3205,6609,639,-2955,6771,0,0,0,86,250,162,310.1,2039.9,0.044,0.225,1.074,-22.650,0.125,-6.481,297.7,1,-0.9917,-0.0638,-0.1108,0.0109,0.0,-nan,0.2
171153,2026-08-29_06-24-25.154-240,v3.5.7,3.49,12.0,400,1753,-2830,6465,558,-3007,6814,553,-3205,6609,484,-2948,6787,0,0,0,-69,257,178,320.1,2106.2,-0.067,-0.008,1.205,-44.085,-5.594,-10.920,306.1,1,-0.9930,-0.0105,-0.1172,-0.0091,0.0,-nan,0.2
171179,2026-08-29_06-24-25.181-240,v3.5.7,3.49,12.0,400,1632,-2842,6484,558,-3007,6814,430,-3215,6610,484,-2948,6787,0,0,0,54,267,177,324.9,2137.2,-0.028,-0.339,1.118,-10.704,-6.094,-3.509,310.1,1,-0.9921,0.0026,-0.1245,-0.0151,0.0,-nan,0.2
171209,2026-08-29_06-24-25.211-240,v3.5.7,3.49,12.0,400,1533,-2843,6512,353,-3006,6803,327,-3216,6622,276,-2946,6777,0,0,0,-51,270,155,315.5,2075.5,0.025,-0.017,1.053,22.022,-8.453,4.768,302.2,1,-0.9905,-0.0239,-0.1351,-0.0057,0.0,-nan,0.0
171256,2026-08-29_06-24-25.257-240,v3.5.7,3.49,12.0,400,1533,-2843,6512,444,-3011,6798,327,-3216,6622,369,-2951,6772,0,0,0,42,265,150,307.4,2022.3,-0.149,0.353,1.157,13.961,0.344,-0.194,295.4,1,-0.9900,-0.0414,-0.1346,-0.0036,0.0,-nan,0.2
171299,2026-08-29_06-24-25.301-240,v3.5.7,3.49,12.0,400,1628,-2839,6482,444,-3011,6798,426,-3212,6607,369,-2951,6772,0,0,0,-57,261,165,314.0,2065.8,0.167,0.191,1.088,-27.945,-0.156,-7.339,301.0,1,-0.9907,-0.0082,-0.1344,-0.0174,0.0,-nan,0.2
171325,2026-08-29_06-24-25.326-240,v3.5.7,3.49,12.0,400,1593,-2840,6491,447,-3011,6786,390,-3213,6611,372,-2951,6760,0,0,0,-18,262,149,301.9,1986.5,0.110,-0.077,1.079,-23.581,-1.500,-6.593,290.9,1,-0.9901,0.0201,-0.1356,-0.0295,0.0,-nan,0.2
171363,2026-08-29_06-24-25.364-240,v3.5.7,3.49,12.0,400,1593,-2840,6491,447,-3011,6786,390,-3213,6611,372,-2951,6760,0,0,0,-18,262,149,301.9,1986.5,0.019,-0.170,1.129,29.095,0.531,2.020,290.9,1,-0.9904,-0.0154,-0.1357,-0.0220,0.0,-nan,0.2
171393,2026-08-29_06-24-25.394-240,v3.5.7,3.49,12.0,400,1522,-2847,6491,364,-3012,6783,320,-3219,6600,287,-2952,6757,0,0,0,-33,267,157,311.5,2049.3,0.011,0.438,1.128,18.888,-0.453,-0.910,298.9,1,-0.9896,-0.0392,-0.1367,-0.0200,0.0,-nan,0.0
171423,2026-08-29_06-24-25.424-240,v3.5.7,3.49,12.0,400,1654,-2831,6486,364,-3012,6783,451,-3205,6615,287,-2952,6757,0,0,0,-164,253,142,333.3,2192.6,0.002,0.257,1.118,-15.736,1.250,-6.287,317.1,1,-0.9903,-0.0210,-0.1343,-0.0304,0.0,-nan,0.2
171466,2026-08-29_06-24-25.469-240,v3.5.7,3.49,12.0,400,1654,-2831,6486,521,-3016,6774,451,-3205,6615,447,-2957,6747,0,0,0,-4,248,132,281.0,1848.5,0.032,-0.113,1.103,16.743,-1.172,-0.032,273.3,1,-0.9894,-0.0414,-0.1362,-0.0276,0.0,-nan,0.0
171498,2026-08-29_06-24-26.499-240,v3.5.7,3.49,12.0,400,1627,-2845,6483,494,-3026,6775,425,-3218,6608,420,-2967,6748,0,0,0,-5,251,140,287.4,1891.1,0.092,0.099,1.120,27.450,1.297,2.357,278.7,1,-0.9877,-0.0748,-0.1355,-0.0200,0.0,-nan,0.2
171531,2026-08-29_06-24-26.533-240,v3.5.7,3.49,12.0,400,1762,-2838,6429,494,-3026,6775,568,-3212,6575,420,-2967,6748,0,0,0,-148,245,173,334.5,2200.3,-0.018,0.087,1.138,32.149,1.203,0.996,318.1,1,-0.9842,-0.1141,-0.1346,-0.0132,0.0,-nan,0.0
171574,2026-08-29_06-24-26.577-240,v3.5.7,3.49,12.0,400,1762,-2838,6429,676,-3012,6748,568,-3212,6575,605,-2954,6720,0,0,0,37,258,145,298.3,1962.2,0.061,0.379,1.113,24.602,-3.375,-1.358,287.8,1,-0.9796,-0.1446,-0.1389,-0.0113,0.0,-nan,0.2
171602,2026-08-29_06-24-26.603-240,v3.5.7,3.49,12.0,400,1957,-2850,6378,895,-3015,6740,770,-3226,6554,828,-2959,6711,0,0,0,58,267,157,315.1,2073.2,-0.168,0.412,1.132,-3.728,-1.891,-4.144,301.9,1,-0.9799,-0.1407,-0.1402,-0.0175,0.0,-nan,0.2
171649,2026-08-29_06-24-26.650-240,v3.5.7,3.49,12.0,400,2020,-2841,6384,895,-3015,6740,831,-3218,6570,828,-2959,6711,0,0,0,-3,259,141,294.9,1940.2,0.070,0.121,1.134,-3.817,2.625,-3.173,284.9,1,-0.9810,-0.1364,-0.1363,-0.0216,0.0,-nan,0.2
171679,2026-08-29_06-24-26.681-240,v3.5.7,3.49,12.0,400,2020,-2841,6384,875,-3006,6740,831,-3218,6570,807,-2950,6711,0,0,0,-24,268,141,303.8,1998.5,0.020,0.402,1.131,-12.026,1.969,-5.235,292.4,1,-0.9831,-0.1226,-0.1325,-0.0298,0.0,-nan,0.0
171709,2026-08-29_06-24-26.711-240,v3.5.7,3.49,12.0,400,1999,-2846,6387,875,-3006,6740,810,-3223,6569,807,-2950,6711,0,0,0,-3,273,142,307.7,2024.6,0.009,0.036,1.191,-25.498,1.391,-6.821,295.7,1,-0.9865,-0.0921,-0.1286,-0.0422,0.0,-nan,0.2
171736,2026-08-29_06-24-26.738-240,v3.5.7,3.49,12.0,400,1909,-2843,6408,795,-3009,6745,717,-3219,6577,726,-2952,6716,0,0,0,9,267,139,301.1,1981.2,-0.021,0.101,1.126,2.166,-0.297,-2.405,290.2,1,-0.9861,-0.0950,-0.1287,-0.0448,0.0,-nan,0.2
171784,2026-08-29_06-24-26.787-240,v3.5.7,3.49,12.0,400,1909,-2843,6408,769,-3020,6752,717,-3219,6577,699,-2963,6723,0,0,0,-18,256,146,295.3,1942.5,0.033,0.669,1.093,-58.508,-0.109,-12.120,285.2,1,-0.9896,-0.0250,-0.1238,-0.0690,0.0,-nan,0.2
171829,2026-08-29_06-24-26.831-240,v3.5.7,3.49,12.0,400,1852,-2842,6427,769,-3020,6752,658,-3217,6587,699,-2963,6723,0,0,0,41,254,136,291.0,1914.6,0.056,-0.032,1.086,-93.927,1.219,-18.842,281.7,1,-0.9840,0.0878,-0.1129,-0.1061,0.0,-nan,0.0
171875,2026-08-29_06-24-26.877-240,v3.5.7,3.49,12.0,400,1415,-2841,6526,370,-3017,6784,208,-3212,6618,294,-2957,6758,0,0,0,86,255,140,303.3,1995.7,0.049,-0.163,1.089,-59.765,0.719,-11.484,292.0,1,-0.9733,0.1589,-0.1051,-0.1283,0.0,-nan,0.2
171905,2026-08-29_06-24-26.908-240,v3.5.7,3.49,12.0,400,977,-2830,6610,-151,-3006,6787,-240,-3196,6635,-235,-2942,6766,0,0,0,5,254,131,285.8,1880.5,0.030,-0.077,1.098,-45.685,-1.281,-8.066,277.3,1,-0.9611,0.2131,-0.1008,-0.1437,0.0,-nan,0.2
171943,2026-08-29_06-24-26.944-240,v3.5.7,3.49,12.0,400,977,-2830,6610,-151,-3006,6787,-240,-3196,6635,-235,-2942,6766,0,0,0,5,254,131,285.8,1880.5,-0.057,-0.750,1.115,14.605,-0.672,-3.453,277.3,1,-0.9642,0.1951,-0.1051,-0.1455,0.0,-nan,0.2
171973,2026-08-29_06-24-26.974-240,v3.5.7,3.49,12.0,400,749,-2829,6612,-415,-3008,6785,-466,-3191,6603,-503,-2942,6766,0,0,0,-37,249,163,299.9,1973.0,0.208,-0.510,1.081,90.487,7.109,1.541,289.1,1,-0.9812,0.0843,-0.1121,-0.1327,0.0,-nan,0.2
172003,2026-08-29_06-24-26.004-240,v3.5.7,3.49,12.0,400,1108,-2846,6581,-415,-3008,6785,-105,-3214,6627,-503,-2942,6766,0,0,0,-398,272,139,501.7,3300.7,0.109,0.452,1.135,99.081,4.141,11.176,458.5,1,-0.9864,-0.0363,-0.1214,-0.1047,0.0,-nan,0.2
172049,2026-08-29_06-24-26.051-240,v3.5.7,3.49,12.0,400,1108,-2846,6581,27,-3026,6781,-105,-3214,6627,-54,-2963,6758,0,0,0,51,251,131,287.7,1892.7,0.009,0.746,1.094,-22.922,-2.359,-6.233,278.9,1,-0.9858,-0.0089,-0.1210,-0.1160,0.0,-nan,0.0
172078,2026-08-29_06-24-26.079-240,v3.5.7,3.49,12.0,400,1534,-2839,6516,366,-3023,6780,327,-3212,6626,290,-2963,6754,0,0,0,-37,249,128,282.4,1857.9,0.022,0.036,1.114,-58.305,-2.828,-14.456,274.5,1,-0.9812,0.0608,-0.1154,-0.1424,0.0,-nan,0.2
172119,2026-08-29_06-24-26.121-240,v3.5.7,3.49,12.0,400,1319,-2846,6556,366,-3023,6780,108,-3216,6634,290,-2963,6754,0,0,0,182,253,120,334.0,2197.1,0.032,-0.216,1.117,-9.956,0.984,-6.088,317.7,1,-0.9794,0.0722,-0.1128,-0.1512,0.0,-nan,0.0
172152,2026-08-29_06-24-26.154-240,v3.5.7,3.49,12.0,400,1319,-2846,6556,68,-3007,6786,108,-3216,6634,-12,-2944,6763,0,0,0,-120,272,129,324.1,2132.1,-0.020,0.125,1.126,-1.856,-0.469,-3.277,309.4,1,-0.9785,0.0739,-0.1133,-0.1555,0.0,-nan,0.0
172183,2026-08-29_06-24-26.184-240,v3.5.7,3.49,12.0,400,1249,-2837,6577,68,-3007,6786,35,-3207,6644,-12,-2944,6763,0,0,0,-47,263,119,292.5,1924.1,-0.026,-0.044,1.125,1.627,0.031,-2.401,282.9,1,-0.9782,0.0713,-0.1137,-0.1582,0.0,-nan,0.2
172213,2026-08-29_06-24-26.214-240,v3.5.7,3.49,12.0,400,1266,-2847,6559,90,-3023,6791,55,-3216,6629,9,-2961,6767,0,0,0,-46,255,138,293.6,1931.4,-0.036,0.066,1.119,12.187,-0.953,-0.704,283.8,1,-0.9789,0.0562,-0.1173,-0.1573,0.0,-nan,0.2
172258,2026-08-29_06-24-26.259-240,v3.5.7,3.49,12.0,400,1266,-2847,6559,147,-3014,6770,55,-3216,6629,67,-2952,6746,0,0,0,12,264,117,289.0,1901.4,0.043,0.160,1.124,-13.185,-0.703,-4.494,280.0,1,-0.9769,0.0716,-0.1159,-0.1647,0.0,-nan,0.2
172293,2026-08-29_06-24-26.294-240,v3.5.7,3.49,12.0,400,1296,-2844,6564,147,-3014,6770,83,-3214,6638,67,-2952,6746,0,0,0,-16,262,108,283.8,1867.4,-0.053,0.132,1.121,-17.278,-0.031,-7.832,275.7,1,-0.9735,0.0913,-0.1130,-0.1767,0.0,-nan,0.2
172320,2026-08-29_06-24-26.323-240,v3.5.7,3.49,12.0,400,1225,-2845,6567,99,-3003,6799,13,-3214,6630,18,-2941,6775,0,0,0,5,273,145,309.2,2033.9,-0.089,-0.010,1.113,-18.366,-0.625,-6.374,296.9,1,-0.9696,0.1126,-0.1104,-0.1870,0.0,-nan,0.2
172362,2026-08-29_06-24-26.364-240,v3.5.7,3.49,12.0,400,1225,-2845,6567,-6,-3032,6843,13,-3214,6630,-88,-2969,6820,0,0,0,-101,245,190,326.1,2145.2,-0.011,0.025,1.142,-15.287,-12.297,-11.634,311.1,1,-0.9627,0.1321,-0.1233,-0.2014,0.0,-nan,0.2
172413,2026-08-29_06-24-26.414-240,v3.5.7,3.49,12.0,400,1135,-2875,6600,-6,-3032,6843,-81,-3244,6649,-88,-2969,6820,0,0,0,-7,275,171,323.9,2131.0,-0.072,0.109,1.146,-23.864,-25.859,-27.990,309.3,1,-0.9463,0.1625,-0.1527,-0.2341,0.0,-nan,0.2
172442,2026-08-29_06-24-26.444-240,v3.5.7,3.49,12.0,400,1090,-3009,6599,-114,-3226,6957,-125,-3378,6643,-197,-3160,6932,0,0,0,-72,218,289,369.1,2428.2,0.001,0.058,1.072,-35.524,-28.516,-38.686,347.2,1,-0.9198,0.2047,-0.1834,-0.2801,0.0,-nan,0.2
172483,2026-08-29_06-24-27.484-240,v3.5.7,3.49,12.0,400,1002,-3253,6555,-215,-3496,6900,-204,-3621,6588,-297,-3428,6876,0,0,0,-93,193,288,358.9,2361.5,0.141,-0.076,1.107,-43.547,-24.078,-54.082,338.7,1,-0.8805,0.2496,-0.2087,-0.3447,0.0,-nan,0.2
172527,2026-08-29_06-24-27.529-240,v3.5.7,3.49,12.0,400,888,-3401,6556,-215,-3496,6900,-316,-3768,6573,-297,-3428,6876,0,0,0,19,340,303,455.8,2998.8,0.027,-0.052,1.011,-62.680,-18.844,-77.658,420.0,1,-0.8161,0.3038,-0.2248,-0.4372,0.0,-nan,0.0
172578,2026-08-29_06-24-27.579-240,v3.5.7,3.49,12.0,400,888,-3401,6556,-381,-3650,6796,-316,-3768,6573,-464,-3581,6774,0,0,0,-148,187,201,311.9,2051.9,0.388,-0.210,0.995,-53.926,-19.531,-101.747,299.2,1,-0.7269,0.3371,-0.2512,-0.5431,0.0,-nan,0.0
172628,2026-08-29_06-24-27.630-240,v3.5.7,3.49,12.0,400,766,-3579,6510,-445,-3842,6681,-429,-3944,6511,-527,-3772,6660,0,0,0,-98,172,149,247.8,1630.1,0.687,-0.403,0.888,-22.063,-14.594,-114.839,245.4,1,-0.6283,0.3273,-0.2946,-0.6413,0.0,-nan,0.2
172655,2026-08-29_06-24-27.657-240,v3.5.7,3.49,12.0,400,841,-3728,6518,-263,-3938,6645,-355,-4095,6531,-341,-3869,6622,0,0,0,14,226,91,244.0,1605.5,0.166,-0.242,0.928,11.433,-5.547,-117.073,242.3,1,-0.5315,0.2765,-0.3521,-0.7191,0.0,-nan,0.2
172703,2026-08-29_06-24-27.705-240,v3.5.7,3.49,12.0,400,1182,-3743,6455,-263,-3938,6645,-6,-4114,6520,-341,-3869,6622,0,0,0,-335,245,102,427.4,2811.7,0.117,0.080,1.105,-2.247,-0.750,-126.297,396.1,1,-0.4117,0.2202,-0.3893,-0.7940,0.0,-nan,0.2
172731,2026-08-29_06-24-27.732-240,v3.5.7,3.49,12.0,400,1182,-3743,6455,231,-3953,6665,-6,-4114,6520,160,-3888,6638,0,0,0,166,226,118,304.2,2001.5,0.067,0.072,1.097,-20.178,-2.297,-132.417,292.8,1,-0.2699,0.1660,-0.4012,-0.8594,0.0,-nan,0.2
172765,2026-08-29_06-24-27.769-240,v3.5.7,3.49,12.0,400,1555,-3721,6393,231,-3953,6665,373,-4096,6515,160,-3888,6638,0,0,0,-213,208,123,322.1,2119.2,0.106,0.104,1.013,-40.924,-7.688,-131.914,307.8,1,-0.1142,0.1200,-0.3814,-0.9094,0.0,-nan,0.2
172794,2026-08-29_06-24-27.795-240,v3.5.7,3.49,12.0,400,1823,-3675,6379,589,-3915,6679,641,-4054,6541,524,-3852,6649,0,0,0,-117,202,108,257.2,1692.2,0.438,-0.171,1.158,-37.140,1.281,-141.767,253.3,1,0.0510,0.0554,-0.3542,-0.9321,0.0,-nan,0.2
172840,2026-08-29_06-24-27.844-240,v3.5.7,3.49,12.0,400,1823,-3675,6379,844,-3836,6692,641,-4054,6541,782,-3776,6660,0,0,0,141,278,119,333.7,2195.1,0.231,-0.007,1.323,-19.766,2.734,-143.517,317.5,1,0.2149,-0.0125,-0.3356,-0.9171,0.0,-nan,0.2
172879,2026-08-29_06-24-27.881-240,v3.5.7,3.49,12.0,400,2080,-3548,6351,844,-3836,6692,900,-3929,6551,782,-3776,6660,0,0,0,-118,153,109,221.8,1459.5,0.141,0.108,1.190,-41.685,6.750,-141.795,223.6,1,0.3677,-0.0894,-0.2824,-0.8815,0.0,-nan,0.2
172909,2026-08-29_06-24-27.911-240,v3.5.7,3.49,12.0,400,2372,-3428,6340,1184,-3663,6729,1191,-3813,6583,1126,-3606,6695,0,0,0,-65,207,112,244.2,1606.4,0.178,-0.013,1.080,-36.797,6.031,-140.702,242.4,1,0.5081,-0.1599,-0.2251,-0.8158,0.0,-nan,0.0
172941,2026-08-29_06-24-27.943-240,v3.5.7,3.49,12.0,400,2372,-3428,6340,1184,-3663,6729,1191,-3813,6583,1126,-3606,6695,0,0,0,-65,207,112,244.2,1606.4,0.166,0.174,1.099,-45.407,6.938,-142.460,242.4,1,0.6314,-0.2318,-0.1519,-0.7243,0.0,-nan,0.2
172969,2026-08-29_06-24-27.971-240,v3.5.7,3.49,12.0,400,2605,-3270,6363,1393,-3471,6764,1417,-3658,6639,1337,-3416,6728,0,0,0,-80,242,89,270.0,1776.1,0.325,-0.024,1.098,-41.304,8.938,-140.103,264.0,1,0.7324,-0.2941,-0.0794,-0.6089,0.0,-nan,0.2
172998,2026-08-29_06-24-27.999-240,v3.5.7,3.49,12.0,400,2605,-3270,6363,1393,-3471,6764,1417,-3658,6639,1337,-3416,6728,0,0,0,-80,242,89,270.0,1776.1,0.147,-0.182,1.092,-31.095,14.500,-135.857,264.0,1,0.8106,-0.3417,-0.0186,-0.4752,0.0,-nan,0.2
173024,2026-08-29_06-24-27.025-240,v3.5.7,3.49,12.0,400,2732,-3039,6398,1607,-3225,6813,1536,-3429,6691,1552,-3173,6776,0,0,0,16,256,85,270.2,1777.7,0.118,-0.181,1.016,-22.588,12.000,-131.874,264.2,1,0.8669,-0.3695,0.0386,-0.3324,0.0,-nan,0.2
173053,2026-08-29_06-24-27.054-240,v3.5.7,3.49,12.0,400,2972,-2771,6442,1607,-3225,6813,1766,-3164,6768,1552,-3173,6776,0,0,0,-214,-9,8,214.3,1410.1,0.214,-0.102,1.067,-4.059,7.031,-119.062,217.3,1,0.9049,-0.3668,0.0868,-0.1978,0.0,-nan,0.2
173102,2026-08-29_06-24-27.103-240,v3.5.7,3.49,12.0,400,2972,-2771,6442,1916,-2966,6878,1766,-3164,6768,1864,-2917,6839,0,0,0,98,247,71,275.1,1809.6,0.204,0.004,0.958,-12.541,5.031,-104.441,268.3,1,0.9176,-0.3676,0.1311,-0.0754,0.0,-nan,0.2
173132,2026-08-29_06-24-27.133-240,v3.5.7,3.49,12.0,400,3236,-2616,6401,2137,-2735,6906,2033,-3011,6766,2087,-2689,6866,0,0,0,54,322,100,341.5,2246.5,0.223,-0.054,1.016,1.466,6.391,-91.617,324.0,1,0.9220,-0.3490,0.1647,0.0322,0.0,-nan,0.2
173172,2026-08-29_06-24-27.173-240,v3.5.7,3.49,12.0,400,3456,-2419,6387,2137,-2735,6906,2253,-2816,6784,2087,-2689,6866,0,0,0,-166,127,82,224.5,1477.1,0.182,0.076,1.066,4.906,7.312,-81.190,225.9,1,0.9176,-0.3244,0.1910,0.1273,0.0,-nan,0.0
173205,2026-08-29_06-24-27.209-240,v3.5.7,3.49,12.0,400,3456,-2419,6387,2416,-2496,6920,2253,-2816,6784,2368,-2453,6879,0,0,0,115,363,95,392.5,2581.9,0.322,0.292,1.079,-11.432,7.219,-76.863,366.8,1,0.8983,-0.3164,0.2111,0.2201,0.0,-nan,0.2
173236,2026-08-29_06-24-27.237-240,v3.5.7,3.49,12.0,400,3673,-2221,6358,2416,-2496,6920,2472,-2620,6786,2368,-2453,6879,0,0,0,-104,167,93,217.6,1431.6,0.279,0.160,1.099,-21.943,6.516,-72.256,220.1,1,0.8676,-0.3185,0.2253,0.3082,0.0,-nan,0.2
173289,2026-08-29_06-24-27.290-240,v3.5.7,3.49,12.0,400,3724,-2040,6407,2584,-2269,6957,2514,-2440,6840,2537,-2228,6915,0,0,0,23,212,75,226.0,1487.2,0.243,-0.012,1.070,-35.721,8.266,-58.058,227.2,1,0.8304,-0.3363,0.2249,0.3831,0.0,-nan,0.2
173315,2026-08-29_06-24-27.318-240,v3.5.7,3.49,12.0,400,3724,-2040,6407,2536,-2091,7058,2514,-2440,6840,2486,-2050,7016,0,0,0,-28,390,176,428.8,2821.0,0.180,-0.162,1.121,-17.767,10.562,-51.555,397.3,1,0.7993,-0.3342,0.2266,0.4450,0.0,-nan,0.2
173362,2026-08-29_06-24-27.364-240,v3.5.7,3.49,12.0,400,3667,-1876,6494,2508,-1902,7103,2442,-2276,6916,2456,-1862,7061,0,0,0,14,414,145,438.9,2887.4,0.225,0.103,1.111,20.903,10.938,-29.858,405.8,1,0.7937,-0.2982,0.2395,0.4730,0.0,-nan,0.2
173409,2026-08-29_06-24-27.411-240,v3.5.7,3.49,12.0,400,3760,-1725,6467,2508,-1902,7103,2538,-2125,6902,2456,-1862,7061,0,0,0,-82,263,159,318.1,2092.6,0.138,0.210,1.128,3.802,8.078,-27.508,304.4,1,0.7808,-0.2811,0.2438,0.5019,0.0,-nan,0.0
173436,2026-08-29_06-24-27.438-240,v3.5.7,3.49,12.0,400,3905,-1575,6438,2718,-1750,7079,2686,-1976,6895,2668,-1712,7037,0,0,0,-18,264,142,300.3,1975.7,0.159,0.102,1.105,-7.446,13.609,-28.177,289.5,1,0.7641,-0.2708,0.2356,0.5361,0.0,-nan,0.0
173469,2026-08-29_06-24-27.471-240,v3.5.7,3.49,12.0,400,3905,-1575,6438,2718,-1750,7079,2686,-1976,6895,2668,-1712,7037,0,0,0,-18,264,142,300.3,1975.7,0.152,0.065,1.112,-10.888,14.000,-24.890,289.5,1,0.7473,-0.2641,0.2232,0.5674,0.0,-nan,0.2
173499,2026-08-29_06-24-28.501-240,v3.5.7,3.49,12.0,400,3956,-1422,6472,2749,-1564,7102,2730,-1823,6934,2698,-1527,7060,0,0,0,-32,296,126,323.3,2126.9,0.153,0.077,1.109,-11.556,13.281,-22.953,308.8,1,0.7305,-0.2587,0.2100,0.5961,0.0,-nan,0.2
173525,2026-08-29_06-24-28.526-240,v3.5.7,3.49,12.0,400,3956,-1422,6472,2749,-1564,7102,2730,-1823,6934,2698,-1527,7060,0,0,0,-32,296,126,323.3,2126.9,0.144,0.036,1.105,-12.670,11.938,-22.382,308.8,1,0.7124,-0.2552,0.1967,0.6234,0.0,-nan,0.2
173554,2026-08-29_06-24-28.555-240,v3.5.7,3.49,12.0,400,3903,-1289,6526,2732,-1424,7128,2668,-1690,6978,2680,-1388,7086,0,0,0,12,302,108,321.0,2111.5,0.147,-0.008,1.121,-9.795,11.703,-23.122,306.8,1,0.6938,-0.2488,0.1859,0.6498,0.0,-nan,0.0
173581,2026-08-29_06-24-28.583-240,v3.5.7,3.49,12.0,400,3904,-1167,6551,2732,-1424,7128,2664,-1568,7002,2680,-1388,7086,0,0,0,16,180,84,199.3,1311.0,0.173,0.039,1.100,-4.738,12.062,-21.676,204.7,1,0.6772,-0.2377,0.1783,0.6731,0.0,-nan,0.2
173630,2026-08-29_06-24-28.634-240,v3.5.7,3.49,12.0,400,3904,-1167,6551,2691,-1299,7184,2664,-1568,7002,2637,-1263,7143,0,0,0,-27,305,141,337.1,2217.7,0.133,-0.003,1.126,2.480,9.969,-19.204,320.4,1,0.6638,-0.2227,0.1775,0.6916,0.0,-nan,0.2
173659,2026-08-29_06-24-28.660-240,v3.5.7,3.49,12.0,400,3939,-1047,6574,2697,-1163,7192,2694,-1448,7029,2642,-1127,7151,0,0,0,-52,321,122,347.3,2285.0,0.126,0.113,1.129,0.113,6.281,-19.804,328.9,1,0.6479,-0.2125,0.1779,0.7095,0.0,-nan,0.2
173699,2026-08-29_06-24-28.701-240,v3.5.7,3.49,12.0,400,3990,-948,6574,2697,-1163,7192,2744,-1350,7036,2642,-1127,7151,0,0,0,-102,223,115,270.8,1781.9,0.133,0.087,1.237,-1.662,3.297,-19.879,264.8,1,0.6304,-0.2062,0.1790,0.7267,0.0,-nan,0.0
173736,2026-08-29_06-24-28.738-240,v3.5.7,3.49,12.0,400,3990,-948,6574,2749,-1071,7198,2744,-1350,7036,2694,-1036,7157,0,0,0,-50,314,121,340.2,2238.2,0.248,0.092,1.032,-1.227,7.641,-24.063,323.0,1,0.6096,-0.1945,0.1779,0.7476,0.0,-nan,0.2
173765,2026-08-29_06-24-28.769-240,v3.5.7,3.49,12.0,400,4029,-874,6578,2743,-982,7185,2782,-1276,7045,2687,-948,7144,0,0,0,-95,328,99,355.5,2339.1,0.232,0.031,1.080,-2.255,7.906,-23.813,335.8,1,0.5883,-0.1833,0.1755,0.7678,0.0,-nan,0.2
173814,2026-08-29_06-24-28.815-240,v3.5.7,3.49,12.0,400,4067,-799,6597,2743,-982,7185,2816,-1202,7069,2687,-948,7144,0,0,0,-129,254,75,294.6,1938.1,0.245,0.103,1.084,0.520,-1.812,-22.131,284.7,1,0.5666,-0.1795,0.1823,0.7833,0.0,-nan,0.2
173843,2026-08-29_06-24-28.844-240,v3.5.7,3.49,12.0,400,4067,-799,6597,2811,-892,7166,2816,-1202,7069,2756,-859,7125,0,0,0,-60,343,56,352.7,2320.3,0.132,0.092,1.130,0.789,0.234,-15.196,333.4,1,0.5518,-0.1750,0.1863,0.7938,0.0,-nan,0.2
173872,2026-08-29_06-24-28.874-240,v3.5.7,3.49,12.0,400,4123,-713,6608,2811,-892,7166,2869,-1116,7087,2756,-859,7125,0,0,0,-113,257,38,283.3,1863.9,0.108,0.115,1.103,2.192,6.297,-9.204,275.2,1,0.5446,-0.1649,0.1861,0.8010,0.0,-nan,0.2
173903,2026-08-29_06-24-28.904-240,v3.5.7,3.49,12.0,400,4195,-640,6630,2853,-803,7169,2937,-1045,7119,2798,-770,7129,0,0,0,-139,275,10,308.3,2028.3,0.114,0.098,1.112,-1.732,10.031,-8.093,296.2,1,0.5384,-0.1539,0.1791,0.8089,0.0,-nan,0.2
173946,2026-08-29_06-24-28.947-240,v3.5.7,3.49,12.0,400,4195,-640,6630,2855,-678,7178,2937,-1045,7119,2799,-646,7138,0,0,0,-138,399,19,422.6,2780.4,0.089,0.044,1.030,-1.213,13.422,-7.852,392.1,1,0.5331,-0.1391,0.1703,0.8170,0.0,-nan,0.0
173994,2026-08-29_06-24-28.995-240,v3.5.7,3.49,12.0,400,4188,-530,6683,2855,-678,7178,2920,-935,7169,2799,-646,7138,0,0,0,-121,289,-31,314.8,2071.3,0.039,0.066,1.095,-2.315,7.094,-5.916,301.7,1,0.5282,-0.1319,0.1642,0.8226,0.0,-nan,0.2
174022,2026-08-29_06-24-28.023-240,v3.5.7,3.49,12.0,400,4229,-440,6725,2860,-582,7195,2954,-846,7216,2803,-550,7155,0,0,0,-151,296,-61,337.8,2222.7,-0.093,-0.004,1.089,3.801,1.844,-5.947,321.0,1,0.5230,-0.1261,0.1678,0.8261,0.0,-nan,0.2
174052,2026-08-29_06-24-28.054-240,v3.5.7,3.49,12.0,400,4229,-440,6725,2860,-582,7195,2954,-846,7216,2803,-550,7155,0,0,0,-151,296,-61,337.8,2222.7,-0.117,0.106,1.043,1.649,-0.938,-10.081,321.0,1,0.5126,-0.1237,0.1716,0.8321,0.0,-nan,0.2
174081,2026-08-29_06-24-28.082-240,v3.5.7,3.49,12.0,400,4287,-401,6744,2904,-515,7163,3008,-808,7243,2848,-484,7123,0,0,0,-160,324,-120,380.8,2505.0,0.148,0.284,1.080,-6.098,3.703,-11.562,357.0,1,0.5004,-0.1210,0.1647,0.8413,0.0,-nan,0.2
174109,2026-08-29_06-24-28.111-240,v3.5.7,3.49,12.0,400,4283,-343,6800,2904,-515,7163,2994,-752,7296,2848,-484,7123,0,0,0,-146,268,-173,350.8,2308.0,0.039,-0.059,1.133,-8.494,4.906,-14.744,331.9,1,0.4845,-0.1179,0.1548,0.8529,0.0,-nan,0.2
174156,2026-08-29_06-24-28.157-240,v3.5.7,3.49,12.0,400,4283,-343,6800,2874,-462,7153,2994,-752,7296,2817,-431,7114,0,0,0,-177,321,-182,409.3,2692.5,0.236,0.190,1.083,1.130,1.406,-10.792,380.9,1,0.4734,-0.1134,0.1567,0.8594,0.0,-nan,0.0
174185,2026-08-29_06-24-28.189-240,v3.5.7,3.49,12.0,400,4215,-262,6804,2871,-396,7134,2926,-669,7290,2813,-365,7095,0,0,0,-113,304,-195,378.4,2489.7,0.226,0.125,1.116,-9.032,1.219,-11.799,355.0,1,0.4596,-0.1149,0.1479,0.8682,0.0,-nan,0.2
174225,2026-08-29_06-24-28.226-240,v3.5.7,3.49,12.0,400,4140,-189,6805,2871,-396,7134,2851,-594,7279,2813,-365,7095,0,0,0,-38,229,-184,296.2,1948.8,-0.143,0.093,1.190,-2.408,4.047,-6.639,286.0,1,0.4527,-0.1104,0.1439,0.8730,0.0,-nan,0.2
174263,2026-08-29_06-24-28.264-240,v3.5.7,3.49,12.0,400,4140,-189,6805,2899,-373,7165,2851,-594,7279,2841,-343,7126,0,0,0,-10,251,-153,294.1,1935.0,-0.017,0.064,1.153,-2.505,-4.828,-3.245,284.3,1,0.4479,-0.1163,0.1443,0.8746,0.0,-nan,0.2
174313,2026-08-29_06-24-28.314-240,v3.5.7,3.50,12.0,400,4102,-158,6791,2890,-364,7156,2815,-562,7259,2832,-334,7117,0,0,0,17,228,-142,269.1,1770.7,-0.111,0.109,1.153,-1.463,-0.688,-3.503,263.3,1,0.4438,-0.1170,0.1435,0.8768,0.0,-nan,0.2
174343,2026-08-29_06-24-28.344-240,v3.5.7,3.50,12.0,400,4103,-157,6813,2890,-364,7156,2813,-562,7281,2832,-334,7117,0,0,0,19,228,-164,281.5,1852.0,-0.099,0.084,1.135,-4.665,-1.312,-7.049,273.7,1,0.4351,-0.1195,0.1401,0.8813,0.0,-nan,0.2
174371,2026-08-29_06-24-28.372-240,v3.5.7,3.50,12.0,400,4082,-157,6799,2891,-364,7161,2794,-561,7264,2833,-334,7122,0,0,0,39,227,-142,270.6,1780.1,0.029,0.011,1.117,-1.812,-1.875,-9.545,264.5,1,0.4239,-0.1207,0.1405,0.8865,0.0,-nan,0.2
174420,2026-08-29_06-24-28.424-240,v3.5.7,3.50,12.0,400,4082,-157,6799,2891,-344,7174,2794,-561,7264,2833,-314,7135,0,0,0,39,247,-129,281.4,1851.1,-0.006,0.062,1.124,-2.772,-0.141,-6.302,273.6,1,0.4165,-0.1210,0.1384,0.8904,0.0,-nan,0.2
174459,2026-08-29_06-24-28.461-240,v3.5.7,3.50,12.0,400,4037,-119,6781,2891,-344,7174,2752,-522,7240,2833,-314,7135,0,0,0,81,208,-105,246.7,1622.9,0.157,0.122,1.097,-5.157,-0.344,-7.307,244.5,1,0.4075,-0.1225,0.1339,0.8950,0.0,-nan,0.2
174489,2026-08-29_06-24-29.491-240,v3.5.7,3.50,12.0,400,4017,-90,6767,2907,-333,7159,2735,-492,7223,2849,-303,7120,0,0,0,114,189,-103,243.6,1602.4,0.132,0.055,1.104,-3.467,-0.562,-5.287,241.9,1,0.4009,-0.1238,0.1311,0.8982,0.0,-nan,0.0
174522,2026-08-29_06-24-29.523-240,v3.5.7,3.50,12.0,400,4017,-90,6767,2907,-333,7159,2735,-492,7223,2849,-303,7120,0,0,0,114,189,-103,243.6,1602.4,0.078,0.052,1.109,-0.213,0.250,-2.493,241.9,1,0.3981,-0.1230,0.1311,0.8995,0.0,-nan,0.2
174574,2026-08-29_06-24-29.575-240,v3.5.7,3.50,12.0,400,3996,-58,6766,2878,-335,7213,2714,-459,7219,2819,-305,7174,0,0,0,105,154,-45,191.7,1261.5,0.104,0.105,1.114,-0.659,-0.016,-4.798,198.4,1,0.3926,-0.1224,0.1311,0.9021,0.0,-nan,0.2
174600,2026-08-29_06-24-29.603-240,v3.5.7,3.50,12.0,400,3995,-42,6750,2875,-310,7148,2716,-443,7203,2817,-280,7110,0,0,0,101,163,-93,213.1,1402.1,0.102,0.080,1.108,-0.636,-0.453,-3.476,216.3,1,0.3885,-0.1224,0.1311,0.9038,0.0,-nan,0.2
174635,2026-08-29_06-24-29.637-240,v3.5.7,3.50,12.0,400,3995,-42,6750,2875,-310,7148,2716,-443,7203,2817,-280,7110,0,0,0,101,163,-93,213.1,1402.1,0.067,0.101,1.122,1.040,0.062,-3.668,216.3,1,0.3845,-0.1210,0.1328,0.9055,0.0,-nan,0.2
174661,2026-08-29_06-24-29.662-240,v3.5.7,3.50,12.0,400,4022,-62,6741,2902,-316,7162,2744,-463,7198,2844,-286,7123,0,0,0,100,177,-75,216.7,1425.6,0.063,0.087,1.113,-1.190,0.375,-4.437,219.3,1,0.3794,-0.1202,0.1319,0.9079,0.0,-nan,0.2
174695,2026-08-29_06-24-29.699-240,v3.5.7,3.50,12.0,400,4027,-75,6742,2902,-316,7162,2749,-476,7200,2844,-286,7123,0,0,0,95,190,-77,226.0,1486.5,0.019,0.066,1.127,1.146,-0.438,-2.953,227.1,1,0.3761,-0.1194,0.1338,0.9091,0.0,-nan,0.2
174735,2026-08-29_06-24-29.737-240,v3.5.7,3.50,12.0,400,4027,-75,6742,2922,-331,7168,2749,-476,7200,2864,-301,7129,0,0,0,115,175,-71,221.1,1454.7,0.084,0.080,1.110,-1.645,-0.781,-3.380,223.0,1,0.3719,-0.1203,0.1328,0.9108,0.0,-nan,0.0
174765,2026-08-29_06-24-29.769-240,v3.5.7,3.50,12.0,400,4033,-78,6718,2930,-329,7152,2759,-479,7177,2873,-299,7113,0,0,0,114,180,-64,222.5,1463.6,0.086,0.088,1.113,0.342,-0.594,-3.626,224.2,1,0.3677,-0.1200,0.1340,0.9124,0.0,-nan,0.2
174809,2026-08-29_06-24-29.810-240,v3.5.7,3.50,12.0,400,4039,-66,6723,2930,-329,7152,2764,-467,7183,2873,-299,7113,0,0,0,109,168,-70,212.1,1395.7,0.029,0.067,1.123,-2.515,-1.484,-3.419,215.5,1,0.3631,-0.1220,0.1322,0.9142,0.0,-nan,0.2
174843,2026-08-29_06-24-29.844-240,v3.5.7,3.50,12.0,400,4039,-66,6723,2928,-327,7150,2764,-467,7183,2871,-297,7111,0,0,0,107,170,-72,213.4,1403.8,0.060,0.074,1.119,0.930,-1.047,-3.045,216.5,1,0.3596,-0.1221,0.1342,0.9153,0.0,-nan,0.2
174871,2026-08-29_06-24-29.872-240,v3.5.7,3.50,12.0,400,4049,-76,6726,2928,-327,7150,2773,-477,7187,2871,-297,7111,0,0,0,98,180,-76,218.6,1438.1,0.059,0.080,1.114,1.106,-1.109,-2.209,220.9,1,0.3570,-0.1223,0.1363,0.9160,0.0,-nan,0.0
174912,2026-08-29_06-24-29.914-240,v3.5.7,3.50,12.0,400,4070,-76,6705,2953,-325,7150,2798,-477,7170,2896,-295,7111,0,0,0,98,182,-59,215.0,1414.2,0.061,0.143,1.119,3.256,0.062,-0.328,217.9,1,0.3572,-0.1205,0.1400,0.9156,0.0,-nan,0.2
174945,2026-08-29_06-24-29.946-240,v3.5.7,3.50,12.0,400,4070,-76,6705,2974,-323,7129,2798,-477,7170,2918,-294,7090,0,0,0,120,183,-80,233.0,1532.9,0.046,0.045,1.129,2.580,-0.109,0.188,233.0,1,0.3577,-0.1192,0.1429,0.9151,0.0,-nan,0.2
174989,2026-08-29_06-24-29.992-240,v3.5.7,3.50,12.0,400,4097,-84,6704,2974,-323,7129,2825,-485,7173,2918,-294,7090,0,0,0,93,191,-83,228.1,1500.5,0.056,0.107,1.114,3.356,-1.484,-2.876,228.9,1,0.3547,-0.1187,0.1478,0.9156,0.0,-nan,0.2
175017,2026-08-29_06-24-29.018-240,v3.5.7,3.50,12.0,400,4127,-85,6695,2979,-314,7123,2856,-487,7169,2923,-285,7084,0,0,0,67,202,-85,229.2,1507.7,0.063,0.125,1.119,1.926,-1.766,-3.133,229.8,1,0.3510,-0.1191,0.1513,0.9164,0.0,-nan,0.0
175053,2026-08-29_06-24-29.055-240,v3.5.7,3.50,12.0,400,4127,-85,6695,3037,-323,7106,2856,-487,7169,2982,-294,7067,0,0,0,126,193,-102,252.0,1658.2,0.088,0.090,1.111,1.422,-0.547,-2.192,249.0,1,0.3486,-0.1184,0.1534,0.9170,0.0,-nan,0.2
175103,2026-08-29_06-24-29.104-240,v3.5.7,3.50,12.0,400,4150,-91,6666,3037,-323,7106,2884,-492,7144,2982,-294,7067,0,0,0,98,198,-77,234.0,1539.2,0.069,0.125,1.111,0.958,-1.328,-2.809,233.8,1,0.3453,-0.1188,0.1555,0.9179,0.0,-nan,0.2
175133,2026-08-29_06-24-29.134-240,v3.5.7,3.50,12.0,400,4175,-75,6659,3051,-344,7086,2909,-476,7141,2996,-315,7047,0,0,0,87,161,-94,205.7,1353.5,0.070,0.092,1.114,1.374,-0.828,-2.995,210.1,1,0.3418,-0.1183,0.1578,0.9188,0.0,-nan,0.2
175161,2026-08-29_06-24-29.162-240,v3.5.7,3.50,12.0,400,4175,-75,6659,3051,-344,7086,2909,-476,7141,2996,-315,7047,0,0,0,87,161,-94,205.7,1353.5,0.074,0.152,1.112,-1.502,-1.203,-2.633,210.1,1,0.3383,-0.1196,0.1569,0.9201,0.0,-nan,0.2
175212,2026-08-29_06-24-29.213-240,v3.5.7,3.50,12.0,400,4198,-77,6651,3078,-336,7085,2934,-479,7136,3024,-308,7046,0,0,0,90,171,-90,213.2,1402.4,0.059,0.121,1.116,-0.459,-0.938,-2.983,216.3,1,0.3346,-0.1201,0.1572,0.9213,0.0,-nan,0.0
175242,2026-08-29_06-24-29.244-240,v3.5.7,3.50,12.0,400,4190,-76,6638,3096,-325,7084,2928,-477,7122,3042,-297,7045,0,0,0,114,180,-77,226.6,1490.5,0.063,0.089,1.119,-2.173,-0.766,-3.671,227.6,1,0.3299,-0.1209,0.1555,0.9232,0.0,-nan,0.2
175280,2026-08-29_06-24-29.282-240,v3.5.7,3.50,12.0,400,4202,-89,6644,3096,-325,7084,2939,-491,7130,3042,-297,7045,0,0,0,103,194,-85,235.5,1549.5,0.054,0.146,1.118,-1.847,-0.500,-3.480,235.1,1,0.3255,-0.1214,0.1541,0.9250,0.0,-nan,0.2
175320,2026-08-29_06-24-29.324-240,v3.5.7,3.50,12.0,400,4202,-89,6644,3091,-328,7090,2939,-491,7130,3037,-300,7050,0,0,0,98,191,-80,229.1,1507.2,0.051,0.079,1.120,-1.439,-0.562,-3.211,229.7,1,0.3215,-0.1218,0.1531,0.9265,0.0,-nan,0.2
175351,2026-08-29_06-24-29.352-240,v3.5.7,3.50,12.0,400,4199,-81,6629,3100,-326,7081,2938,-482,7115,3046,-298,7042,0,0,0,108,184,-73,225.5,1483.5,0.060,0.122,1.117,-1.823,-0.953,-3.657,226.7,1,0.3167,-0.1227,0.1518,0.9282,0.0,-nan,0.2
175394,2026-08-29_06-24-29.395-240,v3.5.7,3.50,12.0,400,4203,-79,6648,3100,-326,7081,2939,-481,7134,3046,-298,7042,0,0,0,107,183,-92,231.1,1520.3,0.050,0.109,1.122,-1.334,-0.828,-3.217,231.4,1,0.3126,-0.1234,0.1511,0.9296,0.0,-nan,0.2
175422,2026-08-29_06-24-29.423-240,v3.5.7,3.50,12.0,400,4203,-79,6648,3062,-314,7091,2939,-481,7134,3007,-286,7052,0,0,0,68,195,-82,222.2,1461.8,0.050,0.120,1.118,-1.725,-0.469,-3.082,223.9,1,0.3087,-0.1238,0.1497,0.9311,0.0,-nan,0.2
175454,2026-08-29_06-24-29.459-240,v3.5.7,3.50,12.0,400,4211,-74,6651,3062,-314,7091,2946,-476,7138,3007,-286,7052,0,0,0,61,190,-86,217.3,1429.6,0.054,0.100,1.116,-2.075,-0.781,-3.313,219.8,1,0.3043,-0.1246,0.1480,0.9327,0.0,-nan,0.2
175488,2026-08-29_06-24-30.490-240,v3.5.7,3.50,12.0,400,4212,-83,6642,3096,-335,7076,2949,-485,7130,3042,-307,7037,0,0,0,93,178,-93,221.3,1456.0,0.058,0.116,1.118,-2.652,-1.000,-3.124,223.2,1,0.3001,-0.1260,0.1458,0.9343,0.0,-nan,0.2
175529,2026-08-29_06-24-30.531-240,v3.5.7,3.50,12.0,400,4212,-83,6642,3095,-327,7081,2949,-485,7130,3041,-299,7042,0,0,0,92,186,-88,225.4,1482.9,0.052,0.086,1.118,0.882,-0.438,-3.035,226.6,1,0.2966,-0.1254,0.1474,0.9352,0.0,-nan,0.0
175575,2026-08-29_06-24-30.577-240,v3.5.7,3.50,12.0,400,4216,-84,6639,3095,-327,7081,2953,-486,7127,3041,-299,7042,0,0,0,88,187,-85,223.5,1470.2,0.062,0.124,1.114,-1.539,-0.828,-3.478,225.0,1,0.2921,-0.1261,0.1464,0.9367,0.0,-nan,0.2
175633,2026-08-29_06-24-30.634-240,v3.5.7,3.50,12.0,400,4231,-73,6629,3115,-319,7066,2970,-475,7120,3061,-291,7027,0,0,0,91,184,-93,225.4,1482.6,0.060,0.110,1.116,2.933,-0.781,-2.920,226.6,1,0.2890,-0.1252,0.1506,0.9371,0.0,-nan,0.2
175661,2026-08-29_06-24-30.662-240,v3.5.7,3.50,12.0,400,4246,-68,6617,3136,-326,7072,2987,-469,7110,3083,-298,7032,0,0,0,96,171,-78,211.0,1388.5,0.054,0.124,1.119,1.924,-0.625,-2.825,214.6,1,0.2858,-0.1245,0.1534,0.9377,0.0,-nan,0.2
175690,2026-08-29_06-24-30.693-240,v3.5.7,3.50,12.0,400,4246,-68,6617,3136,-326,7072,2987,-469,7110,3083,-298,7032,0,0,0,96,171,-78,211.0,1388.5,0.055,0.119,1.118,0.789,-0.375,-3.415,214.6,1,0.2818,-0.1238,0.1550,0.9387,0.0,-nan,0.2
175722,2026-08-29_06-24-30.723-240,v3.5.7,3.50,12.0,400,4263,-88,6597,3150,-332,7053,3007,-489,7093,3097,-304,7013,0,0,0,90,185,-80,220.7,1452.2,0.053,0.142,1.119,0.401,-0.500,-2.992,222.7,1,0.2783,-0.1234,0.1560,0.9397,0.0,-nan,0.2
175753,2026-08-29_06-24-30.754-240,v3.5.7,3.50,12.0,400,4292,-59,6592,3150,-332,7053,3037,-460,7092,3097,-304,7013,0,0,0,60,156,-79,184.9,1216.3,0.053,0.141,1.123,-2.794,-0.516,-3.402,192.6,1,0.2737,-0.1241,0.1534,0.9413,0.0,-nan,0.2
175792,2026-08-29_06-24-30.794-240,v3.5.7,3.50,12.0,400,4292,-59,6592,3169,-335,7038,3037,-460,7092,3117,-307,6998,0,0,0,80,153,-94,196.6,1293.3,0.058,0.113,1.118,-0.031,-0.141,-2.959,202.4,1,0.2702,-0.1235,0.1539,0.9424,0.0,-nan,0.2
175823,2026-08-29_06-24-30.824-240,v3.5.7,3.50,12.0,400,4289,-83,6586,3143,-314,7043,3035,-484,7086,3090,-286,7004,0,0,0,55,198,-82,221.3,1455.6,0.055,0.155,1.117,-3.043,-0.812,-3.927,223.1,1,0.2649,-0.1245,0.1511,0.9442,0.0,-nan,0.2
175861,2026-08-29_06-24-30.863-240,v3.5.7,3.50,12.0,400,4284,-81,6586,3143,-314,7043,3030,-482,7086,3090,-286,7004,0,0,0,60,196,-82,220.8,1452.4,0.054,0.086,1.120,0.056,-0.938,-3.153,222.7,1,0.2610,-0.1248,0.1519,0.9451,0.0,-nan,0.0
175901,2026-08-29_06-24-30.903-240,v3.5.7,3.50,12.0,400,4284,-81,6586,3176,-318,7033,3030,-482,7086,3124,-291,6993,0,0,0,94,191,-93,232.3,1528.3,0.054,0.156,1.118,-0.371,-1.438,-2.799,232.4,1,0.2573,-0.1258,0.1524,0.9459,0.0,-nan,0.2
175928,2026-08-29_06-24-30.930-240,v3.5.7,3.50,12.0,400,4298,-78,6582,3188,-328,7040,3044,-479,7084,3136,-301,7000,0,0,0,92,178,-84,217.3,1429.4,0.050,0.122,1.120,-0.558,-0.656,-2.998,219.8,1,0.2536,-0.1260,0.1523,0.9469,0.0,-nan,0.2
175983,2026-08-29_06-24-30.984-240,v3.5.7,3.50,12.0,400,4302,-77,6565,3188,-328,7040,3051,-478,7068,3136,-301,7000,0,0,0,85,177,-68,207.8,1367.1,0.051,0.112,1.116,-3.104,-0.641,-3.783,211.8,1,0.2484,-0.1268,0.1494,0.9486,0.0,-nan,0.2
176012,2026-08-29_06-24-30.013-240,v3.5.7,3.50,12.0,400,4305,-79,6555,3202,-327,7036,3056,-480,7058,3150,-300,6996,0,0,0,94,180,-62,212.3,1396.8,0.050,0.125,1.119,-1.199,-1.078,-2.826,215.6,1,0.2447,-0.1277,0.1487,0.9496,0.0,-nan,0.0
176054,2026-08-29_06-24-30.057-240,v3.5.7,3.50,12.0,400,4305,-79,6555,3207,-323,7036,3056,-480,7058,3155,-296,6996,0,0,0,99,184,-62,217.9,1433.9,0.058,0.124,1.118,-2.550,-0.297,-3.291,220.4,1,0.2403,-0.1280,0.1463,0.9510,0.0,-nan,0.2
176099,2026-08-29_06-24-30.101-240,v3.5.7,3.50,12.0,400,4308,-72,6577,3207,-323,7036,3055,-473,7080,3155,-296,6996,0,0,0,100,177,-84,220.0,1447.1,0.049,0.128,1.117,-2.492,-1.234,-3.505,222.1,1,0.2355,-0.1293,0.1442,0.9524,0.0,-nan,0.0
176128,2026-08-29_06-24-30.129-240,v3.5.7,3.50,12.0,400,4310,-103,6569,3203,-333,7033,3058,-504,7073,3151,-306,6993,0,0,0,93,198,-80,232.9,1532.4,0.052,0.112,1.119,-1.393,-0.484,-3.725,232.9,1,0.2307,-0.1294,0.1433,0.9537,0.0,-nan,0.2
176163,2026-08-29_06-24-30.164-240,v3.5.7,3.50,12.0,400,4310,-103,6569,3203,-333,7033,3058,-504,7073,3151,-306,6993,0,0,0,93,198,-80,232.9,1532.4,0.058,0.138,1.118,-1.955,-0.766,-3.292,232.9,1,0.2263,-0.1301,0.1417,0.9549,0.0,-nan,0.2
176212,2026-08-29_06-24-30.213-240,v3.5.7,3.50,12.0,400,4303,-93,6578,3213,-337,7066,3050,-495,7081,3161,-310,7026,0,0,0,111,185,-55,222.6,1464.8,0.053,0.116,1.121,-1.689,-0.938,-3.301,224.3,1,0.2219,-0.1309,0.1404,0.9560,0.0,-nan,0.2
176240,2026-08-29_06-24-30.244-240,v3.5.7,3.50,12.0,400,4315,-87,6592,3178,-308,7026,3059,-489,7096,3126,-281,6987,0,0,0,67,208,-109,244.2,1606.6,0.053,0.133,1.118,-2.748,-0.641,-2.978,242.4,1,0.2177,-0.1317,0.1378,0.9572,0.0,-nan,0.2
176278,2026-08-29_06-24-30.279-240,v3.5.7,3.50,12.0,400,4313,-82,6573,3178,-308,7026,3061,-483,7077,3126,-281,6987,0,0,0,65,202,-90,230.5,1516.4,0.058,0.116,1.119,-1.957,-1.000,-3.453,230.9,1,0.2131,-0.1326,0.1362,0.9584,0.0,-nan,0.2
176318,2026-08-29_06-24-30.319-240,v3.5.7,3.50,12.0,400,4313,-82,6573,3194,-343,7016,3061,-483,7077,3142,-316,6976,0,0,0,81,167,-101,211.3,1390.2,0.053,0.124,1.118,-5.472,-0.781,-1.604,214.8,1,0.2101,-0.1345,0.1301,0.9596,0.0,-nan,0.2
176348,2026-08-29_06-24-30.349-240,v3.5.7,3.50,12.0,400,4301,-61,6567,3219,-329,7032,3050,-462,7069,3167,-302,6992,0,0,0,117,160,-77,212.6,1399.0,0.053,0.156,1.120,-2.264,-0.938,-3.203,215.9,1,0.2057,-0.1354,0.1282,0.9607,0.0,-nan,0.2
176393,2026-08-29_06-24-30.394-240,v3.5.7,3.50,12.0,400,4308,-74,6576,3219,-329,7032,3055,-475,7079,3167,-302,6992,0,0,0,112,173,-87,223.7,1471.7,0.058,0.125,1.115,-1.593,-0.906,-3.573,225.2,1,0.2009,-0.1361,0.1271,0.9617,0.0,-nan,0.2
176422,2026-08-29_06-24-30.424-240,v3.5.7,3.50,12.0,400,4308,-74,6576,3192,-333,7041,3055,-475,7079,3140,-306,7001,0,0,0,85,169,-78,204.6,1346.2,0.060,0.130,1.116,-3.176,-0.844,-3.814,209.2,1,0.1957,-0.1371,0.1241,0.9631,0.0,-nan,0.2
176452,2026-08-29_06-24-30.454-240,v3.5.7,3.50,12.0,400,4310,-91,6590,3192,-333,7041,3055,-493,7093,3140,-306,7001,0,0,0,85,187,-92,225.1,1480.7,0.060,0.106,1.116,-1.795,-0.531,-3.077,226.3,1,0.1915,-0.1375,0.1226,0.9640,0.0,-nan,0.2
176483,2026-08-29_06-24-31.484-240,v3.5.7,3.50,12.0,400,4318,-85,6576,3219,-327,7023,3065,-487,7081,3168,-300,6983,0,0,0,103,187,-98,234.9,1545.5,0.055,0.147,1.117,-2.363,-1.109,-3.561,234.6,1,0.1866,-0.1386,0.1206,0.9651,0.0,-nan,0.2
176529,2026-08-29_06-24-31.532-240,v3.5.7,3.50,12.0,400,4318,-85,6576,3213,-327,7029,3065,-487,7081,3161,-300,6989,0,0,0,96,187,-92,229.5,1509.6,0.054,0.116,1.117,-2.146,-0.891,-3.217,230.0,1,0.1822,-0.1395,0.1188,0.9660,0.0,-nan,0.2
176567,2026-08-29_06-24-31.569-240,v3.5.7,3.50,12.0,400,4309,-62,6569,3213,-327,7029,3057,-463,7072,3161,-300,6989,0,0,0,104,163,-83,210.4,1384.3,0.054,0.120,1.116,-1.670,-1.219,-3.456,214.0,1,0.1775,-0.1406,0.1177,0.9669,0.0,-nan,0.0
176598,2026-08-29_06-24-31.599-240,v3.5.7,3.50,12.0,400,4313,-84,6570,3207,-323,7030,3061,-485,7074,3155,-296,6990,0,0,0,94,189,-84,227.2,1494.6,0.061,0.125,1.118,-1.692,-0.688,-3.462,228.1,1,0.1729,-0.1411,0.1164,0.9678,0.0,-nan,0.2
176637,2026-08-29_06-24-31.638-240,v3.5.7,3.50,12.0,400,4313,-84,6570,3182,-317,7019,3061,-485,7074,3130,-290,6980,0,0,0,69,195,-94,227.2,1494.8,0.053,0.135,1.117,-1.706,-0.672,-3.580,228.1,1,0.1682,-0.1415,0.1151,0.9687,0.0,-nan,0.2
176685,2026-08-29_06-24-31.689-240,v3.5.7,3.50,12.0,400,4317,-82,6567,3182,-317,7019,3066,-483,7072,3130,-290,6980,0,0,0,64,193,-92,223.2,1468.3,0.057,0.125,1.117,-5.253,-0.875,-1.442,224.8,1,0.1653,-0.1432,0.1092,0.9697,0.0,-nan,0.2
176714,2026-08-29_06-24-31.716-240,v3.5.7,3.50,12.0,400,4314,-84,6578,3219,-329,7098,3061,-486,7082,3167,-302,7057,0,0,0,106,184,-25,213.8,1406.7,0.057,0.126,1.117,-1.472,-0.438,-3.769,216.9,1,0.1604,-0.1433,0.1081,0.9706,0.0,-nan,0.2
176744,2026-08-29_06-24-31.745-240,v3.5.7,3.50,12.0,400,4314,-84,6578,3219,-329,7098,3061,-486,7082,3167,-302,7057,0,0,0,106,184,-25,213.8,1406.7,0.058,0.125,1.115,-2.964,-0.766,-3.539,216.9,1,0.1554,-0.1441,0.1053,0.9716,0.0,-nan,0.2
176773,2026-08-29_06-24-31.774-240,v3.5.7,3.50,12.0,400,4329,-93,6573,3225,-336,7029,3077,-495,7080,3174,-309,6989,0,0,0,97,186,-91,228.7,1504.4,0.057,0.125,1.116,-2.154,-0.547,-2.888,229.4,1,0.1514,-0.1446,0.1034,0.9724,0.0,-nan,0.2
176814,2026-08-29_06-24-31.815-240,v3.5.7,3.50,12.0,400,4313,-87,6568,3206,-334,7031,3062,-488,7072,3154,-307,6991,0,0,0,92,181,-81,218.6,1438.2,0.053,0.119,1.116,-2.451,-0.516,-3.402,220.9,1,0.1468,-0.1450,0.1011,0.9732,0.0,-nan,0.2
176857,2026-08-29_06-24-31.859-240,v3.5.7,3.50,12.0,400,4319,-89,6564,3206,-334,7031,3068,-490,7069,3154,-307,6991,0,0,0,86,183,-78,216.7,1425.8,0.058,0.114,1.117,-3.649,-0.391,-6.914,219.3,1,0.1376,-0.1451,0.0980,0.9749,0.0,-nan,0.2
176903,2026-08-29_06-24-31.905-240,v3.5.7,3.50,12.0,400,4319,-89,6564,3227,-331,7023,3068,-490,7069,3176,-304,6983,0,0,0,108,186,-86,231.6,1523.9,0.053,0.128,1.118,-1.674,-0.516,-3.274,231.8,1,0.1332,-0.1454,0.0967,0.9756,0.0,-nan,0.2
176930,2026-08-29_06-24-31.932-240,v3.5.7,3.50,12.0,400,4322,-85,6554,3217,-329,7028,3073,-486,7060,3165,-302,6988,0,0,0,92,184,-72,218.0,1433.9,0.056,0.115,1.121,-1.250,-0.750,-3.446,220.4,1,0.1287,-0.1459,0.0959,0.9762,0.0,-nan,0.2
176979,2026-08-29_06-24-31.981-240,v3.5.7,3.50,12.0,400,4331,-94,6569,3217,-329,7028,3079,-496,7076,3165,-302,6988,0,0,0,86,194,-88,229.7,1511.4,0.055,0.125,1.118,-1.774,-1.234,-3.198,230.2,1,0.1242,-0.1470,0.0945,0.9767,0.0,-nan,0.0
177005,2026-08-29_06-24-31.006-240,v3.5.7,3.50,12.0,400,4331,-94,6569,3221,-324,7035,3079,-496,7076,3169,-297,6995,0,0,0,90,199,-81,232.9,1532.5,0.053,0.124,1.115,-1.247,-0.672,-3.754,232.9,1,0.1193,-0.1474,0.0938,0.9774,0.0,-nan,0.2
177033,2026-08-29_06-24-31.034-240,v3.5.7,3.50,12.0,400,4327,-84,6566,3221,-324,7035,3076,-486,7072,3169,-297,6995,0,0,0,93,189,-77,224.3,1475.5,0.052,0.125,1.117,-1.973,-0.984,-3.480,225.7,1,0.1145,-0.1483,0.0922,0.9780,0.0,-nan,0.2
177062,2026-08-29_06-24-31.064-240,v3.5.7,3.50,12.0,400,4323,-86,6561,3186,-313,7029,3073,-487,7067,3134,-286,6989,0,0,0,61,201,-78,224.1,1474.1,0.053,0.125,1.118,-1.778,-1.062,-3.141,225.5,1,0.1102,-0.1492,0.0908,0.9784,0.0,-nan,0.2
177112,2026-08-29_06-24-31.114-240,v3.5.7,3.50,12.0,400,4323,-86,6561,3243,-337,7028,3073,-487,7067,3192,-310,6988,0,0,0,119,177,-79,227.4,1496.3,0.057,0.122,1.117,-1.994,-0.562,-3.485,228.3,1,0.1055,-0.1496,0.0891,0.9791,0.0,-nan,0.2
177150,2026-08-29_06-24-31.152-240,v3.5.7,3.50,12.0,400,4330,-72,6570,3243,-337,7028,3078,-474,7077,3192,-310,6988,0,0,0,114,164,-89,218.7,1438.6,0.051,0.133,1.116,-2.235,-1.047,-3.527,221.0,1,0.1006,-0.1505,0.0872,0.9796,0.0,-nan,0.0
177180,2026-08-29_06-24-31.184-240,v3.5.7,3.50,12.0,400,4340,-88,6567,3219,-332,7011,3088,-490,7075,3168,-305,6971,0,0,0,80,185,-104,226.8,1492.1,0.051,0.125,1.120,-2.613,-1.172,-3.525,227.8,1,0.0956,-0.1517,0.0848,0.9801,0.0,-nan,0.2
177215,2026-08-29_06-24-31.217-240,v3.5.7,3.50,12.0,400,4340,-88,6567,3226,-340,7075,3088,-490,7075,3174,-313,7035,0,0,0,86,177,-40,200.8,1321.1,0.056,0.125,1.117,-2.150,-0.266,-3.630,206.0,1,0.0907,-0.1517,0.0829,0.9808,0.0,-nan,0.2
177268,2026-08-29_06-24-31.269-240,v3.5.7,3.50,12.0,400,4318,-8,6565,3226,-340,7075,3067,-409,7070,3174,-313,7035,0,0,0,107,96,-35,148.0,973.4,0.057,0.132,1.118,-2.441,-0.922,-3.354,161.6,1,0.0860,-0.1525,0.0807,0.9812,0.0,-nan,0.2
177296,2026-08-29_06-24-31.299-240,v3.5.7,3.50,12.0,400,4318,-82,6541,3235,-338,6969,3071,-483,7047,3184,-311,6930,0,0,0,113,172,-117,236.7,1557.4,0.057,0.123,1.117,-2.530,-0.672,-2.851,236.1,1,0.0819,-0.1531,0.0783,0.9817,0.0,-nan,0.2
177329,2026-08-29_06-24-31.331-240,v3.5.7,3.50,12.0,400,4332,-79,6564,3235,-338,6969,3081,-481,7071,3184,-311,6930,0,0,0,103,170,-141,243.7,1603.3,0.058,0.136,1.119,-2.837,-0.328,-3.414,242.0,1,0.0771,-0.1532,0.0755,0.9823,0.0,-nan,0.0
177374,2026-08-29_06-24-31.375-240,v3.5.7,3.50,12.0,400,4332,-79,6564,3218,-328,7023,3081,-481,7071,3167,-301,6983,0,0,0,86,180,-88,218.0,1434.5,0.054,0.125,1.119,-1.970,-0.406,-3.193,220.4,1,0.0727,-0.1534,0.0738,0.9827,0.0,-nan,0.2
177403,2026-08-29_06-24-31.404-240,v3.5.7,3.50,12.0,400,4327,-103,6568,3223,-330,7023,3075,-505,7074,3172,-303,6983,0,0,0,97,202,-91,241.9,1591.2,0.054,0.128,1.117,-2.248,-0.438,-3.519,240.4,1,0.0679,-0.1536,0.0718,0.9832,0.0,-nan,0.2
177443,2026-08-29_06-24-31.444-240,v3.5.7,3.50,12.0,400,4323,-81,6560,3223,-330,7023,3073,-482,7066,3172,-303,6983,0,0,0,99,179,-83,220.8,1452.3,0.052,0.131,1.117,-3.137,-1.312,-3.277,222.7,1,0.0631,-0.1549,0.0687,0.9835,0.0,-nan,0.2
177491,2026-08-29_06-24-32.493-240,v3.5.7,3.50,12.0,400,4327,-67,6568,3195,-322,7026,3075,-468,7074,3143,-295,6986,0,0,0,68,173,-88,205.7,1353.0,0.055,0.139,1.117,-1.651,-0.562,-3.359,210.0,1,0.0586,-0.1552,0.0674,0.9838,0.0,-nan,0.2
177535,2026-08-29_06-24-32.539-240,v3.5.7,3.50,12.0,400,4327,-67,6568,3219,-321,7014,3075,-468,7074,3168,-294,6974,0,0,0,93,174,-100,221.2,1455.2,0.056,0.119,1.118,-2.278,-1.406,-3.195,223.1,1,0.0540,-0.1567,0.0654,0.9840,0.0,-nan,0.2
177566,2026-08-29_06-24-32.568-240,v3.5.7,3.50,12.0,400,4326,-85,6552,3223,-327,7020,3077,-486,7059,3172,-300,6980,0,0,0,95,186,-79,223.3,1469.1,0.058,0.130,1.119,-3.158,-0.703,-3.752,224.8,1,0.0487,-0.1572,0.0623,0.9844,0.0,-nan,0.2
177622,2026-08-29_06-24-32.624-240,v3.5.7,3.50,12.0,400,4323,-70,6572,3223,-327,7020,3071,-472,7078,3172,-300,6980,0,0,0,101,172,-98,222.2,1462.1,0.056,0.140,1.116,-2.549,-0.391,-2.822,224.0,1,0.0447,-0.1574,0.0598,0.9847,0.0,-nan,0.2
177649,2026-08-29_06-24-32.651-240,v3.5.7,3.50,12.0,400,4322,-71,6560,3220,-331,7030,3072,-472,7066,3169,-304,6990,0,0,0,97,168,-76,208.3,1370.7,0.056,0.124,1.118,-1.921,-0.766,-3.672,212.3,1,0.0397,-0.1580,0.0583,0.9849,0.0,-nan,0.2
177693,2026-08-29_06-24-32.694-240,v3.5.7,3.50,12.0,400,4322,-71,6560,3225,-324,7028,3072,-472,7066,3174,-297,6988,0,0,0,102,175,-78,217.1,1428.0,0.052,0.117,1.120,-2.371,-0.703,-3.575,219.6,1,0.0347,-0.1585,0.0561,0.9852,0.0,-nan,0.2
177738,2026-08-29_06-24-32.739-240,v3.5.7,3.50,12.0,400,4329,-83,6551,3225,-324,7028,3080,-484,7058,3174,-297,6988,0,0,0,94,187,-70,220.7,1451.9,0.057,0.123,1.119,-2.097,-0.422,-3.444,222.7,1,0.0300,-0.1586,0.0543,0.9854,0.0,-nan,0.2
177769,2026-08-29_06-24-32.771-240,v3.5.7,3.50,12.0,400,4309,-40,6534,3226,-346,7129,3063,-440,7038,3174,-318,7088,0,0,0,111,122,50,172.4,1133.9,0.054,0.138,1.120,-5.319,-0.656,-1.620,182.1,1,0.0268,-0.1593,0.0481,0.9857,0.0,-nan,0.2
177795,2026-08-29_06-24-32.797-240,v3.5.7,3.50,12.0,400,4309,-40,6534,3226,-346,7129,3063,-440,7038,3174,-318,7088,0,0,0,111,122,50,172.4,1133.9,0.052,0.125,1.116,-2.230,-0.641,-3.800,182.1,1,0.0216,-0.1597,0.0462,0.9858,0.0,-nan,0.2
177823,2026-08-29_06-24-32.824-240,v3.5.7,3.50,12.0,400,4315,-85,6544,3244,-326,7040,3067,-486,7049,3193,-299,7000,0,0,0,126,187,-49,230.8,1518.1,0.056,0.126,1.116,-2.156,-1.047,-3.735,231.1,1,0.0165,-0.1606,0.0444,0.9859,0.0,-nan,0.2
177851,2026-08-29_06-24-32.852-240,v3.5.7,3.50,12.0,400,4315,-85,6544,3244,-326,7040,3067,-486,7049,3193,-299,7000,0,0,0,126,187,-49,230.8,1518.1,0.055,0.125,1.118,-2.461,-0.688,-3.324,231.1,1,0.0118,-0.1611,0.0421,0.9860,0.0,-nan,0.2
177904,2026-08-29_06-24-32.907-240,v3.5.7,3.50,12.0,400,4322,-81,6560,3189,-313,7027,3072,-482,7066,3137,-286,6987,0,0,0,65,196,-79,221.1,1454.6,0.054,0.125,1.116,-1.671,-0.438,-3.582,223.0,1,0.0070,-0.1613,0.0408,0.9860,0.0,-nan,0.2
177932,2026-08-29_06-24-32.933-240,v3.5.7,3.50,12.0,400,4321,-79,6553,3212,-322,7020,3072,-480,7059,3160,-295,6980,0,0,0,88,185,-79,219.6,1444.5,0.054,0.125,1.118,-2.844,-0.859,-3.770,221.7,1,0.0017,-0.1620,0.0382,0.9861,0.0,-nan,0.0
177973,2026-08-29_06-24-32.974-240,v3.5.7,3.50,12.0,400,4317,-83,6581,3212,-322,7020,3063,-485,7086,3160,-295,6980,0,0,0,97,190,-106,238.2,1567.2,0.056,0.125,1.119,-1.735,-0.875,-3.599,237.4,1,-0.0032,-0.1627,0.0368,0.9860,0.0,-nan,0.2
178006,2026-08-29_06-24-32.007-240,v3.5.7,3.50,12.0,400,4317,-83,6581,3219,-328,7033,3063,-485,7086,3167,-301,6993,0,0,0,104,184,-93,230.9,1519.2,0.053,0.124,1.117,-2.436,-0.859,-3.375,231.2,1,-0.0079,-0.1633,0.0346,0.9859,0.0,-nan,0.2
178035,2026-08-29_06-24-32.039-240,v3.5.7,3.50,12.0,400,4327,-87,6573,3219,-328,7033,3075,-489,7079,3167,-301,6993,0,0,0,92,188,-86,226.3,1488.7,0.055,0.131,1.119,-2.401,-0.672,-2.908,227.4,1,-0.0121,-0.1638,0.0323,0.9859,0.0,-nan,0.2
178065,2026-08-29_06-24-32.066-240,v3.5.7,3.50,12.0,400,4309,-60,6564,3215,-323,7027,3058,-461,7068,3163,-296,6987,0,0,0,105,165,-81,211.7,1392.7,0.056,0.119,1.114,-3.199,-0.609,-3.385,215.1,1,-0.0170,-0.1642,0.0291,0.9859,0.0,-nan,0.2
178114,2026-08-29_06-24-32.117-240,v3.5.7,3.50,12.0,400,4309,-60,6564,3215,-342,7021,3058,-461,7068,3164,-315,6981,0,0,0,106,146,-87,200.3,1317.8,0.055,0.143,1.116,-2.142,-0.578,-3.617,205.6,1,-0.0219,-0.1645,0.0272,0.9858,0.0,-nan,0.2
178146,2026-08-29_06-24-32.147-240,v3.5.7,3.50,12.0,400,4322,-77,6566,3215,-342,7021,3071,-478,7072,3164,-315,6981,0,0,0,93,163,-91,208.6,1372.1,0.055,0.125,1.119,-1.225,-0.922,-3.154,212.5,1,-0.0262,-0.1653,0.0264,0.9855,0.0,-nan,0.2
178177,2026-08-29_06-24-32.179-240,v3.5.7,3.50,12.0,400,4326,-79,6569,3209,-322,7027,3074,-481,7075,3157,-295,6987,0,0,0,83,186,-88,221.9,1459.7,0.056,0.132,1.115,-1.631,-1.188,-3.388,223.7,1,-0.0307,-0.1664,0.0251,0.9853,0.0,-nan,0.2
178215,2026-08-29_06-24-32.217-240,v3.5.7,3.50,12.0,400,4326,-79,6569,3217,-325,7023,3074,-481,7075,3165,-298,6983,0,0,0,91,183,-92,224.1,1474.5,0.054,0.114,1.116,-1.860,-0.500,-3.347,225.5,1,-0.0353,-0.1666,0.0236,0.9851,0.0,-nan,0.2
178262,2026-08-29_06-24-32.264-240,v3.5.7,3.50,12.0,400,4321,-77,6578,3217,-325,7023,3068,-479,7083,3165,-298,6983,0,0,0,97,181,-100,228.4,1502.7,0.055,0.124,1.116,-2.648,-0.812,-3.523,229.1,1,-0.0403,-0.1672,0.0211,0.9849,0.0,-nan,0.2
178288,2026-08-29_06-24-32.289-240,v3.5.7,3.50,12.0,400,4329,-60,6565,3192,-329,7110,3078,-461,7072,3139,-301,7069,0,0,0,61,160,-3,171.3,1126.7,0.058,0.129,1.118,-1.843,-0.578,-3.537,181.2,1,-0.0451,-0.1675,0.0196,0.9846,0.0,-nan,0.2
178323,2026-08-29_06-24-32.324-240,v3.5.7,3.50,12.0,400,4329,-60,6565,3192,-329,7110,3078,-461,7072,3139,-301,7069,0,0,0,61,160,-3,171.3,1126.7,0.052,0.125,1.117,-2.242,-0.609,-3.884,181.2,1,-0.0504,-0.1678,0.0177,0.9844,0.0,-nan,0.2
178352,2026-08-29_06-24-32.353-240,v3.5.7,3.50,12.0,400,4323,-78,6578,3224,-329,7014,3070,-480,7083,3173,-302,6974,0,0,0,103,178,-109,232.8,1531.3,0.055,0.118,1.120,1.369,-0.969,-5.409,232.8,1,-0.0568,-0.1688,0.0206,0.9838,0.0,-nan,0.0
178383,2026-08-29_06-24-32.384-240,v3.5.7,3.50,12.0,400,4324,-76,6577,3224,-329,7014,3071,-478,7083,3173,-302,6974,0,0,0,102,176,-109,230.8,1518.3,0.053,0.129,1.116,1.212,-1.156,-5.463,231.1,1,-0.0634,-0.1699,0.0232,0.9831,0.0,-nan,0.2
178426,2026-08-29_06-24-32.427-240,v3.5.7,3.50,12.0,400,4324,-76,6577,3218,-321,7032,3071,-478,7083,3166,-294,6992,0,0,0,95,184,-91,226.2,1488.1,0.057,0.125,1.115,-1.664,-1.000,-2.756,227.3,1,-0.0672,-0.1707,0.0217,0.9828,0.0,-nan,0.2
178455,2026-08-29_06-24-32.458-240,v3.5.7,3.50,12.0,400,4316,-87,6566,3209,-335,7027,3065,-488,7071,3157,-308,6987,0,0,0,92,180,-84,218.9,1440.2,0.056,0.124,1.116,-2.844,-0.938,-3.770,221.2,1,-0.0725,-0.1713,0.0190,0.9824,0.0,-nan,0.2
178497,2026-08-29_06-24-33.498-240,v3.5.7,3.50,12.0,400,4333,-76,6565,3209,-335,7027,3082,-478,7072,3157,-308,6987,0,0,0,75,170,-85,204.3,1344.3,0.053,0.137,1.115,-2.438,-1.266,-3.536,208.9,1,-0.0774,-0.1724,0.0167,0.9818,0.0,-nan,0.2
178534,2026-08-29_06-24-33.537-240,v3.5.7,3.50,12.0,400,4333,-76,6565,3212,-331,7041,3082,-478,7072,3160,-304,7001,0,0,0,78,174,-71,203.5,1338.6,0.057,0.116,1.118,-2.332,-0.906,-3.976,208.2,1,-0.0829,-0.1730,0.0147,0.9813,0.0,-nan,0.2
178563,2026-08-29_06-24-33.564-240,v3.5.7,3.50,12.0,400,4322,-81,6565,3212,-335,7026,3071,-482,7071,3160,-308,6986,0,0,0,89,174,-85,213.1,1402.1,0.057,0.135,1.117,-2.526,-0.750,-3.594,216.3,1,-0.0879,-0.1733,0.0124,0.9809,0.0,-nan,0.0
178617,2026-08-29_06-24-33.618-240,v3.5.7,3.50,12.0,400,4318,-84,6577,3212,-335,7026,3065,-486,7082,3160,-308,6986,0,0,0,95,178,-96,223.4,1470.0,0.060,0.133,1.115,-2.461,-0.969,-3.450,225.0,1,-0.0927,-0.1740,0.0101,0.9803,0.0,-nan,0.2
178645,2026-08-29_06-24-33.647-240,v3.5.7,3.50,12.0,400,4315,-86,6559,3207,-328,7031,3065,-487,7064,3155,-301,6991,0,0,0,90,186,-73,219.1,1441.8,0.059,0.125,1.118,-2.940,-0.656,-3.968,221.4,1,-0.0983,-0.1742,0.0074,0.9798,0.0,-nan,0.2
178691,2026-08-29_06-24-33.692-240,v3.5.7,3.50,12.0,400,4315,-86,6559,3168,-330,7028,3065,-487,7064,3116,-303,6989,0,0,0,51,184,-75,205.1,1349.6,0.059,0.116,1.114,-3.426,-0.828,-3.778,209.6,1,-0.1037,-0.1746,0.0040,0.9792,0.0,-nan,0.2
178735,2026-08-29_06-24-33.739-240,v3.5.7,3.50,12.0,400,4319,-77,6580,3168,-330,7028,3065,-479,7085,3116,-303,6989,0,0,0,51,176,-96,206.9,1361.0,0.054,0.118,1.119,-2.443,-0.781,-3.388,211.1,1,-0.1085,-0.1750,0.0017,0.9786,0.0,-nan,0.2
178784,2026-08-29_06-24-33.785-240,v3.5.7,3.50,12.0,400,4300,-82,6575,3201,-322,7047,3047,-483,7077,3149,-295,7007,0,0,0,102,188,-70,225.1,1480.6,0.055,0.124,1.119,-4.113,-1.047,-3.904,226.3,1,-0.1142,-0.1755,-0.0025,0.9778,0.0,-nan,0.2
178813,2026-08-29_06-24-33.814-240,v3.5.7,3.50,12.0,400,4286,-88,6577,3188,-327,7020,3033,-489,7077,3136,-300,6980,0,0,0,103,189,-97,236.1,1553.2,0.054,0.108,1.121,-2.586,-1.000,-3.541,235.6,1,-0.1191,-0.1761,-0.0050,0.9771,0.0,-nan,0.2
178852,2026-08-29_06-24-33.854-240,v3.5.7,3.50,12.0,400,4286,-88,6577,3188,-327,7020,3033,-489,7077,3136,-300,6980,0,0,0,103,189,-97,236.1,1553.2,0.053,0.136,1.119,-3.649,-0.672,-3.883,235.6,1,-0.1247,-0.1762,-0.0086,0.9764,0.0,-nan,0.2
178882,2026-08-29_06-24-33.884-240,v3.5.7,3.50,12.0,400,4283,-80,6594,3182,-330,7042,3027,-482,7093,3130,-303,7002,0,0,0,103,179,-91,225.7,1484.7,0.056,0.110,1.114,-3.614,-0.938,-4.228,226.8,1,-0.1307,-0.1767,-0.0121,0.9755,0.0,-nan,0.2
178910,2026-08-29_06-24-33.911-240,v3.5.7,3.50,12.0,400,4274,-72,6594,3182,-330,7042,3018,-473,7092,3130,-303,7002,0,0,0,112,170,-90,222.6,1464.4,0.052,0.116,1.121,-2.244,-0.562,-3.792,224.3,1,-0.1359,-0.1768,-0.0140,0.9747,0.0,-nan,0.2
178959,2026-08-29_06-24-33.961-240,v3.5.7,3.50,12.0,400,4274,-72,6594,3163,-327,7050,3018,-473,7092,3110,-299,7010,0,0,0,92,174,-82,213.2,1402.8,0.054,0.117,1.117,-2.402,-0.766,-3.286,216.4,1,-0.1404,-0.1772,-0.0163,0.9740,0.0,-nan,0.0
178986,2026-08-29_06-24-33.987-240,v3.5.7,3.50,12.0,400,4273,-82,6591,3168,-326,7043,3018,-483,7089,3116,-298,7003,0,0,0,98,185,-86,226.3,1489.0,0.052,0.131,1.114,-3.198,-0.891,-3.602,227.4,1,-0.1456,-0.1776,-0.0194,0.9731,0.0,-nan,0.2
179025,2026-08-29_06-24-33.029-240,v3.5.7,3.50,12.0,400,4302,-86,6598,3168,-326,7043,3046,-488,7100,3116,-298,7003,0,0,0,70,190,-97,224.5,1477.1,0.057,0.110,1.113,-1.579,-0.922,-3.454,225.9,1,-0.1501,-0.1783,-0.0207,0.9722,0.0,-nan,0.2
179059,2026-08-29_06-24-33.060-240,v3.5.7,3.50,12.0,400,4302,-86,6598,3158,-322,7055,3046,-488,7100,3105,-294,7015,0,0,0,59,194,-85,219.9,1446.5,0.059,0.119,1.113,-2.589,-0.719,-3.954,222.0,1,-0.1556,-0.1786,-0.0230,0.9713,0.0,-nan,0.2
179089,2026-08-29_06-24-33.091-240,v3.5.7,3.50,12.0,400,4273,-85,6604,3158,-322,7055,3016,-487,7102,3105,-294,7015,0,0,0,89,193,-87,229.6,1510.9,0.057,0.125,1.116,-1.806,-0.719,-3.504,230.2,1,-0.1602,-0.1791,-0.0244,0.9704,0.0,-nan,0.0
179142,2026-08-29_06-24-33.144-240,v3.5.7,3.50,12.0,400,4261,-82,6600,3130,-310,7048,3005,-483,7096,3077,-282,7009,0,0,0,72,201,-87,230.6,1516.8,0.058,0.102,1.116,-1.541,-0.641,-3.170,230.9,1,-0.1645,-0.1794,-0.0256,0.9696,0.0,-nan,0.2
179173,2026-08-29_06-24-33.174-240,v3.5.7,3.50,12.0,400,4278,-80,6599,3160,-325,7039,3022,-482,7097,3107,-297,7000,0,0,0,85,185,-97,225.5,1483.7,0.058,0.125,1.115,-2.139,-0.797,-2.861,226.7,1,-0.1684,-0.1798,-0.0277,0.9688,0.0,-nan,0.2
179219,2026-08-29_06-24-33.221-240,v3.5.7,3.50,12.0,400,4278,-80,6599,3158,-331,7059,3022,-482,7097,3105,-303,7019,0,0,0,83,179,-78,212.2,1395.8,0.056,0.117,1.117,0.992,-0.844,-6.094,215.5,1,-0.1756,-0.1811,-0.0252,0.9673,0.0,-nan,0.0
179257,2026-08-29_06-24-33.258-240,v3.5.7,3.50,12.0,400,4274,-95,6598,3158,-331,7059,3018,-497,7096,3105,-303,7019,0,0,0,87,194,-77,226.1,1487.7,0.056,0.118,1.119,-2.720,-0.812,-3.211,227.2,1,-0.1801,-0.1814,-0.0278,0.9664,0.0,-nan,0.2
179285,2026-08-29_06-24-33.289-240,v3.5.7,3.50,12.0,400,4277,-86,6611,3166,-333,7047,3019,-488,7109,3113,-305,7007,0,0,0,94,183,-102,229.6,1510.7,0.055,0.125,1.118,-2.246,-0.516,-3.015,230.2,1,-0.1843,-0.1814,-0.0299,0.9655,0.0,-nan,0.2
179327,2026-08-29_06-24-33.328-240,v3.5.7,3.50,12.0,400,4277,-86,6611,3170,-331,7050,3019,-488,7109,3118,-303,7010,0,0,0,99,185,-99,232.0,1526.4,0.053,0.110,1.119,-3.003,-0.750,-3.733,232.2,1,-0.1895,-0.1816,-0.0327,0.9644,0.0,-nan,0.2
179375,2026-08-29_06-24-33.379-240,v3.5.7,3.50,12.0,400,4271,-79,6597,3170,-331,7050,3015,-480,7094,3118,-303,7010,0,0,0,103,177,-84,221.3,1456.2,0.052,0.112,1.117,-2.102,-0.828,-3.297,223.2,1,-0.1940,-0.1820,-0.0346,0.9633,0.0,-nan,0.2
179425,2026-08-29_06-24-33.426-240,v3.5.7,3.50,12.0,400,4269,-66,6606,3165,-321,7067,3011,-468,7103,3112,-293,7027,0,0,0,101,175,-76,215.9,1420.2,0.057,0.094,1.121,-2.520,-0.875,-3.146,218.6,1,-0.1984,-0.1824,-0.0371,0.9623,0.0,-nan,0.2
179453,2026-08-29_06-24-33.454-240,v3.5.7,3.50,12.0,400,4264,-81,6595,3146,-329,7055,3008,-482,7091,3093,-301,7015,0,0,0,85,181,-76,213.9,1407.4,0.057,0.116,1.114,-2.039,-0.766,-3.189,217.0,1,-0.2027,-0.1828,-0.0389,0.9612,0.0,-nan,0.2
179492,2026-08-29_06-24-34.494-240,v3.5.7,3.50,12.0,400,4274,-83,6582,3146,-329,7055,3020,-484,7080,3093,-301,7015,0,0,0,73,183,-65,207.5,1364.9,0.057,0.117,1.121,-1.714,-0.859,-3.719,211.6,1,-0.2076,-0.1833,-0.0402,0.9600,0.0,-nan,0.0
179538,2026-08-29_06-24-34.539-240,v3.5.7,3.50,12.0,400,4274,-83,6582,3133,-318,7050,3020,-484,7080,3080,-290,7011,0,0,0,60,194,-69,214.5,1411.0,0.055,0.116,1.117,1.365,-0.859,-5.479,217.4,1,-0.2138,-0.1848,-0.0375,0.9585,0.0,-nan,0.2
179566,2026-08-29_06-24-34.569-240,v3.5.7,3.50,12.0,400,4273,-83,6594,3167,-326,7048,3017,-484,7092,3114,-298,7008,0,0,0,97,186,-84,226.0,1486.6,0.056,0.119,1.117,-2.181,-0.219,-3.684,227.1,1,-0.2188,-0.1845,-0.0392,0.9574,0.0,-nan,0.2
179611,2026-08-29_06-24-34.613-240,v3.5.7,3.50,12.0,400,4272,-93,6595,3167,-326,7048,3016,-494,7093,3114,-298,7008,0,0,0,98,196,-85,235.0,1546.3,0.059,0.136,1.116,-2.193,-0.281,-3.768,234.7,1,-0.2239,-0.1842,-0.0409,0.9562,0.0,-nan,0.2
179644,2026-08-29_06-24-34.645-240,v3.5.7,3.50,12.0,400,4272,-93,6595,3157,-327,7051,3016,-494,7093,3104,-299,7011,0,0,0,88,195,-82,229.1,1507.3,0.055,0.112,1.116,-2.043,-0.641,-3.133,229.7,1,-0.2281,-0.1844,-0.0427,0.9551,0.0,-nan,0.2
179673,2026-08-29_06-24-34.675-240,v3.5.7,3.50,12.0,400,4286,-85,6596,3157,-327,7051,3030,-487,7096,3104,-299,7011,0,0,0,74,188,-85,219.2,1442.1,0.060,0.124,1.117,-3.324,-0.484,-3.476,221.4,1,-0.2330,-0.1840,-0.0459,0.9538,0.0,-nan,0.2
179700,2026-08-29_06-24-34.702-240,v3.5.7,3.50,12.0,400,4269,-80,6595,3166,-328,7048,3013,-481,7092,3113,-300,7008,0,0,0,100,181,-84,223.2,1468.4,0.057,0.121,1.116,-2.549,-1.125,-3.039,224.8,1,-0.2372,-0.1846,-0.0485,0.9525,0.0,-nan,0.2
179749,2026-08-29_06-24-34.752-240,v3.5.7,3.50,12.0,400,4269,-80,6595,3159,-329,7058,3013,-481,7092,3106,-301,7018,0,0,0,93,180,-74,215.7,1419.1,0.058,0.103,1.118,-3.290,-0.828,-3.730,218.5,1,-0.2424,-0.1846,-0.0517,0.9510,0.0,-nan,0.2
179783,2026-08-29_06-24-34.784-240,v3.5.7,3.50,12.0,400,4268,-84,6589,3159,-329,7058,3013,-485,7086,3106,-301,7018,0,0,0,93,184,-68,217.1,1428.2,0.055,0.132,1.112,-1.488,-0.594,-2.858,219.6,1,-0.2462,-0.1849,-0.0529,0.9500,0.0,-nan,0.2
179813,2026-08-29_06-24-34.814-240,v3.5.7,3.50,12.0,400,4249,-55,6602,3162,-327,7051,2992,-456,7096,3109,-299,7011,0,0,0,117,157,-85,213.5,1404.3,0.025,0.150,1.125,-2.425,-1.938,-1.451,216.6,1,-0.2484,-0.1863,-0.0559,0.9489,0.0,-nan,0.2
179852,2026-08-29_06-24-34.854-240,v3.5.7,3.50,12.0,400,4249,-55,6602,3143,-352,7058,2992,-456,7096,3090,-324,7018,0,0,0,98,132,-78,182.0,1197.2,0.003,0.147,1.138,-8.344,-8.984,0.361,190.2,1,-0.2493,-0.1941,-0.0686,0.9463,0.0,-nan,0.2
179900,2026-08-29_06-24-34.901-240,v3.5.7,3.50,12.0,400,4310,-142,6636,3143,-352,7058,3047,-545,7139,3090,-324,7018,0,0,0,43,221,-121,255.6,1681.6,0.013,0.140,1.138,-10.104,-14.688,1.468,252.0,1,-0.2488,-0.2080,-0.0853,0.9421,0.0,-nan,0.0
179929,2026-08-29_06-24-34.931-240,v3.5.7,3.50,12.0,400,4340,-245,6648,3063,-451,7068,3076,-650,7156,3010,-422,7028,0,0,0,-66,228,-128,269.7,1774.2,0.050,0.051,1.120,-8.942,-16.125,1.356,263.8,1,-0.2478,-0.2238,-0.1011,0.9372,0.0,-nan,0.0
179963,2026-08-29_06-24-34.964-240,v3.5.7,3.50,12.0,400,4331,-464,6606,3063,-451,7068,3075,-869,7115,3010,-422,7028,0,0,0,-65,447,-87,460.0,3026.3,0.053,0.081,1.121,-4.042,-17.250,-1.094,423.5,1,-0.2480,-0.2427,-0.1108,0.9313,0.0,-nan,0.2
180013,2026-08-29_06-24-34.014-240,v3.5.7,3.50,12.0,400,4331,-464,6606,3047,-609,7074,3075,-869,7115,2994,-579,7034,0,0,0,-81,290,-81,311.8,2051.3,0.053,0.159,1.136,-1.532,-20.938,-2.904,299.1,1,-0.2489,-0.2667,-0.1180,0.9236,0.0,-nan,0.2
180062,2026-08-29_06-24-34.064-240,v3.5.7,3.50,12.0,400,4322,-590,6529,3053,-743,7066,3079,-994,7039,3002,-712,7025,0,0,0,-77,282,-14,292.7,1925.4,0.109,0.039,1.125,-12.575,-30.438,-3.186,283.1,1,-0.2522,-0.2980,-0.1407,0.9098,0.0,-nan,0.2
180093,2026-08-29_06-24-34.095-240,v3.5.7,3.50,12.0,400,4275,-778,6486,3025,-965,7073,3041,-1181,6991,2975,-933,7031,0,0,0,-66,248,40,259.7,1708.8,0.144,0.072,1.104,-5.299,-33.453,1.165,255.4,1,-0.2468,-0.3337,-0.1575,0.8960,0.0,-nan,0.2
180136,2026-08-29_06-24-34.138-240,v3.5.7,3.50,12.0,400,4217,-1012,6440,3025,-965,7073,2992,-1414,6939,2975,-933,7031,0,0,0,-17,481,92,490.0,3223.8,0.199,0.058,1.097,-1.702,-33.906,3.833,448.7,1,-0.2364,-0.3700,-0.1713,0.8820,0.0,-nan,0.0
180172,2026-08-29_06-24-34.174-240,v3.5.7,3.50,12.0,400,4217,-1012,6440,2983,-1207,7032,2992,-1414,6939,2934,-1174,6990,0,0,0,-58,240,51,252.1,1658.7,0.188,0.143,1.120,3.215,-36.859,9.474,249.0,1,-0.2163,-0.4089,-0.1827,0.8675,0.0,-nan,0.2
180202,2026-08-29_06-24-34.204-240,v3.5.7,3.50,12.0,400,4191,-1265,6373,3002,-1532,6981,2979,-1667,6871,2956,-1498,6938,0,0,0,-23,169,67,183.2,1205.6,0.283,0.025,1.066,-0.186,-39.969,10.554,191.2,1,-0.1957,-0.4491,-0.1988,0.8488,0.0,-nan,0.0
180253,2026-08-29_06-24-34.254-240,v3.5.7,3.50,12.0,400,4173,-1551,6277,3002,-1532,6981,2978,-1952,6777,2956,-1498,6938,0,0,0,-22,454,161,482.2,3172.4,0.256,0.098,1.136,27.453,-47.125,18.268,442.1,1,-0.1488,-0.4998,-0.1909,0.8316,0.0,-nan,0.2
180279,2026-08-29_06-24-34.281-240,v3.5.7,3.50,12.0,400,4257,-1915,6091,3050,-1909,6839,3094,-2314,6610,3009,-1874,6796,0,0,0,-85,440,186,485.2,3192.1,0.319,0.083,1.101,29.348,-48.578,11.238,444.7,1,-0.1070,-0.5516,-0.1760,0.8083,0.0,-nan,0.2
180327,2026-08-29_06-24-34.328-240,v3.5.7,3.50,12.0,400,4257,-1915,6091,3186,-2263,6639,3094,-2314,6610,3152,-2228,6595,0,0,0,58,86,-15,104.8,689.5,0.250,0.260,1.264,8.722,-54.172,10.264,125.4,1,-0.0785,-0.6037,-0.1810,0.7724,0.0,-nan,0.2
180372,2026-08-29_06-24-34.374-240,v3.5.7,3.50,12.0,400,4361,-2249,5886,3186,-2263,6639,3233,-2647,6427,3152,-2228,6595,0,0,0,-81,419,168,458.6,3017.3,0.384,0.091,1.100,-5.158,-57.734,9.473,422.4,1,-0.0601,-0.6549,-0.1983,0.7268,0.0,-nan,0.2
180400,2026-08-29_06-24-34.401-240,v3.5.7,3.50,12.0,400,4328,-2622,5741,3261,-2683,6474,3226,-3018,6283,3232,-2647,6430,0,0,0,6,371,147,399.1,2625.7,0.275,0.134,0.889,-8.358,-56.906,5.024,372.4,1,-0.0482,-0.7028,-0.2137,0.6768,0.0,-nan,0.2
180433,2026-08-29_06-24-34.434-240,v3.5.7,3.50,12.0,400,4328,-2622,5741,3261,-2683,6474,3226,-3018,6283,3232,-2647,6430,0,0,0,6,371,147,399.1,2625.7,0.382,0.224,0.867,-31.643,-51.969,-4.807,372.4,1,-0.0661,-0.7439,-0.2387,0.6207,0.0,-nan,0.2
180463,2026-08-29_06-24-34.464-240,v3.5.7,3.50,12.0,400,4234,-2966,5633,3190,-3082,6314,3153,-3360,6166,3164,-3045,6270,0,0,0,11,315,104,331.9,2183.6,0.454,0.204,0.991,-40.504,-53.828,-11.779,316.0,1,-0.0965,-0.7830,-0.2626,0.5556,0.0,-nan,0.2
180490,2026-08-29_06-24-35.493-240,v3.5.7,3.50,12.0,400,4027,-3265,5576,3190,-3082,6314,2958,-3656,6081,3164,-3045,6270,0,0,0,206,611,189,671.9,4420.5,0.536,-0.087,1.002,-34.561,-49.891,-8.517,601.4,1,-0.1196,-0.8138,-0.2835,0.4930,0.0,-nan,0.2
180538,2026-08-29_06-24-35.539-240,v3.5.7,3.50,12.0,400,4027,-3265,5576,3013,-3413,6225,2958,-3656,6081,2988,-3373,6182,0,0,0,30,283,101,302.0,1986.7,0.650,-0.067,0.941,5.180,-54.000,0.816,290.9,1,-0.0945,-0.8456,-0.2885,0.4391,0.0,-nan,0.2
180565,2026-08-29_06-24-35.569-240,v3.5.7,3.50,12.0,400,3908,-3628,5434,2923,-3789,6051,2866,-4015,5927,2900,-3747,6009,0,0,0,34,268,82,282.3,1857.4,0.626,0.018,0.928,16.894,-58.938,8.793,274.4,1,-0.0504,-0.8741,-0.2947,0.3828,0.0,-nan,0.2
180607,2026-08-29_06-24-35.609-240,v3.5.7,3.50,12.0,400,3918,-3948,5171,2923,-3789,6051,2921,-4331,5673,2900,-3747,6009,0,0,0,-21,584,336,674.1,4434.8,0.484,0.157,0.942,12.037,-54.250,3.912,603.2,1,-0.0154,-0.8972,-0.2959,0.3275,0.0,-nan,0.2
180649,2026-08-29_06-24-35.651-240,v3.5.7,3.50,12.0,400,3918,-3948,5171,2928,-4144,5763,2921,-4331,5673,2911,-4102,5723,0,0,0,-10,229,50,234.6,1543.5,0.726,0.267,0.894,-13.250,-48.703,-3.699,234.3,1,-0.0138,-0.9164,-0.2975,0.2674,0.0,-nan,0.0
180696,2026-08-29_06-24-35.697-240,v3.5.7,3.50,12.0,400,3903,-4237,4930,2941,-4451,5535,2948,-4615,5437,2928,-4408,5496,0,0,0,-20,207,59,216.2,1422.2,0.619,0.086,0.997,-30.162,-50.375,-2.054,218.9,1,-0.0302,-0.9310,-0.3053,0.1979,0.0,-nan,0.2
180724,2026-08-29_06-24-35.728-240,v3.5.7,3.50,12.0,400,3792,-4500,4786,2941,-4451,5535,2863,-4874,5282,2928,-4408,5496,0,0,0,65,466,214,516.9,3400.6,0.711,-0.004,0.876,-24.125,-51.047,0.776,471.2,1,-0.0385,-0.9400,-0.3134,0.1291,0.0,-nan,0.2
180754,2026-08-29_06-24-35.755-240,v3.5.7,3.50,12.0,400,3792,-4500,4786,2763,-4757,5350,2863,-4874,5282,2751,-4712,5313,0,0,0,-112,162,31,199.4,1311.7,0.681,0.053,0.921,-21.010,-49.375,0.078,204.8,1,-0.0438,-0.9448,-0.3185,0.0627,0.0,-nan,0.2
180803,2026-08-29_06-24-35.804-240,v3.5.7,3.50,12.0,400,3625,-4781,4626,2675,-5049,5142,2725,-5150,5102,2665,-5003,5107,0,0,0,-60,147,5,158.9,1045.1,0.717,0.064,0.765,-28.908,-47.531,-3.914,170.8,1,-0.0592,-0.9462,-0.3180,-0.0052,0.0,-nan,0.2
180836,2026-08-29_06-24-35.837-240,v3.5.7,3.50,12.0,400,3474,-5037,4464,2675,-5049,5142,2604,-5401,4923,2665,-5003,5107,0,0,0,61,398,184,442.7,2912.5,0.735,-0.068,0.759,-23.259,-49.156,-7.067,409.0,1,-0.0670,-0.9448,-0.3125,-0.0729,0.0,-nan,0.2
180863,2026-08-29_06-24-35.864-240,v3.5.7,3.50,12.0,400,3335,-5277,4269,2536,-5319,4922,2500,-5635,4714,2528,-5272,4889,0,0,0,28,363,175,404.0,2657.6,0.678,-0.092,0.795,-10.598,-50.688,-3.606,376.5,1,-0.0593,-0.9387,-0.3108,-0.1369,0.0,-nan,0.2
180906,2026-08-29_06-24-35.907-240,v3.5.7,3.50,12.0,400,3335,-5277,4269,2491,-5588,4627,2500,-5635,4714,2486,-5541,4597,0,0,0,-14,94,-117,150.7,991.7,0.764,0.026,0.796,-4.035,-50.641,-1.802,164.0,1,-0.0439,-0.9285,-0.3112,-0.1976,0.0,-nan,0.0
180955,2026-08-29_06-24-35.959-240,v3.5.7,3.50,12.0,400,3264,-5515,4001,2491,-5588,4627,2475,-5866,4442,2486,-5541,4597,0,0,0,11,325,155,360.2,2370.0,0.738,0.006,0.720,-5.417,-50.109,-4.414,339.8,1,-0.0296,-0.9157,-0.3069,-0.2576,0.0,-nan,0.2
180985,2026-08-29_06-24-35.987-240,v3.5.7,3.50,12.0,400,3209,-5721,3736,2473,-5810,4327,2466,-6066,4177,2472,-5763,4299,0,0,0,6,303,122,326.7,2149.3,0.800,0.006,0.796,-0.264,-51.172,-7.551,311.6,1,-0.0078,-0.9002,-0.2994,-0.3160,0.0,-nan,0.2
181013,2026-08-29_06-24-35.014-240,v3.5.7,3.50,12.0,400,3209,-5721,3736,2473,-5810,4327,2466,-6066,4177,2472,-5763,4299,0,0,0,6,303,122,326.7,2149.3,0.839,-0.001,0.689,4.277,-48.828,-7.936,311.6,1,0.0184,-0.8823,-0.2921,-0.3687,0.0,-nan,0.2
181043,2026-08-29_06-24-35.044-240,v3.5.7,3.50,12.0,400,3072,-5916,3455,2542,-6022,3961,2378,-6252,3883,2547,-5976,3936,0,0,0,169,276,53,327.9,2157.5,0.817,-0.010,0.695,10.743,-49.562,-6.112,312.7,1,0.0511,-0.8596,-0.2886,-0.4185,0.0,-nan,0.2
181071,2026-08-29_06-24-35.074-240,v3.5.7,3.50,12.0,400,3180,-6077,3137,2542,-6022,3961,2539,-6408,3589,2547,-5976,3936,0,0,0,8,432,347,554.2,3645.8,0.822,0.059,0.633,11.217,-50.391,-5.447,502.5,1,0.0840,-0.8328,-0.2848,-0.4673,0.0,-nan,0.2
181119,2026-08-29_06-24-35.121-240,v3.5.7,3.50,12.0,400,3180,-6077,3137,2545,-6198,3657,2539,-6408,3589,2554,-6152,3634,0,0,0,15,256,45,260.4,1712.9,0.867,0.162,0.641,-5.888,-50.219,-8.418,256.0,1,0.1004,-0.8054,-0.2668,-0.5197,0.0,-nan,0.2
181149,2026-08-29_06-24-35.151-240,v3.5.7,3.50,12.0,400,3169,-6243,2811,2565,-6358,3317,2583,-6566,3269,2578,-6313,3297,0,0,0,-5,253,28,254.6,1675.0,0.927,0.112,0.567,-17.884,-50.141,-10.351,251.1,1,0.1056,-0.7767,-0.2379,-0.5736,0.0,-nan,0.0
181187,2026-08-29_06-24-35.188-240,v3.5.7,3.50,12.0,400,3119,-6415,2515,2565,-6358,3317,2583,-6731,2974,2578,-6313,3297,0,0,0,-5,418,323,528.3,3475.5,0.968,-0.016,0.577,-18.682,-48.016,-11.171,480.8,1,0.1096,-0.7464,-0.2069,-0.6230,0.0,-nan,0.2
181227,2026-08-29_06-24-35.228-240,v3.5.7,3.50,12.0,400,3119,-6415,2515,2569,-6519,2994,2583,-6731,2974,2586,-6475,2977,0,0,0,3,256,3,256.0,1684.4,0.921,-0.011,0.521,-14.109,-48.719,-7.280,252.3,1,0.1144,-0.7108,-0.1820,-0.6697,0.0,-nan,0.2
181258,2026-08-29_06-24-35.259-240,v3.5.7,3.50,12.0,400,3048,-6549,2227,2557,-6678,2670,2562,-6857,2682,2577,-6634,2656,0,0,0,15,223,-26,225.0,1480.3,0.781,-0.018,0.460,-25.557,-48.500,-5.578,226.3,1,0.1072,-0.6735,-0.1484,-0.7162,0.0,-nan,0.0
181309,2026-08-29_06-24-35.311-240,v3.5.7,3.50,12.0,400,2974,-6677,1953,2557,-6678,2670,2535,-6977,2404,2577,-6634,2656,0,0,0,42,343,252,427.7,2813.7,0.839,-0.057,0.549,1.459,-48.203,-10.441,396.4,1,0.1265,-0.6308,-0.1342,-0.7537,0.0,-nan,0.0
181337,2026-08-29_06-24-35.338-240,v3.5.7,3.50,12.0,400,2945,-6804,1612,2550,-6810,2307,2563,-7096,2067,2574,-6767,2297,0,0,0,11,329,230,401.6,2641.9,0.948,0.001,0.408,9.346,-49.094,-8.625,374.5,1,0.1499,-0.5832,-0.1281,-0.7880,0.0,-nan,0.2
181385,2026-08-29_06-24-35.389-240,v3.5.7,3.50,12.0,400,2945,-6804,1612,2599,-6911,1912,2563,-7096,2067,2628,-6870,1905,0,0,0,65,226,-162,285.6,1878.7,1.053,0.058,0.390,16.904,-41.484,-3.535,277.1,1,0.1721,-0.5388,-0.1342,-0.8136,0.0,-nan,0.2
181424,2026-08-29_06-24-35.425-240,v3.5.7,3.50,12.0,400,2940,-6886,1243,2599,-6911,1912,2620,-7169,1706,2628,-6870,1905,0,0,0,8,299,199,359.3,2363.5,1.017,0.218,0.386,5.401,-38.531,-3.082,339.0,1,0.1852,-0.4983,-0.1292,-0.8371,0.0,-nan,0.2
181455,2026-08-29_06-24-35.459-240,v3.5.7,3.50,12.0,400,2915,-6943,966,2648,-6976,1571,2642,-7218,1432,2681,-6936,1567,0,0,0,39,282,135,315.1,2072.8,1.012,0.211,0.408,-13.844,-38.109,-5.665,301.9,1,0.1884,-0.4618,-0.1022,-0.8607,0.0,-nan,0.2
181490,2026-08-29_06-24-36.492-240,v3.5.7,3.50,12.0,400,2915,-6943,966,2638,-7024,1295,2642,-7218,1432,2674,-6985,1294,0,0,0,32,233,-138,272.7,1794.0,1.063,0.024,0.336,-29.467,-35.859,-7.633,266.3,1,0.1839,-0.4302,-0.0575,-0.8819,0.0,-nan,0.0
181539,2026-08-29_06-24-36.540-240,v3.5.7,3.50,12.0,400,2861,-6997,743,2638,-7024,1295,2626,-7266,1206,2674,-6985,1294,0,0,0,48,281,88,298.3,1962.8,1.061,-0.147,0.423,-0.998,-34.000,-2.978,287.8,1,0.1889,-0.3927,-0.0469,-0.8988,0.0,-nan,0.2
181565,2026-08-29_06-24-36.568-240,v3.5.7,3.50,12.0,400,2779,-7026,519,2587,-7050,1011,2582,-7288,975,2624,-7012,1014,0,0,0,42,276,39,281.9,1854.5,1.092,0.074,0.212,7.842,-33.594,-2.074,274.0,1,0.1969,-0.3527,-0.0467,-0.9136,0.0,-nan,0.2
181600,2026-08-29_06-24-36.602-240,v3.5.7,3.50,12.0,400,2774,-7096,275,2587,-7050,1011,2618,-7352,736,2624,-7012,1014,0,0,0,6,340,278,439.2,2889.6,1.085,0.114,0.254,-3.601,-30.203,-4.831,406.1,1,0.2024,-0.3189,-0.0330,-0.9253,0.0,-nan,0.2
181649,2026-08-29_06-24-36.651-240,v3.5.7,3.50,12.0,400,2774,-7096,275,2613,-7110,766,2618,-7352,736,2653,-7073,771,0,0,0,35,279,35,283.4,1864.2,1.015,0.024,0.217,-10.117,-28.000,-7.835,275.3,1,0.2085,-0.2890,-0.0110,-0.9343,0.0,-nan,0.2
181679,2026-08-29_06-24-36.680-240,v3.5.7,3.50,12.0,400,2742,-7116,93,2633,-7135,560,2617,-7367,554,2675,-7099,567,0,0,0,58,268,13,274.5,1806.0,1.074,0.011,0.177,-6.537,-24.734,-7.917,267.8,1,0.2156,-0.2615,0.0060,-0.9408,0.0,-nan,0.2
181718,2026-08-29_06-24-36.719-240,v3.5.7,3.50,12.0,400,2730,-7130,-84,2633,-7135,560,2634,-7376,379,2675,-7099,567,0,0,0,41,277,188,337.3,2218.9,1.067,0.071,0.205,-3.822,-20.344,-10.026,320.5,1,0.2259,-0.2382,0.0192,-0.9444,0.0,-nan,0.2
181752,2026-08-29_06-24-36.754-240,v3.5.7,3.50,12.0,400,2730,-7130,-84,2645,-7131,394,2634,-7376,379,2689,-7095,403,0,0,0,55,281,24,287.3,1890.4,1.049,0.059,0.190,-7.100,-17.781,-10.641,278.6,1,0.2359,-0.2187,0.0358,-0.9462,0.0,-nan,0.2
181779,2026-08-29_06-24-36.781-240,v3.5.7,3.50,12.0,400,2728,-7104,-204,2645,-7131,394,2652,-7347,261,2689,-7095,403,0,0,0,37,252,142,291.6,1918.5,1.044,0.029,0.193,-6.458,-16.031,-11.499,282.2,1,0.2469,-0.2008,0.0514,-0.9466,0.0,-nan,0.2
181831,2026-08-29_06-24-36.833-240,v3.5.7,3.50,12.0,400,2758,-7129,-325,2673,-7104,251,2702,-7369,147,2718,-7069,261,0,0,0,16,300,114,321.3,2114.0,1.081,0.068,0.167,2.134,-12.781,-12.148,307.1,1,0.2610,-0.1839,0.0559,-0.9460,0.0,-nan,0.2
181860,2026-08-29_06-24-36.864-240,v3.5.7,3.50,12.0,400,2758,-7129,-325,2734,-7097,138,2702,-7369,147,2781,-7063,149,0,0,0,79,306,2,316.0,2079.2,1.056,0.062,0.156,1.797,-10.391,-11.231,302.7,1,0.2739,-0.1700,0.0598,-0.9447,0.0,-nan,0.2
181892,2026-08-29_06-24-36.894-240,v3.5.7,3.50,12.0,400,2784,-7115,-431,2734,-7097,138,2746,-7353,47,2781,-7063,149,0,0,0,35,290,102,309.4,2035.5,1.048,0.083,0.177,2.701,-9.156,-9.228,297.1,1,0.2846,-0.1573,0.0617,-0.9436,0.0,-nan,0.2
181933,2026-08-29_06-24-36.934-240,v3.5.7,3.50,12.0,400,2816,-7095,-509,2783,-7066,54,2790,-7331,-23,2831,-7033,65,0,0,0,41,298,88,313.4,2061.9,1.067,0.127,0.148,0.034,-8.234,-7.128,300.5,1,0.2924,-0.1468,0.0660,-0.9427,0.0,-nan,0.2
181963,2026-08-29_06-24-36.964-240,v3.5.7,3.50,12.0,400,2816,-7095,-509,2796,-7033,-18,2790,-7331,-23,2845,-7001,-5,0,0,0,55,330,18,335.0,2204.2,1.064,0.121,0.138,-6.513,-6.609,-7.750,318.6,1,0.2998,-0.1405,0.0776,-0.9404,0.0,-nan,0.2
182009,2026-08-29_06-24-36.011-240,v3.5.7,3.50,12.0,400,2840,-7096,-559,2796,-7033,-18,2822,-7331,-69,2845,-7001,-5,0,0,0,23,330,64,336.9,2216.7,1.065,0.038,0.152,-3.959,-3.297,-4.607,320.2,1,0.3041,-0.1374,0.0843,-0.9389,0.0,-nan,0.0
182038,2026-08-29_06-24-36.039-240,v3.5.7,3.50,12.0,400,2848,-7083,-581,2831,-7053,-37,2834,-7318,-89,2881,-7021,-24,0,0,0,47,297,65,307.6,2024.0,1.043,0.065,0.147,-0.025,-3.266,-3.107,295.6,1,0.3074,-0.1330,0.0862,-0.9383,0.0,-nan,0.2
182073,2026-08-29_06-24-36.074-240,v3.5.7,3.50,12.0,400,2848,-7083,-581,2831,-7053,-37,2834,-7318,-89,2881,-7021,-24,0,0,0,47,297,65,307.6,2024.0,1.037,0.103,0.133,-0.716,-2.656,-2.708,295.6,1,0.3102,-0.1296,0.0885,-0.9376,0.0,-nan,0.2
182103,2026-08-29_06-24-36.104-240,v3.5.7,3.50,12.0,400,2853,-7081,-600,2841,-7052,-79,2842,-7315,-107,2891,-7020,-66,0,0,0,49,295,41,301.8,1985.8,1.041,0.104,0.154,-4.996,-1.625,-2.997,290.8,1,0.3127,-0.1291,0.0956,-0.9362,0.0,-nan,0.2
182132,2026-08-29_06-24-36.133-240,v3.5.7,3.50,12.0,400,2841,-7076,-617,2833,-7055,-70,2833,-7310,-125,2883,-7023,-57,0,0,0,50,287,68,299.2,1968.1,1.044,0.055,0.153,-7.032,-0.766,-3.211,288.5,1,0.3153,-0.1303,0.1047,-0.9342,0.0,-nan,0.2
182183,2026-08-29_06-24-36.185-240,v3.5.7,3.50,12.0,400,2829,-7088,-600,2833,-7055,-70,2818,-7322,-110,2883,-7023,-57,0,0,0,65,299,53,310.5,2043.0,1.046,0.063,0.147,-0.375,-0.641,-3.338,298.1,1,0.3190,-0.1290,0.1059,-0.9329,0.0,-nan,0.2
182229,2026-08-29_06-24-36.231-240,v3.5.7,3.50,12.0,400,2829,-7088,-600,2832,-7071,-68,2818,-7322,-110,2882,-7039,-55,0,0,0,64,283,55,295.3,1942.9,1.038,0.088,0.154,-2.314,-0.953,-3.445,285.3,1,0.3225,-0.1282,0.1096,-0.9314,0.0,-nan,0.0
182256,2026-08-29_06-24-36.257-240,v3.5.7,3.50,12.0,400,2828,-7087,-595,2843,-7068,-70,2817,-7321,-106,2893,-7036,-57,0,0,0,76,285,49,299.0,1967.1,1.038,0.071,0.150,-3.429,-0.875,-3.252,288.4,1,0.3256,-0.1278,0.1146,-0.9298,0.0,-nan,0.2
182305,2026-08-29_06-24-36.309-240,v3.5.7,3.50,12.0,400,2830,-7100,-613,2843,-7068,-70,2822,-7334,-123,2893,-7036,-57,0,0,0,71,298,66,313.4,2061.6,1.031,0.073,0.155,-2.378,-1.953,-2.524,300.4,1,0.3279,-0.1259,0.1186,-0.9287,0.0,-nan,0.2
182334,2026-08-29_06-24-36.336-240,v3.5.7,3.50,12.0,400,2830,-7100,-613,2828,-7069,-69,2822,-7334,-123,2878,-7037,-56,0,0,0,56,297,67,309.6,2036.6,1.034,0.072,0.156,-1.766,-1.578,-1.903,297.3,1,0.3296,-0.1243,0.1216,-0.9280,0.0,-nan,0.2
182365,2026-08-29_06-24-36.369-240,v3.5.7,3.50,12.0,400,2822,-7087,-611,2828,-7069,-69,2813,-7321,-122,2878,-7037,-56,0,0,0,65,284,66,298.7,1965.3,1.033,0.080,0.154,-1.987,-2.203,-0.910,288.2,1,0.3300,-0.1222,0.1250,-0.9276,0.0,-nan,0.2
182396,2026-08-29_06-24-36.397-240,v3.5.7,3.50,12.0,400,2809,-7090,-616,2797,-7031,-73,2801,-7323,-129,2846,-6999,-59,0,0,0,45,324,70,334.5,2200.8,1.040,0.077,0.146,-3.280,-3.000,-0.524,318.2,1,0.3297,-0.1198,0.1302,-0.9274,0.0,-nan,0.2
182440,2026-08-29_06-24-36.444-240,v3.5.7,3.50,12.0,400,2809,-7090,-616,2808,-7078,-94,2801,-7323,-129,2858,-7046,-80,0,0,0,57,277,49,287.0,1888.3,1.053,0.058,0.148,-3.681,-3.031,-1.501,278.3,1,0.3304,-0.1173,0.1360,-0.9266,0.0,-nan,0.2
182475,2026-08-29_06-24-36.476-240,v3.5.7,3.50,12.0,400,2796,-7106,-629,2808,-7078,-94,2791,-7339,-144,2858,-7046,-80,0,0,0,67,293,64,307.3,2021.7,1.041,0.044,0.145,-1.201,-3.484,-2.049,295.3,1,0.3320,-0.1132,0.1392,-0.9261,0.0,-nan,0.2
182503,2026-08-29_06-24-37.504-240,v3.5.7,3.50,12.0,400,2803,-7115,-640,2788,-7071,-109,2799,-7348,-153,2838,-7039,-95,0,0,0,39,309,58,316.8,2084.2,1.041,0.072,0.145,-0.693,-2.562,-2.325,303.3,1,0.3341,-0.1098,0.1414,-0.9254,0.0,-nan,0.2
182552,2026-08-29_06-24-37.554-240,v3.5.7,3.50,12.0,400,2780,-7093,-659,2780,-7072,-131,2780,-7325,-175,2830,-7040,-117,0,0,0,50,285,58,295.1,1941.5,1.039,0.062,0.141,-1.535,-3.875,-3.065,285.1,1,0.3368,-0.1052,0.1453,-0.9243,0.0,-nan,0.2
182599,2026-08-29_06-24-37.601-240,v3.5.7,3.50,12.0,400,2780,-7093,-659,2780,-7072,-131,2780,-7325,-175,2830,-7040,-117,0,0,0,50,285,58,295.1,1941.5,1.050,0.063,0.133,-3.026,-3.453,-4.460,285.1,1,0.3409,-0.1015,0.1509,-0.9224,0.0,-nan,0.0
182626,2026-08-29_06-24-37.628-240,v3.5.7,3.50,12.0,400,2777,-7102,-636,2780,-7074,-116,2773,-7334,-153,2830,-7042,-102,0,0,0,57,292,51,301.9,1985.9,1.037,0.060,0.146,-1.943,-2.953,-5.085,290.8,1,0.3459,-0.0977,0.1551,-0.9202,0.0,-nan,0.0
182655,2026-08-29_06-24-37.659-240,v3.5.7,3.50,12.0,400,2770,-7102,-687,2780,-7074,-116,2774,-7333,-204,2830,-7042,-102,0,0,0,56,291,102,313.4,2061.9,1.039,0.056,0.136,-0.244,-2.719,-4.298,300.5,1,0.3503,-0.0936,0.1571,-0.9186,0.0,-nan,0.2
182700,2026-08-29_06-24-37.702-240,v3.5.7,3.50,12.0,400,2770,-7102,-687,2800,-7071,-168,2774,-7333,-204,2850,-7039,-153,0,0,0,76,294,51,307.9,2025.8,1.042,0.094,0.137,-3.744,-2.297,-5.110,295.9,1,0.3553,-0.0914,0.1631,-0.9159,0.0,-nan,0.2
182729,2026-08-29_06-24-37.731-240,v3.5.7,3.50,12.0,400,2774,-7104,-706,2808,-7079,-178,2782,-7334,-222,2859,-7047,-163,0,0,0,77,287,59,303.0,1993.1,1.026,0.057,0.146,-4.387,-1.719,-5.911,291.7,1,0.3612,-0.0899,0.1696,-0.9125,0.0,-nan,0.0
182769,2026-08-29_06-24-37.770-240,v3.5.7,3.50,12.0,400,2779,-7101,-714,2808,-7079,-178,2788,-7331,-229,2859,-7047,-163,0,0,0,71,284,66,300.1,1974.3,1.027,0.068,0.137,-3.224,-1.672,-5.428,289.3,1,0.3666,-0.0881,0.1747,-0.9096,0.0,-nan,0.0
182809,2026-08-29_06-24-37.811-240,v3.5.7,3.50,12.0,400,2779,-7101,-714,2789,-7026,-190,2788,-7331,-229,2839,-6995,-175,0,0,0,51,336,54,344.1,2263.9,1.074,0.061,0.113,-2.309,-2.391,-4.531,326.2,1,0.3710,-0.0852,0.1789,-0.9072,0.0,-nan,0.0
182835,2026-08-29_06-24-37.837-240,v3.5.7,3.50,12.0,400,2789,-7101,-720,2815,-7065,-198,2799,-7331,-234,2866,-7034,-183,0,0,0,67,297,51,308.7,2031.0,1.056,0.075,0.134,-1.379,-2.203,-4.670,296.5,1,0.3757,-0.0821,0.1821,-0.9050,0.0,-nan,0.2
182888,2026-08-29_06-24-37.890-240,v3.5.7,3.50,12.0,400,2796,-7100,-736,2815,-7065,-198,2808,-7330,-248,2866,-7034,-183,0,0,0,58,296,65,308.6,2030.0,1.031,0.071,0.136,-2.482,-3.344,-4.142,296.4,1,0.3793,-0.0783,0.1869,-0.9028,0.0,-nan,0.2
182918,2026-08-29_06-24-37.919-240,v3.5.7,3.50,12.0,400,2796,-7100,-736,2818,-7059,-198,2808,-7330,-248,2869,-7028,-183,0,0,0,61,302,65,314.9,2071.6,1.023,0.070,0.132,-2.980,-7.828,-3.692,301.7,1,0.3813,-0.0697,0.1944,-0.9011,0.0,-nan,0.2
182966,2026-08-29_06-24-37.967-240,v3.5.7,3.50,12.0,400,2800,-7093,-758,2826,-7068,-241,2816,-7322,-269,2877,-7037,-226,0,0,0,61,285,43,294.6,1938.2,1.035,0.072,0.125,-2.266,-4.703,-4.519,284.7,1,0.3851,-0.0642,0.1997,-0.8987,0.0,-nan,0.2
183005,2026-08-29_06-24-37.009-240,v3.5.7,3.50,12.0,400,2793,-7093,-793,2826,-7068,-241,2815,-7321,-304,2877,-7037,-226,0,0,0,62,284,78,301.0,1980.1,1.038,0.078,0.128,-2.241,-4.750,-3.506,290.0,1,0.3876,-0.0588,0.2048,-0.8969,0.0,-nan,0.2
183035,2026-08-29_06-24-37.036-240,v3.5.7,3.50,12.0,400,2789,-7094,-804,2824,-7064,-269,2813,-7322,-316,2876,-7033,-253,0,0,0,63,289,63,302.4,1989.6,1.044,0.067,0.122,-2.254,-4.281,-3.498,291.3,1,0.3903,-0.0540,0.2097,-0.8949,0.0,-nan,0.2
183074,2026-08-29_06-24-37.075-240,v3.5.7,3.50,12.0,400,2789,-7094,-804,2821,-7057,-299,2813,-7322,-316,2873,-7026,-283,0,0,0,60,296,33,303.8,1998.8,1.037,0.079,0.114,-2.368,-3.828,-3.071,292.4,1,0.3925,-0.0499,0.2145,-0.8930,0.0,-nan,0.2
183122,2026-08-29_06-24-37.124-240,v3.5.7,3.50,12.0,400,2784,-7119,-825,2821,-7057,-299,2811,-7347,-337,2873,-7026,-283,0,0,0,62,321,54,331.4,2180.0,1.045,0.062,0.111,-1.536,-2.844,-3.191,315.5,1,0.3952,-0.0464,0.2178,-0.8912,0.0,-nan,0.2
183153,2026-08-29_06-24-37.154-240,v3.5.7,3.50,12.0,400,2793,-7081,-830,2827,-7047,-303,2821,-7308,-341,2879,-7016,-287,0,0,0,58,292,54,302.6,1990.5,1.058,0.080,0.114,-1.175,-2.016,-3.129,291.4,1,0.3981,-0.0436,0.2204,-0.8894,0.0,-nan,0.2
183198,2026-08-29_06-24-37.200-240,v3.5.7,3.50,12.0,400,2772,-7097,-839,2815,-7040,-321,2802,-7324,-353,2867,-7009,-305,0,0,0,65,315,48,325.2,2139.5,1.016,0.087,0.118,-0.767,-1.203,-2.859,310.4,1,0.4009,-0.0417,0.2220,-0.8878,0.0,-nan,0.2
183238,2026-08-29_06-24-37.239-240,v3.5.7,3.50,12.0,400,2776,-7111,-848,2815,-7040,-321,2807,-7338,-361,2867,-7009,-305,0,0,0,60,329,56,339.1,2230.8,1.050,0.095,0.111,-3.166,0.359,-2.484,322.0,1,0.4036,-0.0427,0.2256,-0.8857,0.0,-nan,0.2
183284,2026-08-29_06-24-37.285-240,v3.5.7,3.50,12.0,400,2776,-7111,-848,2809,-7072,-326,2807,-7338,-361,2861,-7041,-310,0,0,0,54,297,51,306.1,2014.1,1.051,0.036,0.117,-2.058,1.438,-3.503,294.4,1,0.4077,-0.0442,0.2274,-0.8832,0.0,-nan,0.2
183313,2026-08-29_06-24-37.314-240,v3.5.7,3.50,12.0,400,2753,-7070,-831,2812,-7072,-304,2781,-7297,-348,2864,-7041,-288,0,0,0,83,256,60,275.7,1814.0,1.029,0.075,0.093,0.802,1.344,-3.205,268.8,1,0.4117,-0.0441,0.2260,-0.8818,0.0,-nan,0.2
183359,2026-08-29_06-24-37.361-240,v3.5.7,3.50,12.0,400,2761,-7089,-812,2812,-7072,-304,2786,-7316,-328,2864,-7041,-288,0,0,0,78,275,40,288.6,1898.9,1.034,0.082,0.121,-2.002,1.328,-2.218,279.7,1,0.4144,-0.0457,0.2277,-0.8800,0.0,-nan,0.0
183387,2026-08-29_06-24-37.388-240,v3.5.7,3.50,12.0,400,2761,-7089,-812,2798,-7068,-295,2786,-7316,-328,2849,-7037,-279,0,0,0,63,279,49,290.2,1909.2,1.030,0.063,0.124,-2.189,1.125,-2.760,281.0,1,0.4176,-0.0471,0.2298,-0.8778,0.0,-nan,0.2
183415,2026-08-29_06-24-37.419-240,v3.5.7,3.50,12.0,400,2780,-7106,-802,2798,-7068,-295,2803,-7334,-315,2849,-7037,-279,0,0,0,46,297,36,302.7,1991.4,1.034,0.071,0.129,-1.701,1.062,-2.572,291.5,1,0.4206,-0.0482,0.2313,-0.8759,0.0,-nan,0.2
183448,2026-08-29_06-24-37.449-240,v3.5.7,3.50,12.0,400,2764,-7115,-795,2798,-7074,-282,2787,-7343,-311,2849,-7043,-266,0,0,0,62,300,45,309.6,2037.0,1.040,0.060,0.122,-2.080,0.484,-3.039,297.3,1,0.4239,-0.0487,0.2336,-0.8737,0.0,-nan,0.2
183493,2026-08-29_06-24-38.494-240,v3.5.7,3.50,12.0,400,2764,-7115,-795,2802,-7075,-255,2787,-7343,-311,2853,-7044,-239,0,0,0,66,299,72,314.5,2069.4,1.040,0.073,0.126,-1.270,0.047,-3.074,301.4,1,0.4272,-0.0483,0.2352,-0.8717,0.0,-nan,0.2
183532,2026-08-29_06-24-38.534-240,v3.5.7,3.50,12.0,400,2759,-7112,-785,2802,-7075,-255,2780,-7340,-302,2853,-7044,-239,0,0,0,73,296,63,311.3,2048.1,1.037,0.075,0.126,-2.268,-0.453,-2.804,298.7,1,0.4300,-0.0480,0.2381,-0.8695,0.0,-nan,0.2
183563,2026-08-29_06-24-38.565-240,v3.5.7,3.50,12.0,400,2757,-7104,-768,2791,-7066,-251,2775,-7333,-285,2842,-7035,-235,0,0,0,67,298,50,309.5,2036.2,1.040,0.053,0.123,-1.673,-0.531,-2.210,297.2,1,0.4321,-0.0474,0.2404,-0.8679,0.0,-nan,0.2
183597,2026-08-29_06-24-38.599-240,v3.5.7,3.50,12.0,400,2757,-7104,-768,2770,-7041,-266,2775,-7333,-285,2821,-7010,-250,0,0,0,46,323,35,328.1,2158.8,1.033,0.087,0.124,-2.364,-0.484,-2.532,312.8,1,0.4346,-0.0472,0.2435,-0.8658,0.0,-nan,0.2
183649,2026-08-29_06-24-38.651-240,v3.5.7,3.50,12.0,400,2753,-7119,-784,2770,-7041,-266,2774,-7347,-301,2821,-7010,-250,0,0,0,47,337,51,344.1,2263.6,1.037,0.050,0.123,-2.439,-0.641,-3.662,326.2,1,0.4382,-0.0465,0.2467,-0.8631,0.0,-nan,0.0
183675,2026-08-29_06-24-38.677-240,v3.5.7,3.50,12.0,400,2754,-7118,-773,2779,-7086,-256,2773,-7346,-291,2830,-7054,-240,0,0,0,57,292,51,301.9,1985.9,1.034,0.069,0.127,-2.025,-0.953,-2.945,290.8,1,0.4409,-0.0455,0.2497,-0.8609,0.0,-nan,0.2
183710,2026-08-29_06-24-38.714-240,v3.5.7,3.50,12.0,400,2743,-7115,-765,2779,-7086,-256,2761,-7343,-284,2830,-7054,-240,0,0,0,69,289,44,300.4,1976.1,1.042,0.068,0.126,-3.030,-0.531,-2.779,289.5,1,0.4436,-0.0455,0.2534,-0.8585,0.0,-nan,0.2
183755,2026-08-29_06-24-38.757-240,v3.5.7,3.50,12.0,400,2743,-7115,-765,2787,-7071,-242,2761,-7343,-284,2838,-7040,-226,0,0,0,77,303,58,318.0,2091.9,1.038,0.059,0.123,-0.850,-0.219,-2.504,304.3,1,0.4461,-0.0447,0.2547,-0.8568,0.0,-nan,0.2
183787,2026-08-29_06-24-38.788-240,v3.5.7,3.50,12.0,400,2742,-7115,-772,2774,-7081,-250,2761,-7343,-291,2825,-7049,-234,0,0,0,64,294,57,306.2,2014.7,1.039,0.082,0.126,-1.832,-0.594,-2.641,294.5,1,0.4486,-0.0440,0.2572,-0.8548,0.0,-nan,0.2
183834,2026-08-29_06-24-38.836-240,v3.5.7,3.50,12.0,400,2738,-7114,-767,2774,-7061,-248,2756,-7342,-287,2825,-7030,-232,0,0,0,69,312,55,324.2,2133.1,1.045,0.053,0.124,-2.477,-0.625,-3.008,309.6,1,0.4515,-0.0436,0.2604,-0.8523,0.0,-nan,0.0
183882,2026-08-29_06-24-38.884-240,v3.5.7,3.50,12.0,400,2743,-7136,-766,2774,-7061,-248,2761,-7365,-285,2825,-7030,-232,0,0,0,64,335,53,345.2,2270.7,1.047,0.068,0.128,-2.264,0.047,-2.265,327.1,1,0.4538,-0.0439,0.2630,-0.8503,0.0,-nan,0.2
183918,2026-08-29_06-24-38.919-240,v3.5.7,3.50,12.0,400,2743,-7136,-766,2760,-7083,-237,2761,-7365,-285,2810,-7051,-221,0,0,0,49,314,64,324.2,2132.8,1.032,0.054,0.130,-1.335,-0.172,-2.874,309.5,1,0.4567,-0.0433,0.2647,-0.8482,0.0,-nan,0.2
183948,2026-08-29_06-24-38.949-240,v3.5.7,3.50,12.0,400,2739,-7135,-767,2764,-7089,-247,2757,-7363,-287,2815,-7057,-231,0,0,0,58,306,56,316.4,2081.9,1.032,0.072,0.131,-1.663,-0.797,-3.099,303.0,1,0.4596,-0.0422,0.2672,-0.8459,0.0,-nan,0.2
183999,2026-08-29_06-24-38.001-240,v3.5.7,3.50,12.0,400,2732,-7132,-761,2764,-7089,-247,2749,-7360,-282,2815,-7057,-231,0,0,0,66,303,51,314.3,2067.6,1.035,0.056,0.128,-2.730,-1.578,-3.385,301.2,1,0.4625,-0.0408,0.2712,-0.8431,0.0,-nan,0.0
184027,2026-08-29_06-24-38.028-240,v3.5.7,3.50,12.0,400,2729,-7128,-760,2751,-7050,-255,2746,-7356,-281,2801,-7018,-239,0,0,0,55,338,42,345.0,2269.8,1.035,0.068,0.126,-2.179,-1.266,-3.992,327.0,1,0.4662,-0.0391,0.2745,-0.8401,0.0,-nan,0.2
184075,2026-08-29_06-24-38.079-240,v3.5.7,3.50,12.0,400,2729,-7128,-760,2740,-7094,-245,2746,-7356,-281,2790,-7062,-229,0,0,0,44,294,52,301.8,1985.4,1.043,0.063,0.122,-3.287,-1.000,-2.631,290.7,1,0.4684,-0.0389,0.2787,-0.8375,0.0,-nan,0.2
184115,2026-08-29_06-24-38.116-240,v3.5.7,3.50,12.0,400,2730,-7129,-759,2740,-7094,-245,2747,-7357,-280,2790,-7062,-229,0,0,0,43,295,51,302.4,1989.8,1.043,0.056,0.126,-2.003,-1.469,-3.282,291.3,1,0.4712,-0.0371,0.2819,-0.8349,0.0,-nan,0.2
184143,2026-08-29_06-24-38.144-240,v3.5.7,3.50,12.0,400,2737,-7137,-763,2749,-7071,-245,2755,-7366,-283,2799,-7039,-229,0,0,0,44,327,54,334.3,2199.6,1.043,0.066,0.122,-2.633,-0.750,-4.217,318.0,1,0.4752,-0.0362,0.2854,-0.8315,0.0,-nan,0.2
184177,2026-08-29_06-24-38.179-240,v3.5.7,3.50,12.0,400,2737,-7137,-763,2749,-7071,-245,2755,-7366,-283,2799,-7039,-229,0,0,0,44,327,54,334.3,2199.6,1.046,0.051,0.122,-2.577,-0.844,-4.557,318.0,1,0.4795,-0.0350,0.2888,-0.8279,0.0,-nan,0.2
184209,2026-08-29_06-24-38.211-240,v3.5.7,3.50,12.0,400,2729,-7145,-768,2753,-7082,-244,2747,-7373,-289,2803,-7050,-228,0,0,0,56,323,61,333.4,2193.7,1.046,0.072,0.127,-0.902,-0.703,-4.188,317.3,1,0.4835,-0.0331,0.2904,-0.8251,0.0,-nan,0.0
184238,2026-08-29_06-24-38.239-240,v3.5.7,3.50,12.0,400,2732,-7124,-777,2753,-7082,-244,2752,-7352,-298,2803,-7050,-228,0,0,0,51,302,70,314.2,2066.9,1.035,0.068,0.125,-1.972,-0.406,-3.354,301.1,1,0.4867,-0.0324,0.2929,-0.8224,0.0,-nan,0.2
184289,2026-08-29_06-24-38.291-240,v3.5.7,3.50,12.0,400,2732,-7124,-777,2757,-7078,-257,2752,-7352,-298,2807,-7046,-241,0,0,0,55,306,57,316.1,2079.5,1.043,0.066,0.128,-2.256,-0.672,-2.126,302.7,1,0.4885,-0.0321,0.2958,-0.8202,0.0,-nan,0.0
184316,2026-08-29_06-24-38.318-240,v3.5.7,3.50,12.0,400,2731,-7094,-769,2755,-7083,-251,2749,-7322,-290,2805,-7051,-235,0,0,0,56,271,55,282.1,1856.2,1.038,0.069,0.124,-2.756,-0.875,-2.180,274.2,1,0.4903,-0.0319,0.2993,-0.8179,0.0,-nan,0.2
184352,2026-08-29_06-24-38.354-240,v3.5.7,3.50,12.0,400,2729,-7148,-770,2755,-7083,-251,2748,-7376,-291,2805,-7051,-235,0,0,0,57,325,56,334.7,2201.8,1.039,0.057,0.124,-3.271,-0.484,-2.604,318.3,1,0.4926,-0.0322,0.3031,-0.8151,0.0,-nan,0.2
184389,2026-08-29_06-24-38.390-240,v3.5.7,3.50,12.0,400,2729,-7148,-770,2750,-7089,-252,2748,-7376,-291,2800,-7057,-236,0,0,0,52,319,55,327.9,2157.0,1.038,0.054,0.126,-1.450,-0.344,-2.356,312.6,1,0.4948,-0.0316,0.3050,-0.8131,0.0,-nan,0.2
184418,2026-08-29_06-24-38.419-240,v3.5.7,3.50,12.0,400,2716,-7129,-769,2732,-7089,-244,2735,-7357,-292,2782,-7057,-228,0,0,0,47,300,64,310.3,2041.6,1.039,0.077,0.126,-1.787,-1.172,-1.314,297.9,1,0.4956,-0.0308,0.3076,-0.8116,0.0,-nan,0.2
184466,2026-08-29_06-24-38.467-240,v3.5.7,3.50,12.0,400,2705,-7132,-769,2732,-7089,-244,2724,-7360,-294,2782,-7057,-228,0,0,0,58,303,66,315.5,2075.5,1.038,0.045,0.129,-1.946,-0.812,-1.871,302.2,1,0.4971,-0.0303,0.3103,-0.8097,0.0,-nan,0.0
184499,2026-08-29_06-24-39.501-240,v3.5.7,3.50,12.0,400,2705,-7132,-769,2734,-7093,-256,2724,-7360,-294,2784,-7061,-240,0,0,0,60,299,54,309.7,2037.5,1.024,0.072,0.130,-2.391,0.016,-2.517,297.4,1,0.4996,-0.0306,0.3128,-0.8072,0.0,-nan,0.2
184528,2026-08-29_06-24-39.529-240,v3.5.7,3.50,12.0,400,2700,-7140,-777,2734,-7093,-256,2720,-7368,-302,2784,-7061,-240,0,0,0,64,307,62,319.7,2103.1,1.028,0.051,0.128,-3.473,-1.109,-3.390,305.7,1,0.5024,-0.0301,0.3172,-0.8038,0.0,-nan,0.2
184555,2026-08-29_06-24-39.558-240,v3.5.7,3.50,12.0,400,2698,-7134,-761,2731,-7098,-250,2715,-7362,-287,2781,-7066,-234,0,0,0,66,296,53,307.9,2025.4,1.045,0.046,0.127,-1.389,-0.312,-3.438,295.8,1,0.5057,-0.0291,0.3190,-0.8011,0.0,-nan,0.2
184603,2026-08-29_06-24-39.605-240,v3.5.7,3.50,12.0,400,2698,-7134,-761,2733,-7092,-246,2715,-7362,-287,2783,-7060,-230,0,0,0,68,302,57,314.8,2070.8,1.036,0.069,0.126,-1.418,-0.328,-2.862,301.6,1,0.5083,-0.0283,0.3208,-0.7987,0.0,-nan,0.2
184643,2026-08-29_06-24-39.644-240,v3.5.7,3.50,12.0,400,2693,-7129,-762,2733,-7092,-246,2711,-7357,-289,2783,-7060,-230,0,0,0,72,297,59,311.2,2047.7,1.040,0.047,0.132,-2.853,0.078,-3.098,298.7,1,0.5113,-0.0287,0.3238,-0.7955,0.0,-nan,0.2
184672,2026-08-29_06-24-39.673-240,v3.5.7,3.50,12.0,400,2694,-7147,-754,2725,-7101,-246,2710,-7375,-281,2775,-7069,-230,0,0,0,65,306,51,317.0,2085.2,1.037,0.069,0.127,-1.942,-0.469,-2.957,303.5,1,0.5140,-0.0281,0.3262,-0.7929,0.0,-nan,0.2
184710,2026-08-29_06-24-39.714-240,v3.5.7,3.50,12.0,400,2694,-7147,-754,2729,-7119,-243,2710,-7375,-281,2779,-7087,-227,0,0,0,69,288,54,301.0,1980.5,1.043,0.054,0.124,-3.523,-0.094,-3.415,290.1,1,0.5172,-0.0287,0.3300,-0.7892,0.0,-nan,0.2
184760,2026-08-29_06-24-39.762-240,v3.5.7,3.50,12.0,400,2699,-7130,-771,2729,-7119,-243,2718,-7358,-297,2779,-7087,-227,0,0,0,61,271,70,286.5,1884.6,1.045,0.055,0.126,-1.834,-0.422,-2.676,277.9,1,0.5195,-0.0281,0.3322,-0.7867,0.0,-nan,0.0
184790,2026-08-29_06-24-39.794-240,v3.5.7,3.50,12.0,400,2679,-7142,-766,2772,-7104,-267,2698,-7370,-295,2823,-7072,-251,0,0,0,125,298,44,326.1,2145.6,1.044,0.057,0.128,-1.990,0.672,-2.604,311.2,1,0.5223,-0.0288,0.3339,-0.7842,0.0,-nan,0.2
184819,2026-08-29_06-24-39.820-240,v3.5.7,3.50,12.0,400,2691,-7169,-720,2772,-7104,-267,2702,-7398,-248,2823,-7072,-251,0,0,0,121,326,-3,347.7,2287.8,1.040,0.051,0.131,-2.209,0.656,-2.983,329.3,1,0.5254,-0.0294,0.3358,-0.7812,0.0,-nan,0.2
184869,2026-08-29_06-24-39.871-240,v3.5.7,3.50,12.0,400,2691,-7169,-720,2717,-7065,-219,2702,-7398,-248,2766,-7033,-203,0,0,0,64,365,45,373.3,2455.9,1.038,0.062,0.131,-2.405,0.422,-3.790,350.7,1,0.5291,-0.0296,0.3381,-0.7777,0.0,-nan,0.0
184896,2026-08-29_06-24-39.897-240,v3.5.7,3.50,12.0,400,2691,-7134,-740,2710,-7102,-217,2705,-7362,-268,2760,-7070,-201,0,0,0,55,292,67,304.6,2003.9,1.045,0.044,0.129,-2.031,-0.203,-3.987,293.1,1,0.5328,-0.0289,0.3404,-0.7742,0.0,-nan,0.2
184935,2026-08-29_06-24-39.939-240,v3.5.7,3.50,12.0,400,2678,-7137,-723,2710,-7102,-217,2689,-7366,-253,2760,-7070,-201,0,0,0,71,296,52,308.8,2031.6,1.040,0.065,0.136,-1.912,0.016,-4.561,296.6,1,0.5371,-0.0280,0.3425,-0.7703,0.0,-nan,0.2
184970,2026-08-29_06-24-39.972-240,v3.5.7,3.50,12.0,400,2678,-7137,-723,2719,-7097,-209,2689,-7366,-253,2769,-7065,-193,0,0,0,80,301,60,317.2,2086.7,1.032,0.053,0.134,-1.718,-0.703,-4.132,303.6,1,0.5407,-0.0265,0.3449,-0.7668,0.0,-nan,0.2
184999,2026-08-29_06-24-39.001-240,v3.5.7,3.50,12.0,400,2707,-7135,-716,2719,-7097,-209,2717,-7364,-242,2769,-7065,-193,0,0,0,52,299,49,307.4,2022.5,1.036,0.068,0.134,-2.190,-0.672,-3.824,295.4,1,0.5440,-0.0255,0.3476,-0.7633,0.0,-nan,0.0
185028,2026-08-29_06-24-39.030-240,v3.5.7,3.50,12.0,400,2702,-7124,-727,2721,-7099,-209,2714,-7353,-253,2771,-7067,-193,0,0,0,57,286,60,297.7,1958.8,1.036,0.059,0.134,-3.095,-1.234,-3.391,287.3,1,0.5466,-0.0247,0.3516,-0.7596,0.0,-nan,0.2
185079,2026-08-29_06-24-39.081-240,v3.5.7,3.50,12.0,400,2702,-7124,-727,2727,-7091,-202,2714,-7353,-253,2777,-7059,-186,0,0,0,63,294,67,308.0,2026.6,1.040,0.062,0.129,-2.013,-1.750,-4.268,296.0,1,0.5498,-0.0223,0.3549,-0.7558,0.0,-nan,0.0
185110,2026-08-29_06-24-39.112-240,v3.5.7,3.50,12.0,400,2709,-7146,-731,2727,-7091,-202,2721,-7375,-256,2777,-7059,-186,0,0,0,56,316,70,328.5,2161.0,1.045,0.063,0.122,-3.168,-1.703,-3.800,313.1,1,0.5525,-0.0210,0.3592,-0.7518,0.0,-nan,0.2
185140,2026-08-29_06-24-39.144-240,v3.5.7,3.50,12.0,400,2735,-7140,-746,2726,-7097,-214,2750,-7369,-267,2776,-7065,-198,0,0,0,26,304,69,312.8,2058.0,1.042,0.058,0.129,-2.494,-2.016,-4.351,300.0,1,0.5556,-0.0187,0.3632,-0.7477,0.0,-nan,0.2
185179,2026-08-29_06-24-39.180-240,v3.5.7,3.50,12.0,400,2735,-7140,-746,2730,-7090,-227,2750,-7369,-267,2780,-7058,-211,0,0,0,30,311,56,317.4,2088.3,1.039,0.052,0.128,-2.206,-1.625,-4.103,303.8,1,0.5586,-0.0166,0.3665,-0.7439,0.0,-nan,0.2
185229,2026-08-29_06-24-39.231-240,v3.5.7,3.50,12.0,400,2711,-7146,-755,2730,-7090,-227,2727,-7374,-279,2780,-7058,-211,0,0,0,53,316,68,327.5,2154.9,1.040,0.070,0.124,-2.335,-1.641,-3.920,312.3,1,0.5614,-0.0147,0.3700,-0.7401,0.0,-nan,0.2
185255,2026-08-29_06-24-39.256-240,v3.5.7,3.50,12.0,400,2706,-7130,-755,2726,-7086,-233,2722,-7358,-280,2776,-7054,-217,0,0,0,54,304,63,315.1,2073.2,1.039,0.055,0.124,-3.567,-1.078,-4.959,301.9,1,0.5654,-0.0137,0.3742,-0.7349,0.0,-nan,0.2
185289,2026-08-29_06-24-39.291-240,v3.5.7,3.50,12.0,400,2706,-7130,-755,2726,-7086,-233,2722,-7358,-280,2776,-7054,-217,0,0,0,54,304,63,315.1,2073.2,1.044,0.055,0.127,-1.363,-0.969,-4.391,301.9,1,0.5689,-0.0115,0.3763,-0.7312,0.0,-nan,0.0
185316,2026-08-29_06-24-39.317-240,v3.5.7,3.50,12.0,400,2707,-7135,-733,2760,-7098,-275,2720,-7364,-258,2811,-7066,-259,0,0,0,91,298,-1,311.6,2049.9,1.038,0.067,0.123,-1.538,-0.703,-3.226,298.9,1,0.5714,-0.0103,0.3783,-0.7282,0.0,-nan,0.2
185345,2026-08-29_06-24-39.349-240,v3.5.7,3.50,12.0,400,2707,-7135,-733,2760,-7098,-275,2720,-7364,-258,2811,-7066,-259,0,0,0,91,298,-1,311.6,2049.9,1.035,0.070,0.128,-2.062,-0.641,-2.508,298.9,1,0.5734,-0.0098,0.3808,-0.7254,0.0,-nan,0.2
185376,2026-08-29_06-24-39.377-240,v3.5.7,3.50,12.0,400,2729,-7130,-760,2740,-7083,-237,2746,-7358,-281,2790,-7051,-221,0,0,0,44,307,60,315.9,2078.2,1.045,0.044,0.126,-1.604,-0.750,-3.278,302.6,1,0.5759,-0.0085,0.3829,-0.7222,0.0,-nan,0.2
185405,2026-08-29_06-24-39.407-240,v3.5.7,3.50,12.0,400,2714,-7131,-742,2740,-7083,-237,2728,-7360,-266,2790,-7051,-221,0,0,0,62,309,45,318.4,2094.4,1.039,0.070,0.129,-1.276,-0.109,-3.305,304.6,1,0.5788,-0.0075,0.3842,-0.7192,0.0,-nan,0.2
185447,2026-08-29_06-24-39.449-240,v3.5.7,3.50,12.0,400,2714,-7131,-742,2752,-7129,-247,2728,-7360,-266,2803,-7097,-231,0,0,0,75,263,35,275.7,1813.9,1.041,0.046,0.127,-2.701,-0.688,-4.304,268.8,1,0.5823,-0.0066,0.3873,-0.7148,0.0,-nan,0.2
185478,2026-08-29_06-24-39.479-240,v3.5.7,3.50,12.0,400,2712,-7125,-757,2742,-7090,-222,2729,-7353,-281,2792,-7058,-206,0,0,0,63,295,75,310.8,2045.0,1.039,0.067,0.129,-2.109,-0.203,-3.997,298.3,1,0.5857,-0.0058,0.3894,-0.7108,0.0,-nan,0.2
185521,2026-08-29_06-24-40.523-240,v3.5.7,3.50,12.0,400,2717,-7131,-750,2742,-7090,-222,2732,-7360,-273,2792,-7058,-206,0,0,0,60,302,67,315.1,2073.1,1.034,0.054,0.130,-1.839,-0.734,-4.405,301.9,1,0.5892,-0.0041,0.3917,-0.7067,0.0,-nan,0.2
185549,2026-08-29_06-24-40.554-240,v3.5.7,3.50,12.0,400,2717,-7131,-750,2757,-7089,-226,2732,-7360,-273,2807,-7057,-210,0,0,0,75,303,63,318.4,2095.0,1.035,0.063,0.128,-0.864,-1.500,-3.308,304.7,1,0.5914,-0.0016,0.3937,-0.7038,0.0,-nan,0.2
185583,2026-08-29_06-24-40.584-240,v3.5.7,3.50,12.0,400,2725,-7129,-745,2757,-7089,-226,2740,-7358,-267,2807,-7057,-210,0,0,0,67,301,57,313.6,2063.1,1.037,0.068,0.128,-2.761,-1.219,-3.782,300.6,1,0.5940,-0.0005,0.3971,-0.6996,0.0,-nan,0.2
185609,2026-08-29_06-24-40.611-240,v3.5.7,3.50,12.0,400,2723,-7124,-750,2750,-7093,-230,2738,-7353,-273,2800,-7061,-214,0,0,0,62,292,59,304.3,2001.9,1.037,0.059,0.128,-3.243,-1.562,-3.992,292.8,1,0.5967,0.0006,0.4012,-0.6950,0.0,-nan,0.2
185658,2026-08-29_06-24-40.659-240,v3.5.7,3.50,12.0,400,2723,-7124,-750,2749,-7077,-236,2738,-7353,-273,2799,-7045,-220,0,0,0,61,308,53,318.4,2094.9,1.050,0.063,0.125,-2.680,-1.969,-3.486,304.7,1,0.5987,0.0023,0.4050,-0.6910,0.0,-nan,0.2
185699,2026-08-29_06-24-40.701-240,v3.5.7,3.50,12.0,400,2726,-7135,-753,2749,-7077,-236,2742,-7364,-275,2799,-7045,-220,0,0,0,57,319,55,328.7,2162.4,1.036,0.060,0.127,-2.222,-1.047,-3.318,313.3,1,0.6010,0.0034,0.4078,-0.6874,0.0,-nan,0.2
185728,2026-08-29_06-24-40.730-240,v3.5.7,3.50,12.0,400,2731,-7141,-763,2756,-7094,-244,2749,-7369,-284,2806,-7062,-228,0,0,0,57,307,56,317.2,2087.0,1.046,0.067,0.125,-2.193,-0.859,-2.955,303.7,1,0.6031,0.0042,0.4104,-0.6840,0.0,-nan,0.2
185760,2026-08-29_06-24-40.763-240,v3.5.7,3.50,12.0,400,2731,-7141,-763,2749,-7085,-257,2749,-7369,-284,2799,-7053,-241,0,0,0,50,316,43,322.8,2123.7,1.044,0.055,0.120,-1.951,-0.891,-2.536,308.4,1,0.6048,0.0050,0.4128,-0.6810,0.0,-nan,0.2
185813,2026-08-29_06-24-40.815-240,v3.5.7,3.50,12.0,400,2723,-7128,-782,2749,-7085,-257,2744,-7356,-304,2799,-7053,-241,0,0,0,55,303,63,314.3,2068.0,1.045,0.049,0.125,-2.448,-0.516,-3.584,301.2,1,0.6075,0.0056,0.4153,-0.6770,0.0,-nan,0.2
185842,2026-08-29_06-24-40.844-240,v3.5.7,3.50,12.0,400,2722,-7115,-748,2751,-7098,-247,2737,-7344,-271,2801,-7066,-231,0,0,0,64,278,40,288.1,1895.1,1.049,0.056,0.118,-1.661,-0.391,-3.407,279.2,1,0.6102,0.0066,0.4171,-0.6735,0.0,-nan,0.2
185873,2026-08-29_06-24-40.874-240,v3.5.7,3.50,12.0,400,2722,-7115,-748,2751,-7098,-247,2737,-7344,-271,2801,-7066,-231,0,0,0,64,278,40,288.1,1895.1,1.049,0.071,0.123,-2.079,-0.219,-3.851,279.2,1,0.6133,0.0075,0.4191,-0.6695,0.0,-nan,0.2
185923,2026-08-29_06-24-40.925-240,v3.5.7,3.50,12.0,400,2719,-7135,-768,2742,-7078,-243,2737,-7363,-291,2792,-7046,-227,0,0,0,55,317,64,328.0,2158.2,1.030,0.057,0.130,-1.847,0.125,-3.011,312.8,1,0.6159,0.0077,0.4206,-0.6662,0.0,-nan,0.2
185951,2026-08-29_06-24-40.953-240,v3.5.7,3.50,12.0,400,2722,-7136,-754,2754,-7097,-244,2738,-7365,-277,2804,-7065,-228,0,0,0,66,300,49,311.1,2046.4,1.034,0.070,0.128,-1.762,-0.172,-3.114,298.5,1,0.6183,0.0083,0.4222,-0.6628,0.0,-nan,0.2
185990,2026-08-29_06-24-40.994-240,v3.5.7,3.50,12.0,400,2715,-7140,-760,2754,-7097,-244,2732,-7368,-283,2804,-7065,-228,0,0,0,72,303,55,316.3,2080.6,1.034,0.056,0.129,-3.509,-0.594,-3.640,302.9,1,0.6210,0.0082,0.4256,-0.6581,0.0,-nan,0.2
186024,2026-08-29_06-24-40.025-240,v3.5.7,3.50,12.0,400,2715,-7140,-760,2752,-7099,-237,2732,-7368,-283,2802,-7067,-221,0,0,0,70,301,62,315.2,2073.6,1.035,0.055,0.129,-2.056,-1.078,-3.468,302.0,1,0.6233,0.0096,0.4282,-0.6543,0.0,-nan,0.2
186053,2026-08-29_06-24-40.055-240,v3.5.7,3.50,12.0,400,2715,-7130,-761,2752,-7099,-237,2732,-7358,-285,2802,-7067,-221,0,0,0,70,291,64,306.1,2013.6,1.041,0.067,0.127,-2.440,-1.234,-3.102,294.3,1,0.6251,0.0105,0.4312,-0.6505,0.0,-nan,0.2
186083,2026-08-29_06-24-40.084-240,v3.5.7,3.50,12.0,400,2715,-7130,-761,2742,-7065,-237,2732,-7358,-285,2792,-7033,-221,0,0,0,60,325,64,336.6,2214.7,1.038,0.065,0.128,-2.627,-1.406,-2.831,320.0,1,0.6267,0.0113,0.4345,-0.6468,0.0,-nan,0.2
186133,2026-08-29_06-24-40.135-240,v3.5.7,3.50,12.0,400,2714,-7151,-757,2741,-7082,-238,2731,-7379,-281,2791,-7050,-222,0,0,0,60,329,59,339.6,2234.2,1.035,0.054,0.129,-1.776,-1.078,-2.420,322.4,1,0.6280,0.0123,0.4368,-0.6439,0.0,-nan,0.2
186166,2026-08-29_06-24-40.168-240,v3.5.7,3.50,12.0,400,2711,-7142,-758,2741,-7082,-238,2728,-7370,-282,2791,-7050,-222,0,0,0,63,320,60,331.6,2181.7,1.034,0.066,0.129,-2.478,-0.453,-3.260,315.8,1,0.6304,0.0127,0.4392,-0.6399,0.0,-nan,0.2
186195,2026-08-29_06-24-40.199-240,v3.5.7,3.50,12.0,400,2713,-7137,-760,2736,-7089,-235,2730,-7365,-284,2786,-7057,-219,0,0,0,56,308,65,319.7,2103.5,1.024,0.050,0.129,-3.233,-1.000,-3.474,305.8,1,0.6326,0.0131,0.4426,-0.6354,0.0,-nan,0.2
186235,2026-08-29_06-24-40.236-240,v3.5.7,3.50,12.0,400,2713,-7137,-760,2724,-7090,-245,2730,-7365,-284,2774,-7058,-229,0,0,0,44,307,55,315.0,2072.2,1.047,0.062,0.123,-0.918,-0.828,-3.746,301.8,1,0.6351,0.0153,0.4440,-0.6319,0.0,-nan,0.2
186283,2026-08-29_06-24-40.285-240,v3.5.7,3.50,12.0,400,2711,-7143,-760,2724,-7090,-245,2728,-7371,-284,2774,-7058,-229,0,0,0,46,313,55,321.1,2112.5,1.033,0.055,0.128,-2.372,-0.016,-2.546,306.9,1,0.6371,0.0150,0.4459,-0.6285,0.0,-nan,0.2
186328,2026-08-29_06-24-40.330-240,v3.5.7,3.50,12.0,400,2712,-7142,-765,2737,-7107,-234,2730,-7370,-289,2787,-7075,-218,0,0,0,57,295,71,308.7,2031.1,1.042,0.069,0.128,-2.755,-0.969,-2.740,296.5,1,0.6387,0.0153,0.4489,-0.6247,0.0,-nan,0.2
186359,2026-08-29_06-24-40.361-240,v3.5.7,3.50,12.0,400,2705,-7149,-707,2724,-7099,-266,2713,-7379,-233,2774,-7067,-250,0,0,0,61,312,-17,318.4,2094.5,1.035,0.046,0.128,-3.203,-0.094,-3.798,304.6,1,0.6417,0.0151,0.4515,-0.6198,0.0,-nan,0.0
186400,2026-08-29_06-24-40.403-240,v3.5.7,3.50,12.0,400,2698,-7136,-760,2724,-7099,-266,2715,-7364,-286,2774,-7067,-250,0,0,0,59,297,36,304.9,2006.2,1.060,0.065,0.124,-1.850,-0.375,-2.955,293.4,1,0.6437,0.0158,0.4533,-0.6164,0.0,-nan,0.2
186448,2026-08-29_06-24-40.450-240,v3.5.7,3.50,12.0,400,2698,-7136,-760,2725,-7094,-230,2715,-7364,-286,2775,-7062,-214,0,0,0,60,302,72,316.2,2080.3,1.025,0.053,0.132,-1.468,-0.094,-2.761,302.8,1,0.6458,0.0164,0.4545,-0.6133,0.0,-nan,0.2
186480,2026-08-29_06-24-40.483-240,v3.5.7,3.50,12.0,400,2700,-7130,-748,2724,-7094,-216,2715,-7358,-274,2774,-7062,-200,0,0,0,59,296,74,310.8,2044.5,1.030,0.062,0.133,-2.103,-0.734,-2.737,298.3,1,0.6475,0.0171,0.4567,-0.6098,0.0,-nan,0.2
186517,2026-08-29_06-24-41.519-240,v3.5.7,3.50,12.0,400,2697,-7148,-743,2724,-7094,-216,2712,-7376,-269,2774,-7062,-200,0,0,0,62,314,69,327.4,2154.1,1.036,0.063,0.131,-2.131,-0.859,-3.659,312.2,1,0.6498,0.0183,0.4590,-0.6056,0.0,-nan,0.2
186557,2026-08-29_06-24-41.559-240,v3.5.7,3.50,12.0,400,2697,-7148,-743,2719,-7095,-214,2712,-7376,-269,2769,-7063,-198,0,0,0,57,313,71,326.0,2144.6,1.034,0.051,0.131,-2.285,-1.469,-4.021,311.0,1,0.6520,0.0200,0.4620,-0.6009,0.0,-nan,0.2
186587,2026-08-29_06-24-41.589-240,v3.5.7,3.50,12.0,400,2689,-7170,-741,2722,-7096,-229,2703,-7399,-269,2772,-7064,-213,0,0,0,69,335,56,346.6,2280.2,1.072,0.064,0.111,-2.162,-1.562,-4.182,328.3,1,0.6542,0.0220,0.4648,-0.5962,0.0,-nan,0.2
186639,2026-08-29_06-24-41.641-240,v3.5.7,3.50,12.0,400,2695,-7142,-753,2722,-7096,-229,2711,-7370,-280,2772,-7064,-213,0,0,0,61,306,67,319.1,2099.6,1.039,0.061,0.129,-1.705,-1.359,-3.454,305.3,1,0.6560,0.0239,0.4672,-0.5923,0.0,-nan,0.0
186666,2026-08-29_06-24-41.668-240,v3.5.7,3.50,12.0,400,2679,-7143,-751,2726,-7093,-235,2695,-7371,-280,2776,-7061,-219,0,0,0,81,310,61,326.2,2145.8,1.042,0.062,0.127,-2.174,-1.266,-3.797,311.2,1,0.6581,0.0254,0.4698,-0.5878,0.0,-nan,0.0
186764,2026-08-29_06-24-41.765-240,v3.5.7,3.50,12.0,400,2694,-7154,-758,2723,-7103,-246,2711,-7382,-285,2773,-7071,-230,0,0,0,62,311,55,321.9,2117.5,1.041,0.043,0.127,-2.069,-0.266,-3.803,307.6,1,0.6607,0.0263,0.4715,-0.5834,0.0,-nan,0.2
186806,2026-08-29_06-24-41.808-240,v3.5.7,3.50,12.0,400,2689,-7128,-750,2723,-7103,-246,2705,-7356,-278,2773,-7071,-230,0,0,0,68,285,48,296.9,1953.3,1.039,0.066,0.128,-1.362,-0.250,-3.453,286.6,1,0.6631,0.0276,0.4727,-0.5797,0.0,-nan,0.2
186834,2026-08-29_06-24-41.835-240,v3.5.7,3.50,12.0,400,2695,-7134,-757,2720,-7091,-238,2712,-7362,-284,2770,-7059,-222,0,0,0,58,303,62,314.7,2070.2,1.036,0.062,0.127,-1.331,0.094,-3.399,301.5,1,0.6656,0.0286,0.4736,-0.5761,0.0,-nan,0.2
186871,2026-08-29_06-24-41.873-240,v3.5.7,3.50,12.0,400,2695,-7134,-757,2720,-7091,-238,2712,-7362,-284,2770,-7059,-222,0,0,0,58,303,62,314.7,2070.2,1.042,0.057,0.125,-2.316,0.094,-2.668,301.5,1,0.6676,0.0284,0.4751,-0.5724,0.0,-nan,0.2
186902,2026-08-29_06-24-41.904-240,v3.5.7,3.50,12.0,400,2722,-7120,-713,2720,-7079,-229,2731,-7349,-237,2770,-7047,-213,0,0,0,39,302,24,305.5,2009.6,1.073,0.060,0.110,-2.440,0.328,-2.633,293.8,1,0.6697,0.0279,0.4766,-0.5688,0.0,-nan,0.2
186933,2026-08-29_06-24-41.934-240,v3.5.7,3.50,12.0,400,2690,-7149,-733,2720,-7079,-229,2703,-7378,-261,2770,-7047,-213,0,0,0,67,331,48,341.1,2244.1,1.037,0.053,0.131,-1.846,0.297,-2.885,323.7,1,0.6720,0.0280,0.4777,-0.5652,0.0,-nan,0.2
186979,2026-08-29_06-24-41.981-240,v3.5.7,3.50,12.0,400,2690,-7149,-733,2716,-7092,-231,2703,-7378,-261,2766,-7060,-215,0,0,0,63,318,46,327.4,2154.1,1.041,0.057,0.129,-2.116,-0.078,-2.603,312.2,1,0.6738,0.0280,0.4792,-0.5617,0.0,-nan,0.0
187025,2026-08-29_06-24-41.027-240,v3.5.7,3.50,12.0,400,2688,-7144,-738,2724,-7110,-239,2702,-7372,-266,2774,-7078,-223,0,0,0,72,294,43,305.7,2011.4,1.037,0.057,0.131,-1.333,0.219,-2.622,294.0,1,0.6758,0.0285,0.4800,-0.5587,0.0,-nan,0.2
187053,2026-08-29_06-24-41.054-240,v3.5.7,3.50,12.0,400,2687,-7152,-733,2712,-7103,-211,2700,-7381,-261,2762,-7071,-195,0,0,0,62,310,66,323.0,2124.7,1.035,0.059,0.133,-1.740,-0.312,-2.171,308.5,1,0.6771,0.0287,0.4815,-0.5558,0.0,-nan,0.2
187101,2026-08-29_06-24-41.102-240,v3.5.7,3.50,12.0,400,2681,-7149,-726,2712,-7103,-211,2693,-7378,-255,2762,-7071,-195,0,0,0,69,307,60,320.3,2107.4,1.050,0.058,0.126,-3.430,-0.797,-3.504,306.3,1,0.6791,0.0287,0.4845,-0.5507,0.0,-nan,0.2
187134,2026-08-29_06-24-41.135-240,v3.5.7,3.50,12.0,400,2681,-7149,-726,2700,-7115,-210,2693,-7378,-255,2749,-7083,-194,0,0,0,56,295,61,306.4,2015.8,1.048,0.032,0.127,-2.008,-0.484,-3.947,294.6,1,0.6816,0.0299,0.4862,-0.5460,0.0,-nan,0.2
187163,2026-08-29_06-24-41.164-240,v3.5.7,3.50,12.0,400,2687,-7153,-715,2700,-7115,-210,2697,-7382,-244,2749,-7083,-194,0,0,0,52,299,50,307.6,2023.5,1.041,0.062,0.128,-0.958,-0.578,-3.940,295.6,1,0.6839,0.0320,0.4873,-0.5420,0.0,-nan,0.0
187193,2026-08-29_06-24-41.195-240,v3.5.7,3.50,12.0,400,2702,-7151,-729,2706,-7103,-197,2714,-7380,-255,2755,-7071,-181,0,0,0,41,309,74,320.4,2107.7,1.043,0.058,0.131,-1.183,-0.234,-3.611,306.3,1,0.6862,0.0336,0.4883,-0.5382,0.0,-nan,0.2
187236,2026-08-29_06-24-41.238-240,v3.5.7,3.50,12.0,400,2702,-7151,-729,2713,-7105,-209,2714,-7380,-255,2763,-7073,-193,0,0,0,49,307,62,317.0,2085.6,1.041,0.058,0.132,-0.881,0.141,-2.901,303.5,1,0.6882,0.0347,0.4887,-0.5351,0.0,-nan,0.0
187280,2026-08-29_06-24-41.284-240,v3.5.7,3.50,12.0,400,2690,-7152,-721,2713,-7105,-209,2701,-7381,-249,2763,-7073,-193,0,0,0,62,308,56,319.1,2099.5,1.036,0.062,0.133,-5.196,-0.531,-1.655,305.3,1,0.6891,0.0317,0.4927,-0.5304,0.0,-nan,0.2
187309,2026-08-29_06-24-41.310-240,v3.5.7,3.50,12.0,400,2693,-7149,-716,2709,-7110,-200,2703,-7378,-244,2758,-7078,-184,0,0,0,55,300,60,310.8,2045.0,1.034,0.051,0.135,-3.015,0.531,-3.347,298.3,1,0.6918,0.0310,0.4942,-0.5257,0.0,-nan,0.2
187349,2026-08-29_06-24-41.351-240,v3.5.7,3.50,12.0,400,2693,-7149,-716,2709,-7105,-195,2703,-7378,-244,2758,-7073,-179,0,0,0,55,305,65,316.7,2083.3,1.037,0.047,0.134,-0.765,1.031,-3.888,303.2,1,0.6949,0.0323,0.4937,-0.5218,0.0,-nan,0.0
187397,2026-08-29_06-24-41.399-240,v3.5.7,3.50,12.0,400,2703,-7145,-707,2709,-7105,-195,2711,-7374,-233,2758,-7073,-179,0,0,0,47,301,54,309.4,2035.5,1.037,0.061,0.137,-1.481,0.422,-3.096,297.1,1,0.6972,0.0328,0.4943,-0.5182,0.0,-nan,0.2
187429,2026-08-29_06-24-41.431-240,v3.5.7,3.50,12.0,400,2699,-7150,-708,2703,-7098,-237,2708,-7379,-235,2753,-7066,-221,0,0,0,45,313,14,316.5,2082.4,1.031,0.055,0.141,-1.328,-0.016,-3.581,303.1,1,0.6995,0.0340,0.4951,-0.5142,0.0,-nan,0.0
187455,2026-08-29_06-24-41.456-240,v3.5.7,3.50,12.0,400,2698,-7144,-683,2703,-7098,-237,2703,-7374,-211,2753,-7066,-221,0,0,0,50,308,-10,312.2,2053.9,1.034,0.066,0.138,-1.756,-0.422,-3.605,299.5,1,0.7016,0.0352,0.4965,-0.5099,0.0,-nan,0.2
187503,2026-08-29_06-24-42.504-240,v3.5.7,3.50,12.0,400,2698,-7144,-683,2713,-7097,-168,2703,-7374,-211,2762,-7065,-153,0,0,0,59,309,58,319.9,2104.5,1.035,0.047,0.138,-2.251,-0.875,-4.023,305.9,1,0.7036,0.0364,0.4987,-0.5049,0.0,-nan,0.2
187531,2026-08-29_06-24-42.532-240,v3.5.7,3.50,12.0,400,2701,-7154,-688,2719,-7098,-171,2706,-7384,-215,2768,-7066,-156,0,0,0,62,318,59,329.3,2166.6,1.034,0.063,0.140,-1.485,-0.750,-3.635,313.8,1,0.7055,0.0381,0.5002,-0.5007,0.0,-nan,0.2
187570,2026-08-29_06-24-42.572-240,v3.5.7,3.50,12.0,400,2707,-7151,-694,2719,-7098,-171,2713,-7381,-220,2768,-7066,-156,0,0,0,55,315,64,326.1,2145.4,1.035,0.054,0.134,-2.396,-0.734,-3.650,311.1,1,0.7073,0.0389,0.5022,-0.4959,0.0,-nan,0.2
187612,2026-08-29_06-24-42.614-240,v3.5.7,3.50,12.0,400,2707,-7151,-694,2713,-7102,-175,2713,-7381,-220,2762,-7070,-160,0,0,0,49,311,60,320.5,2108.6,1.043,0.061,0.135,-0.606,-1.109,-2.862,306.4,1,0.7084,0.0410,0.5036,-0.4929,0.0,-nan,0.2
187659,2026-08-29_06-24-42.660-240,v3.5.7,3.50,12.0,400,2701,-7158,-702,2719,-7098,-179,2709,-7388,-229,2768,-7066,-164,0,0,0,59,322,65,333.8,2195.7,1.042,0.058,0.134,-2.722,-0.391,-3.372,317.5,1,0.7103,0.0411,0.5055,-0.4881,0.0,-nan,0.2
187687,2026-08-29_06-24-42.689-240,v3.5.7,3.50,12.0,400,2696,-7147,-702,2719,-7098,-179,2704,-7377,-230,2768,-7066,-164,0,0,0,64,311,66,324.3,2133.6,1.042,0.051,0.135,-2.603,0.188,-3.134,309.6,1,0.7124,0.0408,0.5069,-0.4836,0.0,-nan,0.2
187770,2026-08-29_06-24-42.774-240,v3.5.7,3.50,12.0,400,2699,-7149,-687,2713,-7107,-182,2704,-7379,-214,2762,-7075,-167,0,0,0,58,304,47,313.0,2059.4,1.039,0.052,0.136,-2.033,0.438,-1.677,300.2,1,0.7137,0.0400,0.5077,-0.4808,0.0,-nan,0.2
187805,2026-08-29_06-24-42.807-240,v3.5.7,3.50,12.0,400,2692,-7149,-684,2713,-7107,-182,2697,-7379,-213,2762,-7075,-167,0,0,0,65,304,46,314.3,2067.5,1.043,0.063,0.139,-2.082,1.703,-1.919,301.2,1,0.7160,0.0385,0.5074,-0.4778,0.0,-nan,0.2
187833,2026-08-29_06-24-42.834-240,v3.5.7,3.50,12.0,400,2689,-7153,-663,2707,-7112,-158,2690,-7383,-192,2756,-7079,-143,0,0,0,66,304,49,314.9,2071.8,1.044,0.047,0.146,-2.423,1.516,-3.166,301.7,1,0.7189,0.0376,0.5075,-0.4735,0.0,-nan,0.2
187871,2026-08-29_06-24-42.873-240,v3.5.7,3.50,12.0,400,2689,-7153,-663,2707,-7116,-141,2690,-7383,-192,2756,-7083,-126,0,0,0,66,300,66,314.2,2067.0,1.026,0.048,0.147,-1.085,1.172,-3.505,301.1,1,0.7217,0.0383,0.5070,-0.4697,0.0,-nan,0.0
187925,2026-08-29_06-24-42.929-240,v3.5.7,3.50,12.0,400,2701,-7139,-651,2707,-7116,-141,2700,-7370,-179,2756,-7083,-126,0,0,0,56,287,53,297.2,1955.1,1.034,0.059,0.144,-0.827,1.078,-3.276,286.9,1,0.7243,0.0392,0.5064,-0.4662,0.0,-nan,0.2
187955,2026-08-29_06-24-42.957-240,v3.5.7,3.50,12.0,400,2697,-7168,-647,2697,-7107,-104,2696,-7399,-175,2745,-7074,-89,0,0,0,49,325,86,339.7,2235.1,1.039,0.059,0.147,-1.116,0.484,-3.902,322.6,1,0.7269,0.0405,0.5066,-0.4619,0.0,-nan,0.2
187984,2026-08-29_06-24-42.985-240,v3.5.7,3.50,12.0,400,2690,-7150,-620,2697,-7107,-104,2684,-7382,-150,2745,-7074,-89,0,0,0,61,308,61,319.9,2104.3,1.036,0.055,0.149,-1.090,0.234,-3.575,305.9,1,0.7291,0.0418,0.5069,-0.4580,0.0,-nan,0.2
188029,2026-08-29_06-24-42.031-240,v3.5.7,3.50,12.0,400,2690,-7150,-620,2693,-7115,-129,2684,-7382,-150,2742,-7082,-114,0,0,0,58,300,36,307.7,2024.1,1.040,0.057,0.149,-2.658,-0.094,-3.229,295.7,1,0.7309,0.0417,0.5084,-0.4533,0.0,-nan,0.2
188059,2026-08-29_06-24-42.061-240,v3.5.7,3.50,12.0,400,2695,-7148,-625,2705,-7115,-117,2690,-7380,-154,2754,-7082,-102,0,0,0,64,298,52,309.2,2034.2,1.040,0.052,0.144,-2.866,-0.219,-3.433,296.9,1,0.7328,0.0415,0.5102,-0.4483,0.0,-nan,0.0
188095,2026-08-29_06-24-42.097-240,v3.5.7,3.50,12.0,400,2696,-7138,-636,2705,-7115,-117,2693,-7369,-165,2754,-7082,-102,0,0,0,61,287,63,300.1,1974.3,1.058,0.055,0.133,1.266,1.562,-5.620,289.3,1,0.7368,0.0456,0.5078,-0.4440,0.0,-nan,0.2
188142,2026-08-29_06-24-42.144-240,v3.5.7,3.50,12.0,400,2696,-7138,-636,2701,-7114,-97,2693,-7369,-165,2750,-7081,-82,0,0,0,57,288,83,305.1,2007.2,1.080,0.034,0.132,-1.041,6.750,-4.397,293.5,1,0.7435,0.0438,0.5020,-0.4396,0.0,-nan,0.2
188192,2026-08-29_06-24-42.194-240,v3.5.7,3.50,12.0,400,2697,-7159,-600,2705,-7110,-60,2688,-7391,-130,2753,-7077,-46,0,0,0,65,314,84,331.5,2180.8,1.087,0.060,0.137,0.826,10.984,-6.070,315.6,1,0.7535,0.0425,0.4911,-0.4350,0.0,-nan,0.2
188222,2026-08-29_06-24-42.224-240,v3.5.7,3.50,12.0,400,2729,-7147,-537,2722,-7109,30,2709,-7381,-63,2770,-7076,42,0,0,0,61,305,105,328.3,2159.8,1.052,0.041,0.156,1.457,13.844,-7.102,313.0,1,0.7656,0.0409,0.4769,-0.4298,0.0,-nan,0.2
188279,2026-08-29_06-24-42.281-240,v3.5.7,3.50,12.0,400,2757,-7126,-434,2722,-7109,30,2719,-7363,41,2770,-7076,42,0,0,0,51,287,1,291.5,1917.7,1.022,0.058,0.170,2.707,15.828,-7.156,282.1,1,0.7785,0.0394,0.4600,-0.4252,0.0,-nan,0.0
188305,2026-08-29_06-24-42.307-240,v3.5.7,3.50,12.0,400,2805,-7130,-317,2753,-7094,136,2748,-7371,162,2800,-7061,147,0,0,0,52,310,-15,314.7,2070.3,1.016,0.071,0.141,3.506,17.141,-8.772,301.5,1,0.7925,0.0388,0.4410,-0.4194,0.0,-nan,0.2
188349,2026-08-29_06-24-42.351-240,v3.5.7,3.50,12.0,400,2805,-7130,-317,2784,-7068,272,2748,-7371,162,2831,-7034,281,0,0,0,83,337,119,366.9,2413.8,1.007,-0.022,0.218,18.600,18.734,-12.002,345.4,1,0.8077,0.0542,0.4120,-0.4184,0.0,-nan,0.0
188391,2026-08-29_06-24-42.393-240,v3.5.7,3.50,12.0,400,2867,-7084,-241,2784,-7068,272,2796,-7328,245,2831,-7034,281,0,0,0,35,294,36,298.3,1962.2,1.222,0.037,0.250,21.408,6.281,-11.764,287.8,1,0.8151,0.0786,0.3936,-0.4177,0.0,-nan,0.2
188420,2026-08-29_06-24-42.424-240,v3.5.7,3.50,12.0,400,2927,-7038,-177,2834,-7033,349,2845,-7284,317,2881,-7000,357,0,0,0,36,284,40,289.1,1901.7,1.383,0.209,0.225,-1.921,18.578,-8.453,280.0,1,0.8285,0.0712,0.3748,-0.4099,0.0,-nan,0.2
188456,2026-08-29_06-24-42.457-240,v3.5.7,3.50,12.0,400,2927,-7038,-177,2919,-7010,551,2845,-7284,317,2965,-6976,556,0,0,0,120,308,239,407.9,2683.6,1.053,0.120,0.234,-15.048,22.859,-12.313,379.8,1,0.8462,0.0498,0.3577,-0.3918,0.0,-nan,0.2
188508,2026-08-29_06-24-43.510-240,v3.5.7,3.50,12.0,400,3022,-6986,-22,2919,-7010,551,2913,-7237,482,2965,-6976,556,0,0,0,52,261,74,276.2,1817.3,0.943,0.085,0.205,-13.497,23.562,-8.409,269.3,1,0.8611,0.0279,0.3388,-0.3781,0.0,-nan,0.2
188539,2026-08-29_06-24-43.541-240,v3.5.7,3.50,12.0,400,3055,-6954,155,2968,-6976,729,2916,-7210,660,3013,-6942,732,0,0,0,97,268,72,294.0,1934.0,1.060,0.104,0.327,-13.806,23.281,-9.007,284.2,1,0.8751,0.0060,0.3199,-0.3632,0.0,-nan,0.0
188568,2026-08-29_06-24-43.569-240,v3.5.7,3.50,12.0,400,3129,-6936,385,2968,-6976,729,2951,-7200,896,3013,-6942,732,0,0,0,62,258,-164,311.9,2052.2,1.060,0.079,0.289,-14.789,22.141,-12.084,299.2,1,0.8889,-0.0153,0.3023,-0.3440,0.0,-nan,0.2
188614,2026-08-29_06-24-43.615-240,v3.5.7,3.50,12.0,400,3129,-6936,385,2961,-6943,979,2951,-7200,896,3004,-6908,979,0,0,0,53,292,83,308.2,2027.4,1.005,0.006,0.346,-6.315,21.688,-11.437,296.1,1,0.9013,-0.0272,0.2811,-0.3284,0.0,-nan,0.2
188643,2026-08-29_06-24-43.644-240,v3.5.7,3.50,12.0,400,3182,-6885,541,3001,-6905,1172,2977,-7153,1056,3043,-6870,1170,0,0,0,66,283,114,312.2,2053.7,0.986,0.049,0.349,4.076,20.109,-9.534,299.4,1,0.9120,-0.0274,0.2572,-0.3183,0.0,-nan,0.2
188683,2026-08-29_06-24-43.684-240,v3.5.7,3.50,12.0,400,3247,-6836,683,3001,-6905,1172,3018,-7109,1204,3043,-6870,1170,0,0,0,25,239,-34,242.7,1596.7,0.987,0.162,0.377,3.026,17.016,-9.758,241.1,1,0.9212,-0.0274,0.2370,-0.3075,0.0,-nan,0.2
188718,2026-08-29_06-24-43.719-240,v3.5.7,3.50,12.0,400,3247,-6836,683,3044,-6869,1312,3018,-7109,1204,3085,-6834,1308,0,0,0,67,275,104,301.5,1983.9,0.990,0.192,0.387,-9.934,13.672,-12.144,290.5,1,0.9292,-0.0404,0.2256,-0.2900,0.0,-nan,0.2
188744,2026-08-29_06-24-43.745-240,v3.5.7,3.50,12.0,400,3303,-6788,786,3044,-6869,1312,3056,-7064,1313,3085,-6834,1308,0,0,0,29,230,-5,231.9,1525.5,0.976,0.137,0.421,-16.854,11.766,-15.005,232.0,1,0.9366,-0.0598,0.2189,-0.2671,0.0,-nan,0.2
188773,2026-08-29_06-24-43.774-240,v3.5.7,3.50,12.0,400,3303,-6788,786,3087,-6805,1442,3056,-7064,1313,3127,-6770,1437,0,0,0,71,294,124,326.9,2150.6,0.979,0.035,0.376,-13.505,9.594,-15.892,311.8,1,0.9430,-0.0743,0.2135,-0.2440,0.0,-nan,0.2
188803,2026-08-29_06-24-43.804-240,v3.5.7,3.50,12.0,400,3356,-6757,886,3087,-6805,1442,3092,-7036,1418,3127,-6770,1437,0,0,0,35,266,19,269.0,1769.5,0.994,0.109,0.404,-8.380,7.219,-18.671,263.2,1,0.9495,-0.0813,0.2094,-0.2191,0.0,-nan,0.2
188833,2026-08-29_06-24-43.834-240,v3.5.7,3.50,12.0,400,3433,-6718,954,3138,-6768,1557,3156,-7000,1496,3178,-6733,1550,0,0,0,22,267,54,273.3,1798.0,1.005,0.149,0.393,-10.781,5.219,-22.517,266.8,1,0.9554,-0.0895,0.2086,-0.1889,0.0,-nan,0.2
188877,2026-08-29_06-24-43.879-240,v3.5.7,3.50,12.0,400,3433,-6718,954,3220,-6712,1611,3156,-7000,1496,3260,-6678,1603,0,0,0,104,322,107,354.9,2334.8,1.000,0.101,0.406,-11.014,2.828,-25.233,335.3,1,0.9603,-0.0965,0.2107,-0.1555,0.0,-nan,0.2
188919,2026-08-29_06-24-43.921-240,v3.5.7,3.50,12.0,400,3520,-6653,985,3220,-6712,1611,3237,-6937,1539,3260,-6678,1603,0,0,0,23,259,64,267.8,1761.7,0.969,0.156,0.402,-12.108,1.578,-26.784,262.2,1,0.9637,-0.1041,0.2144,-0.1199,0.0,-nan,0.0
188964,2026-08-29_06-24-43.965-240,v3.5.7,3.50,12.0,400,3620,-6613,1019,3331,-6655,1678,3331,-6899,1587,3372,-6621,1669,0,0,0,41,278,82,292.7,1925.8,0.985,0.199,0.414,-18.452,2.469,-27.741,283.1,1,0.9653,-0.1191,0.2179,-0.0812,0.0,-nan,0.2
188993,2026-08-29_06-24-43.994-240,v3.5.7,3.50,12.0,400,3710,-6521,1071,3425,-6591,1716,3411,-6809,1650,3467,-6558,1706,0,0,0,56,251,56,263.2,1731.6,0.990,0.192,0.387,-22.298,2.766,-28.966,258.3,1,0.9646,-0.1381,0.2211,-0.0397,0.0,-nan,0.2
189032,2026-08-29_06-24-43.034-240,v3.5.7,3.50,12.0,400,3710,-6521,1071,3425,-6591,1716,3411,-6809,1650,3467,-6558,1706,0,0,0,56,251,56,263.2,1731.6,0.995,0.192,0.407,-25.659,3.047,-28.162,258.3,1,0.9613,-0.1611,0.2235,0.0018,0.0,-nan,0.2
189062,2026-08-29_06-24-43.064-240,v3.5.7,3.50,12.0,400,3832,-6457,1160,3476,-6514,1829,3517,-6749,1755,3517,-6481,1818,0,0,0,0,268,63,275.3,1811.2,0.993,0.183,0.414,-27.238,3.000,-27.052,268.5,1,0.9554,-0.1860,0.2252,0.0425,0.0,-nan,0.2
189095,2026-08-29_06-24-43.096-240,v3.5.7,3.50,12.0,400,3875,-6396,1229,3476,-6514,1829,3547,-6690,1828,3517,-6481,1818,0,0,0,-30,209,-10,211.4,1390.7,0.991,0.245,0.382,-33.533,3.578,-26.611,214.8,1,0.9459,-0.2179,0.2253,0.0844,0.0,-nan,0.2
189139,2026-08-29_06-24-43.141-240,v3.5.7,3.50,12.0,400,3875,-6396,1229,3588,-6450,1940,3547,-6690,1828,3630,-6418,1927,0,0,0,83,272,99,301.1,1981.1,0.974,0.391,0.389,-55.914,4.906,-27.690,290.2,1,0.9262,-0.2747,0.2206,0.1339,0.0,-nan,0.0
189165,2026-08-29_06-24-43.167-240,v3.5.7,3.50,12.0,400,3928,-6356,1374,3589,-6382,2124,3576,-6655,1978,3629,-6350,2109,0,0,0,53,305,131,336.1,2211.5,0.985,0.434,0.399,-81.741,4.641,-29.017,319.6,1,0.8893,-0.3584,0.2105,0.1906,0.0,-nan,0.2
189214,2026-08-29_06-24-43.217-240,v3.5.7,3.50,12.0,400,3893,-6302,1657,3589,-6382,2124,3493,-6607,2249,3629,-6350,2109,0,0,0,136,257,-140,322.7,2123.1,0.994,0.245,0.360,-111.379,4.438,-29.821,308.3,1,0.8250,-0.4683,0.1907,0.2525,0.0,-nan,0.2
189241,2026-08-29_06-24-43.242-240,v3.5.7,3.50,12.0,400,3893,-6302,1657,3480,-6353,2473,3493,-6607,2249,3515,-6319,2455,0,0,0,22,288,206,354.8,2334.0,0.809,0.151,0.463,-115.653,5.797,-28.942,335.2,1,0.7413,-0.5724,0.1635,0.3099,0.0,-nan,0.2
189270,2026-08-29_06-24-43.274-240,v3.5.7,3.50,12.0,400,3773,-6270,2041,3480,-6353,2473,3310,-6583,2607,3515,-6319,2455,0,0,0,205,264,-152,367.2,2415.7,1.294,0.096,0.392,-110.408,3.734,-26.701,345.6,1,0.6462,-0.6611,0.1352,0.3565,0.0,-nan,0.2
189299,2026-08-29_06-24-43.300-240,v3.5.7,3.51,12.0,400,3773,-6270,2041,3236,-6325,2856,3310,-6583,2607,3264,-6287,2836,0,0,0,-46,296,229,377.1,2480.6,1.079,0.098,0.351,-107.355,3.312,-28.789,353.9,1,0.5400,-0.7344,0.1075,0.3969,0.0,-nan,0.2
189329,2026-08-29_06-24-43.331-240,v3.5.7,3.51,12.0,400,3599,-6233,2389,3236,-6325,2856,3080,-6552,2921,3264,-6287,2836,0,0,0,184,265,-85,333.6,2194.9,0.974,0.052,0.454,-97.263,1.688,-28.589,317.4,1,0.4332,-0.7890,0.0838,0.4275,0.0,-nan,0.0
189359,2026-08-29_06-24-43.360-240,v3.5.7,3.51,12.0,400,3420,-6205,2685,2995,-6305,3179,2853,-6529,3183,3016,-6264,3158,0,0,0,163,265,-25,312.1,2053.4,0.943,0.021,0.411,-86.681,2.109,-27.698,299.4,1,0.3310,-0.8265,0.0633,0.4509,0.0,-nan,0.2
189403,2026-08-29_06-24-43.404-240,v3.5.7,3.51,12.0,400,3420,-6205,2685,2774,-6264,3419,2853,-6529,3183,2789,-6221,3397,0,0,0,-64,308,214,380.5,2503.1,0.995,-0.032,0.444,-71.569,0.750,-26.680,356.8,1,0.2410,-0.8497,0.0500,0.4664,0.0,-nan,0.2
189441,2026-08-29_06-24-43.443-240,v3.5.7,3.51,12.0,400,3273,-6172,2917,2774,-6264,3419,2668,-6499,3388,2789,-6221,3397,0,0,0,121,278,9,303.3,1995.6,1.001,0.121,0.557,-67.166,-3.297,-29.367,292.0,1,0.1516,-0.8663,0.0429,0.4741,0.0,-nan,0.0
189469,2026-08-29_06-24-43.471-240,v3.5.7,3.51,12.0,400,3184,-6142,3087,2607,-6228,3635,2551,-6472,3541,2617,-6183,3612,0,0,0,66,289,71,304.8,2005.4,1.017,0.140,0.390,-71.199,-2.297,-31.008,293.3,1,0.0557,-0.8753,0.0346,0.4792,0.0,-nan,0.2
189506,2026-08-29_06-24-44.508-240,v3.5.7,3.51,12.0,400,3184,-6142,3087,2607,-6228,3635,2551,-6472,3541,2617,-6183,3612,0,0,0,66,289,71,304.8,2005.4,1.000,0.049,0.434,-72.374,-1.062,-36.013,293.3,1,-0.0449,-0.8749,0.0305,0.4813,0.0,-nan,0.2
189549,2026-08-29_06-24-44.551-240,v3.5.7,3.51,12.0,400,3074,-6101,3246,2454,-6206,3779,2415,-6433,3680,2460,-6159,3756,0,0,0,45,274,76,287.9,1894.0,1.039,0.007,0.446,-59.849,-1.406,-39.942,279.1,1,-0.1339,-0.8673,0.0379,0.4780,0.0,-nan,0.2
189578,2026-08-29_06-24-44.579-240,v3.5.7,3.51,12.0,400,2909,-6055,3397,2395,-6162,3910,2226,-6388,3803,2399,-6114,3886,0,0,0,173,274,83,334.5,2200.7,0.999,0.078,0.466,-55.024,-1.281,-40.960,318.2,1,-0.2173,-0.8537,0.0491,0.4708,0.0,-nan,0.2
189624,2026-08-29_06-24-44.626-240,v3.5.7,3.51,12.0,400,2973,-6012,3497,2395,-6162,3910,2273,-6349,3910,2399,-6114,3886,0,0,0,126,235,-24,267.7,1761.4,0.955,0.127,0.470,-60.993,-2.188,-44.424,262.1,1,-0.3074,-0.8319,0.0597,0.4582,0.0,-nan,0.0
189667,2026-08-29_06-24-44.669-240,v3.5.7,3.51,12.0,400,2973,-6012,3497,2305,-6096,4031,2273,-6349,3910,2306,-6047,4007,0,0,0,33,302,97,318.9,2098.1,0.994,0.016,0.459,-54.997,-2.547,-46.821,305.1,1,-0.3900,-0.8054,0.0755,0.4400,0.0,-nan,0.2
189695,2026-08-29_06-24-44.699-240,v3.5.7,3.51,12.0,400,2953,-5953,3603,2281,-6052,4132,2235,-6292,4010,2280,-6003,4107,0,0,0,45,289,97,308.1,2027.3,0.910,0.209,0.566,-45.343,2.906,-47.848,296.1,1,-0.4601,-0.7744,0.0998,0.4225,0.0,-nan,0.2
189735,2026-08-29_06-24-44.737-240,v3.5.7,3.51,12.0,400,2961,-5895,3675,2281,-6052,4132,2231,-6235,4081,2280,-6003,4107,0,0,0,49,232,26,238.5,1569.3,1.066,0.126,0.406,-53.261,-2.703,-49.844,237.6,1,-0.5362,-0.7359,0.1178,0.3964,0.0,-nan,0.2
189773,2026-08-29_06-24-44.774-240,v3.5.7,3.51,12.0,400,2961,-5895,3675,2284,-5973,4244,2231,-6235,4081,2282,-5924,4218,0,0,0,51,311,137,343.6,2260.8,1.032,0.128,0.420,-50.670,-0.172,-50.420,325.8,1,-0.6054,-0.6918,0.1383,0.3686,0.0,-nan,0.2
189802,2026-08-29_06-24-44.803-240,v3.5.7,3.51,12.0,400,2989,-5828,3776,2290,-5903,4346,2241,-6171,4184,2287,-5854,4319,0,0,0,46,317,135,347.6,2286.9,1.047,0.099,0.428,-51.984,-0.297,-51.195,329.2,1,-0.6712,-0.6410,0.1576,0.3373,0.0,-nan,0.2
189855,2026-08-29_06-24-44.858-240,v3.5.7,3.51,12.0,400,3018,-5767,3845,2290,-5903,4346,2258,-6112,4255,2287,-5854,4319,0,0,0,29,258,64,267.4,1759.2,0.949,0.070,0.493,-24.409,2.125,-48.027,261.9,1,-0.7090,-0.6088,0.1870,0.3029,0.0,-nan,0.2
189883,2026-08-29_06-24-44.885-240,v3.5.7,3.51,12.0,400,3099,-5665,3909,2325,-5831,4422,2328,-6012,4329,2321,-5782,4394,0,0,0,-7,230,65,239.1,1573.1,0.984,0.171,0.466,-20.698,1.219,-44.288,238.1,1,-0.7398,-0.5785,0.2134,0.2691,0.0,-nan,0.0
189933,2026-08-29_06-24-44.935-240,v3.5.7,3.51,12.0,400,3099,-5665,3909,2465,-5728,4473,2328,-6012,4329,2462,-5680,4444,0,0,0,134,332,115,376.0,2473.9,0.981,0.192,0.437,-16.199,0.734,-41.526,353.0,1,-0.7642,-0.5513,0.2382,0.2353,0.0,-nan,0.2
189973,2026-08-29_06-24-44.974-240,v3.5.7,3.51,12.0,400,3232,-5578,3907,2465,-5728,4473,2459,-5927,4346,2462,-5680,4444,0,0,0,3,247,98,265.7,1748.3,0.945,0.308,0.380,-35.812,-0.781,-36.247,260.5,1,-0.7981,-0.5055,0.2512,0.2105,0.0,-nan,0.2
190002,2026-08-29_06-24-44.004-240,v3.5.7,3.51,12.0,400,3306,-5523,3966,2568,-5645,4542,2523,-5874,4415,2566,-5598,4512,0,0,0,43,276,97,295.7,1945.3,0.743,0.386,0.455,-47.602,-4.703,-32.074,285.6,1,-0.8360,-0.4480,0.2535,0.1901,0.0,-nan,0.2
190035,2026-08-29_06-24-44.037-240,v3.5.7,3.51,12.0,400,3306,-5523,3966,2568,-5645,4542,2523,-5874,4415,2566,-5598,4512,0,0,0,43,276,97,295.7,1945.3,0.887,0.428,0.523,-62.690,-11.234,-34.676,285.6,1,-0.8793,-0.3727,0.2451,0.1668,0.0,-nan,0.2
190063,2026-08-29_06-24-44.064-240,v3.5.7,3.51,12.0,400,3227,-5512,4089,2510,-5612,4606,2424,-5865,4523,2506,-5565,4576,0,0,0,82,300,53,315.5,2075.6,1.023,0.270,0.581,-70.544,-10.578,-33.154,302.2,1,-0.9179,-0.2858,0.2329,0.1465,0.0,-nan,0.2
190092,2026-08-29_06-24-44.094-240,v3.5.7,3.51,12.0,400,3227,-5512,4089,2510,-5612,4606,2424,-5865,4523,2506,-5565,4576,0,0,0,82,300,53,315.5,2075.6,1.060,0.328,0.450,-84.150,-10.562,-31.722,302.2,1,-0.9508,-0.1808,0.2151,0.1301,0.0,-nan,0.2
190123,2026-08-29_06-24-44.124-240,v3.5.7,3.51,12.0,400,3096,-5483,4186,2322,-5627,4718,2278,-5836,4598,2314,-5578,4688,0,0,0,36,258,90,275.6,1813.2,0.937,0.372,0.420,-104.063,-9.984,-31.555,268.8,1,-0.9732,-0.0499,0.1915,0.1173,0.0,-nan,0.2
190171,2026-08-29_06-24-44.173-240,v3.5.7,3.51,12.0,400,2778,-5494,4406,1968,-5614,4891,1926,-5848,4766,1953,-5561,4862,0,0,0,27,287,96,303.8,1998.9,0.940,0.301,0.338,-130.037,-8.219,-38.950,292.4,1,-0.9750,0.1148,0.1623,0.0991,0.0,-nan,0.2
190205,2026-08-29_06-24-44.209-240,v3.5.7,3.51,12.0,400,2353,-5506,4640,1968,-5614,4891,1465,-5859,4932,1953,-5561,4862,0,0,0,488,298,-70,576.1,3789.9,0.993,0.160,0.638,-109.612,-3.938,-41.667,520.9,1,-0.9551,0.2536,0.1363,0.0704,0.0,-nan,0.2
190246,2026-08-29_06-24-44.247-240,v3.5.7,3.51,12.0,400,2353,-5506,4640,1462,-5625,5063,1465,-5859,4932,1437,-5568,5036,0,0,0,-28,291,104,310.3,2041.4,0.974,0.055,0.581,-99.194,1.453,-38.715,297.9,1,-0.9187,0.3754,0.1158,0.0403,0.0,-nan,0.2
190275,2026-08-29_06-24-44.279-240,v3.5.7,3.51,12.0,400,2008,-5489,4801,1073,-5603,5190,1096,-5841,5038,1041,-5542,5165,0,0,0,-55,299,127,329.5,2167.6,1.060,0.060,0.607,-93.012,6.391,-35.789,314.0,1,-0.8693,0.4839,0.1006,0.0096,0.0,-nan,0.2
190319,2026-08-29_06-24-44.321-240,v3.5.7,3.51,12.0,400,1728,-5444,4941,1073,-5603,5190,795,-5795,5133,1041,-5542,5165,0,0,0,246,253,32,354.3,2331.1,0.994,-0.012,0.507,-57.500,11.344,-36.156,334.8,1,-0.8305,0.5490,0.0899,-0.0293,0.0,-nan,0.2
190353,2026-08-29_06-24-44.354-240,v3.5.7,3.51,12.0,400,1728,-5444,4941,758,-5536,5290,795,-5795,5133,719,-5473,5267,0,0,0,-76,322,134,357.0,2348.4,0.907,-0.011,0.578,-14.779,16.156,-35.472,337.0,1,-0.8161,0.5669,0.0826,-0.0755,0.0,-nan,0.2
190381,2026-08-29_06-24-44.383-240,v3.5.7,3.51,12.0,400,1639,-5379,5061,758,-5536,5290,686,-5731,5236,719,-5473,5267,0,0,0,33,258,31,261.9,1723.3,0.967,0.263,0.572,-3.919,18.422,-35.788,257.3,1,-0.8071,0.5721,0.0762,-0.1246,0.0,-nan,0.2
190410,2026-08-29_06-24-44.414-240,v3.5.7,3.51,12.0,400,1639,-5379,5061,803,-5440,5405,686,-5731,5236,763,-5377,5381,0,0,0,77,354,145,390.2,2567.2,1.049,0.485,0.511,-26.858,19.844,-42.644,364.9,1,-0.7776,0.5987,0.0696,-0.1789,0.0,-nan,0.2
190440,2026-08-29_06-24-44.442-240,v3.5.7,3.51,12.0,400,1744,-5257,5137,803,-5440,5405,777,-5612,5325,763,-5377,5381,0,0,0,-14,235,56,242.0,1592.0,0.904,0.494,0.410,-60.326,23.750,-47.768,240.5,1,-0.7161,0.6529,0.0699,-0.2367,0.0,-nan,0.2
190470,2026-08-29_06-24-44.472-240,v3.5.7,3.51,12.0,400,1728,-5115,5302,857,-5289,5538,733,-5473,5483,816,-5227,5512,0,0,0,83,246,29,261.2,1718.7,0.844,0.235,0.318,-88.583,18.719,-48.774,256.7,1,-0.6226,0.7249,0.0724,-0.2857,0.0,-nan,0.2
190512,2026-08-29_06-24-45.513-240,v3.5.7,3.51,12.0,400,1728,-5115,5302,624,-5160,5708,733,-5473,5483,577,-5096,5683,0,0,0,-156,377,200,454.4,2989.4,0.868,0.017,0.292,-107.206,8.672,-33.656,418.8,1,-0.5076,0.8004,0.0859,-0.3071,0.0,-nan,0.2
190559,2026-08-29_06-24-45.561-240,v3.5.7,3.51,12.0,400,1453,-4997,5500,624,-5160,5708,427,-5355,5635,577,-5096,5683,0,0,0,150,259,48,303.1,1994.2,0.888,-0.153,0.617,-105.823,2.594,-19.822,291.8,1,-0.3904,0.8609,0.1074,-0.3082,0.0,-nan,0.0
190586,2026-08-29_06-24-45.588-240,v3.5.7,3.51,12.0,400,951,-4972,5635,107,-5110,5806,-93,-5326,5692,50,-5042,5784,0,0,0,143,284,92,331.0,2177.7,1.232,-0.231,1.004,-49.893,12.125,-16.823,315.2,1,-0.3278,0.8808,0.1141,-0.3221,0.0,-nan,0.2
190619,2026-08-29_06-24-45.621-240,v3.5.7,3.51,12.0,400,951,-4972,5635,107,-5110,5806,-93,-5326,5692,50,-5042,5784,0,0,0,143,284,92,331.0,2177.7,0.830,-0.209,0.456,-0.637,15.641,-8.040,315.2,1,-0.3216,0.8756,0.1118,-0.3425,0.0,-nan,0.2
190649,2026-08-29_06-24-45.651-240,v3.5.7,3.51,12.0,400,688,-4889,5736,-246,-5019,5841,-371,-5240,5751,-309,-4948,5822,0,0,0,62,292,71,306.8,2018.7,0.870,-0.026,0.605,29.423,16.703,-2.319,295.0,1,-0.3502,0.8562,0.1033,-0.3656,0.0,-nan,0.2
190677,2026-08-29_06-24-45.679-240,v3.5.7,3.51,12.0,400,830,-4792,5792,-246,-5019,5841,-240,-5147,5827,-309,-4948,5822,0,0,0,-69,199,-5,210.7,1386.1,0.918,0.197,0.618,31.082,19.969,-0.914,214.3,1,-0.3800,0.8326,0.0967,-0.3911,0.0,-nan,0.2
190729,2026-08-29_06-24-45.730-240,v3.5.7,3.51,12.0,400,985,-4656,5906,-131,-4916,5955,-106,-5015,5960,-194,-4846,5934,0,0,0,-88,169,-26,192.3,1265.2,0.937,0.363,0.604,-3.509,26.109,-10.171,198.8,1,-0.3680,0.8222,0.1001,-0.4225,0.0,-nan,0.2
190775,2026-08-29_06-24-45.779-240,v3.5.7,3.51,12.0,400,985,-4656,5906,7,-4753,6087,-106,-5015,5960,-56,-4685,6064,0,0,0,50,330,104,349.6,2300.0,0.911,0.236,0.597,-31.224,32.719,-16.488,330.8,1,-0.3225,0.8198,0.1144,-0.4591,0.0,-nan,0.2
190805,2026-08-29_06-24-45.807-240,v3.5.7,3.51,12.0,400,995,-4497,6039,-55,-4552,6244,-119,-4859,6091,-122,-4483,6221,0,0,0,-3,376,130,397.9,2617.4,0.903,0.137,0.678,-35.736,37.922,-16.896,371.3,1,-0.2701,0.8129,0.1326,-0.4986,0.0,-nan,0.2
190849,2026-08-29_06-24-45.853-240,v3.5.7,3.51,12.0,400,876,-4265,6218,-55,-4552,6244,-268,-4628,6247,-122,-4483,6221,0,0,0,146,145,-26,207.4,1364.5,0.872,0.156,0.729,-32.121,45.234,-14.635,211.5,1,-0.2203,0.7959,0.1525,-0.5429,0.0,-nan,0.0
190883,2026-08-29_06-24-45.884-240,v3.5.7,3.51,12.0,400,876,-4265,6218,-203,-4279,6428,-268,-4628,6247,-275,-4210,6405,0,0,0,-7,418,158,446.9,2940.3,0.764,0.079,0.733,-30.573,45.391,-12.298,412.5,1,-0.1724,0.7739,0.1731,-0.5842,0.0,-nan,0.0
190913,2026-08-29_06-24-45.914-240,v3.5.7,3.51,12.0,400,766,-3976,6430,-203,-4279,6428,-413,-4341,6436,-275,-4210,6405,0,0,0,138,131,-31,192.8,1268.3,0.811,0.007,0.715,-19.392,46.203,-10.401,199.2,1,-0.1358,0.7450,0.1867,-0.6258,0.0,-nan,0.2
190941,2026-08-29_06-24-45.942-240,v3.5.7,3.51,12.0,400,688,-3659,6627,-357,-3946,6648,-525,-4026,6615,-436,-3876,6626,0,0,0,89,150,11,174.8,1149.8,0.793,0.036,0.726,-8.223,48.422,-8.586,184.1,1,-0.1099,0.7091,0.1930,-0.6693,0.0,-nan,0.2
190990,2026-08-29_06-24-45.994-240,v3.5.7,3.51,12.0,400,688,-3659,6627,-376,-3604,6856,-525,-4026,6615,-460,-3535,6833,0,0,0,65,491,218,541.1,3560.1,0.733,0.104,0.843,-1.234,49.578,-7.388,491.6,1,-0.0904,0.6682,0.1939,-0.7126,0.0,-nan,0.2
191025,2026-08-29_06-24-45.027-240,v3.5.7,3.51,12.0,400,720,-3338,6810,-376,-3604,6856,-525,-3708,6796,-460,-3535,6833,0,0,0,65,173,37,188.5,1240.0,0.684,0.202,0.857,-5.667,49.812,-8.347,195.6,1,-0.0660,0.6251,0.1971,-0.7524,0.0,-nan,0.2
191053,2026-08-29_06-24-45.055-240,v3.5.7,3.51,12.0,400,743,-2990,6973,-390,-3201,7041,-531,-3363,6957,-479,-3133,7018,0,0,0,52,230,61,243.6,1602.4,0.691,0.175,0.835,-13.086,49.422,-9.946,241.9,1,-0.0342,0.5808,0.2052,-0.7870,0.0,-nan,0.2
191090,2026-08-29_06-24-45.092-240,v3.5.7,3.51,12.0,400,743,-2990,6973,-429,-2817,7213,-531,-3363,6957,-523,-2750,7190,0,0,0,8,613,233,655.8,4314.7,0.616,0.212,0.844,-19.946,45.875,-10.423,587.9,1,0.0024,0.5380,0.2188,-0.8141,0.0,-nan,0.2
191142,2026-08-29_06-24-45.144-240,v3.5.7,3.51,12.0,400,697,-2655,7123,-429,-2817,7213,-604,-3029,7094,-523,-2750,7190,0,0,0,81,279,96,306.0,2013.0,0.645,0.038,0.901,-28.902,41.609,-12.560,294.2,1,0.0459,0.4978,0.2390,-0.8324,0.0,-nan,0.2
191170,2026-08-29_06-24-45.173-240,v3.5.7,3.51,12.0,400,541,-2340,7249,-582,-2424,7329,-781,-2713,7192,-682,-2357,7308,0,0,0,99,356,116,387.3,2548.0,0.592,-0.034,0.879,-20.522,42.625,-8.702,362.5,1,0.0804,0.4539,0.2520,-0.8509,0.0,-nan,0.2
191202,2026-08-29_06-24-45.204-240,v3.5.7,3.51,12.0,400,541,-2340,7249,-582,-2424,7329,-781,-2713,7192,-682,-2357,7308,0,0,0,99,356,116,387.3,2548.0,0.564,0.020,0.933,-6.918,38.969,-6.326,362.5,1,0.1032,0.4131,0.2515,-0.8691,0.0,-nan,0.2
191229,2026-08-29_06-24-45.230-240,v3.5.7,3.51,12.0,400,484,-2039,7354,-759,-2131,7413,-856,-2412,7284,-865,-2064,7393,0,0,0,-9,348,109,364.8,2399.9,0.570,0.050,0.908,0.024,39.172,-1.927,343.6,1,0.1175,0.3706,0.2450,-0.8881,0.0,-nan,0.2
191259,2026-08-29_06-24-45.262-240,v3.5.7,3.51,12.0,400,501,-1761,7428,-759,-2131,7413,-853,-2134,7357,-865,-2064,7393,0,0,0,-12,70,36,79.6,523.8,0.606,0.106,0.957,1.612,39.297,0.855,104.3,1,0.1277,0.3264,0.2375,-0.9059,0.0,-nan,0.0
191301,2026-08-29_06-24-45.302-240,v3.5.7,3.51,12.0,400,501,-1761,7428,-682,-1820,7498,-853,-2134,7357,-790,-1754,7478,0,0,0,63,380,121,403.7,2656.2,0.548,0.098,0.970,1.461,38.469,-0.970,376.3,1,0.1395,0.2830,0.2289,-0.9209,0.0,-nan,0.2
191330,2026-08-29_06-24-45.334-240,v3.5.7,3.51,12.0,400,530,-1480,7509,-669,-1486,7576,-839,-1854,7439,-779,-1422,7557,0,0,0,60,432,118,451.8,2972.5,0.536,0.116,0.975,-1.797,38.688,-0.893,416.6,1,0.1522,0.2380,0.2235,-0.9329,0.0,-nan,0.2
191379,2026-08-29_06-24-45.380-240,v3.5.7,3.51,12.0,400,538,-1188,7561,-669,-1486,7576,-841,-1562,7489,-779,-1422,7557,0,0,0,62,140,68,167.5,1102.2,0.406,0.013,1.006,0.975,36.547,1.440,178.1,1,0.1603,0.1948,0.2154,-0.9434,0.0,-nan,0.2
191409,2026-08-29_06-24-45.411-240,v3.5.7,3.51,12.0,400,538,-1188,7561,-637,-1172,7631,-841,-1562,7489,-750,-1109,7612,0,0,0,91,453,123,478.1,3145.7,0.468,0.055,1.025,12.709,35.016,1.575,438.7,1,0.1646,0.1554,0.1934,-0.9546,0.0,-nan,0.0
191438,2026-08-29_06-24-45.439-240,v3.5.7,3.51,12.0,400,567,-925,7617,-637,-1172,7631,-823,-1299,7546,-750,-1109,7612,0,0,0,73,190,66,214.0,1407.7,0.407,0.143,0.965,6.648,35.219,1.827,217.0,1,0.1695,0.1141,0.1782,-0.9625,0.0,-nan,0.2
191464,2026-08-29_06-24-45.465-240,v3.5.7,3.51,12.0,400,567,-925,7617,-601,-862,7674,-823,-1299,7546,-716,-801,7656,0,0,0,107,498,110,521.1,3428.3,0.443,0.125,1.088,6.041,34.828,-0.944,474.8,1,0.1774,0.0736,0.1630,-0.9677,0.0,-nan,0.2
191493,2026-08-29_06-24-46.494-240,v3.5.7,3.51,12.0,400,640,-646,7650,-601,-862,7674,-758,-1020,7587,-716,-801,7656,0,0,0,42,219,69,233.4,1535.7,0.444,0.102,1.024,-2.937,37.812,-1.931,233.3,1,0.1876,0.0277,0.1576,-0.9691,0.0,-nan,0.2
191522,2026-08-29_06-24-46.524-240,v3.5.7,3.51,12.0,400,657,-381,7662,-558,-562,7709,-744,-754,7600,-675,-503,7691,0,0,0,69,251,91,275.8,1814.2,0.305,0.162,1.094,-6.827,36.312,-5.855,268.9,1,0.2019,-0.0167,0.1568,-0.9666,0.0,-nan,0.2
191568,2026-08-29_06-24-46.569-240,v3.5.7,3.51,12.0,400,657,-381,7662,-578,-260,7733,-744,-754,7600,-697,-202,7716,0,0,0,47,552,116,566.0,3723.8,0.409,0.165,1.015,-8.017,35.375,-11.573,512.5,1,0.2224,-0.0590,0.1574,-0.9603,0.0,-nan,0.2
191607,2026-08-29_06-24-46.609-240,v3.5.7,3.51,12.0,400,631,-120,7666,-578,-260,7733,-772,-491,7598,-697,-202,7716,0,0,0,75,289,118,321.0,2112.1,0.364,0.124,1.040,-19.745,35.297,-13.011,306.9,1,0.2432,-0.1040,0.1719,-0.9489,0.0,-nan,0.2
191639,2026-08-29_06-24-46.641-240,v3.5.7,3.51,12.0,400,557,139,7693,-619,35,7713,-851,-230,7612,-741,91,7698,0,0,0,110,321,86,350.1,2303.0,0.397,-0.095,0.987,-16.236,36.266,-8.434,331.2,1,0.2586,-0.1497,0.1809,-0.9370,0.0,0.0,0.0
191675,2026-08-29_06-24-46.676-240,v3.5.7,3.51,12.0,400,557,139,7693,-619,35,7713,-851,-230,7612,-741,91,7698,0,0,0,110,321,86,350.1,2303.0,0.338,0.007,1.068,8.473,35.562,-0.887,331.2,1,0.2691,-0.1880,0.1593,-0.9311,0.0,0.0,0.2
191727,2026-08-29_06-24-46.728-240,v3.5.7,3.51,12.0,400,486,448,7694,-704,347,7671,-923,81,7600,-830,402,7659,0,0,0,93,321,59,339.4,2232.7,0.237,0.108,1.102,0.776,31.688,0.688,322.3,1,0.2746,-0.2244,0.1474,-0.9233,0.0,0.0,0.2
191755,2026-08-29_06-24-46.758-240,v3.5.7,3.51,12.0,400,535,671,7706,-652,651,7689,-877,304,7618,-779,704,7677,0,0,0,98,400,59,416.0,2737.1,0.339,0.053,1.368,6.682,27.656,-1.801,386.6,1,0.2835,-0.2534,0.1305,-0.9156,0.0,0.0,0.2
191785,2026-08-29_06-24-46.787-240,v3.5.7,3.51,12.0,400,576,866,7679,-652,651,7689,-833,500,7596,-779,704,7677,0,0,0,54,204,81,226.0,1487.1,0.335,0.211,1.068,7.813,26.594,1.533,227.1,1,0.2884,-0.2809,0.1115,-0.9086,0.0,0.0,0.2
191833,2026-08-29_06-24-46.835-240,v3.5.7,3.51,12.0,400,576,866,7679,-573,894,7666,-833,500,7596,-700,945,7655,0,0,0,133,445,59,468.2,3080.1,0.268,0.213,0.972,-25.827,29.344,0.423,430.4,1,0.2826,-0.3231,0.1299,-0.8938,0.0,0.0,0.2
191863,2026-08-29_06-24-46.864-240,v3.5.7,3.51,12.0,400,575,1068,7651,-638,1117,7638,-831,704,7567,-768,1168,7629,0,0,0,63,464,62,472.3,3107.5,0.296,0.044,1.158,-26.898,25.688,1.005,433.9,1,0.2745,-0.3609,0.1503,-0.8785,0.0,0.0,0.2
191903,2026-08-29_06-24-46.905-240,v3.5.7,3.51,12.0,400,406,1289,7630,-638,1117,7638,-996,930,7520,-768,1168,7629,0,0,0,228,238,109,347.1,2283.8,0.212,-0.067,1.103,-16.917,25.984,6.574,328.8,1,0.2644,-0.3960,0.1568,-0.8653,0.0,0.0,0.2
191937,2026-08-29_06-24-46.938-240,v3.5.7,3.51,12.0,400,406,1289,7630,-779,1341,7578,-996,930,7520,-912,1391,7572,0,0,0,84,461,52,471.5,3101.8,0.237,-0.099,1.225,-4.266,26.062,11.611,433.1,1,0.2547,-0.4274,0.1469,-0.8549,0.0,0.0,0.2
191965,2026-08-29_06-24-46.969-240,v3.5.7,3.51,12.0,400,329,1443,7623,-779,1341,7578,-1072,1086,7500,-912,1391,7572,0,0,0,160,305,72,351.9,2314.9,0.241,0.027,1.134,-2.905,19.844,12.250,332.7,1,0.2436,-0.4515,0.1371,-0.8474,0.0,0.0,0.2
192014,2026-08-29_06-24-46.016-240,v3.5.7,3.51,12.0,400,335,1584,7585,-806,1536,7521,-1060,1229,7463,-941,1585,7516,0,0,0,119,356,53,379.1,2494.0,0.181,0.148,1.063,-5.906,13.000,13.676,355.6,1,0.2280,-0.4691,0.1316,-0.8430,0.0,0.0,0.2
192042,2026-08-29_06-24-46.044-240,v3.5.7,3.51,12.0,400,335,1584,7585,-797,1671,7506,-1060,1229,7463,-933,1720,7502,0,0,0,127,491,39,508.7,3346.4,0.144,0.023,1.138,-5.081,9.234,15.419,464.3,1,0.2102,-0.4825,0.1252,-0.8410,0.0,0.0,0.2
192078,2026-08-29_06-24-46.079-240,v3.5.7,3.51,12.0,400,335,1687,7581,-797,1671,7506,-1060,1333,7459,-933,1720,7502,0,0,0,127,387,43,409.6,2694.5,0.133,-0.012,1.148,-1.933,2.844,18.996,381.2,1,0.1895,-0.4887,0.1150,-0.8438,0.0,0.0,0.2
192107,2026-08-29_06-24-46.109-240,v3.5.7,3.51,12.0,400,338,1742,7570,-799,1736,7461,-1055,1388,7448,-935,1784,7458,0,0,0,120,396,10,413.9,2723.0,0.218,0.108,1.113,-1.554,7.344,18.777,384.8,1,0.1698,-0.4992,0.1033,-0.8434,0.0,0.0,0.2
192150,2026-08-29_06-24-46.152-240,v3.5.7,3.51,12.0,400,338,1742,7570,-764,1816,7464,-1055,1388,7448,-900,1864,7461,0,0,0,155,476,13,500.8,3294.5,0.169,-0.085,1.159,3.757,8.359,19.914,457.7,1,0.1522,-0.5095,0.0851,-0.8426,0.0,0.0,0.2
192199,2026-08-29_06-24-46.201-240,v3.5.7,3.51,12.0,400,354,1797,7550,-764,1816,7464,-1036,1444,7430,-900,1864,7461,0,0,0,136,420,31,442.6,2911.6,0.036,0.021,1.132,6.024,7.156,18.371,408.9,1,0.1374,-0.5175,0.0657,-0.8420,0.0,0.0,0.0
192227,2026-08-29_06-24-46.229-240,v3.5.7,3.51,12.0,400,451,1871,7547,-661,1924,7459,-940,1517,7441,-796,1970,7456,0,0,0,144,453,15,475.6,3128.8,0.061,0.099,1.136,0.121,7.078,11.928,436.6,1,0.1255,-0.5257,0.0566,-0.8394,0.0,0.0,0.2
192255,2026-08-29_06-24-46.259-240,v3.5.7,3.51,12.0,400,451,1871,7547,-661,1924,7459,-940,1517,7441,-796,1970,7456,0,0,0,144,453,15,475.6,3128.8,0.149,0.089,1.110,-9.325,9.203,5.348,436.6,1,0.1144,-0.5370,0.0614,-0.8335,0.0,0.0,0.2
192290,2026-08-29_06-24-46.294-240,v3.5.7,3.51,12.0,400,456,1938,7534,-619,1966,7431,-933,1585,7429,-753,2012,7428,0,0,0,180,427,-1,463.4,3048.6,0.063,-0.021,1.117,-14.739,9.344,3.440,426.3,1,0.1016,-0.5488,0.0731,-0.8265,0.0,0.0,0.2
192320,2026-08-29_06-24-46.322-240,v3.5.7,3.51,12.0,400,412,2029,7523,-721,2079,7399,-975,1677,7411,-858,2125,7397,0,0,0,117,448,-14,463.2,3047.6,0.184,-0.027,1.093,-8.691,6.891,4.260,426.2,1,0.0919,-0.5573,0.0782,-0.8215,0.0,0.0,0.2
192371,2026-08-29_06-24-46.373-240,v3.5.7,3.51,12.0,400,370,2065,7537,-721,2079,7399,-1020,1714,7418,-858,2125,7397,0,0,0,162,411,-21,442.3,2909.7,0.124,0.118,1.107,-12.919,3.969,-9.627,408.6,1,0.0931,-0.5617,0.0977,-0.8163,0.0,0.0,0.0
192415,2026-08-29_06-24-46.419-240,v3.5.7,3.51,12.0,400,370,2065,7537,-725,2129,7381,-1020,1714,7418,-862,2174,7380,0,0,0,158,460,-38,487.9,3209.6,0.140,0.007,1.098,-22.988,4.688,-12.691,446.9,1,0.0905,-0.5671,0.1295,-0.8083,0.0,0.0,0.2
192444,2026-08-29_06-24-46.445-240,v3.5.7,3.51,12.0,400,279,2072,7501,-868,2135,7350,-1104,1723,7369,-1007,2181,7350,0,0,0,97,458,-19,468.5,3082.5,0.126,-0.020,1.113,-22.782,5.422,-5.773,430.7,1,0.0810,-0.5739,0.1559,-0.7999,0.0,0.0,0.2
192489,2026-08-29_06-24-47.491-240,v3.5.7,3.51,12.0,400,139,2115,7497,-868,2135,7350,-1242,1769,7344,-1007,2181,7350,0,0,0,235,412,6,474.3,3120.7,0.271,-0.234,1.070,-2.742,9.469,-4.624,435.5,1,0.0855,-0.5826,0.1610,-0.7921,0.0,0.0,0.0
192518,2026-08-29_06-24-47.519-240,v3.5.7,3.51,12.0,400,139,2115,7497,-1001,2206,7299,-1242,1769,7344,-1142,2253,7301,0,0,0,100,484,-43,496.1,3263.7,0.148,-0.117,1.098,21.961,7.609,-2.431,453.8,1,0.1054,-0.5869,0.1401,-0.7904,0.0,0.0,0.0
192549,2026-08-29_06-24-47.551-240,v3.5.7,3.51,12.0,400,118,2165,7499,-1001,2206,7299,-1264,1819,7343,-1142,2253,7301,0,0,0,122,434,-42,452.8,2978.8,0.109,0.007,1.144,25.533,4.422,2.381,417.4,1,0.1226,-0.5879,0.1124,-0.7917,0.0,0.0,0.0
192578,2026-08-29_06-24-47.580-240,v3.5.7,3.51,12.0,400,283,2228,7474,-897,2279,7310,-1096,1881,7343,-1037,2325,7312,0,0,0,59,444,-31,449.0,2953.8,0.112,0.004,1.105,28.320,3.000,0.176,414.2,1,0.1435,-0.5861,0.0838,-0.7930,0.0,0.0,0.2
192624,2026-08-29_06-24-47.625-240,v3.5.7,3.51,12.0,400,283,2228,7474,-667,2334,7325,-1096,1881,7343,-804,2378,7325,0,0,0,292,497,-18,576.7,3794.2,0.022,0.269,1.143,19.541,-1.531,-1.341,521.4,1,0.1590,-0.5806,0.0656,-0.7958,0.0,0.0,0.2
192662,2026-08-29_06-24-47.664-240,v3.5.7,3.51,12.0,400,469,2246,7478,-667,2334,7325,-912,1896,7374,-804,2378,7325,0,0,0,108,482,-49,496.4,3265.6,0.097,0.173,1.107,-9.643,-0.953,-6.827,454.0,1,0.1587,-0.5809,0.0803,-0.7943,0.0,0.0,0.2
192692,2026-08-29_06-24-47.695-240,v3.5.7,3.51,12.0,400,509,2256,7483,-572,2327,7322,-874,1905,7385,-707,2370,7321,0,0,0,167,465,-64,498.2,3277.7,0.084,0.089,1.107,-16.852,0.078,-8.313,455.6,1,0.1547,-0.5832,0.1030,-0.7908,0.0,0.0,0.2
192728,2026-08-29_06-24-47.729-240,v3.5.7,3.51,12.0,400,509,2256,7483,-572,2327,7322,-874,1905,7385,-707,2370,7321,0,0,0,167,465,-64,498.2,3277.7,0.130,0.137,1.095,-26.954,2.234,-6.467,455.6,1,0.1416,-0.5893,0.1338,-0.7841,0.0,0.0,0.2
192783,2026-08-29_06-24-47.785-240,v3.5.7,3.51,12.0,400,374,2243,7483,-671,2337,7307,-1008,1894,7365,-808,2381,7307,0,0,0,200,487,-58,529.7,3484.6,0.021,-0.024,1.100,-54.484,4.797,-2.932,482.0,1,0.1049,-0.6016,0.1881,-0.7692,0.0,0.0,0.2
192811,2026-08-29_06-24-47.812-240,v3.5.7,3.51,12.0,400,163,2281,7499,-895,2372,7239,-1220,1935,7349,-1035,2417,7242,0,0,0,185,482,-107,527.3,3468.8,-0.031,-0.009,1.022,-43.538,3.797,-5.192,479.9,1,0.0780,-0.6088,0.2330,-0.7544,0.0,0.0,0.2
192839,2026-08-29_06-24-47.841-240,v3.5.7,3.51,12.0,400,-119,2322,7470,-895,2372,7239,-1495,1982,7278,-1035,2417,7242,0,0,0,460,435,-36,634.1,4171.9,0.003,0.037,1.063,-57.757,3.781,-7.538,569.6,1,0.0421,-0.6140,0.2920,-0.7321,0.0,0.0,0.2
192887,2026-08-29_06-24-47.889-240,v3.5.7,3.51,12.0,400,-119,2322,7470,-1205,2477,7197,-1495,1982,7278,-1351,2524,7203,0,0,0,144,542,-75,565.8,3722.3,-0.047,-0.178,1.137,-46.013,4.359,-15.509,512.3,1,0.0226,-0.6136,0.3451,-0.7099,0.0,0.0,0.0
192919,2026-08-29_06-24-47.921-240,v3.5.7,3.51,12.0,400,-459,2352,7456,-1554,2485,7074,-1830,2018,7214,-1705,2534,7084,0,0,0,125,516,-130,546.6,3596.1,0.050,-0.268,1.054,-28.552,2.859,-14.548,496.2,1,0.0148,-0.6101,0.3812,-0.6945,0.0,0.0,0.0
192957,2026-08-29_06-24-47.959-240,v3.5.7,3.51,12.0,400,-682,2360,7425,-1554,2485,7074,-2046,2030,7150,-1705,2534,7084,0,0,0,341,504,-66,612.1,4026.9,-0.111,-0.227,1.106,-8.939,2.047,-7.577,551.1,1,0.0156,-0.6083,0.3946,-0.6885,0.0,0.0,0.2
192993,2026-08-29_06-24-47.995-240,v3.5.7,3.51,12.0,400,-682,2360,7425,-1734,2498,7063,-2046,2030,7150,-1888,2548,7075,0,0,0,158,518,-75,546.7,3596.9,-0.022,-0.142,1.053,1.959,4.484,-1.420,496.3,1,0.0205,-0.6113,0.3938,-0.6861,0.0,0.0,0.2
193020,2026-08-29_06-24-47.022-240,v3.5.7,3.51,12.0,400,-732,2412,7423,-1705,2562,7035,-2095,2084,7140,-1858,2611,7047,0,0,0,237,527,-93,585.3,3850.5,-0.010,-0.100,1.051,3.761,-3.438,-4.048,528.6,1,0.0252,-0.6062,0.3937,-0.6905,0.0,0.0,0.2
193074,2026-08-29_06-24-47.075-240,v3.5.7,3.51,12.0,400,-694,2430,7416,-1705,2562,7035,-2056,2101,7139,-1858,2611,7047,0,0,0,198,510,-92,554.8,3649.8,0.006,-0.145,1.089,10.735,-0.188,-5.314,503.0,1,0.0378,-0.6030,0.3884,-0.6958,0.0,0.0,0.2
193101,2026-08-29_06-24-47.103-240,v3.5.7,3.51,12.0,400,-637,2429,7418,-1683,2557,7045,-2000,2099,7149,-1836,2606,7057,0,0,0,164,507,-92,540.7,3557.6,0.014,-0.027,1.126,9.558,1.891,-4.039,491.3,1,0.0495,-0.6021,0.3829,-0.6989,0.0,0.0,0.2
193149,2026-08-29_06-24-47.151-240,v3.5.7,3.51,12.0,400,-637,2429,7418,-1624,2589,7057,-2000,2099,7149,-1777,2638,7069,0,0,0,223,539,-80,588.8,3873.5,0.048,-0.072,1.053,-8.096,5.438,-3.679,531.6,1,0.0492,-0.6055,0.3924,-0.6907,0.0,0.0,0.2
193193,2026-08-29_06-24-47.195-240,v3.5.7,3.51,12.0,400,-606,2467,7408,-1624,2589,7057,-1968,2137,7144,-1777,2638,7069,0,0,0,191,501,-75,541.4,3561.8,0.009,-0.377,1.092,19.136,-0.531,-6.105,491.8,1,0.0687,-0.6006,0.3803,-0.6999,0.0,0.0,0.2
193221,2026-08-29_06-24-47.223-240,v3.5.7,3.51,12.0,400,-601,2470,7416,-1627,2627,7058,-1964,2140,7153,-1780,2675,7070,0,0,0,184,535,-83,571.8,3761.9,0.053,-0.088,1.135,41.963,0.750,-2.162,517.3,1,0.1024,-0.5957,0.3446,-0.7182,0.0,0.0,0.2
193263,2026-08-29_06-24-47.264-240,v3.5.7,3.51,12.0,400,-349,2474,7416,-1438,2636,7085,-1714,2140,7190,-1588,2683,7095,0,0,0,126,543,-95,565.5,3720.2,0.069,0.003,1.090,26.699,0.312,-1.288,512.0,1,0.1235,-0.5916,0.3213,-0.7290,0.0,0.0,0.2
193307,2026-08-29_06-24-47.309-240,v3.5.7,3.51,12.0,400,-349,2474,7416,-1438,2636,7085,-1714,2140,7190,-1588,2683,7095,0,0,0,126,543,-95,565.5,3720.2,0.024,-0.061,1.125,32.721,-0.828,4.455,512.0,1,0.1432,-0.5870,0.2880,-0.7429,0.0,0.0,0.2
193339,2026-08-29_06-24-47.341-240,v3.5.7,3.51,12.0,400,-167,2463,7415,-1216,2604,7120,-1534,2126,7216,-1362,2650,7128,0,0,0,172,524,-88,558.5,3674.2,0.024,-0.081,1.137,38.855,-0.359,5.893,506.2,1,0.1660,-0.5811,0.2473,-0.7574,0.0,0.0,0.0
193367,2026-08-29_06-24-47.369-240,v3.5.7,3.51,12.0,400,84,2481,7486,-1216,2604,7120,-1297,2138,7323,-1362,2650,7128,0,0,0,-65,512,-195,551.7,3629.7,0.069,-0.084,1.075,50.986,0.172,12.060,500.5,1,0.1913,-0.5731,0.1898,-0.7739,0.0,0.0,0.2
193419,2026-08-29_06-24-47.421-240,v3.5.7,3.51,12.0,400,84,2481,7486,-916,2646,7194,-1297,2138,7323,-1058,2690,7199,0,0,0,239,552,-124,614.2,4040.6,0.050,0.135,1.112,56.614,0.312,14.278,552.9,1,0.2175,-0.5616,0.1244,-0.7885,0.0,0.0,0.0
193447,2026-08-29_06-24-47.449-240,v3.5.7,3.51,12.0,400,436,2463,7474,-500,2619,7223,-946,2115,7364,-636,2660,7224,0,0,0,310,545,-140,642.4,4226.6,0.085,0.190,1.105,48.078,1.609,15.273,576.6,1,0.2360,-0.5513,0.0656,-0.7975,0.0,0.0,0.2
193483,2026-08-29_06-24-47.485-240,v3.5.7,3.51,12.0,400,785,2503,7409,-500,2619,7223,-589,2151,7352,-636,2660,7224,0,0,0,-47,509,-128,526.9,3466.8,0.013,0.137,1.142,50.871,0.109,18.549,479.7,1,0.2520,-0.5366,0.0021,-0.8053,0.0,0.0,0.2
193521,2026-08-29_06-24-48.523-240,v3.5.7,3.51,12.0,400,785,2503,7409,-209,2655,7252,-589,2151,7352,-340,2693,7250,0,0,0,249,542,-102,605.1,3981.0,0.093,0.033,0.763,52.213,4.375,15.592,545.3,1,0.2707,-0.5232,-0.0622,-0.8057,0.0,0.0,0.2
193550,2026-08-29_06-24-48.554-240,v3.5.7,3.51,12.0,400,1128,2544,7336,160,2759,7271,-237,2189,7331,33,2794,7267,0,0,0,270,605,-64,665.6,4378.9,-0.028,0.313,1.351,14.477,10.094,15.512,596.0,1,0.2637,-0.5269,-0.0903,-0.8029,0.0,0.0,0.2
193603,2026-08-29_06-24-48.604-240,v3.5.7,3.51,12.0,400,1395,2582,7257,160,2759,7271,40,2225,7293,33,2794,7267,0,0,0,-7,569,-26,569.6,3747.6,0.121,0.396,1.118,-15.251,-1.562,-11.853,515.5,1,0.2656,-0.5314,-0.0666,-0.8016,0.0,0.0,0.2
193633,2026-08-29_06-24-48.634-240,v3.5.7,3.51,12.0,400,1357,2592,7288,316,2786,7278,-2,2235,7318,191,2820,7272,0,0,0,193,585,-46,617.7,4064.0,0.091,0.265,1.119,-31.672,0.141,-21.046,555.9,1,0.2654,-0.5431,-0.0209,-0.7964,0.0,0.0,0.2
193679,2026-08-29_06-24-48.681-240,v3.5.7,3.51,12.0,400,1357,2592,7288,81,2770,7277,-2,2235,7318,-47,2806,7273,0,0,0,-45,571,-45,574.5,3779.8,-0.010,-0.048,1.162,-25.049,2.438,-19.854,519.6,1,0.2679,-0.5538,0.0167,-0.7882,0.0,0.0,0.2
193717,2026-08-29_06-24-48.719-240,v3.5.7,3.51,12.0,400,1129,2581,7349,81,2770,7277,-238,2226,7344,-47,2806,7273,0,0,0,191,580,-71,614.8,4044.4,-0.001,0.003,1.088,-0.777,0.500,-14.003,553.4,1,0.2811,-0.5540,0.0270,-0.7831,0.0,0.0,0.2
193748,2026-08-29_06-24-48.749-240,v3.5.7,3.51,12.0,400,1042,2589,7365,-71,2744,7159,-327,2235,7347,-200,2781,7158,0,0,0,127,546,-189,591.6,3892.0,0.058,0.105,1.106,-1.430,-0.219,-7.383,533.9,1,0.2874,-0.5539,0.0336,-0.7807,0.0,0.0,0.2
193782,2026-08-29_06-24-48.784-240,v3.5.7,3.51,12.0,400,1042,2589,7365,-58,2741,7189,-327,2235,7347,-187,2778,7187,0,0,0,140,543,-160,583.1,3836.4,0.006,0.213,1.083,-5.162,-0.125,-2.035,526.8,1,0.2858,-0.5554,0.0401,-0.7799,0.0,0.0,0.2
193839,2026-08-29_06-24-48.841-240,v3.5.7,3.51,12.0,400,1022,2575,7366,-58,2741,7189,-347,2221,7345,-187,2778,7187,0,0,0,160,557,-158,600.7,3951.8,0.003,0.131,1.119,-18.158,0.172,-2.200,541.6,1,0.2753,-0.5617,0.0592,-0.7780,0.0,0.0,0.0
193867,2026-08-29_06-24-48.869-240,v3.5.7,3.51,12.0,400,971,2584,7388,-124,2762,7185,-401,2230,7358,-254,2799,7184,0,0,0,147,569,-174,612.9,4032.2,0.029,0.084,1.125,-13.641,-0.062,-5.439,551.8,1,0.2710,-0.5657,0.0763,-0.7751,0.0,0.0,0.2
193899,2026-08-29_06-24-48.901-240,v3.5.7,3.51,12.0,400,899,2578,7415,-124,2762,7185,-477,2225,7374,-254,2799,7184,0,0,0,223,574,-190,644.4,4239.7,0.020,0.087,1.097,-6.920,-0.125,-6.235,578.3,1,0.2721,-0.5672,0.0874,-0.7724,0.0,0.0,0.0
193945,2026-08-29_06-24-48.947-240,v3.5.7,3.51,12.0,400,899,2578,7415,-224,2739,7177,-477,2225,7374,-356,2777,7177,0,0,0,121,552,-197,598.5,3937.2,0.027,0.094,1.110,-10.672,-1.094,-4.141,539.7,1,0.2684,-0.5691,0.1010,-0.7706,0.0,0.0,0.2
193973,2026-08-29_06-24-48.974-240,v3.5.7,3.51,12.0,400,877,2593,7352,-204,2766,7165,-489,2242,7309,-335,2804,7165,0,0,0,154,562,-144,600.2,3949.0,0.037,0.021,1.115,-6.318,-0.766,-2.974,541.2,1,0.2667,-0.5700,0.1094,-0.7694,0.0,0.0,0.2
194012,2026-08-29_06-24-48.013-240,v3.5.7,3.51,12.0,400,843,2596,7381,-204,2766,7165,-527,2245,7332,-335,2804,7165,0,0,0,192,559,-167,614.2,4040.7,0.006,-0.007,1.112,13.938,-1.047,1.172,552.9,1,0.2753,-0.5643,0.0955,-0.7724,0.0,0.0,0.2
194052,2026-08-29_06-24-48.054-240,v3.5.7,3.51,12.0,400,843,2596,7381,-256,2773,7168,-527,2245,7332,-388,2811,7168,0,0,0,139,566,-164,605.5,3983.2,0.079,0.099,1.131,28.446,-1.625,-2.729,545.6,1,0.2977,-0.5521,0.0705,-0.7756,0.0,0.0,0.2
194079,2026-08-29_06-24-48.081-240,v3.5.7,3.51,12.0,400,936,2593,7366,-93,2749,7165,-432,2240,7332,-222,2786,7164,0,0,0,210,546,-168,608.6,4004.2,0.103,0.200,1.080,25.599,-1.312,-1.537,548.2,1,0.3166,-0.5408,0.0471,-0.7779,0.0,0.0,0.2
194128,2026-08-29_06-24-48.129-240,v3.5.7,3.51,12.0,400,1109,2583,7332,-93,2749,7165,-255,2229,7324,-222,2786,7164,0,0,0,33,557,-160,580.5,3818.8,-0.008,0.329,1.110,-7.195,-0.688,-2.305,524.6,1,0.3139,-0.5427,0.0559,-0.7771,0.0,0.0,0.2
194157,2026-08-29_06-24-48.158-240,v3.5.7,3.51,12.0,400,1119,2590,7359,35,2742,7147,-250,2235,7352,-92,2778,7145,0,0,0,158,543,-207,602.2,3961.9,0.004,0.300,1.112,-25.327,-1.312,-7.118,542.9,1,0.3034,-0.5504,0.0858,-0.7730,0.0,0.0,0.2
194205,2026-08-29_06-24-48.207-240,v3.5.7,3.51,12.0,400,1119,2590,7359,-82,2756,7176,-250,2235,7352,-211,2793,7175,0,0,0,39,558,-177,586.7,3859.9,0.014,0.107,1.111,-35.248,-0.156,-8.301,529.8,1,0.2869,-0.5621,0.1255,-0.7655,0.0,0.0,0.2
194241,2026-08-29_06-24-48.244-240,v3.5.7,3.51,12.0,400,948,2589,7375,-82,2756,7176,-422,2236,7342,-211,2793,7175,0,0,0,211,557,-167,618.6,4069.7,0.016,0.063,1.109,-33.741,-0.297,-8.160,556.6,1,0.2707,-0.5720,0.1634,-0.7569,0.0,0.0,0.0
194273,2026-08-29_06-24-48.275-240,v3.5.7,3.51,12.0,400,751,2588,7403,-278,2758,7158,-622,2237,7340,-410,2796,7158,0,0,0,212,559,-182,624.9,4111.4,0.023,-0.036,1.118,-22.926,-0.188,-6.646,561.9,1,0.2605,-0.5778,0.1898,-0.7498,0.0,0.0,0.2
194310,2026-08-29_06-24-48.311-240,v3.5.7,3.50,12.0,400,751,2588,7403,-439,2756,7156,-622,2237,7340,-574,2795,7158,0,0,0,48,558,-182,588.9,3874.3,0.024,-0.088,1.121,-0.982,-0.922,-4.575,531.7,1,0.2639,-0.5761,0.1943,-0.7488,0.0,0.0,0.2
194362,2026-08-29_06-24-48.363-240,v3.5.7,3.50,12.0,400,640,2587,7400,-439,2756,7156,-732,2238,7321,-574,2795,7158,0,0,0,158,557,-163,601.5,3957.1,0.027,0.142,1.114,16.951,-0.734,-1.234,542.2,1,0.2770,-0.5693,0.1795,-0.7530,0.0,0.0,0.2
194393,2026-08-29_06-24-48.394-240,v3.5.7,3.50,12.0,400,710,2590,7396,-381,2757,7160,-661,2240,7327,-515,2796,7161,0,0,0,146,556,-166,598.3,3936.4,0.027,0.236,1.117,4.554,-0.766,-2.737,539.6,1,0.2827,-0.5662,0.1774,-0.7537,0.0,0.0,0.2
194423,2026-08-29_06-24-48.424-240,v3.5.7,3.50,12.0,400,777,2583,7409,-381,2757,7160,-597,2232,7350,-515,2796,7161,0,0,0,82,564,-189,600.5,3950.3,0.024,0.150,1.118,-7.642,-0.484,-4.736,541.4,1,0.2816,-0.5673,0.1880,-0.7507,0.0,0.0,0.2
194473,2026-08-29_06-24-48.475-240,v3.5.7,3.50,12.0,400,777,2583,7409,-326,2732,7167,-597,2232,7350,-459,2771,7167,0,0,0,138,539,-183,585.7,3853.3,0.030,0.059,1.117,-4.702,-0.688,-4.051,529.0,1,0.2820,-0.5672,0.1955,-0.7487,0.0,0.0,0.2
194501,2026-08-29_06-24-49.503-240,v3.5.7,3.50,12.0,400,754,2592,7370,-313,2753,7159,-614,2242,7308,-446,2791,7160,0,0,0,168,549,-148,592.9,3900.7,0.026,0.104,1.121,-3.785,-0.797,-4.274,535.0,1,0.2831,-0.5667,0.2023,-0.7469,0.0,0.0,0.0
194540,2026-08-29_06-24-49.543-240,v3.5.7,3.50,12.0,400,732,2596,7394,-313,2753,7159,-639,2246,7329,-446,2791,7160,0,0,0,193,545,-169,602.4,3962.9,0.027,0.098,1.114,-7.657,-0.859,-4.637,543.0,1,0.2818,-0.5673,0.2130,-0.7439,0.0,0.0,0.2
194587,2026-08-29_06-24-49.589-240,v3.5.7,3.50,12.0,400,703,2595,7396,-364,2755,7135,-668,2245,7326,-498,2794,7136,0,0,0,170,549,-190,605.3,3982.3,0.027,0.004,1.120,0.353,-0.688,-3.325,545.5,1,0.2850,-0.5655,0.2152,-0.7434,0.0,0.0,0.2
194633,2026-08-29_06-24-49.635-240,v3.5.7,3.50,12.0,400,703,2595,7396,-385,2756,7153,-668,2245,7326,-519,2795,7154,0,0,0,149,550,-172,595.2,3915.9,0.029,0.150,1.119,1.617,-1.422,-2.575,537.0,1,0.2882,-0.5628,0.2160,-0.7440,0.0,0.0,0.2
194661,2026-08-29_06-24-49.662-240,v3.5.7,3.50,12.0,400,725,2594,7391,-363,2755,7159,-646,2244,7325,-497,2794,7160,0,0,0,149,550,-165,593.2,3902.9,0.029,0.153,1.119,-6.346,-0.469,-4.617,535.3,1,0.2879,-0.5633,0.2252,-0.7410,0.0,0.0,0.2
194714,2026-08-29_06-24-49.715-240,v3.5.7,3.50,12.0,400,732,2577,7399,-363,2755,7159,-640,2227,7334,-497,2794,7160,0,0,0,143,567,-174,610.1,4013.8,0.022,0.046,1.113,-4.722,-0.391,-4.148,549.5,1,0.2883,-0.5634,0.2326,-0.7385,0.0,0.0,0.2
194741,2026-08-29_06-24-49.742-240,v3.5.7,3.50,12.0,400,694,2587,7404,-396,2743,7149,-679,2237,7333,-530,2782,7150,0,0,0,149,545,-183,593.9,3907.2,0.018,0.071,1.118,-3.064,-0.641,-3.463,535.9,1,0.2892,-0.5628,0.2380,-0.7369,0.0,0.0,0.2
194787,2026-08-29_06-24-49.789-240,v3.5.7,3.50,12.0,400,694,2587,7404,-395,2753,7158,-679,2237,7333,-529,2792,7159,0,0,0,150,555,-174,600.7,3951.8,0.033,0.123,1.122,-3.328,-0.391,-3.202,541.6,1,0.2897,-0.5625,0.2434,-0.7351,0.0,0.0,0.2
194833,2026-08-29_06-24-49.834-240,v3.5.7,3.50,12.0,400,690,2590,7414,-395,2753,7158,-684,2240,7342,-529,2792,7159,0,0,0,155,552,-183,601.8,3959.5,0.026,0.124,1.119,-9.962,-1.562,-4.911,542.5,1,0.2867,-0.5631,0.2565,-0.7314,0.0,0.0,0.2
194862,2026-08-29_06-24-49.863-240,v3.5.7,3.50,12.0,400,657,2583,7413,-414,2746,7139,-717,2234,7336,-548,2785,7141,0,0,0,169,551,-195,608.4,4002.8,0.028,0.062,1.118,-11.256,-1.328,-5.247,548.1,1,0.2832,-0.5641,0.2709,-0.7268,0.0,0.0,0.2
194895,2026-08-29_06-24-49.899-240,v3.5.7,3.50,12.0,400,657,2583,7413,-472,2754,7148,-717,2234,7336,-608,2794,7150,0,0,0,109,560,-186,600.1,3947.8,0.026,0.010,1.118,-6.438,-0.672,-3.807,541.0,1,0.2819,-0.5643,0.2796,-0.7238,0.0,0.0,0.2
194946,2026-08-29_06-24-49.947-240,v3.5.7,3.50,12.0,400,603,2582,7416,-472,2754,7148,-771,2233,7331,-608,2794,7150,0,0,0,163,561,-181,611.6,4023.7,0.025,0.085,1.113,-0.182,-0.891,-3.503,550.7,1,0.2847,-0.5623,0.2825,-0.7232,0.0,0.0,0.0
194975,2026-08-29_06-24-49.979-240,v3.5.7,3.50,12.0,400,607,2571,7420,-488,2757,7105,-768,2222,7336,-623,2796,7108,0,0,0,145,574,-228,634.4,4173.8,0.024,0.109,1.114,-2.928,-0.859,-3.884,569.9,1,0.2858,-0.5611,0.2881,-0.7214,0.0,0.0,0.2
195005,2026-08-29_06-24-49.007-240,v3.5.7,3.50,12.0,400,608,2598,7406,-488,2757,7105,-764,2250,7322,-623,2796,7108,0,0,0,141,546,-214,603.2,3968.1,0.018,0.086,1.110,-6.010,-0.328,-4.378,543.6,1,0.2855,-0.5612,0.2967,-0.7180,0.0,0.0,0.2
195057,2026-08-29_06-24-49.059-240,v3.5.7,3.50,12.0,400,608,2598,7406,-473,2744,7147,-764,2250,7322,-608,2784,7149,0,0,0,156,534,-173,582.6,3832.9,0.019,0.031,1.118,-1.103,-0.766,-2.755,526.4,1,0.2869,-0.5598,0.2998,-0.7172,0.0,0.0,0.2
195085,2026-08-29_06-24-49.087-240,v3.5.7,3.50,12.0,400,597,2582,7406,-494,2751,7151,-775,2234,7320,-630,2791,7153,0,0,0,145,557,-167,599.3,3942.8,0.017,0.101,1.119,-0.672,-1.000,-3.257,540.4,1,0.2890,-0.5579,0.3030,-0.7166,0.0,0.0,0.2
195123,2026-08-29_06-24-49.124-240,v3.5.7,3.50,12.0,400,598,2587,7414,-494,2751,7151,-776,2239,7328,-630,2791,7153,0,0,0,146,552,-175,597.2,3928.9,0.027,0.098,1.116,-5.499,-0.922,-4.024,538.6,1,0.2885,-0.5574,0.3110,-0.7137,0.0,0.0,0.2
195156,2026-08-29_06-24-49.159-240,v3.5.7,3.50,12.0,400,598,2587,7414,-481,2745,7140,-776,2239,7328,-617,2785,7142,0,0,0,159,546,-186,598.3,3936.3,0.036,0.062,1.118,-6.753,-1.266,-4.166,539.6,1,0.2870,-0.5570,0.3203,-0.7105,0.0,0.0,0.2
195189,2026-08-29_06-24-49.191-240,v3.5.7,3.50,12.0,400,588,2587,7430,-508,2751,7149,-788,2238,7342,-644,2791,7151,0,0,0,144,553,-191,602.5,3963.9,0.033,0.060,1.114,-4.774,-0.766,-4.082,543.1,1,0.2870,-0.5563,0.3275,-0.7077,0.0,0.0,0.0
195243,2026-08-29_06-24-49.244-240,v3.5.7,3.50,12.0,400,563,2584,7410,-508,2751,7149,-810,2236,7319,-644,2791,7151,0,0,0,166,555,-168,603.2,3968.2,0.032,0.030,1.117,-1.027,-0.734,-2.997,543.6,1,0.2887,-0.5547,0.3307,-0.7068,0.0,0.0,0.2
195273,2026-08-29_06-24-49.274-240,v3.5.7,3.50,12.0,400,541,2614,7411,-520,2740,7144,-832,2267,7317,-656,2780,7146,0,0,0,176,513,-171,568.7,3741.3,0.032,0.071,1.114,1.314,-0.672,-2.942,514.7,1,0.2920,-0.5524,0.3318,-0.7068,0.0,0.0,0.2
195319,2026-08-29_06-24-49.321-240,v3.5.7,3.50,12.0,400,541,2614,7411,-506,2743,7155,-832,2267,7317,-642,2783,7157,0,0,0,190,516,-160,572.7,3767.6,0.026,0.073,1.117,-2.973,-0.781,-3.588,518.1,1,0.2928,-0.5512,0.3371,-0.7049,0.0,0.0,0.2
195357,2026-08-29_06-24-49.359-240,v3.5.7,3.50,12.0,400,575,2583,7404,-506,2743,7155,-797,2235,7315,-642,2783,7157,0,0,0,155,548,-158,591.0,3888.2,0.032,0.059,1.118,-2.751,-0.719,-3.734,533.4,1,0.2939,-0.5499,0.3423,-0.7029,0.0,0.0,0.0
195389,2026-08-29_06-24-49.391-240,v3.5.7,3.50,12.0,400,566,2589,7407,-499,2746,7121,-806,2241,7317,-635,2786,7123,0,0,0,171,545,-194,603.2,3968.7,0.031,0.077,1.116,-2.209,-0.172,-3.452,543.7,1,0.2954,-0.5490,0.3466,-0.7009,0.0,0.0,0.0
195423,2026-08-29_06-24-49.424-240,v3.5.7,3.50,12.0,400,566,2589,7407,-509,2746,7138,-806,2241,7317,-645,2786,7140,0,0,0,161,545,-177,595.2,3915.9,0.024,0.048,1.117,-2.174,-1.141,-3.454,537.0,1,0.2965,-0.5472,0.3512,-0.6995,0.0,0.0,0.2
195479,2026-08-29_06-24-49.481-240,v3.5.7,3.50,12.0,400,543,2587,7414,-509,2746,7138,-830,2239,7320,-645,2786,7140,0,0,0,185,547,-180,604.8,3979.2,0.023,0.086,1.117,-3.321,-1.109,-3.658,545.1,1,0.2969,-0.5458,0.3570,-0.6975,0.0,0.0,0.0
195529,2026-08-29_06-24-50.531-240,v3.5.7,3.50,12.0,400,547,2592,7451,-497,2759,7128,-832,2243,7357,-633,2799,7130,0,0,0,199,556,-227,632.7,4162.3,0.030,0.057,1.116,-3.699,-0.797,-3.782,568.4,1,0.2974,-0.5447,0.3630,-0.6950,0.0,0.0,0.0
195558,2026-08-29_06-24-50.560-240,v3.5.7,3.50,12.0,400,562,2576,7425,-526,2769,7150,-813,2228,7334,-663,2809,7152,0,0,0,150,581,-182,627.0,4125.3,0.025,0.053,1.114,-2.532,-0.516,-3.229,563.7,1,0.2983,-0.5437,0.3675,-0.6931,0.0,0.0,0.2
195593,2026-08-29_06-24-50.594-240,v3.5.7,3.50,12.0,400,557,2591,7427,-526,2769,7150,-818,2243,7335,-663,2809,7152,0,0,0,155,566,-183,614.7,4044.2,0.024,0.068,1.114,-0.809,-0.750,-3.683,553.3,1,0.3006,-0.5416,0.3709,-0.6919,0.0,0.0,0.2
195632,2026-08-29_06-24-50.633-240,v3.5.7,3.50,12.0,400,557,2591,7427,-528,2745,7149,-818,2243,7335,-664,2785,7151,0,0,0,154,542,-184,592.7,3899.6,0.033,0.074,1.120,-2.847,-0.625,-3.805,534.9,1,0.3017,-0.5403,0.3761,-0.6896,0.0,0.0,0.2
195662,2026-08-29_06-24-50.664-240,v3.5.7,3.50,12.0,400,561,2599,7417,-513,2744,7144,-813,2251,7326,-649,2784,7146,0,0,0,164,533,-180,586.0,3855.2,0.033,0.056,1.112,-2.825,-0.547,-4.143,529.2,1,0.3032,-0.5388,0.3815,-0.6872,0.0,0.0,0.2
195705,2026-08-29_06-24-50.707-240,v3.5.7,3.50,12.0,400,561,2589,7414,-513,2744,7144,-812,2241,7323,-649,2784,7146,0,0,0,163,543,-177,593.9,3907.4,0.021,0.062,1.118,-3.009,-0.812,-2.774,535.9,1,0.3032,-0.5379,0.3862,-0.6853,0.0,0.0,0.2
195739,2026-08-29_06-24-50.741-240,v3.5.7,3.50,12.0,400,561,2589,7414,-524,2754,7139,-812,2241,7323,-660,2794,7141,0,0,0,152,553,-182,601.7,3958.5,0.029,0.071,1.116,-3.623,-0.750,-3.682,542.4,1,0.3036,-0.5368,0.3920,-0.6827,0.0,0.0,0.2
195769,2026-08-29_06-24-50.770-240,v3.5.7,3.50,12.0,400,553,2586,7426,-524,2754,7139,-822,2238,7333,-660,2794,7141,0,0,0,162,556,-192,610.1,4013.9,0.032,0.036,1.123,-3.287,-0.891,-2.974,549.5,1,0.3035,-0.5357,0.3970,-0.6806,0.0,0.0,0.0
195795,2026-08-29_06-24-50.798-240,v3.5.7,3.50,12.0,400,548,2591,7423,-541,2738,7123,-827,2243,7330,-677,2778,7126,0,0,0,150,535,-204,591.9,3894.1,0.027,0.036,1.118,0.764,-1.391,-3.490,534.2,1,0.3063,-0.5325,0.3992,-0.6807,0.0,0.0,0.2
195843,2026-08-29_06-24-50.844-240,v3.5.7,3.50,12.0,400,548,2591,7423,-523,2748,7152,-827,2243,7330,-659,2788,7154,0,0,0,168,545,-176,596.8,3926.6,0.021,0.125,1.116,-1.823,-0.500,-2.845,538.3,1,0.3073,-0.5313,0.4027,-0.6791,0.0,0.0,0.2
195883,2026-08-29_06-24-50.884-240,v3.5.7,3.50,12.0,400,568,2589,7420,-523,2748,7152,-806,2241,7330,-659,2788,7154,0,0,0,147,547,-176,593.1,3902.1,0.032,0.058,1.119,-6.272,-0.672,-3.957,535.2,1,0.3062,-0.5310,0.4109,-0.6749,0.0,0.0,0.2
195913,2026-08-29_06-24-50.914-240,v3.5.7,3.50,12.0,400,564,2585,7413,-532,2748,7155,-809,2237,7322,-669,2788,7157,0,0,0,140,551,-165,592.0,3894.5,0.030,0.017,1.116,-2.674,-0.750,-3.039,534.3,1,0.3066,-0.5298,0.4154,-0.6729,0.0,0.0,0.2
195953,2026-08-29_06-24-50.954-240,v3.5.7,3.50,12.0,400,564,2585,7413,-535,2713,7150,-809,2237,7322,-671,2753,7152,0,0,0,138,516,-170,560.5,3687.7,0.022,0.046,1.113,1.487,-0.516,-3.456,507.9,1,0.3103,-0.5269,0.4165,-0.6727,0.0,0.0,0.2
196002,2026-08-29_06-24-50.004-240,v3.5.7,3.50,12.0,400,520,2585,7407,-535,2713,7150,-852,2238,7310,-671,2753,7152,0,0,0,181,515,-158,568.3,3738.7,0.032,0.125,1.118,-3.410,-0.734,-4.219,514.4,1,0.3113,-0.5254,0.4224,-0.6699,0.0,0.0,0.0
196033,2026-08-29_06-24-50.034-240,v3.5.7,3.50,12.0,400,563,2589,7453,-473,2756,7141,-817,2240,7361,-608,2795,7143,0,0,0,209,555,-218,631.8,4156.9,0.027,0.053,1.120,-6.168,-0.688,-3.746,567.7,1,0.3100,-0.5251,0.4302,-0.6656,0.0,0.0,0.2
196062,2026-08-29_06-24-50.064-240,v3.5.7,3.50,12.0,400,553,2580,7464,-473,2756,7141,-828,2231,7371,-608,2795,7143,0,0,0,220,564,-228,646.9,4255.9,0.026,0.033,1.117,-2.671,-0.406,-3.095,580.4,1,0.3107,-0.5241,0.4345,-0.6633,0.0,0.0,0.2
196109,2026-08-29_06-24-50.111-240,v3.5.7,3.50,12.0,400,553,2580,7464,-526,2740,7139,-828,2231,7371,-662,2780,7141,0,0,0,166,549,-230,617.9,4065.4,0.029,0.074,1.120,-0.815,-0.203,-3.318,556.1,1,0.3128,-0.5224,0.4374,-0.6618,0.0,0.0,0.0
196136,2026-08-29_06-24-50.137-240,v3.5.7,3.50,12.0,400,558,2593,7532,-478,2740,7143,-835,2242,7438,-613,2780,7145,0,0,0,222,538,-293,651.6,4286.8,0.031,0.067,1.119,-1.345,-0.516,-3.860,584.3,1,0.3149,-0.5203,0.4411,-0.6599,0.0,0.0,0.2
196180,2026-08-29_06-24-50.183-240,v3.5.7,3.50,12.0,400,557,2587,7411,-478,2740,7143,-816,2239,7319,-613,2780,7145,0,0,0,203,541,-174,603.5,3970.1,0.021,0.065,1.121,-2.334,-0.953,-3.668,543.9,1,0.3159,-0.5184,0.4457,-0.6579,0.0,0.0,0.2
196213,2026-08-29_06-24-50.214-240,v3.5.7,3.50,12.0,400,557,2587,7411,-526,2754,7140,-816,2239,7319,-662,2794,7142,0,0,0,154,555,-177,602.6,3964.2,0.025,0.076,1.115,-2.810,-0.797,-3.773,543.1,1,0.3168,-0.5167,0.4507,-0.6554,0.0,0.0,0.2
196243,2026-08-29_06-24-50.245-240,v3.5.7,3.50,12.0,400,560,2593,7425,-526,2754,7140,-815,2245,7333,-662,2794,7142,0,0,0,153,549,-191,601.1,3954.4,0.024,0.064,1.113,-4.789,-0.547,-3.045,541.9,1,0.3159,-0.5164,0.4568,-0.6519,0.0,0.0,0.2
196293,2026-08-29_06-24-50.294-240,v3.5.7,3.50,12.0,400,548,2591,7409,-526,2751,7147,-824,2244,7316,-662,2791,7149,0,0,0,162,547,-167,594.4,3910.7,0.027,0.038,1.115,-1.391,-0.516,-3.347,536.3,1,0.3175,-0.5145,0.4602,-0.6502,0.0,0.0,0.2
196323,2026-08-29_06-24-50.324-240,v3.5.7,3.50,12.0,400,548,2591,7409,-546,2752,7143,-824,2244,7316,-683,2792,7146,0,0,0,141,548,-170,590.8,3887.1,0.031,0.079,1.117,0.433,-0.422,-3.281,533.3,1,0.3202,-0.5121,0.4620,-0.6494,0.0,0.0,0.2
196373,2026-08-29_06-24-50.374-240,v3.5.7,3.50,12.0,400,552,2589,7405,-528,2749,7138,-820,2242,7313,-664,2789,7141,0,0,0,156,547,-172,594.2,3909.5,0.028,0.078,1.115,-5.948,-0.938,-3.584,536.2,1,0.3188,-0.5116,0.4694,-0.6452,0.0,0.0,0.2
196412,2026-08-29_06-24-50.413-240,v3.5.7,3.50,12.0,400,551,2592,7429,-528,2749,7138,-825,2244,7336,-664,2789,7141,0,0,0,161,545,-195,600.8,3952.7,0.026,0.030,1.116,-3.507,-0.906,-3.731,541.7,1,0.3191,-0.5100,0.4749,-0.6423,0.0,0.0,0.2
196442,2026-08-29_06-24-50.444-240,v3.5.7,3.50,12.0,400,534,2586,7418,-549,2750,7151,-840,2238,7323,-686,2790,7154,0,0,0,154,552,-169,597.5,3930.8,0.025,0.046,1.116,-1.198,-0.328,-3.169,538.9,1,0.3207,-0.5083,0.4780,-0.6406,0.0,0.0,0.2
196474,2026-08-29_06-24-50.476-240,v3.5.7,3.50,12.0,400,534,2586,7418,-547,2751,7172,-840,2238,7323,-684,2791,7174,0,0,0,156,553,-149,593.6,3905.2,0.021,0.071,1.117,-1.935,-0.328,-4.007,535.6,1,0.3226,-0.5063,0.4821,-0.6381,0.0,0.0,0.2
196529,2026-08-29_06-24-51.531-240,v3.5.7,3.50,12.0,400,543,2573,7411,-547,2751,7172,-830,2225,7317,-684,2791,7174,0,0,0,146,566,-143,601.8,3959.0,0.028,0.066,1.119,-2.134,-0.922,-4.072,542.5,1,0.3239,-0.5040,0.4867,-0.6358,0.0,0.0,0.0
196575,2026-08-29_06-24-51.579-240,v3.5.7,3.50,12.0,400,577,2576,7402,-505,2746,7139,-794,2228,7314,-641,2786,7141,0,0,0,153,558,-173,603.9,3973.1,0.030,0.074,1.115,-3.858,-1.047,-4.214,544.3,1,0.3243,-0.5021,0.4928,-0.6324,0.0,0.0,0.2
196609,2026-08-29_06-24-51.611-240,v3.5.7,3.50,12.0,400,548,2576,7426,-548,2778,7136,-827,2228,7333,-685,2818,7139,0,0,0,142,590,-194,637.1,4191.5,0.028,0.036,1.115,-3.517,-0.734,-3.436,572.1,1,0.3244,-0.5008,0.4979,-0.6294,0.0,0.0,0.0
196647,2026-08-29_06-24-51.649-240,v3.5.7,3.50,12.0,400,533,2590,7461,-548,2778,7136,-848,2241,7365,-685,2818,7139,0,0,0,163,577,-226,640.8,4215.5,0.026,0.048,1.117,1.008,-0.641,-2.910,575.2,1,0.3269,-0.4980,0.4991,-0.6293,0.0,0.0,0.2
196688,2026-08-29_06-24-51.689-240,v3.5.7,3.50,12.0,400,533,2590,7461,-529,2767,7145,-848,2241,7365,-666,2807,7148,0,0,0,182,566,-217,632.9,4163.9,0.028,0.125,1.115,-0.147,-0.812,-3.505,568.6,1,0.3291,-0.4952,0.5017,-0.6283,0.0,0.0,0.2
196714,2026-08-29_06-24-51.715-240,v3.5.7,3.50,12.0,400,551,2583,7404,-535,2771,7143,-820,2236,7312,-672,2811,7146,0,0,0,148,575,-166,616.5,4056.0,0.030,0.082,1.115,-2.649,-1.047,-4.244,554.9,1,0.3302,-0.4927,0.5068,-0.6256,0.0,0.0,0.2
196761,2026-08-29_06-24-51.762-240,v3.5.7,3.50,12.0,400,549,2587,7415,-535,2771,7143,-824,2239,7322,-672,2811,7146,0,0,0,152,572,-176,617.5,4062.3,0.021,0.062,1.119,-3.420,-0.703,-3.673,555.7,1,0.3306,-0.4912,0.5119,-0.6224,0.0,0.0,0.2
196795,2026-08-29_06-24-51.799-240,v3.5.7,3.50,12.0,400,549,2587,7415,-540,2751,7143,-824,2239,7322,-677,2791,7146,0,0,0,147,552,-176,597.7,3932.5,0.023,0.043,1.117,-2.714,-0.688,-3.106,539.1,1,0.3309,-0.4898,0.5161,-0.6198,0.0,0.0,0.2
196827,2026-08-29_06-24-51.829-240,v3.5.7,3.50,12.0,400,536,2557,7438,-546,2753,7141,-841,2209,7343,-683,2793,7144,0,0,0,158,584,-199,636.9,4190.0,0.025,0.053,1.120,-0.401,-0.953,-3.070,571.9,1,0.3325,-0.4872,0.5186,-0.6189,0.0,0.0,0.2
196883,2026-08-29_06-24-51.885-240,v3.5.7,3.50,12.0,400,546,2592,7412,-546,2753,7141,-827,2244,7319,-683,2793,7144,0,0,0,144,549,-175,593.9,3907.5,0.024,0.088,1.118,-3.342,-0.734,-3.195,535.9,1,0.3325,-0.4859,0.5234,-0.6159,0.0,0.0,0.2
196910,2026-08-29_06-24-51.912-240,v3.5.7,3.50,12.0,400,536,2589,7414,-539,2749,7152,-837,2242,7319,-676,2789,7154,0,0,0,161,547,-165,593.6,3905.2,0.027,0.067,1.120,-5.214,-0.609,-3.593,535.6,1,0.3317,-0.4852,0.5298,-0.6114,0.0,0.0,0.2
196953,2026-08-29_06-24-51.954-240,v3.5.7,3.50,12.0,400,536,2589,7414,-549,2755,7146,-837,2242,7319,-686,2795,7149,0,0,0,151,553,-170,597.9,3933.7,0.026,0.036,1.116,-2.167,-1.172,-3.440,539.2,1,0.3323,-0.4829,0.5339,-0.6093,0.0,0.0,0.2
196999,2026-08-29_06-24-51.002-240,v3.5.7,3.50,12.0,400,535,2595,7425,-549,2755,7146,-840,2247,7330,-686,2795,7149,0,0,0,154,548,-181,597.3,3929.7,0.028,0.070,1.118,-0.631,-0.812,-2.937,538.7,1,0.3337,-0.4805,0.5364,-0.6082,0.0,0.0,0.0
197029,2026-08-29_06-24-51.032-240,v3.5.7,3.50,12.0,400,505,2596,7420,-544,2749,7179,-869,2249,7320,-681,2789,7181,0,0,0,188,540,-139,588.4,3871.3,0.026,0.073,1.118,-0.461,-1.250,-3.017,531.3,1,0.3349,-0.4777,0.5391,-0.6075,0.0,0.0,0.2
197057,2026-08-29_06-24-51.059-240,v3.5.7,3.50,12.0,400,505,2596,7420,-544,2749,7179,-869,2249,7320,-681,2789,7181,0,0,0,188,540,-139,588.4,3871.3,0.025,0.089,1.121,-3.366,-0.641,-3.361,531.3,1,0.3351,-0.4763,0.5438,-0.6042,0.0,0.0,0.0
197085,2026-08-29_06-24-51.089-240,v3.5.7,3.50,12.0,400,553,2591,7427,-540,2756,7152,-822,2243,7334,-677,2796,7154,0,0,0,145,553,-180,599.4,3943.2,0.028,0.064,1.118,-4.282,-0.953,-3.698,540.5,1,0.3347,-0.4749,0.5496,-0.6004,0.0,0.0,0.2
197115,2026-08-29_06-24-51.116-240,v3.5.7,3.50,12.0,400,561,2583,7410,-540,2756,7152,-812,2235,7319,-677,2796,7154,0,0,0,135,561,-165,600.1,3948.3,0.026,0.063,1.117,-4.355,-0.688,-3.169,541.1,1,0.3341,-0.4740,0.5549,-0.5965,0.0,0.0,0.2
197163,2026-08-29_06-24-51.164-240,v3.5.7,3.50,12.0,400,561,2583,7410,-573,2770,7155,-812,2235,7319,-710,2810,7158,0,0,0,102,575,-161,605.8,3985.3,0.027,0.060,1.118,-2.945,-0.266,-3.694,545.8,1,0.3349,-0.4724,0.5593,-0.5931,0.0,0.0,0.2
197208,2026-08-29_06-24-51.209-240,v3.5.7,3.50,12.0,400,540,2583,7400,-535,2743,7138,-831,2236,7306,-671,2783,7141,0,0,0,160,547,-165,593.3,3903.5,0.027,0.048,1.118,-0.056,-0.750,-3.504,535.4,1,0.3370,-0.4694,0.5617,-0.5921,0.0,0.0,0.2
197239,2026-08-29_06-24-51.241-240,v3.5.7,3.50,12.0,400,551,2588,7416,-543,2752,7147,-822,2240,7323,-680,2792,7150,0,0,0,142,552,-173,595.6,3918.7,0.026,0.067,1.117,0.266,-0.875,-3.726,537.3,1,0.3394,-0.4660,0.5640,-0.5913,0.0,0.0,0.0
197289,2026-08-29_06-24-51.291-240,v3.5.7,3.50,12.0,400,543,2585,7420,-543,2752,7147,-831,2237,7326,-680,2792,7150,0,0,0,151,555,-176,601.5,3957.2,0.023,0.086,1.117,-1.562,-0.359,-3.518,542.3,1,0.3409,-0.4639,0.5673,-0.5889,0.0,0.0,0.2
197322,2026-08-29_06-24-51.324-240,v3.5.7,3.50,12.0,400,543,2585,7420,-534,2746,7145,-831,2237,7326,-670,2786,7147,0,0,0,161,549,-179,599.5,3943.9,0.023,0.059,1.123,-3.145,-0.938,-3.759,540.5,1,0.3412,-0.4618,0.5721,-0.5857,0.0,0.0,0.2
197352,2026-08-29_06-24-51.354-240,v3.5.7,3.50,12.0,400,552,2586,7423,-534,2746,7145,-823,2238,7330,-670,2786,7147,0,0,0,153,548,-183,597.7,3932.0,0.024,0.047,1.119,-1.001,-0.906,-2.922,539.0,1,0.3422,-0.4594,0.5748,-0.5843,0.0,0.0,0.2
197383,2026-08-29_06-24-51.384-240,v3.5.7,3.50,12.0,400,548,2589,7418,-526,2772,7132,-826,2241,7325,-662,2812,7135,0,0,0,164,571,-190,623.7,4103.5,0.018,0.058,1.125,1.261,-0.562,-3.254,560.9,1,0.3449,-0.4561,0.5759,-0.5842,0.0,0.0,0.2
197428,2026-08-29_06-24-51.429-240,v3.5.7,3.50,12.0,400,548,2589,7418,-526,2754,7146,-826,2241,7325,-662,2794,7148,0,0,0,164,553,-177,603.4,3969.4,0.035,0.083,1.114,1.339,-0.391,-5.212,543.8,1,0.3492,-0.4515,0.5780,-0.5832,0.0,0.0,0.2
197466,2026-08-29_06-24-51.468-240,v3.5.7,3.50,12.0,400,567,2583,7420,-526,2754,7146,-807,2235,7330,-662,2794,7148,0,0,0,145,559,-182,605.5,3983.6,0.017,0.059,1.120,-1.905,-1.047,-3.862,545.6,1,0.3503,-0.4487,0.5820,-0.5807,0.0,0.0,0.2
197495,2026-08-29_06-24-52.497-240,v3.5.7,3.50,12.0,400,577,2593,7404,-518,2763,7150,-795,2245,7315,-654,2803,7152,0,0,0,141,558,-163,598.2,3935.4,0.015,0.081,1.121,-2.862,-1.078,-3.363,539.5,1,0.3504,-0.4467,0.5863,-0.5778,0.0,0.0,0.2
197532,2026-08-29_06-24-52.534-240,v3.5.7,3.50,12.0,400,577,2593,7404,-521,2752,7179,-795,2245,7315,-658,2792,7181,0,0,0,137,547,-134,579.6,3813.1,0.025,0.042,1.112,-2.127,-1.062,-2.903,523.9,1,0.3505,-0.4447,0.5899,-0.5756,0.0,0.0,0.2
197583,2026-08-29_06-24-52.584-240,v3.5.7,3.50,12.0,400,553,2581,7422,-521,2752,7179,-821,2233,7329,-658,2792,7181,0,0,0,163,559,-148,600.8,3952.6,0.021,0.086,1.120,-1.329,-0.312,-4.176,541.7,1,0.3526,-0.4420,0.5932,-0.5730,0.0,0.0,0.2
197612,2026-08-29_06-24-52.613-240,v3.5.7,3.50,12.0,400,568,2592,7412,-508,2782,7144,-805,2244,7322,-644,2822,7146,0,0,0,161,578,-176,625.3,4113.7,0.023,0.058,1.121,-2.419,-0.766,-4.034,562.2,1,0.3537,-0.4395,0.5975,-0.5699,0.0,0.0,0.2
197643,2026-08-29_06-24-52.644-240,v3.5.7,3.50,12.0,400,568,2592,7412,-508,2782,7144,-805,2244,7322,-644,2822,7146,0,0,0,161,578,-176,625.3,4113.7,0.022,0.050,1.118,-1.162,-1.266,-3.262,562.2,1,0.3545,-0.4366,0.6006,-0.5684,0.0,0.0,0.2
197672,2026-08-29_06-24-52.674-240,v3.5.7,3.50,12.0,400,543,2582,7418,-542,2751,7154,-831,2234,7324,-679,2791,7156,0,0,0,152,557,-168,601.3,3956.0,0.028,0.064,1.121,0.308,-0.922,-3.029,542.1,1,0.3561,-0.4335,0.6023,-0.5678,0.0,0.0,0.2
197702,2026-08-29_06-24-52.704-240,v3.5.7,3.50,12.0,400,591,2584,7395,-542,2751,7154,-779,2236,7309,-679,2791,7156,0,0,0,100,555,-153,584.3,3844.2,0.026,0.068,1.117,1.994,-1.094,-3.046,527.8,1,0.3586,-0.4296,0.6030,-0.5686,0.0,0.0,0.2
197747,2026-08-29_06-24-52.748-240,v3.5.7,3.50,12.0,400,591,2584,7395,-477,2756,7152,-779,2236,7309,-613,2796,7154,0,0,0,166,560,-155,604.3,3975.7,0.009,0.070,1.120,2.742,-0.562,-3.063,544.6,1,0.3619,-0.4256,0.6029,-0.5696,0.0,0.0,0.2
197775,2026-08-29_06-24-52.779-240,v3.5.7,3.50,12.0,400,614,2588,7406,-473,2758,7158,-758,2240,7323,-609,2798,7160,0,0,0,149,558,-163,600.1,3948.1,0.017,0.059,1.113,3.286,-0.906,-3.340,541.1,1,0.3654,-0.4209,0.6026,-0.5711,0.0,0.0,0.2
197824,2026-08-29_06-24-52.826-240,v3.5.7,3.50,12.0,400,652,2586,7401,-413,2743,7152,-720,2237,7324,-547,2782,7153,0,0,0,173,545,-171,596.8,3926.5,0.011,0.071,1.102,5.599,-0.375,-1.771,538.3,1,0.3694,-0.4167,0.5997,-0.5747,0.0,0.0,0.2
197879,2026-08-29_06-24-52.881-240,v3.5.7,3.50,12.0,400,704,2594,7397,-413,2743,7152,-668,2244,7327,-547,2782,7153,0,0,0,121,538,-174,578.2,3804.2,0.047,0.062,1.070,12.830,-0.469,-0.840,522.7,1,0.3763,-0.4098,0.5909,-0.5842,0.0,0.0,0.0
197906,2026-08-29_06-24-52.907-240,v3.5.7,3.50,12.0,400,778,2591,7396,-359,2753,7167,-594,2240,7337,-493,2792,7168,0,0,0,101,552,-169,586.1,3855.7,0.019,0.081,1.128,15.936,-1.281,-0.179,529.3,1,0.3836,-0.4011,0.5798,-0.5965,0.0,0.0,0.2
197954,2026-08-29_06-24-52.955-240,v3.5.7,3.50,12.0,400,778,2591,7396,-267,2749,7178,-594,2240,7337,-399,2787,7178,0,0,0,195,547,-159,602.1,3961.1,0.016,0.114,1.113,17.869,-0.531,-0.863,542.7,1,0.3928,-0.3914,0.5670,-0.6092,0.0,0.0,0.2
197993,2026-08-29_06-24-52.994-240,v3.5.7,3.50,12.0,400,902,2579,7374,-267,2749,7178,-467,2227,7335,-399,2787,7178,0,0,0,68,560,-157,585.6,3852.3,0.013,0.128,1.127,13.813,-0.859,-0.325,528.9,1,0.3992,-0.3836,0.5569,-0.6192,0.0,0.0,0.2
198024,2026-08-29_06-24-52.027-240,v3.5.7,3.50,12.0,400,1019,2591,7372,-125,2745,7173,-351,2237,7350,-255,2782,7172,0,0,0,96,545,-178,581.3,3824.4,0.024,0.117,1.106,13.303,-0.781,-0.301,525.3,1,0.4053,-0.3761,0.5469,-0.6286,0.0,0.0,0.2
198060,2026-08-29_06-24-52.064-240,v3.5.7,3.50,12.0,400,1019,2591,7372,-8,2747,7160,-351,2237,7350,-136,2783,7158,0,0,0,215,546,-192,617.4,4062.0,0.017,0.136,1.127,17.380,-0.609,-0.616,555.6,1,0.4135,-0.3663,0.5337,-0.6404,0.0,0.0,0.2
198109,2026-08-29_06-24-52.111-240,v3.5.7,3.50,12.0,400,1121,2585,7345,-8,2747,7160,-245,2230,7339,-136,2783,7158,0,0,0,109,553,-181,592.0,3894.7,0.019,0.115,1.124,21.019,-1.547,-0.625,534.3,1,0.4225,-0.3536,0.5177,-0.6546,0.0,0.0,0.2
198139,2026-08-29_06-24-52.141-240,v3.5.7,3.50,12.0,400,1240,2612,7327,131,2741,7181,-124,2256,7339,4,2776,7178,0,0,0,128,520,-161,559.2,3678.9,0.009,0.085,1.097,27.294,-0.328,0.119,506.8,1,0.4340,-0.3388,0.4951,-0.6721,0.0,0.0,0.0
198169,2026-08-29_06-24-52.170-240,v3.5.7,3.50,12.0,400,1240,2612,7327,131,2741,7181,-124,2256,7339,4,2776,7178,0,0,0,128,520,-161,559.2,3678.9,-0.008,0.102,1.087,36.953,-0.641,2.066,506.8,1,0.4471,-0.3191,0.4629,-0.6957,0.0,0.0,0.2
198195,2026-08-29_06-24-52.198-240,v3.5.7,3.50,12.0,400,1397,2590,7325,313,2742,7175,31,2231,7360,189,2776,7170,0,0,0,158,545,-190,598.4,3936.9,0.008,0.095,1.105,48.170,-1.562,3.402,539.7,1,0.4617,-0.2922,0.4196,-0.7248,0.0,0.0,0.2
198229,2026-08-29_06-24-52.231-240,v3.5.7,3.50,12.0,400,1703,2591,7236,313,2742,7175,349,2230,7319,189,2776,7170,0,0,0,-160,546,-149,588.1,3869.4,0.028,0.146,1.100,61.272,-1.891,4.751,531.0,1,0.4774,-0.2568,0.3622,-0.7582,0.0,0.0,0.2
198273,2026-08-29_06-24-52.274-240,v3.5.7,3.50,12.0,400,1703,2591,7236,632,2726,7160,349,2230,7319,514,2757,7153,0,0,0,165,527,-166,576.6,3793.7,0.027,0.096,1.042,86.052,-1.828,8.359,521.4,1,0.4935,-0.2062,0.2773,-0.7981,0.0,0.0,0.2
198303,2026-08-29_06-24-52.304-240,v3.5.7,3.50,12.0,400,2110,2595,7121,1115,2729,7102,772,2230,7267,1005,2757,7092,0,0,0,233,527,-175,602.2,3961.8,-0.014,0.109,0.982,112.501,-1.078,10.608,542.8,1,0.5066,-0.1380,0.1612,-0.8357,0.0,0.0,0.2
198345,2026-08-29_06-24-52.349-240,v3.5.7,3.50,12.0,400,2718,2601,6845,1115,2729,7102,1421,2234,7087,1005,2757,7092,0,0,0,-416,523,5,668.3,4396.6,0.045,0.373,0.992,143.327,-2.594,14.750,598.3,1,0.5072,-0.0467,0.0102,-0.8605,0.0,0.0,0.2
198378,2026-08-29_06-24-52.379-240,v3.5.7,3.50,12.0,400,2718,2601,6845,1896,2706,6937,1421,2234,7087,1801,2727,6922,0,0,0,380,493,-165,644.0,4236.5,0.095,0.578,0.961,141.974,-1.422,13.781,577.9,1,0.4929,0.0441,-0.1404,-0.8576,0.0,0.0,0.2
198459,2026-08-29_06-24-52.460-240,v3.5.7,3.50,12.0,400,4229,2599,6051,2789,2713,6588,3051,2228,6536,2711,2726,6570,0,0,0,-340,498,34,604.0,3973.4,0.105,0.920,0.958,85.583,-1.172,9.515,544.3,1,0.4754,0.0993,-0.2298,-0.8434,0.0,0.0,0.2
198488,2026-08-29_06-24-53.489-240,v3.5.7,3.50,12.0,400,4229,2599,6051,3523,2719,6261,3051,2228,6536,3460,2725,6240,0,0,0,409,497,-296,708.5,4660.9,0.047,0.955,0.901,53.095,-0.656,4.401,632.0,1,0.4634,0.1325,-0.2844,-0.8288,0.0,0.0,0.2
198536,2026-08-29_06-24-53.538-240,v3.5.7,3.50,12.0,400,4724,2611,5715,3856,2732,6075,3598,2241,6281,3800,2735,6054,0,0,0,202,494,-227,580.0,3815.6,0.052,0.808,0.929,11.079,-3.953,-2.842,524.2,1,0.4659,0.1418,-0.2940,-0.8224,0.0,0.0,0.2
198580,2026-08-29_06-24-53.584-240,v3.5.7,3.50,12.0,400,4876,2615,5617,3856,2732,6075,3765,2245,6208,3800,2735,6054,0,0,0,35,490,-154,514.8,3387.0,0.023,0.729,0.926,-3.130,0.703,-4.327,469.5,1,0.4707,0.1374,-0.2919,-0.8212,0.0,0.0,0.2
198609,2026-08-29_06-24-53.610-240,v3.5.7,3.50,12.0,400,4912,2614,5578,3931,2731,6040,3808,2245,6175,3876,2733,6018,0,0,0,68,488,-157,517.1,3402.1,0.002,0.609,0.930,0.121,0.656,-3.696,471.4,1,0.4743,0.1353,-0.2929,-0.8191,0.0,0.0,0.2
198644,2026-08-29_06-24-53.645-240,v3.5.7,3.50,12.0,400,4912,2614,5578,3924,2712,6022,3808,2245,6175,3869,2714,6001,0,0,0,61,469,-174,503.9,3315.4,-0.015,0.600,0.921,12.020,-1.562,-1.744,460.4,1,0.4747,0.1432,-0.3044,-0.8133,0.0,0.0,0.2
198692,2026-08-29_06-24-53.693-240,v3.5.7,3.50,12.0,400,4905,2612,5557,3924,2712,6022,3804,2243,6153,3869,2714,6001,0,0,0,65,471,-152,499.2,3284.0,0.034,0.606,0.877,35.482,0.312,1.706,456.4,1,0.4661,0.1643,-0.3399,-0.8001,0.0,0.0,0.0
198723,2026-08-29_06-24-53.724-240,v3.5.7,3.50,12.0,400,5010,2622,5421,4088,2743,5935,3931,2255,6036,4037,2743,5913,0,0,0,106,488,-123,514.3,3383.6,0.055,0.619,0.871,48.976,-1.438,3.767,469.1,1,0.4521,0.1954,-0.3864,-0.7798,0.0,0.0,0.2
198752,2026-08-29_06-24-53.753-240,v3.5.7,3.50,12.0,400,5240,2626,5233,4088,2743,5935,4190,2260,5886,4037,2743,5913,0,0,0,-153,483,27,507.4,3338.0,0.041,0.634,0.862,63.832,-1.062,4.716,463.3,1,0.4311,0.2339,-0.4454,-0.7490,0.0,0.0,0.2
198802,2026-08-29_06-24-53.804-240,v3.5.7,3.50,12.0,400,5240,2626,5233,4314,2744,5716,4190,2260,5886,4268,2742,5695,0,0,0,78,482,-191,524.3,3449.3,0.102,0.642,0.822,85.620,-2.703,6.985,477.5,1,0.3988,0.2848,-0.5190,-0.7004,0.0,0.0,0.2
198829,2026-08-29_06-24-53.830-240,v3.5.7,3.50,12.0,400,5544,2629,4867,4708,2744,5372,4553,2268,5574,4671,2737,5351,0,0,0,118,469,-223,532.6,3503.6,0.106,0.531,0.763,108.463,-1.609,10.738,484.4,1,0.3487,0.3440,-0.6036,-0.6291,0.0,0.0,0.2
198873,2026-08-29_06-24-53.874-240,v3.5.7,3.50,12.0,400,5941,2633,4311,4708,2744,5372,5039,2280,5089,4671,2737,5351,0,0,0,-368,457,262,642.6,4227.5,0.011,0.608,0.609,151.940,-3.297,17.355,576.7,1,0.2674,0.4183,-0.7015,-0.5114,0.0,0.0,0.2
198906,2026-08-29_06-24-53.909-240,v3.5.7,3.50,12.0,400,5941,2633,4311,5261,2774,4788,5039,2280,5089,5238,2760,4770,0,0,0,199,480,-319,609.7,4011.3,0.141,0.582,0.399,192.473,-0.984,23.561,549.2,1,0.1483,0.4897,-0.7890,-0.3402,0.0,0.0,0.0
199114,2026-08-29_06-24-53.115-240,v3.5.7,3.50,12.0,400,7311,2692,-377,7123,2902,673,7179,2440,708,7163,2856,685,0,0,0,-16,416,-23,416.9,2743.0,0.092,1.297,0.102,0.362,-0.219,-0.967,387.4,1,0.1488,0.4889,-0.7897,-0.3396,0.0,0.0,0.2
199163,2026-08-29_06-24-53.164-240,v3.5.7,3.50,12.0,400,7327,2675,-385,7123,2902,673,7196,2423,702,7163,2856,685,0,0,0,-33,433,-17,434.6,2859.1,0.054,1.111,0.126,-1.672,-0.844,-1.958,402.2,1,0.1515,0.4869,-0.7900,-0.3404,0.0,0.0,0.2
199192,2026-08-29_06-24-53.194-240,v3.5.7,3.50,12.0,400,7332,2684,-382,7137,2897,651,7201,2432,706,7178,2851,663,0,0,0,-23,419,-43,421.8,2775.2,0.049,1.077,0.119,-2.827,-0.750,-4.990,391.5,1,0.1562,0.4817,-0.7916,-0.3419,0.0,0.0,0.0
199229,2026-08-29_06-24-53.231-240,v3.5.7,3.50,12.0,400,7318,2678,-374,7133,2906,649,7186,2426,712,7173,2860,662,0,0,0,-13,434,-50,437.1,2875.4,0.058,1.088,0.109,-2.391,-1.562,-3.329,404.3,1,0.1607,0.4786,-0.7922,-0.3428,0.0,0.0,0.0
199277,2026-08-29_06-24-53.278-240,v3.5.7,3.50,12.0,400,7318,2678,-374,7133,2906,649,7186,2426,712,7173,2860,662,0,0,0,-13,434,-50,437.1,2875.4,0.055,1.089,0.114,-2.200,-1.391,-2.717,404.3,1,0.1646,0.4760,-0.7926,-0.3437,0.0,0.0,0.2
199305,2026-08-29_06-24-53.309-240,v3.5.7,3.51,12.0,400,7299,2684,-394,7133,2922,646,7170,2433,689,7173,2876,659,0,0,0,3,443,-30,444.0,2921.2,0.059,1.088,0.115,-2.733,-0.969,-3.546,410.1,1,0.1688,0.4723,-0.7933,-0.3452,0.0,0.0,0.2
199354,2026-08-29_06-24-53.355-240,v3.5.7,3.51,12.0,400,7304,2678,-380,7141,2907,664,7173,2426,704,7181,2861,676,0,0,0,8,435,-28,436.0,2868.2,0.061,1.090,0.118,-0.202,-0.438,-0.100,403.3,1,0.1694,0.4723,-0.7931,-0.3452,0.0,0.0,0.0
199398,2026-08-29_06-24-53.399-240,v3.5.7,3.51,12.0,400,7307,2688,-391,7141,2907,664,7177,2437,693,7181,2861,676,0,0,0,4,424,-17,424.4,2791.8,0.057,1.090,0.115,-2.798,-0.781,-3.346,393.6,1,0.1734,0.4687,-0.7937,-0.3469,0.0,0.0,0.2
199439,2026-08-29_06-24-53.441-240,v3.5.7,3.51,12.0,400,7307,2688,-391,7120,2900,665,7177,2437,693,7160,2854,677,0,0,0,-17,417,-16,417.7,2747.7,0.062,1.089,0.117,-1.718,-0.844,-3.663,388.0,1,0.1769,0.4650,-0.7949,-0.3474,0.0,0.0,0.0
199488,2026-08-29_06-24-54.489-240,v3.5.7,3.51,12.0,400,7294,2675,-398,7140,2881,671,7166,2424,685,7181,2835,683,0,0,0,15,411,-2,411.3,2705.8,0.055,1.091,0.122,-2.241,-0.766,-3.289,382.6,1,0.1805,0.4615,-0.7956,-0.3485,0.0,0.0,0.0
199519,2026-08-29_06-24-54.521-240,v3.5.7,3.51,12.0,400,7301,2680,-383,7140,2881,671,7170,2428,700,7181,2835,683,0,0,0,11,407,-17,407.5,2680.9,0.056,1.089,0.117,-2.304,-1.016,-2.928,379.4,1,0.1841,0.4585,-0.7960,-0.3496,0.0,0.0,0.0
199548,2026-08-29_06-24-54.550-240,v3.5.7,3.51,12.0,400,7299,2680,-391,7132,2905,673,7170,2429,692,7172,2859,685,0,0,0,2,430,-7,430.1,2829.4,0.059,1.090,0.116,-2.243,-0.750,-3.667,398.4,1,0.1879,0.4546,-0.7969,-0.3507,0.0,0.0,0.2
199593,2026-08-29_06-24-54.594-240,v3.5.7,3.51,12.0,400,7299,2680,-391,7135,2906,660,7170,2429,692,7175,2860,672,0,0,0,5,431,-20,431.5,2838.8,0.059,1.089,0.121,-2.839,-1.047,-2.980,399.6,1,0.1919,0.4514,-0.7970,-0.3523,0.0,0.0,0.2
199632,2026-08-29_06-24-54.633-240,v3.5.7,3.51,12.0,400,7312,2685,-388,7135,2906,660,7182,2433,697,7175,2860,672,0,0,0,-7,427,-25,427.8,2814.4,0.055,1.090,0.121,-2.012,-0.594,-4.016,396.5,1,0.1955,0.4471,-0.7982,-0.3531,0.0,0.0,0.2
199660,2026-08-29_06-24-54.664-240,v3.5.7,3.51,12.0,400,7307,2674,-397,7137,2900,667,7178,2423,688,7177,2854,679,0,0,0,-1,431,-9,431.1,2836.2,0.058,1.089,0.120,-3.935,-0.609,-6.659,399.2,1,0.2013,0.4398,-0.8000,-0.3552,0.0,0.0,0.2
199697,2026-08-29_06-24-54.698-240,v3.5.7,3.51,12.0,400,7307,2674,-397,7131,2907,657,7178,2423,688,7171,2861,669,0,0,0,-7,438,-19,438.5,2884.7,0.060,1.091,0.118,-2.669,-0.609,-3.186,405.4,1,0.2048,0.4361,-0.8003,-0.3568,0.0,0.0,0.2
199749,2026-08-29_06-24-54.751-240,v3.5.7,3.51,12.0,400,7306,2679,-389,7131,2907,657,7176,2427,695,7171,2861,669,0,0,0,-5,434,-26,434.8,2860.6,0.056,1.090,0.117,-2.289,-0.547,-3.839,402.4,1,0.2084,0.4319,-0.8012,-0.3579,0.0,0.0,0.2
199777,2026-08-29_06-24-54.779-240,v3.5.7,3.51,12.0,400,7309,2665,-397,7116,2881,651,7180,2414,688,7156,2835,664,0,0,0,-24,421,-24,422.4,2778.7,0.061,1.089,0.119,-1.874,-0.688,-2.996,391.9,1,0.2115,0.4287,-0.8018,-0.3587,0.0,0.0,0.2
199809,2026-08-29_06-24-54.811-240,v3.5.7,3.51,12.0,400,7306,2687,-382,7116,2881,651,7175,2435,702,7156,2835,664,0,0,0,-19,400,-38,402.2,2646.4,0.057,1.089,0.118,-2.029,-0.547,-3.952,375.0,1,0.2150,0.4244,-0.8028,-0.3595,0.0,0.0,0.0
199859,2026-08-29_06-24-54.860-240,v3.5.7,3.51,12.0,400,7306,2687,-382,7123,2899,660,7175,2435,702,7163,2853,672,0,0,0,-12,418,-30,419.2,2758.2,0.058,1.090,0.117,-1.909,-1.203,-3.463,389.3,1,0.2188,0.4209,-0.8034,-0.3600,0.0,0.0,0.0
199888,2026-08-29_06-24-54.889-240,v3.5.7,3.51,12.0,400,7309,2674,-391,7130,2877,671,7179,2422,694,7170,2831,683,0,0,0,-9,409,-11,409.2,2692.4,0.058,1.088,0.118,-2.121,-0.719,-3.268,380.9,1,0.2222,0.4173,-0.8039,-0.3609,0.0,0.0,0.2
199923,2026-08-29_06-24-54.924-240,v3.5.7,3.51,12.0,400,7305,2680,-377,7130,2877,671,7173,2428,707,7170,2831,683,0,0,0,-3,403,-24,403.7,2656.1,0.057,1.090,0.116,-1.730,-1.062,-3.403,376.3,1,0.2258,0.4138,-0.8045,-0.3613,0.0,0.0,0.2
199962,2026-08-29_06-24-54.963-240,v3.5.7,3.51,12.0,400,7305,2680,-377,7137,2912,658,7173,2428,707,7177,2866,670,0,0,0,4,438,-37,439.6,2892.0,0.057,1.090,0.117,-2.528,-1.250,-3.159,406.4,1,0.2299,0.4105,-0.8046,-0.3624,0.0,0.0,0.2
199990,2026-08-29_06-24-54.994-240,v3.5.7,3.51,12.0,400,7302,2681,-384,7130,2906,659,7171,2429,699,7170,2860,671,0,0,0,-1,431,-28,431.9,2841.5,0.058,1.088,0.118,-2.358,-1.109,-3.366,399.9,1,0.2338,0.4069,-0.8049,-0.3633,0.0,0.0,0.2
200039,2026-08-29_06-24-54.041-240,v3.5.7,3.51,12.0,400,7296,2674,-392,7130,2906,659,7167,2423,691,7170,2860,671,0,0,0,3,437,-20,437.5,2878.1,0.057,1.088,0.116,-2.509,-1.203,-2.972,404.6,1,0.2377,0.4036,-0.8048,-0.3644,0.0,0.0,0.2
200066,2026-08-29_06-24-54.068-240,v3.5.7,3.51,12.0,400,7296,2674,-392,7126,2916,662,7167,2423,691,7166,2870,674,0,0,0,-1,447,-17,447.3,2942.9,0.058,1.090,0.120,-2.360,-0.703,-3.275,412.9,1,0.2411,0.3999,-0.8051,-0.3656,0.0,0.0,0.2
200102,2026-08-29_06-24-54.104-240,v3.5.7,3.51,12.0,400,7306,2674,-407,7126,2916,662,7179,2423,678,7166,2870,674,0,0,0,-13,447,-4,447.2,2942.2,0.058,1.089,0.118,-2.047,-1.266,-3.671,412.8,1,0.2452,0.3962,-0.8056,-0.3660,0.0,0.0,0.2
200130,2026-08-29_06-24-54.132-240,v3.5.7,3.51,12.0,400,7305,2680,-392,7133,2902,657,7176,2429,692,7173,2856,669,0,0,0,-3,427,-23,427.6,2813.4,0.056,1.089,0.120,-2.005,-0.969,-3.660,396.3,1,0.2489,0.3923,-0.8061,-0.3665,0.0,0.0,0.2
200175,2026-08-29_06-24-54.178-240,v3.5.7,3.51,12.0,400,7305,2680,-392,7142,2908,664,7176,2429,692,7182,2862,676,0,0,0,6,433,-16,433.3,2850.9,0.056,1.090,0.119,-2.256,-0.781,-3.533,401.1,1,0.2525,0.3883,-0.8065,-0.3674,0.0,0.0,0.2
200222,2026-08-29_06-24-54.224-240,v3.5.7,3.51,12.0,400,7309,2652,-368,7142,2908,664,7176,2400,716,7182,2862,676,0,0,0,6,462,-40,463.8,3051.1,0.056,1.090,0.118,-2.679,-1.062,-3.577,426.7,1,0.2566,0.3843,-0.8066,-0.3686,0.0,0.0,0.2
200251,2026-08-29_06-24-54.253-240,v3.5.7,3.51,12.0,400,7310,2680,-394,7128,2910,663,7181,2429,691,7168,2864,675,0,0,0,-13,435,-16,435.5,2865.1,0.057,1.088,0.116,1.088,-1.125,-6.023,402.9,1,0.2600,0.3791,-0.8096,-0.3651,0.0,0.0,0.2
200279,2026-08-29_06-24-54.281-240,v3.5.7,3.51,12.0,400,7310,2680,-394,7128,2910,663,7181,2429,691,7168,2864,675,0,0,0,-13,435,-16,435.5,2865.1,0.060,1.087,0.121,-2.199,-0.766,-3.403,402.9,1,0.2634,0.3752,-0.8099,-0.3660,0.0,0.0,0.0
200309,2026-08-29_06-24-54.311-240,v3.5.7,3.51,12.0,400,7287,2674,-397,7129,2886,681,7159,2423,685,7169,2840,693,0,0,0,10,417,8,417.2,2744.7,0.059,1.090,0.117,-2.196,-0.984,-3.459,387.6,1,0.2671,0.3714,-0.8101,-0.3667,0.0,0.0,0.0
200337,2026-08-29_06-24-54.339-240,v3.5.7,3.51,12.0,400,7311,2685,-334,7129,2886,681,7172,2432,750,7169,2840,693,0,0,0,-3,408,-57,412.0,2710.4,0.056,1.088,0.117,-2.564,-0.656,-3.535,383.2,1,0.2707,0.3672,-0.8103,-0.3679,0.0,0.0,0.2
200384,2026-08-29_06-24-54.385-240,v3.5.7,3.51,12.0,400,7311,2685,-334,7136,2905,665,7172,2432,750,7176,2859,677,0,0,0,4,427,-73,433.2,2850.1,0.056,1.090,0.116,-2.183,-0.625,-4.062,401.0,1,0.2742,0.3626,-0.8108,-0.3686,0.0,0.0,0.2
200411,2026-08-29_06-24-54.412-240,v3.5.7,3.51,12.0,400,7299,2679,-351,7069,2910,650,7163,2427,731,7108,2864,663,0,0,0,-55,437,-68,445.7,2932.0,0.059,1.091,0.118,-2.444,-0.875,-3.514,411.5,1,0.2779,0.3586,-0.8109,-0.3696,0.0,0.0,0.2
200454,2026-08-29_06-24-54.455-240,v3.5.7,3.51,12.0,400,7307,2678,-398,7069,2910,650,7179,2427,687,7108,2864,663,0,0,0,-71,437,-24,443.4,2917.0,0.064,1.088,0.122,-2.255,-1.125,-3.624,409.6,1,0.2818,0.3546,-0.8110,-0.3702,0.0,0.0,0.2
200494,2026-08-29_06-24-55.495-240,v3.5.7,3.51,12.0,400,7307,2678,-398,7132,2896,670,7179,2427,687,7172,2850,682,0,0,0,-7,423,-5,423.1,2783.5,0.061,1.087,0.116,-2.428,-1.312,-3.487,392.5,1,0.2859,0.3508,-0.8109,-0.3710,0.0,0.0,0.2
200523,2026-08-29_06-24-55.524-240,v3.5.7,3.51,12.0,400,7302,2683,-403,7135,2905,657,7174,2432,681,7175,2859,669,0,0,0,1,427,-12,427.2,2810.3,0.062,1.090,0.120,-1.772,-0.859,-3.632,395.9,1,0.2893,0.3468,-0.8113,-0.3712,0.0,0.0,0.2
200569,2026-08-29_06-24-55.571-240,v3.5.7,3.51,12.0,400,7302,2683,-401,7135,2905,657,7174,2432,683,7175,2859,669,0,0,0,1,427,-14,427.2,2810.7,0.058,1.089,0.119,1.224,-1.141,-5.506,396.0,1,0.2925,0.3422,-0.8138,-0.3676,0.0,0.0,0.0
200599,2026-08-29_06-24-55.600-240,v3.5.7,3.51,12.0,400,7302,2683,-401,7130,2916,655,7174,2432,683,7170,2870,668,0,0,0,-4,438,-15,438.3,2883.4,0.060,1.090,0.119,-1.865,-1.328,-3.542,405.3,1,0.2963,0.3385,-0.8139,-0.3678,0.0,0.0,0.2
200643,2026-08-29_06-24-55.644-240,v3.5.7,3.51,12.0,400,7308,2680,-397,7127,2886,665,7179,2429,688,7167,2840,677,0,0,0,-12,411,-11,411.3,2706.1,0.061,1.088,0.118,-2.218,-1.625,-3.717,382.6,1,0.3007,0.3346,-0.8137,-0.3681,0.0,0.0,0.2
200688,2026-08-29_06-24-55.690-240,v3.5.7,3.51,12.0,400,7308,2686,-397,7127,2886,665,7179,2435,688,7167,2840,677,0,0,0,-12,405,-11,405.3,2666.6,0.059,1.087,0.119,-2.273,-1.141,-3.343,377.6,1,0.3044,0.3308,-0.8136,-0.3688,0.0,0.0,0.2
200719,2026-08-29_06-24-55.721-240,v3.5.7,3.51,12.0,400,7331,2691,-400,7122,2885,664,7203,2439,688,7162,2839,676,0,0,0,-41,400,-12,402.3,2646.5,0.059,1.089,0.116,-2.817,-0.875,-3.191,375.1,1,0.3080,0.3269,-0.8132,-0.3702,0.0,0.0,0.0
200752,2026-08-29_06-24-55.754-240,v3.5.7,3.51,12.0,400,7331,2691,-400,7122,2899,652,7203,2439,688,7162,2853,665,0,0,0,-41,414,-23,416.7,2741.2,0.058,1.089,0.116,-2.280,-1.078,-3.573,387.1,1,0.3117,0.3229,-0.8131,-0.3708,0.0,0.0,0.2
200809,2026-08-29_06-24-55.811-240,v3.5.7,3.51,12.0,400,7301,2681,-400,7122,2899,652,7173,2430,684,7162,2853,665,0,0,0,-11,423,-19,423.6,2786.6,0.058,1.089,0.119,-2.224,-0.750,-3.227,392.9,1,0.3149,0.3190,-0.8130,-0.3716,0.0,0.0,0.2
200836,2026-08-29_06-24-55.838-240,v3.5.7,3.51,12.0,400,7303,2683,-388,7134,2920,649,7173,2432,696,7174,2874,662,0,0,0,1,442,-34,443.3,2916.5,0.060,1.088,0.119,-2.223,-0.922,-3.570,409.5,1,0.3184,0.3149,-0.8129,-0.3722,0.0,0.0,0.0
200865,2026-08-29_06-24-55.869-240,v3.5.7,3.51,12.0,400,7303,2683,-388,7134,2920,649,7173,2432,696,7174,2874,662,0,0,0,1,442,-34,443.3,2916.5,0.056,1.091,0.119,-2.856,-1.516,-3.385,409.5,1,0.3227,0.3110,-0.8123,-0.3733,0.0,0.0,0.2
200894,2026-08-29_06-24-55.896-240,v3.5.7,3.51,12.0,400,7303,2678,-363,7124,2903,676,7169,2426,720,7164,2857,688,0,0,0,-5,431,-32,432.2,2843.5,0.058,1.089,0.118,-0.122,-0.844,-0.525,400.2,1,0.3239,0.3108,-0.8120,-0.3730,0.0,0.0,0.2
200923,2026-08-29_06-24-55.924-240,v3.5.7,3.51,12.0,400,7307,2689,-378,7124,2903,676,7175,2437,706,7164,2857,688,0,0,0,-11,420,-18,420.5,2766.6,0.057,1.089,0.117,-1.895,-1.297,-3.344,390.4,1,0.3276,0.3073,-0.8118,-0.3732,0.0,0.0,0.2
200967,2026-08-29_06-24-55.969-240,v3.5.7,3.51,12.0,400,7307,2689,-378,7086,2906,661,7175,2437,706,7126,2860,674,0,0,0,-49,423,-32,427.0,2809.4,0.056,1.087,0.117,-2.059,-1.188,-3.286,395.8,1,0.3312,0.3036,-0.8115,-0.3736,0.0,0.0,0.2
201000,2026-08-29_06-24-55.004-240,v3.5.7,3.51,12.0,400,7313,2683,-393,7127,2906,670,7184,2431,692,7167,2860,682,0,0,0,-17,429,-10,429.5,2825.3,0.056,1.089,0.118,-2.603,-0.984,-3.603,397.9,1,0.3349,0.2993,-0.8112,-0.3745,0.0,0.0,0.2
201035,2026-08-29_06-24-55.037-240,v3.5.7,3.51,12.0,400,7307,2685,-394,7127,2906,670,7178,2434,690,7167,2860,682,0,0,0,-11,426,-8,426.2,2804.1,0.057,1.089,0.116,-2.640,-0.969,-3.510,395.1,1,0.3385,0.2951,-0.8108,-0.3755,0.0,0.0,0.2
201073,2026-08-29_06-24-55.074-240,v3.5.7,3.51,12.0,400,7307,2685,-394,7133,2909,649,7178,2434,690,7173,2863,662,0,0,0,-5,429,-28,429.9,2828.6,0.060,1.088,0.119,-1.788,-1.219,-3.316,398.3,1,0.3420,0.2915,-0.8105,-0.3756,0.0,0.0,0.2
201102,2026-08-29_06-24-55.103-240,v3.5.7,3.51,12.0,400,7303,2685,-392,7136,2894,681,7174,2434,692,7176,2848,693,0,0,0,2,414,1,414.0,2723.7,0.058,1.087,0.116,0.784,-1.312,-0.705,384.9,1,0.3435,0.2918,-0.8105,-0.3741,0.0,0.0,0.2
201155,2026-08-29_06-24-55.159-240,v3.5.7,3.51,12.0,400,7299,2681,-386,7136,2894,681,7169,2430,697,7176,2848,693,0,0,0,7,418,-4,418.1,2750.5,0.056,1.088,0.117,-2.965,-0.922,-2.979,388.3,1,0.3469,0.2879,-0.8097,-0.3756,0.0,0.0,0.2
201184,2026-08-29_06-24-55.185-240,v3.5.7,3.51,12.0,400,7307,2680,-391,7135,2900,660,7177,2429,693,7175,2854,672,0,0,0,-2,425,-21,425.5,2799.5,0.058,1.088,0.118,-2.451,-0.781,-3.402,394.6,1,0.3502,0.2837,-0.8094,-0.3765,0.0,0.0,0.2
201229,2026-08-29_06-24-55.231-240,v3.5.7,3.51,12.0,400,7307,2680,-391,7131,2908,665,7177,2429,693,7171,2862,677,0,0,0,-6,433,-16,433.3,2850.9,0.058,1.092,0.120,-2.001,-0.938,-3.247,401.1,1,0.3535,0.2800,-0.8091,-0.3769,0.0,0.0,0.0
201274,2026-08-29_06-24-55.275-240,v3.5.7,3.51,12.0,400,7316,2668,-396,7131,2908,665,7187,2416,690,7171,2862,677,0,0,0,-16,446,-13,446.5,2937.3,0.060,1.089,0.121,-2.209,-1.297,-3.326,412.2,1,0.3571,0.2763,-0.8085,-0.3773,0.0,0.0,0.2
201321,2026-08-29_06-24-55.322-240,v3.5.7,3.51,12.0,400,7297,2684,-395,7132,2899,655,7168,2433,688,7172,2853,667,0,0,0,4,420,-21,420.5,2766.7,0.059,1.092,0.116,-2.174,-0.938,-3.454,390.4,1,0.3605,0.2722,-0.8082,-0.3778,0.0,0.0,0.2
201349,2026-08-29_06-24-55.351-240,v3.5.7,3.51,12.0,400,7304,2682,-393,7125,2914,660,7175,2431,691,7165,2868,672,0,0,0,-10,437,-19,437.5,2878.5,0.056,1.085,0.116,-2.092,-1.141,-3.249,404.6,1,0.3639,0.2685,-0.8077,-0.3782,0.0,0.0,0.2
201388,2026-08-29_06-24-55.389-240,v3.5.7,3.51,12.0,400,7304,2682,-393,7125,2914,660,7175,2431,691,7165,2868,672,0,0,0,-10,437,-19,437.5,2878.5,0.056,1.090,0.119,0.903,-1.250,-5.717,404.6,1,0.3676,0.2637,-0.8094,-0.3744,0.0,0.0,0.2
201417,2026-08-29_06-24-55.419-240,v3.5.7,3.51,12.0,400,7270,2677,-340,7147,2912,640,7132,2425,738,7188,2866,653,0,0,0,56,441,-85,452.6,2977.6,0.057,1.090,0.116,-1.750,-1.094,-3.500,417.3,1,0.3710,0.2599,-0.8091,-0.3743,0.0,0.0,0.2
201449,2026-08-29_06-24-55.451-240,v3.5.7,3.51,12.0,400,7312,2679,-377,7147,2912,640,7180,2427,708,7188,2866,653,0,0,0,8,439,-55,442.5,2911.2,0.061,1.087,0.117,-1.934,-1.422,-3.881,408.8,1,0.3749,0.2557,-0.8087,-0.3742,0.0,0.0,0.2
201493,2026-08-29_06-24-56.494-240,v3.5.7,3.51,12.0,400,7312,2679,-377,7106,2902,654,7180,2427,708,7146,2856,667,0,0,0,-34,429,-41,432.3,2844.0,0.064,1.089,0.119,-1.910,-1.578,-3.371,400.2,1,0.3787,0.2522,-0.8081,-0.3741,0.0,0.0,0.2
201523,2026-08-29_06-24-56.524-240,v3.5.7,3.51,12.0,400,7303,2667,-389,7143,2899,686,7173,2415,695,7183,2853,698,0,0,0,10,438,3,438.1,2882.4,0.060,1.089,0.115,-2.315,-1.094,-3.697,405.1,1,0.3823,0.2479,-0.8075,-0.3745,0.0,0.0,0.2
201563,2026-08-29_06-24-56.564-240,v3.5.7,3.51,12.0,400,7308,2670,-394,7143,2899,686,7179,2419,691,7183,2853,698,0,0,0,4,434,7,434.1,2855.8,0.060,1.088,0.116,-2.022,-1.062,-3.596,401.7,1,0.3857,0.2438,-0.8071,-0.3747,0.0,0.0,0.2
201597,2026-08-29_06-24-56.599-240,v3.5.7,3.51,12.0,400,7308,2670,-394,7134,2901,658,7179,2419,691,7174,2855,670,0,0,0,-5,436,-21,436.5,2871.9,0.054,1.090,0.118,-2.488,-1.219,-3.904,403.8,1,0.3896,0.2392,-0.8064,-0.3750,0.0,0.0,0.2
201624,2026-08-29_06-24-56.625-240,v3.5.7,3.51,12.0,400,7304,2672,-392,7134,2901,658,7175,2421,692,7174,2855,670,0,0,0,-1,434,-22,434.6,2858.9,0.061,1.090,0.130,-2.010,-1.125,-3.638,402.1,1,0.3930,0.2351,-0.8059,-0.3751,0.0,0.0,0.2
201653,2026-08-29_06-24-56.654-240,v3.5.7,3.51,12.0,400,7304,2672,-392,7128,2901,667,7175,2421,692,7168,2855,679,0,0,0,-7,434,-13,434.3,2856.9,0.060,1.090,0.118,-1.916,-0.391,-3.693,401.9,1,0.3957,0.2306,-0.8058,-0.3752,0.0,0.0,0.2
201681,2026-08-29_06-24-56.682-240,v3.5.7,3.51,12.0,400,7308,2683,-380,7128,2901,667,7177,2431,704,7168,2855,679,0,0,0,-9,424,-25,424.8,2794.9,0.058,1.091,0.118,-2.009,-0.500,-3.387,394.0,1,0.3984,0.2264,-0.8055,-0.3756,0.0,0.0,0.2
201711,2026-08-29_06-24-56.713-240,v3.5.7,3.51,12.0,400,7308,2683,-380,7138,2899,660,7177,2431,704,7179,2853,672,0,0,0,2,422,-32,423.2,2784.3,0.057,1.089,0.112,-1.678,-1.188,-3.343,392.6,1,0.4017,0.2228,-0.8050,-0.3754,0.0,0.0,0.2
201758,2026-08-29_06-24-56.761-240,v3.5.7,3.51,12.0,400,7309,2674,-425,7129,2904,660,7185,2423,660,7169,2858,672,0,0,0,-16,435,12,435.5,2864.9,0.058,1.091,0.119,-4.279,-1.031,-6.568,402.9,1,0.4070,0.2145,-0.8042,-0.3763,0.0,0.0,0.2
201799,2026-08-29_06-24-56.801-240,v3.5.7,3.51,12.0,400,7305,2682,-386,7129,2904,660,7175,2430,698,7169,2858,672,0,0,0,-6,428,-26,428.8,2821.3,0.067,1.093,0.132,-2.101,-0.766,-3.514,397.3,1,0.4100,0.2103,-0.8037,-0.3765,0.0,0.0,0.0
201826,2026-08-29_06-24-56.828-240,v3.5.7,3.51,12.0,400,7314,2658,-393,7124,2909,658,7185,2406,693,7164,2863,670,0,0,0,-21,457,-23,458.1,3013.6,0.060,1.090,0.120,-2.264,-1.109,-3.546,421.9,1,0.4134,0.2061,-0.8029,-0.3768,0.0,0.0,0.2
201865,2026-08-29_06-24-56.869-240,v3.5.7,3.51,12.0,400,7314,2658,-393,7122,2902,662,7185,2406,693,7162,2856,674,0,0,0,-23,450,-19,451.0,2967.0,0.061,1.090,0.118,-2.169,-1.172,-3.475,415.9,1,0.4168,0.2021,-0.8020,-0.3771,0.0,0.0,0.2
201913,2026-08-29_06-24-56.915-240,v3.5.7,3.51,12.0,400,7309,2682,-383,7122,2902,662,7178,2430,701,7162,2856,674,0,0,0,-16,426,-27,427.2,2810.2,0.054,1.088,0.114,-2.125,-0.609,-3.681,395.9,1,0.4197,0.1976,-0.8015,-0.3773,0.0,0.0,0.2
201943,2026-08-29_06-24-56.944-240,v3.5.7,3.51,12.0,400,7331,2682,-373,7137,2920,667,7198,2430,715,7177,2874,679,0,0,0,-21,444,-36,446.0,2933.9,0.054,1.092,0.121,-2.054,-1.078,-3.902,411.7,1,0.4231,0.1931,-0.8009,-0.3772,0.0,0.0,0.2
201972,2026-08-29_06-24-56.974-240,v3.5.7,3.51,12.0,400,7331,2682,-373,7137,2920,667,7198,2430,715,7177,2874,679,0,0,0,-21,444,-36,446.0,2933.9,0.053,1.090,0.130,-2.762,-1.266,-3.439,411.7,1,0.4267,0.1889,-0.7996,-0.3780,0.0,0.0,0.0
202023,2026-08-29_06-24-56.024-240,v3.5.7,3.51,12.0,400,7305,2681,-388,7133,2915,654,7175,2429,696,7173,2869,666,0,0,0,-2,440,-30,441.0,2901.5,0.058,1.087,0.113,-2.210,-1.125,-3.234,407.6,1,0.4299,0.1850,-0.7986,-0.3783,0.0,0.0,0.2
202051,2026-08-29_06-24-56.052-240,v3.5.7,3.51,12.0,400,7292,2709,-378,7134,2905,662,7160,2458,704,7174,2859,674,0,0,0,14,401,-30,402.4,2647.1,0.062,1.086,0.132,-2.677,-0.656,-3.199,375.1,1,0.4327,0.1807,-0.7977,-0.3793,0.0,0.0,0.2
202094,2026-08-29_06-24-56.095-240,v3.5.7,3.51,12.0,400,7309,2684,-391,7134,2905,662,7179,2433,694,7174,2859,674,0,0,0,-5,426,-20,426.5,2805.9,0.067,1.092,0.126,-2.210,-0.719,-3.109,395.4,1,0.4354,0.1768,-0.7968,-0.3798,0.0,0.0,0.2
202129,2026-08-29_06-24-56.131-240,v3.5.7,3.51,12.0,400,7309,2684,-391,7136,2900,671,7179,2433,694,7176,2854,683,0,0,0,-3,421,-11,421.2,2770.8,0.060,1.090,0.114,-2.181,-0.859,-4.153,390.9,1,0.4387,0.1719,-0.7962,-0.3797,0.0,0.0,0.0
202159,2026-08-29_06-24-56.161-240,v3.5.7,3.51,12.0,400,7322,2685,-389,7131,2901,666,7192,2433,698,7171,2855,678,0,0,0,-21,422,-20,423.0,2782.9,0.056,1.089,0.122,-2.252,-1.188,-3.120,392.4,1,0.4418,0.1682,-0.7950,-0.3801,0.0,0.0,0.2
202209,2026-08-29_06-24-56.211-240,v3.5.7,3.51,12.0,400,7304,2676,-392,7131,2901,666,7175,2425,692,7171,2855,678,0,0,0,-4,430,-14,430.2,2830.6,0.061,1.089,0.116,-1.729,-0.938,-3.494,398.5,1,0.4448,0.1642,-0.7943,-0.3798,0.0,0.0,0.0
202237,2026-08-29_06-24-56.239-240,v3.5.7,3.51,12.0,400,7297,2675,-394,7131,2909,657,7168,2424,689,7171,2863,669,0,0,0,3,439,-20,439.5,2891.2,0.059,1.089,0.117,-2.439,-0.609,-3.662,406.3,1,0.4476,0.1596,-0.7935,-0.3802,0.0,0.0,0.2
202289,2026-08-29_06-24-56.291-240,v3.5.7,3.51,12.0,400,7297,2675,-394,7127,2901,659,7168,2424,689,7167,2855,671,0,0,0,-1,431,-18,431.4,2838.0,0.058,1.087,0.118,-2.597,-0.766,-3.372,399.5,1,0.4505,0.1552,-0.7924,-0.3809,0.0,0.0,0.0
202327,2026-08-29_06-24-56.328-240,v3.5.7,3.51,12.0,400,7312,2679,-401,7127,2901,659,7184,2428,684,7167,2855,671,0,0,0,-17,427,-13,427.5,2812.7,0.063,1.092,0.125,-2.792,-1.016,-3.242,396.3,1,0.4536,0.1509,-0.7910,-0.3818,0.0,0.0,0.2
202355,2026-08-29_06-24-56.359-240,v3.5.7,3.51,12.0,400,7297,2676,-393,7118,2902,680,7168,2425,690,7158,2856,692,0,0,0,-10,431,2,431.1,2836.3,0.061,1.091,0.114,-4.127,-1.422,-6.711,399.3,1,0.4590,0.1426,-0.7894,-0.3820,0.0,0.0,0.2
202389,2026-08-29_06-24-56.390-240,v3.5.7,3.51,12.0,400,7297,2676,-393,7118,2902,680,7168,2425,690,7158,2856,692,0,0,0,-10,431,2,431.1,2836.3,0.060,1.091,0.120,-2.101,-1.156,-3.171,399.3,1,0.4620,0.1389,-0.7882,-0.3822,0.0,0.0,0.2
202443,2026-08-29_06-24-56.444-240,v3.5.7,3.51,12.0,400,7315,2676,-390,7127,2903,645,7185,2424,696,7167,2857,658,0,0,0,-18,433,-38,435.0,2862.1,0.060,1.091,0.118,-1.968,-0.766,-3.627,402.5,1,0.4648,0.1346,-0.7873,-0.3820,0.0,0.0,0.2
202469,2026-08-29_06-24-56.471-240,v3.5.7,3.51,12.0,400,7316,2670,-380,7118,2900,662,7185,2418,706,7158,2854,674,0,0,0,-27,436,-32,438.0,2881.6,0.057,1.091,0.118,-2.348,-1.219,-3.191,405.0,1,0.4679,0.1307,-0.7859,-0.3824,0.0,0.0,0.2
202503,2026-08-29_06-24-57.504-240,v3.5.7,3.51,12.0,400,7304,2685,-389,7118,2900,662,7174,2434,695,7158,2854,674,0,0,0,-16,420,-21,420.8,2768.6,0.055,1.091,0.117,-2.031,-1.344,-3.392,390.6,1,0.4712,0.1269,-0.7846,-0.3824,0.0,0.0,0.2
202553,2026-08-29_06-24-57.554-240,v3.5.7,3.51,12.0,400,7304,2685,-389,7124,2902,659,7174,2434,695,7164,2856,671,0,0,0,-10,422,-24,422.8,2781.6,0.062,1.089,0.117,-2.045,-1.188,-3.167,392.3,1,0.4742,0.1232,-0.7834,-0.3825,0.0,0.0,0.2
202601,2026-08-29_06-24-57.603-240,v3.5.7,3.51,12.0,400,7299,2678,-393,7159,2910,637,7170,2427,690,7200,2864,649,0,0,0,30,437,-41,439.9,2894.4,0.059,1.090,0.120,-1.679,-1.031,-3.595,406.7,1,0.4771,0.1193,-0.7824,-0.3820,0.0,0.0,0.2
202629,2026-08-29_06-24-57.632-240,v3.5.7,3.51,12.0,400,7310,2676,-397,7135,2912,654,7181,2425,688,7175,2866,666,0,0,0,-6,441,-22,441.6,2905.2,0.062,1.090,0.119,-2.287,-0.922,-3.461,408.0,1,0.4800,0.1150,-0.7812,-0.3822,0.0,0.0,0.2
202676,2026-08-29_06-24-57.678-240,v3.5.7,3.51,12.0,400,7307,2681,-397,7135,2912,654,7178,2430,687,7175,2866,666,0,0,0,-3,436,-21,436.5,2871.8,0.056,1.089,0.113,-2.319,-1.406,-3.641,403.8,1,0.4834,0.1108,-0.7797,-0.3822,0.0,0.0,0.2
202710,2026-08-29_06-24-57.714-240,v3.5.7,3.51,12.0,400,7307,2681,-397,7126,2897,657,7178,2430,687,7166,2851,669,0,0,0,-12,421,-18,421.6,2773.4,0.060,1.088,0.126,-1.502,-0.922,-3.445,391.2,1,0.4862,0.1070,-0.7788,-0.3816,0.0,0.0,0.2
202740,2026-08-29_06-24-57.742-240,v3.5.7,3.51,12.0,400,7308,2689,-392,7126,2897,657,7179,2438,692,7166,2851,669,0,0,0,-13,413,-23,413.8,2722.7,0.061,1.091,0.117,-2.229,-0.797,-3.548,384.8,1,0.4889,0.1027,-0.7776,-0.3817,0.0,0.0,0.2
202769,2026-08-29_06-24-57.771-240,v3.5.7,3.51,12.0,400,7307,2697,-391,7113,2902,648,7177,2446,693,7153,2856,661,0,0,0,-24,410,-32,411.9,2710.2,0.055,1.093,0.116,-1.966,-1.281,-3.592,383.2,1,0.4921,0.0986,-0.7763,-0.3814,0.0,0.0,0.0
202811,2026-08-29_06-24-57.813-240,v3.5.7,3.51,12.0,400,7307,2697,-391,7137,2905,651,7177,2446,693,7178,2859,663,0,0,0,1,413,-30,414.1,2724.3,0.057,1.091,0.119,-1.992,-0.672,-3.325,385.0,1,0.4946,0.0946,-0.7753,-0.3814,0.0,0.0,0.0
202855,2026-08-29_06-24-57.859-240,v3.5.7,3.51,12.0,400,7313,2675,-399,7137,2905,651,7185,2424,686,7178,2859,663,0,0,0,-7,435,-23,435.7,2866.2,0.061,1.091,0.119,-1.942,-1.266,-3.552,403.1,1,0.4977,0.0906,-0.7739,-0.3811,0.0,0.0,0.2
202884,2026-08-29_06-24-57.886-240,v3.5.7,3.51,12.0,400,7317,2683,-396,7133,2895,654,7188,2432,690,7174,2849,666,0,0,0,-14,417,-24,417.9,2749.5,0.059,1.091,0.117,-2.521,-0.859,-3.741,388.2,1,0.5006,0.0859,-0.7725,-0.3812,0.0,0.0,0.2
202919,2026-08-29_06-24-57.921-240,v3.5.7,3.51,12.0,400,7317,2683,-396,7133,2895,654,7188,2432,690,7174,2849,666,0,0,0,-14,417,-24,417.9,2749.5,0.069,1.091,0.140,-2.034,-0.906,-3.805,388.2,1,0.5034,0.0815,-0.7713,-0.3809,0.0,0.0,0.0
202967,2026-08-29_06-24-57.968-240,v3.5.7,3.51,12.0,400,7326,2679,-397,7130,2909,633,7197,2427,690,7171,2863,646,0,0,0,-26,436,-44,439.0,2888.1,0.061,1.088,0.121,-1.810,-0.688,-3.448,405.9,1,0.5059,0.0774,-0.7702,-0.3806,0.0,0.0,0.0
202995,2026-08-29_06-24-57.999-240,v3.5.7,3.51,12.0,400,7297,2679,-411,7138,2912,645,7171,2428,672,7179,2866,658,0,0,0,8,438,-14,438.3,2883.5,0.058,1.089,0.117,-2.448,-1.094,-3.458,405.3,1,0.5088,0.0731,-0.7686,-0.3808,0.0,0.0,0.2
203029,2026-08-29_06-24-57.030-240,v3.5.7,3.51,12.0,400,7304,2685,-395,7138,2912,645,7175,2434,689,7179,2866,658,0,0,0,4,432,-31,433.1,2849.5,0.059,1.089,0.118,-2.556,-1.188,-3.522,400.9,1,0.5118,0.0687,-0.7669,-0.3810,0.0,0.0,0.2
203078,2026-08-29_06-24-57.079-240,v3.5.7,3.51,12.0,400,7304,2685,-395,7123,2911,675,7175,2434,689,7163,2865,687,0,0,0,-12,431,-2,431.2,2836.7,0.058,1.089,0.119,-2.228,-1.281,-3.296,399.3,1,0.5148,0.0648,-0.7652,-0.3811,0.0,0.0,0.2
203106,2026-08-29_06-24-57.109-240,v3.5.7,3.51,12.0,400,7311,2679,-379,7131,2910,657,7179,2427,706,7171,2864,669,0,0,0,-8,437,-37,438.6,2885.8,0.055,1.090,0.115,-2.310,-1.094,-3.376,405.6,1,0.5176,0.0607,-0.7636,-0.3812,0.0,0.0,0.2
203149,2026-08-29_06-24-57.151-240,v3.5.7,3.51,12.0,400,7308,2679,-399,7131,2910,657,7180,2428,686,7171,2864,669,0,0,0,-9,436,-17,436.4,2871.2,0.068,1.095,0.118,-2.544,-0.812,-2.843,403.7,1,0.5199,0.0568,-0.7620,-0.3819,0.0,0.0,0.2
203183,2026-08-29_06-24-57.185-240,v3.5.7,3.51,12.0,400,7308,2679,-399,7118,2900,659,7180,2428,686,7158,2854,671,0,0,0,-22,426,-15,426.8,2808.1,0.055,1.091,0.120,-1.774,-0.906,-3.667,395.7,1,0.5226,0.0527,-0.7607,-0.3813,0.0,0.0,0.2
203213,2026-08-29_06-24-57.214-240,v3.5.7,3.51,12.0,400,7315,2673,-396,7136,2911,661,7186,2421,690,7176,2865,673,0,0,0,-10,444,-17,444.4,2923.9,0.061,1.090,0.120,-2.696,-1.266,-3.513,410.4,1,0.5256,0.0483,-0.7588,-0.3817,0.0,0.0,0.2
203263,2026-08-29_06-24-57.264-240,v3.5.7,3.51,12.0,400,7300,2677,-392,7136,2911,661,7171,2426,691,7176,2865,673,0,0,0,5,439,-18,439.4,2890.8,0.078,1.096,0.111,-2.450,-0.641,-3.024,406.2,1,0.5278,0.0442,-0.7573,-0.3821,0.0,0.0,0.2
203293,2026-08-29_06-24-57.294-240,v3.5.7,3.51,12.0,400,7300,2677,-392,7139,2906,657,7171,2426,691,7180,2860,669,0,0,0,9,434,-22,434.7,2859.5,0.056,1.095,0.125,-1.798,-1.047,-3.833,402.2,1,0.5306,0.0400,-0.7559,-0.3814,0.0,0.0,0.2
203343,2026-08-29_06-24-57.345-240,v3.5.7,3.51,12.0,400,7308,2677,-397,7126,2913,683,7179,2426,688,7166,2867,695,0,0,0,-13,441,7,441.2,2902.9,0.055,1.089,0.114,-2.521,-1.500,-3.398,407.8,1,0.5338,0.0359,-0.7538,-0.3816,0.0,0.0,0.2
203381,2026-08-29_06-24-57.383-240,v3.5.7,3.51,12.0,400,7307,2689,-391,7126,2913,683,7177,2438,693,7166,2867,695,0,0,0,-11,429,2,429.1,2823.3,0.064,1.089,0.120,-2.207,-0.609,-3.417,397.6,1,0.5360,0.0316,-0.7524,-0.3815,0.0,0.0,0.0
203409,2026-08-29_06-24-57.411-240,v3.5.7,3.51,12.0,400,7306,2679,-379,7137,2897,673,7174,2427,705,7177,2851,685,0,0,0,3,424,-20,424.5,2792.6,0.080,1.089,0.111,-2.501,-1.500,-3.301,393.7,1,0.5391,0.0276,-0.7503,-0.3818,0.0,0.0,0.2
203447,2026-08-29_06-24-57.448-240,v3.5.7,3.51,12.0,400,7306,2679,-379,7126,2902,646,7174,2427,705,7166,2856,659,0,0,0,-8,429,-46,431.5,2839.0,0.047,1.092,0.125,-1.908,-0.875,-4.023,399.6,1,0.5418,0.0230,-0.7488,-0.3810,0.0,0.0,0.2
203502,2026-08-29_06-24-58.504-240,v3.5.7,3.51,12.0,400,7320,2687,-392,7126,2902,646,7190,2435,694,7166,2856,659,0,0,0,-24,421,-35,423.1,2783.8,0.037,1.098,0.108,-2.685,-1.125,-4.151,392.6,1,0.5449,0.0180,-0.7468,-0.3808,0.0,0.0,0.2
203530,2026-08-29_06-24-58.531-240,v3.5.7,3.51,12.0,400,7311,2681,-385,7121,2907,661,7180,2429,700,7161,2861,673,0,0,0,-19,432,-27,433.3,2850.4,0.011,1.091,0.102,-3.238,-1.719,-2.984,401.1,1,0.5479,0.0139,-0.7441,-0.3819,0.0,0.0,0.0
203560,2026-08-29_06-24-58.564-240,v3.5.7,3.51,12.0,400,7305,2667,-333,7121,2907,661,7166,2414,750,7161,2861,673,0,0,0,-5,447,-77,453.6,2984.3,0.079,1.081,0.120,-3.351,-1.516,-3.586,418.1,1,0.5511,0.0091,-0.7415,-0.3827,0.0,0.0,0.2
203604,2026-08-29_06-24-58.606-240,v3.5.7,3.51,12.0,400,7305,2667,-333,7103,2907,667,7166,2414,750,7143,2861,680,0,0,0,-23,447,-70,453.0,2980.5,0.107,1.246,0.107,-10.333,-0.578,-7.241,417.7,1,0.5551,-0.0044,-0.7361,-0.3874,0.0,0.0,0.2
203633,2026-08-29_06-24-58.634-240,v3.5.7,3.51,12.0,400,7319,2686,-342,7062,2899,695,7181,2433,743,7101,2854,708,0,0,0,-80,421,-35,430.0,2828.7,0.037,1.271,0.117,-27.423,0.016,-6.341,398.3,1,0.5576,-0.0292,-0.7222,-0.4082,0.0,0.0,0.2
203672,2026-08-29_06-24-58.673-240,v3.5.7,3.51,12.0,400,7289,2681,-212,7062,2899,695,7130,2425,866,7101,2854,708,0,0,0,-29,429,-158,458.1,3013.7,0.026,1.078,0.143,-44.964,-1.438,-9.818,421.9,1,0.5613,-0.0684,-0.6967,-0.4414,0.0,0.0,0.2
203712,2026-08-29_06-24-58.714-240,v3.5.7,3.51,12.0,400,7289,2681,-212,7110,2898,937,7130,2425,866,7148,2853,946,0,0,0,18,428,80,435.8,2867.0,0.034,0.955,0.158,-28.779,-0.234,-7.471,403.2,1,0.5627,-0.0948,-0.6795,-0.4611,0.0,0.0,0.2
203740,2026-08-29_06-24-58.742-240,v3.5.7,3.51,12.0,400,7325,2667,25,7082,2880,1121,7126,2404,1103,7118,2836,1129,0,0,0,-8,432,26,432.9,2847.7,0.064,1.124,0.184,-22.897,-1.406,-6.627,400.7,1,0.5647,-0.1155,-0.6642,-0.4760,0.0,0.0,0.0
203792,2026-08-29_06-24-58.794-240,v3.5.7,3.51,12.0,400,7320,2667,196,7082,2880,1121,7093,2400,1269,7118,2836,1129,0,0,0,25,436,-140,458.6,3017.2,0.081,1.254,0.178,-42.066,-0.203,-9.236,422.3,1,0.5634,-0.1524,-0.6368,-0.5038,0.0,0.0,0.2
203822,2026-08-29_06-24-58.824-240,v3.5.7,3.51,12.0,400,7320,2667,196,7046,2865,1322,7093,2400,1269,7080,2823,1328,0,0,0,-13,423,59,427.3,2811.1,0.089,1.287,0.203,-64.064,0.281,-11.618,396.1,1,0.5564,-0.2062,-0.5924,-0.5450,0.0,0.0,0.2
203870,2026-08-29_06-24-58.871-240,v3.5.7,3.51,12.0,400,7316,2671,440,6984,2853,1715,7048,2398,1507,7014,2813,1717,0,0,0,-34,415,210,466.3,3068.1,0.056,1.069,0.226,-81.689,-0.750,-15.083,428.8,1,0.5431,-0.2720,-0.5295,-0.5921,0.0,0.0,0.2
203910,2026-08-29_06-24-58.914-240,v3.5.7,3.51,12.0,400,7305,2658,906,6984,2853,1715,6959,2373,1962,7014,2813,1717,0,0,0,55,440,-245,506.6,3332.9,0.029,0.977,0.329,-76.296,0.297,-13.180,462.6,1,0.5242,-0.3311,-0.4666,-0.6308,0.0,0.0,0.2
203939,2026-08-29_06-24-58.941-240,v3.5.7,3.51,12.0,400,7227,2655,1374,6840,2830,2223,6804,2359,2408,6863,2793,2220,0,0,0,59,434,-188,476.6,3135.8,0.114,1.022,0.403,-69.348,-0.156,-12.302,437.5,1,0.5033,-0.3819,-0.4052,-0.6608,0.0,0.0,0.2
203979,2026-08-29_06-24-58.981-240,v3.5.7,3.51,12.0,400,7227,2655,1374,6655,2828,2654,6804,2359,2408,6672,2794,2648,0,0,0,-132,435,240,514.1,3381.9,0.012,1.071,0.353,-69.367,0.391,-11.335,468.9,1,0.4774,-0.4298,-0.3415,-0.6860,0.0,0.0,0.0
204023,2026-08-29_06-24-58.024-240,v3.5.7,3.51,12.0,400,7152,2641,1772,6655,2828,2654,6663,2335,2786,6672,2794,2648,0,0,0,9,459,-138,479.4,3153.8,0.040,1.075,0.412,-82.423,-1.203,-13.667,439.8,1,0.4429,-0.4811,-0.2614,-0.7100,0.0,0.0,0.0
204053,2026-08-29_06-24-58.055-240,v3.5.7,3.51,12.0,400,7026,2639,2246,6511,2813,3101,6459,2323,3231,6522,2782,3091,0,0,0,63,459,-140,484.0,3184.2,-0.001,0.966,0.380,-87.453,-0.484,-13.974,443.6,1,0.4004,-0.5303,-0.1742,-0.7267,0.0,0.0,0.2
204081,2026-08-29_06-24-58.083-240,v3.5.7,3.51,12.0,400,7026,2639,2246,6511,2813,3101,6459,2323,3231,6522,2782,3091,0,0,0,63,459,-140,484.0,3184.2,0.008,1.003,0.506,-83.469,-0.328,-14.416,443.6,1,0.3562,-0.5716,-0.0883,-0.7339,0.0,0.0,0.2
204109,2026-08-29_06-24-58.111-240,v3.5.7,3.51,12.0,400,6876,2631,2732,6266,2791,3610,6230,2305,3684,6269,2765,3596,0,0,0,39,460,-88,470.0,3091.9,-0.010,1.071,0.520,-89.844,-0.625,-15.083,431.9,1,0.3039,-0.6087,0.0051,-0.7329,0.0,0.0,0.2
204144,2026-08-29_06-24-58.145-240,v3.5.7,3.51,12.0,400,6684,2632,3238,6266,2791,3610,5955,2295,4150,6269,2765,3596,0,0,0,314,470,-554,791.5,5207.0,0.047,0.983,0.598,-98.481,1.141,-15.293,701.7,1,0.2411,-0.6420,0.1056,-0.7201,0.0,0.0,0.2
204189,2026-08-29_06-24-58.191-240,v3.5.7,3.51,12.0,400,6684,2632,3238,5954,2769,4120,5955,2295,4150,5948,2747,4103,0,0,0,-7,452,-47,454.5,2990.1,0.102,0.868,0.644,-95.573,1.172,-15.005,418.9,1,0.1768,-0.6650,0.2017,-0.6970,0.0,0.0,0.0
204218,2026-08-29_06-24-58.220-240,v3.5.7,3.51,12.0,400,6413,2614,3772,5580,2757,4624,5597,2268,4632,5564,2740,4605,0,0,0,-33,472,-27,473.9,3117.9,0.019,0.900,0.689,-101.975,2.156,-14.719,435.2,1,0.1045,-0.6801,0.2998,-0.6608,0.0,0.0,0.2
204259,2026-08-29_06-24-58.261-240,v3.5.7,3.51,12.0,400,6120,2625,4319,5580,2757,4624,5215,2269,5123,5564,2740,4605,0,0,0,349,471,-518,782.3,5146.6,0.192,0.939,0.566,-122.655,2.078,-21.507,694.0,1,0.0185,-0.6816,0.4141,-0.6030,0.0,0.0,0.0
204293,2026-08-29_06-24-58.294-240,v3.5.7,3.51,12.0,400,6120,2625,4319,5114,2758,5150,5215,2269,5123,5086,2747,5129,0,0,0,-129,478,6,495.1,3257.5,0.020,0.945,0.770,-139.939,3.062,-18.601,453.0,1,-0.0839,-0.6672,0.5272,-0.5195,0.0,0.0,0.2
204323,2026-08-29_06-24-58.324-240,v3.5.7,3.47,12.0,400,5648,2607,4930,5114,2758,5150,4646,2243,5651,5086,2747,5129,0,0,0,440,504,-522,848.6,5582.8,0.091,0.913,0.849,-160.739,6.547,-20.971,749.6,1,-0.1960,-0.6280,0.6368,-0.4022,0.0,0.0,0.2
204353,2026-08-29_06-24-58.354-240,v3.5.7,3.47,12.0,400,5026,2604,5589,4451,2732,5752,3919,2232,6203,4407,2729,5729,0,0,0,488,497,-474,842.5,5542.9,-0.008,0.645,0.937,-157.803,4.234,-24.074,744.5,1,-0.2986,-0.5612,0.7218,-0.2737,0.0,0.0,0.2
204435,2026-08-29_06-24-58.437-240,v3.5.7,3.47,12.0,400,4294,2591,6182,3582,2711,6312,3094,2216,6674,3519,2717,6290,0,0,0,425,501,-384,761.0,5006.4,0.025,0.274,0.911,-122.669,-5.812,-20.344,676.1,1,-0.3784,-0.4892,0.7666,-0.1727,0.0,0.0,0.2
204502,2026-08-29_06-24-59.504-240,v3.5.7,3.47,12.0,400,3579,2588,6596,2134,2690,6892,2316,2213,6972,2043,2709,6875,0,0,0,-273,496,-97,574.4,3779.1,0.085,0.190,1.052,-52.324,-0.531,-9.971,519.5,1,-0.4079,-0.4538,0.7820,-0.1273,0.0,0.0,0.2
204553,2026-08-29_06-24-59.554-240,v3.5.7,3.47,12.0,400,3127,2591,6794,2134,2690,6892,1835,2218,7099,2043,2709,6875,0,0,0,208,491,-224,578.4,3805.1,0.061,0.429,1.068,-30.421,-0.625,-6.847,522.8,1,-0.4244,-0.4311,0.7898,-0.1013,0.0,0.0,0.2
204601,2026-08-29_06-24-59.602-240,v3.5.7,3.47,12.0,400,2912,2583,6876,1873,2702,6974,1608,2212,7147,1777,2723,6959,0,0,0,169,511,-188,570.1,3750.7,0.044,0.472,1.078,-48.013,-1.812,-8.599,515.9,1,-0.4501,-0.3962,0.7980,-0.0593,0.0,0.0,0.0
204630,2026-08-29_06-24-59.634-240,v3.5.7,3.47,12.0,400,2701,2574,6957,1658,2687,7025,1385,2204,7195,1558,2710,7011,0,0,0,173,506,-184,565.5,3720.6,0.073,0.543,1.060,-65.175,-1.562,-11.825,512.1,1,-0.4815,-0.3465,0.8051,-0.0017,0.0,0.0,0.2
204670,2026-08-29_06-24-59.671-240,v3.5.7,3.47,12.0,400,2347,2578,7100,1658,2687,7025,1010,2210,7282,1558,2710,7011,0,0,0,548,500,-271,789.8,5195.9,0.003,0.441,1.114,-94.239,1.219,-16.695,700.3,1,-0.5174,-0.2710,0.8074,0.0831,0.0,0.0,0.2
204717,2026-08-29_06-24-59.719-240,v3.5.7,3.47,12.0,400,2347,2578,7100,1210,2691,7125,1010,2210,7282,1102,2718,7113,0,0,0,92,508,-169,543.2,3573.8,0.236,0.357,0.949,-130.896,-0.812,-21.656,493.3,1,-0.5572,-0.1623,0.7898,0.1982,0.0,0.0,0.2
204747,2026-08-29_06-24-59.749-240,v3.5.7,3.47,12.0,400,1757,2575,7239,526,2692,7185,402,2213,7330,406,2724,7178,0,0,0,4,511,-152,533.1,3507.5,0.258,0.138,1.018,-129.946,0.156,-22.855,484.9,1,-0.5813,-0.0485,0.7522,0.3065,0.0,0.0,0.2
204789,2026-08-29_06-24-59.790-240,v3.5.7,3.47,12.0,400,985,2577,7370,526,2692,7185,-384,2223,7343,406,2724,7178,0,0,0,790,501,-165,949.9,6249.4,-0.153,0.040,1.117,-124.887,0.109,-21.716,834.7,1,-0.5898,0.0619,0.6970,0.4032,0.0,0.0,0.0
204849,2026-08-29_06-24-59.851-240,v3.5.7,3.47,12.0,400,220,2570,7384,-340,2697,7167,-1145,2228,7243,-473,2736,7167,0,0,0,672,508,-76,845.8,5564.7,0.019,-0.189,1.216,-117.289,-1.781,-18.651,747.3,1,-0.5853,0.1620,0.6281,0.4865,0.0,0.0,0.0
204878,2026-08-29_06-24-59.879-240,v3.5.7,3.47,12.0,400,-491,2567,7361,-1118,2720,7067,-1847,2237,7114,-1263,2764,7075,0,0,0,584,527,-39,787.6,5181.5,0.155,-0.135,1.253,-102.415,-0.609,-18.326,698.4,1,-0.5714,0.2489,0.5569,0.5491,0.0,0.0,0.0
204927,2026-08-29_06-24-59.928-240,v3.5.7,3.47,12.0,400,-491,2567,7361,-1775,2735,6917,-1847,2237,7114,-1930,2783,6932,0,0,0,-83,546,-182,581.5,3825.6,-0.025,-0.146,1.074,-85.447,-0.344,-14.374,525.5,1,-0.5517,0.3178,0.4905,0.5950,0.0,0.0,0.2
204965,2026-08-29_06-24-59.969-240,v3.5.7,3.47,12.0,400,-1058,2566,7264,-1775,2735,6917,-2393,2248,6935,-1930,2783,6932,0,0,0,463,535,-3,707.5,4654.8,0.091,-0.293,1.098,-76.017,-0.062,-12.728,631.2,1,-0.5286,0.3763,0.4268,0.6299,0.0,0.0,0.2
204997,2026-08-29_06-24-59.999-240,v3.5.7,3.47,12.0,400,-1530,2571,7156,-2282,2752,6746,-2843,2263,6759,-2444,2803,6767,0,0,0,399,540,8,671.5,4417.5,-0.007,-0.610,1.016,-52.254,0.062,-13.475,601.0,1,-0.5135,0.4171,0.3783,0.6474,0.0,0.0,0.2
205033,2026-08-29_06-24-59.035-240,v3.5.7,3.47,12.0,400,-1530,2571,7156,-2644,2757,6617,-2843,2263,6759,-2811,2811,6642,0,0,0,32,548,-117,561.3,3692.5,0.038,-0.630,1.060,-2.879,-0.609,-1.549,508.5,1,-0.5136,0.4192,0.3747,0.6482,0.0,0.0,0.2
205076,2026-08-29_06-24-59.078-240,v3.5.7,3.47,12.0,400,-1802,2569,7099,-2644,2757,6617,-3103,2267,6663,-2811,2811,6642,0,0,0,292,544,-21,617.8,4064.3,0.049,-0.283,1.038,30.684,-0.062,2.708,555.9,1,-0.5272,0.3979,0.4005,0.6351,0.0,0.0,0.0
205104,2026-08-29_06-24-59.105-240,v3.5.7,3.47,12.0,400,-1677,2568,7095,-2583,2757,6657,-2978,2264,6678,-2749,2810,6681,0,0,0,229,546,3,592.1,3895.3,0.029,-0.170,1.069,29.675,-0.188,2.461,534.4,1,-0.5398,0.3766,0.4247,0.6216,0.0,0.0,0.2
205137,2026-08-29_06-24-59.138-240,v3.5.7,3.47,12.0,400,-1677,2568,7095,-2583,2757,6657,-2978,2264,6678,-2749,2810,6681,0,0,0,229,546,3,592.1,3895.3,0.007,-0.268,1.174,30.615,0.000,0.746,534.4,1,-0.5532,0.3553,0.4484,0.6055,0.0,0.0,0.2
205165,2026-08-29_06-24-59.169-240,v3.5.7,3.47,12.0,400,-1526,2589,7236,-2355,2743,6705,-2852,2279,6838,-2518,2795,6727,0,0,0,334,516,-111,624.6,4109.3,-0.002,-0.302,1.096,40.055,-1.375,3.252,561.6,1,-0.5687,0.3243,0.4785,0.5852,0.0,0.0,0.2
205198,2026-08-29_06-24-59.199-240,v3.5.7,3.47,12.0,400,-1262,2538,7238,-2355,2743,6705,-2591,2224,6880,-2518,2795,6727,0,0,0,73,571,-153,595.6,3918.6,0.026,-0.124,1.083,46.265,-1.844,4.790,537.3,1,-0.5841,0.2867,0.5120,0.5608,0.0,0.0,0.2
205243,2026-08-29_06-24-59.244-240,v3.5.7,3.47,12.0,400,-1262,2538,7238,-2166,2765,6822,-2591,2224,6880,-2327,2816,6841,0,0,0,264,592,-39,649.4,4272.2,0.049,-0.100,1.010,32.990,-1.938,1.702,582.4,1,-0.5955,0.2600,0.5338,0.5412,0.0,0.0,0.2
205273,2026-08-29_06-24-59.274-240,v3.5.7,3.47,12.0,400,-988,2558,7292,-1876,2734,6926,-2328,2238,6973,-2033,2783,6942,0,0,0,295,545,-31,620.5,4082.2,0.020,-0.249,1.027,41.582,-0.234,1.396,558.2,1,-0.6075,0.2276,0.5613,0.5139,0.0,0.0,0.2
205312,2026-08-29_06-24-59.314-240,v3.5.7,3.47,12.0,400,-753,2566,7342,-1876,2734,6926,-2103,2241,7057,-2033,2783,6942,0,0,0,70,542,-115,558.5,3674.1,-0.018,-0.124,1.123,54.750,1.797,4.799,506.1,1,-0.6173,0.1834,0.5977,0.4775,0.0,0.0,0.2
205349,2026-08-29_06-24-59.351-240,v3.5.7,3.47,12.0,400,-753,2566,7342,-1603,2718,6993,-2103,2241,7057,-1756,2766,7006,0,0,0,347,525,-51,631.4,4153.8,0.004,-0.089,1.088,59.156,-2.938,4.836,567.3,1,-0.6285,0.1320,0.6301,0.4366,0.0,0.0,0.2
205376,2026-08-29_06-24-59.378-240,v3.5.7,3.47,12.0,400,-406,2566,7372,-1603,2718,6993,-1764,2235,7138,-1756,2766,7006,0,0,0,8,531,-132,547.2,3600.1,-0.002,0.066,1.099,56.890,-1.906,4.412,496.7,1,-0.6354,0.0826,0.6586,0.3946,0.0,0.0,0.2
205405,2026-08-29_06-24-59.409-240,v3.5.7,3.47,12.0,400,-406,2566,7372,-1214,2717,7087,-1764,2235,7138,-1361,2762,7095,0,0,0,403,527,-43,664.8,4373.8,0.006,0.252,1.112,37.887,-2.219,1.779,595.4,1,-0.6396,0.0498,0.6748,0.3647,0.0,0.0,0.2
205435,2026-08-29_06-24-59.437-240,v3.5.7,3.47,12.0,400,-55,2603,7385,-1214,2717,7087,-1418,2266,7203,-1361,2762,7095,0,0,0,57,496,-108,510.8,3360.6,0.079,0.184,1.106,9.312,-1.891,-1.840,466.1,1,-0.6426,0.0431,0.6773,0.3555,0.0,0.0,0.2
205464,2026-08-29_06-24-59.465-240,v3.5.7,3.47,12.0,400,127,2574,7392,-915,2715,7119,-1239,2234,7237,-1057,2758,7125,0,0,0,182,524,-112,565.9,3723.0,0.042,0.021,1.103,-0.585,-1.266,-3.451,512.4,1,-0.6453,0.0459,0.6758,0.3533,0.0,0.0,0.2
205507,2026-08-29_06-25-00.509-240,v3.5.7,3.47,12.0,400,127,2574,7392,-870,2714,7120,-1239,2234,7237,-1012,2757,7125,0,0,0,227,523,-112,581.0,3822.6,0.004,0.079,1.120,-9.515,-0.500,-4.700,525.1,1,-0.6472,0.0574,0.6708,0.3576,0.0,0.0,0.2
205549,2026-08-29_06-25-00.551-240,v3.5.7,3.47,12.0,400,141,2567,7397,-870,2714,7120,-1226,2226,7244,-1012,2757,7125,0,0,0,214,531,-119,584.7,3847.0,0.034,-0.112,1.110,-5.010,-1.062,-4.053,528.2,1,-0.6496,0.0643,0.6673,0.3586,0.0,0.0,0.0
205577,2026-08-29_06-25-00.578-240,v3.5.7,3.47,12.0,400,50,2563,7383,-907,2712,7099,-1314,2224,7217,-1049,2755,7105,0,0,0,265,531,-112,603.9,3973.2,0.040,-0.044,1.112,4.507,-0.609,-2.350,544.3,1,-0.6516,0.0624,0.6685,0.3530,0.0,0.0,0.2
205615,2026-08-29_06-25-00.619-240,v3.5.7,3.47,12.0,400,50,2563,7383,-900,2757,7128,-1314,2224,7217,-1042,2800,7134,0,0,0,272,576,-83,642.4,4226.2,0.027,-0.024,1.116,11.350,-0.500,-1.591,576.6,1,-0.6536,0.0542,0.6729,0.3422,0.0,0.0,0.2
205664,2026-08-29_06-25-00.665-240,v3.5.7,3.47,12.0,400,101,2568,7388,-900,2757,7128,-1264,2228,7229,-1042,2800,7134,0,0,0,222,572,-95,620.9,4084.7,0.026,0.081,1.125,8.268,-0.578,-2.085,558.5,1,-0.6555,0.0490,0.6757,0.3336,0.0,0.0,0.2
205693,2026-08-29_06-25-00.695-240,v3.5.7,3.47,12.0,400,179,2569,7440,-786,2711,7116,-1195,2226,7291,-926,2753,7121,0,0,0,269,527,-170,615.6,4050.1,0.028,0.121,1.119,-2.789,-0.359,-3.424,554.1,1,-0.6571,0.0540,0.6739,0.3332,0.0,0.0,0.2
205720,2026-08-29_06-25-00.722-240,v3.5.7,3.47,12.0,400,179,2569,7440,-786,2711,7116,-1195,2226,7291,-926,2753,7121,0,0,0,269,527,-170,615.6,4050.1,0.023,0.023,1.117,-8.011,-0.297,-4.251,554.1,1,-0.6586,0.0641,0.6699,0.3365,0.0,0.0,0.2
205749,2026-08-29_06-25-00.751-240,v3.5.7,3.47,12.0,400,230,2563,7384,-786,2716,7139,-1135,2221,7244,-926,2758,7143,0,0,0,209,537,-101,585.0,3848.8,0.029,-0.039,1.112,-3.779,-0.500,-3.483,528.4,1,-0.6603,0.0699,0.6676,0.3369,0.0,0.0,0.2
205782,2026-08-29_06-25-00.784-240,v3.5.7,3.47,12.0,400,194,2572,7413,-786,2716,7139,-1176,2230,7267,-926,2758,7143,0,0,0,250,528,-124,597.2,3929.0,0.026,0.010,1.113,0.591,-0.422,-2.976,538.7,1,-0.6620,0.0717,0.6671,0.3340,0.0,0.0,0.2
205823,2026-08-29_06-25-00.824-240,v3.5.7,3.47,12.0,400,194,2572,7413,-787,2705,7138,-1176,2230,7267,-927,2747,7142,0,0,0,249,517,-125,587.3,3863.8,0.023,0.029,1.114,-1.105,-0.547,-3.602,530.3,1,-0.6639,0.0754,0.6658,0.3320,0.0,0.0,0.2
205853,2026-08-29_06-25-00.854-240,v3.5.7,3.47,12.0,400,211,2553,7403,-795,2717,7132,-1157,2211,7260,-935,2759,7137,0,0,0,222,548,-123,603.9,3973.1,0.023,0.020,1.113,-1.049,-0.797,-3.255,544.3,1,-0.6659,0.0787,0.6643,0.3303,0.0,0.0,0.2
205899,2026-08-29_06-25-00.901-240,v3.5.7,3.47,12.0,400,215,2567,7401,-795,2717,7132,-1153,2225,7259,-935,2759,7137,0,0,0,218,534,-122,589.5,3878.6,0.021,0.031,1.118,-0.726,0.016,-2.883,532.2,1,-0.6670,0.0817,0.6637,0.3285,0.0,0.0,0.0
205928,2026-08-29_06-25-00.929-240,v3.5.7,3.47,12.0,400,215,2567,7401,-771,2725,7141,-1153,2225,7259,-911,2767,7145,0,0,0,242,542,-114,604.4,3976.5,0.025,0.025,1.116,-3.076,-0.703,-3.203,544.7,1,-0.6687,0.0866,0.6614,0.3285,0.0,0.0,0.2
205954,2026-08-29_06-25-00.955-240,v3.5.7,3.47,12.0,400,222,2558,7400,-771,2725,7141,-1146,2216,7259,-911,2767,7145,0,0,0,235,551,-114,609.8,4011.7,0.025,0.010,1.114,-1.808,-0.141,-2.944,549.2,1,-0.6699,0.0905,0.6601,0.3276,0.0,0.0,0.2
205983,2026-08-29_06-25-00.985-240,v3.5.7,3.47,12.0,400,222,2558,7400,-782,2727,7132,-1146,2216,7259,-922,2769,7137,0,0,0,224,553,-122,609.0,4006.5,0.023,0.014,1.116,-0.437,-0.438,-2.851,548.5,1,-0.6714,0.0930,0.6592,0.3257,0.0,0.0,0.2
206016,2026-08-29_06-25-00.017-240,v3.5.7,3.47,12.0,400,221,2563,7407,-782,2727,7132,-1148,2221,7266,-922,2769,7137,0,0,0,226,548,-129,606.6,3991.1,0.016,0.045,1.117,-1.342,-0.312,-3.231,546.6,1,-0.6729,0.0967,0.6579,0.3241,0.0,0.0,0.2
206045,2026-08-29_06-25-00.049-240,v3.5.7,3.47,12.0,400,202,2569,7395,-777,2726,7140,-1165,2227,7251,-917,2768,7144,0,0,0,248,541,-107,604.7,3978.1,0.019,0.012,1.117,-2.393,-0.719,-3.707,544.9,1,-0.6747,0.1015,0.6558,0.3231,0.0,0.0,0.2
206084,2026-08-29_06-25-00.085-240,v3.5.7,3.47,12.0,400,202,2569,7395,-770,2722,7143,-1165,2227,7251,-910,2764,7147,0,0,0,255,537,-104,603.5,3970.4,0.034,0.008,1.118,-0.163,-0.766,-2.720,543.9,1,-0.6765,0.1035,0.6546,0.3211,0.0,0.0,0.2
206133,2026-08-29_06-25-00.134-240,v3.5.7,3.47,12.0,400,242,2558,7395,-770,2722,7143,-1125,2216,7257,-910,2764,7147,0,0,0,215,548,-110,598.9,3939.8,0.018,0.040,1.117,-1.078,-0.531,-3.617,540.0,1,-0.6783,0.1072,0.6532,0.3190,0.0,0.0,0.2
206162,2026-08-29_06-25-00.163-240,v3.5.7,3.47,12.0,400,236,2560,7400,-759,2723,7140,-1132,2218,7261,-899,2765,7144,0,0,0,233,547,-117,606.0,3986.6,0.015,0.018,1.115,-1.385,-0.531,-3.368,546.0,1,-0.6799,0.1109,0.6517,0.3174,0.0,0.0,0.0
206195,2026-08-29_06-25-00.199-240,v3.5.7,3.47,12.0,400,236,2560,7400,-759,2723,7140,-1132,2218,7261,-899,2765,7144,0,0,0,233,547,-117,606.0,3986.6,0.024,0.033,1.115,-0.500,-0.891,-3.428,546.0,1,-0.6820,0.1138,0.6501,0.3150,0.0,0.0,0.2
206225,2026-08-29_06-25-00.227-240,v3.5.7,3.47,12.0,400,234,2554,7426,-741,2712,7141,-1138,2211,7286,-881,2754,7145,0,0,0,257,543,-141,617.1,4059.7,0.026,0.040,1.112,-2.751,-0.672,-3.734,555.3,1,-0.6837,0.1189,0.6479,0.3142,0.0,0.0,0.2
206253,2026-08-29_06-25-00.255-240,v3.5.7,3.47,12.0,400,244,2552,7442,-741,2712,7141,-1131,2208,7303,-881,2754,7145,0,0,0,250,546,-158,621.0,4085.2,0.023,-0.001,1.114,-2.035,-0.625,-3.462,558.6,1,-0.6853,0.1232,0.6459,0.3130,0.0,0.0,0.2
206296,2026-08-29_06-25-00.298-240,v3.5.7,3.47,12.0,400,244,2552,7442,-757,2727,7151,-1131,2208,7303,-897,2769,7155,0,0,0,234,561,-148,625.6,4115.8,0.019,0.043,1.114,-1.237,-0.719,-3.923,562.5,1,-0.6873,0.1271,0.6441,0.3108,0.0,0.0,0.2
206325,2026-08-29_06-25-00.329-240,v3.5.7,3.47,12.0,400,255,2557,7410,-722,2713,7142,-1115,2214,7274,-861,2755,7146,0,0,0,254,541,-128,611.2,4021.1,0.020,0.022,1.116,-3.144,-0.344,-3.633,550.4,1,-0.6885,0.1326,0.6419,0.3103,0.0,0.0,0.2
206370,2026-08-29_06-25-00.371-240,v3.5.7,3.47,12.0,400,249,2563,7401,-722,2713,7142,-1119,2220,7264,-861,2755,7146,0,0,0,258,535,-118,605.6,3984.0,0.027,0.030,1.115,-2.834,-0.094,-3.127,545.7,1,-0.6894,0.1375,0.6401,0.3099,0.0,0.0,0.0
206405,2026-08-29_06-25-00.409-240,v3.5.7,3.47,12.0,400,249,2563,7401,-752,2713,7151,-1119,2220,7264,-892,2755,7155,0,0,0,227,535,-109,591.3,3890.1,0.024,0.010,1.118,-1.661,-0.672,-2.595,533.7,1,-0.6907,0.1408,0.6384,0.3091,0.0,0.0,0.2
206451,2026-08-29_06-25-00.452-240,v3.5.7,3.47,12.0,400,254,2572,7399,-747,2713,7150,-1114,2229,7263,-887,2755,7154,0,0,0,227,526,-109,583.2,3836.6,0.028,0.041,1.111,-2.194,-0.531,-3.550,526.9,1,-0.6922,0.1453,0.6363,0.3079,0.0,0.0,0.0
206485,2026-08-29_06-25-01.489-240,v3.5.7,3.47,12.0,400,252,2560,7416,-747,2713,7150,-1119,2217,7279,-887,2755,7154,0,0,0,232,538,-125,599.1,3941.3,0.026,0.022,1.115,-2.400,-0.656,-3.125,540.2,1,-0.6935,0.1496,0.6342,0.3073,0.0,0.0,0.2
206514,2026-08-29_06-25-01.515-240,v3.5.7,3.47,12.0,400,256,2569,7392,-747,2700,7147,-1111,2227,7256,-887,2742,7151,0,0,0,224,515,-105,571.3,3758.8,0.023,0.021,1.115,-1.474,-0.547,-3.678,516.9,1,-0.6952,0.1536,0.6324,0.3054,0.0,0.0,0.2
206563,2026-08-29_06-25-01.564-240,v3.5.7,3.47,12.0,400,256,2569,7392,-753,2714,7144,-1111,2227,7256,-893,2756,7148,0,0,0,218,529,-108,582.3,3830.7,0.031,0.033,1.114,-2.217,-0.531,-3.339,526.1,1,-0.6965,0.1579,0.6303,0.3044,0.0,0.0,0.2
206603,2026-08-29_06-25-01.605-240,v3.5.7,3.47,12.0,400,262,2572,7399,-753,2714,7144,-1106,2229,7264,-893,2756,7148,0,0,0,213,527,-116,580.1,3816.7,0.020,0.004,1.116,-1.650,-0.828,-3.702,524.3,1,-0.6983,0.1620,0.6281,0.3027,0.0,0.0,0.2
206633,2026-08-29_06-25-01.634-240,v3.5.7,3.47,12.0,400,257,2566,7403,-747,2702,7139,-1112,2223,7267,-887,2744,7143,0,0,0,225,521,-124,580.9,3821.7,0.021,0.028,1.114,-0.743,-0.438,-3.162,525.0,1,-0.6997,0.1649,0.6267,0.3006,0.0,0.0,0.2
206666,2026-08-29_06-25-01.667-240,v3.5.7,3.47,12.0,400,257,2566,7403,-739,2691,7122,-1112,2223,7267,-878,2733,7126,0,0,0,234,510,-141,578.6,3806.3,0.028,0.029,1.118,-1.188,-0.547,-3.464,523.0,1,-0.7013,0.1685,0.6250,0.2986,0.0,0.0,0.2
206718,2026-08-29_06-25-01.719-240,v3.5.7,3.47,12.0,400,240,2562,7395,-739,2691,7122,-1127,2220,7257,-878,2733,7126,0,0,0,249,513,-131,585.1,3849.3,0.022,0.013,1.118,-0.412,-0.656,-3.370,528.5,1,-0.7030,0.1712,0.6235,0.2962,0.0,0.0,0.0
206748,2026-08-29_06-25-01.749-240,v3.5.7,3.47,12.0,400,282,2559,7410,-720,2701,7121,-1088,2216,7278,-859,2743,7125,0,0,0,229,527,-153,594.6,3912.0,0.027,0.021,1.115,0.980,-0.406,-3.146,536.5,1,-0.7048,0.1727,0.6227,0.2928,0.0,0.0,0.2
206778,2026-08-29_06-25-01.779-240,v3.5.7,3.47,12.0,400,289,2563,7451,-720,2701,7121,-1088,2218,7319,-859,2743,7125,0,0,0,229,525,-194,604.7,3978.5,0.024,0.042,1.112,0.629,-0.281,-2.817,545.0,1,-0.7062,0.1742,0.6220,0.2899,0.0,0.0,0.2
206830,2026-08-29_06-25-01.834-240,v3.5.7,3.47,12.0,400,289,2563,7451,-724,2695,7137,-1088,2218,7319,-863,2737,7141,0,0,0,225,519,-178,593.0,3901.4,0.017,0.054,1.117,-0.797,-0.578,-3.130,535.1,1,-0.7077,0.1771,0.6204,0.2879,0.0,0.0,0.0
206859,2026-08-29_06-25-01.860-240,v3.5.7,3.47,12.0,400,303,2566,7388,-685,2706,7174,-1064,2223,7259,-824,2747,7177,0,0,0,240,524,-82,582.2,3829.9,0.015,0.055,1.118,-4.338,-1.250,-3.233,526.0,1,-0.7089,0.1830,0.6169,0.2887,0.0,0.0,0.2
206899,2026-08-29_06-25-01.901-240,v3.5.7,3.47,12.0,400,302,2552,7397,-685,2706,7174,-1066,2209,7268,-824,2747,7177,0,0,0,242,538,-91,596.9,3927.0,0.034,-0.002,1.116,-2.821,-0.328,-2.792,538.4,1,-0.7096,0.1875,0.6149,0.2885,0.0,0.0,0.0
206932,2026-08-29_06-25-01.934-240,v3.5.7,3.47,12.0,400,302,2552,7397,-714,2720,7149,-1066,2209,7268,-853,2761,7153,0,0,0,213,552,-115,602.7,3965.4,0.024,0.027,1.115,-0.422,-0.422,-2.950,543.3,1,-0.7109,0.1900,0.6136,0.2864,0.0,0.0,0.0
206963,2026-08-29_06-25-01.964-240,v3.5.7,3.47,12.0,400,301,2542,7409,-711,2718,7132,-1069,2198,7280,-850,2759,7136,0,0,0,219,561,-144,619.2,4073.7,0.024,0.045,1.118,-1.953,-0.359,-3.726,557.1,1,-0.7121,0.1945,0.6116,0.2847,0.0,0.0,0.2
207012,2026-08-29_06-25-01.014-240,v3.5.7,3.47,12.0,400,296,2567,7402,-711,2718,7132,-1073,2224,7272,-850,2759,7136,0,0,0,223,535,-136,595.4,3916.8,0.031,0.037,1.113,-1.653,-0.469,-3.520,537.1,1,-0.7134,0.1984,0.6096,0.2829,0.0,0.0,0.2
207043,2026-08-29_06-25-01.044-240,v3.5.7,3.47,12.0,400,292,2567,7406,-696,2704,7150,-1078,2224,7275,-835,2745,7154,0,0,0,243,521,-121,587.5,3865.0,0.027,0.042,1.117,-3.038,-0.578,-3.388,530.5,1,-0.7144,0.2035,0.6071,0.2824,0.0,0.0,0.2
207091,2026-08-29_06-25-01.092-240,v3.5.7,3.47,12.0,400,292,2567,7406,-706,2709,7144,-1078,2224,7275,-845,2750,7148,0,0,0,233,526,-127,589.1,3876.0,0.030,0.015,1.116,-1.373,-1.016,-3.285,531.9,1,-0.7160,0.2069,0.6047,0.2808,0.0,0.0,0.2
207130,2026-08-29_06-25-01.134-240,v3.5.7,3.47,12.0,400,299,2566,7392,-706,2709,7144,-1068,2223,7262,-845,2750,7148,0,0,0,223,527,-114,583.5,3838.7,0.020,0.050,1.116,-2.246,-1.406,-3.358,527.1,1,-0.7177,0.2109,0.6017,0.2799,0.0,0.0,0.2
207160,2026-08-29_06-25-01.161-240,v3.5.7,3.47,12.0,400,301,2579,7390,-709,2710,7149,-1066,2236,7261,-848,2752,7153,0,0,0,218,516,-108,570.5,3753.1,0.019,0.028,1.119,-3.615,-0.812,-3.668,516.2,1,-0.7187,0.2166,0.5986,0.2796,0.0,0.0,0.2
207199,2026-08-29_06-25-01.201-240,v3.5.7,3.47,12.0,400,301,2579,7390,-708,2721,7169,-1066,2236,7261,-847,2763,7173,0,0,0,219,527,-88,577.4,3798.9,0.024,0.031,1.110,-2.077,-0.891,-3.691,522.1,1,-0.7202,0.2209,0.5960,0.2781,0.0,0.0,0.0
207249,2026-08-29_06-25-01.251-240,v3.5.7,3.47,12.0,400,308,2567,7388,-708,2721,7169,-1059,2224,7260,-847,2763,7173,0,0,0,212,539,-87,585.7,3853.2,0.028,0.011,1.117,-2.280,-0.531,-3.573,529.0,1,-0.7212,0.2254,0.5937,0.2767,0.0,0.0,0.0
207280,2026-08-29_06-25-01.282-240,v3.5.7,3.47,12.0,400,341,2564,7401,-709,2706,7156,-1028,2220,7278,-848,2748,7160,0,0,0,180,528,-118,570.2,3751.2,0.025,0.025,1.115,0.144,-0.438,-2.970,516.0,1,-0.7227,0.2273,0.5924,0.2741,0.0,0.0,0.2
207306,2026-08-29_06-25-01.308-240,v3.5.7,3.47,12.0,400,298,2563,7407,-709,2706,7156,-1072,2219,7277,-848,2748,7160,0,0,0,224,529,-117,586.3,3857.0,0.027,0.041,1.116,-0.204,-1.125,-3.509,529.5,1,-0.7247,0.2297,0.5902,0.2714,0.0,0.0,0.2
207358,2026-08-29_06-25-01.359-240,v3.5.7,3.47,12.0,400,298,2563,7407,-702,2725,7158,-1072,2219,7277,-841,2766,7162,0,0,0,231,547,-115,604.8,3979.0,0.026,0.048,1.115,-3.499,-0.734,-3.248,545.0,1,-0.7254,0.2350,0.5873,0.2713,0.0,0.0,0.2
207409,2026-08-29_06-25-01.411-240,v3.5.7,3.47,12.0,400,317,2563,7406,-664,2718,7145,-1053,2219,7279,-802,2759,7148,0,0,0,251,540,-131,609.7,4011.3,0.023,0.022,1.114,-1.401,-0.719,-3.052,549.2,1,-0.7266,0.2383,0.5852,0.2698,0.0,0.0,0.0
207437,2026-08-29_06-25-01.439-240,v3.5.7,3.47,12.0,400,303,2572,7398,-702,2703,7141,-1065,2229,7269,-841,2744,7145,0,0,0,224,515,-124,575.1,3783.8,0.026,0.042,1.118,-1.678,-0.656,-3.469,520.1,1,-0.7279,0.2421,0.5829,0.2681,0.0,0.0,0.2
207483,2026-08-29_06-25-01.484-240,v3.5.7,3.47,12.0,400,319,2556,7396,-702,2703,7141,-1049,2212,7269,-841,2744,7145,0,0,0,208,532,-124,584.5,3845.5,0.027,0.035,1.115,-2.235,-0.375,-3.653,528.0,1,-0.7287,0.2467,0.5806,0.2666,0.0,0.0,0.2
207511,2026-08-29_06-25-02.513-240,v3.5.7,3.47,12.0,400,319,2556,7396,-693,2713,7155,-1049,2212,7269,-832,2754,7159,0,0,0,217,542,-110,594.1,3908.5,0.022,0.036,1.119,-2.256,-1.172,-3.533,536.0,1,-0.7301,0.2509,0.5775,0.2654,0.0,0.0,0.2
207540,2026-08-29_06-25-02.543-240,v3.5.7,3.47,12.0,400,319,2561,7400,-693,2713,7155,-1050,2217,7273,-832,2754,7159,0,0,0,218,537,-114,590.7,3886.0,0.025,0.036,1.118,-2.512,-0.562,-3.475,533.2,1,-0.7310,0.2555,0.5750,0.2642,0.0,0.0,0.2
207569,2026-08-29_06-25-02.572-240,v3.5.7,3.47,12.0,400,307,2566,7391,-694,2700,7146,-1060,2223,7263,-833,2741,7150,0,0,0,227,518,-113,576.7,3794.3,0.026,0.022,1.117,-1.450,-0.359,-3.637,521.5,1,-0.7320,0.2593,0.5729,0.2621,0.0,0.0,0.2
207620,2026-08-29_06-25-02.624-240,v3.5.7,3.47,12.0,400,307,2566,7391,-684,2718,7128,-1060,2223,7263,-823,2759,7132,0,0,0,237,536,-131,600.5,3950.8,0.024,0.036,1.117,-1.315,-0.406,-3.246,541.4,1,-0.7330,0.2626,0.5710,0.2602,0.0,0.0,0.2
207655,2026-08-29_06-25-02.657-240,v3.5.7,3.47,12.0,400,308,2572,7400,-684,2718,7128,-1061,2228,7272,-823,2759,7132,0,0,0,238,531,-140,598.5,3937.5,0.020,0.037,1.118,-0.935,-0.453,-3.682,539.7,1,-0.7343,0.2659,0.5689,0.2577,0.0,0.0,0.2
207683,2026-08-29_06-25-02.684-240,v3.5.7,3.47,12.0,400,311,2569,7397,-689,2713,7147,-1057,2225,7269,-828,2754,7151,0,0,0,229,529,-118,588.4,3871.0,0.026,0.049,1.115,-2.233,-0.438,-3.618,531.3,1,-0.7351,0.2704,0.5665,0.2561,0.0,0.0,0.2
207732,2026-08-29_06-25-02.734-240,v3.5.7,3.47,12.0,400,314,2570,7403,-690,2709,7198,-1055,2226,7275,-829,2751,7201,0,0,0,226,525,-74,576.3,3791.8,0.021,0.035,1.115,-2.724,-0.875,-3.624,521.1,1,-0.7360,0.2752,0.5635,0.2551,0.0,0.0,0.2
207779,2026-08-29_06-25-02.781-240,v3.5.7,3.47,12.0,400,314,2570,7403,-690,2709,7198,-1055,2226,7275,-829,2751,7201,0,0,0,226,525,-74,576.3,3791.8,0.003,0.019,1.127,-0.915,-0.484,-3.585,521.1,1,-0.7372,0.2784,0.5614,0.2526,0.0,0.0,0.0
207808,2026-08-29_06-25-02.809-240,v3.5.7,3.47,12.0,400,325,2566,7398,-692,2711,7139,-1043,2222,7272,-831,2752,7143,0,0,0,212,530,-129,585.2,3850.1,0.028,0.051,1.117,-1.700,-0.250,-3.601,528.6,1,-0.7380,0.2824,0.5593,0.2506,0.0,0.0,0.2
207839,2026-08-29_06-25-02.841-240,v3.5.7,3.47,12.0,400,324,2560,7439,-692,2711,7139,-1051,2215,7312,-831,2752,7143,0,0,0,220,537,-169,604.4,3976.5,0.026,0.033,1.115,-3.304,-0.406,-3.379,544.7,1,-0.7383,0.2876,0.5566,0.2500,0.0,0.0,0.0
207887,2026-08-29_06-25-02.888-240,v3.5.7,3.47,12.0,400,305,2561,7388,-707,2694,7138,-1062,2218,7259,-846,2736,7142,0,0,0,216,518,-117,573.3,3771.7,0.029,0.045,1.118,-2.734,-0.500,-3.672,518.6,1,-0.7388,0.2925,0.5538,0.2487,0.0,0.0,0.0
207934,2026-08-29_06-25-02.935-240,v3.5.7,3.47,12.0,400,305,2561,7388,-659,2721,7137,-1062,2218,7259,-797,2762,7140,0,0,0,265,544,-119,616.7,4057.3,0.024,0.015,1.118,-2.121,-0.766,-3.611,555.0,1,-0.7398,0.2967,0.5510,0.2471,0.0,0.0,0.2
207962,2026-08-29_06-25-02.964-240,v3.5.7,3.47,12.0,400,307,2564,7403,-707,2704,7149,-1062,2220,7274,-846,2746,7153,0,0,0,216,526,-121,581.4,3824.7,0.021,0.027,1.116,-0.874,-0.672,-3.140,525.3,1,-0.7409,0.2994,0.5489,0.2451,0.0,0.0,0.2
208006,2026-08-29_06-25-02.008-240,v3.5.7,3.47,12.0,400,310,2566,7399,-707,2704,7149,-1059,2222,7271,-846,2746,7153,0,0,0,213,524,-118,577.8,3801.4,0.022,0.040,1.115,-1.649,-0.516,-3.450,522.4,1,-0.7418,0.3031,0.5465,0.2433,0.0,0.0,0.0
208039,2026-08-29_06-25-02.041-240,v3.5.7,3.47,12.0,400,310,2566,7399,-690,2715,7146,-1059,2222,7271,-829,2756,7150,0,0,0,230,534,-121,593.9,3907.1,0.021,0.037,1.116,-2.542,-0.594,-3.747,535.9,1,-0.7424,0.3078,0.5436,0.2418,0.0,0.0,0.2
208068,2026-08-29_06-25-02.069-240,v3.5.7,3.47,12.0,400,312,2558,7392,-690,2715,7146,-1055,2215,7264,-829,2756,7150,0,0,0,226,541,-114,597.3,3929.5,0.026,0.030,1.114,-1.529,-0.531,-3.555,538.7,1,-0.7434,0.3115,0.5412,0.2397,0.0,0.0,0.2
208096,2026-08-29_06-25-02.097-240,v3.5.7,3.47,12.0,400,313,2571,7392,-677,2705,7145,-1054,2228,7264,-815,2746,7148,0,0,0,239,518,-116,582.2,3829.9,0.023,0.044,1.117,-2.019,-0.641,-3.904,526.0,1,-0.7442,0.3158,0.5384,0.2378,0.0,0.0,0.2
208147,2026-08-29_06-25-02.148-240,v3.5.7,3.47,12.0,400,313,2571,7392,-686,2705,7152,-1054,2228,7264,-825,2746,7155,0,0,0,229,518,-109,576.8,3794.4,0.019,0.021,1.119,-0.219,-0.141,-3.410,521.5,1,-0.7453,0.3182,0.5367,0.2348,0.0,0.0,0.2
208185,2026-08-29_06-25-02.189-240,v3.5.7,3.47,12.0,400,309,2567,7387,-686,2705,7152,-1058,2224,7259,-825,2746,7155,0,0,0,233,522,-104,581.0,3822.5,0.025,0.055,1.115,-5.051,-0.672,-1.342,525.1,1,-0.7442,0.3236,0.5340,0.2373,0.0,0.0,0.2
208216,2026-08-29_06-25-02.217-240,v3.5.7,3.47,12.0,400,324,2570,7396,-687,2710,7162,-1044,2226,7270,-826,2751,7165,0,0,0,218,525,-105,578.1,3803.1,0.032,0.030,1.115,-5.422,-0.422,-1.922,522.6,1,-0.7429,0.3298,0.5311,0.2393,0.0,0.0,0.2
208255,2026-08-29_06-25-02.259-240,v3.5.7,3.47,12.0,400,324,2570,7396,-685,2702,7157,-1044,2226,7270,-824,2743,7160,0,0,0,220,517,-110,572.5,3766.6,0.019,0.040,1.117,-1.659,-0.156,-3.030,517.9,1,-0.7433,0.3332,0.5291,0.2377,0.0,0.0,0.2
208302,2026-08-29_06-25-02.303-240,v3.5.7,3.47,12.0,400,344,2566,7388,-685,2702,7157,-1023,2222,7265,-824,2743,7160,0,0,0,199,521,-105,567.5,3733.6,0.026,0.039,1.116,-2.067,-0.297,-3.642,513.7,1,-0.7438,0.3374,0.5266,0.2358,0.0,0.0,0.0
208333,2026-08-29_06-25-02.334-240,v3.5.7,3.47,12.0,400,297,2555,7400,-682,2753,7158,-1072,2212,7270,-821,2794,7162,0,0,0,251,582,-108,643.0,4230.0,0.026,0.028,1.115,-2.296,-0.422,-3.852,577.0,1,-0.7443,0.3419,0.5238,0.2339,0.0,0.0,0.2
208362,2026-08-29_06-25-02.363-240,v3.5.7,3.47,12.0,400,344,2559,7401,-682,2753,7158,-1025,2215,7278,-821,2794,7162,0,0,0,204,579,-116,624.8,4110.2,0.025,0.045,1.117,-2.552,-0.734,-3.452,561.8,1,-0.7448,0.3463,0.5208,0.2328,0.0,0.0,0.2
208413,2026-08-29_06-25-02.414-240,v3.5.7,3.47,12.0,400,344,2559,7401,-728,2716,7149,-1025,2215,7278,-867,2758,7153,0,0,0,158,543,-125,579.2,3810.3,0.028,0.047,1.115,-1.767,-0.391,-2.967,523.5,1,-0.7452,0.3498,0.5185,0.2313,0.0,0.0,0.2
208441,2026-08-29_06-25-02.442-240,v3.5.7,3.47,12.0,400,313,2565,7381,-683,2710,7154,-1053,2222,7254,-822,2751,7157,0,0,0,231,529,-97,585.3,3850.9,0.026,0.027,1.116,-2.100,-0.641,-3.262,528.7,1,-0.7457,0.3536,0.5158,0.2300,0.0,0.0,0.2
208479,2026-08-29_06-25-02.481-240,v3.5.7,3.47,12.0,400,317,2565,7373,-683,2710,7154,-1047,2222,7247,-822,2751,7157,0,0,0,225,529,-90,581.9,3828.1,0.021,0.035,1.119,-0.692,-0.625,-3.137,525.8,1,-0.7468,0.3561,0.5135,0.2278,0.0,0.0,0.0
208513,2026-08-29_06-25-03.514-240,v3.5.7,3.47,12.0,400,317,2565,7373,-681,2709,7171,-1047,2222,7247,-820,2750,7174,0,0,0,227,528,-73,579.3,3811.5,0.026,0.041,1.118,-1.464,-0.547,-3.160,523.7,1,-0.7474,0.3593,0.5111,0.2261,0.0,0.0,0.2
208543,2026-08-29_06-25-03.544-240,v3.5.7,3.47,12.0,400,324,2556,7397,-681,2709,7171,-1044,2212,7271,-820,2750,7174,0,0,0,224,538,-97,590.8,3886.8,0.029,0.046,1.116,-2.508,-0.750,-3.406,533.3,1,-0.7478,0.3635,0.5080,0.2249,0.0,0.0,0.2
208592,2026-08-29_06-25-03.593-240,v3.5.7,3.47,12.0,400,327,2561,7396,-680,2720,7143,-1041,2217,7271,-819,2761,7147,0,0,0,222,544,-124,600.5,3950.6,0.025,0.032,1.116,-2.670,-0.859,-3.312,541.4,1,-0.7481,0.3678,0.5048,0.2239,0.0,0.0,0.0
208623,2026-08-29_06-25-03.624-240,v3.5.7,3.47,12.0,400,327,2561,7396,-677,2715,7142,-1041,2217,7271,-816,2756,7146,0,0,0,225,539,-125,597.3,3929.6,0.025,0.035,1.113,-1.702,-0.938,-3.167,538.7,1,-0.7489,0.3711,0.5019,0.2225,0.0,0.0,0.2
208651,2026-08-29_06-25-03.652-240,v3.5.7,3.47,12.0,400,336,2566,7410,-677,2715,7142,-1035,2222,7286,-816,2756,7146,0,0,0,219,534,-140,593.9,3907.2,0.028,0.025,1.117,-1.146,-0.906,-3.578,535.9,1,-0.7500,0.3742,0.4990,0.2203,0.0,0.0,0.2
208683,2026-08-29_06-25-03.684-240,v3.5.7,3.47,12.0,400,336,2546,7396,-669,2707,7149,-1032,2202,7272,-807,2748,7152,0,0,0,225,546,-120,602.6,3964.6,0.026,0.040,1.114,-0.945,-0.625,-3.261,543.2,1,-0.7509,0.3769,0.4965,0.2181,0.0,0.0,0.0
208727,2026-08-29_06-25-03.728-240,v3.5.7,3.47,12.0,400,336,2546,7396,-672,2707,7146,-1032,2202,7272,-810,2748,7149,0,0,0,222,546,-123,602.1,3961.2,0.023,0.044,1.118,-1.485,-0.750,-3.635,542.8,1,-0.7517,0.3803,0.4936,0.2160,0.0,0.0,0.2
208774,2026-08-29_06-25-03.775-240,v3.5.7,3.47,12.0,400,339,2564,7403,-672,2707,7146,-1030,2220,7279,-810,2748,7149,0,0,0,220,528,-130,586.6,3859.1,0.025,0.042,1.116,-2.325,-0.734,-3.403,529.7,1,-0.7521,0.3843,0.4906,0.2146,0.0,0.0,0.0
208802,2026-08-29_06-25-03.803-240,v3.5.7,3.47,12.0,400,309,2563,7390,-665,2715,7111,-1058,2220,7262,-803,2756,7115,0,0,0,255,536,-147,611.5,4023.0,0.021,0.046,1.118,-2.789,-0.953,-3.550,550.6,1,-0.7523,0.3888,0.4871,0.2135,0.0,0.0,0.2
208835,2026-08-29_06-25-03.839-240,v3.5.7,3.47,12.0,400,309,2563,7390,-668,2732,7156,-1058,2220,7262,-807,2773,7159,0,0,0,251,553,-103,616.0,4052.4,0.023,0.033,1.118,-1.658,-0.203,-3.247,554.4,1,-0.7526,0.3923,0.4848,0.2116,0.0,0.0,0.2
208885,2026-08-29_06-25-03.889-240,v3.5.7,3.47,12.0,400,308,2571,7388,-668,2732,7156,-1059,2228,7260,-807,2773,7159,0,0,0,252,545,-101,608.9,4005.8,0.026,0.046,1.116,-2.679,-0.734,-3.703,548.4,1,-0.7527,0.3968,0.4815,0.2101,0.0,0.0,0.2
208919,2026-08-29_06-25-03.921-240,v3.5.7,3.47,12.0,400,348,2557,7417,-659,2714,7157,-1024,2212,7294,-797,2755,7160,0,0,0,227,543,-134,603.6,3971.1,0.026,0.026,1.115,-2.530,-0.547,-3.663,544.0,1,-0.7528,0.4012,0.4784,0.2085,0.0,0.0,0.2
208946,2026-08-29_06-25-03.947-240,v3.5.7,3.47,12.0,400,332,2563,7389,-659,2714,7157,-1035,2219,7264,-797,2755,7160,0,0,0,238,536,-104,595.6,3918.5,0.024,0.038,1.118,-1.623,-0.328,-3.249,537.3,1,-0.7531,0.4045,0.4759,0.2066,0.0,0.0,0.0
208992,2026-08-29_06-25-03.994-240,v3.5.7,3.47,12.0,400,332,2563,7389,-666,2710,7150,-1035,2219,7264,-804,2751,7153,0,0,0,231,532,-111,590.5,3885.0,0.027,0.024,1.117,-1.538,-0.672,-3.695,533.0,1,-0.7538,0.4079,0.4729,0.2044,0.0,0.0,0.2
209034,2026-08-29_06-25-03.035-240,v3.5.7,3.47,12.0,400,342,2562,7402,-674,2706,7144,-1027,2218,7279,-812,2747,7147,0,0,0,215,529,-132,586.1,3855.8,0.027,0.049,1.117,-0.400,-0.547,-3.161,529.3,1,-0.7548,0.4100,0.4706,0.2020,0.0,0.0,0.2
209063,2026-08-29_06-25-03.064-240,v3.5.7,3.47,12.0,400,341,2574,7398,-674,2706,7144,-1028,2230,7275,-812,2747,7147,0,0,0,216,517,-128,574.7,3781.2,0.026,0.057,1.116,-2.831,-0.578,-3.435,519.8,1,-0.7546,0.4145,0.4674,0.2007,0.0,0.0,0.2
209096,2026-08-29_06-25-03.099-240,v3.5.7,3.47,12.0,400,341,2574,7398,-663,2710,7139,-1028,2230,7275,-801,2751,7142,0,0,0,227,521,-133,583.7,3839.9,0.028,0.030,1.115,-4.206,-0.938,-3.472,527.3,1,-0.7539,0.4202,0.4636,0.2004,0.0,0.0,0.0
209129,2026-08-29_06-25-03.131-240,v3.5.7,3.47,12.0,400,343,2562,7402,-666,2709,7149,-1026,2218,7279,-804,2750,7152,0,0,0,222,532,-127,590.3,3883.5,0.030,0.028,1.119,-1.415,-0.672,-3.170,532.8,1,-0.7544,0.4232,0.4608,0.1986,0.0,0.0,0.0
209180,2026-08-29_06-25-03.183-240,v3.5.7,3.47,12.0,400,335,2563,7390,-666,2709,7149,-1032,2219,7266,-804,2750,7152,0,0,0,228,531,-114,589.0,3875.1,0.027,0.037,1.117,-1.572,-0.578,-3.567,531.8,1,-0.7549,0.4265,0.4579,0.1965,0.0,0.0,0.2
209209,2026-08-29_06-25-03.211-240,v3.5.7,3.47,12.0,400,347,2574,7400,-663,2703,7126,-1022,2230,7277,-801,2744,7130,0,0,0,221,514,-147,578.5,3805.8,0.029,0.041,1.117,-1.636,-0.344,-3.458,522.9,1,-0.7551,0.4299,0.4552,0.1944,0.0,0.0,0.2
209259,2026-08-29_06-25-03.261-240,v3.5.7,3.47,12.0,400,347,2574,7400,-656,2710,7155,-1022,2230,7277,-794,2751,7158,0,0,0,228,521,-119,581.0,3822.5,0.026,0.047,1.114,-4.112,-0.719,-3.435,525.1,1,-0.7542,0.4355,0.4516,0.1939,0.0,0.0,0.0
209298,2026-08-29_06-25-03.299-240,v3.5.7,3.50,12.0,400,349,2566,7390,-656,2710,7155,-1018,2222,7268,-794,2751,7158,0,0,0,224,529,-110,584.9,3848.1,0.023,0.024,1.119,-0.014,-0.422,-0.118,528.3,1,-0.7545,0.4354,0.4510,0.1941,0.0,0.0,0.2
209329,2026-08-29_06-25-03.331-240,v3.5.7,3.50,12.0,400,326,2563,7386,-631,2719,7124,-1040,2220,7261,-769,2760,7127,0,0,0,271,540,-134,618.9,4071.5,0.025,0.050,1.115,-2.354,-0.328,-3.422,556.8,1,-0.7543,0.4394,0.4482,0.1924,0.0,0.0,0.0
209357,2026-08-29_06-25-03.358-240,v3.5.7,3.50,12.0,400,326,2563,7386,-631,2719,7124,-1040,2220,7261,-769,2760,7127,0,0,0,271,540,-134,618.9,4071.5,0.020,0.038,1.117,-4.064,-1.016,-3.788,556.8,1,-0.7536,0.4451,0.4441,0.1917,0.0,0.0,0.2
209385,2026-08-29_06-25-03.389-240,v3.5.7,3.50,12.0,400,344,2558,7389,-661,2706,7149,-1023,2214,7266,-799,2747,7152,0,0,0,224,533,-114,589.3,3876.9,0.024,0.015,1.117,-2.212,-0.203,-3.612,532.0,1,-0.7534,0.4491,0.4412,0.1897,0.0,0.0,0.2
209418,2026-08-29_06-25-03.419-240,v3.5.7,3.50,12.0,400,339,2559,7414,-661,2706,7149,-1032,2215,7290,-799,2747,7152,0,0,0,233,532,-138,597.0,3927.3,0.021,0.072,1.119,-2.361,-0.641,-3.652,538.4,1,-0.7534,0.4531,0.4379,0.1879,0.0,0.0,0.2
209469,2026-08-29_06-25-03.471-240,v3.5.7,3.50,12.0,400,339,2559,7414,-662,2714,7129,-1032,2215,7290,-800,2755,7133,0,0,0,232,540,-157,608.3,4002.2,0.023,0.035,1.115,-6.039,-0.578,-4.272,548.0,1,-0.7513,0.4609,0.4334,0.1876,0.0,0.0,0.0
209497,2026-08-29_06-25-04.499-240,v3.5.7,3.50,12.0,400,332,2564,7394,-685,2709,7151,-1036,2220,7269,-824,2750,7154,0,0,0,212,530,-115,582.3,3830.9,0.024,0.028,1.111,-4.818,-0.891,-4.002,526.1,1,-0.7500,0.4674,0.4291,0.1869,0.0,0.0,0.2
209532,2026-08-29_06-25-04.534-240,v3.5.7,3.50,12.0,400,305,2567,7401,-685,2709,7151,-1064,2223,7272,-824,2750,7154,0,0,0,240,527,-118,591.0,3888.0,0.024,0.047,1.115,-6.443,-0.891,-4.128,533.4,1,-0.7478,0.4753,0.4242,0.1871,0.0,0.0,0.2
209570,2026-08-29_06-25-04.571-240,v3.5.7,3.50,12.0,400,305,2567,7401,-694,2711,7139,-1064,2223,7272,-833,2752,7143,0,0,0,231,529,-129,591.5,3891.3,0.027,0.053,1.116,-9.360,-0.656,-4.681,533.8,1,-0.7436,0.4863,0.4185,0.1881,0.0,0.0,0.2
209599,2026-08-29_06-25-04.601-240,v3.5.7,3.50,12.0,400,273,2559,7395,-744,2723,7120,-1095,2216,7262,-884,2765,7124,0,0,0,211,549,-138,604.1,3974.5,0.029,0.091,1.118,-13.539,-0.891,-5.138,544.5,1,-0.7370,0.5012,0.4112,0.1909,0.0,0.0,0.0
209646,2026-08-29_06-25-04.648-240,v3.5.7,3.50,12.0,400,210,2565,7395,-744,2723,7120,-1157,2223,7252,-884,2765,7124,0,0,0,273,542,-128,620.2,4080.4,0.022,-0.041,1.115,-18.549,-0.828,-6.034,558.0,1,-0.7271,0.5210,0.4020,0.1954,0.0,0.0,0.2
209680,2026-08-29_06-25-04.684-240,v3.5.7,3.50,12.0,400,210,2565,7395,-829,2720,7125,-1157,2223,7252,-970,2762,7130,0,0,0,187,539,-122,583.4,3838.3,0.047,-0.077,1.107,-6.478,-1.156,-4.938,527.1,1,-0.7247,0.5291,0.3960,0.1949,0.0,0.0,0.2
209713,2026-08-29_06-25-04.714-240,v3.5.7,3.50,12.0,400,111,2571,7385,-829,2720,7125,-1254,2231,7228,-970,2762,7130,0,0,0,284,531,-98,610.1,4013.8,0.056,0.025,1.113,-0.195,-0.625,-3.243,549.5,1,-0.7258,0.5306,0.3932,0.1925,0.0,0.0,0.2
209740,2026-08-29_06-25-04.743-240,v3.5.7,3.50,12.0,400,119,2566,7392,-881,2713,7104,-1247,2226,7236,-1023,2756,7110,0,0,0,224,530,-126,589.0,3875.2,0.050,0.090,1.117,-7.727,-0.922,-3.946,531.8,1,-0.7221,0.5393,0.3878,0.1934,0.0,0.0,0.2
209783,2026-08-29_06-25-04.785-240,v3.5.7,3.50,12.0,400,119,2566,7392,-903,2719,7113,-1247,2226,7236,-1045,2762,7119,0,0,0,202,536,-117,584.6,3846.2,-0.043,0.072,1.142,-16.869,-0.641,-6.030,528.1,1,-0.7124,0.5571,0.3789,0.1966,0.0,0.0,0.2
209823,2026-08-29_06-25-04.824-240,v3.5.7,3.50,12.0,400,59,2564,7400,-903,2719,7113,-1308,2224,7235,-1045,2762,7119,0,0,0,263,538,-116,610.0,4013.0,0.046,-0.003,1.092,-29.409,1.359,-7.251,549.4,1,-0.6926,0.5866,0.3675,0.2030,0.0,0.0,0.2
209853,2026-08-29_06-25-04.854-240,v3.5.7,3.50,12.0,400,-107,2568,7392,-1022,2717,7087,-1471,2231,7202,-1166,2761,7094,0,0,0,305,530,-108,621.0,4085.3,-0.071,0.036,1.134,-36.643,0.875,-8.686,558.6,1,-0.6669,0.6218,0.3521,0.2115,0.0,0.0,0.2
209889,2026-08-29_06-25-04.891-240,v3.5.7,3.50,12.0,400,-107,2568,7392,-1022,2717,7087,-1471,2231,7202,-1166,2761,7094,0,0,0,305,530,-108,621.0,4085.3,-0.157,-0.024,1.127,-48.949,-3.141,-9.970,558.6,1,-0.6317,0.6648,0.3281,0.2267,0.0,0.0,0.0
209941,2026-08-29_06-25-04.942-240,v3.5.7,3.50,12.0,400,-249,2566,7385,-1253,2740,7028,-1611,2232,7174,-1400,2785,7038,0,0,0,211,553,-136,607.3,3995.5,-0.036,-0.182,1.065,-43.580,0.359,-8.326,547.1,1,-0.5968,0.7016,0.3085,0.2374,0.0,0.0,0.2
209970,2026-08-29_06-25-04.974-240,v3.5.7,3.50,12.0,400,-593,2567,7409,-1517,2731,6940,-1956,2238,7146,-1668,2778,6953,0,0,0,288,540,-193,641.7,4221.8,-0.006,-0.105,1.085,-35.601,-0.109,-7.663,576.0,1,-0.5674,0.7303,0.2908,0.2453,0.0,0.0,0.2
209999,2026-08-29_06-25-04.000-240,v3.5.7,3.50,12.0,400,-809,2563,7338,-1517,2731,6940,-2158,2239,7045,-1668,2778,6953,0,0,0,490,539,-92,734.2,4830.4,-0.000,0.006,1.034,-50.049,-0.016,-10.093,653.6,1,-0.5238,0.7679,0.2656,0.2559,0.0,0.0,0.2
210049,2026-08-29_06-25-04.051-240,v3.5.7,3.50,12.0,400,-809,2563,7338,-1775,2746,6871,-2158,2239,7045,-1930,2794,6887,0,0,0,228,555,-158,620.5,4082.0,0.113,-0.085,1.045,-72.711,0.391,-11.407,558.2,1,-0.4556,0.8159,0.2306,0.2711,0.0,0.0,0.0
210077,2026-08-29_06-25-04.078-240,v3.5.7,3.50,12.0,400,-1137,2567,7258,-2128,2746,6772,-2470,2250,6918,-2288,2796,6791,0,0,0,182,546,-127,589.4,3877.5,0.060,-0.149,1.035,-78.205,0.234,-12.674,532.1,1,-0.3783,0.8600,0.1904,0.2848,0.0,0.0,0.2
210115,2026-08-29_06-25-04.119-240,v3.5.7,3.50,12.0,400,-1609,2555,7143,-2128,2746,6772,-2919,2249,6735,-2288,2796,6791,0,0,0,631,547,56,837.0,5506.3,0.035,-0.171,1.189,-84.847,-1.547,-16.615,739.9,1,-0.2917,0.8982,0.1407,0.2971,0.0,0.0,0.2
210149,2026-08-29_06-25-04.150-240,v3.5.7,3.50,12.0,400,-1609,2555,7143,-2581,2777,6574,-2919,2249,6735,-2747,2830,6599,0,0,0,172,581,-136,621.0,4085.5,0.088,-0.372,1.053,-92.568,-1.078,-14.052,558.6,1,-0.1918,0.9277,0.0895,0.3075,0.0,0.0,0.2
210180,2026-08-29_06-25-04.184-240,v3.5.7,3.50,12.0,400,-2097,2552,6981,-2581,2777,6574,-3376,2258,6504,-2747,2830,6599,0,0,0,629,572,95,855.5,5628.2,0.062,-0.296,0.979,-92.938,-0.906,-18.692,755.4,1,-0.0907,0.9451,0.0316,0.3123,0.0,0.0,0.2
210210,2026-08-29_06-25-04.212-240,v3.5.7,3.50,12.0,400,-2627,2560,6747,-3132,2784,6310,-3862,2280,6196,-3305,2840,6343,0,0,0,557,560,147,803.4,5285.6,-0.005,-0.560,1.018,-91.345,0.453,-16.183,711.7,1,0.0108,0.9499,-0.0230,0.3115,0.0,0.0,0.2
210259,2026-08-29_06-25-04.261-240,v3.5.7,3.50,12.0,400,-2627,2560,6747,-3631,2817,5976,-3862,2280,6196,-3810,2875,6017,0,0,0,52,595,-179,623.5,4102.1,0.076,-0.430,0.994,-86.843,-0.703,-17.573,560.7,1,0.1065,0.9422,-0.0773,0.3082,0.0,0.0,0.0
210292,2026-08-29_06-25-04.294-240,v3.5.7,3.50,12.0,400,-3100,2566,6540,-3631,2817,5976,-4297,2299,5923,-3810,2875,6017,0,0,0,487,576,94,760.1,5000.8,-0.022,-0.318,0.830,-102.211,-0.016,-19.003,675.4,1,0.2177,0.9190,-0.1379,0.2984,0.0,0.0,0.2
210323,2026-08-29_06-25-04.325-240,v3.5.7,3.50,12.0,400,-3596,2545,6214,-4093,2833,5651,-4734,2295,5531,-4277,2893,5699,0,0,0,457,598,168,771.2,5073.4,0.116,-0.249,0.735,-126.045,0.750,-20.380,684.6,1,0.3504,0.8704,-0.2059,0.2779,0.0,0.0,0.2
210362,2026-08-29_06-25-04.363-240,v3.5.7,3.50,12.0,400,-3596,2545,6214,-4695,2857,5070,-4734,2295,5531,-4884,2919,5129,0,0,0,-150,624,-402,757.3,4982.1,-0.065,-0.215,0.624,-168.823,-1.203,-25.848,673.0,1,0.5139,0.7719,-0.2857,0.2416,0.0,0.0,0.2
210412,2026-08-29_06-25-04.414-240,v3.5.7,3.50,12.0,400,-4286,2567,5669,-4695,2857,5070,-5328,2342,4895,-4884,2919,5129,0,0,0,444,577,234,764.7,5031.2,0.022,-0.516,0.648,-212.148,0.406,-32.607,679.2,1,0.6844,0.6027,-0.3685,0.1801,0.0,0.0,0.2
210473,2026-08-29_06-25-04.474-240,v3.5.7,3.50,12.0,400,-5162,2591,4793,-5458,2912,4095,-6051,2403,3907,-5652,2975,4172,0,0,0,399,572,265,746.1,4908.3,-0.127,-0.881,0.123,-203.961,1.641,-36.396,663.6,1,0.8027,0.3986,-0.4292,0.1124,0.0,0.0,0.2
210525,2026-08-29_06-25-05.529-240,v3.5.7,3.50,12.0,400,-5952,2603,3710,-6134,2998,2888,-6654,2456,2730,-6330,3060,2984,0,0,0,324,604,254,731.0,4809.0,-0.100,-1.221,0.120,-157.915,-0.891,-26.860,650.9,1,0.8610,0.2212,-0.4548,0.0541,0.0,0.0,0.2
210585,2026-08-29_06-25-05.587-240,v3.5.7,3.50,12.0,400,-6777,2632,1940,-6517,3038,1706,-7177,2545,876,-6710,3098,1818,0,0,0,467,553,942,1188.0,7815.6,-0.099,-1.352,0.250,-67.766,-1.281,-12.187,1034.4,1,0.8764,0.1406,-0.4597,0.0291,0.0,0.0,0.2
210629,2026-08-29_06-25-05.631-240,v3.5.7,3.50,12.0,400,-6777,2632,1940,-6697,3068,966,-7177,2545,876,-6888,3126,1088,0,0,0,289,581,212,682.7,4491.2,0.068,-1.156,0.218,6.753,1.172,-2.022,610.4,1,0.8744,0.1467,-0.4611,0.0352,0.0,0.0,0.2
210656,2026-08-29_06-25-05.658-240,v3.5.7,3.50,12.0,400,-6843,2634,1728,-6711,3070,872,-7207,2553,659,-6901,3128,995,0,0,0,306,575,336,732.9,4821.8,0.072,-0.722,0.273,9.886,0.250,-1.251,652.5,1,0.8724,0.1567,-0.4611,0.0423,0.0,0.0,0.2
210704,2026-08-29_06-25-05.705-240,v3.5.7,3.50,12.0,400,-6847,2637,1766,-6711,3070,872,-7217,2555,696,-6901,3128,995,0,0,0,316,573,299,719.4,4733.1,0.034,-0.872,0.216,-13.351,-0.938,-3.063,641.2,1,0.8753,0.1402,-0.4612,0.0383,0.0,0.0,0.2
210732,2026-08-29_06-25-05.734-240,v3.5.7,3.50,12.0,400,-6847,2637,1766,-6716,3075,880,-7217,2555,696,-6906,3133,1003,0,0,0,311,578,307,724.6,4767.1,-0.013,-0.761,0.254,-24.066,-0.234,-6.403,645.6,1,0.8789,0.1100,-0.4630,0.0316,0.0,0.0,0.2
210763,2026-08-29_06-25-05.765-240,v3.5.7,3.50,12.0,400,-6869,2649,1681,-6716,3075,880,-7225,2570,609,-6906,3133,1003,0,0,0,319,563,394,757.6,4984.2,0.026,-0.703,0.268,-42.541,-0.703,-8.059,673.3,1,0.8836,0.0583,-0.4643,0.0160,0.0,0.0,0.2
210791,2026-08-29_06-25-05.793-240,v3.5.7,3.50,12.0,400,-6917,2641,1434,-6732,3079,711,-7232,2569,361,-6921,3136,836,0,0,0,311,567,475,802.4,5278.9,0.032,-0.789,0.234,-57.158,0.062,-10.626,710.9,1,0.8852,-0.0111,-0.4650,-0.0052,0.0,0.0,0.2
210839,2026-08-29_06-25-05.842-240,v3.5.7,3.50,12.0,400,-6917,2641,1434,-6745,3102,300,-7232,2569,361,-6931,3157,430,0,0,0,301,588,69,664.2,4369.5,0.006,-0.822,0.190,-79.562,0.750,-11.493,594.8,1,0.8793,-0.1054,-0.4628,-0.0384,0.0,0.0,0.2
210879,2026-08-29_06-25-05.881-240,v3.5.7,3.50,12.0,400,-6962,2647,1043,-6745,3102,300,-7211,2586,-28,-6931,3157,430,0,0,0,280,571,458,783.7,5156.0,-0.163,-0.700,0.182,-3.012,-3.422,-4.810,695.2,1,0.8812,-0.1115,-0.4582,-0.0351,0.0,0.0,0.0
210908,2026-08-29_06-25-05.909-240,v3.5.7,3.50,12.0,400,-7015,2650,921,-6741,3112,64,-7243,2593,-155,-6925,3166,196,0,0,0,318,573,351,743.4,4890.8,-0.012,-0.582,0.119,-0.548,-3.062,-3.418,661.3,1,0.8830,-0.1141,-0.4542,-0.0319,0.0,0.0,0.2
210953,2026-08-29_06-25-05.954-240,v3.5.7,3.50,12.0,400,-7006,2663,919,-6738,3108,115,-7234,2606,-156,-6923,3163,247,0,0,0,311,557,403,754.6,4964.3,-0.014,-0.845,0.164,-2.297,-0.859,-3.509,670.7,1,0.8833,-0.1187,-0.4526,-0.0293,0.0,0.0,0.2
210997,2026-08-29_06-25-05.999-240,v3.5.7,3.50,12.0,400,-7006,2663,919,-6738,3108,115,-7234,2606,-156,-6923,3163,247,0,0,0,311,557,403,754.6,4964.3,0.011,-0.901,0.147,-2.048,-0.734,-3.328,670.7,1,0.8835,-0.1230,-0.4512,-0.0267,0.0,0.0,0.2
211032,2026-08-29_06-25-05.034-240,v3.5.7,3.50,12.0,400,-7005,2660,930,-6750,3116,47,-7235,2603,-145,-6934,3170,179,0,0,0,301,567,324,719.1,4730.7,0.032,-0.913,0.142,-2.254,-0.328,-3.155,640.9,1,0.8835,-0.1274,-0.4502,-0.0244,0.0,0.0,0.2
211063,2026-08-29_06-25-05.064-240,v3.5.7,3.50,12.0,400,-7017,2657,897,-6744,3117,17,-7241,2601,-179,-6928,3171,150,0,0,0,313,570,329,728.8,4794.6,0.021,-0.905,0.151,-1.547,-0.703,-3.617,649.1,1,0.8837,-0.1312,-0.4487,-0.0212,0.0,0.0,0.2
211113,2026-08-29_06-25-05.114-240,v3.5.7,3.50,12.0,400,-7019,2652,901,-6744,3117,17,-7244,2596,-175,-6928,3171,150,0,0,0,316,575,325,732.2,4817.1,0.026,-0.906,0.148,-2.276,-0.781,-3.630,651.9,1,0.8839,-0.1359,-0.4471,-0.0184,0.0,0.0,0.2
211156,2026-08-29_06-25-05.157-240,v3.5.7,3.50,12.0,400,-7019,2652,901,-6736,3123,46,-7244,2596,-175,-6920,3177,178,0,0,0,324,581,353,753.1,4954.5,0.025,-0.907,0.140,-1.794,-0.750,-3.420,669.5,1,0.8841,-0.1399,-0.4456,-0.0156,0.0,0.0,0.0
211185,2026-08-29_06-25-05.189-240,v3.5.7,3.50,12.0,400,-7011,2656,912,-6749,3109,43,-7238,2599,-163,-6933,3163,175,0,0,0,305,564,338,724.8,4768.6,0.024,-0.905,0.148,-2.002,-0.109,-3.499,645.7,1,0.8839,-0.1443,-0.4447,-0.0127,0.0,0.0,0.2
211229,2026-08-29_06-25-05.230-240,v3.5.7,3.50,12.0,400,-7013,2655,907,-6749,3109,43,-7239,2599,-168,-6933,3163,175,0,0,0,306,564,343,727.6,4786.7,0.025,-0.900,0.148,-4.326,-0.516,-6.650,648.1,1,0.8835,-0.1529,-0.4428,-0.0077,0.0,0.0,0.2
211264,2026-08-29_06-25-05.265-240,v3.5.7,3.50,12.0,400,-7013,2655,907,-6721,3119,24,-7239,2599,-168,-6905,3173,157,0,0,0,334,574,325,739.4,4864.2,0.020,-0.907,0.144,-2.015,-0.609,-4.177,658.0,1,0.8834,-0.1576,-0.4412,-0.0042,0.0,0.0,0.2
211291,2026-08-29_06-25-05.293-240,v3.5.7,3.50,12.0,400,-7015,2648,902,-6721,3119,24,-7240,2592,-173,-6905,3173,157,0,0,0,335,581,330,747.5,4917.5,0.024,-0.900,0.148,-2.274,-0.375,-3.595,664.7,1,0.8832,-0.1622,-0.4400,-0.0013,0.0,0.0,0.2
211323,2026-08-29_06-25-05.324-240,v3.5.7,3.50,12.0,400,-7019,2649,905,-6739,3115,34,-7245,2593,-171,-6923,3169,167,0,0,0,322,576,338,741.4,4877.8,0.025,-0.899,0.146,-2.306,-0.719,-3.306,659.7,1,0.8831,-0.1667,-0.4385,0.0011,0.0,0.0,0.2
211367,2026-08-29_06-25-05.368-240,v3.5.7,3.50,12.0,400,-7019,2649,905,-6735,3109,42,-7245,2593,-171,-6919,3163,174,0,0,0,326,570,345,741.8,4880.0,0.023,-0.909,0.146,-1.566,-0.766,-3.462,660.0,1,0.8832,-0.1705,-0.4368,0.0040,0.0,0.0,0.0
211405,2026-08-29_06-25-05.408-240,v3.5.7,3.50,12.0,400,-7017,2661,912,-6735,3109,42,-7244,2605,-164,-6919,3163,174,0,0,0,325,558,338,728.9,4795.1,0.022,-0.903,0.145,-2.100,-0.719,-2.793,649.1,1,0.8831,-0.1745,-0.4354,0.0060,0.0,0.0,0.2
211434,2026-08-29_06-25-05.435-240,v3.5.7,3.50,12.0,400,-7018,2657,908,-6752,3116,42,-7244,2601,-168,-6936,3170,175,0,0,0,308,569,343,732.3,4817.8,0.020,-0.902,0.156,-2.100,-0.656,-3.262,652.0,1,0.8830,-0.1788,-0.4339,0.0085,0.0,0.0,0.2
211473,2026-08-29_06-25-05.474-240,v3.5.7,3.50,12.0,400,-7018,2657,908,-6749,3119,84,-7244,2601,-168,-6934,3173,216,0,0,0,310,572,384,755.5,4970.2,0.021,-0.905,0.150,-2.149,-0.328,-3.035,671.5,1,0.8827,-0.1829,-0.4328,0.0108,0.0,0.0,0.2
211523,2026-08-29_06-25-06.524-240,v3.5.7,3.50,12.0,400,-7049,2657,908,-6749,3119,84,-7275,2601,-173,-6934,3173,216,0,0,0,341,572,389,771.2,5073.8,0.016,-0.907,0.149,-2.019,-1.047,-3.435,684.7,1,0.8827,-0.1872,-0.4308,0.0134,0.0,0.0,0.2
211553,2026-08-29_06-25-06.554-240,v3.5.7,3.50,12.0,400,-7000,2647,909,-6754,3110,41,-7226,2590,-164,-6938,3164,174,0,0,0,288,574,338,725.7,4774.4,0.027,-0.905,0.138,-2.621,-0.703,-3.322,646.5,1,0.8824,-0.1921,-0.4292,0.0156,0.0,0.0,0.2
211593,2026-08-29_06-25-06.594-240,v3.5.7,3.50,12.0,400,-7005,2649,898,-6739,3132,21,-7230,2593,-176,-6923,3186,154,0,0,0,307,593,330,744.8,4900.3,0.032,-0.897,0.146,-1.497,-0.859,-3.249,662.6,1,0.8824,-0.1956,-0.4274,0.0184,0.0,0.0,0.2
211637,2026-08-29_06-25-06.638-240,v3.5.7,3.50,12.0,400,-7010,2651,886,-6739,3132,21,-7232,2595,-188,-6923,3186,154,0,0,0,309,591,342,749.5,4930.8,0.021,-0.902,0.144,-2.190,-0.391,-3.012,666.4,1,0.8820,-0.1998,-0.4262,0.0206,0.0,0.0,0.2
211685,2026-08-29_06-25-06.689-240,v3.5.7,3.50,12.0,400,-7010,2651,886,-6708,3120,23,-7232,2595,-188,-6891,3174,155,0,0,0,341,579,343,754.4,4963.4,0.024,-0.904,0.144,-2.365,-1.000,-3.253,670.6,1,0.8819,-0.2044,-0.4243,0.0229,0.0,0.0,0.2
211714,2026-08-29_06-25-06.715-240,v3.5.7,3.50,12.0,400,-7022,2652,907,-6747,3112,39,-7248,2596,-170,-6931,3166,172,0,0,0,317,570,342,736.4,4845.0,0.022,-0.903,0.145,-1.791,-0.875,-3.603,655.5,1,0.8817,-0.2084,-0.4224,0.0258,0.0,0.0,0.2
211759,2026-08-29_06-25-06.761-240,v3.5.7,3.50,12.0,400,-7020,2652,908,-6747,3112,39,-7246,2596,-168,-6931,3166,172,0,0,0,315,570,340,734.7,4833.3,0.024,-0.905,0.149,-1.759,-0.375,-3.423,654.0,1,0.8814,-0.2123,-0.4211,0.0287,0.0,0.0,0.0
211791,2026-08-29_06-25-06.793-240,v3.5.7,3.50,12.0,400,-7020,2652,908,-6743,3143,39,-7246,2596,-168,-6927,3197,172,0,0,0,319,601,340,760.6,5004.2,0.023,-0.905,0.149,-2.013,-0.594,-3.330,675.8,1,0.8810,-0.2165,-0.4195,0.0314,0.0,0.0,0.2
211820,2026-08-29_06-25-06.824-240,v3.5.7,3.50,12.0,400,-7014,2652,892,-6743,3143,39,-7237,2596,-183,-6927,3197,172,0,0,0,310,601,355,763.8,5024.7,0.024,-0.909,0.144,-1.979,-0.656,-3.458,678.4,1,0.8806,-0.2207,-0.4178,0.0341,0.0,0.0,0.2
211850,2026-08-29_06-25-06.851-240,v3.5.7,3.50,12.0,400,-7012,2651,888,-6743,3115,33,-7235,2595,-187,-6927,3169,166,0,0,0,308,574,353,740.9,4874.4,0.023,-0.902,0.150,-2.258,-0.781,-3.442,659.3,1,0.8803,-0.2252,-0.4160,0.0367,0.0,0.0,0.2
211899,2026-08-29_06-25-06.901-240,v3.5.7,3.50,12.0,400,-7012,2651,888,-6746,3115,40,-7235,2595,-187,-6930,3169,173,0,0,0,305,574,360,743.0,4888.4,0.023,-0.906,0.144,-3.944,-1.094,-6.925,661.0,1,0.8793,-0.2333,-0.4130,0.0421,0.0,0.0,0.0
211931,2026-08-29_06-25-06.932-240,v3.5.7,3.50,12.0,400,-7021,2650,897,-6746,3115,40,-7245,2594,-179,-6930,3169,173,0,0,0,315,575,352,744.1,4895.7,0.020,-0.903,0.144,-1.409,-0.562,-3.409,662.0,1,0.8790,-0.2368,-0.4114,0.0451,0.0,0.0,0.2
211960,2026-08-29_06-25-06.964-240,v3.5.7,3.50,12.0,400,-7018,2656,910,-6746,3115,44,-7244,2600,-166,-6930,3169,176,0,0,0,314,569,342,734.4,4831.5,0.021,-0.907,0.146,-1.838,-0.578,-3.558,653.8,1,0.8785,-0.2409,-0.4097,0.0481,0.0,0.0,0.2
212000,2026-08-29_06-25-06.002-240,v3.5.7,3.50,12.0,400,-7018,2656,910,-6750,3114,43,-7244,2600,-166,-6934,3168,176,0,0,0,310,568,342,731.9,4815.2,0.024,-0.907,0.148,-2.148,-0.500,-3.252,651.7,1,0.8779,-0.2451,-0.4082,0.0506,0.0,0.0,0.2
212048,2026-08-29_06-25-06.049-240,v3.5.7,3.50,12.0,400,-7013,2660,911,-6750,3114,43,-7240,2604,-164,-6934,3168,176,0,0,0,306,564,340,726.2,4777.5,0.024,-0.904,0.144,-2.026,-0.219,-3.197,646.9,1,0.8772,-0.2491,-0.4070,0.0532,0.0,0.0,0.2
212074,2026-08-29_06-25-06.075-240,v3.5.7,3.50,12.0,400,-7021,2645,936,-6744,3115,21,-7252,2588,-141,-6928,3169,154,0,0,0,324,581,295,727.7,4787.6,0.024,-0.904,0.145,-2.284,-0.469,-3.643,648.2,1,0.8764,-0.2537,-0.4054,0.0560,0.0,0.0,0.2
212109,2026-08-29_06-25-06.111-240,v3.5.7,3.50,12.0,400,-7021,2645,936,-6744,3115,21,-7252,2588,-141,-6928,3169,154,0,0,0,324,581,295,727.7,4787.6,0.025,-0.910,0.145,-2.312,-1.031,-2.941,648.2,1,0.8760,-0.2579,-0.4035,0.0579,0.0,0.0,0.0
212135,2026-08-29_06-25-06.137-240,v3.5.7,3.50,12.0,400,-7016,2649,892,-6730,3105,57,-7239,2593,-183,-6914,3159,189,0,0,0,325,566,372,751.2,4942.4,0.025,-0.906,0.145,-2.029,-0.391,-3.357,667.9,1,0.8753,-0.2620,-0.4020,0.0606,0.0,0.0,0.2
212170,2026-08-29_06-25-06.173-240,v3.5.7,3.50,12.0,400,-7046,2680,903,-6730,3105,57,-7271,2624,-177,-6914,3159,189,0,0,0,357,535,366,740.0,4868.6,0.025,-0.906,0.148,1.386,-0.359,-5.256,658.5,1,0.8754,-0.2633,-0.3997,0.0671,0.0,0.0,0.2
212218,2026-08-29_06-25-06.219-240,v3.5.7,3.50,12.0,400,-7005,2652,903,-6736,3124,52,-7230,2596,-171,-6920,3178,184,0,0,0,310,582,355,748.9,4927.0,0.022,-0.902,0.149,-1.753,-0.469,-3.318,666.0,1,0.8748,-0.2671,-0.3981,0.0698,0.0,0.0,0.0
212264,2026-08-29_06-25-06.265-240,v3.5.7,3.50,12.0,400,-7005,2652,903,-6727,3114,46,-7230,2596,-171,-6911,3168,178,0,0,0,319,572,349,742.1,4882.4,0.023,-0.903,0.150,-0.283,-0.516,0.073,660.3,1,0.8749,-0.2676,-0.3975,0.0696,0.0,0.0,0.2
212291,2026-08-29_06-25-06.292-240,v3.5.7,3.50,12.0,400,-7009,2646,909,-6745,3111,40,-7235,2589,-166,-6929,3165,172,0,0,0,306,576,338,734.6,4833.0,0.025,-0.905,0.145,-2.150,-1.016,-3.287,654.0,1,0.8744,-0.2718,-0.3954,0.0720,0.0,0.0,0.2
212342,2026-08-29_06-25-06.344-240,v3.5.7,3.50,12.0,400,-7022,2658,901,-6745,3111,40,-7247,2602,-175,-6929,3165,172,0,0,0,318,563,347,733.8,4827.8,0.023,-0.905,0.146,-2.182,-0.250,-3.467,653.3,1,0.8734,-0.2761,-0.3941,0.0747,0.0,0.0,0.2
212373,2026-08-29_06-25-06.375-240,v3.5.7,3.50,12.0,400,-7022,2658,901,-6740,3115,54,-7247,2602,-175,-6924,3169,186,0,0,0,323,567,361,745.7,4906.2,0.028,-0.905,0.144,-2.374,-0.375,-3.862,663.3,1,0.8724,-0.2808,-0.3925,0.0778,0.0,0.0,0.2
212403,2026-08-29_06-25-06.404-240,v3.5.7,3.50,12.0,400,-7019,2647,914,-6740,3115,54,-7246,2590,-162,-6924,3169,186,0,0,0,322,579,348,748.4,4923.4,0.024,-0.903,0.145,-2.408,-0.719,-3.608,665.5,1,0.8715,-0.2855,-0.3906,0.0805,0.0,0.0,0.2
212430,2026-08-29_06-25-06.433-240,v3.5.7,3.50,12.0,400,-7014,2656,910,-6752,3111,48,-7240,2600,-165,-6936,3165,180,0,0,0,304,565,345,728.5,4792.6,0.025,-0.904,0.143,-1.820,-0.625,-3.496,648.8,1,0.8707,-0.2894,-0.3887,0.0833,0.0,0.0,0.2
212477,2026-08-29_06-25-06.479-240,v3.5.7,3.50,12.0,400,-7014,2656,910,-6748,3109,35,-7240,2600,-165,-6932,3163,168,0,0,0,308,563,333,723.0,4756.5,0.023,-0.903,0.147,-2.105,-0.547,-3.458,644.2,1,0.8698,-0.2936,-0.3870,0.0860,0.0,0.0,0.2
212519,2026-08-29_06-25-07.521-240,v3.5.7,3.50,12.0,400,-7004,2657,910,-6748,3109,35,-7231,2600,-164,-6932,3163,168,0,0,0,299,563,332,718.7,4728.6,0.023,-0.904,0.147,-2.753,-0.609,-3.174,640.6,1,0.8687,-0.2983,-0.3854,0.0881,0.0,0.0,0.0
212547,2026-08-29_06-25-07.549-240,v3.5.7,3.50,12.0,400,-7020,2657,911,-6744,3103,39,-7247,2601,-165,-6928,3157,171,0,0,0,319,556,336,723.7,4761.4,0.021,-0.903,0.146,-2.101,-0.344,-3.171,644.8,1,0.8677,-0.3023,-0.3840,0.0905,0.0,0.0,0.2
212583,2026-08-29_06-25-07.585-240,v3.5.7,3.50,12.0,400,-7020,2657,911,-6744,3103,39,-7247,2601,-165,-6928,3157,171,0,0,0,319,556,336,723.7,4761.4,0.023,-0.899,0.149,-2.551,-0.891,-2.731,644.8,1,0.8668,-0.3067,-0.3822,0.0921,0.0,0.0,0.2
212613,2026-08-29_06-25-07.614-240,v3.5.7,3.50,12.0,400,-7006,2649,919,-6747,3118,30,-7234,2592,-155,-6931,3172,163,0,0,0,303,580,318,727.6,4786.5,0.026,-0.903,0.146,-2.078,-0.703,-3.599,648.0,1,0.8659,-0.3109,-0.3802,0.0949,0.0,0.0,0.2
212641,2026-08-29_06-25-07.643-240,v3.5.7,3.50,12.0,400,-7004,2655,898,-6698,3108,91,-7229,2599,-176,-6882,3162,223,0,0,0,347,563,399,772.4,5081.5,0.022,-0.902,0.148,-2.020,-0.766,-3.561,685.7,1,0.8650,-0.3150,-0.3781,0.0976,0.0,0.0,0.2
212693,2026-08-29_06-25-07.695-240,v3.5.7,3.50,12.0,400,-7015,2654,921,-6698,3108,91,-7243,2597,-155,-6882,3162,223,0,0,0,361,565,378,769.7,5063.8,0.023,-0.876,0.147,-1.769,-0.188,-3.345,683.4,1,0.8639,-0.3187,-0.3767,0.1005,0.0,0.0,0.2
212743,2026-08-29_06-25-07.745-240,v3.5.7,3.50,12.0,400,-7015,2654,921,-6745,3121,48,-7243,2597,-155,-6929,3175,180,0,0,0,314,578,335,738.2,4856.4,0.025,-0.904,0.147,-1.926,-0.562,-3.399,657.0,1,0.8630,-0.3226,-0.3749,0.1032,0.0,0.0,0.2
212771,2026-08-29_06-25-07.772-240,v3.5.7,3.50,12.0,400,-7016,2647,908,-6750,3107,39,-7242,2591,-168,-6934,3161,172,0,0,0,308,570,340,731.7,4813.7,0.020,-0.905,0.145,-2.154,-1.125,-2.888,651.5,1,0.8622,-0.3266,-0.3727,0.1050,0.0,0.0,0.2
212810,2026-08-29_06-25-07.814-240,v3.5.7,3.50,12.0,400,-7026,2656,907,-6750,3107,39,-7252,2600,-170,-6934,3161,172,0,0,0,318,561,342,729.9,4802.2,0.024,-0.906,0.145,-1.851,-0.703,-3.081,650.0,1,0.8613,-0.3303,-0.3709,0.1073,0.0,0.0,0.2
212845,2026-08-29_06-25-07.846-240,v3.5.7,3.50,12.0,400,-7026,2656,907,-6746,3115,45,-7252,2600,-170,-6930,3169,177,0,0,0,322,569,347,740.2,4869.6,0.025,-0.906,0.147,-2.419,-0.766,-3.565,658.6,1,0.8601,-0.3348,-0.3688,0.1099,0.0,0.0,0.2
212889,2026-08-29_06-25-07.891-240,v3.5.7,3.50,12.0,400,-7016,2656,920,-6742,3112,39,-7244,2599,-156,-6926,3166,171,0,0,0,318,567,327,727.7,4787.5,0.025,-0.905,0.148,-1.802,-0.344,-3.308,648.2,1,0.8590,-0.3385,-0.3672,0.1126,0.0,0.0,0.0
212927,2026-08-29_06-25-07.928-240,v3.5.7,3.50,12.0,400,-7018,2648,910,-6742,3112,39,-7244,2592,-166,-6926,3166,171,0,0,0,318,574,337,737.7,4853.1,0.025,-0.908,0.146,-2.201,-0.594,-3.438,656.5,1,0.8578,-0.3427,-0.3654,0.1152,0.0,0.0,0.2
212955,2026-08-29_06-25-07.959-240,v3.5.7,3.50,12.0,400,-7018,2648,910,-6737,3105,49,-7244,2592,-166,-6921,3159,181,0,0,0,323,567,347,739.1,4862.3,0.024,-0.905,0.147,-1.856,-0.828,-3.403,657.7,1,0.8568,-0.3465,-0.3632,0.1178,0.0,0.0,0.2
212984,2026-08-29_06-25-07.985-240,v3.5.7,3.50,12.0,400,-7018,2657,899,-6737,3105,49,-7243,2601,-177,-6921,3159,181,0,0,0,322,558,358,737.0,4848.9,0.021,-0.906,0.148,-2.355,-0.656,-3.079,656.0,1,0.8556,-0.3507,-0.3614,0.1198,0.0,0.0,0.2
213013,2026-08-29_06-25-07.014-240,v3.5.7,3.50,12.0,400,-7018,2652,911,-6746,3109,38,-7245,2596,-165,-6930,3163,171,0,0,0,315,567,336,730.5,4805.8,0.024,-0.905,0.147,-2.229,-1.062,-3.422,650.5,1,0.8545,-0.3549,-0.3590,0.1222,0.0,0.0,0.2
213057,2026-08-29_06-25-07.058-240,v3.5.7,3.50,12.0,400,-7018,2652,911,-6754,3105,47,-7245,2596,-165,-6938,3159,179,0,0,0,307,563,344,727.7,4787.5,0.020,-0.903,0.146,-2.203,-0.656,-3.347,648.2,1,0.8533,-0.3590,-0.3571,0.1246,0.0,0.0,0.2
213108,2026-08-29_06-25-07.109-240,v3.5.7,3.50,12.0,400,-7014,2655,917,-6754,3105,47,-7242,2598,-159,-6938,3159,179,0,0,0,304,561,338,722.1,4750.4,0.028,-0.904,0.146,-4.042,-0.156,-6.814,643.4,1,0.8504,-0.3666,-0.3544,0.1301,0.0,0.0,0.2
213136,2026-08-29_06-25-07.139-240,v3.5.7,3.50,12.0,400,-7049,2646,912,-6753,3114,-6,-7275,2590,-169,-6937,3168,127,0,0,0,338,578,296,732.1,4816.3,0.021,-0.907,0.148,-1.934,-0.656,-3.412,651.8,1,0.8491,-0.3704,-0.3523,0.1327,0.0,0.0,0.2
213169,2026-08-29_06-25-07.171-240,v3.5.7,3.50,12.0,400,-7003,2650,900,-6753,3114,-6,-7228,2594,-174,-6937,3168,127,0,0,0,291,574,301,710.5,4674.1,0.021,-0.904,0.142,-1.991,-0.672,-3.199,633.7,1,0.8479,-0.3742,-0.3504,0.1351,0.0,0.0,0.0
213219,2026-08-29_06-25-07.221-240,v3.5.7,3.50,12.0,400,-7003,2650,900,-6781,3113,32,-7228,2594,-174,-6966,3168,165,0,0,0,262,574,339,716.3,4712.3,0.024,-0.906,0.144,-2.080,-0.578,-3.039,638.6,1,0.8466,-0.3780,-0.3486,0.1373,0.0,0.0,0.2
213248,2026-08-29_06-25-07.249-240,v3.5.7,3.50,12.0,400,-7015,2655,913,-6744,3128,41,-7242,2598,-163,-6928,3182,174,0,0,0,314,584,337,743.8,4893.3,0.022,-0.904,0.147,-1.926,-0.422,-3.273,661.7,1,0.8453,-0.3817,-0.3469,0.1398,0.0,0.0,0.2
213276,2026-08-29_06-25-07.277-240,v3.5.7,3.50,12.0,400,-7014,2656,910,-6744,3128,41,-7240,2600,-165,-6928,3182,174,0,0,0,312,582,339,742.3,4883.5,0.026,-0.905,0.148,-2.137,-0.359,-3.421,660.4,1,0.8437,-0.3856,-0.3451,0.1425,0.0,0.0,0.2
213323,2026-08-29_06-25-07.324-240,v3.5.7,3.50,12.0,400,-7014,2656,910,-6732,3119,37,-7240,2600,-165,-6916,3173,169,0,0,0,324,573,334,738.1,4856.2,0.026,-0.903,0.146,-2.324,-0.266,-3.151,656.9,1,0.8421,-0.3897,-0.3437,0.1448,0.0,0.0,0.2
213350,2026-08-29_06-25-07.354-240,v3.5.7,3.50,12.0,400,-7018,2655,912,-6745,3115,42,-7245,2599,-164,-6929,3169,174,0,0,0,316,570,338,734.2,4830.0,0.023,-0.906,0.149,-1.824,-0.422,-3.566,653.6,1,0.8407,-0.3933,-0.3417,0.1477,0.0,0.0,0.2
213396,2026-08-29_06-25-07.397-240,v3.5.7,3.50,12.0,400,-7020,2654,912,-6745,3115,42,-7247,2598,-164,-6929,3169,174,0,0,0,318,571,338,735.8,4840.8,0.023,-0.905,0.147,-1.726,-1.078,-2.865,655.0,1,0.8397,-0.3967,-0.3394,0.1496,0.0,0.0,0.2
213429,2026-08-29_06-25-07.431-240,v3.5.7,3.50,12.0,400,-7020,2654,912,-6734,3112,45,-7247,2598,-164,-6918,3166,177,0,0,0,329,568,341,739.7,4866.4,0.025,-0.907,0.146,-2.297,-1.391,-3.040,658.2,1,0.8385,-0.4008,-0.3368,0.1512,0.0,0.0,0.2
213458,2026-08-29_06-25-07.459-240,v3.5.7,3.50,12.0,400,-7027,2653,911,-6734,3112,45,-7254,2597,-166,-6918,3166,177,0,0,0,336,569,343,744.5,4898.1,0.024,-0.905,0.145,-2.245,-0.922,-3.106,662.3,1,0.8371,-0.4048,-0.3346,0.1532,0.0,0.0,0.2
213499,2026-08-29_06-25-08.501-240,v3.5.7,3.50,12.0,400,-7010,2661,901,-6749,3106,55,-7235,2605,-174,-6933,3160,187,0,0,0,302,555,361,727.7,4787.5,0.025,-0.876,0.146,-2.274,-0.578,-3.252,648.2,1,0.8355,-0.4088,-0.3327,0.1555,0.0,0.0,0.2
213534,2026-08-29_06-25-08.535-240,v3.5.7,3.50,12.0,400,-7010,2661,901,-6742,3124,49,-7235,2605,-174,-6926,3178,181,0,0,0,309,573,355,741.5,4878.3,0.021,-0.903,0.146,-2.262,-0.531,-3.042,659.8,1,0.8339,-0.4127,-0.3309,0.1576,0.0,0.0,0.2
213573,2026-08-29_06-25-08.574-240,v3.5.7,3.50,12.0,400,-7023,2649,917,-6742,3124,49,-7251,2592,-160,-6926,3178,181,0,0,0,325,586,341,751.9,4946.5,0.023,-0.902,0.147,-2.405,-3.844,-3.790,668.4,1,0.8334,-0.4177,-0.3254,0.1587,0.0,0.0,0.2
213603,2026-08-29_06-25-08.604-240,v3.5.7,3.50,12.0,400,-7015,2658,903,-6749,3103,49,-7240,2602,-172,-6933,3157,181,0,0,0,307,555,353,725.9,4775.4,0.025,-0.906,0.148,-1.799,-0.531,-2.804,646.6,1,0.8320,-0.4210,-0.3236,0.1607,0.0,0.0,0.2
213639,2026-08-29_06-25-08.641-240,v3.5.7,3.50,12.0,400,-7015,2658,903,-6750,3116,60,-7240,2602,-172,-6934,3170,192,0,0,0,306,568,364,740.8,4873.6,0.024,-0.905,0.145,-1.732,-0.953,-2.969,659.1,1,0.8308,-0.4243,-0.3213,0.1627,0.0,0.0,0.0
213688,2026-08-29_06-25-08.689-240,v3.5.7,3.50,12.0,400,-6996,2650,915,-6750,3116,60,-7223,2593,-158,-6934,3170,192,0,0,0,289,577,350,734.1,4829.8,0.027,-0.903,0.147,-2.030,-0.484,-3.266,653.6,1,0.8292,-0.4280,-0.3194,0.1651,0.0,0.0,0.2
213720,2026-08-29_06-25-08.724-240,v3.5.7,3.50,12.0,400,-7010,2635,913,-6741,3103,43,-7237,2578,-162,-6925,3157,175,0,0,0,312,579,337,739.0,4862.0,0.023,-0.904,0.148,-2.227,-0.734,-3.513,657.7,1,0.8275,-0.4320,-0.3172,0.1676,0.0,0.0,0.2
213751,2026-08-29_06-25-08.752-240,v3.5.7,3.50,12.0,400,-7011,2650,914,-6741,3103,43,-7238,2593,-161,-6925,3157,175,0,0,0,313,564,336,727.3,4784.8,0.022,-0.901,0.145,-1.937,-0.797,-3.573,647.8,1,0.8259,-0.4357,-0.3147,0.1702,0.0,0.0,0.2
213800,2026-08-29_06-25-08.804-240,v3.5.7,3.50,12.0,400,-7011,2650,914,-6747,3111,56,-7238,2593,-161,-6931,3165,188,0,0,0,307,572,349,737.0,4849.0,0.026,-0.904,0.145,-2.294,-0.406,-3.348,656.0,1,0.8240,-0.4396,-0.3129,0.1727,0.0,0.0,0.2
213829,2026-08-29_06-25-08.830-240,v3.5.7,3.50,12.0,400,-7047,2650,877,-6715,3110,46,-7268,2595,-203,-6899,3164,178,0,0,0,369,569,381,777.9,5117.6,0.023,-0.905,0.145,-2.089,-0.953,-3.774,690.3,1,0.8223,-0.4436,-0.3102,0.1753,0.0,0.0,0.2
213869,2026-08-29_06-25-08.871-240,v3.5.7,3.50,12.0,400,-7013,2653,908,-6715,3110,46,-7239,2597,-167,-6899,3164,178,0,0,0,340,567,345,745.7,4906.1,0.026,-0.906,0.148,-2.333,-0.969,-3.290,663.3,1,0.8206,-0.4476,-0.3078,0.1774,0.0,0.0,0.0
213903,2026-08-29_06-25-08.904-240,v3.5.7,3.50,12.0,400,-7013,2653,908,-6748,3117,46,-7239,2597,-167,-6932,3171,178,0,0,0,307,574,345,736.7,4846.8,0.023,-0.902,0.144,-2.183,-0.781,-2.781,655.7,1,0.8190,-0.4513,-0.3059,0.1791,0.0,0.0,0.2
213933,2026-08-29_06-25-08.934-240,v3.5.7,3.50,12.0,400,-7013,2655,920,-6762,3103,47,-7241,2598,-156,-6946,3157,180,0,0,0,295,559,336,715.8,4709.4,0.023,-0.904,0.148,-1.876,-1.141,-3.031,638.2,1,0.8176,-0.4547,-0.3033,0.1809,0.0,0.0,0.2
213981,2026-08-29_06-25-08.982-240,v3.5.7,3.50,12.0,400,-7018,2645,907,-6762,3103,47,-7244,2589,-169,-6946,3157,180,0,0,0,298,568,349,730.2,4804.1,0.021,-0.910,0.140,-2.144,-0.328,-3.182,650.3,1,0.8157,-0.4583,-0.3016,0.1833,0.0,0.0,0.2
214010,2026-08-29_06-25-08.014-240,v3.5.7,3.50,12.0,400,-7018,2645,907,-6747,3112,49,-7244,2589,-169,-6931,3166,181,0,0,0,313,577,350,743.9,4894.1,0.020,-0.897,0.120,-2.159,-0.391,-4.022,661.8,1,0.8136,-0.4623,-0.2993,0.1864,0.0,0.0,0.2
214039,2026-08-29_06-25-08.040-240,v3.5.7,3.50,12.0,400,-6999,2654,912,-6747,3112,49,-7226,2597,-161,-6931,3166,181,0,0,0,295,569,342,726.5,4779.4,0.025,-0.903,0.147,-2.000,-0.734,-3.464,647.1,1,0.8118,-0.4659,-0.2970,0.1889,0.0,0.0,0.2
214069,2026-08-29_06-25-08.071-240,v3.5.7,3.50,12.0,400,-7012,2643,907,-6747,3098,40,-7238,2587,-168,-6931,3152,172,0,0,0,307,565,340,727.4,4785.4,0.021,-0.904,0.150,-2.328,-0.734,-2.751,647.9,1,0.8100,-0.4696,-0.2951,0.1905,0.0,0.0,0.0
214115,2026-08-29_06-25-08.117-240,v3.5.7,3.50,12.0,400,-7012,2643,907,-6742,3102,53,-7238,2587,-168,-6926,3156,185,0,0,0,312,569,353,738.7,4860.0,0.024,-0.907,0.147,-2.581,-0.750,-3.345,657.4,1,0.8079,-0.4738,-0.2929,0.1926,0.0,0.0,0.2
214159,2026-08-29_06-25-08.161-240,v3.5.7,3.50,12.0,400,-7016,2654,910,-6742,3102,53,-7242,2598,-166,-6926,3156,185,0,0,0,316,558,351,731.0,4809.5,0.023,-0.906,0.144,-0.151,-0.578,-0.292,651.0,1,0.8078,-0.4743,-0.2921,0.1925,0.0,0.0,0.0
214187,2026-08-29_06-25-08.189-240,v3.5.7,3.50,12.0,400,-7004,2651,917,-6756,3105,80,-7232,2594,-157,-6941,3160,212,0,0,0,291,566,369,735.7,4839.9,0.022,-0.909,0.141,-2.412,-0.969,-3.334,654.8,1,0.8059,-0.4783,-0.2897,0.1946,0.0,0.0,0.0
214223,2026-08-29_06-25-08.224-240,v3.5.7,3.50,12.0,400,-7004,2651,917,-6756,3105,80,-7232,2594,-157,-6941,3160,212,0,0,0,291,566,369,735.7,4839.9,0.025,-0.904,0.146,-2.046,-0.797,-3.419,654.8,1,0.8040,-0.4820,-0.2873,0.1969,0.0,0.0,0.2
214252,2026-08-29_06-25-08.254-240,v3.5.7,3.50,12.0,400,-7011,2659,904,-6753,3107,38,-7236,2603,-171,-6937,3161,171,0,0,0,299,558,342,719.5,4733.8,0.023,-0.903,0.146,-2.312,-0.969,-3.410,641.3,1,0.8020,-0.4859,-0.2847,0.1990,0.0,0.0,0.2
214283,2026-08-29_06-25-08.284-240,v3.5.7,3.50,12.0,400,-7008,2653,900,-6753,3107,38,-7233,2597,-174,-6937,3161,171,0,0,0,296,564,345,724.4,4765.7,0.025,-0.906,0.146,-4.043,-0.250,-6.597,645.4,1,0.7979,-0.4924,-0.2814,0.2041,0.0,0.0,0.2
214331,2026-08-29_06-25-08.333-240,v3.5.7,3.50,12.0,400,-7013,2660,907,-6749,3104,21,-7239,2604,-168,-6933,3158,154,0,0,0,306,554,322,710.1,4671.7,0.023,-0.937,0.145,-1.738,-0.812,-2.948,633.4,1,0.7963,-0.4956,-0.2791,0.2060,0.0,0.0,0.2
214381,2026-08-29_06-25-08.383-240,v3.5.7,3.50,12.0,400,-7013,2660,907,-6747,3121,50,-7239,2604,-168,-6931,3175,182,0,0,0,308,571,350,737.2,4849.7,0.029,-0.905,0.146,-0.177,-0.719,-0.150,656.1,1,0.7963,-0.4961,-0.2783,0.2057,0.0,0.0,0.2
214411,2026-08-29_06-25-08.412-240,v3.5.7,3.50,12.0,400,-7016,2657,901,-6744,3122,42,-7241,2601,-175,-6928,3176,175,0,0,0,313,575,350,742.4,4883.9,0.034,-0.904,0.151,-1.847,-1.062,-3.011,660.5,1,0.7947,-0.4994,-0.2758,0.2075,0.0,0.0,0.2
214450,2026-08-29_06-25-08.453-240,v3.5.7,3.50,12.0,400,-7016,2656,913,-6744,3122,42,-7243,2599,-163,-6928,3176,175,0,0,0,315,577,338,739.2,4863.1,0.030,-0.935,0.146,-1.948,-0.781,-3.873,657.8,1,0.7926,-0.5030,-0.2730,0.2103,0.0,0.0,0.2
214482,2026-08-29_06-25-08.484-240,v3.5.7,3.50,12.0,400,-7016,2656,913,-6754,3122,45,-7243,2599,-163,-6938,3176,178,0,0,0,305,577,341,736.4,4844.5,0.018,-0.905,0.149,-1.681,-0.219,-3.287,655.4,1,0.7907,-0.5059,-0.2711,0.2129,0.0,0.0,0.2
214513,2026-08-29_06-25-09.515-240,v3.5.7,3.50,12.0,400,-7013,2650,901,-6754,3122,45,-7238,2594,-174,-6938,3176,178,0,0,0,300,582,352,743.4,4890.7,0.028,-0.903,0.148,-2.435,-0.562,-3.123,661.3,1,0.7884,-0.5097,-0.2692,0.2149,0.0,0.0,0.2
214541,2026-08-29_06-25-09.543-240,v3.5.7,3.50,12.0,400,-7010,2652,911,-6751,3084,58,-7237,2595,-164,-6935,3139,190,0,0,0,302,544,354,715.9,4709.6,0.017,-0.908,0.152,-5.205,-0.734,-1.109,638.2,1,0.7850,-0.5155,-0.2691,0.2138,0.0,0.0,0.2
214589,2026-08-29_06-25-09.592-240,v3.5.7,3.50,12.0,400,-7010,2652,911,-6759,3112,49,-7237,2595,-164,-6943,3166,182,0,0,0,294,571,346,729.5,4799.4,0.023,-0.906,0.149,-1.527,-1.016,-3.520,649.7,1,0.7833,-0.5185,-0.2662,0.2162,0.0,0.0,0.2
214623,2026-08-29_06-25-09.624-240,v3.5.7,3.50,12.0,400,-7010,2644,913,-6759,3112,49,-7237,2587,-162,-6943,3166,182,0,0,0,294,579,344,734.9,4834.6,0.026,-0.905,0.145,-2.287,-0.688,-3.461,654.2,1,0.7810,-0.5222,-0.2638,0.2184,0.0,0.0,0.2
214653,2026-08-29_06-25-09.654-240,v3.5.7,3.50,12.0,400,-7015,2656,909,-6755,3095,44,-7241,2600,-167,-6939,3149,176,0,0,0,302,549,343,714.3,4699.5,0.024,-0.905,0.149,-1.649,-0.672,-3.793,636.9,1,0.7790,-0.5254,-0.2611,0.2212,0.0,0.0,0.2
214698,2026-08-29_06-25-09.699-240,v3.5.7,3.50,12.0,400,-7015,2656,909,-6743,3113,41,-7241,2600,-167,-6927,3167,173,0,0,0,314,567,340,731.9,4815.2,0.023,-0.933,0.146,-2.202,-0.719,-3.564,651.7,1,0.7767,-0.5290,-0.2586,0.2236,0.0,0.0,0.2
214751,2026-08-29_06-25-09.753-240,v3.5.7,3.50,12.0,400,-7016,2653,907,-6735,3102,54,-7242,2597,-169,-6919,3156,186,0,0,0,323,559,355,736.8,4847.2,0.025,-0.905,0.146,-2.557,-0.547,-2.836,655.8,1,0.7743,-0.5327,-0.2568,0.2252,0.0,0.0,0.2
214804,2026-08-29_06-25-09.805-240,v3.5.7,3.50,12.0,400,-7025,2654,905,-6735,3102,54,-7251,2598,-172,-6919,3156,186,0,0,0,332,558,358,741.5,4878.0,0.016,-0.908,0.141,-2.137,-0.328,-2.952,659.7,1,0.7721,-0.5359,-0.2551,0.2272,0.0,0.0,0.2
214831,2026-08-29_06-25-09.832-240,v3.5.7,3.50,12.0,400,-7016,2650,882,-6737,3116,50,-7238,2594,-193,-6921,3170,182,0,0,0,317,576,375,756.9,4979.6,0.028,-0.907,0.146,-2.162,-0.812,-3.244,672.7,1,0.7699,-0.5393,-0.2527,0.2292,0.0,0.0,0.2
214865,2026-08-29_06-25-09.869-240,v3.5.7,3.50,12.0,400,-7031,2649,932,-6737,3116,50,-7261,2592,-146,-6921,3170,182,0,0,0,340,578,328,746.5,4911.2,0.018,-0.908,0.155,-1.915,-0.562,-3.441,663.9,1,0.7677,-0.5425,-0.2503,0.2316,0.0,0.0,0.2
214905,2026-08-29_06-25-09.907-240,v3.5.7,3.50,12.0,400,-7031,2649,932,-6745,3136,52,-7261,2592,-146,-6929,3190,184,0,0,0,332,598,330,759.4,4996.2,0.026,-0.905,0.146,-2.048,-1.141,-3.454,674.8,1,0.7656,-0.5460,-0.2474,0.2335,0.0,0.0,0.2
214935,2026-08-29_06-25-09.939-240,v3.5.7,3.50,12.0,400,-7010,2646,907,-6735,3067,45,-7236,2589,-168,-6919,3121,177,0,0,0,317,532,345,708.9,4663.8,0.020,-0.904,0.146,-1.960,-0.203,-3.614,632.4,1,0.7632,-0.5491,-0.2453,0.2363,0.0,0.0,0.2
214980,2026-08-29_06-25-09.981-240,v3.5.7,3.50,12.0,400,-7022,2647,913,-6735,3067,45,-7249,2591,-164,-6919,3121,177,0,0,0,330,530,341,711.4,4680.2,0.026,-0.906,0.146,-2.164,-0.484,-3.405,634.5,1,0.7608,-0.5525,-0.2431,0.2386,0.0,0.0,0.2
215013,2026-08-29_06-25-09.014-240,v3.5.7,3.50,12.0,400,-7022,2647,913,-6747,3113,54,-7249,2591,-164,-6931,3167,186,0,0,0,318,576,350,745.3,4903.0,0.022,-0.905,0.146,-2.121,-0.719,-3.268,662.9,1,0.7585,-0.5558,-0.2407,0.2406,0.0,0.0,0.2
215042,2026-08-29_06-25-09.044-240,v3.5.7,3.50,12.0,400,-7015,2652,919,-6737,3105,49,-7243,2595,-157,-6921,3159,181,0,0,0,322,564,338,732.1,4816.7,0.025,-0.907,0.144,-1.619,-0.469,-3.179,651.9,1,0.7565,-0.5585,-0.2385,0.2428,0.0,0.0,0.0
215097,2026-08-29_06-25-09.099-240,v3.5.7,3.50,12.0,400,-7016,2650,907,-6737,3105,49,-7242,2594,-169,-6921,3159,181,0,0,0,321,565,350,738.1,4855.8,0.024,-0.906,0.149,-2.827,-0.828,-2.896,656.9,1,0.7538,-0.5623,-0.2366,0.2442,0.0,0.0,0.2
215125,2026-08-29_06-25-09.129-240,v3.5.7,3.50,12.0,400,-7019,2655,898,-6743,3113,55,-7243,2599,-178,-6927,3167,187,0,0,0,316,568,365,745.5,4904.3,0.026,-0.903,0.148,-2.379,-0.750,-3.371,663.1,1,0.7512,-0.5659,-0.2342,0.2462,0.0,0.0,0.2
215169,2026-08-29_06-25-09.170-240,v3.5.7,3.50,12.0,400,-7019,2655,898,-6754,3114,43,-7243,2599,-178,-6938,3168,176,0,0,0,305,569,354,736.3,4843.9,0.022,-0.905,0.147,0.114,-0.938,-0.084,655.4,1,0.7515,-0.5662,-0.2332,0.2456,0.0,0.0,0.2
215213,2026-08-29_06-25-09.214-240,v3.5.7,3.50,12.0,400,-7012,2649,907,-6754,3114,43,-7238,2593,-168,-6938,3168,176,0,0,0,300,575,344,734.1,4829.9,0.021,-0.905,0.147,-1.601,-0.859,-3.460,653.6,1,0.7495,-0.5690,-0.2304,0.2478,0.0,0.0,0.2
215242,2026-08-29_06-25-09.244-240,v3.5.7,3.50,12.0,400,-7018,2656,909,-6746,3109,52,-7244,2600,-167,-6930,3163,184,0,0,0,314,563,351,734.0,4829.0,0.025,-0.903,0.147,1.386,-1.359,-5.599,653.5,1,0.7491,-0.5698,-0.2246,0.2525,0.0,0.0,0.2
215282,2026-08-29_06-25-09.284-240,v3.5.7,3.50,12.0,400,-7018,2656,909,-6760,3109,22,-7244,2600,-167,-6944,3163,155,0,0,0,300,563,322,714.6,4701.3,0.022,-0.903,0.146,-2.125,-0.438,-3.338,637.2,1,0.7466,-0.5729,-0.2225,0.2548,0.0,0.0,0.2
215330,2026-08-29_06-25-09.334-240,v3.5.7,3.50,12.0,400,-7013,2662,902,-6760,3109,22,-7238,2606,-173,-6944,3163,155,0,0,0,294,557,328,710.1,4671.8,0.014,-0.903,0.133,-2.219,-0.672,-2.562,633.4,1,0.7443,-0.5760,-0.2207,0.2561,0.0,0.0,0.2
215363,2026-08-29_06-25-09.364-240,v3.5.7,3.50,12.0,400,-6959,2643,944,-6790,3091,98,-7192,2585,-124,-6975,3146,230,0,0,0,217,561,354,697.9,4591.7,0.025,-0.903,0.145,-2.265,-0.641,-3.329,623.2,1,0.7417,-0.5793,-0.2184,0.2581,0.0,0.0,0.2
215392,2026-08-29_06-25-09.393-240,v3.5.7,3.50,12.0,400,-7012,2654,917,-6790,3091,98,-7240,2597,-158,-6975,3146,230,0,0,0,265,549,388,722.6,4754.0,0.021,-0.907,0.150,-2.225,-0.656,-3.605,643.9,1,0.7391,-0.5826,-0.2159,0.2604,0.0,0.0,0.0
215438,2026-08-29_06-25-09.440-240,v3.5.7,3.50,12.0,400,-7012,2654,917,-6741,3126,38,-7240,2597,-158,-6925,3180,171,0,0,0,315,583,329,739.8,4867.3,0.021,-0.903,0.148,-2.430,-0.344,-3.396,658.3,1,0.7362,-0.5859,-0.2139,0.2626,0.0,0.0,0.2
215465,2026-08-29_06-25-09.467-240,v3.5.7,3.50,12.0,400,-7051,2673,928,-6752,3111,53,-7280,2617,-154,-6936,3165,185,0,0,0,344,548,339,730.5,4805.6,0.027,-0.906,0.149,-1.706,-0.828,-3.111,650.5,1,0.7341,-0.5886,-0.2114,0.2644,0.0,0.0,0.2
215505,2026-08-29_06-25-10.509-240,v3.5.7,3.50,12.0,400,-7018,2646,918,-6752,3111,53,-7246,2589,-158,-6936,3165,185,0,0,0,310,576,343,738.6,4859.2,0.019,-0.903,0.144,-2.309,-0.609,-3.719,657.3,1,0.7313,-0.5919,-0.2089,0.2667,0.0,0.0,0.2
215540,2026-08-29_06-25-10.541-240,v3.5.7,3.50,12.0,400,-7018,2646,918,-6755,3116,53,-7246,2589,-158,-6939,3170,185,0,0,0,307,581,343,741.3,4876.7,0.036,-0.953,0.142,-0.040,-0.188,-4.163,659.5,1,0.7299,-0.5931,-0.2056,0.2704,0.0,0.0,0.2
215569,2026-08-29_06-25-10.571-240,v3.5.7,3.50,12.0,400,-7007,2667,937,-6755,3116,53,-7238,2610,-138,-6939,3170,185,0,0,0,299,560,323,712.3,4686.0,0.035,-1.013,0.150,8.785,-0.312,-2.221,635.2,1,0.7357,-0.5858,-0.2007,0.2744,0.0,0.0,0.0
215597,2026-08-29_06-25-10.599-240,v3.5.7,3.50,12.0,400,-7007,2667,937,-6750,3112,74,-7238,2610,-138,-6934,3166,206,0,0,0,304,556,344,721.0,4743.6,0.035,-1.079,0.138,27.332,-1.250,-0.535,642.6,1,0.7554,-0.5609,-0.1897,0.2806,0.0,0.0,0.2
215649,2026-08-29_06-25-10.651-240,v3.5.7,3.50,12.0,400,-7005,2654,1003,-6748,3108,266,-7247,2595,-73,-6934,3163,396,0,0,0,313,568,469,800.3,5265.4,-0.011,-0.856,0.190,45.611,-1.250,1.938,709.1,1,0.7870,-0.5171,-0.1737,0.2882,0.0,0.0,0.0
215681,2026-08-29_06-25-10.682-240,v3.5.7,3.50,12.0,400,-6964,2649,1265,-6748,3108,266,-7250,2582,188,-6934,3163,396,0,0,0,316,581,208,693.3,4561.3,0.086,-0.866,0.216,36.850,-1.031,3.857,619.3,1,0.8115,-0.4799,-0.1617,0.2915,0.0,0.0,0.0
215710,2026-08-29_06-25-10.714-240,v3.5.7,3.50,12.0,400,-6920,2639,1519,-6746,3089,566,-7249,2565,443,-6934,3146,693,0,0,0,315,581,250,706.6,4648.7,0.043,-0.921,0.197,36.873,-1.047,1.084,630.5,1,0.8333,-0.4424,-0.1477,0.2969,0.0,0.0,0.2
215754,2026-08-29_06-25-10.755-240,v3.5.7,3.50,12.0,400,-6920,2639,1519,-6728,3062,845,-7249,2565,443,-6918,3120,968,0,0,0,331,555,525,832.6,5477.6,-0.012,-0.972,0.254,48.425,-2.297,4.969,736.2,1,0.8606,-0.3913,-0.1299,0.2988,0.0,0.0,0.2
215798,2026-08-29_06-25-10.799-240,v3.5.7,3.50,12.0,400,-6850,2645,1798,-6728,3062,845,-7226,2563,726,-6918,3120,968,0,0,0,308,557,242,680.9,4479.9,0.023,-0.981,0.309,64.487,0.953,7.351,608.9,1,0.8918,-0.3195,-0.1101,0.3009,0.0,0.0,0.2
215824,2026-08-29_06-25-10.825-240,v3.5.7,3.50,12.0,400,-6745,2642,2134,-6693,3045,1234,-7178,2549,1071,-6885,3104,1353,0,0,0,293,555,282,688.0,4526.6,0.016,-0.901,0.343,69.422,0.516,6.305,614.9,1,0.9183,-0.2403,-0.0868,0.3025,0.0,0.0,0.2
215859,2026-08-29_06-25-10.861-240,v3.5.7,3.50,12.0,400,-6745,2642,2134,-6693,3045,1234,-7178,2549,1071,-6885,3104,1353,0,0,0,293,555,282,688.0,4526.6,0.022,-0.869,0.383,71.446,-1.000,5.967,614.9,1,0.9383,-0.1576,-0.0603,0.3019,0.0,0.0,0.0
215887,2026-08-29_06-25-10.889-240,v3.5.7,3.50,12.0,400,-6611,2623,2568,-6617,3035,1707,-7117,2517,1515,-6812,3096,1820,0,0,0,305,579,305,722.0,4750.0,-0.013,-0.775,0.424,65.810,-1.031,5.143,643.4,1,0.9500,-0.0804,-0.0352,0.2997,0.0,0.0,0.2
215919,2026-08-29_06-25-10.921-240,v3.5.7,3.50,12.0,400,-6471,2627,2946,-6617,3035,1707,-7041,2509,1906,-6812,3096,1820,0,0,0,229,587,-86,635.9,4183.7,0.065,-0.757,0.407,44.811,-1.750,2.960,571.1,1,0.9541,-0.0279,-0.0166,0.2976,0.0,0.0,0.0
215962,2026-08-29_06-25-10.963-240,v3.5.7,3.50,12.0,400,-6471,2627,2946,-6512,3008,2134,-7041,2509,1906,-6708,3070,2241,0,0,0,333,561,335,733.4,4824.8,0.006,-0.867,0.467,35.113,0.016,2.912,652.9,1,0.9555,0.0138,-0.0037,0.2946,0.0,0.0,0.0
215992,2026-08-29_06-25-10.994-240,v3.5.7,3.50,12.0,400,-6360,2619,3187,-6428,2986,2393,-6971,2492,2158,-6625,3049,2497,0,0,0,346,557,339,738.2,4856.3,0.020,-0.988,0.449,45.743,-0.828,3.667,656.9,1,0.9545,0.0678,0.0141,0.2900,0.0,0.0,0.2
216039,2026-08-29_06-25-10.040-240,v3.5.7,3.50,12.0,400,-6232,2621,3445,-6333,2970,2727,-6887,2486,2429,-6531,3033,2826,0,0,0,356,547,397,763.9,5025.7,-0.002,-0.958,0.463,63.202,-0.438,5.531,678.6,1,0.9482,0.1423,0.0379,0.2816,0.0,0.0,0.2
216091,2026-08-29_06-25-10.093-240,v3.5.7,3.50,12.0,400,-6039,2621,3826,-6333,2970,2727,-6759,2473,2831,-6531,3033,2826,0,0,0,228,560,-5,604.7,3978.0,-0.165,-0.811,0.599,85.577,-2.375,9.193,544.9,1,0.9307,0.2409,0.0719,0.2656,0.0,0.0,0.0
216125,2026-08-29_06-25-10.129-240,v3.5.7,3.50,12.0,400,-6039,2621,3826,-6147,2954,3215,-6759,2473,2831,-6346,3018,3307,0,0,0,413,545,476,833.2,5481.4,-0.119,-0.675,0.775,82.274,-3.906,8.628,736.7,1,0.9037,0.3326,0.1058,0.2481,0.0,0.0,0.2
216158,2026-08-29_06-25-10.160-240,v3.5.7,3.50,12.0,400,-5754,2618,4264,-5914,2909,3725,-6550,2454,3302,-6113,2974,3809,0,0,0,437,520,507,847.6,5576.3,0.034,-0.512,0.659,58.779,-1.688,4.620,748.8,1,0.8781,0.3966,0.1274,0.2353,0.0,0.0,0.2
216209,2026-08-29_06-25-10.211-240,v3.5.7,3.50,12.0,400,-5469,2620,4611,-5914,2909,3725,-6325,2442,3683,-6113,2974,3809,0,0,0,212,532,126,586.4,3857.8,0.066,-0.919,0.653,47.189,-1.141,2.796,529.6,1,0.8540,0.4467,0.1437,0.2249,0.0,0.0,0.0
216237,2026-08-29_06-25-10.239-240,v3.5.7,3.50,12.0,400,-5275,2624,4856,-5735,2904,4014,-6174,2437,3952,-5933,2969,4094,0,0,0,241,532,142,601.1,3954.3,0.025,-1.051,0.670,75.493,-1.922,7.257,541.9,1,0.8099,0.5230,0.1702,0.2038,0.0,0.0,0.2
216282,2026-08-29_06-25-10.284-240,v3.5.7,3.50,12.0,400,-5275,2624,4856,-5470,2888,4434,-6174,2437,3952,-5667,2953,4507,0,0,0,507,516,555,911.8,5998.5,0.174,-0.650,0.654,107.535,-2.531,12.663,802.6,1,0.7357,0.6227,0.2066,0.1683,0.0,0.0,0.2
216324,2026-08-29_06-25-10.325-240,v3.5.7,3.50,12.0,400,-4919,2616,5278,-5470,2888,4434,-5891,2412,4418,-5667,2953,4507,0,0,0,224,541,89,592.3,3896.5,-0.032,-0.356,0.809,81.552,-1.078,10.597,534.5,1,0.6707,0.6911,0.2317,0.1376,0.0,0.0,0.2
216357,2026-08-29_06-25-10.359-240,v3.5.7,3.50,12.0,400,-4448,2625,5663,-5043,2834,4965,-5488,2403,4864,-5237,2898,5028,0,0,0,251,495,164,578.7,3807.4,0.048,-0.261,0.850,40.629,-1.250,4.996,523.1,1,0.6353,0.7225,0.2438,0.1226,0.0,0.0,0.2
216384,2026-08-29_06-25-10.386-240,v3.5.7,3.50,12.0,400,-4448,2625,5663,-5043,2834,4965,-5488,2403,4864,-5237,2898,5028,0,0,0,251,495,164,578.7,3807.4,0.083,-0.335,0.902,7.601,-1.172,-2.241,523.1,1,0.6278,0.7289,0.2438,0.1231,0.0,0.0,0.2
216413,2026-08-29_06-25-10.414-240,v3.5.7,3.50,12.0,400,-4226,2610,5809,-4801,2834,5185,-5292,2381,5040,-4993,2897,5244,0,0,0,299,516,204,630.3,4146.7,-0.124,-0.527,0.816,-13.479,0.328,-4.721,566.4,1,0.6394,0.7197,0.2371,0.1307,0.0,0.0,0.2
216442,2026-08-29_06-25-10.443-240,v3.5.7,3.50,12.0,400,-4226,2610,5809,-4801,2834,5185,-5292,2381,5040,-4993,2897,5244,0,0,0,299,516,204,630.3,4146.7,-0.105,-0.730,0.854,-5.631,0.016,-5.066,566.4,1,0.6436,0.7166,0.2316,0.1364,0.0,0.0,0.2
216469,2026-08-29_06-25-10.471-240,v3.5.7,3.50,12.0,400,-4244,2626,5792,-4811,2837,5169,-5307,2398,5021,-5003,2900,5228,0,0,0,304,502,207,622.3,4094.1,-0.022,-0.766,0.886,9.718,0.297,-1.948,559.7,1,0.6347,0.7249,0.2313,0.1349,0.0,0.0,0.2
216503,2026-08-29_06-25-11.504-240,v3.5.7,3.50,12.0,400,-4217,2621,5836,-4811,2837,5169,-5288,2391,5068,-5003,2900,5228,0,0,0,285,509,160,604.9,3979.6,0.073,-0.740,0.840,32.383,-0.141,-0.817,545.1,1,0.6047,0.7502,0.2359,0.1262,0.0,0.0,0.2
216548,2026-08-29_06-25-11.549-240,v3.5.7,3.50,12.0,400,-4217,2621,5836,-4767,2837,5238,-5288,2391,5068,-4959,2900,5296,0,0,0,329,509,228,647.5,4260.1,0.036,-0.440,0.863,53.091,-1.609,5.144,580.9,1,0.5540,0.7868,0.2498,0.1080,0.0,0.0,0.2
216579,2026-08-29_06-25-11.581-240,v3.5.7,3.50,12.0,400,-4008,2621,5989,-4549,2825,5486,-5106,2384,5249,-4739,2888,5540,0,0,0,367,504,291,688.0,4526.5,0.065,-0.357,0.909,32.534,0.156,0.287,614.9,1,0.5217,0.8085,0.2541,0.0974,0.0,0.0,0.2
216619,2026-08-29_06-25-11.621-240,v3.5.7,3.50,12.0,400,-3782,2622,6131,-4549,2825,5486,-4905,2377,5421,-4739,2888,5540,0,0,0,166,511,119,550.3,3620.4,-0.008,-0.423,1.016,20.241,-0.266,0.871,499.3,1,0.5012,0.8211,0.2575,0.0906,0.0,0.0,0.0
216666,2026-08-29_06-25-11.667-240,v3.5.7,3.50,12.0,400,-3668,2620,6204,-4386,2809,5594,-4805,2372,5510,-4574,2871,5645,0,0,0,231,499,135,566.2,3725.0,0.045,-0.475,0.943,3.199,-0.297,-2.803,512.6,1,0.4975,0.8240,0.2552,0.0917,0.0,0.0,0.2
216704,2026-08-29_06-25-11.705-240,v3.5.7,3.50,12.0,400,-3668,2620,6204,-4289,2813,5648,-4805,2372,5510,-4476,2874,5698,0,0,0,329,502,188,629.0,4137.9,0.041,-0.517,0.939,3.824,-0.578,-2.190,565.3,1,0.4932,0.8270,0.2537,0.0924,0.0,0.0,0.2
216737,2026-08-29_06-25-11.738-240,v3.5.7,3.50,12.0,400,-3638,2617,6231,-4289,2813,5648,-4779,2367,5540,-4476,2874,5698,0,0,0,303,507,158,611.4,4022.4,0.027,-0.430,0.940,1.155,-0.062,-3.843,550.6,1,0.4915,0.8288,0.2499,0.0945,0.0,0.0,0.2
216769,2026-08-29_06-25-11.772-240,v3.5.7,3.50,12.0,400,-3610,2622,6224,-4269,2817,5678,-4750,2372,5538,-4456,2878,5727,0,0,0,294,506,189,615.0,4045.9,0.024,-0.554,0.903,-2.881,-3.000,-3.803,553.6,1,0.4932,0.8279,0.2475,0.1008,0.0,0.0,0.2
216807,2026-08-29_06-25-11.809-240,v3.5.7,3.50,12.0,400,-3610,2622,6224,-4265,2819,5680,-4750,2372,5538,-4452,2880,5729,0,0,0,298,508,191,619.2,4073.4,0.084,-0.533,0.930,15.125,-0.156,-0.397,557.1,1,0.4774,0.8371,0.2490,0.0965,0.0,0.0,0.0
216860,2026-08-29_06-25-11.863-240,v3.5.7,3.50,12.0,400,-3591,2611,6249,-4265,2819,5680,-4736,2360,5565,-4452,2880,5729,0,0,0,284,520,164,614.8,4044.6,0.040,-0.410,0.930,1.992,-1.391,-3.207,553.4,1,0.4745,0.8391,0.2467,0.0993,0.0,0.0,0.0
216889,2026-08-29_06-25-11.890-240,v3.5.7,3.50,12.0,400,-3515,2625,6280,-4198,2818,5734,-4666,2372,5607,-4384,2879,5782,0,0,0,282,507,175,606.0,3986.6,0.019,-0.586,0.938,3.772,-0.812,-2.936,546.0,1,0.4699,0.8421,0.2446,0.1007,0.0,0.0,0.2
216919,2026-08-29_06-25-11.921-240,v3.5.7,3.50,12.0,400,-3515,2625,6280,-4177,2807,5781,-4666,2372,5607,-4363,2868,5828,0,0,0,303,496,221,621.8,4091.0,0.013,-0.807,0.934,30.103,-0.234,0.265,559.3,1,0.4379,0.8591,0.2486,0.0915,0.0,0.0,0.0
216967,2026-08-29_06-25-11.969-240,v3.5.7,3.50,12.0,400,-3483,2627,6316,-4177,2807,5781,-4640,2373,5647,-4363,2868,5828,0,0,0,277,495,181,595.4,3917.2,0.048,-0.657,0.973,96.529,-1.562,10.069,537.1,1,0.3325,0.9020,0.2694,0.0573,0.0,0.0,0.2
216999,2026-08-29_06-25-11.001-240,v3.5.7,3.50,12.0,400,-3189,2600,6559,-3885,2808,6045,-4389,2335,5928,-4068,2868,6087,0,0,0,321,533,159,642.2,4224.9,0.014,-0.566,0.928,118.613,-1.016,12.474,576.4,1,0.1971,0.9367,0.2892,0.0131,0.0,0.0,0.0
217027,2026-08-29_06-25-11.029-240,v3.5.7,3.50,12.0,400,-2550,2624,6828,-3885,2808,6045,-3800,2341,6286,-4068,2868,6087,0,0,0,-268,527,-199,623.8,4104.1,0.046,-0.420,0.951,133.375,-3.188,17.825,561.0,1,0.0395,0.9497,0.3087,-0.0353,0.0,0.0,0.2
217079,2026-08-29_06-25-11.081-240,v3.5.7,3.50,12.0,400,-2550,2624,6828,-3247,2772,6444,-3800,2341,6286,-3423,2829,6476,0,0,0,377,488,190,645.3,4245.2,0.032,0.051,1.007,106.877,-0.938,13.711,579.0,1,-0.0876,0.9412,0.3174,-0.0754,0.0,0.0,0.0
217130,2026-08-29_06-25-11.134-240,v3.5.7,3.50,12.0,400,-1801,2635,7076,-2463,2757,6774,-3098,2334,6640,-2628,2810,6796,0,0,0,470,476,156,686.9,4519.0,-0.144,-0.128,1.057,63.994,-5.609,8.122,613.9,1,-0.1653,0.9285,0.3193,-0.0930,0.0,0.0,0.2
217159,2026-08-29_06-25-11.160-240,v3.5.7,3.50,12.0,400,-1205,2629,7201,-1949,2753,6923,-2528,2315,6851,-2107,2803,6939,0,0,0,421,488,88,650.5,4279.5,-0.001,-0.191,1.059,68.148,-3.844,6.410,583.4,1,-0.2458,0.9090,0.3168,-0.1140,0.0,0.0,0.2
217203,2026-08-29_06-25-11.204-240,v3.5.7,3.50,12.0,400,-778,2625,7257,-1949,2753,6923,-2114,2303,6970,-2107,2803,6939,0,0,0,7,500,-31,501.0,3296.1,-0.049,0.015,0.951,75.723,-1.016,7.719,457.9,1,-0.3319,0.8788,0.3131,-0.1398,0.0,0.0,0.2
217232,2026-08-29_06-25-11.233-240,v3.5.7,3.50,12.0,400,-778,2625,7257,-1478,2750,7041,-2114,2303,6970,-1629,2797,7052,0,0,0,485,494,82,697.1,4586.4,0.060,0.089,1.004,55.502,-3.203,7.883,622.5,1,-0.3946,0.8511,0.3099,-0.1543,0.0,0.0,0.2
217265,2026-08-29_06-25-11.269-240,v3.5.7,3.50,12.0,400,-322,2629,7317,-1478,2750,7041,-1672,2298,7096,-1629,2797,7052,0,0,0,43,499,-44,502.8,3307.8,0.061,0.177,1.095,36.842,-0.375,6.063,459.4,1,-0.4346,0.8298,0.3087,-0.1650,0.0,0.0,0.2
217313,2026-08-29_06-25-11.314-240,v3.5.7,3.50,12.0,400,-20,2626,7327,-1087,2734,7120,-1374,2290,7151,-1232,2778,7127,0,0,0,142,488,-24,508.8,3347.4,-0.060,0.109,1.249,48.103,-7.578,-4.714,464.5,1,-0.4856,0.8055,0.2892,-0.1780,0.0,0.0,0.2
217343,2026-08-29_06-25-11.345-240,v3.5.7,3.50,12.0,400,-20,2626,7327,-815,2722,7169,-1374,2290,7151,-956,2764,7173,0,0,0,418,474,22,632.4,4160.3,0.364,0.403,1.177,26.849,-7.641,11.003,568.2,1,-0.5175,0.7864,0.2894,-0.1732,0.0,0.0,0.2
217388,2026-08-29_06-25-11.389-240,v3.5.7,3.50,12.0,400,262,2609,7334,-664,2686,7233,-1096,2268,7200,-803,2728,7235,0,0,0,293,460,35,546.5,3595.5,-0.072,-0.365,1.133,20.643,0.203,2.786,496.1,1,-0.5382,0.7717,0.2877,-0.1790,0.0,0.0,0.0
217439,2026-08-29_06-25-11.441-240,v3.5.7,3.50,12.0,400,362,2605,7328,-664,2686,7233,-995,2263,7209,-803,2728,7235,0,0,0,192,465,26,503.8,3314.2,0.061,0.367,1.108,44.188,0.016,3.879,460.2,1,-0.5809,0.7394,0.2811,-0.1920,0.0,0.0,0.2
217466,2026-08-29_06-25-11.467-240,v3.5.7,3.50,12.0,400,618,2607,7316,-385,2678,7266,-739,2261,7235,-519,2718,7266,0,0,0,220,457,31,508.1,3343.1,0.015,0.622,1.116,-3.689,-0.234,-3.608,463.9,1,-0.5767,0.7434,0.2784,-0.1931,0.0,0.0,0.2
217500,2026-08-29_06-25-12.504-240,v3.5.7,3.50,12.0,400,618,2607,7316,-385,2678,7266,-739,2261,7235,-519,2718,7266,0,0,0,220,457,31,508.1,3343.1,0.040,0.150,1.077,-39.686,0.156,-9.112,463.9,1,-0.5370,0.7741,0.2793,-0.1857,0.0,0.0,0.2
217530,2026-08-29_06-25-12.532-240,v3.5.7,3.50,12.0,400,683,2609,7311,-336,2683,7271,-674,2262,7240,-470,2722,7270,0,0,0,204,460,30,504.1,3316.4,-0.115,0.057,1.125,-43.299,1.031,-7.026,460.5,1,-0.4924,0.8041,0.2827,-0.1761,0.0,0.0,0.2
217560,2026-08-29_06-25-12.564-240,v3.5.7,3.50,12.0,400,449,2598,7338,-336,2683,7271,-911,2254,7232,-470,2722,7270,0,0,0,441,468,38,644.2,4237.9,-0.042,0.020,1.155,-35.068,1.641,-7.521,578.1,1,-0.4545,0.8272,0.2836,-0.1698,0.0,0.0,0.2
217599,2026-08-29_06-25-12.601-240,v3.5.7,3.50,12.0,400,449,2598,7338,-561,2689,7242,-911,2254,7232,-698,2730,7243,0,0,0,213,476,11,521.6,3431.6,0.039,0.109,1.096,-42.795,-1.172,-8.436,475.2,1,-0.4083,0.8534,0.2828,-0.1579,0.0,0.0,0.2
217629,2026-08-29_06-25-12.631-240,v3.5.7,3.50,12.0,400,239,2595,7340,-796,2684,7201,-1119,2254,7202,-937,2727,7205,0,0,0,182,473,3,506.8,3334.3,0.044,-0.031,1.089,-45.637,-0.938,-9.483,462.8,1,-0.3575,0.8788,0.2807,-0.1454,0.0,0.0,0.2
217673,2026-08-29_06-25-12.674-240,v3.5.7,3.50,12.0,400,-16,2607,7340,-796,2684,7201,-1372,2270,7164,-937,2727,7205,0,0,0,435,457,41,632.3,4159.6,0.017,-0.197,1.107,-18.977,-0.109,-7.807,568.1,1,-0.3352,0.8897,0.2755,-0.1420,0.0,0.0,0.2
217709,2026-08-29_06-25-12.711-240,v3.5.7,3.50,12.0,400,-16,2607,7340,-1053,2711,7161,-1372,2270,7164,-1198,2755,7167,0,0,0,174,485,3,515.3,3390.0,0.013,-0.185,1.110,1.123,-0.641,-3.680,469.9,1,-0.3360,0.8906,0.2709,-0.1432,0.0,0.0,0.0
217738,2026-08-29_06-25-12.739-240,v3.5.7,3.50,12.0,400,-129,2605,7340,-1091,2697,7163,-1484,2270,7148,-1236,2741,7170,0,0,0,248,471,22,532.8,3505.0,0.015,-0.049,1.116,12.127,-0.938,-0.651,484.6,1,-0.3497,0.8858,0.2675,-0.1466,0.0,0.0,0.2
217793,2026-08-29_06-25-12.794-240,v3.5.7,3.50,12.0,400,-88,2601,7336,-1091,2697,7163,-1443,2266,7150,-1236,2741,7170,0,0,0,207,475,20,518.5,3411.4,0.029,0.100,1.109,-1.104,-0.484,-3.819,472.6,1,-0.3480,0.8876,0.2633,-0.1473,0.0,0.0,0.2
217822,2026-08-29_06-25-12.824-240,v3.5.7,3.50,12.0,400,-47,2607,7329,-1044,2697,7178,-1401,2271,7149,-1189,2741,7184,0,0,0,212,470,35,516.8,3399.9,0.034,0.027,1.111,-9.563,-0.328,-4.564,471.2,1,-0.3366,0.8933,0.2598,-0.1458,0.0,0.0,0.2
217866,2026-08-29_06-25-12.867-240,v3.5.7,3.50,12.0,400,-47,2607,7329,-1048,2695,7171,-1401,2271,7149,-1193,2739,7177,0,0,0,208,468,28,512.9,3374.4,0.025,-0.060,1.109,-10.418,-0.203,-5.045,467.9,1,-0.3241,0.8993,0.2559,-0.1443,0.0,0.0,0.2
217910,2026-08-29_06-25-12.914-240,v3.5.7,3.50,12.0,400,-90,2617,7341,-1048,2695,7171,-1446,2282,7154,-1193,2739,7177,0,0,0,253,457,23,522.9,3439.9,0.034,-0.044,1.107,-6.377,-0.406,-4.202,476.3,1,-0.3163,0.9032,0.2521,-0.1435,0.0,0.0,0.2
217960,2026-08-29_06-25-12.961-240,v3.5.7,3.50,12.0,400,-108,2605,7333,-1092,2692,7183,-1462,2270,7144,-1238,2737,7189,0,0,0,224,467,45,519.9,3420.4,0.027,-0.107,1.111,11.803,-1.047,-3.495,473.8,1,-0.3293,0.8997,0.2456,-0.1474,0.0,0.0,0.0
217988,2026-08-29_06-25-12.989-240,v3.5.7,3.50,12.0,400,-50,2598,7334,-1080,2754,7157,-1405,2262,7154,-1226,2798,7164,0,0,0,179,536,10,565.2,3718.3,0.032,-0.029,1.111,13.847,-0.922,-1.517,511.8,1,-0.3449,0.8945,0.2409,-0.1512,0.0,0.0,0.2
218022,2026-08-29_06-25-12.024-240,v3.5.7,3.50,12.0,400,-50,2598,7334,-1080,2754,7157,-1405,2262,7154,-1226,2798,7164,0,0,0,179,536,10,565.2,3718.3,0.025,0.075,1.111,6.362,-0.875,-2.230,511.8,1,-0.3519,0.8926,0.2368,-0.1531,0.0,0.0,0.2
218053,2026-08-29_06-25-12.054-240,v3.5.7,3.50,12.0,400,-45,2608,7350,-989,2694,7188,-1403,2272,7170,-1133,2738,7193,0,0,0,270,466,23,539.1,3546.4,0.028,0.013,1.114,-0.101,-0.672,-3.081,489.9,1,-0.3514,0.8936,0.2331,-0.1536,0.0,0.0,0.2
218083,2026-08-29_06-25-12.084-240,v3.5.7,3.50,12.0,400,4,2595,7374,-989,2694,7188,-1358,2257,7201,-1133,2738,7193,0,0,0,225,481,-8,531.1,3494.0,0.030,-0.029,1.113,0.828,-0.750,-2.409,483.2,1,-0.3521,0.8941,0.2299,-0.1541,0.0,0.0,0.2
218133,2026-08-29_06-25-12.134-240,v3.5.7,3.50,12.0,400,4,2595,7374,-979,2665,7191,-1358,2257,7201,-1123,2709,7196,0,0,0,235,452,-5,509.5,3351.7,0.031,0.049,1.111,1.451,-0.953,-2.642,465.0,1,-0.3535,0.8944,0.2262,-0.1546,0.0,0.0,0.2
218162,2026-08-29_06-25-12.164-240,v3.5.7,3.50,12.0,400,24,2611,7355,-939,2694,7192,-1335,2273,7185,-1082,2737,7197,0,0,0,253,464,12,528.6,3477.8,0.035,-0.019,1.110,-4.205,-0.953,-3.689,481.1,1,-0.3484,0.8975,0.2224,-0.1540,0.0,0.0,0.2
218203,2026-08-29_06-25-12.204-240,v3.5.7,3.50,12.0,400,34,2613,7337,-939,2694,7192,-1322,2276,7169,-1082,2737,7197,0,0,0,240,461,28,520.5,3424.2,0.018,0.031,1.112,0.511,-0.422,-2.334,474.3,1,-0.3486,0.8980,0.2195,-0.1547,0.0,0.0,0.2
218237,2026-08-29_06-25-12.239-240,v3.5.7,3.50,12.0,400,34,2613,7337,-975,2697,7188,-1322,2276,7169,-1119,2741,7193,0,0,0,203,465,24,507.9,3341.8,0.025,-0.014,1.111,0.561,-0.875,-2.778,463.7,1,-0.3490,0.8986,0.2159,-0.1550,0.0,0.0,0.2
218269,2026-08-29_06-25-12.271-240,v3.5.7,3.50,12.0,400,44,2610,7341,-910,2691,7194,-1313,2272,7174,-1053,2734,7199,0,0,0,260,462,25,530.7,3491.6,0.034,-0.016,1.112,3.325,-0.562,-2.804,482.9,1,-0.3524,0.8980,0.2118,-0.1565,0.0,0.0,0.0
218318,2026-08-29_06-25-12.319-240,v3.5.7,3.50,12.0,400,71,2606,7329,-910,2691,7194,-1284,2268,7167,-1053,2734,7199,0,0,0,231,466,32,521.1,3428.3,0.001,0.006,1.118,-0.127,-0.359,-2.814,474.8,1,-0.3518,0.8989,0.2085,-0.1573,0.0,0.0,0.2
218349,2026-08-29_06-25-12.351-240,v3.5.7,3.50,12.0,400,93,2615,7344,-899,2692,7196,-1265,2277,7184,-1041,2735,7201,0,0,0,224,458,17,510.1,3356.1,-0.001,0.012,1.120,-0.323,-0.891,-3.747,465.6,1,-0.3510,0.9002,0.2039,-0.1579,0.0,0.0,0.0
218393,2026-08-29_06-25-12.394-240,v3.5.7,3.50,12.0,400,93,2615,7344,-887,2686,7195,-1265,2277,7184,-1029,2729,7200,0,0,0,236,452,16,510.2,3356.3,0.051,0.005,1.108,-0.526,-0.781,-3.287,465.6,1,-0.3499,0.9014,0.2000,-0.1583,0.0,0.0,0.2
218433,2026-08-29_06-25-12.434-240,v3.5.7,3.50,12.0,400,102,2599,7341,-887,2686,7195,-1255,2260,7183,-1029,2729,7200,0,0,0,226,469,17,520.9,3426.9,0.003,-0.005,1.119,-0.029,-0.781,-2.924,474.6,1,-0.3495,0.9023,0.1963,-0.1587,0.0,0.0,0.2
218461,2026-08-29_06-25-12.464-240,v3.5.7,3.50,12.0,400,116,2607,7333,-883,2696,7203,-1240,2269,7177,-1025,2739,7207,0,0,0,215,470,30,517.7,3406.0,0.005,0.006,1.119,1.040,-0.922,-2.730,471.9,1,-0.3504,0.9027,0.1926,-0.1591,0.0,0.0,0.2
218504,2026-08-29_06-25-13.505-240,v3.5.7,3.50,12.0,400,116,2607,7333,-862,2705,7200,-1240,2269,7177,-1004,2748,7204,0,0,0,236,479,27,534.7,3517.5,0.045,0.031,1.110,-1.454,-0.641,-3.238,486.2,1,-0.3483,0.9042,0.1889,-0.1594,0.0,0.0,0.2
218553,2026-08-29_06-25-13.554-240,v3.5.7,3.50,12.0,400,100,2601,7306,-862,2705,7200,-1251,2263,7148,-1004,2748,7204,0,0,0,247,485,56,547.1,3599.7,0.057,-0.009,1.099,1.936,-1.047,-2.741,496.6,1,-0.3502,0.9042,0.1850,-0.1599,0.0,0.0,0.2
218601,2026-08-29_06-25-13.602-240,v3.5.7,3.50,12.0,400,136,2611,7362,-838,2686,7215,-1225,2271,7209,-980,2729,7219,0,0,0,245,458,10,519.5,3417.8,0.012,0.022,1.116,-0.853,-0.781,-3.477,473.4,1,-0.3488,0.9055,0.1808,-0.1603,0.0,0.0,0.0
218630,2026-08-29_06-25-13.634-240,v3.5.7,3.50,12.0,400,151,2577,7372,-862,2671,7187,-1212,2237,7221,-1004,2714,7191,0,0,0,208,477,-30,521.2,3429.2,0.011,0.038,1.114,-2.223,-1.188,-3.570,474.9,1,-0.3458,0.9075,0.1767,-0.1600,0.0,0.0,0.2
218669,2026-08-29_06-25-13.670-240,v3.5.7,3.50,12.0,400,147,2605,7357,-862,2671,7187,-1213,2265,7205,-1004,2714,7191,0,0,0,209,449,-14,495.5,3259.6,0.034,-0.102,1.103,-1.194,-0.406,-2.973,453.3,1,-0.3440,0.9087,0.1734,-0.1606,0.0,0.0,0.2
218715,2026-08-29_06-25-13.719-240,v3.5.7,3.50,12.0,400,147,2605,7357,-827,2691,7213,-1213,2265,7205,-968,2734,7217,0,0,0,245,469,12,529.3,3482.1,0.027,0.046,1.110,-0.416,-0.922,-2.845,481.6,1,-0.3432,0.9097,0.1698,-0.1607,0.0,0.0,0.0
218744,2026-08-29_06-25-13.746-240,v3.5.7,3.50,12.0,400,149,2609,7333,-815,2685,7207,-1207,2270,7182,-956,2728,7211,0,0,0,251,458,29,523.1,3441.3,0.027,0.016,1.113,-3.614,-0.781,-3.759,476.4,1,-0.3385,0.9122,0.1659,-0.1606,0.0,0.0,0.2
218788,2026-08-29_06-25-13.789-240,v3.5.7,3.50,12.0,400,142,2605,7341,-815,2685,7207,-1216,2266,7189,-956,2728,7211,0,0,0,260,462,22,530.6,3490.7,0.022,0.021,1.117,-0.686,-0.812,-3.032,482.7,1,-0.3373,0.9133,0.1622,-0.1608,0.0,0.0,0.2
218817,2026-08-29_06-25-13.819-240,v3.5.7,3.50,12.0,400,142,2605,7341,-825,2695,7205,-1216,2266,7189,-966,2738,7209,0,0,0,250,472,20,534.5,3516.4,0.020,0.023,1.117,-2.225,-0.984,-3.479,486.0,1,-0.3343,0.9151,0.1582,-0.1607,0.0,0.0,0.2
218849,2026-08-29_06-25-13.851-240,v3.5.7,3.50,12.0,400,150,2635,7321,-825,2695,7205,-1205,2296,7170,-966,2738,7209,0,0,0,239,442,39,504.0,3315.7,0.023,0.025,1.117,-1.914,-0.953,-2.972,460.4,1,-0.3317,0.9166,0.1548,-0.1605,0.0,0.0,0.0
218878,2026-08-29_06-25-13.879-240,v3.5.7,3.50,12.0,400,162,2605,7342,-825,2691,7212,-1196,2266,7193,-966,2734,7216,0,0,0,230,468,23,522.0,3434.0,0.022,0.011,1.118,-2.180,-0.344,-3.306,475.5,1,-0.3286,0.9182,0.1513,-0.1611,0.0,0.0,0.2
218922,2026-08-29_06-25-13.924-240,v3.5.7,3.50,12.0,400,162,2605,7342,-826,2681,7204,-1196,2266,7193,-967,2724,7208,0,0,0,229,458,15,512.3,3370.3,0.025,0.018,1.116,-2.036,-0.438,-3.245,467.4,1,-0.3258,0.9198,0.1478,-0.1615,0.0,0.0,0.2
218960,2026-08-29_06-25-13.961-240,v3.5.7,3.50,12.0,400,159,2609,7356,-826,2681,7204,-1201,2269,7206,-967,2724,7208,0,0,0,234,455,2,511.6,3366.1,0.026,0.004,1.119,-1.025,-0.938,-2.963,466.8,1,-0.3242,0.9209,0.1442,-0.1614,0.0,0.0,0.2
218989,2026-08-29_06-25-13.991-240,v3.5.7,3.50,12.0,400,150,2604,7339,-829,2688,7188,-1207,2265,7188,-970,2731,7192,0,0,0,237,466,4,522.8,3439.6,0.027,0.002,1.114,1.143,-0.641,-2.771,476.2,1,-0.3251,0.9211,0.1405,-0.1620,0.0,0.0,0.0
219028,2026-08-29_06-25-13.029-240,v3.5.7,3.50,12.0,400,150,2604,7339,-827,2742,7217,-1207,2265,7188,-969,2785,7221,0,0,0,238,520,33,572.8,3768.6,0.021,0.046,1.114,-3.917,-1.125,-3.440,518.2,1,-0.3201,0.9235,0.1368,-0.1614,0.0,0.0,0.2
219080,2026-08-29_06-25-13.082-240,v3.5.7,3.50,12.0,400,152,2600,7325,-827,2742,7217,-1203,2261,7175,-969,2785,7221,0,0,0,234,524,46,575.7,3787.6,0.027,0.043,1.117,-1.708,-0.328,-2.677,520.6,1,-0.3176,0.9247,0.1339,-0.1618,0.0,0.0,0.2
219109,2026-08-29_06-25-13.111-240,v3.5.7,3.50,12.0,400,156,2616,7352,-809,2696,7220,-1204,2276,7202,-950,2739,7224,0,0,0,254,463,22,528.6,3477.3,0.021,0.010,1.117,-3.270,-0.625,-3.976,481.0,1,-0.3132,0.9267,0.1297,-0.1621,0.0,0.0,0.0
219139,2026-08-29_06-25-13.141-240,v3.5.7,3.50,12.0,400,171,2606,7390,-809,2696,7220,-1195,2265,7241,-950,2739,7224,0,0,0,245,474,-17,533.8,3512.1,0.021,0.008,1.117,-1.263,-0.469,-3.312,485.5,1,-0.3111,0.9278,0.1259,-0.1627,0.0,0.0,0.0
219189,2026-08-29_06-25-13.191-240,v3.5.7,3.50,12.0,400,171,2606,7390,-817,2685,7200,-1195,2265,7241,-958,2728,7204,0,0,0,237,463,-37,521.4,3430.6,0.029,0.018,1.114,-1.981,-0.250,-3.493,475.1,1,-0.3082,0.9292,0.1222,-0.1634,0.0,0.0,0.0
219219,2026-08-29_06-25-13.221-240,v3.5.7,3.50,12.0,400,174,2605,7342,-799,2686,7211,-1184,2265,7195,-940,2729,7215,0,0,0,244,464,20,524.6,3451.5,0.026,0.018,1.115,-1.645,-0.297,-3.380,477.7,1,-0.3057,0.9304,0.1184,-0.1641,0.0,0.0,0.2
219259,2026-08-29_06-25-13.261-240,v3.5.7,3.50,12.0,400,178,2605,7333,-799,2686,7211,-1179,2266,7186,-940,2729,7215,0,0,0,239,463,29,521.9,3433.2,0.026,0.012,1.115,-1.428,-0.750,-3.036,475.4,1,-0.3035,0.9315,0.1149,-0.1642,0.0,0.0,0.2
219292,2026-08-29_06-25-13.294-240,v3.5.7,3.50,12.0,400,178,2605,7333,-808,2691,7196,-1179,2266,7186,-949,2734,7200,0,0,0,230,468,14,521.7,3431.9,0.037,0.025,1.110,-2.029,-0.766,-3.483,475.2,1,-0.3006,0.9329,0.1109,-0.1643,0.0,0.0,0.0
219322,2026-08-29_06-25-13.324-240,v3.5.7,3.50,12.0,400,175,2605,7344,-805,2696,7205,-1183,2265,7197,-946,2739,7209,0,0,0,237,474,12,530.1,3487.4,0.035,0.004,1.112,-0.997,-0.969,-3.321,482.3,1,-0.2989,0.9339,0.1069,-0.1643,0.0,0.0,0.2
219372,2026-08-29_06-25-13.374-240,v3.5.7,3.50,12.0,400,185,2610,7339,-805,2696,7205,-1173,2270,7193,-946,2739,7209,0,0,0,227,469,16,521.3,3429.6,0.024,0.052,1.115,-1.464,-0.641,-3.286,474.9,1,-0.2966,0.9350,0.1031,-0.1646,0.0,0.0,0.2
219403,2026-08-29_06-25-13.404-240,v3.5.7,3.50,12.0,400,172,2608,7336,-798,2681,7208,-1185,2269,7188,-939,2724,7212,0,0,0,246,455,24,517.8,3406.6,0.025,-0.008,1.114,-2.176,-0.562,-3.363,472.0,1,-0.2934,0.9364,0.0994,-0.1649,0.0,0.0,0.2
219446,2026-08-29_06-25-13.448-240,v3.5.7,3.50,12.0,400,172,2608,7336,-806,2704,7209,-1185,2269,7188,-947,2747,7213,0,0,0,238,478,25,534.6,3516.8,0.024,0.033,1.117,-1.352,-0.688,-3.405,486.1,1,-0.2913,0.9374,0.0954,-0.1652,0.0,0.0,0.2
219492,2026-08-29_06-25-14.494-240,v3.5.7,3.50,12.0,400,198,2601,7330,-806,2704,7209,-1158,2261,7187,-947,2747,7213,0,0,0,211,486,26,530.5,3489.9,0.029,0.034,1.114,1.544,-1.031,-4.951,482.6,1,-0.2922,0.9376,0.0889,-0.1660,0.0,0.0,0.2
219521,2026-08-29_06-25-14.522-240,v3.5.7,3.50,12.0,400,199,2599,7346,-787,2687,7211,-1160,2259,7202,-928,2729,7215,0,0,0,232,470,13,524.3,3449.4,0.033,0.009,1.113,-1.792,-0.234,-3.386,477.5,1,-0.2894,0.9387,0.0852,-0.1667,0.0,0.0,0.0
219555,2026-08-29_06-25-14.559-240,v3.5.7,3.50,12.0,400,199,2599,7346,-787,2687,7211,-1160,2259,7202,-928,2729,7215,0,0,0,232,470,13,524.3,3449.4,0.029,0.029,1.115,-1.817,-0.406,-3.335,477.5,1,-0.2867,0.9398,0.0815,-0.1673,0.0,0.0,0.2
219608,2026-08-29_06-25-14.609-240,v3.5.7,3.50,12.0,400,190,2592,7343,-783,2707,7217,-1168,2252,7198,-924,2749,7221,0,0,0,244,497,23,554.1,3645.7,0.028,0.011,1.115,-2.001,-0.703,-3.247,502.5,1,-0.2837,0.9410,0.0778,-0.1674,0.0,0.0,0.2
219638,2026-08-29_06-25-14.639-240,v3.5.7,3.50,12.0,400,184,2601,7367,-763,2678,7209,-1178,2261,7221,-903,2720,7212,0,0,0,275,459,-9,535.2,3520.7,0.029,0.020,1.113,-1.750,-0.594,-3.374,486.6,1,-0.2810,0.9420,0.0740,-0.1677,0.0,0.0,0.2
219666,2026-08-29_06-25-14.667-240,v3.5.7,3.50,12.0,400,207,2602,7353,-763,2678,7209,-1153,2262,7210,-903,2720,7212,0,0,0,250,458,2,521.8,3432.8,0.033,0.021,1.116,-2.273,-0.672,-3.343,475.4,1,-0.2777,0.9433,0.0703,-0.1679,0.0,0.0,0.2
219712,2026-08-29_06-25-14.714-240,v3.5.7,3.50,12.0,400,207,2602,7353,-774,2708,7228,-1153,2262,7210,-915,2750,7231,0,0,0,238,488,21,543.3,3574.7,0.033,0.007,1.114,-3.334,-0.797,-3.650,493.5,1,-0.2731,0.9449,0.0664,-0.1679,0.0,0.0,0.2
219741,2026-08-29_06-25-14.743-240,v3.5.7,3.50,12.0,400,199,2602,7367,-780,2690,7211,-1163,2261,7223,-921,2732,7214,0,0,0,242,471,-9,529.6,3484.3,0.035,0.024,1.112,-1.960,-0.859,-3.145,481.9,1,-0.2702,0.9460,0.0628,-0.1678,0.0,0.0,0.2
219783,2026-08-29_06-25-14.784-240,v3.5.7,3.50,12.0,400,199,2602,7339,-780,2690,7211,-1159,2262,7195,-921,2732,7214,0,0,0,238,470,19,527.2,3468.2,0.018,0.010,1.116,-2.308,-0.250,-3.341,479.9,1,-0.2668,0.9471,0.0592,-0.1685,0.0,0.0,0.2
219818,2026-08-29_06-25-14.819-240,v3.5.7,3.50,12.0,400,199,2602,7339,-790,2685,7222,-1159,2262,7195,-931,2728,7225,0,0,0,228,466,30,519.7,3418.8,0.027,0.017,1.116,-2.521,-0.453,-3.398,473.6,1,-0.2632,0.9482,0.0555,-0.1689,0.0,0.0,0.2
219848,2026-08-29_06-25-14.849-240,v3.5.7,3.50,12.0,400,197,2601,7335,-789,2703,7210,-1160,2261,7191,-930,2745,7214,0,0,0,230,484,23,536.4,3528.7,0.041,0.034,1.111,-2.022,-0.672,-3.596,487.6,1,-0.2601,0.9493,0.0515,-0.1691,0.0,0.0,0.2
219903,2026-08-29_06-25-14.904-240,v3.5.7,3.50,12.0,400,194,2615,7330,-789,2703,7210,-1162,2275,7186,-930,2745,7214,0,0,0,232,470,28,524.9,3453.2,0.043,0.002,1.110,-0.844,-0.875,-3.337,478.0,1,-0.2584,0.9499,0.0474,-0.1691,0.0,0.0,0.2
219932,2026-08-29_06-25-14.934-240,v3.5.7,3.50,12.0,400,195,2605,7337,-793,2687,7224,-1162,2265,7193,-934,2730,7227,0,0,0,228,465,34,519.0,3414.5,0.033,0.040,1.115,-2.857,-0.719,-3.168,473.0,1,-0.2544,0.9512,0.0440,-0.1691,0.0,0.0,0.2
219979,2026-08-29_06-25-14.981-240,v3.5.7,3.50,12.0,400,195,2605,7337,-777,2674,7211,-1162,2265,7193,-917,2716,7214,0,0,0,245,451,21,513.7,3379.5,0.043,0.030,1.111,-2.070,-0.953,-3.117,468.6,1,-0.2514,0.9522,0.0404,-0.1689,0.0,0.0,0.0
220018,2026-08-29_06-25-14.019-240,v3.5.7,3.50,12.0,400,198,2613,7349,-777,2674,7211,-1161,2273,7205,-917,2716,7214,0,0,0,244,443,9,505.8,3327.8,0.020,0.020,1.117,-2.460,-0.578,-3.198,462.0,1,-0.2478,0.9532,0.0369,-0.1691,0.0,0.0,0.2
220049,2026-08-29_06-25-14.051-240,v3.5.7,3.50,12.0,400,191,2610,7336,-790,2687,7209,-1166,2270,7191,-931,2729,7213,0,0,0,235,459,22,516.1,3395.6,0.014,0.012,1.118,-2.189,-3.938,-2.886,470.6,1,-0.2448,0.9548,0.0327,-0.1652,0.0,0.0,0.0
220082,2026-08-29_06-25-14.084-240,v3.5.7,3.50,12.0,400,191,2610,7336,-780,2684,7202,-1166,2270,7191,-921,2726,7206,0,0,0,245,456,15,517.9,3407.0,0.023,0.026,1.118,-1.945,-0.328,-3.243,472.1,1,-0.2418,0.9556,0.0291,-0.1657,0.0,0.0,0.2
220133,2026-08-29_06-25-14.134-240,v3.5.7,3.50,12.0,400,199,2605,7345,-780,2684,7202,-1160,2265,7201,-921,2726,7206,0,0,0,239,461,5,519.3,3416.4,0.021,0.035,1.117,-2.304,-0.672,-3.397,473.3,1,-0.2384,0.9566,0.0253,-0.1658,0.0,0.0,0.2
220159,2026-08-29_06-25-14.161-240,v3.5.7,3.50,12.0,400,198,2603,7350,-784,2686,7206,-1162,2263,7206,-925,2728,7210,0,0,0,237,465,4,521.9,3433.7,0.022,0.015,1.115,-2.648,-0.516,-3.180,475.5,1,-0.2346,0.9575,0.0219,-0.1661,0.0,0.0,0.2
220195,2026-08-29_06-25-14.198-240,v3.5.7,3.50,12.0,400,196,2603,7404,-784,2686,7206,-1173,2261,7259,-925,2728,7210,0,0,0,248,467,-49,531.0,3493.6,0.018,0.026,1.114,-2.091,-0.484,-3.466,483.1,1,-0.2314,0.9583,0.0180,-0.1665,0.0,0.0,0.2
220245,2026-08-29_06-25-14.249-240,v3.5.7,3.50,12.0,400,196,2603,7404,-791,2698,7210,-1173,2261,7259,-932,2740,7214,0,0,0,241,479,-45,538.1,3540.1,0.023,0.029,1.116,-1.732,-0.438,-2.969,489.0,1,-0.2287,0.9590,0.0147,-0.1668,0.0,0.0,0.2
220277,2026-08-29_06-25-14.278-240,v3.5.7,3.50,12.0,400,200,2607,7327,-767,2697,7215,-1156,2267,7184,-907,2739,7218,0,0,0,249,472,34,534.7,3518.0,0.021,0.016,1.115,-2.382,-0.891,-3.063,486.2,1,-0.2253,0.9599,0.0113,-0.1665,0.0,0.0,0.2
220309,2026-08-29_06-25-14.312-240,v3.5.7,3.50,12.0,400,193,2610,7335,-767,2697,7215,-1164,2270,7191,-907,2739,7218,0,0,0,257,469,27,535.5,3522.9,0.022,0.029,1.118,-3.314,-0.938,-3.553,486.8,1,-0.2206,0.9610,0.0074,-0.1664,0.0,0.0,0.2
220347,2026-08-29_06-25-14.349-240,v3.5.7,3.50,12.0,400,193,2610,7335,-806,2672,7209,-1164,2270,7191,-947,2715,7213,0,0,0,217,445,22,495.6,3260.4,0.033,0.009,1.113,-2.338,-0.312,-3.143,453.4,1,-0.2171,0.9618,0.0040,-0.1668,0.0,0.0,0.2
220378,2026-08-29_06-25-14.379-240,v3.5.7,3.50,12.0,400,189,2585,7356,-795,2681,7225,-1171,2245,7211,-936,2724,7228,0,0,0,235,479,17,533.8,3511.9,0.028,0.025,1.114,-2.861,-0.734,-3.923,485.4,1,-0.2129,0.9627,-0.0003,-0.1670,0.0,0.0,0.2
220426,2026-08-29_06-25-14.428-240,v3.5.7,3.50,12.0,400,189,2604,7342,-795,2681,7225,-1169,2264,7197,-936,2724,7228,0,0,0,233,460,31,516.6,3398.5,0.030,0.008,1.114,-2.216,-0.750,-2.744,471.0,1,-0.2097,0.9634,-0.0034,-0.1668,0.0,0.0,0.2
220455,2026-08-29_06-25-14.457-240,v3.5.7,3.50,12.0,400,189,2604,7342,-801,2683,7206,-1169,2264,7197,-942,2726,7210,0,0,0,227,462,13,514.9,3387.6,0.029,0.027,1.113,-1.715,-0.594,-3.376,469.6,1,-0.2069,0.9640,-0.0072,-0.1670,0.0,0.0,0.2
220487,2026-08-29_06-25-15.488-240,v3.5.7,3.50,12.0,400,181,2606,7327,-801,2683,7206,-1175,2267,7181,-942,2726,7210,0,0,0,233,459,29,515.6,3391.9,0.026,0.010,1.114,-1.800,-0.438,-3.742,470.1,1,-0.2040,0.9645,-0.0115,-0.1675,0.0,0.0,0.2
220528,2026-08-29_06-25-15.529-240,v3.5.7,3.50,12.0,400,192,2610,7341,-803,2687,7235,-1166,2270,7196,-944,2730,7238,0,0,0,222,460,42,512.5,3371.7,0.024,0.023,1.114,-0.808,-0.594,-2.962,467.6,1,-0.2024,0.9648,-0.0151,-0.1675,0.0,0.0,0.2
220558,2026-08-29_06-25-15.559-240,v3.5.7,3.50,12.0,400,192,2610,7341,-795,2691,7212,-1166,2270,7196,-936,2734,7216,0,0,0,230,464,20,518.3,3409.6,0.029,0.031,1.113,-1.612,-0.844,-3.417,472.4,1,-0.1997,0.9653,-0.0191,-0.1674,0.0,0.0,0.2
220603,2026-08-29_06-25-15.604-240,v3.5.7,3.50,12.0,400,193,2622,7345,-795,2691,7212,-1166,2282,7200,-936,2734,7216,0,0,0,230,452,16,507.4,3338.2,0.020,0.013,1.112,-0.225,-0.828,-3.172,463.3,1,-0.1988,0.9654,-0.0231,-0.1672,0.0,0.0,0.2
220632,2026-08-29_06-25-15.634-240,v3.5.7,3.50,12.0,400,181,2603,7341,-792,2669,7212,-1177,2263,7195,-933,2712,7215,0,0,0,244,449,20,511.4,3364.5,0.018,0.049,1.116,-2.082,-0.609,-3.074,466.6,1,-0.1956,0.9659,-0.0265,-0.1673,0.0,0.0,0.2
220669,2026-08-29_06-25-15.671-240,v3.5.7,3.50,12.0,400,208,2593,7343,-794,2684,7248,-1150,2253,7201,-935,2727,7251,0,0,0,215,474,50,522.9,3440.0,0.023,0.009,1.112,-2.080,-0.609,-3.634,476.3,1,-0.1923,0.9664,-0.0306,-0.1675,0.0,0.0,0.2
220722,2026-08-29_06-25-15.723-240,v3.5.7,3.50,12.0,400,197,2603,7357,-794,2684,7248,-1164,2263,7213,-935,2727,7251,0,0,0,229,464,38,518.8,3413.3,0.026,0.016,1.114,-2.250,-1.078,-3.428,472.9,1,-0.1888,0.9671,-0.0346,-0.1671,0.0,0.0,0.2
220769,2026-08-29_06-25-15.771-240,v3.5.7,3.50,12.0,400,197,2603,7357,-781,2707,7204,-1164,2263,7213,-922,2749,7208,0,0,0,242,486,-5,542.9,3572.0,0.020,0.027,1.116,-2.253,-0.609,-3.589,493.1,1,-0.1854,0.9675,-0.0386,-0.1674,0.0,0.0,0.2
220797,2026-08-29_06-25-15.799-240,v3.5.7,3.50,12.0,400,186,2603,7351,-762,2685,7211,-1174,2263,7205,-902,2727,7214,0,0,0,272,464,9,537.9,3539.0,0.021,-0.000,1.115,-1.914,-0.391,-3.658,488.9,1,-0.1823,0.9679,-0.0427,-0.1678,0.0,0.0,0.2
220838,2026-08-29_06-25-15.839-240,v3.5.7,3.50,12.0,400,203,2602,7342,-762,2685,7211,-1155,2262,7199,-902,2727,7214,0,0,0,253,465,15,529.6,3484.1,0.034,0.036,1.115,-2.909,-0.562,-3.571,481.9,1,-0.1780,0.9684,-0.0465,-0.1681,0.0,0.0,0.2
220879,2026-08-29_06-25-15.881-240,v3.5.7,3.50,12.0,400,203,2602,7342,-795,2671,7215,-1155,2262,7199,-936,2714,7218,0,0,0,219,452,19,502.6,3306.7,0.020,0.030,1.116,-1.688,-0.594,-3.049,459.3,1,-0.1753,0.9688,-0.0500,-0.1682,0.0,0.0,0.0
220928,2026-08-29_06-25-15.929-240,v3.5.7,3.50,12.0,400,190,2606,7332,-794,2692,7214,-1167,2266,7187,-935,2735,7218,0,0,0,232,469,31,524.2,3448.4,0.023,0.012,1.114,-1.325,-0.453,-2.952,477.3,1,-0.1730,0.9689,-0.0534,-0.1684,0.0,0.0,0.2
220958,2026-08-29_06-25-15.959-240,v3.5.7,3.50,12.0,400,196,2605,7326,-794,2692,7214,-1160,2265,7182,-935,2735,7218,0,0,0,225,470,36,522.3,3436.3,0.018,0.028,1.116,-2.550,-0.844,-3.886,475.8,1,-0.1691,0.9694,-0.0578,-0.1684,0.0,0.0,0.2
220987,2026-08-29_06-25-15.989-240,v3.5.7,3.50,12.0,400,191,2605,7334,-784,2684,7231,-1166,2265,7189,-925,2727,7234,0,0,0,241,462,45,523.0,3440.9,0.020,0.012,1.115,-1.634,-0.422,-3.080,476.4,1,-0.1664,0.9696,-0.0613,-0.1686,0.0,0.0,0.2
221033,2026-08-29_06-25-15.034-240,v3.5.7,3.50,12.0,400,191,2605,7334,-796,2689,7210,-1166,2265,7189,-937,2732,7214,0,0,0,229,467,25,520.7,3425.8,0.004,0.007,1.129,-1.512,-0.609,-3.619,474.5,1,-0.1638,0.9697,-0.0655,-0.1688,0.0,0.0,0.2
221072,2026-08-29_06-25-15.073-240,v3.5.7,3.50,12.0,400,197,2604,7345,-796,2689,7210,-1162,2264,7201,-937,2732,7214,0,0,0,225,468,13,519.4,3417.4,0.022,0.021,1.117,-2.098,-0.812,-3.822,473.4,1,-0.1604,0.9700,-0.0698,-0.1687,0.0,0.0,0.2
221102,2026-08-29_06-25-15.104-240,v3.5.7,3.50,12.0,400,190,2604,7341,-777,2718,7218,-1168,2264,7196,-918,2760,7222,0,0,0,250,496,26,556.1,3658.2,0.024,0.017,1.115,-0.906,-1.109,-3.789,504.1,1,-0.1584,0.9701,-0.0745,-0.1683,0.0,0.0,0.2
221140,2026-08-29_06-25-15.142-240,v3.5.7,3.50,12.0,400,190,2604,7341,-796,2702,7193,-1168,2264,7196,-937,2744,7197,0,0,0,231,480,1,532.7,3504.6,0.029,0.018,1.115,-2.535,-0.297,-3.390,484.5,1,-0.1546,0.9703,-0.0781,-0.1688,0.0,0.0,0.2
221188,2026-08-29_06-25-15.189-240,v3.5.7,3.50,12.0,400,209,2608,7328,-796,2702,7193,-1147,2268,7186,-937,2744,7197,0,0,0,210,476,11,520.4,3423.6,0.031,0.039,1.114,-2.314,-0.125,-2.633,474.2,1,-0.1512,0.9705,-0.0808,-0.1694,0.0,0.0,0.2
221228,2026-08-29_06-25-15.229-240,v3.5.7,3.50,12.0,400,207,2605,7311,-780,2690,7227,-1146,2266,7169,-921,2732,7230,0,0,0,225,466,61,521.1,3428.0,0.025,0.009,1.117,-2.045,-0.578,-3.167,474.7,1,-0.1480,0.9707,-0.0844,-0.1695,0.0,0.0,0.2
221258,2026-08-29_06-25-15.259-240,v3.5.7,3.50,12.0,400,192,2601,7383,-790,2678,7210,-1173,2260,7237,-931,2721,7214,0,0,0,242,461,-23,521.2,3428.7,0.020,0.026,1.114,-2.856,-0.828,-3.259,474.8,1,-0.1438,0.9710,-0.0879,-0.1694,0.0,0.0,0.2
221309,2026-08-29_06-25-15.311-240,v3.5.7,3.50,12.0,400,193,2601,7344,-790,2678,7210,-1166,2261,7199,-931,2721,7214,0,0,0,235,460,15,516.8,3399.8,0.025,0.032,1.112,-2.635,-0.641,-2.502,471.1,1,-0.1400,0.9714,-0.0905,-0.1694,0.0,0.0,0.0
221347,2026-08-29_06-25-15.348-240,v3.5.7,3.50,12.0,400,193,2601,7344,-772,2686,7212,-1166,2261,7199,-912,2728,7215,0,0,0,254,467,16,531.8,3499.0,0.027,0.026,1.113,-2.273,-0.688,-3.469,483.8,1,-0.1364,0.9715,-0.0943,-0.1694,0.0,0.0,0.2
221375,2026-08-29_06-25-15.379-240,v3.5.7,3.50,12.0,400,192,2604,7340,-792,2678,7196,-1166,2264,7195,-933,2720,7200,0,0,0,233,456,5,512.1,3369.1,0.027,-0.003,1.114,-2.565,-0.734,-3.661,467.2,1,-0.1324,0.9716,-0.0984,-0.1695,0.0,0.0,0.2
221425,2026-08-29_06-25-15.426-240,v3.5.7,3.50,12.0,400,198,2609,7339,-792,2678,7196,-1160,2269,7195,-933,2720,7200,0,0,0,227,451,5,504.9,3321.9,0.029,0.016,1.114,-2.807,-0.531,-3.612,461.2,1,-0.1282,0.9717,-0.1023,-0.1698,0.0,0.0,0.2
221453,2026-08-29_06-25-15.454-240,v3.5.7,3.50,12.0,400,198,2609,7339,-788,2679,7207,-1160,2269,7195,-929,2721,7211,0,0,0,231,452,16,507.9,3341.2,0.027,0.010,1.112,-1.704,-0.375,-3.202,463.7,1,-0.1254,0.9717,-0.1058,-0.1701,0.0,0.0,0.2
221481,2026-08-29_06-25-15.483-240,v3.5.7,3.50,12.0,400,189,2596,7337,-788,2679,7207,-1168,2256,7192,-929,2721,7211,0,0,0,239,465,19,523.2,3441.9,0.024,0.024,1.116,-1.316,-0.734,-3.155,476.5,1,-0.1230,0.9716,-0.1095,-0.1699,0.0,0.0,0.2
221509,2026-08-29_06-25-16.512-240,v3.5.7,3.50,12.0,400,189,2596,7337,-771,2683,7207,-1168,2256,7192,-911,2725,7210,0,0,0,257,469,18,535.1,3520.4,0.025,0.031,1.115,-3.287,-0.562,-3.569,486.5,1,-0.1182,0.9717,-0.1132,-0.1702,0.0,0.0,0.2
221543,2026-08-29_06-25-16.544-240,v3.5.7,3.50,12.0,400,203,2606,7347,-771,2683,7207,-1156,2266,7204,-911,2725,7210,0,0,0,245,459,6,520.3,3423.2,0.025,0.011,1.112,-2.295,-0.422,-2.788,474.1,1,-0.1148,0.9717,-0.1162,-0.1704,0.0,0.0,0.2
221570,2026-08-29_06-25-16.572-240,v3.5.7,3.50,12.0,400,193,2604,7340,-800,2680,7216,-1165,2264,7196,-941,2723,7220,0,0,0,224,459,24,511.3,3363.9,0.025,0.006,1.111,-1.844,-0.062,-3.193,466.6,1,-0.1119,0.9715,-0.1197,-0.1711,0.0,0.0,0.2
221613,2026-08-29_06-25-16.614-240,v3.5.7,3.50,12.0,400,193,2604,7340,-801,2686,7208,-1165,2264,7196,-942,2729,7212,0,0,0,223,465,16,516.0,3394.4,0.029,0.020,1.112,-2.515,-0.125,-3.293,470.5,1,-0.1081,0.9714,-0.1232,-0.1718,0.0,0.0,0.2
221659,2026-08-29_06-25-16.661-240,v3.5.7,3.50,12.0,400,183,2604,7343,-801,2686,7208,-1175,2264,7197,-942,2729,7212,0,0,0,233,465,15,520.3,3423.2,0.039,0.035,1.110,-3.451,-0.203,-3.384,474.1,1,-0.1031,0.9714,-0.1266,-0.1725,0.0,0.0,0.0
221688,2026-08-29_06-25-16.690-240,v3.5.7,3.50,12.0,400,204,2610,7340,-804,2705,7201,-1154,2270,7197,-945,2747,7205,0,0,0,209,477,8,520.8,3426.6,0.024,-0.006,1.114,-2.784,-0.203,-4.166,474.6,1,-0.0988,0.9711,-0.1311,-0.1733,0.0,0.0,0.2
221719,2026-08-29_06-25-16.721-240,v3.5.7,3.50,12.0,400,204,2610,7340,-804,2705,7201,-1154,2270,7197,-945,2747,7205,0,0,0,209,477,8,520.8,3426.6,0.028,0.004,1.116,-0.941,-0.969,-2.849,474.6,1,-0.0969,0.9709,-0.1345,-0.1726,0.0,0.0,0.0
221749,2026-08-29_06-25-16.751-240,v3.5.7,3.50,12.0,400,183,2591,7361,-790,2670,7213,-1178,2251,7215,-931,2713,7216,0,0,0,247,462,1,523.9,3446.6,0.028,0.030,1.112,-0.654,-1.062,-3.321,477.1,1,-0.0952,0.9707,-0.1385,-0.1718,0.0,0.0,0.0
221779,2026-08-29_06-25-16.780-240,v3.5.7,3.50,12.0,400,191,2608,7384,-790,2670,7213,-1174,2267,7238,-931,2713,7216,0,0,0,243,446,-22,508.4,3344.6,0.028,0.047,1.114,-3.037,-0.828,-3.479,464.1,1,-0.0906,0.9706,-0.1421,-0.1718,0.0,0.0,0.0
221825,2026-08-29_06-25-16.827-240,v3.5.7,3.50,12.0,400,191,2608,7384,-785,2668,7179,-1174,2267,7238,-925,2710,7183,0,0,0,249,443,-55,511.2,3362.8,0.027,0.013,1.116,-3.193,-1.766,-3.280,466.4,1,-0.0858,0.9707,-0.1456,-0.1706,0.0,0.0,0.2
221851,2026-08-29_06-25-16.852-240,v3.5.7,3.50,12.0,400,189,2611,7364,-790,2682,7208,-1173,2271,7218,-931,2725,7212,0,0,0,242,454,-6,514.5,3384.9,0.017,0.028,1.114,-4.034,-0.984,-3.769,469.2,1,-0.0799,0.9707,-0.1495,-0.1706,0.0,0.0,0.2
221895,2026-08-29_06-25-16.899-240,v3.5.7,3.50,12.0,400,183,2606,7334,-790,2682,7208,-1174,2266,7188,-931,2725,7212,0,0,0,243,459,24,519.9,3420.5,0.025,0.005,1.113,-0.922,-0.672,-3.004,473.8,1,-0.0780,0.9703,-0.1530,-0.1702,0.0,0.0,0.2
221929,2026-08-29_06-25-16.930-240,v3.5.7,3.50,12.0,400,183,2606,7334,-780,2688,7223,-1174,2266,7188,-921,2730,7226,0,0,0,253,464,38,529.9,3485.9,0.029,0.027,1.111,-2.928,-0.734,-3.758,482.1,1,-0.0735,0.9700,-0.1570,-0.1703,0.0,0.0,0.2
221959,2026-08-29_06-25-16.961-240,v3.5.7,3.50,12.0,400,180,2606,7351,-806,2687,7205,-1180,2266,7204,-947,2730,7209,0,0,0,233,464,5,519.2,3416.1,0.026,0.001,1.114,-1.963,-0.750,-2.962,473.2,1,-0.0703,0.9698,-0.1602,-0.1700,0.0,0.0,0.0
