time_ms,timestamp,version,voltage,audio_gain,cc,refX_raw,refY_raw,refZ_raw,tipX_raw,tipY_raw,tipZ_raw,refX_cal,refY_cal,refZ_cal,tipX_cal,tipY_cal,tipZ_cal,calOffsetX,calOffsetY,calOffsetZ,gradX,gradY,gradZ,mag,nT,accX,accY,accZ,gyrX,gyrY,gyrZ,freq,is_muted,QW,QX,QY,QZ,Azimuth,Elevation,Declination
1250186,2026-08-30_09-29-54.188-240,v3.6.25,3.46,12.0,400,4025,5220,4224,3349,5271,4873,3934,5125,4152,3973,5159,4193,0,0,0,39,34,41,66.0,434.3,0.311,0.147,1.018,-1.953,-1.016,-2.516,92.9,1,-0.6062,-0.7104,0.3053,-0.1861,344.4,-39.4,0.0
1250236,2026-08-30_09-29-54.238-240,v3.6.25,3.46,12.0,400,4040,5202,4191,3402,5263,4861,3950,5107,4119,4024,5151,4172,0,0,0,74,44,53,101.1,665.1,0.303,0.124,0.993,-4.250,-0.250,1.000,122.3,1,-0.6066,-0.7102,0.3051,-0.1859,344.4,-39.4,0.0
1250265,2026-08-30_09-29-54.267-240,v3.6.25,3.46,12.0,400,4053,5212,4182,3386,5270,4858,3963,5117,4110,4007,5158,4172,0,0,0,44,41,62,86.4,568.3,0.333,0.126,1.004,-6.359,-0.875,2.875,109.9,1,-0.6073,-0.7097,0.3050,-0.1855,344.4,-39.3,0.0
1250305,2026-08-30_09-29-54.307-240,v3.6.25,3.46,12.0,400,4035,5220,4185,3386,5270,4858,3944,5125,4113,4007,5158,4172,0,0,0,63,33,59,92.4,607.9,0.334,0.080,1.005,-6.797,-0.625,3.297,115.0,1,-0.6082,-0.7092,0.3049,-0.1850,344.5,-39.3,0.0
1250339,2026-08-30_09-29-54.340-240,v3.6.25,3.46,12.0,400,4035,5220,4185,3373,5261,4873,3944,5125,4113,3997,5149,4189,0,0,0,53,24,76,95.7,629.7,0.305,0.066,1.000,-3.844,-1.078,0.094,117.8,1,-0.6084,-0.7091,0.3048,-0.1847,344.5,-39.3,0.0
1250364,2026-08-30_09-29-54.365-240,v3.6.25,3.46,12.0,400,4033,5219,4212,3373,5261,4873,3942,5124,4140,3997,5149,4189,0,0,0,55,25,49,77.8,511.8,0.325,0.107,1.015,-2.688,-1.453,-1.641,102.7,1,-0.6084,-0.7092,0.3046,-0.1845,344.5,-39.2,0.0
1250390,2026-08-30_09-29-54.391-240,v3.6.25,3.46,12.0,400,4033,5219,4212,3363,5263,4867,3942,5124,4140,3986,5151,4185,0,0,0,44,27,45,68.5,450.5,0.330,0.121,1.028,-3.016,-1.219,-1.484,94.9,1,-0.6084,-0.7093,0.3044,-0.1844,344.5,-39.2,0.0
1250416,2026-08-30_09-29-54.418-240,v3.6.25,3.46,12.0,400,4041,5212,4196,3363,5263,4867,3951,5117,4124,3986,5151,4185,0,0,0,35,34,61,78.1,513.9,0.326,0.112,1.018,-4.453,-0.703,0.203,103.0,1,-0.6087,-0.7092,0.3042,-0.1841,344.5,-39.2,0.0
1250444,2026-08-30_09-29-54.445-240,v3.6.25,3.46,12.0,400,4041,5212,4196,3360,5276,4869,3951,5117,4124,3983,5164,4187,0,0,0,32,47,63,84.9,558.3,0.322,0.088,1.000,-4.578,-0.844,1.328,108.7,1,-0.6092,-0.7090,0.3041,-0.1838,344.5,-39.1,0.0
1250475,2026-08-30_09-29-54.476-240,v3.6.25,3.46,12.0,400,4031,5219,4204,3360,5276,4869,3940,5124,4132,3983,5164,4187,0,0,0,43,40,55,80.5,529.3,0.314,0.067,1.007,-3.500,-0.328,-0.203,105.0,1,-0.6094,-0.7089,0.3039,-0.1837,344.5,-39.1,0.0
1250501,2026-08-30_09-29-54.502-240,v3.6.25,3.46,12.0,400,4027,5224,4198,3368,5270,4875,3936,5129,4126,3992,5158,4191,0,0,0,56,29,65,90.6,595.8,0.324,0.087,1.018,-2.188,-0.922,-1.156,113.5,1,-0.6094,-0.7089,0.3038,-0.1836,344.5,-39.1,0.0
1250557,2026-08-30_09-29-54.558-240,v3.6.25,3.46,12.0,400,4027,5224,4198,3370,5267,4869,3936,5129,4126,3993,5155,4185,0,0,0,57,26,59,86.1,566.2,0.327,0.090,1.021,-1.812,-0.859,-1.234,109.7,1,-0.6093,-0.7090,0.3038,-0.1836,344.5,-39.1,0.0
1250593,2026-08-30_09-29-54.594-240,v3.6.25,3.46,12.0,400,4034,5204,4198,3370,5267,4869,3944,5109,4126,3993,5155,4185,0,0,0,49,46,59,89.4,588.4,0.312,0.103,1.015,-3.000,-0.953,0.422,112.5,1,-0.6096,-0.7089,0.3037,-0.1835,344.5,-39.1,0.0
1250619,2026-08-30_09-29-54.620-240,v3.6.25,3.46,12.0,400,4050,5211,4191,3388,5258,4873,3960,5116,4119,4012,5147,4186,0,0,0,52,31,67,90.3,594.1,0.324,0.112,1.019,-3.406,-0.391,1.516,113.2,1,-0.6099,-0.7086,0.3037,-0.1834,344.6,-39.1,0.0
1250660,2026-08-30_09-29-54.662-240,v3.6.25,3.46,12.0,400,4050,5211,4191,3384,5255,4872,3960,5116,4119,4008,5144,4186,0,0,0,48,28,67,87.0,572.7,0.330,0.098,1.026,-3.766,-0.812,1.531,110.5,1,-0.6103,-0.7083,0.3037,-0.1832,344.6,-39.1,0.0
1250711,2026-08-30_09-29-54.712-240,v3.6.25,3.46,12.0,400,4046,5202,4220,3384,5255,4872,3956,5106,4148,4008,5144,4186,0,0,0,52,38,38,74.8,492.0,0.374,0.121,0.964,-3.078,0.266,2.141,100.2,1,-0.6108,-0.7079,0.3037,-0.1833,344.6,-39.1,0.0
1250748,2026-08-30_09-29-54.749-240,v3.6.25,3.46,12.0,400,4056,5210,4199,3371,5251,4877,3966,5115,4127,3996,5140,4193,0,0,0,30,25,66,76.7,504.5,0.328,0.112,1.017,-4.672,0.359,4.734,101.8,1,-0.6116,-0.7072,0.3038,-0.1832,344.6,-39.1,0.0
1250776,2026-08-30_09-29-54.777-240,v3.6.25,3.46,12.0,400,4007,5204,4218,3385,5262,4887,3917,5109,4146,4011,5151,4200,0,0,0,94,42,54,116.3,764.9,0.299,0.083,0.974,-6.594,-0.328,8.594,135.0,1,-0.6129,-0.7060,0.3041,-0.1828,344.7,-39.1,0.0
1250826,2026-08-30_09-29-54.827-240,v3.6.25,3.46,12.0,400,4015,5197,4228,3385,5262,4887,3925,5102,4156,4011,5151,4200,0,0,0,86,49,44,108.3,712.6,0.334,0.112,1.040,-9.047,-3.922,11.562,128.4,1,-0.6145,-0.7046,0.3048,-0.1816,344.6,-39.1,0.0
1250872,2026-08-30_09-29-54.873-240,v3.6.25,3.46,12.0,400,4015,5197,4228,3331,5255,4914,3925,5102,4156,3962,5144,4236,0,0,0,37,42,80,97.6,642.3,0.329,0.070,1.045,-7.938,-0.578,10.422,119.4,1,-0.6161,-0.7032,0.3052,-0.1811,344.6,-39.1,0.0
1250898,2026-08-30_09-29-54.899-240,v3.6.25,3.46,12.0,400,3977,5218,4290,3298,5257,4933,3886,5122,4218,3932,5146,4260,0,0,0,46,24,42,66.8,439.2,0.349,0.047,1.028,-4.625,0.172,3.797,93.5,1,-0.6168,-0.7026,0.3052,-0.1809,344.6,-39.1,0.0
1250944,2026-08-30_09-29-54.945-240,v3.6.25,3.46,12.0,400,3967,5199,4310,3298,5257,4933,3877,5102,4238,3932,5146,4260,0,0,0,55,44,22,73.8,485.5,0.279,0.020,1.006,5.125,-0.016,-9.281,99.4,1,-0.6155,-0.7037,0.3050,-0.1818,344.6,-39.1,0.0
1250975,2026-08-30_09-29-54.976-240,v3.6.25,3.46,12.0,400,3967,5199,4310,3288,5221,4958,3877,5102,4238,3927,5111,4286,0,0,0,50,9,48,69.9,459.8,0.281,0.113,0.997,6.516,-0.422,-9.438,96.1,1,-0.6140,-0.7048,0.3048,-0.1828,344.6,-39.2,0.0
1251001,2026-08-30_09-29-54.002-240,v3.6.25,3.46,12.0,400,4044,5197,4249,3288,5221,4958,3954,5101,4177,3927,5111,4286,0,0,0,-27,10,109,112.7,741.7,0.296,0.152,1.009,3.609,-0.609,-6.234,132.1,1,-0.6130,-0.7054,0.3048,-0.1835,344.6,-39.2,0.0
1251028,2026-08-30_09-29-54.029-240,v3.6.25,3.46,12.0,400,4044,5197,4249,3358,5255,4902,3954,5101,4177,3987,5144,4220,0,0,0,33,43,43,69.2,455.2,0.320,0.193,1.014,-0.062,-0.812,-2.297,95.5,1,-0.6127,-0.7056,0.3047,-0.1837,344.7,-39.2,0.0
1251060,2026-08-30_09-29-54.061-240,v3.6.25,3.46,12.0,400,4038,5204,4215,3358,5255,4902,3948,5109,4143,3987,5144,4220,0,0,0,39,35,77,93.1,612.8,0.343,0.202,1.007,-11.016,-0.281,13.531,115.6,1,-0.6149,-0.7038,0.3051,-0.1828,344.7,-39.2,0.0
1251086,2026-08-30_09-29-54.087-240,v3.6.25,3.46,12.0,400,4026,5223,4232,3368,5255,4920,3935,5127,4160,4000,5144,4235,0,0,0,65,17,75,100.7,662.5,0.274,0.112,0.979,-17.406,-1.281,22.922,122.0,1,-0.6184,-0.7009,0.3058,-0.1811,344.7,-39.2,0.0
1251133,2026-08-30_09-29-54.134-240,v3.6.25,3.46,12.0,400,4026,5223,4232,3298,5209,4947,3935,5127,4160,3936,5098,4274,0,0,0,1,-29,114,117.6,773.9,0.303,0.063,1.003,-19.562,-1.719,28.625,136.2,1,-0.6226,-0.6973,0.3068,-0.1791,344.7,-39.2,0.0
1251179,2026-08-30_09-29-55.180-240,v3.6.25,3.46,12.0,400,3935,5175,4354,3298,5209,4947,3845,5078,4282,3936,5098,4274,0,0,0,91,20,-8,93.5,615.2,0.304,0.112,1.057,-19.203,-4.500,25.688,115.9,1,-0.6263,-0.6940,0.3079,-0.1768,344.6,-39.1,0.0
1251205,2026-08-30_09-29-55.206-240,v3.6.25,3.46,12.0,400,3869,5157,4470,3162,5210,5104,3779,5058,4397,3827,5101,4450,0,0,0,48,43,53,83.4,548.9,0.380,0.103,1.114,-24.703,-1.172,37.219,107.5,1,-0.6317,-0.6892,0.3092,-0.1743,344.6,-39.1,0.0
1251243,2026-08-30_09-29-55.245-240,v3.6.25,3.46,12.0,400,3869,5157,4470,3162,5210,5104,3779,5058,4397,3827,5101,4450,0,0,0,48,43,53,83.4,548.9,0.304,-0.168,1.065,-17.703,-2.000,27.547,107.5,1,-0.6355,-0.6856,0.3103,-0.1725,344.6,-39.1,0.0
1251270,2026-08-30_09-29-55.272-240,v3.6.25,3.46,12.0,400,3724,5139,4579,3008,5186,5190,3634,5040,4506,3688,5078,4561,0,0,0,54,38,55,85.9,565.4,0.323,-0.215,1.022,-2.203,0.297,7.625,109.6,1,-0.6363,-0.6845,0.3109,-0.1727,344.6,-39.2,0.0
1251301,2026-08-30_09-29-55.303-240,v3.6.25,3.46,12.0,400,3710,5120,4613,3008,5186,5190,3620,5020,4540,3688,5078,4561,0,0,0,68,58,21,91.8,604.0,0.367,-0.065,1.004,15.594,0.609,-20.406,114.5,1,-0.6332,-0.6871,0.3106,-0.1750,344.6,-39.3,0.0
1251346,2026-08-30_09-29-55.347-240,v3.6.25,3.46,12.0,400,3710,5120,4613,2983,5177,5220,3620,5020,4540,3668,5069,4594,0,0,0,48,49,54,87.3,574.3,0.287,0.034,1.040,30.047,-0.422,-43.078,110.7,1,-0.6267,-0.6925,0.3096,-0.1786,344.6,-39.5,0.0
1251388,2026-08-30_09-29-55.389-240,v3.6.25,3.46,12.0,400,3825,5141,4474,3160,5156,5080,3735,5042,4401,3822,5047,4427,0,0,0,87,5,26,90.9,598.3,0.296,0.138,1.006,31.672,-0.859,-44.266,113.8,1,-0.6198,-0.6980,0.3088,-0.1823,344.6,-39.6,0.0
1251413,2026-08-30_09-29-55.416-240,v3.6.25,3.46,12.0,400,4043,5131,4279,3160,5156,5080,3953,5034,4208,3822,5047,4427,0,0,0,-131,13,219,255.5,1681.1,0.296,0.288,1.008,25.688,-0.578,-37.156,251.9,1,-0.6142,-0.7026,0.3079,-0.1854,344.6,-39.7,0.0
1251451,2026-08-30_09-29-55.453-240,v3.6.25,3.46,12.0,400,4043,5131,4279,3412,5173,4900,3953,5034,4208,4042,5063,4208,0,0,0,89,29,0,93.6,615.8,0.304,0.394,1.023,7.328,-0.250,-13.469,116.0,1,-0.6123,-0.7042,0.3074,-0.1864,344.6,-39.7,0.0
1251482,2026-08-30_09-29-55.484-240,v3.6.25,3.46,12.0,400,4174,5136,4158,3558,5189,4830,4084,5040,4087,4176,5078,4115,0,0,0,92,38,28,103.4,680.3,0.332,0.335,1.020,-8.141,0.266,3.547,124.2,1,-0.6133,-0.7036,0.3070,-0.1858,344.6,-39.7,0.0
1251530,2026-08-30_09-29-55.532-240,v3.6.25,3.46,12.0,400,4183,5137,4157,3558,5189,4830,4093,5041,4086,4176,5078,4115,0,0,0,83,37,29,95.4,627.6,0.334,0.065,1.025,-17.672,0.500,16.547,117.5,1,-0.6164,-0.7013,0.3070,-0.1843,344.7,-39.6,0.0
1251559,2026-08-30_09-29-55.561-240,v3.6.25,3.46,12.0,400,4125,5146,4205,3489,5193,4869,4035,5049,4134,4114,5082,4165,0,0,0,79,33,31,91.1,599.0,0.321,-0.012,1.023,-13.328,0.781,12.328,113.9,1,-0.6187,-0.6996,0.3069,-0.1832,344.8,-39.5,0.0
1251607,2026-08-30_09-29-55.609-240,v3.6.25,3.46,12.0,400,4125,5146,4205,3415,5219,4916,4035,5049,4134,4047,5109,4223,0,0,0,12,60,89,108.0,710.6,0.323,-0.029,1.012,-2.859,1.141,1.797,128.1,1,-0.6191,-0.6993,0.3068,-0.1834,344.8,-39.5,0.0
1251651,2026-08-30_09-29-55.653-240,v3.6.25,3.46,12.0,400,4081,5151,4235,3415,5219,4916,3991,5054,4164,4047,5109,4223,0,0,0,56,55,59,98.2,646.0,0.293,0.051,1.000,10.141,0.391,-14.625,119.9,1,-0.6168,-0.7010,0.3065,-0.1850,344.8,-39.6,0.0
1251681,2026-08-30_09-29-55.682-240,v3.6.25,3.46,12.0,400,4118,5162,4182,3438,5193,4885,4028,5066,4111,4065,5082,4189,0,0,0,37,16,78,87.8,577.6,0.281,0.204,0.988,13.656,-0.547,-20.234,111.1,1,-0.6137,-0.7034,0.3060,-0.1867,344.8,-39.7,0.0
1251716,2026-08-30_09-29-55.718-240,v3.6.25,3.46,12.0,400,4118,5162,4182,3545,5208,4812,4028,5066,4111,4160,5097,4100,0,0,0,132,31,-11,136.0,895.0,0.278,0.334,1.001,3.953,-1.156,-9.484,151.6,1,-0.6125,-0.7045,0.3057,-0.1873,344.8,-39.7,0.0
1251766,2026-08-30_09-29-55.768-240,v3.6.25,3.46,12.0,400,4196,5149,4117,3545,5208,4812,4106,5053,4046,4160,5097,4100,0,0,0,54,44,54,88.1,579.8,0.263,0.144,0.992,-20.000,-1.391,21.469,111.4,1,-0.6161,-0.7018,0.3061,-0.1852,344.9,-39.6,0.0
1251795,2026-08-30_09-29-55.796-240,v3.6.25,3.46,12.0,400,4180,5153,4152,3526,5202,4839,4090,5057,4081,4145,5091,4129,0,0,0,55,34,48,80.5,529.8,0.242,0.012,0.987,-18.312,-2.422,21.172,105.0,1,-0.6194,-0.6991,0.3067,-0.1832,344.8,-39.5,0.0
1251823,2026-08-30_09-29-55.825-240,v3.6.25,3.46,12.0,400,4113,5103,4243,3526,5202,4839,4023,5006,4172,4145,5091,4129,0,0,0,122,85,-43,154.8,1018.3,0.288,0.016,1.005,-12.109,-3.203,14.219,167.3,1,-0.6215,-0.6973,0.3073,-0.1819,344.8,-39.5,0.0
1251869,2026-08-30_09-29-55.871-240,v3.6.25,3.46,12.0,400,4113,5103,4243,3454,5186,4918,4023,5006,4172,4087,5076,4219,0,0,0,64,70,47,105.9,696.4,0.340,0.074,1.018,-1.859,-2.734,-1.047,126.3,1,-0.6214,-0.6974,0.3075,-0.1817,344.8,-39.5,0.0
1251897,2026-08-30_09-29-55.899-240,v3.6.25,3.46,12.0,400,4082,5129,4266,3405,5170,4944,3992,5032,4195,4043,5060,4253,0,0,0,51,28,58,82.2,540.5,0.360,0.142,1.031,0.375,-2.781,-5.562,106.4,1,-0.6207,-0.6980,0.3074,-0.1817,344.7,-39.4,0.0
1251941,2026-08-30_09-29-55.943-240,v3.6.25,3.46,12.0,400,4098,5119,4266,3405,5170,4944,4008,5021,4195,4043,5060,4253,0,0,0,35,39,58,78.2,514.3,0.367,0.216,1.027,-5.734,-1.062,1.266,103.0,1,-0.6213,-0.6977,0.3072,-0.1812,344.7,-39.4,0.0
1251974,2026-08-30_09-29-55.976-240,v3.6.25,3.46,12.0,400,4098,5119,4266,3416,5166,4953,4008,5021,4195,4056,5056,4259,0,0,0,48,35,64,87.3,574.5,0.372,0.195,1.028,-14.016,-0.547,11.984,110.7,1,-0.6235,-0.6961,0.3071,-0.1799,344.8,-39.3,0.0
1252013,2026-08-30_09-29-55.015-240,v3.6.25,3.46,12.0,400,4076,5107,4277,3374,5183,5000,3986,5009,4206,4021,5074,4313,0,0,0,35,65,107,130.0,855.2,0.380,0.095,1.028,-18.250,0.344,16.609,146.5,1,-0.6266,-0.6938,0.3070,-0.1782,344.8,-39.2,0.0
1252056,2026-08-30_09-29-55.058-240,v3.6.25,3.46,12.0,400,4009,5123,4335,3374,5183,5000,3919,5025,4263,4021,5074,4313,0,0,0,102,49,50,123.7,813.9,0.320,-0.032,1.013,-7.578,0.578,0.781,141.3,1,-0.6273,-0.6935,0.3065,-0.1778,344.9,-39.1,0.0
1252086,2026-08-30_09-29-55.088-240,v3.6.25,3.46,12.0,400,3981,5138,4345,3294,5168,5022,3891,5040,4273,3945,5059,4348,0,0,0,54,19,75,94.4,620.7,0.309,-0.010,1.010,3.000,1.062,-13.172,116.6,1,-0.6259,-0.6950,0.3056,-0.1785,345.0,-39.1,0.0
1252136,2026-08-30_09-29-55.137-240,v3.6.25,3.46,12.0,400,3981,5138,4345,3320,5192,4975,3891,5040,4273,3963,5082,4297,0,0,0,72,42,24,86.7,570.7,0.297,0.148,0.998,4.922,0.016,-15.594,110.2,1,-0.6240,-0.6968,0.3047,-0.1793,345.0,-39.1,0.0
1252176,2026-08-30_09-29-56.178-240,v3.6.25,3.46,12.0,400,4029,5151,4283,3320,5192,4975,3939,5054,4211,3963,5082,4297,0,0,0,24,28,86,93.6,615.6,0.288,0.161,0.995,-0.844,-0.453,-6.969,116.0,1,-0.6234,-0.6976,0.3041,-0.1795,345.0,-39.0,0.0
1252204,2026-08-30_09-29-56.206-240,v3.6.25,3.46,12.0,400,4070,5166,4234,3395,5207,4928,3980,5070,4163,4029,5097,4239,0,0,0,49,27,76,94.4,620.9,0.291,0.146,0.995,-7.547,-0.875,1.766,116.6,1,-0.6242,-0.6972,0.3038,-0.1788,345.1,-38.9,0.0
1252242,2026-08-30_09-29-56.244-240,v3.6.25,3.46,12.0,400,4070,5166,4234,3390,5219,4935,3980,5070,4163,4025,5109,4246,0,0,0,45,39,83,102.2,672.1,0.289,0.089,0.994,-10.094,-1.141,6.641,123.2,1,-0.6256,-0.6963,0.3037,-0.1778,345.1,-38.9,0.0
1252291,2026-08-30_09-29-56.293-240,v3.6.25,3.46,12.0,400,4055,5167,4256,3390,5219,4935,3965,5070,4184,4025,5109,4246,0,0,0,60,39,62,94.7,622.9,0.301,0.060,1.012,-5.781,-2.188,1.016,116.9,1,-0.6260,-0.6961,0.3036,-0.1773,345.1,-38.8,0.0
1252319,2026-08-30_09-29-56.321-240,v3.6.25,3.46,12.0,400,4020,5152,4288,3345,5198,4953,3930,5055,4216,3984,5088,4272,0,0,0,54,33,56,84.5,556.0,0.312,0.079,1.007,-3.062,-2.078,-1.938,108.4,1,-0.6260,-0.6962,0.3035,-0.1770,345.1,-38.8,0.0
1252347,2026-08-30_09-29-56.349-240,v3.6.25,3.46,12.0,400,4020,5152,4288,3345,5198,4953,3930,5055,4216,3984,5088,4272,0,0,0,54,33,56,84.5,556.0,0.321,0.094,1.012,-4.703,-2.438,-0.531,108.4,1,-0.6262,-0.6962,0.3034,-0.1765,345.0,-38.7,0.0
1252374,2026-08-30_09-29-56.376-240,v3.6.25,3.46,12.0,400,4017,5128,4281,3372,5213,4960,3927,5031,4210,4012,5103,4274,0,0,0,85,72,64,128.5,845.2,0.326,0.095,1.015,-5.422,-1.641,1.516,145.3,1,-0.6267,-0.6959,0.3033,-0.1760,345.0,-38.7,0.0
1252408,2026-08-30_09-29-56.410-240,v3.6.25,3.46,12.0,400,4020,5174,4265,3372,5213,4960,3930,5078,4193,4012,5103,4274,0,0,0,82,25,81,117.9,775.9,0.326,0.074,1.021,-5.672,-1.797,2.172,136.4,1,-0.6272,-0.6956,0.3033,-0.1754,345.0,-38.6,0.0
1252450,2026-08-30_09-29-56.451-240,v3.6.25,3.46,12.0,400,4020,5174,4265,3323,5186,4972,3930,5078,4193,3965,5076,4294,0,0,0,35,-2,101,106.9,703.4,0.339,0.059,1.015,-2.562,-1.688,-1.625,127.2,1,-0.6272,-0.6957,0.3032,-0.1753,345.0,-38.6,0.0
1252477,2026-08-30_09-29-56.479-240,v3.6.25,3.46,12.0,400,4012,5146,4322,3335,5185,4980,3922,5048,4250,3979,5075,4300,0,0,0,57,27,50,80.5,529.5,0.336,0.093,1.016,-0.859,-1.391,-3.938,105.0,1,-0.6268,-0.6961,0.3030,-0.1753,345.0,-38.6,0.0
1252526,2026-08-30_09-29-56.528-240,v3.6.25,3.46,12.0,400,4029,5134,4293,3335,5185,4980,3939,5037,4221,3979,5075,4300,0,0,0,40,38,79,96.4,633.9,0.363,0.111,1.019,-1.531,-0.859,-3.094,118.3,1,-0.6266,-0.6964,0.3028,-0.1754,345.0,-38.6,0.0
1252554,2026-08-30_09-29-56.555-240,v3.6.25,3.46,12.0,400,4029,5134,4293,3356,5183,4984,3939,5037,4221,4001,5073,4300,0,0,0,62,36,79,106.7,701.9,0.354,0.117,1.020,-2.078,-0.734,-2.078,127.0,1,-0.6265,-0.6965,0.3026,-0.1754,345.0,-38.6,0.0
1252582,2026-08-30_09-29-56.584-240,v3.6.25,3.46,12.0,400,4042,5132,4290,3356,5183,4984,3952,5035,4219,4001,5073,4300,0,0,0,49,38,81,102.0,671.1,0.355,0.100,1.034,-2.500,-0.359,-1.578,123.1,1,-0.6266,-0.6966,0.3023,-0.1754,345.1,-38.6,0.0
1252631,2026-08-30_09-29-56.632-240,v3.6.25,3.46,12.0,400,4044,5149,4285,3362,5175,4969,3954,5052,4213,4004,5065,4284,0,0,0,50,13,71,87.8,577.7,0.349,0.079,1.019,0.266,0.891,-4.969,111.1,1,-0.6261,-0.6971,0.3019,-0.1759,345.1,-38.6,0.0
1252663,2026-08-30_09-29-56.665-240,v3.6.25,3.46,12.0,400,4044,5149,4285,3391,5192,4927,3954,5052,4213,4026,5082,4238,0,0,0,72,30,25,81.9,538.9,0.337,0.106,1.010,2.062,0.500,-11.688,106.2,1,-0.6249,-0.6984,0.3011,-0.1764,345.2,-38.5,0.0
1252701,2026-08-30_09-29-56.703-240,v3.6.25,3.46,12.0,400,4070,5148,4233,3391,5192,4927,3980,5052,4162,4026,5082,4238,0,0,0,46,30,76,93.8,616.9,0.320,0.129,0.999,0.500,0.953,-5.688,116.1,1,-0.6243,-0.6989,0.3007,-0.1769,345.2,-38.5,0.0
1252729,2026-08-30_09-29-56.731-240,v3.6.25,3.46,12.0,400,4074,5181,4212,3426,5207,4911,3984,5085,4141,4058,5097,4217,0,0,0,74,12,76,106.8,702.3,0.323,0.115,1.001,-1.172,0.438,-3.938,127.0,1,-0.6241,-0.6993,0.3003,-0.1771,345.3,-38.5,0.0
1252767,2026-08-30_09-29-56.769-240,v3.6.25,3.46,12.0,400,4074,5181,4212,3449,5216,4869,3984,5085,4141,4073,5105,4172,0,0,0,89,20,31,96.3,633.8,0.291,0.090,0.999,0.250,0.297,-6.406,118.3,1,-0.6235,-0.6999,0.2998,-0.1775,345.3,-38.5,0.0
1252816,2026-08-30_09-29-56.818-240,v3.6.25,3.46,12.0,400,4108,5170,4189,3449,5216,4869,4018,5074,4118,4073,5105,4172,0,0,0,55,31,54,83.1,546.6,0.305,0.187,1.008,-0.531,0.172,-4.375,107.2,1,-0.6231,-0.7004,0.2994,-0.1777,345.4,-38.5,0.0
1252845,2026-08-30_09-29-56.846-240,v3.6.25,3.46,12.0,400,4125,5178,4159,3449,5244,4846,4035,5083,4088,4069,5133,4149,0,0,0,34,50,61,85.9,565.1,0.294,0.156,1.000,-2.172,-0.406,-2.453,109.5,1,-0.6230,-0.7006,0.2991,-0.1777,345.4,-38.4,0.0
1252873,2026-08-30_09-29-56.875-240,v3.6.25,3.46,12.0,400,4125,5178,4159,3449,5244,4846,4035,5083,4088,4069,5133,4149,0,0,0,34,50,61,85.9,565.1,0.298,0.131,1.003,-5.188,-0.594,1.266,109.5,1,-0.6235,-0.7003,0.2989,-0.1774,345.4,-38.4,0.0
1252901,2026-08-30_09-29-56.902-240,v3.6.25,3.46,12.0,400,4142,5179,4142,3502,5233,4834,4052,5084,4071,4120,5122,4129,0,0,0,68,38,58,97.1,638.9,0.315,0.111,1.010,-7.562,-0.750,4.312,119.0,1,-0.6245,-0.6996,0.2988,-0.1768,345.4,-38.4,0.0
1252936,2026-08-30_09-29-56.938-240,v3.6.25,3.46,12.0,400,4145,5190,4173,3502,5233,4834,4055,5094,4102,4120,5122,4129,0,0,0,65,28,27,75.7,498.4,0.322,0.073,1.015,-6.594,-0.766,5.297,101.0,1,-0.6255,-0.6988,0.2988,-0.1763,345.4,-38.3,0.0
1252975,2026-08-30_09-29-56.977-240,v3.6.25,3.46,12.0,400,4145,5190,4173,3457,5217,4870,4055,5094,4102,4081,5106,4171,0,0,0,26,12,69,74.7,491.5,0.305,0.063,1.019,-2.297,-0.594,-0.609,100.1,1,-0.6256,-0.6988,0.2987,-0.1763,345.5,-38.3,0.0
1253005,2026-08-30_09-29-56.007-240,v3.6.25,3.46,12.0,400,4117,5179,4176,3466,5220,4854,4027,5083,4105,4087,5109,4154,0,0,0,60,26,49,81.7,537.6,0.311,0.106,1.011,1.188,-1.047,-5.141,106.0,1,-0.6249,-0.6994,0.2986,-0.1766,345.5,-38.3,0.0
1253050,2026-08-30_09-29-56.052-240,v3.6.25,3.46,12.0,400,4139,5180,4147,3466,5220,4854,4049,5085,4076,4087,5109,4154,0,0,0,38,24,78,90.0,592.3,0.317,0.178,1.011,-0.719,-0.812,-3.031,113.0,1,-0.6247,-0.6996,0.2984,-0.1768,345.5,-38.3,0.0
1253079,2026-08-30_09-29-56.080-240,v3.6.25,3.46,12.0,400,4139,5180,4147,3501,5225,4841,4049,5085,4076,4120,5114,4136,0,0,0,71,29,60,97.4,640.6,0.316,0.170,1.014,-4.453,-0.672,1.422,119.2,1,-0.6251,-0.6993,0.2983,-0.1765,345.5,-38.3,0.0
1253106,2026-08-30_09-29-56.108-240,v3.6.25,3.46,12.0,400,4147,5160,4144,3501,5225,4841,4057,5065,4073,4120,5114,4136,0,0,0,63,49,63,101.7,669.0,0.313,0.132,1.016,-6.141,-1.203,4.141,122.8,1,-0.6259,-0.6987,0.2983,-0.1760,345.5,-38.3,0.0
1253136,2026-08-30_09-29-56.138-240,v3.6.25,3.46,12.0,400,4147,5160,4144,3501,5230,4840,4057,5065,4073,4120,5119,4135,0,0,0,63,54,62,103.6,681.5,0.320,0.111,1.019,-6.844,-0.656,3.750,124.4,1,-0.6268,-0.6981,0.2982,-0.1755,345.5,-38.2,0.0
1253171,2026-08-30_09-29-57.173-240,v3.6.25,3.46,12.0,400,4142,5174,4150,3501,5230,4840,4052,5079,4079,4120,5119,4135,0,0,0,68,40,56,96.7,636.5,0.332,0.112,1.023,-4.891,-0.266,0.641,118.6,1,-0.6273,-0.6979,0.2979,-0.1752,345.6,-38.2,0.0
1253217,2026-08-30_09-29-57.218-240,v3.6.25,3.46,12.0,400,4121,5170,4161,3487,5216,4866,4031,5075,4090,4111,5105,4162,0,0,0,80,30,72,111.7,735.1,0.345,0.121,1.021,-2.031,-0.469,-4.594,131.2,1,-0.6270,-0.6983,0.2975,-0.1752,345.6,-38.2,0.0
1253246,2026-08-30_09-29-57.248-240,v3.6.25,3.46,12.0,400,4136,5176,4147,3451,5224,4849,4046,5081,4076,4072,5113,4152,0,0,0,26,32,76,86.5,568.8,0.331,0.124,1.011,-2.641,0.594,-4.469,110.0,1,-0.6268,-0.6987,0.2969,-0.1753,345.6,-38.1,0.0
1253288,2026-08-30_09-29-57.291-240,v3.6.25,3.46,12.0,400,4136,5176,4147,3486,5228,4833,4046,5081,4076,4104,5117,4130,0,0,0,58,36,54,87.0,572.6,0.311,0.138,1.023,-4.984,-0.219,-0.250,110.5,1,-0.6272,-0.6986,0.2965,-0.1750,345.7,-38.1,0.0
1253342,2026-08-30_09-29-57.343-240,v3.6.25,3.46,12.0,400,4152,5191,4133,3486,5228,4833,4062,5096,4062,4104,5117,4130,0,0,0,42,21,68,82.6,543.7,0.324,0.093,1.014,-5.875,0.203,0.609,106.8,1,-0.6277,-0.6984,0.2961,-0.1747,345.7,-38.0,0.0
1253371,2026-08-30_09-29-57.373-240,v3.6.25,3.46,12.0,400,4129,5191,4148,3477,5242,4829,4039,5096,4077,4094,5130,4128,0,0,0,55,34,51,82.4,541.8,0.321,0.072,1.008,-2.781,-0.328,-4.016,106.6,1,-0.6276,-0.6988,0.2956,-0.1746,345.8,-38.0,0.0
1253401,2026-08-30_09-29-57.402-240,v3.6.25,3.46,12.0,400,4126,5198,4138,3477,5242,4829,4036,5103,4067,4094,5130,4128,0,0,0,58,27,61,88.4,581.6,0.321,0.112,1.005,-1.562,0.094,-5.516,111.6,1,-0.6272,-0.6993,0.2951,-0.1747,345.8,-37.9,0.0
1253447,2026-08-30_09-29-57.448-240,v3.6.25,3.46,12.0,400,4126,5198,4138,3487,5242,4820,4036,5103,4067,4102,5130,4117,0,0,0,66,27,50,87.1,573.0,0.302,0.113,1.010,-3.016,-0.172,-2.172,110.5,1,-0.6272,-0.6994,0.2947,-0.1747,345.8,-37.9,0.0
1253476,2026-08-30_09-29-57.478-240,v3.6.25,3.46,12.0,400,4133,5199,4112,3477,5278,4811,4043,5105,4041,4090,5166,4110,0,0,0,47,61,69,103.4,680.2,0.306,0.112,1.004,-2.734,-0.125,-2.875,124.2,1,-0.6272,-0.6997,0.2943,-0.1747,345.9,-37.9,0.0
1253518,2026-08-30_09-29-57.520-240,v3.6.25,3.46,12.0,400,4137,5213,4099,3477,5278,4811,4047,5119,4028,4090,5166,4110,0,0,0,43,47,82,103.8,683.1,0.311,0.121,1.010,-2.578,-0.062,-2.781,124.6,1,-0.6271,-0.6999,0.2940,-0.1747,345.9,-37.8,0.0
1253555,2026-08-30_09-29-57.556-240,v3.6.25,3.46,12.0,400,4137,5213,4099,3502,5272,4802,4047,5119,4028,4113,5160,4097,0,0,0,66,41,69,103.9,683.6,0.316,0.112,1.022,-3.297,-0.469,-1.234,124.7,1,-0.6272,-0.6999,0.2937,-0.1745,345.9,-37.8,0.0
1253585,2026-08-30_09-29-57.587-240,v3.6.25,3.46,12.0,400,4142,5212,4102,3497,5270,4790,4052,5118,4031,4106,5158,4086,0,0,0,54,40,55,86.8,571.3,0.304,0.091,1.004,-2.094,-0.188,-1.875,110.3,1,-0.6272,-0.7000,0.2934,-0.1746,346.0,-37.8,0.0
1253634,2026-08-30_09-29-57.635-240,v3.6.25,3.46,12.0,400,4155,5213,4081,3497,5270,4790,4065,5119,4010,4106,5158,4086,0,0,0,41,39,76,94.8,623.4,0.312,0.153,1.015,-1.984,-1.016,-2.625,117.0,1,-0.6271,-0.7002,0.2932,-0.1746,346.0,-37.7,0.0
1253661,2026-08-30_09-29-57.663-240,v3.6.25,3.46,12.0,400,4155,5213,4081,3484,5260,4773,4065,5119,4010,4091,5148,4072,0,0,0,26,29,62,73.2,481.7,0.310,0.144,1.013,-3.984,-0.688,0.094,98.9,1,-0.6274,-0.7001,0.2930,-0.1743,346.0,-37.7,0.0
1253690,2026-08-30_09-29-57.691-240,v3.6.25,3.46,12.0,400,4165,5225,4075,3484,5260,4773,4075,5131,4004,4091,5148,4072,0,0,0,16,17,68,71.9,473.0,0.317,0.118,1.017,-5.438,-0.578,1.516,97.8,1,-0.6279,-0.6998,0.2928,-0.1740,346.0,-37.7,0.0
1253718,2026-08-30_09-29-57.720-240,v3.6.25,3.46,12.0,400,4159,5216,4086,3527,5277,4760,4069,5122,4015,4131,5164,4052,0,0,0,62,42,37,83.5,549.5,0.317,0.105,1.012,-4.719,-0.594,1.500,107.5,1,-0.6284,-0.6995,0.2927,-0.1737,346.0,-37.7,0.0
1253766,2026-08-30_09-29-57.768-240,v3.6.25,3.46,12.0,400,4159,5216,4086,3517,5279,4769,4069,5122,4015,4123,5166,4062,0,0,0,54,44,47,84.0,552.8,0.312,0.113,1.013,-2.453,-0.547,-1.188,108.0,1,-0.6285,-0.6995,0.2925,-0.1737,346.0,-37.6,0.0
1253808,2026-08-30_09-29-57.811-240,v3.6.25,3.46,12.0,400,4146,5211,4091,3517,5279,4769,4056,5117,4020,4123,5166,4062,0,0,0,67,49,42,93.0,612.0,0.318,0.146,1.015,-2.719,-0.578,-0.719,115.5,1,-0.6286,-0.6995,0.2923,-0.1736,346.1,-37.6,0.0
1253856,2026-08-30_09-29-57.857-240,v3.6.25,3.46,12.0,400,4166,5201,4072,3532,5253,4750,4076,5107,4001,4135,5140,4041,0,0,0,59,33,40,78.5,516.8,0.322,0.141,1.018,-5.297,-1.047,1.906,103.4,1,-0.6291,-0.6991,0.2922,-0.1732,346.1,-37.6,0.0
1253886,2026-08-30_09-29-57.888-240,v3.6.25,3.46,12.0,400,4164,5217,4084,3511,5266,4772,4074,5123,4013,4117,5154,4066,0,0,0,43,31,53,75.0,493.2,0.325,0.116,1.017,-4.531,-0.438,-0.562,100.4,1,-0.6294,-0.6991,0.2919,-0.1730,346.1,-37.5,0.0
1253924,2026-08-30_09-29-57.926-240,v3.6.25,3.46,12.0,400,4164,5217,4084,3511,5266,4772,4074,5123,4013,4117,5154,4066,0,0,0,43,31,53,75.0,493.2,0.319,0.112,1.008,-4.156,-0.562,0.938,100.4,1,-0.6298,-0.6988,0.2918,-0.1728,346.1,-37.5,0.0
1253952,2026-08-30_09-29-57.954-240,v3.6.25,3.46,12.0,400,4149,5196,4076,3519,5270,4774,4059,5102,4005,4126,5158,4067,0,0,0,67,56,62,107.1,704.6,0.307,0.112,1.010,-4.844,0.000,1.438,127.3,1,-0.6304,-0.6985,0.2915,-0.1725,346.2,-37.5,0.0
1253984,2026-08-30_09-29-57.985-240,v3.6.25,3.46,12.0,400,4149,5217,4079,3519,5270,4774,4059,5123,4008,4126,5158,4067,0,0,0,67,35,59,95.9,630.9,0.315,0.111,1.017,-3.391,-0.312,-0.828,117.9,1,-0.6305,-0.6985,0.2913,-0.1724,346.2,-37.5,0.0
1254030,2026-08-30_09-29-57.031-240,v3.6.25,3.46,12.0,400,4149,5217,4079,3509,5266,4778,4059,5123,4008,4116,5154,4073,0,0,0,57,31,65,91.8,604.2,0.308,0.129,1.014,-3.031,-0.812,-0.469,114.5,1,-0.6307,-0.6984,0.2911,-0.1723,346.2,-37.4,0.0
1254057,2026-08-30_09-29-57.059-240,v3.6.25,3.46,12.0,400,4156,5228,4062,3488,5281,4765,4066,5135,3991,4093,5168,4064,0,0,0,27,33,73,84.5,556.2,0.309,0.136,1.008,-3.844,3.906,1.016,108.4,1,-0.6313,-0.6980,0.2905,-0.1727,346.3,-37.4,0.0
1254100,2026-08-30_09-29-57.102-240,v3.6.25,3.46,12.0,400,4156,5213,4071,3488,5281,4765,4066,5119,4000,4093,5168,4064,0,0,0,27,49,64,85.0,559.2,0.302,0.122,1.012,-4.125,-0.922,0.000,108.8,1,-0.6316,-0.6979,0.2903,-0.1724,346.4,-37.4,0.0
1254136,2026-08-30_09-29-57.139-240,v3.6.25,3.46,12.0,400,4156,5213,4071,3509,5279,4777,4066,5119,4000,4116,5167,4072,0,0,0,50,48,72,99.9,657.5,0.306,0.120,1.009,-3.797,-0.875,0.094,121.3,1,-0.6318,-0.6978,0.2902,-0.1722,346.4,-37.4,0.0
1254164,2026-08-30_09-29-58.165-240,v3.6.25,3.46,12.0,400,4155,5217,4081,3509,5279,4777,4065,5123,4010,4116,5167,4072,0,0,0,51,44,62,91.5,602.3,0.309,0.125,1.020,-4.438,-1.172,1.672,114.3,1,-0.6323,-0.6975,0.2901,-0.1719,346.4,-37.3,0.0
1254191,2026-08-30_09-29-58.193-240,v3.6.25,3.46,12.0,400,4158,5221,4087,3514,5272,4773,4068,5127,4016,4120,5160,4067,0,0,0,52,33,51,80.0,526.1,0.317,0.112,1.020,-6.500,-2.031,6.281,104.6,1,-0.6333,-0.6966,0.2904,-0.1713,346.3,-37.3,0.0
1254242,2026-08-30_09-29-58.245-240,v3.6.25,3.46,12.0,400,4158,5221,4087,3498,5282,4805,4068,5127,4016,4110,5170,4101,0,0,0,42,43,85,104.1,684.9,0.444,0.022,1.179,-10.156,0.891,12.438,124.8,1,-0.6353,-0.6948,0.2905,-0.1707,346.4,-37.3,0.0
1254276,2026-08-30_09-29-58.277-240,v3.6.25,3.46,12.0,400,4126,5221,4098,3498,5282,4805,4036,5127,4027,4110,5170,4101,0,0,0,74,43,74,113.1,744.4,0.743,-0.124,1.353,-3.766,7.125,10.438,132.4,1,-0.6369,-0.6932,0.2905,-0.1716,346.6,-37.4,0.0
1254306,2026-08-30_09-29-58.308-240,v3.6.25,3.46,12.0,400,4095,5230,4120,3453,5312,4811,4004,5136,4049,4065,5200,4114,0,0,0,61,64,65,109.7,721.9,0.174,-0.333,1.312,10.344,3.328,-22.250,129.5,1,-0.6341,-0.6958,0.2892,-0.1734,346.7,-37.5,0.0
1254345,2026-08-30_09-29-58.347-240,v3.6.25,3.46,12.0,400,4095,5230,4120,3523,5295,4717,4004,5136,4049,4119,5182,4011,0,0,0,115,46,-38,129.6,852.3,0.158,0.191,1.223,4.219,-8.891,-24.062,146.2,1,-0.6311,-0.6990,0.2886,-0.1729,346.5,-37.3,0.0
1254393,2026-08-30_09-29-58.395-240,v3.6.25,3.46,12.0,400,4177,5238,4006,3523,5295,4717,4086,5145,3935,4119,5182,4011,0,0,0,33,37,76,90.7,597.0,0.218,0.286,0.828,-49.328,-18.484,26.109,113.6,1,-0.6368,-0.6957,0.2884,-0.1652,346.2,-36.7,0.0
1254421,2026-08-30_09-29-58.423-240,v3.6.25,3.46,12.0,400,4129,5229,4159,3487,5266,4802,4039,5134,4087,4099,5154,4100,0,0,0,60,20,13,64.6,424.8,0.328,0.198,0.924,-69.750,-23.172,39.125,91.6,1,-0.6451,-0.6906,0.2881,-0.1547,345.8,-35.8,0.0
1254465,2026-08-30_09-29-58.467-240,v3.6.25,3.46,12.0,400,3826,5137,4531,3096,5209,5165,3736,5037,4458,3771,5101,4521,0,0,0,35,64,63,96.4,634.1,0.352,0.410,0.840,-107.938,-25.812,68.031,118.3,1,-0.6589,-0.6813,0.2868,-0.1395,345.4,-34.6,0.0
1254513,2026-08-30_09-29-58.515-240,v3.6.25,3.46,12.0,400,3237,5121,5035,3096,5209,5165,3146,5018,4959,3771,5101,4521,0,0,0,625,83,-438,767.7,5050.6,0.275,0.224,0.834,-164.312,-17.297,125.672,681.7,1,-0.6822,-0.6632,0.2838,-0.1189,345.2,-33.0,0.0
1254710,2026-08-30_09-29-58.711-240,v3.6.25,3.46,12.0,400,-92,4909,6040,-1198,4921,5957,-185,4826,5958,-382,4806,6031,0,0,0,-197,-20,73,211.0,1388.4,0.485,-0.760,1.093,18.484,-13.875,-43.422,214.6,1,-0.6762,-0.6692,0.2841,-0.1194,344.9,-33.0,0.0
1254750,2026-08-30_09-29-58.751-240,v3.6.25,3.46,12.0,400,-267,4799,6117,-1198,4921,5957,-360,4716,6036,-382,4806,6031,0,0,0,-22,90,-5,92.8,610.4,0.644,-0.525,1.129,80.922,-4.344,-56.828,115.3,1,-0.6645,-0.6776,0.2877,-0.1287,344.7,-33.8,0.0
1254776,2026-08-30_09-29-58.778-240,v3.6.25,3.46,12.0,400,170,4796,6120,-981,4829,6121,77,4707,6039,-134,4718,6154,0,0,0,-211,11,115,240.6,1582.6,0.539,-0.564,1.115,128.125,6.016,-72.453,239.3,1,-0.6478,-0.6881,0.2931,-0.1448,344.7,-35.4,0.0
1254978,2026-08-30_09-29-58.979-240,v3.6.25,3.46,12.0,400,3742,4995,4581,2936,5034,5224,3653,4895,4509,3625,4927,4606,0,0,0,-28,32,97,105.9,696.8,0.001,0.189,0.782,193.672,-0.109,-84.656,126.3,1,-0.6237,-0.7004,0.3037,-0.1678,344.1,-37.9,0.0
1255094,2026-08-30_09-29-58.095-240,v3.6.25,3.46,12.0,400,6192,3985,2496,5223,4392,3844,6113,3893,2449,5688,4280,2868,0,0,0,-425,387,419,711.3,4679.6,-0.021,0.505,1.026,82.906,-56.891,-38.328,634.4,1,-0.6099,-0.7073,0.3141,-0.1707,342.4,-38.6,0.0
1255132,2026-08-30_09-29-58.134-240,v3.6.25,3.46,12.0,400,6192,3985,2496,5823,3888,3502,6113,3893,2449,6239,3777,2432,0,0,0,126,-116,-17,172.1,1132.3,0.225,0.932,1.001,14.750,-55.922,-4.359,181.9,1,-0.6051,-0.7095,0.3209,-0.1657,341.0,-38.6,0.0
1255159,2026-08-30_09-29-59.161-240,v3.6.25,3.46,12.0,400,6444,3627,2398,5823,3888,3502,6368,3533,2356,6239,3777,2432,0,0,0,-129,244,76,286.3,1883.4,0.376,0.833,0.906,-47.359,-45.703,26.016,277.7,1,-0.6091,-0.7073,0.3236,-0.1548,340.1,-37.8,0.0
1255212,2026-08-30_09-29-59.214-240,v3.6.25,3.46,12.0,400,6396,3538,2756,6019,3578,3606,6321,3436,2713,6460,3472,2501,0,0,0,139,36,-212,256.0,1684.5,0.541,0.191,0.774,-94.484,-15.109,3.016,252.3,1,-0.6165,-0.7067,0.3167,-0.1420,340.2,-36.2,0.0
1255241,2026-08-30_09-29-59.243-240,v3.6.25,3.46,12.0,400,6396,3538,2756,5744,3611,4028,6321,3436,2713,6257,3509,2960,0,0,0,-64,73,247,265.4,1746.0,0.618,0.240,0.752,-94.688,0.750,-24.859,260.2,1,-0.6221,-0.7089,0.3056,-0.1309,340.8,-34.5,0.0
1255271,2026-08-30_09-29-59.273-240,v3.6.25,3.46,12.0,400,6147,3741,3057,5744,3611,4028,6070,3637,3009,6257,3509,2960,0,0,0,187,-128,-49,231.8,1525.3,0.731,0.543,0.606,-112.953,14.000,-23.203,232.0,1,-0.6298,-0.7101,0.2914,-0.1192,341.8,-32.4,0.0
1255300,2026-08-30_09-29-59.302-240,v3.6.25,3.46,12.0,400,5790,4181,3220,5386,4016,4141,5710,4080,3166,5910,3911,3131,0,0,0,200,-169,-35,264.2,1738.0,0.485,0.483,0.583,-138.656,16.656,-5.391,259.2,1,-0.6411,-0.7085,0.2757,-0.1048,342.8,-30.1,0.0
1255342,2026-08-30_09-29-59.344-240,v3.6.25,3.46,12.0,400,5790,4181,3220,4849,4562,4312,5710,4080,3166,5391,4454,3389,0,0,0,-319,374,223,539.8,3551.2,0.306,0.009,0.941,-126.750,0.188,-29.453,490.5,1,-0.6480,-0.7100,0.2610,-0.0894,343.3,-27.7,0.0
1255391,2026-08-30_09-29-59.392-240,v3.6.25,3.46,12.0,400,5281,4631,3483,4849,4562,4312,5197,4533,3423,5391,4454,3389,0,0,0,194,-79,-34,212.2,1396.1,0.442,0.682,1.049,-118.688,-26.469,-34.078,215.5,1,-0.6522,-0.7122,0.2496,-0.0714,343.1,-25.3,0.0
1255421,2026-08-30_09-29-59.423-240,v3.6.25,3.46,12.0,400,4837,4949,3700,4316,4954,4460,4750,4853,3635,4875,4843,3624,0,0,0,125,-10,-11,125.9,828.2,0.468,0.921,0.924,-154.078,-42.094,31.219,143.1,1,-0.6647,-0.7056,0.2409,-0.0484,342.6,-22.9,0.0
1255450,2026-08-30_09-29-59.451-240,v3.6.25,3.46,12.0,400,4837,4949,3700,4316,4954,4460,4750,4853,3635,4875,4843,3624,0,0,0,125,-10,-11,125.9,828.2,0.363,0.669,0.744,-194.047,-52.797,115.125,143.1,1,-0.6872,-0.6871,0.2349,-0.0210,341.7,-20.6,0.0
1255491,2026-08-30_09-29-59.493-240,v3.6.25,3.46,12.0,400,4220,5029,4380,3582,5061,5033,4131,4927,4309,4238,4954,4309,0,0,0,107,27,0,110.4,726.0,0.063,-0.001,0.782,-217.609,-63.047,194.328,130.1,1,-0.7172,-0.6569,0.2323,0.0087,340.4,-18.8,0.0
1255659,2026-08-30_09-29-59.660-240,v3.6.25,3.46,12.0,400,1108,4040,6608,13,3955,6795,1023,3925,6533,993,3864,6642,0,0,0,-30,-61,109,128.5,845.1,0.784,-0.723,0.915,143.703,-16.484,-27.844,145.3,1,-0.7055,-0.6641,0.2473,-0.0076,340.1,-21.0,0.0
1255688,2026-08-30_09-29-59.690-240,v3.6.25,3.46,12.0,400,1354,3866,6630,632,3809,6825,1270,3747,6557,1621,3722,6566,0,0,0,351,-25,9,352.0,2315.8,0.717,-0.572,0.744,193.688,-1.500,-59.203,332.9,1,-0.6877,-0.6758,0.2635,-0.0313,340.0,-23.9,0.0
1255922,2026-08-30_09-29-59.923-240,v3.6.25,3.46,12.0,400,6313,3318,2895,6318,2910,3534,6240,3213,2853,6760,2808,2380,0,0,0,520,-405,-473,811.3,5337.3,0.246,0.639,0.909,110.453,-42.609,-32.609,718.3,1,-0.6754,-0.6822,0.2773,-0.0398,338.9,-25.4,0.0
1255976,2026-08-30_09-29-59.978-240,v3.6.25,3.46,12.0,400,6807,2849,2313,6318,2910,3534,6738,2748,2280,6760,2808,2380,0,0,0,22,60,100,118.7,780.8,0.384,0.657,0.882,43.156,-60.172,-17.109,137.0,1,-0.6680,-0.6853,0.2875,-0.0381,337.6,-25.9,0.0
1256006,2026-08-30_09-29-59.007-240,v3.6.25,3.46,12.0,400,7078,2389,2064,6648,2384,3284,7012,2288,2038,7058,2284,2080,0,0,0,46,-4,42,62.4,410.6,0.564,0.910,0.861,-4.625,-58.203,-3.438,89.8,1,-0.6651,-0.6859,0.2936,-0.0308,336.3,-25.6,0.0
1256036,2026-08-30_09-29-59.038-240,v3.6.25,3.46,12.0,400,7125,2182,2136,6648,2384,3284,7061,2078,2111,7058,2284,2080,0,0,0,-3,206,-31,208.3,1370.7,0.618,0.767,0.819,-55.594,-48.375,13.812,212.3,1,-0.6677,-0.6834,0.2944,-0.0185,335.4,-24.7,0.0
1256083,2026-08-30_09-29-59.086-240,v3.6.25,3.46,12.0,400,7125,2182,2136,6706,2144,3419,7061,2078,2111,7144,2047,2202,0,0,0,83,-31,91,127.0,835.6,0.769,0.567,0.637,-101.812,-22.234,-0.891,144.0,1,-0.6730,-0.6819,0.2866,-0.0033,335.2,-23.0,0.0
1256112,2026-08-30_09-29-59.113-240,v3.6.25,3.46,12.0,400,7005,2272,2473,6493,2322,3766,6940,2163,2445,6987,2228,2577,0,0,0,47,65,132,154.5,1016.2,0.822,0.671,0.599,-130.266,-4.844,0.031,167.1,1,-0.6806,-0.6795,0.2738,0.0134,335.3,-20.8,0.0
1256151,2026-08-30_09-30-00.153-240,v3.6.25,3.46,12.0,400,6757,2692,2865,6493,2322,3766,6689,2579,2830,6987,2228,2577,0,0,0,298,-351,-253,525.4,3456.4,0.628,0.876,0.661,-174.594,9.297,20.375,478.4,1,-0.6930,-0.6733,0.2555,0.0337,335.7,-18.0,0.0
1256185,2026-08-30_09-30-00.186-240,v3.6.25,3.46,12.0,400,6757,2692,2865,6072,2850,4161,6689,2579,2830,6623,2756,3034,0,0,0,-66,177,204,278.0,1829.1,0.199,0.445,0.531,-196.719,4.906,35.062,270.8,1,-0.7072,-0.6640,0.2360,0.0572,335.9,-14.9,0.0
1256213,2026-08-30_09-30-00.215-240,v3.6.25,3.46,12.0,400,6237,3280,3470,6072,2850,4161,6164,3164,3425,6623,2756,3034,0,0,0,459,-408,-391,728.0,4789.7,0.097,0.187,0.515,-175.719,-15.328,19.094,648.4,1,-0.7170,-0.6565,0.2201,0.0806,335.6,-12.1,0.0
1256266,2026-08-30_09-30-00.268-240,v3.6.25,3.46,12.0,400,5614,3693,4103,5325,3491,4717,5537,3573,4049,5959,3398,3704,0,0,0,422,-175,-345,572.5,3766.3,0.255,0.960,0.572,-214.562,-54.109,136.859,517.9,1,-0.7385,-0.6312,0.2099,0.1100,334.3,-9.9,0.0
1256507,2026-08-30_09-30-00.508-240,v3.6.25,3.46,12.0,400,301,2529,7374,-879,2490,7380,226,2401,7310,232,2412,7368,0,0,0,6,11,58,59.3,390.4,0.708,-1.186,0.458,231.578,2.094,-133.969,87.2,1,-0.7149,-0.6554,0.2289,0.0835,334.5,-12.6,0.0
1256556,2026-08-30_09-30-00.558-240,v3.6.25,3.46,12.0,400,301,2529,7374,-879,2490,7380,226,2401,7310,232,2412,7368,0,0,0,6,11,58,59.3,390.4,0.614,-0.718,0.360,312.656,16.875,-187.109,87.2,1,-0.6804,-0.6868,0.2516,0.0462,334.8,-16.2,0.0
1256789,2026-08-30_09-30-00.790-240,v3.6.25,3.46,12.0,400,6943,1610,2929,6096,1854,4396,6884,1489,2906,6708,1770,3261,0,0,0,-176,281,355,485.8,3195.8,0.599,0.877,0.766,41.938,-46.797,-18.422,445.1,1,-0.6743,-0.6893,0.2607,0.0467,333.8,-16.7,0.0
1256815,2026-08-30_09-30-00.818-240,v3.6.25,3.46,12.0,400,6943,1610,2929,6532,1388,4007,6884,1489,2906,7087,1304,2807,0,0,0,203,-185,-99,292.0,1920.7,0.682,0.856,0.827,-8.844,-43.734,0.438,282.5,1,-0.6730,-0.6885,0.2650,0.0527,333.0,-16.5,0.0
1256863,2026-08-30_09-30-00.864-240,v3.6.25,3.46,12.0,400,7115,1284,2770,6518,1206,4092,7058,1163,2751,7091,1124,2892,0,0,0,33,-39,141,150.0,986.6,0.792,0.548,0.657,-78.688,-29.078,-1.938,163.3,1,-0.6757,-0.6867,0.2599,0.0657,332.5,-15.1,0.0
1256912,2026-08-30_09-30-00.914-240,v3.6.25,3.46,12.0,400,7041,1296,2951,6518,1206,4092,6984,1172,2931,7091,1124,2892,0,0,0,107,-48,-39,123.6,813.1,0.725,0.680,0.553,-124.359,-9.125,-21.078,141.2,1,-0.6793,-0.6864,0.2463,0.0823,332.5,-12.8,0.0
1256940,2026-08-30_09-30-00.941-240,v3.6.25,3.46,12.0,400,6890,1658,3192,6347,1479,4336,6830,1532,3166,6957,1398,3160,0,0,0,127,-134,-6,184.7,1215.3,0.714,1.009,0.536,-168.609,-0.234,-2.469,192.5,1,-0.6870,-0.6824,0.2275,0.1030,332.7,-9.9,0.0
1256977,2026-08-30_09-30-00.979-240,v3.6.25,3.46,12.0,400,6890,1658,3192,5925,2139,4764,6830,1532,3166,6595,2058,3649,0,0,0,-235,526,483,751.8,4946.0,0.583,0.904,0.501,-234.859,4.688,38.125,668.4,1,-0.7015,-0.6709,0.2022,0.1301,332.8,-6.3,0.0
1257026,2026-08-30_09-30-00.028-240,v3.6.25,3.46,12.0,400,6483,2280,3751,5925,2139,4764,6418,2150,3715,6595,2058,3649,0,0,0,177,-92,-66,210.1,1382.3,0.356,0.211,0.417,-240.453,-9.875,43.594,213.8,1,-0.7150,-0.6571,0.1780,0.1592,332.5,-2.6,0.0
1257341,2026-08-30_09-30-01.342-240,v3.6.25,3.46,12.0,400,-1874,1892,7217,-2864,1748,7057,-1947,1793,7160,-1794,1661,7394,0,0,0,153,-132,234,309.2,2034.0,0.884,-0.957,0.608,240.891,-43.219,-120.094,296.9,1,-0.6913,-0.6784,0.2068,0.1381,331.7,-5.7,0.0
1257377,2026-08-30_09-30-01.379-240,v3.6.25,3.46,12.0,400,-1185,1723,7488,-2864,1748,7057,-1255,1608,7431,-1794,1661,7394,0,0,0,-539,53,-37,542.9,3571.5,0.841,-0.854,0.391,291.266,-17.828,-140.625,493.0,1,-0.6624,-0.7025,0.2370,0.1080,331.2,-9.3,0.0
1257555,2026-08-30_09-30-01.556-240,v3.6.25,3.46,12.0,400,5042,1692,5397,3818,1652,6468,4980,1542,5357,4791,1589,5674,0,0,0,-189,47,317,372.0,2447.7,0.461,0.618,0.540,147.250,-40.875,-59.078,349.7,1,-0.6472,-0.7115,0.2562,0.0962,330.1,-11.2,0.0
1257617,2026-08-30_09-30-01.619-240,v3.6.25,3.46,12.0,400,6613,721,3826,5915,594,4919,6560,581,3807,6643,525,3804,0,0,0,83,-56,-3,100.2,659.0,0.632,0.374,0.608,92.609,-68.578,-78.250,121.5,1,-0.6307,-0.7210,0.2711,0.0946,328.6,-11.9,0.0
1257671,2026-08-30_09-30-01.673-240,v3.6.25,3.46,12.0,400,6957,317,3212,5915,594,4919,6907,184,3201,6643,525,3804,0,0,0,-264,341,603,741.3,4877.2,0.866,0.801,0.615,30.984,-60.250,-74.547,659.6,1,-0.6177,-0.7289,0.2780,0.0992,327.4,-11.5,0.0
1257710,2026-08-30_09-30-01.711-240,v3.6.25,3.46,12.0,400,6957,317,3212,6386,191,4337,6907,184,3201,7022,119,3156,0,0,0,115,-65,-45,139.6,918.1,1.142,0.988,0.629,-36.641,-38.141,-51.719,154.6,1,-0.6117,-0.7336,0.2755,0.1085,326.9,-10.2,0.0
1257740,2026-08-30_09-30-01.742-240,v3.6.25,3.46,12.0,400,7152,239,2827,6612,202,4064,7103,111,2819,7201,127,2850,0,0,0,98,16,31,104.0,684.4,1.093,0.934,0.528,-81.578,-23.203,-38.062,124.8,1,-0.6101,-0.7362,0.2666,0.1210,326.9,-8.5,0.0
1257786,2026-08-30_09-30-01.788-240,v3.6.25,3.46,12.0,400,7155,545,2833,6612,202,4064,7104,418,2822,7201,127,2850,0,0,0,97,-291,28,308.0,2026.4,0.823,1.152,0.392,-156.219,-6.516,2.141,295.9,1,-0.6174,-0.7332,0.2486,0.1394,327.4,-5.9,0.0
1257814,2026-08-30_09-30-01.816-240,v3.6.25,3.46,12.0,400,7155,545,2833,6531,717,4214,7104,418,2822,7135,640,3010,0,0,0,31,222,188,292.6,1924.7,0.547,0.875,0.259,-201.578,-10.156,37.453,283.0,1,-0.6302,-0.7246,0.2267,0.1628,327.7,-2.9,0.0
1257847,2026-08-30_09-30-01.849-240,v3.6.25,3.46,12.0,400,6943,1107,3349,6531,717,4214,6888,975,3329,7135,640,3010,0,0,0,247,-335,-319,524.4,3450.0,0.402,0.521,0.190,-215.672,-25.781,50.250,477.5,1,-0.6436,-0.7127,0.2050,0.1893,327.6,0.3,0.0
1258138,2026-08-30_09-30-01.139-240,v3.6.25,3.46,12.0,400,1093,858,7571,-844,881,7706,1032,708,7524,356,819,7682,0,0,0,-676,111,158,703.0,4625.2,1.166,-0.366,0.488,176.984,-3.891,-66.875,627.5,1,-0.6289,-0.7242,0.2255,0.1706,327.2,-2.1,0.0
1258186,2026-08-30_09-30-02.187-240,v3.6.25,3.46,12.0,400,1093,858,7571,-119,721,7807,1032,708,7524,1102,664,7657,0,0,0,70,-44,133,156.6,1030.3,1.026,-0.330,0.548,222.750,21.078,-68.172,168.9,1,-0.6126,-0.7365,0.2486,0.1433,327.0,-5.4,0.0
1258426,2026-08-30_09-30-02.427-240,v3.6.25,3.46,12.0,400,7019,201,3104,6183,408,4538,6970,69,3095,6849,336,3386,0,0,0,-121,267,291,413.1,2717.4,0.777,0.644,0.479,125.672,-43.125,-16.812,384.1,1,-0.6034,-0.7389,0.2683,0.1343,325.7,-7.2,0.0
1258456,2026-08-30_09-30-02.458-240,v3.6.25,3.46,12.0,400,7153,-440,2587,6552,-298,4013,7109,-565,2588,7142,-370,2812,0,0,0,33,195,224,298.8,1965.9,0.771,0.505,0.454,109.609,-54.328,-30.750,288.2,1,-0.5923,-0.7420,0.2865,0.1286,324.3,-8.5,0.0
1258501,2026-08-30_09-30-02.502-240,v3.6.25,3.46,12.0,400,7153,-440,2587,6795,-923,3435,7109,-565,2588,7298,-998,2207,0,0,0,189,-433,-381,606.9,3993.0,0.728,0.950,0.344,68.328,-60.172,-37.281,546.8,1,-0.5818,-0.7451,0.2997,0.1285,322.9,-9.1,0.0
1258547,2026-08-30_09-30-02.548-240,v3.6.25,3.46,12.0,400,7308,-949,2038,6795,-923,3435,7268,-1066,2048,7298,-998,2207,0,0,0,30,68,159,175.5,1154.7,1.012,1.557,0.456,-68.594,-47.828,60.094,184.7,1,-0.5901,-0.7363,0.2991,0.1418,322.1,-8.3,0.0
1258576,2026-08-30_09-30-02.578-240,v3.6.25,3.46,12.0,400,7304,-1180,2058,6871,-1311,3304,7265,-1299,2071,7359,-1385,2066,0,0,0,94,-86,-5,127.5,838.8,1.023,1.201,0.313,-153.359,-31.578,111.125,144.5,1,-0.6088,-0.7210,0.2884,0.1623,321.9,-6.7,0.0
1258605,2026-08-30_09-30-02.606-240,v3.6.25,3.46,12.0,400,7304,-1180,2058,6871,-1311,3304,7265,-1299,2071,7359,-1385,2066,0,0,0,94,-86,-5,127.5,838.8,0.891,0.907,0.232,-197.188,-17.219,114.641,144.5,1,-0.6295,-0.7043,0.2705,0.1858,321.9,-4.5,0.0
1258953,2026-08-30_09-30-02.954-240,v3.6.25,3.46,12.0,400,250,-343,7679,-901,-396,7661,196,-489,7644,317,-450,7650,0,0,0,121,39,6,127.3,837.3,1.233,-0.835,0.521,71.891,-5.141,-69.078,144.3,1,-0.6184,-0.7130,0.2780,0.1785,321.7,-5.1,0.0
1258981,2026-08-30_09-30-02.983-240,v3.6.25,3.46,12.0,400,762,-373,7596,-726,-517,7754,709,-523,7562,511,-568,7711,0,0,0,-198,-45,149,251.9,1656.9,1.253,-0.607,0.432,113.609,0.766,-57.234,248.8,1,-0.6073,-0.7208,0.2903,0.1652,321.4,-6.6,0.0
1259026,2026-08-30_09-30-02.027-240,v3.6.25,3.46,12.0,400,762,-373,7596,5,-453,7796,709,-523,7562,1248,-501,7626,0,0,0,539,22,64,543.2,3573.9,1.155,-0.540,0.473,177.531,11.297,-55.688,493.4,1,-0.5941,-0.7287,0.3092,0.1430,321.1,-9.1,0.0
1259072,2026-08-30_09-30-02.074-240,v3.6.25,3.46,12.0,400,1455,-293,7539,5,-453,7796,1403,-451,7505,1248,-501,7626,0,0,0,-155,-50,121,202.9,1334.8,1.064,-0.889,0.339,248.844,23.078,-84.422,207.7,1,-0.5739,-0.7395,0.3339,0.1108,320.5,-12.7,0.0
1259131,2026-08-30_09-30-02.132-240,v3.6.25,3.46,12.0,400,2383,-163,7264,998,-325,7760,2331,-326,7231,2233,-369,7421,0,0,0,-98,-43,190,218.1,1434.6,0.536,-0.143,-0.066,365.641,28.125,-203.609,220.5,1,-0.5320,-0.7612,0.3654,0.0640,319.3,-16.9,0.0
1259362,2026-08-30_09-30-03.364-240,v3.6.25,3.46,12.0,400,7077,-1957,2118,6438,-1703,3756,7044,-2078,2139,7012,-1770,2582,0,0,0,-32,308,443,540.5,3555.9,0.638,0.660,0.177,68.859,-60.641,-38.547,491.1,1,-0.5198,-0.7638,0.3774,0.0635,317.7,-17.2,0.0
1259394,2026-08-30_09-30-03.395-240,v3.6.25,3.45,12.0,400,7077,-1957,2118,6613,-2254,3111,7044,-2078,2139,7087,-2326,1923,0,0,0,43,-248,-216,331.7,2182.1,0.870,1.117,0.274,21.234,-60.406,-26.422,315.8,1,-0.5116,-0.7654,0.3843,0.0684,316.6,-16.8,0.0
1259422,2026-08-30_09-30-03.424-240,v3.6.25,3.45,12.0,400,7090,-2305,1606,6613,-2254,3111,7059,-2416,1634,7087,-2326,1923,0,0,0,28,90,289,304.0,1999.9,1.009,1.341,0.284,-42.281,-52.875,2.797,292.6,1,-0.5111,-0.7647,0.3843,0.0798,315.9,-15.7,0.0
1259449,2026-08-30_09-30-03.451-240,v3.6.25,3.45,12.0,400,7090,-2305,1606,6717,-2439,2764,7059,-2416,1634,7135,-2515,1567,0,0,0,76,-99,-67,141.7,931.9,1.132,1.325,0.102,-106.109,-40.250,34.906,156.3,1,-0.5187,-0.7611,0.3771,0.0969,315.9,-14.1,0.0
1259501,2026-08-30_09-30-03.502-240,v3.6.25,3.45,12.0,400,7101,-2341,1588,6647,-2255,3220,7070,-2452,1616,7140,-2325,2024,0,0,0,70,127,408,433.0,2848.7,1.030,1.492,-0.047,-223.844,-11.375,112.266,400.8,1,-0.5433,-0.7500,0.3564,0.1240,316.9,-11.6,0.0
1259541,2026-08-30_09-30-03.543-240,v3.6.25,3.45,12.0,400,7044,-2023,2316,6647,-2255,3220,7011,-2148,2336,7140,-2325,2024,0,0,0,129,-177,-312,381.2,2507.9,0.590,0.863,-0.370,-315.641,3.312,196.656,357.4,1,-0.5819,-0.7278,0.3260,0.1596,318.1,-8.5,0.0
1259828,2026-08-30_09-30-03.829-240,v3.6.25,3.45,12.0,400,1858,-1482,7215,71,-1521,7642,1815,-1643,7196,1309,-1564,7466,0,0,0,-506,79,270,578.9,3808.8,1.198,-0.527,0.205,192.219,-11.453,-180.891,523.3,1,-0.5507,-0.7478,0.3440,0.1383,317.4,-9.9,0.0
1260007,2026-08-30_09-30-03.008-240,v3.6.25,3.45,12.0,400,4799,-1774,5591,3458,-1858,6664,4763,-1939,5587,4536,-1896,5931,0,0,0,-227,43,344,414.4,2726.2,0.762,-0.322,0.050,279.016,19.719,-180.375,385.2,1,-0.5161,-0.7661,0.3689,0.1026,316.5,-12.9,0.0
1260184,2026-08-30_09-30-04.185-240,v3.6.25,3.45,12.0,400,7057,-2617,1151,6648,-2673,2560,7028,-2720,1185,7035,-2750,1380,0,0,0,7,-30,195,197.4,1298.8,0.615,2.040,0.151,-20.094,-29.594,23.922,203.1,1,-0.5187,-0.7627,0.3707,0.1087,316.0,-12.6,0.0
1260601,2026-08-30_09-30-04.602-240,v3.6.25,3.45,12.0,400,1697,-2523,7019,294,-2755,7248,1662,-2683,7013,1489,-2794,7045,0,0,0,-173,-111,32,208.0,1368.6,1.292,-1.259,0.162,71.297,-13.031,-94.250,212.0,1,-0.5023,-0.7718,0.3765,0.1010,315.6,-12.9,0.0
1260651,2026-08-30_09-30-04.653-240,v3.6.25,3.45,12.0,400,1628,-2635,6935,294,-2755,7248,1593,-2793,6931,1489,-2794,7045,0,0,0,-104,-1,114,154.3,1015.2,1.301,-0.380,-0.051,171.703,-2.969,-139.484,167.0,1,-0.4753,-0.7839,0.3913,0.0802,314.6,-14.3,0.0
1260711,2026-08-30_09-30-04.713-240,v3.6.25,3.45,12.0,400,2569,-2674,6579,1252,-2840,7082,2536,-2836,6578,2421,-2877,6719,0,0,0,-115,-41,141,186.5,1227.1,1.169,-0.378,-0.240,240.375,17.516,-144.453,194.0,1,-0.4443,-0.7940,0.4120,0.0491,313.2,-16.7,0.0
1260941,2026-08-30_09-30-04.942-240,v3.6.25,3.45,12.0,400,6043,-3787,2597,5445,-3578,3954,6022,-3913,2634,6091,-3635,2948,0,0,0,69,278,314,425.0,2796.2,0.946,0.159,-0.081,117.109,-14.547,-2.859,394.1,1,-0.4357,-0.7909,0.4280,0.0384,311.6,-18.2,0.0
1260976,2026-08-30_09-30-04.978-240,v3.6.25,3.45,12.0,400,6043,-3787,2597,5405,-4101,3542,6022,-3913,2634,5990,-4161,2554,0,0,0,-32,-248,-80,262.5,1727.2,1.012,0.156,-0.055,127.484,-16.719,-47.906,257.8,1,-0.4205,-0.7917,0.4423,0.0256,310.1,-19.4,0.0
1261006,2026-08-30_09-30-04.007-240,v3.6.25,3.45,12.0,400,5900,-4223,2226,5405,-4101,3542,5882,-4341,2270,5990,-4161,2554,0,0,0,108,180,284,353.2,2323.4,1.171,0.816,0.028,103.234,-11.953,-59.156,333.8,1,-0.4058,-0.7941,0.4523,0.0144,309.0,-20.1,0.0
1261036,2026-08-30_09-30-04.038-240,v3.6.25,3.45,12.0,400,5870,-4484,1719,5386,-4487,2969,5853,-4592,1769,5880,-4553,1998,0,0,0,27,39,229,233.9,1538.6,1.236,1.118,0.004,40.703,-4.422,-27.578,233.7,1,-0.3996,-0.7951,0.4561,0.0095,308.5,-20.5,0.0
1261075,2026-08-30_09-30-04.077-240,v3.6.25,3.45,12.0,400,5870,-4484,1719,5464,-4611,2699,5853,-4592,1769,5914,-4679,1721,0,0,0,61,-87,-48,116.6,767.1,0.992,1.083,-0.112,-52.953,3.359,33.719,135.3,1,-0.4078,-0.7931,0.4522,0.0150,309.0,-20.2,0.0
1261121,2026-08-30_09-30-04.122-240,v3.6.25,3.45,12.0,400,5877,-4513,1719,5464,-4611,2699,5861,-4621,1769,5914,-4679,1721,0,0,0,53,-58,-48,92.1,605.7,0.677,0.938,-0.355,-152.000,-5.812,114.141,114.7,1,-0.4315,-0.7856,0.4421,0.0343,310.0,-19.1,0.0
1261147,2026-08-30_09-30-04.149-240,v3.6.25,3.45,12.0,400,5814,-4354,2358,5363,-4487,3191,5797,-4474,2403,5896,-4550,2219,0,0,0,99,-76,-184,222.3,1462.7,0.589,0.581,-0.485,-192.906,-17.906,146.094,224.0,1,-0.4600,-0.7748,0.4294,0.0603,310.9,-17.6,0.0
1261290,2026-08-30_09-30-05.291-240,v3.6.25,3.45,12.0,400,4836,-4107,4306,4077,-4256,5098,4816,-4256,4335,4933,-4299,4300,0,0,0,117,-43,-35,129.5,851.8,0.938,-0.409,-0.381,-278.422,-28.547,180.453,146.1,1,-0.4955,-0.7605,0.4081,0.0975,312.1,-14.8,0.0
1261350,2026-08-30_09-30-05.351-240,v3.6.25,3.45,12.0,400,3054,-4071,5651,2767,-4208,5957,3032,-4226,5671,3770,-4245,5363,0,0,0,738,-19,-308,799.9,5262.6,1.151,-0.655,-0.124,-179.203,-30.234,57.562,708.8,1,-0.5095,-0.7563,0.3919,0.1218,312.8,-12.4,0.0
1261411,2026-08-30_09-30-05.412-240,v3.6.25,3.45,12.0,400,2796,-4148,5691,1927,-4234,6201,2774,-4301,5711,2972,-4271,5745,0,0,0,198,30,34,203.1,1336.4,1.141,-0.102,-0.151,-98.781,-33.500,20.953,207.9,1,-0.5146,-0.7543,0.3841,0.1369,312.8,-10.9,0.0
1261448,2026-08-30_09-30-05.449-240,v3.6.25,3.45,12.0,400,2796,-4148,5691,1732,-4343,6167,2774,-4301,5711,2774,-4381,5746,0,0,0,0,-80,35,87.3,574.5,1.397,0.123,-0.011,-98.781,-26.969,70.031,110.7,1,-0.5261,-0.7467,0.3777,0.1519,312.7,-9.8,0.0
1261476,2026-08-30_09-30-05.478-240,v3.6.25,3.45,12.0,400,2618,-4289,5697,1379,-4499,6155,2597,-4440,5719,2421,-4538,5795,0,0,0,-176,-98,76,215.3,1416.5,1.372,-0.371,0.068,-81.297,-16.719,77.375,218.1,1,-0.5382,-0.7380,0.3727,0.1635,312.6,-9.2,0.0
1261526,2026-08-30_09-30-05.528-240,v3.6.25,3.45,12.0,400,2157,-4391,5787,1379,-4499,6155,2136,-4539,5809,2421,-4538,5795,0,0,0,285,1,-14,285.3,1877.3,1.226,-0.846,-0.061,33.344,-3.891,-8.219,276.9,1,-0.5356,-0.7383,0.3776,0.1596,312.3,-9.7,0.0
1261554,2026-08-30_09-30-05.555-240,v3.6.25,3.45,12.0,400,2157,-4391,5787,1010,-4570,6169,2136,-4539,5809,2056,-4610,5872,0,0,0,-80,-71,63,124.1,816.7,1.121,-0.837,-0.205,97.234,-0.750,-56.516,141.6,1,-0.5245,-0.7433,0.3881,0.1474,311.9,-10.8,0.0
1261587,2026-08-30_09-30-05.589-240,v3.6.25,3.45,12.0,400,2107,-4429,5735,1010,-4570,6169,2086,-4575,5758,2056,-4610,5872,0,0,0,-30,-35,114,123.0,809.0,1.110,-0.463,-0.273,160.953,2.734,-90.438,140.6,1,-0.5063,-0.7509,0.4046,0.1270,311.0,-12.7,0.0
1261614,2026-08-30_09-30-05.615-240,v3.6.25,3.45,12.0,400,2541,-4460,5526,1320,-4615,6058,2521,-4607,5551,2348,-4655,5710,0,0,0,-173,-48,159,239.8,1577.8,1.019,-0.452,-0.306,196.344,8.109,-104.750,238.7,1,-0.4844,-0.7586,0.4238,0.1014,309.9,-14.9,0.0
1261657,2026-08-30_09-30-05.659-240,v3.6.25,3.45,12.0,400,2541,-4460,5526,1983,-4657,5805,2521,-4607,5551,2969,-4697,5350,0,0,0,448,-90,-201,499.2,3284.2,1.113,-0.221,-0.400,238.281,15.484,-119.656,456.4,1,-0.4582,-0.7657,0.4460,0.0698,308.4,-17.6,0.0
1261824,2026-08-30_09-30-05.827-240,v3.6.25,3.45,12.0,400,4708,-4891,3282,3591,-4853,4667,4693,-5020,3326,4385,-4900,3964,0,0,0,-308,120,638,718.5,4727.3,0.959,0.417,-0.182,141.766,-2.078,-47.344,640.5,1,-0.4444,-0.7662,0.4611,0.0528,307.1,-19.2,0.0
1261871,2026-08-30_09-30-05.873-240,v3.6.25,3.45,12.0,400,4708,-4891,3282,4041,-5046,4096,4693,-5020,3326,4740,-5098,3329,0,0,0,47,-78,3,91.1,599.4,1.087,-0.158,-0.203,138.797,-19.328,-61.047,113.9,1,-0.4272,-0.7677,0.4762,0.0379,305.5,-20.4,0.0
1261899,2026-08-30_09-30-05.901-240,v3.6.25,3.45,12.0,400,4679,-5206,2833,3995,-5367,3607,4666,-5326,2883,4617,-5424,2860,0,0,0,-49,-98,-23,112.0,736.5,1.047,-0.106,-0.213,156.547,-25.656,-100.625,131.4,1,-0.4033,-0.7720,0.4909,0.0205,303.7,-21.4,0.0
1261940,2026-08-30_09-30-05.942-240,v3.6.25,3.45,12.0,400,4719,-5491,2123,3995,-5367,3607,4708,-5598,2181,4617,-5424,2860,0,0,0,-91,174,679,706.8,4650.1,0.849,0.287,-0.264,159.250,-28.422,-120.516,630.6,1,-0.3763,-0.7773,0.5042,0.0024,302.0,-22.1,0.0
1261996,2026-08-30_09-30-05.998-240,v3.6.25,3.45,12.0,400,4761,-5734,1360,4267,-5672,2770,4752,-5826,1425,4750,-5738,1997,0,0,0,-2,88,572,578.7,3807.5,0.819,1.223,-0.077,54.984,-30.438,-41.922,523.1,1,-0.3653,-0.7786,0.5102,-0.0013,301.1,-22.0,0.0
1262024,2026-08-30_09-30-05.025-240,v3.6.25,3.45,12.0,400,4761,-5734,1360,4411,-5895,2001,4752,-5826,1425,4766,-5970,1223,0,0,0,14,-144,-202,248.5,1634.7,0.944,1.297,-0.193,-25.625,-30.609,23.969,246.0,1,-0.3674,-0.7769,0.5112,0.0060,300.9,-21.5,0.0
1262056,2026-08-30_09-30-05.058-240,v3.6.25,3.45,12.0,400,4714,-5889,993,4411,-5895,2001,4706,-5973,1062,4766,-5970,1223,0,0,0,60,3,161,171.8,1130.5,1.006,1.064,-0.325,-110.578,-28.109,79.500,181.7,1,-0.3819,-0.7733,0.5056,0.0240,301.4,-20.4,0.0
1262084,2026-08-30_09-30-05.085-240,v3.6.25,3.45,12.0,400,4699,-5826,1256,4393,-5948,1947,4690,-5915,1323,4740,-6024,1173,0,0,0,50,-109,-150,192.0,1263.4,0.977,0.806,-0.505,-167.172,-25.812,112.266,198.6,1,-0.4037,-0.7680,0.4948,0.0487,302.3,-18.9,0.0
1262132,2026-08-30_09-30-05.133-240,v3.6.25,3.45,12.0,400,4699,-5826,1256,4323,-5814,2495,4690,-5915,1323,4762,-5883,1720,0,0,0,72,32,397,404.7,2662.8,0.965,0.422,-0.654,-224.984,-21.578,134.266,377.1,1,-0.4312,-0.7615,0.4774,0.0795,303.8,-16.9,0.0
1262172,2026-08-30_09-30-06.174-240,v3.6.25,3.45,12.0,400,4713,-5652,1898,4323,-5814,2495,4703,-5754,1959,4762,-5883,1720,0,0,0,59,-129,-239,277.9,1828.5,0.918,0.055,-0.660,-227.422,-20.312,106.984,270.7,1,-0.4547,-0.7565,0.4572,0.1093,305.2,-14.5,0.0
1262200,2026-08-30_09-30-06.201-240,v3.6.25,3.45,12.0,400,4717,-5389,2515,4212,-5567,3227,4706,-5504,2569,4772,-5628,2453,0,0,0,66,-124,-116,182.2,1198.5,0.964,0.109,-0.656,-220.797,-21.812,85.031,190.3,1,-0.4742,-0.7523,0.4360,0.1377,306.5,-11.9,0.0
1262238,2026-08-30_09-30-06.240-240,v3.6.25,3.45,12.0,400,4717,-5389,2515,4132,-5255,3785,4706,-5504,2569,4782,-5310,3011,0,0,0,76,194,442,488.6,3214.8,0.849,0.500,-0.483,-225.609,-22.438,98.500,447.5,1,-0.4949,-0.7454,0.4142,0.1670,307.5,-9.3,0.0
1262286,2026-08-30_09-30-06.288-240,v3.6.25,3.45,12.0,400,4727,-5070,3026,4132,-5255,3785,4714,-5194,3074,4782,-5310,3011,0,0,0,68,-116,-63,148.5,976.9,0.758,0.314,-0.679,-272.312,-23.562,189.469,162.1,1,-0.5275,-0.7273,0.3893,0.2028,308.2,-6.6,0.0
1262316,2026-08-30_09-30-06.317-240,v3.6.25,3.45,12.0,400,4475,-4864,3825,3759,-5012,4565,4460,-5001,3865,4539,-5059,3835,0,0,0,79,-58,-30,102.5,674.3,0.685,0.075,-0.562,-269.734,-27.188,210.047,123.5,1,-0.5606,-0.7043,0.3644,0.2384,308.5,-4.2,0.0
1262342,2026-08-30_09-30-06.343-240,v3.6.25,3.45,12.0,400,4475,-4864,3825,3759,-5012,4565,4460,-5001,3865,4539,-5059,3835,0,0,0,79,-58,-30,102.5,674.3,0.812,-0.144,-0.454,-258.031,-32.688,204.203,123.5,1,-0.5904,-0.6793,0.3401,0.2726,308.3,-1.8,0.0
1262462,2026-08-30_09-30-06.463-240,v3.6.25,3.45,12.0,400,2348,-5105,5061,1722,-5071,5568,2332,-5243,5095,2675,-5113,5164,0,0,0,343,130,69,373.2,2455.5,1.254,-0.394,-0.358,-74.578,-47.109,57.219,350.7,1,-0.5963,-0.6698,0.3372,0.2865,307.5,-1.1,0.0
1262501,2026-08-30_09-30-06.503-240,v3.6.25,3.45,12.0,400,2348,-5105,5061,1324,-5316,5435,2332,-5243,5095,2259,-5360,5102,0,0,0,-73,-117,7,138.1,908.4,1.319,-1.254,-0.295,3.312,-39.625,6.000,153.3,1,-0.5948,-0.6669,0.3425,0.2902,306.7,-1.2,0.0
1262530,2026-08-30_09-30-06.531-240,v3.6.25,3.45,12.0,400,2038,-5342,4930,1121,-5565,5194,2023,-5474,4968,2019,-5612,4902,0,0,0,-4,-138,-66,153.0,1006.7,1.296,-1.246,-0.343,110.500,-31.109,-90.047,165.9,1,-0.5799,-0.6757,0.3589,0.2799,305.9,-2.2,0.0
1262578,2026-08-30_09-30-06.580-240,v3.6.25,3.45,12.0,400,2242,-5546,4557,1121,-5565,5194,2229,-5673,4599,2019,-5612,4902,0,0,0,-210,61,303,373.7,2458.4,1.004,-0.622,-0.760,239.031,-9.781,-202.219,351.0,1,-0.5490,-0.6971,0.3870,0.2508,305.2,-4.3,0.0
1262605,2026-08-30_09-30-06.607-240,v3.6.25,3.45,12.0,400,2242,-5546,4557,1782,-5748,4747,2229,-5673,4599,2607,-5797,4353,0,0,0,378,-124,-246,467.7,3077.2,0.931,-0.146,-0.763,272.328,7.406,-219.359,430.0,1,-0.5146,-0.7184,0.4159,0.2146,304.5,-6.9,0.0
1262642,2026-08-30_09-30-06.644-240,v3.6.25,3.45,12.0,400,2988,-5656,3906,1782,-5748,4747,2977,-5780,3954,2607,-5797,4353,0,0,0,-370,-17,399,544.4,3581.7,0.962,0.064,-0.753,272.203,29.469,-213.250,494.3,1,-0.4806,-0.7372,0.4415,0.1749,303.8,-9.6,0.0
1262712,2026-08-30_09-30-06.713-240,v3.6.25,3.45,12.0,400,3694,-5717,3178,3526,-5827,3395,3684,-5834,3231,4120,-5887,2735,0,0,0,436,-53,-496,662.5,4358.6,0.562,0.389,-0.683,263.297,57.953,-221.062,593.5,1,-0.4465,-0.7551,0.4616,0.1316,303.5,-12.3,0.0
1262756,2026-08-30_09-30-06.758-240,v3.6.25,3.45,12.0,400,4240,-5717,2430,3526,-5827,3395,4230,-5825,2488,4120,-5887,2735,0,0,0,-110,-62,247,277.4,1825.0,0.562,0.838,-0.589,187.578,47.672,-132.250,270.3,1,-0.4251,-0.7635,0.4757,0.1002,303.0,-14.6,0.0
1262785,2026-08-30_09-30-06.786-240,v3.6.25,3.45,12.0,400,4585,-5742,1814,4112,-5836,2719,4576,-5841,1877,4590,-5903,1974,0,0,0,14,-62,97,116.0,763.0,0.606,0.859,-0.448,129.297,32.547,-60.578,134.8,1,-0.4138,-0.7652,0.4867,0.0795,302.4,-16.3,0.0
1262817,2026-08-30_09-30-06.819-240,v3.6.25,3.45,12.0,400,4585,-5742,1814,4112,-5836,2719,4576,-5841,1877,4590,-5903,1974,0,0,0,14,-62,97,116.0,763.0,0.760,0.596,-0.204,81.547,15.328,-1.656,134.8,1,-0.4107,-0.7620,0.4960,0.0682,301.6,-17.7,0.0
1262857,2026-08-30_09-30-06.859-240,v3.6.25,3.45,12.0,400,4522,-5872,1655,4117,-5957,2475,4514,-5968,1720,4555,-6026,1736,0,0,0,41,-58,16,72.8,479.0,0.913,0.218,-0.105,59.641,-8.375,10.609,98.6,1,-0.4081,-0.7580,0.5049,0.0628,300.6,-18.5,0.0
1262886,2026-08-30_09-30-06.888-240,v3.6.25,3.45,12.0,400,4273,-6049,1631,3859,-6132,2386,4265,-6142,1698,4285,-6203,1693,0,0,0,20,-61,-5,64.4,423.6,1.034,0.015,-0.175,60.062,-20.422,-2.297,91.5,1,-0.4027,-0.7552,0.5139,0.0584,299.5,-19.0,0.0
1262931,2026-08-30_09-30-06.933-240,v3.6.25,3.45,12.0,400,4061,-6255,1381,3859,-6132,2386,4054,-6341,1452,4285,-6203,1693,0,0,0,231,138,241,361.2,2376.5,1.103,0.052,-0.252,62.156,-32.438,-24.031,340.6,1,-0.3935,-0.7543,0.5227,0.0544,298.3,-19.2,0.0
1262977,2026-08-30_09-30-06.979-240,v3.6.25,3.45,12.0,400,4061,-6255,1381,3688,-6356,2064,4054,-6341,1452,4063,-6431,1409,0,0,0,9,-90,-43,100.1,658.9,1.012,0.605,-0.365,30.031,-42.125,-14.516,121.5,1,-0.3865,-0.7536,0.5289,0.0555,297.4,-19.0,0.0
1263006,2026-08-30_09-30-06.007-240,v3.6.25,3.45,12.0,400,3931,-6406,1001,3608,-6513,1644,3925,-6483,1076,3914,-6593,1013,0,0,0,-11,-110,-63,127.2,837.1,1.062,0.994,-0.386,-31.828,-44.000,28.578,144.2,1,-0.3879,-0.7511,0.5301,0.0653,296.9,-18.3,0.0
1263049,2026-08-30_09-30-06.052-240,v3.6.25,3.45,12.0,400,3843,-6497,832,3608,-6513,1644,3838,-6569,909,3914,-6593,1013,0,0,0,76,-24,104,131.0,862.0,0.989,0.824,-0.571,-130.562,-38.594,97.344,147.4,1,-0.4034,-0.7457,0.5229,0.0879,297.2,-16.9,0.0
1263079,2026-08-30_09-30-06.080-240,v3.6.25,3.45,12.0,400,3843,-6497,832,3566,-6561,1565,3838,-6569,909,3859,-6642,943,0,0,0,21,-73,34,83.2,547.5,1.012,0.442,-0.617,-179.344,-31.906,118.859,107.3,1,-0.4241,-0.7394,0.5100,0.1156,298.0,-15.2,0.0
1263107,2026-08-30_09-30-06.109-240,v3.6.25,3.45,12.0,400,3854,-6456,1049,3566,-6561,1565,3848,-6533,1124,3859,-6642,943,0,0,0,11,-109,-181,211.6,1391.9,0.947,0.176,-0.644,-191.453,-24.906,108.969,215.0,1,-0.4440,-0.7338,0.4939,0.1431,299.0,-13.2,0.0
1263134,2026-08-30_09-30-06.136-240,v3.6.25,3.45,12.0,400,3854,-6456,1049,3573,-6463,1961,3848,-6533,1124,3932,-6539,1328,0,0,0,84,-6,204,220.7,1452.0,0.864,0.372,-0.716,-208.312,-18.438,114.438,222.7,1,-0.4653,-0.7271,0.4747,0.1715,300.0,-11.1,0.0
1263167,2026-08-30_09-30-07.169-240,v3.6.25,3.45,12.0,400,3970,-6292,1439,3573,-6463,1961,3964,-6378,1510,3932,-6539,1328,0,0,0,-32,-161,-182,245.1,1612.4,0.769,0.207,-0.851,-231.922,-14.609,135.719,243.1,1,-0.4895,-0.7175,0.4523,0.2024,301.0,-8.8,0.0
1263195,2026-08-30_09-30-07.196-240,v3.6.25,3.45,12.0,400,4075,-6067,2010,3657,-6235,2544,4067,-6166,2075,4112,-6304,1882,0,0,0,45,-138,-193,241.5,1588.8,0.708,-0.202,-0.908,-224.188,-15.938,122.641,240.1,1,-0.5105,-0.7077,0.4298,0.2319,301.8,-6.3,0.0
1263238,2026-08-30_09-30-07.240-240,v3.6.25,3.45,12.0,400,4075,-6067,2010,3582,-6021,3122,4067,-6166,2075,4133,-6083,2459,0,0,0,66,83,384,398.4,2620.9,0.871,-0.070,-0.684,-184.406,-28.641,93.672,371.8,1,-0.5251,-0.6988,0.4119,0.2575,302.0,-4.2,0.0
1263281,2026-08-30_09-30-07.283-240,v3.6.25,3.45,12.0,400,4105,-5880,2464,3582,-6021,3122,4096,-5988,2524,4133,-6083,2459,0,0,0,37,-95,-65,120.9,795.5,1.156,-0.147,-0.418,-158.938,-30.094,92.984,138.9,1,-0.5384,-0.6886,0.3968,0.2803,301.9,-2.4,0.0
1263311,2026-08-30_09-30-07.312-240,v3.6.25,3.45,12.0,400,4028,-5789,2783,3459,-5904,3473,4019,-5902,2840,4068,-5962,2822,0,0,0,49,-60,-18,79.5,523.2,1.241,-0.630,-0.253,-107.250,-26.094,48.219,104.2,1,-0.5447,-0.6827,0.3869,0.2958,301.7,-1.0,0.0
1263346,2026-08-30_09-30-07.348-240,v3.6.25,3.45,12.0,400,4028,-5789,2783,3459,-5904,3473,4019,-5902,2840,4068,-5962,2822,0,0,0,49,-60,-18,79.5,523.2,1.310,-0.591,-0.154,-10.672,-22.922,-36.766,104.2,1,-0.5388,-0.6856,0.3877,0.2988,301.4,-0.5,0.0
1263374,2026-08-30_09-30-07.376-240,v3.6.25,3.45,12.0,400,3971,-5779,2798,3369,-5894,3527,3961,-5892,2855,3987,-5952,2890,0,0,0,26,-60,35,74.2,488.0,1.117,-0.384,-0.353,58.250,-20.500,-95.438,99.7,1,-0.5243,-0.6944,0.3964,0.2928,300.9,-0.5,0.0
1263402,2026-08-30_09-30-07.404-240,v3.6.25,3.45,12.0,400,4218,-5799,2302,3369,-5894,3527,4209,-5904,2362,3987,-5952,2890,0,0,0,-222,-48,528,574.8,3781.4,0.948,-0.114,-0.553,106.953,-18.766,-120.797,519.8,1,-0.5055,-0.7051,0.4108,0.2803,300.4,-1.1,0.0
1263449,2026-08-30_09-30-07.450-240,v3.6.25,3.45,12.0,400,4218,-5799,2302,3705,-5943,3057,4209,-5904,2362,4243,-6006,2374,0,0,0,34,-102,12,108.2,711.7,0.782,0.333,-0.641,154.969,-13.484,-127.406,128.2,1,-0.4849,-0.7151,0.4304,0.2613,299.6,-2.5,0.0
1263515,2026-08-30_09-30-07.516-240,v3.6.25,3.45,12.0,400,4384,-6120,977,4045,-6041,2244,4377,-6201,1049,4445,-6113,1523,0,0,0,68,88,474,486.9,3203.1,0.859,0.633,-0.609,141.891,6.219,-73.594,446.1,1,-0.4726,-0.7196,0.4474,0.2423,298.9,-4.3,0.0
1263552,2026-08-30_09-30-07.553-240,v3.6.25,3.45,12.0,400,4384,-6120,977,4052,-6255,1650,4377,-6201,1049,4354,-6335,942,0,0,0,-23,-134,-107,173.0,1138.3,0.885,0.578,-0.552,127.375,15.844,-48.203,182.6,1,-0.4645,-0.7215,0.4620,0.2241,298.4,-6.1,0.0
1263580,2026-08-30_09-30-07.582-240,v3.6.25,3.45,12.0,400,4178,-6326,660,3859,-6461,1350,4172,-6398,736,4113,-6545,683,0,0,0,-59,-147,-53,167.0,1098.9,0.901,0.419,-0.595,112.703,21.719,-25.656,177.6,1,-0.4599,-0.7213,0.4746,0.2073,297.9,-7.9,0.0
1263632,2026-08-30_09-30-07.634-240,v3.6.25,3.45,12.0,400,3900,-6519,600,3859,-6461,1350,3895,-6587,678,4113,-6545,683,0,0,0,218,42,5,222.1,1461.0,0.776,0.106,-0.562,106.625,21.078,-24.156,223.8,1,-0.4553,-0.7208,0.4864,0.1912,297.4,-9.6,0.0
1263661,2026-08-30_09-30-07.663-240,v3.6.25,3.45,12.0,400,3900,-6519,600,3518,-6673,1314,3895,-6587,678,3770,-6757,706,0,0,0,-125,-170,28,212.9,1400.4,0.591,0.113,-0.538,108.938,12.734,-37.031,216.1,1,-0.4482,-0.7211,0.4984,0.1753,296.8,-11.2,0.0
1263691,2026-08-30_09-30-07.692-240,v3.6.25,3.45,12.0,400,3612,-6686,581,3518,-6673,1314,3607,-6751,661,3770,-6757,706,0,0,0,163,-6,45,169.2,1113.2,0.617,0.233,-0.512,99.172,0.844,-33.000,179.5,1,-0.4408,-0.7206,0.5101,0.1621,295.9,-12.5,0.0
1263721,2026-08-30_09-30-07.723-240,v3.6.25,3.45,12.0,400,3341,-6831,450,3232,-6812,1152,3337,-6890,532,3459,-6899,597,0,0,0,122,-9,65,138.5,911.4,0.815,0.214,-0.501,77.344,-8.938,-6.906,153.7,1,-0.4364,-0.7176,0.5207,0.1536,295.0,-13.5,0.0
1263761,2026-08-30_09-30-07.763-240,v3.6.25,3.45,12.0,400,3341,-6831,450,2945,-6980,953,3337,-6890,532,3140,-7070,453,0,0,0,-197,-180,-79,278.3,1830.9,0.907,-0.023,-0.543,58.406,-20.156,9.766,271.0,1,-0.4336,-0.7131,0.5303,0.1492,293.9,-14.3,0.0
1263804,2026-08-30_09-30-07.806-240,v3.6.25,3.45,12.0,400,3040,-6987,311,2945,-6980,953,3037,-7040,396,3140,-7070,453,0,0,0,103,-30,57,121.5,799.2,0.957,0.402,-0.436,20.500,-19.234,30.281,139.4,1,-0.4349,-0.7078,0.5360,0.1499,293.2,-14.7,0.0
1263832,2026-08-30_09-30-07.834-240,v3.6.25,3.45,12.0,400,2750,-7101,225,2633,-7105,768,2747,-7149,311,2799,-7199,326,0,0,0,52,-50,15,73.7,484.7,0.980,0.416,-0.581,-18.844,-17.109,50.266,99.3,1,-0.4404,-0.7020,0.5376,0.1555,292.7,-14.8,0.0
1263870,2026-08-30_09-30-07.872-240,v3.6.25,3.45,12.0,400,2750,-7101,225,2633,-7105,768,2747,-7149,311,2799,-7199,326,0,0,0,52,-50,15,73.7,484.7,0.971,0.258,-0.630,-64.641,-13.016,57.672,99.3,1,-0.4488,-0.6973,0.5336,0.1661,292.8,-14.3,0.0
1263901,2026-08-30_09-30-07.903-240,v3.6.25,3.45,12.0,400,2619,-7151,247,2459,-7173,734,2616,-7198,334,2620,-7268,322,0,0,0,4,-70,-12,71.1,468.0,0.960,0.157,-0.681,-90.062,-8.656,53.047,97.1,1,-0.4577,-0.6942,0.5260,0.1788,293.2,-13.5,0.0
1263931,2026-08-30_09-30-07.932-240,v3.6.25,3.45,12.0,400,2705,-7091,380,2546,-7120,930,2702,-7142,465,2740,-7212,499,0,0,0,38,-70,34,86.6,569.8,0.936,0.372,-0.760,-125.000,-6.000,66.406,110.1,1,-0.4695,-0.6906,0.5142,0.1957,293.8,-12.3,0.0
1263982,2026-08-30_09-30-07.984-240,v3.6.25,3.45,12.0,400,2952,-7004,641,2546,-7120,930,2949,-7063,724,2740,-7212,499,0,0,0,-209,-149,-225,341.3,2245.6,0.766,-0.299,-0.942,-158.969,-7.609,78.453,323.9,1,-0.4832,-0.6863,0.4984,0.2169,294.6,-10.6,0.0
1264025,2026-08-30_09-30-07.027-240,v3.6.25,3.45,12.0,400,2952,-7004,641,2807,-6999,1250,2949,-7063,724,3054,-7086,766,0,0,0,105,-23,42,115.4,759.2,0.782,-0.220,-0.867,-130.781,-21.531,39.672,134.3,1,-0.4898,-0.6846,0.4859,0.2351,295.0,-8.9,0.0
1264055,2026-08-30_09-30-07.057-240,v3.6.25,3.45,12.0,400,3225,-6822,771,3070,-6829,1418,3221,-6886,851,3343,-6913,885,0,0,0,122,-27,34,129.5,851.9,0.813,0.055,-0.798,-126.422,-29.891,41.078,146.1,1,-0.4955,-0.6819,0.4745,0.2537,295.1,-7.1,0.0
1264102,2026-08-30_09-30-07.103-240,v3.6.25,3.45,12.0,400,3485,-6698,783,3070,-6829,1418,3480,-6765,862,3343,-6913,885,0,0,0,-137,-148,23,203.0,1335.4,0.815,0.218,-0.637,-144.844,-38.484,78.016,207.8,1,-0.5053,-0.6745,0.4619,0.2764,295.0,-5.4,0.0
1264131,2026-08-30_09-30-07.133-240,v3.6.25,3.45,12.0,400,3485,-6698,783,3340,-6700,1492,3480,-6765,862,3623,-6782,911,0,0,0,143,-17,49,152.1,1000.8,0.792,0.000,-0.695,-138.859,-41.438,81.234,165.1,1,-0.5146,-0.6659,0.4500,0.2987,294.7,-3.8,0.0
1264159,2026-08-30_09-30-08.161-240,v3.6.25,3.45,12.0,400,3648,-6597,871,3340,-6700,1492,3643,-6668,948,3623,-6782,911,0,0,0,-20,-114,-37,121.5,799.4,0.785,-0.068,-0.705,-119.172,-42.422,74.000,139.4,1,-0.5223,-0.6572,0.4404,0.3183,294.2,-2.4,0.0
1264187,2026-08-30_09-30-08.189-240,v3.6.25,3.45,12.0,400,3648,-6597,871,3442,-6615,1611,3643,-6668,948,3744,-6696,1009,0,0,0,101,-28,61,121.3,797.8,1.009,-0.173,-0.629,-87.984,-40.812,55.219,139.2,1,-0.5272,-0.6498,0.4341,0.3337,293.6,-1.4,0.0
1264214,2026-08-30_09-30-08.216-240,v3.6.25,3.45,12.0,400,3733,-6529,902,3442,-6615,1611,3728,-6601,978,3744,-6696,1009,0,0,0,16,-95,31,101.2,665.8,1.095,-0.328,-0.520,-37.141,-34.078,15.094,122.4,1,-0.5270,-0.6464,0.4333,0.3416,293.0,-0.9,0.0
1264241,2026-08-30_09-30-08.243-240,v3.6.25,3.45,12.0,400,3750,-6568,765,3479,-6606,1555,3745,-6638,843,3771,-6687,948,0,0,0,26,-49,105,118.8,781.3,1.084,-0.409,-0.398,22.156,-24.562,-43.516,137.1,1,-0.5198,-0.6492,0.4389,0.3402,292.5,-0.8,0.0
1264291,2026-08-30_09-30-08.293-240,v3.6.25,3.45,12.0,400,3750,-6568,765,3554,-6618,1159,3745,-6638,843,3778,-6705,549,0,0,0,33,-67,-294,303.3,1995.6,1.019,0.189,-0.568,108.516,1.953,-102.672,292.0,1,-0.5064,-0.6584,0.4527,0.3243,292.3,-1.8,0.0
1264335,2026-08-30_09-30-08.336-240,v3.6.25,3.45,12.0,400,3784,-6598,360,3554,-6618,1159,3779,-6660,441,3778,-6705,549,0,0,0,-1,-45,108,117.0,769.8,0.872,0.156,-0.802,128.531,20.484,-88.672,135.6,1,-0.4957,-0.6660,0.4672,0.3039,292.3,-3.3,0.0
1264363,2026-08-30_09-30-08.365-240,v3.6.25,3.45,12.0,400,3661,-6689,55,3549,-6699,789,3656,-6743,138,3711,-6791,189,0,0,0,55,-48,51,89.1,585.9,0.755,0.034,-0.815,145.891,27.875,-90.734,112.2,1,-0.4847,-0.6733,0.4829,0.2803,292.2,-5.2,0.0
1264395,2026-08-30_09-30-08.397-240,v3.6.25,3.46,12.0,400,3661,-6689,55,3549,-6699,789,3656,-6743,138,3711,-6791,189,0,0,0,55,-48,51,89.1,585.9,0.638,0.009,-0.824,165.047,32.219,-100.109,112.2,1,-0.4720,-0.6805,0.4999,0.2533,292.0,-7.3,0.0
1264425,2026-08-30_09-30-08.427-240,v3.6.25,3.46,12.0,400,3476,-6828,-173,3325,-6830,524,3472,-6875,-86,3443,-6926,-30,0,0,0,-29,-51,56,81.1,533.6,0.574,0.199,-0.798,172.391,32.031,-105.844,105.5,1,-0.4579,-0.6873,0.5171,0.2249,291.7,-9.5,0.0
1264454,2026-08-30_09-30-08.455-240,v3.6.25,3.46,12.0,400,3087,-6991,-280,3325,-6830,524,3083,-7032,-191,3443,-6926,-30,0,0,0,360,106,161,408.4,2686.6,0.537,0.442,-0.821,156.766,27.031,-84.531,380.2,1,-0.4459,-0.6911,0.5327,0.1994,291.1,-11.5,0.0
1264502,2026-08-30_09-30-08.504-240,v3.6.25,3.46,12.0,400,3087,-6991,-280,2988,-7005,279,3083,-7032,-191,3068,-7105,-211,0,0,0,-15,-73,-20,77.2,507.6,0.594,0.493,-0.572,96.391,9.828,-4.031,102.2,1,-0.4437,-0.6872,0.5442,0.1862,290.3,-13.1,0.0
1264530,2026-08-30_09-30-08.531-240,v3.6.25,3.46,12.0,400,2714,-7152,-328,2597,-7168,202,2711,-7188,-237,2666,-7270,-219,0,0,0,-45,-82,18,95.3,626.7,0.592,0.221,-0.588,74.594,-2.641,26.234,117.4,1,-0.4445,-0.6803,0.5549,0.1782,289.3,-14.5,0.0
1264568,2026-08-30_09-30-08.569-240,v3.6.25,3.46,12.0,400,2287,-7290,-277,2597,-7168,202,2284,-7322,-185,2666,-7270,-219,0,0,0,382,52,-34,387.0,2546.2,0.729,-0.124,-0.594,62.406,-22.531,40.359,362.3,1,-0.4452,-0.6716,0.5660,0.1746,288.0,-15.6,0.0
1264606,2026-08-30_09-30-08.608-240,v3.6.25,3.46,12.0,400,2287,-7290,-277,2101,-7335,147,2284,-7322,-185,2164,-7439,-188,0,0,0,-120,-117,-3,167.6,1102.8,0.791,-0.144,-0.619,71.078,-37.891,21.953,178.1,1,-0.4419,-0.6640,0.5785,0.1709,286.5,-16.5,0.0
1264653,2026-08-30_09-30-08.655-240,v3.6.25,3.46,12.0,400,1824,-7437,-393,1613,-7446,-156,1822,-7461,-299,1626,-7556,-400,0,0,0,-196,-95,-101,240.1,1579.5,0.806,0.583,-0.646,18.562,-50.375,53.375,238.9,1,-0.4427,-0.6546,0.5868,0.1764,285.1,-16.8,0.0
1264687,2026-08-30_09-30-08.689-240,v3.6.25,3.46,12.0,400,1389,-7510,-664,1613,-7446,-156,1386,-7523,-567,1626,-7556,-400,0,0,0,240,-33,167,294.2,1935.8,0.701,0.361,-0.750,-59.188,-52.734,112.938,284.4,1,-0.4522,-0.6419,0.5881,0.1942,284.1,-16.4,0.0
1264716,2026-08-30_09-30-08.717-240,v3.6.25,3.46,12.0,400,1159,-7532,-888,1279,-7495,-515,1156,-7538,-790,1230,-7611,-693,0,0,0,74,-73,97,142.2,935.4,0.621,-0.081,-0.737,-99.891,-50.297,127.453,156.8,1,-0.4642,-0.6290,0.5845,0.2170,283.4,-15.6,0.0
1264816,2026-08-30_09-30-08.817-240,v3.6.25,3.46,12.0,400,1198,-7506,-1096,1507,-7431,-914,1195,-7508,-997,1388,-7552,-1121,0,0,0,193,-44,-124,233.6,1536.7,0.744,-0.192,-1.026,-113.609,-22.484,62.828,233.5,1,-0.4717,-0.6254,0.5754,0.2352,283.6,-14.4,0.0
1264861,2026-08-30_09-30-08.863-240,v3.6.25,3.46,12.0,400,1426,-7440,-1235,1507,-7431,-914,1422,-7441,-1136,1388,-7552,-1121,0,0,0,-34,-111,15,117.1,770.1,0.755,-0.188,-1.117,-139.641,-1.094,68.000,135.7,1,-0.4821,-0.6227,0.5613,0.2544,284.3,-13.0,0.0
1264891,2026-08-30_09-30-08.892-240,v3.6.25,3.46,12.0,400,1817,-7355,-1198,1874,-7340,-846,1813,-7362,-1100,1765,-7459,-1118,0,0,0,-48,-97,-18,109.7,721.8,0.661,-0.112,-1.159,-151.734,11.078,70.094,129.5,1,-0.4938,-0.6204,0.5445,0.2735,285.2,-11.4,0.0
1264921,2026-08-30_09-30-08.923-240,v3.6.25,3.46,12.0,400,1817,-7355,-1198,1874,-7340,-846,1813,-7362,-1100,1765,-7459,-1118,0,0,0,-48,-97,-18,109.7,721.8,0.461,0.306,-1.109,-171.312,16.938,86.953,129.5,1,-0.5078,-0.6165,0.5246,0.2948,286.2,-9.7,0.0
1264951,2026-08-30_09-30-08.952-240,v3.6.25,3.46,12.0,400,2333,-7225,-930,2387,-7206,-469,2330,-7243,-834,2341,-7318,-838,0,0,0,11,-75,-4,75.9,499.4,0.436,0.505,-1.197,-215.734,20.703,133.719,101.2,1,-0.5273,-0.6076,0.4989,0.3223,287.3,-7.7,0.0
1264981,2026-08-30_09-30-08.983-240,v3.6.25,3.46,12.0,400,2890,-7037,-426,2387,-7206,-469,2886,-7072,-335,2341,-7318,-838,0,0,0,-545,-246,-503,781.4,5140.6,0.239,0.048,-1.240,-233.453,20.797,155.750,693.2,1,-0.5482,-0.5954,0.4702,0.3520,288.1,-5.5,0.0
1265026,2026-08-30_09-30-08.028-240,v3.6.25,3.46,12.0,400,2890,-7037,-426,2912,-7020,220,2886,-7072,-335,2982,-7121,-256,0,0,0,96,-49,79,133.6,879.2,0.275,-0.173,-0.935,-212.656,18.391,141.422,149.6,1,-0.5661,-0.5830,0.4432,0.3783,288.8,-3.5,0.0
1265096,2026-08-30_09-30-08.098-240,v3.6.25,3.46,12.0,400,3654,-6612,793,3248,-6818,1080,3649,-6681,871,3462,-6906,524,0,0,0,-187,-225,-347,453.9,2986.0,0.553,0.098,-0.617,-109.516,10.578,35.672,418.4,1,-0.5708,-0.5807,0.4296,0.3905,289.0,-2.1,0.0
1265129,2026-08-30_09-30-08.131-240,v3.6.25,3.46,12.0,400,3654,-6612,793,3486,-6596,1598,3649,-6681,871,3785,-6677,989,0,0,0,136,4,118,180.1,1184.9,0.868,0.351,-0.535,-99.250,14.406,66.953,188.6,1,-0.5795,-0.5742,0.4162,0.4015,289.3,-1.2,0.0
1265157,2026-08-30_09-30-09.159-240,v3.6.25,3.46,12.0,400,3892,-6423,1114,3486,-6596,1598,3886,-6502,1188,3785,-6677,989,0,0,0,-101,-175,-199,283.6,1865.8,0.960,-0.350,-0.391,-74.500,22.812,83.125,275.5,1,-0.5907,-0.5659,0.4046,0.4088,289.8,-0.9,0.0
1265184,2026-08-30_09-30-09.186-240,v3.6.25,3.46,12.0,400,3892,-6423,1114,3579,-6445,2028,3886,-6502,1188,3950,-6520,1392,0,0,0,64,-18,204,214.6,1411.6,0.927,-1.010,-0.461,12.938,26.531,16.484,217.5,1,-0.5950,-0.5653,0.4039,0.4040,290.3,-1.4,0.0
1265212,2026-08-30_09-30-09.214-240,v3.6.25,3.46,12.0,400,3842,-6352,1535,3579,-6445,2028,3836,-6439,1606,3950,-6520,1392,0,0,0,114,-81,-214,255.6,1681.9,0.922,-0.542,-0.631,115.172,26.516,-73.656,252.0,1,-0.5895,-0.5748,0.4166,0.3855,290.9,-2.7,0.0
1265239,2026-08-30_09-30-09.240-240,v3.6.25,3.46,12.0,400,3803,-6391,1417,3458,-6432,2253,3797,-6475,1489,3867,-6505,1633,0,0,0,70,-30,144,162.9,1071.7,0.824,-0.131,-0.794,168.672,28.922,-118.766,174.2,1,-0.5786,-0.5889,0.4355,0.3590,291.4,-4.7,0.0
1265286,2026-08-30_09-30-09.288-240,v3.6.25,3.46,12.0,400,3803,-6391,1417,3466,-6535,1861,3797,-6475,1489,3809,-6613,1249,0,0,0,12,-138,-240,277.1,1823.1,0.686,-0.041,-0.987,226.188,36.734,-154.844,270.0,1,-0.5629,-0.6060,0.4599,0.3231,291.8,-7.2,0.0
1265331,2026-08-30_09-30-09.333-240,v3.6.25,3.46,12.0,400,3762,-6528,1007,3466,-6535,1861,3757,-6603,1083,3809,-6613,1249,0,0,0,52,-10,166,174.2,1146.3,0.797,0.209,-0.974,240.578,50.469,-153.766,183.7,1,-0.5472,-0.6219,0.4834,0.2831,292.2,-10.2,0.0
1265360,2026-08-30_09-30-09.361-240,v3.6.25,3.46,12.0,400,3575,-6694,641,3390,-6707,1393,3570,-6760,721,3656,-6791,805,0,0,0,86,-31,84,124.1,816.8,0.639,0.356,-0.879,228.219,55.312,-143.578,141.6,1,-0.5318,-0.6355,0.5039,0.2437,292.5,-13.1,0.0
1265395,2026-08-30_09-30-09.397-240,v3.6.25,3.46,12.0,400,3575,-6694,641,3160,-6862,1103,3570,-6760,721,3379,-6950,562,0,0,0,-191,-190,-159,312.8,2058.1,0.443,0.570,-0.884,193.766,50.828,-118.875,300.0,1,-0.5185,-0.6456,0.5202,0.2092,292.7,-15.6,0.0
1265443,2026-08-30_09-30-09.444-240,v3.6.25,3.46,12.0,400,3331,-6827,463,3160,-6862,1103,3327,-6886,545,3379,-6950,562,0,0,0,52,-64,17,84.2,553.9,0.553,0.696,-0.758,95.062,33.391,-13.594,108.1,1,-0.5179,-0.6445,0.5286,0.1922,292.6,-17.4,0.0
1265471,2026-08-30_09-30-09.473-240,v3.6.25,3.46,12.0,400,3078,-6965,526,2876,-6986,1030,3075,-7023,609,3085,-7075,540,0,0,0,10,-52,-69,87.0,572.2,0.604,0.358,-0.689,47.625,18.422,31.391,110.4,1,-0.5222,-0.6390,0.5339,0.1843,292.5,-18.8,0.0
1265506,2026-08-30_09-30-09.508-240,v3.6.25,3.46,12.0,400,2773,-7055,695,2876,-6986,1030,2770,-7113,778,3085,-7075,540,0,0,0,315,38,-238,396.6,2609.4,0.741,-0.066,-0.537,21.453,6.453,37.219,370.3,1,-0.5266,-0.6332,0.5374,0.1813,292.3,-19.7,0.0
1265550,2026-08-30_09-30-09.551-240,v3.6.25,3.46,12.0,400,2773,-7055,695,2520,-7103,1237,2770,-7113,778,2767,-7190,803,0,0,0,-3,-77,25,81.0,533.0,0.908,-0.122,-0.506,16.266,4.906,-0.828,105.4,1,-0.5268,-0.6324,0.5394,0.1778,292.2,-20.1,0.0
1265581,2026-08-30_09-30-09.583-240,v3.6.25,3.46,12.0,400,2571,-7115,791,2324,-7184,1292,2568,-7173,874,2582,-7271,890,0,0,0,14,-98,16,100.3,659.7,1.012,0.053,-0.566,3.922,9.359,-13.469,121.6,1,-0.5263,-0.6338,0.5392,0.1749,292.4,-20.2,0.0
1265621,2026-08-30_09-30-09.622-240,v3.6.25,3.46,12.0,400,2576,-7098,826,2324,-7184,1292,2573,-7157,908,2582,-7271,890,0,0,0,9,-114,-18,115.8,761.6,0.977,0.083,-0.745,-35.391,15.859,3.469,134.6,1,-0.5295,-0.6345,0.5345,0.1769,292.9,-20.0,0.0
1265656,2026-08-30_09-30-09.657-240,v3.6.25,3.46,12.0,400,2576,-7098,826,2354,-7117,1402,2573,-7157,908,2629,-7203,992,0,0,0,56,-46,84,110.9,729.9,0.856,0.073,-0.758,-60.844,16.922,11.031,130.6,1,-0.5343,-0.6352,0.5272,0.1822,293.6,-19.4,0.0
1265682,2026-08-30_09-30-09.684-240,v3.6.25,3.46,12.0,400,2708,-7027,984,2354,-7117,1402,2705,-7090,1065,2629,-7203,992,0,0,0,-76,-113,-73,154.5,1016.5,0.749,0.198,-0.838,-81.906,13.094,17.922,167.1,1,-0.5400,-0.6354,0.5180,0.1907,294.3,-18.5,0.0
1265711,2026-08-30_09-30-09.713-240,v3.6.25,3.46,12.0,400,2708,-7027,984,2521,-7019,1598,2705,-7090,1065,2828,-7102,1155,0,0,0,123,-12,90,152.9,1005.8,0.771,0.488,-0.818,-121.641,6.938,50.953,165.8,1,-0.5498,-0.6322,0.5056,0.2060,295.0,-17.2,0.0
1265739,2026-08-30_09-30-09.741-240,v3.6.25,3.46,12.0,400,2950,-6895,1144,2521,-7019,1598,2946,-6964,1222,2828,-7102,1155,0,0,0,-118,-138,-67,193.5,1273.3,0.767,0.362,-0.898,-165.234,3.047,87.031,199.9,1,-0.5639,-0.6250,0.4892,0.2280,295.7,-15.5,0.0
1265767,2026-08-30_09-30-09.769-240,v3.6.25,3.46,12.0,400,3140,-6739,1497,2737,-6876,1916,3136,-6818,1572,3096,-6954,1428,0,0,0,-40,-136,-144,202.1,1329.4,0.769,0.243,-0.938,-191.125,-0.719,109.531,207.0,1,-0.5801,-0.6148,0.4701,0.2541,296.2,-13.5,0.0
1265817,2026-08-30_09-30-09.819-240,v3.6.25,3.46,12.0,400,3140,-6739,1497,2831,-6700,2403,3136,-6818,1572,3271,-6772,1887,0,0,0,135,46,315,345.8,2274.9,0.602,0.268,-0.881,-227.016,-4.359,146.891,327.6,1,-0.5997,-0.5991,0.4471,0.2855,296.5,-11.2,0.0
1265856,2026-08-30_09-30-09.857-240,v3.6.25,3.46,12.0,400,3261,-6558,1951,2831,-6700,2403,3256,-6647,2021,3271,-6772,1887,0,0,0,15,-125,-134,183.9,1209.6,0.594,0.112,-0.905,-244.188,-5.344,178.609,191.8,1,-0.6215,-0.5782,0.4215,0.3190,296.5,-8.9,0.0
1265898,2026-08-30_09-30-09.900-240,v3.6.25,3.46,12.0,400,3166,-6406,2562,2711,-6523,3023,3160,-6506,2626,3254,-6587,2512,0,0,0,94,-81,-114,168.5,1108.6,0.702,-0.275,-0.825,-222.938,-2.375,168.297,178.9,1,-0.6407,-0.5571,0.3969,0.3487,296.4,-6.9,0.0
1265924,2026-08-30_09-30-09.926-240,v3.6.25,3.46,12.0,400,2863,-6313,3139,2294,-6408,3599,2856,-6421,3199,2934,-6467,3146,0,0,0,78,-46,-53,104.9,690.3,0.687,-0.433,-0.624,-185.984,-2.953,129.859,125.5,1,-0.6544,-0.5398,0.3759,0.3729,296.2,-5.1,0.0
1265972,2026-08-30_09-30-09.973-240,v3.6.25,3.46,12.0,400,2863,-6313,3139,2294,-6408,3599,2856,-6421,3199,2934,-6467,3146,0,0,0,78,-46,-53,104.9,690.3,0.836,-0.186,-0.552,-121.328,-4.625,75.062,125.5,1,-0.6617,-0.5289,0.3626,0.3884,295.9,-4.0,0.0
1266001,2026-08-30_09-30-09.003-240,v3.6.25,3.46,12.0,400,2622,-6210,3479,1971,-6339,3898,2614,-6322,3535,2661,-6396,3493,0,0,0,47,-74,-42,97.2,639.5,0.944,-0.057,-0.535,-99.531,-4.766,71.656,119.0,1,-0.6686,-0.5183,0.3516,0.4010,295.6,-3.1,0.0
1266030,2026-08-30_09-30-09.031-240,v3.6.25,3.46,12.0,400,2443,-6178,3598,1971,-6339,3898,2434,-6290,3653,2661,-6396,3493,0,0,0,227,-106,-160,297.3,1955.7,0.994,-0.324,-0.560,-72.078,-2.641,72.359,286.9,1,-0.6757,-0.5076,0.3434,0.4096,295.4,-2.8,0.0
1266078,2026-08-30_09-30-09.079-240,v3.6.25,3.46,12.0,400,2443,-6178,3598,1752,-6300,4068,2434,-6290,3653,2471,-6355,3696,0,0,0,37,-65,43,86.3,567.6,1.088,-0.606,-0.447,19.000,0.734,17.281,109.9,1,-0.6784,-0.5051,0.3458,0.4063,295.6,-3.4,0.0
1266107,2026-08-30_09-30-09.109-240,v3.6.25,3.46,12.0,400,2210,-6192,3721,1471,-6314,4125,2201,-6304,3775,2200,-6370,3800,0,0,0,-1,-66,25,70.6,464.4,1.052,-0.647,-0.483,83.828,5.547,-39.188,96.7,1,-0.6761,-0.5107,0.3558,0.3943,295.9,-4.5,0.0
1266146,2026-08-30_09-30-09.147-240,v3.6.25,3.46,12.0,400,2181,-6194,3667,1471,-6314,4125,2172,-6305,3722,2200,-6370,3800,0,0,0,28,-65,78,105.3,692.9,0.994,-0.447,-0.670,159.297,13.922,-108.594,125.8,1,-0.6671,-0.5262,0.3742,0.3715,296.5,-6.2,0.0
1266186,2026-08-30_09-30-10.188-240,v3.6.25,3.46,12.0,400,2181,-6194,3667,1551,-6338,4052,2172,-6305,3722,2268,-6394,3715,0,0,0,96,-89,-7,131.1,862.5,0.932,-0.458,-0.780,208.953,23.656,-152.281,147.5,1,-0.6534,-0.5474,0.3968,0.3405,297.3,-8.4,0.0
1266216,2026-08-30_09-30-10.217-240,v3.6.25,3.46,12.0,400,2464,-6218,3462,1988,-6324,3832,2456,-6328,3519,2667,-6381,3425,0,0,0,211,-53,-94,237.0,1559.2,0.736,-0.392,-0.912,254.000,28.375,-202.453,236.3,1,-0.6327,-0.5740,0.4231,0.3020,297.9,-10.9,0.0
1266263,2026-08-30_09-30-10.264-240,v3.6.25,3.46,12.0,400,2962,-6211,3045,1988,-6324,3832,2954,-6318,3104,2667,-6381,3425,0,0,0,-287,-63,321,435.2,2863.0,0.675,0.144,-0.977,264.328,32.984,-212.172,402.7,1,-0.6091,-0.6000,0.4486,0.2603,298.4,-13.5,0.0
1266291,2026-08-30_09-30-10.293-240,v3.6.25,3.46,12.0,400,2962,-6211,3045,2650,-6327,3356,2954,-6318,3104,3247,-6388,2847,0,0,0,293,-70,-257,396.0,2605.1,0.723,0.358,-0.882,238.312,30.500,-177.016,369.8,1,-0.5877,-0.6198,0.4704,0.2220,298.5,-16.1,0.0
1266340,2026-08-30_09-30-10.343-240,v3.6.25,3.46,12.0,400,3418,-6248,2470,3075,-6389,2822,3411,-6349,2533,3581,-6456,2254,0,0,0,170,-107,-279,343.8,2261.8,0.703,0.125,-0.796,200.141,20.719,-132.469,326.0,1,-0.5700,-0.6327,0.4885,0.1899,298.4,-18.5,0.0
1266379,2026-08-30_09-30-10.380-240,v3.6.25,3.46,12.0,400,3604,-6338,1996,3075,-6389,2822,3598,-6431,2063,3581,-6456,2254,0,0,0,-17,-25,191,193.4,1272.2,0.683,0.012,-0.682,184.797,12.109,-124.078,199.7,1,-0.5520,-0.6436,0.5051,0.1607,297.9,-20.5,0.0
1266407,2026-08-30_09-30-10.409-240,v3.6.25,3.46,12.0,400,3600,-6476,1561,3197,-6526,2339,3594,-6561,1633,3623,-6598,1761,0,0,0,29,-37,128,136.4,897.1,0.705,0.101,-0.581,177.203,7.469,-129.672,151.9,1,-0.5325,-0.6544,0.5203,0.1325,297.3,-22.4,0.0
1266444,2026-08-30_09-30-10.445-240,v3.6.25,3.46,12.0,400,3600,-6476,1561,3258,-6656,1777,3594,-6561,1633,3589,-6735,1203,0,0,0,-5,-174,-430,463.9,3052.0,0.663,0.314,-0.502,154.969,1.109,-132.594,426.8,1,-0.5122,-0.6651,0.5327,0.1077,296.6,-23.7,0.0
1266496,2026-08-30_09-30-10.497-240,v3.6.25,3.46,12.0,400,3575,-6608,1047,3258,-6656,1777,3570,-6682,1123,3589,-6735,1203,0,0,0,19,-53,80,97.8,643.6,0.869,0.963,-0.514,58.078,1.078,-60.641,119.5,1,-0.5035,-0.6699,0.5369,0.0974,296.3,-24.2,0.0
1266536,2026-08-30_09-30-10.538-240,v3.6.25,3.46,12.0,400,3574,-6671,661,3337,-6714,1283,3569,-6737,740,3584,-6799,707,0,0,0,15,-62,-33,71.8,472.5,0.948,0.885,-0.587,-53.812,1.422,25.500,97.7,1,-0.5092,-0.6682,0.5324,0.1041,296.7,-23.8,0.0
1266565,2026-08-30_09-30-10.567-240,v3.6.25,3.46,12.0,400,3637,-6638,663,3408,-6674,1373,3632,-6705,742,3670,-6758,783,0,0,0,38,-53,41,77.0,506.8,0.871,0.525,-0.677,-112.344,2.328,63.156,102.1,1,-0.5213,-0.6637,0.5230,0.1190,297.4,-22.8,0.0
1266615,2026-08-30_09-30-10.617-240,v3.6.25,3.46,12.0,400,3792,-6505,1046,3408,-6674,1373,3787,-6581,1121,3670,-6758,783,0,0,0,-117,-177,-338,399.1,2625.5,0.810,0.519,-0.925,-194.719,2.250,123.688,372.4,1,-0.5429,-0.6538,0.5064,0.1461,298.4,-21.0,0.0
1266658,2026-08-30_09-30-10.660-240,v3.6.25,3.46,12.0,400,3792,-6505,1046,3509,-6520,1886,3787,-6581,1121,3856,-6597,1266,0,0,0,69,-16,145,161.4,1061.7,0.842,-0.150,-0.928,-221.547,1.750,141.500,172.9,1,-0.5662,-0.6413,0.4867,0.1768,299.4,-18.9,0.0
1266685,2026-08-30_09-30-10.686-240,v3.6.25,3.46,12.0,400,3902,-6285,1683,3481,-6293,2631,3896,-6375,1752,3953,-6361,1997,0,0,0,57,14,245,251.9,1657.5,0.869,-0.306,-0.802,-205.922,2.000,115.797,248.9,1,-0.5851,-0.6306,0.4671,0.2046,300.1,-16.8,0.0
1266733,2026-08-30_09-30-10.734-240,v3.6.25,3.46,12.0,400,3945,-6055,2287,3481,-6293,2631,3937,-6158,2350,3953,-6361,1997,0,0,0,16,-203,-353,407.5,2681.1,0.811,0.435,-0.732,-207.750,-2.172,112.422,379.5,1,-0.6025,-0.6189,0.4469,0.2328,300.6,-14.5,0.0
1266761,2026-08-30_09-30-10.763-240,v3.6.25,3.46,12.0,400,3945,-6055,2287,3438,-6041,3259,3937,-6158,2350,4013,-6102,2617,0,0,0,76,56,267,283.2,1863.1,0.687,0.510,-0.834,-243.547,-3.797,171.828,275.1,1,-0.6258,-0.5987,0.4232,0.2661,300.8,-12.2,0.0
1266791,2026-08-30_09-30-10.793-240,v3.6.25,3.46,12.0,400,3933,-5822,2910,3438,-6041,3259,3924,-5937,2966,4013,-6102,2617,0,0,0,89,-165,-349,396.2,2606.4,0.559,-0.007,-0.813,-270.062,-3.625,225.125,369.9,1,-0.6534,-0.5700,0.3957,0.3025,300.8,-9.9,0.0
1266906,2026-08-30_09-30-10.908-240,v3.6.25,3.46,12.0,400,2705,-5631,4304,2134,-5774,4678,2693,-5759,4349,2948,-5822,4225,0,0,0,255,-63,-124,290.5,1911.0,1.139,-0.389,-0.233,-155.250,8.328,146.734,281.2,1,-0.6710,-0.5505,0.3782,0.3220,300.8,-8.8,0.0
1266934,2026-08-30_09-30-10.936-240,v3.6.25,3.46,12.0,400,2083,-5586,4697,1370,-5740,5008,2070,-5715,4739,2240,-5787,4678,0,0,0,170,-72,-61,194.4,1279.2,1.018,-1.175,-0.224,-82.188,15.484,79.203,200.6,1,-0.6809,-0.5401,0.3677,0.3307,301.1,-8.2,0.0
1266969,2026-08-30_09-30-10.971-240,v3.6.25,3.46,12.0,400,2083,-5586,4697,1370,-5740,5008,2070,-5715,4739,2240,-5787,4678,0,0,0,170,-72,-61,194.4,1279.2,1.075,-0.982,-0.262,28.844,17.500,-27.609,200.6,1,-0.6793,-0.5446,0.3695,0.3247,301.5,-8.5,0.0
1266995,2026-08-30_09-30-10.998-240,v3.6.25,3.46,12.0,400,1744,-5501,4874,844,-5654,5190,1730,-5629,4914,1743,-5702,4946,0,0,0,13,-73,32,80.8,531.3,1.086,-0.699,-0.323,88.688,20.312,-77.672,105.2,1,-0.6723,-0.5560,0.3775,0.3104,302.0,-9.4,0.0
1267026,2026-08-30_09-30-10.028-240,v3.6.25,3.46,12.0,400,1744,-5501,4874,844,-5654,5190,1730,-5629,4914,1743,-5702,4946,0,0,0,13,-73,32,80.8,531.3,1.098,-0.513,-0.447,145.109,23.828,-119.922,105.2,1,-0.6603,-0.5729,0.3911,0.2879,302.5,-10.8,0.0
1267054,2026-08-30_09-30-10.055-240,v3.6.25,3.46,12.0,400,2050,-5397,4822,1169,-5564,5229,2036,-5527,4861,2073,-5610,4928,0,0,0,37,-83,67,112.9,742.8,0.985,-0.683,-0.500,190.312,28.734,-162.250,132.2,1,-0.6425,-0.5948,0.4083,0.2583,303.1,-12.6,0.0
1267081,2026-08-30_09-30-10.083-240,v3.6.25,3.46,12.0,400,2786,-5291,4534,1169,-5564,5229,2772,-5424,4574,2073,-5610,4928,0,0,0,-699,-186,354,805.3,5298.0,0.817,-0.592,-0.585,244.422,31.359,-220.125,713.3,1,-0.6160,-0.6227,0.4294,0.2201,303.5,-14.8,0.0
1267196,2026-08-30_09-30-11.197-240,v3.6.25,3.46,12.0,400,4357,-5306,3110,3231,-5362,4355,4345,-5428,3160,3981,-5412,3721,0,0,0,-364,16,561,668.9,4400.9,0.906,0.558,-0.623,157.781,6.141,-83.484,598.8,1,-0.6037,-0.6312,0.4454,0.1970,303.3,-16.8,0.0
1267232,2026-08-30_09-30-11.233-240,v3.6.25,3.46,12.0,400,4357,-5306,3110,3782,-5480,3756,4345,-5428,3160,4431,-5536,3043,0,0,0,86,-108,-117,181.0,1190.6,1.047,-0.010,-0.492,143.094,-4.156,-69.672,189.3,1,-0.5919,-0.6373,0.4607,0.1769,302.8,-18.7,0.0
1267262,2026-08-30_09-30-11.264-240,v3.6.25,3.46,12.0,400,4440,-5513,2650,3782,-5480,3756,4429,-5627,2705,4431,-5536,3043,0,0,0,2,91,338,350.0,2302.9,0.947,-0.339,-0.546,164.766,-6.094,-108.406,331.2,1,-0.5744,-0.6474,0.4769,0.1532,302.1,-20.5,0.0
1267289,2026-08-30_09-30-11.291-240,v3.6.25,3.46,12.0,400,4440,-5513,2650,3888,-5715,3241,4429,-5627,2705,4453,-5776,2522,0,0,0,24,-149,-183,237.2,1560.6,0.856,-0.088,-0.562,188.922,-3.781,-149.859,236.5,1,-0.5509,-0.6613,0.4935,0.1251,301.3,-22.2,0.0
1267317,2026-08-30_09-30-11.319-240,v3.6.25,3.46,12.0,400,4488,-5733,1989,3888,-5715,3241,4479,-5835,2050,4453,-5776,2522,0,0,0,-26,59,472,476.4,3134.1,0.826,0.339,-0.532,181.219,2.766,-157.719,437.2,1,-0.5264,-0.6754,0.5074,0.0967,300.7,-23.8,0.0
1267393,2026-08-30_09-30-11.394-240,v3.6.25,3.46,12.0,400,4616,-5884,1176,4401,-5998,1606,4607,-5971,1244,4690,-6078,839,0,0,0,83,-107,-405,427.0,2809.5,0.854,0.746,-0.432,100.625,19.109,-111.203,395.8,1,-0.5115,-0.6856,0.5121,0.0778,300.7,-24.7,0.0
1267431,2026-08-30_09-30-11.433-240,v3.6.25,3.46,12.0,400,4691,-5939,564,4401,-5998,1606,4683,-6014,636,4690,-6078,839,0,0,0,7,-64,203,213.0,1401.1,0.914,1.020,-0.400,18.062,25.406,-41.891,216.2,1,-0.5087,-0.6899,0.5102,0.0705,301.2,-25.0,0.0
1267461,2026-08-30_09-30-11.463-240,v3.6.25,3.46,12.0,400,4778,-5910,384,4550,-5966,1254,4770,-5982,457,4778,-6051,470,0,0,0,8,-69,13,70.7,464.9,0.716,1.210,-0.567,-52.734,22.266,21.547,96.8,1,-0.5161,-0.6887,0.5039,0.0742,302.0,-24.7,0.0
1267501,2026-08-30_09-30-11.503-240,v3.6.25,3.46,12.0,400,4778,-5910,384,4635,-5841,1631,4770,-5982,457,4925,-5921,823,0,0,0,155,61,366,402.1,2645.5,0.703,0.935,-0.727,-158.688,7.062,120.734,374.9,1,-0.5379,-0.6780,0.4918,0.0955,302.9,-23.6,0.0
1267552,2026-08-30_09-30-11.554-240,v3.6.25,3.46,12.0,400,4904,-5746,818,4635,-5841,1631,4895,-5828,887,4925,-5921,823,0,0,0,30,-93,-64,116.8,768.5,0.795,0.203,-0.769,-213.547,-2.391,161.078,135.5,1,-0.5648,-0.6625,0.4757,0.1256,303.7,-21.8,0.0
1267780,2026-08-30_09-30-11.781-240,v3.6.25,3.46,12.0,400,2881,-5081,4861,2520,-5211,5137,2866,-5221,4897,3402,-5254,4606,0,0,0,536,-33,-291,610.8,4018.4,1.253,-0.781,-0.089,-94.500,-1.375,73.391,550.1,1,-0.5765,-0.6548,0.4686,0.1387,304.0,-21.0,0.0
1267811,2026-08-30_09-30-11.812-240,v3.6.25,3.46,12.0,400,2881,-5081,4861,1768,-5210,5438,2866,-5221,4897,2701,-5253,5029,0,0,0,-165,-32,132,213.7,1406.0,1.412,-0.752,-0.187,-24.656,7.500,23.375,216.8,1,-0.5808,-0.6521,0.4665,0.1408,304.2,-21.0,0.0
1267841,2026-08-30_09-30-11.843-240,v3.6.25,3.46,12.0,400,2501,-5046,5055,1768,-5210,5438,2485,-5185,5089,2701,-5253,5029,0,0,0,216,-68,-60,234.3,1541.2,1.215,-0.916,-0.267,43.266,14.266,-35.969,234.1,1,-0.5765,-0.6559,0.4691,0.1322,304.4,-21.6,0.0
1267871,2026-08-30_09-30-11.872-240,v3.6.25,3.46,12.0,400,2623,-4983,5050,1549,-5164,5527,2607,-5123,5083,2497,-5207,5153,0,0,0,-110,-84,70,155.1,1020.4,1.130,-0.680,-0.414,120.688,19.469,-106.672,167.6,1,-0.5617,-0.6668,0.4769,0.1115,304.4,-22.8,0.0
1267917,2026-08-30_09-30-11.919-240,v3.6.25,3.46,12.0,400,2623,-4983,5050,2085,-5073,5380,2607,-5123,5083,3006,-5116,4918,0,0,0,399,7,-165,431.8,2841.0,1.097,-0.218,-0.448,184.188,31.203,-148.891,399.9,1,-0.5399,-0.6810,0.4882,0.0802,304.2,-24.7,0.0
1267961,2026-08-30_09-30-11.964-240,v3.6.25,3.46,12.0,400,3244,-4891,4693,2085,-5073,5380,3228,-5031,4728,3006,-5116,4918,0,0,0,-222,-85,190,304.3,2002.1,0.922,-0.147,-0.533,211.125,40.391,-164.375,292.8,1,-0.5148,-0.6951,0.4999,0.0439,303.8,-27.0,0.0
1268073,2026-08-30_09-30-11.075-240,v3.6.25,3.46,12.0,400,4608,-4785,3529,3795,-4927,4437,4593,-4917,3570,4551,-4976,3704,0,0,0,-42,-59,134,152.3,1002.1,0.937,0.328,-0.458,171.703,26.281,-114.188,165.3,1,-0.4953,-0.7029,0.5102,0.0156,303.2,-28.9,0.0
1268101,2026-08-30_09-30-11.102-240,v3.6.25,3.46,12.0,400,4987,-4861,2924,4307,-4966,3815,4972,-4985,2970,4956,-5021,3009,0,0,0,-16,-36,39,55.4,364.7,1.014,0.189,-0.472,164.234,20.719,-125.750,84.0,1,-0.4739,-0.7115,0.5188,-0.0116,302.4,-30.5,0.0
1268145,2026-08-30_09-30-11.146-240,v3.6.25,3.46,12.0,400,5213,-4986,2205,4721,-5083,3079,5199,-5098,2257,5246,-5146,2220,0,0,0,47,-48,-37,76.7,504.6,0.786,0.410,-0.357,163.609,16.750,-161.781,101.8,1,-0.4476,-0.7232,0.5245,-0.0395,301.7,-31.8,0.0
1268251,2026-08-30_09-30-12.253-240,v3.6.25,3.46,12.0,400,5611,-5022,1003,5160,-5121,2236,5598,-5114,1063,5540,-5194,1322,0,0,0,-58,-80,259,277.2,1823.7,0.928,0.967,-0.236,-36.875,6.016,4.906,270.1,1,-0.4515,-0.7236,0.5207,-0.0365,302.3,-31.5,0.0
1268285,2026-08-30_09-30-12.286-240,v3.6.25,3.46,12.0,400,5611,-5022,1003,5327,-5081,2047,5598,-5114,1063,5674,-5156,1109,0,0,0,76,-42,46,98.3,646.5,0.921,1.166,-0.362,-105.750,3.219,54.141,119.9,1,-0.4651,-0.7210,0.5131,-0.0233,303.3,-30.7,0.0
1268312,2026-08-30_09-30-12.314-240,v3.6.25,3.46,12.0,400,5698,-4902,1222,5327,-5081,2047,5684,-4999,1280,5674,-5156,1109,0,0,0,-10,-157,-171,232.4,1528.7,0.822,1.178,-0.565,-169.750,-0.594,110.438,232.5,1,-0.4882,-0.7136,0.5024,-0.0002,304.6,-29.4,0.0
1268339,2026-08-30_09-30-12.341-240,v3.6.25,3.46,12.0,400,5698,-4902,1222,5337,-4880,2532,5684,-4999,1280,5764,-4950,1581,0,0,0,80,49,301,315.3,2074.2,0.754,0.841,-0.679,-226.875,-4.062,167.828,302.0,1,-0.5199,-0.7000,0.4885,0.0318,306.0,-27.6,0.0
1268606,2026-08-30_09-30-12.607-240,v3.6.25,3.46,12.0,400,2084,-3721,6312,971,-3890,6688,2058,-3876,6323,2093,-3927,6384,0,0,0,35,-51,61,86.9,571.5,1.228,-0.776,0.005,-67.344,22.188,63.297,110.4,1,-0.5324,-0.6940,0.4832,0.0384,306.7,-27.5,0.0
1268660,2026-08-30_09-30-12.661-240,v3.6.25,3.46,12.0,400,1850,-3538,6465,971,-3890,6688,1822,-3692,6473,2093,-3927,6384,0,0,0,271,-235,-89,369.6,2431.4,1.309,-0.630,0.003,39.250,32.016,-18.312,347.6,1,-0.5310,-0.6950,0.4839,0.0286,307.0,-28.3,0.0
1268707,2026-08-30_09-30-12.709-240,v3.6.25,3.46,12.0,400,1850,-3538,6465,719,-3683,6801,1822,-3692,6473,1856,-3721,6537,0,0,0,34,-29,64,78.1,513.5,1.234,-0.542,-0.073,110.688,37.094,-67.297,103.0,1,-0.5206,-0.6999,0.4889,0.0081,307.0,-29.9,0.0
1268734,2026-08-30_09-30-12.735-240,v3.6.25,3.46,12.0,400,2132,-3325,6465,1074,-3424,6878,2103,-3482,6471,2219,-3461,6551,0,0,0,116,21,80,142.5,937.3,1.168,-0.385,-0.086,147.969,39.547,-95.500,157.0,1,-0.5048,-0.7066,0.4956,-0.0181,306.7,-31.7,0.0
1268776,2026-08-30_09-30-12.778-240,v3.6.25,3.46,12.0,400,2801,-3076,6317,1074,-3424,6878,2771,-3237,6322,2219,-3461,6551,0,0,0,-552,-224,229,638.2,4198.8,1.151,-0.264,-0.126,183.406,44.250,-122.094,573.1,1,-0.4836,-0.7144,0.5032,-0.0499,306.1,-33.9,0.0
1269133,2026-08-30_09-30-12.134-240,v3.6.25,3.46,12.0,400,6918,-3257,-84,6795,-3301,1108,6893,-3334,-35,6945,-3395,-60,0,0,0,52,-61,-25,84.0,552.4,0.758,1.863,-0.015,-95.906,12.406,43.812,107.9,1,-0.4962,-0.7120,0.4953,-0.0391,307.2,-33.2,0.0
1269536,2026-08-30_09-30-13.537-240,v3.6.25,3.46,12.0,400,2116,-1635,7162,1049,-1813,7479,2075,-1799,7145,2265,-1851,7140,0,0,0,190,-52,-5,197.1,1296.4,1.323,-0.620,0.361,34.828,20.234,-12.031,202.8,1,-0.4943,-0.7119,0.4967,-0.0467,307.2,-33.9,0.0
1269565,2026-08-30_09-30-13.567-240,v3.6.25,3.46,12.0,400,2095,-1495,7205,823,-1693,7556,2053,-1659,7187,2050,-1732,7253,0,0,0,-3,-73,66,98.5,647.8,1.312,-0.515,0.290,85.656,25.484,-33.703,120.1,1,-0.4870,-0.7125,0.5014,-0.0616,306.8,-35.2,0.0
1269603,2026-08-30_09-30-13.604-240,v3.6.25,3.46,12.0,400,2095,-1495,7205,1198,-1494,7552,2053,-1659,7187,2421,-1533,7185,0,0,0,368,126,-2,389.0,2559.1,1.238,-0.374,0.238,143.750,32.969,-59.203,363.9,1,-0.4734,-0.7136,0.5093,-0.0851,305.8,-37.1,0.0
1269652,2026-08-30_09-30-13.653-240,v3.6.25,3.46,12.0,400,2524,-1311,7066,1198,-1494,7552,2481,-1477,7047,2421,-1533,7185,0,0,0,-60,-56,138,160.6,1056.3,1.102,-0.415,0.189,199.938,38.062,-85.391,172.2,1,-0.4528,-0.7150,0.5198,-0.1167,304.1,-39.6,0.0
1269971,2026-08-30_09-30-13.972-240,v3.6.25,3.46,12.0,400,7509,-1405,96,7398,-1430,1532,7471,-1485,123,7583,-1527,247,0,0,0,112,-42,124,172.3,1133.5,0.480,1.591,0.099,-184.547,-30.562,162.594,182.0,1,-0.4805,-0.7034,0.5167,-0.0856,305.0,-38.1,0.0
1270006,2026-08-30_09-30-13.008-240,v3.6.25,3.46,12.0,400,7529,-1336,736,7398,-1430,1532,7491,-1430,759,7583,-1527,247,0,0,0,92,-97,-512,529.2,3481.4,0.672,0.822,-0.059,-248.344,-37.344,197.422,481.5,1,-0.5146,-0.6883,0.5093,-0.0450,306.1,-35.9,0.0
1270355,2026-08-30_09-30-14.356-240,v3.6.25,3.46,12.0,400,272,-451,7665,-1074,-694,7675,219,-597,7632,152,-747,7694,0,0,0,-67,-150,62,175.6,1155.2,1.262,-0.569,0.416,113.062,31.156,-72.766,184.8,1,-0.5024,-0.6928,0.5132,-0.0654,305.8,-37.3,0.0
1270393,2026-08-30_09-30-14.395-240,v3.6.25,3.46,12.0,400,272,-451,7665,-812,-480,7751,219,-597,7632,423,-532,7723,0,0,0,204,65,91,232.6,1530.5,1.129,-0.383,0.371,148.531,46.734,-79.750,232.7,1,-0.4880,-0.6962,0.5183,-0.0922,305.2,-39.4,0.0
1270707,2026-08-30_09-30-14.709-240,v3.6.25,3.46,12.0,400,7292,465,2104,6588,420,3668,7241,352,2098,7104,337,2468,0,0,0,-137,-15,370,394.8,2597.6,-0.104,1.386,0.097,234.406,23.000,-236.297,368.8,1,-0.4490,-0.7143,0.5205,-0.1311,304.1,-40.9,0.0
1270763,2026-08-30_09-30-14.764-240,v3.6.25,3.46,12.0,400,7692,167,-252,7599,187,1105,7643,98,-239,7678,74,-206,0,0,0,35,-24,33,53.8,353.7,0.014,2.576,0.385,36.375,-0.797,-88.078,82.6,1,-0.4375,-0.7227,0.5168,-0.1387,304.3,-40.7,0.0
1270825,2026-08-30_09-30-14.826-240,v3.6.25,3.46,12.0,400,7573,350,-1263,7712,188,-477,7522,305,-1245,7517,52,-1769,0,0,0,-5,-253,-524,581.9,3828.3,0.308,2.271,-0.003,-261.938,-20.203,201.453,525.8,1,-0.4767,-0.7099,0.5089,-0.0988,306.4,-38.7,0.0
1271022,2026-08-30_09-30-14.023-240,v3.6.25,3.46,12.0,400,6517,1872,3876,5449,1986,5391,6455,1737,3844,6230,1913,4342,0,0,0,-225,176,498,574.1,3777.1,0.352,1.170,0.063,-259.484,-47.531,202.812,519.3,1,-0.5118,-0.6949,0.5021,-0.0556,307.4,-36.2,0.0
1271239,2026-08-30_09-30-15.240-240,v3.6.25,3.46,12.0,400,1176,2107,7422,38,2030,7544,1106,1965,7363,1187,1962,7371,0,0,0,81,-3,8,81.4,535.9,1.002,-0.408,0.692,167.328,35.828,-104.125,105.8,1,-0.4926,-0.7013,0.5084,-0.0840,306.6,-38.2,0.0
1271580,2026-08-30_09-30-15.581-240,v3.6.25,3.46,12.0,400,7533,1549,755,7307,1665,1949,7474,1467,746,7501,1553,665,0,0,0,27,86,-81,121.2,797.3,0.293,1.894,0.527,-185.188,-14.031,185.781,139.2,1,-0.5230,-0.6848,0.5046,-0.0540,307.4,-37.0,0.0
1271704,2026-08-30_09-30-15.705-240,v3.6.25,3.46,12.0,400,6451,1967,4135,6051,1826,4843,6389,1828,4100,6741,1749,3705,0,0,0,352,-79,-395,534.9,3519.4,0.629,-0.279,0.209,-272.281,21.609,147.484,486.4,1,-0.5572,-0.6735,0.4853,-0.0192,309.9,-34.5,0.0
1271993,2026-08-30_09-30-15.994-240,v3.6.25,3.46,12.0,400,-473,3281,7011,-1931,3224,6847,-554,3174,6941,-927,3129,7027,0,0,0,-373,-45,86,385.4,2535.7,0.865,-0.798,0.894,195.891,16.391,-127.422,360.9,1,-0.5332,-0.6840,0.4953,-0.0496,308.9,-36.6,0.0
1272344,2026-08-30_09-30-16.345-240,v3.6.25,3.46,12.0,400,7036,2891,1736,6827,3057,2206,6967,2800,1706,7037,2938,997,0,0,0,70,138,-709,725.7,4774.3,0.380,1.605,0.651,-190.938,-38.641,178.312,646.5,1,-0.5599,-0.6669,0.4914,-0.0164,309.0,-34.9,0.0
1272634,2026-08-30_09-30-16.635-240,v3.6.25,3.46,12.0,400,2305,4346,6079,1534,4234,6486,2219,4229,6004,2456,4144,6079,0,0,0,237,-85,75,262.7,1728.4,0.651,-0.441,1.026,-75.250,35.453,59.516,257.9,1,-0.5734,-0.6608,0.4842,-0.0099,310.2,-34.6,0.0
1272662,2026-08-30_09-30-16.664-240,v3.6.25,3.46,12.0,400,1779,4557,6081,985,4471,6397,1691,4447,6004,1887,4375,6086,0,0,0,196,-72,82,224.3,1475.9,0.669,-0.913,1.085,-26.406,41.047,45.344,225.7,1,-0.5828,-0.6553,0.4804,-0.0108,311.1,-35.0,0.0
1272704,2026-08-30_09-30-16.706-240,v3.6.25,3.46,12.0,400,1779,4557,6081,734,4783,6179,1691,4447,6004,1592,4681,5916,0,0,0,-99,234,-88,268.9,1769.0,0.735,-0.915,1.074,100.547,51.172,-47.016,263.1,1,-0.5764,-0.6588,0.4824,-0.0313,311.6,-36.7,0.0
1272751,2026-08-30_09-30-16.753-240,v3.6.25,3.46,12.0,400,1734,4821,5847,734,4783,6179,1643,4718,5768,1592,4681,5916,0,0,0,-51,-37,148,160.9,1058.2,0.594,-0.088,0.913,178.641,61.516,-92.609,172.4,1,-0.5611,-0.6658,0.4876,-0.0640,311.8,-39.2,0.0
1272813,2026-08-30_09-30-16.814-240,v3.6.25,3.46,12.0,400,2579,5124,5225,1590,5122,5714,2487,5025,5147,2361,5015,5315,0,0,0,-126,-10,168,210.2,1383.1,0.330,0.376,0.843,190.344,62.297,-72.500,213.9,1,-0.5463,-0.6690,0.4944,-0.0975,311.6,-42.1,0.0
1273104,2026-08-30_09-30-16.105-240,v3.6.25,3.46,12.0,400,6340,4446,-85,6236,4645,1206,6257,4410,-120,6241,4498,120,0,0,0,-16,88,240,256.1,1685.0,-0.045,1.727,1.017,-83.969,-2.062,65.172,252.4,1,-0.5582,-0.6631,0.4914,-0.0851,312.1,-41.4,0.0
1273132,2026-08-30_09-30-16.134-240,v3.6.25,3.46,12.0,400,6340,4446,-85,6346,4589,1155,6257,4410,-120,6343,4442,51,0,0,0,86,32,171,194.1,1276.7,0.290,1.228,1.097,-163.922,6.484,128.562,200.3,1,-0.5819,-0.6504,0.4843,-0.0620,313.2,-40.1,0.0
1273232,2026-08-30_09-30-17.233-240,v3.6.25,3.46,12.0,400,5985,4865,1382,5364,5276,2512,5899,4804,1332,5581,5140,1543,0,0,0,-318,336,211,508.5,3345.2,0.131,-0.448,0.957,-70.328,45.797,-60.234,464.2,1,-0.5847,-0.6591,0.4692,-0.0599,315.2,-38.9,0.0
1273280,2026-08-30_09-30-17.281-240,v3.6.25,3.46,12.0,400,5539,5269,1529,5364,5276,2512,5449,5212,1474,5581,5140,1543,0,0,0,132,-72,69,165.4,1088.4,0.106,0.892,0.831,-91.031,23.469,-50.250,176.3,1,-0.5878,-0.6671,0.4547,-0.0521,316.8,-37.2,0.0
1273306,2026-08-30_09-30-17.308-240,v3.6.25,3.46,12.0,400,5142,5746,1274,4998,5808,2179,5048,5702,1215,5146,5662,1280,0,0,0,98,-40,65,124.2,817.2,0.019,0.795,0.782,-130.703,7.734,-4.094,141.7,1,-0.5965,-0.6697,0.4408,-0.0365,318.1,-35.1,0.0
1273340,2026-08-30_09-30-17.341-240,v3.6.25,3.46,12.0,400,5142,5746,1274,4998,5808,2179,5048,5702,1215,5146,5662,1280,0,0,0,98,-40,65,124.2,817.2,0.001,0.414,0.716,-161.422,-12.719,32.859,141.7,1,-0.6089,-0.6676,0.4282,-0.0140,318.8,-32.7,0.0
1273368,2026-08-30_09-30-17.370-240,v3.6.25,3.46,12.0,400,4645,6072,1636,4433,6215,2342,4548,6028,1571,4601,6066,1536,0,0,0,53,38,-35,74.0,486.9,-0.003,0.185,0.711,-163.234,-27.578,38.391,99.6,1,-0.6202,-0.6644,0.4170,0.0105,319.0,-30.2,0.0
1273396,2026-08-30_09-30-17.398-240,v3.6.25,3.46,12.0,400,4061,6291,2243,4433,6215,2342,3961,6243,2172,4601,6066,1536,0,0,0,640,-177,-636,919.5,6049.1,-0.035,0.284,0.824,-161.375,-37.188,41.062,809.1,1,-0.6304,-0.6602,0.4067,0.0359,318.9,-27.7,0.0
1273446,2026-08-30_09-30-17.448-240,v3.6.25,3.46,12.0,400,4061,6291,2243,3672,6417,2967,3961,6243,2172,3943,6272,2276,0,0,0,-18,29,104,109.5,720.1,0.023,0.174,1.085,-172.688,-39.984,76.484,129.3,1,-0.6441,-0.6507,0.3971,0.0633,318.5,-25.4,0.0
1273513,2026-08-30_09-30-17.515-240,v3.6.25,3.46,12.0,400,2736,6357,3608,2844,6525,3635,2635,6297,3527,3228,6385,3070,0,0,0,593,88,-457,753.8,4959.3,0.267,-0.796,1.384,-91.766,-16.156,67.969,670.1,1,-0.6543,-0.6417,0.3927,0.0770,318.3,-24.5,0.0
1273571,2026-08-30_09-30-17.573-240,v3.6.25,3.46,12.0,400,2373,6341,3829,2037,6485,4120,2271,6280,3746,2505,6348,3681,0,0,0,234,68,-65,252.2,1659.2,0.415,-0.557,1.222,42.062,9.750,7.844,249.1,1,-0.6539,-0.6406,0.3964,0.0699,318.4,-25.4,0.0
1273599,2026-08-30_09-30-17.602-240,v3.6.25,3.46,12.0,400,2373,6341,3829,1835,6462,4186,2271,6280,3746,2315,6325,3780,0,0,0,44,45,34,71.5,470.6,0.365,-0.363,1.071,85.000,24.031,-2.062,97.5,1,-0.6515,-0.6408,0.4023,0.0553,318.7,-27.0,0.0
1273631,2026-08-30_09-30-17.633-240,v3.6.25,3.46,12.0,400,2551,6347,3669,1835,6462,4186,2449,6288,3587,2315,6325,3780,0,0,0,-134,37,193,237.9,1564.8,0.293,-0.182,1.037,122.125,37.922,-13.688,237.1,1,-0.6468,-0.6423,0.4098,0.0343,319.2,-29.1,0.0
1273659,2026-08-30_09-30-17.662-240,v3.6.25,3.46,12.0,400,3087,6358,3174,2287,6473,3904,2986,6302,3096,2718,6334,3428,0,0,0,-268,32,332,427.9,2814.9,0.165,-0.047,0.919,153.656,50.844,-39.172,396.5,1,-0.6385,-0.6467,0.4173,0.0074,319.9,-31.5,0.0
1273814,2026-08-30_09-30-17.816-240,v3.6.25,3.46,12.0,400,4352,6225,1476,4602,6236,1622,4253,6189,1410,4645,6077,804,0,0,0,392,-112,-606,730.4,4805.1,-0.261,0.704,0.678,106.141,42.422,-19.188,650.4,1,-0.6336,-0.6486,0.4217,-0.0118,320.4,-33.3,0.0
1273862,2026-08-30_09-30-17.864-240,v3.6.25,3.46,12.0,400,4757,6066,734,4602,6236,1622,4660,6040,675,4645,6077,804,0,0,0,-15,37,129,135.0,888.4,-0.401,0.676,0.929,44.188,16.219,34.906,150.8,1,-0.6354,-0.6437,0.4260,-0.0194,320.5,-34.5,0.0
1273891,2026-08-30_09-30-17.893-240,v3.6.25,3.46,12.0,400,5054,5867,406,5003,6041,1219,4958,5843,351,4981,5879,342,0,0,0,23,36,-9,43.7,287.2,-0.358,0.512,1.086,12.672,4.297,56.891,74.1,1,-0.6403,-0.6361,0.4300,-0.0213,320.4,-35.3,0.0
1273931,2026-08-30_09-30-17.933-240,v3.6.25,3.46,12.0,400,5240,5685,527,5199,5826,1437,5146,5656,473,5219,5670,522,0,0,0,73,14,49,89.0,585.7,-0.222,0.266,1.286,-17.391,-4.172,61.828,112.2,1,-0.6467,-0.6281,0.4324,-0.0183,320.3,-35.6,0.0
1273981,2026-08-30_09-30-17.983-240,v3.6.25,3.46,12.0,400,5320,5585,800,5199,5826,1437,5227,5548,746,5219,5670,522,0,0,0,-8,122,-224,255.2,1678.9,-0.008,-0.061,1.339,-34.422,-0.578,34.469,251.6,1,-0.6518,-0.6237,0.4312,-0.0137,320.4,-35.4,0.0
1274020,2026-08-30_09-30-17.021-240,v3.6.25,3.46,12.0,400,5320,5585,800,5225,5733,1739,5227,5548,746,5299,5582,812,0,0,0,72,34,66,103.4,680.4,0.227,-0.107,1.397,-24.781,6.625,-22.953,124.2,1,-0.6516,-0.6270,0.4268,-0.0117,320.7,-34.8,0.0
1274047,2026-08-30_09-30-17.049-240,v3.6.25,3.46,12.0,400,5294,5620,870,5102,5840,1719,5201,5582,815,5170,5687,813,0,0,0,-31,105,-2,109.5,720.4,0.220,-0.080,1.288,-24.188,12.594,-58.891,129.3,1,-0.6483,-0.6351,0.4198,-0.0107,321.3,-33.9,0.0
1274096,2026-08-30_09-30-17.098-240,v3.6.25,3.46,12.0,400,5082,5823,646,5102,5840,1719,4987,5794,590,5170,5687,813,0,0,0,183,-107,223,307.7,2024.2,0.132,0.208,0.920,-36.703,9.328,-101.328,295.7,1,-0.6413,-0.6489,0.4093,-0.0078,321.9,-32.4,0.0
1274129,2026-08-30_09-30-17.130-240,v3.6.25,3.46,12.0,400,5082,5823,646,4866,6166,1339,4987,5794,590,4862,6005,483,0,0,0,-125,211,-107,267.6,1760.3,-0.035,0.264,0.850,-62.047,-0.094,-100.594,262.0,1,-0.6349,-0.6626,0.3973,-0.0005,322.5,-30.3,0.0
1274157,2026-08-30_09-30-18.159-240,v3.6.25,3.46,12.0,400,4711,6151,411,4866,6166,1339,4613,6133,353,4862,6005,483,0,0,0,249,-128,130,308.7,2030.8,-0.151,0.242,0.874,-74.688,-12.422,-112.594,296.5,1,-0.6269,-0.6776,0.3845,0.0099,322.9,-27.9,0.0
1274184,2026-08-30_09-30-18.186-240,v3.6.25,3.46,12.0,400,4711,6151,411,4424,6562,1078,4613,6133,353,4367,6392,303,0,0,0,-246,259,-50,360.7,2373.0,-0.298,0.409,0.908,-80.250,-26.500,-128.016,340.2,1,-0.6161,-0.6942,0.3715,0.0227,323.1,-25.2,0.0
1274232,2026-08-30_09-30-18.233-240,v3.6.25,3.46,12.0,400,4166,6517,351,3735,6998,1068,4064,6509,289,3667,6822,411,0,0,0,-397,313,122,520.1,3421.4,-0.217,0.870,0.946,-138.828,-49.859,-86.531,473.9,1,-0.6113,-0.7050,0.3567,0.0457,323.0,-21.8,0.0
1274276,2026-08-30_09-30-18.278-240,v3.6.25,3.46,12.0,400,3494,6875,598,3735,6998,1068,3388,6872,530,3667,6822,411,0,0,0,279,-50,-119,307.4,2022.4,-0.075,0.622,0.798,-193.750,-58.453,-13.188,295.4,1,-0.6163,-0.7059,0.3405,0.0766,322.7,-18.2,0.0
1274337,2026-08-30_09-30-18.339-240,v3.6.25,3.46,12.0,400,2707,7164,1248,2820,7346,1511,2598,7158,1173,2821,7170,1000,0,0,0,223,12,-173,282.5,1858.5,0.087,-0.368,0.809,-197.453,-53.328,53.031,274.5,1,-0.6286,-0.6978,0.3264,0.1069,322.3,-15.1,0.0
1274392,2026-08-30_09-30-18.394-240,v3.6.25,3.46,12.0,400,1866,7226,2022,1771,7457,2199,1756,7215,1941,1888,7285,1851,0,0,0,132,70,-90,174.4,1147.5,0.144,-1.035,1.072,-80.188,-44.203,15.109,183.8,1,-0.6313,-0.6946,0.3229,0.1216,321.7,-13.8,0.0
1274447,2026-08-30_09-30-18.449-240,v3.6.25,3.46,12.0,400,1216,7195,2643,903,7401,2699,1105,7178,2558,1107,7233,2488,0,0,0,2,55,-70,89.0,585.8,0.353,-0.545,1.311,60.391,-27.500,-56.688,112.2,1,-0.6206,-0.7013,0.3306,0.1175,321.0,-14.2,0.0
1274475,2026-08-30_09-30-18.476-240,v3.6.25,3.46,12.0,400,1137,7090,2858,784,7271,3002,1027,7069,2773,1042,7107,2804,0,0,0,15,38,31,51.3,337.4,0.326,-0.156,1.295,105.828,-11.719,-67.297,80.5,1,-0.6073,-0.7096,0.3412,0.1058,320.6,-15.3,0.0
1274508,2026-08-30_09-30-18.510-240,v3.6.25,3.46,12.0,400,1545,7050,2755,784,7271,3002,1436,7026,2671,1042,7107,2804,0,0,0,-394,81,133,423.7,2787.2,0.225,0.126,1.112,122.266,2.375,-36.078,393.0,1,-0.5975,-0.7140,0.3536,0.0904,320.1,-17.1,0.0
1274549,2026-08-30_09-30-18.551-240,v3.6.25,3.46,12.0,400,1545,7050,2755,1306,7216,2973,1436,7026,2671,1561,7055,2686,0,0,0,125,29,15,129.2,850.0,0.050,-0.168,0.802,142.422,11.703,-12.375,145.9,1,-0.5897,-0.7153,0.3682,0.0713,319.6,-19.4,0.0
1274580,2026-08-30_09-30-18.582-240,v3.6.25,3.46,12.0,400,2151,6990,2476,2061,7143,2738,2043,6964,2395,2277,6982,2328,0,0,0,234,18,-67,244.1,1605.7,0.118,-0.287,0.724,176.484,12.312,-36.312,242.3,1,-0.5768,-0.7187,0.3853,0.0477,318.9,-22.1,0.0
1274626,2026-08-30_09-30-18.628-240,v3.6.25,3.46,12.0,400,2942,6852,1983,2061,7143,2738,2836,6826,1907,2277,6982,2328,0,0,0,-559,156,421,717.0,4717.0,-0.031,0.256,0.712,216.031,11.297,-81.344,639.2,1,-0.5559,-0.7264,0.4037,0.0193,317.9,-24.9,0.0
1274741,2026-08-30_09-30-18.742-240,v3.6.25,3.46,12.0,400,4377,6313,877,3961,6662,1770,4277,6290,814,4021,6499,1058,0,0,0,-256,209,244,410.8,2702.6,-0.010,0.164,0.969,126.828,-16.125,-34.016,382.2,1,-0.5431,-0.7286,0.4173,0.0055,316.7,-26.4,0.0
1274767,2026-08-30_09-30-18.768-240,v3.6.25,3.46,12.0,400,4835,6022,530,4595,6306,1447,4738,5999,473,4607,6144,634,0,0,0,-131,145,161,253.2,1665.7,-0.102,0.030,0.948,131.156,-24.328,-53.547,249.9,1,-0.5268,-0.7327,0.4307,-0.0081,315.3,-27.8,0.0
1274815,2026-08-30_09-30-18.816-240,v3.6.25,3.46,12.0,400,4835,6022,530,5103,5990,1103,4738,5999,473,5062,5828,212,0,0,0,324,-171,-261,449.8,2959.3,-0.091,0.516,1.031,121.219,-36.516,-69.094,415.0,1,-0.5083,-0.7383,0.4428,-0.0192,313.7,-28.6,0.0
1274858,2026-08-30_09-30-18.860-240,v3.6.25,3.46,12.0,400,5188,5736,128,5103,5990,1103,5093,5716,76,5062,5828,212,0,0,0,-31,112,136,178.9,1176.9,0.063,1.821,1.076,29.172,-47.125,-14.156,187.6,1,-0.5012,-0.7394,0.4492,-0.0170,312.6,-28.4,0.0
1274886,2026-08-30_09-30-18.887-240,v3.6.25,3.46,12.0,400,5415,5558,22,5417,5735,903,5322,5537,-26,5347,5573,-36,0,0,0,25,36,-10,45.0,295.8,0.271,2.081,0.968,-88.266,-47.484,76.906,75.2,1,-0.5118,-0.7326,0.4487,0.0009,312.2,-27.3,0.0
1274921,2026-08-30_09-30-18.923-240,v3.6.25,3.46,12.0,400,5415,5558,22,5417,5735,903,5322,5537,-26,5347,5573,-36,0,0,0,25,36,-10,45.0,295.8,0.315,1.474,0.756,-212.969,-39.672,162.109,75.2,1,-0.5398,-0.7178,0.4385,0.0343,312.6,-25.1,0.0
1275205,2026-08-30_09-30-19.206-240,v3.6.25,3.46,12.0,400,1116,6121,4699,708,6278,4734,1014,6057,4613,1286,6145,4509,0,0,0,272,88,-104,304.2,2001.4,0.345,-0.773,1.281,-10.953,-27.469,58.812,292.8,1,-0.5447,-0.7107,0.4435,0.0398,311.9,-25.3,0.0
1275231,2026-08-30_09-30-19.233-240,v3.6.25,3.46,12.0,400,1116,6121,4699,288,6157,4936,1014,6057,4613,903,6026,4778,0,0,0,-111,-31,165,201.3,1324.1,0.416,-0.869,1.244,48.438,-26.312,18.031,206.4,1,-0.5419,-0.7072,0.4526,0.0371,310.8,-26.0,0.0
1275271,2026-08-30_09-30-19.273-240,v3.6.25,3.46,12.0,400,1040,5980,4863,288,6157,4936,939,5913,4777,903,6026,4778,0,0,0,-36,113,1,118.6,780.3,0.291,-0.479,1.032,131.750,-25.797,-39.281,137.0,1,-0.5279,-0.7088,0.4674,0.0230,309.3,-27.4,0.0
1275300,2026-08-30_09-30-19.301-240,v3.6.25,3.46,12.0,400,1632,5869,4847,612,6004,5082,1533,5794,4763,1255,5878,4865,0,0,0,-278,84,102,307.8,2025.0,0.297,-0.168,0.856,160.812,-25.953,-43.594,295.8,1,-0.5113,-0.7095,0.4848,0.0053,307.4,-29.2,0.0
1275615,2026-08-30_09-30-19.616-240,v3.6.25,3.46,12.0,400,6370,4422,-331,6389,4610,1022,6287,4391,-364,6363,4461,-85,0,0,0,76,70,279,297.5,1957.4,0.255,1.926,0.818,-54.062,-59.688,2.516,287.1,1,-0.5099,-0.7106,0.4844,0.0190,306.8,-27.8,0.0
1275658,2026-08-30_09-30-19.660-240,v3.6.25,3.46,12.0,400,6370,4422,-331,6404,4600,852,6287,4391,-364,6349,4449,-253,0,0,0,62,58,111,139.7,919.4,0.380,1.614,0.610,-205.859,-62.141,123.594,154.7,1,-0.5299,-0.7009,0.4743,0.0546,307.0,-25.2,0.0
1275975,2026-08-30_09-30-19.976-240,v3.6.25,3.46,12.0,400,248,4796,6153,-706,4850,6125,155,4706,6072,140,4740,6111,0,0,0,-15,34,39,53.9,354.4,0.509,-0.887,1.038,63.406,-22.875,-60.109,82.7,1,-0.5179,-0.7061,0.4805,0.0477,306.2,-25.5,0.0
1276030,2026-08-30_09-30-19.032-240,v3.6.25,3.46,12.0,400,878,4693,6152,-706,4850,6125,787,4594,6072,140,4740,6111,0,0,0,-647,146,39,664.4,4371.1,0.564,-0.854,0.842,162.500,-20.438,-88.156,595.1,1,-0.4972,-0.7116,0.4957,0.0277,304.7,-27.0,0.0
1276081,2026-08-30_09-30-19.083-240,v3.6.25,3.46,12.0,400,878,4693,6152,-4,4715,6296,787,4594,6072,875,4611,6157,0,0,0,88,17,85,123.5,812.7,0.488,-0.467,0.511,258.719,-10.297,-161.844,141.1,1,-0.4627,-0.7214,0.5152,-0.0073,302.5,-29.2,0.0
1276319,2026-08-30_09-30-20.320-240,v3.6.25,3.46,12.0,400,6472,3775,1918,5850,3907,3340,6395,3691,1877,6238,3794,2270,0,0,0,-157,103,393,435.6,2865.5,0.247,1.058,0.703,91.422,-26.203,-42.938,403.0,1,-0.4499,-0.7227,0.5245,-0.0163,301.1,-29.7,0.0
1276347,2026-08-30_09-30-20.349-240,v3.6.25,3.46,12.0,400,6769,3481,1480,6371,3626,2725,6695,3402,1445,6659,3508,1580,0,0,0,-36,106,135,175.4,1153.8,0.311,1.119,0.782,33.609,-41.109,1.547,184.6,1,-0.4441,-0.7211,0.5316,-0.0151,300.0,-29.6,0.0
1276391,2026-08-30_09-30-20.392-240,v3.6.25,3.46,12.0,400,6769,3481,1480,6556,3333,2784,6695,3402,1445,6860,3219,1607,0,0,0,165,-183,162,294.9,1940.0,0.485,1.322,0.770,-48.141,-59.047,50.484,284.9,1,-0.4473,-0.7173,0.5343,-0.0004,299.3,-28.6,0.0
1276437,2026-08-30_09-30-20.438-240,v3.6.25,3.46,12.0,400,6851,3258,1746,6556,3333,2784,6778,3171,1712,6860,3219,1607,0,0,0,82,48,-105,141.6,931.6,0.882,1.505,0.607,-201.562,-49.984,165.094,156.3,1,-0.4728,-0.7059,0.5262,0.0355,299.7,-26.6,0.0
1276495,2026-08-30_09-30-20.496-240,v3.6.25,3.46,12.0,400,6579,3215,2904,6202,3210,3791,6507,3106,2863,6682,3109,2650,0,0,0,175,3,-213,275.7,1813.7,0.724,0.205,0.344,-303.844,-5.938,201.250,268.8,1,-0.5106,-0.6922,0.5039,0.0790,301.7,-23.9,0.0
1276551,2026-08-30_09-30-20.552-240,v3.6.25,3.46,12.0,400,5518,3419,4585,4807,3383,5431,5444,3289,4531,5566,3298,4490,0,0,0,122,9,-41,129.0,848.8,0.416,-0.507,0.342,-257.969,14.797,121.312,145.7,1,-0.5373,-0.6849,0.4794,0.1116,303.6,-21.2,0.0
1276787,2026-08-30_09-30-20.788-240,v3.6.25,3.46,12.0,400,268,3696,6859,-850,3773,6784,184,3585,6785,132,3679,6780,0,0,0,-52,94,-5,107.5,707.5,0.723,-0.782,0.842,120.094,-24.250,-132.703,127.7,1,-0.5148,-0.6972,0.4897,0.0958,302.7,-21.8,0.0
1276814,2026-08-30_09-30-20.817-240,v3.6.25,3.46,12.0,400,268,3696,6859,-409,3600,6960,184,3585,6785,607,3511,6876,0,0,0,423,-74,91,439.0,2887.9,0.762,-0.446,0.737,155.312,-22.797,-123.734,405.8,1,-0.4913,-0.7066,0.5036,0.0757,301.5,-22.8,0.0
1276967,2026-08-30_09-30-20.968-240,v3.6.25,3.46,12.0,400,3688,3295,5927,2334,3273,6687,3612,3159,5865,3311,3196,6140,0,0,0,-301,37,275,409.4,2693.3,0.463,0.236,0.614,207.000,18.719,-88.891,381.0,1,-0.4722,-0.7097,0.5209,0.0456,300.1,-25.3,0.0
1277078,2026-08-30_09-30-20.079-240,v3.6.25,3.46,12.0,400,5737,2899,4237,4900,2873,5238,5667,2771,4191,5636,2789,4286,0,0,0,-31,18,95,101.5,668.0,0.486,0.394,0.377,213.797,-1.016,-123.922,122.7,1,-0.4462,-0.7153,0.5376,0.0157,298.3,-27.2,0.0
1277194,2026-08-30_09-30-21.195-240,v3.6.25,3.46,12.0,400,7411,1917,1027,6877,2073,2842,7349,1832,1012,7217,1969,1610,0,0,0,-132,137,598,627.5,4128.5,0.428,2.466,0.403,-69.031,-35.953,58.797,564.1,1,-0.4536,-0.7111,0.5364,0.0304,298.1,-26.3,0.0
1277232,2026-08-30_09-30-21.234-240,v3.6.25,3.46,12.0,400,7411,1917,1027,7165,1931,2431,7349,1832,1012,7437,1824,1160,0,0,0,88,-8,148,172.4,1134.0,0.372,1.612,0.125,-228.547,-46.734,201.453,182.1,1,-0.4841,-0.6959,0.5258,0.0707,298.6,-24.2,0.0
1277493,2026-08-30_09-30-21.495-240,v3.6.25,3.46,12.0,400,2186,2123,7224,1294,2116,7444,2117,1973,7166,2425,2052,7058,0,0,0,308,79,-108,335.8,2209.3,0.995,-0.505,0.797,-87.609,-29.469,13.000,319.3,1,-0.4872,-0.6969,0.5194,0.0847,298.9,-22.8,0.0
1277551,2026-08-30_09-30-21.553-240,v3.6.25,3.46,12.0,400,1410,1893,7427,258,1871,7596,1342,1747,7370,1419,1806,7385,0,0,0,77,59,15,98.2,645.8,1.027,-0.634,0.719,-16.062,-29.969,-21.531,119.8,1,-0.4828,-0.6994,0.5194,0.0890,298.7,-22.2,0.0
1277581,2026-08-30_09-30-21.583-240,v3.6.25,3.46,12.0,400,1147,1677,7500,-47,1627,7643,1080,1532,7445,1127,1563,7483,0,0,0,47,31,38,67.9,446.9,1.042,-0.749,0.714,35.953,-29.875,-50.969,94.5,1,-0.4726,-0.7034,0.5239,0.0861,298.1,-22.0,0.0
1277609,2026-08-30_09-30-21.611-240,v3.6.25,3.46,12.0,400,1500,1469,7448,-47,1627,7643,1435,1320,7396,1127,1563,7483,0,0,0,-308,243,87,401.8,2643.7,1.098,-0.923,0.656,106.578,-24.359,-88.359,374.7,1,-0.4550,-0.7089,0.5340,0.0727,297.0,-22.5,0.0
1277656,2026-08-30_09-30-21.657-240,v3.6.25,3.46,12.0,400,1500,1469,7448,238,1358,7691,1435,1320,7396,1426,1297,7481,0,0,0,-9,-23,85,88.5,582.3,0.971,-0.406,0.389,198.781,-9.172,-133.484,111.7,1,-0.4285,-0.7151,0.5504,0.0448,295.3,-24.1,0.0
1278023,2026-08-30_09-30-21.024-240,v3.6.25,3.46,12.0,400,7480,-58,1648,7131,-263,2981,7433,-165,1651,7542,-347,1705,0,0,0,109,-182,54,218.9,1440.2,0.680,1.329,0.139,-81.656,-58.875,99.547,221.2,1,-0.4387,-0.7066,0.5513,0.0656,294.6,-23.0,0.0
1278074,2026-08-30_09-30-21.076-240,v3.6.25,3.46,12.0,400,7506,-236,1762,7131,-263,2981,7461,-347,1766,7542,-347,1705,0,0,0,81,0,-61,101.4,667.1,0.904,0.421,0.176,-138.469,-72.828,111.719,122.5,1,-0.4514,-0.6986,0.5470,0.0950,294.3,-21.2,0.0
1278129,2026-08-30_09-30-21.130-240,v3.6.25,3.46,12.0,400,7226,-404,2734,6713,-467,3943,7182,-533,2734,7295,-538,2716,0,0,0,113,-5,-18,114.5,753.5,1.208,0.520,0.412,-119.094,-62.938,22.203,133.6,1,-0.4536,-0.6996,0.5396,0.1170,294.4,-19.0,0.0
1278157,2026-08-30_09-30-22.159-240,v3.6.25,3.46,12.0,400,6924,-439,3424,6241,-516,4585,6880,-579,3420,6934,-580,3423,0,0,0,54,-1,3,54.1,355.9,1.162,0.785,0.300,-128.953,-53.516,17.234,82.8,1,-0.4563,-0.7014,0.5297,0.1387,294.7,-16.8,0.0
1278191,2026-08-30_09-30-22.192-240,v3.6.25,3.46,12.0,400,6745,-310,3775,6241,-516,4585,6700,-455,3767,6934,-580,3423,0,0,0,234,-125,-344,434.4,2858.0,1.083,1.120,0.152,-168.891,-43.406,63.875,402.0,1,-0.4667,-0.6991,0.5158,0.1656,295.3,-14.5,0.0
1278236,2026-08-30_09-30-22.238-240,v3.6.25,3.46,12.0,400,6745,-310,3775,5937,-377,5055,6700,-455,3767,6708,-436,3934,0,0,0,8,19,167,168.3,1107.0,0.591,0.799,-0.136,-235.281,-37.578,174.469,178.7,1,-0.4926,-0.6852,0.4966,0.2032,295.7,-12.2,0.0
1278482,2026-08-30_09-30-22.483-240,v3.6.25,3.46,12.0,400,-861,-806,7549,-2105,-823,7410,-912,-937,7520,-921,-884,7612,0,0,0,-9,53,92,106.6,701.0,1.204,-1.593,0.282,152.719,-24.906,-142.750,126.9,1,-0.4683,-0.6956,0.5132,0.1830,294.7,-13.1,0.0
1278547,2026-08-30_09-30-22.548-240,v3.6.25,3.46,12.0,400,-33,-947,7590,-1600,-1039,7578,-82,-1090,7562,-383,-1094,7690,0,0,0,-301,-4,128,327.1,2152.0,0.830,-0.624,-0.298,329.062,-7.328,-275.297,312.0,1,-0.4223,-0.7128,0.5436,0.1346,292.8,-15.5,0.0
1278655,2026-08-30_09-30-22.656-240,v3.6.25,3.46,12.0,400,4261,-1101,6079,3035,-1244,6879,4219,-1267,6064,4137,-1285,6213,0,0,0,-82,-18,149,171.0,1125.2,0.627,0.588,-0.248,285.344,24.125,-197.172,181.0,1,-0.3887,-0.7206,0.5670,0.0903,291.0,-18.1,0.0
1278865,2026-08-30_09-30-22.866-240,v3.6.25,3.46,12.0,400,7378,-1952,607,7135,-1982,1916,7345,-2044,637,7397,-2071,667,0,0,0,52,-27,30,65.8,433.1,0.708,2.033,-0.168,-192.297,-28.250,161.984,92.7,1,-0.4143,-0.7115,0.5542,0.1227,291.8,-16.5,0.0
1278893,2026-08-30_09-30-22.895-240,v3.6.25,3.46,12.0,400,7354,-1859,1133,7135,-1982,1916,7320,-1962,1159,7397,-2071,667,0,0,0,77,-109,-492,509.8,3353.8,0.655,1.186,-0.402,-276.141,-29.953,218.781,465.3,1,-0.4490,-0.6979,0.5325,0.1667,292.9,-14.2,0.0
1279183,2026-08-30_09-30-23.184-240,v3.6.25,3.46,12.0,400,2303,-1149,7260,1099,-1284,7637,2259,-1315,7238,2332,-1323,7285,0,0,0,73,-8,47,87.2,573.6,1.201,-0.842,0.438,-2.422,-28.844,-24.859,110.6,1,-0.4434,-0.6997,0.5340,0.1690,292.5,-13.7,0.0
1279233,2026-08-30_09-30-23.234-240,v3.6.25,3.46,12.0,400,1719,-1323,7336,426,-1511,7616,1675,-1484,7315,1660,-1552,7380,0,0,0,-15,-68,65,95.3,626.7,1.310,-0.683,0.241,102.938,-18.453,-71.609,117.4,1,-0.4294,-0.7025,0.5457,0.1560,291.6,-14.4,0.0
1279260,2026-08-30_09-30-23.262-240,v3.6.25,3.46,12.0,400,2033,-1548,7179,921,-1686,7523,1991,-1711,7161,2142,-1725,7204,0,0,0,151,-14,43,157.6,1037.0,1.317,-0.500,0.060,152.984,-9.156,-90.172,169.7,1,-0.4118,-0.7049,0.5615,0.1352,290.2,-15.8,0.0
1279303,2026-08-30_09-30-23.304-240,v3.6.25,3.46,12.0,400,2818,-1651,6855,921,-1686,7523,2778,-1818,6841,2142,-1725,7204,0,0,0,-636,93,363,738.2,4856.5,1.252,-0.182,-0.024,207.422,8.672,-100.969,657.0,1,-0.3920,-0.7052,0.5812,0.1055,288.5,-17.9,0.0
1279659,2026-08-30_09-30-23.660-240,v3.6.25,3.45,12.0,400,6781,-3182,1549,6406,-3219,2695,6756,-3292,1586,6828,-3292,1554,0,0,0,72,0,-32,78.8,518.4,0.914,1.980,-0.286,-162.047,-29.812,139.359,103.6,1,-0.4127,-0.6971,0.5708,0.1340,289.0,-16.5,0.0
1279943,2026-08-30_09-30-23.944-240,v3.6.25,3.45,12.0,400,2575,-2632,6699,1687,-2659,7082,2542,-2797,6696,2852,-2695,6644,0,0,0,310,102,-52,330.5,2174.1,1.082,0.079,0.018,-184.156,-37.703,128.641,314.8,1,-0.4313,-0.6901,0.5571,0.1652,289.6,-14.6,0.0
1280058,2026-08-30_09-30-23.059-240,v3.6.25,3.45,12.0,400,1275,-3083,6819,39,-3157,7083,1243,-3236,6820,1214,-3197,6928,0,0,0,-29,39,108,118.4,779.2,1.216,-0.944,-0.110,166.391,-17.078,-185.547,136.8,1,-0.4014,-0.7020,0.5716,0.1389,288.6,-15.3,0.0
1280182,2026-08-30_09-30-24.183-240,v3.6.25,3.45,12.0,400,3650,-3255,5689,2377,-3416,6454,3623,-3414,5700,3450,-3453,5914,0,0,0,-173,-39,214,277.9,1828.5,0.741,0.584,-0.383,237.297,27.281,-162.656,270.7,1,-0.3752,-0.7071,0.5909,0.1003,287.2,-17.6,0.0
1280294,2026-08-30_09-30-24.295-240,v3.6.25,3.45,12.0,400,5564,-3675,3569,4615,-3598,4944,5542,-3815,3599,5432,-3645,4057,0,0,0,-110,170,458,500.8,3294.5,0.813,0.168,-0.119,130.984,-3.406,-47.953,457.7,1,-0.3634,-0.7041,0.6043,0.0833,285.7,-18.8,0.0
1280337,2026-08-30_09-30-24.339-240,v3.6.25,3.45,12.0,400,5564,-3675,3569,4853,-3877,4480,5542,-3815,3599,5596,-3927,3563,0,0,0,54,-112,-36,129.4,851.6,0.891,0.164,-0.144,143.875,-13.219,-93.109,146.1,1,-0.3444,-0.7046,0.6171,0.0632,284.2,-19.6,0.0
1280363,2026-08-30_09-30-24.365-240,v3.6.25,3.45,12.0,400,5690,-3983,2994,5122,-4168,3756,5670,-4114,3031,5746,-4226,2811,0,0,0,76,-112,-220,258.3,1699.4,0.917,0.382,-0.194,138.562,-18.781,-117.484,254.2,1,-0.3221,-0.7073,0.6278,0.0428,282.8,-20.1,0.0
1280470,2026-08-30_09-30-24.472-240,v3.6.25,3.45,12.0,400,6097,-4261,1536,5553,-4325,2879,6079,-4367,1585,6029,-4392,1881,0,0,0,-50,-25,296,301.2,1981.8,0.920,1.799,-0.525,-123.266,-34.359,88.516,290.3,1,-0.3352,-0.7054,0.6211,0.0654,283.4,-18.9,0.0
1280500,2026-08-30_09-30-24.502-240,v3.6.25,3.45,12.0,400,6097,-4261,1536,5709,-4324,2749,6079,-4367,1585,6162,-4392,1728,0,0,0,83,-25,143,167.2,1100.1,0.762,1.433,-0.708,-231.688,-35.531,207.484,177.8,1,-0.3666,-0.6966,0.6074,0.1069,284.5,-17.2,0.0
1280530,2026-08-30_09-30-24.531-240,v3.6.25,3.45,12.0,400,6045,-4179,2099,5709,-4324,2749,6027,-4296,2143,6162,-4392,1728,0,0,0,135,-96,-415,446.8,2939.7,0.587,0.784,-0.859,-315.359,-31.688,285.234,412.5,1,-0.4094,-0.6815,0.5849,0.1609,285.9,-15.0,0.0
1280711,2026-08-30_09-30-24.712-240,v3.6.25,3.45,12.0,400,2359,-3726,6202,1280,-3883,6593,2333,-3882,6214,2386,-3920,6238,0,0,0,53,-38,24,69.5,457.2,1.156,-0.782,-0.099,-129.406,-14.438,19.109,95.8,1,-0.4147,-0.6852,0.5718,0.1776,286.9,-13.3,0.0
1280764,2026-08-30_09-30-24.765-240,v3.6.25,3.45,12.0,400,2394,-3766,6114,1280,-3883,6593,2369,-3921,6127,2386,-3920,6238,0,0,0,17,1,111,112.3,738.8,1.313,-0.818,0.077,-20.156,-19.359,-68.562,131.7,1,-0.4053,-0.6930,0.5690,0.1782,287.2,-12.4,0.0
1280812,2026-08-30_09-30-24.814-240,v3.6.25,3.45,12.0,400,2394,-3766,6114,1319,-3924,6494,2369,-3921,6127,2408,-3962,6135,0,0,0,39,-41,8,57.1,376.0,1.321,-0.541,0.008,88.359,-13.203,-124.312,85.4,1,-0.3861,-0.7013,0.5767,0.1631,286.8,-12.5,0.0
1280839,2026-08-30_09-30-24.841-240,v3.6.25,3.45,12.0,400,2951,-3852,5765,2036,-4012,6245,2927,-4007,5782,3084,-4049,5769,0,0,0,157,-42,-13,163.0,1072.6,1.188,-0.369,-0.188,143.047,-6.219,-143.297,174.3,1,-0.3629,-0.7082,0.5892,0.1400,285.9,-13.3,0.0
1280993,2026-08-30_09-30-24.994-240,v3.6.25,3.45,12.0,400,5138,-4198,3572,4046,-4229,4918,5119,-4335,3607,4871,-4275,4130,0,0,0,-248,60,523,581.9,3828.4,0.715,0.527,-0.477,227.469,35.000,-117.203,525.8,1,-0.3433,-0.7072,0.6093,0.1040,284.2,-15.7,0.0
1281019,2026-08-30_09-30-24.020-240,v3.6.25,3.45,12.0,400,5138,-4198,3572,4609,-4421,4153,5119,-4335,3607,5306,-4474,3287,0,0,0,187,-139,-320,395.8,2604.2,0.696,0.737,-0.492,209.891,34.000,-99.953,369.7,1,-0.3257,-0.7042,0.6269,0.0710,282.4,-18.0,0.0
1281057,2026-08-30_09-30-24.059-240,v3.6.25,3.45,12.0,400,5407,-4414,2878,4609,-4421,4153,5390,-4541,2920,5306,-4474,3287,0,0,0,-84,67,367,382.4,2515.8,0.718,0.799,-0.424,171.328,26.250,-57.547,358.4,1,-0.3137,-0.6982,0.6419,0.0456,280.5,-19.8,0.0
1281084,2026-08-30_09-30-24.086-240,v3.6.25,3.45,12.0,400,5454,-4690,2410,4890,-4672,3542,5439,-4809,2458,5487,-4731,2643,0,0,0,48,78,185,206.4,1358.1,0.813,0.764,-0.379,138.391,18.422,-21.547,210.7,1,-0.3061,-0.6902,0.6551,0.0271,278.7,-21.3,0.0
1281132,2026-08-30_09-30-24.133-240,v3.6.25,3.45,12.0,400,5240,-4983,2309,4791,-5005,3277,5226,-5098,2361,5349,-5066,2401,0,0,0,123,32,40,133.2,876.6,0.822,0.441,-0.352,88.609,-3.750,22.109,149.3,1,-0.3034,-0.6809,0.6663,0.0194,276.9,-22.2,0.0
1281181,2026-08-30_09-30-25.183-240,v3.6.25,3.45,12.0,400,5240,-4983,2309,4503,-5356,3078,5226,-5098,2361,5033,-5419,2257,0,0,0,-193,-321,-104,388.7,2557.4,0.841,0.567,-0.307,62.984,-26.094,-2.141,363.7,1,-0.2968,-0.6758,0.6745,0.0153,275.6,-22.3,0.0
1281231,2026-08-30_09-30-25.233-240,v3.6.25,3.45,12.0,400,4956,-5280,2175,4503,-5356,3078,4944,-5390,2230,5033,-5419,2257,0,0,0,89,-29,27,97.4,640.9,1.044,0.804,-0.476,-48.891,-37.922,82.406,119.2,1,-0.3039,-0.6703,0.6763,0.0306,275.1,-21.7,0.0
1281261,2026-08-30_09-30-25.262-240,v3.6.25,3.45,12.0,400,4779,-5512,2113,4309,-5612,2969,4768,-5619,2171,4826,-5676,2184,0,0,0,58,-57,13,82.4,541.8,0.880,0.422,-0.542,-106.141,-42.016,124.031,106.6,1,-0.3178,-0.6643,0.6743,0.0554,275.2,-20.8,0.0
1281290,2026-08-30_09-30-25.292-240,v3.6.25,3.45,12.0,400,4779,-5512,2113,4309,-5612,2969,4768,-5619,2171,4826,-5676,2184,0,0,0,58,-57,13,82.4,541.8,0.728,0.466,-0.703,-143.875,-47.656,142.609,106.6,1,-0.3345,-0.6582,0.6689,0.0862,275.5,-19.5,0.0
1281341,2026-08-30_09-30-25.343-240,v3.6.25,3.45,12.0,400,4445,-5637,2482,3878,-5752,3302,4435,-5748,2539,4455,-5812,2583,0,0,0,20,-64,44,80.2,527.6,0.611,0.699,-0.954,-282.391,-44.578,259.469,104.8,1,-0.3693,-0.6475,0.6518,0.1398,276.7,-17.5,0.0
1281369,2026-08-30_09-30-25.371-240,v3.6.25,3.45,12.0,400,3960,-5722,3125,3215,-5846,3947,3950,-5841,3179,3905,-5899,3327,0,0,0,-45,-58,148,165.2,1086.9,0.571,0.075,-1.067,-330.250,-30.344,279.031,176.1,1,-0.4075,-0.6347,0.6262,0.1975,278.2,-15.0,0.0
1281522,2026-08-30_09-30-25.523-240,v3.6.25,3.45,12.0,400,1764,-5465,4918,1028,-5689,5134,1750,-5594,4957,1918,-5736,4860,0,0,0,168,-142,-97,240.4,1581.6,1.059,-1.087,-0.304,-15.297,12.453,-112.609,239.2,1,-0.3965,-0.6487,0.6211,0.1905,279.3,-14.2,0.0
1281551,2026-08-30_09-30-25.553-240,v3.6.25,3.45,12.0,400,1764,-5465,4918,1069,-5540,5254,1750,-5594,4957,1977,-5586,4970,0,0,0,227,8,13,227.5,1496.8,0.957,-0.562,-0.316,45.422,3.688,-167.297,228.4,1,-0.3764,-0.6645,0.6217,0.1743,279.9,-13.7,0.0
1281580,2026-08-30_09-30-25.582-240,v3.6.25,3.45,12.0,400,2373,-5332,4720,1069,-5540,5254,2359,-5464,4759,1977,-5586,4970,0,0,0,-382,-122,211,453.1,2981.1,0.767,-0.241,-0.333,86.266,-6.109,-197.000,417.7,1,-0.3501,-0.6800,0.6259,0.1526,280.1,-13.3,0.0
1281698,2026-08-30_09-30-25.699-240,v3.6.25,3.45,12.0,400,4200,-5250,3393,3320,-5364,4291,4187,-5376,3440,4059,-5415,3644,0,0,0,-128,-39,204,244.0,1605.1,0.868,0.289,-0.513,104.344,-1.234,-51.359,242.2,1,-0.3405,-0.6781,0.6366,0.1375,279.0,-14.3,0.0
1281726,2026-08-30_09-30-25.728-240,v3.6.25,3.45,12.0,400,4425,-5357,2984,3758,-5454,3835,4413,-5478,3035,4421,-5509,3124,0,0,0,8,-31,89,94.6,622.3,0.852,0.246,-0.511,119.359,-0.031,-37.172,116.8,1,-0.3319,-0.6735,0.6492,0.1216,277.6,-15.5,0.0
1281760,2026-08-30_09-30-25.762-240,v3.6.25,3.45,12.0,400,4425,-5357,2984,3758,-5454,3835,4413,-5478,3035,4421,-5509,3124,0,0,0,8,-31,89,94.6,622.3,0.834,0.111,-0.486,142.406,0.250,-34.875,116.8,1,-0.3224,-0.6666,0.6641,0.1032,275.8,-16.9,0.0
1281788,2026-08-30_09-30-25.790-240,v3.6.25,3.45,12.0,400,4330,-5572,2720,3758,-5676,3512,4320,-5687,2775,4369,-5734,2809,0,0,0,49,-47,34,75.9,499.6,0.868,0.097,-0.555,163.609,2.156,-44.953,101.2,1,-0.3109,-0.6588,0.6802,0.0815,273.7,-18.4,0.0
1281814,2026-08-30_09-30-25.816-240,v3.6.25,3.45,12.0,400,4330,-5572,2720,3758,-5676,3512,4320,-5687,2775,4369,-5734,2809,0,0,0,49,-47,34,75.9,499.6,0.715,0.038,-0.564,186.172,4.391,-66.594,101.2,1,-0.2960,-0.6509,0.6969,0.0554,271.4,-19.9,0.0
1281867,2026-08-30_09-30-25.869-240,v3.6.25,3.45,12.0,400,4152,-5835,2399,3608,-5971,3141,4143,-5942,2459,4161,-6033,2473,0,0,0,18,-91,14,93.8,617.2,0.971,0.427,-0.671,175.969,8.438,-51.422,116.2,1,-0.2834,-0.6415,0.7122,0.0311,269.0,-21.3,0.0
1281895,2026-08-30_09-30-25.897-240,v3.6.25,3.45,12.0,400,3967,-6112,2032,3481,-6252,2709,3960,-6210,2097,3965,-6319,2073,0,0,0,5,-109,-24,111.7,735.0,0.795,0.315,-0.610,158.125,6.172,-30.750,131.2,1,-0.2732,-0.6308,0.7262,0.0106,266.6,-22.5,0.0
1281941,2026-08-30_09-30-25.943-240,v3.6.25,3.45,12.0,400,3665,-6373,1846,3129,-6521,2460,3659,-6464,1915,3575,-6592,1891,0,0,0,-84,-128,-24,155.0,1019.5,0.715,0.154,-0.682,131.984,-5.703,-22.516,167.5,1,-0.2635,-0.6210,0.7382,-0.0052,264.4,-23.3,0.0
1281991,2026-08-30_09-30-25.993-240,v3.6.25,3.45,12.0,400,3334,-6609,1668,3129,-6521,2460,3329,-6693,1740,3575,-6592,1891,0,0,0,246,101,151,305.8,2011.9,0.754,0.711,-0.462,63.812,-19.875,8.000,294.1,1,-0.2585,-0.6140,0.7457,-0.0095,263.0,-23.4,0.0
1282026,2026-08-30_09-30-25.028-240,v3.6.25,3.45,12.0,400,3334,-6609,1668,2804,-6762,2188,3329,-6693,1740,3208,-6837,1682,0,0,0,-121,-144,-58,196.8,1294.9,0.819,0.732,-0.589,-31.594,-27.953,76.922,202.6,1,-0.2641,-0.6082,0.7486,0.0033,262.5,-23.0,0.0
1282055,2026-08-30_09-30-25.057-240,v3.6.25,3.45,12.0,400,3024,-6774,1562,2503,-6889,2171,3020,-6853,1637,2907,-6964,1717,0,0,0,-113,-111,80,177.5,1167.5,0.755,0.376,-0.766,-107.109,-31.859,129.469,186.4,1,-0.2778,-0.6033,0.7470,0.0289,262.7,-22.3,0.0
1282108,2026-08-30_09-30-25.110-240,v3.6.25,3.45,12.0,400,2746,-6864,1727,2503,-6889,2171,2742,-6943,1801,2907,-6964,1717,0,0,0,165,-21,-84,186.3,1225.9,0.708,-0.377,-0.925,-169.562,-26.172,136.656,193.8,1,-0.2953,-0.6025,0.7389,0.0610,263.9,-21.3,0.0
1282135,2026-08-30_09-30-25.138-240,v3.6.25,3.45,12.0,400,2559,-6867,1935,2202,-6949,2364,2555,-6948,2008,2640,-7023,1957,0,0,0,85,-75,-51,124.3,817.8,0.749,-0.140,-1.002,-173.875,-23.609,114.375,141.8,1,-0.3110,-0.6037,0.7284,0.0914,265.3,-20.0,0.0
1282180,2026-08-30_09-30-26.181-240,v3.6.25,3.45,12.0,400,2559,-6867,1935,2087,-6908,2558,2555,-6948,2008,2558,-6980,2166,0,0,0,3,-32,158,161.2,1060.8,0.654,-0.142,-1.094,-208.500,-23.312,123.188,172.8,1,-0.3283,-0.6058,0.7136,0.1261,267.0,-18.4,0.0
1282223,2026-08-30_09-30-26.225-240,v3.6.25,3.45,12.0,400,2541,-6807,2138,2087,-6908,2558,2536,-6892,2209,2558,-6980,2166,0,0,0,22,-88,-43,100.4,660.4,0.658,-0.468,-1.062,-196.922,-24.047,103.562,121.7,1,-0.3426,-0.6082,0.6984,0.1579,268.5,-16.6,0.0
1282250,2026-08-30_09-30-26.251-240,v3.6.25,3.45,12.0,400,2568,-6734,2300,2078,-6821,2782,2563,-6823,2369,2586,-6890,2386,0,0,0,23,-67,17,72.8,479.3,0.699,-0.112,-0.883,-186.172,-25.359,91.156,98.6,1,-0.3546,-0.6104,0.6830,0.1875,269.8,-14.8,0.0
1282287,2026-08-30_09-30-26.288-240,v3.6.25,3.45,12.0,400,2568,-6734,2300,2078,-6821,2782,2563,-6823,2369,2586,-6890,2386,0,0,0,23,-67,17,72.8,479.3,0.623,0.244,-0.734,-199.062,-26.719,110.484,98.6,1,-0.3686,-0.6102,0.6659,0.2200,271.0,-12.8,0.0
1282315,2026-08-30_09-30-26.317-240,v3.6.25,3.45,12.0,400,2628,-6675,2430,2105,-6760,2899,2623,-6767,2498,2632,-6828,2495,0,0,0,9,-61,-3,61.7,406.1,0.695,0.270,-0.832,-209.172,-22.359,137.703,89.3,1,-0.3856,-0.6068,0.6468,0.2546,272.0,-10.9,0.0
1282346,2026-08-30_09-30-26.348-240,v3.6.25,3.45,12.0,400,2522,-6627,2683,2105,-6760,2899,2516,-6723,2749,2632,-6828,2495,0,0,0,116,-105,-254,298.3,1962.7,1.027,0.292,-0.854,-233.953,-8.188,193.156,287.8,1,-0.4099,-0.5978,0.6232,0.2937,273.0,-9.2,0.0
1282391,2026-08-30_09-30-26.393-240,v3.6.25,3.45,12.0,400,2522,-6627,2683,1963,-6700,3178,2516,-6723,2749,2536,-6765,2792,0,0,0,20,-42,43,63.3,416.8,0.689,-0.695,-0.495,-170.422,0.828,139.609,90.6,1,-0.4274,-0.5907,0.6046,0.3206,273.7,-7.9,0.0
1282420,2026-08-30_09-30-26.421-240,v3.6.25,3.45,12.0,400,2108,-6573,3129,1437,-6664,3552,2101,-6673,3191,2074,-6726,3247,0,0,0,-27,-53,56,81.7,537.5,0.845,-0.776,-0.346,-83.312,5.016,56.000,106.0,1,-0.4349,-0.5884,0.5951,0.3322,274.1,-7.3,0.0
1282457,2026-08-30_09-30-26.459-240,v3.6.25,3.45,12.0,400,1937,-6522,3289,1437,-6664,3552,1930,-6623,3350,2074,-6726,3247,0,0,0,144,-103,-103,204.8,1347.5,1.061,-0.799,-0.513,9.531,5.047,-21.359,209.3,1,-0.4332,-0.5903,0.5964,0.3289,274.2,-7.4,0.0
1282496,2026-08-30_09-30-26.498-240,v3.6.25,3.45,12.0,400,1937,-6522,3289,1319,-6616,3687,1930,-6623,3350,1978,-6677,3399,0,0,0,48,-54,49,87.3,574.3,0.804,-1.103,-0.727,137.328,5.438,-122.109,110.7,1,-0.4190,-0.5971,0.6124,0.3049,273.7,-8.6,0.0
1282543,2026-08-30_09-30-26.545-240,v3.6.25,3.45,12.0,400,2085,-6499,3224,1598,-6602,3527,2078,-6600,3285,2229,-6664,3195,0,0,0,151,-64,-90,187.1,1230.8,0.705,-0.657,-0.987,259.938,8.203,-213.594,194.4,1,-0.3929,-0.6063,0.6405,0.2604,272.6,-10.8,0.0
1282576,2026-08-30_09-30-26.578-240,v3.6.25,3.45,12.0,400,2480,-6525,2800,1598,-6602,3527,2474,-6622,2864,2229,-6664,3195,0,0,0,-245,-42,331,413.9,2723.3,0.504,-0.401,-1.107,319.781,17.500,-246.906,384.8,1,-0.3615,-0.6135,0.6716,0.2047,270.8,-13.6,0.0
1282606,2026-08-30_09-30-26.607-240,v3.6.25,3.45,12.0,400,2872,-6634,2178,2157,-6671,3019,2867,-6723,2247,2702,-6737,2604,0,0,0,-165,-14,357,393.5,2589.0,0.343,-0.154,-1.216,338.141,27.547,-256.547,367.7,1,-0.3280,-0.6175,0.7003,0.1440,268.7,-16.4,0.0
1282653,2026-08-30_09-30-26.655-240,v3.6.25,3.45,12.0,400,2872,-6634,2178,2557,-6784,2353,2867,-6723,2247,2990,-6857,1885,0,0,0,123,-134,-362,405.1,2665.3,0.202,0.720,-1.058,303.312,28.766,-207.219,377.4,1,-0.2998,-0.6155,0.7233,0.0904,266.2,-18.8,0.0
1282691,2026-08-30_09-30-26.693-240,v3.6.25,3.45,12.0,400,3016,-6755,1574,2557,-6784,2353,3012,-6834,1648,2990,-6857,1885,0,0,0,-22,-23,237,239.1,1573.2,0.342,1.059,-0.788,210.172,14.547,-95.281,238.1,1,-0.2839,-0.6074,0.7397,0.0577,263.8,-20.5,0.0
1282720,2026-08-30_09-30-26.722-240,v3.6.25,3.45,12.0,400,2837,-6932,1262,2583,-6954,1860,2833,-7003,1340,2934,-7033,1400,0,0,0,101,-30,60,121.2,797.7,0.212,0.843,-0.603,140.000,-3.922,-11.969,139.2,1,-0.2765,-0.5955,0.7531,0.0416,261.5,-21.5,0.0
1282760,2026-08-30_09-30-26.762-240,v3.6.25,3.45,12.0,400,2837,-6932,1262,2125,-7152,1666,2833,-7003,1340,2447,-7235,1289,0,0,0,-386,-232,-51,453.2,2981.8,0.398,1.061,-0.625,45.094,-35.422,67.406,417.8,1,-0.2766,-0.5833,0.7623,0.0462,259.7,-21.6,0.0
1282810,2026-08-30_09-30-26.813-240,v3.6.25,3.45,12.0,400,2349,-7142,1190,2125,-7152,1666,2346,-7206,1271,2447,-7235,1289,0,0,0,101,-29,18,106.6,701.4,0.412,0.616,-0.806,-142.781,-62.531,220.828,126.9,1,-0.2951,-0.5705,0.7614,0.0875,259.2,-20.5,0.0
1282840,2026-08-30_09-30-26.842-240,v3.6.25,3.45,12.0,400,1811,-7298,1109,1527,-7335,1492,1808,-7354,1192,1822,-7422,1222,0,0,0,14,-68,30,75.6,497.6,0.327,-0.359,-1.086,-212.469,-66.641,248.688,100.9,1,-0.3171,-0.5592,0.7534,0.1387,259.4,-18.8,0.0
1282871,2026-08-30_09-30-26.873-240,v3.6.25,3.45,12.0,400,1344,-7412,1036,1527,-7335,1492,1341,-7461,1120,1822,-7422,1222,0,0,0,481,39,102,493.2,3245.0,0.531,-1.007,-1.105,-207.672,-61.016,201.109,451.4,1,-0.3339,-0.5514,0.7419,0.1844,259.8,-17.0,0.0
1282916,2026-08-30_09-30-26.918-240,v3.6.25,3.45,12.0,400,1344,-7412,1036,1058,-7454,1304,1341,-7461,1120,1323,-7545,1119,0,0,0,-18,-84,-1,85.9,565.2,0.669,-0.996,-1.086,-149.688,-35.859,86.172,109.6,1,-0.3409,-0.5519,0.7311,0.2112,260.5,-15.4,0.0
1282946,2026-08-30_09-30-26.948-240,v3.6.25,3.45,12.0,400,1286,-7483,832,1096,-7479,1092,1284,-7527,918,1324,-7573,906,0,0,0,40,-46,-12,62.1,408.7,0.960,-0.775,-0.821,-111.406,-15.312,32.234,89.6,1,-0.3442,-0.5560,0.7216,0.2273,261.4,-14.1,0.0
1282986,2026-08-30_09-30-26.988-240,v3.6.25,3.45,12.0,400,1541,-7407,749,1096,-7479,1092,1538,-7452,835,1324,-7573,906,0,0,0,-214,-121,71,255.9,1683.5,0.784,0.002,-0.960,-107.844,11.578,10.016,252.2,1,-0.3485,-0.5631,0.7103,0.2385,262.7,-13.1,0.0
1283020,2026-08-30_09-30-26.022-240,v3.6.25,3.45,12.0,400,1541,-7407,749,1431,-7435,1111,1538,-7452,835,1662,-7527,867,0,0,0,124,-75,32,148.4,976.4,0.541,0.525,-1.059,-151.844,25.625,55.469,162.0,1,-0.3600,-0.5685,0.6938,0.2568,264.5,-12.0,0.0
1283051,2026-08-30_09-30-26.053-240,v3.6.25,3.45,12.0,400,1948,-7303,915,1832,-7265,1522,1945,-7356,999,2131,-7351,1199,0,0,0,186,5,200,273.2,1797.2,0.411,0.630,-1.181,-211.547,36.031,122.875,266.7,1,-0.3801,-0.5701,0.6701,0.2855,266.4,-10.6,0.0
1283101,2026-08-30_09-30-26.103-240,v3.6.25,3.45,12.0,400,2274,-7093,1467,1832,-7265,1522,2271,-7162,1545,2131,-7351,1199,0,0,0,-140,-189,-346,418.4,2752.5,0.380,0.173,-1.130,-251.547,48.094,174.953,388.6,1,-0.4066,-0.5679,0.6400,0.3203,268.6,-9.0,0.0
1283216,2026-08-30_09-30-27.217-240,v3.6.25,3.45,12.0,400,2277,-6569,2996,1770,-6770,3206,2271,-6668,3059,2350,-6835,2853,0,0,0,79,-167,-206,276.7,1820.4,0.448,-0.509,-0.401,-66.109,34.047,-33.578,269.7,1,-0.4068,-0.5773,0.6306,0.3219,269.9,-8.1,0.0
1283256,2026-08-30_09-30-27.258-240,v3.6.25,3.45,12.0,400,2490,-6343,3262,1756,-6512,3689,2482,-6449,3321,2414,-6571,3326,0,0,0,-68,-122,5,139.8,919.5,0.617,0.148,-0.398,0.328,19.906,-95.266,154.7,1,-0.3984,-0.5888,0.6295,0.3135,270.6,-7.6,0.0
1283285,2026-08-30_09-30-27.286-240,v3.6.25,3.45,12.0,400,2490,-6343,3262,2312,-6278,3709,2482,-6449,3321,2969,-6336,3250,0,0,0,487,113,-71,505.0,3322.1,1.036,0.492,-0.432,-1.562,20.531,-46.047,461.2,1,-0.3958,-0.5947,0.6282,0.3083,271.2,-7.5,0.0
1283334,2026-08-30_09-30-27.335-240,v3.6.25,3.45,12.0,400,3008,-6155,3159,2312,-6278,3709,3000,-6265,3217,2969,-6336,3250,0,0,0,-31,-71,33,84.2,554.0,0.965,0.119,-0.538,10.359,30.391,21.578,108.1,1,-0.4020,-0.5926,0.6280,0.3046,271.5,-8.3,0.0
1283362,2026-08-30_09-30-27.364-240,v3.6.25,3.45,12.0,400,3076,-6056,3317,2446,-6210,3879,3067,-6170,3373,3131,-6265,3393,0,0,0,64,-95,20,116.3,765.0,0.966,-0.049,-0.608,50.125,29.766,14.625,135.0,1,-0.4070,-0.5889,0.6324,0.2959,271.5,-9.6,0.0
1283395,2026-08-30_09-30-27.396-240,v3.6.25,3.45,12.0,400,2943,-6009,3500,2446,-6210,3879,2934,-6125,3554,3131,-6265,3393,0,0,0,197,-140,-161,290.4,1910.5,0.924,-0.210,-0.637,110.266,28.438,-21.188,281.2,1,-0.4073,-0.5856,0.6433,0.2781,271.0,-11.4,0.0
1283442,2026-08-30_09-30-27.444-240,v3.6.25,3.45,12.0,400,2943,-6009,3500,2255,-6124,4046,2934,-6125,3554,2967,-6178,3588,0,0,0,33,-53,34,71.1,467.7,0.892,-0.403,-0.749,216.547,28.203,-104.812,97.1,1,-0.3966,-0.5849,0.6648,0.2422,269.9,-14.1,0.0
1283469,2026-08-30_09-30-27.470-240,v3.6.25,3.45,12.0,400,2929,-6048,3451,2279,-6173,3943,2920,-6163,3506,2974,-6228,3484,0,0,0,54,-65,-22,87.3,574.5,0.904,-0.342,-0.897,259.000,34.969,-130.500,110.7,1,-0.3824,-0.5833,0.6886,0.1984,268.4,-17.2,0.0
1283512,2026-08-30_09-30-27.513-240,v3.6.25,3.45,12.0,400,3074,-6113,3175,2279,-6173,3943,3066,-6224,3232,2974,-6228,3484,0,0,0,-92,-4,252,268.3,1765.1,0.454,-0.201,-1.010,302.547,44.609,-167.297,262.6,1,-0.3633,-0.5814,0.7133,0.1451,266.3,-20.5,0.0
1283546,2026-08-30_09-30-27.548-240,v3.6.25,3.45,12.0,400,3074,-6113,3175,2470,-6232,3675,3066,-6224,3232,3120,-6290,3189,0,0,0,54,-66,-43,95.5,628.3,0.377,0.513,-0.991,300.562,42.484,-194.406,117.6,1,-0.3403,-0.5804,0.7344,0.0897,264.1,-23.3,0.0
1283574,2026-08-30_09-30-27.575-240,v3.6.25,3.45,12.0,400,3272,-6204,2763,2820,-6316,3205,3264,-6309,2824,3391,-6379,2671,0,0,0,127,-70,-153,210.8,1386.9,0.408,0.897,-0.956,248.594,36.125,-165.750,214.4,1,-0.3200,-0.5783,0.7492,0.0433,262.0,-25.4,0.0
1283626,2026-08-30_09-30-27.627-240,v3.6.25,3.45,12.0,400,3484,-6276,2339,2820,-6316,3205,3477,-6375,2404,3391,-6379,2671,0,0,0,-86,-4,267,280.5,1845.6,0.739,0.902,-0.655,108.062,20.578,-32.953,272.9,1,-0.3154,-0.5723,0.7566,0.0256,260.6,-26.6,0.0
1283656,2026-08-30_09-30-27.658-240,v3.6.25,3.45,12.0,400,3484,-6276,2339,2978,-6422,2921,3477,-6375,2404,3502,-6487,2367,0,0,0,25,-112,-37,120.6,793.2,0.767,0.551,-0.533,49.688,7.469,12.875,138.6,1,-0.3156,-0.5659,0.7614,0.0198,259.6,-27.3,0.0
1283685,2026-08-30_09-30-27.686-240,v3.6.25,3.45,12.0,400,3415,-6368,2281,2978,-6422,2921,3409,-6465,2347,3502,-6487,2367,0,0,0,93,-22,20,97.6,642.3,0.768,0.217,-0.643,11.906,-0.516,26.641,119.4,1,-0.3177,-0.5612,0.7640,0.0202,259.1,-27.6,0.0
1283713,2026-08-30_09-30-27.715-240,v3.6.25,3.45,12.0,400,3208,-6439,2363,2759,-6507,2946,3202,-6536,2429,3289,-6572,2429,0,0,0,87,-36,0,94.2,619.4,0.831,0.056,-0.667,-8.516,-7.016,25.766,116.5,1,-0.3197,-0.5584,0.7651,0.0233,258.8,-27.6,0.0
1283756,2026-08-30_09-30-27.757-240,v3.6.25,3.45,12.0,400,3208,-6439,2363,2611,-6560,2952,3202,-6536,2429,3143,-6626,2460,0,0,0,-59,-90,31,112.0,736.8,0.864,0.088,-0.683,-34.797,-10.016,20.422,131.4,1,-0.3221,-0.5584,0.7639,0.0294,259.0,-27.3,0.0
1283804,2026-08-30_09-30-27.805-240,v3.6.25,3.45,12.0,400,3117,-6484,2369,2611,-6560,2952,3111,-6580,2435,3143,-6626,2460,0,0,0,32,-46,25,61.4,403.7,1.020,0.365,-0.728,-100.781,-1.375,64.688,88.9,1,-0.3323,-0.5590,0.7582,0.0462,260.1,-26.9,0.0
1283846,2026-08-30_09-30-27.848-240,v3.6.25,3.45,12.0,400,3096,-6448,2499,2572,-6541,3049,3090,-6546,2564,3120,-6606,2561,0,0,0,30,-60,-3,67.1,441.8,0.945,0.132,-0.772,-147.922,11.641,90.719,93.8,1,-0.3483,-0.5604,0.7482,0.0693,261.7,-26.3,0.0
1283873,2026-08-30_09-30-27.875-240,v3.6.25,3.45,12.0,400,3046,-6314,2885,2428,-6446,3427,3039,-6419,2946,3039,-6506,2955,0,0,0,0,-87,9,87.5,575.4,0.928,0.298,-0.806,-166.484,20.781,88.875,110.9,1,-0.3657,-0.5630,0.7352,0.0935,263.7,-25.6,0.0
1283921,2026-08-30_09-30-27.922-240,v3.6.25,3.45,12.0,400,2986,-6074,3411,2428,-6446,3427,2977,-6189,3466,3039,-6506,2955,0,0,0,62,-317,-511,604.5,3977.2,0.736,0.580,-0.958,-223.656,28.172,120.969,544.8,1,-0.3886,-0.5654,0.7165,0.1263,266.3,-24.5,0.0
1283970,2026-08-30_09-30-27.972-240,v3.6.25,3.45,12.0,400,2986,-6074,3411,2291,-6180,4012,2977,-6189,3466,2998,-6234,3549,0,0,0,21,-45,83,96.7,636.3,0.446,0.302,-1.225,-261.328,21.109,156.297,118.6,1,-0.4141,-0.5648,0.6942,0.1663,268.8,-22.8,0.0
1283998,2026-08-30_09-30-27.000-240,v3.6.25,3.45,12.0,400,2752,-5801,4062,1906,-5868,4650,2741,-5926,4110,2717,-5917,4237,0,0,0,-24,9,127,129.6,852.4,0.422,0.267,-1.143,-275.703,10.562,179.297,146.2,1,-0.4397,-0.5603,0.6698,0.2103,270.9,-20.7,0.0
1284037,2026-08-30_09-30-27.039-240,v3.6.25,3.45,12.0,400,2204,-5611,4608,1906,-5868,4650,2191,-5739,4651,2717,-5917,4237,0,0,0,526,-178,-414,692.6,4556.9,0.262,0.053,-1.018,-275.422,-2.031,188.953,618.7,1,-0.4631,-0.5522,0.6445,0.2553,272.3,-18.4,0.0
1284076,2026-08-30_09-30-27.078-240,v3.6.25,3.45,12.0,400,2204,-5611,4608,1112,-5727,5074,2191,-5739,4651,1993,-5775,4787,0,0,0,-198,-36,136,242.9,1598.0,0.306,-0.158,-0.674,-255.750,-9.953,177.828,241.3,1,-0.4829,-0.5425,0.6198,0.2972,273.3,-16.0,0.0
1284153,2026-08-30_09-30-28.155-240,v3.6.25,3.45,12.0,400,624,-5684,4955,201,-5739,5135,609,-5800,4996,1092,-5790,5003,0,0,0,483,10,7,483.2,3178.6,1.080,-0.936,-0.187,-141.469,-5.312,154.594,442.9,1,-0.4992,-0.5291,0.6055,0.3229,273.5,-15.2,0.0
1284230,2026-08-30_09-30-28.232-240,v3.6.25,3.45,12.0,400,-177,-5746,4954,-1297,-5776,4934,-192,-5852,4995,-440,-5837,5064,0,0,0,-248,15,69,257.9,1696.4,1.125,-0.993,-0.419,136.672,7.234,-57.625,253.9,1,-0.4942,-0.5297,0.6201,0.3012,273.0,-17.1,0.0
1284271,2026-08-30_09-30-28.272-240,v3.6.25,3.45,12.0,400,-413,-5638,5034,-1297,-5776,4934,-429,-5742,5073,-440,-5837,5064,0,0,0,-11,-95,-9,96.1,632.0,1.173,-0.479,-0.774,209.859,14.422,-100.812,118.1,1,-0.4849,-0.5318,0.6411,0.2668,272.2,-19.7,0.0
1284301,2026-08-30_09-30-28.303-240,v3.6.25,3.45,12.0,400,-95,-5477,5235,-1116,-5638,5190,-111,-5589,5271,-217,-5695,5282,0,0,0,-106,-106,11,150.3,988.9,1.065,-0.810,-0.876,250.453,21.438,-134.953,163.6,1,-0.4714,-0.5353,0.6641,0.2240,271.1,-22.7,0.0
1284337,2026-08-30_09-30-28.339-240,v3.6.25,3.45,12.0,400,-95,-5477,5235,-459,-5416,5532,-111,-5589,5271,493,-5466,5503,0,0,0,604,123,232,658.6,4333.0,0.727,-0.955,-1.165,344.312,29.922,-248.844,590.2,1,-0.4443,-0.5461,0.6918,0.1606,269.4,-26.1,0.0
1284386,2026-08-30_09-30-28.387-240,v3.6.25,3.46,12.0,400,654,-5258,5392,-459,-5416,5532,636,-5382,5425,493,-5466,5503,0,0,0,-143,-84,78,183.3,1205.7,0.522,-0.013,-1.294,377.719,44.047,-300.453,191.3,1,-0.4106,-0.5580,0.7159,0.0871,267.4,-29.4,0.0
1284561,2026-08-30_09-30-28.562-240,v3.6.25,3.46,12.0,400,4771,-4947,3096,3667,-5047,4402,4757,-5073,3142,4419,-5097,3692,0,0,0,-338,-24,550,646.0,4250.0,0.629,1.227,-0.389,61.094,0.344,-41.375,579.6,1,-0.4051,-0.5582,0.7201,0.0762,266.8,-29.9,0.0
1284601,2026-08-30_09-30-28.603-240,v3.6.25,3.46,12.0,400,4771,-4947,3096,4171,-5085,3887,4757,-5073,3142,4835,-5139,3103,0,0,0,78,-66,-39,109.4,719.5,0.873,1.331,-0.391,-76.094,-10.828,91.047,129.2,1,-0.4153,-0.5517,0.7173,0.0930,266.9,-29.5,0.0
1284629,2026-08-30_09-30-28.632-240,v3.6.25,3.46,12.0,400,4788,-5017,3106,3975,-5144,4168,4774,-5143,3153,4689,-5195,3411,0,0,0,-85,-52,258,276.6,1819.6,0.951,0.898,-0.485,-178.641,-10.625,174.562,269.6,1,-0.4361,-0.5415,0.7072,0.1285,267.8,-28.5,0.0
1284678,2026-08-30_09-30-28.679-240,v3.6.25,3.46,12.0,400,4285,-4998,3859,3975,-5144,4168,4271,-5134,3901,4689,-5195,3411,0,0,0,418,-61,-490,647.0,4256.3,0.860,0.191,-0.716,-251.797,-1.594,194.734,580.4,1,-0.4608,-0.5325,0.6886,0.1732,269.5,-26.8,0.0
1284919,2026-08-30_09-30-28.920-240,v3.6.25,3.46,12.0,400,-171,-4758,5891,-1171,-4842,5864,-192,-4880,5915,-172,-4895,5948,0,0,0,20,-15,33,41.4,272.4,0.820,-0.313,-0.474,-140.922,-12.641,35.922,72.2,1,-0.4657,-0.5357,0.6771,0.1942,270.5,-25.0,0.0
1284971,2026-08-30_09-30-28.972-240,v3.6.25,3.46,12.0,400,-171,-4758,5891,-1171,-4842,5864,-192,-4880,5915,-172,-4895,5948,0,0,0,20,-15,33,41.4,272.4,0.900,-0.127,-0.389,-120.078,-16.438,71.484,72.2,1,-0.4731,-0.5326,0.6681,0.2150,270.9,-23.8,0.0
1285000,2026-08-30_09-30-28.002-240,v3.6.25,3.46,12.0,400,-386,-4925,5722,-1397,-5039,5655,-407,-5041,5749,-430,-5095,5783,0,0,0,-23,-54,34,67.8,446.3,1.163,0.027,-0.333,-134.062,-10.219,134.141,94.4,1,-0.4872,-0.5219,0.6575,0.2407,271.2,-22.9,0.0
1285030,2026-08-30_09-30-28.031-240,v3.6.25,3.46,12.0,400,-1052,-5054,5523,-1397,-5039,5655,-1073,-5158,5552,-430,-5095,5783,0,0,0,643,63,231,686.1,4514.0,0.884,-0.729,-0.291,-102.234,-4.312,142.078,613.3,1,-0.5019,-0.5082,0.6490,0.2618,271.3,-22.7,0.0
1285075,2026-08-30_09-30-28.077-240,v3.6.25,3.46,12.0,400,-1052,-5054,5523,-2133,-5128,5278,-1073,-5158,5552,-1230,-5192,5542,0,0,0,-157,-34,-10,161.0,1058.9,0.811,-1.013,-0.288,20.109,-7.406,32.594,172.5,1,-0.5044,-0.5020,0.6523,0.2609,270.8,-23.3,0.0
1285103,2026-08-30_09-30-28.104-240,v3.6.25,3.46,12.0,400,-1790,-5022,5395,-2761,-5065,5091,-1812,-5114,5425,-1892,-5135,5467,0,0,0,-80,-21,42,92.8,610.3,0.962,-0.592,-0.349,85.578,-7.672,-16.109,115.3,1,-0.5018,-0.4985,0.6617,0.2486,270.0,-24.6,0.0
1285145,2026-08-30_09-30-28.146-240,v3.6.25,3.46,12.0,400,-1858,-4915,5490,-2761,-5065,5091,-1881,-5007,5518,-1892,-5135,5467,0,0,0,-11,-128,-51,138.2,909.4,1.165,-0.735,-0.432,141.859,-3.312,-41.938,153.5,1,-0.4966,-0.4953,0.6757,0.2269,269.0,-26.5,0.0
1285178,2026-08-30_09-30-29.180-240,v3.6.25,3.46,12.0,400,-1858,-4915,5490,-2729,-4918,5277,-1881,-5007,5518,-1831,-4986,5643,0,0,0,50,21,125,136.3,896.4,0.833,-1.376,-0.497,226.734,-2.219,-123.672,151.8,1,-0.4823,-0.4975,0.6960,0.1884,267.4,-28.9,0.0
1285204,2026-08-30_09-30-29.206-240,v3.6.25,3.46,12.0,400,-1606,-4724,5756,-2729,-4918,5277,-1630,-4824,5780,-1831,-4986,5643,0,0,0,-201,-162,-137,292.3,1922.7,0.744,-0.964,-0.766,300.156,0.000,-210.141,282.7,1,-0.4578,-0.5050,0.7194,0.1339,265.2,-31.6,0.0
1285233,2026-08-30_09-30-29.235-240,v3.6.25,3.46,12.0,400,-1606,-4724,5756,-2189,-4685,5812,-1630,-4824,5780,-1203,-4744,6072,0,0,0,427,80,292,523.4,3443.7,0.725,-0.296,-0.959,329.375,3.781,-230.266,476.7,1,-0.4293,-0.5108,0.7412,0.0732,262.4,-34.2,0.0
1285504,2026-08-30_09-30-29.505-240,v3.6.25,3.46,12.0,400,4555,-4637,3811,3791,-4798,4621,4539,-4774,3849,4576,-4845,3884,0,0,0,37,-71,35,87.4,574.9,0.745,0.391,-0.308,50.422,-25.234,-57.781,110.8,1,-0.4199,-0.5136,0.7455,0.0640,261.7,-34.1,0.0
1285556,2026-08-30_09-30-29.557-240,v3.6.25,3.46,12.0,400,4742,-4740,3478,3791,-4798,4621,4726,-4873,3519,4576,-4845,3884,0,0,0,-150,28,365,395.6,2602.7,1.245,0.884,-0.267,-29.391,-21.453,-4.125,369.5,1,-0.4182,-0.5157,0.7446,0.0690,261.8,-33.5,0.0
1285601,2026-08-30_09-30-29.603-240,v3.6.25,3.46,12.0,400,4742,-4740,3478,4056,-4890,4310,4726,-4873,3519,4789,-4940,3535,0,0,0,63,-67,16,93.3,614.1,1.408,0.891,-0.298,-136.219,-3.141,82.422,115.8,1,-0.4297,-0.5148,0.7361,0.0925,263.1,-32.5,0.0
1285631,2026-08-30_09-30-29.632-240,v3.6.25,3.46,12.0,400,4723,-4713,3645,3897,-4789,4630,4707,-4849,3685,4683,-4836,3875,0,0,0,-24,13,190,192.0,1262.8,1.252,0.631,-0.609,-187.797,10.984,114.531,198.5,1,-0.4469,-0.5131,0.7223,0.1236,265.0,-31.3,0.0
1285673,2026-08-30_09-30-29.675-240,v3.6.25,3.46,12.0,400,4385,-4475,4361,3897,-4789,4630,4367,-4621,4394,4683,-4836,3875,0,0,0,316,-215,-519,644.5,4240.4,1.169,0.905,-0.885,-273.922,25.672,192.609,578.4,1,-0.4741,-0.5063,0.7001,0.1698,267.5,-29.5,0.0
1285970,2026-08-30_09-30-29.971-240,v3.6.25,3.46,12.0,400,-2071,-3642,6249,-2858,-3712,5970,-2104,-3742,6258,-1865,-3778,6340,0,0,0,239,-36,82,255.2,1679.1,1.147,-1.893,0.033,48.734,-9.062,25.359,251.6,1,-0.4745,-0.4990,0.7061,0.1650,266.6,-30.4,0.0
1286076,2026-08-30_09-30-29.078-240,v3.6.25,3.46,12.0,400,-2895,-3399,6222,-3859,-3445,5785,-2931,-3487,6228,-2904,-3521,6330,0,0,0,27,-34,102,110.9,729.3,0.682,-1.458,-0.761,352.391,11.344,-251.109,130.5,1,-0.4455,-0.5078,0.7305,0.0995,264.0,-33.4,0.0
1286374,2026-08-30_09-30-30.375-240,v3.6.25,3.46,12.0,400,5074,-2760,4929,3930,-2890,5905,5045,-2919,4940,4898,-2930,5111,0,0,0,-147,-11,171,225.8,1485.3,1.256,0.919,-0.174,-106.422,-10.031,81.125,226.9,1,-0.4546,-0.5041,0.7245,0.1197,264.7,-32.5,0.0
1286403,2026-08-30_09-30-30.405-240,v3.6.25,3.46,12.0,400,4901,-2773,5213,4067,-2950,5941,4872,-2936,5222,5043,-2989,5123,0,0,0,171,-53,-99,204.6,1345.9,1.184,0.654,-0.401,-174.750,-8.203,124.531,209.1,1,-0.4690,-0.4989,0.7129,0.1516,265.8,-31.2,0.0
1286547,2026-08-30_09-30-30.548-240,v3.6.25,3.46,12.0,400,2587,-2519,6813,1502,-2679,7197,2553,-2686,6809,2688,-2714,6788,0,0,0,135,-28,-21,139.5,917.5,0.447,-0.022,-0.576,-329.828,20.344,243.312,154.5,1,-0.4991,-0.4872,0.6856,0.2086,268.2,-28.8,0.0
1286723,2026-08-30_09-30-30.724-240,v3.6.25,3.46,12.0,400,-3695,-2247,6289,-4323,-2359,5758,-3741,-2321,6282,-3395,-2444,6382,0,0,0,346,-123,100,380.6,2503.8,0.954,-1.541,0.228,100.750,16.797,-51.609,356.9,1,-0.4953,-0.4882,0.6930,0.1897,267.8,-30.1,0.0
1286761,2026-08-30_09-30-30.763-240,v3.6.25,3.46,12.0,400,-3695,-2247,6289,-4636,-2151,5799,-3741,-2321,6282,-3705,-2238,6476,0,0,0,36,83,194,214.1,1408.3,1.133,-0.955,0.040,180.031,21.094,-100.234,217.1,1,-0.4862,-0.4907,0.7059,0.1567,266.9,-32.2,0.0
1286789,2026-08-30_09-30-30.791-240,v3.6.25,3.46,12.0,400,-3269,-1915,6694,-3900,-1730,6534,-3316,-2002,6681,-2850,-1806,7066,0,0,0,466,196,385,635.5,4180.6,1.069,-0.880,-0.119,224.922,27.766,-123.469,570.7,1,-0.4742,-0.4927,0.7205,0.1152,265.5,-34.7,0.0
1287073,2026-08-30_09-30-30.074-240,v3.6.25,3.46,12.0,400,4233,-683,6236,2979,-817,7004,4188,-850,6216,4094,-859,6344,0,0,0,-94,-9,128,159.1,1046.5,0.809,1.008,0.064,183.281,-8.609,-133.141,170.9,1,-0.4572,-0.4974,0.7327,0.0819,263.8,-36.1,0.0
1287134,2026-08-30_09-30-30.135-240,v3.6.25,3.46,12.0,400,6160,-1164,4387,4667,-1126,5974,6121,-1318,4384,5612,-1173,5050,0,0,0,-509,145,666,850.7,5596.6,1.281,1.323,0.315,23.594,4.188,-23.656,751.4,1,-0.4553,-0.4986,0.7336,0.0764,263.7,-36.3,0.0
1287177,2026-08-30_09-30-31.178-240,v3.6.25,3.46,12.0,400,6160,-1164,4387,5338,-1309,5453,6121,-1318,4384,6197,-1360,4426,0,0,0,76,-42,42,96.5,634.6,1.346,1.193,0.118,-96.422,10.359,48.422,118.4,1,-0.4640,-0.4988,0.7263,0.0913,264.9,-35.7,0.0
1287205,2026-08-30_09-30-31.207-240,v3.6.25,3.46,12.0,400,6149,-1069,4512,5202,-1116,5725,6109,-1225,4508,6104,-1164,4715,0,0,0,-5,61,207,215.9,1420.1,1.188,1.201,-0.080,-172.266,12.812,100.406,218.6,1,-0.4792,-0.4969,0.7135,0.1197,266.7,-34.4,0.0
1287548,2026-08-30_09-30-31.549-240,v3.6.25,3.46,12.0,400,-2936,-332,6957,-3755,-334,6542,-2994,-421,6925,-2732,-418,7047,0,0,0,262,3,122,289.0,1901.5,0.816,-2.078,0.274,21.344,1.547,19.719,280.0,1,-0.4806,-0.4925,0.7160,0.1173,266.3,-34.9,0.0
1287606,2026-08-30_09-30-31.607-240,v3.6.25,3.46,12.0,400,-3658,-65,6818,-4979,-280,5791,-3720,-141,6784,-4088,-381,6524,0,0,0,-368,-240,-260,510.5,3358.6,0.836,-1.385,0.031,195.266,4.406,-112.609,465.9,1,-0.4664,-0.4941,0.7291,0.0823,264.5,-36.8,0.0
1287654,2026-08-30_09-30-31.655-240,v3.6.25,3.46,12.0,400,-3658,-65,6818,-4635,-33,6235,-3720,-141,6784,-3672,-128,6898,0,0,0,48,13,114,124.4,818.3,0.868,-0.697,0.058,253.766,12.922,-158.656,141.8,1,-0.4468,-0.4968,0.7432,0.0354,262.1,-39.0,0.0
1287968,2026-08-30_09-30-31.969-240,v3.6.25,3.46,12.0,400,5589,723,5165,4975,612,5946,5535,567,5137,5880,553,4967,0,0,0,345,-14,-170,384.9,2532.0,1.233,1.170,0.339,-85.312,-2.859,10.984,360.4,1,-0.4507,-0.5013,0.7371,0.0473,263.4,-38.1,0.0
1288011,2026-08-30_09-30-31.013-240,v3.6.25,3.46,12.0,400,5871,779,5011,4975,612,5946,5817,623,4983,5880,553,4967,0,0,0,63,-70,-16,95.5,628.5,1.218,0.612,0.252,-190.766,13.828,92.234,117.6,1,-0.4668,-0.5023,0.7237,0.0775,265.7,-36.7,0.0
1288051,2026-08-30_09-30-31.053-240,v3.6.25,3.46,12.0,400,5379,1061,5601,4548,904,6387,5322,900,5566,5523,848,5470,0,0,0,201,-52,-96,228.7,1504.9,0.980,-0.129,0.007,-226.641,28.203,106.281,229.4,1,-0.4863,-0.5032,0.7055,0.1119,268.6,-35.0,0.0
1288128,2026-08-30_09-30-31.130-240,v3.6.25,3.46,12.0,400,4348,1527,6360,3318,1380,7030,4287,1365,6315,4393,1324,6308,0,0,0,106,-41,-7,113.9,749.1,0.935,-0.260,0.319,-172.156,15.359,32.109,133.0,1,-0.4956,-0.5097,0.6901,0.1352,270.7,-33.1,0.0
1288420,2026-08-30_09-30-32.421-240,v3.6.25,3.46,12.0,400,-2380,2318,6963,-3306,2174,6582,-2457,2233,6903,-2327,2075,7006,0,0,0,130,-158,103,229.1,1507.0,0.797,-1.214,0.543,103.828,20.953,3.203,229.7,1,-0.4959,-0.5030,0.6978,0.1188,269.9,-34.9,0.0
1288450,2026-08-30_09-30-32.452-240,v3.6.25,3.46,12.0,400,-2145,2673,6943,-3378,2556,6496,-2224,2587,6879,-2422,2453,6934,0,0,0,-198,-134,55,245.3,1614.0,0.863,-1.033,0.426,165.547,22.234,-50.453,243.3,1,-0.4899,-0.4995,0.7088,0.0905,268.5,-37.2,0.0
1288713,2026-08-30_09-30-32.714-240,v3.6.25,3.46,12.0,400,3680,4082,5571,2524,3931,6296,3598,3957,5503,3420,3845,5725,0,0,0,-178,-112,222,305.8,2011.8,0.602,0.479,0.721,-26.062,22.672,58.016,294.1,1,-0.4985,-0.4934,0.7064,0.0954,268.8,-37.6,0.0
1288757,2026-08-30_09-30-32.758-240,v3.6.25,3.46,12.0,400,3680,4082,5571,2736,4070,6187,3598,3957,5503,3611,3982,5582,0,0,0,13,25,79,83.9,551.8,0.694,-0.039,0.827,-55.109,14.906,67.766,107.8,1,-0.5076,-0.4876,0.7025,0.1054,269.3,-37.6,0.0
1288786,2026-08-30_09-30-32.788-240,v3.6.25,3.46,12.0,400,3373,4156,5727,2342,4173,6285,3290,4032,5657,3231,4084,5745,0,0,0,-59,52,88,118.0,776.5,0.715,-0.183,0.898,-50.391,13.656,50.328,136.5,1,-0.5149,-0.4837,0.6985,0.1138,269.9,-37.5,0.0
1288830,2026-08-30_09-30-32.832-240,v3.6.25,3.46,12.0,400,3017,4244,5844,2342,4173,6285,2933,4122,5772,3231,4084,5745,0,0,0,298,-38,-27,301.6,1984.4,0.741,-0.208,0.926,-43.312,12.781,33.375,290.6,1,-0.5205,-0.4817,0.6946,0.1202,270.4,-37.4,0.0
1288866,2026-08-30_09-30-32.868-240,v3.6.25,3.46,12.0,400,3017,4244,5844,1956,4270,6343,2933,4122,5772,2853,4179,5868,0,0,0,-80,57,96,137.3,903.6,0.755,-0.423,0.878,-32.828,13.094,24.984,152.7,1,-0.5251,-0.4802,0.6914,0.1246,270.9,-37.3,0.0
1288895,2026-08-30_09-30-32.896-240,v3.6.25,3.46,12.0,400,2731,4381,5897,1702,4374,6329,2645,4262,5823,2594,4281,5897,0,0,0,-51,19,74,91.9,604.3,0.765,-0.465,0.884,-11.297,11.547,8.328,114.5,1,-0.5277,-0.4798,0.6897,0.1251,271.2,-37.4,0.0
1288947,2026-08-30_09-30-32.948-240,v3.6.25,3.46,12.0,400,2612,4434,5884,1702,4374,6329,2526,4317,5810,2594,4281,5897,0,0,0,68,-36,87,116.1,764.1,0.802,-0.395,0.918,20.953,13.578,-19.281,134.9,1,-0.5274,-0.4813,0.6899,0.1193,271.4,-37.8,0.0
1288976,2026-08-30_09-30-32.978-240,v3.6.25,3.46,12.0,400,2732,4496,5766,1704,4463,6257,2646,4381,5692,2582,4369,5827,0,0,0,-64,-12,135,149.9,986.1,0.737,-0.217,0.880,43.922,13.750,-45.219,163.2,1,-0.5244,-0.4851,0.6913,0.1088,271.5,-38.3,0.0
1289021,2026-08-30_09-30-32.023-240,v3.6.25,3.46,12.0,400,2732,4496,5766,2025,4555,6089,2646,4381,5692,2872,4459,5607,0,0,0,226,78,-85,253.7,1669.4,0.904,0.132,1.014,40.906,15.422,-37.609,250.4,1,-0.5223,-0.4880,0.6923,0.0991,271.6,-38.8,0.0
1289066,2026-08-30_09-30-32.068-240,v3.6.25,3.46,12.0,400,3019,4580,5554,2025,4555,6089,2932,4466,5480,2872,4459,5607,0,0,0,-60,-7,127,140.6,925.2,0.811,-0.752,1.060,78.250,19.953,-72.141,155.5,1,-0.5166,-0.4935,0.6950,0.0816,271.5,-39.6,0.0
1289096,2026-08-30_09-30-32.098-240,v3.6.25,3.46,12.0,400,3323,4701,5249,2385,4661,5860,3236,4590,5176,3191,4563,5322,0,0,0,-45,-27,146,155.1,1020.7,0.746,-0.655,0.816,136.906,17.203,-125.000,167.7,1,-0.5041,-0.5023,0.7005,0.0529,271.0,-40.8,0.0
1289125,2026-08-30_09-30-32.126-240,v3.6.25,3.46,12.0,400,3323,4701,5249,2385,4661,5860,3236,4590,5176,3191,4563,5322,0,0,0,-45,-27,146,155.1,1020.7,0.542,-0.049,0.540,172.547,12.422,-138.578,167.7,1,-0.4880,-0.5102,0.7079,0.0189,269.8,-42.2,0.0
1289181,2026-08-30_09-30-33.182-240,v3.6.25,3.46,12.0,400,4115,4710,4578,3290,4728,5296,4029,4604,4509,3998,4626,4616,0,0,0,-31,22,107,113.6,747.1,0.162,0.585,0.522,136.984,1.000,-91.562,132.7,1,-0.4752,-0.5135,0.7145,-0.0060,268.3,-43.2,0.0
1289237,2026-08-30_09-30-33.238-240,v3.6.25,3.46,12.0,400,5469,4444,3309,4362,4601,4633,5386,4346,3252,4958,4495,3786,0,0,0,-428,149,534,700.4,4607.8,0.510,1.687,0.869,8.672,-4.703,-21.438,625.2,1,-0.4727,-0.5157,0.7146,-0.0084,268.3,-43.2,0.0
1289284,2026-08-30_09-30-33.285-240,v3.6.25,3.46,12.0,400,5469,4444,3309,4951,4476,4207,5386,4346,3252,5477,4367,3269,0,0,0,91,21,17,94.9,624.5,0.874,1.134,0.792,-163.562,13.375,101.000,117.1,1,-0.4896,-0.5126,0.7051,0.0186,270.4,-42.2,0.0
1289315,2026-08-30_09-30-33.317-240,v3.6.25,3.46,12.0,400,5315,4537,3610,4506,4641,4655,5231,4435,3550,5105,4536,3782,0,0,0,-126,101,232,282.7,1859.7,0.869,0.525,0.772,-208.141,28.984,104.266,274.7,1,-0.5099,-0.5112,0.6900,0.0504,273.2,-40.7,0.0
1289653,2026-08-30_09-30-33.654-240,v3.6.25,3.44,12.0,400,-1165,5347,5473,-1826,5474,5253,-1264,5292,5389,-1143,5342,5451,0,0,0,121,50,62,144.9,953.0,0.517,-0.981,0.964,36.203,-5.734,20.516,159.0,1,-0.5096,-0.5059,0.6944,0.0465,272.4,-41.4,0.0
1289705,2026-08-30_09-30-33.706-240,v3.6.25,3.44,12.0,400,-1485,5358,5415,-2264,5477,5113,-1584,5308,5332,-1605,5341,5389,0,0,0,-21,33,57,69.1,454.8,0.556,-0.579,0.815,94.062,1.750,1.234,95.5,1,-0.5064,-0.4997,0.7020,0.0328,271.0,-42.7,0.0
1289733,2026-08-30_09-30-33.735-240,v3.6.25,3.44,12.0,400,-1175,5447,5398,-1900,5579,5163,-1274,5394,5314,-1234,5445,5375,0,0,0,40,51,61,89.0,585.6,0.542,-0.618,0.884,121.422,5.234,-13.094,112.1,1,-0.5013,-0.4937,0.7105,0.0142,269.2,-44.3,0.0
1289765,2026-08-30_09-30-33.767-240,v3.6.25,3.44,12.0,400,-558,5614,5333,-1900,5579,5163,-658,5555,5248,-1234,5445,5375,0,0,0,-576,-110,127,600.0,3947.4,0.536,-0.649,0.989,153.391,12.578,-43.656,541.0,1,-0.4931,-0.4895,0.7192,-0.0115,267.1,-46.1,0.0
1289808,2026-08-30_09-30-33.810-240,v3.6.25,3.44,12.0,400,-558,5614,5333,-1182,5749,5215,-658,5555,5248,-511,5618,5303,0,0,0,147,63,55,169.1,1112.7,0.483,-0.747,0.751,196.312,18.000,-94.031,179.4,1,-0.4794,-0.4888,0.7274,-0.0469,264.6,-48.0,0.0
1290069,2026-08-30_09-30-33.070-240,v3.6.25,3.44,12.0,400,5042,5731,1336,4963,5920,1834,4948,5687,1277,5050,5768,949,0,0,0,102,81,-328,352.9,2321.8,0.269,1.998,0.861,-90.078,28.562,89.156,333.6,1,-0.4937,-0.4824,0.7229,-0.0313,266.0,-48.1,0.0
1290117,2026-08-30_09-30-33.119-240,v3.6.25,3.44,12.0,400,5071,5805,1045,4963,5920,1834,4976,5767,987,5050,5768,949,0,0,0,74,1,-38,83.2,547.3,0.169,0.786,0.612,-261.453,27.828,278.234,107.3,1,-0.5279,-0.4601,0.7136,0.0204,268.4,-47.3,0.0
1290177,2026-08-30_09-30-34.178-240,v3.6.25,3.44,12.0,400,4685,5966,2074,4537,6040,2655,4589,5912,2008,4763,5897,1823,0,0,0,174,-15,-185,254.4,1673.8,0.442,-1.321,0.823,-141.641,21.109,66.625,251.0,1,-0.5404,-0.4591,0.7039,0.0422,270.5,-46.2,0.0
1290232,2026-08-30_09-30-34.234-240,v3.6.25,3.44,12.0,400,3887,6130,2940,3492,6226,3539,3789,6068,2866,3866,6090,2865,0,0,0,77,22,-1,80.1,526.9,0.231,0.273,0.850,-66.984,5.406,-78.266,104.7,1,-0.5376,-0.4741,0.6957,0.0462,272.2,-44.8,0.0
1290259,2026-08-30_09-30-34.260-240,v3.6.25,3.44,12.0,400,3420,6356,2936,2965,6521,3468,3319,6301,2859,3320,6379,2886,0,0,0,1,78,27,82.5,543.1,0.080,0.844,0.829,-113.047,-1.172,-20.281,106.7,1,-0.5399,-0.4834,0.6864,0.0608,273.9,-43.0,0.0
1290291,2026-08-30_09-30-34.293-240,v3.6.25,3.44,12.0,400,2898,6559,3132,2965,6521,3468,2795,6508,3052,3320,6379,2886,0,0,0,525,-129,-166,565.5,3720.6,0.078,0.811,0.790,-188.875,-2.359,85.234,512.1,1,-0.5523,-0.4817,0.6741,0.0922,275.6,-41.0,0.0
1290336,2026-08-30_09-30-34.338-240,v3.6.25,3.44,12.0,400,2898,6559,3132,2310,6705,3629,2795,6508,3052,2689,6561,3155,0,0,0,-106,53,103,157.0,1033.0,-0.016,-0.106,1.039,-215.594,6.047,152.969,169.2,1,-0.5709,-0.4710,0.6598,0.1300,277.1,-39.1,0.0
1290467,2026-08-30_09-30-34.468-240,v3.6.25,3.44,12.0,400,600,6805,3656,282,6902,3811,492,6773,3569,687,6750,3680,0,0,0,195,-23,111,225.6,1483.9,0.333,-0.814,1.083,34.016,23.859,45.938,226.7,1,-0.5768,-0.4630,0.6613,0.1248,277.1,-40.3,0.0
1290493,2026-08-30_09-30-34.494-240,v3.6.25,3.44,12.0,400,600,6805,3656,107,7041,3592,492,6773,3569,472,6884,3496,0,0,0,-20,111,-73,134.4,883.9,0.314,-0.675,1.009,87.016,19.906,20.828,150.2,1,-0.5790,-0.4559,0.6668,0.1109,276.7,-42.1,0.0
1290531,2026-08-30_09-30-34.533-240,v3.6.25,3.44,12.0,400,704,6899,3417,107,7041,3592,595,6871,3330,472,6884,3496,0,0,0,-123,13,166,207.0,1361.9,0.242,-0.331,1.010,146.781,15.312,-11.219,211.2,1,-0.5764,-0.4501,0.6764,0.0871,275.6,-44.5,0.0
1290559,2026-08-30_09-30-34.561-240,v3.6.25,3.44,12.0,400,1320,6946,3140,639,7102,3391,1212,6916,3055,968,6944,3209,0,0,0,-244,28,154,289.9,1907.2,0.345,0.012,0.948,168.906,14.828,-19.203,280.7,1,-0.5722,-0.4440,0.6869,0.0597,274.1,-47.1,0.0
1290760,2026-08-30_09-30-34.762-240,v3.6.25,3.44,12.0,400,4492,6115,1533,3615,6582,2465,4394,6076,1468,3796,6428,1795,0,0,0,-598,352,327,767.1,5046.7,-0.042,0.932,1.194,60.047,-16.469,32.016,681.2,1,-0.5708,-0.4359,0.6937,0.0535,272.7,-48.2,0.0
1290811,2026-08-30_09-30-34.813-240,v3.6.25,3.44,12.0,400,4492,6115,1533,4343,6236,2306,4394,6076,1468,4504,6086,1516,0,0,0,110,10,48,120.4,792.3,0.181,0.590,1.268,-28.016,-4.703,79.375,138.5,1,-0.5767,-0.4257,0.6945,0.0619,272.4,-48.5,0.0
1290838,2026-08-30_09-30-34.841-240,v3.6.25,3.44,12.0,400,4725,5952,1734,4518,6051,2577,4629,5905,1670,4730,5907,1751,0,0,0,101,2,81,129.5,851.9,0.433,0.196,1.238,-65.641,8.391,95.938,146.1,1,-0.5863,-0.4150,0.6916,0.0757,272.8,-48.4,0.0
1290876,2026-08-30_09-30-34.877-240,v3.6.25,3.44,12.0,400,4673,5889,2069,4518,6051,2577,4577,5835,2003,4730,5907,1751,0,0,0,153,72,-252,303.5,1996.5,0.405,-0.288,0.981,-72.375,21.906,72.922,292.1,1,-0.5959,-0.4081,0.6860,0.0881,273.7,-48.2,0.0
1290916,2026-08-30_09-30-34.918-240,v3.6.25,3.44,12.0,400,4673,5889,2069,4290,6027,2919,4577,5835,2003,4561,5887,2123,0,0,0,-16,52,120,131.8,866.8,0.291,-0.231,0.917,-58.500,34.375,13.516,148.0,1,-0.6023,-0.4094,0.6787,0.0945,275.2,-47.7,0.0
1290945,2026-08-30_09-30-34.946-240,v3.6.25,3.44,12.0,400,4449,6018,2226,3995,6236,2910,4352,5964,2158,4260,6093,2165,0,0,0,-92,129,7,158.6,1043.4,0.371,0.314,0.958,-84.078,40.906,13.781,170.6,1,-0.6101,-0.4121,0.6686,0.1044,277.1,-46.9,0.0
1290990,2026-08-30_09-30-34.992-240,v3.6.25,3.44,12.0,400,4095,6252,2206,3995,6236,2910,3996,6204,2135,4260,6093,2165,0,0,0,264,-111,30,288.0,1894.4,0.202,0.090,0.907,-123.297,49.031,14.359,279.1,1,-0.6193,-0.4166,0.6547,0.1196,279.4,-45.3,0.0
1291020,2026-08-30_09-30-34.022-240,v3.6.25,3.44,12.0,400,4095,6252,2206,3522,6587,2814,3996,6204,2135,3763,6438,2152,0,0,0,-233,234,17,330.7,2175.4,0.228,-0.026,0.966,-133.016,54.375,-5.000,314.9,1,-0.6276,-0.4243,0.6387,0.1349,281.7,-43.4,0.0
1291053,2026-08-30_09-30-34.055-240,v3.6.25,3.44,12.0,400,3527,6627,2191,3522,6587,2814,3424,6588,2116,3763,6438,2152,0,0,0,339,-150,36,372.4,2450.3,0.059,0.013,0.988,-134.031,54.625,-35.938,350.0,1,-0.6331,-0.4364,0.6217,0.1489,284.0,-41.1,0.0
1291081,2026-08-30_09-30-34.083-240,v3.6.25,3.44,12.0,400,2799,6957,2044,2798,7005,2581,2692,6932,1966,2990,6846,2048,0,0,0,298,-86,82,320.8,2110.6,-0.124,0.310,0.858,-148.562,49.375,-32.062,306.7,1,-0.6381,-0.4482,0.6037,0.1657,286.0,-38.5,0.0
1291286,2026-08-30_09-30-35.287-240,v3.6.25,3.44,12.0,400,-663,7292,2267,-147,7600,2188,-777,7308,2182,-35,7418,2169,0,0,0,742,110,-13,750.2,4935.7,0.108,-1.389,1.203,-81.703,4.484,21.844,667.1,1,-0.6416,-0.4478,0.5968,0.1777,286.4,-37.4,0.0
1291336,2026-08-30_09-30-35.337-240,v3.6.25,3.44,12.0,400,-663,7292,2267,-922,7535,2095,-777,7308,2182,-825,7348,2211,0,0,0,-48,40,29,68.9,453.2,0.113,-1.518,1.187,110.875,16.875,-135.266,95.3,1,-0.6307,-0.4643,0.6024,0.1544,286.7,-38.1,0.0
1291366,2026-08-30_09-30-35.368-240,v3.6.25,3.44,12.0,400,-810,7294,2246,-961,7551,2087,-924,7312,2161,-866,7364,2210,0,0,0,58,52,49,92.0,605.4,0.153,-0.802,1.059,191.328,29.859,-182.609,114.7,1,-0.6147,-0.4846,0.6114,0.1163,287.0,-39.7,0.0
1291404,2026-08-30_09-30-35.405-240,v3.6.25,3.44,12.0,400,-328,7363,2120,-961,7551,2087,-442,7378,2036,-866,7364,2210,0,0,0,-424,-14,174,458.5,3016.6,0.069,-0.006,0.901,218.938,49.562,-164.625,422.3,1,-0.6003,-0.5005,0.6195,0.0731,287.4,-42.1,0.0
1291442,2026-08-30_09-30-35.444-240,v3.6.25,3.44,12.0,400,-328,7363,2120,-305,7646,1982,-442,7378,2036,-230,7460,1995,0,0,0,212,82,-41,231.0,1519.6,-0.218,0.134,0.787,204.359,56.828,-108.891,231.3,1,-0.5903,-0.5082,0.6263,0.0336,287.5,-44.8,0.0
1291519,2026-08-30_09-30-35.521-240,v3.6.25,3.44,12.0,400,1075,7526,1007,562,7775,1465,961,7548,928,545,7585,1341,0,0,0,-416,37,413,587.4,3864.2,-0.178,0.360,0.759,190.859,31.250,-41.656,530.4,1,-0.5826,-0.5058,0.6362,0.0012,286.4,-47.7,0.0
1291581,2026-08-30_09-30-35.582-240,v3.6.25,3.44,12.0,400,1804,7425,444,1454,7733,950,1691,7449,370,1349,7540,686,0,0,0,-342,91,316,474.4,3121.4,-0.036,-0.189,0.684,185.922,2.109,-36.297,435.6,1,-0.5715,-0.5022,0.6484,-0.0280,284.3,-50.3,0.0
1291646,2026-08-30_09-30-35.648-240,v3.6.25,3.44,12.0,400,2531,7226,18,3121,7352,202,2421,7249,-49,2896,7158,-328,0,0,0,475,-91,-279,558.3,3673.3,-0.232,0.497,0.900,186.047,-32.344,-98.500,506.0,1,-0.5513,-0.5071,0.6600,-0.0569,281.4,-51.8,0.0
1291696,2026-08-30_09-30-35.697-240,v3.6.25,3.44,12.0,400,3100,7010,-391,3121,7352,202,2992,7034,-453,2896,7158,-328,0,0,0,-96,124,125,200.5,1319.4,-0.252,0.898,1.091,81.688,-57.578,-38.641,205.8,1,-0.5375,-0.5089,0.6692,-0.0657,278.9,-51.8,0.0
1291727,2026-08-30_09-30-35.729-240,v3.6.25,3.44,12.0,400,3442,6854,-445,3586,7131,101,3336,6874,-505,3348,6939,-506,0,0,0,12,65,-1,66.1,434.9,-0.284,0.711,1.134,5.500,-71.719,5.688,92.9,1,-0.5291,-0.5085,0.6766,-0.0602,277.0,-51.0,0.0
1291756,2026-08-30_09-30-35.758-240,v3.6.25,3.44,12.0,400,3442,6854,-445,3586,7131,101,3336,6874,-505,3348,6939,-506,0,0,0,12,65,-1,66.1,434.9,-0.227,0.619,1.102,-51.375,-76.688,32.078,92.9,1,-0.5250,-0.5077,0.6816,-0.0448,275.9,-49.6,0.0
1291786,2026-08-30_09-30-35.788-240,v3.6.25,3.44,12.0,400,3622,6808,18,3707,7056,599,3517,6815,-44,3557,6873,-41,0,0,0,40,58,3,70.5,463.9,-0.059,0.510,1.137,-108.297,-73.875,47.891,96.6,1,-0.5251,-0.5076,0.6828,-0.0209,275.7,-47.6,0.0
1291869,2026-08-30_09-30-35.871-240,v3.6.25,3.44,12.0,400,3007,6992,1585,3438,7081,1476,2900,6974,1510,3438,6909,860,0,0,0,538,-65,-650,846.3,5567.6,0.667,-0.168,0.930,-201.859,-9.734,75.531,747.7,1,-0.5389,-0.5081,0.6717,0.0117,278.0,-45.4,0.0
1291912,2026-08-30_09-30-35.914-240,v3.6.25,3.44,12.0,400,3007,6992,1585,2693,7206,2146,2900,6974,1510,2806,7039,1641,0,0,0,-94,65,131,173.8,1143.7,0.669,-0.625,0.940,-171.109,33.453,31.000,183.3,1,-0.5524,-0.5127,0.6564,0.0338,280.8,-43.7,0.0
1291985,2026-08-30_09-30-35.987-240,v3.6.25,3.44,12.0,400,1463,7368,1743,1786,7415,2212,1351,7368,1662,1906,7244,1861,0,0,0,555,-124,199,602.5,3963.8,-0.063,-0.066,0.707,-82.109,45.125,-118.578,543.1,1,-0.5511,-0.5336,0.6406,0.0347,283.8,-42.0,0.0
1292021,2026-08-30_09-30-35.023-240,v3.6.25,3.44,12.0,400,1463,7368,1743,999,7680,1771,1351,7368,1662,1037,7497,1565,0,0,0,-314,129,-97,353.1,2322.7,-0.110,0.495,0.683,-109.594,21.375,-80.469,333.7,1,-0.5512,-0.5501,0.6258,0.0437,286.1,-39.9,0.0
1292051,2026-08-30_09-30-35.053-240,v3.6.25,3.44,12.0,400,690,7493,1547,999,7680,1771,576,7508,1465,1037,7497,1565,0,0,0,461,-11,100,471.8,3104.3,-0.140,0.464,0.657,-159.094,-0.594,9.422,433.4,1,-0.5584,-0.5560,0.6121,0.0658,287.8,-37.6,0.0
1292160,2026-08-30_09-30-36.161-240,v3.6.25,3.44,12.0,400,-718,7397,1817,-638,7702,1617,-833,7424,1734,-627,7509,1696,0,0,0,206,85,-38,226.1,1487.3,0.021,-0.965,1.339,-95.109,-46.359,99.703,227.2,1,-0.5659,-0.5456,0.6120,0.0872,287.1,-36.7,0.0
1292191,2026-08-30_09-30-36.193-240,v3.6.25,3.44,12.0,400,-1040,7320,2033,-1171,7606,1755,-1155,7346,1949,-1135,7413,1922,0,0,0,20,67,-27,75.0,493.1,0.104,-0.997,1.283,-19.297,-51.188,66.531,100.4,1,-0.5670,-0.5362,0.6177,0.0970,285.8,-36.6,0.0
1292285,2026-08-30_09-30-36.286-240,v3.6.25,3.44,12.0,400,-236,7239,2595,-545,7476,2528,-349,7242,2509,-372,7298,2569,0,0,0,-23,56,60,85.2,560.8,0.169,-0.385,0.926,108.922,-57.391,68.734,109.0,1,-0.5634,-0.5206,0.6353,0.0896,283.1,-38.5,0.0
1292569,2026-08-30_09-30-36.570-240,v3.6.25,3.44,12.0,400,4240,6413,588,3987,6649,1639,4139,6398,526,4025,6485,925,0,0,0,-114,87,399,424.0,2789.4,-0.018,1.057,1.090,35.703,-15.750,-122.156,393.3,1,-0.5499,-0.5358,0.6358,0.0799,283.1,-37.8,0.0
1292597,2026-08-30_09-30-36.599-240,v3.6.25,3.44,12.0,400,4240,6413,588,4208,6673,1036,4139,6398,526,4141,6501,299,0,0,0,2,103,-227,249.3,1640.0,0.200,1.258,0.992,-49.938,-17.297,-70.188,246.7,1,-0.5436,-0.5476,0.6305,0.0847,283.7,-36.3,0.0
1292644,2026-08-30_09-30-36.646-240,v3.6.25,3.44,12.0,400,4095,6571,297,3840,6939,1074,3992,6565,235,3774,6764,399,0,0,0,-218,199,164,337.7,2221.5,0.246,1.109,0.673,-186.375,-19.547,26.812,320.8,1,-0.5502,-0.5523,0.6160,0.1130,285.0,-33.6,0.0
1292687,2026-08-30_09-30-36.689-240,v3.6.25,3.44,12.0,400,3598,6844,654,3840,6939,1074,3493,6838,586,3774,6764,399,0,0,0,281,-74,-187,345.6,2273.4,0.132,0.483,0.634,-254.703,-21.328,77.094,327.5,1,-0.5626,-0.5522,0.5960,0.1529,286.3,-30.1,0.0
1292752,2026-08-30_09-30-36.754-240,v3.6.25,3.44,12.0,400,2797,7117,1382,2936,7276,1663,2689,7107,1306,2964,7103,1128,0,0,0,275,-4,-178,327.6,2155.3,0.121,-0.053,0.892,-263.266,-18.188,91.359,312.4,1,-0.5755,-0.5493,0.5740,0.1939,287.3,-26.6,0.0
1292978,2026-08-30_09-30-36.979-240,v3.6.25,3.44,12.0,400,-1679,6726,3333,-1750,7099,2831,-1790,6730,3247,-1518,6922,3072,0,0,0,272,192,-175,376.1,2474.5,0.471,-1.245,1.329,34.656,-51.391,4.922,353.1,1,-0.5703,-0.5455,0.5828,0.1936,286.0,-27.0,0.0
1293016,2026-08-30_09-30-36.018-240,v3.6.25,3.44,12.0,400,-1679,6726,3333,-2045,6921,3111,-1790,6730,3247,-1761,6748,3396,0,0,0,29,18,149,152.9,1005.7,0.453,-0.879,1.083,120.859,-41.031,-38.641,165.7,1,-0.5601,-0.5444,0.5983,0.1789,284.5,-28.4,0.0
1293045,2026-08-30_09-30-36.046-240,v3.6.25,3.44,12.0,400,-1355,6653,3654,-1511,6863,3562,-1465,6645,3567,-1148,6699,3745,0,0,0,317,54,178,367.5,2418.1,0.465,-0.658,0.881,171.562,-30.656,-54.984,345.9,1,-0.5478,-0.5434,0.6168,0.1554,282.8,-30.5,0.0
1293332,2026-08-30_09-30-37.333-240,v3.6.25,3.44,12.0,400,4275,6155,2027,3893,6318,2768,4177,6108,1959,4132,6172,2044,0,0,0,-45,64,85,115.5,760.0,0.188,0.986,0.915,2.844,-36.062,9.344,134.4,1,-0.5449,-0.5411,0.6207,0.1585,282.0,-30.3,0.0
1293361,2026-08-30_09-30-37.363-240,v3.6.25,3.44,12.0,400,4631,5969,1989,4290,6078,2707,4535,5917,1923,4524,5934,1917,0,0,0,-11,17,-6,21.1,138.9,0.415,1.116,0.864,-81.578,-39.953,66.359,55.2,1,-0.5489,-0.5346,0.6180,0.1761,281.5,-29.4,0.0
1293389,2026-08-30_09-30-37.391-240,v3.6.25,3.44,12.0,400,4631,5969,1989,4290,6078,2707,4535,5917,1923,4524,5934,1917,0,0,0,-11,17,-6,21.1,138.9,0.504,0.896,0.833,-162.922,-34.750,116.594,55.2,1,-0.5595,-0.5246,0.6076,0.2065,281.5,-27.6,0.0
1293437,2026-08-30_09-30-37.439-240,v3.6.25,3.44,12.0,400,4460,5898,2566,4091,6013,3352,4364,5836,2497,4437,5878,2580,0,0,0,73,42,83,118.2,777.9,0.546,0.341,0.780,-247.625,-11.641,136.859,136.7,1,-0.5747,-0.5153,0.5859,0.2468,282.2,-24.8,0.0
1293807,2026-08-30_09-30-37.808-240,v3.6.25,3.44,12.0,400,-2701,5831,4114,-3664,5946,3367,-2806,5827,4033,-3317,5775,3925,0,0,0,-511,-52,-108,524.9,3453.1,0.260,-1.868,0.873,19.547,-57.859,17.141,477.9,1,-0.5704,-0.5095,0.5940,0.2493,280.8,-25.1,0.0
1293859,2026-08-30_09-30-37.861-240,v3.6.25,3.44,12.0,400,-3190,5717,4012,-3664,5946,3367,-3295,5721,3933,-3317,5775,3925,0,0,0,-22,54,-8,58.9,387.2,0.389,-1.216,0.717,148.562,-59.094,-81.844,86.8,1,-0.5551,-0.5118,0.6140,0.2300,279.0,-26.5,0.0
1293887,2026-08-30_09-30-37.889-240,v3.6.25,3.44,12.0,400,-2731,5669,4510,-3328,5850,3992,-2835,5656,4428,-2871,5690,4477,0,0,0,-36,34,49,69.7,458.3,0.419,-1.208,0.634,190.828,-55.078,-105.531,95.9,1,-0.5368,-0.5151,0.6366,0.2032,277.0,-28.3,0.0
1293915,2026-08-30_09-30-37.917-240,v3.6.25,3.44,12.0,400,-2731,5669,4510,-3328,5850,3992,-2835,5656,4428,-2871,5690,4477,0,0,0,-36,34,49,69.7,458.3,0.220,-1.452,0.571,252.719,-47.719,-167.844,95.9,1,-0.5111,-0.5229,0.6622,0.1637,274.6,-30.4,0.0
1294229,2026-08-30_09-30-38.230-240,v3.6.25,3.44,12.0,400,5726,4769,2101,5590,4776,2883,5641,4695,2048,5881,4649,1867,0,0,0,240,-46,-181,304.1,2000.7,1.024,2.148,0.850,-75.234,-74.969,-13.203,292.7,1,-0.5029,-0.5266,0.6615,0.1796,273.9,-28.4,0.0
1294267,2026-08-30_09-30-38.269-240,v3.6.25,3.44,12.0,400,5913,4716,1953,5590,4776,2883,5828,4643,1901,5881,4649,1867,0,0,0,53,6,-34,63.3,416.1,0.848,1.612,0.641,-234.578,-52.812,122.188,90.5,1,-0.5126,-0.5211,0.6453,0.2221,274.4,-25.5,0.0
1294615,2026-08-30_09-30-38.616-240,v3.6.25,3.45,12.0,400,-2953,4845,5260,-3544,4929,4728,-3051,4815,5182,-2941,4785,5234,0,0,0,110,-30,52,125.3,824.4,0.560,-1.134,0.841,102.703,-36.750,-4.750,142.6,1,-0.5068,-0.5146,0.6587,0.2109,272.8,-26.8,0.0
1294650,2026-08-30_09-30-38.652-240,v3.6.25,3.45,12.0,400,-2953,4845,5260,-3502,4975,4866,-3051,4815,5182,-2876,4833,5361,0,0,0,175,18,179,251.0,1651.2,0.740,-1.199,0.708,142.891,-40.156,-15.797,248.1,1,-0.4988,-0.5069,0.6759,0.1937,270.7,-28.5,0.0
1294678,2026-08-30_09-30-38.679-240,v3.6.25,3.45,12.0,400,-2388,4895,5520,-3502,4975,4866,-2485,4852,5440,-2876,4833,5361,0,0,0,-391,-19,-79,399.4,2627.3,0.552,-1.572,0.582,213.594,-43.047,-84.250,372.6,1,-0.4823,-0.5035,0.6981,0.1630,268.2,-30.6,0.0
1294706,2026-08-30_09-30-38.708-240,v3.6.25,3.45,12.0,400,-2388,4895,5520,-2705,5068,5360,-2485,4852,5440,-1995,4936,5706,0,0,0,490,84,266,563.8,3709.5,0.387,-1.525,0.329,290.859,-42.297,-181.859,510.6,1,-0.4543,-0.5070,0.7234,0.1152,265.0,-32.7,0.0
1294967,2026-08-30_09-30-38.968-240,v3.6.25,3.45,12.0,400,5439,4088,3731,4751,4093,4674,5359,3980,3675,5365,3993,3760,0,0,0,6,13,85,86.2,567.1,0.892,1.081,0.757,2.797,-57.547,-70.828,109.8,1,-0.4410,-0.5147,0.7262,0.1146,264.5,-31.5,0.0
1294997,2026-08-30_09-30-38.999-240,v3.6.25,3.45,12.0,400,5831,3911,3442,5209,3837,4439,5753,3803,3390,5788,3737,3452,0,0,0,35,-66,62,97.1,638.7,1.206,1.275,0.869,-72.188,-40.031,-26.688,118.9,1,-0.4358,-0.5223,0.7222,0.1253,265.1,-29.9,0.0
1295029,2026-08-30_09-30-38.031-240,v3.6.25,3.45,12.0,400,5758,3903,3623,5209,3837,4439,5680,3792,3570,5788,3737,3452,0,0,0,108,-55,-118,169.2,1112.9,1.255,1.011,0.748,-145.641,-11.844,10.797,179.4,1,-0.4392,-0.5307,0.7101,0.1455,266.7,-28.0,0.0
1295070,2026-08-30_09-30-38.072-240,v3.6.25,3.45,12.0,400,5758,3903,3623,5064,3955,4649,5680,3792,3570,5677,3857,3682,0,0,0,-3,65,112,129.5,852.2,1.008,0.893,0.714,-194.078,13.438,12.172,146.2,1,-0.4467,-0.5424,0.6910,0.1696,269.2,-25.7,0.0
1295100,2026-08-30_09-30-38.102-240,v3.6.25,3.45,12.0,400,5181,4307,4089,4265,4473,5019,5099,4196,4028,4931,4373,4179,0,0,0,-168,177,151,287.0,1888.0,0.560,0.568,0.422,-223.594,14.578,32.531,278.3,1,-0.4564,-0.5527,0.6685,0.1984,271.7,-23.0,0.0
1295437,2026-08-30_09-30-39.438-240,v3.6.25,3.45,12.0,400,-2548,3478,6392,-3508,3574,5893,-2634,3412,6322,-2677,3455,6366,0,0,0,-43,43,44,75.1,493.8,0.985,-0.610,0.500,129.188,-41.625,-8.781,100.4,1,-0.4484,-0.5440,0.6847,0.1848,269.6,-24.4,0.0
1295466,2026-08-30_09-30-39.468-240,v3.6.25,3.45,12.0,400,-2064,3384,6675,-3053,3427,6281,-2149,3306,6605,-2151,3317,6667,0,0,0,-2,11,62,63.0,414.5,0.983,-0.617,0.456,150.172,-30.828,4.344,90.3,1,-0.4422,-0.5323,0.7020,0.1682,267.3,-26.2,0.0
1295494,2026-08-30_09-30-39.496-240,v3.6.25,3.45,12.0,400,-2064,3384,6675,-3053,3427,6281,-2149,3306,6605,-2151,3317,6667,0,0,0,-2,11,62,63.0,414.5,1.019,-0.675,0.523,177.938,-21.266,-8.781,90.3,1,-0.4350,-0.5202,0.7203,0.1461,264.8,-28.3,0.0
1295522,2026-08-30_09-30-39.524-240,v3.6.25,3.45,12.0,400,-1340,3489,6826,-2316,3516,6596,-1424,3398,6754,-1361,3414,6848,0,0,0,63,16,94,114.3,751.9,0.830,-0.915,0.513,211.609,-11.344,-44.031,133.4,1,-0.4244,-0.5098,0.7392,0.1160,262.0,-30.6,0.0
1295846,2026-08-30_09-30-39.847-240,v3.6.25,3.45,12.0,400,6943,2773,2037,6454,2838,3297,6874,2676,2007,6857,2734,2125,0,0,0,-17,58,118,132.6,872.2,0.791,2.154,0.519,-165.594,-52.469,105.188,148.7,1,-0.4312,-0.5072,0.7311,0.1496,262.6,-28.6,0.0
1296280,2026-08-30_09-30-40.281-240,v3.6.25,3.45,12.0,400,-2538,1097,7176,-3570,1057,6801,-2606,1003,7127,-2531,967,7266,0,0,0,75,-36,139,162.0,1065.7,0.940,-0.951,0.211,157.953,-24.469,-96.484,173.4,1,-0.4159,-0.5069,0.7449,0.1236,260.7,-29.6,0.0
1296320,2026-08-30_09-30-40.322-240,v3.6.25,3.45,12.0,400,-2089,1064,7387,-3570,1057,6801,-2156,960,7338,-2531,967,7266,0,0,0,-375,7,-72,381.9,2512.6,0.912,-0.584,0.069,211.891,-13.031,-113.438,358.0,1,-0.3987,-0.5041,0.7610,0.0882,258.3,-31.2,0.0
1296436,2026-08-30_09-30-40.438-240,v3.6.25,3.45,12.0,400,660,1389,7564,-1007,1249,7670,594,1248,7511,179,1183,7675,0,0,0,-415,-65,164,450.9,2966.7,0.602,-0.317,-0.172,323.625,27.281,-237.938,415.9,1,-0.3717,-0.5069,0.7773,0.0248,255.4,-33.6,0.0
1296545,2026-08-30_09-30-40.546-240,v3.6.25,3.45,12.0,400,4733,1619,5749,3617,1536,6614,4671,1466,5707,4617,1475,5851,0,0,0,-54,9,144,154.1,1013.5,0.610,0.184,0.217,219.594,-2.719,-150.469,166.7,1,-0.3504,-0.5060,0.7880,-0.0155,252.9,-34.6,0.0
1296724,2026-08-30_09-30-40.725-240,v3.6.25,3.45,12.0,400,7586,762,1216,7223,772,2492,7533,666,1213,7529,673,1211,0,0,0,-4,7,-2,8.3,54.6,0.811,2.135,0.148,-163.312,-57.609,130.547,44.4,1,-0.3599,-0.5042,0.7847,0.0208,253.9,-32.9,0.0
1296757,2026-08-30_09-30-40.759-240,v3.6.25,3.45,12.0,400,7586,762,1216,7183,762,2909,7533,666,1213,7561,669,1625,0,0,0,28,3,412,413.0,2716.9,0.807,1.536,-0.130,-272.156,-51.484,222.609,384.0,1,-0.3809,-0.4993,0.7744,0.0778,255.8,-30.8,0.0
1297130,2026-08-30_09-30-40.131-240,v3.6.25,3.45,12.0,400,72,-149,7720,-1423,-298,7644,17,-292,7683,-209,-355,7723,0,0,0,-226,-63,40,238.0,1565.8,1.173,-0.770,0.103,147.297,1.375,-60.250,237.2,1,-0.3714,-0.4938,0.7844,0.0535,253.8,-32.0,0.0
1297176,2026-08-30_09-30-41.178-240,v3.6.25,3.45,12.0,400,72,-149,7720,-1084,-232,7740,17,-292,7683,144,-287,7758,0,0,0,127,5,75,147.6,970.9,1.166,-0.621,0.101,214.922,15.797,-98.875,161.3,1,-0.3580,-0.4869,0.7965,0.0162,251.1,-33.7,0.0
1297426,2026-08-30_09-30-41.427-240,v3.6.25,3.45,12.0,400,5982,-166,4754,4916,-145,5954,5935,-321,4738,5837,-198,4986,0,0,0,-98,123,248,293.7,1932.0,0.845,0.261,0.133,100.609,-39.406,-90.453,283.9,1,-0.3419,-0.4885,0.8028,-0.0015,249.8,-33.4,0.0
1297452,2026-08-30_09-30-41.453-240,v3.6.25,3.45,12.0,400,6393,-503,4102,5443,-548,5418,6349,-651,4094,6280,-603,4373,0,0,0,-69,48,279,291.4,1917.0,0.878,0.780,0.078,82.438,-43.906,-95.516,282.0,1,-0.3253,-0.4922,0.8072,-0.0169,248.8,-32.8,0.0
1297491,2026-08-30_09-30-41.493-240,v3.6.25,3.45,12.0,400,6393,-503,4102,5979,-813,4810,6349,-651,4094,6717,-873,3688,0,0,0,368,-222,-406,591.2,3889.6,1.246,1.632,0.222,-24.000,-41.062,-17.375,533.6,1,-0.3196,-0.4963,0.8071,-0.0125,249.1,-31.9,0.0
1297546,2026-08-30_09-30-41.547-240,v3.6.25,3.45,12.0,400,6728,-721,3622,5979,-813,4810,6686,-864,3620,6717,-873,3688,0,0,0,31,-9,68,75.3,495.2,1.112,1.589,-0.122,-219.375,-17.922,140.391,100.6,1,-0.3373,-0.4995,0.7974,0.0281,251.5,-30.7,0.0
1297572,2026-08-30_09-30-41.574-240,v3.6.25,3.45,12.0,400,6455,-627,4293,5703,-755,5342,6412,-780,4285,6531,-809,4255,0,0,0,119,-29,-30,126.1,829.6,0.950,1.058,-0.389,-287.703,-5.844,190.016,143.3,1,-0.3624,-0.5015,0.7815,0.0801,254.5,-29.1,0.0
1297601,2026-08-30_09-30-41.603-240,v3.6.25,3.45,12.0,400,6455,-627,4293,5703,-755,5342,6412,-780,4285,6531,-809,4255,0,0,0,119,-29,-30,126.1,829.6,0.595,0.399,-0.610,-319.781,-1.609,207.109,143.3,1,-0.3891,-0.5022,0.7601,0.1366,257.5,-27.0,0.0
1297861,2026-08-30_09-30-41.862-240,v3.6.25,3.45,12.0,400,-218,-747,7619,-1341,-975,7640,-268,-887,7589,-114,-1028,7706,0,0,0,154,-141,117,239.3,1574.6,1.319,-0.819,0.128,131.297,-19.328,-146.531,238.3,1,-0.3706,-0.5087,0.7694,0.1093,256.5,-27.3,0.0
1297896,2026-08-30_09-30-41.898-240,v3.6.25,3.45,12.0,400,393,-936,7600,-1341,-975,7640,344,-1084,7572,-114,-1028,7706,0,0,0,-458,56,134,480.5,3161.0,1.286,-0.318,-0.084,180.359,-6.938,-151.297,440.7,1,-0.3515,-0.5112,0.7808,0.0743,254.9,-28.2,0.0
1298124,2026-08-30_09-30-41.125-240,v3.6.25,3.45,12.0,400,4541,-1041,6023,3384,-1169,6813,4499,-1209,6008,4474,-1210,6088,0,0,0,-25,-1,80,83.8,551.5,0.746,-0.171,0.050,194.328,-6.859,-111.188,107.8,1,-0.3347,-0.5068,0.7934,0.0409,252.5,-29.3,0.0
1298361,2026-08-30_09-30-42.362-240,v3.6.25,3.45,12.0,400,7120,-2472,1285,6764,-2477,2541,7090,-2578,1316,7144,-2555,1342,0,0,0,54,23,26,64.2,422.3,1.115,1.639,-0.362,-136.938,-73.094,90.703,91.3,1,-0.3373,-0.5073,0.7898,0.0718,253.1,-27.4,0.0
1298391,2026-08-30_09-30-42.393-240,v3.6.25,3.45,12.0,400,7120,-2472,1285,6715,-2544,2758,7090,-2578,1316,7134,-2619,1562,0,0,0,44,-41,246,253.2,1666.1,1.067,1.624,-0.464,-216.281,-67.469,165.422,250.0,1,-0.3489,-0.5051,0.7805,0.1182,254.2,-25.2,0.0
1298419,2026-08-30_09-30-42.421-240,v3.6.25,3.45,12.0,400,7004,-2438,1973,6715,-2544,2758,6974,-2557,2000,7134,-2619,1562,0,0,0,160,-62,-438,470.4,3094.8,0.866,1.046,-0.743,-290.609,-57.109,232.719,432.2,1,-0.3687,-0.4998,0.7633,0.1779,255.7,-22.6,0.0
1298599,2026-08-30_09-30-42.600-240,v3.6.25,3.45,12.0,400,3699,-2334,6384,2834,-2465,6908,3665,-2505,6381,3966,-2499,6277,0,0,0,301,6,-104,318.5,2095.5,1.277,-0.235,-0.080,-161.469,-46.312,140.922,304.8,1,-0.3781,-0.4937,0.7537,0.2128,255.9,-21.1,0.0
1298713,2026-08-30_09-30-42.714-240,v3.6.25,3.45,12.0,400,1516,-3066,6799,256,-3060,7130,1484,-3221,6800,1437,-3099,6937,0,0,0,-47,122,137,189.4,1245.9,1.385,-0.663,-0.212,132.438,-9.703,-97.047,196.4,1,-0.3664,-0.4939,0.7656,0.1887,254.8,-22.0,0.0
1298756,2026-08-30_09-30-42.758-240,v3.6.25,3.45,12.0,400,1516,-3066,6799,411,-3215,7053,1484,-3221,6800,1582,-3254,6835,0,0,0,98,-33,35,109.2,718.2,1.103,-0.281,-0.388,208.062,5.609,-140.594,129.1,1,-0.3513,-0.4929,0.7817,0.1502,253.0,-23.7,0.0
1299071,2026-08-30_09-30-42.072-240,v3.6.25,3.45,12.0,400,6075,-3837,2384,5583,-4103,3233,6054,-3959,2423,6115,-4166,2222,0,0,0,61,-207,-201,294.9,1940.2,0.995,1.276,-0.269,-69.453,-51.828,49.094,284.9,1,-0.3504,-0.4912,0.7798,0.1671,252.9,-22.5,0.0
1299126,2026-08-30_09-30-42.128-240,v3.6.25,3.45,12.0,400,6089,-4012,2164,5583,-4103,3233,6070,-4130,2206,6115,-4166,2222,0,0,0,45,-36,16,59.8,393.5,1.196,0.685,-0.630,-172.500,-44.141,95.125,87.6,1,-0.3562,-0.4926,0.7685,0.1995,253.8,-20.5,0.0
1299154,2026-08-30_09-30-43.157-240,v3.6.25,3.45,12.0,400,5939,-4003,2597,5391,-4134,3635,5919,-4129,2636,5993,-4192,2647,0,0,0,74,-63,11,97.8,643.5,1.151,0.742,-0.684,-211.125,-43.797,106.531,119.5,1,-0.3630,-0.4953,0.7528,0.2372,255.0,-18.2,0.0
1299186,2026-08-30_09-30-43.188-240,v3.6.25,3.45,12.0,400,5733,-3820,3306,5391,-4134,3635,5712,-3957,3339,5993,-4192,2647,0,0,0,281,-235,-692,783.0,5151.2,1.115,0.556,-0.840,-245.062,-38.453,122.250,694.6,1,-0.3716,-0.4979,0.7321,0.2792,256.3,-15.4,0.0
1299231,2026-08-30_09-30-43.233-240,v3.6.25,3.45,12.0,400,5733,-3820,3306,5023,-3919,4359,5712,-3957,3339,5746,-3970,3416,0,0,0,34,-13,77,85.2,560.3,0.768,0.435,-0.827,-249.594,-38.078,121.406,108.9,1,-0.3794,-0.4999,0.7094,0.3209,257.4,-12.6,0.0
1299491,2026-08-30_09-30-43.492-240,v3.6.25,3.47,12.0,400,-57,-4225,6279,-1164,-4413,6227,-82,-4354,6295,-111,-4463,6301,0,0,0,-29,-109,6,113.0,743.1,1.437,-0.682,-0.356,174.984,-10.922,-94.938,132.2,1,-0.3691,-0.4968,0.7286,0.2932,256.0,-14.3,0.0
1299531,2026-08-30_09-30-43.533-240,v3.6.25,3.47,12.0,400,98,-4287,6240,-1164,-4413,6227,73,-4418,6257,-111,-4463,6301,0,0,0,-184,-45,44,194.5,1279.4,1.408,-0.566,-0.567,224.859,9.828,-117.125,200.7,1,-0.3588,-0.4928,0.7504,0.2555,254.5,-16.7,0.0
1299561,2026-08-30_09-30-43.562-240,v3.6.25,3.47,12.0,400,799,-4177,6250,-493,-4361,6397,774,-4316,6266,587,-4406,6352,0,0,0,-187,-90,86,224.6,1477.9,1.003,-0.797,-0.800,278.250,21.547,-176.984,226.0,1,-0.3430,-0.4907,0.7744,0.2047,252.5,-19.3,0.0
1299703,2026-08-30_09-30-43.704-240,v3.6.25,3.47,12.0,400,3557,-3960,5291,2500,-4111,5954,3535,-4113,5312,3500,-4150,5406,0,0,0,-35,-37,94,106.9,703.4,0.619,0.081,-0.361,187.359,2.766,-119.344,127.2,1,-0.3304,-0.4878,0.7897,0.1709,250.9,-20.8,0.0
1299806,2026-08-30_09-30-43.807-240,v3.6.25,3.47,12.0,400,4834,-4281,3850,4150,-4467,4597,4815,-4421,3884,4924,-4515,3799,0,0,0,109,-94,-85,167.2,1099.7,0.747,0.937,-0.303,41.906,-43.375,-36.578,177.7,1,-0.3209,-0.4866,0.7954,0.1660,250.0,-20.4,0.0
1299832,2026-08-30_09-30-43.833-240,v3.6.25,3.47,12.0,400,5168,-4505,3196,4564,-4691,4019,5151,-4636,3237,5243,-4744,3164,0,0,0,92,-108,-73,159.6,1049.7,0.922,0.913,-0.392,-18.172,-52.797,12.578,171.4,1,-0.3155,-0.4847,0.7971,0.1735,249.4,-19.6,0.0
1299880,2026-08-30_09-30-43.881-240,v3.6.25,3.47,12.0,400,5099,-4716,3045,4564,-4691,4019,5084,-4844,3089,5243,-4744,3164,0,0,0,159,100,75,202.3,1330.6,1.134,0.648,-0.568,-98.922,-60.406,74.141,207.2,1,-0.3156,-0.4828,0.7929,0.1966,249.4,-18.1,0.0
1299915,2026-08-30_09-30-43.916-240,v3.6.25,3.47,12.0,400,5099,-4716,3045,4373,-4893,3989,5084,-4844,3089,5051,-4946,3168,0,0,0,-33,-102,79,133.2,876.1,1.131,0.719,-0.725,-154.375,-57.453,115.547,149.2,1,-0.3204,-0.4807,0.7833,0.2295,249.7,-16.3,0.0
1299962,2026-08-30_09-30-43.963-240,v3.6.25,3.47,12.0,400,4849,-4858,3255,3925,-5035,4351,4834,-4988,3299,4668,-5084,3598,0,0,0,-166,-96,299,355.2,2336.9,0.962,0.871,-0.870,-252.672,-44.750,196.406,335.6,1,-0.3344,-0.4775,0.7629,0.2797,250.7,-14.1,0.0
1299999,2026-08-30_09-30-43.000-240,v3.6.25,3.47,12.0,400,4375,-4912,3880,3925,-5035,4351,4360,-5049,3921,4668,-5084,3598,0,0,0,308,-35,-323,447.7,2945.3,0.902,0.252,-0.924,-306.141,-25.219,231.531,413.2,1,-0.3531,-0.4738,0.7334,0.3362,252.1,-11.5,0.0
1300124,2026-08-30_09-30-43.125-240,v3.6.25,3.47,12.0,400,2619,-4781,5305,1231,-4880,5867,2601,-4926,5334,2231,-4921,5539,0,0,0,-370,5,205,423.0,2783.1,0.842,-0.632,-0.492,-103.984,-14.750,42.906,392.5,1,-0.3548,-0.4757,0.7237,0.3523,252.5,-10.3,0.0
1300176,2026-08-30_09-30-44.177-240,v3.6.25,3.47,12.0,400,2175,-4736,5493,1231,-4880,5867,2156,-4879,5521,2231,-4921,5539,0,0,0,75,-42,18,87.8,577.8,1.110,-0.496,-0.115,14.906,-28.094,-33.438,111.2,1,-0.3484,-0.4762,0.7277,0.3498,252.0,-10.0,0.0
1300206,2026-08-30_09-30-44.208-240,v3.6.25,3.47,12.0,400,2091,-4845,5404,1129,-5020,5768,2073,-4986,5433,2115,-5062,5460,0,0,0,42,-76,27,90.9,598.3,1.254,-0.454,-0.227,75.219,-24.547,-73.062,113.8,1,-0.3389,-0.4767,0.7379,0.3367,251.3,-10.3,0.0
1300235,2026-08-30_09-30-44.237-240,v3.6.25,3.47,12.0,400,2418,-4950,5078,1129,-5020,5768,2401,-5088,5111,2115,-5062,5460,0,0,0,-286,26,349,452.0,2973.5,1.127,-0.482,-0.453,144.422,-18.281,-118.234,416.8,1,-0.3261,-0.4767,0.7548,0.3111,250.2,-11.3,0.0
1300283,2026-08-30_09-30-44.284-240,v3.6.25,3.47,12.0,400,2418,-4950,5078,1558,-5141,5515,2401,-5088,5111,2503,-5184,5140,0,0,0,102,-96,29,143.0,941.1,0.896,-0.075,-0.813,215.219,-7.062,-154.438,157.5,1,-0.3112,-0.4745,0.7769,0.2727,248.6,-13.0,0.0
1300310,2026-08-30_09-30-44.312-240,v3.6.25,3.47,12.0,400,3046,-5120,4575,2336,-5302,5035,3031,-5256,4613,3202,-5347,4538,0,0,0,171,-91,-75,207.7,1366.6,0.748,0.115,-0.875,231.750,-1.875,-152.812,211.8,1,-0.2965,-0.4698,0.7986,0.2314,246.7,-14.8,0.0
1300348,2026-08-30_09-30-44.349-240,v3.6.25,3.47,12.0,400,3637,-5298,3901,2336,-5302,5035,3624,-5428,3945,3202,-5347,4538,0,0,0,-422,81,593,732.3,4817.9,0.643,0.390,-0.827,237.547,5.562,-146.891,652.0,1,-0.2827,-0.4631,0.8185,0.1889,244.6,-16.7,0.0
1300386,2026-08-30_09-30-44.388-240,v3.6.25,3.47,12.0,400,3637,-5298,3901,3002,-5477,4396,3624,-5428,3945,3761,-5527,3801,0,0,0,137,-99,-144,222.0,1460.9,0.723,0.699,-0.746,210.438,11.719,-110.234,223.8,1,-0.2728,-0.4542,0.8343,0.1524,242.5,-18.5,0.0
1300414,2026-08-30_09-30-44.415-240,v3.6.25,3.47,12.0,400,3976,-5486,3289,3375,-5685,3846,3965,-5608,3339,4044,-5740,3200,0,0,0,79,-132,-139,207.3,1364.0,0.903,0.765,-0.677,174.781,16.391,-64.547,211.4,1,-0.2674,-0.4433,0.8465,0.1241,240.4,-20.0,0.0
1300466,2026-08-30_09-30-44.467-240,v3.6.25,3.47,12.0,400,4017,-5670,2992,3375,-5685,3846,4007,-5787,3046,4044,-5740,3200,0,0,0,37,47,154,165.2,1086.9,0.994,0.574,-0.671,106.422,19.031,12.125,176.1,1,-0.2695,-0.4306,0.8542,0.1113,238.7,-21.4,0.0
1300495,2026-08-30_09-30-44.497-240,v3.6.25,3.47,12.0,400,4017,-5670,2992,3288,-5874,3695,4007,-5787,3046,3935,-5930,3068,0,0,0,-72,-143,22,161.6,1063.2,0.848,0.409,-0.486,73.812,15.016,33.344,173.1,1,-0.2731,-0.4186,0.8598,0.1047,237.2,-22.5,0.0
1300523,2026-08-30_09-30-44.524-240,v3.6.25,3.47,12.0,400,3756,-5826,3066,3288,-5874,3695,3747,-5942,3121,3935,-5930,3068,0,0,0,188,12,-53,195.7,1287.5,0.791,0.390,-0.383,49.109,8.688,19.906,201.7,1,-0.2753,-0.4107,0.8634,0.1000,236.2,-23.2,0.0
1300552,2026-08-30_09-30-44.554-240,v3.6.25,3.47,12.0,400,3480,-5931,3166,2901,-6015,3771,3471,-6046,3222,3563,-6071,3209,0,0,0,92,-25,-13,96.2,633.0,0.787,0.336,-0.475,16.594,1.688,13.312,118.2,1,-0.2767,-0.4069,0.8650,0.0989,235.8,-23.5,0.0
1300595,2026-08-30_09-30-44.597-240,v3.6.25,3.47,12.0,400,3480,-5931,3166,2741,-6063,3808,3471,-6046,3222,3411,-6119,3273,0,0,0,-60,-73,51,107.4,706.4,0.828,0.211,-0.497,-40.312,-10.938,19.062,127.6,1,-0.2776,-0.4082,0.8632,0.1059,236.1,-23.1,0.0
1300642,2026-08-30_09-30-44.644-240,v3.6.25,3.47,12.0,400,3386,-5960,3181,2741,-6063,3808,3377,-6074,3237,3411,-6119,3273,0,0,0,34,-45,36,66.9,440.2,1.078,-0.055,-0.661,-94.594,-12.656,35.625,93.6,1,-0.2805,-0.4132,0.8579,0.1210,237.2,-22.4,0.0
1300670,2026-08-30_09-30-44.672-240,v3.6.25,3.47,12.0,400,3393,-5921,3257,2737,-6067,3875,3384,-6037,3312,3418,-6122,3339,0,0,0,34,-85,27,95.4,627.9,1.044,-0.193,-0.699,-101.516,-11.422,19.938,117.6,1,-0.2824,-0.4207,0.8515,0.1351,238.5,-21.5,0.0
1300704,2026-08-30_09-30-44.705-240,v3.6.25,3.47,12.0,400,3393,-5921,3257,2737,-6067,3875,3384,-6037,3312,3418,-6122,3339,0,0,0,34,-85,27,95.4,627.9,0.869,0.161,-0.798,-102.547,-14.547,-8.219,117.6,1,-0.2818,-0.4313,0.8444,0.1467,240.0,-20.5,0.0
1300732,2026-08-30_09-30-44.734-240,v3.6.25,3.47,12.0,400,3480,-5826,3299,2797,-5965,3941,3470,-5944,3353,3488,-6019,3393,0,0,0,18,-75,40,86.9,571.6,0.621,0.538,-1.082,-126.359,-23.875,13.938,110.4,1,-0.2820,-0.4413,0.8360,0.1640,241.5,-19.1,0.0
1300761,2026-08-30_09-30-44.762-240,v3.6.25,3.47,12.0,400,3680,-5712,3307,2797,-5965,3941,3670,-5832,3360,3488,-6019,3393,0,0,0,-182,-187,33,263.0,1730.4,0.619,0.809,-1.081,-180.391,-33.156,88.156,258.2,1,-0.2873,-0.4476,0.8239,0.1958,242.9,-17.3,0.0
1300811,2026-08-30_09-30-44.813-240,v3.6.25,3.47,12.0,400,3680,-5712,3307,3001,-5823,4005,3670,-5832,3360,3700,-5876,3420,0,0,0,30,-44,60,80.2,527.8,0.550,0.714,-1.130,-287.922,-34.000,248.562,104.8,1,-0.3063,-0.4447,0.8021,0.2553,244.4,-15.3,0.0
1300841,2026-08-30_09-30-44.842-240,v3.6.25,3.47,12.0,400,3338,-5701,3805,2450,-5834,4467,3327,-5827,3854,3229,-5883,3965,0,0,0,-98,-56,111,158.3,1041.5,0.134,0.113,-1.244,-315.078,-31.734,296.969,170.3,1,-0.3281,-0.4365,0.7740,0.3205,245.5,-13.2,0.0
1301048,2026-08-30_09-30-44.049-240,v3.6.25,3.47,12.0,400,-681,-6155,4356,-1443,-6175,4297,-694,-6244,4405,-688,-6243,4467,0,0,0,6,1,62,62.3,409.9,1.031,-1.025,-0.817,178.781,-11.469,-125.484,89.7,1,-0.3167,-0.4338,0.7926,0.2884,244.1,-14.6,0.0
1301076,2026-08-30_09-30-44.078-240,v3.6.25,3.47,12.0,400,-296,-6126,4441,-1269,-6212,4373,-308,-6221,4489,-500,-6278,4512,0,0,0,-192,-57,23,201.6,1326.3,0.923,-1.031,-0.924,234.203,-1.969,-174.281,206.6,1,-0.3019,-0.4314,0.8144,0.2440,242.3,-16.3,0.0
1301125,2026-08-30_09-30-44.128-240,v3.6.25,3.47,12.0,400,-296,-6126,4441,-552,-6154,4630,-308,-6221,4489,260,-6213,4640,0,0,0,568,8,151,587.8,3867.0,0.505,-0.675,-1.163,324.500,15.109,-286.938,530.7,1,-0.2785,-0.4322,0.8395,0.1757,240.2,-18.4,0.0
1301332,2026-08-30_09-30-45.333-240,v3.6.25,3.47,12.0,400,2788,-6089,3494,2081,-6244,4008,2779,-6203,3549,2789,-6299,3581,0,0,0,10,-96,32,101.7,669.0,0.607,0.535,-0.479,-94.906,-62.469,142.594,122.8,1,-0.2823,-0.4227,0.8363,0.2056,239.6,-17.4,0.0
1301361,2026-08-30_09-30-45.363-240,v3.6.25,3.47,12.0,400,2312,-6360,3436,1527,-6474,3801,2304,-6468,3494,2203,-6533,3474,0,0,0,-101,-65,-20,121.8,801.1,0.642,0.201,-0.602,-150.516,-69.531,175.391,139.6,1,-0.2878,-0.4142,0.8279,0.2452,239.3,-15.9,0.0
1301401,2026-08-30_09-30-45.402-240,v3.6.25,3.47,12.0,400,1596,-6606,3309,1527,-6474,3801,1589,-6703,3370,2203,-6533,3474,0,0,0,614,170,104,645.5,4246.9,0.710,-0.259,-0.746,-191.203,-63.438,166.828,579.2,1,-0.2926,-0.4103,0.8144,0.2876,239.5,-13.9,0.0
1301442,2026-08-30_09-30-45.444-240,v3.6.25,3.47,12.0,400,1596,-6606,3309,776,-6808,3528,1589,-6703,3370,1411,-6873,3337,0,0,0,-178,-170,-33,248.3,1633.8,0.794,-0.381,-0.971,-197.359,-47.141,143.094,245.9,1,-0.2971,-0.4096,0.7982,0.3267,240.1,-11.9,0.0
1301471,2026-08-30_09-30-45.473-240,v3.6.25,3.47,12.0,400,1069,-6808,3101,375,-6942,3226,1062,-6895,3166,961,-7012,3112,0,0,0,-101,-117,-54,163.7,1077.1,0.857,-0.431,-0.972,-192.281,-30.062,118.469,174.9,1,-0.3013,-0.4116,0.7806,0.3611,240.9,-10.0,0.0
1301520,2026-08-30_09-30-45.522-240,v3.6.25,3.47,12.0,400,843,-6910,2964,375,-6942,3226,837,-6992,3030,961,-7012,3112,0,0,0,124,-20,82,150.0,986.8,0.854,0.062,-0.991,-183.391,-0.641,80.500,163.3,1,-0.3057,-0.4183,0.7620,0.3886,242.1,-8.1,0.0
1301550,2026-08-30_09-30-45.553-240,v3.6.25,3.47,12.0,400,843,-6910,2964,286,-7006,3139,837,-6992,3030,858,-7077,3042,0,0,0,21,-85,12,88.4,581.4,0.718,0.178,-0.951,-198.297,14.891,84.625,111.6,1,-0.3120,-0.4262,0.7400,0.4164,243.6,-6.1,0.0
1301597,2026-08-30_09-30-45.599-240,v3.6.25,3.47,12.0,400,893,-6904,2989,382,-6908,3308,887,-6987,3055,981,-6977,3190,0,0,0,94,10,135,164.8,1084.2,0.457,-0.030,-0.915,-169.641,27.859,17.297,175.8,1,-0.3134,-0.4397,0.7213,0.4338,245.3,-4.0,0.0
1301634,2026-08-30_09-30-45.636-240,v3.6.25,3.47,12.0,400,1081,-6802,3158,382,-6908,3308,1074,-6890,3222,981,-6977,3190,0,0,0,-93,-87,-32,131.3,863.9,0.498,0.162,-1.010,-134.656,22.891,-26.922,147.6,1,-0.3103,-0.4545,0.7072,0.4438,246.8,-2.0,0.0
1301664,2026-08-30_09-30-45.667-240,v3.6.25,3.47,12.0,400,1595,-6626,3250,824,-6755,3539,1588,-6722,3312,1460,-6819,3340,0,0,0,-128,-97,28,163.0,1072.5,0.765,0.245,-0.880,-126.484,22.906,2.891,174.3,1,-0.3106,-0.4652,0.6927,0.4553,248.0,-0.4,0.0
1301702,2026-08-30_09-30-45.704-240,v3.6.25,3.47,12.0,400,1595,-6626,3250,1213,-6581,3788,1588,-6722,3312,1889,-6641,3516,0,0,0,301,81,204,372.5,2450.9,0.622,-0.183,-0.630,-98.547,29.344,35.672,350.1,1,-0.3157,-0.4707,0.6797,0.4656,249.1,0.5,0.0
1301756,2026-08-30_09-30-45.758-240,v3.6.25,3.47,12.0,400,1893,-6461,3464,1213,-6581,3788,1885,-6565,3523,1889,-6641,3516,0,0,0,4,-76,-7,76.4,502.8,0.807,-0.167,-0.630,5.703,29.531,3.297,101.6,1,-0.3203,-0.4717,0.6792,0.4622,249.5,0.1,0.0
1301786,2026-08-30_09-30-45.788-240,v3.6.25,3.47,12.0,400,1912,-6312,3677,1213,-6425,4049,1903,-6420,3733,1931,-6482,3770,0,0,0,28,-62,37,77.4,509.5,0.940,-0.113,-0.586,51.812,30.438,-11.219,102.4,1,-0.3246,-0.4709,0.6840,0.4528,249.8,-1.0,0.0
1301816,2026-08-30_09-30-45.817-240,v3.6.25,3.47,12.0,400,1896,-6214,3853,1213,-6425,4049,1887,-6325,3907,1931,-6482,3770,0,0,0,44,-157,-137,213.0,1401.1,0.931,-0.262,-0.528,117.047,35.547,-52.375,216.2,1,-0.3267,-0.4699,0.6967,0.4325,249.8,-2.8,0.0
1301864,2026-08-30_09-30-45.865-240,v3.6.25,3.47,12.0,400,1896,-6214,3853,1167,-6331,4238,1887,-6325,3907,1916,-6386,3963,0,0,0,29,-61,56,87.7,577.2,1.043,0.065,-0.812,184.078,45.250,-77.172,111.1,1,-0.3286,-0.4667,0.7161,0.4018,249.5,-5.5,0.0
1301892,2026-08-30_09-30-45.894-240,v3.6.25,3.47,12.0,400,2021,-6137,3972,1296,-6202,4366,2012,-6252,4024,2064,-6256,4065,0,0,0,52,-4,41,66.3,436.4,1.116,0.110,-0.777,191.219,52.844,-57.703,93.1,1,-0.3333,-0.4607,0.7343,0.3706,249.1,-8.5,0.0
1301929,2026-08-30_09-30-45.931-240,v3.6.25,3.47,12.0,400,2081,-5965,4137,1296,-6202,4366,2070,-6083,4186,2064,-6256,4065,0,0,0,-6,-173,-121,211.2,1389.5,0.771,-0.185,-0.740,211.297,56.531,-72.141,214.7,1,-0.3368,-0.4543,0.7536,0.3350,248.4,-11.7,0.0
1301966,2026-08-30_09-30-45.968-240,v3.6.25,3.47,12.0,400,2081,-5965,4137,1299,-6051,4594,2070,-6083,4186,2103,-6103,4287,0,0,0,33,-20,101,108.1,711.3,0.506,-0.223,-0.897,236.969,50.984,-121.594,128.2,1,-0.3343,-0.4503,0.7748,0.2918,247.4,-14.8,0.0
1301993,2026-08-30_09-30-45.996-240,v3.6.25,3.47,12.0,400,2201,-5823,4256,1559,-5893,4687,2190,-5945,4303,2376,-5943,4333,0,0,0,186,2,30,188.4,1239.6,0.410,0.201,-0.899,236.828,42.531,-142.281,195.6,1,-0.3281,-0.4471,0.7947,0.2468,246.2,-17.5,0.0
1302047,2026-08-30_09-30-45.048-240,v3.6.25,3.47,12.0,400,2652,-5729,4109,1559,-5893,4687,2641,-5853,4156,2376,-5943,4333,0,0,0,-265,-90,177,331.1,2178.6,0.518,0.454,-0.687,161.531,18.656,-86.250,315.4,1,-0.3232,-0.4424,0.8078,0.2175,245.0,-19.3,0.0
1302076,2026-08-30_09-30-45.078-240,v3.6.25,3.47,12.0,400,2652,-5729,4109,2047,-5837,4548,2641,-5853,4156,2840,-5887,4113,0,0,0,199,-34,-43,206.4,1358.0,0.519,0.514,-0.556,118.312,5.125,-46.516,210.7,1,-0.3199,-0.4362,0.8174,0.1981,243.7,-20.5,0.0
1302106,2026-08-30_09-30-45.107-240,v3.6.25,3.47,12.0,400,2927,-5722,3923,2047,-5837,4548,2916,-5845,3971,2840,-5887,4113,0,0,0,-76,-42,142,166.4,1095.0,0.691,0.757,-0.360,47.812,-6.797,4.766,177.1,1,-0.3194,-0.4303,0.8219,0.1931,242.9,-21.0,0.0
1302136,2026-08-30_09-30-45.138-240,v3.6.25,3.47,12.0,400,2868,-5836,3857,2169,-5918,4411,2858,-5958,3907,2940,-5969,3959,0,0,0,82,-11,52,97.7,642.9,0.709,0.734,-0.476,-22.453,-13.969,51.719,119.5,1,-0.3224,-0.4251,0.8214,0.2015,242.5,-21.0,0.0
1302179,2026-08-30_09-30-46.182-240,v3.6.25,3.47,12.0,400,2868,-5836,3857,1896,-6003,4406,2858,-5958,3907,2667,-6055,4001,0,0,0,-191,-97,94,233.9,1539.1,0.811,0.344,-0.500,-114.625,-14.344,97.312,233.8,1,-0.3295,-0.4232,0.8134,0.2252,243.1,-20.2,0.0
1302223,2026-08-30_09-30-46.224-240,v3.6.25,3.47,12.0,400,2572,-5914,4000,1896,-6003,4406,2562,-6035,4050,2667,-6055,4001,0,0,0,105,-20,-49,117.6,773.6,1.088,-0.149,-0.849,-149.344,2.047,96.922,136.1,1,-0.3387,-0.4248,0.8010,0.2514,244.3,-19.2,0.0
1302252,2026-08-30_09-30-46.254-240,v3.6.25,3.47,12.0,400,2207,-5899,4209,1469,-6029,4585,2196,-6020,4257,2271,-6080,4249,0,0,0,75,-60,-8,96.4,634.1,1.159,-0.336,-0.802,-154.500,15.203,85.531,118.3,1,-0.3484,-0.4285,0.7867,0.2760,245.8,-18.2,0.0
1302284,2026-08-30_09-30-46.285-240,v3.6.25,3.47,12.0,400,2207,-5899,4209,1469,-6029,4585,2196,-6020,4257,2271,-6080,4249,0,0,0,75,-60,-8,96.4,634.1,1.123,-0.298,-0.664,-145.891,26.047,50.656,118.3,1,-0.3562,-0.4357,0.7720,0.2955,247.5,-17.0,0.0
1302337,2026-08-30_09-30-46.338-240,v3.6.25,3.47,12.0,400,1966,-5752,4503,1150,-5908,4840,1954,-5876,4548,1994,-5958,4552,0,0,0,40,-82,4,91.3,600.8,1.000,0.393,-0.726,-145.516,19.984,12.266,114.1,1,-0.3595,-0.4470,0.7574,0.3121,249.2,-15.4,0.0
1302366,2026-08-30_09-30-46.368-240,v3.6.25,3.47,12.0,400,2054,-5552,4698,1183,-5680,5103,2041,-5680,4739,2068,-5727,4803,0,0,0,27,-47,64,83.9,551.8,0.883,0.616,-0.782,-180.734,13.719,46.016,107.8,1,-0.3647,-0.4562,0.7389,0.3359,250.9,-13.4,0.0
1302395,2026-08-30_09-30-46.396-240,v3.6.25,3.47,12.0,400,2077,-5381,4910,1183,-5680,5103,2062,-5513,4948,2068,-5727,4803,0,0,0,6,-214,-145,258.6,1701.1,0.783,0.550,-0.891,-216.375,6.438,99.000,254.4,1,-0.3733,-0.4609,0.7159,0.3683,252.4,-11.2,0.0
1302443,2026-08-30_09-30-46.445-240,v3.6.25,3.47,12.0,400,2077,-5381,4910,1148,-5496,5303,2062,-5513,4948,2063,-5542,5004,0,0,0,1,-29,56,63.1,414.9,0.567,-0.032,-0.842,-229.469,-6.219,152.984,90.4,1,-0.3847,-0.4585,0.6904,0.4064,253.3,-9.1,0.0
1302470,2026-08-30_09-30-46.471-240,v3.6.25,3.47,12.0,400,1598,-5327,5149,484,-5465,5441,1582,-5458,5185,1422,-5512,5253,0,0,0,-160,-54,68,182.0,1197.7,0.591,-0.109,-0.753,-212.938,-10.297,158.141,190.2,1,-0.3956,-0.4530,0.6653,0.4424,253.8,-7.2,0.0
1302511,2026-08-30_09-30-46.512-240,v3.6.25,3.47,12.0,400,807,-5392,5253,484,-5465,5441,791,-5515,5289,1422,-5512,5253,0,0,0,631,3,-36,632.0,4158.1,0.947,-0.355,-0.504,-168.891,-7.250,153.109,567.9,1,-0.4067,-0.4446,0.6434,0.4721,254.0,-5.9,0.0
1302571,2026-08-30_09-30-46.572-240,v3.6.25,3.47,12.0,400,21,-5445,5248,-422,-5522,5335,4,-5558,5284,499,-5574,5304,0,0,0,495,-16,20,495.7,3260.9,1.091,-0.638,-0.324,-12.422,1.984,21.984,453.4,1,-0.4094,-0.4425,0.6416,0.4743,254.0,-6.1,0.0
1302601,2026-08-30_09-30-46.603-240,v3.6.25,3.47,12.0,400,21,-5445,5248,-1074,-5559,5232,4,-5558,5284,-170,-5616,5316,0,0,0,-174,-58,32,186.2,1224.9,1.013,-0.624,-0.243,71.562,7.328,-54.375,193.7,1,-0.4070,-0.4446,0.6509,0.4615,254.0,-6.9,0.0
1302630,2026-08-30_09-30-46.631-240,v3.6.25,3.47,12.0,400,-167,-5436,5269,-1074,-5559,5232,-184,-5547,5305,-170,-5616,5316,0,0,0,14,-69,11,71.3,468.8,1.146,-0.365,-0.333,135.922,17.359,-106.469,97.3,1,-0.4021,-0.4493,0.6677,0.4367,254.0,-8.3,0.0
1302657,2026-08-30_09-30-46.659-240,v3.6.25,3.47,12.0,400,-167,-5436,5269,-884,-5494,5372,-184,-5547,5305,42,-5548,5420,0,0,0,226,-1,115,253.6,1668.3,1.123,-0.145,-0.545,182.078,29.703,-142.516,250.3,1,-0.3955,-0.4556,0.6885,0.4024,253.9,-10.3,0.0
1302704,2026-08-30_09-30-46.706-240,v3.6.25,3.47,12.0,400,298,-5310,5387,-89,-5270,5668,280,-5429,5421,884,-5318,5572,0,0,0,604,111,151,632.4,4160.6,1.236,0.214,-0.670,214.953,55.938,-157.125,568.2,1,-0.3905,-0.4622,0.7099,0.3603,254.1,-12.8,0.0
1302982,2026-08-30_09-30-46.983-240,v3.6.25,3.47,12.0,400,5387,-4181,3286,4360,-4197,4621,5368,-4315,3323,5133,-4246,3786,0,0,0,-235,69,463,523.8,3446.0,0.824,1.236,0.037,17.078,2.219,2.438,477.0,1,-0.3918,-0.4603,0.7116,0.3581,254.0,-13.2,0.0
1303021,2026-08-30_09-30-46.023-240,v3.6.25,3.47,12.0,400,5387,-4181,3286,4679,-4341,4242,5368,-4315,3323,5390,-4393,3362,0,0,0,22,-78,39,89.9,591.7,0.941,0.952,-0.203,-73.297,1.234,53.656,112.9,1,-0.3969,-0.4587,0.7034,0.3705,254.3,-12.6,0.0
1303061,2026-08-30_09-30-46.063-240,v3.6.25,3.47,12.0,400,5327,-4213,3433,4533,-4302,4515,5308,-4350,3469,5290,-4351,3653,0,0,0,-18,-1,184,184.9,1216.3,1.071,0.702,-0.404,-147.219,3.172,91.141,192.6,1,-0.4047,-0.4576,0.6867,0.3940,255.0,-11.3,0.0
1303101,2026-08-30_09-30-46.102-240,v3.6.25,3.47,12.0,400,5090,-4046,3986,4533,-4302,4515,5070,-4191,4017,5290,-4351,3653,0,0,0,220,-160,-364,454.4,2989.6,0.855,0.891,-0.659,-208.828,1.234,128.312,418.8,1,-0.4144,-0.4553,0.6622,0.4271,255.8,-9.2,0.0
1303131,2026-08-30_09-30-46.133-240,v3.6.25,3.47,12.0,400,5090,-4046,3986,4080,-4071,5228,5070,-4191,4017,4955,-4113,4426,0,0,0,-115,78,409,432.0,2841.8,0.670,0.694,-0.968,-265.656,-2.953,185.469,400.0,1,-0.4272,-0.4483,0.6292,0.4697,256.4,-6.7,0.0
1303394,2026-08-30_09-30-47.396-240,v3.6.25,3.47,12.0,400,-2469,-3910,6034,-2765,-4098,5836,-2500,-4002,6047,-1787,-4163,6193,0,0,0,713,-161,146,745.4,4903.9,1.360,-1.341,-0.173,129.359,-0.297,-54.781,663.0,1,-0.4256,-0.4468,0.6452,0.4505,256.1,-8.4,0.0
1303442,2026-08-30_09-30-47.443-240,v3.6.25,3.47,12.0,400,-2469,-3910,6034,-3439,-3963,5662,-2500,-4002,6047,-2494,-4035,6139,0,0,0,6,-33,92,97.9,644.2,1.479,-0.578,-0.315,239.922,28.844,-157.094,119.6,1,-0.4190,-0.4525,0.6728,0.4088,255.9,-11.2,0.0
1303467,2026-08-30_09-30-47.469-240,v3.6.25,3.47,12.0,400,-1806,-3616,6522,-2736,-3643,6328,-1838,-3725,6529,-1682,-3704,6668,0,0,0,156,21,139,210.0,1381.5,1.307,-0.517,-0.534,260.750,44.938,-178.000,213.7,1,-0.4113,-0.4592,0.6999,0.3607,255.7,-14.2,0.0
1303810,2026-08-30_09-30-47.811-240,v3.6.25,3.47,12.0,400,5623,-2821,4164,5032,-3035,4949,5595,-2971,4181,5838,-3083,3989,0,0,0,243,-112,-192,329.3,2166.6,1.214,1.189,-0.232,-107.438,-42.547,34.281,313.8,1,-0.4086,-0.4593,0.6916,0.3793,255.5,-12.5,0.0
1303856,2026-08-30_09-30-47.857-240,v3.6.25,3.47,12.0,400,5773,-2910,4003,5032,-3035,4949,5746,-3059,4022,5838,-3083,3989,0,0,0,92,-24,-33,100.6,662.1,1.198,1.068,-0.334,-200.297,-36.828,70.000,121.9,1,-0.4082,-0.4613,0.6721,0.4110,255.8,-9.8,0.0
1303885,2026-08-30_09-30-47.887-240,v3.6.25,3.47,12.0,400,5573,-2786,4478,4748,-2927,5397,5545,-2942,4492,5630,-2971,4475,0,0,0,85,-29,-17,91.4,601.4,1.074,0.966,-0.558,-250.875,-31.469,100.500,114.2,1,-0.4098,-0.4624,0.6452,0.4494,256.2,-6.5,0.0
1303918,2026-08-30_09-30-47.919-240,v3.6.25,3.47,12.0,400,5573,-2786,4478,4748,-2927,5397,5545,-2942,4492,5630,-2971,4475,0,0,0,85,-29,-17,91.4,601.4,0.763,0.626,-0.784,-292.703,-25.031,127.547,114.2,1,-0.4130,-0.4620,0.6111,0.4925,256.6,-2.8,0.0
1304180,2026-08-30_09-30-48.181-240,v3.6.25,3.47,12.0,400,-2958,-2408,6605,-4079,-2359,6064,-3001,-2499,6598,-3098,-2439,6639,0,0,0,-97,60,41,121.2,797.4,1.286,-1.066,-0.047,190.000,15.891,-110.812,139.2,1,-0.4088,-0.4648,0.6350,0.4622,256.4,-5.1,0.0
1304210,2026-08-30_09-30-48.212-240,v3.6.25,3.47,12.0,400,-2777,-2141,6847,-4079,-2359,6064,-2822,-2238,6836,-3098,-2439,6639,0,0,0,-276,-201,-197,394.2,2593.4,1.261,-0.491,-0.200,233.922,26.938,-136.922,368.3,1,-0.4035,-0.4680,0.6626,0.4233,256.2,-8.0,0.0
1304618,2026-08-30_09-30-48.619-240,v3.6.25,3.46,12.0,400,7361,-1016,1871,6708,-1106,3478,7321,-1131,1883,7222,-1180,2264,0,0,0,-99,-49,381,396.7,2609.8,0.988,2.047,0.005,-110.609,-46.938,21.109,370.4,1,-0.3982,-0.4687,0.6533,0.4415,255.8,-6.1,0.0
1304654,2026-08-30_09-30-48.657-240,v3.6.25,3.46,12.0,400,7361,-1016,1871,6938,-1027,3226,7321,-1131,1883,7407,-1104,1978,0,0,0,86,27,95,131.0,861.6,0.704,1.740,-0.505,-223.734,-53.672,116.000,147.4,1,-0.3994,-0.4642,0.6291,0.4787,255.5,-3.3,0.0
1304976,2026-08-30_09-30-48.977-240,v3.6.25,3.46,12.0,400,-2428,-1321,7095,-3500,-1373,6801,-2478,-1424,7073,-2411,-1446,7258,0,0,0,67,-22,185,198.0,1302.5,1.325,-0.744,0.159,150.734,6.984,-58.250,203.6,1,-0.3987,-0.4619,0.6474,0.4567,255.1,-5.4,0.0
1305071,2026-08-30_09-30-48.072-240,v3.6.25,3.46,12.0,400,-1613,-947,7481,-2702,-978,7285,-1664,-1067,7453,-1537,-1042,7593,0,0,0,127,25,140,190.7,1254.4,1.244,-0.176,-0.211,264.938,49.625,-122.734,197.5,1,-0.3984,-0.4624,0.6759,0.4129,255.1,-9.0,0.0
1305436,2026-08-30_09-30-49.437-240,v3.6.25,3.46,12.0,400,7471,361,1842,7019,301,3153,7421,251,1839,7449,214,1891,0,0,0,28,-37,52,69.7,458.5,0.651,2.220,-0.229,-211.344,-47.203,121.484,95.9,1,-0.4012,-0.4581,0.6535,0.4496,254.9,-6.5,0.0
1305462,2026-08-30_09-30-49.463-240,v3.6.25,3.46,12.0,400,7316,573,2554,6882,455,3684,7265,450,2544,7400,374,2433,0,0,0,135,-76,-111,190.6,1253.8,0.548,1.788,-0.535,-300.641,-48.281,209.156,197.4,1,-0.4099,-0.4475,0.6171,0.5009,254.7,-3.3,0.0
1305496,2026-08-30_09-30-49.498-240,v3.6.25,3.46,12.0,400,7316,573,2554,6882,455,3684,7265,450,2544,7400,374,2433,0,0,0,135,-76,-111,190.6,1253.8,0.281,0.638,-0.893,-370.703,-45.453,287.594,197.4,1,-0.4228,-0.4296,0.5674,0.5610,254.1,0.1,0.0
1305552,2026-08-30_09-30-49.554-240,v3.6.25,3.46,12.0,400,6408,844,4643,5578,747,5640,6354,689,4617,6427,686,4565,0,0,0,73,-3,-52,89.7,590.0,0.155,0.476,-0.508,-357.766,-53.047,307.172,112.7,1,-0.4349,-0.4052,0.5152,0.6175,252.9,3.0,0.0
1305784,2026-08-30_09-30-49.785-240,v3.6.25,3.46,12.0,400,-3890,277,6666,-4999,150,5793,-3955,208,6629,-4116,45,6529,0,0,0,-161,-163,-100,250.0,1644.6,1.213,-1.022,0.022,200.266,13.938,-111.578,247.2,1,-0.4351,-0.4104,0.5434,0.5890,253.5,0.6,0.0
1305812,2026-08-30_09-30-49.814-240,v3.6.25,3.46,12.0,400,-3890,277,6666,-4433,459,6388,-3955,208,6629,-3453,363,7012,0,0,0,502,155,383,650.2,4277.4,1.203,-0.756,-0.031,234.469,24.609,-129.344,583.1,1,-0.4353,-0.4164,0.5747,0.5539,254.1,-2.2,0.0
1305966,2026-08-30_09-30-49.967-240,v3.6.25,3.46,12.0,400,1158,1744,7403,-712,1582,7643,1090,1601,7348,463,1515,7597,0,0,0,-627,-86,249,680.1,4474.3,0.408,0.487,-0.125,303.000,29.953,-219.141,608.2,1,-0.4282,-0.4286,0.6153,0.5043,254.5,-5.4,0.0
1306022,2026-08-30_09-30-49.024-240,v3.6.25,3.46,12.0,400,3565,1962,6463,2145,1892,7177,3499,1810,6412,3235,1830,6652,0,0,0,-264,20,240,357.3,2351.0,0.493,0.510,0.278,223.562,14.781,-177.797,337.3,1,-0.4191,-0.4378,0.6447,0.4660,254.5,-7.6,0.0
1306194,2026-08-30_09-30-50.195-240,v3.6.25,3.46,12.0,400,6850,2131,3171,6451,1876,3911,6787,2008,3140,6979,1787,2726,0,0,0,192,-221,-414,507.1,3335.9,0.411,1.634,-0.380,-269.312,-38.734,185.156,463.0,1,-0.4257,-0.4281,0.6116,0.5113,254.2,-4.8,0.0
1306497,2026-08-30_09-30-50.498-240,v3.6.25,3.46,12.0,400,-2504,2149,6976,-3244,2386,6668,-2580,2064,6917,-2254,2287,7079,0,0,0,326,223,162,426.9,2808.6,1.256,-0.950,0.425,149.156,33.953,-95.094,395.7,1,-0.4252,-0.4336,0.6291,0.4852,254.7,-6.6,0.0
1306546,2026-08-30_09-30-50.547-240,v3.6.25,3.46,12.0,400,-2054,2419,7055,-3244,2386,6668,-2131,2328,6993,-2254,2287,7079,0,0,0,-123,-41,86,155.6,1023.6,1.157,-0.514,0.448,213.828,45.406,-114.344,168.0,1,-0.4255,-0.4380,0.6525,0.4488,255.1,-9.3,0.0
1306837,2026-08-30_09-30-50.838-240,v3.6.25,3.46,12.0,400,5937,3605,3515,5089,3744,4566,5861,3493,3466,5692,3646,3597,0,0,0,-169,153,131,262.9,1729.8,0.731,1.087,0.754,-5.812,-29.281,8.781,258.1,1,-0.4232,-0.4349,0.6537,0.4521,254.5,-9.2,0.0
1306863,2026-08-30_09-30-50.864-240,v3.6.25,3.46,12.0,400,5937,3605,3515,5373,3510,4546,5861,3493,3466,5977,3414,3529,0,0,0,116,-79,63,153.8,1012.1,0.868,1.244,0.849,-60.141,-36.266,35.797,166.6,1,-0.4213,-0.4313,0.6489,0.4641,254.0,-8.4,0.0
1306901,2026-08-30_09-30-50.903-240,v3.6.25,3.46,12.0,400,5977,3463,3672,5373,3510,4546,5903,3347,3623,5977,3414,3529,0,0,0,74,67,-94,137.1,902.1,0.819,1.542,0.446,-161.484,-49.594,91.656,152.5,1,-0.4202,-0.4259,0.6321,0.4925,253.4,-6.4,0.0
1306928,2026-08-30_09-30-50.931-240,v3.6.25,3.46,12.0,400,5539,3454,4457,5072,3427,5051,5464,3326,4403,5765,3338,4073,0,0,0,301,12,-330,446.8,2939.6,0.659,1.235,0.100,-246.531,-55.500,158.094,412.4,1,-0.4218,-0.4162,0.6029,0.5342,252.6,-3.7,0.0
1307019,2026-08-30_09-30-50.021-240,v3.6.25,3.46,12.0,400,4217,3407,5839,3726,3381,6219,4141,3266,5777,4621,3303,5444,0,0,0,480,37,-333,585.4,3851.1,0.221,0.378,-0.374,-426.312,-31.672,311.328,528.7,1,-0.4327,-0.3982,0.5428,0.5997,252.0,0.4,0.0
1307076,2026-08-30_09-30-50.078-240,v3.6.25,3.46,12.0,400,1808,3209,6983,1080,3188,7131,1730,3074,6915,2135,3112,6788,0,0,0,405,38,-127,426.1,2803.6,-0.258,-0.650,-0.642,-472.844,5.656,412.234,395.1,1,-0.4509,-0.3711,0.4640,0.6661,251.4,4.4,0.0
1307246,2026-08-30_09-30-51.247-240,v3.6.25,3.46,12.0,400,-6006,2525,3946,-6446,2658,2960,-6092,2552,3900,-6104,2489,4009,0,0,0,-12,-63,109,126.5,832.0,0.766,-1.775,0.473,122.203,-8.625,-47.109,143.6,1,-0.4536,-0.3711,0.4818,0.6514,251.7,2.7,0.0
1307286,2026-08-30_09-30-51.288-240,v3.6.25,3.46,12.0,400,-6006,2525,3946,-6373,2835,3082,-6092,2552,3900,-6014,2667,4115,0,0,0,78,115,215,256.0,1684.2,0.798,-1.541,0.435,218.875,2.984,-113.047,252.3,1,-0.4556,-0.3762,0.5135,0.6223,252.4,0.0,0.0
1307545,2026-08-30_09-30-51.546-240,v3.6.25,3.46,12.0,400,3272,4779,5098,1968,4785,5838,3184,4673,5025,2767,4684,5372,0,0,0,-417,11,347,542.6,3569.8,-0.055,0.245,0.155,303.828,20.625,-271.766,492.8,1,-0.4447,-0.3975,0.5608,0.5743,253.2,-2.4,0.0
1307602,2026-08-30_09-30-51.603-240,v3.6.25,3.46,12.0,400,4895,4697,3564,4048,4752,4588,4809,4602,3502,4633,4643,3795,0,0,0,-176,41,293,344.2,2264.8,-0.002,1.909,0.705,182.891,12.406,-206.297,326.4,1,-0.4323,-0.4143,0.5899,0.5417,253.5,-3.5,0.0
1307657,2026-08-30_09-30-51.658-240,v3.6.25,3.46,12.0,400,6122,4686,1153,5551,4667,2858,6037,4627,1107,5840,4540,1849,0,0,0,-197,-87,742,772.6,5083.0,0.269,2.599,0.652,-74.797,-6.891,4.094,685.9,1,-0.4286,-0.4175,0.5819,0.5509,253.5,-2.2,0.0
1307706,2026-08-30_09-30-51.708-240,v3.6.25,3.46,12.0,400,6122,4686,1153,5922,4802,2212,6037,4627,1107,6097,4667,1155,0,0,0,60,40,48,86.6,569.9,0.368,1.790,0.197,-280.484,-20.328,180.984,110.1,1,-0.4330,-0.4085,0.5427,0.5926,253.1,0.8,0.0
1308064,2026-08-30_09-30-51.065-240,v3.6.25,3.46,12.0,400,-3252,4870,4945,-3890,5015,4403,-3351,4851,4869,-3345,4864,4976,0,0,0,6,13,107,108.0,710.2,0.635,-1.253,0.881,92.938,-4.922,22.125,128.0,1,-0.4404,-0.4012,0.5525,0.5830,253.1,-1.1,0.0
1308090,2026-08-30_09-30-51.091-240,v3.6.25,3.46,12.0,400,-3074,5073,4894,-3784,5223,4332,-3174,5053,4816,-3256,5070,4888,0,0,0,-82,17,72,110.4,726.6,0.702,-1.124,0.776,146.703,-4.047,-3.922,130.1,1,-0.4476,-0.3943,0.5693,0.5657,253.2,-3.6,0.0
1308127,2026-08-30_09-30-51.128-240,v3.6.25,3.46,12.0,400,-3074,5073,4894,-3784,5223,4332,-3174,5053,4816,-3256,5070,4888,0,0,0,-82,17,72,110.4,726.6,0.710,-0.813,0.773,207.609,-0.469,-35.141,130.1,1,-0.4545,-0.3882,0.5935,0.5389,253.3,-7.0,0.0
1308156,2026-08-30_09-30-52.158-240,v3.6.25,3.46,12.0,400,-2300,5423,5008,-3022,5572,4628,-2401,5393,4926,-2449,5425,5046,0,0,0,-48,32,120,133.1,876.0,0.598,-1.017,0.754,236.938,3.125,-49.438,149.2,1,-0.4609,-0.3822,0.6202,0.5068,253.3,-10.6,0.0
1308418,2026-08-30_09-30-52.419-240,v3.6.25,3.46,12.0,400,5095,5247,2646,4262,5413,3752,5005,5172,2584,4690,5288,2942,0,0,0,-315,116,358,490.8,3228.7,0.435,1.720,1.078,7.375,-0.234,25.391,449.3,1,-0.4640,-0.3788,0.6198,0.5070,253.3,-11.0,0.0
1308446,2026-08-30_09-30-52.448-240,v3.6.25,3.46,12.0,400,5095,5247,2646,4836,5210,3458,5005,5172,2584,5217,5085,2557,0,0,0,212,-87,-27,230.7,1518.0,0.710,1.723,0.912,-102.922,6.297,108.844,231.1,1,-0.4714,-0.3714,0.6038,0.5247,253.5,-10.3,0.0
1308496,2026-08-30_09-30-52.498-240,v3.6.25,3.46,12.0,400,5234,5141,2711,4434,5262,4070,5145,5062,2650,4920,5144,3223,0,0,0,-225,82,573,621.0,4085.7,0.518,0.876,0.530,-253.969,26.719,225.250,558.6,1,-0.4847,-0.3581,0.5640,0.5645,254.0,-8.2,0.0
1308769,2026-08-30_09-30-52.770-240,v3.6.25,3.46,12.0,400,-2130,6684,3028,-2044,6749,3260,-2241,6700,2945,-1731,6579,3541,0,0,0,510,-121,596,793.7,5221.7,0.122,-1.990,1.292,48.312,51.469,-21.047,703.6,1,-0.4906,-0.3636,0.5659,0.5540,255.1,-8.8,0.0
1308864,2026-08-30_09-30-52.865-240,v3.6.25,3.46,12.0,400,-1833,6883,2873,-1890,7195,2574,-1945,6899,2789,-1704,7013,2845,0,0,0,241,114,56,272.4,1792.2,0.090,-0.723,0.745,289.953,48.562,-183.844,266.1,1,-0.4909,-0.3779,0.6003,0.5058,256.3,-11.9,0.0
1309071,2026-08-30_09-30-52.072-240,v3.6.25,3.46,12.0,400,2282,7343,439,2774,7458,471,2171,7361,367,2593,7266,-6,0,0,0,422,-95,-373,571.2,3757.7,-0.399,0.891,0.777,98.844,3.484,13.641,516.8,1,-0.4970,-0.3721,0.6093,0.4932,256.4,-13.8,0.0
1309119,2026-08-30_09-30-52.121-240,v3.6.25,3.46,12.0,400,2787,7150,-13,2774,7458,471,2678,7170,-79,2593,7266,-6,0,0,0,-85,96,73,147.5,970.7,-0.277,0.401,1.214,15.391,-26.984,98.672,161.3,1,-0.5047,-0.3566,0.6089,0.4974,255.8,-15.1,0.0
1309161,2026-08-30_09-30-53.163-240,v3.6.25,3.46,12.0,400,3289,6967,129,3310,7229,643,3182,6977,63,3163,7043,69,0,0,0,-19,66,6,68.9,453.6,-0.246,-0.041,1.547,-1.016,-34.344,73.266,95.3,1,-0.5082,-0.3443,0.6086,0.5027,255.2,-15.8,0.0
1309190,2026-08-30_09-30-53.191-240,v3.6.25,3.46,12.0,400,3632,6795,553,3621,7017,1075,3527,6791,486,3553,6840,437,0,0,0,26,49,-49,74.0,486.9,-0.056,0.098,1.523,1.906,-31.609,30.984,99.6,1,-0.5081,-0.3376,0.6102,0.5055,254.6,-16.2,0.0
1309237,2026-08-30_09-30-53.239-240,v3.6.25,3.46,12.0,400,3739,6739,725,3621,7017,1075,3635,6729,658,3553,6840,437,0,0,0,-82,111,-221,260.5,1714.1,0.354,0.349,1.417,-40.141,-10.984,34.062,256.1,1,-0.5086,-0.3342,0.6057,0.5126,254.4,-15.9,0.0
1309286,2026-08-30_09-30-53.288-240,v3.6.25,3.46,12.0,400,3739,6739,725,3685,6929,1381,3635,6729,658,3672,6758,725,0,0,0,37,29,67,81.8,538.5,0.365,-0.037,1.165,-91.156,18.609,37.297,106.1,1,-0.5099,-0.3354,0.5934,0.5247,254.7,-14.7,0.0
1309314,2026-08-30_09-30-53.315-240,v3.6.25,3.46,12.0,400,3613,6791,952,3483,7017,1548,3508,6778,883,3497,6847,923,0,0,0,-11,69,40,80.5,529.7,0.386,-0.176,0.916,-79.734,32.531,-23.578,105.0,1,-0.5073,-0.3450,0.5840,0.5316,255.3,-13.0,0.0
1309357,2026-08-30_09-30-53.359-240,v3.6.25,3.46,12.0,400,3219,6948,897,3483,7017,1548,3112,6942,826,3497,6847,923,0,0,0,385,-95,97,408.2,2685.8,0.309,0.160,0.675,-74.500,41.062,-99.375,380.1,1,-0.4982,-0.3648,0.5778,0.5338,256.0,-10.7,0.0
1309390,2026-08-30_09-30-53.392-240,v3.6.25,3.46,12.0,400,3219,6948,897,3016,7296,1274,3112,6942,826,2977,7118,735,0,0,0,-135,176,-91,239.8,1577.3,0.302,0.434,0.588,-104.062,44.172,-114.188,238.7,1,-0.4860,-0.3879,0.5687,0.5385,256.8,-7.8,0.0
1309420,2026-08-30_09-30-53.421-240,v3.6.25,3.46,12.0,400,2574,7251,609,2216,7649,810,2464,7261,537,2089,7458,419,0,0,0,-375,197,-118,439.7,2892.9,0.227,0.463,0.634,-141.219,47.031,-107.906,406.5,1,-0.4726,-0.4117,0.5545,0.5474,257.6,-4.2,0.0
1309653,2026-08-30_09-30-53.654-240,v3.6.25,3.46,12.0,400,-1886,7304,-124,-2003,7548,-866,-2003,7387,-193,-2419,7313,-492,0,0,0,-416,-74,-299,517.6,3405.4,-0.240,-1.419,1.396,-16.719,30.953,-21.172,471.9,1,-0.4728,-0.4179,0.5513,0.5458,258.2,-3.7,0.0
1309705,2026-08-30_09-30-53.706-240,v3.6.25,3.46,12.0,400,-2322,7169,-421,-2003,7548,-866,-2439,7263,-487,-2419,7313,-492,0,0,0,20,50,-5,54.1,355.8,-0.114,-0.409,1.131,89.562,38.078,-52.078,82.8,1,-0.4750,-0.4239,0.5604,0.5297,259.1,-4.8,0.0
1309732,2026-08-30_09-30-53.734-240,v3.6.25,3.46,12.0,400,-2402,7126,-604,-2068,7512,-1004,-2519,7225,-669,-2507,7275,-616,0,0,0,12,50,53,73.8,485.8,-0.134,-0.202,1.052,107.625,42.344,-31.734,99.4,1,-0.4805,-0.4270,0.5701,0.5117,259.9,-6.4,0.0
1309765,2026-08-30_09-30-53.766-240,v3.6.25,3.46,12.0,400,-2182,7175,-772,-2068,7512,-1004,-2299,7275,-836,-2507,7275,-616,0,0,0,-208,0,220,302.8,1991.8,-0.192,-0.010,0.978,134.625,43.625,-28.797,291.5,1,-0.4872,-0.4284,0.5821,0.4902,260.8,-8.5,0.0
1309813,2026-08-30_09-30-53.814-240,v3.6.25,3.46,12.0,400,-2182,7175,-772,-1817,7594,-1201,-2299,7275,-836,-2291,7355,-851,0,0,0,8,80,-15,81.8,538.1,-0.206,0.202,0.843,158.922,38.219,-24.109,106.1,1,-0.4943,-0.4273,0.5966,0.4659,261.4,-11.0,0.0
1309838,2026-08-30_09-30-53.841-240,v3.6.25,3.46,12.0,400,-1802,7255,-1035,-1310,7688,-1411,-1919,7356,-1098,-1822,7448,-1143,0,0,0,97,92,-45,141.1,928.0,-0.056,0.153,0.904,154.812,32.219,-0.922,155.8,1,-0.5028,-0.4227,0.6100,0.4433,261.9,-13.8,0.0
1309881,2026-08-30_09-30-53.882-240,v3.6.25,3.46,12.0,400,-1246,7320,-1328,-1310,7688,-1411,-1363,7421,-1390,-1822,7448,-1143,0,0,0,-459,27,247,521.9,3433.8,-0.331,-0.054,0.956,164.844,21.781,10.484,475.5,1,-0.5111,-0.4149,0.6245,0.4203,262.0,-16.8,0.0
1309916,2026-08-30_09-30-53.918-240,v3.6.25,3.46,12.0,400,-1246,7320,-1328,-624,7787,-1619,-1363,7421,-1390,-1174,7546,-1464,0,0,0,189,125,-74,238.4,1568.2,-0.389,0.083,0.899,169.109,5.391,13.406,237.5,1,-0.5176,-0.4050,0.6402,0.3977,261.7,-19.9,0.0
1309998,2026-08-30_09-30-53.999-240,v3.6.25,3.46,12.0,400,145,7353,-1617,196,7802,-1710,29,7442,-1677,-369,7564,-1693,0,0,0,-398,122,-16,416.6,2740.7,-0.293,0.328,0.923,115.719,-42.656,75.766,387.1,1,-0.5230,-0.3859,0.6531,0.3886,260.3,-22.5,0.0
1310128,2026-08-30_09-30-53.129-240,v3.6.25,3.46,12.0,400,1855,7289,-1116,2511,7605,-467,1743,7345,-1177,2165,7397,-877,0,0,0,422,52,300,520.4,3423.5,-0.151,0.530,0.986,14.219,-67.391,19.938,474.2,1,-0.5176,-0.3779,0.6600,0.3919,258.8,-22.8,0.0
1310174,2026-08-30_09-30-54.176-240,v3.6.25,3.46,12.0,400,2316,7217,-716,2511,7605,-467,2205,7259,-779,2165,7397,-877,0,0,0,-40,138,-98,173.9,1144.2,0.016,0.179,1.052,-49.266,-51.078,20.500,183.4,1,-0.5125,-0.3744,0.6596,0.4027,257.9,-22.0,0.0
1310203,2026-08-30_09-30-54.205-240,v3.6.25,3.46,12.0,400,2468,7260,-236,2642,7575,107,2357,7290,-302,2395,7376,-339,0,0,0,38,86,-37,101.0,664.7,0.183,-0.056,1.043,-71.906,-39.688,4.172,122.2,1,-0.5065,-0.3750,0.6564,0.4148,257.3,-20.7,0.0
1310231,2026-08-30_09-30-54.232-240,v3.6.25,3.46,12.0,400,2468,7260,-236,2642,7575,107,2357,7290,-302,2395,7376,-339,0,0,0,38,86,-37,101.0,664.7,0.192,-0.211,0.974,-77.641,-26.469,-23.062,122.2,1,-0.4992,-0.3804,0.6522,0.4252,257.0,-19.1,0.0
1310260,2026-08-30_09-30-54.262-240,v3.6.25,3.46,12.0,400,2272,7319,173,2377,7625,438,2161,7343,102,2186,7429,28,0,0,0,25,86,-74,116.2,764.3,0.286,-0.326,0.992,-73.625,-12.547,-60.922,134.9,1,-0.4899,-0.3915,0.6482,0.4319,257.1,-17.3,0.0
1310289,2026-08-30_09-30-54.290-240,v3.6.25,3.46,12.0,400,1809,7445,282,2377,7625,438,1696,7473,209,2186,7429,28,0,0,0,490,-44,-181,524.2,3448.8,0.374,-0.404,0.994,-55.781,-0.141,-116.500,477.4,1,-0.4770,-0.4096,0.6464,0.4322,257.5,-15.2,0.0
1310337,2026-08-30_09-30-54.339-240,v3.6.25,3.46,12.0,400,1809,7445,282,1840,7754,526,1696,7473,209,1662,7556,206,0,0,0,-34,83,-3,89.7,590.4,0.029,0.039,1.079,-5.891,4.734,-236.906,112.8,1,-0.4536,-0.4405,0.6519,0.4186,258.1,-12.9,0.0
1310464,2026-08-30_09-30-54.465-240,v3.6.25,3.46,12.0,400,-592,7525,907,-2,7927,479,-708,7570,828,-192,7719,476,0,0,0,516,149,-352,642.2,4224.7,-0.221,0.362,0.830,-216.625,-56.266,106.156,576.4,1,-0.4525,-0.4355,0.6309,0.4556,257.6,-10.0,0.0
1310526,2026-08-30_09-30-54.527-240,v3.6.25,3.46,12.0,400,-1226,7409,1239,-886,7790,875,-1342,7455,1159,-1005,7584,1014,0,0,0,337,129,-145,388.9,2558.5,0.087,-0.560,1.145,-153.125,-51.031,110.250,363.8,1,-0.4538,-0.4261,0.6151,0.4839,256.9,-8.4,0.0
1310552,2026-08-30_09-30-54.554-240,v3.6.25,3.46,12.0,400,-1630,7305,1433,-1529,7644,1046,-1746,7351,1353,-1616,7439,1291,0,0,0,130,88,-62,168.8,1110.4,0.224,-0.772,1.358,-91.969,-45.516,84.016,179.1,1,-0.4548,-0.4167,0.6058,0.5025,256.0,-7.6,0.0
1310601,2026-08-30_09-30-54.602-240,v3.6.25,3.46,12.0,400,-1630,7305,1433,-1755,7575,1212,-1746,7351,1353,-1812,7371,1492,0,0,0,-66,20,139,155.2,1020.8,0.269,-1.281,1.316,77.359,-30.047,-31.062,167.7,1,-0.4516,-0.4137,0.6178,0.4932,255.4,-8.6,0.0
1310643,2026-08-30_09-30-54.645-240,v3.6.25,3.46,12.0,400,-1621,7281,1625,-1755,7575,1212,-1737,7323,1544,-1812,7371,1492,0,0,0,-75,48,-52,103.1,678.4,0.179,-0.307,0.908,200.641,-17.891,-107.297,124.0,1,-0.4460,-0.4141,0.6441,0.4634,254.7,-11.0,0.0
1310670,2026-08-30_09-30-54.673-240,v3.6.25,3.46,12.0,400,-1035,7358,1858,-1354,7614,1595,-1150,7388,1775,-1346,7417,1797,0,0,0,-196,29,22,199.4,1311.5,0.135,0.122,0.839,226.578,-6.516,-102.062,204.8,1,-0.4423,-0.4125,0.6709,0.4291,253.9,-13.9,0.0
1310813,2026-08-30_09-30-54.814-240,v3.6.25,3.46,12.0,400,926,7477,1503,782,7741,1615,812,7490,1422,791,7554,1450,0,0,0,-21,64,28,72.9,479.9,-0.072,0.246,0.819,217.078,15.859,-71.109,98.7,1,-0.4432,-0.4087,0.6929,0.3956,253.4,-16.9,0.0
1310874,2026-08-30_09-30-54.875-240,v3.6.25,3.46,12.0,400,2576,7238,382,1901,7623,1230,2466,7253,311,1847,7437,883,0,0,0,-619,184,572,862.7,5675.5,-0.277,0.830,0.919,181.969,6.094,-123.375,761.4,1,-0.4362,-0.4126,0.7124,0.3632,252.9,-18.8,0.0
1310936,2026-08-30_09-30-54.938-240,v3.6.25,3.46,12.0,400,2884,7139,-53,2722,7441,688,2775,7159,-119,2579,7252,213,0,0,0,-196,93,332,396.6,2609.2,-0.085,1.763,1.071,21.250,-15.922,-29.750,370.3,1,-0.4320,-0.4140,0.7162,0.3593,252.6,-18.7,0.0
1310982,2026-08-30_09-30-54.983-240,v3.6.25,3.46,12.0,400,2876,7162,89,3031,7378,387,2767,7179,21,2837,7186,-132,0,0,0,70,7,-153,168.4,1107.9,-0.096,1.651,0.807,-151.906,-29.922,90.719,178.8,1,-0.4340,-0.4111,0.7022,0.3868,252.7,-16.9,0.0
1311018,2026-08-30_09-30-54.020-240,v3.6.25,3.46,12.0,400,2876,7162,89,2820,7446,794,2767,7179,21,2695,7259,300,0,0,0,-72,80,279,299.0,1967.4,-0.165,1.204,0.541,-253.797,-37.500,147.891,288.4,1,-0.4374,-0.4067,0.6764,0.4309,252.8,-14.0,0.0
1311051,2026-08-30_09-30-54.053-240,v3.6.25,3.46,12.0,400,2512,7277,817,2820,7446,794,2402,7284,743,2695,7259,300,0,0,0,293,-25,-443,531.7,3498.1,-0.224,0.677,0.359,-299.188,-41.875,162.297,483.7,1,-0.4390,-0.4020,0.6440,0.4806,252.8,-10.3,0.0
1311291,2026-08-30_09-30-55.292-240,v3.6.25,3.46,12.0,400,-2707,6736,2218,-2916,7018,1808,-2820,6777,2139,-2860,6821,2274,0,0,0,-40,44,135,147.5,970.5,0.251,-1.755,1.170,-60.938,-49.125,83.047,161.3,1,-0.4400,-0.3911,0.6385,0.4958,251.8,-10.0,0.0
1311346,2026-08-30_09-30-55.348-240,v3.6.25,3.46,12.0,400,-2642,6734,2507,-2916,7018,1808,-2755,6768,2426,-2860,6821,2274,0,0,0,-105,53,-152,192.2,1264.4,0.487,-1.584,1.077,113.688,-47.656,-38.547,198.7,1,-0.4357,-0.3848,0.6554,0.4823,250.7,-11.5,0.0
1311389,2026-08-30_09-30-55.390-240,v3.6.25,3.46,12.0,400,-2642,6734,2507,-2805,7008,2086,-2755,6768,2426,-2700,6816,2526,0,0,0,55,48,100,123.8,814.5,0.447,-1.274,0.797,242.125,-31.719,-139.766,141.4,1,-0.4274,-0.3839,0.6869,0.4451,249.5,-14.2,0.0
1311695,2026-08-30_09-30-55.696-240,v3.6.25,3.46,12.0,400,4459,6290,618,4243,6599,1315,4359,6271,557,4226,6432,565,0,0,0,-133,161,8,209.0,1374.9,0.261,1.757,0.889,-4.906,-72.875,27.766,212.8,1,-0.4213,-0.3752,0.6909,0.4521,248.0,-14.1,0.0
1311722,2026-08-30_09-30-55.724-240,v3.6.25,3.46,12.0,400,4764,6080,985,4646,6231,1652,4667,6049,924,4695,6073,826,0,0,0,28,24,-98,104.7,688.9,0.525,1.957,0.833,-95.484,-74.891,77.281,125.3,1,-0.4165,-0.3662,0.6842,0.4737,246.7,-12.9,0.0
1311866,2026-08-30_09-30-55.867-240,v3.6.25,3.46,12.0,400,3617,6110,3528,3082,6216,4049,3519,6039,3450,3544,6085,3433,0,0,0,25,46,-17,55.0,362.1,0.188,-0.461,0.161,-330.047,-24.828,191.344,83.6,1,-0.4183,-0.3619,0.6453,0.5269,246.9,-9.1,0.0
1312072,2026-08-30_09-30-55.073-240,v3.6.25,3.46,12.0,400,-1968,5328,5221,-2911,5337,4808,-2068,5288,5139,-2302,5194,5203,0,0,0,-234,-94,64,260.2,1711.6,0.993,-1.227,1.124,30.875,-30.266,-9.578,255.8,1,-0.4159,-0.3582,0.6512,0.5241,246.2,-9.6,0.0
1312106,2026-08-30_09-30-55.108-240,v3.6.25,3.46,12.0,400,-2261,5144,5313,-2911,5337,4808,-2360,5105,5232,-2302,5194,5203,0,0,0,58,89,-29,110.1,724.5,0.982,-1.302,0.897,123.875,-20.438,-59.922,129.9,1,-0.4138,-0.3555,0.6679,0.5063,245.6,-11.1,0.0
1312134,2026-08-30_09-30-55.136-240,v3.6.25,3.46,12.0,400,-1701,5187,5539,-2806,5248,5103,-1799,5136,5457,-2145,5111,5473,0,0,0,-346,-25,16,347.3,2284.7,0.839,-1.589,0.779,199.688,-10.984,-113.109,328.9,1,-0.4106,-0.3548,0.6931,0.4746,245.0,-13.4,0.0
1312396,2026-08-30_09-30-56.397-240,v3.6.25,3.46,12.0,400,6160,4662,766,5666,5123,1904,6075,4611,723,5781,4980,898,0,0,0,-294,369,175,503.2,3310.6,-0.074,2.305,0.771,-20.969,-50.656,82.469,459.8,1,-0.4115,-0.3421,0.6912,0.4857,243.9,-13.7,0.0
1312441,2026-08-30_09-30-56.443-240,v3.6.25,3.46,12.0,400,6160,4662,766,6060,4735,1913,6075,4611,723,6185,4597,840,0,0,0,110,-14,117,161.2,1060.5,0.331,1.984,0.303,-173.734,-75.375,177.172,172.7,1,-0.4112,-0.3259,0.6718,0.5229,242.6,-12.2,0.0
1312810,2026-08-30_09-30-56.811-240,v3.6.25,3.46,12.0,400,-3952,2430,6099,-4423,2610,5877,-4033,2384,6042,-3575,2493,6509,0,0,0,458,109,467,663.1,4362.7,1.003,-1.241,0.383,219.328,-6.141,-140.281,594.0,1,-0.4084,-0.3272,0.6996,0.4865,242.1,-14.7,0.0
1312865,2026-08-30_09-30-56.867-240,v3.6.25,3.46,12.0,400,-3396,2571,6521,-4423,2610,5877,-3477,2509,6460,-3575,2493,6509,0,0,0,-98,-16,49,110.7,728.5,0.853,-0.975,0.082,292.391,14.297,-150.656,130.4,1,-0.4093,-0.3256,0.7313,0.4379,241.5,-18.3,0.0
1313229,2026-08-30_09-30-57.231-240,v3.6.25,3.46,12.0,400,6867,2381,2594,6505,2471,3525,6801,2271,2564,6955,2373,2340,0,0,0,154,102,-224,290.3,1910.1,0.509,2.391,0.146,-112.719,-43.781,0.516,281.1,1,-0.3996,-0.3307,0.7242,0.4544,241.3,-16.2,0.0
1313275,2026-08-30_09-30-57.277-240,v3.6.25,3.46,12.0,400,6944,2519,2441,6505,2471,3525,6878,2412,2411,6955,2373,2340,0,0,0,77,-39,-71,111.8,735.3,0.374,2.109,-0.420,-304.719,-48.562,216.469,131.2,1,-0.4002,-0.3223,0.6901,0.5097,241.0,-12.9,0.0
1313562,2026-08-30_09-30-57.563-240,v3.6.25,3.46,12.0,400,-2760,1593,7043,-3719,1736,6478,-2832,1507,6990,-2749,1637,6976,0,0,0,83,130,-14,154.9,1018.9,1.185,-1.729,0.435,163.000,-27.219,-136.219,167.4,1,-0.3924,-0.3245,0.7135,0.4812,240.2,-14.3,0.0
1313601,2026-08-30_09-30-57.603-240,v3.6.25,3.46,12.0,400,-2760,1593,7043,-3573,1588,6781,-2832,1507,6990,-2548,1495,7247,0,0,0,284,-12,257,383.2,2521.1,0.773,-0.896,0.012,276.047,-18.469,-233.984,359.1,1,-0.3808,-0.3301,0.7491,0.4300,239.1,-16.7,0.0
1313866,2026-08-30_09-30-57.867-240,v3.6.25,3.46,12.0,400,6502,870,4056,5742,807,5182,6448,727,4034,6511,740,4090,0,0,0,63,13,56,85.3,561.1,0.809,1.412,0.216,-12.016,-43.922,-33.984,109.0,1,-0.3720,-0.3318,0.7521,0.4311,238.5,-15.9,0.0
1313915,2026-08-30_09-30-57.916-240,v3.6.25,3.46,12.0,400,6502,870,4056,5742,807,5182,6448,727,4034,6511,740,4090,0,0,0,63,13,56,85.3,561.1,0.967,1.566,0.026,-114.828,-48.328,3.938,109.0,1,-0.3623,-0.3368,0.7447,0.4480,238.3,-13.8,0.0
1313945,2026-08-30_09-30-57.947-240,v3.6.25,3.46,12.0,400,6497,866,4146,5717,789,5257,6443,721,4123,6499,723,4167,0,0,0,56,2,44,71.2,468.7,0.955,1.509,-0.150,-186.984,-47.812,58.766,97.2,1,-0.3545,-0.3408,0.7282,0.4775,238.3,-11.0,0.0
1313973,2026-08-30_09-30-57.974-240,v3.6.25,3.46,12.0,400,6051,1032,4874,5717,789,5257,5995,878,4844,6499,723,4167,0,0,0,504,-155,-677,858.1,5645.5,0.864,1.141,-0.344,-248.516,-45.625,123.734,757.6,1,-0.3499,-0.3415,0.7017,0.5182,238.2,-7.9,0.0
1314021,2026-08-30_09-30-57.023-240,v3.6.25,3.46,12.0,400,6051,1032,4874,5038,961,6028,5995,878,4844,5950,902,5036,0,0,0,-45,24,192,198.7,1307.0,0.594,0.573,-0.330,-296.438,-47.750,206.031,204.2,1,-0.3497,-0.3350,0.6647,0.5690,237.8,-4.8,0.0
1314279,2026-08-30_09-30-58.280-240,v3.6.25,3.46,12.0,400,-1609,-476,7467,-2966,-623,7146,-1664,-594,7434,-1833,-693,7502,0,0,0,-169,-99,68,207.3,1364.0,1.224,-0.722,0.280,101.109,-22.328,-46.766,211.4,1,-0.3486,-0.3305,0.6789,0.5553,237.2,-6.1,0.0
1314328,2026-08-30_09-30-58.330-240,v3.6.25,3.46,12.0,400,-1666,-574,7490,-2966,-623,7146,-1720,-692,7458,-1833,-693,7502,0,0,0,-113,-1,44,121.3,797.8,1.210,-0.354,-0.032,175.641,-8.969,-130.203,139.2,1,-0.3448,-0.3309,0.7035,0.5260,236.7,-7.9,0.0
1314391,2026-08-30_09-30-58.392-240,v3.6.25,3.46,12.0,400,-748,-512,7646,-2248,-593,7469,-801,-645,7613,-1059,-655,7694,0,0,0,-258,-10,81,270.6,1780.3,0.959,-0.209,-0.261,228.531,1.891,-197.984,264.5,1,-0.3378,-0.3352,0.7346,0.4837,236.3,-9.9,0.0
1314441,2026-08-30_09-30-58.443-240,v3.6.25,3.46,12.0,400,815,-367,7598,-590,-557,7742,762,-518,7564,645,-607,7676,0,0,0,-117,-89,112,184.8,1215.8,1.063,0.405,-0.185,211.344,0.984,-172.734,192.5,1,-0.3314,-0.3372,0.7610,0.4443,235.6,-11.8,0.0
1314595,2026-08-30_09-30-58.596-240,v3.6.25,3.46,12.0,400,4737,-618,5982,3732,-878,6776,4692,-786,5963,4809,-920,5992,0,0,0,117,-134,29,180.2,1185.8,0.848,0.317,-0.061,-9.062,-32.844,87.672,188.7,1,-0.3351,-0.3248,0.7587,0.4544,234.7,-12.3,0.0
1314621,2026-08-30_09-30-58.622-240,v3.6.25,3.46,12.0,400,4673,-933,6075,3732,-878,6776,4630,-1103,6059,4809,-920,5992,0,0,0,179,183,-67,264.6,1740.9,0.809,0.080,-0.028,-23.766,-40.031,94.297,259.5,1,-0.3377,-0.3122,0.7552,0.4671,233.8,-12.6,0.0
1314651,2026-08-30_09-30-58.653-240,v3.6.25,3.46,12.0,400,4673,-933,6075,3393,-1215,6883,4630,-1103,6059,4496,-1255,6155,0,0,0,-134,-152,96,224.2,1475.2,0.735,0.080,0.444,-15.266,-42.281,51.250,225.6,1,-0.3364,-0.3038,0.7541,0.4753,232.9,-12.6,0.0
1314681,2026-08-30_09-30-58.682-240,v3.6.25,3.46,12.0,400,4183,-1312,6312,3393,-1215,6883,4142,-1483,6298,4496,-1255,6155,0,0,0,354,228,-143,444.7,2925.6,1.205,0.168,0.024,-16.828,-36.766,10.875,410.7,1,-0.3323,-0.3006,0.7543,0.4798,232.2,-12.3,0.0
1314711,2026-08-30_09-30-58.713-240,v3.6.25,3.46,12.0,400,4012,-1536,6340,2925,-1599,7022,3973,-1706,6328,4059,-1636,6372,0,0,0,86,70,44,119.3,784.9,1.311,0.229,0.002,-32.547,-18.312,12.672,137.6,1,-0.3301,-0.3000,0.7520,0.4853,232.0,-11.9,0.0
1314755,2026-08-30_09-30-58.758-240,v3.6.25,3.46,12.0,400,4012,-1536,6340,2797,-1742,7060,3973,-1706,6328,3941,-1779,6431,0,0,0,-32,-73,103,130.2,856.8,1.316,0.146,-0.187,-68.250,0.688,32.750,146.8,1,-0.3305,-0.3016,0.7445,0.4955,232.3,-11.1,0.0
1314794,2026-08-30_09-30-58.796-240,v3.6.25,3.46,12.0,400,3860,-1565,6458,2797,-1742,7060,3821,-1736,6446,3941,-1779,6431,0,0,0,120,-43,-15,128.4,844.4,1.221,-0.332,0.130,-57.578,23.828,-1.703,145.2,1,-0.3311,-0.3084,0.7382,0.5004,233.1,-10.4,0.0
1314822,2026-08-30_09-30-58.824-240,v3.6.25,3.46,12.0,400,3649,-1389,6580,2496,-1634,7196,3608,-1559,6565,3661,-1671,6615,0,0,0,53,-112,50,133.6,879.0,1.451,-0.560,0.076,-4.016,35.578,-92.422,149.6,1,-0.3276,-0.3220,0.7403,0.4908,234.1,-9.7,0.0
1314861,2026-08-30_09-30-58.862-240,v3.6.25,3.46,12.0,400,3649,-1389,6580,2951,-1223,7028,3608,-1559,6565,4079,-1263,6373,0,0,0,471,296,-192,588.5,3871.6,1.364,0.170,-0.399,34.234,45.953,-180.875,531.3,1,-0.3191,-0.3432,0.7489,0.4686,235.4,-9.0,0.0
1314909,2026-08-30_09-30-58.910-240,v3.6.25,3.46,12.0,400,4268,-976,6187,2951,-1223,7028,4225,-1144,6170,4079,-1263,6373,0,0,0,-146,-119,203,276.9,1821.9,0.899,1.166,-0.222,-9.609,38.906,-177.625,269.9,1,-0.3078,-0.3669,0.7527,0.4517,236.9,-7.6,0.0
1314970,2026-08-30_09-30-58.972-240,v3.6.25,3.46,12.0,400,5302,-344,5458,4229,-507,6427,5256,-506,5439,5239,-554,5566,0,0,0,-17,-48,127,136.8,900.2,0.882,1.794,0.035,-157.047,10.359,5.594,152.3,1,-0.3045,-0.3803,0.7368,0.4689,238.2,-5.3,0.0
1315019,2026-08-30_09-30-58.020-240,v3.6.25,3.46,12.0,400,5720,259,5208,4757,136,6212,5670,98,5185,5717,83,5265,0,0,0,47,-15,80,94.0,618.4,0.684,0.939,0.244,-220.719,-5.953,126.531,116.3,1,-0.3080,-0.3840,0.7099,0.5037,238.9,-2.9,0.0
1315226,2026-08-30_09-30-59.227-240,v3.6.25,3.46,12.0,400,149,153,7707,-1108,-127,7720,92,9,7667,115,-183,7743,0,0,0,23,-192,76,207.8,1366.9,0.817,-0.383,-0.006,109.016,-50.109,-111.453,211.8,1,-0.2955,-0.3824,0.7284,0.4857,237.7,-3.4,0.0
1315261,2026-08-30_09-30-59.263-240,v3.6.25,3.46,12.0,400,506,-204,7662,-1108,-127,7720,452,-352,7626,115,-183,7743,0,0,0,-337,169,117,394.7,2597.0,0.935,-0.012,0.051,169.859,-43.688,-131.672,368.7,1,-0.2839,-0.3780,0.7526,0.4584,236.3,-4.6,0.0
1315388,2026-08-30_09-30-59.389-240,v3.6.25,3.46,12.0,400,2670,-676,7141,1808,-883,7529,2623,-842,7114,3015,-923,7057,0,0,0,392,-81,-57,404.3,2660.0,1.664,0.583,-0.132,149.578,34.219,25.141,376.8,1,-0.2967,-0.3641,0.7644,0.4416,235.7,-7.6,0.0
1315436,2026-08-30_09-30-59.438-240,v3.6.25,3.46,12.0,400,3087,-703,7008,1808,-883,7529,3040,-872,6983,3015,-923,7057,0,0,0,-25,-51,74,93.3,613.7,1.298,0.298,0.396,109.688,45.062,74.469,115.7,1,-0.3139,-0.3490,0.7696,0.4328,235.3,-10.4,0.0
1315463,2026-08-30_09-30-59.466-240,v3.6.25,3.46,12.0,400,3025,-522,7054,1834,-702,7552,2977,-690,7026,3041,-743,7075,0,0,0,64,-53,49,96.5,634.7,1.270,0.034,0.405,125.484,47.609,42.078,118.4,1,-0.3289,-0.3362,0.7768,0.4188,235.0,-13.3,0.0
1315497,2026-08-30_09-30-59.499-240,v3.6.25,3.46,12.0,400,3025,-522,7054,1834,-702,7552,2977,-690,7026,3041,-743,7075,0,0,0,64,-53,49,96.5,634.7,1.211,-0.045,-0.066,121.312,43.625,46.031,118.4,1,-0.3434,-0.3228,0.7832,0.4055,234.7,-16.0,0.0
1315546,2026-08-30_09-30-59.548-240,v3.6.25,3.46,12.0,400,3074,-409,7053,1771,-479,7571,3025,-577,7024,2977,-521,7104,0,0,0,-48,56,80,108.8,715.9,0.804,-0.218,0.113,117.906,14.156,31.875,128.8,1,-0.3523,-0.3091,0.7912,0.3928,233.8,-18.3,0.0
1315575,2026-08-30_09-30-59.576-240,v3.6.25,3.46,12.0,400,3103,-240,7057,1886,-388,7555,3053,-408,7026,3087,-430,7068,0,0,0,34,-22,42,58.3,383.8,0.495,-0.093,0.072,110.094,-5.188,4.625,86.4,1,-0.3560,-0.2980,0.8003,0.3795,232.7,-20.1,0.0
1315612,2026-08-30_09-30-59.613-240,v3.6.25,3.46,12.0,400,3291,-392,6915,1886,-388,7555,3242,-560,6887,3087,-430,7068,0,0,0,-155,130,181,271.5,1785.9,0.089,0.043,0.061,98.453,-37.156,-51.203,265.3,1,-0.3502,-0.2927,0.8118,0.3643,231.4,-20.8,0.0
1315651,2026-08-30_09-30-59.653-240,v3.6.25,3.46,12.0,400,3291,-392,6915,2196,-614,7437,3242,-560,6887,3381,-655,6900,0,0,0,139,-95,13,168.9,1110.9,0.563,0.989,-0.022,52.125,-55.906,-65.906,179.2,1,-0.3393,-0.2923,0.8209,0.3544,230.3,-20.5,0.0
1315697,2026-08-30_09-30-59.699-240,v3.6.25,3.46,12.0,400,3790,-747,6600,2784,-1054,7180,3745,-916,6578,3934,-1093,6549,0,0,0,189,-177,-29,260.6,1714.2,1.115,1.270,-0.244,-117.375,-63.609,77.016,256.1,1,-0.3332,-0.2896,0.8133,0.3789,229.9,-18.8,0.0
1315731,2026-08-30_09-30-59.733-240,v3.6.25,3.46,12.0,400,3830,-1141,6627,2784,-1054,7180,3788,-1313,6609,3934,-1093,6549,0,0,0,146,220,-60,270.8,1781.4,1.229,0.748,-0.445,-220.047,-51.250,145.000,264.7,1,-0.3303,-0.2886,0.7939,0.4211,230.1,-16.3,0.0
1316018,2026-08-30_09-30-59.019-240,v3.6.25,3.46,12.0,400,-3058,-2735,6370,-4082,-2777,5854,-3099,-2821,6368,-3129,-2857,6435,0,0,0,-30,-36,67,81.8,537.9,1.669,-1.175,0.351,26.391,3.531,-81.766,106.1,1,-0.3256,-0.2958,0.7991,0.4098,230.3,-16.1,0.0
1316046,2026-08-30_09-30-59.048-240,v3.6.25,3.46,12.0,400,-3001,-2978,6367,-4017,-3035,5885,-3040,-3066,6368,-3053,-3113,6454,0,0,0,-13,-47,86,98.9,650.4,1.753,-0.982,0.300,99.766,22.922,-122.312,120.4,1,-0.3229,-0.3022,0.8101,0.3849,230.5,-16.9,0.0
1316080,2026-08-30_09-30-59.081-240,v3.6.25,3.46,12.0,400,-2209,-2830,6797,-4017,-3035,5885,-2248,-2936,6794,-3053,-3113,6454,0,0,0,-805,-177,-340,891.6,5865.8,1.546,-0.985,-0.094,190.750,47.438,-178.234,785.7,1,-0.3217,-0.3079,0.8276,0.3418,230.4,-18.8,0.0
1316369,2026-08-30_09-31-00.370-240,v3.6.25,3.46,12.0,400,5204,-1664,5209,3864,-1642,6437,5167,-1826,5206,4899,-1683,5640,0,0,0,-268,143,434,529.7,3485.2,0.761,1.000,-0.106,140.250,-53.750,-75.766,482.0,1,-0.3120,-0.2999,0.8428,0.3201,228.4,-19.5,0.0
1316439,2026-08-30_09-31-00.441-240,v3.6.25,3.46,12.0,400,5753,-2186,4430,4917,-2746,5303,5721,-2340,4438,5779,-2791,4354,0,0,0,58,-451,-84,462.4,3042.2,1.117,1.355,-0.208,-53.016,-61.109,81.391,425.5,1,-0.3083,-0.2916,0.8402,0.3376,227.5,-18.7,0.0
1316491,2026-08-30_09-31-00.493-240,v3.6.25,3.46,12.0,400,5707,-2669,4360,4917,-2746,5303,5678,-2823,4374,5779,-2791,4354,0,0,0,101,32,-20,107.8,709.3,1.110,1.071,-0.612,-207.391,-46.391,202.422,127.9,1,-0.3113,-0.2846,0.8212,0.3843,227.6,-17.0,0.0
1316521,2026-08-30_09-31-00.523-240,v3.6.25,3.46,12.0,400,5034,-2953,5049,4166,-3106,5854,5006,-3115,5061,5130,-3145,5021,0,0,0,124,-30,-40,133.7,879.6,0.947,0.739,-0.851,-273.594,-31.172,247.562,149.7,1,-0.3168,-0.2786,0.7921,0.4411,228.2,-14.8,0.0
1316781,2026-08-30_09-31-00.782-240,v3.6.25,3.46,12.0,400,-2993,-3570,6050,-3930,-3506,5543,-3028,-3654,6059,-3015,-3585,6106,0,0,0,13,69,47,84.5,555.9,1.337,-1.152,0.037,205.438,-24.625,-175.250,108.4,1,-0.3081,-0.2775,0.8168,0.4011,226.9,-16.3,0.0
1316810,2026-08-30_09-31-00.813-240,v3.6.25,3.46,12.0,400,-2993,-3570,6050,-3612,-3653,5837,-3028,-3654,6059,-2643,-3725,6339,0,0,0,385,-71,280,481.3,3166.6,1.406,-0.398,-0.044,262.562,-7.172,-196.875,441.4,1,-0.3015,-0.2740,0.8433,0.3505,225.2,-18.4,0.0
1317075,2026-08-30_09-31-00.077-240,v3.6.25,3.46,12.0,400,4009,-3287,5543,2790,-3116,6468,3982,-3448,5555,3859,-3152,5856,0,0,0,-123,296,301,439.7,2892.8,0.593,0.161,-0.136,47.750,-45.500,30.078,406.5,1,-0.2989,-0.2623,0.8483,0.3496,223.7,-18.9,0.0
1317125,2026-08-30_09-31-00.127-240,v3.6.25,3.46,12.0,400,4009,-3287,5543,2977,-3493,6236,3982,-3448,5555,4014,-3529,5598,0,0,0,32,-81,43,97.1,639.0,0.972,0.311,-0.289,24.047,-68.141,-10.375,119.0,1,-0.2894,-0.2565,0.8538,0.3484,222.4,-18.4,0.0
1317153,2026-08-30_09-31-00.155-240,v3.6.25,3.46,12.0,400,3853,-3735,5329,2866,-3974,5960,3829,-3891,5348,3865,-4012,5349,0,0,0,36,-121,1,126.2,830.6,1.307,0.631,-0.351,-23.312,-67.938,2.875,143.4,1,-0.2794,-0.2540,0.8556,0.3542,221.5,-17.3,0.0
1317191,2026-08-30_09-31-01.193-240,v3.6.25,3.46,12.0,400,3837,-4104,5073,2866,-3974,5960,3816,-4256,5097,3865,-4012,5349,0,0,0,49,244,252,354.2,2330.1,1.358,0.455,-0.776,-106.500,-61.266,68.031,334.7,1,-0.2722,-0.2529,0.8489,0.3760,221.2,-15.8,0.0
1317231,2026-08-30_09-31-01.233-240,v3.6.25,3.46,12.0,400,3837,-4104,5073,2791,-4373,5747,3816,-4256,5097,3761,-4412,5154,0,0,0,-55,-156,57,175.0,1151.0,1.251,0.394,-0.943,-172.672,-50.281,117.656,184.3,1,-0.2677,-0.2534,0.8344,0.4097,221.4,-13.8,0.0
1317272,2026-08-30_09-31-01.274-240,v3.6.25,3.46,12.0,400,3403,-4373,5203,2152,-4605,5851,3383,-4524,5229,3145,-4644,5365,0,0,0,-238,-120,136,299.2,1968.6,1.002,0.672,-0.906,-243.844,-35.297,169.594,288.6,1,-0.2659,-0.2559,0.8102,0.4554,222.1,-11.4,0.0
1317311,2026-08-30_09-31-01.313-240,v3.6.25,3.46,12.0,400,2627,-4532,5529,2152,-4605,5851,2607,-4681,5554,3145,-4644,5365,0,0,0,538,37,-189,571.4,3759.4,0.632,0.936,-1.039,-323.500,-17.750,236.922,517.0,1,-0.2673,-0.2590,0.7729,0.5138,223.0,-8.5,0.0
1317492,2026-08-30_09-31-01.493-240,v3.6.25,3.46,12.0,400,-2213,-4704,5466,-3288,-4882,4982,-2238,-4790,5491,-2442,-4957,5451,0,0,0,-204,-167,-40,266.7,1754.3,0.771,-1.406,-0.239,17.828,-16.422,-101.000,261.2,1,-0.2580,-0.2664,0.7809,0.5026,223.0,-7.8,0.0
1317542,2026-08-30_09-31-01.544-240,v3.6.25,3.46,12.0,400,-2374,-4872,5339,-3288,-4882,4982,-2399,-4954,5367,-2442,-4957,5451,0,0,0,-43,-3,84,94.4,621.1,0.912,-0.928,-0.089,196.297,-25.562,-245.156,116.7,1,-0.2443,-0.2708,0.8106,0.4582,222.1,-8.5,0.0
1317775,2026-08-30_09-31-01.776-240,v3.6.25,3.46,12.0,400,3417,-4911,4570,2145,-5052,5370,3401,-5051,4606,3064,-5095,4898,0,0,0,-337,-44,292,448.1,2947.8,0.446,0.546,-0.507,195.297,24.062,-89.047,413.5,1,-0.2502,-0.2617,0.8289,0.4264,221.3,-11.0,0.0
1317808,2026-08-30_09-31-01.810-240,v3.6.25,3.46,12.0,400,3417,-4911,4570,2702,-5094,5086,3401,-5051,4606,3573,-5138,4525,0,0,0,172,-87,-81,209.1,1375.5,0.365,0.785,-0.519,152.172,9.938,-68.953,212.9,1,-0.2535,-0.2536,0.8427,0.4016,220.3,-12.9,0.0
1317835,2026-08-30_09-31-01.836-240,v3.6.25,3.46,12.0,400,3721,-4992,4251,2702,-5094,5086,3706,-5129,4290,3573,-5138,4525,0,0,0,-133,-9,235,270.2,1777.5,0.352,1.060,-0.455,93.688,-6.547,-35.250,264.2,1,-0.2543,-0.2467,0.8510,0.3876,219.5,-14.0,0.0
1317866,2026-08-30_09-31-01.868-240,v3.6.25,3.46,12.0,400,3820,-5130,4020,3001,-5197,4795,3806,-5264,4062,3824,-5243,4190,0,0,0,18,21,128,131.0,861.5,0.505,1.113,-0.542,12.109,-25.438,19.312,147.4,1,-0.2532,-0.2410,0.8522,0.3893,218.8,-14.1,0.0
1317916,2026-08-30_09-31-01.918-240,v3.6.25,3.46,12.0,400,3820,-5130,4020,2912,-5383,4683,3806,-5264,4062,3719,-5430,4096,0,0,0,-87,-166,34,190.5,1253.1,0.895,0.533,-0.798,-119.609,-43.875,116.344,197.3,1,-0.2510,-0.2370,0.8411,0.4165,218.6,-13.0,0.0
1317951,2026-08-30_09-31-01.952-240,v3.6.25,3.46,12.0,400,3566,-5296,4073,2912,-5383,4683,3553,-5429,4116,3719,-5430,4096,0,0,0,166,-1,-20,167.2,1100.0,1.081,-0.018,-0.941,-171.562,-45.016,144.391,177.8,1,-0.2481,-0.2350,0.8241,0.4518,218.6,-11.3,0.0
1317981,2026-08-30_09-31-01.983-240,v3.6.25,3.46,12.0,400,2974,-5470,4329,2319,-5539,4825,2961,-5602,4372,3153,-5586,4337,0,0,0,192,16,-35,195.8,1288.3,1.003,0.104,-1.014,-192.219,-43.938,150.750,201.8,1,-0.2445,-0.2340,0.8038,0.4892,218.6,-9.5,0.0
1318015,2026-08-30_09-31-01.017-240,v3.6.25,3.46,12.0,400,2974,-5470,4329,1538,-5714,4948,2961,-5602,4372,2397,-5761,4591,0,0,0,-564,-159,219,625.6,4115.6,0.811,0.312,-1.187,-240.516,-40.578,188.547,562.5,1,-0.2413,-0.2334,0.7759,0.5342,218.7,-7.2,0.0
1318067,2026-08-30_09-31-01.068-240,v3.6.25,3.46,12.0,400,2279,-5615,4552,1538,-5714,4948,2266,-5743,4595,2397,-5761,4591,0,0,0,131,-18,-4,132.3,870.3,0.600,0.141,-1.047,-278.422,-32.938,204.375,148.5,1,-0.2373,-0.2347,0.7411,0.5825,218.8,-4.5,0.0
1318125,2026-08-30_09-31-01.127-240,v3.6.25,3.46,12.0,400,1379,-5763,4711,522,-5873,4940,1366,-5884,4754,1382,-5924,4758,0,0,0,16,-40,4,43.3,284.6,0.782,0.002,-0.948,-308.891,-11.125,238.656,73.8,1,-0.2359,-0.2365,0.6975,0.6339,219.0,-1.7,0.0
1318243,2026-08-30_09-31-02.244-240,v3.6.25,3.46,12.0,400,-1087,-6085,4354,-1479,-6104,4399,-1101,-6168,4402,-708,-6171,4573,0,0,0,393,-3,171,428.6,2819.7,1.021,-1.293,-0.321,-8.109,-10.891,-14.484,397.1,1,-0.2332,-0.2370,0.6986,0.6336,218.8,-1.5,0.0
1318281,2026-08-30_09-31-02.283-240,v3.6.25,3.46,12.0,400,-1087,-6085,4354,-1864,-6177,4162,-1101,-6168,4402,-1132,-6249,4408,0,0,0,-31,-81,6,86.9,572.0,1.036,-1.275,-0.469,160.797,-15.203,-172.219,110.4,1,-0.2282,-0.2375,0.7264,0.6032,218.4,-2.6,0.0
1318325,2026-08-30_09-31-02.327-240,v3.6.25,3.46,12.0,400,-903,-6137,4365,-1334,-6222,4365,-916,-6223,4413,-566,-6288,4515,0,0,0,350,-65,102,370.3,2436.2,0.693,-0.937,-0.833,308.922,-6.297,-299.594,348.2,1,-0.2226,-0.2371,0.7734,0.5442,217.7,-5.0,0.0
1318490,2026-08-30_09-31-02.491-240,v3.6.25,3.46,12.0,400,2423,-6019,3811,1987,-6148,4116,2413,-6135,3863,2711,-6203,3703,0,0,0,298,-68,-160,345.0,2269.8,0.372,1.298,-0.788,175.203,15.375,-48.094,327.0,1,-0.2325,-0.2254,0.7901,0.5205,217.1,-7.6,0.0
1318536,2026-08-30_09-31-02.538-240,v3.6.25,3.46,12.0,400,2732,-6062,3572,1987,-6148,4116,2723,-6177,3626,2711,-6203,3703,0,0,0,-12,-26,77,82.2,540.5,0.500,1.121,-0.544,33.375,-8.469,119.891,106.4,1,-0.2438,-0.2080,0.7858,0.5289,216.3,-9.4,0.0
1318566,2026-08-30_09-31-02.568-240,v3.6.25,3.46,12.0,400,2336,-6202,3677,1744,-6281,4100,2327,-6315,3732,2468,-6336,3729,0,0,0,141,-21,-3,142.6,938.1,0.386,0.673,-0.587,-45.547,-30.469,203.078,157.1,1,-0.2534,-0.1872,0.7707,0.5539,215.4,-10.6,0.0
1318595,2026-08-30_09-31-02.596-240,v3.6.25,3.46,12.0,400,2336,-6202,3677,1744,-6281,4100,2327,-6315,3732,2468,-6336,3729,0,0,0,141,-21,-3,142.6,938.1,0.238,-0.034,-0.729,-102.688,-54.703,231.281,157.1,1,-0.2576,-0.1663,0.7493,0.5869,214.2,-11.0,0.0
1318652,2026-08-30_09-31-02.653-240,v3.6.25,3.46,12.0,400,1248,-6408,3831,544,-6501,4062,1239,-6511,3887,1265,-6561,3898,0,0,0,26,-50,11,57.4,377.8,0.446,-0.444,-0.837,-131.922,-76.578,166.016,85.6,1,-0.2511,-0.1523,0.7302,0.6169,212.7,-10.3,0.0
1318712,2026-08-30_09-31-02.713-240,v3.6.25,3.46,12.0,400,-548,-6942,2971,-620,-6769,3472,-555,-7006,3037,4,-6841,3522,0,0,0,559,165,485,758.2,4988.4,0.597,-0.572,-1.230,-171.969,-52.062,143.078,673.8,1,-0.2424,-0.1464,0.7077,0.6473,211.8,-8.8,0.0
1318756,2026-08-30_09-31-02.758-240,v3.6.25,3.46,12.0,400,-548,-6942,2971,-1177,-7005,2799,-555,-7006,3037,-664,-7088,2961,0,0,0,-109,-82,-76,156.1,1027.3,0.559,-0.616,-1.187,-154.078,-29.047,92.984,168.5,1,-0.2337,-0.1463,0.6890,0.6702,211.3,-7.2,0.0
1318785,2026-08-30_09-31-02.786-240,v3.6.25,3.46,12.0,400,-853,-7106,2473,-1338,-7159,2291,-860,-7156,2544,-909,-7249,2493,0,0,0,-49,-93,-51,116.8,768.7,0.492,-0.392,-1.148,-142.828,-20.266,66.641,135.5,1,-0.2248,-0.1487,0.6727,0.6891,210.8,-5.6,0.0
1318827,2026-08-30_09-31-02.828-240,v3.6.25,3.46,12.0,400,-839,-7224,2187,-1338,-7159,2291,-845,-7269,2261,-909,-7249,2493,0,0,0,-64,20,232,241.5,1588.8,0.603,0.320,-1.161,-179.547,-5.016,107.516,240.1,1,-0.2176,-0.1518,0.6483,0.7137,210.6,-3.8,0.0
1318862,2026-08-30_09-31-02.864-240,v3.6.25,3.46,12.0,400,-839,-7224,2187,-1192,-7281,1992,-845,-7269,2261,-812,-7374,2176,0,0,0,33,-105,-85,139.1,914.9,0.290,0.250,-1.225,-224.672,5.578,146.656,154.2,1,-0.2101,-0.1560,0.6151,0.7437,210.3,-1.5,0.0
1318888,2026-08-30_09-31-02.890-240,v3.6.25,3.46,12.0,400,-771,-7315,1940,-1192,-7281,1992,-776,-7356,2016,-812,-7374,2176,0,0,0,-36,-18,160,165.0,1085.4,0.376,0.001,-0.687,-218.453,13.250,120.406,175.9,1,-0.2013,-0.1627,0.5834,0.7698,210.0,0.9,0.0
1318916,2026-08-30_09-31-02.918-240,v3.6.25,3.46,12.0,400,-632,-7360,1815,-1097,-7347,1783,-637,-7400,1893,-752,-7442,1956,0,0,0,-115,-42,63,137.7,905.8,0.504,-0.098,-0.579,-184.594,27.312,54.969,153.0,1,-0.1911,-0.1739,0.5600,0.7872,209.8,3.4,0.0
1318965,2026-08-30_09-31-02.966-240,v3.6.25,3.46,12.0,400,-632,-7360,1815,-709,-7382,1872,-637,-7400,1893,-348,-7474,1977,0,0,0,289,-74,84,309.9,2039.0,0.753,-0.346,-0.861,-124.422,45.938,-3.578,297.6,1,-0.1831,-0.1880,0.5472,0.7948,210.0,5.7,0.0
1319002,2026-08-30_09-31-02.004-240,v3.6.25,3.46,12.0,400,-151,-7359,1981,-709,-7382,1872,-155,-7409,2058,-348,-7474,1977,0,0,0,-193,-65,-81,219.2,1441.9,0.657,-0.443,-0.812,-62.328,53.500,-28.969,221.4,1,-0.1797,-0.2009,0.5427,0.7955,210.5,7.2,0.0
1319031,2026-08-30_09-31-02.033-240,v3.6.25,3.46,12.0,400,325,-7247,2242,-194,-7321,2245,320,-7308,2316,230,-7405,2252,0,0,0,-90,-97,-64,147.0,967.0,0.799,-0.090,-0.676,-10.594,55.234,-46.500,160.8,1,-0.1800,-0.2119,0.5450,0.7910,211.4,8.0,0.0
1319070,2026-08-30_09-31-02.071-240,v3.6.25,3.46,12.0,400,325,-7247,2242,147,-7169,2674,320,-7308,2316,642,-7247,2612,0,0,0,322,61,296,441.6,2905.3,0.911,0.196,-0.620,41.906,59.172,-58.531,408.1,1,-0.1848,-0.2206,0.5536,0.7815,212.6,8.1,0.0
1319120,2026-08-30_09-31-02.121-240,v3.6.25,3.46,12.0,400,646,-7093,2590,147,-7169,2674,641,-7165,2661,642,-7247,2612,0,0,0,1,-82,-49,95.5,628.5,0.718,0.383,-0.781,74.703,56.094,-17.938,117.6,1,-0.1967,-0.2236,0.5616,0.7720,214.0,7.1,0.0
1319145,2026-08-30_09-31-02.148-240,v3.6.25,3.46,12.0,400,839,-6910,3018,293,-6990,3179,833,-6993,3084,872,-7061,3080,0,0,0,39,-68,-4,78.5,516.4,0.695,0.009,-0.865,84.344,47.391,12.469,103.3,1,-0.2116,-0.2224,0.5677,0.7638,215.4,5.7,0.0
1319181,2026-08-30_09-31-03.182-240,v3.6.25,3.46,12.0,400,642,-6732,3380,293,-6990,3179,634,-6819,3442,872,-7061,3080,0,0,0,238,-242,-362,496.2,3264.7,0.885,-1.185,-0.603,170.891,38.672,-62.766,453.9,1,-0.2261,-0.2205,0.5894,0.7436,216.7,3.5,0.0
1319230,2026-08-30_09-31-03.232-240,v3.6.25,3.46,12.0,400,642,-6732,3380,1,-6817,3565,634,-6819,3442,643,-6885,3506,0,0,0,9,-66,64,92.4,607.7,-0.066,-1.473,-1.218,394.359,44.812,-346.625,115.0,1,-0.2330,-0.2271,0.6565,0.6805,218.0,0.2,0.0
1319259,2026-08-30_09-31-03.260-240,v3.6.25,3.46,12.0,400,878,-6579,3586,405,-6642,3828,870,-6673,3645,1089,-6705,3693,0,0,0,219,-32,48,226.5,1489.9,-0.830,-0.365,-2.164,474.891,52.969,-468.594,227.5,1,-0.2336,-0.2371,0.7337,0.5924,218.7,-3.5,0.0
1319383,2026-08-30_09-31-03.384-240,v3.6.25,3.46,12.0,400,3178,-6368,2537,2591,-6468,3228,3171,-6468,2601,3169,-6530,2733,0,0,0,-2,-62,132,145.8,959.5,0.186,1.295,-0.543,-103.219,6.234,221.172,159.9,1,-0.2472,-0.2241,0.7089,0.6214,218.8,-4.1,0.0
1319409,2026-08-30_09-31-03.410-240,v3.6.25,3.46,12.0,400,2778,-6416,2971,2591,-6468,3228,2771,-6520,3033,3169,-6530,2733,0,0,0,398,-10,-300,498.5,3279.6,0.081,0.397,-0.778,-153.297,-9.031,239.000,455.8,1,-0.2562,-0.2114,0.6780,0.6557,218.6,-4.0,0.0
1319530,2026-08-30_09-31-03.531-240,v3.6.25,3.46,12.0,400,1085,-6558,3630,637,-6654,3797,1077,-6655,3689,1316,-6716,3623,0,0,0,239,-61,-66,255.3,1679.9,0.852,-0.550,-1.240,-208.781,8.328,180.438,251.7,1,-0.2570,-0.2105,0.6441,0.6890,218.7,-2.4,0.0
1319556,2026-08-30_09-31-03.557-240,v3.6.25,3.46,12.0,400,479,-6543,3745,-79,-6643,3858,470,-6635,3802,610,-6708,3806,0,0,0,140,-73,4,157.9,1039.1,0.779,-0.373,-1.267,-201.438,17.094,164.266,170.0,1,-0.2574,-0.2110,0.6106,0.7186,218.9,-0.6,0.0
1319594,2026-08-30_09-31-03.596-240,v3.6.25,3.46,12.0,400,479,-6543,3745,-662,-6596,3879,470,-6635,3802,29,-6664,3926,0,0,0,-441,-29,124,459.0,3019.9,0.737,0.150,-1.082,-214.938,25.516,162.250,422.7,1,-0.2567,-0.2131,0.5744,0.7475,219.0,1.4,0.0
1319647,2026-08-30_09-31-03.649-240,v3.6.25,3.46,12.0,400,-34,-6501,3864,-662,-6596,3879,-43,-6589,3920,29,-6664,3926,0,0,0,72,-75,6,104.1,685.1,0.580,0.482,-0.986,-270.641,34.641,202.781,124.8,1,-0.2549,-0.2158,0.5272,0.7814,218.9,3.9,0.0
1319675,2026-08-30_09-31-03.678-240,v3.6.25,3.46,12.0,400,-513,-6465,3909,-1247,-6532,3833,-523,-6548,3964,-565,-6603,3981,0,0,0,-42,-55,17,71.3,468.8,0.275,0.312,-0.917,-282.906,34.016,214.375,97.3,1,-0.2519,-0.2174,0.4758,0.8142,218.4,6.6,0.0
1319706,2026-08-30_09-31-03.707-240,v3.6.25,3.46,12.0,400,-1138,-6447,3779,-1247,-6532,3833,-1150,-6519,3834,-565,-6603,3981,0,0,0,585,-84,147,609.0,4006.6,0.168,-0.019,-0.774,-279.672,31.328,215.875,548.6,1,-0.2482,-0.2174,0.4230,0.8439,217.6,9.0,0.0
1319756,2026-08-30_09-31-03.758-240,v3.6.25,3.46,12.0,400,-1138,-6447,3779,-1865,-6506,3573,-1150,-6519,3834,-1228,-6584,3834,0,0,0,-78,-65,0,101.5,668.0,0.316,-0.975,-0.724,-198.547,13.188,159.297,122.7,1,-0.2450,-0.2150,0.3839,0.8639,216.8,10.6,0.0
1319786,2026-08-30_09-31-03.787-240,v3.6.25,3.46,12.0,400,-1710,-6498,3476,-2405,-6539,3133,-1722,-6556,3534,-1844,-6626,3497,0,0,0,-122,-70,-37,145.4,956.8,0.583,-1.528,-0.284,-80.406,-1.688,48.859,159.5,1,-0.2417,-0.2138,0.3696,0.8714,216.2,11.2,0.0
1319825,2026-08-30_09-31-03.826-240,v3.6.25,3.46,12.0,400,-1975,-6562,3278,-2405,-6539,3133,-1987,-6613,3337,-1844,-6626,3497,0,0,0,143,-13,160,215.0,1414.4,0.914,-1.362,-0.146,109.359,-12.875,-136.734,217.9,1,-0.2388,-0.2169,0.3971,0.8592,216.3,10.5,0.0
1319866,2026-08-30_09-31-03.868-240,v3.6.25,3.46,12.0,400,-1482,-6589,3531,-2484,-6600,3032,-1493,-6652,3589,-1939,-6688,3412,0,0,0,-446,-36,-177,481.2,3165.7,1.013,-0.531,-0.628,260.531,0.438,-279.547,441.3,1,-0.2378,-0.2253,0.4554,0.8278,217.3,9.0,0.0
1319908,2026-08-30_09-31-03.910-240,v3.6.25,3.46,12.0,400,-1482,-6589,3531,-1720,-6607,3580,-1493,-6652,3589,-1080,-6684,3816,0,0,0,413,-32,227,472.4,3107.6,0.867,0.156,-0.904,315.859,31.016,-304.062,433.9,1,-0.2415,-0.2360,0.5188,0.7854,219.0,6.9,0.0
1320054,2026-08-30_09-31-03.055-240,v3.6.25,3.46,12.0,400,1466,-5853,4548,435,-6078,4727,1454,-5972,4593,1262,-6132,4565,0,0,0,-192,-160,-28,251.5,1654.5,0.192,0.495,-1.107,193.172,43.812,-104.766,248.5,1,-0.2540,-0.2386,0.5478,0.7605,220.6,4.9,0.0
1320082,2026-08-30_09-31-03.084-240,v3.6.25,3.46,12.0,400,1906,-5609,4649,944,-5772,5007,1893,-5734,4691,1814,-5821,4750,0,0,0,-79,-87,59,131.5,865.1,0.246,0.679,-0.841,159.234,18.562,-91.844,147.8,1,-0.2620,-0.2385,0.5726,0.7393,221.4,3.0,0.0
1320122,2026-08-30_09-31-03.123-240,v3.6.25,3.46,12.0,400,1906,-5609,4649,1318,-5736,4958,1893,-5734,4691,2179,-5784,4638,0,0,0,286,-50,-53,295.1,1941.7,0.408,0.997,-0.679,80.078,-17.141,-30.812,285.1,1,-0.2653,-0.2332,0.5849,0.7302,221.3,1.7,0.0
1320173,2026-08-30_09-31-04.175-240,v3.6.25,3.46,12.0,400,2209,-5609,4515,1318,-5736,4958,2196,-5735,4558,2179,-5784,4638,0,0,0,-17,-49,80,95.3,627.2,0.573,1.511,-0.661,-115.891,-42.562,146.000,117.5,1,-0.2656,-0.2212,0.5627,0.7510,220.4,1.9,0.0
1320202,2026-08-30_09-31-04.204-240,v3.6.25,3.46,12.0,400,1995,-5786,4488,1158,-5901,4807,1983,-5910,4533,1996,-5951,4519,0,0,0,13,-41,-14,45.2,297.6,0.542,0.908,-0.948,-233.922,-37.969,258.906,75.4,1,-0.2658,-0.2064,0.5167,0.7872,219.2,2.9,0.0
1320228,2026-08-30_09-31-04.230-240,v3.6.25,3.46,12.0,400,1995,-5786,4488,1158,-5901,4807,1983,-5910,4533,1996,-5951,4519,0,0,0,13,-41,-14,45.2,297.6,0.527,0.140,-1.104,-301.625,-25.578,309.953,75.4,1,-0.2641,-0.1916,0.4560,0.8280,217.9,4.4,0.0
1320403,2026-08-30_09-31-04.404-240,v3.6.25,3.46,12.0,400,-1909,-6002,4237,-2471,-6112,3912,-1925,-6072,4284,-1784,-6191,4268,0,0,0,141,-119,-16,185.2,1218.4,1.144,-0.162,-0.656,-96.109,66.312,16.297,192.9,1,-0.2615,-0.2035,0.4415,0.8338,218.3,6.2,0.0
1320436,2026-08-30_09-31-04.438-240,v3.6.25,3.46,12.0,400,-1909,-6002,4237,-2607,-5979,4043,-1925,-6072,4284,-1900,-6057,4419,0,0,0,25,15,135,138.1,908.6,1.038,-0.290,-0.395,-78.531,75.125,-28.469,153.4,1,-0.2566,-0.2193,0.4331,0.8358,218.7,8.3,0.0
1320464,2026-08-30_09-31-04.465-240,v3.6.25,3.46,12.0,400,-1787,-5857,4528,-2607,-5979,4043,-1804,-5934,4572,-1900,-6057,4419,0,0,0,-96,-123,-153,218.5,1437.7,0.563,-0.583,-0.439,-23.859,71.312,-116.938,220.8,1,-0.2477,-0.2389,0.4399,0.8295,219.1,10.3,0.0
1320491,2026-08-30_09-31-04.493-240,v3.6.25,3.46,12.0,400,-1787,-5857,4528,-2291,-5821,4544,-1804,-5934,4572,-1501,-5892,4853,0,0,0,303,42,281,415.4,2732.7,0.579,0.003,-0.454,13.375,56.750,-163.766,386.0,1,-0.2365,-0.2580,0.4563,0.8181,219.5,11.9,0.0
1320525,2026-08-30_09-31-04.526-240,v3.6.25,3.46,12.0,400,-1047,-5682,4932,-2291,-5821,4544,-1063,-5776,4972,-1501,-5892,4853,0,0,0,-438,-116,-119,468.5,3082.0,0.778,0.167,-0.269,18.359,39.375,-128.984,430.6,1,-0.2280,-0.2716,0.4699,0.8084,219.8,13.0,0.0
1320756,2026-08-30_09-31-04.757-240,v3.6.25,3.46,12.0,400,4561,-4661,3774,2899,-4971,4980,4545,-4797,3813,3749,-5016,4388,0,0,0,-796,-219,575,1006.1,6619.0,0.620,1.299,-0.893,181.969,70.000,-85.344,881.8,1,-0.2427,-0.2777,0.4965,0.7858,222.1,11.3,0.0
1320818,2026-08-30_09-31-04.820-240,v3.6.25,3.46,12.0,400,4604,-4622,3902,3830,-4820,4593,4588,-4761,3939,4611,-4867,3850,0,0,0,23,-106,-89,140.3,923.1,0.216,1.439,-0.623,17.016,41.078,123.359,155.2,1,-0.2620,-0.2720,0.4859,0.7882,223.5,10.0,0.0
1320856,2026-08-30_09-31-04.858-240,v3.6.25,3.46,12.0,400,4604,-4622,3902,3755,-4780,4812,4588,-4761,3939,4573,-4825,4077,0,0,0,-15,-64,138,152.9,1005.6,0.203,1.576,-0.503,-105.172,8.797,251.891,165.7,1,-0.2806,-0.2572,0.4504,0.8076,224.0,9.4,0.0
1321171,2026-08-30_09-31-05.172-240,v3.6.25,3.46,12.0,400,-5466,-4981,1832,-5619,-4988,855,-5497,-4949,1881,-5485,-5133,1823,0,0,0,12,-184,-58,193.3,1271.7,0.729,-1.073,-0.442,-14.188,37.516,-43.828,199.7,1,-0.2780,-0.2662,0.4515,0.8050,224.4,10.2,0.0
1321226,2026-08-30_09-31-05.228-240,v3.6.25,3.46,12.0,400,-5413,-5136,1772,-5619,-4988,855,-5443,-5104,1824,-5485,-5133,1823,0,0,0,-42,-29,-1,51.0,335.8,0.758,-0.820,-0.416,66.953,41.484,-119.688,80.3,1,-0.2752,-0.2783,0.4687,0.7919,225.1,10.5,0.0
1321253,2026-08-30_09-31-05.255-240,v3.6.25,3.46,12.0,400,-5051,-5216,2395,-5413,-5120,1591,-5079,-5202,2444,-5149,-5253,2506,0,0,0,-70,-51,62,106.5,700.7,0.783,-0.912,-0.419,109.656,44.766,-150.594,126.8,1,-0.2731,-0.2911,0.4930,0.7731,226.1,10.4,0.0
1321573,2026-08-30_09-31-05.574-240,v3.6.25,3.46,12.0,400,2920,-2792,6483,1698,-3137,6898,2888,-2957,6484,2841,-3172,6463,0,0,0,-47,-215,-21,221.1,1454.5,0.722,0.325,-0.267,7.891,36.750,85.875,223.0,1,-0.2874,-0.2876,0.4846,0.7745,227.2,9.6,0.0
1321601,2026-08-30_09-31-05.603-240,v3.6.25,3.46,12.0,400,2496,-2572,6758,1505,-2789,7122,2462,-2737,6754,2680,-2824,6714,0,0,0,218,-87,-40,238.1,1566.5,0.763,0.210,-0.164,0.844,19.516,65.969,237.3,1,-0.2972,-0.2839,0.4778,0.7764,227.9,9.0,0.0
1321645,2026-08-30_09-31-05.648-240,v3.6.25,3.46,12.0,400,2496,-2572,6758,993,-2656,7258,2462,-2737,6754,2188,-2692,6935,0,0,0,-274,45,181,331.5,2180.6,0.847,0.650,-0.069,-45.484,8.484,51.578,315.6,1,-0.3003,-0.2819,0.4678,0.7820,228.0,9.2,0.0
1321689,2026-08-30_09-31-05.691-240,v3.6.25,3.46,12.0,400,2129,-2497,6902,993,-2656,7258,2094,-2660,6896,2188,-2692,6935,0,0,0,94,-32,39,106.7,701.9,1.247,0.617,-0.267,-153.812,20.438,118.109,127.0,1,-0.3014,-0.2805,0.4386,0.7988,227.7,10.6,0.0
1321717,2026-08-30_09-31-05.719-240,v3.6.25,3.46,12.0,400,1510,-2403,7133,374,-2563,7337,1474,-2562,7125,1581,-2602,7118,0,0,0,107,-40,-7,114.4,752.9,1.338,0.117,-0.246,-192.125,37.672,135.844,133.5,1,-0.3015,-0.2811,0.4018,0.8177,227.4,12.6,0.0
1321748,2026-08-30_09-31-05.750-240,v3.6.25,3.46,12.0,400,1510,-2403,7133,374,-2563,7337,1474,-2562,7125,1581,-2602,7118,0,0,0,107,-40,-7,114.4,752.9,1.398,-0.137,-0.180,-196.359,59.188,112.812,133.5,1,-0.2996,-0.2864,0.3650,0.8337,227.2,15.0,0.0
1322041,2026-08-30_09-31-05.042-240,v3.6.25,3.46,12.0,400,-5268,-2434,4890,-5826,-2260,4200,-5316,-2459,4893,-5170,-2375,5119,0,0,0,146,84,226,281.9,1854.4,1.285,-1.547,0.410,37.109,-2.859,-41.219,274.0,1,-0.2989,-0.2878,0.3735,0.8296,227.3,14.7,0.0
1322071,2026-08-30_09-31-05.073-240,v3.6.25,3.46,12.0,400,-5268,-2434,4890,-5941,-2438,4072,-5316,-2459,4893,-5303,-2555,5014,0,0,0,13,-96,121,155.0,1019.8,1.688,-1.488,0.282,111.828,8.016,-77.391,167.5,1,-0.3023,-0.2912,0.3936,0.8179,228.2,13.8,0.0
1322101,2026-08-30_09-31-05.103-240,v3.6.25,3.46,12.0,400,-5121,-2441,5152,-5941,-2438,4072,-5168,-2473,5153,-5303,-2555,5014,0,0,0,-135,-82,-139,210.4,1384.2,1.558,-1.401,0.066,204.281,29.594,-148.156,214.0,1,-0.3077,-0.2998,0.4298,0.7942,229.8,12.2,0.0
1322452,2026-08-30_09-31-06.453-240,v3.6.25,3.46,12.0,400,5608,769,5214,4121,558,6485,5554,612,5185,5119,504,5640,0,0,0,-435,-108,455,638.7,4201.9,0.872,1.446,0.223,12.594,29.250,-0.266,573.5,1,-0.3119,-0.3026,0.4303,0.7912,230.5,12.1,0.0
1322491,2026-08-30_09-31-06.493-240,v3.6.25,3.46,12.0,400,5608,769,5214,4757,684,6128,5554,612,5185,5691,627,5182,0,0,0,137,15,-3,137.9,906.9,1.017,1.657,0.256,-99.453,31.391,102.484,153.1,1,-0.3176,-0.3011,0.4080,0.8012,230.7,12.9,0.0
1322519,2026-08-30_09-31-06.522-240,v3.6.25,3.46,12.0,400,5594,915,5347,4311,906,6561,5539,756,5316,5315,851,5681,0,0,0,-224,95,365,438.7,2885.9,0.745,1.417,0.132,-169.453,31.969,160.016,405.6,1,-0.3229,-0.2970,0.3721,0.8180,230.6,14.2,0.0
1322749,2026-08-30_09-31-06.750-240,v3.6.25,3.46,12.0,400,-440,1440,7590,-1355,1453,7484,-507,1312,7536,-204,1381,7553,0,0,0,303,69,17,311.2,2047.5,0.604,-0.083,0.020,-246.531,-5.609,109.219,298.6,1,-0.3115,-0.2936,0.3327,0.8403,228.6,16.6,0.0
1322805,2026-08-30_09-31-06.807-240,v3.6.25,3.46,12.0,400,-1812,1037,7344,-2816,1139,7031,-1879,930,7295,-1738,1056,7361,0,0,0,141,126,66,200.3,1317.6,0.636,-0.318,0.120,-248.016,-6.438,191.359,205.5,1,-0.3087,-0.2831,0.2839,0.8625,226.9,18.2,0.0
1322975,2026-08-30_09-31-06.976-240,v3.6.25,3.46,12.0,400,-6279,1240,4273,-6815,976,2996,-6356,1257,4239,-6433,817,4110,0,0,0,-77,-440,-129,464.9,3058.8,0.950,-1.775,0.336,251.844,-12.766,-102.766,427.6,1,-0.3228,-0.2840,0.3248,0.8424,229.1,15.6,0.0
1323015,2026-08-30_09-31-06.017-240,v3.6.25,3.46,12.0,400,-6279,1240,4273,-6573,1625,3578,-6356,1257,4239,-6103,1471,4635,0,0,0,253,214,396,516.4,3397.1,0.804,-1.474,0.071,336.266,1.562,-179.641,470.8,1,-0.3364,-0.2902,0.3814,0.8106,231.7,12.3,0.0
1323329,2026-08-30_09-31-07.330-240,v3.6.25,3.46,12.0,400,4465,3616,5324,3584,3549,6052,4388,3484,5263,4446,3466,5305,0,0,0,58,-18,42,73.8,485.8,0.862,1.281,0.323,-234.125,12.172,196.969,99.4,1,-0.3375,-0.2813,0.3346,0.8336,230.7,14.1,0.0
1323386,2026-08-30_09-31-07.387-240,v3.6.25,3.46,12.0,400,3648,3697,5994,2753,3655,6491,3569,3562,5927,3689,3574,5876,0,0,0,120,12,-51,130.9,861.4,0.762,0.221,-0.030,-331.281,40.188,240.938,147.3,1,-0.3339,-0.2736,0.2691,0.8610,229.0,16.9,0.0
1323645,2026-08-30_09-31-07.646-240,v3.6.25,3.46,12.0,400,-4303,3487,5169,-5371,3540,4014,-4393,3470,5106,-4864,3386,4852,0,0,0,-471,-84,-254,541.7,3563.7,0.862,-1.559,1.046,-54.672,3.062,71.469,492.0,1,-0.3371,-0.2694,0.2547,0.8654,229.0,17.1,0.0
1323685,2026-08-30_09-31-07.687-240,v3.6.25,3.46,12.0,400,-4949,3346,4699,-5371,3540,4014,-5039,3347,4640,-4864,3386,4852,0,0,0,175,39,212,277.7,1826.7,1.032,-1.498,1.011,56.688,16.406,12.047,270.5,1,-0.3459,-0.2705,0.2588,0.8604,230.1,16.6,0.0
1323713,2026-08-30_09-31-07.714-240,v3.6.25,3.46,12.0,400,-5026,3556,4559,-5648,3626,3657,-5118,3562,4499,-5205,3465,4551,0,0,0,-87,-97,52,140.3,923.0,0.932,-1.438,0.859,139.484,27.453,-52.547,155.2,1,-0.3564,-0.2772,0.2786,0.8477,232.0,15.7,0.0
1323752,2026-08-30_09-31-07.754-240,v3.6.25,3.46,12.0,400,-5026,3556,4559,-5175,4078,4071,-5118,3562,4499,-4669,3922,4873,0,0,0,449,360,374,686.4,4515.5,0.682,-0.974,0.575,234.500,37.422,-146.078,613.5,1,-0.3658,-0.2912,0.3181,0.8247,234.5,14.3,0.0
1323796,2026-08-30_09-31-07.798-240,v3.6.25,3.46,12.0,400,-4323,4035,5016,-5175,4078,4071,-4417,4024,4948,-4669,3922,4873,0,0,0,-252,-102,-75,282.0,1855.4,0.617,-0.508,0.419,271.141,45.719,-178.188,274.1,1,-0.3746,-0.3076,0.3637,0.7955,237.1,12.5,0.0
1323858,2026-08-30_09-31-07.860-240,v3.6.25,3.46,12.0,400,-2901,4599,5574,-3850,4670,4986,-2997,4560,5497,-3198,4530,5538,0,0,0,-201,-30,41,207.3,1364.0,0.398,-0.120,0.235,287.359,39.594,-190.172,211.4,1,-0.3819,-0.3229,0.4113,0.7621,239.5,10.2,0.0
1324090,2026-08-30_09-31-07.091-240,v3.6.25,3.46,12.0,400,4263,5417,3683,3353,5551,4435,4171,5331,3612,3895,5431,3764,0,0,0,-276,100,152,330.6,2174.8,0.535,1.671,0.822,-67.641,-7.094,134.406,314.9,1,-0.3910,-0.3120,0.3923,0.7719,239.5,10.1,0.0
1324120,2026-08-30_09-31-07.122-240,v3.6.25,3.46,12.0,400,4263,5417,3683,3643,5435,4552,4171,5331,3612,4208,5319,3829,0,0,0,37,-12,217,220.5,1450.4,0.788,1.440,0.866,-149.656,-2.766,181.266,222.5,1,-0.3981,-0.2989,0.3588,0.7896,239.1,10.7,0.0
1324148,2026-08-30_09-31-07.149-240,v3.6.25,3.46,12.0,400,3979,5311,4235,3643,5435,4552,3888,5216,4162,4208,5319,3829,0,0,0,320,103,-333,473.2,3113.0,0.822,1.011,0.568,-206.500,10.297,196.125,434.6,1,-0.4019,-0.2865,0.3158,0.8104,238.4,12.2,0.0
1324437,2026-08-30_09-31-08.438-240,v3.6.25,3.46,12.0,400,-4215,5386,3078,-4602,5642,2315,-4320,5421,3007,-4431,5453,3059,0,0,0,-111,32,52,126.7,833.5,-0.143,-2.049,0.711,-219.328,0.516,263.000,143.8,1,-0.4103,-0.2658,0.2645,0.8313,237.6,13.0,0.0
1324541,2026-08-30_09-31-08.542-240,v3.6.25,3.46,12.0,400,-5332,5287,573,-5162,5728,-346,-5440,5390,519,-5453,5498,558,0,0,0,-13,108,39,115.6,760.3,0.255,-1.726,0.766,215.062,-15.000,-131.547,134.4,1,-0.4170,-0.2737,0.3029,0.8121,239.2,11.1,0.0
1324853,2026-08-30_09-31-08.854-240,v3.6.25,3.46,12.0,400,987,6946,3279,373,7115,3421,878,6918,3193,707,6956,3284,0,0,0,-171,38,91,197.4,1298.7,0.235,1.229,1.146,64.766,-35.109,-55.328,203.1,1,-0.4157,-0.2739,0.3183,0.8068,239.2,10.2,0.0
1324911,2026-08-30_09-31-08.912-240,v3.6.25,3.46,12.0,400,1660,6836,3269,1191,7022,3496,1553,6799,3184,1540,6869,3217,0,0,0,-13,70,33,78.5,516.3,0.415,1.502,0.846,-156.281,-31.516,93.125,103.3,1,-0.4092,-0.2636,0.2942,0.8225,237.6,11.1,0.0
1324951,2026-08-30_09-31-08.953-240,v3.6.25,3.46,12.0,400,1629,6752,3635,1114,6912,3764,1523,6707,3549,1512,6763,3492,0,0,0,-11,56,-57,80.7,530.7,0.444,1.071,0.351,-297.828,-8.438,182.969,105.1,1,-0.3989,-0.2493,0.2431,0.8483,235.1,13.2,0.0
1325200,2026-08-30_09-31-09.201-240,v3.6.25,3.46,12.0,400,-4598,5838,1345,-4485,6180,741,-4708,5918,1280,-4597,5966,1503,0,0,0,111,48,223,253.7,1669.0,0.051,-1.536,1.146,82.156,17.797,-36.562,250.3,1,-0.4048,-0.2549,0.2547,0.8404,236.2,12.8,0.0
1325226,2026-08-30_09-31-09.227-240,v3.6.25,3.46,12.0,400,-4598,5838,1345,-4559,6228,537,-4708,5918,1280,-4707,6010,1316,0,0,0,1,92,36,98.8,650.0,0.184,-1.271,1.116,145.938,14.547,-67.344,120.4,1,-0.4136,-0.2623,0.2768,0.8267,237.9,11.8,0.0
1325261,2026-08-30_09-31-09.263-240,v3.6.25,3.46,12.0,400,-4429,5984,1452,-4559,6228,537,-4540,6060,1385,-4707,6010,1316,0,0,0,-167,-50,-69,187.5,1233.4,0.283,-0.981,1.017,210.266,15.500,-92.734,194.8,1,-0.4257,-0.2712,0.3083,0.8063,240.1,10.1,0.0
1325287,2026-08-30_09-31-09.289-240,v3.6.25,3.46,12.0,400,-3813,6339,1871,-4136,6508,997,-3925,6399,1798,-4210,6297,1692,0,0,0,-285,-102,-106,320.7,2110.0,0.261,-0.837,0.849,258.875,20.500,-126.969,306.6,1,-0.4381,-0.2830,0.3475,0.7792,242.6,7.9,0.0
1325610,2026-08-30_09-31-09.611-240,v3.6.25,3.46,12.0,400,2056,7213,1830,1529,7510,2046,1946,7203,1750,1618,7334,1743,0,0,0,-328,131,-7,353.3,2324.1,0.059,1.218,1.086,-43.156,-20.625,87.500,333.9,1,-0.4428,-0.2732,0.3362,0.7850,242.4,7.5,0.0
1325645,2026-08-30_09-31-09.647-240,v3.6.25,3.46,12.0,400,2056,7213,1830,1918,7375,2248,1946,7203,1750,2045,7205,1874,0,0,0,99,2,124,158.7,1044.0,0.137,0.832,0.853,-107.328,-11.281,108.672,170.6,1,-0.4440,-0.2632,0.3150,0.7965,241.9,8.0,0.0
1325673,2026-08-30_09-31-09.675-240,v3.6.25,3.46,12.0,400,2049,7166,2115,1639,7364,2536,1940,7150,2034,1816,7197,2203,0,0,0,-124,47,169,214.8,1413.3,0.403,0.584,0.828,-146.609,4.312,116.719,217.7,1,-0.4429,-0.2545,0.2871,0.8103,241.0,9.1,0.0
1325726,2026-08-30_09-31-09.728-240,v3.6.25,3.46,12.0,400,1597,7227,2358,1639,7364,2536,1486,7212,2275,1816,7197,2203,0,0,0,330,-15,-72,338.1,2224.3,0.786,-0.086,0.946,-174.109,48.672,115.812,321.2,1,-0.4407,-0.2517,0.2524,0.8239,240.4,11.1,0.0
1325754,2026-08-30_09-31-09.757-240,v3.6.25,3.46,12.0,400,887,7327,2227,924,7492,2506,774,7324,2143,1092,7320,2296,0,0,0,318,-4,153,352.9,2321.8,0.762,-0.682,0.884,-154.000,71.016,96.359,333.6,1,-0.4389,-0.2533,0.2198,0.8336,240.0,13.3,0.0
1325802,2026-08-30_09-31-09.804-240,v3.6.25,3.46,12.0,400,887,7327,2227,280,7668,1942,774,7324,2143,347,7484,1856,0,0,0,-427,160,-287,538.8,3544.7,0.129,-0.430,0.710,-65.797,76.703,-24.734,489.6,1,-0.4326,-0.2667,0.2089,0.8355,239.9,15.4,0.0
1325846,2026-08-30_09-31-09.847-240,v3.6.25,3.46,12.0,400,274,7466,1746,280,7668,1942,159,7482,1663,347,7484,1856,0,0,0,188,2,193,269.4,1772.6,-0.076,0.474,0.909,-112.766,60.734,1.625,263.6,1,-0.4237,-0.2756,0.1914,0.8414,239.1,17.6,0.0
1325875,2026-08-30_09-31-09.877-240,v3.6.25,3.46,12.0,400,-279,7521,1333,-220,7799,1346,-394,7553,1252,-258,7603,1359,0,0,0,136,50,107,180.1,1185.0,-0.127,0.548,0.841,-168.875,48.750,52.766,188.6,1,-0.4141,-0.2779,0.1630,0.8513,237.7,19.8,0.0
1325909,2026-08-30_09-31-09.911-240,v3.6.25,3.46,12.0,400,-279,7521,1333,-922,7784,805,-394,7553,1252,-1053,7577,952,0,0,0,-659,24,-300,724.5,4766.3,-0.347,0.277,0.762,-217.953,34.953,97.156,645.5,1,-0.4037,-0.2739,0.1250,0.8639,235.6,21.9,0.0
1325963,2026-08-30_09-31-09.964-240,v3.6.25,3.46,12.0,400,-1013,7422,1011,-922,7784,805,-1129,7470,933,-1053,7577,952,0,0,0,76,107,19,132.6,872.4,-0.290,-0.146,0.817,-254.359,20.109,141.047,148.7,1,-0.3934,-0.2631,0.0785,0.8774,233.0,23.6,0.0
1326020,2026-08-30_09-31-09.021-240,v3.6.25,3.46,12.0,400,-2439,7139,212,-1729,7661,300,-2556,7221,141,-1945,7444,598,0,0,0,611,223,457,794.9,5229.7,-0.137,-1.766,1.313,-135.516,16.828,62.281,704.6,1,-0.3863,-0.2588,0.0544,0.8836,231.4,24.5,0.0
1326070,2026-08-30_09-31-09.072-240,v3.6.25,3.46,12.0,400,-2439,7139,212,-2316,7494,-289,-2556,7221,141,-2631,7266,124,0,0,0,-75,45,-17,89.1,586.2,0.053,-1.682,1.329,69.516,15.203,-113.203,112.2,1,-0.3814,-0.2704,0.0737,0.8809,231.7,24.8,0.0
1326116,2026-08-30_09-31-09.118-240,v3.6.25,3.46,12.0,400,-2728,7035,155,-2566,7397,-296,-2845,7122,85,-2881,7169,160,0,0,0,-36,47,75,95.6,628.6,-0.052,-0.537,0.918,180.906,15.188,-151.953,117.6,1,-0.3837,-0.2868,0.1103,0.8709,233.5,24.5,0.0
1326145,2026-08-30_09-31-09.146-240,v3.6.25,3.46,12.0,400,-2677,7071,501,-2492,7473,123,-2794,7150,429,-2736,7251,556,0,0,0,58,101,127,172.3,1133.7,-0.103,-0.040,0.832,194.250,19.672,-120.734,182.1,1,-0.3905,-0.3017,0.1448,0.8576,235.9,23.9,0.0
1326193,2026-08-30_09-31-10.195-240,v3.6.25,3.46,12.0,400,-2245,7208,700,-2492,7473,123,-2362,7277,625,-2736,7251,556,0,0,0,-374,-26,-69,381.2,2507.9,-0.076,0.636,0.757,171.891,21.922,-55.906,357.4,1,-0.4025,-0.3119,0.1700,0.8437,238.5,22.9,0.0
1326224,2026-08-30_09-31-10.227-240,v3.6.25,3.46,12.0,400,-2245,7208,700,-1919,7640,319,-2362,7277,625,-2132,7422,649,0,0,0,230,145,24,272.9,1795.7,0.011,0.697,0.828,137.016,22.344,-3.359,266.5,1,-0.4169,-0.3174,0.1856,0.8312,240.9,21.9,0.0
1326256,2026-08-30_09-31-10.258-240,v3.6.25,3.46,12.0,400,-1660,7382,626,-1919,7640,319,-1777,7446,550,-2132,7422,649,0,0,0,-355,-24,99,369.3,2429.8,0.182,0.641,0.684,102.234,17.938,48.719,347.4,1,-0.4339,-0.3177,0.1920,0.8209,243.2,20.8,0.0
1326284,2026-08-30_09-31-10.286-240,v3.6.25,3.46,12.0,400,-1050,7510,360,-1229,7826,245,-1167,7573,285,-1458,7609,458,0,0,0,-291,36,173,340.4,2239.8,0.204,0.387,0.771,81.641,17.984,73.344,323.2,1,-0.4516,-0.3155,0.1934,0.8119,245.3,19.7,0.0
1326332,2026-08-30_09-31-10.333-240,v3.6.25,3.46,12.0,400,-1050,7510,360,-489,7919,42,-1167,7573,285,-755,7702,133,0,0,0,412,129,-152,457.7,3011.2,0.095,0.142,0.688,86.031,7.781,55.203,421.6,1,-0.4670,-0.3133,0.1975,0.8029,247.2,18.6,0.0
1326371,2026-08-30_09-31-10.373-240,v3.6.25,3.46,12.0,400,-436,7577,112,-489,7919,42,-553,7638,38,-755,7702,133,0,0,0,-202,64,95,232.2,1527.7,0.137,0.032,0.769,94.312,1.844,30.703,232.3,1,-0.4799,-0.3123,0.2054,0.7937,248.9,17.4,0.0
1326400,2026-08-30_09-31-10.401-240,v3.6.25,3.46,12.0,400,140,7593,-40,195,7950,-50,23,7650,-112,-87,7735,-73,0,0,0,-110,85,39,144.4,949.9,-0.021,0.113,0.902,108.328,-3.531,-5.062,158.6,1,-0.4895,-0.3141,0.2186,0.7835,250.3,16.2,0.0
1326436,2026-08-30_09-31-10.438-240,v3.6.25,3.46,12.0,400,140,7593,-40,760,7927,-72,23,7650,-112,474,7714,-192,0,0,0,451,64,-80,462.5,3042.7,0.062,0.206,0.858,76.844,-4.562,26.062,425.6,1,-0.4997,-0.3124,0.2254,0.7758,251.6,15.0,0.0
1326486,2026-08-30_09-31-10.488-240,v3.6.25,3.46,12.0,400,633,7584,-158,760,7927,-72,517,7637,-229,474,7714,-192,0,0,0,-43,77,37,95.6,629.2,-0.523,0.021,1.148,74.375,-18.969,-7.859,117.7,1,-0.5050,-0.3120,0.2362,0.7693,252.3,14.0,0.0
1326515,2026-08-30_09-31-10.516-240,v3.6.25,3.46,12.0,400,1050,7529,-185,1238,7886,-4,935,7577,-255,965,7677,-207,0,0,0,30,100,48,114.9,756.0,-0.503,0.221,1.173,55.344,-29.953,-15.938,133.9,1,-0.5071,-0.3108,0.2465,0.7652,252.5,13.0,0.0
1326548,2026-08-30_09-31-10.550-240,v3.6.25,3.46,12.0,400,1334,7491,-19,1238,7886,-4,1220,7531,-90,965,7677,-207,0,0,0,-255,146,-117,316.3,2080.8,-0.482,0.317,1.255,19.266,-38.922,-11.734,302.9,1,-0.5061,-0.3077,0.2531,0.7650,252.2,12.4,0.0
1326596,2026-08-30_09-31-10.598-240,v3.6.25,3.46,12.0,400,1334,7491,-19,1477,7858,199,1220,7531,-90,1240,7653,-50,0,0,0,20,122,40,129.9,854.9,-0.226,0.231,1.262,-25.953,-36.922,-15.797,146.5,1,-0.5006,-0.3049,0.2547,0.7691,251.3,12.4,0.0
1326624,2026-08-30_09-31-10.625-240,v3.6.25,3.46,12.0,400,1391,7513,249,1485,7841,506,1277,7547,175,1301,7641,247,0,0,0,24,94,72,120.8,794.8,-0.204,0.307,1.171,-44.344,-30.062,-29.469,138.8,1,-0.4922,-0.3042,0.2549,0.7747,250.2,12.7,0.0
1326662,2026-08-30_09-31-10.664-240,v3.6.25,3.46,12.0,400,1200,7529,542,1485,7841,506,1086,7559,466,1301,7641,247,0,0,0,215,82,-219,317.7,2089.9,0.083,0.424,1.044,-87.188,-15.859,-15.016,304.0,1,-0.4822,-0.3038,0.2476,0.7835,248.9,13.7,0.0
1326701,2026-08-30_09-31-10.703-240,v3.6.25,3.46,12.0,400,1200,7529,542,1151,7848,737,1086,7559,466,1007,7649,530,0,0,0,-79,90,64,135.8,893.3,0.229,0.105,0.877,-114.266,10.391,-9.797,151.4,1,-0.4713,-0.3061,0.2343,0.7932,247.5,15.4,0.0
1326750,2026-08-30_09-31-10.752-240,v3.6.25,3.46,12.0,400,780,7564,678,577,7905,723,665,7597,601,429,7703,615,0,0,0,-236,106,14,259.1,1704.5,0.391,-0.235,0.818,-99.859,40.047,-52.062,254.9,1,-0.4580,-0.3161,0.2241,0.8001,246.5,17.5,0.0
1326778,2026-08-30_09-31-10.780-240,v3.6.25,3.46,12.0,400,149,7592,636,577,7905,723,32,7634,559,429,7703,615,0,0,0,397,69,56,406.8,2676.5,0.416,-0.390,0.919,-82.469,54.609,-82.781,378.9,1,-0.4430,-0.3307,0.2175,0.8044,245.6,19.8,0.0
1326806,2026-08-30_09-31-10.807-240,v3.6.25,3.46,12.0,400,149,7592,636,-121,7938,393,32,7634,559,-326,7728,412,0,0,0,-358,94,-147,398.3,2620.1,0.336,-0.571,1.066,-53.375,68.438,-131.609,371.7,1,-0.4251,-0.3515,0.2178,0.8052,244.9,22.4,0.0
1326841,2026-08-30_09-31-10.844-240,v3.6.25,3.46,12.0,400,-550,7536,344,-121,7938,393,-667,7593,269,-326,7728,412,0,0,0,341,135,143,393.6,2589.8,0.017,-0.375,1.120,-5.766,71.453,-212.844,367.8,1,-0.4010,-0.3794,0.2308,0.8012,244.5,25.0,0.0
1327021,2026-08-30_09-31-10.022-240,v3.6.25,3.46,12.0,400,-3891,6378,452,-3738,6799,-275,-4004,6470,387,-4037,6569,382,0,0,0,-33,99,-5,104.5,687.3,-0.309,-0.003,0.810,-214.125,-35.500,74.719,125.1,1,-0.3903,-0.3687,0.1991,0.8198,241.7,26.7,0.0
1327071,2026-08-30_09-31-10.073-240,v3.6.25,3.46,12.0,400,-4399,6068,148,-3738,6799,-275,-4511,6172,88,-4037,6569,382,0,0,0,474,397,294,684.6,4504.2,-0.507,-0.676,0.817,-192.094,-61.297,122.828,612.0,1,-0.3862,-0.3500,0.1672,0.8369,239.1,27.2,0.0
1327121,2026-08-30_09-31-10.123-240,v3.6.25,3.46,12.0,400,-4399,6068,148,-4240,6455,-710,-4511,6172,88,-4608,6219,44,0,0,0,-97,47,-44,116.4,765.9,-0.283,-1.422,1.132,-90.734,-81.859,98.672,135.2,1,-0.3878,-0.3303,0.1515,0.8471,237.6,26.2,0.0
1327150,2026-08-30_09-31-10.151-240,v3.6.25,3.46,12.0,400,-4542,5991,-97,-4278,6427,-896,-4654,6101,-154,-4677,6188,-130,0,0,0,-23,87,24,93.1,612.7,-0.030,-1.355,1.296,-5.828,-84.844,41.656,115.6,1,-0.3906,-0.3149,0.1522,0.8516,236.9,24.7,0.0
1327190,2026-08-30_09-31-11.192-240,v3.6.25,3.46,12.0,400,-4349,6144,197,-4278,6427,-896,-4462,6246,136,-4677,6188,-130,0,0,0,-215,-58,-266,346.9,2282.3,0.392,-1.001,1.252,99.609,-71.547,-27.359,328.6,1,-0.3958,-0.3074,0.1717,0.8481,237.4,22.7,0.0
1327222,2026-08-30_09-31-11.224-240,v3.6.25,3.46,12.0,400,-4349,6144,197,-4075,6617,-374,-4462,6246,136,-4388,6386,343,0,0,0,74,140,207,260.6,1714.6,0.500,-0.566,1.076,170.469,-46.953,-59.516,256.2,1,-0.4049,-0.3063,0.2013,0.8377,238.9,20.5,0.0
1327251,2026-08-30_09-31-11.253-240,v3.6.25,3.46,12.0,400,-3897,6443,826,-4075,6617,-374,-4011,6527,758,-4388,6386,343,0,0,0,-377,-141,-415,578.1,3803.5,0.365,-0.364,0.901,197.359,-28.281,-57.141,522.6,1,-0.4171,-0.3077,0.2322,0.8231,240.8,18.2,0.0
1327308,2026-08-30_09-31-11.310-240,v3.6.25,3.46,12.0,400,-3171,6788,1319,-3573,6935,430,-3286,6854,1245,-3753,6716,1042,0,0,0,-467,-138,-203,527.6,3470.9,-0.210,-0.272,0.494,228.109,-14.078,-62.812,480.2,1,-0.4314,-0.3114,0.2660,0.8039,243.2,15.7,0.0
1327484,2026-08-30_09-31-11.485-240,v3.6.25,3.46,12.0,400,-315,7383,2080,-675,7655,1914,-429,7399,1996,-612,7466,1992,0,0,0,-183,67,-4,194.9,1282.4,-0.105,0.297,0.980,120.688,-47.688,-69.562,201.0,1,-0.4326,-0.3112,0.2901,0.7949,243.5,14.1,0.0
1327510,2026-08-30_09-31-11.511-240,v3.6.25,3.46,12.0,400,382,7345,2322,66,7596,2290,269,7347,2237,195,7416,2232,0,0,0,-74,69,-5,101.3,666.5,-0.060,0.444,0.983,96.094,-48.719,-65.453,122.5,1,-0.4316,-0.3105,0.3109,0.7878,243.5,12.8,0.0
1327543,2026-08-30_09-31-11.545-240,v3.6.25,3.46,12.0,400,382,7345,2322,66,7596,2290,269,7347,2237,195,7416,2232,0,0,0,-74,69,-5,101.3,666.5,-0.078,0.624,1.065,54.188,-48.500,-56.547,122.5,1,-0.4277,-0.3093,0.3260,0.7843,243.1,11.9,0.0
1327569,2026-08-30_09-31-11.571-240,v3.6.25,3.46,12.0,400,868,7230,2583,538,7447,2717,756,7219,2498,744,7277,2568,0,0,0,-12,58,70,91.7,603.3,0.177,0.738,1.041,9.891,-41.125,-35.281,114.4,1,-0.4225,-0.3075,0.3334,0.7847,242.4,11.6,0.0
1327600,2026-08-30_09-31-11.602-240,v3.6.25,3.46,12.0,400,998,7124,2882,538,7447,2717,888,7105,2796,744,7277,2568,0,0,0,-144,172,-228,319.8,2104.3,0.405,0.693,1.094,-39.938,-27.031,-6.125,305.9,1,-0.4169,-0.3055,0.3313,0.7894,241.6,11.9,0.0
1327643,2026-08-30_09-31-11.646-240,v3.6.25,3.46,12.0,400,998,7124,2882,654,7293,3009,888,7105,2796,913,7129,2833,0,0,0,25,24,37,50.7,333.5,0.672,0.417,1.104,-102.391,5.391,28.984,80.0,1,-0.4114,-0.3053,0.3163,0.7984,240.8,13.1,0.0
1327673,2026-08-30_09-31-11.675-240,v3.6.25,3.46,12.0,400,726,7078,2992,269,7296,3050,615,7060,2906,535,7130,2939,0,0,0,-80,70,33,111.3,732.3,0.624,0.153,1.109,-119.359,28.516,22.406,130.9,1,-0.4047,-0.3089,0.2980,0.8074,240.1,14.9,0.0
1327716,2026-08-30_09-31-11.718-240,v3.6.25,3.46,12.0,400,149,7137,2901,269,7296,3050,37,7128,2815,535,7130,2939,0,0,0,498,2,124,513.2,3376.4,0.435,-0.063,1.077,-106.438,48.688,-36.125,468.2,1,-0.3932,-0.3203,0.2853,0.8133,239.4,17.3,0.0
1327749,2026-08-30_09-31-11.751-240,v3.6.25,3.46,12.0,400,149,7137,2901,-402,7370,2768,37,7128,2815,-186,7197,2779,0,0,0,-223,69,-36,236.2,1553.9,0.124,-0.024,0.985,-76.625,49.281,-112.547,235.7,1,-0.3751,-0.3378,0.2832,0.8155,238.6,19.8,0.0
1327777,2026-08-30_09-31-11.779-240,v3.6.25,3.46,12.0,400,-505,7175,2683,-402,7370,2768,-618,7180,2597,-186,7197,2779,0,0,0,432,17,182,469.1,3086.1,-0.061,0.097,0.908,-63.328,37.406,-160.750,431.1,1,-0.3515,-0.3574,0.2878,0.8160,237.4,22.4,0.0
1327804,2026-08-30_09-31-11.805-240,v3.6.25,3.46,12.0,400,-505,7175,2683,-1073,7406,2442,-618,7180,2597,-914,7224,2576,0,0,0,-296,44,-21,300.0,1973.6,-0.307,0.234,0.822,-52.906,15.031,-184.484,289.2,1,-0.3243,-0.3752,0.2971,0.8160,236.0,24.8,0.0
1327831,2026-08-30_09-31-11.833-240,v3.6.25,3.46,12.0,400,-1121,7098,2701,-1073,7406,2442,-1234,7110,2616,-914,7224,2576,0,0,0,320,114,-40,342.0,2250.3,-0.399,0.557,0.818,-58.547,-11.562,-160.969,324.5,1,-0.2979,-0.3873,0.3048,0.8175,234.2,26.9,0.0
1327861,2026-08-30_09-31-11.862-240,v3.6.25,3.46,12.0,400,-1620,6849,3049,-1688,7226,2561,-1732,6858,2964,-1505,7044,2798,0,0,0,227,186,-166,337.2,2218.2,-0.242,0.897,0.820,-97.000,-32.156,-66.859,320.4,1,-0.2791,-0.3903,0.3001,0.8245,232.2,28.4,0.0
1327911,2026-08-30_09-31-11.913-240,v3.6.25,3.46,12.0,400,-1620,6849,3049,-2333,6896,2824,-1732,6858,2964,-2098,6717,3165,0,0,0,-366,-141,201,440.7,2899.5,-0.122,0.779,0.813,-188.344,-48.047,148.578,407.3,1,-0.2792,-0.3776,0.2642,0.8424,230.2,29.3,0.0
1327951,2026-08-30_09-31-11.953-240,v3.6.25,3.46,12.0,400,-2215,6562,3235,-2333,6896,2824,-2326,6574,3152,-2098,6717,3165,0,0,0,228,143,13,269.4,1772.7,-0.261,-0.105,0.921,-213.109,-50.203,234.500,263.6,1,-0.2872,-0.3583,0.2162,0.8616,228.3,29.6,0.0
1328016,2026-08-30_09-31-11.018-240,v3.6.25,3.46,12.0,400,-3001,6363,2880,-3700,6608,1794,-3112,6391,2801,-3638,6410,2395,0,0,0,-526,19,-406,664.7,4373.3,-0.064,-0.855,1.146,-110.609,-56.125,182.203,595.3,1,-0.2978,-0.3395,0.1863,0.8726,227.5,28.8,0.0
1328066,2026-08-30_09-31-11.068-240,v3.6.25,3.46,12.0,400,-3485,6288,2388,-3700,6608,1794,-3596,6333,2312,-3638,6410,2395,0,0,0,-42,77,83,120.8,794.4,0.124,-0.980,1.062,11.844,-67.891,87.062,138.8,1,-0.3082,-0.3241,0.1821,0.8757,227.6,27.1,0.0
1328096,2026-08-30_09-31-11.097-240,v3.6.25,3.46,12.0,400,-3528,6337,2272,-3724,6626,1650,-3640,6385,2196,-3687,6425,2259,0,0,0,-47,40,63,88.2,580.2,0.427,-0.647,0.985,71.672,-71.078,46.016,111.5,1,-0.3196,-0.3105,0.1899,0.8749,228.3,25.0,0.0
1328122,2026-08-30_09-31-11.124-240,v3.6.25,3.46,12.0,400,-3528,6337,2272,-3724,6626,1650,-3640,6385,2196,-3687,6425,2259,0,0,0,-47,40,63,88.2,580.2,0.555,-0.569,0.842,104.484,-67.016,25.969,111.5,1,-0.3320,-0.2985,0.2036,0.8713,229.3,22.6,0.0
1328170,2026-08-30_09-31-12.172-240,v3.6.25,3.46,12.0,400,-3100,6500,2599,-3273,6796,2089,-3212,6536,2520,-3164,6603,2609,0,0,0,48,67,89,121.3,798.0,0.580,-0.255,0.792,168.625,-48.531,-43.812,139.2,1,-0.3432,-0.2938,0.2312,0.8617,230.9,20.3,0.0
1328201,2026-08-30_09-31-12.203-240,v3.6.25,3.46,12.0,400,-2371,6658,3029,-2527,6924,2729,-2483,6677,2946,-2309,6743,3106,0,0,0,174,66,160,245.4,1614.6,0.725,0.090,0.963,188.969,-28.328,-79.938,243.4,1,-0.3526,-0.2944,0.2636,0.8482,232.5,18.3,0.0
1328356,2026-08-30_09-31-12.357-240,v3.6.25,3.46,12.0,400,249,7031,3224,-571,7152,3273,138,7014,3137,-263,6986,3301,0,0,0,-401,-28,164,434.1,2856.2,0.062,0.993,1.028,91.344,10.328,-71.531,401.8,1,-0.3543,-0.3015,0.2813,0.8393,233.4,17.9,0.0
1328382,2026-08-30_09-31-12.383-240,v3.6.25,3.46,12.0,400,249,7031,3224,148,7229,3182,138,7014,3137,438,7065,3089,0,0,0,300,51,-48,308.1,2026.8,0.000,0.835,1.102,55.000,1.516,-41.828,296.0,1,-0.3552,-0.3052,0.2920,0.8339,233.9,17.5,0.0
1328416,2026-08-30_09-31-12.418-240,v3.6.25,3.46,12.0,400,716,7052,3089,148,7229,3182,606,7032,3003,438,7065,3089,0,0,0,-168,33,86,191.6,1260.5,0.087,0.481,0.992,33.516,-13.281,-31.391,198.2,1,-0.3544,-0.3061,0.2999,0.8311,234.0,17.2,0.0
1328443,2026-08-30_09-31-12.445-240,v3.6.25,3.46,12.0,400,935,7046,3101,488,7240,3190,825,7023,3015,779,7078,3038,0,0,0,-46,55,23,75.3,495.4,-0.076,0.173,1.075,23.500,-25.828,-27.594,100.6,1,-0.3523,-0.3049,0.3070,0.8299,233.8,16.8,0.0
1328486,2026-08-30_09-31-12.489-240,v3.6.25,3.46,12.0,400,935,7046,3101,641,7147,3386,825,7023,3015,968,6989,3203,0,0,0,143,-34,188,238.6,1570.0,0.022,0.387,0.993,2.141,-46.391,-10.391,237.7,1,-0.3491,-0.2997,0.3110,0.8316,233.1,16.3,0.0
1328536,2026-08-30_09-31-12.538-240,v3.6.25,3.46,12.0,400,1083,6914,3329,641,7147,3386,974,6883,3243,968,6989,3203,0,0,0,-6,106,-40,113.5,746.4,0.053,0.166,0.937,-60.938,-61.859,62.797,132.7,1,-0.3473,-0.2873,0.3012,0.8403,231.9,15.9,0.0
1328565,2026-08-30_09-31-12.566-240,v3.6.25,3.46,12.0,400,1067,6767,3717,609,6936,3811,960,6727,3630,1014,6785,3624,0,0,0,54,58,-6,79.5,522.9,0.075,-0.016,1.018,-84.094,-64.312,76.703,104.1,1,-0.3444,-0.2736,0.2872,0.8509,230.5,15.5,0.0
1328592,2026-08-30_09-31-12.594-240,v3.6.25,3.46,12.0,400,1067,6767,3717,609,6936,3811,960,6727,3630,1014,6785,3624,0,0,0,54,58,-6,79.5,522.9,0.298,-0.188,0.990,-100.109,-62.156,81.328,104.1,1,-0.3405,-0.2599,0.2705,0.8622,229.0,15.3,0.0
1328619,2026-08-30_09-31-12.620-240,v3.6.25,3.46,12.0,400,767,6513,4257,177,6638,4284,661,6464,4169,669,6494,4160,0,0,0,8,30,-9,32.3,212.7,0.231,-0.380,0.924,-103.000,-55.406,71.688,64.6,1,-0.3352,-0.2477,0.2540,0.8728,227.5,15.2,0.0
1328652,2026-08-30_09-31-12.654-240,v3.6.25,3.46,12.0,400,305,6265,4612,177,6638,4284,201,6214,4524,669,6494,4160,0,0,0,468,280,-364,655.7,4313.7,0.286,-0.284,0.977,-88.547,-44.438,25.859,587.7,1,-0.3267,-0.2403,0.2434,0.8811,225.9,15.3,0.0
1328701,2026-08-30_09-31-12.703-240,v3.6.25,3.46,12.0,400,305,6265,4612,-381,6370,4648,201,6214,4524,179,6230,4611,0,0,0,-22,16,87,91.2,599.7,0.766,0.699,1.418,-100.969,-24.000,-19.578,113.9,1,-0.3126,-0.2395,0.2354,0.8886,224.1,16.2,0.0
1328730,2026-08-30_09-31-12.731-240,v3.6.25,3.46,12.0,400,-97,6083,4867,-871,6148,4805,-200,6030,4780,-278,6010,4849,0,0,0,-78,-20,69,106.0,697.6,1.278,0.016,0.470,-154.719,2.109,61.844,126.4,1,-0.3026,-0.2368,0.2105,0.8989,222.4,17.4,0.0
1328770,2026-08-30_09-31-12.772-240,v3.6.25,3.46,12.0,400,-788,5977,4862,-871,6148,4805,-891,5933,4776,-278,6010,4849,0,0,0,613,77,73,622.1,4092.9,0.760,-0.956,0.805,-110.031,34.781,-12.641,559.6,1,-0.2902,-0.2438,0.1972,0.9041,221.1,19.0,0.0
1328827,2026-08-30_09-31-12.829-240,v3.6.25,3.46,12.0,400,-1342,5946,4747,-1717,6094,4569,-1446,5911,4661,-1164,5949,4764,0,0,0,282,38,103,302.6,1990.9,0.600,0.871,1.174,-53.984,32.984,-103.469,291.4,1,-0.2737,-0.2564,0.2013,0.9049,219.8,20.7,0.0
1328856,2026-08-30_09-31-12.857-240,v3.6.25,3.46,12.0,400,-1342,5946,4747,-2061,6064,4468,-1446,5911,4661,-1525,5916,4724,0,0,0,-79,5,63,101.2,665.6,0.456,1.052,1.090,-117.172,15.859,-16.484,122.4,1,-0.2594,-0.2615,0.1890,0.9103,218.1,22.2,0.0
1328886,2026-08-30_09-31-12.888-240,v3.6.25,3.46,12.0,400,-1583,5858,4772,-2061,6064,4468,-1686,5825,4687,-1525,5916,4724,0,0,0,161,91,37,188.6,1240.8,0.523,0.227,1.179,-152.375,6.312,37.969,195.7,1,-0.2470,-0.2618,0.1659,0.9181,216.1,23.5,0.0
1328915,2026-08-30_09-31-12.917-240,v3.6.25,3.46,12.0,400,-2316,5668,4638,-2594,5931,4294,-2419,5647,4556,-2086,5778,4646,0,0,0,333,131,90,369.0,2427.5,0.318,-0.519,1.285,-136.453,-8.672,30.969,347.1,1,-0.2350,-0.2598,0.1460,0.9252,214.1,24.3,0.0
1328965,2026-08-30_09-31-12.967-240,v3.6.25,3.46,12.0,400,-2316,5668,4638,-3324,5673,4120,-2419,5647,4556,-2841,5516,4602,0,0,0,-422,-131,46,444.3,2922.7,0.236,-0.507,0.900,-41.656,-38.734,-41.500,410.3,1,-0.2245,-0.2561,0.1471,0.9286,212.7,24.2,0.0
1328998,2026-08-30_09-31-12.001-240,v3.6.25,3.46,12.0,400,-2829,5392,4713,-3324,5673,4120,-2931,5375,4633,-2841,5516,4602,0,0,0,90,141,-31,170.1,1119.2,0.178,-0.171,0.822,45.000,-62.297,-105.656,180.2,1,-0.2159,-0.2514,0.1671,0.9286,211.9,23.2,0.0
1329030,2026-08-30_09-31-12.032-240,v3.6.25,3.46,12.0,400,-2637,5058,5242,-3453,5303,4576,-2736,5025,5162,-2884,5154,5069,0,0,0,-148,129,-93,217.2,1429.2,0.245,0.590,0.732,70.562,-72.094,-90.781,219.8,1,-0.2120,-0.2444,0.1893,0.9271,211.6,21.9,0.0
1329067,2026-08-30_09-31-12.069-240,v3.6.25,3.46,12.0,400,-2637,5058,5242,-2982,4899,5305,-2736,5025,5162,-2279,4766,5700,0,0,0,457,-259,538,751.9,4946.8,0.488,0.687,0.837,57.250,-70.812,-8.438,668.5,1,-0.2162,-0.2335,0.1999,0.9267,211.8,20.3,0.0
1329121,2026-08-30_09-31-12.122-240,v3.6.25,3.46,12.0,400,-2121,4760,5756,-2982,4899,5305,-2217,4708,5677,-2279,4766,5700,0,0,0,-62,58,23,88.0,578.7,1.084,0.358,1.173,35.266,-31.719,89.562,111.3,1,-0.2303,-0.2238,0.1942,0.9269,212.9,19.0,0.0
1329150,2026-08-30_09-31-12.152-240,v3.6.25,3.46,12.0,400,-1881,4624,5890,-2742,4706,5564,-1975,4566,5811,-1990,4579,5912,0,0,0,-15,13,101,102.9,677.2,1.117,0.075,1.242,32.812,-11.859,120.203,123.8,1,-0.2481,-0.2157,0.1836,0.9264,214.5,18.0,0.0
1329179,2026-08-30_09-31-13.180-240,v3.6.25,3.46,12.0,400,-1891,4791,5765,-2742,4706,5564,-1986,4736,5685,-1990,4579,5912,0,0,0,-4,-157,227,276.0,1816.0,0.865,-0.442,1.187,56.781,5.531,115.641,269.1,1,-0.2688,-0.2103,0.1754,0.9235,216.6,17.1,0.0
1329225,2026-08-30_09-31-13.227-240,v3.6.25,3.46,12.0,400,-1891,4791,5765,-2714,4911,5394,-1986,4736,5685,-1995,4780,5741,0,0,0,-9,44,56,71.8,472.3,0.765,-1.200,0.801,168.250,17.516,16.688,97.7,1,-0.2919,-0.2118,0.1910,0.9129,219.7,16.0,0.0
1329253,2026-08-30_09-31-13.255-240,v3.6.25,3.46,12.0,400,-1617,5151,5568,-2253,5336,5275,-1715,5099,5486,-1563,5203,5546,0,0,0,152,104,60,193.7,1274.3,0.662,-0.916,0.695,237.688,19.781,-58.672,200.0,1,-0.3147,-0.2177,0.2230,0.8966,223.1,14.5,0.0
1329432,2026-08-30_09-31-13.433-240,v3.6.25,3.46,12.0,400,1796,5745,4963,1192,5728,5334,1698,5665,4880,1885,5610,5012,0,0,0,187,-55,132,235.4,1548.8,0.285,0.491,0.787,-7.406,-40.016,55.484,235.0,1,-0.3187,-0.2087,0.2180,0.8985,223.1,13.7,0.0
1329471,2026-08-30_09-31-13.473-240,v3.6.25,3.46,12.0,400,1994,5567,5125,1192,5728,5334,1898,5480,5043,1885,5610,5012,0,0,0,-13,130,-31,134.3,883.4,0.544,0.465,0.754,-68.812,-47.516,45.703,150.1,1,-0.3142,-0.1995,0.2078,0.9046,222.0,13.3,0.0
1329501,2026-08-30_09-31-13.502-240,v3.6.25,3.46,12.0,400,1766,5338,5476,1090,5455,5612,1671,5245,5394,1836,5342,5301,0,0,0,165,97,-93,212.8,1400.0,0.948,0.265,0.628,-112.188,-39.406,31.484,216.0,1,-0.3033,-0.1919,0.1937,0.9131,220.2,13.5,0.0
1329541,2026-08-30_09-31-13.543-240,v3.6.25,3.46,12.0,400,1766,5338,5476,504,5230,5881,1671,5245,5394,1301,5120,5664,0,0,0,-370,-125,270,474.8,3123.6,1.228,0.193,0.718,-135.938,-14.438,-11.984,435.9,1,-0.2855,-0.1909,0.1809,0.9216,217.9,14.4,0.0
1329585,2026-08-30_09-31-13.588-240,v3.6.25,3.46,12.0,400,1184,5152,5764,504,5230,5881,1090,5060,5682,1301,5120,5664,0,0,0,211,60,-18,220.1,1448.0,1.069,0.457,0.692,-171.078,7.031,-25.656,222.2,1,-0.2624,-0.1944,0.1649,0.9307,215.1,16.0,0.0
1329645,2026-08-30_09-31-13.647-240,v3.6.25,3.46,12.0,400,463,5102,5890,-318,5143,5909,368,5016,5807,485,5030,5833,0,0,0,117,14,26,120.7,793.9,0.620,0.594,0.436,-231.016,5.391,35.953,138.7,1,-0.2384,-0.1944,0.1353,0.9418,211.8,17.6,0.0
1329701,2026-08-30_09-31-13.703-240,v3.6.25,3.46,12.0,400,-533,4977,5965,-1366,5054,5737,-627,4901,5883,-590,4934,5845,0,0,0,37,33,-38,62.5,411.0,-0.020,0.153,0.086,-330.859,-11.953,242.328,89.9,1,-0.2237,-0.1813,0.0691,0.9552,208.5,18.4,0.0
1329936,2026-08-30_09-31-13.937-240,v3.6.25,3.46,12.0,400,-6686,3386,885,-6602,3681,-189,-6782,3491,849,-6825,3459,961,0,0,0,-43,-32,112,124.2,816.9,1.013,-2.342,0.883,99.781,-55.000,-50.812,141.7,1,-0.2309,-0.1750,0.0885,0.9530,209.5,17.0,0.0
1329976,2026-08-30_09-31-13.978-240,v3.6.25,3.46,12.0,400,-6437,3649,1642,-6530,3819,-56,-6534,3736,1598,-6733,3599,1079,0,0,0,-199,-137,-519,572.5,3766.3,0.634,-2.122,0.348,272.812,-42.562,-222.344,517.9,1,-0.2412,-0.1789,0.1482,0.9422,211.8,15.4,0.0
1330230,2026-08-30_09-31-14.231-240,v3.6.25,3.46,12.0,400,-451,3970,6707,-1748,4482,6203,-537,3873,6631,-880,4370,6366,0,0,0,-343,497,-265,659.5,4338.5,0.564,-0.273,0.656,4.516,-83.812,-19.562,590.9,1,-0.2379,-0.1664,0.1542,0.9444,211.1,13.9,0.0
1330278,2026-08-30_09-31-14.280-240,v3.6.25,3.46,12.0,400,-451,3970,6707,-1456,3948,6615,-537,3873,6631,-506,3847,6719,0,0,0,31,-26,88,96.9,637.2,0.812,-0.012,0.603,-46.266,-73.344,-6.391,118.7,1,-0.2298,-0.1550,0.1527,0.9486,209.7,12.9,0.0
1330304,2026-08-30_09-31-14.307-240,v3.6.25,3.46,12.0,400,-367,3425,7003,-1463,3327,6919,-449,3318,6931,-448,3234,7017,0,0,0,1,-84,86,120.2,790.9,1.002,0.070,0.463,-79.797,-58.141,4.969,138.3,1,-0.2190,-0.1453,0.1456,0.9538,208.1,12.3,0.0
1330343,2026-08-30_09-31-14.344-240,v3.6.25,3.46,12.0,400,-641,2937,7176,-1463,3327,6919,-720,2828,7108,-448,3234,7017,0,0,0,272,406,-91,497.1,3270.3,1.202,0.189,0.300,-126.359,-29.047,20.391,454.6,1,-0.2045,-0.1394,0.1306,0.9600,206.1,12.4,0.0
1330386,2026-08-30_09-31-14.388-240,v3.6.25,3.46,12.0,400,-641,2937,7176,-1901,2824,6987,-720,2828,7108,-864,2734,7159,0,0,0,-144,-94,51,179.4,1180.1,1.343,0.111,0.464,-166.734,14.094,31.172,188.0,1,-0.1865,-0.1404,0.1081,0.9663,203.7,13.4,0.0
1330489,2026-08-30_09-31-14.490-240,v3.6.25,3.46,12.0,400,-2117,2554,6954,-3463,2567,6373,-2196,2466,6891,-2528,2462,6828,0,0,0,-332,-4,-63,337.9,2223.3,0.512,-0.379,0.335,-131.906,44.328,-54.516,321.1,1,-0.1644,-0.1500,0.0995,0.9698,201.2,15.0,0.0
1330522,2026-08-30_09-31-14.524-240,v3.6.25,3.46,12.0,400,-2660,2484,6780,-3463,2567,6373,-2739,2407,6719,-2528,2462,6828,0,0,0,211,55,109,243.8,1603.8,0.405,-0.002,0.344,-120.219,13.859,-36.531,242.0,1,-0.1453,-0.1539,0.0906,0.9731,198.8,15.9,0.0
1330551,2026-08-30_09-31-14.553-240,v3.6.25,3.46,12.0,400,-2978,2264,6715,-3860,2393,6215,-3056,2191,6656,-2949,2285,6742,0,0,0,107,94,86,166.4,1094.6,0.457,0.228,0.326,-135.641,-12.953,28.734,177.1,1,-0.1311,-0.1514,0.0726,0.9770,196.8,16.1,0.0
1330596,2026-08-30_09-31-14.598-240,v3.6.25,3.46,12.0,400,-2978,2264,6715,-4438,2022,5875,-3056,2191,6656,-3579,1909,6510,0,0,0,-523,-282,-146,611.9,4025.4,0.486,-0.098,0.233,-156.125,-36.125,129.562,550.9,1,-0.1242,-0.1416,0.0387,0.9813,195.3,15.6,0.0
1330641,2026-08-30_09-31-14.643-240,v3.6.25,3.46,12.0,400,-3697,1863,6389,-4438,2022,5875,-3773,1805,6337,-3579,1909,6510,0,0,0,194,104,173,280.0,1841.9,0.755,-0.487,0.715,-168.281,-51.250,226.562,272.4,1,-0.1257,-0.1271,-0.0096,0.9839,194.7,14.6,0.0
1330701,2026-08-30_09-31-14.703-240,v3.6.25,3.46,12.0,400,-4820,1553,5539,-5482,1650,4889,-4896,1526,5495,-4786,1520,5728,0,0,0,110,-6,233,257.7,1695.6,1.103,-2.194,0.989,2.281,-46.422,99.531,253.7,1,-0.1371,-0.1176,-0.0226,0.9833,195.8,13.7,0.0
1330753,2026-08-30_09-31-14.754-240,v3.6.25,3.46,12.0,400,-5808,1581,4563,-6440,1760,3533,-5887,1588,4524,-5981,1605,4568,0,0,0,-94,17,44,105.2,691.9,0.949,-1.545,0.518,223.312,-38.125,-121.844,125.7,1,-0.1560,-0.1168,0.0177,0.9807,198.6,12.9,0.0
1330781,2026-08-30_09-31-14.783-240,v3.6.25,3.46,12.0,400,-5635,1854,4970,-6204,2040,4069,-5715,1851,4925,-5658,1892,5051,0,0,0,57,41,126,144.2,949.0,0.703,-0.941,0.232,290.094,-29.766,-185.141,158.5,1,-0.1772,-0.1193,0.0734,0.9742,201.8,11.9,0.0
1330987,2026-08-30_09-31-14.988-240,v3.6.25,3.46,12.0,400,-469,2691,7275,-2008,2826,6986,-546,2576,7209,-972,2735,7177,0,0,0,-426,159,-32,455.8,2998.9,0.628,0.196,0.375,70.000,-66.266,-34.250,420.0,1,-0.1833,-0.1097,0.0877,0.9730,202.5,10.4,0.0
1331016,2026-08-30_09-31-14.018-240,v3.6.25,3.46,12.0,400,-469,2691,7275,-1296,2485,7314,-546,2576,7209,-196,2404,7375,0,0,0,350,-172,166,423.8,2788.4,0.823,0.422,0.418,14.703,-67.297,-4.266,393.2,1,-0.1847,-0.0987,0.0930,0.9734,202.5,9.1,0.0
1331045,2026-08-30_09-31-14.047-240,v3.6.25,3.46,12.0,400,54,2301,7433,-1296,2485,7314,-19,2174,7371,-196,2404,7375,0,0,0,-177,230,4,290.2,1909.5,0.949,0.409,0.435,-48.562,-56.094,30.234,281.0,1,-0.1809,-0.0878,0.0869,0.9757,201.8,8.0,0.0
1331086,2026-08-30_09-31-14.088-240,v3.6.25,3.46,12.0,400,-84,1862,7528,-1150,1938,7462,-154,1733,7470,-13,1864,7495,0,0,0,141,131,25,194.1,1276.8,1.173,-0.017,0.261,-109.250,-27.344,45.391,200.3,1,-0.1703,-0.0806,0.0705,0.9796,200.4,7.7,0.0
1331121,2026-08-30_09-31-14.123-240,v3.6.25,3.46,12.0,400,-84,1862,7528,-1712,1606,7400,-154,1733,7470,-579,1530,7532,0,0,0,-425,-203,62,475.1,3125.4,1.401,-0.245,0.170,-121.469,1.016,17.031,436.1,1,-0.1554,-0.0791,0.0560,0.9831,198.5,7.9,0.0
1331165,2026-08-30_09-31-15.167-240,v3.6.25,3.46,12.0,400,-665,1607,7545,-1712,1606,7400,-734,1484,7490,-579,1530,7532,0,0,0,155,46,42,167.0,1099.0,1.446,-0.211,0.389,-120.656,36.188,-24.594,177.6,1,-0.1368,-0.0848,0.0463,0.9859,196.3,8.9,0.0
1331196,2026-08-30_09-31-15.198-240,v3.6.25,3.46,12.0,400,-1110,1555,7491,-2250,1518,7268,-1179,1438,7436,-1139,1438,7495,0,0,0,40,0,59,71.3,469.0,1.310,-0.203,0.379,-123.578,51.625,-49.234,97.3,1,-0.1154,-0.0938,0.0395,0.9881,193.8,10.2,0.0
1331224,2026-08-30_09-31-15.225-240,v3.6.25,3.46,12.0,400,-1110,1555,7491,-2250,1518,7268,-1179,1438,7436,-1139,1438,7495,0,0,0,40,0,59,71.3,469.0,1.056,-0.265,0.403,-111.891,52.125,-92.203,97.3,1,-0.0912,-0.1039,0.0398,0.9896,191.1,11.4,0.0
1331253,2026-08-30_09-31-15.256-240,v3.6.25,3.46,12.0,400,-1327,1654,7440,-2497,1636,7178,-1397,1542,7384,-1404,1553,7449,0,0,0,-7,11,65,66.3,436.1,0.838,-0.186,0.447,-97.328,39.938,-131.734,93.1,1,-0.0648,-0.1126,0.0472,0.9904,188.2,12.5,0.0
1331281,2026-08-30_09-31-15.283-240,v3.6.25,3.46,12.0,400,-1327,1654,7440,-2497,1636,7178,-1397,1542,7384,-1404,1553,7449,0,0,0,-7,11,65,66.3,436.1,0.631,-0.173,0.446,-80.859,19.438,-158.734,93.1,1,-0.0377,-0.1184,0.0602,0.9904,185.2,13.3,0.0
1331329,2026-08-30_09-31-15.330-240,v3.6.25,3.46,12.0,400,-1107,1612,7495,-2256,1571,7305,-1177,1496,7440,-1139,1492,7532,0,0,0,38,-4,92,99.6,655.4,0.408,0.200,0.490,-56.297,-29.719,-150.812,121.1,1,-0.0144,-0.1162,0.0760,0.9902,182.7,13.2,0.0
1331355,2026-08-30_09-31-15.358-240,v3.6.25,3.46,12.0,400,-534,1342,7628,-1639,1212,7540,-600,1214,7575,-474,1141,7656,0,0,0,126,-73,81,166.6,1096.3,0.383,0.318,0.447,-49.453,-51.078,-120.188,177.3,1,0.0050,-0.1096,0.0889,0.9900,180.6,12.6,0.0
1331401,2026-08-30_09-31-15.402-240,v3.6.25,3.46,12.0,400,-22,844,7676,-1639,1212,7540,-84,706,7628,-474,1141,7656,0,0,0,-390,435,28,584.9,3848.0,0.859,0.841,0.517,-63.375,-67.891,-17.953,528.3,1,0.0160,-0.0987,0.0862,0.9913,179.1,11.4,0.0
1331436,2026-08-30_09-31-15.438-240,v3.6.25,3.46,12.0,400,-22,844,7676,-1210,583,7689,-84,706,7628,-6,520,7729,0,0,0,78,-186,101,225.6,1484.0,1.138,1.024,0.522,-123.234,-59.891,113.562,226.8,1,0.0221,-0.0891,0.0587,0.9940,178.0,10.4,0.0
1331466,2026-08-30_09-31-15.467-240,v3.6.25,3.46,12.0,400,-200,284,7693,-1921,-1,7495,-258,146,7651,-739,-65,7662,0,0,0,-481,-211,11,525.4,3456.3,1.028,0.264,0.372,-154.000,-48.688,184.984,478.4,1,0.0254,-0.0811,0.0172,0.9962,177.2,9.3,0.0
1331593,2026-08-30_09-31-15.594-240,v3.6.25,3.46,12.0,400,-2720,-300,7107,-4199,-298,6413,-2778,-395,7074,-3199,-386,6997,0,0,0,-421,9,-77,428.1,2816.3,1.318,-0.922,0.411,84.141,-30.078,50.250,396.7,1,0.0078,-0.0754,0.0176,0.9970,179.2,8.7,0.0
1331636,2026-08-30_09-31-15.638-240,v3.6.25,3.46,12.0,400,-3207,-235,6950,-4199,-298,6413,-3267,-320,6917,-3199,-386,6997,0,0,0,68,-66,80,124.0,815.9,1.229,-0.628,0.202,161.719,-26.234,4.672,141.5,1,-0.0165,-0.0700,0.0323,0.9969,182.2,8.0,0.0
1331664,2026-08-30_09-31-15.666-240,v3.6.25,3.46,12.0,400,-3047,23,7075,-4226,-59,6470,-3108,-66,7039,-3221,-148,7057,0,0,0,-113,-82,18,140.8,926.1,1.129,-0.394,0.123,185.859,-26.359,1.922,155.6,1,-0.0440,-0.0644,0.0498,0.9957,185.4,7.1,0.0
1331697,2026-08-30_09-31-15.699-240,v3.6.25,3.46,12.0,400,-3047,23,7075,-4226,-59,6470,-3108,-66,7039,-3221,-148,7057,0,0,0,-113,-82,18,140.8,926.1,1.070,-0.196,0.127,191.516,-29.344,4.406,155.6,1,-0.0726,-0.0580,0.0674,0.9934,188.8,6.1,0.0
1331744,2026-08-30_09-31-15.746-240,v3.6.25,3.46,12.0,400,-2538,366,7277,-3749,296,6792,-2601,267,7236,-2696,210,7289,0,0,0,-95,-57,53,122.8,808.0,1.087,-0.159,0.248,184.406,-35.734,-12.609,140.5,1,-0.0984,-0.0510,0.0868,0.9900,191.8,4.8,0.0
1331775,2026-08-30_09-31-15.777-240,v3.6.25,3.46,12.0,400,-1968,592,7448,-3133,556,7102,-2031,483,7404,-2031,476,7486,0,0,0,0,-7,82,82.3,541.4,0.926,-0.139,0.245,177.375,-40.078,-37.547,106.5,1,-0.1207,-0.0438,0.1091,0.9857,194.4,3.4,0.0
1331809,2026-08-30_09-31-15.810-240,v3.6.25,3.46,12.0,400,-1187,594,7616,-3133,556,7102,-1249,471,7571,-2031,476,7486,0,0,0,-782,5,-85,786.6,5175.1,0.623,0.088,-0.036,144.156,-50.531,-48.141,697.6,1,-0.1369,-0.0348,0.1305,0.9813,196.1,1.9,0.0
1331855,2026-08-30_09-31-15.857-240,v3.6.25,3.46,12.0,400,-1187,594,7616,-2334,531,7426,-1249,471,7571,-1175,460,7665,0,0,0,74,-11,94,120.1,790.4,0.730,0.507,-0.021,44.203,-63.875,14.734,138.3,1,-0.1441,-0.0225,0.1349,0.9801,196.8,0.3,0.0
1331883,2026-08-30_09-31-15.885-240,v3.6.25,3.46,12.0,400,-618,308,7693,-1840,144,7570,-677,175,7651,-648,80,7721,0,0,0,29,-95,70,121.5,799.4,0.977,0.357,0.057,-31.766,-59.562,56.844,139.4,1,-0.1440,-0.0099,0.1257,0.9815,196.6,-1.0,0.0
1331926,2026-08-30_09-31-15.927-240,v3.6.25,3.46,12.0,400,-886,-88,7622,-1840,144,7570,-942,-217,7584,-648,80,7721,0,0,0,294,297,137,439.8,2893.3,1.239,0.046,0.070,-106.719,-34.969,68.922,406.5,1,-0.1342,-0.0017,0.1068,0.9852,195.4,-1.4,0.0
1331964,2026-08-30_09-31-15.966-240,v3.6.25,3.46,12.0,400,-886,-88,7622,-2324,-279,7361,-942,-217,7584,-1160,-345,7601,0,0,0,-218,-128,17,253.4,1666.9,1.521,-0.295,0.018,-145.297,0.781,59.297,250.1,1,-0.1184,-0.0002,0.0849,0.9893,193.6,-1.1,0.0
1331991,2026-08-30_09-31-15.993-240,v3.6.25,3.46,12.0,400,-1575,-397,7480,-3052,-505,7051,-1630,-515,7446,-1937,-577,7424,0,0,0,-307,-62,-22,314.0,2065.6,1.458,-0.589,0.019,-141.422,24.297,30.891,300.9,1,-0.1009,-0.0036,0.0671,0.9926,191.6,-0.4,0.0
1332040,2026-08-30_09-31-15.042-240,v3.6.25,3.46,12.0,400,-2169,-498,7322,-3052,-505,7051,-2225,-606,7290,-1937,-577,7424,0,0,0,288,29,134,319.0,2098.5,1.164,-0.392,-0.023,-122.781,43.062,-34.484,305.1,1,-0.0807,-0.0115,0.0603,0.9948,189.3,0.8,0.0
1332070,2026-08-30_09-31-15.072-240,v3.6.25,3.46,12.0,400,-2169,-498,7322,-3437,-532,6878,-2225,-606,7290,-2352,-609,7321,0,0,0,-127,-3,31,130.8,860.3,1.110,-0.270,0.000,-126.141,40.484,-46.922,147.2,1,-0.0589,-0.0191,0.0551,0.9966,186.9,1.8,0.0
1332099,2026-08-30_09-31-15.100-240,v3.6.25,3.46,12.0,400,-2312,-533,7266,-3437,-532,6878,-2368,-638,7235,-2352,-609,7321,0,0,0,16,29,86,92.2,606.3,0.976,-0.074,0.021,-132.219,30.578,-50.109,114.8,1,-0.0357,-0.0249,0.0501,0.9978,184.2,2.6,0.0
1332126,2026-08-30_09-31-15.128-240,v3.6.25,3.46,12.0,400,-2329,-697,7265,-3473,-645,6863,-2383,-802,7236,-2388,-721,7312,0,0,0,-5,81,76,111.2,731.5,0.865,0.092,0.045,-145.812,15.781,-37.781,130.8,1,-0.0115,-0.0279,0.0423,0.9986,181.5,3.1,0.0
1332176,2026-08-30_09-31-16.178-240,v3.6.25,3.46,12.0,400,-2329,-697,7265,-3560,-986,6756,-2383,-802,7236,-2487,-1062,7223,0,0,0,-104,-260,-13,280.3,1844.3,0.565,0.167,-0.048,-163.328,-13.891,-14.859,272.7,1,0.0134,-0.0256,0.0301,0.9991,178.5,3.0,0.0
1332214,2026-08-30_09-31-16.216-240,v3.6.25,3.46,12.0,400,-2474,-1095,7147,-3560,-986,6756,-2526,-1198,7123,-2487,-1062,7223,0,0,0,39,136,100,173.3,1139.8,0.578,0.064,0.051,-146.500,-31.359,-16.000,182.9,1,0.0361,-0.0201,0.0191,0.9990,175.9,2.4,0.0
1332242,2026-08-30_09-31-16.246-240,v3.6.25,3.46,12.0,400,-2658,-1616,6960,-3757,-1584,6515,-2706,-1715,6942,-2713,-1661,7023,0,0,0,-7,54,81,97.6,642.1,0.930,0.151,0.340,-141.328,-36.484,18.406,119.4,1,0.0545,-0.0141,0.0032,0.9984,173.8,1.6,0.0
1332277,2026-08-30_09-31-16.278-240,v3.6.25,3.46,12.0,400,-2658,-1616,6960,-3757,-1584,6515,-2706,-1715,6942,-2713,-1661,7023,0,0,0,-7,54,81,97.6,642.1,1.256,0.044,0.272,-158.656,-24.266,111.844,119.4,1,0.0674,-0.0109,-0.0281,0.9973,172.2,1.0,0.0
1332306,2026-08-30_09-31-16.308-240,v3.6.25,3.46,12.0,400,-3079,-2119,6609,-4105,-2169,6060,-3125,-2207,6599,-3128,-2250,6639,0,0,0,-3,-43,40,58.8,386.9,1.271,-0.669,0.271,-144.203,-12.359,158.016,86.8,1,0.0742,-0.0108,-0.0652,0.9950,171.4,0.7,0.0
1332391,2026-08-30_09-31-16.392-240,v3.6.25,3.46,12.0,400,-4635,-2065,5717,-5058,-2249,5138,-4684,-2114,5711,-4239,-2347,5903,0,0,0,445,-233,192,537.8,3537.8,1.256,-1.568,-0.064,122.234,-12.766,-21.984,488.8,1,0.0571,-0.0086,-0.0519,0.9970,173.4,0.6,0.0
1332436,2026-08-30_09-31-16.438-240,v3.6.25,3.46,12.0,400,-4635,-2065,5717,-5454,-1981,4985,-4684,-2114,5711,-4668,-2085,5821,0,0,0,16,29,110,114.9,755.8,1.209,-1.054,-0.236,236.906,-16.469,-95.125,133.9,1,0.0291,-0.0049,-0.0175,0.9994,176.7,0.5,0.0
1332646,2026-08-30_09-31-16.647-240,v3.6.25,3.46,12.0,400,-894,-784,7568,-1843,-952,7446,-945,-915,7538,-650,-1010,7602,0,0,0,295,-95,64,316.5,2082.0,0.888,0.521,0.031,19.234,-33.953,-4.734,303.0,1,0.0260,0.0016,-0.0141,0.9996,177.0,-0.2,0.0
1332686,2026-08-30_09-31-16.688-240,v3.6.25,3.46,12.0,400,-491,-931,7593,-1843,-952,7446,-541,-1068,7565,-650,-1010,7602,0,0,0,-109,58,37,128.9,848.0,1.085,0.126,-0.084,-66.297,-23.359,31.516,145.6,1,0.0326,0.0063,-0.0243,0.9992,176.3,-0.8,0.0
1332715,2026-08-30_09-31-16.717-240,v3.6.25,3.46,12.0,400,-650,-1152,7537,-1815,-1237,7450,-698,-1287,7512,-616,-1293,7602,0,0,0,82,-6,90,121.9,802.0,1.208,-0.069,-0.101,-100.391,-10.891,24.156,139.8,1,0.0452,0.0090,-0.0364,0.9983,174.9,-1.2,0.0
1332754,2026-08-30_09-31-16.755-240,v3.6.25,3.46,12.0,400,-650,-1152,7537,-2184,-1404,7280,-698,-1287,7512,-1011,-1463,7499,0,0,0,-313,-176,-13,359.3,2364.0,1.368,0.087,0.011,-135.500,5.047,15.328,339.0,1,0.0639,0.0090,-0.0498,0.9967,172.7,-1.4,0.0
1332802,2026-08-30_09-31-16.804-240,v3.6.25,3.46,12.0,400,-992,-1335,7462,-2184,-1404,7280,-1039,-1464,7439,-1011,-1463,7499,0,0,0,28,1,60,66.2,435.7,1.220,0.369,-0.175,-185.891,19.750,25.453,93.0,1,0.0895,0.0063,-0.0685,0.9936,169.8,-1.4,0.0
1332829,2026-08-30_09-31-16.831-240,v3.6.25,3.46,12.0,400,-1436,-1476,7360,-2590,-1587,7101,-1483,-1598,7339,-1445,-1650,7395,0,0,0,38,-52,56,85.3,561.5,1.054,0.446,-0.305,-219.547,20.250,46.156,109.1,1,0.1183,0.0032,-0.0931,0.9886,166.5,-1.6,0.0
1332862,2026-08-30_09-31-16.864-240,v3.6.25,3.46,12.0,400,-2055,-1730,7119,-2590,-1587,7101,-2101,-1840,7102,-1445,-1650,7395,0,0,0,656,190,293,743.2,4889.2,0.902,0.269,-0.394,-256.656,17.234,87.281,661.1,1,0.1489,-0.0002,-0.1271,0.9806,163.0,-2.1,0.0
1332911,2026-08-30_09-31-16.913-240,v3.6.25,3.46,12.0,400,-2055,-1730,7119,-3228,-1791,6686,-2101,-1840,7102,-2150,-1861,7099,0,0,0,-49,-21,-3,53.4,351.3,0.703,-0.510,-0.260,-263.000,10.766,117.453,82.3,1,0.1774,-0.0038,-0.1669,0.9699,159.8,-3.0,0.0
1333011,2026-08-30_09-31-16.012-240,v3.6.25,3.46,12.0,400,-3928,-2477,5977,-4967,-2590,5142,-3973,-2542,5974,-4141,-2686,5892,0,0,0,-168,-144,-82,236.0,1552.5,1.069,-0.768,0.295,-80.203,-19.156,41.500,235.5,1,0.1844,-0.0015,-0.1809,0.9661,159.1,-3.7,0.0
1333037,2026-08-30_09-31-16.038-240,v3.6.25,3.46,12.0,400,-4248,-2822,5615,-4967,-2590,5142,-4291,-2877,5618,-4141,-2686,5892,0,0,0,150,191,274,366.1,2408.8,1.283,-0.916,0.418,-41.875,-20.250,54.328,344.7,1,0.1845,-0.0002,-0.1936,0.9636,159.1,-4.1,0.0
1333066,2026-08-30_09-31-16.068-240,v3.6.25,3.46,12.0,400,-4248,-2822,5615,-5215,-2867,4722,-4291,-2877,5618,-4456,-2968,5525,0,0,0,-165,-91,-93,210.1,1382.4,1.307,-1.242,0.431,23.250,-19.734,24.609,213.8,1,0.1778,0.0016,-0.1964,0.9643,159.9,-4.2,0.0
1333094,2026-08-30_09-31-16.096-240,v3.6.25,3.46,12.0,400,-4565,-2888,5350,-5215,-2867,4722,-4608,-2933,5355,-4456,-2968,5525,0,0,0,152,-35,170,230.7,1517.9,1.301,-1.245,0.192,108.656,-20.547,-38.734,231.1,1,0.1638,0.0051,-0.1828,0.9694,161.6,-4.0,0.0
1333122,2026-08-30_09-31-16.124-240,v3.6.25,3.46,12.0,400,-4565,-2888,5350,-5385,-2816,4669,-4608,-2933,5355,-4636,-2919,5502,0,0,0,-28,14,147,150.3,988.8,1.154,-1.084,-0.040,179.953,-21.828,-93.578,163.6,1,0.1438,0.0103,-0.1550,0.9773,163.8,-3.7,0.0
1333154,2026-08-30_09-31-16.155-240,v3.6.25,3.46,12.0,400,-4415,-2698,5677,-5385,-2816,4669,-4459,-2752,5678,-4636,-2919,5502,0,0,0,-177,-167,-176,300.3,1975.8,1.102,-0.695,-0.255,242.453,-24.359,-130.969,289.5,1,0.1173,0.0168,-0.1161,0.9861,166.8,-3.5,0.0
1333336,2026-08-30_09-31-17.337-240,v3.6.25,3.46,12.0,400,-928,-2075,7300,-2135,-2228,7139,-970,-2205,7286,-970,-2284,7354,0,0,0,0,-79,68,104.2,685.8,0.764,0.424,-0.160,78.344,-57.922,-24.500,124.9,1,0.1060,0.0275,-0.1061,0.9883,168.2,-4.4,0.0
1333388,2026-08-30_09-31-17.390-240,v3.6.25,3.46,12.0,400,-728,-2427,7180,-2135,-2228,7139,-767,-2559,7171,-970,-2284,7354,0,0,0,-203,275,183,387.7,2550.8,0.891,0.004,-0.048,9.672,-64.406,-0.156,362.8,1,0.1029,0.0393,-0.1058,0.9883,168.7,-5.7,0.0
1333436,2026-08-30_09-31-17.437-240,v3.6.25,3.46,12.0,400,-728,-2427,7180,-1914,-2570,7043,-767,-2559,7171,-758,-2624,7223,0,0,0,9,-65,52,83.7,550.8,1.132,0.047,-0.201,-25.297,-51.844,-10.516,107.7,1,0.1062,0.0495,-0.1066,0.9874,168.4,-6.9,0.0
1333465,2026-08-30_09-31-17.467-240,v3.6.25,3.46,12.0,400,-728,-2851,7030,-1902,-3034,6854,-764,-2981,7026,-769,-3088,7037,0,0,0,-5,-107,11,107.7,708.4,1.265,0.272,-0.366,-61.344,-38.312,10.375,127.8,1,0.1137,0.0570,-0.1130,0.9854,167.7,-7.9,0.0
1333504,2026-08-30_09-31-17.505-240,v3.6.25,3.46,12.0,400,-829,-3185,6842,-1902,-3034,6854,-863,-3312,6843,-769,-3088,7037,0,0,0,94,224,194,310.9,2045.3,1.345,0.524,-0.431,-126.312,-16.578,59.922,298.4,1,0.1277,0.0598,-0.1315,0.9812,166.3,-8.7,0.0
1333541,2026-08-30_09-31-17.543-240,v3.6.25,3.46,12.0,400,-829,-3185,6842,-2076,-3383,6624,-863,-3312,6843,-976,-3438,6843,0,0,0,-113,-126,0,169.2,1113.5,1.379,0.688,-0.546,-202.875,4.984,122.172,179.5,1,0.1491,0.0576,-0.1646,0.9733,164.0,-9.3,0.0
1333571,2026-08-30_09-31-17.572-240,v3.6.25,3.46,12.0,400,-1373,-3389,6635,-2846,-3516,6166,-1406,-3505,6639,-1823,-3581,6529,0,0,0,-417,-76,-110,437.9,2881.0,1.256,0.183,-0.580,-246.969,21.125,152.438,405.0,1,0.1751,0.0520,-0.2053,0.9615,161.3,-9.9,0.0
1333680,2026-08-30_09-31-17.682-240,v3.6.25,3.46,12.0,400,-3110,-3703,5824,-3821,-3640,5510,-3144,-3781,5836,-2909,-3718,6056,0,0,0,235,63,220,328.0,2158.0,0.559,-0.305,-0.549,-166.422,10.625,22.391,312.7,1,0.1982,0.0525,-0.2210,0.9535,158.8,-10.8,0.0
1333713,2026-08-30_09-31-17.715-240,v3.6.25,3.46,12.0,400,-3294,-4022,5516,-4166,-3902,5100,-3326,-4092,5533,-3320,-3986,5715,0,0,0,6,106,182,210.7,1386.2,0.494,-0.111,-0.555,-148.625,-8.406,16.719,214.3,1,0.2182,0.0561,-0.2349,0.9456,156.7,-12.0,0.0
1333751,2026-08-30_09-31-17.752-240,v3.6.25,3.46,12.0,400,-3294,-4022,5516,-4187,-4323,4683,-3326,-4092,5533,-3404,-4410,5312,0,0,0,-78,-318,-221,395.0,2598.9,0.802,-0.179,-0.294,-146.469,-23.734,63.594,369.0,1,0.2337,0.0598,-0.2558,0.9362,155.3,-13.4,0.0
1333798,2026-08-30_09-31-17.799-240,v3.6.25,3.46,12.0,400,-3404,-4403,5122,-4187,-4323,4683,-3434,-4465,5146,-3404,-4410,5312,0,0,0,30,55,166,177.4,1167.3,1.413,-1.172,0.256,-118.359,-22.141,114.078,186.4,1,0.2410,0.0588,-0.2823,0.9267,154.8,-14.2,0.0
1333826,2026-08-30_09-31-17.828-240,v3.6.25,3.46,12.0,400,-3849,-4670,4512,-4514,-4639,3964,-3878,-4715,4542,-3849,-4736,4667,0,0,0,29,-21,125,130.0,855.4,1.536,-1.963,0.236,-26.703,-18.812,62.266,146.6,1,0.2387,0.0583,-0.2945,0.9235,155.2,-14.4,0.0
1333859,2026-08-30_09-31-17.861-240,v3.6.25,3.46,12.0,400,-3849,-4670,4512,-4514,-4639,3964,-3878,-4715,4542,-3849,-4736,4667,0,0,0,29,-21,125,130.0,855.4,1.256,-2.098,-0.056,134.656,-24.062,-87.312,146.6,1,0.2235,0.0641,-0.2736,0.9333,156.8,-14.0,0.0
1333887,2026-08-30_09-31-17.889-240,v3.6.25,3.46,12.0,400,-4183,-4636,4369,-4839,-4634,3642,-4213,-4673,4400,-4230,-4738,4409,0,0,0,-17,-65,9,67.8,446.0,0.859,-1.517,-0.552,254.516,-31.078,-213.344,94.3,1,0.1990,0.0758,-0.2254,0.9507,159.3,-13.5,0.0
1334089,2026-08-30_09-31-17.090-240,v3.6.25,3.46,12.0,400,-400,-4278,6222,-1621,-4352,6197,-425,-4402,6239,-575,-4405,6350,0,0,0,-150,-3,111,186.6,1227.8,0.675,0.618,-0.322,48.391,-47.938,38.438,194.1,1,0.1868,0.0815,-0.2283,0.9520,160.8,-13.9,0.0
1334121,2026-08-30_09-31-17.122-240,v3.6.25,3.46,12.0,400,-400,-4278,6222,-1551,-4446,6101,-425,-4402,6239,-520,-4500,6244,0,0,0,-95,-98,5,136.6,898.6,0.785,0.566,-0.480,-10.219,-52.891,55.938,152.1,1,0.1821,0.0883,-0.2383,0.9499,161.7,-14.8,0.0
1334151,2026-08-30_09-31-17.153-240,v3.6.25,3.46,12.0,400,-697,-4493,6048,-1551,-4446,6101,-721,-4610,6068,-520,-4500,6244,0,0,0,201,110,176,288.9,1900.8,0.861,0.441,-0.603,-70.312,-49.141,77.938,279.9,1,0.1850,0.0948,-0.2557,0.9441,161.8,-15.9,0.0
1334195,2026-08-30_09-31-18.197-240,v3.6.25,3.46,12.0,400,-1196,-4763,5724,-1948,-4724,5741,-1219,-4868,5749,-973,-4783,5961,0,0,0,246,85,212,335.7,2208.5,0.907,0.017,-0.802,-135.062,-34.531,90.391,319.2,1,0.1973,0.0996,-0.2792,0.9345,160.9,-17.2,0.0
1334228,2026-08-30_09-31-18.229-240,v3.6.25,3.46,12.0,400,-1196,-4763,5724,-2490,-5021,5237,-1219,-4868,5749,-1597,-5088,5563,0,0,0,-378,-220,-186,475.3,3126.8,1.138,-0.240,-0.907,-156.500,-15.562,81.781,436.3,1,0.2142,0.1023,-0.3020,0.9233,159.4,-18.6,0.0
1334266,2026-08-30_09-31-18.268-240,v3.6.25,3.46,12.0,400,-1744,-5018,5348,-2490,-5021,5237,-1766,-5109,5378,-1597,-5088,5563,0,0,0,169,21,185,251.4,1654.3,1.200,-0.453,-0.838,-148.375,5.281,47.688,248.5,1,0.2331,0.1032,-0.3182,0.9131,157.5,-19.7,0.0
1334294,2026-08-30_09-31-18.296-240,v3.6.25,3.46,12.0,400,-2012,-5235,5078,-2841,-5249,4827,-2033,-5318,5112,-2014,-5322,5223,0,0,0,19,-4,111,112.7,741.4,1.182,-0.125,-0.741,-143.094,15.594,30.750,132.0,1,0.2527,0.1035,-0.3308,0.9033,155.5,-20.7,0.0
1334332,2026-08-30_09-31-18.334-240,v3.6.25,3.46,12.0,400,-2012,-5235,5078,-2904,-5400,4630,-2033,-5318,5112,-2108,-5475,5042,0,0,0,-75,-157,-70,187.5,1233.9,0.927,0.423,-0.766,-171.109,19.781,55.578,194.8,1,0.2750,0.1020,-0.3481,0.8904,153.2,-21.9,0.0
1334381,2026-08-30_09-31-18.383-240,v3.6.25,3.46,12.0,400,-2049,-5371,4926,-2904,-5400,4630,-2069,-5451,4962,-2108,-5475,5042,0,0,0,-39,-24,80,92.2,606.4,0.699,0.334,-0.734,-230.406,16.750,118.875,114.8,1,0.3012,0.0980,-0.3778,0.8700,150.6,-23.5,0.0
1334411,2026-08-30_09-31-18.412-240,v3.6.25,3.46,12.0,400,-2332,-5532,4597,-3069,-5572,4244,-2352,-5602,4637,-2336,-5652,4694,0,0,0,16,-50,57,77.5,509.8,0.646,-0.103,-0.708,-235.891,12.406,121.281,102.5,1,0.3271,0.0945,-0.4079,0.8472,148.2,-25.3,0.0
1334441,2026-08-30_09-31-18.443-240,v3.6.25,3.46,12.0,400,-2332,-5532,4597,-3069,-5572,4244,-2352,-5602,4637,-2336,-5652,4694,0,0,0,16,-50,57,77.5,509.8,0.648,-0.618,-0.598,-197.656,6.531,82.703,102.5,1,0.3489,0.0933,-0.4305,0.8272,146.1,-27.0,0.0
1334470,2026-08-30_09-31-18.472-240,v3.6.25,3.46,12.0,400,-2622,-5772,4116,-3321,-5809,3679,-2641,-5829,4161,-2681,-5897,4186,0,0,0,-40,-68,25,82.8,544.5,0.721,-1.076,-0.508,-120.297,-4.047,17.625,106.9,1,0.3630,0.0963,-0.4402,0.8156,144.8,-28.5,0.0
1334500,2026-08-30_09-31-18.502-240,v3.6.25,3.46,12.0,400,-2627,-6010,3806,-3321,-5809,3679,-2644,-6061,3856,-2681,-5897,4186,0,0,0,-37,164,330,370.4,2436.6,1.005,-0.985,-0.344,-49.719,-13.938,-18.797,348.3,1,0.3690,0.1018,-0.4416,0.8115,144.3,-29.4,0.0
1334544,2026-08-30_09-31-18.545-240,v3.6.25,3.46,12.0,400,-2627,-6010,3806,-3195,-6066,3397,-2644,-6061,3856,-2599,-6156,3889,0,0,0,45,-95,33,110.2,724.8,1.234,-0.555,-0.080,44.453,-18.578,-39.828,129.9,1,0.3638,0.1069,-0.4340,0.8173,144.8,-29.4,0.0
1334571,2026-08-30_09-31-18.573-240,v3.6.25,3.46,12.0,400,-2446,-6126,3763,-3038,-6157,3396,-2462,-6179,3814,-2440,-6246,3862,0,0,0,22,-67,48,85.3,561.2,1.272,-0.633,-0.026,98.891,-14.016,-61.719,109.0,1,0.3527,0.1113,-0.4200,0.8287,145.9,-28.7,0.0
1334616,2026-08-30_09-31-18.618-240,v3.6.25,3.46,12.0,400,-2323,-6085,3938,-3038,-6157,3396,-2339,-6143,3988,-2440,-6246,3862,0,0,0,-101,-103,-126,191.5,1260.1,1.112,-0.485,-0.427,201.578,-5.234,-131.281,198.2,1,0.3319,0.1177,-0.3908,0.8505,147.9,-27.4,0.0
1334645,2026-08-30_09-31-18.647-240,v3.6.25,3.46,12.0,400,-2323,-6085,3938,-2882,-6063,3756,-2339,-6143,3988,-2223,-6146,4186,0,0,0,116,-3,198,229.5,1509.9,0.879,-0.269,-0.736,250.266,-0.422,-161.219,230.1,1,0.3056,0.1242,-0.3537,0.8753,150.3,-25.7,0.0
1334673,2026-08-30_09-31-18.675-240,v3.6.25,3.46,12.0,400,-1939,-5906,4408,-2882,-6063,3756,-1956,-5978,4453,-2223,-6146,4186,0,0,0,-267,-168,-267,413.3,2719.0,0.768,0.004,-1.016,268.125,1.000,-158.125,384.3,1,0.2757,0.1296,-0.3150,0.8989,153.0,-24.0,0.0
1334701,2026-08-30_09-31-18.702-240,v3.6.25,3.46,12.0,400,-1939,-5906,4408,-2441,-5849,4419,-1956,-5978,4453,-1672,-5922,4757,0,0,0,284,56,304,419.8,2761.7,0.754,0.522,-1.062,253.875,0.812,-128.688,389.7,1,0.2454,0.1329,-0.2803,0.9184,156.0,-22.4,0.0
1334741,2026-08-30_09-31-18.743-240,v3.6.25,3.46,12.0,400,-1391,-5651,4889,-1987,-5621,4913,-1408,-5740,4929,-1137,-5686,5161,0,0,0,271,54,232,360.8,2373.7,0.646,0.871,-0.741,189.656,-5.125,-73.078,340.3,1,0.2207,0.1348,-0.2572,0.9311,158.5,-21.4,0.0
1334789,2026-08-30_09-31-18.791-240,v3.6.25,3.46,12.0,400,-1032,-5476,5147,-1987,-5621,4913,-1050,-5574,5183,-1137,-5686,5161,0,0,0,-87,-112,-22,143.5,944.2,0.773,0.734,-0.537,106.250,-23.172,-22.688,157.9,1,0.2045,0.1383,-0.2473,0.9370,160.3,-21.1,0.0
1334817,2026-08-30_09-31-18.819-240,v3.6.25,3.46,12.0,400,-932,-5429,5186,-1835,-5525,5062,-950,-5529,5222,-961,-5588,5280,0,0,0,-11,-59,58,83.5,549.1,0.767,0.431,-0.552,58.031,-33.094,15.266,107.5,1,0.1930,0.1424,-0.2465,0.9390,161.7,-21.3,0.0
1334861,2026-08-30_09-31-18.863-240,v3.6.25,3.46,12.0,400,-932,-5429,5186,-1999,-5577,4892,-950,-5529,5222,-1154,-5643,5143,0,0,0,-204,-114,-79,246.7,1622.9,0.663,-0.177,-0.799,19.453,-48.047,38.891,244.5,1,0.1852,0.1485,-0.2528,0.9379,162.9,-21.9,0.0
1334906,2026-08-30_09-31-18.907-240,v3.6.25,3.46,12.0,400,-1163,-5525,5012,-1999,-5577,4892,-1181,-5619,5050,-1154,-5643,5143,0,0,0,27,-24,93,99.8,656.4,0.576,0.254,-0.569,-19.625,-57.500,49.562,121.2,1,0.1825,0.1566,-0.2629,0.9344,163.7,-22.9,0.0
1334934,2026-08-30_09-31-18.937-240,v3.6.25,3.46,12.0,400,-1517,-5707,4691,-2315,-5762,4479,-1534,-5790,4732,-1537,-5834,4794,0,0,0,-3,-44,62,76.1,500.6,0.675,0.385,-0.611,-66.969,-52.469,74.125,101.3,1,0.1859,0.1636,-0.2792,0.9277,163.9,-24.0,0.0
1334964,2026-08-30_09-31-18.965-240,v3.6.25,3.46,12.0,400,-1517,-5707,4691,-2315,-5762,4479,-1534,-5790,4732,-1537,-5834,4794,0,0,0,-3,-44,62,76.1,500.6,0.895,0.498,-0.858,-129.109,-38.172,111.547,101.3,1,0.1974,0.1678,-0.3042,0.9167,163.3,-25.3,0.0
1334991,2026-08-30_09-31-18.993-240,v3.6.25,3.46,12.0,400,-1931,-5946,4234,-2679,-5998,3878,-1947,-6015,4281,-2001,-6079,4270,0,0,0,-54,-64,-11,84.5,555.6,1.039,0.330,-0.841,-181.938,-16.453,146.047,108.3,1,0.2160,0.1680,-0.3362,0.9012,162.0,-26.6,0.0
1335025,2026-08-30_09-31-18.026-240,v3.6.25,3.46,12.0,400,-2445,-6131,3692,-2679,-5998,3878,-2461,-6183,3744,-2001,-6079,4270,0,0,0,460,104,526,706.5,4647.8,0.965,-0.145,-1.114,-208.141,13.844,152.266,630.3,1,0.2396,0.1634,-0.3692,0.8829,160.0,-27.7,0.0
1335066,2026-08-30_09-31-18.068-240,v3.6.25,3.46,12.0,400,-2445,-6131,3692,-3081,-6172,3193,-2461,-6183,3744,-2518,-6264,3671,0,0,0,-57,-81,-73,123.0,809.5,0.867,-0.406,-1.082,-185.922,39.062,107.969,140.7,1,0.2634,0.1569,-0.3930,0.8669,157.7,-28.6,0.0
1335096,2026-08-30_09-31-18.098-240,v3.6.25,3.46,12.0,400,-2779,-6264,3278,-3351,-6262,2790,-2795,-6303,3334,-2855,-6360,3324,0,0,0,-60,-57,-10,83.4,548.4,0.978,-0.367,-0.886,-166.609,52.750,74.766,107.4,1,0.2868,0.1499,-0.4097,0.8529,155.1,-29.4,0.0
1335141,2026-08-30_09-31-18.142-240,v3.6.25,3.46,12.0,400,-2771,-6320,3210,-3351,-6262,2790,-2787,-6358,3267,-2855,-6360,3324,0,0,0,-68,-2,57,88.8,583.9,1.076,-0.570,-0.713,-122.266,64.953,3.000,111.9,1,0.3082,0.1449,-0.4130,0.8447,152.4,-30.0,0.0
1335176,2026-08-30_09-31-19.178-240,v3.6.25,3.46,12.0,400,-2771,-6320,3210,-3220,-6342,2839,-2787,-6358,3267,-2714,-6438,3350,0,0,0,73,-80,83,136.4,897.7,0.876,-0.616,-0.593,-66.578,59.578,-76.797,152.0,1,0.3253,0.1452,-0.4025,0.8433,149.9,-30.4,0.0
1335203,2026-08-30_09-31-19.206-240,v3.6.25,3.46,12.0,400,-2416,-6363,3451,-3220,-6342,2839,-2431,-6411,3507,-2714,-6438,3350,0,0,0,-283,-27,-157,324.8,2136.6,0.713,-0.469,-0.568,-17.750,44.266,-140.359,310.0,1,0.3377,0.1514,-0.3812,0.8472,147.8,-30.9,0.0
1335331,2026-08-30_09-31-19.332-240,v3.6.25,3.46,12.0,400,-611,-6468,3885,-911,-6604,3769,-621,-6549,3940,-238,-6674,3862,0,0,0,383,-125,-78,410.4,2699.8,0.903,0.264,-0.363,-2.922,-29.594,-3.969,381.8,1,0.3362,0.1567,-0.3817,0.8466,148.2,-31.5,0.0
1335376,2026-08-30_09-31-19.378-240,v3.6.25,3.46,12.0,400,-184,-6585,3718,-911,-6604,3769,-193,-6668,3776,-238,-6674,3862,0,0,0,-45,-6,86,97.2,639.8,0.867,-0.244,-0.413,56.078,-35.031,-16.297,119.1,1,0.3265,0.1621,-0.3782,0.8509,149.5,-31.5,0.0
1335421,2026-08-30_09-31-19.423-240,v3.6.25,3.46,12.0,400,-266,-6697,3525,-895,-6750,3558,-274,-6775,3585,-256,-6822,3653,0,0,0,18,-47,68,84.6,556.6,0.963,-0.192,-0.548,124.672,-33.906,-42.688,108.4,1,0.3083,0.1676,-0.3674,0.8613,151.6,-31.0,0.0
1335451,2026-08-30_09-31-19.453-240,v3.6.25,3.46,12.0,400,-374,-6743,3408,-983,-6802,3380,-382,-6818,3469,-373,-6877,3494,0,0,0,9,-59,25,64.7,425.7,0.783,-0.554,-0.814,175.984,-30.672,-69.938,91.8,1,0.2838,0.1729,-0.3501,0.8758,154.2,-30.1,0.0
1335491,2026-08-30_09-31-19.493-240,v3.6.25,3.46,12.0,400,-374,-6743,3408,-983,-6802,3380,-382,-6818,3469,-373,-6877,3494,0,0,0,9,-59,25,64.7,425.7,0.548,0.011,-0.953,242.484,-28.203,-114.000,91.8,1,0.2515,0.1792,-0.3220,0.8950,157.5,-28.9,0.0
1335519,2026-08-30_09-31-19.521-240,v3.6.25,3.46,12.0,400,-460,-6750,3380,-1060,-6832,3365,-468,-6823,3441,-452,-6907,3493,0,0,0,16,-84,52,100.1,658.4,0.620,0.602,-0.992,230.469,-25.359,-90.203,121.4,1,0.2195,0.1834,-0.2970,0.9111,160.8,-27.7,0.0
1335553,2026-08-30_09-31-19.555-240,v3.6.25,3.46,12.0,400,-546,-6720,3458,-1060,-6832,3365,-555,-6794,3519,-452,-6907,3493,0,0,0,103,-113,-26,155.1,1020.4,0.579,0.968,-0.969,169.469,-24.266,-15.859,167.6,1,0.1927,0.1844,-0.2859,0.9204,163.8,-26.7,0.0
1335596,2026-08-30_09-31-19.597-240,v3.6.25,3.46,12.0,400,-546,-6720,3458,-1237,-6767,3376,-555,-6794,3519,-629,-6844,3534,0,0,0,-74,-50,15,90.6,595.8,0.443,1.112,-0.731,38.938,-35.000,116.578,113.4,1,0.1785,0.1832,-0.3022,0.9183,166.0,-26.4,0.0
1335626,2026-08-30_09-31-19.628-240,v3.6.25,3.46,12.0,400,-1050,-6671,3380,-1866,-6714,3110,-1060,-6736,3440,-1305,-6798,3382,0,0,0,-245,-62,-58,259.3,1705.9,0.327,0.699,-0.641,-34.641,-45.703,158.000,255.1,1,0.1729,0.1836,-0.3291,0.9100,167.5,-26.6,0.0
1335728,2026-08-30_09-31-19.730-240,v3.6.25,3.46,12.0,400,-2515,-6794,2262,-2674,-6679,2373,-2527,-6817,2330,-2242,-6777,2802,0,0,0,285,40,472,552.8,3637.0,0.443,-0.135,-1.204,-164.156,-41.922,147.141,501.4,1,0.1876,0.1883,-0.3611,0.8938,166.9,-28.2,0.0
1335807,2026-08-30_09-31-19.809-240,v3.6.25,3.46,12.0,400,-2801,-6932,1443,-3005,-6969,649,-2813,-6934,1517,-2865,-7092,1176,0,0,0,-52,-158,-341,379.4,2496.1,0.634,-0.087,-1.185,-158.828,5.312,88.672,355.9,1,0.2071,0.1886,-0.3820,0.8807,165.3,-29.4,0.0
1335841,2026-08-30_09-31-19.843-240,v3.6.25,3.46,12.0,400,-2754,-7094,900,-3005,-6969,649,-2765,-7086,980,-2865,-7092,1176,0,0,0,-100,-6,196,220.1,1448.1,0.750,0.219,-1.059,-168.984,27.469,94.297,222.2,1,0.2292,0.1855,-0.4028,0.8665,163.3,-30.4,0.0
1335871,2026-08-30_09-31-19.872-240,v3.6.25,3.46,12.0,400,-2490,-7233,631,-2708,-7112,292,-2500,-7223,714,-2626,-7238,777,0,0,0,-126,-15,63,141.7,932.0,0.815,0.250,-0.999,-188.406,49.938,111.391,156.3,1,0.2547,0.1784,-0.4255,0.8499,160.8,-31.3,0.0
1335911,2026-08-30_09-31-19.913-240,v3.6.25,3.46,12.0,400,-2490,-7233,631,-2303,-7294,279,-2500,-7223,714,-2220,-7417,695,0,0,0,280,-194,-19,341.2,2244.5,0.643,-0.030,-0.993,-185.047,68.062,105.750,323.8,1,0.2809,0.1685,-0.4460,0.8330,158.0,-32.1,0.0
1335961,2026-08-30_09-31-19.963-240,v3.6.25,3.46,12.0,400,-2121,-7351,607,-2303,-7294,279,-2129,-7346,691,-2220,-7417,695,0,0,0,-91,-71,4,115.5,759.8,0.264,0.035,-0.813,-114.875,58.891,-9.703,134.4,1,0.3017,0.1661,-0.4470,0.8256,155.4,-33.0,0.0
1335990,2026-08-30_09-31-19.992-240,v3.6.25,3.46,12.0,400,-1649,-7459,848,-1834,-7390,576,-1655,-7466,932,-1697,-7506,905,0,0,0,-42,-40,-27,64.0,420.9,0.178,0.166,-0.885,-85.312,37.609,-40.203,91.1,1,0.3180,0.1681,-0.4434,0.8210,153.3,-33.9,0.0
1336020,2026-08-30_09-31-19.022-240,v3.6.25,3.46,12.0,400,-1649,-7459,848,-1834,-7390,576,-1655,-7466,932,-1697,-7506,905,0,0,0,-42,-40,-27,64.0,420.9,0.384,0.383,-0.833,-84.359,17.594,3.438,91.1,1,0.3307,0.1693,-0.4466,0.8140,151.9,-34.8,0.0
1336049,2026-08-30_09-31-19.050-240,v3.6.25,3.46,12.0,400,-1063,-7498,980,-1248,-7489,873,-1068,-7515,1064,-1057,-7597,1094,0,0,0,11,-82,30,88.0,579.0,0.626,0.292,-0.486,-89.047,3.234,62.781,111.3,1,0.3401,0.1673,-0.4584,0.8038,151.1,-35.5,0.0
1336075,2026-08-30_09-31-19.077-240,v3.6.25,3.46,12.0,400,-891,-7532,915,-1248,-7489,873,-896,-7550,1000,-1057,-7597,1094,0,0,0,-161,-47,94,192.3,1264.9,0.864,0.089,-0.329,-76.625,0.172,87.719,198.8,1,0.3465,0.1628,-0.4730,0.7936,150.7,-35.9,0.0
1336122,2026-08-30_09-31-19.124-240,v3.6.25,3.46,12.0,400,-891,-7532,915,-1062,-7479,794,-896,-7550,1000,-885,-7587,985,0,0,0,11,-37,-15,41.4,272.5,1.189,-0.110,-0.247,-7.094,2.391,52.688,72.2,1,0.3451,0.1581,-0.4793,0.7913,151.0,-35.5,0.0
1336151,2026-08-30_09-31-19.153-240,v3.6.25,3.46,12.0,400,-1001,-7518,852,-1223,-7490,741,-1006,-7533,937,-1055,-7600,961,0,0,0,-49,-67,24,86.4,568.5,1.234,-0.260,-0.186,51.984,8.109,5.562,110.0,1,0.3384,0.1546,-0.4761,0.7968,151.5,-34.7,0.0
1336196,2026-08-30_09-31-20.197-240,v3.6.25,3.46,12.0,400,-1224,-7461,1003,-1223,-7490,741,-1230,-7477,1087,-1055,-7600,961,0,0,0,175,-123,-126,248.3,1633.2,1.030,-0.003,-0.635,130.453,15.859,-47.109,245.8,1,0.3243,0.1518,-0.4622,0.8113,152.6,-33.1,0.0
1336226,2026-08-30_09-31-20.228-240,v3.6.25,3.46,12.0,400,-1224,-7461,1003,-1514,-7414,964,-1230,-7477,1087,-1309,-7523,1229,0,0,0,-79,-46,142,168.9,1111.1,0.781,-0.403,-0.852,173.031,16.312,-68.547,179.2,1,0.3048,0.1487,-0.4435,0.8296,154.1,-31.1,0.0
1336253,2026-08-30_09-31-20.255-240,v3.6.25,3.46,12.0,400,-1512,-7367,1362,-1514,-7414,964,-1519,-7386,1442,-1309,-7523,1229,0,0,0,210,-137,-213,329.0,2164.4,0.730,-0.310,-0.994,226.484,13.969,-106.391,313.6,1,0.2793,0.1469,-0.4163,0.8527,156.2,-28.9,0.0
1336282,2026-08-30_09-31-20.284-240,v3.6.25,3.46,12.0,400,-1512,-7367,1362,-1937,-7249,1368,-1519,-7386,1442,-1666,-7355,1695,0,0,0,-147,31,253,294.2,1935.8,0.756,-0.154,-0.956,257.766,18.875,-126.375,284.4,1,0.2501,0.1444,-0.3834,0.8773,158.5,-26.4,0.0
1336309,2026-08-30_09-31-20.311-240,v3.6.25,3.46,12.0,400,-1788,-7161,1908,-1937,-7249,1368,-1796,-7187,1982,-1666,-7355,1695,0,0,0,130,-168,-287,357.1,2349.1,0.797,0.187,-0.959,271.750,26.594,-137.531,337.1,1,0.2194,0.1407,-0.3467,0.9010,161.0,-23.9,0.0
1336337,2026-08-30_09-31-20.339-240,v3.6.25,3.46,12.0,400,-1997,-6867,2645,-2334,-6999,2042,-2007,-6905,2712,-1952,-7099,2421,0,0,0,55,-194,-291,354.0,2329.2,0.785,0.632,-1.011,255.031,35.188,-121.266,334.6,1,0.1902,0.1349,-0.3118,0.9211,163.4,-21.5,0.0
1336385,2026-08-30_09-31-20.387-240,v3.6.25,3.46,12.0,400,-1997,-6867,2645,-2561,-6637,2829,-2007,-6905,2712,-2051,-6729,3227,0,0,0,-44,176,515,546.0,3592.2,0.703,1.125,-0.917,149.453,38.516,-18.016,495.7,1,0.1705,0.1257,-0.2980,0.9308,165.1,-19.6,0.0
1336428,2026-08-30_09-31-20.430-240,v3.6.25,3.46,12.0,400,-2077,-6511,3308,-2561,-6637,2829,-2090,-6561,3367,-2051,-6729,3227,0,0,0,39,-168,-140,222.1,1461.4,0.521,0.861,-0.755,14.172,26.828,107.359,223.9,1,0.1628,0.1160,-0.3118,0.9289,166.0,-18.5,0.0
1336456,2026-08-30_09-31-20.458-240,v3.6.25,3.46,12.0,400,-2506,-6207,3549,-2993,-6272,3169,-2522,-6255,3603,-2432,-6363,3633,0,0,0,90,-108,30,143.7,945.7,0.311,0.332,-0.789,-39.266,16.500,123.266,158.1,1,0.1615,0.1089,-0.3319,0.9230,166.3,-18.0,0.0
1336489,2026-08-30_09-31-20.491-240,v3.6.25,3.46,12.0,400,-2506,-6207,3549,-2993,-6272,3169,-2522,-6255,3603,-2432,-6363,3633,0,0,0,90,-108,30,143.7,945.7,0.431,0.104,-0.977,-66.734,9.016,81.234,158.1,1,0.1664,0.1061,-0.3478,0.9166,165.9,-18.1,0.0
1336517,2026-08-30_09-31-20.519-240,v3.6.25,3.46,12.0,400,-3052,-6036,3394,-3600,-6099,2883,-3070,-6073,3446,-3092,-6198,3457,0,0,0,-22,-125,11,127.4,838.1,0.708,0.233,-0.749,-97.406,13.484,63.406,144.4,1,0.1774,0.1048,-0.3625,0.9089,164.9,-18.6,0.0
1336545,2026-08-30_09-31-20.546-240,v3.6.25,3.46,12.0,400,-3052,-6036,3394,-3600,-6099,2883,-3070,-6073,3446,-3092,-6198,3457,0,0,0,-22,-125,11,127.4,838.1,0.976,0.190,-0.736,-141.703,28.078,77.859,144.4,1,0.1947,0.1020,-0.3813,0.8979,163.2,-19.4,0.0
1336575,2026-08-30_09-31-20.576-240,v3.6.25,3.46,12.0,400,-3237,-6097,3151,-3771,-6090,2622,-3255,-6127,3205,-3308,-6194,3232,0,0,0,-53,-67,27,89.6,589.4,1.082,-0.270,-0.907,-178.484,47.891,103.953,112.6,1,0.2168,0.0958,-0.4055,0.8829,161.0,-20.2,0.0
1336605,2026-08-30_09-31-20.607-240,v3.6.25,3.46,12.0,400,-3318,-6193,2942,-3771,-6090,2622,-3336,-6218,2999,-3308,-6194,3232,0,0,0,28,24,233,235.9,1552.0,1.025,-0.796,-0.883,-163.594,66.219,78.281,235.4,1,0.2393,0.0875,-0.4241,0.8690,158.6,-20.8,0.0
1336646,2026-08-30_09-31-20.648-240,v3.6.25,3.46,12.0,400,-3318,-6193,2942,-3761,-6180,2367,-3336,-6218,2999,-3340,-6287,2981,0,0,0,-4,-69,-18,71.4,469.9,0.765,-0.072,-0.952,-127.719,72.109,19.688,97.4,1,0.2609,0.0813,-0.4315,0.8597,156.0,-21.4,0.0
1336674,2026-08-30_09-31-20.676-240,v3.6.25,3.46,12.0,400,-3172,-6276,2974,-3587,-6262,2519,-3189,-6304,3032,-3138,-6365,3100,0,0,0,51,-61,68,104.6,688.3,0.601,0.447,-0.941,-157.672,66.578,39.594,125.3,1,0.2848,0.0756,-0.4432,0.8466,153.3,-22.4,0.0
1336721,2026-08-30_09-31-20.722-240,v3.6.25,3.46,12.0,400,-2911,-6361,3010,-3587,-6262,2519,-2927,-6393,3068,-3138,-6365,3100,0,0,0,-211,28,32,215.2,1416.1,0.408,0.338,-0.667,-202.625,50.719,83.688,218.1,1,0.3105,0.0704,-0.4639,0.8267,150.7,-23.9,0.0
1336755,2026-08-30_09-31-20.757-240,v3.6.25,3.46,12.0,400,-2911,-6361,3010,-3322,-6400,2519,-2927,-6393,3068,-2870,-6501,3055,0,0,0,57,-108,-13,122.8,808.0,0.502,-0.103,-0.586,-210.234,40.203,108.234,140.5,1,0.3342,0.0647,-0.4883,0.8035,148.3,-25.5,0.0
1336783,2026-08-30_09-31-20.785-240,v3.6.25,3.46,12.0,400,-2775,-6506,2806,-3198,-6558,2216,-2789,-6536,2867,-2796,-6662,2738,0,0,0,-7,-126,-129,180.5,1187.2,0.624,-0.797,-0.434,-169.984,31.250,97.016,188.9,1,0.3520,0.0589,-0.5089,0.7834,146.6,-26.8,0.0
1336836,2026-08-30_09-31-20.838-240,v3.6.25,3.46,12.0,400,-2744,-6626,2537,-3198,-6558,2216,-2758,-6651,2601,-2796,-6662,2738,0,0,0,-38,-11,137,142.6,938.1,1.221,-1.142,-0.051,-45.219,20.812,40.438,157.1,1,0.3564,0.0541,-0.5147,0.7779,146.0,-26.8,0.0
1336865,2026-08-30_09-31-20.867-240,v3.6.25,3.46,12.0,400,-2812,-6609,2536,-3181,-6623,2071,-2826,-6633,2600,-2802,-6729,2594,0,0,0,24,-96,-6,99.1,652.2,1.419,-1.050,0.056,34.281,21.516,0.875,120.6,1,0.3538,0.0494,-0.5103,0.7823,146.0,-26.0,0.0
1336908,2026-08-30_09-31-20.909-240,v3.6.25,3.46,12.0,400,-2812,-6609,2536,-3283,-6485,2342,-2826,-6633,2600,-2860,-6588,2875,0,0,0,-34,45,275,280.7,1846.9,1.323,-0.726,-0.276,156.344,27.953,-94.438,273.0,1,0.3426,0.0481,-0.4865,0.8023,146.5,-24.2,0.0
1336956,2026-08-30_09-31-20.957-240,v3.6.25,3.46,12.0,400,-2838,-6439,2970,-3283,-6485,2342,-2853,-6472,3029,-2860,-6588,2875,0,0,0,-7,-116,-154,192.9,1269.3,1.035,-0.402,-0.722,240.453,31.641,-165.016,199.4,1,0.3250,0.0492,-0.4480,0.8314,147.7,-21.9,0.0
1337014,2026-08-30_09-31-20.016-240,v3.6.25,3.46,12.0,400,-2553,-6135,3779,-3221,-6201,3214,-2569,-6187,3830,-2653,-6293,3715,0,0,0,-84,-106,-115,177.5,1168.0,0.956,0.150,-0.917,269.125,38.125,-177.547,186.4,1,0.3040,0.0494,-0.4042,0.8613,149.2,-19.3,0.0
1337070,2026-08-30_09-31-20.071-240,v3.6.25,3.46,12.0,400,-1958,-5737,4641,-2743,-5813,4287,-1976,-5813,4683,-1998,-5890,4680,0,0,0,-22,-77,-3,80.1,527.2,0.688,0.458,-0.695,216.594,30.141,-126.625,104.7,1,0.2852,0.0482,-0.3700,0.8828,150.7,-17.2,0.0
1337130,2026-08-30_09-31-20.131-240,v3.6.25,3.46,12.0,400,-650,-5105,5566,-2107,-5431,5105,-670,-5215,5596,-1228,-5495,5369,0,0,0,-558,-280,-227,664.3,4370.4,0.746,0.510,-0.559,151.375,7.453,-74.625,595.0,1,0.2699,0.0485,-0.3479,0.8965,152.1,-16.0,0.0
1337175,2026-08-30_09-31-21.177-240,v3.6.25,3.46,12.0,400,-650,-5105,5566,-1524,-5173,5549,-670,-5215,5596,-573,-5230,5702,0,0,0,97,-15,106,144.5,950.4,0.659,0.636,-0.409,87.906,-1.141,-24.828,158.7,1,0.2591,0.0484,-0.3374,0.9037,153.2,-15.2,0.0
1337203,2026-08-30_09-31-21.205-240,v3.6.25,3.46,12.0,400,-336,-4995,5698,-1297,-5081,5635,-356,-5112,5726,-333,-5136,5747,0,0,0,23,-24,21,39.3,258.7,0.607,0.691,-0.312,24.891,-7.047,22.578,70.4,1,0.2535,0.0476,-0.3382,0.9051,153.8,-14.9,0.0
1337246,2026-08-30_09-31-21.248-240,v3.6.25,3.46,12.0,400,-425,-4976,5691,-1297,-5081,5635,-445,-5091,5719,-333,-5136,5747,0,0,0,112,-45,28,123.9,815.2,0.738,0.528,-0.331,-51.516,-5.719,75.453,141.4,1,0.2548,0.0454,-0.3518,0.8996,153.8,-15.1,0.0
1337281,2026-08-30_09-31-21.283-240,v3.6.25,3.46,12.0,400,-425,-4976,5691,-1531,-5090,5577,-445,-5091,5719,-577,-5147,5730,0,0,0,-132,-56,11,143.8,946.1,0.986,0.388,-0.385,-97.828,5.953,98.703,158.1,1,0.2616,0.0411,-0.3714,0.8899,153.2,-15.5,0.0
1337334,2026-08-30_09-31-21.335-240,v3.6.25,3.46,12.0,400,-882,-4992,5615,-2111,-5070,5362,-903,-5100,5643,-1195,-5133,5620,0,0,0,-292,-33,-23,294.8,1939.2,1.401,0.144,-0.612,-158.312,37.766,137.828,284.8,1,0.2759,0.0311,-0.3991,0.8739,151.6,-15.9,0.0
1337362,2026-08-30_09-31-21.364-240,v3.6.25,3.46,12.0,400,-1529,-4947,5525,-2111,-5070,5362,-1551,-5044,5553,-1195,-5133,5620,0,0,0,356,-89,67,373.0,2454.1,1.226,0.171,-0.676,-180.656,54.859,151.391,350.5,1,0.2930,0.0183,-0.4287,0.8544,149.6,-16.4,0.0
1337389,2026-08-30_09-31-21.392-240,v3.6.25,3.46,12.0,400,-2319,-4794,5358,-2889,-4936,5096,-2344,-4877,5385,-2022,-5007,5494,0,0,0,322,-130,109,364.0,2394.5,0.985,0.356,-0.890,-207.016,62.000,173.547,342.9,1,0.3119,0.0035,-0.4621,0.8302,147.4,-17.1,0.0
1337655,2026-08-30_09-31-21.656-240,v3.6.25,3.46,12.0,400,-5518,-4987,1805,-5605,-4940,1132,-5549,-4954,1855,-5424,-5081,2091,0,0,0,125,-127,236,295.7,1945.5,1.302,-1.713,-0.005,100.562,-10.547,-49.672,285.6,1,0.3012,0.0049,-0.4493,0.8411,148.5,-16.2,0.0
1337945,2026-08-30_09-31-21.946-240,v3.6.25,3.46,12.0,400,-1940,-2652,6906,-3239,-2867,6402,-1979,-2763,6900,-2189,-2934,6825,0,0,0,-210,-171,-75,281.0,1848.7,1.032,-0.073,-0.214,127.984,-12.844,-14.266,273.3,1,0.2848,0.0028,-0.4378,0.8527,150.0,-14.7,0.0
1337971,2026-08-30_09-31-21.973-240,v3.6.25,3.46,12.0,400,-1631,-2445,7029,-2852,-2574,6742,-1671,-2562,7020,-1749,-2637,7090,0,0,0,-78,-75,70,128.9,847.9,0.864,-0.166,-0.123,107.781,-22.406,-29.938,145.6,1,0.2713,0.0042,-0.4261,0.8630,151.4,-13.8,0.0
1338015,2026-08-30_09-31-21.017-240,v3.6.25,3.46,12.0,400,-1631,-2445,7029,-2511,-2554,6861,-1671,-2562,7020,-1387,-2613,7148,0,0,0,284,-51,128,315.7,2076.7,0.823,0.034,0.069,72.812,-35.141,-74.078,302.4,1,0.2645,0.0123,-0.4116,0.8720,152.3,-13.8,0.0
1338063,2026-08-30_09-31-21.064-240,v3.6.25,3.46,12.0,400,-1219,-2485,7110,-2511,-2554,6861,-1258,-2609,7102,-1387,-2613,7148,0,0,0,-129,-4,46,137.0,901.4,0.923,0.389,-0.084,-8.422,-36.641,-61.766,152.4,1,0.2675,0.0230,-0.4047,0.8741,152.3,-14.9,0.0
1338090,2026-08-30_09-31-21.092-240,v3.6.25,3.46,12.0,400,-699,-2770,7055,-1924,-2853,6945,-735,-2901,7050,-779,-2906,7130,0,0,0,-44,-5,80,91.4,601.6,0.871,0.385,-0.122,-58.891,-34.219,-38.531,114.2,1,0.2757,0.0334,-0.4045,0.8714,151.8,-16.3,0.0
1338125,2026-08-30_09-31-21.126-240,v3.6.25,3.46,12.0,400,-699,-2770,7055,-1924,-2853,6945,-735,-2901,7050,-779,-2906,7130,0,0,0,-44,-5,80,91.4,601.6,0.931,0.365,-0.165,-117.281,-23.969,-15.266,114.2,1,0.2907,0.0427,-0.4109,0.8630,150.6,-18.2,0.0
1338173,2026-08-30_09-31-22.175-240,v3.6.25,3.46,12.0,400,-514,-3100,6898,-1633,-3217,6877,-548,-3231,6898,-493,-3268,7014,0,0,0,55,-37,116,133.6,879.0,1.264,0.267,-0.081,-177.016,6.438,9.438,149.6,1,0.3141,0.0475,-0.4229,0.8487,148.3,-20.3,0.0
1338200,2026-08-30_09-31-22.202-240,v3.6.25,3.46,12.0,400,-550,-3360,6822,-1715,-3462,6689,-582,-3491,6825,-602,-3514,6845,0,0,0,-20,-23,20,36.5,239.8,1.414,0.117,-0.126,-190.922,29.188,7.406,68.0,1,0.3408,0.0496,-0.4338,0.8326,145.5,-22.2,0.0
1338241,2026-08-30_09-31-22.242-240,v3.6.25,3.46,12.0,400,-680,-3386,6776,-1715,-3462,6689,-712,-3514,6780,-602,-3514,6845,0,0,0,110,0,65,127.8,840.6,1.535,0.148,-0.094,-193.469,60.109,-10.969,144.7,1,0.3711,0.0488,-0.4402,0.8162,142.0,-24.0,0.0
1338281,2026-08-30_09-31-22.283-240,v3.6.25,3.46,12.0,400,-680,-3386,6776,-1840,-3479,6669,-712,-3514,6780,-730,-3532,6847,0,0,0,-18,-18,67,71.7,471.5,1.312,-0.041,-0.111,-183.594,76.078,-41.906,97.6,1,0.4028,0.0482,-0.4405,0.8009,138.1,-25.6,0.0
1338310,2026-08-30_09-31-22.311-240,v3.6.25,3.46,12.0,400,-652,-3197,6890,-1736,-3218,6850,-685,-3327,6891,-600,-3270,7005,0,0,0,85,57,114,153.2,1007.9,1.004,-0.047,-0.264,-153.891,63.500,-78.516,166.0,1,0.4317,0.0522,-0.4347,0.7886,134.4,-27.2,0.0
1338358,2026-08-30_09-31-22.359-240,v3.6.25,3.46,12.0,400,-285,-2980,7004,-1736,-3218,6850,-319,-3116,7002,-600,-3270,7005,0,0,0,-281,-154,3,320.4,2108.2,0.739,0.499,-0.281,-137.375,1.953,-46.688,306.4,1,0.4517,0.0608,-0.4362,0.7759,132.1,-29.2,0.0
1338383,2026-08-30_09-31-22.385-240,v3.6.25,3.46,12.0,400,-285,-2980,7004,-1278,-3086,7000,-319,-3116,7002,-119,-3134,7073,0,0,0,200,-18,71,213.0,1401.3,0.611,0.588,0.120,-138.031,-33.672,-5.484,216.2,1,0.4662,0.0696,-0.4452,0.7613,130.6,-31.4,0.0
1338430,2026-08-30_09-31-22.431-240,v3.6.25,3.46,12.0,400,2,-3092,6943,-1274,-3449,6768,-31,-3231,6943,-147,-3498,6846,0,0,0,-116,-267,-97,306.8,2018.7,0.758,0.638,0.138,-157.359,-78.000,87.578,295.0,1,0.4740,0.0746,-0.4699,0.7409,130.5,-33.8,0.0
1338475,2026-08-30_09-31-22.477-240,v3.6.25,3.46,12.0,400,-358,-3597,6644,-1274,-3449,6768,-388,-3727,6651,-147,-3498,6846,0,0,0,241,229,195,385.4,2535.6,0.729,0.194,0.081,-145.406,-110.125,123.359,360.9,1,0.4753,0.0791,-0.5001,0.7195,131.5,-36.1,0.0
1338648,2026-08-30_09-31-22.649-240,v3.6.25,3.46,12.0,400,-2889,-5336,4430,-3593,-5390,4014,-2911,-5394,4468,-2904,-5477,4559,0,0,0,7,-83,91,123.4,811.6,1.247,-0.341,-0.078,89.484,-64.594,26.469,141.0,1,0.4578,0.0811,-0.5029,0.7286,134.1,-35.4,0.0
1338676,2026-08-30_09-31-22.678-240,v3.6.25,3.46,12.0,400,-3357,-5461,4041,-4043,-5461,3452,-3379,-5505,4083,-3450,-5558,4088,0,0,0,-71,-53,5,88.7,583.8,1.209,-0.342,-0.234,124.219,-47.500,8.172,111.9,1,0.4387,0.0819,-0.5003,0.7420,136.6,-34.1,0.0
1338703,2026-08-30_09-31-22.705-240,v3.6.25,3.46,12.0,400,-3706,-5274,4037,-4043,-5461,3452,-3730,-5313,4077,-3450,-5558,4088,0,0,0,280,-245,11,372.2,2448.8,1.176,-0.328,-0.324,151.141,-30.797,-0.016,349.8,1,0.4179,0.0806,-0.4937,0.7584,139.0,-32.3,0.0
1338751,2026-08-30_09-31-22.753-240,v3.6.25,3.46,12.0,400,-3706,-5274,4037,-4377,-5203,3428,-3730,-5313,4077,-3793,-5304,4121,0,0,0,-63,9,44,77.4,509.0,1.134,-0.413,-0.412,189.766,-5.516,-14.156,102.4,1,0.3950,0.0761,-0.4811,0.7790,141.3,-29.9,0.0
1338779,2026-08-30_09-31-22.781-240,v3.6.25,3.46,12.0,400,-3935,-4868,4343,-4645,-4725,3796,-3963,-4909,4376,-4008,-4825,4526,0,0,0,-45,84,150,177.7,1169.1,1.180,-0.488,-0.514,210.469,7.438,-31.469,186.6,1,0.3710,0.0707,-0.4639,0.8014,143.5,-27.2,0.0
1338821,2026-08-30_09-31-22.822-240,v3.6.25,3.46,12.0,400,-3995,-4277,4930,-4645,-4725,3796,-4027,-4327,4953,-4008,-4825,4526,0,0,0,19,-498,-427,656.3,4317.6,1.231,-0.667,-0.577,244.859,27.500,-72.656,588.2,1,0.3461,0.0652,-0.4374,0.8274,145.6,-24.2,0.0
1338856,2026-08-30_09-31-22.858-240,v3.6.25,3.46,12.0,400,-3995,-4277,4930,-4708,-4013,4566,-4027,-4327,4953,-3952,-4107,5287,0,0,0,75,220,334,406.9,2677.1,1.224,-0.704,-0.591,268.734,39.562,-129.359,379.0,1,0.3215,0.0621,-0.4006,0.8558,147.5,-21.3,0.0
1339124,2026-08-30_09-31-22.125-240,v3.6.25,3.46,12.0,400,1372,-2771,6927,171,-2916,7184,1338,-2926,6924,1358,-2956,7004,0,0,0,20,-30,80,87.7,577.3,1.222,0.732,-0.084,-150.141,1.391,2.266,111.1,1,0.3415,0.0665,-0.4096,0.8433,145.5,-23.1,0.0
1339175,2026-08-30_09-31-23.177-240,v3.6.25,3.46,12.0,400,1372,-2771,6927,171,-2916,7184,1338,-2926,6924,1358,-2956,7004,0,0,0,20,-30,80,87.7,577.3,1.616,0.275,-0.162,-198.188,40.109,24.141,111.1,1,0.3691,0.0649,-0.4218,0.8256,142.4,-24.7,0.0
1339206,2026-08-30_09-31-23.208-240,v3.6.25,3.46,12.0,400,1101,-2669,7072,-83,-2815,7266,1066,-2823,7067,1116,-2855,7127,0,0,0,50,-32,60,84.4,555.3,1.716,0.170,-0.102,-199.031,61.500,8.750,108.3,1,0.3988,0.0614,-0.4302,0.8075,138.8,-26.3,0.0
1339235,2026-08-30_09-31-23.236-240,v3.6.25,3.46,12.0,400,817,-2333,7229,-83,-2815,7266,779,-2485,7219,1116,-2855,7127,0,0,0,337,-370,-92,508.9,3347.7,1.526,0.172,-0.179,-190.094,73.672,-7.047,464.5,1,0.4288,0.0574,-0.4346,0.7899,134.9,-27.6,0.0
1339280,2026-08-30_09-31-23.282-240,v3.6.25,3.46,12.0,400,817,-2333,7229,-431,-2394,7394,779,-2485,7219,782,-2437,7311,0,0,0,3,48,92,103.8,683.0,0.956,-0.163,-0.102,-154.688,58.078,-45.125,124.6,1,0.4551,0.0583,-0.4328,0.7760,131.4,-29.0,0.0
1339309,2026-08-30_09-31-23.310-240,v3.6.25,3.46,12.0,400,706,-1882,7384,-521,-1923,7515,664,-2034,7368,703,-1968,7444,0,0,0,39,66,76,107.9,710.2,0.633,-0.104,-0.148,-103.984,25.266,-84.422,128.0,1,0.4748,0.0666,-0.4256,0.7675,128.8,-30.4,0.0
1339349,2026-08-30_09-31-23.351-240,v3.6.25,3.46,12.0,400,980,-1719,7384,-521,-1923,7515,938,-1874,7367,703,-1968,7444,0,0,0,-235,-94,77,264.6,1740.5,0.503,0.788,-0.202,-97.453,-23.766,-48.516,259.5,1,0.4876,0.0775,-0.4264,0.7579,127.3,-32.2,0.0
1339391,2026-08-30_09-31-23.393-240,v3.6.25,3.45,12.0,400,1049,-1959,7315,-145,-1878,7551,1009,-2114,7301,1084,-1921,7415,0,0,0,75,193,114,236.4,1555.1,0.553,1.149,-0.048,-155.141,-57.438,92.266,235.8,1,0.4969,0.0783,-0.4499,0.7379,126.7,-34.2,0.0
1339434,2026-08-30_09-31-23.437-240,v3.6.25,3.45,12.0,400,1049,-1959,7315,-594,-2312,7353,1009,-2114,7301,610,-2357,7299,0,0,0,-399,-243,-2,467.2,3073.5,0.770,0.699,0.250,-242.891,-57.625,250.672,429.5,1,0.5070,0.0629,-0.4956,0.7024,126.3,-36.2,0.0
1339592,2026-08-30_09-31-23.593-240,v3.6.25,3.45,12.0,400,-3972,-2930,5668,-5293,-2805,4681,-4013,-2990,5672,-4542,-2907,5498,0,0,0,-529,83,-174,563.0,3704.2,1.172,-0.970,0.277,68.422,-3.531,5.828,510.0,1,0.4983,0.0596,-0.4923,0.7112,127.4,-35.1,0.0
1339641,2026-08-30_09-31-23.643-240,v3.6.25,3.45,12.0,400,-4488,-2790,5493,-5293,-2805,4681,-4531,-2839,5496,-4542,-2907,5498,0,0,0,-11,-68,2,68.9,453.4,1.286,-0.507,0.146,141.312,7.469,-23.172,95.3,1,0.4839,0.0566,-0.4805,0.7292,128.9,-33.2,0.0
1339670,2026-08-30_09-31-23.671-240,v3.6.25,3.45,12.0,400,-4368,-2430,5806,-5253,-2438,5047,-4414,-2486,5804,-4446,-2537,5848,0,0,0,-32,-51,44,74.6,490.6,1.297,-0.399,0.110,161.734,15.641,-19.078,100.0,1,0.4673,0.0515,-0.4669,0.7490,130.6,-30.9,0.0
1339705,2026-08-30_09-31-23.707-240,v3.6.25,3.45,12.0,400,-4368,-2430,5806,-5253,-2438,5047,-4414,-2486,5804,-4446,-2537,5848,0,0,0,-32,-51,44,74.6,490.6,1.246,-0.350,0.086,174.141,23.109,-7.484,100.0,1,0.4487,0.0438,-0.4529,0.7691,132.4,-28.3,0.0
1339756,2026-08-30_09-31-23.758-240,v3.6.25,3.45,12.0,400,-4104,-1825,6212,-5013,-1801,5535,-4154,-1890,6201,-4135,-1896,6282,0,0,0,19,-6,81,83.4,548.8,0.963,-0.765,0.077,202.531,17.625,-31.750,107.5,1,0.4270,0.0379,-0.4344,0.7921,134.5,-25.5,0.0
1339785,2026-08-30_09-31-23.786-240,v3.6.25,3.45,12.0,400,-3772,-1161,6630,-4699,-1032,6044,-3826,-1236,6609,-3749,-1123,6724,0,0,0,77,113,115,178.7,1175.5,0.937,-0.860,-0.102,247.266,10.625,-97.469,187.4,1,0.4027,0.0382,-0.4051,0.8199,136.9,-22.9,0.0
1340066,2026-08-30_09-31-23.067-240,v3.6.25,3.45,12.0,400,3021,-212,7016,2156,-342,7459,2971,-378,6985,3340,-385,6928,0,0,0,369,-7,-57,373.4,2456.9,1.284,1.211,0.268,-103.516,0.250,-37.438,350.9,1,0.4182,0.0444,-0.4062,0.8113,135.2,-24.3,0.0
1340109,2026-08-30_09-31-23.110-240,v3.6.25,3.45,12.0,400,3438,-163,6911,2156,-342,7459,3388,-332,6881,3340,-385,6928,0,0,0,-48,-53,47,85.6,563.0,1.432,0.752,0.217,-178.516,30.250,12.016,109.3,1,0.4420,0.0433,-0.4158,0.7936,132.3,-25.9,0.0
1340135,2026-08-30_09-31-23.137-240,v3.6.25,3.45,12.0,400,3092,142,7102,1977,-82,7584,3039,-25,7067,3177,-126,7081,0,0,0,138,-101,14,171.6,1128.8,1.423,0.675,0.347,-191.156,46.953,2.156,181.4,1,0.4687,0.0411,-0.4234,0.7742,128.9,-27.4,0.0
1340173,2026-08-30_09-31-24.175-240,v3.6.25,3.45,12.0,400,3092,142,7102,1977,-82,7584,3039,-25,7067,3177,-126,7081,0,0,0,138,-101,14,171.6,1128.8,1.077,0.646,0.181,-195.672,51.422,-18.922,181.4,1,0.4970,0.0406,-0.4278,0.7539,125.1,-29.1,0.0
1340202,2026-08-30_09-31-24.204-240,v3.6.25,3.45,12.0,400,2575,672,7301,1370,501,7718,2518,508,7259,2581,452,7315,0,0,0,63,-56,56,101.2,665.8,0.630,0.273,0.209,-190.719,37.141,-20.031,122.4,1,0.5231,0.0419,-0.4325,0.7332,121.6,-30.9,0.0
1340231,2026-08-30_09-31-24.232-240,v3.6.25,3.45,12.0,400,2067,1049,7391,1370,501,7718,2006,892,7344,2581,452,7315,0,0,0,575,-440,-29,724.6,4767.2,0.430,0.321,0.331,-160.266,10.109,-35.875,645.6,1,0.5441,0.0477,-0.4357,0.7155,118.7,-32.8,0.0
1340281,2026-08-30_09-31-24.283-240,v3.6.25,3.45,12.0,400,2067,1049,7391,818,968,7727,2006,892,7344,2021,913,7418,0,0,0,15,21,74,78.4,515.6,0.531,0.973,0.332,-161.609,-41.297,16.328,103.2,1,0.5580,0.0537,-0.4494,0.6955,117.0,-35.2,0.0
1340311,2026-08-30_09-31-24.312-240,v3.6.25,3.45,12.0,400,1715,1004,7492,402,854,7759,1654,849,7445,1612,798,7520,0,0,0,-42,-51,75,99.9,657.6,0.477,1.062,0.276,-192.516,-63.906,85.938,121.3,1,0.5692,0.0545,-0.4742,0.6694,116.0,-37.8,0.0
1340542,2026-08-30_09-31-24.543-240,v3.6.25,3.45,12.0,400,-4896,-1101,5677,-5883,-1074,4687,-4953,-1141,5661,-5167,-1190,5603,0,0,0,-214,-49,-58,227.1,1493.9,1.304,-1.133,0.433,142.203,-46.422,-29.609,228.0,1,0.5512,0.0597,-0.4678,0.6883,118.7,-36.7,0.0
1340581,2026-08-30_09-31-24.583-240,v3.6.25,3.45,12.0,400,-5038,-1075,5668,-5883,-1074,4687,-5095,-1113,5651,-5167,-1190,5603,0,0,0,-72,-77,-48,115.8,762.1,1.195,-0.500,0.217,212.812,-26.812,-64.984,134.7,1,0.5284,0.0654,-0.4514,0.7161,121.8,-34.8,0.0
1340609,2026-08-30_09-31-24.610-240,v3.6.25,3.45,12.0,400,-4496,-692,6230,-5584,-788,5244,-4555,-747,6206,-4777,-897,6095,0,0,0,-222,-150,-111,290.0,1908.0,1.185,-0.202,0.245,231.109,-8.703,-57.500,280.8,1,0.5037,0.0676,-0.4323,0.7449,124.9,-32.4,0.0
1340647,2026-08-30_09-31-24.649-240,v3.6.25,3.45,12.0,400,-4496,-692,6230,-4858,-189,6024,-4555,-747,6206,-3928,-287,6731,0,0,0,627,460,525,938.3,6172.8,1.197,-0.157,0.263,228.953,15.391,-34.562,824.9,1,0.4790,0.0641,-0.4131,0.7719,127.8,-29.7,0.0
1340754,2026-08-30_09-31-24.755-240,v3.6.25,3.45,12.0,400,-2768,674,7188,-3986,634,6671,-2833,581,7144,-2961,543,7211,0,0,0,-128,-38,67,149.4,982.8,0.668,-0.148,-0.038,268.203,32.359,-148.703,162.8,1,0.4563,0.0698,-0.3754,0.8037,130.1,-27.1,0.0
1341015,2026-08-30_09-31-24.016-240,v3.6.25,3.45,12.0,400,4094,1651,6325,3213,1548,6980,4031,1493,6279,4276,1490,6277,0,0,0,245,-3,-2,245.0,1612.0,1.217,1.414,0.583,-108.828,-6.453,-24.844,243.1,1,0.4712,0.0750,-0.3783,0.7932,128.3,-28.4,0.0
1341046,2026-08-30_09-31-24.047-240,v3.6.25,3.45,12.0,400,4335,1690,6249,3213,1548,6980,4272,1531,6203,4276,1490,6277,0,0,0,4,-41,74,84.7,557.2,1.271,1.111,0.474,-164.375,10.531,-9.797,108.5,1,0.4931,0.0771,-0.3847,0.7765,125.4,-29.9,0.0
1341076,2026-08-30_09-31-24.078-240,v3.6.25,3.45,12.0,400,3931,2004,6464,3072,1750,7047,3865,1847,6413,4142,1691,6367,0,0,0,277,-156,-46,321.2,2113.3,1.258,0.932,0.399,-196.484,25.516,-5.609,307.0,1,0.5192,0.0771,-0.3918,0.7556,121.8,-31.6,0.0
1341121,2026-08-30_09-31-24.123-240,v3.6.25,3.45,12.0,400,3931,2004,6464,2329,2260,7170,3865,1847,6413,3410,2196,6613,0,0,0,-455,349,200,607.3,3995.5,0.786,0.975,0.149,-233.922,34.172,7.172,547.1,1,0.5491,0.0750,-0.4012,0.7293,117.5,-33.4,0.0
1341160,2026-08-30_09-31-25.162-240,v3.6.25,3.45,12.0,400,3184,2483,6720,2329,2260,7170,3114,2332,6662,3410,2196,6613,0,0,0,296,-136,-49,329.4,2167.2,0.662,0.752,-0.041,-286.234,28.750,75.984,313.9,1,0.5799,0.0660,-0.4210,0.6943,113.0,-35.5,0.0
1341224,2026-08-30_09-31-25.225-240,v3.6.25,3.45,12.0,400,1981,2851,7032,1125,2757,7280,1906,2711,6967,2214,2686,6926,0,0,0,308,-25,-41,311.7,2050.8,0.420,0.335,0.065,-294.688,7.922,124.062,299.1,1,0.6060,0.0534,-0.4475,0.6555,109.2,-37.8,0.0
1341281,2026-08-30_09-31-25.282-240,v3.6.25,3.45,12.0,400,276,2899,7214,-727,2907,7185,198,2777,7147,342,2825,7151,0,0,0,144,48,4,151.8,999.0,-0.025,0.443,0.125,-340.750,-8.641,237.219,164.9,1,0.6275,0.0283,-0.4879,0.6062,106.1,-40.3,0.0
1341455,2026-08-30_09-31-25.456-240,v3.6.25,3.45,12.0,400,-6509,1553,3587,-6731,1920,2684,-6589,1589,3554,-6422,1750,3789,0,0,0,167,161,235,330.2,2172.4,0.612,-0.980,1.109,35.344,-28.266,-34.984,314.6,1,0.6231,0.0346,-0.4855,0.6123,106.9,-40.3,0.0
1341490,2026-08-30_09-31-25.492-240,v3.6.25,3.45,12.0,400,-6509,1553,3587,-6894,1725,2549,-6589,1589,3554,-6604,1554,3686,0,0,0,-15,-35,132,137.4,903.8,0.640,-0.740,0.893,73.375,-33.953,-20.141,152.7,1,0.6138,0.0388,-0.4832,0.6231,108.5,-39.9,0.0
1341520,2026-08-30_09-31-25.521-240,v3.6.25,3.45,12.0,400,-6373,1560,3877,-6726,1874,2953,-6453,1588,3842,-6370,1709,4051,0,0,0,83,121,209,255.4,1680.0,0.690,-0.655,0.787,96.156,-35.625,3.219,251.8,1,0.6008,0.0396,-0.4821,0.6364,110.7,-39.0,0.0
1341571,2026-08-30_09-31-25.573-240,v3.6.25,3.45,12.0,400,-6108,1868,4185,-6726,1874,2953,-6190,1888,4145,-6370,1709,4051,0,0,0,-180,-179,-94,270.7,1780.9,0.782,-0.911,0.615,133.797,-38.453,23.094,264.6,1,0.5826,0.0373,-0.4813,0.6539,113.7,-37.6,0.0
1341601,2026-08-30_09-31-25.603-240,v3.6.25,3.45,12.0,400,-5767,2372,4467,-6436,2332,3299,-5852,2384,4420,-6029,2170,4339,0,0,0,-177,-214,-81,289.3,1903.2,0.665,-1.639,0.674,179.406,-38.266,-13.375,280.2,1,0.5610,0.0385,-0.4740,0.6776,116.9,-35.7,0.0
1341645,2026-08-30_09-31-25.646-240,v3.6.25,3.45,12.0,400,-5767,2372,4467,-5853,2961,4089,-5852,2384,4420,-5322,2809,5009,0,0,0,530,425,589,899.1,5915.4,0.633,-1.626,0.244,298.531,-32.719,-162.422,792.0,1,0.5339,0.0550,-0.4432,0.7180,120.6,-33.5,0.0
1341920,2026-08-30_09-31-25.921-240,v3.6.25,3.45,12.0,400,4690,3536,5124,3269,3526,6136,4614,3405,5065,4146,3443,5441,0,0,0,-468,38,376,601.5,3957.5,0.473,1.781,0.694,-36.766,-12.531,-41.047,542.3,1,0.5393,0.0622,-0.4410,0.7147,119.8,-34.4,0.0
1341963,2026-08-30_09-31-25.965-240,v3.6.25,3.45,12.0,400,4690,3536,5124,3860,3552,5896,4614,3405,5065,4696,3469,5106,0,0,0,82,64,41,111.8,735.6,0.885,1.477,0.534,-153.625,0.875,39.062,131.3,1,0.5546,0.0604,-0.4526,0.6956,117.8,-35.9,0.0
1341991,2026-08-30_09-31-25.992-240,v3.6.25,3.45,12.0,400,4525,3671,5282,3346,3727,6148,4447,3540,5221,4221,3644,5440,0,0,0,-226,104,219,331.4,2180.5,1.019,1.225,0.445,-211.250,15.562,77.906,315.6,1,0.5748,0.0531,-0.4696,0.6680,114.9,-37.7,0.0
1342390,2026-08-30_09-31-26.391-240,v3.6.25,3.45,12.0,400,-5116,4233,3756,-5653,4086,2996,-5214,4260,3693,-5333,3912,3906,0,0,0,-119,-348,213,425.0,2796.1,0.566,-0.923,1.064,129.844,6.719,21.547,394.1,1,0.5601,0.0462,-0.4641,0.6847,117.0,-35.7,0.0
1342433,2026-08-30_09-31-26.435-240,v3.6.25,3.45,12.0,400,-5116,4233,3756,-5472,4542,2879,-5214,4260,3693,-5182,4364,3760,0,0,0,32,104,67,127.8,840.7,0.656,-0.661,0.813,203.016,11.172,-21.109,144.7,1,0.5396,0.0424,-0.4492,0.7108,119.6,-33.0,0.0
1342460,2026-08-30_09-31-26.462-240,v3.6.25,3.45,12.0,400,-4513,4824,3928,-4717,5231,3266,-4614,4842,3858,-4374,5058,4008,0,0,0,240,216,150,356.0,2342.3,0.562,-0.575,0.816,247.531,17.547,-63.625,336.2,1,0.5162,0.0421,-0.4258,0.7419,122.4,-30.1,0.0
1342751,2026-08-30_09-31-26.752-240,v3.6.25,3.45,12.0,400,2443,6145,4097,2203,6173,4474,2343,6077,4015,2739,6044,3999,0,0,0,396,-33,-16,397.7,2616.4,0.629,1.582,1.131,-31.438,5.422,55.797,371.2,1,0.5169,0.0354,-0.4329,0.7377,122.3,-30.0,0.0
1342798,2026-08-30_09-31-26.799-240,v3.6.25,3.45,12.0,400,2809,6066,4033,2203,6173,4474,2710,5994,3952,2739,6044,3999,0,0,0,29,50,47,74.5,490.1,0.743,0.744,1.016,-123.594,37.219,116.562,100.0,1,0.5267,0.0194,-0.4493,0.7213,120.9,-30.1,0.0
1342826,2026-08-30_09-31-26.828-240,v3.6.25,3.45,12.0,400,2424,6158,4172,1831,6252,4537,2324,6088,4089,2376,6122,4124,0,0,0,52,34,35,71.3,469.1,0.862,0.326,0.919,-136.344,56.781,109.516,97.3,1,0.5394,0.0020,-0.4634,0.7030,118.9,-30.2,0.0
1342859,2026-08-30_09-31-26.860-240,v3.6.25,3.45,12.0,400,1656,6423,4085,1831,6252,4537,1552,6366,4000,2376,6122,4124,0,0,0,824,-244,124,868.3,5712.3,0.583,-0.148,0.828,-126.656,76.078,76.438,766.1,1,0.5541,-0.0142,-0.4713,0.6860,116.5,-30.2,0.0
1342907,2026-08-30_09-31-26.909-240,v3.6.25,3.45,12.0,400,1656,6423,4085,1031,6578,4282,1552,6366,4000,1525,6438,4012,0,0,0,-27,72,12,77.8,512.0,0.342,0.069,0.906,-81.359,80.531,-33.422,102.8,1,0.5710,-0.0182,-0.4643,0.6768,113.7,-30.4,0.0
1342935,2026-08-30_09-31-26.936-240,v3.6.25,3.45,12.0,400,999,6725,3695,419,6954,3706,892,6687,3608,805,6801,3554,0,0,0,-87,114,-54,153.2,1008.1,0.235,0.406,0.998,-84.094,76.109,-76.562,166.1,1,0.5901,-0.0160,-0.4534,0.6678,110.7,-30.9,0.0
1342976,2026-08-30_09-31-26.978-240,v3.6.25,3.45,12.0,400,412,6979,3284,419,6954,3706,302,6958,3197,805,6801,3554,0,0,0,503,-157,357,636.5,4187.4,0.120,0.704,0.955,-123.312,62.906,-84.109,571.6,1,0.6122,-0.0106,-0.4452,0.6534,107.2,-32.1,0.0
1343016,2026-08-30_09-31-26.018-240,v3.6.25,3.45,12.0,400,412,6979,3284,-187,7213,3177,302,6958,3197,102,7047,3141,0,0,0,-200,89,-56,226.0,1486.6,0.044,0.570,0.772,-173.859,42.906,-52.047,227.1,1,0.6353,-0.0064,-0.4448,0.6313,103.4,-33.8,0.0
1343277,2026-08-30_09-31-27.278-240,v3.6.25,3.45,12.0,400,-4172,5468,3186,-4956,5428,2220,-4278,5501,3114,-4797,5238,3028,0,0,0,-519,-263,-86,588.2,3869.4,0.023,-0.912,1.452,-59.375,-8.031,-9.594,531.1,1,0.6406,-0.0042,-0.4476,0.6240,102.6,-34.6,0.0
1343326,2026-08-30_09-31-27.328-240,v3.6.25,3.45,12.0,400,-4701,5100,3049,-4956,5428,2220,-4805,5141,2982,-4797,5238,3028,0,0,0,8,97,46,107.7,708.2,0.191,-0.682,1.255,37.594,5.766,-30.391,127.8,1,0.6389,-0.0018,-0.4415,0.6300,102.8,-34.2,0.0
1343371,2026-08-30_09-31-27.373-240,v3.6.25,3.45,12.0,400,-4767,5029,3160,-5094,5276,2289,-4870,5068,3093,-4920,5087,3119,0,0,0,-50,19,26,59.5,391.3,0.128,-0.512,0.947,107.656,17.547,-41.688,87.4,1,0.6319,0.0000,-0.4290,0.6455,103.9,-32.8,0.0
1343400,2026-08-30_09-31-27.401-240,v3.6.25,3.45,12.0,400,-4461,5229,3345,-4785,5516,2564,-4565,5261,3274,-4569,5331,3334,0,0,0,-4,70,60,92.3,607.1,0.103,-0.210,0.853,147.234,25.281,-48.188,114.9,1,0.6217,0.0016,-0.4125,0.6658,105.4,-31.0,0.0
1343445,2026-08-30_09-31-27.447-240,v3.6.25,3.45,12.0,400,-3826,5637,3477,-4785,5516,2564,-3932,5660,3401,-4569,5331,3334,0,0,0,-637,-329,-67,720.1,4737.3,0.113,0.220,0.829,169.422,37.547,-38.000,641.8,1,0.6091,0.0004,-0.3939,0.6884,107.1,-28.7,0.0
1343486,2026-08-30_09-31-27.488-240,v3.6.25,3.45,12.0,400,-3826,5637,3477,-4094,6001,2860,-3932,5660,3401,-3836,5820,3504,0,0,0,96,160,103,213.1,1402.2,0.029,0.271,0.780,167.188,44.203,-16.469,216.3,1,0.5952,-0.0043,-0.3766,0.7098,109.0,-26.2,0.0
1343678,2026-08-30_09-31-27.679-240,v3.6.25,3.45,12.0,400,-613,7134,2757,-1306,7276,2690,-725,7138,2671,-1102,7098,2858,0,0,0,-377,-40,187,422.7,2781.1,-0.352,0.265,1.010,168.875,11.000,-93.438,392.2,1,0.5832,0.0045,-0.3540,0.7311,110.6,-24.8,0.0
1343750,2026-08-30_09-31-27.751-240,v3.6.25,3.45,12.0,400,168,7226,2595,345,7491,2593,55,7224,2509,528,7318,2480,0,0,0,473,94,-29,483.1,3178.4,-0.294,0.778,1.131,87.969,-6.281,-81.172,442.9,1,0.5780,0.0145,-0.3393,0.7420,111.4,-24.4,0.0
1343793,2026-08-30_09-31-27.794-240,v3.6.25,3.45,12.0,400,697,7267,2509,345,7491,2593,585,7260,2424,528,7318,2480,0,0,0,-57,58,56,98.7,649.6,0.032,0.854,1.198,2.344,-12.703,-31.141,120.3,1,0.5788,0.0196,-0.3361,0.7427,111.3,-24.7,0.0
1343820,2026-08-30_09-31-27.822-240,v3.6.25,3.45,12.0,400,920,7224,2526,641,7462,2642,808,7214,2441,833,7291,2477,0,0,0,25,77,36,88.6,582.9,-0.004,0.691,1.311,-39.859,-13.750,-17.719,111.8,1,0.5835,0.0232,-0.3372,0.7384,110.6,-25.3,0.0
1343855,2026-08-30_09-31-27.856-240,v3.6.25,3.45,12.0,400,920,7224,2526,641,7462,2642,808,7214,2441,833,7291,2477,0,0,0,25,77,36,88.6,582.9,-0.166,0.520,1.105,-68.312,-19.797,-38.969,111.8,1,0.5923,0.0301,-0.3382,0.7307,109.3,-26.4,0.0
1343883,2026-08-30_09-31-27.885-240,v3.6.25,3.45,12.0,400,645,7192,2702,401,7456,2773,533,7181,2616,616,7286,2646,0,0,0,83,105,30,137.2,902.4,-0.158,0.613,1.084,-81.391,-25.859,-69.969,152.6,1,0.6039,0.0414,-0.3370,0.7211,107.6,-27.8,0.0
1343911,2026-08-30_09-31-27.912-240,v3.6.25,3.45,12.0,400,645,7192,2702,401,7456,2773,533,7181,2616,616,7286,2646,0,0,0,83,105,30,137.2,902.4,-0.138,0.745,0.993,-102.906,-33.531,-82.625,152.6,1,0.6180,0.0552,-0.3363,0.7085,105.3,-29.6,0.0
1343961,2026-08-30_09-31-27.963-240,v3.6.25,3.45,12.0,400,277,7107,3011,-85,7325,3014,165,7094,2924,174,7157,2965,0,0,0,9,63,41,75.7,498.0,0.002,0.649,0.822,-147.578,-43.688,-70.062,101.0,1,0.6354,0.0686,-0.3401,0.6898,102.4,-31.8,0.0
1344262,2026-08-30_09-31-28.263-240,v3.6.25,3.45,12.0,400,-4465,4618,4056,-4790,4955,3348,-4564,4632,3988,-4427,4785,4101,0,0,0,137,153,113,234.4,1542.2,0.038,-0.736,1.394,16.562,-69.984,55.422,234.2,1,0.6263,0.0694,-0.3527,0.6918,104.1,-32.5,0.0
1344291,2026-08-30_09-31-28.293-240,v3.6.25,3.45,12.0,400,-4574,4560,4090,-5099,4795,3257,-4673,4574,4022,-4748,4623,4065,0,0,0,-75,49,43,99.4,653.8,0.163,-0.609,1.361,67.938,-62.719,37.703,120.8,1,0.6126,0.0717,-0.3599,0.7000,106.5,-32.8,0.0
1344326,2026-08-30_09-31-28.327-240,v3.6.25,3.45,12.0,400,-4574,4560,4090,-4802,4886,3549,-4673,4574,4022,-4403,4719,4299,0,0,0,270,145,277,413.1,2717.8,0.337,-0.532,1.189,121.688,-49.703,22.219,384.1,1,0.5943,0.0742,-0.3610,0.7149,109.6,-32.4,0.0
1344379,2026-08-30_09-31-28.381-240,v3.6.25,3.45,12.0,400,-4137,4742,4354,-4802,4886,3549,-4237,4746,4283,-4403,4719,4299,0,0,0,-166,-27,16,168.9,1111.5,0.383,-0.504,0.920,187.312,-24.391,4.875,179.2,1,0.5704,0.0754,-0.3538,0.7374,113.2,-31.0,0.0
1344406,2026-08-30_09-31-28.408-240,v3.6.25,3.43,12.0,400,-3465,5113,4630,-4098,5273,4007,-3566,5104,4553,-3627,5113,4625,0,0,0,-61,9,72,94.8,623.6,0.345,-0.586,0.847,224.516,-12.688,-22.531,117.0,1,0.5435,0.0780,-0.3399,0.7635,117.1,-29.3,0.0
1344728,2026-08-30_09-31-28.729-240,v3.6.25,3.43,12.0,400,4512,5751,2681,3903,5992,3355,4418,5685,2613,4250,5856,2615,0,0,0,-168,171,2,239.7,1577.2,0.135,1.724,0.896,-75.094,-43.953,85.406,238.6,1,0.5453,0.0747,-0.3578,0.7544,117.1,-30.2,0.0
1344754,2026-08-30_09-31-28.755-240,v3.6.25,3.43,12.0,400,4438,5596,3271,4091,5692,3728,4345,5518,3201,4509,5565,2948,0,0,0,164,47,-253,305.1,2007.5,0.296,1.503,0.860,-136.578,-39.281,108.516,293.5,1,0.5531,0.0684,-0.3811,0.7376,116.4,-31.5,0.0
1344802,2026-08-30_09-31-28.803-240,v3.6.25,3.43,12.0,400,4438,5596,3271,3403,5639,4504,4345,5518,3201,3955,5520,3823,0,0,0,-390,2,622,734.2,4830.0,0.149,1.050,0.580,-202.797,-29.594,102.984,653.6,1,0.5690,0.0620,-0.4060,0.7124,114.4,-33.4,0.0
1345167,2026-08-30_09-31-29.168-240,v3.6.25,3.43,12.0,400,-4197,3416,5410,-5067,3394,4658,-4286,3392,5346,-4446,3251,5429,0,0,0,-160,-141,83,228.8,1505.6,0.593,-0.593,1.047,57.828,-42.766,-99.906,229.5,1,0.5642,0.0780,-0.3953,0.7206,115.0,-34.0,0.0
1345196,2026-08-30_09-31-29.198-240,v3.6.25,3.43,12.0,400,-4211,3079,5707,-5067,3394,4658,-4298,3047,5645,-4446,3251,5429,0,0,0,-148,204,-216,331.9,2183.7,0.542,-0.256,0.973,107.359,-33.312,-132.359,316.0,1,0.5557,0.0962,-0.3771,0.7347,116.1,-34.1,0.0
1345224,2026-08-30_09-31-29.226-240,v3.6.25,3.43,12.0,400,-4211,3079,5707,-4706,3099,5336,-4298,3047,5645,-3962,2970,6029,0,0,0,336,-77,384,516.0,3394.9,0.411,-0.036,0.873,145.328,-24.219,-155.906,470.5,1,0.5438,0.1156,-0.3528,0.7526,117.4,-33.9,0.0
1345381,2026-08-30_09-31-29.382-240,v3.6.25,3.43,12.0,400,-1030,3194,6997,-1776,3500,6794,-1111,3095,6927,-786,3403,6949,0,0,0,325,308,22,448.3,2949.3,0.643,0.257,1.002,29.141,35.891,95.938,413.7,1,0.5375,0.0994,-0.3591,0.7565,118.5,-32.4,0.0
1345428,2026-08-30_09-31-29.429-240,v3.6.25,3.43,12.0,400,-741,3542,6854,-1776,3500,6794,-825,3443,6782,-786,3403,6949,0,0,0,39,-40,167,176.1,1158.5,0.357,-0.854,1.051,75.312,18.047,52.062,185.2,1,0.5263,0.0897,-0.3595,0.7653,120.1,-31.0,0.0
1345456,2026-08-30_09-31-29.458-240,v3.6.25,3.43,12.0,400,-820,3898,6674,-1846,3908,6494,-906,3806,6599,-917,3804,6667,0,0,0,-11,-2,68,68.9,453.4,0.228,-0.982,1.069,152.766,2.844,-45.375,95.3,1,0.5094,0.0922,-0.3451,0.7829,122.3,-29.7,0.0
1345491,2026-08-30_09-31-29.492-240,v3.6.25,3.43,12.0,400,-42,4046,6659,-1846,3908,6494,-128,3945,6583,-917,3804,6667,0,0,0,-789,-141,84,805.9,5301.9,0.320,-0.792,0.870,234.766,0.141,-134.156,713.8,1,0.4861,0.1037,-0.3146,0.8087,125.1,-28.3,0.0
1345724,2026-08-30_09-31-29.725-240,v3.6.25,3.43,12.0,400,4717,3231,5401,3918,3346,5945,4643,3093,5344,4766,3265,5144,0,0,0,123,172,-200,291.1,1914.8,0.569,1.316,0.666,-143.797,-26.734,189.234,281.7,1,0.4927,0.0890,-0.3485,0.7924,124.8,-29.0,0.0
1345752,2026-08-30_09-31-29.754-240,v3.6.25,3.43,12.0,400,4717,3231,5401,3389,3042,6509,4643,3093,5344,4341,2968,5785,0,0,0,-302,-125,441,548.9,3611.3,0.746,0.846,0.769,-195.484,-12.375,201.719,498.1,1,0.5050,0.0711,-0.3850,0.7692,123.6,-29.9,0.0
1345962,2026-08-30_09-31-29.963-240,v3.6.25,3.43,12.0,400,-741,3468,6876,-1840,3486,6738,-824,3369,6804,-860,3388,6905,0,0,0,-36,19,101,108.9,716.4,0.497,0.854,1.409,-93.703,6.953,-112.109,128.8,1,0.5229,0.0834,-0.3750,0.7609,120.9,-31.3,0.0
1346016,2026-08-30_09-31-29.018-240,v3.6.25,3.43,12.0,400,-760,3466,6925,-1840,3486,6738,-843,3366,6853,-860,3388,6905,0,0,0,-17,22,52,59.0,387.9,0.413,0.937,0.862,-198.906,-37.969,33.844,86.9,1,0.5425,0.0864,-0.3924,0.7377,118.4,-33.6,0.0
1346066,2026-08-30_09-31-29.068-240,v3.6.25,3.43,12.0,400,-1075,3144,7029,-2200,3142,6743,-1156,3044,6960,-1212,3045,6972,0,0,0,-56,1,12,57.3,376.8,0.342,0.140,0.706,-195.969,-69.953,71.219,85.5,1,0.5568,0.0889,-0.4166,0.7131,116.8,-36.2,0.0
1346220,2026-08-30_09-31-30.221-240,v3.6.25,3.43,12.0,400,-3948,1102,6423,-5046,1009,5615,-4019,1043,6378,-4211,896,6362,0,0,0,-192,-147,-16,242.3,1594.3,1.079,-0.598,0.764,98.719,-23.109,-24.547,240.8,1,0.5445,0.0925,-0.4106,0.7255,118.6,-35.5,0.0
1346248,2026-08-30_09-31-30.250-240,v3.6.25,3.43,12.0,400,-4038,924,6486,-5046,1009,5615,-4108,864,6443,-4211,896,6362,0,0,0,-103,32,-81,134.9,887.4,1.142,-0.093,0.634,143.250,8.578,-22.297,150.6,1,0.5289,0.0914,-0.3992,0.7433,120.7,-33.9,0.0
1346295,2026-08-30_09-31-30.296-240,v3.6.25,3.43,12.0,400,-3522,1376,6721,-4792,1128,5956,-3594,1306,6672,-3901,1020,6651,0,0,0,-307,-286,-21,420.1,2763.8,0.970,0.321,0.742,151.062,58.438,32.672,390.0,1,0.5127,0.0774,-0.3892,0.7614,122.7,-31.1,0.0
1346330,2026-08-30_09-31-30.332-240,v3.6.25,3.43,12.0,400,-3522,1376,6721,-4266,1911,6144,-3594,1306,6672,-3358,1803,6743,0,0,0,236,497,71,554.7,3649.7,0.837,0.175,0.932,139.266,79.766,75.812,503.0,1,0.4965,0.0558,-0.3827,0.7772,124.5,-27.8,0.0
1346538,2026-08-30_09-31-30.539-240,v3.6.25,3.43,12.0,400,-712,4860,6009,-1689,4928,5867,-806,4785,5928,-889,4809,6027,0,0,0,-83,24,99,131.4,864.5,-0.031,0.141,0.756,176.891,-17.203,-35.219,147.7,1,0.4752,0.0587,-0.3686,0.7968,127.2,-26.4,0.0
1346696,2026-08-30_09-31-30.697-240,v3.6.25,3.43,12.0,400,2166,4301,6147,1316,4094,6622,2080,4184,6072,2264,4005,6250,0,0,0,184,-179,178,312.4,2055.1,0.821,1.506,0.676,-84.203,-109.625,10.188,299.6,1,0.4779,0.0740,-0.3832,0.7869,127.4,-28.9,0.0
1346776,2026-08-30_09-31-30.777-240,v3.6.25,3.43,12.0,400,1629,2981,7082,1188,3283,7098,1553,2845,7016,2235,3206,6737,0,0,0,682,361,-279,820.5,5398.3,1.295,0.643,0.417,-322.828,-35.672,131.156,726.1,1,0.5076,0.0699,-0.4197,0.7493,124.1,-32.1,0.0
1347012,2026-08-30_09-31-30.013-240,v3.6.25,3.43,12.0,400,-4644,1064,5898,-5396,1297,5140,-4716,1025,5857,-4649,1173,5958,0,0,0,67,148,101,191.3,1258.5,0.444,-0.857,1.141,-87.188,-55.359,-39.219,198.0,1,0.5155,0.0823,-0.4242,0.7400,123.3,-34.0,0.0
1347067,2026-08-30_09-31-30.069-240,v3.6.25,3.43,12.0,400,-4991,297,5785,-5809,432,4894,-5058,261,5753,-5088,308,5790,0,0,0,-30,47,37,66.9,440.2,0.968,-0.320,1.197,1.297,-41.828,-17.891,93.6,1,0.5128,0.0890,-0.4251,0.7406,123.8,-34.6,0.0
1347095,2026-08-30_09-31-30.096-240,v3.6.25,3.43,12.0,400,-4932,-194,5828,-5775,-147,4982,-4995,-233,5801,-5027,-265,5871,0,0,0,-32,-32,70,83.4,548.4,1.102,-0.167,1.129,27.141,-26.359,9.672,107.4,1,0.5067,0.0901,-0.4265,0.7437,124.8,-34.5,0.0
1347130,2026-08-30_09-31-30.132-240,v3.6.25,3.43,12.0,400,-4901,-223,5881,-5775,-147,4982,-4964,-264,5854,-5027,-265,5871,0,0,0,-63,-1,17,65.3,429.3,1.144,-0.423,0.943,67.312,-8.750,20.344,92.2,1,0.4965,0.0868,-0.4256,0.7515,126.2,-33.6,0.0
1347171,2026-08-30_09-31-31.173-240,v3.6.25,3.43,12.0,400,-4901,-223,5881,-5735,-136,5042,-4964,-264,5854,-4976,-253,5923,0,0,0,-12,11,69,70.9,466.4,1.194,-1.100,0.829,155.703,10.797,-30.938,96.9,1,0.4794,0.0846,-0.4122,0.7702,128.2,-31.7,0.0
1347201,2026-08-30_09-31-31.202-240,v3.6.25,3.43,12.0,400,-4739,143,6067,-5483,363,5416,-4804,97,6035,-4670,249,6244,0,0,0,134,152,209,291.1,1915.2,1.159,-1.385,0.502,254.094,26.328,-108.203,281.8,1,0.4546,0.0865,-0.3820,0.8000,130.9,-29.1,0.0
1347475,2026-08-30_09-31-31.476-240,v3.6.25,3.43,12.0,400,3293,2962,6445,2124,2964,6899,3219,2818,6383,3144,2891,6383,0,0,0,-75,73,0,104.7,688.6,0.297,0.901,0.785,19.781,-49.391,92.328,125.3,1,0.4433,0.0833,-0.3959,0.7999,132.7,-29.0,0.0
1347501,2026-08-30_09-31-31.502-240,v3.6.25,3.43,12.0,400,3284,2577,6608,2237,2570,7090,3213,2428,6550,3298,2502,6551,0,0,0,85,74,1,112.7,741.5,0.529,0.779,0.810,-33.344,-58.375,93.453,132.0,1,0.4380,0.0823,-0.4134,0.7940,133.8,-29.5,0.0
1347541,2026-08-30_09-31-31.543-240,v3.6.25,3.43,12.0,400,3284,2577,6608,2237,2570,7090,3213,2428,6550,3298,2502,6551,0,0,0,85,74,1,112.7,741.5,0.900,0.617,0.624,-102.266,-55.828,76.859,132.0,1,0.4424,0.0844,-0.4324,0.7811,133.9,-31.0,0.0
1347568,2026-08-30_09-31-31.571-240,v3.6.25,3.43,12.0,400,2790,2128,6985,1687,2052,7424,2722,1975,6929,2816,1990,6972,0,0,0,94,15,43,104.5,687.2,1.170,0.347,0.557,-139.297,-40.609,49.594,125.1,1,0.4539,0.0881,-0.4486,0.7648,132.9,-32.8,0.0
1347597,2026-08-30_09-31-31.599-240,v3.6.25,3.43,12.0,400,2104,1837,7273,1687,2052,7424,2037,1685,7218,2816,1990,6972,0,0,0,779,305,-246,872.0,5736.8,1.282,0.192,0.519,-148.906,-23.438,-2.062,769.3,1,0.4704,0.0952,-0.4573,0.7487,131.2,-34.9,0.0
1347651,2026-08-30_09-31-31.653-240,v3.6.25,3.43,12.0,400,1694,1769,7357,851,1754,7600,1627,1621,7302,2016,1692,7287,0,0,0,389,71,-15,395.7,2603.4,1.039,0.474,0.675,-156.125,-3.297,-98.922,369.5,1,0.4938,0.1106,-0.4526,0.7342,128.0,-37.5,0.0
1347696,2026-08-30_09-31-31.697-240,v3.6.25,3.43,12.0,400,1694,1769,7357,587,1697,7634,1627,1621,7302,1759,1635,7366,0,0,0,132,14,64,147.4,969.5,0.478,0.788,0.487,-161.297,-18.797,-141.125,161.1,1,0.5181,0.1329,-0.4438,0.7190,124.3,-40.6,0.0
1347723,2026-08-30_09-31-31.725-240,v3.6.25,3.43,12.0,400,1682,1762,7380,477,1645,7647,1615,1613,7325,1652,1583,7397,0,0,0,37,-30,72,86.3,568.0,0.363,1.109,0.287,-187.266,-41.797,-94.641,109.9,1,0.5411,0.1531,-0.4433,0.6981,120.7,-43.9,0.0
1347771,2026-08-30_09-31-31.773-240,v3.6.25,3.43,12.0,400,1566,1500,7484,477,1645,7647,1501,1349,7431,1652,1583,7397,0,0,0,151,234,-34,280.6,1845.8,0.138,1.100,0.088,-270.625,-79.781,82.562,272.9,1,0.5633,0.1581,-0.4697,0.6612,117.9,-47.6,0.0
1347801,2026-08-30_09-31-31.802-240,v3.6.25,3.43,12.0,400,1566,1500,7484,-11,1201,7728,1501,1349,7431,1187,1141,7561,0,0,0,-314,-208,130,398.4,2621.4,0.062,0.768,0.049,-316.234,-89.078,196.969,371.8,1,0.5841,0.1501,-0.5099,0.6134,115.8,-51.2,0.0
1348061,2026-08-30_09-31-31.062-240,v3.6.25,3.43,12.0,400,-6520,-957,3769,-6967,-878,2620,-6581,-935,3762,-6612,-1031,3771,0,0,0,-31,-96,9,101.3,666.3,1.051,-1.480,0.289,261.219,-35.203,-76.219,122.4,1,0.5545,0.1560,-0.4967,0.6492,120.8,-48.9,0.0
1348091,2026-08-30_09-31-31.093-240,v3.6.25,3.43,12.0,400,-6257,-297,4467,-6845,-209,3305,-6323,-290,4449,-6385,-355,4418,0,0,0,-62,-65,-31,95.0,625.2,0.863,-1.390,-0.243,326.578,-24.328,-133.406,117.2,1,0.5187,0.1658,-0.4724,0.6930,125.9,-46.0,0.0
1348120,2026-08-30_09-31-31.121-240,v3.6.25,3.43,12.0,400,-6257,-297,4467,-6845,-209,3305,-6323,-290,4449,-6385,-355,4418,0,0,0,-62,-65,-31,95.0,625.2,0.784,-1.021,-0.483,380.281,-8.750,-193.000,117.2,1,0.4775,0.1785,-0.4358,0.7418,131.0,-42.9,0.0
1348351,2026-08-30_09-31-32.352-240,v3.6.25,3.43,12.0,400,1592,1583,7437,313,1767,7618,1526,1433,7384,1480,1703,7397,0,0,0,-46,270,13,274.2,1803.9,0.471,0.351,0.551,4.594,-88.188,46.281,267.6,1,0.4683,0.1843,-0.4482,0.7389,133.1,-43.8,0.0
1348377,2026-08-30_09-31-32.378-240,v3.6.25,3.43,12.0,400,1592,1583,7437,309,1175,7750,1526,1433,7384,1511,1117,7527,0,0,0,-15,-316,143,347.2,2284.0,0.762,0.558,0.570,-30.359,-96.094,34.703,328.8,1,0.4632,0.1933,-0.4609,0.7319,134.8,-45.2,0.0
1348411,2026-08-30_09-31-32.413-240,v3.6.25,3.43,12.0,400,1425,938,7567,309,1175,7750,1364,785,7520,1511,1117,7527,0,0,0,147,332,7,363.2,2389.2,1.114,0.825,0.375,-97.250,-89.859,45.594,342.2,1,0.4667,0.2023,-0.4766,0.7171,135.4,-47.3,0.0
1348592,2026-08-30_09-31-32.593-240,v3.6.25,3.43,12.0,400,-862,-661,7582,-2560,-1053,7183,-914,-792,7551,-1411,-1118,7469,0,0,0,-497,-326,-82,600.0,3947.4,0.625,0.752,-0.023,-257.094,0.906,-5.328,541.0,1,0.4988,0.2104,-0.4830,0.6882,130.6,-50.5,0.0
1348646,2026-08-30_09-31-32.648-240,v3.6.25,3.43,12.0,400,-1371,-957,7451,-2560,-1053,7183,-1422,-1080,7424,-1411,-1118,7469,0,0,0,11,-38,45,59.9,394.2,0.276,0.247,-0.186,-295.266,-35.391,98.500,87.7,1,0.5286,0.2115,-0.5052,0.6486,126.7,-53.9,0.0
1348676,2026-08-30_09-31-32.677-240,v3.6.25,3.43,12.0,400,-2078,-1601,7126,-3267,-1690,6683,-2125,-1711,7107,-2192,-1761,7103,0,0,0,-67,-50,-4,83.7,550.6,0.458,-0.211,0.078,-292.531,-47.156,158.422,107.7,1,0.5535,0.2050,-0.5339,0.6055,123.9,-57.1,0.0
1348822,2026-08-30_09-31-32.823-240,v3.6.25,3.43,12.0,400,-5092,-2897,4853,-5548,-2840,4249,-5136,-2925,4861,-4871,-2950,5120,0,0,0,265,-25,259,371.4,2443.4,1.216,-1.458,0.276,157.391,-48.812,-50.172,349.1,1,0.5321,0.2105,-0.5292,0.6265,127.9,-55.8,0.0
1348856,2026-08-30_09-31-32.858-240,v3.6.25,3.43,12.0,400,-5092,-2897,4853,-5806,-2769,4089,-5136,-2925,4861,-5159,-2883,5008,0,0,0,-23,42,147,154.6,1017.1,1.201,-1.061,0.048,252.562,-40.500,-113.516,167.2,1,0.5014,0.2197,-0.5135,0.6608,132.5,-53.6,0.0
1349117,2026-08-30_09-31-32.118-240,v3.6.25,3.43,12.0,400,-90,-919,7624,-1579,-1009,7568,-139,-1062,7596,-364,-1064,7676,0,0,0,-225,-2,80,238.8,1571.1,0.806,0.268,0.314,90.422,-34.547,-41.609,237.9,1,0.4884,0.2252,-0.5087,0.6723,134.6,-53.1,0.0
1349171,2026-08-30_09-31-33.173-240,v3.6.25,3.43,12.0,400,496,-1056,7577,-809,-1167,7660,448,-1206,7551,424,-1216,7634,0,0,0,-24,-10,83,87.0,572.2,1.121,0.241,0.229,23.484,-24.594,-29.703,110.4,1,0.4841,0.2303,-0.5060,0.6757,135.3,-53.2,0.0
1349199,2026-08-30_09-31-33.200-240,v3.6.25,3.43,12.0,400,837,-1282,7483,-416,-1448,7651,791,-1435,7460,822,-1493,7558,0,0,0,31,-58,98,118.0,776.5,1.316,0.432,0.148,-10.266,-13.750,-31.984,136.5,1,0.4849,0.2357,-0.5029,0.6756,135.0,-53.7,0.0
1349232,2026-08-30_09-31-33.234-240,v3.6.25,3.43,12.0,400,1048,-1401,7432,-416,-1448,7651,1003,-1556,7411,822,-1493,7558,0,0,0,-181,63,147,241.5,1589.0,1.519,0.620,0.111,-61.938,0.734,-30.422,240.2,1,0.4933,0.2409,-0.4999,0.6699,133.4,-54.7,0.0
1349275,2026-08-30_09-31-33.276-240,v3.6.25,3.43,12.0,400,1048,-1401,7432,-213,-1551,7636,1003,-1556,7411,1024,-1595,7509,0,0,0,21,-39,98,107.5,707.5,1.358,0.815,0.136,-123.062,15.531,-38.375,127.7,1,0.5105,0.2473,-0.4959,0.6575,129.9,-56.3,0.0
1349302,2026-08-30_09-31-33.304-240,v3.6.25,3.43,12.0,400,1113,-1389,7462,-146,-1484,7632,1069,-1546,7440,1089,-1528,7494,0,0,0,20,18,54,60.3,396.9,1.173,0.935,0.083,-164.031,14.844,-38.375,88.1,1,0.5322,0.2549,-0.4924,0.6398,125.2,-58.2,0.0
1349346,2026-08-30_09-31-33.348-240,v3.6.25,3.43,12.0,400,1080,-1297,7481,-146,-1484,7632,1035,-1453,7458,1089,-1528,7494,0,0,0,54,-75,36,99.2,652.5,0.869,0.889,-0.156,-230.281,-0.469,-13.031,120.7,1,0.5595,0.2627,-0.4939,0.6116,119.0,-60.9,0.0
1349379,2026-08-30_09-31-33.381-240,v3.6.25,3.43,12.0,400,1080,-1297,7481,-288,-1437,7640,1035,-1453,7458,948,-1482,7526,0,0,0,-87,-29,68,114.2,751.1,0.673,0.584,-0.173,-260.531,-21.828,14.203,133.3,1,0.5871,0.2695,-0.5002,0.5767,112.1,-63.9,0.0
1349407,2026-08-30_09-31-33.409-240,v3.6.25,3.45,12.0,400,722,-1423,7515,-288,-1437,7640,677,-1576,7493,948,-1482,7526,0,0,0,271,94,33,288.7,1899.6,0.607,0.526,-0.074,-274.234,-39.000,35.750,279.8,1,0.6131,0.2750,-0.5096,0.5374,104.4,-67.0,0.0
1349434,2026-08-30_09-31-33.435-240,v3.6.25,3.45,12.0,400,722,-1423,7515,-864,-1734,7497,677,-1576,7493,353,-1782,7485,0,0,0,-324,-206,-8,384.0,2526.5,0.701,0.604,-0.025,-291.203,-52.344,67.156,359.7,1,0.6381,0.2770,-0.5226,0.4930,95.4,-70.0,0.0
1349466,2026-08-30_09-31-33.468-240,v3.6.25,3.45,12.0,400,28,-1877,7387,-864,-1734,7497,-14,-2020,7371,353,-1782,7485,0,0,0,367,238,114,452.0,2973.9,0.479,0.367,-0.087,-307.312,-66.422,107.672,416.8,1,0.6613,0.2739,-0.5395,0.4433,85.1,-73.0,0.0
1349748,2026-08-30_09-31-33.749-240,v3.6.25,3.45,12.0,400,-5344,-4720,2727,-5734,-4592,1850,-5376,-4707,2768,-5436,-4726,2813,0,0,0,-60,-19,45,77.4,509.0,1.302,-1.137,-0.640,340.172,-48.875,-163.984,102.4,1,0.6235,0.2921,-0.5302,0.4948,99.6,-71.8,0.0
1350007,2026-08-30_09-31-33.008-240,v3.6.25,3.45,12.0,400,233,-2086,7343,-952,-2450,7301,192,-2232,7329,245,-2496,7310,0,0,0,53,-264,-19,269.9,1775.9,0.727,0.487,0.245,-8.766,-75.203,45.578,264.0,1,0.6175,0.2921,-0.5424,0.4890,103.1,-72.9,0.0
1350051,2026-08-30_09-31-33.053-240,v3.6.25,3.45,12.0,400,192,-2491,7198,-952,-2450,7301,154,-2635,7190,245,-2496,7310,0,0,0,91,139,120,204.9,1348.3,1.131,0.623,0.027,-97.547,-76.375,71.297,209.4,1,0.6201,0.2910,-0.5569,0.4698,103.4,-74.6,0.0
1350080,2026-08-30_09-31-33.081-240,v3.6.25,3.45,12.0,400,-301,-3040,6952,-1334,-3018,6989,-335,-3175,6951,-178,-3067,7072,0,0,0,157,108,121,225.7,1485.1,1.284,0.632,-0.250,-163.578,-60.453,92.469,226.9,1,0.6301,0.2872,-0.5711,0.4409,100.2,-76.6,0.0
1350120,2026-08-30_09-31-33.122-240,v3.6.25,3.45,12.0,400,-301,-3040,6952,-2073,-3566,6530,-335,-3175,6951,-986,-3622,6751,0,0,0,-651,-447,-200,814.6,5359.4,1.426,0.455,-0.485,-233.844,-28.922,113.125,721.1,1,0.6488,0.2797,-0.5824,0.4020,90.5,-78.7,0.0
1350165,2026-08-30_09-31-34.167-240,v3.6.25,3.45,12.0,400,-1075,-3525,6595,-2073,-3566,6530,-1107,-3645,6601,-986,-3622,6751,0,0,0,121,23,150,194.1,1276.9,1.475,0.143,-0.491,-298.453,15.547,134.500,200.3,1,0.6759,0.2669,-0.5886,0.3542,71.2,-80.0,0.0
1350221,2026-08-30_09-31-34.223-240,v3.6.25,3.45,12.0,400,-1975,-3871,6169,-2972,-3934,5827,-2006,-3972,6181,-1999,-4002,6220,0,0,0,7,-30,39,49.7,327.0,1.114,-0.440,-0.379,-260.344,50.578,38.656,79.2,1,0.7008,0.2645,-0.5824,0.3159,47.8,-79.5,0.0
1350268,2026-08-30_09-31-34.269-240,v3.6.25,3.45,12.0,400,-2633,-4127,5769,-3604,-4181,5310,-2663,-4212,5786,-2716,-4258,5824,0,0,0,-53,-46,38,79.8,525.0,0.598,-0.346,-0.301,-200.297,24.734,-48.547,104.4,1,0.7163,0.2751,-0.5730,0.2878,28.6,-78.3,0.0
1350296,2026-08-30_09-31-34.298-240,v3.6.25,3.45,12.0,400,-2516,-4435,5629,-3359,-4561,5214,-2544,-4520,5650,-2479,-4635,5689,0,0,0,65,-115,39,137.7,906.2,0.391,-0.062,-0.177,-178.188,-7.891,-55.266,153.0,1,0.7264,0.2875,-0.5669,0.2612,13.6,-76.9,0.0
1350339,2026-08-30_09-31-34.340-240,v3.6.25,3.45,12.0,400,-2086,-4900,5378,-3359,-4561,5214,-2110,-4987,5406,-2479,-4635,5689,0,0,0,-369,352,283,583.2,3837.0,0.488,0.232,-0.192,-169.203,-47.453,10.922,526.9,1,0.7328,0.2911,-0.5695,0.2321,2.0,-75.9,0.0
1350377,2026-08-30_09-31-34.379-240,v3.6.25,3.45,12.0,400,-2086,-4900,5378,-2901,-5107,4925,-2110,-4987,5406,-2060,-5180,5329,0,0,0,50,-193,-77,213.7,1406.1,0.926,-0.041,0.105,-160.750,-65.297,90.688,216.8,1,0.7380,0.2820,-0.5790,0.2016,353.3,-75.5,0.0
1350404,2026-08-30_09-31-34.405-240,v3.6.25,3.45,12.0,400,-2123,-5417,4796,-2901,-5107,4925,-2143,-5493,4833,-2060,-5180,5329,0,0,0,83,313,496,592.3,3897.0,1.330,-0.453,0.330,-128.266,-64.766,118.391,534.6,1,0.7412,0.2673,-0.5901,0.1757,347.2,-75.6,0.0
1350461,2026-08-30_09-31-34.462-240,v3.6.25,3.45,12.0,400,-2665,-5763,4097,-3079,-5632,4114,-2684,-5819,4142,-2367,-5714,4569,0,0,0,317,105,427,542.1,3566.3,1.636,-1.074,0.308,28.266,-49.266,29.672,492.4,1,0.7355,0.2626,-0.5986,0.1782,346.7,-76.9,0.0
1350491,2026-08-30_09-31-34.493-240,v3.6.25,3.45,12.0,400,-3042,-5822,3820,-3537,-5836,3403,-3061,-5867,3867,-2944,-5929,3954,0,0,0,117,-62,87,158.4,1042.3,1.569,-1.134,0.012,133.484,-40.250,-47.438,170.4,1,0.7233,0.2672,-0.6044,0.2004,350.1,-78.9,0.0
1350536,2026-08-30_09-31-34.538-240,v3.6.25,3.45,12.0,400,-3042,-5822,3820,-3669,-5747,3513,-3061,-5867,3867,-3059,-5840,4084,0,0,0,2,27,217,218.7,1438.7,1.344,-1.174,-0.572,278.188,-21.453,-147.531,221.0,1,0.7016,0.2828,-0.6047,0.2493,3.1,-81.7,0.0
1350575,2026-08-30_09-31-34.577-240,v3.6.25,3.45,12.0,400,-2964,-5638,4228,-3669,-5747,3513,-2984,-5692,4271,-3059,-5840,4084,0,0,0,-75,-148,-187,250.0,1644.7,1.205,-0.795,-0.955,380.922,4.922,-209.734,247.3,1,0.6719,0.3025,-0.5974,0.3166,36.7,-83.9,0.0
1350749,2026-08-30_09-31-34.750-240,v3.6.25,3.45,12.0,400,-198,-4066,6426,-1324,-4208,6396,-224,-4196,6439,-246,-4258,6493,0,0,0,-22,-62,54,85.1,559.9,0.543,0.697,-0.122,74.312,-8.688,22.719,108.9,1,0.6661,0.2970,-0.6010,0.3271,51.0,-84.2,0.0
1350801,2026-08-30_09-31-34.803-240,v3.6.25,3.45,12.0,400,54,-3844,6548,-1104,-3977,6566,26,-3979,6558,-2,-4025,6621,0,0,0,-28,-46,63,82.9,545.3,0.700,0.294,0.026,-4.328,-41.672,36.219,107.0,1,0.6628,0.2937,-0.6080,0.3236,54.6,-84.9,0.0
1350831,2026-08-30_09-31-34.833-240,v3.6.25,3.45,12.0,400,-151,-3949,6456,-1288,-4114,6398,-178,-4079,6468,-212,-4164,6489,0,0,0,-34,-85,21,93.9,617.9,0.716,0.386,-0.093,-51.734,-49.359,56.547,116.3,1,0.6625,0.2892,-0.6166,0.3117,51.3,-85.9,0.0
1350865,2026-08-30_09-31-34.867-240,v3.6.25,3.45,12.0,400,-526,-4234,6237,-1288,-4114,6398,-552,-4356,6253,-212,-4164,6489,0,0,0,340,192,236,456.2,3001.6,0.987,0.508,-0.296,-137.109,-43.188,115.797,420.3,1,0.6697,0.2781,-0.6270,0.2847,32.2,-86.5,0.0
1350906,2026-08-30_09-31-34.908-240,v3.6.25,3.45,12.0,400,-526,-4234,6237,-1793,-4440,6004,-552,-4356,6253,-779,-4496,6191,0,0,0,-227,-140,-62,273.8,1801.4,1.216,0.119,-0.413,-203.516,-21.703,135.109,267.2,1,0.6830,0.2646,-0.6342,0.2474,1.8,-85.8,0.0
1350986,2026-08-30_09-31-34.987-240,v3.6.25,3.45,12.0,400,-2025,-4790,5482,-2642,-4728,5408,-2049,-4879,5508,-1725,-4795,5755,0,0,0,324,84,247,416.0,2736.7,1.491,0.173,-0.579,-243.031,37.969,83.469,386.6,1,0.7031,0.2577,-0.6293,0.2081,345.3,-82.8,0.0
1351015,2026-08-30_09-31-34.018-240,v3.6.25,3.45,12.0,400,-2025,-4790,5482,-3122,-4936,4963,-2049,-4879,5508,-2278,-5010,5404,0,0,0,-229,-131,-104,283.6,1865.7,1.225,0.131,-0.674,-251.828,45.688,71.281,275.4,1,0.7227,0.2520,-0.6214,0.1677,337.6,-79.3,0.0
1351066,2026-08-30_09-31-34.068-240,v3.6.25,3.45,12.0,400,-2362,-4958,5200,-3302,-5110,4628,-2386,-5038,5230,-2512,-5189,5108,0,0,0,-126,-151,-122,231.4,1522.6,0.717,0.065,-0.742,-258.734,29.344,84.391,231.7,1,0.7393,0.2440,-0.6150,0.1247,331.4,-76.0,0.0
1351115,2026-08-30_09-31-34.117-240,v3.6.25,3.45,12.0,400,-2523,-5172,4912,-3432,-5417,4143,-2546,-5245,4946,-2720,-5502,4657,0,0,0,-174,-257,-289,424.1,2790.0,0.646,-0.532,-0.356,-234.969,-0.234,81.484,393.4,1,0.7502,0.2361,-0.6118,0.0845,325.6,-73.3,0.0
1351158,2026-08-30_09-31-35.159-240,v3.6.25,3.45,12.0,400,-2730,-5481,4424,-3432,-5417,4143,-2751,-5542,4464,-2720,-5502,4657,0,0,0,31,40,193,199.5,1312.7,0.669,-0.685,-0.155,-162.406,-30.891,27.938,204.9,1,0.7529,0.2354,-0.6120,0.0563,320.3,-71.5,0.0
1351186,2026-08-30_09-31-35.188-240,v3.6.25,3.45,12.0,400,-2754,-5877,3918,-3426,-5832,3558,-2772,-5928,3966,-2807,-5922,4086,0,0,0,-35,6,120,125.1,823.3,0.820,-0.646,-0.038,-109.875,-47.922,4.172,142.5,1,0.7512,0.2373,-0.6149,0.0368,315.6,-70.3,0.0
1351219,2026-08-30_09-31-35.221-240,v3.6.25,3.45,12.0,400,-2754,-5877,3918,-3426,-5832,3558,-2772,-5928,3966,-2807,-5922,4086,0,0,0,-35,6,120,125.1,823.3,1.240,-0.624,0.155,-45.188,-59.344,-3.812,142.5,1,0.7461,0.2389,-0.6209,0.0278,311.7,-70.0,0.0
1351247,2026-08-30_09-31-35.249-240,v3.6.25,3.45,12.0,400,-2611,-6255,3442,-3199,-6236,3042,-2627,-6300,3497,-2660,-6330,3544,0,0,0,-33,-30,47,64.8,426.3,1.386,-0.582,0.161,11.297,-59.594,-12.391,91.8,1,0.7391,0.2403,-0.6286,0.0284,308.7,-70.5,0.0
1351274,2026-08-30_09-31-35.275-240,v3.6.25,3.45,12.0,400,-2611,-6255,3442,-3199,-6236,3042,-2627,-6300,3497,-2660,-6330,3544,0,0,0,-33,-30,47,64.8,426.3,1.409,-0.479,-0.011,67.156,-54.625,-41.594,91.8,1,0.7302,0.2447,-0.6367,0.0395,306.2,-71.6,0.0
1351302,2026-08-30_09-31-35.304-240,v3.6.25,3.45,12.0,400,-2620,-6401,3128,-3155,-6404,2696,-2635,-6440,3186,-2673,-6502,3199,0,0,0,-38,-62,13,73.9,486.0,1.332,-0.551,-0.217,136.875,-48.016,-85.547,99.4,1,0.7182,0.2539,-0.6447,0.0639,304.2,-73.4,0.0
1351333,2026-08-30_09-31-35.335-240,v3.6.25,3.45,12.0,400,-2602,-6398,3198,-3155,-6404,2696,-2617,-6438,3256,-2673,-6502,3199,0,0,0,-56,-64,-57,102.4,673.5,1.262,-0.634,-0.496,216.562,-36.203,-141.359,123.4,1,0.7020,0.2690,-0.6512,0.1038,302.5,-76.0,0.0
1351376,2026-08-30_09-31-35.378-240,v3.6.25,3.45,12.0,400,-2602,-6398,3198,-3096,-6371,2872,-2617,-6438,3256,-2584,-6466,3361,0,0,0,33,-28,105,113.6,747.2,1.191,-0.423,-0.836,307.203,-10.141,-202.781,132.8,1,0.6811,0.2893,-0.6529,0.1617,301.1,-79.4,0.0
1351406,2026-08-30_09-31-35.407-240,v3.6.25,3.45,12.0,400,-2330,-6247,3737,-2815,-6188,3642,-2345,-6302,3790,-2174,-6272,4064,0,0,0,171,30,274,324.4,2134.0,1.268,0.184,-0.938,321.875,13.016,-207.188,309.7,1,0.6592,0.3079,-0.6490,0.2223,298.8,-83.0,0.0
1351453,2026-08-30_09-31-35.454-240,v3.6.25,3.45,12.0,400,-1743,-5879,4496,-2815,-6188,3642,-1759,-5956,4540,-2174,-6272,4064,0,0,0,-415,-316,-476,706.2,4645.8,0.862,0.859,-0.800,257.828,36.219,-147.281,630.1,1,0.6432,0.3183,-0.6418,0.2704,296.4,-86.1,0.0
1351510,2026-08-30_09-31-35.511-240,v3.6.25,3.45,12.0,400,-1141,-5541,5080,-2263,-5819,4582,-1159,-5636,5117,-1466,-5889,4886,0,0,0,-307,-253,-231,460.0,3026.5,0.597,0.617,-0.601,140.641,19.688,-45.922,423.5,1,0.6348,0.3182,-0.6393,0.2950,284.9,-88.1,0.0
1351538,2026-08-30_09-31-35.540-240,v3.6.25,3.45,12.0,400,-1141,-5541,5080,-1886,-5471,5126,-1159,-5636,5117,-1002,-5534,5352,0,0,0,157,102,235,300.5,1976.7,0.737,0.350,-0.466,105.391,3.953,-17.312,289.6,1,0.6275,0.3158,-0.6395,0.3125,221.8,-89.0,0.0
1351569,2026-08-30_09-31-35.571-240,v3.6.25,3.45,12.0,400,-921,-5282,5349,-1886,-5471,5126,-940,-5385,5382,-1002,-5534,5352,0,0,0,-62,-149,-30,164.1,1079.9,0.799,0.254,-0.375,70.031,-10.047,-2.359,175.2,1,0.6213,0.3132,-0.6414,0.3232,180.3,-88.2,0.0
1351597,2026-08-30_09-31-35.599-240,v3.6.25,3.45,12.0,400,-955,-5203,5400,-1856,-5303,5280,-975,-5306,5432,-949,-5364,5496,0,0,0,26,-58,64,90.2,593.4,0.710,0.352,-0.219,32.719,-19.266,7.594,113.1,1,0.6171,0.3113,-0.6443,0.3273,176.5,-87.4,0.0
1351644,2026-08-30_09-31-35.645-240,v3.6.25,3.45,12.0,400,-955,-5203,5400,-1984,-5346,5153,-975,-5306,5432,-1098,-5410,5395,0,0,0,-123,-104,-37,165.3,1087.3,0.969,0.550,-0.408,-67.594,-24.766,61.812,176.1,1,0.6209,0.3061,-0.6500,0.3136,191.5,-87.6,0.0
1351690,2026-08-30_09-31-35.692-240,v3.6.25,3.45,12.0,400,-1129,-5277,5262,-2331,-5510,4798,-1148,-5375,5295,-1503,-5579,5108,0,0,0,-355,-204,-187,450.1,2961.3,1.096,0.239,-0.545,-155.703,-15.500,88.656,415.2,1,0.6324,0.2997,-0.6546,0.2859,236.2,-87.9,0.0
1351745,2026-08-30_09-31-35.747-240,v3.6.25,3.45,12.0,400,-1510,-5467,4982,-2331,-5510,4798,-1529,-5555,5019,-1503,-5579,5108,0,0,0,26,-24,89,95.8,630.1,1.061,0.468,-0.813,-223.562,1.172,97.828,117.8,1,0.6498,0.2937,-0.6558,0.2478,285.1,-86.3,0.0
1351771,2026-08-30_09-31-35.773-240,v3.6.25,3.45,12.0,400,-1839,-5690,4619,-2660,-5743,4349,-1857,-5767,4661,-1905,-5819,4726,0,0,0,-48,-52,65,96.1,632.2,0.992,0.674,-0.889,-271.344,6.609,124.984,118.1,1,0.6701,0.2846,-0.6555,0.2008,300.0,-83.1,0.0
1351801,2026-08-30_09-31-35.803-240,v3.6.25,3.45,12.0,400,-1839,-5690,4619,-2660,-5743,4349,-1857,-5767,4661,-1905,-5819,4726,0,0,0,-48,-52,65,96.1,632.2,0.897,0.685,-0.990,-316.484,12.875,159.797,118.1,1,0.6922,0.2706,-0.6532,0.1447,304.4,-79.3,0.0
1351829,2026-08-30_09-31-35.831-240,v3.6.25,3.45,12.0,400,-2138,-5952,4114,-2889,-6009,3714,-2155,-6016,4161,-2239,-6093,4146,0,0,0,-84,-77,-15,114.9,756.1,0.789,0.274,-1.046,-346.750,20.984,188.500,133.9,1,0.7141,0.2512,-0.6481,0.0830,305.2,-75.3,0.0
1351862,2026-08-30_09-31-35.864-240,v3.6.25,3.45,12.0,400,-2477,-6264,3456,-2889,-6009,3714,-2492,-6311,3511,-2239,-6093,4146,0,0,0,253,218,635,717.5,4720.2,0.472,-0.472,-1.087,-336.000,22.406,180.219,639.6,1,0.7319,0.2318,-0.6403,0.0233,304.3,-71.5,0.0
1351921,2026-08-30_09-31-35.923-240,v3.6.25,3.45,12.0,400,-2592,-6567,2791,-3096,-6341,2904,-2606,-6599,2853,-2579,-6436,3392,0,0,0,27,163,539,563.8,3708.9,0.460,-1.187,-0.569,-196.625,-6.844,76.281,510.6,1,0.7378,0.2246,-0.6364,-0.0111,302.1,-69.1,0.0
1351956,2026-08-30_09-31-35.958-240,v3.6.25,3.45,12.0,400,-2592,-6567,2791,-3025,-6641,2241,-2606,-6599,2853,-2616,-6743,2733,0,0,0,-10,-144,-120,187.7,1235.0,0.676,-0.991,-0.121,-103.594,-29.047,18.297,195.0,1,0.7371,0.2240,-0.6369,-0.0291,299.7,-67.8,0.0
1351985,2026-08-30_09-31-35.987-240,v3.6.25,3.45,12.0,400,-2459,-6830,2315,-2773,-6889,1798,-2471,-6855,2383,-2436,-6995,2258,0,0,0,35,-140,-125,190.9,1256.0,0.887,-0.731,0.195,-30.719,-42.500,-26.359,197.7,1,0.7321,0.2285,-0.6408,-0.0341,297.2,-67.3,0.0
1352039,2026-08-30_09-31-35.041-240,v3.6.25,3.45,12.0,400,-2314,-6983,2004,-2773,-6889,1798,-2324,-7004,2076,-2436,-6995,2258,0,0,0,-112,9,182,213.9,1407.2,1.105,-0.516,-0.070,106.203,-51.781,-112.531,217.0,1,0.7206,0.2427,-0.6494,-0.0138,295.0,-68.3,0.0
1352065,2026-08-30_09-31-35.067-240,v3.6.25,3.45,12.0,400,-2197,-7038,1948,-2589,-7003,1595,-2207,-7059,2021,-2284,-7110,2028,0,0,0,-77,-51,7,92.6,609.4,1.095,-0.337,-0.240,172.203,-48.297,-149.266,115.2,1,0.7058,0.2603,-0.6586,0.0189,292.6,-70.0,0.0
1352112,2026-08-30_09-31-35.114-240,v3.6.25,3.45,12.0,400,-2197,-7038,1948,-2505,-7005,1768,-2207,-7059,2021,-2170,-7109,2183,0,0,0,37,-50,162,173.5,1141.7,1.226,-0.138,-0.651,247.984,-30.906,-171.562,183.1,1,0.6888,0.2779,-0.6664,0.0656,290.2,-72.6,0.0
1352156,2026-08-30_09-31-35.157-240,v3.6.25,3.45,12.0,400,-2139,-6978,2215,-2505,-7005,1768,-2149,-7006,2285,-2170,-7109,2183,0,0,0,-21,-103,-102,146.5,963.6,1.157,0.027,-0.909,294.141,-2.938,-179.750,160.4,1,0.6708,0.2937,-0.6701,0.1213,287.4,-76.0,0.0
1352182,2026-08-30_09-31-36.184-240,v3.6.25,3.45,12.0,400,-2101,-6771,2797,-2559,-6835,2317,-2112,-6811,2862,-2133,-6933,2727,0,0,0,-21,-122,-135,183.2,1205.0,0.924,0.316,-1.049,294.594,12.719,-173.844,191.2,1,0.6525,0.3070,-0.6698,0.1771,282.5,-79.4,0.0
1352271,2026-08-30_09-31-36.273-240,v3.6.25,3.45,12.0,400,-1944,-6463,3513,-2534,-6540,3137,-1957,-6519,3570,-1972,-6628,3523,0,0,0,-15,-109,-47,119.6,787.1,0.765,0.817,-0.563,121.594,22.625,-16.141,137.9,1,0.6484,0.3030,-0.6696,0.1984,279.4,-81.3,0.0
1352299,2026-08-30_09-31-36.302-240,v3.6.25,3.45,12.0,400,-1882,-6174,3946,-2602,-6219,3733,-1897,-6238,3997,-1944,-6300,4116,0,0,0,-47,-62,119,142.2,935.4,0.663,0.415,-0.598,68.000,13.516,13.016,156.8,1,0.6469,0.2969,-0.6704,0.2096,275.9,-82.7,0.0
1352347,2026-08-30_09-31-36.348-240,v3.6.25,3.45,12.0,400,-2080,-5960,4195,-2813,-5983,3867,-2097,-6026,4242,-2137,-6065,4282,0,0,0,-40,-39,40,68.7,452.0,0.603,-0.019,-0.674,21.531,-2.547,7.016,95.1,1,0.6457,0.2939,-0.6717,0.2135,273.1,-83.2,0.0
1352386,2026-08-30_09-31-36.388-240,v3.6.25,3.45,12.0,400,-2190,-5941,4186,-2813,-5983,3867,-2207,-6006,4233,-2137,-6065,4282,0,0,0,70,-59,49,103.8,683.1,0.633,-0.049,-0.457,-12.109,-12.766,1.734,124.6,1,0.6451,0.2938,-0.6728,0.2118,272.4,-83.0,0.0
1352430,2026-08-30_09-31-36.432-240,v3.6.25,3.45,12.0,400,-2190,-5941,4186,-2891,-5980,3818,-2207,-6006,4233,-2223,-6063,4248,0,0,0,-16,-57,15,61.1,401.8,0.971,0.202,-0.703,-70.125,-9.391,22.984,88.7,1,0.6490,0.2930,-0.6730,0.2001,275.9,-82.2,0.0
1352462,2026-08-30_09-31-36.463-240,v3.6.25,3.45,12.0,400,-2196,-6019,4053,-2878,-6091,3619,-2212,-6081,4102,-2243,-6176,4052,0,0,0,-31,-95,-50,111.7,735.1,1.084,0.262,-0.718,-116.953,-0.016,43.641,131.2,1,0.6569,0.2906,-0.6720,0.1804,281.7,-81.0,0.0
1352506,2026-08-30_09-31-36.508-240,v3.6.25,3.45,12.0,400,-2215,-6154,3824,-2878,-6091,3619,-2231,-6212,3875,-2243,-6176,4052,0,0,0,-12,36,177,181.0,1190.9,1.128,0.516,-0.925,-181.453,13.578,60.328,189.4,1,0.6697,0.2878,-0.6678,0.1503,288.9,-78.8,0.0
1352534,2026-08-30_09-31-36.536-240,v3.6.25,3.45,12.0,400,-2215,-6154,3824,-2852,-6254,3369,-2231,-6212,3875,-2256,-6342,3804,0,0,0,-25,-130,-71,150.2,988.3,0.994,0.880,-1.082,-231.500,17.031,93.109,163.5,1,0.6854,0.2814,-0.6624,0.1104,293.9,-76.0,0.0
1352563,2026-08-30_09-31-36.565-240,v3.6.25,3.45,12.0,400,-2164,-6339,3544,-2852,-6254,3369,-2178,-6392,3599,-2256,-6342,3804,0,0,0,-78,50,205,225.0,1480.0,0.778,0.676,-1.076,-292.828,18.531,144.219,226.2,1,0.7035,0.2681,-0.6556,0.0584,296.4,-72.5,0.0
1352589,2026-08-30_09-31-36.591-240,v3.6.25,3.45,12.0,400,-2164,-6339,3544,-2737,-6485,2969,-2178,-6392,3599,-2206,-6576,3394,0,0,0,-28,-184,-205,276.9,1821.6,0.610,0.356,-1.035,-323.516,18.016,173.562,269.8,1,0.7206,0.2503,-0.6466,0.0006,296.9,-68.8,0.0
1352622,2026-08-30_09-31-36.624-240,v3.6.25,3.45,12.0,400,-2196,-6573,3032,-2737,-6485,2969,-2209,-6616,3093,-2206,-6576,3394,0,0,0,3,40,301,303.7,1997.8,0.690,-0.101,-0.859,-329.547,15.766,177.531,292.3,1,0.7348,0.2310,-0.6351,-0.0582,296.2,-65.0,0.0
1352649,2026-08-30_09-31-36.650-240,v3.6.25,3.45,12.0,400,-2221,-6853,2405,-2695,-6772,2298,-2232,-6883,2473,-2274,-6871,2732,0,0,0,-42,12,259,262.7,1728.0,0.589,-0.820,-0.757,-296.031,11.500,146.719,257.9,1,0.7441,0.2150,-0.6228,-0.1104,294.8,-61.6,0.0
1352692,2026-08-30_09-31-36.694-240,v3.6.25,3.45,12.0,400,-2221,-6853,2405,-2416,-7045,1729,-2232,-6883,2473,-2087,-7149,2129,0,0,0,145,-266,-344,458.4,3015.7,0.596,-1.227,-0.570,-167.547,-16.766,12.172,422.1,1,0.7430,0.2166,-0.6181,-0.1382,292.7,-59.2,0.0
1352736,2026-08-30_09-31-36.738-240,v3.6.25,3.45,12.0,400,-1965,-7101,1925,-2416,-7045,1729,-1974,-7125,1999,-2087,-7149,2129,0,0,0,-113,-24,130,173.9,1144.2,0.773,-1.245,-0.257,-24.828,-50.547,-108.656,183.4,1,0.7327,0.2334,-0.6238,-0.1401,290.2,-58.1,0.0
1352764,2026-08-30_09-31-36.766-240,v3.6.25,3.45,12.0,400,-1424,-7318,1563,-1807,-7299,1408,-1431,-7342,1641,-1528,-7403,1712,0,0,0,-97,-61,71,134.8,886.8,1.199,-0.743,-0.120,70.031,-60.906,-150.781,150.6,1,0.7189,0.2538,-0.6348,-0.1254,287.9,-58.1,0.0
1352798,2026-08-30_09-31-36.800-240,v3.6.25,3.45,12.0,400,-1424,-7318,1563,-1807,-7299,1408,-1431,-7342,1641,-1528,-7403,1712,0,0,0,-97,-61,71,134.8,886.8,1.199,0.091,-0.190,136.859,-58.984,-146.906,150.6,1,0.7046,0.2712,-0.6480,-0.0998,285.9,-59.2,0.0
1352825,2026-08-30_09-31-36.826-240,v3.6.25,3.45,12.0,400,-1095,-7441,1221,-1345,-7438,1188,-1100,-7463,1303,-1101,-7542,1418,0,0,0,-1,-79,115,139.5,917.9,1.092,0.349,-0.323,160.797,-48.188,-127.500,154.5,1,0.6914,0.2844,-0.6603,-0.0705,284.0,-60.8,0.0
1352854,2026-08-30_09-31-36.857-240,v3.6.25,3.45,12.0,400,-1095,-7441,1221,-1345,-7438,1188,-1100,-7463,1303,-1101,-7542,1418,0,0,0,-1,-79,115,139.5,917.9,0.939,0.202,-0.552,195.516,-37.953,-125.453,154.5,1,0.6779,0.2955,-0.6722,-0.0347,281.9,-63.0,0.0
1352901,2026-08-30_09-31-36.903-240,v3.6.25,3.45,12.0,400,-1131,-7462,1169,-1382,-7425,986,-1136,-7482,1252,-1173,-7532,1227,0,0,0,-37,-50,-25,67.0,441.0,1.063,0.122,-0.840,251.141,-12.656,-146.797,93.7,1,0.6637,0.3071,-0.6820,0.0124,279.8,-65.9,0.0
1352931,2026-08-30_09-31-36.933-240,v3.6.25,3.45,12.0,400,-1408,-7373,1365,-1729,-7344,1246,-1414,-7394,1445,-1477,-7450,1541,0,0,0,-63,-56,96,127.8,840.5,0.860,0.180,-0.914,276.109,4.875,-158.672,144.7,1,0.6484,0.3185,-0.6885,0.0650,277.0,-69.1,0.0
1352971,2026-08-30_09-31-36.972-240,v3.6.25,3.45,12.0,400,-1667,-7190,1909,-1729,-7344,1246,-1675,-7218,1984,-1477,-7450,1541,0,0,0,198,-232,-443,537.8,3538.5,0.488,0.501,-1.162,281.234,25.766,-153.047,488.8,1,0.6332,0.3276,-0.6911,0.1187,273.1,-72.4,0.0
1353008,2026-08-30_09-31-36.009-240,v3.6.25,3.45,12.0,400,-1667,-7190,1909,-2069,-7104,1905,-1675,-7218,1984,-1708,-7204,2242,0,0,0,-33,14,258,260.5,1713.7,0.458,1.120,-1.005,224.141,30.516,-74.438,256.1,1,0.6233,0.3270,-0.6924,0.1586,267.9,-75.2,0.0
1353035,2026-08-30_09-31-36.038-240,v3.6.25,3.45,12.0,400,-1815,-6912,2624,-2069,-7104,1905,-1825,-6952,2691,-1708,-7204,2242,0,0,0,117,-252,-449,528.0,3473.7,0.596,1.152,-0.752,154.812,30.141,19.344,480.6,1,0.6196,0.3150,-0.6952,0.1833,260.9,-77.7,0.0
1353090,2026-08-30_09-31-36.091-240,v3.6.25,3.45,12.0,400,-2240,-6583,3022,-2420,-6789,2561,-2253,-6625,3083,-1953,-6883,2942,0,0,0,300,-258,-141,420.1,2763.5,0.634,0.421,-0.757,42.234,13.625,141.828,390.0,1,0.6236,0.2897,-0.7024,0.1838,253.0,-79.3,0.0
1353204,2026-08-30_09-31-37.205-240,v3.6.25,3.45,12.0,400,-3817,-6003,2683,-4080,-6004,2211,-3837,-6015,2739,-3690,-6116,2884,0,0,0,147,-101,145,229.9,1512.2,0.770,-0.247,-0.808,-44.906,-30.109,60.984,230.4,1,0.6240,0.2825,-0.7077,0.1732,251.4,-78.8,0.0
1353230,2026-08-30_09-31-37.231-240,v3.6.25,3.45,12.0,400,-4116,-5970,2286,-4447,-5904,1729,-4137,-5969,2344,-4143,-6025,2476,0,0,0,-6,-56,132,143.5,944.2,0.776,-0.115,-0.742,-93.016,-32.906,86.578,157.9,1,0.6270,0.2738,-0.7130,0.1534,252.2,-78.0,0.0
1353268,2026-08-30_09-31-37.271-240,v3.6.25,3.45,12.0,400,-4116,-5970,2286,-4447,-5904,1729,-4137,-5969,2344,-4143,-6025,2476,0,0,0,-6,-56,132,143.5,944.2,0.561,-0.168,-0.896,-155.172,-32.078,112.859,157.9,1,0.6331,0.2640,-0.7173,0.1225,255.2,-76.6,0.0
1353326,2026-08-30_09-31-37.328-240,v3.6.25,3.45,12.0,400,-4279,-6139,1553,-4530,-6014,915,-4299,-6121,1617,-4364,-6147,1696,0,0,0,-65,-26,79,105.6,694.4,0.380,-0.130,-0.938,-225.531,-28.797,118.172,126.0,1,0.6415,0.2567,-0.7185,0.0801,260.3,-74.3,0.0
1353583,2026-08-30_09-31-37.584-240,v3.6.25,3.45,12.0,400,-1086,-7485,-1600,-580,-7426,-1557,-1093,-7446,-1499,-810,-7566,-1391,0,0,0,283,-120,108,325.8,2143.5,0.804,-0.099,-0.553,-20.969,40.453,-40.422,310.9,1,0.6462,0.2629,-0.7117,0.0819,264.3,-74.4,0.0
1353616,2026-08-30_09-31-37.618-240,v3.6.25,3.45,12.0,400,-554,-7576,-1373,-580,-7426,-1557,-559,-7550,-1272,-810,-7566,-1391,0,0,0,-251,-16,-119,278.2,1830.5,1.089,-0.010,-0.415,30.844,42.172,-40.438,271.0,1,0.6494,0.2666,-0.7063,0.0917,266.8,-75.1,0.0
1353644,2026-08-30_09-31-37.646-240,v3.6.25,3.45,12.0,400,-469,-7614,-1023,-286,-7518,-1202,-473,-7596,-924,-453,-7651,-1095,0,0,0,20,-55,-171,180.7,1189.1,1.148,-0.064,-0.432,80.703,46.891,-44.812,189.1,1,0.6509,0.2683,-0.7016,0.1100,267.9,-76.5,0.0
1353692,2026-08-30_09-31-37.693-240,v3.6.25,3.45,12.0,400,-469,-7614,-1023,-528,-7558,-763,-473,-7596,-924,-618,-7686,-625,0,0,0,-145,-90,299,344.3,2265.0,1.101,0.060,-0.580,171.359,53.266,-77.656,326.4,1,0.6482,0.2705,-0.6970,0.1445,266.0,-79.0,0.0
1353731,2026-08-30_09-31-37.733-240,v3.6.25,3.45,12.0,400,-756,-7604,-493,-528,-7558,-763,-761,-7594,-397,-618,-7686,-625,0,0,0,143,-92,-228,284.4,1871.2,0.805,0.024,-0.796,229.219,55.594,-108.875,276.1,1,0.6410,0.2741,-0.6913,0.1899,258.4,-82.0,0.0
1353760,2026-08-30_09-31-37.761-240,v3.6.25,3.45,12.0,400,-1254,-7554,241,-1157,-7537,-85,-1259,-7553,330,-1131,-7658,144,0,0,0,128,-105,-186,249.0,1638.2,0.525,0.130,-0.982,252.922,52.641,-117.641,246.4,1,0.6302,0.2775,-0.6848,0.2385,237.0,-84.6,0.0
1353857,2026-08-30_09-31-37.859-240,v3.6.25,3.45,12.0,400,-2246,-7051,1809,-2602,-7025,1435,-2256,-7069,1883,-2325,-7134,1874,0,0,0,-69,-65,-9,95.2,626.5,0.533,0.728,-0.769,170.672,26.875,13.750,117.4,1,0.6235,0.2659,-0.6856,0.2655,202.5,-85.0,0.0
1353906,2026-08-30_09-31-37.908-240,v3.6.25,3.45,12.0,400,-2937,-6704,2083,-2602,-7025,1435,-2951,-6717,2151,-2325,-7134,1874,0,0,0,626,-417,-277,801.6,5273.4,0.525,0.611,-0.676,69.484,-1.188,117.172,710.1,1,0.6212,0.2443,-0.6938,0.2704,181.6,-83.7,0.0
1353956,2026-08-30_09-31-37.958-240,v3.6.25,3.45,12.0,400,-2937,-6704,2083,-3375,-6611,1565,-2951,-6717,2151,-3084,-6725,2133,0,0,0,-133,-8,-18,134.5,884.5,0.498,-0.080,-0.673,-2.797,-32.266,136.609,150.3,1,0.6191,0.2238,-0.7054,0.2627,175.9,-82.3,0.0
1353986,2026-08-30_09-31-37.988-240,v3.6.25,3.45,12.0,400,-3726,-6396,1762,-4150,-6259,1003,-3743,-6391,1828,-3964,-6387,1717,0,0,0,-221,4,-111,247.3,1627.2,0.734,-0.051,-0.482,-21.547,-35.906,83.500,245.0,1,0.6171,0.2129,-0.7136,0.2544,176.1,-81.5,0.0
1354026,2026-08-30_09-31-37.028-240,v3.6.25,3.45,12.0,400,-4219,-6238,1291,-4150,-6259,1003,-4239,-6216,1358,-3964,-6387,1717,0,0,0,275,-171,359,483.5,3180.7,0.839,0.110,-0.976,-69.547,-15.672,58.328,443.2,1,0.6199,0.2073,-0.7175,0.2407,179.7,-81.6,0.0
1354059,2026-08-30_09-31-37.061-240,v3.6.25,3.45,12.0,400,-4219,-6238,1291,-4430,-6156,450,-4239,-6216,1358,-4341,-6294,1225,0,0,0,-102,-78,-133,184.9,1216.3,0.682,-0.369,-0.948,-125.375,1.453,86.812,192.6,1,0.6274,0.1994,-0.7206,0.2175,186.2,-82.3,0.0
1354090,2026-08-30_09-31-37.092-240,v3.6.25,3.45,12.0,400,-4254,-6323,830,-4430,-6156,450,-4273,-6291,901,-4341,-6294,1225,0,0,0,-68,-3,324,331.1,2178.1,0.730,-0.695,-1.044,-130.562,14.797,80.547,315.3,1,0.6363,0.1922,-0.7214,0.1942,194.5,-83.1,0.0
1354141,2026-08-30_09-31-37.143-240,v3.6.25,3.45,12.0,400,-4115,-6483,400,-4284,-6271,-91,-4133,-6444,475,-4286,-6415,672,0,0,0,-153,29,197,251.1,1652.1,1.105,-0.512,-0.836,-101.969,37.094,33.062,248.2,1,0.6460,0.1902,-0.7173,0.1785,204.4,-84.1,0.0
1354169,2026-08-30_09-31-38.171-240,v3.6.25,3.45,12.0,400,-3835,-6667,304,-3999,-6454,-315,-3851,-6631,382,-4036,-6599,405,0,0,0,-185,32,23,189.2,1244.4,1.189,0.249,-0.742,-116.547,50.250,40.469,196.2,1,0.6581,0.1876,-0.7113,0.1601,221.5,-85.1,0.0
1354217,2026-08-30_09-31-38.219-240,v3.6.25,3.45,12.0,400,-3835,-6667,304,-3571,-6701,-309,-3851,-6631,382,-3602,-6842,338,0,0,0,249,-211,-44,329.3,2166.6,0.802,0.857,-0.877,-214.875,60.000,138.266,313.8,1,0.6759,0.1741,-0.7060,0.1203,252.8,-85.0,0.0
1354256,2026-08-30_09-31-38.258-240,v3.6.25,3.45,12.0,400,-3455,-6889,167,-3571,-6701,-309,-3469,-6855,248,-3602,-6842,338,0,0,0,-133,13,90,161.1,1060.0,0.221,0.408,-1.152,-263.266,49.219,178.844,172.7,1,0.6920,0.1558,-0.7014,0.0705,273.0,-83.0,0.0
1354285,2026-08-30_09-31-38.287-240,v3.6.25,3.45,12.0,400,-2965,-7125,-283,-3065,-6953,-634,-2977,-7089,-195,-3147,-7095,-65,0,0,0,-170,-6,130,214.1,1408.5,0.059,0.013,-1.167,-258.797,33.375,154.281,217.1,1,0.7036,0.1411,-0.6961,0.0222,280.3,-80.3,0.0
1354321,2026-08-30_09-31-38.324-240,v3.6.25,3.45,12.0,400,-2965,-7125,-283,-3065,-6953,-634,-2977,-7089,-195,-3147,-7095,-65,0,0,0,-170,-6,130,214.1,1408.5,0.220,-0.411,-0.730,-230.359,14.594,107.844,217.1,1,0.7101,0.1322,-0.6913,-0.0195,281.7,-77.6,0.0
1354350,2026-08-30_09-31-38.351-240,v3.6.25,3.45,12.0,400,-2313,-7354,-736,-2283,-7217,-1062,-2322,-7318,-642,-2433,-7360,-616,0,0,0,-111,-42,26,121.5,799.3,0.329,-1.051,-0.655,-158.891,-1.062,25.000,139.4,1,0.7115,0.1338,-0.6882,-0.0459,281.0,-75.3,0.0
1354378,2026-08-30_09-31-38.380-240,v3.6.25,3.45,12.0,400,-2313,-7354,-736,-2283,-7217,-1062,-2322,-7318,-642,-2433,-7360,-616,0,0,0,-111,-42,26,121.5,799.3,0.498,-1.285,-0.511,-58.938,-17.938,-67.578,139.4,1,0.7080,0.1467,-0.6889,-0.0522,279.4,-73.8,0.0
1354426,2026-08-30_09-31-38.427-240,v3.6.25,3.46,12.0,400,-1655,-7473,-1055,-1500,-7371,-1250,-1662,-7439,-958,-1679,-7512,-934,0,0,0,-17,-73,24,78.7,517.8,0.860,-0.633,-0.222,85.062,-31.156,-164.219,103.5,1,0.6993,0.1694,-0.6938,-0.0307,277.3,-73.7,0.0
1354468,2026-08-30_09-31-38.470-240,v3.6.25,3.46,12.0,400,-1385,-7500,-1151,-1193,-7416,-1327,-1392,-7467,-1053,-1384,-7556,-1061,0,0,0,8,-89,-8,89.7,590.2,1.204,0.186,-0.437,141.141,-13.656,-162.266,112.7,1,0.6916,0.1894,-0.6970,0.0003,276.1,-74.6,0.0
1354495,2026-08-30_09-31-38.498-240,v3.6.25,3.46,12.0,400,-1510,-7485,-1034,-1193,-7416,-1327,-1517,-7453,-937,-1384,-7556,-1061,0,0,0,133,-103,-124,209.0,1374.9,1.158,0.330,-0.506,151.516,1.391,-150.625,212.8,1,0.6849,0.2067,-0.6979,0.0330,275.6,-75.8,0.0
1354530,2026-08-30_09-31-38.531-240,v3.6.25,3.46,12.0,400,-1510,-7485,-1034,-1411,-7377,-1200,-1517,-7453,-937,-1581,-7517,-900,0,0,0,-64,-64,37,97.8,643.3,0.825,0.535,-0.752,160.219,16.688,-131.125,119.5,1,0.6796,0.2199,-0.6967,0.0664,275.4,-77.5,0.0
1354560,2026-08-30_09-31-38.562-240,v3.6.25,3.46,12.0,400,-1793,-7450,-640,-1815,-7345,-738,-1801,-7423,-546,-1906,-7480,-380,0,0,0,-105,-57,166,204.5,1345.6,0.785,0.549,-0.871,147.672,26.141,-98.188,209.1,1,0.6759,0.2278,-0.6943,0.0964,275.3,-79.2,0.0
1354609,2026-08-30_09-31-38.610-240,v3.6.25,3.46,12.0,400,-2109,-7389,-95,-1815,-7345,-738,-2117,-7369,-5,-1906,-7480,-380,0,0,0,211,-111,-375,444.4,2923.5,0.760,-0.048,-0.908,172.953,34.750,-111.750,410.4,1,0.6708,0.2363,-0.6905,0.1322,274.4,-81.4,0.0
1354637,2026-08-30_09-31-38.639-240,v3.6.25,3.46,12.0,400,-2109,-7389,-95,-2229,-7259,-139,-2117,-7369,-5,-2218,-7388,275,0,0,0,-101,-19,280,298.3,1962.3,0.860,0.040,-1.024,198.234,41.266,-143.078,287.8,1,0.6636,0.2482,-0.6841,0.1736,272.0,-83.7,0.0
1354665,2026-08-30_09-31-38.666-240,v3.6.25,3.46,12.0,400,-2375,-7262,621,-2229,-7259,-139,-2384,-7254,704,-2218,-7388,275,0,0,0,166,-134,-429,479.1,3152.1,0.889,0.270,-1.079,201.062,49.328,-145.562,439.5,1,0.6561,0.2595,-0.6751,0.2153,266.4,-86.1,0.0
1354780,2026-08-30_09-31-38.781-240,v3.6.25,3.46,12.0,400,-2600,-6845,2152,-2842,-6898,1624,-2612,-6865,2221,-2535,-7007,2100,0,0,0,77,-142,-121,201.8,1327.8,0.493,0.009,-0.532,28.516,27.797,61.297,206.8,1,0.6592,0.2465,-0.6757,0.2194,257.8,-87.4,0.0
1354807,2026-08-30_09-31-38.808-240,v3.6.25,3.46,12.0,400,-2960,-6614,2370,-3275,-6597,1883,-2974,-6633,2435,-2929,-6706,2426,0,0,0,45,-73,-9,86.2,567.3,0.509,-0.177,-0.508,33.594,17.938,17.547,109.8,1,0.6597,0.2405,-0.6752,0.2258,242.8,-88.3,0.0
1354851,2026-08-30_09-31-38.853-240,v3.6.25,3.46,12.0,400,-2960,-6614,2370,-3497,-6454,2006,-2974,-6633,2435,-3133,-6563,2584,0,0,0,-159,70,149,228.9,1505.7,0.637,0.237,-0.619,22.500,10.656,-31.578,229.5,1,0.6596,0.2434,-0.6722,0.2319,242.0,-88.6,0.0
1354902,2026-08-30_09-31-38.904-240,v3.6.25,3.46,12.0,400,-3130,-6472,2532,-3497,-6454,2006,-3145,-6492,2594,-3133,-6563,2584,0,0,0,12,-71,-10,72.7,478.3,1.048,0.586,-0.735,-96.359,20.703,74.109,98.5,1,0.6689,0.2346,-0.6719,0.2147,280.2,-88.4,0.0
1354930,2026-08-30_09-31-38.931-240,v3.6.25,3.46,12.0,400,-3012,-6512,2518,-3458,-6483,2087,-3027,-6533,2581,-3079,-6591,2657,0,0,0,-52,-58,76,108.8,716.0,1.103,0.126,-0.780,-154.688,33.641,141.031,128.8,1,0.6833,0.2166,-0.6720,0.1860,306.7,-87.4,0.0
1354962,2026-08-30_09-31-38.964-240,v3.6.25,3.46,12.0,400,-3188,-6547,2267,-3458,-6483,2087,-3203,-6560,2332,-3079,-6591,2657,0,0,0,124,-31,325,349.2,2297.6,1.162,-0.364,-0.838,-166.312,48.781,146.312,330.5,1,0.6988,0.1972,-0.6697,0.1557,319.5,-85.9,0.0
1355006,2026-08-30_09-31-38.008-240,v3.6.25,3.46,12.0,400,-3188,-6547,2267,-3588,-6489,1702,-3203,-6560,2332,-3276,-6603,2303,0,0,0,-73,-43,-29,89.5,589.1,0.815,0.037,-0.918,-152.797,56.797,105.938,112.6,1,0.7130,0.1832,-0.6643,0.1293,324.8,-84.1,0.0
1355036,2026-08-30_09-31-38.038-240,v3.6.25,3.46,12.0,400,-3318,-6575,2008,-3628,-6527,1477,-3333,-6581,2075,-3354,-6644,2091,0,0,0,-21,-63,16,68.3,449.4,0.755,0.660,-0.872,-194.812,51.328,142.188,94.8,1,0.7277,0.1655,-0.6592,0.0928,323.8,-81.9,0.0
1355076,2026-08-30_09-31-38.078-240,v3.6.25,3.46,12.0,400,-3297,-6673,1731,-3628,-6527,1477,-3312,-6674,1801,-3354,-6644,2091,0,0,0,-42,30,290,294.6,1937.9,0.417,0.261,-0.899,-250.297,43.500,194.344,284.7,1,0.7415,0.1406,-0.6544,0.0456,320.1,-79.5,0.0
1355124,2026-08-30_09-31-38.125-240,v3.6.25,3.46,12.0,400,-3271,-6835,1090,-3553,-6659,1004,-3285,-6823,1165,-3358,-6781,1616,0,0,0,-73,42,451,458.8,3018.4,0.330,-0.375,-0.812,-253.797,31.375,189.516,422.5,1,0.7518,0.1161,-0.6491,-0.0019,315.7,-77.3,0.0
1355162,2026-08-30_09-31-39.163-240,v3.6.25,3.46,12.0,400,-3271,-6835,1090,-3336,-6837,284,-3285,-6823,1165,-3262,-6968,877,0,0,0,23,-145,-288,323.3,2126.7,0.422,-0.696,-0.628,-219.016,23.828,151.172,308.7,1,0.7585,0.0965,-0.6431,-0.0424,311.9,-75.3,0.0
1355196,2026-08-30_09-31-39.198-240,v3.6.25,3.46,12.0,400,-3074,-7031,473,-3336,-6837,284,-3086,-7010,554,-3262,-6968,877,0,0,0,-176,42,323,370.2,2435.7,0.546,-1.271,-0.470,-144.359,17.219,79.531,348.2,1,0.7619,0.0866,-0.6383,-0.0681,309.4,-73.9,0.0
1355224,2026-08-30_09-31-39.226-240,v3.6.25,3.46,12.0,400,-2781,-7188,183,-2933,-7036,-209,-2792,-7165,268,-2939,-7171,327,0,0,0,-147,-6,59,158.5,1042.8,0.788,-1.349,-0.294,-47.375,9.844,-5.625,170.5,1,0.7628,0.0882,-0.6361,-0.0747,308.4,-73.2,0.0
1355267,2026-08-30_09-31-39.269-240,v3.6.25,3.46,12.0,400,-2781,-7188,183,-2655,-7141,-201,-2792,-7165,268,-2658,-7274,287,0,0,0,134,-109,19,173.8,1143.3,1.365,-0.826,0.026,43.484,10.516,-44.969,183.3,1,0.7636,0.0941,-0.6355,-0.0649,310.0,-73.4,0.0
1355310,2026-08-30_09-31-39.313-240,v3.6.25,3.46,12.0,400,-2618,-7225,246,-2655,-7141,-201,-2628,-7205,331,-2658,-7274,287,0,0,0,-30,-69,-44,87.2,573.4,1.609,-0.724,-0.108,116.984,26.812,-77.109,110.6,1,0.7653,0.1033,-0.6340,-0.0412,314.8,-74.1,0.0
1355341,2026-08-30_09-31-39.343-240,v3.6.25,3.46,12.0,400,-2718,-7143,684,-2735,-7104,152,-2729,-7131,765,-2678,-7232,645,0,0,0,51,-101,-120,164.9,1085.1,1.483,-0.676,-0.304,176.875,43.953,-127.828,175.9,1,0.7669,0.1195,-0.6305,-0.0054,322.2,-75.0,0.0
1355540,2026-08-30_09-31-39.541-240,v3.6.25,3.46,12.0,400,-1493,-6126,4200,-2430,-6414,3534,-1507,-6201,4249,-1802,-6496,3892,0,0,0,-295,-295,-357,549.1,3612.4,0.853,0.192,-0.383,182.844,15.391,-76.141,498.3,1,0.7655,0.1267,-0.6302,0.0290,330.5,-76.4,0.0
1355583,2026-08-30_09-31-39.584-240,v3.6.25,3.46,12.0,400,-1493,-6126,4200,-2209,-6124,4110,-1507,-6201,4249,-1488,-6199,4416,0,0,0,19,2,167,168.1,1105.9,0.954,0.341,-0.265,160.359,9.312,-57.422,178.5,1,0.7632,0.1316,-0.6299,0.0587,339.1,-77.7,0.0
1355609,2026-08-30_09-31-39.612-240,v3.6.25,3.46,12.0,400,-1386,-5897,4585,-2152,-5887,4471,-1402,-5980,4629,-1373,-5958,4758,0,0,0,29,22,129,134.0,881.8,0.945,0.366,-0.376,126.500,3.453,-21.812,149.9,1,0.7610,0.1313,-0.6301,0.0814,347.8,-78.6,0.0
1355658,2026-08-30_09-31-39.660-240,v3.6.25,3.46,12.0,400,-1419,-5690,4758,-2152,-5887,4471,-1436,-5776,4799,-1373,-5958,4758,0,0,0,63,-182,-41,196.9,1295.5,0.748,0.282,-0.342,57.219,-14.094,46.812,202.7,1,0.7591,0.1216,-0.6331,0.0899,354.5,-79.5,0.0
1355691,2026-08-30_09-31-39.693-240,v3.6.25,3.46,12.0,400,-1419,-5690,4758,-2388,-5721,4507,-1436,-5776,4799,-1606,-5793,4834,0,0,0,-170,-17,35,174.4,1147.3,0.878,0.398,-0.236,8.219,-18.797,68.328,183.8,1,0.7580,0.1100,-0.6367,0.0893,358.5,-80.0,0.0
1355721,2026-08-30_09-31-39.723-240,v3.6.25,3.46,12.0,400,-1813,-5637,4704,-2388,-5721,4507,-1831,-5716,4744,-1606,-5793,4834,0,0,0,225,-77,90,254.3,1672.8,1.002,0.509,-0.302,-37.766,-13.516,72.281,250.8,1,0.7583,0.0989,-0.6392,0.0808,358.7,-80.2,0.0
1355751,2026-08-30_09-31-39.753-240,v3.6.25,3.46,12.0,400,-2259,-5650,4504,-2869,-5679,4255,-2278,-5719,4546,-2132,-5758,4670,0,0,0,146,-39,124,195.5,1286.1,1.109,0.460,-0.414,-95.359,1.562,94.875,201.5,1,0.7615,0.0854,-0.6395,0.0621,355.2,-79.9,0.0
1355796,2026-08-30_09-31-39.798-240,v3.6.25,3.46,12.0,400,-2259,-5650,4504,-3289,-5695,3874,-2278,-5719,4546,-2618,-5781,4371,0,0,0,-340,-62,-175,387.4,2548.6,1.302,-0.136,-0.667,-172.234,31.328,154.656,362.6,1,0.7689,0.0631,-0.6356,0.0293,349.5,-78.8,0.0
1355835,2026-08-30_09-31-39.836-240,v3.6.25,3.46,12.0,400,-2715,-5677,4192,-3289,-5695,3874,-2735,-5734,4236,-2618,-5781,4371,0,0,0,117,-47,135,184.7,1215.3,1.258,-0.412,-0.703,-179.688,52.234,151.734,192.5,1,0.7771,0.0410,-0.6280,-0.0044,344.6,-77.3,0.0
1355863,2026-08-30_09-31-39.865-240,v3.6.25,3.46,12.0,400,-3285,-5643,3844,-3828,-5650,3359,-3306,-5685,3889,-3247,-5746,3960,0,0,0,59,-61,71,110.6,727.9,0.963,-0.200,-0.571,-177.844,57.953,132.359,130.3,1,0.7846,0.0221,-0.6185,-0.0372,339.7,-75.7,0.0
1355911,2026-08-30_09-31-39.912-240,v3.6.25,3.46,12.0,400,-3620,-5651,3482,-4184,-5645,2925,-3642,-5681,3529,-3678,-5749,3598,0,0,0,-36,-68,69,103.3,679.9,0.771,0.379,-0.689,-216.406,52.156,139.297,124.2,1,0.7894,0.0035,-0.6089,-0.0777,332.7,-73.9,0.0
1355954,2026-08-30_09-31-39.956-240,v3.6.25,3.46,12.0,400,-3620,-5651,3482,-4184,-5645,2925,-3642,-5681,3529,-3678,-5749,3598,0,0,0,-36,-68,69,103.3,679.9,0.443,0.037,-0.767,-272.156,35.328,182.484,124.2,1,0.7899,-0.0216,-0.5994,-0.1279,324.7,-72.3,0.0
1355983,2026-08-30_09-31-39.985-240,v3.6.25,3.46,12.0,400,-3910,-5847,2832,-4369,-5805,2167,-3931,-5860,2885,-3991,-5920,2890,0,0,0,-60,-60,5,85.0,559.2,0.404,-0.321,-0.705,-278.406,28.531,178.625,108.8,1,0.7870,-0.0463,-0.5888,-0.1784,317.0,-70.6,0.0
1356070,2026-08-30_09-31-39.071-240,v3.6.25,3.46,12.0,400,-3926,-6457,1287,-4372,-6125,1141,-3943,-6440,1357,-4165,-6253,1890,0,0,0,-222,187,533,606.9,3992.8,0.750,-1.646,-0.029,-94.188,22.672,6.438,546.8,1,0.7866,-0.0456,-0.5844,-0.1938,313.9,-69.6,0.0
1356110,2026-08-30_09-31-39.112-240,v3.6.25,3.46,12.0,400,-3926,-6457,1287,-4023,-6426,630,-3943,-6440,1357,-3898,-6558,1332,0,0,0,45,-118,-25,128.7,847.0,1.323,-1.241,0.238,5.266,22.719,-48.578,145.5,1,0.7891,-0.0374,-0.5826,-0.1912,313.8,-69.0,0.0
1356139,2026-08-30_09-31-39.140-240,v3.6.25,3.46,12.0,400,-3648,-6617,1328,-3769,-6546,912,-3664,-6605,1399,-3592,-6672,1563,0,0,0,72,-67,164,191.2,1258.1,1.409,-1.148,0.098,77.516,34.672,-88.406,197.9,1,0.7943,-0.0234,-0.5810,-0.1756,316.3,-68.6,0.0
1356186,2026-08-30_09-31-40.187-240,v3.6.25,3.46,12.0,400,-3463,-6570,1902,-3769,-6546,912,-3479,-6572,1969,-3592,-6672,1563,0,0,0,-113,-100,-406,433.1,2849.6,1.333,-0.636,-0.144,182.672,53.219,-160.344,401.0,1,0.8028,0.0015,-0.5795,-0.1407,321.8,-68.4,0.0
1356373,2026-08-30_09-31-40.374-240,v3.6.25,3.46,12.0,400,-1930,-5432,4987,-2406,-5197,5213,-1950,-5515,5023,-1513,-5263,5525,0,0,0,437,252,502,711.7,4682.1,0.728,0.169,-0.387,183.484,17.359,-75.516,634.7,1,0.8075,0.0111,-0.5799,-0.1073,328.6,-69.1,0.0
1356419,2026-08-30_09-31-40.420-240,v3.6.25,3.46,12.0,400,-1432,-5042,5499,-2406,-5197,5213,-1454,-5140,5528,-1513,-5263,5525,0,0,0,-59,-123,-3,136.5,897.7,1.032,-0.131,-0.260,189.609,-2.734,-70.141,152.0,1,0.8094,0.0193,-0.5824,-0.0725,335.8,-70.1,0.0
1356450,2026-08-30_09-31-40.452-240,v3.6.25,3.46,12.0,400,-1095,-4820,5767,-2067,-4916,5588,-1118,-4928,5792,-1115,-4976,5833,0,0,0,3,-48,41,63.2,415.8,0.992,-0.192,-0.278,204.578,-2.797,-91.672,90.5,1,0.8100,0.0310,-0.5845,-0.0346,343.6,-70.9,0.0
1356479,2026-08-30_09-31-40.480-240,v3.6.25,3.46,12.0,400,-1095,-4820,5767,-2067,-4916,5588,-1118,-4928,5792,-1115,-4976,5833,0,0,0,3,-48,41,63.2,415.8,1.029,-0.009,-0.148,220.344,6.641,-131.625,90.5,1,0.8100,0.0497,-0.5844,0.0067,351.5,-71.3,0.0
1356507,2026-08-30_09-31-40.509-240,v3.6.25,3.46,12.0,400,-581,-4652,5973,-1577,-4763,5920,-604,-4770,5995,-570,-4817,6072,0,0,0,34,-47,77,96.4,634.2,0.987,0.362,-0.180,213.328,18.531,-149.297,118.4,1,0.8093,0.0718,-0.5811,0.0468,358.6,-71.3,0.0
1356597,2026-08-30_09-31-40.598-240,v3.6.25,3.46,12.0,400,1007,-4219,6210,-607,-4554,6243,983,-4360,6227,451,-4600,6221,0,0,0,-532,-240,-6,583.7,3839.9,1.008,1.205,-0.023,-5.781,39.953,-0.531,527.3,1,0.8137,0.0722,-0.5749,0.0466,358.8,-70.4,0.0
1356636,2026-08-30_09-31-40.638-240,v3.6.25,3.46,12.0,400,1007,-4219,6210,-36,-4279,6485,983,-4360,6227,1058,-4321,6359,0,0,0,75,39,132,156.7,1031.2,0.902,1.175,-0.175,-116.938,29.250,69.516,169.0,1,0.8187,0.0624,-0.5703,0.0257,355.2,-69.6,0.0
1356663,2026-08-30_09-31-40.665-240,v3.6.25,3.46,12.0,400,975,-3958,6425,-329,-4024,6603,949,-4102,6438,780,-4067,6524,0,0,0,-169,35,86,192.8,1268.6,0.827,0.946,-0.327,-184.812,20.547,108.516,199.3,1,0.8228,0.0468,-0.5663,-0.0076,349.6,-68.6,0.0
1356715,2026-08-30_09-31-40.716-240,v3.6.25,3.46,12.0,400,325,-3867,6528,-329,-4024,6603,297,-4005,6539,780,-4067,6524,0,0,0,483,-62,-15,487.2,3205.2,0.870,0.554,-0.446,-258.656,5.078,125.312,446.3,1,0.8243,0.0292,-0.5628,-0.0541,341.3,-67.6,0.0
1357013,2026-08-30_09-31-40.014-240,v3.6.25,3.46,12.0,400,-5474,-5164,1399,-5603,-5014,524,-5504,-5123,1453,-5525,-5164,1497,0,0,0,-21,-41,44,63.7,419.1,1.016,-1.527,0.461,63.953,-21.875,-9.969,90.9,1,0.8226,0.0291,-0.5663,-0.0421,343.9,-68.3,0.0
1357066,2026-08-30_09-31-40.068-240,v3.6.25,3.46,12.0,400,-5619,-4894,1751,-5603,-5014,524,-5651,-4858,1800,-5525,-5164,1497,0,0,0,126,-306,-303,448.7,2951.9,1.133,-1.121,0.276,164.531,-11.094,-52.062,414.0,1,0.8216,0.0350,-0.5689,-0.0120,350.4,-69.1,0.0
1357111,2026-08-30_09-31-40.113-240,v3.6.25,3.46,12.0,400,-5619,-4894,1751,-5829,-4674,924,-5651,-4858,1800,-5689,-4821,1926,0,0,0,-38,37,126,136.7,899.4,1.038,-1.545,0.000,241.156,-2.016,-95.766,152.2,1,0.8197,0.0473,-0.5699,0.0322,359.8,-69.6,0.0
1357471,2026-08-30_09-31-41.472-240,v3.6.25,3.46,12.0,400,1694,-1897,7202,383,-2019,7503,1654,-2058,7188,1607,-2059,7278,0,0,0,-47,-1,90,101.5,668.0,0.972,1.234,0.143,-158.672,-34.516,76.922,122.7,1,0.8180,0.0370,-0.5741,0.0035,353.9,-70.0,0.0
1357501,2026-08-30_09-31-41.503-240,v3.6.25,3.46,12.0,400,1400,-2088,7220,245,-2175,7437,1361,-2246,7208,1461,-2215,7237,0,0,0,100,31,29,108.6,714.7,1.042,0.923,-0.085,-230.016,-40.641,117.734,128.6,1,0.8149,0.0206,-0.5780,-0.0382,345.3,-70.1,0.0
1357530,2026-08-30_09-31-41.531-240,v3.6.25,3.46,12.0,400,1400,-2088,7220,245,-2175,7437,1361,-2246,7208,1461,-2215,7237,0,0,0,100,31,29,108.6,714.7,1.004,0.563,-0.292,-279.125,-42.453,130.453,128.6,1,0.8095,0.0028,-0.5804,-0.0885,334.7,-69.9,0.0
1357883,2026-08-30_09-31-41.884-240,v3.6.25,3.46,12.0,400,-6068,-4136,2058,-6201,-4127,997,-6106,-4097,2097,-6060,-4278,2060,0,0,0,46,-181,-37,190.4,1252.5,1.070,-1.361,0.211,224.547,5.156,-103.312,197.2,1,0.8117,0.0161,-0.5820,-0.0470,343.4,-70.6,0.0
1358351,2026-08-30_09-31-42.352-240,v3.6.25,3.46,12.0,400,3140,27,7033,1617,-69,7623,3088,-140,7000,2823,-114,7181,0,0,0,-265,26,181,322.0,2118.2,0.844,1.348,0.355,-79.250,-5.391,32.547,307.7,1,0.8111,0.0124,-0.5816,-0.0610,340.3,-70.4,0.0
1358377,2026-08-30_09-31-42.378-240,v3.6.25,3.46,12.0,400,3011,32,7113,1947,-99,7569,2959,-135,7079,3145,-143,7071,0,0,0,186,-8,-8,186.3,1225.9,0.872,1.042,0.289,-137.469,-2.438,55.406,193.8,1,0.8102,0.0057,-0.5799,-0.0854,335.1,-69.8,0.0
1358426,2026-08-30_09-31-42.427-240,v3.6.25,3.46,12.0,400,3011,32,7113,1281,-51,7722,2959,-135,7079,2504,-96,7335,0,0,0,-455,39,256,523.5,3444.3,1.140,1.238,0.340,-216.812,10.812,61.984,476.8,1,0.8088,-0.0007,-0.5749,-0.1235,327.2,-68.5,0.0
1358471,2026-08-30_09-31-42.473-240,v3.6.25,3.46,12.0,400,2284,119,7414,1281,-51,7722,2230,-45,7377,2504,-96,7335,0,0,0,274,-51,-42,281.9,1854.3,0.963,0.931,0.128,-298.672,29.719,101.891,274.0,1,0.8064,-0.0121,-0.5644,-0.1761,318.1,-66.1,0.0
1358531,2026-08-30_09-31-42.533-240,v3.6.25,3.46,12.0,400,1099,275,7655,108,133,7808,1042,121,7614,1341,81,7620,0,0,0,299,-40,6,301.7,1985.0,0.367,0.449,-0.253,-345.094,36.156,149.844,290.7,1,0.8009,-0.0305,-0.5492,-0.2366,309.5,-63.4,0.0
1358586,2026-08-30_09-31-42.588-240,v3.6.25,3.46,12.0,400,-517,329,7657,-1637,271,7532,-576,196,7615,-454,206,7649,0,0,0,122,10,34,127.0,835.8,-0.017,-0.594,-0.067,-375.438,31.328,260.375,144.1,1,0.7915,-0.0687,-0.5271,-0.3016,302.9,-61.1,0.0
1358815,2026-08-30_09-31-42.816-240,v3.6.25,3.46,12.0,400,-7050,-550,2729,-7260,-476,1674,-7116,-497,2724,-7077,-646,2898,0,0,0,39,-149,174,232.4,1528.8,0.584,-1.250,0.756,102.891,-31.469,-3.312,232.5,1,0.7942,-0.0714,-0.5327,-0.2835,306.0,-62.4,0.0
1358846,2026-08-30_09-31-42.847-240,v3.6.25,3.46,12.0,400,-7050,-550,2729,-7342,-165,1632,-7116,-497,2724,-7173,-338,2870,0,0,0,-57,159,146,223.3,1468.8,0.636,-1.189,0.664,155.375,-35.984,-29.047,224.8,1,0.7983,-0.0705,-0.5405,-0.2561,310.5,-64.0,0.0
1358876,2026-08-30_09-31-42.878-240,v3.6.25,3.46,12.0,400,-6961,-116,3104,-7342,-165,1632,-7030,-70,3092,-7173,-338,2870,0,0,0,-143,-268,-222,376.2,2475.3,0.641,-1.389,0.596,197.984,-31.172,-51.641,353.2,1,0.8036,-0.0662,-0.5487,-0.2210,316.7,-65.6,0.0
1359056,2026-08-30_09-31-42.057-240,v3.6.25,3.46,12.0,400,-3103,1783,6981,-4594,1794,6194,-3177,1704,6926,-3675,1686,6849,0,0,0,-498,-18,-77,504.2,3317.4,-0.068,0.607,-0.041,357.984,0.531,-277.812,460.6,1,0.8125,-0.0228,-0.5612,-0.1562,324.6,-66.8,0.0
1359228,2026-08-30_09-31-43.229-240,v3.6.25,3.46,12.0,400,3727,2129,6521,2596,2020,7110,3660,1974,6468,3672,1958,6509,0,0,0,12,-16,41,45.6,300.1,0.768,1.578,0.586,-154.109,1.062,100.234,75.7,1,0.8096,-0.0372,-0.5563,-0.1836,320.8,-66.1,0.0
1359264,2026-08-30_09-31-43.265-240,v3.6.25,3.46,12.0,400,3727,2129,6521,2457,2019,7243,3660,1974,6468,3556,1958,6663,0,0,0,-104,-16,195,221.6,1457.8,0.656,1.247,0.419,-253.531,14.797,183.219,223.4,1,0.8042,-0.0639,-0.5448,-0.2287,315.3,-64.9,0.0
1359633,2026-08-30_09-31-43.634-240,v3.6.25,3.46,12.0,400,-6976,1127,2672,-7216,1376,1441,-7054,1187,2649,-7111,1190,2660,0,0,0,-57,3,11,58.1,382.4,0.375,-1.256,0.894,119.359,-5.016,-26.859,86.2,1,0.8085,-0.0614,-0.5473,-0.2075,319.6,-65.6,0.0
1359661,2026-08-30_09-31-43.663-240,v3.6.25,3.46,12.0,400,-6922,1389,2815,-7177,1667,1636,-7002,1446,2788,-7044,1482,2844,0,0,0,-42,36,56,78.7,517.9,0.407,-1.001,0.848,161.109,-5.109,-36.766,103.5,1,0.8137,-0.0577,-0.5500,-0.1789,325.5,-66.3,0.0
1359694,2026-08-30_09-31-43.696-240,v3.6.25,3.46,12.0,400,-6548,1968,3422,-7177,1667,1636,-6631,2010,3385,-7044,1482,2844,0,0,0,-413,-528,-541,861.4,5667.2,0.539,-0.980,0.849,203.938,0.188,-46.281,760.4,1,0.8199,-0.0526,-0.5520,-0.1427,333.3,-66.9,0.0
1359742,2026-08-30_09-31-43.744-240,v3.6.25,3.46,12.0,400,-6548,1968,3422,-6816,2320,2418,-6631,2010,3385,-6561,2144,3544,0,0,0,70,134,159,219.4,1443.4,0.293,-1.161,0.534,299.938,8.578,-143.453,221.6,1,0.8269,-0.0317,-0.5545,-0.0886,343.2,-67.3,0.0
1360055,2026-08-30_09-31-43.056-240,v3.6.25,3.46,12.0,400,1624,4231,6333,979,4151,6602,1538,4117,6258,1923,4060,6288,0,0,0,385,-57,30,390.4,2568.1,0.559,1.590,0.871,-53.703,-3.344,62.125,365.0,1,0.8261,-0.0414,-0.5534,-0.0982,342.5,-67.3,0.0
1360103,2026-08-30_09-31-43.105-240,v3.6.25,3.46,12.0,400,1950,4155,6346,979,4151,6602,1865,4036,6271,1923,4060,6288,0,0,0,58,24,17,65.0,427.8,0.617,1.027,0.663,-199.688,16.250,168.797,92.0,1,0.8239,-0.0675,-0.5465,-0.1343,338.1,-66.7,0.0
1360163,2026-08-30_09-31-44.165-240,v3.6.25,3.46,12.0,400,1069,4182,6528,127,4157,6643,982,4070,6452,1077,4063,6474,0,0,0,95,-7,22,97.8,643.2,0.505,0.419,0.586,-290.500,53.438,194.672,119.5,1,0.8206,-0.0961,-0.5317,-0.1862,330.9,-65.3,0.0
1360396,2026-08-30_09-31-44.397-240,v3.6.25,3.46,12.0,400,-6170,3832,2048,-6218,4178,1196,-6267,3907,2000,-6211,3975,2246,0,0,0,56,68,246,261.3,1719.1,-0.051,-1.210,1.293,67.969,19.078,-47.406,256.7,1,0.8251,-0.0883,-0.5303,-0.1738,332.9,-64.9,0.0
1360422,2026-08-30_09-31-44.423-240,v3.6.25,3.46,12.0,400,-6170,3832,2048,-6272,4160,1053,-6267,3907,2000,-6290,3955,2116,0,0,0,-23,48,116,127.6,839.7,0.224,-0.852,1.150,110.297,18.953,-54.516,144.6,1,0.8307,-0.0795,-0.5289,-0.1542,336.4,-64.6,0.0
1360456,2026-08-30_09-31-44.458-240,v3.6.25,3.46,12.0,400,-6051,3940,2358,-6272,4160,1053,-6149,4008,2307,-6290,3955,2116,0,0,0,-141,-53,-191,243.3,1600.3,0.305,-0.757,1.114,148.172,23.469,-48.453,241.6,1,0.8374,-0.0719,-0.5264,-0.1281,341.4,-64.2,0.0
1360485,2026-08-30_09-31-44.486-240,v3.6.25,3.46,12.0,400,-5613,4354,2770,-6021,4434,1587,-5713,4409,2712,-5952,4236,2594,0,0,0,-239,-173,-118,317.8,2090.6,0.297,-0.733,0.881,185.125,28.594,-58.578,304.1,1,0.8447,-0.0626,-0.5229,-0.0954,347.6,-63.6,0.0
1360525,2026-08-30_09-31-44.527-240,v3.6.25,3.46,12.0,400,-5613,4354,2770,-5396,5044,2226,-5713,4409,2712,-5229,4854,3109,0,0,0,484,445,397,768.0,5052.9,0.156,-0.453,0.728,242.188,36.125,-98.906,682.0,1,0.8524,-0.0463,-0.5182,-0.0526,354.8,-62.7,0.0
1360576,2026-08-30_09-31-44.578-240,v3.6.25,3.46,12.0,400,-4850,4953,3269,-5396,5044,2226,-4953,4990,3202,-5229,4854,3109,0,0,0,-276,-136,-93,321.4,2114.7,0.001,0.305,0.751,268.594,43.406,-132.359,307.2,1,0.8590,-0.0237,-0.5114,-0.0053,1.8,-61.5,0.0
1360632,2026-08-30_09-31-44.634-240,v3.6.25,3.46,12.0,400,-3771,5573,3778,-4361,5723,3035,-3876,5588,3701,-4067,5545,3721,0,0,0,-191,-43,20,196.8,1294.7,-0.199,0.895,0.641,209.312,35.016,-82.031,202.6,1,0.8625,-0.0093,-0.5050,0.0315,7.4,-60.5,0.0
1360751,2026-08-30_09-31-44.753-240,v3.6.25,3.46,12.0,400,-1279,6628,3667,-2169,6661,3538,-1388,6619,3581,-1806,6495,3834,0,0,0,-418,-124,253,504.1,3316.4,-0.226,0.245,1.046,34.250,-16.328,131.797,460.5,1,0.8604,-0.0322,-0.5071,0.0379,11.5,-60.5,0.0
1360791,2026-08-30_09-31-44.793-240,v3.6.25,3.46,12.0,400,-1279,6628,3667,-1695,6902,3423,-1388,6619,3581,-1357,6735,3641,0,0,0,31,116,60,134.2,883.1,-0.319,-0.093,1.084,25.062,-25.984,105.891,150.1,1,0.8573,-0.0506,-0.5105,0.0429,14.8,-60.6,0.0
1360819,2026-08-30_09-31-44.821-240,v3.6.25,3.46,12.0,400,-1008,6721,3617,-1365,6959,3425,-1117,6710,3530,-1027,6793,3586,0,0,0,90,83,56,134.6,885.7,-0.267,-0.162,0.995,34.719,-30.297,58.500,150.4,1,0.8541,-0.0608,-0.5142,0.0497,17.5,-60.7,0.0
1360865,2026-08-30_09-31-44.867-240,v3.6.25,3.46,12.0,400,-734,6718,3691,-1365,6959,3425,-843,6702,3604,-1027,6793,3586,0,0,0,-184,91,-18,206.1,1355.7,-0.131,-0.083,1.080,40.141,-25.891,-1.844,210.4,1,0.8520,-0.0604,-0.5169,0.0576,19.3,-60.9,0.0
1360898,2026-08-30_09-31-44.899-240,v3.6.25,3.46,12.0,400,-734,6718,3691,-1087,6932,3620,-843,6702,3604,-715,6770,3728,0,0,0,128,68,124,190.7,1254.9,0.160,0.137,1.264,37.641,-13.266,-49.016,197.5,1,0.8516,-0.0519,-0.5176,0.0651,19.9,-61.0,0.0
1360926,2026-08-30_09-31-44.928-240,v3.6.25,3.46,12.0,400,-470,6675,3844,-1087,6932,3620,-578,6652,3756,-715,6770,3728,0,0,0,-137,118,-28,183.0,1203.7,0.240,0.164,1.227,19.281,1.031,-67.375,191.0,1,0.8528,-0.0402,-0.5161,0.0693,19.2,-61.0,0.0
1360955,2026-08-30_09-31-44.956-240,v3.6.25,3.46,12.0,400,-321,6619,3910,-856,6865,3795,-428,6592,3823,-452,6707,3860,0,0,0,-24,115,37,123.2,810.3,0.248,0.116,1.123,-3.453,15.000,-89.703,140.8,1,0.8554,-0.0247,-0.5126,0.0695,17.2,-60.9,0.0
1361001,2026-08-30_09-31-44.002-240,v3.6.25,3.46,12.0,400,-321,6619,3910,-838,6880,3765,-428,6592,3823,-440,6722,3827,0,0,0,-12,130,4,130.6,859.3,0.236,0.214,0.994,-21.000,31.672,-136.625,147.1,1,0.8598,-0.0012,-0.5062,0.0666,13.6,-60.5,0.0
1361041,2026-08-30_09-31-44.043-240,v3.6.25,3.46,12.0,400,-383,6650,3857,-838,6880,3765,-491,6625,3770,-440,6722,3827,0,0,0,51,97,57,123.5,812.7,0.278,0.233,0.926,-51.594,37.344,-158.766,141.1,1,0.8646,0.0262,-0.4984,0.0584,8.6,-59.9,0.0
1361071,2026-08-30_09-31-44.072-240,v3.6.25,3.46,12.0,400,-667,6633,3827,-1050,6895,3659,-775,6613,3740,-670,6734,3760,0,0,0,105,121,20,161.4,1062.2,0.288,0.224,0.934,-69.594,38.047,-180.656,172.9,1,0.8686,0.0574,-0.4899,0.0469,2.8,-58.9,0.0
1361109,2026-08-30_09-31-44.110-240,v3.6.25,3.46,12.0,400,-667,6633,3827,-1529,6834,3586,-775,6613,3740,-1161,6670,3771,0,0,0,-386,57,31,391.4,2575.1,0.179,0.311,0.917,-91.281,34.922,-198.266,365.9,1,0.8715,0.0915,-0.4808,0.0315,356.5,-57.5,0.0
1361157,2026-08-30_09-31-45.159-240,v3.6.25,3.46,12.0,400,-1126,6527,3876,-1529,6834,3586,-1234,6511,3790,-1161,6670,3771,0,0,0,73,159,-19,176.0,1157.8,0.056,0.517,0.870,-135.422,20.656,-181.609,185.1,1,0.8725,0.1227,-0.4729,0.0081,349.5,-55.8,0.0
1361184,2026-08-30_09-31-45.186-240,v3.6.25,3.46,12.0,400,-1733,6273,4071,-2239,6543,3668,-1840,6259,3986,-1851,6379,3973,0,0,0,-11,120,-13,121.2,797.4,-0.073,0.424,0.839,-160.719,8.641,-155.781,139.2,1,0.8719,0.1491,-0.4660,-0.0200,342.9,-53.8,0.0
1361218,2026-08-30_09-31-45.220-240,v3.6.25,3.46,12.0,400,-2495,5794,4351,-2239,6543,3668,-2600,5782,4269,-1851,6379,3973,0,0,0,749,597,-296,1002.5,6595.5,-0.119,0.231,0.692,-179.703,-6.031,-121.469,878.8,1,0.8699,0.1692,-0.4605,-0.0514,336.7,-51.6,0.0
1361390,2026-08-30_09-31-45.391-240,v3.6.25,3.46,12.0,400,-4832,4146,4146,-4935,4594,3536,-4928,4161,4082,-4532,4428,4309,0,0,0,396,267,227,528.8,3479.0,-0.084,-1.107,1.296,-45.688,-44.828,43.062,481.2,1,0.8681,0.1608,-0.4658,-0.0598,335.6,-52.1,0.0
1361425,2026-08-30_09-31-45.427-240,v3.6.25,3.46,12.0,400,-4832,4146,4146,-5457,4255,3170,-4928,4161,4082,-5111,4083,4042,0,0,0,-183,-78,-40,202.9,1334.9,-0.018,-0.969,1.238,45.297,-47.672,-8.859,207.7,1,0.8639,0.1617,-0.4740,-0.0528,335.8,-53.3,0.0
1361452,2026-08-30_09-31-45.454-240,v3.6.25,3.46,12.0,400,-5012,4003,4167,-5457,4255,3170,-5108,4019,4104,-5111,4083,4042,0,0,0,-3,64,-62,89.2,586.6,0.093,-0.670,1.405,104.969,-46.234,-30.562,112.3,1,0.8587,0.1667,-0.4833,-0.0357,337.2,-54.9,0.0
1361493,2026-08-30_09-31-45.495-240,v3.6.25,3.46,12.0,400,-4592,4120,4584,-5363,4241,3499,-4688,4122,4518,-4960,4075,4347,0,0,0,-272,-47,-171,324.7,2136.2,0.027,-0.615,1.127,162.016,-40.562,-37.594,310.0,1,0.8526,0.1730,-0.4930,-0.0086,340.2,-56.9,0.0
1361524,2026-08-30_09-31-45.525-240,v3.6.25,3.46,12.0,400,-4592,4120,4584,-4710,4497,4215,-4688,4122,4518,-4188,4342,4934,0,0,0,500,220,416,686.6,4517.3,-0.124,-0.606,0.766,219.656,-38.031,-74.562,613.7,1,0.8438,0.1852,-0.5029,0.0286,344.3,-59.2,0.0
1361857,2026-08-30_09-31-45.858-240,v3.6.25,3.46,12.0,400,3530,4709,5199,2818,4842,5576,3443,4597,5126,3571,4741,4970,0,0,0,128,144,-156,247.9,1630.9,0.255,1.354,0.979,-169.688,-22.516,125.359,245.5,1,0.8481,0.1646,-0.5036,-0.0011,341.2,-58.6,0.0
1361896,2026-08-30_09-31-45.898-240,v3.6.25,3.46,12.0,400,3530,4709,5199,2432,4738,5930,3443,4597,5126,3249,4641,5382,0,0,0,-194,44,256,324.2,2132.9,0.207,0.906,0.802,-245.766,-10.438,130.906,309.5,1,0.8532,0.1429,-0.4998,-0.0435,336.4,-57.2,0.0
1362217,2026-08-30_09-31-46.218-240,v3.6.25,3.46,12.0,400,-4502,2341,5789,-5305,2418,5043,-4584,2308,5735,-4598,2286,5846,0,0,0,-14,-22,111,114.0,750.1,0.763,-1.949,1.031,81.000,-54.531,-105.219,133.1,1,0.8453,0.1599,-0.5090,-0.0301,336.0,-58.3,0.0
1362562,2026-08-30_09-31-46.563-240,v3.6.25,3.46,12.0,400,2613,2968,6686,1254,2940,7147,2538,2828,6623,2317,2866,6774,0,0,0,-221,38,151,270.3,1778.6,0.295,0.550,0.813,69.125,-25.641,31.859,264.3,1,0.8434,0.1544,-0.5143,-0.0185,338.0,-59.5,0.0
1362592,2026-08-30_09-31-46.594-240,v3.6.25,3.46,12.0,400,2926,2720,6696,1743,2740,7144,2854,2574,6635,2809,2670,6688,0,0,0,-45,96,53,118.5,779.8,0.446,0.703,0.785,26.141,-27.656,53.891,136.9,1,0.8422,0.1452,-0.5191,-0.0146,339.2,-60.5,0.0
1362635,2026-08-30_09-31-46.637-240,v3.6.25,3.46,12.0,400,2926,2720,6696,1695,2460,7274,2854,2574,6635,2789,2393,6823,0,0,0,-65,-181,188,268.9,1769.4,0.565,1.005,0.791,-77.516,-19.062,123.062,263.2,1,0.8441,0.1246,-0.5207,-0.0286,338.7,-60.7,0.0
1362678,2026-08-30_09-31-46.680-240,v3.6.25,3.46,12.0,400,2714,2497,6898,1695,2460,7274,2643,2349,6838,2789,2393,6823,0,0,0,146,44,-15,153.2,1008.0,0.389,0.929,0.686,-216.609,-5.266,216.656,166.0,1,0.8488,0.0886,-0.5170,-0.0669,335.8,-60.0,0.0
1362736,2026-08-30_09-31-46.738-240,v3.6.25,3.46,12.0,400,1469,2394,7282,484,2315,7478,1397,2253,7221,1616,2246,7230,0,0,0,219,-7,9,219.3,1442.7,0.415,-0.385,0.508,-294.797,21.406,201.141,221.5,1,0.8526,0.0547,-0.5062,-0.1175,330.9,-58.3,0.0
1362912,2026-08-30_09-31-46.913-240,v3.6.25,3.46,12.0,400,-3922,1062,6506,-4496,1681,5958,-3993,1000,6461,-3615,1571,6602,0,0,0,378,571,141,699.1,4599.6,0.277,-0.847,0.997,-127.516,-49.312,-20.031,624.2,1,0.8464,0.0571,-0.5109,-0.1393,326.2,-58.1,0.0
1362969,2026-08-30_09-31-46.971-240,v3.6.25,3.46,12.0,400,-4127,352,6459,-5007,864,5689,-4193,291,6422,-4157,753,6428,0,0,0,36,462,6,463.4,3048.9,0.669,-0.488,0.896,2.219,-73.469,-50.469,426.4,1,0.8391,0.0637,-0.5220,-0.1389,324.3,-59.1,0.0
1363005,2026-08-30_09-31-46.007-240,v3.6.25,3.46,12.0,400,-4127,352,6459,-5021,122,5810,-4193,291,6422,-4135,17,6549,0,0,0,58,-274,127,307.5,2023.2,0.685,-0.542,0.639,59.812,-68.641,-39.156,295.5,1,0.8332,0.0680,-0.5335,-0.1285,324.2,-60.6,0.0
1363032,2026-08-30_09-31-46.034-240,v3.6.25,3.46,12.0,400,-3922,-140,6611,-5021,122,5810,-3984,-208,6579,-4135,17,6549,0,0,0,-151,225,-30,272.6,1793.6,0.868,-0.703,0.634,127.734,-56.156,-52.297,266.2,1,0.8287,0.0743,-0.5445,-0.1060,326.3,-62.5,0.0
1363061,2026-08-30_09-31-46.063-240,v3.6.25,3.46,12.0,400,-3403,-248,6927,-4669,-247,6138,-3463,-330,6894,-3718,-342,6809,0,0,0,-255,-12,-85,269.1,1770.1,0.974,-0.501,0.717,190.781,-33.531,-73.047,263.3,1,0.8258,0.0840,-0.5531,-0.0720,330.7,-64.3,0.0
1363105,2026-08-30_09-31-46.106-240,v3.6.25,3.46,12.0,400,-3403,-248,6927,-3885,-95,6751,-3463,-330,6894,-2831,-178,7273,0,0,0,632,152,379,752.4,4950.3,0.915,-0.259,0.505,250.719,13.906,-92.953,668.9,1,0.8257,0.0969,-0.5550,-0.0267,338.4,-65.7,0.0
1363261,2026-08-30_09-31-47.262-240,v3.6.25,3.46,12.0,400,252,1491,7582,-1128,1371,7622,185,1355,7528,47,1303,7648,0,0,0,-138,-52,120,190.1,1250.8,0.410,0.244,0.774,143.172,64.484,-6.406,197.0,1,0.8313,0.0966,-0.5474,-0.0002,345.2,-65.5,0.0
1363326,2026-08-30_09-31-47.328-240,v3.6.25,3.46,12.0,400,1584,2590,7175,-296,2153,7517,1511,2451,7112,846,2082,7402,0,0,0,-665,-369,290,813.9,5354.8,0.045,0.229,0.804,118.094,11.891,-54.766,720.5,1,0.8307,0.1050,-0.5464,0.0216,348.9,-65.8,0.0
1363381,2026-08-30_09-31-47.383-240,v3.6.25,3.46,12.0,400,2244,2554,6966,519,2539,7382,2172,2410,6905,1630,2468,7130,0,0,0,-542,58,225,589.7,3879.6,0.180,0.425,1.031,52.422,-36.938,-46.625,532.4,1,0.8260,0.1128,-0.5513,0.0310,349.4,-66.6,0.0
1363419,2026-08-30_09-31-47.422-240,v3.6.25,3.46,12.0,400,2244,2554,6966,1241,2432,7349,2172,2410,6905,2349,2364,6974,0,0,0,177,-46,69,195.5,1285.9,0.532,0.493,1.027,2.422,-59.562,-37.312,201.5,1,0.8200,0.1197,-0.5589,0.0312,347.5,-67.5,0.0
1363451,2026-08-30_09-31-47.453-240,v3.6.25,3.46,12.0,400,2651,2235,6956,1555,2011,7419,2582,2085,6899,2684,1949,6989,0,0,0,102,-136,90,192.4,1265.5,0.767,0.877,0.960,-48.250,-63.016,-25.016,198.9,1,0.8144,0.1252,-0.5662,0.0223,343.6,-68.1,0.0
1363501,2026-08-30_09-31-47.503-240,v3.6.25,3.46,12.0,400,2674,1841,7086,1555,2011,7419,2608,1686,7032,2684,1949,6989,0,0,0,76,263,-43,277.1,1823.1,0.813,1.552,0.765,-215.500,-54.734,73.031,270.0,1,0.8129,0.1163,-0.5704,-0.0168,335.4,-67.4,0.0
1363529,2026-08-30_09-31-47.531-240,v3.6.25,3.46,12.0,400,2674,1841,7086,1220,1576,7617,2608,1686,7032,2391,1518,7241,0,0,0,-217,-168,209,345.0,2269.4,0.872,1.287,0.535,-323.969,-35.547,155.766,326.9,1,0.8135,0.0945,-0.5689,-0.0753,326.0,-65.7,0.0
1363685,2026-08-30_09-31-47.686-240,v3.6.25,3.46,12.0,400,-1869,932,7391,-3408,599,6865,-1935,825,7343,-2348,514,7302,0,0,0,-413,-311,-41,518.6,3412.0,0.143,-0.096,0.752,-164.188,-18.578,-9.812,472.7,1,0.8109,0.0982,-0.5675,-0.1033,320.2,-64.2,0.0
1363733,2026-08-30_09-31-47.735-240,v3.6.25,3.46,12.0,400,-2349,501,7295,-3408,599,6865,-2412,400,7252,-2348,514,7302,0,0,0,64,114,50,140.0,920.9,0.128,-0.413,1.120,-64.672,-58.703,-10.078,154.9,1,0.8047,0.0997,-0.5739,-0.1147,316.5,-64.3,0.0
1363760,2026-08-30_09-31-47.761-240,v3.6.25,3.46,12.0,400,-2659,-44,7191,-3766,-23,6748,-2719,-141,7155,-2714,-106,7250,0,0,0,5,35,95,101.4,666.9,0.467,-0.116,1.078,-15.859,-73.500,15.453,122.5,1,0.7979,0.0957,-0.5833,-0.1184,314.1,-65.2,0.0
1363795,2026-08-30_09-31-47.797-240,v3.6.25,3.46,12.0,400,-2659,-44,7191,-3766,-23,6748,-2719,-141,7155,-2714,-106,7250,0,0,0,5,35,95,101.4,666.9,0.756,-0.187,0.963,19.656,-81.828,64.859,122.5,1,0.7916,0.0823,-0.5940,-0.1171,313.3,-67.1,0.0
1363824,2026-08-30_09-31-47.825-240,v3.6.25,3.46,12.0,400,-2821,-520,7069,-3902,-542,6648,-2878,-614,7039,-2857,-624,7176,0,0,0,21,-10,137,139.0,914.2,0.899,-0.320,0.766,62.594,-79.516,89.828,154.1,1,0.7863,0.0636,-0.6049,-0.1087,314.6,-69.6,0.0
1363852,2026-08-30_09-31-47.854-240,v3.6.25,3.46,12.0,400,-3157,-708,6914,-3902,-542,6648,-3213,-795,6886,-2857,-624,7176,0,0,0,356,171,290,490.0,3223.5,1.018,-0.346,0.703,93.109,-71.938,97.547,448.7,1,0.7817,0.0430,-0.6148,-0.0951,318.3,-72.4,0.0
1363894,2026-08-30_09-31-47.895-240,v3.6.25,3.46,12.0,400,-3157,-708,6914,-4265,-717,6329,-3213,-795,6886,-3271,-804,6927,0,0,0,-58,-9,41,71.6,471.0,1.072,-0.124,0.877,110.406,-54.797,126.328,97.5,1,0.7790,0.0175,-0.6218,-0.0790,325.9,-75.0,0.0
1363922,2026-08-30_09-31-47.924-240,v3.6.25,3.46,12.0,400,-3500,-553,6753,-4649,-462,6043,-3558,-632,6725,-3710,-557,6714,0,0,0,-152,75,-11,169.9,1117.5,0.992,-0.285,0.790,103.750,-45.625,148.812,180.0,1,0.7765,-0.0117,-0.6266,-0.0646,337.5,-77.1,0.0
1363966,2026-08-30_09-31-47.968-240,v3.6.25,3.46,12.0,400,-3996,-128,6481,-4649,-462,6043,-4058,-193,6449,-3710,-557,6714,0,0,0,348,-364,265,569.1,3743.8,0.790,-1.169,0.609,131.734,-46.359,98.812,515.0,1,0.7733,-0.0333,-0.6317,-0.0436,352.7,-78.5,0.0
1364000,2026-08-30_09-31-47.001-240,v3.6.25,3.46,12.0,400,-3996,-128,6481,-5096,93,5687,-4058,-193,6449,-4230,-13,6442,0,0,0,-172,180,-7,249.1,1638.6,0.835,-1.577,0.463,224.438,-44.375,-54.078,246.5,1,0.7703,-0.0313,-0.6370,-0.0023,10.9,-78.9,0.0
1364041,2026-08-30_09-31-47.043-240,v3.6.25,3.46,12.0,400,-4023,330,6593,-4547,512,6367,-4088,264,6556,-3572,415,7011,0,0,0,516,151,455,704.3,4633.8,0.410,-0.714,0.238,307.062,-40.047,-205.484,628.6,1,0.7664,-0.0055,-0.6398,0.0575,28.6,-78.5,0.0
1364257,2026-08-30_09-31-48.258-240,v3.6.25,3.46,12.0,400,1813,-175,7489,511,-236,7745,1761,-336,7454,1741,-283,7489,0,0,0,-20,53,35,66.6,438.1,1.339,0.774,0.529,-222.953,-1.578,41.938,93.3,1,0.7676,-0.0058,-0.6407,0.0184,11.3,-79.5,0.0
1364286,2026-08-30_09-31-48.288-240,v3.6.25,3.46,12.0,400,1381,-275,7591,157,-479,7789,1329,-433,7557,1399,-526,7593,0,0,0,70,-93,36,121.8,801.6,1.354,0.642,0.540,-279.422,32.781,79.297,139.7,1,0.7711,-0.0111,-0.6358,-0.0315,349.7,-78.9,0.0
1364315,2026-08-30_09-31-48.317-240,v3.6.25,3.46,12.0,400,1381,-275,7591,157,-479,7789,1329,-433,7557,1399,-526,7593,0,0,0,70,-93,36,121.8,801.6,1.119,0.060,0.470,-319.359,64.656,111.469,139.7,1,0.7757,-0.0207,-0.6244,-0.0890,331.2,-76.5,0.0
1364525,2026-08-30_09-31-48.526-240,v3.6.25,3.46,12.0,400,-2949,-83,7022,-4217,-308,6427,-3009,-172,6987,-3215,-396,7014,0,0,0,-206,-224,27,305.5,2010.0,0.128,-0.581,0.719,-65.781,-71.453,-95.234,293.9,1,0.7666,-0.0040,-0.6348,-0.0968,320.8,-76.9,0.0
1364555,2026-08-30_09-31-48.557-240,v3.6.25,3.46,12.0,400,-3105,-793,6971,-4217,-308,6427,-3160,-882,6944,-3215,-396,7014,0,0,0,-55,486,70,494.1,3250.6,0.259,-0.476,0.767,4.547,-102.828,-102.922,452.1,1,0.7546,0.0115,-0.6495,-0.0922,312.1,-78.0,0.0
1364666,2026-08-30_09-31-48.667-240,v3.6.25,3.46,12.0,400,-1966,-2136,7059,-3321,-2032,6704,-2009,-2248,7047,-2235,-2101,7133,0,0,0,-226,147,86,283.0,1861.7,1.355,-0.045,0.417,218.969,-58.344,-4.125,274.9,1,0.7507,0.0039,-0.6584,-0.0541,325.8,-81.2,0.0
1364692,2026-08-30_09-31-48.693-240,v3.6.25,3.46,12.0,400,-1568,-2202,7114,-2840,-2322,6831,-1610,-2321,7102,-1726,-2385,7175,0,0,0,-116,-64,73,151.3,995.2,1.427,-0.064,0.420,241.516,-29.984,2.828,164.4,1,0.7490,-0.0052,-0.6624,-0.0123,354.6,-83.0,0.0
1364735,2026-08-30_09-31-48.736-240,v3.6.25,3.46,12.0,400,-1568,-2202,7114,-2478,-2021,7094,-1610,-2321,7102,-1325,-2080,7369,0,0,0,285,241,267,458.9,3019.1,1.373,0.004,0.417,279.312,19.688,-8.031,422.6,1,0.7515,-0.0137,-0.6586,0.0363,29.2,-81.4,0.0
1364788,2026-08-30_09-31-48.790-240,v3.6.25,3.46,12.0,400,-1179,-1830,7358,-2478,-2021,7094,-1223,-1957,7341,-1325,-2080,7369,0,0,0,-102,-123,28,162.2,1067.3,1.401,0.245,0.325,257.266,60.266,14.141,173.6,1,0.7569,-0.0253,-0.6482,0.0802,46.4,-77.7,0.0
1364814,2026-08-30_09-31-48.816-240,v3.6.25,3.46,12.0,400,-647,-1078,7580,-1931,-1247,7442,-696,-1213,7554,-733,-1304,7614,0,0,0,-37,-91,60,115.1,757.3,1.037,0.042,0.303,248.375,66.250,-6.781,134.1,1,0.7616,-0.0330,-0.6354,0.1231,54.7,-73.7,0.0
1364847,2026-08-30_09-31-48.849-240,v3.6.25,3.46,12.0,400,30,-313,7699,-1931,-1247,7442,-23,-456,7664,-733,-1304,7614,0,0,0,-710,-848,-50,1107.1,7283.7,0.661,0.427,0.409,229.516,53.297,-40.859,966.6,1,0.7642,-0.0339,-0.6229,0.1635,59.7,-70.2,0.0
1364906,2026-08-30_09-31-48.908-240,v3.6.25,3.46,12.0,400,731,87,7667,-1250,-369,7709,675,-62,7628,-24,-424,7757,0,0,0,-699,-362,129,797.7,5247.9,0.300,0.727,0.713,82.875,-7.781,10.953,706.9,1,0.7616,-0.0377,-0.6221,0.1778,62.9,-69.1,0.0
1364946,2026-08-30_09-31-48.948-240,v3.6.25,3.46,12.0,400,731,87,7667,-499,9,7784,675,-62,7628,732,-44,7700,0,0,0,57,18,72,93.6,615.7,0.409,-0.138,0.675,10.266,-56.703,2.594,116.0,1,0.7553,-0.0368,-0.6289,0.1806,65.8,-69.5,0.0
1364975,2026-08-30_09-31-48.976-240,v3.6.25,3.46,12.0,400,841,-40,7649,-406,-288,7767,786,-191,7612,828,-339,7668,0,0,0,42,-148,56,163.7,1077.1,0.548,-0.303,0.722,1.812,-78.953,-47.609,174.8,1,0.7478,-0.0266,-0.6375,0.1836,68.8,-70.7,0.0
1365020,2026-08-30_09-31-48.022-240,v3.6.25,3.46,12.0,400,1086,-634,7570,-406,-288,7767,1036,-789,7540,828,-339,7668,0,0,0,-208,450,128,512.0,3368.4,1.016,1.052,0.829,-54.594,-86.219,-83.094,467.1,1,0.7414,-0.0080,-0.6470,0.1778,70.1,-73.0,0.0
1365053,2026-08-30_09-31-48.054-240,v3.6.25,3.46,12.0,400,1086,-634,7570,-42,-1009,7714,1036,-789,7540,1198,-1054,7555,0,0,0,162,-265,15,311.0,2045.8,1.256,1.846,0.600,-187.406,-75.422,-5.531,298.4,1,0.7377,0.0017,-0.6590,0.1468,67.6,-76.6,0.0
1365096,2026-08-30_09-31-48.098-240,v3.6.25,3.46,12.0,400,1361,-1291,7484,-156,-1679,7581,1316,-1451,7461,1075,-1722,7446,0,0,0,-241,-271,-15,363.0,2388.0,1.375,1.103,-0.030,-358.453,-32.141,131.516,342.1,1,0.7391,-0.0068,-0.6686,0.0817,54.5,-80.8,0.0
1365261,2026-08-30_09-31-49.262-240,v3.6.25,3.46,12.0,400,-2458,-2303,6797,-4041,-2634,5970,-2501,-2404,6788,-3070,-2713,6541,0,0,0,-569,-309,-247,693.0,4559.2,0.218,-0.766,0.364,-126.344,-16.359,12.078,619.0,1,0.7386,-0.0047,-0.6714,0.0607,46.5,-82.4,0.0
1365314,2026-08-30_09-31-49.315-240,v3.6.25,3.46,12.0,400,-3017,-2656,6433,-4041,-2634,5970,-3059,-2743,6430,-3070,-2713,6541,0,0,0,-11,30,111,115.5,759.9,0.605,-1.072,0.833,55.750,-54.156,-43.656,134.4,1,0.7322,0.0008,-0.6772,0.0728,55.6,-82.7,0.0
1365342,2026-08-30_09-31-49.344-240,v3.6.25,3.46,12.0,400,-3009,-3017,6316,-4031,-3043,5803,-3048,-3104,6317,-3081,-3122,6377,0,0,0,-33,-18,60,70.8,465.8,1.034,-0.760,0.711,143.906,-53.422,-52.094,96.9,1,0.7246,0.0043,-0.6818,0.1000,70.1,-81.5,0.0
1365430,2026-08-30_09-31-49.432-240,v3.6.25,3.46,12.0,400,-2330,-2703,6788,-3673,-3113,6036,-2370,-2807,6783,-2681,-3186,6543,0,0,0,-311,-379,-240,545.9,3591.2,1.378,-0.398,0.239,293.984,1.906,-40.688,495.6,1,0.7200,-0.0010,-0.6771,0.1519,80.5,-77.1,0.0
1365473,2026-08-30_09-31-49.475-240,v3.6.25,3.46,12.0,400,-2330,-2703,6788,-3335,-2677,6483,-2370,-2807,6783,-2275,-2745,6921,0,0,0,95,62,138,178.6,1175.3,1.303,0.056,0.166,319.016,33.016,-54.906,187.4,1,0.7166,-0.0054,-0.6657,0.2079,84.9,-72.2,0.0
1365501,2026-08-30_09-31-49.502-240,v3.6.25,3.46,12.0,400,-1671,-2033,7221,-2616,-1899,7100,-1714,-2152,7207,-1464,-1960,7398,0,0,0,250,192,191,368.6,2424.8,1.059,0.240,0.128,304.359,40.609,-56.094,346.8,1,0.7123,-0.0092,-0.6516,0.2609,87.8,-67.4,0.0
1365631,2026-08-30_09-31-49.632-240,v3.6.25,3.46,12.0,400,88,-839,7629,-993,-854,7678,38,-984,7600,237,-905,7683,0,0,0,199,79,83,229.6,1510.7,0.479,0.436,0.606,77.797,-44.578,38.047,230.2,1,0.7034,-0.0164,-0.6561,0.2729,91.4,-66.1,0.0
1365666,2026-08-30_09-31-49.667-240,v3.6.25,3.46,12.0,400,336,-804,7640,-993,-854,7678,286,-952,7611,237,-905,7683,0,0,0,-49,47,72,99.0,651.1,0.424,0.027,0.553,37.594,-77.828,21.469,120.5,1,0.6926,-0.0178,-0.6649,0.2791,95.6,-65.6,0.0
1365694,2026-08-30_09-31-49.696-240,v3.6.25,3.46,12.0,400,276,-1255,7546,-1017,-1119,7626,229,-1402,7522,209,-1170,7637,0,0,0,-20,232,115,259.7,1708.6,0.643,0.262,0.547,15.594,-99.078,-13.359,255.4,1,0.6810,-0.0116,-0.6753,0.2831,100.2,-65.9,0.0
1365737,2026-08-30_09-31-49.739-240,v3.6.25,3.46,12.0,400,276,-1255,7546,-944,-1906,7466,229,-1402,7522,271,-1953,7469,0,0,0,42,-551,-53,555.1,3652.2,0.961,1.213,0.408,-75.172,-96.469,6.578,503.3,1,0.6727,-0.0046,-0.6884,0.2712,104.4,-67.5,0.0
1365780,2026-08-30_09-31-49.782-240,v3.6.25,3.46,12.0,400,313,-2012,7361,-944,-1906,7466,272,-2159,7347,271,-1953,7469,0,0,0,-1,206,122,239.4,1575.1,1.275,1.321,-0.095,-263.688,-66.672,136.078,238.4,1,0.6714,-0.0114,-0.7068,0.2224,107.3,-70.8,0.0
1365843,2026-08-30_09-31-49.845-240,v3.6.25,3.46,12.0,400,-347,-2733,7076,-1345,-2748,7128,-383,-2869,7071,-171,-2797,7209,0,0,0,212,72,138,263.0,1730.3,1.279,-0.041,-0.504,-392.984,33.531,221.375,258.2,1,0.6821,-0.0299,-0.7156,0.1476,105.5,-75.3,0.0
1365893,2026-08-30_09-31-49.895-240,v3.6.25,3.46,12.0,400,-1908,-3199,6545,-2937,-3232,6214,-1944,-3306,6547,-1912,-3298,6591,0,0,0,32,8,44,55.0,361.8,1.399,-1.948,-0.326,-288.797,101.609,143.531,83.6,1,0.6971,-0.0429,-0.7096,0.0931,97.3,-78.9,0.0
1365956,2026-08-30_09-31-49.958-240,v3.6.25,3.46,12.0,400,-3884,-3240,5684,-4386,-3337,5194,-3923,-3303,5691,-3535,-3424,5844,0,0,0,388,-121,153,434.3,2857.1,0.849,-0.386,0.048,-142.688,105.375,23.484,401.9,1,0.7113,-0.0423,-0.6983,0.0681,84.3,-81.0,0.0
1365997,2026-08-30_09-31-49.998-240,v3.6.25,3.46,12.0,400,-3884,-3240,5684,-4775,-3193,5028,-3923,-3303,5691,-3956,-3286,5748,0,0,0,-33,17,57,68.0,447.5,0.457,-0.609,0.365,-111.453,62.406,18.656,94.5,1,0.7196,-0.0419,-0.6914,0.0489,73.1,-82.3,0.0
1366036,2026-08-30_09-31-49.038-240,v3.6.25,3.46,12.0,400,-3995,-3156,5652,-4881,-3144,4985,-4035,-3216,5659,-4071,-3238,5724,0,0,0,-36,-22,65,77.5,509.8,0.410,-0.728,0.475,-33.547,8.266,-38.109,102.5,1,0.7213,-0.0347,-0.6902,0.0457,69.3,-83.0,0.0
1366073,2026-08-30_09-31-49.076-240,v3.6.25,3.46,12.0,400,-3915,-3233,5691,-4881,-3144,4985,-3954,-3296,5698,-4071,-3238,5724,0,0,0,-117,58,26,133.2,876.0,0.541,-0.656,0.552,36.484,-37.406,-60.797,149.2,1,0.7175,-0.0261,-0.6939,0.0554,75.0,-83.1,0.0
1366107,2026-08-30_09-31-49.108-240,v3.6.25,3.46,12.0,400,-3915,-3233,5691,-4705,-3320,5096,-3954,-3296,5698,-3872,-3410,5803,0,0,0,82,-114,105,175.3,1153.6,0.675,-0.825,0.601,125.297,-62.156,-88.797,184.6,1,0.7100,-0.0163,-0.6993,0.0815,86.4,-82.0,0.0
1366132,2026-08-30_09-31-49.134-240,v3.6.25,3.46,12.0,400,-3568,-3428,5820,-4705,-3320,5096,-3605,-3499,5829,-3872,-3410,5803,0,0,0,-267,89,-26,282.6,1859.5,0.850,-0.763,0.561,195.234,-65.797,-108.781,274.7,1,0.7006,-0.0061,-0.7034,0.1201,95.9,-79.8,0.0
1366161,2026-08-30_09-31-50.163-240,v3.6.25,3.46,12.0,400,-3568,-3428,5820,-4215,-3528,5448,-3605,-3499,5829,-3316,-3610,6063,0,0,0,289,-111,234,388.1,2553.1,1.077,-0.323,0.436,250.078,-58.172,-104.391,363.1,1,0.6897,0.0009,-0.7045,0.1673,102.0,-76.4,0.0
1366211,2026-08-30_09-31-50.213-240,v3.6.25,3.46,12.0,400,-2938,-3476,6153,-3538,-3463,5984,-2973,-3562,6160,-2548,-3534,6469,0,0,0,425,28,309,526.2,3461.9,1.296,0.113,0.049,274.406,-33.797,-61.562,479.1,1,0.6790,-0.0008,-0.7016,0.2159,104.8,-72.3,0.0
1366249,2026-08-30_09-31-50.251-240,v3.6.25,3.46,12.0,400,-2277,-3274,6527,-3538,-3463,5984,-2313,-3376,6530,-2548,-3534,6469,0,0,0,-235,-158,-61,289.7,1905.7,1.059,0.224,0.172,266.953,-24.234,-55.562,280.6,1,0.6680,-0.0035,-0.6963,0.2626,106.8,-68.2,0.0
1366277,2026-08-30_09-31-50.279-240,v3.6.25,3.46,12.0,400,-1748,-2967,6829,-2983,-3115,6455,-1785,-3081,6827,-1918,-3179,6834,0,0,0,-133,-98,7,165.4,1087.9,1.041,0.534,0.229,235.953,-25.109,-38.859,176.2,1,0.6563,-0.0072,-0.6910,0.3029,108.8,-64.5,0.0
1366316,2026-08-30_09-31-50.318-240,v3.6.25,3.46,12.0,400,-1748,-2967,6829,-2538,-2873,6727,-1785,-3081,6827,-1431,-2932,7022,0,0,0,354,149,195,430.7,2833.9,0.905,0.567,0.391,147.766,-35.016,13.484,398.9,1,0.6451,-0.0146,-0.6908,0.3263,110.8,-61.9,0.0
1366365,2026-08-30_09-31-50.366-240,v3.6.25,3.46,12.0,400,-1358,-2781,6978,-2538,-2873,6727,-1396,-2902,6973,-1431,-2932,7022,0,0,0,-35,-30,49,67.3,442.6,0.822,-0.017,0.272,55.516,-60.562,18.422,93.9,1,0.6347,-0.0170,-0.6961,0.3350,113.3,-60.7,0.0
1366395,2026-08-30_09-31-50.397-240,v3.6.25,3.46,12.0,400,-1388,-2881,6902,-2563,-2940,6660,-1425,-3000,6899,-1466,-3000,6961,0,0,0,-41,0,62,74.3,489.0,0.847,-0.123,0.199,24.047,-69.141,-9.828,99.8,1,0.6257,-0.0129,-0.7019,0.3401,116.0,-60.4,0.0
1366424,2026-08-30_09-31-50.425-240,v3.6.25,3.46,12.0,400,-1388,-2881,6902,-2563,-2940,6660,-1425,-3000,6899,-1466,-3000,6961,0,0,0,-41,0,62,74.3,489.0,1.045,0.370,0.236,-23.000,-70.719,-24.250,99.8,1,0.6192,-0.0039,-0.7085,0.3385,118.8,-61.0,0.0
1366452,2026-08-30_09-31-50.454-240,v3.6.25,3.46,12.0,400,-1404,-3282,6715,-2492,-3388,6458,-1438,-3399,6718,-1421,-3448,6753,0,0,0,17,-49,35,62.6,411.6,1.320,0.798,0.128,-107.328,-61.781,7.125,90.0,1,0.6169,0.0043,-0.7182,0.3219,121.4,-62.7,0.0
1366485,2026-08-30_09-31-50.486-240,v3.6.25,3.46,12.0,400,-1426,-3802,6380,-2492,-3388,6458,-1456,-3914,6390,-1421,-3448,6753,0,0,0,35,466,363,591.7,3893.0,1.454,0.836,-0.078,-217.609,-38.766,70.281,534.1,1,0.6207,0.0074,-0.7307,0.2843,123.8,-65.7,0.0
1366527,2026-08-30_09-31-50.529-240,v3.6.25,3.46,12.0,400,-1426,-3802,6380,-2604,-3964,6053,-1456,-3914,6390,-1591,-4026,6377,0,0,0,-135,-112,-13,175.9,1157.2,1.494,0.214,-0.351,-319.328,9.156,131.828,185.1,1,0.6319,0.0039,-0.7411,0.2267,125.7,-69.8,0.0
1366556,2026-08-30_09-31-50.558-240,v3.6.25,3.46,12.0,400,-2002,-4271,5885,-3198,-4446,5326,-2030,-4367,5903,-2301,-4519,5770,0,0,0,-271,-152,-133,338.0,2223.6,1.330,-0.048,-0.386,-340.906,44.469,144.125,321.1,1,0.6458,-0.0018,-0.7456,0.1641,127.7,-74.3,0.0
1366603,2026-08-30_09-31-50.605-240,v3.6.25,3.46,12.0,400,-2742,-4564,5331,-3198,-4446,5326,-2769,-4640,5355,-2301,-4519,5770,0,0,0,468,121,415,637.1,4191.4,1.181,-0.309,-0.564,-349.219,94.000,167.594,572.1,1,0.6631,-0.0125,-0.7419,0.0983,128.9,-79.0,0.0
1366631,2026-08-30_09-31-50.633-240,v3.6.25,3.46,12.0,400,-2742,-4564,5331,-3878,-4660,4590,-2769,-4640,5355,-3104,-4745,5169,0,0,0,-335,-105,-186,397.3,2613.8,1.035,-0.508,-0.422,-319.766,110.781,159.609,370.9,1,0.6792,-0.0238,-0.7326,0.0374,131.6,-83.4,0.0
1366661,2026-08-30_09-31-50.662-240,v3.6.25,3.46,12.0,400,-3429,-4701,4828,-3878,-4660,4590,-3457,-4758,4857,-3104,-4745,5169,0,0,0,353,13,312,471.3,3100.6,0.565,-1.200,-0.258,-257.453,107.672,107.891,433.0,1,0.6925,-0.0300,-0.7207,-0.0104,143.6,-87.2,0.0
1366691,2026-08-30_09-31-50.693-240,v3.6.25,3.46,12.0,400,-3811,-4776,4584,-4426,-4707,4014,-3839,-4823,4615,-3751,-4803,4701,0,0,0,88,20,86,124.7,820.1,0.515,-1.600,0.083,-143.375,82.344,2.812,142.1,1,0.7022,-0.0242,-0.7108,-0.0340,226.6,-88.9,0.0
1366735,2026-08-30_09-31-50.736-240,v3.6.25,3.46,12.0,400,-3811,-4776,4584,-4344,-4802,4149,-3839,-4823,4615,-3644,-4895,4819,0,0,0,195,-72,204,291.2,1916.1,0.213,-1.184,0.428,31.031,16.562,-155.281,281.9,1,0.7046,-0.0000,-0.7093,-0.0207,256.1,-88.3,0.0
1366776,2026-08-30_09-31-50.778-240,v3.6.25,3.46,12.0,400,-3351,-4854,4884,-4344,-4802,4149,-3378,-4914,4914,-3644,-4895,4819,0,0,0,-266,19,-95,283.1,1862.5,0.366,-0.957,0.348,177.031,-35.266,-219.781,275.0,1,0.6998,0.0281,-0.7135,0.0202,211.9,-88.7,0.0
1366897,2026-08-30_09-31-50.898-240,v3.6.25,3.46,12.0,400,-918,-5038,5617,-2057,-5131,5452,-939,-5146,5646,-1124,-5192,5699,0,0,0,-185,-46,53,197.9,1301.7,1.140,0.883,-0.558,406.594,30.719,-224.047,203.5,1,0.6989,0.0467,-0.7068,0.0990,104.4,-85.7,0.0
1367009,2026-08-30_09-31-50.010-240,v3.6.25,3.46,12.0,400,1424,-4144,6328,548,-4674,6156,1400,-4293,6344,1594,-4715,5938,0,0,0,194,-422,-406,616.9,4058.5,0.789,1.638,0.294,30.281,49.391,212.828,555.2,1,0.7039,0.0090,-0.7039,0.0949,94.2,-83.0,0.0
1367052,2026-08-30_09-31-50.054-240,v3.6.25,3.46,12.0,400,1424,-4144,6328,142,-4201,6542,1400,-4293,6344,1245,-4242,6384,0,0,0,-155,51,40,168.0,1105.3,0.597,-0.218,0.359,-35.734,-2.062,240.375,178.4,1,0.7022,-0.0299,-0.7069,0.0788,94.5,-81.2,0.0
1367182,2026-08-30_09-31-51.183-240,v3.6.25,3.46,12.0,400,-1900,-4280,5935,-2748,-4065,5902,-1928,-4378,5953,-1759,-4130,6255,0,0,0,169,248,302,425.8,2801.0,1.218,0.698,-0.187,-122.203,-93.438,51.625,394.8,1,0.6914,-0.0317,-0.7195,0.0567,108.6,-82.5,0.0
1367208,2026-08-30_09-31-51.209-240,v3.6.25,3.46,12.0,400,-1900,-4280,5935,-3011,-4666,5257,-1928,-4378,5953,-2122,-4737,5671,0,0,0,-194,-359,-282,496.0,3263.3,1.324,0.956,-0.310,-208.328,-84.109,88.641,453.7,1,0.6811,-0.0354,-0.7311,0.0183,132.3,-84.0,0.0
1367241,2026-08-30_09-31-51.243-240,v3.6.25,3.46,12.0,400,-2237,-4917,5247,-3011,-4666,5257,-2261,-4999,5276,-2122,-4737,5671,0,0,0,139,262,395,494.0,3249.7,1.320,0.819,-0.595,-321.297,-53.531,157.266,452.0,1,0.6722,-0.0449,-0.7378,-0.0427,174.6,-84.7,0.0
1367415,2026-08-30_09-31-51.416-240,v3.6.25,3.46,12.0,400,-3374,-6393,2422,-3782,-6320,1944,-3390,-6407,2484,-3432,-6432,2572,0,0,0,-42,-25,88,100.7,662.3,0.735,-2.074,-0.348,-106.172,98.453,-17.500,121.9,1,0.6839,-0.0364,-0.7263,-0.0590,204.2,-86.1,0.0
1367441,2026-08-30_09-31-51.442-240,v3.6.25,3.46,12.0,400,-3092,-6506,2535,-3541,-6477,2031,-3107,-6526,2598,-3172,-6586,2616,0,0,0,-65,-60,18,90.3,593.9,0.453,-1.734,-0.095,26.172,76.953,-152.438,113.2,1,0.6939,-0.0123,-0.7184,-0.0464,232.0,-86.6,0.0
1367476,2026-08-30_09-31-51.478-240,v3.6.25,3.46,12.0,400,-3092,-6506,2535,-3541,-6477,2031,-3107,-6526,2598,-3172,-6586,2616,0,0,0,-65,-60,18,90.3,593.9,0.339,-0.451,-0.020,122.703,44.297,-227.672,113.2,1,0.6996,0.0197,-0.7141,-0.0139,246.9,-87.0,0.0
1367596,2026-08-30_09-31-51.598-240,v3.6.25,3.46,12.0,400,-887,-6274,4194,-1881,-6458,3754,-899,-6357,4245,-1214,-6534,4013,0,0,0,-315,-177,-232,429.4,2825.0,1.150,-0.589,-0.283,281.047,20.594,-156.000,397.8,1,0.7010,0.0322,-0.7112,0.0416,140.5,-88.9,0.0
1367641,2026-08-30_09-31-51.643-240,v3.6.25,3.46,12.0,400,-406,-5983,4652,-1507,-6277,4244,-419,-6081,4697,-759,-6345,4427,0,0,0,-340,-264,-270,508.1,3343.0,0.941,0.176,-0.608,364.359,37.344,-187.844,463.9,1,0.7009,0.0464,-0.7029,0.1120,98.2,-84.7,0.0
1367680,2026-08-30_09-31-51.681-240,v3.6.25,3.46,12.0,400,-406,-5983,4652,-979,-5938,4871,-419,-6081,4697,-129,-5997,4948,0,0,0,290,84,251,392.6,2583.1,0.905,1.109,-0.479,338.672,47.031,-130.406,367.0,1,0.6988,0.0523,-0.6917,0.1747,95.9,-80.1,0.0
1367711,2026-08-30_09-31-51.713-240,v3.6.25,3.46,12.0,400,209,-5626,5085,-979,-5938,4871,193,-5739,5124,-129,-5997,4948,0,0,0,-322,-258,-176,448.6,2951.2,0.921,1.530,-0.148,261.922,44.672,-25.031,413.9,1,0.6958,0.0439,-0.6824,0.2197,96.5,-75.7,0.0
1367740,2026-08-30_09-31-51.741-240,v3.6.25,3.46,12.0,400,256,-5254,5455,-592,-5529,5377,238,-5374,5488,336,-5582,5375,0,0,0,98,-208,-113,256.2,1685.5,0.978,1.194,0.125,183.609,30.047,68.625,252.5,1,0.6916,0.0237,-0.6782,0.2475,97.8,-71.8,0.0
1367788,2026-08-30_09-31-51.789-240,v3.6.25,3.46,12.0,400,256,-5254,5455,-1161,-5175,5592,238,-5374,5488,-202,-5229,5682,0,0,0,-440,145,194,502.3,3304.3,0.819,0.511,0.309,87.000,-11.703,140.656,459.0,1,0.6843,-0.0024,-0.6828,0.2562,100.2,-68.9,0.0
1367826,2026-08-30_09-31-51.828-240,v3.6.25,3.46,12.0,400,-537,-5005,5668,-1161,-5175,5592,-557,-5118,5696,-202,-5229,5682,0,0,0,355,-111,-14,372.2,2448.8,0.777,-0.272,0.119,54.328,-44.469,100.312,349.8,1,0.6747,-0.0195,-0.6899,0.2614,103.2,-67.1,0.0
1367892,2026-08-30_09-31-51.894-240,v3.6.25,3.46,12.0,400,-1472,-4969,5504,-2635,-5224,4964,-1494,-5067,5532,-1785,-5294,5322,0,0,0,-291,-227,-210,424.6,2793.6,1.002,0.423,-0.087,8.000,-80.938,-7.406,393.8,1,0.6652,-0.0149,-0.6984,0.2638,107.1,-67.1,0.0
1367946,2026-08-30_09-31-51.948-240,v3.6.25,3.46,12.0,400,-1739,-5219,5184,-2635,-5224,4964,-1760,-5308,5217,-1785,-5294,5322,0,0,0,-25,14,105,108.8,716.0,1.413,1.106,-0.396,-169.031,-75.781,87.156,128.8,1,0.6602,-0.0173,-0.7139,0.2327,111.0,-69.2,0.0
1367974,2026-08-30_09-31-51.975-240,v3.6.25,3.46,12.0,400,-1871,-5678,4558,-2698,-5706,4309,-1889,-5754,4600,-1951,-5783,4694,0,0,0,-62,-29,94,116.3,765.0,1.393,0.977,-0.641,-272.938,-55.078,155.203,135.0,1,0.6584,-0.0263,-0.7302,0.1808,115.5,-72.2,0.0
1368002,2026-08-30_09-31-51.004-240,v3.6.25,3.46,12.0,400,-1871,-5678,4558,-2698,-5706,4309,-1889,-5754,4600,-1951,-5783,4694,0,0,0,-62,-29,94,116.3,765.0,1.273,0.483,-0.928,-345.188,-26.891,197.219,135.0,1,0.6586,-0.0391,-0.7427,0.1141,121.8,-75.8,0.0
1368121,2026-08-30_09-31-51.123-240,v3.6.25,3.46,12.0,400,-2524,-6801,2336,-3079,-6610,2226,-2536,-6826,2404,-2674,-6713,2727,0,0,0,-138,113,323,369.0,2427.5,0.973,-0.197,-0.688,-245.453,73.312,119.969,347.1,1,0.6695,-0.0470,-0.7383,0.0673,121.9,-79.2,0.0
1368156,2026-08-30_09-31-51.157-240,v3.6.25,3.46,12.0,400,-2524,-6801,2336,-2840,-6829,1947,-2536,-6826,2404,-2478,-6933,2414,0,0,0,58,-107,10,122.1,803.4,0.622,-0.364,-0.623,-213.812,65.531,136.547,139.9,1,0.6773,-0.0597,-0.7329,0.0251,121.9,-81.8,0.0
1368186,2026-08-30_09-31-52.188-240,v3.6.25,3.46,12.0,400,-2294,-6908,2262,-2657,-6902,1897,-2305,-6934,2331,-2302,-7006,2334,0,0,0,3,-72,3,72.1,474.5,0.531,-1.573,-0.156,-132.906,43.547,88.109,98.0,1,0.6816,-0.0684,-0.7285,-0.0008,122.0,-83.3,0.0
1368236,2026-08-30_09-31-52.238-240,v3.6.25,3.46,12.0,400,-2272,-6911,2276,-2657,-6902,1897,-2283,-6938,2345,-2302,-7006,2334,0,0,0,-19,-68,-11,71.5,470.1,0.632,-1.661,-0.205,167.141,-4.281,-167.797,97.4,1,0.6835,-0.0495,-0.7274,0.0367,116.5,-82.1,0.0
1368265,2026-08-30_09-31-52.266-240,v3.6.25,3.46,12.0,400,-2272,-6911,2276,-2570,-6889,2149,-2283,-6938,2345,-2172,-6989,2565,0,0,0,111,-51,220,251.6,1655.5,0.577,-0.648,-0.464,268.766,-18.047,-235.922,248.6,1,0.6823,-0.0243,-0.7245,0.0946,112.4,-79.8,0.0
1368312,2026-08-30_09-31-52.313-240,v3.6.25,3.46,12.0,400,-1984,-6862,2680,-2218,-6805,2782,-1994,-6901,2746,-1712,-6895,3123,0,0,0,282,6,377,470.8,3097.6,1.000,0.238,-0.635,313.453,-12.984,-215.703,432.6,1,0.6785,-0.0038,-0.7175,0.1577,109.9,-76.5,0.0
1368356,2026-08-30_09-31-52.358-240,v3.6.25,3.46,12.0,400,-1571,-6738,3196,-2218,-6805,2782,-1581,-6793,3258,-1712,-6895,3123,0,0,0,-131,-102,-135,214.0,1407.8,0.895,0.657,-0.494,270.500,-8.375,-136.828,217.0,1,0.6725,0.0060,-0.7099,0.2091,109.3,-73.2,0.0
1368403,2026-08-30_09-31-52.404-240,v3.6.25,3.46,12.0,400,-1324,-6564,3619,-1972,-6633,3357,-1335,-6630,3677,-1370,-6714,3641,0,0,0,-35,-84,-36,97.9,643.8,0.899,0.434,-0.481,208.141,-22.234,-79.266,119.6,1,0.6644,0.0098,-0.7053,0.2471,110.4,-70.4,0.0
1368431,2026-08-30_09-31-52.433-240,v3.6.25,3.46,12.0,400,-1343,-6402,3800,-2000,-6477,3607,-1355,-6471,3855,-1358,-6556,3890,0,0,0,-3,-85,35,92.0,605.1,0.792,0.556,-0.322,175.047,-35.562,-55.078,114.6,1,0.6544,0.0120,-0.7030,0.2782,112.4,-67.9,0.0
1368471,2026-08-30_09-31-52.473-240,v3.6.25,3.46,12.0,400,-1343,-6402,3800,-2000,-6477,3607,-1355,-6471,3855,-1358,-6556,3890,0,0,0,-3,-85,35,92.0,605.1,0.714,0.347,-0.190,127.422,-51.906,-15.172,114.6,1,0.6431,0.0108,-0.7046,0.2996,115.0,-65.9,0.0
1368501,2026-08-30_09-31-52.502-240,v3.6.25,3.46,12.0,400,-1493,-6401,3738,-2142,-6448,3583,-1506,-6467,3793,-1505,-6528,3891,0,0,0,1,-61,98,115.4,759.5,0.732,0.053,-0.227,107.812,-60.719,-1.703,134.3,1,0.6310,0.0088,-0.7079,0.3172,117.7,-64.0,0.0
1368527,2026-08-30_09-31-52.529-240,v3.6.25,3.46,12.0,400,-1493,-6401,3738,-2142,-6448,3583,-1506,-6467,3793,-1505,-6528,3891,0,0,0,1,-61,98,115.4,759.5,0.878,-0.009,-0.238,104.406,-62.328,-11.672,134.3,1,0.6187,0.0086,-0.7107,0.3347,120.2,-62.3,0.0
1368575,2026-08-30_09-31-52.577-240,v3.6.25,3.46,12.0,400,-1808,-6432,3573,-2468,-6467,3266,-1821,-6491,3629,-1886,-6553,3637,0,0,0,-65,-62,8,90.2,593.3,1.075,0.043,-0.379,88.969,-62.188,-29.625,113.1,1,0.6076,0.0120,-0.7126,0.3505,122.6,-61.0,0.0
1368606,2026-08-30_09-31-52.608-240,v3.6.25,3.46,12.0,400,-2034,-6494,3357,-2640,-6522,2981,-2047,-6545,3415,-2106,-6612,3389,0,0,0,-59,-67,-26,93.0,611.7,1.088,0.470,-0.498,56.547,-57.797,-20.688,115.5,1,0.5982,0.0158,-0.7154,0.3606,124.8,-60.2,0.0
1368643,2026-08-30_09-31-52.646-240,v3.6.25,3.46,12.0,400,-2153,-6603,3086,-2640,-6522,2981,-2165,-6647,3147,-2106,-6612,3389,0,0,0,59,35,242,251.5,1654.8,1.343,1.125,-0.433,-47.047,-46.891,40.312,248.5,1,0.5941,0.0154,-0.7234,0.3514,126.6,-60.5,0.0
1368680,2026-08-30_09-31-52.682-240,v3.6.25,3.46,12.0,400,-2153,-6603,3086,-2730,-6616,2611,-2165,-6647,3147,-2258,-6712,3043,0,0,0,-93,-65,-104,153.9,1012.6,1.198,1.299,-0.625,-198.328,-29.438,152.875,166.6,1,0.5966,0.0053,-0.7394,0.3121,128.3,-62.3,0.0
1368710,2026-08-30_09-31-52.712-240,v3.6.25,3.46,12.0,400,-2348,-6736,2565,-2730,-6616,2611,-2360,-6767,2630,-2258,-6712,3043,0,0,0,102,55,413,428.9,2822.0,0.973,0.930,-0.937,-301.453,-8.828,230.203,397.4,1,0.6028,-0.0115,-0.7572,0.2513,130.4,-65.1,0.0
1368820,2026-08-30_09-31-52.821-240,v3.6.25,3.46,12.0,400,-2323,-7207,1170,-2761,-7054,945,-2332,-7211,1249,-2568,-7171,1423,0,0,0,-236,40,174,295.9,1946.9,1.036,-0.379,-0.694,-191.188,56.594,34.156,285.8,1,0.6167,-0.0077,-0.7559,0.2196,130.3,-68.3,0.0
1368846,2026-08-30_09-31-52.847-240,v3.6.25,3.46,12.0,400,-1701,-7332,1187,-2121,-7288,894,-1708,-7345,1268,-1931,-7401,1264,0,0,0,-223,-56,-4,230.0,1512.9,0.816,-0.132,-0.524,-164.719,45.750,16.469,230.4,1,0.6280,-0.0022,-0.7539,0.1929,130.7,-71.1,0.0
1368893,2026-08-30_09-31-52.895-240,v3.6.25,3.46,12.0,400,-1701,-7332,1187,-1472,-7413,1096,-1708,-7345,1268,-1245,-7519,1350,0,0,0,463,-174,82,501.4,3298.5,0.646,-0.359,-0.355,-99.938,14.562,-6.078,458.2,1,0.6333,0.0038,-0.7531,0.1780,132.0,-72.8,0.0
1368942,2026-08-30_09-31-52.944-240,v3.6.25,3.46,12.0,400,-1123,-7451,1232,-1472,-7413,1096,-1128,-7473,1314,-1245,-7519,1350,0,0,0,-117,-46,36,130.8,860.3,0.591,-0.392,-0.371,24.438,-24.344,-73.766,147.2,1,0.6309,0.0146,-0.7528,0.1873,133.5,-72.8,0.0
1368970,2026-08-30_09-31-52.972-240,v3.6.25,3.46,12.0,400,-763,-7491,1119,-1046,-7489,1081,-768,-7515,1202,-819,-7593,1263,0,0,0,-51,-78,61,111.4,732.8,0.625,-0.234,-0.435,88.000,-41.500,-92.484,130.9,1,0.6245,0.0254,-0.7525,0.2075,134.7,-71.9,0.0
1369000,2026-08-30_09-31-52.001-240,v3.6.25,3.46,12.0,400,-763,-7491,1119,-1046,-7489,1081,-768,-7515,1202,-819,-7593,1263,0,0,0,-51,-78,61,111.4,732.8,0.740,-0.329,-0.503,161.250,-48.969,-112.266,130.9,1,0.6144,0.0353,-0.7506,0.2405,135.0,-69.9,0.0
1369042,2026-08-30_09-31-52.044-240,v3.6.25,3.46,12.0,400,-756,-7534,939,-947,-7519,828,-760,-7554,1024,-763,-7626,999,0,0,0,-3,-72,-25,76.3,501.8,0.882,-0.314,-0.661,271.422,-35.672,-157.031,101.5,1,0.6011,0.0452,-0.7422,0.2930,133.8,-66.7,0.0
1369069,2026-08-30_09-31-52.071-240,v3.6.25,3.46,12.0,400,-1103,-7461,934,-1319,-7460,802,-1108,-7477,1018,-1141,-7570,1037,0,0,0,-33,-93,19,100.5,661.1,0.938,0.147,-0.837,317.859,-14.328,-168.750,121.8,1,0.5864,0.0533,-0.7276,0.3520,132.4,-63.0,0.0
1369112,2026-08-30_09-31-52.114-240,v3.6.25,3.46,12.0,400,-1626,-7323,1435,-1319,-7460,802,-1633,-7342,1514,-1141,-7570,1037,0,0,0,492,-228,-477,722.2,4751.3,1.122,0.869,-0.855,303.609,21.422,-119.172,643.6,1,0.5736,0.0524,-0.7100,0.4050,130.8,-59.0,0.0
1369156,2026-08-30_09-31-52.158-240,v3.6.25,3.46,12.0,400,-1626,-7323,1435,-1998,-7235,1323,-1633,-7342,1514,-1735,-7342,1662,0,0,0,-102,0,148,179.7,1182.5,0.879,1.395,-0.745,180.625,35.109,17.531,188.3,1,0.5656,0.0373,-0.7020,0.4312,129.4,-55.7,0.0
1369185,2026-08-30_09-31-53.186-240,v3.6.25,3.46,12.0,400,-2162,-7001,2138,-2746,-6844,1894,-2172,-7027,2209,-2393,-6949,2347,0,0,0,-221,78,138,272.0,1789.3,0.882,1.128,-0.566,95.359,28.609,106.031,265.7,1,0.5592,0.0144,-0.7028,0.4394,128.4,-53.0,0.0
1369233,2026-08-30_09-31-53.235-240,v3.6.25,3.46,12.0,400,-2899,-6603,2372,-2746,-6844,1894,-2913,-6623,2437,-2393,-6949,2347,0,0,0,520,-326,-90,620.3,4080.9,0.738,0.097,-0.482,1.078,2.734,163.938,558.0,1,0.5537,-0.0096,-0.7128,0.4304,128.3,-51.4,0.0
1369312,2026-08-30_09-31-53.314-240,v3.6.25,3.46,12.0,400,-3711,-6285,2108,-4320,-6115,1244,-3729,-6287,2171,-4095,-6241,1981,0,0,0,-366,46,-190,414.9,2729.8,0.936,-0.563,-0.536,1.375,-35.578,27.516,385.7,1,0.5485,-0.0112,-0.7171,0.4298,129.2,-51.0,0.0
1369346,2026-08-30_09-31-53.348-240,v3.6.25,3.46,12.0,400,-4171,-6144,1768,-4320,-6115,1244,-4191,-6132,1831,-4095,-6241,1981,0,0,0,96,-109,150,208.8,1373.7,0.912,-0.245,-0.436,-22.344,-48.422,-1.094,212.7,1,0.5443,-0.0061,-0.7219,0.4274,130.7,-51.3,0.0
1369373,2026-08-30_09-31-53.375-240,v3.6.25,3.46,12.0,400,-4234,-6215,1426,-4474,-6061,901,-4254,-6195,1492,-4309,-6193,1673,0,0,0,-55,2,181,189.2,1244.6,0.915,-0.091,-0.477,-60.953,-56.188,8.141,196.2,1,0.5411,0.0007,-0.7294,0.4186,132.5,-52.2,0.0
1369420,2026-08-30_09-31-53.421-240,v3.6.25,3.46,12.0,400,-4234,-6215,1426,-4306,-6261,282,-4254,-6195,1492,-4244,-6400,1040,0,0,0,10,-205,-452,496.4,3265.9,0.661,-0.069,-0.726,-135.516,-66.219,42.188,454.1,1,0.5401,0.0082,-0.7424,0.3963,135.0,-53.9,0.0
1369465,2026-08-30_09-31-53.467-240,v3.6.25,3.46,12.0,400,-4130,-6416,769,-4306,-6261,282,-4148,-6385,841,-4244,-6400,1040,0,0,0,-96,-15,199,221.5,1456.9,0.679,-0.046,-0.726,-194.688,-61.734,52.578,223.3,1,0.5422,0.0176,-0.7569,0.3644,138.1,-56.5,0.0
1369522,2026-08-30_09-31-53.524-240,v3.6.25,3.46,12.0,400,-3804,-6716,-172,-3854,-6539,-655,-3820,-6670,-89,-3948,-6688,49,0,0,0,-128,-18,138,189.1,1244.0,0.970,-0.138,-0.863,-227.594,-18.766,36.516,196.1,1,0.5517,0.0287,-0.7662,0.3283,140.8,-59.8,0.0
1369755,2026-08-30_09-31-53.757-240,v3.6.25,3.46,12.0,400,451,-7643,-42,147,-7613,-337,448,-7658,51,131,-7731,-325,0,0,0,-317,-73,-376,497.2,3271.0,0.366,-0.500,-0.367,-32.328,42.562,2.562,454.7,1,0.5590,0.0277,-0.7623,0.3249,139.3,-60.5,0.0
1369790,2026-08-30_09-31-53.792-240,v3.6.25,3.46,12.0,400,451,-7643,-42,501,-7603,326,448,-7658,51,599,-7710,261,0,0,0,151,-52,210,263.8,1735.7,0.494,-0.449,-0.305,55.609,2.344,-62.797,258.9,1,0.5582,0.0330,-0.7568,0.3386,138.8,-60.1,0.0
1369819,2026-08-30_09-31-53.820-240,v3.6.25,3.46,12.0,400,666,-7609,216,501,-7603,326,663,-7632,307,599,-7710,261,0,0,0,-64,-78,-46,110.9,729.5,0.514,0.042,-0.351,116.031,-28.156,-85.516,130.5,1,0.5505,0.0402,-0.7513,0.3618,139.1,-58.9,0.0
1369847,2026-08-30_09-31-53.849-240,v3.6.25,3.46,12.0,400,519,-7631,37,536,-7591,313,516,-7649,129,632,-7698,242,0,0,0,116,-49,113,169.2,1113.1,0.617,0.229,-0.483,144.000,-51.234,-77.438,179.4,1,0.5375,0.0458,-0.7473,0.3880,140.2,-57.0,0.0
1369897,2026-08-30_09-31-53.898-240,v3.6.25,3.46,12.0,400,-15,-7657,-352,182,-7616,-125,-18,-7660,-256,203,-7731,-124,0,0,0,221,-71,132,267.0,1756.8,0.817,0.065,-0.623,201.422,-73.750,-77.797,261.6,1,0.5173,0.0492,-0.7428,0.4220,141.7,-54.1,0.0
1369945,2026-08-30_09-31-53.946-240,v3.6.25,3.46,12.0,400,-15,-7657,-352,-604,-7562,-695,-18,-7660,-256,-682,-7689,-545,0,0,0,-664,-29,-289,724.7,4768.1,0.923,0.437,-0.706,215.906,-74.016,-51.531,645.7,1,0.4945,0.0478,-0.7387,0.4556,143.1,-50.7,0.0
1370051,2026-08-30_09-31-53.053-240,v3.6.25,3.46,12.0,400,-1868,-7414,-868,-1636,-7345,-1111,-1876,-7381,-773,-1791,-7484,-775,0,0,0,85,-103,-2,133.6,878.7,0.945,0.891,-0.807,37.875,-59.141,104.719,149.5,1,0.4808,0.0356,-0.7497,0.4533,144.4,-48.9,0.0
1370111,2026-08-30_09-31-53.113-240,v3.6.25,3.46,12.0,400,-3039,-6895,-1851,-2492,-6996,-1529,-3053,-6823,-1756,-2727,-7148,-1036,0,0,0,326,-325,720,854.6,5622.2,0.468,-0.296,-0.713,-97.516,-53.578,150.500,754.6,1,0.4757,0.0263,-0.7677,0.4286,146.1,-48.8,0.0
1370166,2026-08-30_09-31-54.168-240,v3.6.25,3.46,12.0,400,-2880,-6775,-2579,-2720,-6700,-2397,-2895,-6689,-2480,-3111,-6867,-1845,0,0,0,-216,-178,635,693.9,4565.5,0.379,-0.143,-1.072,-123.125,-44.250,73.188,619.8,1,0.4755,0.0289,-0.7801,0.4057,148.0,-49.9,0.0
1370211,2026-08-30_09-31-54.213-240,v3.6.25,3.46,12.0,400,-2880,-6775,-2579,-2351,-6567,-3107,-2895,-6689,-2480,-2867,-6744,-2601,0,0,0,28,-55,-121,135.8,893.6,0.498,0.025,-0.988,-189.234,-19.422,77.922,151.4,1,0.4825,0.0342,-0.7919,0.3728,150.1,-52.2,0.0
1370523,2026-08-30_09-31-54.524-240,v3.6.25,3.46,12.0,400,1339,-7485,-1188,1033,-7560,-365,1336,-7486,-1088,1011,-7675,-504,0,0,0,-325,-189,584,694.6,4569.4,0.670,-0.159,-0.721,262.078,88.672,-122.219,620.3,1,0.4823,0.0258,-0.7684,0.4198,145.6,-49.7,0.0
1370575,2026-08-30_09-31-54.576-240,v3.6.25,3.46,12.0,400,905,-7585,-500,1033,-7560,-365,902,-7596,-404,1011,-7675,-504,0,0,0,109,-79,-100,167.7,1103.3,0.824,0.521,-0.765,293.406,89.641,-93.281,178.2,1,0.4776,0.0108,-0.7436,0.4677,141.6,-46.1,0.0
1370632,2026-08-30_09-31-54.634-240,v3.6.25,3.46,12.0,400,154,-7648,348,96,-7651,335,151,-7668,438,197,-7759,339,0,0,0,46,-91,-99,142.1,935.0,1.034,0.667,-0.590,244.984,76.281,-9.109,156.7,1,0.4701,-0.0113,-0.7259,0.5019,138.8,-42.2,0.0
1370807,2026-08-30_09-31-54.808-240,v3.6.25,3.46,12.0,400,-3045,-6854,1303,-2941,-6874,1419,-3058,-6850,1377,-2670,-6986,1917,0,0,0,388,-136,540,678.7,4465.2,0.716,0.421,-0.728,-223.094,-29.609,253.188,607.0,1,0.4711,-0.0271,-0.7558,0.4540,139.8,-43.4,0.0
1370982,2026-08-30_09-31-54.983-240,v3.6.25,3.46,12.0,400,-2172,-7338,-1116,-2255,-7120,-1485,-2181,-7295,-1020,-2480,-7269,-1034,0,0,0,-299,26,-14,300.5,1976.7,0.640,-1.231,-0.794,-124.953,83.625,18.656,289.6,1,0.4892,-0.0271,-0.7549,0.4359,138.0,-45.6,0.0
1371009,2026-08-30_09-31-54.012-240,v3.6.25,3.46,12.0,400,-1503,-7538,-779,-1513,-7399,-1069,-1509,-7512,-683,-1660,-7537,-755,0,0,0,-151,-25,-72,169.1,1112.8,0.669,-0.939,-0.645,-75.125,78.672,-50.875,179.4,1,0.5066,-0.0204,-0.7472,0.4296,136.2,-47.7,0.0
1371048,2026-08-30_09-31-54.050-240,v3.6.25,3.46,12.0,400,-1503,-7538,-779,-1513,-7399,-1069,-1509,-7512,-683,-1660,-7537,-755,0,0,0,-151,-25,-72,169.1,1112.8,0.463,-0.596,-0.533,-16.516,60.250,-123.422,179.4,1,0.5205,-0.0060,-0.7341,0.4361,134.7,-49.4,0.0
1371101,2026-08-30_09-31-54.102-240,v3.6.25,3.46,12.0,400,-872,-7637,-311,-919,-7556,-435,-876,-7630,-216,-953,-7681,-238,0,0,0,-77,-51,-22,94.9,624.6,0.645,-0.272,-0.377,56.781,31.656,-159.172,117.1,1,0.5272,0.0109,-0.7176,0.4550,133.7,-50.0,0.0
1371127,2026-08-30_09-31-54.129-240,v3.6.25,3.46,12.0,400,-317,-7659,3,-354,-7620,34,-320,-7666,95,-305,-7735,122,0,0,0,15,-69,27,75.6,497.4,0.637,-0.000,-0.262,86.938,26.172,-149.281,100.9,1,0.5301,0.0248,-0.7006,0.4770,132.8,-50.0,0.0
1371161,2026-08-30_09-31-55.162-240,v3.6.25,3.46,12.0,400,-85,-7650,221,-354,-7620,34,-88,-7664,312,-305,-7735,122,0,0,0,-217,-71,-190,297.0,1954.2,0.826,0.077,-0.407,115.484,27.016,-120.750,286.7,1,0.5295,0.0331,-0.6839,0.5008,132.0,-49.2,0.0
1371211,2026-08-30_09-31-55.213-240,v3.6.25,3.46,12.0,400,-85,-7650,221,-160,-7616,297,-88,-7664,312,-66,-7726,346,0,0,0,22,-62,34,74.1,487.2,1.115,-0.228,-0.475,175.031,45.297,-103.484,99.6,1,0.5250,0.0339,-0.6637,0.5317,131.0,-47.1,0.0
1371257,2026-08-30_09-31-55.259-240,v3.6.25,3.46,12.0,400,-159,-7622,557,-353,-7599,674,-162,-7642,646,-194,-7705,747,0,0,0,-32,-63,101,123.3,810.9,1.136,-0.190,-0.514,249.500,73.516,-129.359,140.9,1,0.5177,0.0316,-0.6344,0.5732,129.9,-43.9,0.0
1371286,2026-08-30_09-31-55.287-240,v3.6.25,3.46,12.0,400,-437,-7526,1198,-798,-7472,1457,-441,-7556,1281,-507,-7570,1587,0,0,0,-66,-14,306,313.3,2061.5,1.176,0.171,-0.541,265.922,87.422,-117.719,300.4,1,0.5084,0.0255,-0.6025,0.6147,129.0,-40.1,0.0
1371416,2026-08-30_09-31-55.417-240,v3.6.25,3.46,12.0,400,-1073,-6908,3001,-1842,-6777,3205,-1081,-6966,3066,-1264,-6859,3471,0,0,0,-183,107,405,457.1,3007.4,0.732,0.109,-0.281,204.938,27.469,-32.109,421.1,1,0.4932,0.0176,-0.5858,0.6429,129.9,-36.9,0.0
1371452,2026-08-30_09-31-55.454-240,v3.6.25,3.46,12.0,400,-1392,-6549,3600,-1842,-6777,3205,-1403,-6614,3657,-1264,-6859,3471,0,0,0,139,-245,-186,337.6,2220.7,0.811,0.253,-0.281,171.625,0.203,-10.953,320.7,1,0.4768,0.0114,-0.5746,0.6651,131.3,-34.3,0.0
1371480,2026-08-30_09-31-55.481-240,v3.6.25,3.46,12.0,400,-1710,-6278,3899,-2259,-6406,3583,-1724,-6344,3952,-1623,-6487,3911,0,0,0,101,-143,-41,179.8,1182.9,0.866,0.319,-0.189,134.938,-15.984,4.516,188.4,1,0.4613,0.0069,-0.5679,0.6816,132.8,-32.2,0.0
1371522,2026-08-30_09-31-55.524-240,v3.6.25,3.46,12.0,400,-1710,-6278,3899,-2674,-6205,3606,-1724,-6344,3952,-2038,-6289,4004,0,0,0,-314,55,52,323.0,2125.0,1.104,0.724,-0.131,45.922,-26.703,51.344,308.5,1,0.4509,0.0021,-0.5720,0.6852,133.9,-31.2,0.0
1371571,2026-08-30_09-31-55.573-240,v3.6.25,3.46,12.0,400,-2079,-6146,3905,-2674,-6205,3606,-2094,-6207,3956,-2038,-6289,4004,0,0,0,56,-82,48,110.3,725.6,1.413,0.844,-0.164,-119.422,-17.734,131.531,130.0,1,0.4536,-0.0055,-0.5932,0.6651,134.0,-32.1,0.0
1371599,2026-08-30_09-31-55.601-240,v3.6.25,3.46,12.0,400,-2549,-6161,3553,-3127,-6180,3197,-2565,-6208,3606,-2563,-6272,3683,0,0,0,2,-64,77,100.1,658.8,1.307,0.472,-0.491,-212.047,2.656,186.844,121.5,1,0.4637,-0.0174,-0.6228,0.6299,133.2,-33.8,0.0
1371627,2026-08-30_09-31-55.629-240,v3.6.25,3.46,12.0,400,-2549,-6161,3553,-3127,-6180,3197,-2565,-6208,3606,-2563,-6272,3683,0,0,0,2,-64,77,100.1,658.8,1.202,0.083,-0.688,-273.297,30.750,227.922,121.5,1,0.4789,-0.0340,-0.6556,0.5828,131.8,-36.0,0.0
1371688,2026-08-30_09-31-55.690-240,v3.6.25,3.46,12.0,400,-3481,-6445,2079,-3681,-6286,2386,-3497,-6450,2144,-3255,-6392,2986,0,0,0,242,58,842,878.0,5776.3,0.905,-0.844,-0.907,-299.469,79.219,229.047,774.3,1,0.4997,-0.0540,-0.6835,0.5294,129.4,-38.7,0.0
1371746,2026-08-30_09-31-55.748-240,v3.6.25,3.46,12.0,400,-3477,-6615,1694,-3843,-6404,1439,-3492,-6613,1763,-3578,-6523,2090,0,0,0,-86,90,327,349.9,2301.9,0.714,-0.974,-0.705,-209.969,93.531,100.141,331.1,1,0.5209,-0.0633,-0.6932,0.4941,126.7,-41.3,0.0
1371786,2026-08-30_09-31-55.788-240,v3.6.25,3.46,12.0,400,-3477,-6615,1694,-3669,-6595,1151,-3492,-6613,1763,-3450,-6716,1780,0,0,0,42,-103,17,112.5,740.3,0.677,-1.040,-0.523,-157.938,85.688,28.328,131.9,1,0.5406,-0.0654,-0.6944,0.4704,124.2,-43.6,0.0
1371814,2026-08-30_09-31-55.816-240,v3.6.25,3.46,12.0,400,-3114,-6780,1764,-3230,-6810,1416,-3127,-6785,1835,-2961,-6924,1963,0,0,0,166,-139,128,251.5,1654.7,0.584,-0.857,-0.453,-115.047,70.391,-21.828,248.5,1,0.5577,-0.0616,-0.6911,0.4555,122.0,-45.6,0.0
1371862,2026-08-30_09-31-55.864-240,v3.6.25,3.46,12.0,400,-2551,-6915,2036,-3230,-6810,1416,-2562,-6933,2107,-2961,-6924,1963,0,0,0,-399,9,-144,424.3,2791.4,0.509,-0.623,-0.134,-54.156,41.344,-73.125,393.5,1,0.5697,-0.0517,-0.6842,0.4523,120.5,-47.1,0.0
1371890,2026-08-30_09-31-55.891-240,v3.6.25,3.46,12.0,400,-2551,-6915,2036,-2644,-6955,1845,-2562,-6933,2107,-2297,-7059,2282,0,0,0,265,-126,175,341.7,2247.7,0.554,-0.845,-0.018,-3.875,27.156,-94.703,324.2,1,0.5775,-0.0404,-0.6748,0.4577,119.5,-47.9,0.0
1371923,2026-08-30_09-31-55.925-240,v3.6.25,3.46,12.0,400,-1950,-6995,2316,-2644,-6955,1845,-1960,-7027,2386,-2297,-7059,2282,0,0,0,-337,-32,-104,354.1,2329.8,0.766,-0.867,0.150,74.906,20.734,-127.562,334.7,1,0.5807,-0.0278,-0.6599,0.4760,118.8,-47.7,0.0
1371965,2026-08-30_09-31-55.967-240,v3.6.25,3.46,12.0,400,-1452,-6996,2645,-2079,-7033,2254,-1461,-7042,2713,-1660,-7128,2584,0,0,0,-199,-86,-129,252.3,1659.6,0.985,-0.448,-0.126,159.562,31.031,-148.203,249.2,1,0.5797,-0.0167,-0.6378,0.5067,118.3,-46.3,0.0
1371996,2026-08-30_09-31-55.997-240,v3.6.25,3.46,12.0,400,-1452,-6996,2645,-1697,-6954,2819,-1461,-7042,2713,-1181,-7040,3070,0,0,0,280,2,357,453.7,2984.9,1.062,-0.170,-0.231,193.594,47.188,-138.875,418.2,1,0.5767,-0.0096,-0.6123,0.5408,117.8,-44.1,0.0
1372041,2026-08-30_09-31-55.043-240,v3.6.25,3.46,12.0,400,-1073,-6840,3162,-1697,-6954,2819,-1082,-6901,3225,-1181,-7040,3070,0,0,0,-99,-139,-155,230.5,1516.7,1.294,-0.027,-0.263,220.984,73.875,-118.562,230.9,1,0.5721,-0.0089,-0.5831,0.5767,117.3,-41.1,0.0
1372070,2026-08-30_09-31-55.071-240,v3.6.25,3.46,12.0,400,-783,-6516,3854,-1479,-6659,3598,-793,-6594,3910,-835,-6734,3792,0,0,0,-42,-140,-118,187.9,1235.9,1.256,0.087,-0.251,227.828,87.375,-103.078,195.1,1,0.5662,-0.0119,-0.5524,0.6117,116.9,-37.7,0.0
1372152,2026-08-30_09-31-55.154-240,v3.6.25,3.46,12.0,400,-499,-5997,4638,-1326,-6150,4508,-512,-6093,4683,-535,-6215,4653,0,0,0,-23,-122,-30,127.7,840.3,0.944,0.234,0.054,185.312,67.203,-11.641,144.6,1,0.5561,-0.0236,-0.5333,0.6370,117.4,-34.3,0.0
1372181,2026-08-30_09-31-56.182-240,v3.6.25,3.46,12.0,400,-431,-5434,5294,-1350,-5515,5280,-448,-5543,5329,-439,-5573,5410,0,0,0,9,-30,81,86.8,571.3,0.887,0.029,0.195,179.109,41.047,0.328,110.3,1,0.5428,-0.0339,-0.5176,0.6605,118.5,-31.1,0.0
1372216,2026-08-30_09-31-56.218-240,v3.6.25,3.46,12.0,400,-550,-5006,5682,-1350,-5515,5280,-570,-5120,5710,-439,-5573,5410,0,0,0,131,-453,-300,558.9,3677.0,0.869,-0.091,0.157,180.328,8.391,-2.109,506.5,1,0.5260,-0.0401,-0.5041,0.6838,120.3,-28.4,0.0
1372261,2026-08-30_09-31-56.263-240,v3.6.25,3.46,12.0,400,-550,-5006,5682,-1545,-5085,5636,-570,-5120,5710,-581,-5141,5790,0,0,0,-11,-21,80,83.4,548.9,0.799,-0.008,0.094,158.594,-28.172,-10.406,107.5,1,0.5082,-0.0400,-0.4941,0.7043,122.4,-26.5,0.0
1372291,2026-08-30_09-31-56.292-240,v3.6.25,3.46,12.0,400,-669,-4830,5800,-1691,-4931,5686,-691,-4944,5825,-721,-4988,5864,0,0,0,-30,-44,39,66.0,434.3,0.898,0.105,0.110,131.672,-45.328,-27.406,92.8,1,0.4925,-0.0350,-0.4853,0.7216,124.5,-25.3,0.0
1372331,2026-08-30_09-31-56.333-240,v3.6.25,3.46,12.0,400,-671,-4928,5680,-1691,-4931,5686,-692,-5040,5707,-721,-4988,5864,0,0,0,-29,52,157,167.9,1104.7,1.086,0.763,0.209,60.703,-55.703,-29.969,178.4,1,0.4833,-0.0261,-0.4819,0.7304,126.0,-25.3,0.0
1372365,2026-08-30_09-31-56.367-240,v3.6.25,3.46,12.0,400,-671,-4928,5680,-1628,-5105,5543,-692,-5040,5707,-680,-5163,5714,0,0,0,12,-123,7,123.8,814.4,1.401,1.295,0.141,-82.406,-47.453,40.859,141.3,1,0.4854,-0.0220,-0.4950,0.7203,126.2,-26.7,0.0
1372396,2026-08-30_09-31-56.398-240,v3.6.25,3.46,12.0,400,-646,-5200,5435,-1708,-5420,5166,-665,-5308,5467,-818,-5482,5360,0,0,0,-153,-174,-107,255.2,1679.0,1.347,1.073,-0.265,-204.016,-27.969,115.203,251.6,1,0.4968,-0.0250,-0.5220,0.6928,125.3,-29.0,0.0
1372446,2026-08-30_09-31-56.448-240,v3.6.25,3.46,12.0,400,-1079,-5493,5072,-1708,-5420,5166,-1097,-5589,5109,-818,-5482,5360,0,0,0,279,107,251,390.2,2567.4,1.435,-0.103,-0.666,-334.047,25.750,176.719,365.0,1,0.5211,-0.0368,-0.5576,0.6451,122.5,-32.3,0.0
1372475,2026-08-30_09-31-56.476-240,v3.6.25,3.46,12.0,400,-1716,-5664,4699,-2295,-5671,4598,-1734,-5744,4740,-1499,-5742,4907,0,0,0,235,2,167,288.3,1896.7,1.332,-0.547,-0.666,-332.688,61.938,153.562,279.4,1,0.5481,-0.0498,-0.5853,0.5954,119.0,-35.6,0.0
1372523,2026-08-30_09-31-56.525-240,v3.6.25,3.46,12.0,400,-1716,-5664,4699,-2729,-5754,4284,-1734,-5744,4740,-1985,-5831,4675,0,0,0,-251,-87,-65,273.5,1799.3,1.150,-0.659,-0.296,-283.281,102.391,89.844,267.0,1,0.5769,-0.0606,-0.5983,0.5528,114.7,-38.6,0.0
1372561,2026-08-30_09-31-56.563-240,v3.6.25,3.46,12.0,400,-1973,-5699,4630,-2729,-5754,4284,-1991,-5775,4672,-1985,-5831,4675,0,0,0,6,-56,3,56.4,371.1,0.898,-0.749,-0.298,-241.766,110.938,70.516,84.8,1,0.6030,-0.0712,-0.6048,0.5153,110.4,-41.0,0.0
1372610,2026-08-30_09-31-56.612-240,v3.6.25,3.46,12.0,400,-1975,-5556,4788,-2769,-5642,4425,-1994,-5635,4827,-2003,-5718,4819,0,0,0,-9,-83,-8,83.9,551.8,0.687,-0.761,-0.042,-156.438,91.547,6.844,107.8,1,0.6232,-0.0748,-0.6031,0.4923,106.8,-42.7,0.0
1372640,2026-08-30_09-31-56.642-240,v3.6.25,3.46,12.0,400,-1807,-5362,5060,-2657,-5484,4757,-1827,-5448,5095,-1837,-5556,5124,0,0,0,-10,-108,29,112.3,738.6,0.563,-0.786,0.138,-97.734,69.516,-33.484,131.7,1,0.6386,-0.0730,-0.5977,0.4792,103.9,-43.9,0.0
1372678,2026-08-30_09-31-56.679-240,v3.6.25,3.46,12.0,400,-1807,-5362,5060,-2657,-5484,4757,-1827,-5448,5095,-1837,-5556,5124,0,0,0,-10,-108,29,112.3,738.6,0.462,-0.761,0.457,-6.812,36.062,-74.062,131.7,1,0.6465,-0.0653,-0.5883,0.4813,102.5,-44.3,0.0
1372706,2026-08-30_09-31-56.708-240,v3.6.25,3.46,12.0,400,-1345,-5271,5263,-2244,-5356,5121,-1365,-5367,5296,-1364,-5421,5408,0,0,0,1,-54,112,124.3,818.0,0.720,-0.857,0.487,63.141,21.016,-90.562,141.8,1,0.6489,-0.0562,-0.5757,0.4943,102.1,-43.8,0.0
1372740,2026-08-30_09-31-56.743-240,v3.6.25,3.46,12.0,400,-778,-5155,5527,-2244,-5356,5121,-798,-5263,5558,-1364,-5421,5408,0,0,0,-566,-158,-150,606.5,3990.0,1.080,-0.983,0.417,165.406,21.016,-126.000,546.4,1,0.6454,-0.0448,-0.5547,0.5232,102.7,-42.0,0.0
1372786,2026-08-30_09-31-56.787-240,v3.6.25,3.46,12.0,400,-778,-5155,5527,-1650,-5236,5481,-798,-5263,5558,-710,-5294,5657,0,0,0,88,-31,99,136.0,895.0,1.322,-0.409,0.108,284.234,46.172,-174.922,151.6,1,0.6367,-0.0312,-0.5196,0.5689,103.9,-38.8,0.0
1372943,2026-08-30_09-31-56.944-240,v3.6.25,3.46,12.0,400,1960,-3901,6192,1054,-3896,6626,1935,-4053,6206,2165,-3933,6309,0,0,0,230,120,103,279.1,1836.3,0.744,0.713,0.490,174.219,38.938,60.500,271.7,1,0.6222,-0.0475,-0.5097,0.5923,105.7,-35.3,0.0
1372969,2026-08-30_09-31-56.970-240,v3.6.25,3.46,12.0,400,2160,-3588,6364,1054,-3896,6626,2133,-3744,6374,2165,-3933,6309,0,0,0,32,-189,-65,202.4,1331.6,0.757,0.393,0.526,166.500,15.609,67.719,207.3,1,0.6051,-0.0623,-0.5029,0.6140,107.9,-32.2,0.0
1372997,2026-08-30_09-31-56.999-240,v3.6.25,3.46,12.0,400,2160,-3588,6364,809,-3674,6790,2133,-3744,6374,1944,-3711,6511,0,0,0,-189,33,137,235.8,1551.0,0.923,0.276,0.600,161.969,-6.375,54.875,235.3,1,0.5867,-0.0727,-0.4970,0.6352,110.2,-29.4,0.0
1373028,2026-08-30_09-31-56.030-240,v3.6.25,3.46,12.0,400,1794,-3539,6491,809,-3674,6790,1766,-3693,6499,1944,-3711,6511,0,0,0,178,-18,12,179.3,1179.7,1.126,0.065,0.405,146.312,-26.531,27.188,187.9,1,0.5693,-0.0768,-0.4913,0.6547,112.5,-27.3,0.0
1373056,2026-08-30_09-31-56.058-240,v3.6.25,3.46,12.0,400,1591,-3733,6418,466,-3797,6741,1564,-3884,6429,1595,-3836,6522,0,0,0,31,48,93,109.2,718.1,0.916,0.440,0.360,130.562,-43.156,1.734,129.1,1,0.5533,-0.0751,-0.4858,0.6725,114.7,-25.9,0.0
1373098,2026-08-30_09-31-56.101-240,v3.6.25,3.46,12.0,400,1591,-3733,6418,391,-4109,6517,1564,-3884,6429,1487,-4150,6317,0,0,0,-77,-266,-112,298.7,1965.2,0.875,1.126,0.166,32.797,-57.266,27.328,288.1,1,0.5434,-0.0724,-0.4908,0.6772,116.3,-25.8,0.0
1373145,2026-08-30_09-31-56.147-240,v3.6.25,3.46,12.0,400,1434,-4057,6224,391,-4109,6517,1409,-4203,6239,1487,-4150,6317,0,0,0,78,53,78,122.4,805.1,1.050,1.219,0.232,-128.391,-57.469,99.484,140.2,1,0.5437,-0.0744,-0.5138,0.6595,116.6,-27.4,0.0
1373176,2026-08-30_09-31-57.178-240,v3.6.25,3.46,12.0,400,1036,-4441,6051,22,-4536,6256,1013,-4580,6071,1082,-4579,6126,0,0,0,69,1,55,88.2,580.6,1.145,0.995,-0.027,-222.234,-38.844,138.875,111.5,1,0.5509,-0.0804,-0.5445,0.6274,116.0,-29.9,0.0
1373203,2026-08-30_09-31-57.205-240,v3.6.25,3.46,12.0,400,1036,-4441,6051,22,-4536,6256,1013,-4580,6071,1082,-4579,6126,0,0,0,69,1,55,88.2,580.6,1.256,0.499,-0.211,-299.656,-9.672,169.297,111.5,1,0.5641,-0.0908,-0.5786,0.5820,114.5,-33.2,0.0
1373265,2026-08-30_09-31-57.267-240,v3.6.25,3.46,12.0,400,-742,-4769,5836,-845,-4821,5967,-764,-4882,5861,170,-4871,5993,0,0,0,934,11,132,943.3,6206.2,1.248,-0.328,-0.296,-302.078,58.516,105.203,829.1,1,0.5868,-0.0990,-0.5991,0.5357,111.3,-36.7,0.0
1373319,2026-08-30_09-31-57.321-240,v3.6.25,3.46,12.0,400,-1184,-4656,5869,-1811,-4862,5700,-1208,-4764,5892,-841,-4920,5898,0,0,0,367,-156,6,398.8,2623.8,0.962,-0.420,-0.232,-268.344,86.422,77.906,372.2,1,0.6100,-0.1071,-0.6108,0.4933,107.6,-39.8,0.0
1373363,2026-08-30_09-31-57.365-240,v3.6.25,3.46,12.0,400,-1184,-4656,5869,-2243,-4705,5648,-1208,-4764,5892,-1285,-4767,5921,0,0,0,-77,-3,29,82.3,541.7,0.866,-0.351,-0.120,-208.641,85.547,53.484,106.5,1,0.6294,-0.1139,-0.6162,0.4596,104.2,-42.1,0.0
1373391,2026-08-30_09-31-57.392-240,v3.6.25,3.46,12.0,400,-1461,-4477,5961,-2520,-4490,5741,-1487,-4582,5981,-1550,-4553,6059,0,0,0,-63,29,78,104.4,686.7,0.723,-0.475,0.021,-169.203,73.656,48.266,125.0,1,0.6445,-0.1207,-0.6195,0.4317,101.2,-44.0,0.0
1373439,2026-08-30_09-31-57.440-240,v3.6.25,3.46,12.0,400,-1657,-4284,6049,-2520,-4490,5741,-1684,-4388,6066,-1550,-4553,6059,0,0,0,134,-165,-7,212.7,1399.2,0.564,-1.038,0.583,-46.000,50.500,6.531,215.9,1,0.6520,-0.1243,-0.6159,0.4244,99.6,-44.2,0.0
1373467,2026-08-30_09-31-57.469-240,v3.6.25,3.46,12.0,400,-1657,-4284,6049,-2719,-4275,5827,-1684,-4388,6066,-1739,-4339,6177,0,0,0,-55,49,111,133.2,876.4,0.602,-0.936,0.720,38.609,37.266,-17.656,149.3,1,0.6548,-0.1263,-0.6078,0.4311,98.8,-43.4,0.0
1373499,2026-08-30_09-31-57.501-240,v3.6.25,3.46,12.0,400,-1683,-4064,6216,-2719,-4275,5827,-1712,-4170,6230,-1739,-4339,6177,0,0,0,-27,-169,-53,179.2,1178.7,0.907,-0.897,0.599,128.328,33.219,-29.438,187.8,1,0.6529,-0.1292,-0.5941,0.4518,98.7,-41.2,0.0
1373527,2026-08-30_09-31-57.529-240,v3.6.25,3.46,12.0,400,-1476,-3696,6512,-2626,-3966,6116,-1507,-3810,6520,-1602,-4028,6443,0,0,0,-95,-218,-77,250.0,1644.4,1.044,-0.769,0.488,196.734,35.500,-48.250,247.2,1,0.6478,-0.1314,-0.5744,0.4828,99.2,-38.1,0.0
1373575,2026-08-30_09-31-57.578-240,v3.6.25,3.46,12.0,400,-1476,-3696,6512,-2276,-3426,6616,-1507,-3810,6520,-1177,-3482,6870,0,0,0,330,328,350,582.2,3830.4,1.126,-0.409,0.257,292.312,51.547,-90.594,526.1,1,0.6398,-0.1311,-0.5432,0.5276,100.2,-33.8,0.0
1373615,2026-08-30_09-31-57.616-240,v3.6.25,3.46,12.0,400,-928,-3114,6954,-2276,-3426,6616,-962,-3241,6953,-1177,-3482,6870,0,0,0,-215,-241,-83,333.5,2193.8,1.009,0.041,0.345,313.766,61.953,-88.469,317.3,1,0.6292,-0.1320,-0.5078,0.5735,101.5,-29.2,0.0
1373737,2026-08-30_09-31-57.738-240,v3.6.25,3.46,12.0,400,1655,-1669,7339,-333,-2027,7516,1613,-1831,7322,893,-2070,7413,0,0,0,-720,-239,91,764.1,5026.8,0.605,0.612,0.637,196.609,-6.219,-10.750,678.7,1,0.6143,-0.1341,-0.4928,0.6016,103.5,-26.4,0.0
1373791,2026-08-30_09-31-57.792-240,v3.6.25,3.46,12.0,400,2008,-1860,7114,460,-1787,7532,1968,-2023,7100,1685,-1828,7292,0,0,0,-283,195,192,393.7,2590.0,0.626,0.438,0.570,121.156,-52.969,-4.062,367.8,1,0.6003,-0.1304,-0.4883,0.6199,105.7,-25.1,0.0
1373841,2026-08-30_09-31-57.842-240,v3.6.25,3.46,12.0,400,2008,-1860,7114,811,-2063,7449,1968,-2023,7100,2027,-2101,7152,0,0,0,59,-78,52,110.8,728.7,0.738,0.892,0.609,59.422,-74.375,-29.750,130.4,1,0.5912,-0.1196,-0.4884,0.6306,107.5,-25.3,0.0
1373867,2026-08-30_09-31-57.869-240,v3.6.25,3.46,12.0,400,2228,-2387,6857,1073,-2666,7196,2192,-2549,6851,2258,-2703,6861,0,0,0,66,-154,10,167.8,1104.2,0.968,1.629,0.480,-31.656,-71.000,4.922,178.3,1,0.5875,-0.1115,-0.4976,0.6284,108.5,-26.4,0.0
1373905,2026-08-30_09-31-57.906-240,v3.6.25,3.46,12.0,400,2240,-2893,6691,1073,-2666,7196,2208,-3054,6691,2258,-2703,6861,0,0,0,50,351,170,393.2,2586.8,1.327,1.716,0.307,-204.312,-46.281,112.953,367.4,1,0.5924,-0.1161,-0.5255,0.5996,108.0,-28.9,0.0
1373945,2026-08-30_09-31-57.947-240,v3.6.25,3.46,12.0,400,2240,-2893,6691,852,-3160,7045,2208,-3054,6691,2021,-3197,6752,0,0,0,-187,-143,61,243.2,1599.9,1.455,0.629,-0.104,-330.969,6.781,179.453,241.5,1,0.6060,-0.1313,-0.5605,0.5490,105.9,-32.4,0.0
1374083,2026-08-30_09-31-57.084-240,v3.6.25,3.46,12.0,400,-705,-2591,7146,-1755,-2862,6982,-743,-2723,7139,-604,-2914,7137,0,0,0,139,-191,-2,236.2,1554.2,0.496,-0.081,0.369,-141.812,61.703,-94.062,235.7,1,0.6283,-0.1196,-0.5557,0.5311,102.8,-34.8,0.0
1374111,2026-08-30_09-31-57.113-240,v3.6.25,3.46,12.0,400,-404,-2339,7246,-1760,-2492,7156,-443,-2476,7235,-586,-2544,7307,0,0,0,-143,-68,72,173.9,1144.4,0.276,0.482,0.445,-143.625,24.266,-56.703,183.4,1,0.6442,-0.1096,-0.5574,0.5121,100.6,-37.3,0.0
1374157,2026-08-30_09-31-57.158-240,v3.6.25,3.46,12.0,400,-294,-2441,7205,-1481,-2509,7200,-332,-2579,7196,-299,-2559,7302,0,0,0,33,20,106,112.8,742.1,0.403,-0.361,0.819,-102.016,-17.234,13.797,132.1,1,0.6484,-0.1077,-0.5657,0.4979,100.0,-38.8,0.0
1374205,2026-08-30_09-31-58.206-240,v3.6.25,3.46,12.0,400,-294,-2441,7205,-1618,-2746,7085,-332,-2579,7196,-451,-2797,7214,0,0,0,-119,-218,18,249.0,1638.3,0.892,-1.368,0.929,74.625,-19.531,-44.812,246.4,1,0.6440,-0.1021,-0.5596,0.5115,100.9,-38.0,0.0
1374257,2026-08-30_09-31-58.259-240,v3.6.25,3.46,12.0,400,-388,-2636,7146,-1618,-2746,7085,-425,-2772,7139,-451,-2797,7214,0,0,0,-26,-25,75,83.2,547.5,1.015,-0.585,0.322,283.438,21.594,-159.375,107.3,1,0.6353,-0.0889,-0.5274,0.5570,102.4,-34.8,0.0
1374431,2026-08-30_09-31-58.432-240,v3.6.25,3.48,12.0,400,3785,-820,6659,2487,-1400,7223,3740,-991,6638,3652,-1438,6643,0,0,0,-88,-447,5,455.6,2997.4,0.188,0.519,0.516,69.391,67.500,110.594,419.8,1,0.6292,-0.1129,-0.5231,0.5636,102.4,-32.1,0.0
1374470,2026-08-30_09-31-58.472-240,v3.6.25,3.48,12.0,400,3785,-820,6659,2482,-825,7374,3740,-991,6638,3661,-864,6790,0,0,0,-79,127,152,213.2,1402.9,0.196,-0.023,0.701,91.469,19.844,67.750,216.4,1,0.6194,-0.1270,-0.5190,0.5752,103.4,-29.8,0.0
1374501,2026-08-30_09-31-58.502-240,v3.6.25,3.48,12.0,400,3410,-607,6877,2160,-792,7443,3363,-777,6852,3350,-832,6913,0,0,0,-13,-55,61,83.2,547.1,0.384,0.534,0.874,87.562,-10.891,28.562,107.2,1,0.6097,-0.1322,-0.5154,0.5875,104.6,-28.2,0.0
1374551,2026-08-30_09-31-58.553-240,v3.6.25,3.48,12.0,400,3360,-770,6883,2160,-792,7443,3314,-940,6859,3350,-832,6913,0,0,0,36,108,54,126.0,828.9,0.740,1.374,0.959,-35.953,-33.891,77.266,143.2,1,0.6039,-0.1384,-0.5267,0.5820,105.3,-28.4,0.0
1374580,2026-08-30_09-31-58.581-240,v3.6.25,3.48,12.0,400,2961,-1011,7051,2043,-1083,7459,2917,-1181,7029,3242,-1122,6949,0,0,0,325,59,-80,339.9,2235.9,0.917,1.317,0.632,-139.031,-30.219,123.047,322.7,1,0.6026,-0.1483,-0.5482,0.5606,105.3,-29.6,0.0
1374729,2026-08-30_09-31-58.730-240,v3.6.25,3.48,12.0,400,11,-1146,7568,-880,-1259,7578,-36,-1290,7543,341,-1309,7566,0,0,0,377,-19,23,378.2,2488.0,0.827,-0.480,0.212,-300.781,52.922,40.297,354.8,1,0.6257,-0.1500,-0.5653,0.5162,101.9,-33.5,0.0
1374786,2026-08-30_09-31-58.788-240,v3.6.25,3.48,12.0,400,-1239,-1155,7443,-2371,-1230,7202,-1288,-1280,7418,-1215,-1292,7455,0,0,0,73,-12,37,82.7,544.2,0.637,-0.630,0.518,-242.047,43.906,16.750,106.9,1,0.6440,-0.1492,-0.5766,0.4801,99.1,-36.8,0.0
1374845,2026-08-30_09-31-58.847-240,v3.6.25,3.48,12.0,400,-2374,-1532,7097,-3118,-1407,6881,-2422,-1637,7078,-2015,-1476,7270,0,0,0,407,161,192,477.9,3144.4,0.376,-1.142,0.875,-91.234,21.656,-30.281,438.6,1,0.6533,-0.1445,-0.5774,0.4679,97.7,-38.3,0.0
1374891,2026-08-30_09-31-58.893-240,v3.6.25,3.48,12.0,400,-2374,-1532,7097,-3511,-1606,6685,-2422,-1637,7078,-2438,-1679,7147,0,0,0,-16,-42,69,82.3,541.8,0.481,-0.962,0.861,61.234,11.953,-65.469,106.6,1,0.6549,-0.1382,-0.5675,0.4796,97.6,-37.6,0.0
1374920,2026-08-30_09-31-58.921-240,v3.6.25,3.48,12.0,400,-2185,-1575,7190,-3238,-1599,6889,-2233,-1684,7171,-2129,-1668,7299,0,0,0,104,16,128,165.7,1090.1,0.660,-0.715,0.582,140.562,17.641,-74.859,176.5,1,0.6525,-0.1330,-0.5511,0.5029,98.0,-35.8,0.0
1374960,2026-08-30_09-31-58.962-240,v3.6.25,3.48,12.0,400,-1522,-1312,7427,-3238,-1599,6889,-1570,-1434,7404,-2129,-1668,7299,0,0,0,-559,-234,-105,615.0,4046.3,0.937,-0.504,0.522,220.453,42.797,-96.875,553.6,1,0.6481,-0.1286,-0.5244,0.5371,98.7,-32.8,0.0
1375194,2026-08-30_09-31-59.195-240,v3.6.25,3.48,12.0,400,3146,1533,6925,1864,1378,7474,3083,1374,6876,3015,1322,6991,0,0,0,-68,-52,115,143.4,943.2,0.141,0.005,0.975,106.938,-22.797,87.641,157.8,1,0.6324,-0.1418,-0.5251,0.5516,100.7,-30.5,0.0
1375220,2026-08-30_09-31-59.221-240,v3.6.25,3.48,12.0,400,3130,1354,6996,1965,1356,7466,3068,1193,6948,3115,1300,6966,0,0,0,47,107,18,118.2,777.9,0.235,0.221,1.010,104.000,-48.781,51.938,136.7,1,0.6167,-0.1473,-0.5260,0.5668,102.9,-28.8,0.0
1375261,2026-08-30_09-31-59.263-240,v3.6.25,3.48,12.0,400,3130,1354,6996,1976,752,7521,3068,1193,6948,3148,701,7018,0,0,0,80,-492,70,503.4,3311.5,0.474,1.040,0.919,21.891,-67.500,61.625,459.9,1,0.6045,-0.1498,-0.5354,0.5706,104.8,-28.4,0.0
1375311,2026-08-30_09-31-59.313-240,v3.6.25,3.48,12.0,400,3163,805,7027,1976,752,7521,3105,640,6985,3148,701,7018,0,0,0,43,61,33,81.6,536.9,0.919,1.176,0.646,-148.609,-51.219,108.141,105.9,1,0.6026,-0.1553,-0.5584,0.5486,105.1,-30.2,0.0
1375340,2026-08-30_09-31-59.341-240,v3.6.25,3.48,12.0,400,2659,310,7361,1450,180,7681,2604,142,7322,2661,133,7265,0,0,0,57,-9,-57,81.1,533.6,1.084,0.922,0.462,-237.594,-23.469,133.344,105.5,1,0.6067,-0.1639,-0.5858,0.5117,104.5,-32.9,0.0
1375572,2026-08-30_09-31-59.573-240,v3.6.25,3.48,12.0,400,-2799,943,7066,-3994,1015,6499,-2867,854,7020,-3006,919,7044,0,0,0,-139,65,24,155.3,1021.8,-0.211,-0.659,0.927,-104.875,40.875,-65.812,167.8,1,0.6217,-0.1552,-0.5838,0.4986,102.6,-34.8,0.0
1375603,2026-08-30_09-31-59.606-240,v3.6.25,3.48,12.0,400,-2971,957,7029,-3994,1015,6499,-3039,871,6983,-3006,919,7044,0,0,0,33,48,61,84.3,554.9,-0.200,-0.733,1.129,-45.469,9.828,-83.234,108.2,1,0.6308,-0.1432,-0.5799,0.4953,101.7,-36.1,0.0
1375632,2026-08-30_09-31-59.634-240,v3.6.25,3.48,12.0,400,-2801,736,7153,-3976,842,6551,-2867,645,7108,-2976,748,7092,0,0,0,-109,103,-16,150.8,992.2,-0.036,-0.648,1.269,0.562,-10.953,-70.703,164.0,1,0.6340,-0.1326,-0.5760,0.4987,101.6,-36.7,0.0
1375676,2026-08-30_09-31-59.678-240,v3.6.25,3.48,12.0,400,-2801,736,7153,-3654,607,6800,-2867,645,7108,-2606,520,7280,0,0,0,261,-125,172,336.6,2214.8,0.546,-1.052,1.265,101.766,-14.891,-59.734,320.0,1,0.6295,-0.1265,-0.5665,0.5165,102.5,-35.6,0.0
1375719,2026-08-30_09-31-59.720-240,v3.6.25,3.48,12.0,400,-2366,616,7332,-3654,607,6800,-2430,515,7288,-2606,520,7280,0,0,0,-176,5,-8,176.3,1159.6,0.834,-1.083,0.906,246.203,15.625,-118.562,185.4,1,0.6213,-0.1188,-0.5396,0.5556,103.7,-32.6,0.0
1375780,2026-08-30_09-31-59.783-240,v3.6.25,3.48,12.0,400,-1334,883,7588,-2821,737,7273,-1398,764,7540,-1693,660,7599,0,0,0,-295,-104,59,318.3,2094.2,0.734,0.644,0.504,327.203,91.391,-152.938,304.6,1,0.6148,-0.1149,-0.4948,0.6033,104.3,-28.0,0.0
1375836,2026-08-30_09-31-59.837-240,v3.6.25,3.48,12.0,400,575,1529,7542,-842,1387,7657,508,1390,7488,339,1321,7633,0,0,0,-169,-69,145,233.1,1533.7,0.526,1.307,0.619,188.750,129.594,-8.359,233.1,1,0.6108,-0.1313,-0.4659,0.6266,103.9,-23.9,0.0
1375893,2026-08-30_09-31-59.894-240,v3.6.25,3.48,12.0,400,2606,3157,6621,941,2355,7373,2530,3019,6556,2054,2287,7049,0,0,0,-476,-732,493,1002.7,6596.8,0.020,0.627,0.864,95.844,92.391,82.562,879.0,1,0.6039,-0.1542,-0.4548,0.6362,103.8,-20.7,0.0
1375952,2026-08-30_09-31-59.953-240,v3.6.25,3.48,12.0,400,2643,3525,6441,1529,3190,6970,2564,3392,6373,2556,3113,6554,0,0,0,-8,-279,181,332.7,2188.6,-0.032,0.028,0.940,71.484,28.859,67.438,316.6,1,0.5947,-0.1679,-0.4507,0.6442,104.4,-18.6,0.0
1375993,2026-08-30_09-31-59.995-240,v3.6.25,3.48,12.0,400,2643,3525,6441,1604,3522,6830,2564,3392,6373,2600,3442,6404,0,0,0,36,50,31,69.0,453.8,0.104,0.191,1.054,53.938,-6.734,29.141,95.3,1,0.5872,-0.1722,-0.4485,0.6515,105.3,-17.6,0.0
1376021,2026-08-30_09-31-59.023-240,v3.6.25,3.48,12.0,400,2771,3548,6389,1799,3477,6833,2692,3415,6321,2797,3398,6374,0,0,0,105,-17,53,118.8,781.8,0.123,0.601,1.151,17.484,-23.328,23.344,137.2,1,0.5818,-0.1732,-0.4505,0.6546,106.0,-17.3,0.0
1376069,2026-08-30_09-31-59.071-240,v3.6.25,3.48,12.0,400,2806,3391,6481,1799,3477,6833,2728,3254,6414,2797,3398,6374,0,0,0,69,144,-40,164.6,1083.0,0.347,1.223,1.010,-149.312,-33.922,122.734,175.6,1,0.5811,-0.1824,-0.4756,0.6347,105.8,-18.7,0.0
1376097,2026-08-30_09-31-59.099-240,v3.6.25,3.48,12.0,400,2806,3391,6481,1464,3242,7052,2728,3254,6414,2504,3166,6645,0,0,0,-224,-88,231,333.6,2194.7,0.383,1.051,0.562,-250.828,-29.141,186.531,317.4,1,0.5825,-0.1977,-0.5128,0.5988,105.1,-21.1,0.0
1376311,2026-08-30_09-32-00.312-240,v3.6.25,3.48,12.0,400,-4583,2623,5382,-5621,2648,4497,-4667,2601,5327,-5013,2505,5367,0,0,0,-346,-96,40,361.3,2376.9,-0.474,-1.835,1.327,64.094,77.703,-213.875,340.7,1,0.6014,-0.1800,-0.4830,0.6105,103.1,-21.2,0.0
1376366,2026-08-30_09-32-00.368-240,v3.6.25,3.48,12.0,400,-4875,2490,5434,-5621,2648,4497,-4958,2470,5380,-5013,2505,5367,0,0,0,-55,35,-13,66.5,437.3,-0.589,-0.555,0.958,213.641,44.250,-282.531,93.2,1,0.6098,-0.1522,-0.4380,0.6427,102.9,-19.8,0.0
1376594,2026-08-30_09-32-00.595-240,v3.6.25,3.48,12.0,400,3052,4796,5333,1868,4423,6180,2964,4687,5258,2734,4329,5723,0,0,0,-230,-358,465,630.3,4146.8,-0.279,0.744,0.988,3.344,81.609,179.891,566.4,1,0.6011,-0.1850,-0.4431,0.6388,102.6,-17.2,0.0
1376627,2026-08-30_09-32-00.629-240,v3.6.25,3.48,12.0,400,3052,4796,5333,2159,4996,5710,2964,4687,5258,2932,4892,5214,0,0,0,-32,205,-44,212.1,1395.4,-0.688,-0.165,1.110,-0.859,27.703,207.609,215.4,1,0.5853,-0.2157,-0.4559,0.6349,103.3,-15.1,0.0
1376655,2026-08-30_09-32-00.656-240,v3.6.25,3.48,12.0,400,2812,5057,5283,2159,4996,5710,2721,4954,5206,2932,4892,5214,0,0,0,211,-62,8,220.1,1447.8,-0.422,-0.616,1.084,22.234,-18.781,159.031,222.1,1,0.5675,-0.2351,-0.4672,0.6359,104.6,-13.4,0.0
1376683,2026-08-30_09-32-00.685-240,v3.6.25,3.48,12.0,400,2623,4876,5550,1783,5030,5839,2533,4769,5473,2578,4926,5404,0,0,0,45,157,-69,177.3,1166.4,-0.164,-0.492,1.124,56.719,-54.484,79.344,186.2,1,0.5512,-0.2410,-0.4725,0.6441,106.4,-12.1,0.0
1376731,2026-08-30_09-32-00.732-240,v3.6.25,3.48,12.0,400,2623,4876,5550,1817,4567,6180,2533,4769,5473,2680,4471,5732,0,0,0,147,-298,259,421.3,2771.7,-0.051,0.865,1.072,1.469,-85.203,55.453,391.0,1,0.5388,-0.2387,-0.4839,0.6470,108.2,-12.3,0.0
1376773,2026-08-30_09-32-00.775-240,v3.6.25,3.48,12.0,400,2777,4390,5874,1817,4567,6180,2691,4271,5800,2680,4471,5732,0,0,0,-11,200,-68,211.5,1391.6,0.182,1.052,0.864,-127.688,-89.047,97.312,215.0,1,0.5318,-0.2374,-0.5106,0.6326,109.4,-14.0,0.0
1376802,2026-08-30_09-32-00.805-240,v3.6.25,3.48,12.0,400,2436,3826,6437,1569,3901,6709,2354,3697,6366,2537,3816,6292,0,0,0,183,119,-74,230.5,1516.4,0.308,0.738,0.625,-219.422,-78.047,121.094,230.9,1,0.5298,-0.2371,-0.5456,0.6045,109.9,-16.9,0.0
1376835,2026-08-30_09-32-00.837-240,v3.6.25,3.48,12.0,400,2436,3826,6437,1569,3901,6709,2354,3697,6366,2537,3816,6292,0,0,0,183,119,-74,230.5,1516.4,0.511,0.190,0.548,-277.844,-50.016,102.344,230.9,1,0.5349,-0.2347,-0.5805,0.5672,109.9,-20.8,0.0
1377003,2026-08-30_09-32-00.004-240,v3.6.25,3.48,12.0,400,-1209,3171,6965,-2545,2934,6730,-1291,3074,6896,-1555,2836,7019,0,0,0,-264,-238,123,376.1,2474.5,0.048,-0.171,0.952,5.250,111.531,-207.734,353.1,1,0.5629,-0.2190,-0.5548,0.5721,106.9,-22.0,0.0
1377046,2026-08-30_09-32-00.048-240,v3.6.25,3.48,12.0,400,-1209,3171,6965,-2090,3317,6755,-1291,3074,6896,-1104,3219,6965,0,0,0,187,145,69,246.5,1621.6,-0.139,0.278,0.924,4.938,118.422,-130.203,244.3,1,0.5845,-0.2140,-0.5330,0.5731,104.1,-22.2,0.0
1377074,2026-08-30_09-32-00.076-240,v3.6.25,3.48,12.0,400,-543,3723,6786,-1442,3993,6538,-628,3624,6712,-507,3891,6641,0,0,0,121,267,-71,301.6,1984.3,-0.222,0.200,0.805,3.609,118.641,-72.781,290.6,1,0.6009,-0.2167,-0.5148,0.5718,101.4,-21.8,0.0
1377122,2026-08-30_09-32-00.126-240,v3.6.25,3.48,12.0,400,-299,4408,6369,-1442,3993,6538,-389,4318,6290,-507,3891,6641,0,0,0,-118,-427,351,565.2,3718.4,-0.227,-0.161,0.882,24.516,116.703,-7.969,511.8,1,0.6101,-0.2285,-0.4991,0.5714,99.3,-20.4,0.0
1377181,2026-08-30_09-32-01.183-240,v3.6.25,3.48,12.0,400,-217,5101,5816,-1204,4802,6011,-312,5025,5733,-376,4688,6085,0,0,0,-64,-337,352,491.5,3233.5,-0.117,-0.459,1.008,108.281,113.281,-35.938,449.9,1,0.6154,-0.2379,-0.4745,0.5828,97.8,-17.9,0.0
1377209,2026-08-30_09-32-01.210-240,v3.6.25,3.48,12.0,400,208,5751,5159,-854,5597,5398,108,5687,5074,-148,5471,5425,0,0,0,-256,-216,351,485.2,3191.9,-0.215,-0.148,0.999,152.281,110.688,-75.125,444.6,1,0.6202,-0.2422,-0.4432,0.6002,96.7,-15.0,0.0
1377301,2026-08-30_09-32-01.303-240,v3.6.25,3.48,12.0,400,981,6283,4370,62,6271,4726,878,6228,4284,638,6135,4612,0,0,0,-240,-93,328,416.9,2743.0,-0.474,0.965,1.052,61.562,60.359,90.141,387.4,1,0.6124,-0.2615,-0.4365,0.6050,96.7,-12.6,0.0
1377362,2026-08-30_09-32-01.363-240,v3.6.25,3.48,12.0,400,1527,6595,3771,893,6714,4058,1422,6548,3686,1345,6570,3817,0,0,0,-77,22,131,153.5,1010.1,-0.668,-0.608,1.069,5.031,-31.500,181.000,166.3,1,0.5923,-0.2826,-0.4509,0.6050,98.1,-11.1,0.0
1377417,2026-08-30_09-32-01.419-240,v3.6.25,3.48,12.0,400,1690,6574,3808,1142,6746,4011,1585,6524,3723,1586,6602,3728,0,0,0,1,78,5,78.2,514.3,-0.209,-0.765,1.106,68.094,-90.953,29.406,103.0,1,0.5775,-0.2785,-0.4548,0.6181,100.4,-10.4,0.0
1377444,2026-08-30_09-32-01.445-240,v3.6.25,3.48,12.0,400,1921,6253,4244,1348,6359,4568,1819,6189,4160,1896,6226,4237,0,0,0,77,37,77,115.0,756.6,0.010,-0.248,1.028,72.906,-100.594,-32.828,134.0,1,0.5674,-0.2653,-0.4546,0.6333,102.6,-10.4,0.0
1377472,2026-08-30_09-32-01.474-240,v3.6.25,3.48,12.0,400,2435,5779,4664,1348,6359,4568,2338,5697,4582,1896,6226,4237,0,0,0,-442,529,-345,770.9,5071.5,0.080,0.188,0.945,48.422,-102.594,-74.719,684.4,1,0.5626,-0.2458,-0.4537,0.6459,104.5,-11.1,0.0
1377521,2026-08-30_09-32-01.523-240,v3.6.25,3.48,12.0,400,2435,5779,4664,1798,5778,5121,2338,5697,4582,2453,5659,4700,0,0,0,115,-38,118,169.1,1112.5,0.106,0.769,0.858,-37.688,-93.422,-89.438,179.4,1,0.5663,-0.2235,-0.4586,0.6473,105.4,-13.3,0.0
1377550,2026-08-30_09-32-01.551-240,v3.6.25,3.48,12.0,400,2797,5325,5010,2022,5267,5566,2704,5229,4931,2765,5159,5097,0,0,0,61,-70,166,190.2,1251.3,0.085,1.019,0.879,-113.578,-84.984,-65.984,197.1,1,0.5741,-0.2034,-0.4712,0.6380,105.6,-16.3,0.0
1377593,2026-08-30_09-32-01.595-240,v3.6.25,3.48,12.0,400,2595,4994,5495,2022,5267,5566,2504,4889,5417,2765,5159,5097,0,0,0,261,270,-320,493.4,3245.9,0.256,0.799,0.683,-238.266,-59.625,9.609,451.5,1,0.5866,-0.1930,-0.4973,0.6094,104.7,-20.4,0.0
1377624,2026-08-30_09-32-01.627-240,v3.6.25,3.48,12.0,400,2595,4994,5495,1410,4942,6046,2504,4889,5417,2242,4840,5670,0,0,0,-262,-49,253,367.5,2417.7,0.407,0.417,0.659,-280.031,-32.891,23.188,345.9,1,0.6023,-0.1857,-0.5241,0.5728,103.1,-24.7,0.0
1377780,2026-08-30_09-32-01.781-240,v3.6.25,3.48,12.0,400,-1213,4424,6230,-2301,4466,5954,-1304,4349,6152,-1476,4348,6218,0,0,0,-172,-1,66,184.2,1212.0,-0.175,-1.022,1.049,92.484,15.547,-134.109,192.1,1,0.6072,-0.1722,-0.5049,0.5889,102.9,-24.2,0.0
1377825,2026-08-30_09-32-01.827-240,v3.6.25,3.48,12.0,400,-1224,4402,6300,-2301,4466,5954,-1315,4325,6222,-1476,4348,6218,0,0,0,-161,23,-4,162.7,1070.3,-0.010,-0.107,0.773,203.859,20.344,-133.672,174.0,1,0.6035,-0.1613,-0.4758,0.6192,103.7,-22.0,0.0
1377887,2026-08-30_09-32-01.889-240,v3.6.25,3.48,12.0,400,-127,4585,6277,-1346,4595,6233,-218,4496,6197,-475,4485,6326,0,0,0,-257,-11,129,287.8,1893.2,0.210,0.712,0.900,240.625,41.922,-15.797,279.0,1,0.5885,-0.1685,-0.4500,0.6502,105.3,-18.1,0.0
1377942,2026-08-30_09-32-01.946-240,v3.6.25,3.48,12.0,400,1295,4867,5917,221,4888,6129,1203,4769,5837,1068,4782,5955,0,0,0,-135,13,118,179.8,1182.7,0.100,0.842,1.166,161.016,42.828,132.203,188.3,1,0.5671,-0.1931,-0.4423,0.6675,106.9,-14.1,0.0
1378001,2026-08-30_09-32-01.003-240,v3.6.25,3.48,12.0,400,2683,5027,5352,1389,5069,5858,2592,4924,5274,2186,4963,5490,0,0,0,-406,39,216,461.5,3036.4,-0.142,0.225,1.221,100.734,24.484,176.750,424.8,1,0.5445,-0.2201,-0.4448,0.6762,108.4,-10.8,0.0
1378045,2026-08-30_09-32-01.046-240,v3.6.25,3.48,12.0,400,2683,5027,5352,1856,5044,5778,2592,4924,5274,2640,4940,5332,0,0,0,48,16,58,77.0,506.4,-0.374,-0.378,1.242,73.188,1.344,137.172,102.0,1,0.5254,-0.2390,-0.4483,0.6826,109.7,-8.3,0.0
1378072,2026-08-30_09-32-01.074-240,v3.6.25,3.48,12.0,400,2825,4912,5385,2032,4883,5864,2735,4806,5309,2834,4782,5386,0,0,0,99,-24,77,127.7,840.1,-0.072,-0.398,1.205,75.531,-7.922,60.344,144.6,1,0.5125,-0.2475,-0.4458,0.6910,110.8,-6.6,0.0
1378116,2026-08-30_09-32-01.118-240,v3.6.25,3.48,12.0,400,3060,4745,5387,2032,4883,5864,2972,4635,5312,2834,4782,5386,0,0,0,-138,147,74,214.8,1413.0,0.073,0.370,0.974,42.703,-13.562,-39.234,217.7,1,0.5116,-0.2426,-0.4386,0.6979,111.2,-6.3,0.0
1378150,2026-08-30_09-32-01.152-240,v3.6.25,3.48,12.0,400,3060,4745,5387,2343,4715,5868,2972,4635,5312,3149,4616,5337,0,0,0,177,-19,25,179.8,1182.7,0.287,0.834,0.922,-37.578,-16.516,-49.734,188.3,1,0.5182,-0.2343,-0.4386,0.6958,110.9,-7.4,0.0
1378191,2026-08-30_09-32-02.193-240,v3.6.25,3.48,12.0,400,3311,4673,5326,2394,4693,5916,3224,4561,5253,3209,4596,5375,0,0,0,-15,35,122,127.8,840.8,0.307,0.874,0.954,-147.812,-12.172,-28.422,144.7,1,0.5323,-0.2265,-0.4505,0.6799,109.6,-9.9,0.0
1378236,2026-08-30_09-32-02.238-240,v3.6.25,3.48,12.0,400,2979,4723,5524,2394,4693,5916,2891,4611,5449,3209,4596,5375,0,0,0,318,-15,-74,326.8,2150.3,0.302,0.874,0.596,-269.875,-8.141,22.688,311.7,1,0.5514,-0.2223,-0.4771,0.6472,107.6,-13.8,0.0
1378464,2026-08-30_09-32-02.465-240,v3.6.25,3.48,12.0,400,-3067,3773,5971,-3889,3926,5388,-3157,3724,5901,-3152,3796,5938,0,0,0,5,72,37,81.1,533.6,0.144,-1.278,1.148,69.312,-95.016,-70.922,105.5,1,0.5439,-0.2052,-0.4735,0.6617,109.5,-14.1,0.0
1378492,2026-08-30_09-32-02.494-240,v3.6.25,3.48,12.0,400,-3009,3202,6430,-3888,3244,5923,-3094,3140,6363,-3045,3126,6461,0,0,0,49,-14,98,110.5,726.7,0.377,-1.474,0.983,185.766,-88.219,-100.797,130.1,1,0.5295,-0.1878,-0.4560,0.6902,112.2,-12.9,0.0
1378760,2026-08-30_09-32-02.761-240,v3.6.25,3.48,12.0,400,4551,3235,5543,3861,3303,6026,4477,3096,5485,4724,3223,5233,0,0,0,247,127,-252,375.0,2467.3,-0.121,-0.516,1.254,-2.594,-24.375,120.688,352.2,1,0.5167,-0.2000,-0.4681,0.6884,113.2,-12.0,0.0
1378786,2026-08-30_09-32-02.787-240,v3.6.25,3.48,12.0,400,4125,2903,5936,3265,2985,6555,4053,2759,5879,4226,2912,5852,0,0,0,173,153,-27,232.5,1529.8,0.127,-0.202,1.130,15.359,-41.922,21.000,232.6,1,0.5098,-0.1985,-0.4714,0.6917,114.2,-11.9,0.0
1378833,2026-08-30_09-32-02.834-240,v3.6.25,3.48,12.0,400,4125,2903,5936,3125,2608,6708,4053,2759,5879,4120,2539,6025,0,0,0,67,-220,146,272.4,1792.1,0.524,1.250,0.960,-68.156,-56.547,-16.547,266.1,1,0.5125,-0.1880,-0.4802,0.6865,114.5,-13.5,0.0
1378876,2026-08-30_09-32-02.878-240,v3.6.25,3.48,12.0,400,4157,2621,6077,3125,2608,6708,4087,2472,6022,4120,2539,6025,0,0,0,33,67,3,74.7,491.8,0.501,1.670,0.627,-246.906,-56.594,84.031,100.2,1,0.5214,-0.1842,-0.5132,0.6563,114.0,-17.1,0.0
1378906,2026-08-30_09-32-02.907-240,v3.6.25,3.48,12.0,400,3533,2435,6625,2644,2381,7081,3464,2282,6568,3707,2316,6472,0,0,0,243,34,-96,263.5,1733.4,0.395,0.983,0.391,-352.938,-43.875,129.031,258.6,1,0.5348,-0.1835,-0.5561,0.6091,112.9,-21.8,0.0
1378941,2026-08-30_09-32-02.943-240,v3.6.25,3.48,12.0,400,3533,2435,6625,2644,2381,7081,3464,2282,6568,3707,2316,6472,0,0,0,243,34,-96,263.5,1733.4,0.402,0.089,0.215,-392.219,-24.516,116.141,258.6,1,0.5516,-0.1809,-0.5967,0.5540,111.5,-27.3,0.0
1378992,2026-08-30_09-32-02.994-240,v3.6.25,3.48,12.0,400,1712,2278,7301,637,2226,7488,1641,2133,7241,1773,2159,7214,0,0,0,132,26,-27,137.2,902.8,0.312,-0.570,0.400,-357.547,3.922,85.969,152.6,1,0.5687,-0.1782,-0.6272,0.5015,110.1,-32.3,0.0
1379111,2026-08-30_09-32-02.112-240,v3.6.25,3.48,12.0,400,-2210,1097,7312,-3104,1467,6893,-2278,996,7263,-2057,1378,7276,0,0,0,221,382,13,441.5,2904.7,0.247,-1.378,0.898,59.297,-52.188,-74.156,408.0,1,0.5643,-0.1667,-0.6229,0.5155,111.3,-32.1,0.0
1379151,2026-08-30_09-32-02.153-240,v3.6.25,3.48,12.0,400,-2210,1097,7312,-3269,971,6999,-2278,996,7263,-2194,886,7408,0,0,0,84,-110,145,200.5,1318.8,0.485,-1.243,0.558,216.500,-52.891,-121.734,205.7,1,0.5527,-0.1552,-0.6038,0.5530,113.1,-29.7,0.0
1379403,2026-08-30_09-32-03.404-240,v3.6.25,3.45,12.0,400,6135,1063,4709,5373,1023,5592,6079,911,4680,6208,959,4553,0,0,0,129,48,-127,187.3,1232.1,-0.208,-0.134,0.997,-79.328,-20.375,220.297,194.6,1,0.5395,-0.1804,-0.6257,0.5337,113.8,-28.9,0.0
1379464,2026-08-30_09-32-03.465-240,v3.6.25,3.45,12.0,400,5181,747,5850,4352,704,6577,5127,582,5817,5363,651,5690,0,0,0,236,69,-127,276.7,1820.7,0.436,0.823,0.680,-96.578,-65.453,75.844,269.7,1,0.5330,-0.1801,-0.6432,0.5194,115.0,-29.9,0.0
1379521,2026-08-30_09-32-03.523-240,v3.6.25,3.45,12.0,400,4415,323,6396,3342,200,7099,4363,154,6364,4453,153,6373,0,0,0,90,-1,9,90.5,595.1,0.837,1.416,0.237,-310.547,-49.031,174.984,113.4,1,0.5334,-0.1835,-0.6795,0.4692,115.9,-33.6,0.0
1379754,2026-08-30_09-32-03.755-240,v3.6.25,3.45,12.0,400,-2759,-174,7232,-4093,-117,6541,-2818,-271,7197,-3075,-204,7104,0,0,0,-257,67,-93,281.4,1851.3,0.091,-1.194,0.835,167.797,-9.094,-232.922,273.6,1,0.5382,-0.1601,-0.6545,0.5063,116.1,-32.8,0.0
1380355,2026-08-30_09-32-04.356-240,v3.6.25,3.45,12.0,400,-1267,-2438,7107,-2570,-2583,6844,-1307,-2561,7098,-1449,-2643,7142,0,0,0,-142,-82,44,169.8,1116.9,0.756,-2.279,0.877,118.234,15.750,-168.641,179.9,1,0.5436,-0.1450,-0.6332,0.5316,115.7,-32.3,0.0
1380398,2026-08-30_09-32-04.400-240,v3.6.25,3.45,12.0,400,-1150,-2448,7170,-2570,-2583,6844,-1190,-2574,7161,-1449,-2643,7142,0,0,0,-259,-69,-19,268.7,1767.8,0.455,-0.989,0.157,321.297,26.875,-302.938,263.0,1,0.5437,-0.1218,-0.5855,0.5888,115.8,-29.6,0.0
1380981,2026-08-30_09-32-04.982-240,v3.6.25,3.45,12.0,400,-2854,-3725,5998,-3806,-3721,5454,-2888,-3810,6009,-2902,-3799,5999,0,0,0,-14,11,-10,20.4,134.3,0.294,-1.356,0.523,173.688,12.031,-275.594,54.6,1,0.5491,-0.0942,-0.5491,0.6230,115.7,-29.1,0.0
1381042,2026-08-30_09-32-04.043-240,v3.6.25,3.45,12.0,400,-1703,-3736,6486,-2967,-3836,6108,-1734,-3846,6495,-1948,-3900,6493,0,0,0,-214,-54,-2,220.7,1452.1,0.713,-0.234,0.270,284.797,3.750,-244.484,222.7,1,0.5406,-0.0726,-0.5061,0.6681,117.0,-26.8,0.0
1381250,2026-08-30_09-32-05.251-240,v3.6.25,3.45,12.0,400,4738,-3301,4924,3762,-3493,5799,4712,-3458,4941,4724,-3532,5037,0,0,0,12,-74,96,121.8,801.3,0.302,1.164,0.526,30.422,9.625,210.281,139.7,1,0.5236,-0.1010,-0.5219,0.6658,118.2,-24.3,0.0
1381280,2026-08-30_09-32-05.282-240,v3.6.25,3.45,12.0,400,4175,-3509,5425,3762,-3493,5799,4150,-3671,5441,4724,-3532,5037,0,0,0,574,139,-404,715.6,4707.6,0.234,0.473,0.535,-4.375,-16.500,222.625,638.0,1,0.5057,-0.1268,-0.5429,0.6584,119.6,-22.5,0.0
1381624,2026-08-30_09-32-05.625-240,v3.6.25,3.45,12.0,400,-4206,-4944,4142,-4613,-5048,3291,-4234,-4977,4177,-4056,-5153,4028,0,0,0,178,-176,-149,291.3,1916.5,0.218,-3.578,-0.001,160.594,74.828,-248.062,281.9,1,0.5161,-0.1113,-0.5014,0.6854,118.4,-21.4,0.0
1381672,2026-08-30_09-32-05.674-240,v3.6.25,3.45,12.0,400,-4206,-4944,4142,-4741,-4891,3655,-4234,-4977,4177,-4125,-4992,4405,0,0,0,109,-15,228,253.2,1665.5,0.306,-0.428,0.141,270.906,30.000,-319.891,249.9,1,0.5158,-0.0848,-0.4458,0.7266,118.8,-19.7,0.0
1381915,2026-08-30_09-32-05.916-240,v3.6.25,3.45,12.0,400,3371,-4780,4792,2417,-4742,5483,3354,-4923,4825,3349,-4784,4961,0,0,0,-5,139,136,194.5,1279.8,0.755,1.002,0.100,67.234,-61.688,102.578,200.7,1,0.4961,-0.0901,-0.4558,0.7335,121.2,-18.7,0.0
1381941,2026-08-30_09-32-05.942-240,v3.6.25,3.45,12.0,400,2728,-5275,4675,2077,-5269,5238,2714,-5410,4714,2977,-5313,4781,0,0,0,263,97,67,288.2,1896.1,0.757,0.773,0.195,21.828,-73.594,106.516,279.3,1,0.4796,-0.0932,-0.4704,0.7349,123.4,-18.3,0.0
1382037,2026-08-30_09-32-05.038-240,v3.6.25,3.45,12.0,400,1971,-5734,4513,1240,-5793,4924,1959,-5858,4557,2096,-5842,4619,0,0,0,137,16,62,151.2,994.9,1.185,1.895,-0.395,-272.578,-41.516,251.969,164.4,1,0.4835,-0.1078,-0.5194,0.6963,123.0,-20.6,0.0
1382092,2026-08-30_09-32-05.094-240,v3.6.25,3.45,12.0,400,1138,-6019,4409,394,-6122,4646,1126,-6131,4457,1208,-6177,4493,0,0,0,82,-46,36,100.7,662.4,0.534,0.657,-1.205,-484.281,35.734,431.984,121.9,1,0.4968,-0.1442,-0.5913,0.6187,120.6,-24.1,0.0
1382514,2026-08-30_09-32-06.515-240,v3.6.25,3.45,12.0,400,1580,-5473,4940,825,-5728,5110,1565,-5600,4979,1712,-5776,4871,0,0,0,147,-176,-108,253.5,1667.6,1.034,1.300,0.001,198.844,-22.281,41.500,250.2,1,0.4750,-0.1559,-0.5805,0.6427,122.3,-20.6,0.0
1382562,2026-08-30_09-32-06.564-240,v3.6.25,3.45,12.0,400,1637,-5632,4786,825,-5728,5110,1624,-5757,4828,1712,-5776,4871,0,0,0,88,-19,43,99.8,656.4,0.721,0.289,-0.006,92.422,-58.719,73.609,121.2,1,0.4554,-0.1623,-0.5833,0.6526,124.2,-18.6,0.0
1382591,2026-08-30_09-32-06.593-240,v3.6.25,3.45,12.0,400,885,-5836,4667,75,-5944,4886,872,-5950,4711,927,-5998,4782,0,0,0,55,-48,71,101.8,670.0,0.812,0.438,-0.001,57.125,-77.734,27.766,122.9,1,0.4404,-0.1593,-0.5865,0.6608,126.1,-17.8,0.0
1382620,2026-08-30_09-32-06.621-240,v3.6.25,3.45,12.0,400,885,-5836,4667,75,-5944,4886,872,-5950,4711,927,-5998,4782,0,0,0,55,-48,71,101.8,670.0,1.062,1.108,0.009,-17.297,-87.438,27.406,122.9,1,0.4307,-0.1514,-0.5963,0.6603,127.9,-18.3,0.0
1382650,2026-08-30_09-32-06.652-240,v3.6.25,3.45,12.0,400,418,-6212,4297,-432,-6323,4331,407,-6314,4347,332,-6385,4327,0,0,0,-75,-71,-20,105.2,692.1,1.193,1.587,-0.181,-136.281,-83.156,85.094,125.7,1,0.4269,-0.1444,-0.6200,0.6422,129.2,-20.1,0.0
1382698,2026-08-30_09-32-06.700-240,v3.6.25,3.45,12.0,400,110,-6588,3670,-628,-6702,3631,101,-6674,3728,22,-6772,3678,0,0,0,-79,-98,-50,135.4,891.1,1.196,1.244,-0.808,-374.328,-40.938,240.750,151.1,1,0.4342,-0.1465,-0.6702,0.5839,129.5,-24.3,0.0
1382736,2026-08-30_09-32-06.738-240,v3.6.25,3.45,12.0,400,-356,-6848,3188,-628,-6702,3631,-364,-6919,3252,22,-6772,3678,0,0,0,386,147,426,593.4,3903.7,1.057,0.034,-1.199,-446.359,17.188,272.703,535.4,1,0.4483,-0.1527,-0.7189,0.5088,129.2,-29.3,0.0
1382775,2026-08-30_09-32-06.777-240,v3.6.25,3.45,12.0,400,-356,-6848,3188,-1022,-6944,3079,-364,-6919,3252,-461,-7023,3208,0,0,0,-97,-104,-44,148.9,979.4,1.073,-0.567,-1.137,-403.297,76.000,220.578,162.4,1,0.4675,-0.1592,-0.7514,0.4376,128.3,-34.3,0.0
1382806,2026-08-30_09-32-06.807-240,v3.6.25,3.45,12.0,400,-580,-6882,3104,-1159,-6918,3133,-588,-6948,3169,-590,-6997,3284,0,0,0,-2,-49,115,125.0,822.5,1.090,-0.646,-0.864,-341.062,105.750,167.906,142.4,1,0.4881,-0.1646,-0.7704,0.3756,127.1,-38.9,0.0
1382856,2026-08-30_09-32-06.858-240,v3.6.25,3.45,12.0,400,-516,-6717,3501,-1159,-6918,3133,-525,-6792,3561,-590,-6997,3284,0,0,0,-65,-205,-277,350.7,2307.1,0.604,-1.883,-0.388,-204.953,115.516,80.828,331.8,1,0.5072,-0.1686,-0.7744,0.3384,125.3,-42.2,0.0
1382884,2026-08-30_09-32-06.885-240,v3.6.25,3.45,12.0,400,-516,-6717,3501,-1135,-6653,3731,-525,-6792,3561,-468,-6725,3863,0,0,0,57,67,302,314.6,2069.4,0.596,-2.722,-0.002,-30.625,86.078,-53.516,301.4,1,0.5227,-0.1643,-0.7658,0.3366,123.5,-43.6,0.0
1382912,2026-08-30_09-32-06.914-240,v3.6.25,3.45,12.0,400,-368,-6394,4069,-1135,-6653,3731,-379,-6481,4122,-468,-6725,3863,0,0,0,-89,-244,-259,366.8,2413.1,0.067,-2.047,0.041,142.188,43.438,-208.078,345.3,1,0.5337,-0.1470,-0.7453,0.3716,122.2,-43.3,0.0
1383087,2026-08-30_09-32-06.088-240,v3.6.25,3.45,12.0,400,2352,-6400,3192,1580,-6480,3754,2345,-6503,3252,2248,-6540,3420,0,0,0,-97,-37,168,197.5,1299.3,0.767,1.322,-0.964,410.359,29.516,-193.078,203.2,1,0.5289,-0.1471,-0.7093,0.4423,120.4,-38.3,0.0
1383116,2026-08-30_09-32-06.118-240,v3.6.25,3.45,12.0,400,2462,-6614,2674,1907,-6708,3176,2456,-6709,2740,2480,-6773,2800,0,0,0,24,-64,60,91.0,598.4,1.075,2.199,-0.808,329.266,37.516,-104.938,113.8,1,0.5213,-0.1546,-0.6786,0.4938,119.4,-33.7,0.0
1383145,2026-08-30_09-32-06.146-240,v3.6.25,3.45,12.0,400,2462,-6614,2674,1907,-6708,3176,2456,-6709,2740,2480,-6773,2800,0,0,0,24,-64,60,91.0,598.4,0.974,2.833,-0.246,187.625,30.641,44.031,113.8,1,0.5102,-0.1737,-0.6654,0.5165,118.9,-30.0,0.0
1383175,2026-08-30_09-32-07.177-240,v3.6.25,3.45,12.0,400,2113,-6762,2747,1530,-6863,3121,2108,-6854,2814,2097,-6929,2811,0,0,0,-11,-75,-3,75.9,499.1,0.811,2.428,0.063,20.953,8.531,209.734,101.1,1,0.4946,-0.2038,-0.6755,0.5074,118.8,-27.5,0.0
1383437,2026-08-30_09-32-07.438-240,v3.6.25,3.45,12.0,400,-1047,-7566,552,-1517,-7436,624,-1052,-7575,640,-1371,-7549,897,0,0,0,-319,26,257,410.5,2700.5,1.061,-1.451,-0.967,-282.047,57.531,191.922,381.9,1,0.5027,-0.2169,-0.7016,0.4560,117.7,-30.5,0.0
1383466,2026-08-30_09-32-07.468-240,v3.6.25,3.45,12.0,400,-605,-7592,672,-902,-7558,478,-609,-7609,759,-778,-7670,650,0,0,0,-169,-61,-109,210.1,1382.6,1.135,-2.121,-0.576,-147.750,75.438,83.156,213.8,1,0.5130,-0.2245,-0.7091,0.4285,116.2,-32.4,0.0
1383515,2026-08-30_09-32-07.516-240,v3.6.25,3.45,12.0,400,-605,-7592,672,-564,-7544,1048,-609,-7609,759,-342,-7646,1148,0,0,0,267,-37,389,473.3,3113.6,1.094,-1.233,-0.342,59.453,84.469,-92.484,434.6,1,0.5275,-0.2212,-0.6923,0.4400,114.2,-32.4,0.0
1383556,2026-08-30_09-32-07.558-240,v3.6.25,3.45,12.0,400,-251,-7517,1237,-564,-7544,1048,-254,-7550,1320,-342,-7646,1148,0,0,0,-88,-96,-172,215.7,1419.3,0.676,-0.936,-0.474,161.797,72.203,-165.797,218.5,1,0.5401,-0.2121,-0.6652,0.4699,112.5,-31.3,0.0
1383586,2026-08-30_09-32-07.588-240,v3.6.25,3.45,12.0,400,85,-7379,1865,-330,-7430,1832,80,-7429,1943,24,-7520,1873,0,0,0,-56,-91,-70,127.7,840.4,0.428,-0.072,-0.627,213.656,53.500,-196.047,144.7,1,0.5488,-0.1996,-0.6334,0.5077,111.4,-29.5,0.0
1383633,2026-08-30_09-32-07.635-240,v3.6.25,3.45,12.0,400,373,-7239,2230,-67,-7298,2323,368,-7300,2304,370,-7381,2307,0,0,0,2,-81,3,81.1,533.4,0.741,0.620,-0.343,183.625,14.062,-79.656,105.5,1,0.5452,-0.1981,-0.6130,0.5364,111.6,-27.1,0.0
1383671,2026-08-30_09-32-07.673-240,v3.6.25,3.45,12.0,400,373,-7239,2230,-67,-7298,2323,368,-7300,2304,370,-7381,2307,0,0,0,2,-81,3,81.1,533.4,0.879,-0.064,-0.154,181.594,-12.594,-24.406,105.5,1,0.5341,-0.2012,-0.5978,0.5630,112.5,-24.3,0.0
1383701,2026-08-30_09-32-07.702-240,v3.6.25,3.45,12.0,400,165,-7205,2360,-341,-7234,2456,160,-7266,2433,117,-7317,2483,0,0,0,-43,-51,50,83.4,548.5,0.884,0.009,-0.217,191.266,-35.156,-19.406,107.4,1,0.5189,-0.2029,-0.5837,0.5907,114.0,-21.5,0.0
1383733,2026-08-30_09-32-07.735-240,v3.6.25,3.45,12.0,400,-419,-7214,2339,-341,-7234,2456,-424,-7267,2412,117,-7317,2483,0,0,0,541,-50,71,547.9,3604.8,0.734,-0.016,-0.221,179.422,-60.609,-17.422,497.3,1,0.5012,-0.2014,-0.5724,0.6169,116.1,-19.0,0.0
1383776,2026-08-30_09-32-07.778-240,v3.6.25,3.45,12.0,400,-419,-7214,2339,-954,-7229,2265,-424,-7267,2412,-528,-7317,2402,0,0,0,-104,-50,-10,115.8,762.0,0.774,0.139,-0.294,160.000,-94.156,-41.672,134.7,1,0.4830,-0.1922,-0.5632,0.6422,118.8,-17.3,0.0
1383805,2026-08-30_09-32-07.807-240,v3.6.25,3.45,12.0,400,-1015,-7256,2019,-1538,-7256,1727,-1021,-7295,2094,-1205,-7355,1977,0,0,0,-184,-60,-117,226.2,1487.8,0.672,0.645,-0.447,105.844,-115.734,-19.531,227.2,1,0.4647,-0.1809,-0.5619,0.6600,121.6,-16.5,0.0
1383848,2026-08-30_09-32-07.850-240,v3.6.25,3.45,12.0,400,-1475,-7357,1338,-1538,-7256,1727,-1482,-7376,1418,-1205,-7355,1977,0,0,0,277,21,559,624.2,4106.7,0.693,0.676,-0.559,-17.438,-137.203,53.656,561.3,1,0.4480,-0.1701,-0.5785,0.6600,124.4,-17.1,0.0
1384080,2026-08-30_09-32-07.081-240,v3.6.25,3.45,12.0,400,-604,-7319,-2535,-429,-7196,-2505,-612,-7266,-2430,-827,-7351,-2342,0,0,0,-215,-85,88,247.4,1627.5,0.757,-0.211,-0.538,-18.766,11.344,-126.203,245.1,1,0.4611,-0.1549,-0.5681,0.6638,123.8,-18.6,0.0
1384108,2026-08-30_09-32-07.110-240,v3.6.25,3.45,12.0,400,-176,-7339,-2602,153,-7171,-2610,-183,-7290,-2496,-264,-7325,-2545,0,0,0,-81,-35,-49,100.9,664.0,0.839,0.102,-0.662,6.531,28.797,-130.891,122.2,1,0.4738,-0.1422,-0.5535,0.6700,122.8,-19.5,0.0
1384144,2026-08-30_09-32-07.146-240,v3.6.25,3.45,12.0,400,-176,-7339,-2602,153,-7171,-2610,-183,-7290,-2496,-264,-7325,-2545,0,0,0,-81,-35,-49,100.9,664.0,0.785,0.073,-0.985,31.359,54.406,-118.562,122.2,1,0.4855,-0.1349,-0.5358,0.6775,121.5,-19.7,0.0
1384196,2026-08-30_09-32-08.198-240,v3.6.25,3.45,12.0,400,27,-7367,-2389,383,-7221,-2343,20,-7325,-2284,13,-7370,-2323,0,0,0,-7,-45,-39,60.0,394.5,0.761,0.694,-0.807,43.016,76.625,-39.672,87.8,1,0.4917,-0.1402,-0.5220,0.6827,120.3,-18.8,0.0
1384226,2026-08-30_09-32-08.228-240,v3.6.25,3.45,12.0,400,30,-7482,-1890,322,-7355,-1811,24,-7451,-1787,46,-7495,-1793,0,0,0,22,-44,-6,49.6,326.0,0.831,0.497,-0.678,44.875,84.125,2.188,79.0,1,0.4949,-0.1515,-0.5110,0.6863,119.1,-17.3,0.0
1384255,2026-08-30_09-32-08.256-240,v3.6.25,3.45,12.0,400,-46,-7595,-1231,322,-7355,-1811,-50,-7578,-1131,46,-7495,-1793,0,0,0,96,83,-662,674.1,4434.6,0.861,0.663,-0.570,48.531,83.281,46.031,603.1,1,0.4940,-0.1679,-0.5035,0.6887,118.2,-15.4,0.0
1384303,2026-08-30_09-32-08.305-240,v3.6.25,3.45,12.0,400,-46,-7595,-1231,84,-7520,-1093,-50,-7578,-1131,-64,-7650,-1052,0,0,0,-14,-72,79,107.8,709.2,0.492,0.983,-0.651,-13.375,60.344,164.875,127.9,1,0.4860,-0.1936,-0.5137,0.6800,117.8,-13.6,0.0
1384330,2026-08-30_09-32-08.332-240,v3.6.25,3.45,12.0,400,-361,-7618,-567,-425,-7608,-472,-365,-7612,-471,-464,-7731,-358,0,0,0,-99,-119,113,191.7,1260.9,0.172,0.507,-0.870,-49.078,26.578,198.953,198.3,1,0.4745,-0.2179,-0.5326,0.6661,117.8,-12.4,0.0
1384375,2026-08-30_09-32-08.376-240,v3.6.25,3.45,12.0,400,-801,-7624,-361,-425,-7608,-472,-805,-7616,-266,-464,-7731,-358,0,0,0,341,-115,-92,371.4,2443.7,0.635,-0.299,-0.700,-62.797,-22.109,138.875,349.2,1,0.4646,-0.2285,-0.5514,0.6541,118.3,-12.3,0.0
1384408,2026-08-30_09-32-08.410-240,v3.6.25,3.45,12.0,400,-801,-7624,-361,-909,-7531,-516,-805,-7616,-266,-957,-7657,-318,0,0,0,-152,-41,-52,165.8,1090.8,0.694,-0.190,-0.665,-60.406,-45.062,70.734,176.6,1,0.4585,-0.2285,-0.5660,0.6459,119.2,-12.9,0.0
1384454,2026-08-30_09-32-08.456-240,v3.6.25,3.45,12.0,400,-1047,-7589,-636,-953,-7506,-978,-1052,-7572,-540,-1082,-7639,-762,0,0,0,-30,-67,-222,233.8,1538.3,0.886,0.430,-0.578,-106.938,-60.562,52.969,233.7,1,0.4559,-0.2225,-0.5843,0.6335,120.1,-14.5,0.0
1384492,2026-08-30_09-32-08.494-240,v3.6.25,3.45,12.0,400,-953,-7569,-1166,-953,-7506,-978,-959,-7542,-1067,-1082,-7639,-762,0,0,0,-123,-97,305,342.9,2255.8,1.084,0.803,-0.760,-171.828,-57.484,95.938,325.2,1,0.4543,-0.2187,-0.6108,0.6104,120.9,-16.7,0.0
1384519,2026-08-30_09-32-08.520-240,v3.6.25,3.45,12.0,400,-498,-7524,-1752,-539,-7444,-1561,-503,-7490,-1649,-769,-7584,-1402,0,0,0,-266,-94,247,375.0,2466.9,0.335,1.099,-0.643,-248.234,-45.547,171.500,352.1,1,0.4521,-0.2211,-0.6474,0.5723,121.5,-19.4,0.0
1384671,2026-08-30_09-32-08.672-240,v3.6.25,3.45,12.0,400,1427,-7346,-1764,2229,-7221,-838,1422,-7335,-1662,2120,-7339,-1171,0,0,0,698,-4,491,853.4,5614.5,-0.176,-0.202,-0.415,-202.406,23.328,147.953,753.7,1,0.4551,-0.2298,-0.6720,0.5371,121.0,-21.4,0.0
1384726,2026-08-30_09-32-08.728-240,v3.6.25,3.45,12.0,400,2128,-7255,-1237,2229,-7221,-838,2124,-7264,-1139,2120,-7339,-1171,0,0,0,-4,-75,-32,81.6,537.1,0.701,0.266,-0.390,-117.016,21.953,44.047,106.0,1,0.4612,-0.2298,-0.6820,0.5189,120.6,-23.0,0.0
1384754,2026-08-30_09-32-08.755-240,v3.6.25,3.45,12.0,400,2634,-7115,-912,2722,-7095,-400,2630,-7137,-818,2686,-7205,-828,0,0,0,56,-68,-10,88.7,583.3,0.442,0.832,-0.594,-145.609,6.359,87.500,111.9,1,0.4634,-0.2322,-0.6978,0.4945,120.6,-24.6,0.0
1384786,2026-08-30_09-32-08.788-240,v3.6.25,3.45,12.0,400,3038,-6987,-572,2722,-7095,-400,3034,-7021,-481,2686,-7205,-828,0,0,0,-348,-184,-347,524.8,3452.3,0.281,0.997,-0.636,-193.812,-0.031,195.594,477.8,1,0.4581,-0.2446,-0.7227,0.4561,120.8,-26.0,0.0
1384831,2026-08-30_09-32-08.833-240,v3.6.25,3.45,12.0,400,3038,-6987,-572,3092,-6965,120,3034,-7021,-481,3143,-7067,-385,0,0,0,109,-46,96,152.4,1002.4,0.270,0.401,-0.591,-241.750,12.141,277.188,165.3,1,0.4490,-0.2647,-0.7519,0.4037,121.0,-27.5,0.0
1384957,2026-08-30_09-32-08.958-240,v3.6.25,3.45,12.0,400,2647,-6884,1808,2530,-6946,2022,2643,-6964,1882,2909,-7023,1567,0,0,0,266,-59,-315,416.5,2740.1,0.586,-0.429,-0.572,-108.516,-4.062,121.062,387.0,1,0.4437,-0.2719,-0.7643,0.3808,121.3,-28.1,0.0
1384986,2026-08-30_09-32-08.988-240,v3.6.25,3.45,12.0,400,2647,-6884,1808,2058,-6951,2443,2643,-6964,1882,2510,-7024,2059,0,0,0,-133,-60,177,229.4,1509.1,0.398,-0.263,-0.816,-91.625,-8.031,105.219,230.0,1,0.4382,-0.2778,-0.7749,0.3610,121.7,-28.6,0.0
1385014,2026-08-30_09-32-08.016-240,v3.6.25,3.45,12.0,400,2361,-6898,2110,2058,-6951,2443,2357,-6981,2182,2510,-7024,2059,0,0,0,153,-43,-123,201.0,1322.1,0.443,-0.172,-0.604,-98.812,-11.781,122.234,206.1,1,0.4309,-0.2851,-0.7863,0.3389,122.2,-29.0,0.0
1385042,2026-08-30_09-32-08.044-240,v3.6.25,3.45,12.0,400,2361,-6898,2110,1699,-6973,2642,2357,-6981,2182,2185,-7045,2315,0,0,0,-172,-64,133,226.6,1491.1,0.480,-0.203,-0.765,-111.234,-11.812,146.969,227.7,1,0.4217,-0.2944,-0.7985,0.3128,122.7,-29.3,0.0
1385075,2026-08-30_09-32-08.077-240,v3.6.25,3.45,12.0,400,2056,-6920,2310,1699,-6973,2642,2052,-7003,2381,2185,-7045,2315,0,0,0,133,-42,-66,154.3,1015.1,0.549,-0.241,-1.152,-112.547,-10.266,155.516,166.9,1,0.4118,-0.3046,-0.8101,0.2853,123.1,-29.6,0.0
1385106,2026-08-30_09-32-08.108-240,v3.6.25,3.45,12.0,400,1571,-6969,2555,1230,-7031,2829,1566,-7051,2625,1749,-7102,2578,0,0,0,183,-51,-47,195.7,1287.5,0.596,-0.280,-0.934,-103.750,-5.266,151.312,201.7,1,0.4024,-0.3150,-0.8197,0.2588,123.4,-29.8,0.0
1385144,2026-08-30_09-32-08.146-240,v3.6.25,3.45,12.0,400,1571,-6969,2555,616,-7062,2940,1566,-7051,2625,1155,-7134,2791,0,0,0,-411,-83,166,451.0,2966.8,0.433,-0.232,-1.012,-90.234,-2.406,148.484,415.9,1,0.3931,-0.3260,-0.8274,0.2339,123.5,-29.9,0.0
1385192,2026-08-30_09-32-09.193-240,v3.6.25,3.45,12.0,400,1050,-6985,2749,616,-7062,2940,1045,-7065,2818,1155,-7134,2791,0,0,0,110,-69,-27,132.6,872.5,1.073,-0.371,-0.975,-48.031,-6.281,85.844,148.8,1,0.3870,-0.3325,-0.8313,0.2205,123.5,-29.8,0.0
1385231,2026-08-30_09-32-09.233-240,v3.6.25,3.45,12.0,400,513,-7000,2797,15,-7080,2935,507,-7074,2865,553,-7155,2889,0,0,0,46,-81,24,96.2,632.8,0.782,-0.204,-1.203,11.422,6.094,-16.422,118.2,1,0.3896,-0.3314,-0.8297,0.2234,123.4,-29.9,0.0
1385260,2026-08-30_09-32-09.261-240,v3.6.25,3.45,12.0,400,414,-6998,2872,-134,-7017,2979,408,-7072,2940,410,-7092,2958,0,0,0,2,-20,18,27.0,177.5,0.547,-0.054,-0.822,24.969,7.922,-35.797,60.1,1,0.3937,-0.3291,-0.8270,0.2297,123.1,-30.0,0.0
1385308,2026-08-30_09-32-09.309-240,v3.6.25,3.45,12.0,400,484,-6972,2913,-134,-7017,2979,478,-7048,2980,410,-7092,2958,0,0,0,-68,-44,-22,83.9,552.2,0.562,0.087,-0.718,-11.484,7.188,28.734,107.9,1,0.3934,-0.3319,-0.8272,0.2253,122.9,-30.1,0.0
1385356,2026-08-30_09-32-09.358-240,v3.6.25,3.45,12.0,400,484,-6972,2913,-81,-7037,3043,478,-7048,2980,475,-7111,3011,0,0,0,-3,-63,31,70.3,462.4,0.787,0.684,-1.108,-94.750,11.781,147.438,96.4,1,0.3855,-0.3430,-0.8332,0.1987,122.8,-30.4,0.0
1385384,2026-08-30_09-32-09.386-240,v3.6.25,3.45,12.0,400,215,-6951,3014,-500,-7004,3076,208,-7026,3080,61,-7080,3115,0,0,0,-147,-54,35,160.5,1055.7,0.479,0.866,-1.526,-140.906,16.469,187.062,172.1,1,0.3750,-0.3546,-0.8411,0.1618,123.1,-31.1,0.0
1385426,2026-08-30_09-32-09.427-240,v3.6.25,3.45,12.0,400,-409,-6914,3070,-500,-7004,3076,-416,-6982,3135,61,-7080,3115,0,0,0,477,-98,-20,487.4,3206.4,0.148,1.044,-0.750,-230.641,16.688,287.938,446.5,1,0.3559,-0.3699,-0.8520,0.1032,123.9,-32.0,0.0
1385461,2026-08-30_09-32-09.463-240,v3.6.25,3.45,12.0,400,-409,-6914,3070,-1269,-6942,2950,-416,-6982,3135,-731,-7024,3124,0,0,0,-315,-42,-11,318.0,2092.0,-0.443,0.662,-1.265,-322.375,20.328,433.359,304.3,1,0.3239,-0.3924,-0.8607,0.0178,125.1,-32.9,0.0
1385715,2026-08-30_09-32-09.716-240,v3.6.25,3.45,12.0,400,-3721,-6699,-1005,-3580,-6548,-1498,-3738,-6636,-917,-3819,-6707,-820,0,0,0,-81,-71,97,145.0,953.6,0.482,0.206,-0.603,-73.281,3.469,56.875,159.1,1,0.3193,-0.3921,-0.8627,0.0027,125.8,-33.3,0.0
1385745,2026-08-30_09-32-09.747-240,v3.6.25,3.45,12.0,400,-3559,-6758,-1306,-3349,-6640,-1837,-3575,-6691,-1216,-3645,-6803,-1190,0,0,0,-70,-112,26,134.6,885.6,0.595,0.481,-0.532,-108.359,11.438,98.562,150.4,1,0.3119,-0.3932,-0.8647,-0.0216,126.7,-33.8,0.0
1385778,2026-08-30_09-32-09.780-240,v3.6.25,3.45,12.0,400,-3559,-6758,-1306,-3349,-6640,-1837,-3575,-6691,-1216,-3645,-6803,-1190,0,0,0,-70,-112,26,134.6,885.6,0.909,0.644,-0.762,-158.984,23.406,150.047,150.4,1,0.3012,-0.3949,-0.8660,-0.0583,128.0,-34.6,0.0
1385826,2026-08-30_09-32-09.827-240,v3.6.25,3.45,12.0,400,-3304,-6820,-1669,-2985,-6648,-2197,-3319,-6749,-1576,-3343,-6814,-1604,0,0,0,-24,-65,-28,74.7,491.7,0.656,1.118,-1.221,-235.922,58.391,226.734,100.2,1,0.2874,-0.3965,-0.8643,-0.1146,130.0,-36.0,0.0
1385852,2026-08-30_09-32-09.854-240,v3.6.25,3.45,12.0,400,-2748,-6985,-2097,-2272,-6830,-2507,-2761,-6912,-1999,-2679,-6996,-2029,0,0,0,82,-84,-30,121.2,797.1,0.133,0.909,-1.985,-291.891,68.266,307.750,139.1,1,0.2671,-0.3998,-0.8568,-0.1865,132.6,-37.4,0.0
1386011,2026-08-30_09-32-09.012-240,v3.6.25,3.45,12.0,400,-425,-7461,-1901,-324,-7263,-2248,-431,-7424,-1798,-676,-7413,-2109,0,0,0,-245,11,-311,396.1,2605.7,0.011,-0.177,-0.972,-61.500,75.984,125.031,369.8,1,0.2702,-0.4052,-0.8473,-0.2118,132.6,-39.0,0.0
1386040,2026-08-30_09-32-09.043-240,v3.6.25,3.45,12.0,400,-425,-7461,-1901,-77,-7419,-1660,-431,-7424,-1798,-325,-7559,-1578,0,0,0,106,-135,220,279.0,1835.8,0.881,-0.331,-0.775,-32.812,75.297,96.719,271.6,1,0.2758,-0.4102,-0.8381,-0.2307,132.4,-40.7,0.0
1386069,2026-08-30_09-32-09.071-240,v3.6.25,3.45,12.0,400,-312,-7601,-1375,-77,-7419,-1660,-316,-7578,-1274,-325,-7559,-1578,0,0,0,-9,19,-304,304.7,2004.8,0.990,-0.204,-0.350,-21.688,91.062,89.391,293.2,1,0.2846,-0.4148,-0.8277,-0.2487,132.2,-42.6,0.0
1386097,2026-08-30_09-32-09.099-240,v3.6.25,3.45,12.0,400,-338,-7640,-733,-169,-7535,-1016,-342,-7630,-635,-303,-7665,-933,0,0,0,39,-35,-298,302.6,1990.6,0.836,-0.029,-0.100,-40.953,99.047,105.375,291.4,1,0.2922,-0.4186,-0.8161,-0.2709,132.4,-44.7,0.0
1386594,2026-08-30_09-32-10.595-240,v3.6.25,3.45,12.0,400,-2289,-2557,6796,-3286,-3003,6308,-2330,-2661,6790,-2249,-3071,6742,0,0,0,81,-410,-48,420.7,2767.6,0.674,-0.923,0.245,-115.688,137.156,5.578,390.5,1,0.3031,-0.4015,-0.8127,-0.2941,136.2,-46.8,0.0
1386669,2026-08-30_09-32-10.670-240,v3.6.25,3.45,12.0,400,-2510,-1911,6952,-3790,-1537,6481,-2556,-2013,6938,-2753,-1615,6995,0,0,0,-197,398,57,447.7,2945.6,0.708,-1.047,0.689,-194.312,136.359,143.938,413.2,1,0.3022,-0.3925,-0.7997,-0.3393,140.3,-48.6,0.0
1386710,2026-08-30_09-32-10.711-240,v3.6.25,3.45,12.0,400,-2888,-1343,6894,-3790,-1537,6481,-2939,-1436,6874,-2753,-1615,6995,0,0,0,186,-179,121,285.1,1875.6,0.475,-1.730,0.678,-198.703,137.625,227.172,276.7,1,0.2979,-0.3915,-0.7775,-0.3919,144.0,-50.4,0.0
1386777,2026-08-30_09-32-10.779-240,v3.6.25,3.45,12.0,400,-4388,-658,6088,-5081,-744,5468,-4447,-711,6064,-4236,-847,6227,0,0,0,211,-136,163,299.3,1969.1,-0.135,-1.988,0.181,49.969,99.469,-188.906,288.6,1,0.3212,-0.3681,-0.7880,-0.3746,147.0,-51.5,0.0
1386830,2026-08-30_09-32-10.832-240,v3.6.25,3.45,12.0,400,-4774,-202,6068,-5680,-130,5196,-4837,-248,6039,-4895,-244,6063,0,0,0,-58,4,24,62.9,413.8,-0.259,0.115,0.592,30.609,35.484,-240.109,90.2,1,0.3342,-0.3402,-0.8060,-0.3507,150.1,-51.0,0.0
1386931,2026-08-30_09-32-10.933-240,v3.6.25,3.45,12.0,400,-2559,-513,7208,-3708,-608,6718,-2615,-613,7177,-2649,-688,7211,0,0,0,-34,-75,34,89.1,586.1,0.870,-0.744,0.295,-206.391,-12.406,22.750,112.2,1,0.3154,-0.3247,-0.8084,-0.3763,154.0,-49.0,0.0
1386961,2026-08-30_09-32-10.963-240,v3.6.25,3.45,12.0,400,-2956,-1040,6945,-4188,-1224,6278,-3009,-1132,6921,-3193,-1308,6865,0,0,0,-184,-176,-56,260.7,1715.2,0.776,-1.072,-0.139,-191.266,-8.000,16.297,256.2,1,0.2984,-0.3092,-0.8099,-0.3992,157.4,-46.9,0.0
1387005,2026-08-30_09-32-10.008-240,v3.6.25,3.45,12.0,400,-3420,-1600,6607,-4188,-1224,6278,-3470,-1681,6591,-3193,-1308,6865,0,0,0,277,373,274,539.4,3548.6,0.702,-1.289,0.275,-140.047,-6.844,-35.000,490.1,1,0.2863,-0.2924,-0.8146,-0.4110,160.1,-45.0,0.0
1387036,2026-08-30_09-32-10.038-240,v3.6.25,3.45,12.0,400,-3420,-1600,6607,-4528,-1809,5903,-3470,-1681,6591,-3586,-1897,6558,0,0,0,-116,-216,-33,247.4,1627.6,0.532,-1.009,-0.017,-112.062,-9.438,-86.938,245.1,1,0.2765,-0.2725,-0.8233,-0.4140,162.5,-42.9,0.0
1387063,2026-08-30_09-32-10.065-240,v3.6.25,3.45,12.0,400,-3405,-2114,6527,-4528,-1809,5903,-3451,-2196,6517,-3586,-1897,6558,0,0,0,-135,299,41,330.6,2175.1,0.790,-0.782,-0.108,-105.328,-8.094,-89.203,314.9,1,0.2675,-0.2527,-0.8316,-0.4161,164.8,-40.9,0.0
1387091,2026-08-30_09-32-10.093-240,v3.6.25,3.45,12.0,400,-3405,-2114,6527,-4229,-2396,5979,-3451,-2196,6517,-3262,-2477,6582,0,0,0,189,-281,65,344.8,2268.6,0.786,-0.576,0.021,-119.875,-5.844,-73.422,326.8,1,0.2573,-0.2328,-0.8379,-0.4213,167.1,-38.9,0.0
1387120,2026-08-30_09-32-10.121-240,v3.6.25,3.45,12.0,400,-2989,-2600,6524,-4229,-2396,5979,-3031,-2690,6520,-3262,-2477,6582,0,0,0,-231,213,62,320.3,2107.1,0.578,-0.575,-0.036,-137.219,-8.156,-46.906,306.2,1,0.2452,-0.2142,-0.8417,-0.4308,169.3,-36.7,0.0
1387147,2026-08-30_09-32-10.149-240,v3.6.25,3.45,12.0,400,-2740,-3049,6402,-3847,-2938,5995,-2778,-3141,6403,-2866,-3014,6533,0,0,0,-88,127,130,201.9,1328.4,0.948,-0.382,0.018,-162.312,-4.641,-17.531,206.9,1,0.2314,-0.1956,-0.8420,-0.4463,171.4,-34.4,0.0
1387196,2026-08-30_09-32-11.198-240,v3.6.25,3.45,12.0,400,-2740,-3049,6402,-3806,-3393,5708,-2778,-3141,6403,-2865,-3470,6246,0,0,0,-87,-329,-157,374.8,2465.6,0.536,0.050,-0.313,-227.453,6.172,86.094,352.0,1,0.2147,-0.1803,-0.8314,-0.4797,173.6,-32.0,0.0
1387239,2026-08-30_09-32-11.240-240,v3.6.25,3.45,12.0,400,-2919,-3453,6070,-3806,-3393,5708,-2955,-3538,6078,-2865,-3470,6246,0,0,0,90,68,168,202.4,1331.3,0.284,0.148,-0.791,-310.953,13.016,185.703,207.3,1,0.1928,-0.1657,-0.8084,-0.5309,175.9,-29.2,0.0
1387299,2026-08-30_09-32-11.300-240,v3.6.25,3.45,12.0,400,-3702,-3838,5259,-4439,-3767,4810,-3736,-3897,5276,-3646,-3857,5479,0,0,0,90,40,203,225.6,1484.4,-0.266,0.378,-1.310,-425.734,52.797,344.562,226.8,1,0.1674,-0.1501,-0.7619,-0.6074,178.4,-25.9,0.0
1387352,2026-08-30_09-32-11.354-240,v3.6.25,3.45,12.0,400,-4873,-4273,3728,-5431,-4177,2989,-4907,-4286,3758,-4945,-4296,3872,0,0,0,-38,-10,114,120.6,793.3,-0.865,-0.231,-1.931,-481.844,88.406,476.656,138.6,1,0.1429,-0.1357,-0.6905,-0.6960,180.7,-22.7,0.0
1387530,2026-08-30_09-32-11.531-240,v3.6.25,3.45,12.0,400,-4037,-6152,-2587,-3914,-5535,-3447,-4059,-6049,-2496,-4511,-5731,-2666,0,0,0,-452,318,-170,578.2,3804.0,0.196,0.510,-0.821,-111.422,91.969,25.047,522.7,1,0.1428,-0.1173,-0.6808,-0.7088,182.6,-21.1,0.0
1387563,2026-08-30_09-32-11.565-240,v3.6.25,3.45,12.0,400,-4037,-6152,-2587,-3357,-6108,-3044,-4059,-6049,-2496,-3872,-6292,-2368,0,0,0,187,-243,128,332.3,2186.0,0.462,1.162,-1.411,-175.766,91.234,83.203,316.3,1,0.1374,-0.0977,-0.6608,-0.7314,184.4,-18.9,0.0
1387590,2026-08-30_09-32-11.592-240,v3.6.25,3.45,12.0,400,-3420,-6608,-2340,-3357,-6108,-3044,-3437,-6520,-2245,-3872,-6292,-2368,0,0,0,-435,228,-123,506.3,3330.9,-0.048,1.129,-1.404,-248.281,88.984,155.859,462.4,1,0.1262,-0.0774,-0.6275,-0.7644,185.7,-16.1,0.0
1387928,2026-08-30_09-32-11.929-240,v3.6.25,3.45,12.0,400,1032,-7563,303,894,-7566,586,1030,-7593,393,1037,-7668,447,0,0,0,7,-75,54,92.7,609.8,1.244,0.141,-0.538,-59.609,24.016,27.797,115.2,1,0.1240,-0.0720,-0.6200,-0.7714,186.1,-15.4,0.0
1387954,2026-08-30_09-32-11.955-240,v3.6.25,3.45,12.0,400,1124,-7528,493,994,-7537,804,1122,-7563,582,1174,-7635,642,0,0,0,52,-72,60,107.2,705.1,1.106,0.419,-0.466,-84.578,24.094,49.672,127.4,1,0.1201,-0.0661,-0.6082,-0.7818,186.4,-14.4,0.0
1388002,2026-08-30_09-32-11.003-240,v3.6.25,3.45,12.0,400,1319,-7483,781,994,-7537,804,1317,-7526,867,1174,-7635,642,0,0,0,-143,-109,-225,288.0,1894.9,2.391,1.699,-1.042,-64.953,21.062,-31.812,279.2,1,0.1135,-0.0565,-0.6076,-0.7840,186.4,-13.1,0.0
1388036,2026-08-30_09-32-11.038-240,v3.6.25,3.45,12.0,400,1319,-7483,781,1178,-7448,1156,1317,-7526,867,1417,-7541,954,0,0,0,100,-15,87,133.4,877.6,1.428,0.778,-1.381,-189.875,35.125,115.453,149.4,1,0.1017,-0.0452,-0.5810,-0.8063,186.5,-11.0,0.0
1388064,2026-08-30_09-32-11.065-240,v3.6.25,3.45,12.0,400,1723,-7334,1059,1513,-7310,1609,1720,-7388,1142,1828,-7395,1339,0,0,0,108,-7,197,224.8,1478.8,0.673,-0.586,-1.163,-189.953,6.781,155.766,226.1,1,0.0894,-0.0405,-0.5488,-0.8302,186.1,-9.5,0.0
1388117,2026-08-30_09-32-11.118-240,v3.6.25,3.45,12.0,400,1780,-7240,1344,1513,-7310,1609,1777,-7300,1424,1828,-7395,1339,0,0,0,51,-95,-85,137.3,903.3,0.838,-0.335,-0.201,-14.281,-48.125,-45.734,152.7,1,0.0807,-0.0441,-0.5542,-0.8273,184.9,-9.4,0.0
1388145,2026-08-30_09-32-11.147-240,v3.6.25,3.45,12.0,400,1780,-7240,1344,1535,-7300,1602,1777,-7300,1424,1848,-7386,1328,0,0,0,71,-86,-96,147.1,968.1,0.614,0.526,-0.251,17.844,-66.312,-64.109,160.9,1,0.0735,-0.0521,-0.5644,-0.8206,183.6,-9.7,0.0
1388176,2026-08-30_09-32-12.177-240,v3.6.25,3.45,12.0,400,1929,-7292,916,1535,-7300,1602,1926,-7345,1000,1848,-7386,1328,0,0,0,-78,-41,328,339.6,2234.4,0.387,0.843,-0.266,0.484,-83.641,-3.969,322.5,1,0.0658,-0.0644,-0.5664,-0.8190,182.0,-10.4,0.0
1388202,2026-08-30_09-32-12.204-240,v3.6.25,3.45,12.0,400,1915,-7365,293,1758,-7366,900,1913,-7405,381,1951,-7460,605,0,0,0,38,-55,224,233.8,1537.9,0.927,0.900,-0.190,-28.750,-78.172,63.859,233.6,1,0.0592,-0.0779,-0.5569,-0.8248,180.6,-11.2,0.0
1388244,2026-08-30_09-32-12.245-240,v3.6.25,3.45,12.0,400,1915,-7365,293,1609,-7440,360,1913,-7405,381,1711,-7542,104,0,0,0,-202,-137,-277,369.2,2428.9,1.222,-0.772,-0.302,21.922,-37.781,55.922,347.3,1,0.0626,-0.0888,-0.5509,-0.8274,180.3,-12.5,0.0
1388292,2026-08-30_09-32-12.293-240,v3.6.25,3.45,12.0,400,1616,-7475,-25,1609,-7440,360,1614,-7505,66,1711,-7542,104,0,0,0,97,-37,38,110.6,727.3,1.268,-1.215,-0.792,198.641,17.891,-91.219,130.2,1,0.0862,-0.0970,-0.5739,-0.8086,181.7,-14.8,0.0
1388318,2026-08-30_09-32-12.321-240,v3.6.25,3.45,12.0,400,1169,-7570,-31,1143,-7554,228,1167,-7594,61,1224,-7660,55,0,0,0,57,-66,-6,87.4,575.1,1.128,-0.610,-0.896,267.766,47.328,-162.406,110.8,1,0.1177,-0.1020,-0.6083,-0.7783,183.6,-17.6,0.0
1388352,2026-08-30_09-32-12.353-240,v3.6.25,3.45,12.0,400,1169,-7570,-31,1143,-7554,228,1167,-7594,61,1224,-7660,55,0,0,0,57,-66,-6,87.4,575.1,0.698,-0.618,-0.789,288.953,73.109,-204.281,110.8,1,0.1521,-0.1018,-0.6465,-0.7407,185.7,-20.3,0.0
1388393,2026-08-30_09-32-12.395-240,v3.6.25,3.45,12.0,400,637,-7601,382,517,-7593,529,634,-7628,472,650,-7697,456,0,0,0,16,-69,-16,72.6,477.7,0.426,0.356,-1.082,280.875,76.531,-220.406,98.4,1,0.1844,-0.0988,-0.6837,-0.6991,187.7,-23.0,0.0
1388421,2026-08-30_09-32-12.422-240,v3.6.25,3.45,12.0,400,464,-7552,932,233,-7557,1122,461,-7588,1018,468,-7654,1083,0,0,0,7,-66,65,92.9,611.2,0.235,0.531,-0.693,219.406,53.438,-165.203,115.4,1,0.2089,-0.0976,-0.7104,-0.6650,188.9,-25.3,0.0
1388471,2026-08-30_09-32-12.472-240,v3.6.25,3.45,12.0,400,374,-7499,1231,233,-7557,1122,370,-7540,1314,468,-7654,1083,0,0,0,98,-114,-231,275.6,1813.2,0.467,0.498,-0.393,135.562,-8.531,-97.797,268.8,1,0.2195,-0.1022,-0.7265,-0.6431,188.6,-26.8,0.0
1388511,2026-08-30_09-32-12.513-240,v3.6.25,3.45,12.0,400,374,-7499,1231,73,-7514,1361,370,-7540,1314,348,-7609,1344,0,0,0,-22,-69,30,78.4,515.7,0.890,0.848,-0.233,32.891,-41.672,-51.453,103.2,1,0.2164,-0.1052,-0.7344,-0.6346,187.7,-26.8,0.0
1388539,2026-08-30_09-32-12.540-240,v3.6.25,3.45,12.0,400,281,-7537,1058,30,-7569,1047,277,-7573,1143,252,-7668,1045,0,0,0,-25,-95,-98,138.8,912.9,1.412,1.220,-0.334,-68.328,-43.766,-10.172,153.9,1,0.2040,-0.1030,-0.7340,-0.6396,187.0,-25.5,0.0
1388582,2026-08-30_09-32-12.584-240,v3.6.25,3.45,12.0,400,445,-7589,656,30,-7569,1047,442,-7619,744,252,-7668,1045,0,0,0,-190,-49,301,359.3,2363.9,1.915,0.801,-0.682,-232.766,-9.047,52.641,339.0,1,0.1812,-0.0878,-0.7184,-0.6658,187.1,-22.2,0.0
1388614,2026-08-30_09-32-12.615-240,v3.6.25,3.45,12.0,400,445,-7589,656,471,-7580,757,442,-7619,744,643,-7681,686,0,0,0,201,-62,-58,218.2,1435.5,1.766,0.880,-0.901,-307.641,34.281,84.000,220.6,1,0.1567,-0.0633,-0.6931,-0.7008,188.0,-17.8,0.0
1388642,2026-08-30_09-32-12.644-240,v3.6.25,3.45,12.0,400,1165,-7488,627,471,-7580,757,1162,-7526,714,643,-7681,686,0,0,0,-519,-155,-28,542.4,3568.3,1.308,0.808,-1.069,-362.797,66.547,146.203,492.6,1,0.1327,-0.0352,-0.6545,-0.7435,188.9,-13.1,0.0
1388816,2026-08-30_09-32-12.817-240,v3.6.25,3.45,12.0,400,2267,-6523,3077,1705,-6638,3488,2260,-6623,3139,2331,-6700,3139,0,0,0,71,-77,0,104.7,689.1,0.470,-0.370,-0.108,76.359,-57.531,-78.938,125.3,1,0.1310,-0.0437,-0.6693,-0.7301,187.9,-13.8,0.0
1388846,2026-08-30_09-32-12.848-240,v3.6.25,3.45,12.0,400,2370,-6643,2696,1755,-6694,3227,2364,-6737,2762,2337,-6759,2876,0,0,0,-27,-22,114,119.2,784.2,0.796,0.304,-0.068,118.469,-67.953,-89.594,137.5,1,0.1323,-0.0564,-0.6873,-0.7120,186.6,-15.2,0.0
1388879,2026-08-30_09-32-12.880-240,v3.6.25,3.45,12.0,400,2370,-6643,2696,1755,-6694,3227,2364,-6737,2762,2337,-6759,2876,0,0,0,-27,-22,114,119.2,784.2,1.195,0.998,-0.038,106.781,-56.734,-38.266,137.5,1,0.1363,-0.0705,-0.6981,-0.6994,185.5,-16.8,0.0
1388906,2026-08-30_09-32-12.908-240,v3.6.25,3.45,12.0,400,2337,-6897,2075,1901,-6961,2458,2333,-6978,2147,2355,-7035,2100,0,0,0,22,-57,-47,77.1,507.1,1.477,0.513,-0.003,97.281,-30.844,-8.203,102.1,1,0.1438,-0.0831,-0.7042,-0.6903,184.9,-18.5,0.0
1388934,2026-08-30_09-32-12.936-240,v3.6.25,3.45,12.0,400,2022,-7090,1795,1901,-6961,2458,2018,-7162,1871,2355,-7035,2100,0,0,0,337,127,229,426.8,2807.7,1.730,0.073,-0.048,115.812,4.641,6.891,395.6,1,0.1584,-0.0943,-0.7085,-0.6812,185.0,-20.7,0.0
1388982,2026-08-30_09-32-12.984-240,v3.6.25,3.45,12.0,400,2022,-7090,1795,1586,-7165,2170,2018,-7162,1871,1995,-7243,1874,0,0,0,-23,-81,3,84.3,554.3,1.855,-0.485,-0.411,183.906,66.016,-26.266,108.2,1,0.1866,-0.1018,-0.7173,-0.6636,186.4,-23.7,0.0
1389010,2026-08-30_09-32-12.011-240,v3.6.25,3.45,12.0,400,1576,-7136,2103,1066,-7171,2514,1572,-7209,2178,1534,-7246,2298,0,0,0,-38,-37,120,131.2,863.1,1.490,-0.363,-0.325,222.188,91.828,-66.969,147.6,1,0.2202,-0.1059,-0.7301,-0.6381,188.2,-27.2,0.0
1389052,2026-08-30_09-32-12.054-240,v3.6.25,3.45,12.0,400,1281,-6965,2738,1066,-7171,2514,1276,-7048,2807,1534,-7246,2298,0,0,0,258,-198,-509,604.0,3973.9,0.645,0.034,-0.544,230.719,83.984,-87.594,544.4,1,0.2527,-0.1095,-0.7443,-0.6084,189.7,-30.6,0.0
1389092,2026-08-30_09-32-12.094-240,v3.6.25,3.45,12.0,400,1281,-6965,2738,685,-6962,3198,1276,-7048,2807,1266,-7031,3031,0,0,0,-10,17,224,224.9,1479.4,0.315,0.278,-0.332,211.016,31.438,-77.656,226.2,1,0.2763,-0.1177,-0.7576,-0.5795,189.8,-33.7,0.0
1389141,2026-08-30_09-32-12.143-240,v3.6.25,3.45,12.0,400,1178,-6767,3188,505,-6843,3471,1171,-6857,3252,1131,-6909,3328,0,0,0,-40,-52,76,100.4,660.5,0.649,-0.076,-0.358,167.594,-27.750,-79.438,121.7,1,0.2873,-0.1275,-0.7715,-0.5531,188.6,-35.8,0.0
1389169,2026-08-30_09-32-13.171-240,v3.6.25,3.45,12.0,400,1031,-6785,3163,505,-6843,3471,1024,-6873,3227,1131,-6909,3328,0,0,0,107,-36,101,151.5,996.6,0.844,0.218,-0.213,154.328,-46.078,-105.938,164.6,1,0.2934,-0.1345,-0.7876,-0.5249,186.9,-37.1,0.0
1389200,2026-08-30_09-32-13.202-240,v3.6.25,3.45,12.0,400,1030,-6949,2760,402,-6941,3193,1024,-7029,2828,982,-7011,3075,0,0,0,-42,18,247,251.2,1652.6,1.229,1.203,-0.075,76.125,-49.656,-77.203,248.3,1,0.2921,-0.1374,-0.7987,-0.5078,185.6,-37.3,0.0
1389243,2026-08-30_09-32-13.244-240,v3.6.25,3.45,12.0,400,1030,-6949,2760,574,-7114,2754,1024,-7029,2828,1082,-7189,2617,0,0,0,58,-160,-211,271.1,1783.4,1.694,1.086,0.080,-129.531,-19.781,39.656,265.0,1,0.2793,-0.1315,-0.7926,-0.5258,186.0,-35.5,0.0
1389285,2026-08-30_09-32-13.287-240,v3.6.25,3.45,12.0,400,1146,-7074,2453,574,-7114,2754,1141,-7149,2524,1082,-7189,2617,0,0,0,-59,-40,93,117.2,770.9,1.663,-0.083,-0.371,-200.609,29.797,37.484,135.8,1,0.2669,-0.1140,-0.7818,-0.5519,188.0,-32.9,0.0
1389316,2026-08-30_09-32-13.318-240,v3.6.25,3.45,12.0,400,1485,-6951,2586,860,-7088,2809,1480,-7033,2655,1377,-7161,2622,0,0,0,-103,-128,-33,167.6,1102.5,1.474,0.204,-0.412,-219.547,57.188,33.703,178.1,1,0.2559,-0.0916,-0.7684,-0.5795,190.4,-30.0,0.0
1389350,2026-08-30_09-32-13.352-240,v3.6.25,3.45,12.0,400,1485,-6951,2586,1363,-6746,3449,1480,-7033,2655,1984,-6809,3159,0,0,0,504,224,504,747.1,4915.4,1.066,0.403,-0.474,-259.391,76.188,91.531,664.5,1,0.2453,-0.0695,-0.7455,-0.6159,192.9,-26.8,0.0
1389404,2026-08-30_09-32-13.405-240,v3.6.25,3.47,12.0,400,2017,-6596,3143,1363,-6746,3449,2010,-6695,3205,1984,-6809,3159,0,0,0,-26,-114,-46,125.7,826.6,0.650,-0.373,-0.126,-238.609,58.984,129.906,142.9,1,0.2355,-0.0550,-0.7188,-0.6518,194.5,-24.2,0.0
1389461,2026-08-30_09-32-13.462-240,v3.6.25,3.47,12.0,400,1928,-5914,4281,1388,-6263,4307,1917,-6033,4329,2147,-6317,3992,0,0,0,230,-284,-337,497.1,3270.5,0.564,-0.625,0.114,-99.875,-8.062,24.547,454.7,1,0.2260,-0.0498,-0.7115,-0.6634,194.4,-22.8,0.0
1389511,2026-08-30_09-32-13.513-240,v3.6.25,3.47,12.0,400,1928,-5914,4281,1120,-6038,4655,1917,-6033,4329,1935,-6090,4377,0,0,0,18,-57,48,76.7,504.4,0.593,0.351,-0.139,-44.234,-59.750,-5.047,101.8,1,0.2146,-0.0527,-0.7118,-0.6667,193.2,-22.1,0.0
1389539,2026-08-30_09-32-13.540-240,v3.6.25,3.47,12.0,400,1987,-6032,4055,1243,-6226,4372,1977,-6148,4106,2013,-6280,4080,0,0,0,36,-132,-26,139.3,916.2,0.846,0.038,0.028,-29.547,-73.359,6.891,154.3,1,0.2035,-0.0595,-0.7121,-0.6693,191.6,-21.7,0.0
1389576,2026-08-30_09-32-13.577-240,v3.6.25,3.47,12.0,400,1967,-6329,3596,1243,-6226,4372,1959,-6436,3653,2013,-6280,4080,0,0,0,54,156,427,457.8,3011.8,1.463,-0.327,0.184,41.172,-55.328,-26.766,421.7,1,0.2004,-0.0675,-0.7187,-0.6624,190.5,-22.2,0.0
1389617,2026-08-30_09-32-13.619-240,v3.6.25,3.47,12.0,400,1967,-6329,3596,1262,-6510,3826,1959,-6436,3653,1943,-6570,3544,0,0,0,-16,-134,-109,173.5,1141.3,1.689,0.212,0.135,94.047,-12.828,-26.328,183.0,1,0.2082,-0.0754,-0.7261,-0.6510,190.2,-23.6,0.0
1389644,2026-08-30_09-32-13.645-240,v3.6.25,3.47,12.0,400,1924,-6538,3260,1252,-6669,3601,1917,-6638,3321,1897,-6731,3327,0,0,0,-20,-93,6,95.3,627.1,1.591,0.493,-0.041,90.781,24.609,25.516,117.4,1,0.2228,-0.0836,-0.7263,-0.6449,190.6,-25.6,0.0
1389695,2026-08-30_09-32-13.697-240,v3.6.25,3.47,12.0,400,1669,-6548,3449,1252,-6669,3601,1662,-6649,3509,1897,-6731,3327,0,0,0,235,-82,-182,308.3,2028.5,1.458,-0.539,-0.203,134.984,70.156,47.109,296.2,1,0.2487,-0.0928,-0.7240,-0.6367,192.0,-28.6,0.0
1389726,2026-08-30_09-32-13.728-240,v3.6.25,3.47,12.0,400,1156,-6331,3997,674,-6544,4015,1147,-6436,4051,1388,-6604,3830,0,0,0,241,-168,-221,367.6,2418.6,1.457,-1.235,-0.175,224.797,82.344,-36.594,346.0,1,0.2816,-0.0999,-0.7328,-0.6113,193.5,-32.3,0.0
1389773,2026-08-30_09-32-13.774-240,v3.6.25,3.47,12.0,400,1156,-6331,3997,318,-6182,4622,1147,-6436,4051,1129,-6237,4483,0,0,0,-18,199,432,476.0,3131.4,0.677,-0.443,-0.669,360.141,92.922,-233.250,436.9,1,0.3211,-0.0965,-0.7632,-0.5523,195.0,-36.6,0.0
1389811,2026-08-30_09-32-13.813-240,v3.6.25,3.47,12.0,400,1315,-5930,4494,318,-6182,4622,1303,-6046,4540,1129,-6237,4483,0,0,0,-174,-191,-57,264.6,1740.7,0.161,0.290,-0.526,354.750,76.188,-300.359,259.5,1,0.3538,-0.0857,-0.7957,-0.4841,195.7,-40.2,0.0
1389876,2026-08-30_09-32-13.878-240,v3.6.25,3.47,12.0,400,2503,-5562,4369,1321,-5750,4938,2490,-5689,4413,2179,-5798,4618,0,0,0,-311,-109,205,388.1,2553.3,0.418,1.557,-0.079,168.141,18.766,-150.516,363.2,1,0.3656,-0.0802,-0.8108,-0.4500,195.4,-41.7,0.0
1389929,2026-08-30_09-32-13.931-240,v3.6.25,3.47,12.0,400,3562,-5436,3776,2701,-5570,4494,3550,-5563,3823,3479,-5619,3948,0,0,0,-71,-56,125,154.3,1015.0,0.574,0.963,0.260,19.953,-31.438,-36.859,166.9,1,0.3621,-0.0798,-0.8159,-0.4436,194.8,-41.4,0.0
1389957,2026-08-30_09-32-13.959-240,v3.6.25,3.47,12.0,400,3818,-5548,3452,3154,-5679,4113,3807,-5672,3502,3869,-5731,3499,0,0,0,62,-59,-3,85.6,563.4,0.741,1.156,0.226,-44.516,-45.719,-9.688,109.3,1,0.3524,-0.0779,-0.8181,-0.4477,194.3,-40.3,0.0
1389986,2026-08-30_09-32-13.988-240,v3.6.25,3.47,12.0,400,3939,-5607,3180,3154,-5679,4113,3928,-5727,3232,3869,-5731,3499,0,0,0,-59,-4,267,273.5,1799.1,0.866,1.486,-0.013,-133.000,-47.656,44.391,267.0,1,0.3372,-0.0747,-0.8136,-0.4677,194.3,-38.2,0.0
1390037,2026-08-30_09-32-13.039-240,v3.6.25,3.47,12.0,400,3939,-5607,3180,3290,-5726,3890,3928,-5727,3232,3967,-5780,3258,0,0,0,39,-53,26,70.8,465.5,1.143,1.060,-0.280,-324.297,-20.422,177.109,96.8,1,0.3145,-0.0676,-0.7896,-0.5225,195.6,-34.6,0.0
1390064,2026-08-30_09-32-13.065-240,v3.6.25,3.47,12.0,400,3817,-5538,3517,3025,-5631,4371,3806,-5663,3566,3783,-5680,3773,0,0,0,-23,-17,207,209.0,1374.8,1.133,0.440,-0.314,-367.375,13.406,177.344,212.8,1,0.2915,-0.0533,-0.7587,-0.5802,197.3,-30.3,0.0
1390222,2026-08-30_09-32-14.223-240,v3.6.25,3.47,12.0,400,3046,-3733,5865,2028,-4238,6201,3021,-3891,5880,3073,-4275,5728,0,0,0,52,-384,-152,416.2,2738.5,0.473,0.202,0.224,-84.516,16.250,36.234,386.8,1,0.2879,-0.0482,-0.7506,-0.5928,198.0,-29.3,0.0
1390251,2026-08-30_09-32-14.253-240,v3.6.25,3.47,12.0,400,2911,-3529,6084,1921,-3695,6564,2885,-3689,6095,3018,-3730,6100,0,0,0,133,-41,5,139.3,916.2,0.444,0.026,0.270,-32.828,-15.219,36.828,154.3,1,0.2851,-0.0510,-0.7463,-0.5993,197.7,-29.1,0.0
1390296,2026-08-30_09-32-14.298-240,v3.6.25,3.47,12.0,400,2911,-3529,6084,1621,-3804,6550,2885,-3689,6095,2718,-3840,6138,0,0,0,-167,-151,43,229.2,1508.0,0.813,-0.116,0.558,51.422,-32.625,19.375,229.8,1,0.2872,-0.0611,-0.7482,-0.5950,196.8,-30.2,0.0
1390341,2026-08-30_09-32-14.343-240,v3.6.25,3.47,12.0,400,2654,-3760,6035,1621,-3804,6550,2629,-3916,6049,2718,-3840,6138,0,0,0,89,76,89,147.0,967.3,1.665,0.051,0.940,142.188,12.312,-7.406,160.8,1,0.3026,-0.0716,-0.7540,-0.5787,196.7,-32.6,0.0
1390371,2026-08-30_09-32-14.373-240,v3.6.25,3.47,12.0,400,2618,-3926,5945,1524,-4110,6417,2594,-4081,5961,2604,-4147,6025,0,0,0,10,-66,64,92.5,608.4,2.046,0.178,0.773,167.000,61.562,0.453,115.1,1,0.3268,-0.0801,-0.7567,-0.5604,197.6,-35.8,0.0
1390399,2026-08-30_09-32-14.401-240,v3.6.25,3.47,12.0,400,2618,-3926,5945,1524,-4110,6417,2594,-4081,5961,2604,-4147,6025,0,0,0,10,-66,64,92.5,608.4,1.885,-0.227,0.607,203.281,100.781,-28.250,115.1,1,0.3582,-0.0845,-0.7603,-0.5353,199.3,-39.4,0.0
1390427,2026-08-30_09-32-14.429-240,v3.6.25,3.47,12.0,400,2677,-3647,6106,1566,-3859,6555,2651,-3805,6118,2665,-3895,6152,0,0,0,14,-90,34,97.2,639.6,1.424,-0.403,0.274,251.922,129.266,-98.250,119.0,1,0.3944,-0.0818,-0.7682,-0.4976,201.6,-43.4,0.0
1390453,2026-08-30_09-32-14.455-240,v3.6.25,3.47,12.0,400,2677,-3647,6106,1566,-3859,6555,2651,-3805,6118,2665,-3895,6152,0,0,0,14,-90,34,97.2,639.6,0.994,-0.548,-0.103,296.703,144.641,-175.328,119.0,1,0.4327,-0.0713,-0.7800,-0.4463,204.1,-47.6,0.0
1390495,2026-08-30_09-32-14.497-240,v3.6.25,3.47,12.0,400,3332,-2938,6084,2291,-3096,6684,3302,-3100,6089,3397,-3132,6153,0,0,0,95,-32,64,118.9,782.5,-0.108,0.698,-0.285,329.688,126.125,-258.078,137.3,1,0.4656,-0.0527,-0.7967,-0.3818,205.8,-51.4,0.0
1390612,2026-08-30_09-32-14.613-240,v3.6.25,3.47,12.0,400,5834,-2140,4441,4956,-2321,5481,5801,-2295,4449,5840,-2366,4521,0,0,0,39,-71,72,108.4,713.0,0.316,0.954,0.757,-2.203,-14.812,75.266,128.4,1,0.4655,-0.0638,-0.7930,-0.3878,205.0,-52.0,0.0
1390641,2026-08-30_09-32-14.643-240,v3.6.25,3.47,12.0,400,5552,-2392,4712,4497,-2630,5750,5521,-2551,4721,5433,-2672,4862,0,0,0,-88,-121,141,205.6,1352.5,0.553,1.460,0.937,-80.750,-24.328,74.078,210.0,1,0.4590,-0.0692,-0.7880,-0.4045,204.7,-51.2,0.0
1390692,2026-08-30_09-32-14.694-240,v3.6.25,3.47,12.0,400,5137,-2513,5131,4497,-2630,5750,5106,-2676,5138,5433,-2672,4862,0,0,0,327,4,-276,427.9,2815.3,0.959,1.083,0.209,-280.047,-1.797,137.609,396.6,1,0.4432,-0.0660,-0.7706,-0.4532,206.6,-48.0,0.0
1390719,2026-08-30_09-32-14.721-240,v3.6.25,3.47,12.0,400,5137,-2513,5131,3833,-2605,6321,5106,-2676,5138,4867,-2642,5533,0,0,0,-239,34,395,462.9,3045.6,0.991,0.212,-0.072,-328.531,25.359,130.953,426.0,1,0.4259,-0.0559,-0.7475,-0.5066,208.9,-43.9,0.0
1390865,2026-08-30_09-32-14.866-240,v3.6.25,3.47,12.0,400,3032,-733,7041,1895,-1123,7501,2986,-902,7016,3102,-1161,7015,0,0,0,116,-259,-1,283.8,1867.1,0.337,0.240,0.767,-123.297,37.984,-48.562,275.6,1,0.4194,-0.0368,-0.7440,-0.5189,210.5,-41.5,0.0
1390891,2026-08-30_09-32-14.892-240,v3.6.25,3.47,12.0,400,3047,-171,7072,1814,-380,7579,2996,-338,7041,3019,-423,7104,0,0,0,23,-85,63,108.3,712.3,0.313,0.097,0.780,-92.688,23.906,-9.297,128.3,1,0.4150,-0.0263,-0.7391,-0.5299,211.5,-39.9,0.0
1390928,2026-08-30_09-32-14.930-240,v3.6.25,3.47,12.0,400,3047,-171,7072,1661,-104,7676,2996,-338,7041,2877,-148,7225,0,0,0,-119,190,184,290.0,1908.1,0.413,-0.336,1.060,-18.234,17.250,13.453,280.9,1,0.4168,-0.0250,-0.7359,-0.5330,212.0,-39.8,0.0
1390981,2026-08-30_09-32-14.982-240,v3.6.25,3.47,12.0,400,2882,43,7170,1661,-104,7676,2830,-123,7136,2877,-148,7225,0,0,0,47,-25,89,103.7,682.3,0.800,-0.197,1.125,150.125,43.797,-59.062,124.5,1,0.4327,-0.0247,-0.7436,-0.5091,212.9,-42.0,0.0
1391007,2026-08-30_09-32-14.009-240,v3.6.25,3.47,12.0,400,3033,189,7064,1861,44,7559,2980,23,7029,3054,-1,7076,0,0,0,74,-24,47,90.9,598.0,0.931,0.354,1.026,200.391,72.859,-87.812,113.7,1,0.4546,-0.0216,-0.7525,-0.4761,214.3,-44.8,0.0
1391216,2026-08-30_09-32-15.217-240,v3.6.25,3.47,12.0,400,6342,1881,4007,5244,1746,5411,6280,1746,3974,6033,1674,4397,0,0,0,-247,-72,423,495.1,3257.2,-0.256,0.765,1.135,64.484,37.281,77.516,453.0,1,0.4674,-0.0335,-0.7462,-0.4729,215.0,-46.8,0.0
1391246,2026-08-30_09-32-15.248-240,v3.6.25,3.47,12.0,400,6342,1881,4007,5659,1741,5104,6280,1746,3974,6396,1666,4027,0,0,0,116,-80,53,150.5,990.5,-0.375,0.510,1.061,47.828,6.578,76.594,163.8,1,0.4748,-0.0466,-0.7416,-0.4716,214.8,-48.4,0.0
1391274,2026-08-30_09-32-15.275-240,v3.6.25,3.47,12.0,400,6387,1649,4103,5659,1741,5104,6327,1510,4072,6396,1666,4027,0,0,0,69,156,-45,176.4,1160.6,-0.104,1.048,1.144,8.141,-16.625,73.781,185.5,1,0.4760,-0.0583,-0.7377,-0.4752,214.1,-49.3,0.0
1391302,2026-08-30_09-32-15.304-240,v3.6.25,3.47,12.0,400,6256,1305,4446,5562,1358,5348,6198,1159,4416,6348,1289,4282,0,0,0,150,130,-134,239.5,1575.6,0.003,1.375,1.205,-64.641,-23.312,84.188,238.4,1,0.4709,-0.0669,-0.7309,-0.4894,213.6,-48.9,0.0
1391345,2026-08-30_09-32-15.348-240,v3.6.25,3.47,12.0,400,6256,1305,4446,5070,1145,5930,6198,1159,4416,5961,1083,4935,0,0,0,-237,-76,519,575.6,3786.8,0.765,1.011,0.515,-196.125,-13.203,112.438,520.5,1,0.4573,-0.0693,-0.7160,-0.5229,213.5,-46.7,0.0
1391390,2026-08-30_09-32-15.391-240,v3.6.25,3.47,12.0,400,5718,1292,5223,5070,1145,5930,5660,1136,5188,5961,1083,4935,0,0,0,301,-53,-253,396.8,2610.3,0.797,0.134,0.499,-252.828,23.062,53.656,370.4,1,0.4407,-0.0569,-0.6998,-0.5593,214.3,-42.9,0.0
1391565,2026-08-30_09-32-15.566-240,v3.6.25,3.47,12.0,400,2793,4097,6077,2479,3432,6625,2710,3973,6005,3442,3353,6054,0,0,0,732,-620,49,960.5,6319.3,-0.261,-0.179,1.172,-193.750,48.000,-18.375,843.6,1,0.4287,-0.0367,-0.6896,-0.5826,215.5,-39.3,0.0
1391612,2026-08-30_09-32-15.614-240,v3.6.25,3.47,12.0,400,2793,4097,6077,1697,4145,6472,2710,3973,6005,2619,4056,6038,0,0,0,-91,83,33,127.5,838.9,-0.193,-0.990,1.175,-46.734,32.859,-20.297,144.5,1,0.4279,-0.0277,-0.6869,-0.5868,216.3,-38.3,0.0
1391640,2026-08-30_09-32-15.641-240,v3.6.25,3.47,12.0,400,2085,4449,6077,1059,4524,6340,1998,4335,6001,1950,4427,6018,0,0,0,-48,92,17,105.2,691.8,-0.039,-0.717,1.273,74.219,35.500,-78.078,125.7,1,0.4357,-0.0192,-0.6947,-0.5719,217.3,-38.9,0.0
1391682,2026-08-30_09-32-15.683-240,v3.6.25,3.47,12.0,400,2378,4681,5701,1059,4524,6340,2290,4573,5625,1950,4427,6018,0,0,0,-340,-146,393,539.8,3551.2,0.068,0.544,0.977,159.312,54.344,-118.547,490.5,1,0.4509,-0.0093,-0.7081,-0.5433,218.8,-40.4,0.0
1391716,2026-08-30_09-32-15.718-240,v3.6.25,3.47,12.0,400,2378,4681,5701,1784,4787,5943,2290,4573,5625,2601,4686,5506,0,0,0,311,113,-119,351.6,2313.4,0.046,1.207,1.036,140.609,74.719,-84.375,332.6,1,0.4681,-0.0004,-0.7153,-0.5189,220.8,-42.1,0.0
1391798,2026-08-30_09-32-15.800-240,v3.6.25,3.47,12.0,400,3821,5286,4231,2809,5145,5220,3730,5193,4158,3495,5037,4624,0,0,0,-235,-156,466,544.7,3583.7,-0.005,0.944,1.212,53.047,104.281,23.547,494.6,1,0.4866,0.0025,-0.7072,-0.5129,223.7,-43.3,0.0
1391827,2026-08-30_09-32-15.829-240,v3.6.25,3.47,12.0,400,3994,5612,3620,3330,5571,4491,3900,5532,3547,3882,5452,3823,0,0,0,-18,-80,276,287.9,1894.2,-0.174,0.828,1.062,16.797,100.453,82.406,279.1,1,0.5043,-0.0005,-0.6928,-0.5154,226.6,-44.4,0.0
1391875,2026-08-30_09-32-15.877-240,v3.6.25,3.47,12.0,400,3994,5612,3620,3421,5848,4124,3900,5532,3547,3904,5722,3449,0,0,0,4,190,-98,213.8,1406.7,-0.432,-0.071,0.894,-19.156,65.438,165.359,216.9,1,0.5183,-0.0159,-0.6731,-0.5274,228.6,-45.6,0.0
1391917,2026-08-30_09-32-15.918-240,v3.6.25,3.47,12.0,400,3931,5756,3500,3421,5848,4124,3836,5680,3427,3904,5722,3449,0,0,0,68,42,22,82.9,545.4,-0.416,-0.875,0.972,12.812,25.016,121.828,107.0,1,0.5279,-0.0311,-0.6614,-0.5319,229.7,-47.0,0.0
1391946,2026-08-30_09-32-15.948-240,v3.6.25,3.47,12.0,400,3878,5732,3574,3350,5839,4188,3783,5655,3500,3844,5714,3523,0,0,0,61,59,23,87.9,578.5,-0.185,-0.959,0.862,57.422,3.078,25.219,111.2,1,0.5347,-0.0375,-0.6613,-0.5248,230.2,-48.3,0.0
1391981,2026-08-30_09-32-15.983-240,v3.6.25,3.47,12.0,400,3878,5732,3574,3350,5839,4188,3783,5655,3500,3844,5714,3523,0,0,0,61,59,23,87.9,578.5,0.101,-0.314,0.925,85.031,-7.703,-74.719,111.2,1,0.5382,-0.0323,-0.6714,-0.5084,230.3,-49.1,0.0
1392033,2026-08-30_09-32-15.035-240,v3.6.25,3.47,12.0,400,4158,5613,3396,3594,5697,4120,4064,5536,3325,4079,5573,3415,0,0,0,15,37,90,98.5,647.8,-0.101,0.509,1.260,20.734,-21.297,-135.594,120.1,1,0.5323,-0.0161,-0.6849,-0.4974,229.5,-48.2,0.0
1392061,2026-08-30_09-32-15.063-240,v3.6.25,3.47,12.0,400,4459,5613,3020,3994,5698,3760,4366,5540,2951,4417,5570,2995,0,0,0,51,30,44,73.7,485.1,-0.158,0.770,1.255,-43.688,-30.516,-127.469,99.3,1,0.5203,0.0018,-0.6955,-0.4956,228.5,-46.2,0.0
1392090,2026-08-30_09-32-15.091-240,v3.6.25,3.47,12.0,400,4348,5810,2913,3994,5698,3760,4253,5741,2843,4417,5570,2995,0,0,0,164,-171,152,281.5,1852.0,-0.114,0.830,1.187,-110.047,-41.812,-111.938,273.7,1,0.5023,0.0206,-0.7026,-0.5037,227.2,-43.2,0.0
1392141,2026-08-30_09-32-15.143-240,v3.6.25,3.47,12.0,400,4348,5810,2913,3860,5952,3645,4253,5741,2843,4258,5821,2906,0,0,0,5,80,63,102.0,670.7,-0.274,0.586,1.133,-179.766,-58.922,-90.484,123.0,1,0.4774,0.0392,-0.7056,-0.5222,225.7,-39.3,0.0
1392170,2026-08-30_09-32-16.171-240,v3.6.25,3.47,12.0,400,3762,6053,3250,3071,6222,3956,3664,5986,3175,3517,6090,3344,0,0,0,-147,104,169,247.0,1624.7,-0.411,0.384,1.063,-193.062,-69.828,-82.844,244.7,1,0.4499,0.0566,-0.7072,-0.5424,224.0,-35.1,0.0
1392267,2026-08-30_09-32-16.268-240,v3.6.25,3.47,12.0,400,2203,5985,4550,2015,6253,4511,2104,5909,4467,2555,6123,4067,0,0,0,451,214,-400,639.7,4208.5,-0.270,-0.402,0.949,-79.516,-93.312,-14.359,574.3,1,0.4318,0.0551,-0.7112,-0.5520,221.8,-33.6,0.0
1392310,2026-08-30_09-32-16.312-240,v3.6.25,3.47,12.0,400,1863,5588,5157,1217,5881,5174,1767,5502,5074,1879,5760,4851,0,0,0,112,258,-223,358.9,2361.4,0.064,-0.401,1.034,38.375,-77.031,3.234,338.7,1,0.4259,0.0445,-0.7188,-0.5476,220.0,-34.3,0.0
1392348,2026-08-30_09-32-16.349-240,v3.6.25,3.47,12.0,400,1863,5588,5157,1147,5381,5668,1767,5502,5074,1904,5270,5346,0,0,0,137,-232,272,382.9,2518.8,0.234,-0.054,1.082,156.359,-40.062,-6.781,358.8,1,0.4331,0.0304,-0.7306,-0.5270,218.8,-36.9,0.0
1392386,2026-08-30_09-32-16.387-240,v3.6.25,3.47,12.0,400,2276,5196,5359,1147,5381,5668,2183,5099,5279,1904,5270,5346,0,0,0,-279,171,67,334.0,2197.5,0.340,0.448,0.965,220.188,4.344,6.906,317.8,1,0.4511,0.0139,-0.7403,-0.4983,218.4,-40.8,0.0
1392504,2026-08-30_09-32-16.505-240,v3.6.25,3.47,12.0,400,4112,4721,4607,3209,4803,5347,4026,4614,4538,3924,4700,4680,0,0,0,-102,86,142,194.8,1281.9,-0.207,0.110,1.236,155.328,25.156,123.625,201.0,1,0.4716,-0.0115,-0.7358,-0.4859,218.5,-44.8,0.0
1392532,2026-08-30_09-32-16.534-240,v3.6.25,3.47,12.0,400,4678,4364,4440,3899,4432,5239,4595,4252,4376,4603,4334,4457,0,0,0,8,82,81,115.5,760.1,-0.354,-0.034,1.102,135.750,4.344,109.609,134.4,1,0.4869,-0.0354,-0.7325,-0.4745,218.1,-48.3,0.0
1392560,2026-08-30_09-32-16.561-240,v3.6.25,3.47,12.0,400,4678,4364,4440,3899,4432,5239,4595,4252,4376,4603,4334,4457,0,0,0,8,82,81,115.5,760.1,-0.418,0.055,1.117,105.000,-21.609,86.922,134.4,1,0.4953,-0.0562,-0.7315,-0.4653,217.0,-51.0,0.0
1392588,2026-08-30_09-32-16.590-240,v3.6.25,3.47,12.0,400,5069,3873,4469,4360,3838,5330,4990,3753,4411,5092,3747,4467,0,0,0,102,-6,56,116.5,766.6,-0.017,0.479,0.849,52.156,-47.156,63.125,135.2,1,0.4955,-0.0721,-0.7324,-0.4614,215.2,-52.4,0.0
1392617,2026-08-30_09-32-16.618-240,v3.6.25,3.47,12.0,400,5263,3345,4725,4360,3838,5330,5189,3215,4671,5092,3747,4467,0,0,0,-97,532,-204,578.0,3802.4,0.141,0.640,0.789,-27.562,-64.688,39.750,522.5,1,0.4867,-0.0808,-0.7340,-0.4667,213.2,-52.2,0.0
1392666,2026-08-30_09-32-16.668-240,v3.6.25,3.47,12.0,400,5263,3345,4725,4450,3254,5656,5189,3215,4671,5250,3172,4771,0,0,0,61,-43,100,124.8,820.9,0.622,0.721,0.889,-153.625,-63.844,-1.859,142.2,1,0.4668,-0.0751,-0.7348,-0.4863,211.9,-49.4,0.0
1392695,2026-08-30_09-32-16.696-240,v3.6.25,3.47,12.0,400,5022,3099,5165,3999,3047,6115,4949,2961,5111,4883,2971,5296,0,0,0,-66,10,185,196.7,1293.9,0.670,0.543,0.828,-208.922,-49.859,-32.859,202.5,1,0.4428,-0.0600,-0.7344,-0.5109,211.2,-45.4,0.0
1392736,2026-08-30_09-32-16.738-240,v3.6.25,3.47,12.0,400,4410,3215,5647,3999,3047,6115,4336,3075,5588,4883,2971,5296,0,0,0,547,-104,-292,628.7,4136.3,0.576,0.371,1.085,-252.125,-29.156,-77.500,565.1,1,0.4156,-0.0341,-0.7332,-0.5371,211.3,-40.2,0.0
1392792,2026-08-30_09-32-16.793-240,v3.6.25,3.47,12.0,400,3638,3539,6006,3183,3290,6461,3560,3403,5941,4121,3213,5774,0,0,0,561,-190,-167,615.4,4048.6,0.200,-0.022,1.063,-232.469,-20.812,-73.344,553.9,1,0.3904,-0.0093,-0.7305,-0.5602,211.4,-35.5,0.0
1392852,2026-08-30_09-32-16.853-240,v3.6.25,3.47,12.0,400,2869,3687,6313,2218,3649,6650,2789,3555,6244,3181,3568,6123,0,0,0,392,13,-121,410.5,2700.4,0.079,-0.398,1.178,-125.812,-62.531,-14.062,381.9,1,0.3713,-0.0041,-0.7299,-0.5739,210.1,-33.1,0.0
1392881,2026-08-30_09-32-16.883-240,v3.6.25,3.47,12.0,400,2325,3436,6641,1426,3565,6899,2246,3302,6573,2433,3484,6502,0,0,0,187,182,-71,270.4,1779.2,-0.011,-0.613,0.822,-41.906,-85.359,-8.219,264.4,1,0.3568,-0.0084,-0.7340,-0.5778,208.2,-32.2,0.0
1392925,2026-08-30_09-32-16.927-240,v3.6.25,3.47,12.0,400,2325,3436,6641,1202,2951,7218,2246,3302,6573,2277,2878,6852,0,0,0,31,-424,279,508.5,3345.4,0.054,-0.256,0.552,87.203,-115.312,-10.922,464.2,1,0.3496,-0.0258,-0.7463,-0.5659,205.3,-33.4,0.0
1392968,2026-08-30_09-32-16.969-240,v3.6.25,3.47,12.0,400,2429,2749,6878,1202,2951,7218,2356,2606,6816,2277,2878,6852,0,0,0,-79,272,36,285.5,1878.4,0.669,-0.165,0.629,185.812,-107.703,-22.516,277.1,1,0.3512,-0.0491,-0.7627,-0.5409,202.2,-36.1,0.0
1393029,2026-08-30_09-32-16.031-240,v3.6.25,3.47,12.0,400,3085,1830,6848,1761,1898,7387,3020,1675,6796,2886,1837,6923,0,0,0,-134,162,127,245.6,1615.9,1.090,0.455,0.961,280.859,-25.875,-44.297,243.6,1,0.3703,-0.0700,-0.7782,-0.5024,200.2,-40.3,0.0
1393088,2026-08-30_09-32-16.090-240,v3.6.25,3.47,12.0,400,4140,1053,6375,2905,933,7136,4082,891,6335,4007,880,6483,0,0,0,-75,-11,148,166.3,1094.0,1.135,0.896,0.902,250.234,58.219,-12.641,177.0,1,0.3984,-0.0845,-0.7829,-0.4703,199.9,-44.7,0.0
1393146,2026-08-30_09-32-16.148-240,v3.6.25,3.47,12.0,400,5624,559,5200,4017,540,6596,5571,401,5173,5035,487,5766,0,0,0,-536,86,593,804.0,5289.2,0.288,0.830,0.570,187.797,64.578,9.781,712.2,1,0.4224,-0.0960,-0.7824,-0.4475,200.0,-48.3,0.0
1393191,2026-08-30_09-32-17.193-240,v3.6.25,3.47,12.0,400,5624,559,5200,4745,433,6110,5571,401,5173,5681,377,5167,0,0,0,110,-24,-6,112.7,741.8,-0.123,0.467,0.677,123.203,8.469,35.203,132.1,1,0.4339,-0.1098,-0.7820,-0.4338,198.9,-50.7,0.0
1393220,2026-08-30_09-32-17.221-240,v3.6.25,3.47,12.0,400,5928,363,4901,5060,149,5896,5877,207,4879,5965,93,4904,0,0,0,88,-114,25,146.2,961.6,-0.076,0.295,0.756,88.062,-29.938,36.109,160.1,1,0.4375,-0.1238,-0.7833,-0.4240,196.8,-52.2,0.0
1393263,2026-08-30_09-32-17.265-240,v3.6.25,3.47,12.0,400,5988,-139,4824,5060,149,5896,5941,-296,4808,5965,93,4904,0,0,0,24,389,96,401.4,2640.7,0.218,0.301,0.853,58.000,-86.078,-4.250,374.3,1,0.4303,-0.1342,-0.7911,-0.4136,193.6,-52.4,0.0
1393296,2026-08-30_09-32-17.298-240,v3.6.25,3.47,12.0,400,5988,-139,4824,5128,-512,5789,5941,-296,4808,6028,-564,4789,0,0,0,87,-268,-19,282.4,1857.9,0.309,1.010,0.760,10.812,-111.094,-10.688,274.5,1,0.4158,-0.1415,-0.8002,-0.4084,190.4,-51.4,0.0
1393326,2026-08-30_09-32-17.328-240,v3.6.25,3.47,12.0,400,6072,-803,4610,5128,-512,5789,6030,-959,4602,6028,-564,4789,0,0,0,-2,395,187,437.0,2875.2,0.622,1.634,0.534,-96.391,-124.156,46.406,404.2,1,0.3922,-0.1481,-0.8040,-0.4217,188.1,-49.1,0.0
1393381,2026-08-30_09-32-17.383-240,v3.6.25,3.47,12.0,400,5885,-1364,4803,5182,-1208,5635,5847,-1524,4800,6070,-1257,4631,0,0,0,223,267,-169,386.8,2544.4,0.867,1.271,-0.004,-305.766,-106.656,151.953,362.0,1,0.3557,-0.1485,-0.7936,-0.4708,188.0,-44.8,0.0
1393505,2026-08-30_09-32-17.506-240,v3.6.25,3.47,12.0,400,3820,-1628,6530,2280,-1612,7264,3781,-1800,6518,3456,-1649,6719,0,0,0,-325,151,201,410.9,2703.2,0.625,-0.329,0.783,-91.125,-5.766,-91.625,382.3,1,0.3460,-0.1297,-0.7997,-0.4733,189.4,-42.5,0.0
1393556,2026-08-30_09-32-17.557-240,v3.6.25,3.47,12.0,400,3509,-1419,6645,2280,-1612,7264,3468,-1589,6630,3456,-1649,6719,0,0,0,-12,-60,89,108.0,710.6,0.551,0.307,0.415,-11.812,-24.391,-35.578,128.1,1,0.3414,-0.1263,-0.8037,-0.4707,189.2,-41.9,0.0
1393582,2026-08-30_09-32-17.584-240,v3.6.25,3.47,12.0,400,3861,-1365,6463,2694,-1515,7116,3820,-1535,6449,3843,-1553,6503,0,0,0,23,-18,54,61.4,403.9,0.649,-0.155,0.575,44.359,-26.297,-6.656,89.0,1,0.3417,-0.1318,-0.8067,-0.4638,188.1,-42.3,0.0
1393611,2026-08-30_09-32-17.613-240,v3.6.25,3.47,12.0,400,3861,-1365,6463,2694,-1515,7116,3820,-1535,6449,3843,-1553,6503,0,0,0,23,-18,54,61.4,403.9,0.984,-0.241,0.889,129.812,-21.344,-14.328,89.0,1,0.3495,-0.1438,-0.8115,-0.4457,186.2,-44.1,0.0
1393640,2026-08-30_09-32-17.641-240,v3.6.25,3.47,12.0,400,4010,-1667,6276,2888,-1851,6964,3972,-1836,6266,4017,-1888,6322,0,0,0,45,-52,56,88.7,583.5,1.235,0.085,0.929,195.234,-6.922,-7.516,111.9,1,0.3644,-0.1614,-0.8152,-0.4202,183.6,-46.9,0.0
1393672,2026-08-30_09-32-17.674-240,v3.6.25,3.47,12.0,400,4288,-1972,5979,2888,-1851,6964,4252,-2140,5975,4017,-1888,6322,0,0,0,-235,252,347,489.0,3217.2,1.304,-0.144,0.622,256.578,7.547,-19.266,447.9,1,0.3853,-0.1818,-0.8184,-0.3855,180.0,-50.4,0.0
1393716,2026-08-30_09-32-17.718-240,v3.6.25,3.47,12.0,400,4288,-1972,5979,3237,-2189,6662,4252,-2140,5975,4321,-2226,5968,0,0,0,69,-86,-7,110.5,726.8,1.209,0.391,0.226,311.406,26.250,-52.797,130.2,1,0.4119,-0.2010,-0.8210,-0.3404,175.1,-54.4,0.0
1393745,2026-08-30_09-32-17.746-240,v3.6.25,3.47,12.0,400,4673,-2356,5470,3789,-2596,6142,4641,-2520,5473,4792,-2636,5366,0,0,0,151,-116,-107,218.4,1437.0,0.704,0.661,0.116,311.531,24.000,-61.188,220.8,1,0.4367,-0.2185,-0.8219,-0.2934,168.9,-57.8,0.0
1393791,2026-08-30_09-32-17.793-240,v3.6.25,3.47,12.0,400,5116,-2829,4803,3789,-2596,6142,5088,-2986,4816,4792,-2636,5366,0,0,0,-296,350,550,716.0,4710.3,0.418,1.160,0.150,249.203,2.047,-31.344,638.3,1,0.4529,-0.2351,-0.8210,-0.2561,162.2,-59.8,0.0
1393832,2026-08-30_09-32-17.834-240,v3.6.25,3.47,12.0,400,5233,-3399,4369,4316,-3166,5501,5209,-3551,4390,5220,-3209,4651,0,0,0,11,342,261,430.4,2831.3,0.443,1.472,0.243,125.797,-26.469,56.203,398.6,1,0.4560,-0.2546,-0.8178,-0.2419,156.7,-60.3,0.0
1393876,2026-08-30_09-32-17.877-240,v3.6.25,3.47,12.0,400,5233,-3399,4369,4236,-3832,5215,5209,-3551,4390,5104,-3875,4386,0,0,0,-105,-324,-4,340.6,2240.9,0.675,1.143,0.346,-28.922,-54.375,136.500,323.3,1,0.4444,-0.2734,-0.8142,-0.2547,154.3,-59.6,0.0
1393906,2026-08-30_09-32-17.908-240,v3.6.25,3.47,12.0,400,4768,-3958,4457,4236,-3832,5215,4747,-4108,4484,5104,-3875,4386,0,0,0,357,233,-98,437.4,2877.8,0.912,0.646,0.303,-102.266,-54.828,131.953,404.6,1,0.4280,-0.2853,-0.8116,-0.2770,154.3,-58.5,0.0
1393978,2026-08-30_09-32-17.980-240,v3.6.25,3.47,12.0,400,4007,-4325,4796,2756,-4544,5625,3988,-4475,4824,3709,-4583,5041,0,0,0,-279,-108,217,369.6,2431.5,1.295,0.348,0.027,-206.578,-15.734,55.312,347.6,1,0.4113,-0.2758,-0.8122,-0.3085,159.1,-57.0,0.0
1394022,2026-08-30_09-32-17.024-240,v3.6.25,3.47,12.0,400,3608,-4360,5074,2756,-4544,5625,3589,-4511,5101,3709,-4583,5041,0,0,0,120,-72,-60,152.3,1001.7,1.280,0.614,0.267,-244.656,12.500,12.375,165.2,1,0.3958,-0.2553,-0.8131,-0.3422,165.5,-54.9,0.0
1394051,2026-08-30_09-32-17.052-240,v3.6.25,3.47,12.0,400,3545,-4031,5361,2548,-4292,5923,3523,-4186,5382,3547,-4330,5367,0,0,0,24,-144,-15,146.8,965.5,1.343,0.638,0.121,-275.562,27.062,16.016,160.6,1,0.3792,-0.2311,-0.8113,-0.3802,171.9,-52.3,0.0
1394086,2026-08-30_09-32-17.088-240,v3.6.25,3.47,12.0,400,3545,-4031,5361,2548,-4292,5923,3523,-4186,5382,3547,-4330,5367,0,0,0,24,-144,-15,146.8,965.5,1.210,0.220,0.137,-296.594,34.828,56.156,160.6,1,0.3612,-0.2092,-0.8038,-0.4239,177.4,-49.3,0.0
1394114,2026-08-30_09-32-17.116-240,v3.6.25,3.47,12.0,400,3525,-3486,5821,2490,-3682,6383,3499,-3648,5834,3556,-3717,5825,0,0,0,57,-69,-9,89.9,591.8,0.851,-0.097,0.339,-272.141,33.766,60.438,112.9,1,0.3441,-0.1896,-0.7941,-0.4637,181.5,-46.2,0.0
1394142,2026-08-30_09-32-17.144-240,v3.6.25,3.47,12.0,400,3128,-2974,6324,2490,-3682,6383,3098,-3139,6328,3556,-3717,5825,0,0,0,458,-578,-503,892.7,5872.8,0.559,-0.157,0.418,-229.438,12.922,48.109,786.6,1,0.3269,-0.1737,-0.7857,-0.4956,184.0,-43.3,0.0
1394191,2026-08-30_09-32-18.193-240,v3.6.25,3.47,12.0,400,3128,-2974,6324,1965,-3117,6877,3098,-3139,6328,3104,-3151,6397,0,0,0,6,-12,69,70.3,462.4,0.333,-0.360,0.455,-159.594,-47.484,42.078,96.4,1,0.3072,-0.1684,-0.7815,-0.5163,184.1,-40.8,0.0
1394220,2026-08-30_09-32-18.221-240,v3.6.25,3.47,12.0,400,2662,-2900,6549,1442,-3092,6987,2631,-3064,6550,2600,-3127,6594,0,0,0,-31,-63,44,82.9,545.1,0.462,-0.268,0.393,-96.891,-80.500,12.234,107.0,1,0.2880,-0.1683,-0.7825,-0.5258,182.9,-38.9,0.0
1394260,2026-08-30_09-32-18.262-240,v3.6.25,3.47,12.0,400,2394,-3351,6380,1442,-3092,6987,2366,-3510,6387,2600,-3127,6594,0,0,0,234,383,207,494.3,3251.7,0.609,-0.091,0.367,-30.609,-107.797,8.500,452.3,1,0.2711,-0.1764,-0.7862,-0.5265,180.6,-37.7,0.0
1394292,2026-08-30_09-32-18.294-240,v3.6.25,3.47,12.0,400,2394,-3351,6380,1222,-3678,6702,2366,-3510,6387,2342,-3715,6354,0,0,0,-24,-205,-33,209.0,1375.1,0.997,-0.423,0.630,47.078,-109.578,-7.109,212.9,1,0.2610,-0.1903,-0.7927,-0.5170,177.7,-37.6,0.0
1394371,2026-08-30_09-32-18.373-240,v3.6.25,3.47,12.0,400,2322,-4691,5417,1211,-4489,6132,2303,-4834,5445,2249,-4529,5801,0,0,0,-54,305,356,471.9,3104.5,1.517,0.022,0.110,224.781,-33.312,-56.016,433.5,1,0.2773,-0.2090,-0.8024,-0.4854,175.0,-40.4,0.0
1394400,2026-08-30_09-32-18.401-240,v3.6.25,3.46,12.0,400,2322,-4691,5417,1427,-5047,5642,2303,-4834,5445,2392,-5089,5286,0,0,0,89,-255,-159,313.4,2061.9,1.582,0.033,-0.012,247.250,3.000,-53.422,300.5,1,0.3003,-0.2267,-0.8088,-0.4520,172.4,-43.7,0.0
1394435,2026-08-30_09-32-18.437-240,v3.6.25,3.46,12.0,400,2449,-5016,5078,1427,-5047,5642,2432,-5155,5111,2392,-5089,5286,0,0,0,-40,66,175,191.3,1258.3,1.733,-0.208,-0.007,278.781,40.500,-79.234,198.0,1,0.3305,-0.2410,-0.8138,-0.4129,169.8,-47.5,0.0
1394480,2026-08-30_09-32-18.481-240,v3.6.25,3.46,12.0,400,2601,-5036,4978,1575,-5208,5456,2585,-5175,5012,2511,-5251,5080,0,0,0,-74,-76,68,126.0,828.9,1.405,0.215,-0.242,295.438,77.359,-139.109,143.2,1,0.3663,-0.2461,-0.8191,-0.3664,167.6,-51.3,0.0
1394507,2026-08-30_09-32-18.509-240,v3.6.25,3.46,12.0,400,2601,-5036,4978,2028,-5043,5456,2585,-5175,5012,2961,-5085,5002,0,0,0,376,90,-10,386.8,2544.4,1.085,0.572,0.022,263.594,72.734,-157.969,362.0,1,0.3978,-0.2452,-0.8238,-0.3209,165.2,-54.4,0.0
1394551,2026-08-30_09-32-18.553-240,v3.6.25,3.46,12.0,400,3147,-4830,4828,2028,-5043,5456,3130,-4972,4861,2961,-5085,5002,0,0,0,-169,-113,141,247.4,1627.7,0.633,1.004,-0.052,167.875,25.594,-113.000,245.1,1,0.4145,-0.2436,-0.8277,-0.2895,163.1,-55.8,0.0
1394611,2026-08-30_09-32-18.613-240,v3.6.25,3.46,12.0,400,3859,-4681,4451,2893,-4817,5224,3842,-4823,4485,3782,-4860,4627,0,0,0,-60,-37,142,158.5,1043.0,0.438,0.344,0.204,13.688,-54.312,19.000,170.5,1,0.4077,-0.2501,-0.8300,-0.2868,161.5,-55.1,0.0
1394640,2026-08-30_09-32-18.642-240,v3.6.25,3.46,12.0,400,4019,-4856,4174,3196,-4995,4900,4003,-4995,4212,4033,-5040,4259,0,0,0,30,-45,47,71.7,471.4,0.596,0.285,0.332,-23.219,-82.047,26.156,97.6,1,0.3945,-0.2557,-0.8342,-0.2884,160.4,-53.7,0.0
1394671,2026-08-30_09-32-18.673-240,v3.6.25,3.46,12.0,400,3829,-5242,3846,3196,-4995,4900,3816,-5373,3890,4033,-5040,4259,0,0,0,217,333,369,542.3,3568.1,0.671,0.719,0.297,-77.031,-93.859,40.484,492.6,1,0.3755,-0.2586,-0.8387,-0.2979,160.2,-51.6,0.0
1394715,2026-08-30_09-32-18.717-240,v3.6.25,3.46,12.0,400,3829,-5242,3846,3040,-5396,4531,3816,-5373,3890,3821,-5444,3926,0,0,0,5,-71,36,79.8,524.8,1.171,1.337,0.145,-203.625,-84.719,73.234,104.4,1,0.3486,-0.2532,-0.8411,-0.3271,162.5,-48.8,0.0
1394745,2026-08-30_09-32-18.747-240,v3.6.25,3.46,12.0,400,3650,-5536,3645,2919,-5691,4284,3639,-5662,3693,3663,-5742,3706,0,0,0,24,-80,13,84.5,556.1,1.447,1.112,-0.122,-284.234,-57.984,107.312,108.4,1,0.3187,-0.2422,-0.8383,-0.3702,166.0,-45.5,0.0
1394786,2026-08-30_09-32-18.788-240,v3.6.25,3.46,12.0,400,3537,-5499,3831,2919,-5691,4284,3525,-5627,3878,3663,-5742,3706,0,0,0,138,-115,-172,248.7,1636.2,1.767,0.271,-0.299,-339.656,-8.281,120.297,246.2,1,0.2909,-0.2234,-0.8291,-0.4220,170.3,-42.1,0.0
1394820,2026-08-30_09-32-18.822-240,v3.6.25,3.46,12.0,400,3537,-5499,3831,2730,-5567,4623,3525,-5627,3878,3530,-5614,4069,0,0,0,5,13,191,191.5,1259.9,1.481,-0.551,0.014,-292.781,25.312,78.812,198.2,1,0.2708,-0.2014,-0.8190,-0.4641,174.2,-39.1,0.0
1394848,2026-08-30_09-32-18.850-240,v3.6.25,3.46,12.0,400,3417,-5140,4427,2546,-5079,5226,3403,-5278,4466,3440,-5122,4689,0,0,0,37,156,223,274.7,1806.9,1.044,-0.528,0.167,-214.609,26.828,10.766,267.9,1,0.2564,-0.1790,-0.8139,-0.4896,177.1,-36.3,0.0
1394901,2026-08-30_09-32-18.903-240,v3.6.25,3.46,12.0,400,3542,-4683,4750,2546,-5079,5226,3525,-4827,4782,3440,-5122,4689,0,0,0,-85,-295,-93,320.8,2110.4,0.547,0.065,0.057,-98.734,-21.141,-43.438,306.7,1,0.2445,-0.1662,-0.8169,-0.4952,178.0,-34.3,0.0
1394931,2026-08-30_09-32-18.932-240,v3.6.25,3.46,12.0,400,3899,-4533,4598,2867,-4691,5401,3881,-4678,4630,3784,-4732,4804,0,0,0,-97,-54,174,206.4,1357.9,0.497,-0.063,0.172,-49.750,-54.906,-29.422,210.7,1,0.2323,-0.1629,-0.8208,-0.4958,177.5,-32.9,0.0
1394981,2026-08-30_09-32-18.983-240,v3.6.25,3.46,12.0,400,3899,-4533,4598,3158,-4824,5063,3881,-4678,4630,4019,-4868,4424,0,0,0,138,-190,-206,312.4,2055.1,0.656,-0.533,0.088,85.672,-89.078,-52.328,299.6,1,0.2268,-0.1741,-0.8304,-0.4783,175.1,-32.9,0.0
1395014,2026-08-30_09-32-18.016-240,v3.6.25,3.46,12.0,400,4024,-4846,4110,3158,-4824,5063,4008,-4983,4148,4019,-4868,4424,0,0,0,11,115,276,299.2,1968.4,0.952,-0.218,-0.087,205.891,-85.094,-107.656,288.6,1,0.2314,-0.1916,-0.8454,-0.4417,171.7,-34.1,0.0
1395141,2026-08-30_09-32-18.142-240,v3.6.25,3.46,12.0,400,3370,-6464,2124,2952,-6573,2687,3364,-6558,2192,3439,-6641,2143,0,0,0,75,-83,-49,122.1,803.5,1.604,1.091,-0.164,210.766,33.312,8.250,139.9,1,0.2544,-0.2126,-0.8446,-0.4205,169.5,-37.5,0.0
1395191,2026-08-30_09-32-19.193-240,v3.6.25,3.46,12.0,400,3370,-6464,2124,2952,-6573,2687,3364,-6558,2192,3439,-6641,2143,0,0,0,75,-83,-49,122.1,803.5,1.319,0.807,-0.342,116.766,34.656,67.109,139.9,1,0.2701,-0.2300,-0.8375,-0.4156,167.9,-40.1,0.0
1395251,2026-08-30_09-32-19.253-240,v3.6.25,3.46,12.0,400,2137,-6760,2668,2151,-6756,2936,2132,-6851,2735,2684,-6823,2524,0,0,0,552,28,-211,591.6,3892.2,0.810,0.172,-0.291,55.297,-13.562,27.969,534.0,1,0.2735,-0.2400,-0.8356,-0.4115,166.5,-40.9,0.0
1395292,2026-08-30_09-32-19.294-240,v3.6.25,3.46,12.0,400,2137,-6760,2668,1514,-6871,3042,2132,-6851,2735,2067,-6939,2737,0,0,0,-65,-88,2,109.4,719.9,0.885,0.545,-0.058,-15.344,-41.422,32.438,129.3,1,0.2668,-0.2452,-0.8346,-0.4148,165.7,-40.4,0.0
1395320,2026-08-30_09-32-19.322-240,v3.6.25,3.46,12.0,400,1822,-6905,2532,1237,-7021,2822,1817,-6990,2601,1755,-7092,2570,0,0,0,-62,-102,-31,123.3,811.3,1.083,0.784,-0.084,-89.344,-47.750,63.766,140.9,1,0.2528,-0.2468,-0.8312,-0.4294,165.6,-39.2,0.0
1395370,2026-08-30_09-32-19.372-240,v3.6.25,3.46,12.0,400,1681,-7013,2311,1237,-7021,2822,1677,-7092,2383,1755,-7092,2570,0,0,0,78,0,187,202.6,1333.0,1.399,0.695,-0.476,-230.719,-35.172,130.547,207.5,1,0.2283,-0.2398,-0.8202,-0.4665,167.0,-36.7,0.0
1395399,2026-08-30_09-32-19.400-240,v3.6.25,3.46,12.0,400,1681,-7013,2311,1189,-7106,2617,1677,-7092,2383,1673,-7180,2378,0,0,0,-4,-88,-5,88.2,580.5,1.368,0.289,-0.685,-293.828,-9.250,144.031,111.5,1,0.2013,-0.2252,-0.8045,-0.5114,169.2,-33.7,0.0
1395426,2026-08-30_09-32-19.428-240,v3.6.25,3.46,12.0,400,1691,-7009,2329,1189,-7106,2617,1687,-7088,2401,1673,-7180,2378,0,0,0,-14,-92,-23,95.9,630.7,1.066,0.005,-0.716,-302.281,5.922,106.969,117.9,1,0.1746,-0.2040,-0.7893,-0.5522,171.4,-30.1,0.0
1395456,2026-08-30_09-32-19.458-240,v3.6.25,3.46,12.0,400,2016,-6823,2543,1307,-7027,2806,2011,-6910,2612,1822,-7098,2542,0,0,0,-189,-188,-70,275.6,1813.3,1.264,-0.218,-0.467,-274.188,19.297,31.828,268.8,1,0.1508,-0.1767,-0.7796,-0.5816,173.6,-26.1,0.0
1395505,2026-08-30_09-32-19.506-240,v3.6.25,3.46,12.0,400,2016,-6823,2543,1924,-6728,3169,2011,-6910,2612,2496,-6793,2790,0,0,0,485,117,178,529.7,3485.0,1.198,-0.378,-0.281,-191.297,22.719,-32.438,482.0,1,0.1341,-0.1517,-0.7772,-0.5958,175.3,-22.9,0.0
1395546,2026-08-30_09-32-19.548-240,v3.6.25,3.46,12.0,400,2709,-6484,2730,1924,-6728,3169,2703,-6582,2794,2496,-6793,2790,0,0,0,-207,-211,-4,295.6,1944.8,0.482,-0.042,-0.066,-119.750,-6.703,-55.891,285.5,1,0.1199,-0.1351,-0.7792,-0.6001,175.9,-20.4,0.0
1395576,2026-08-30_09-32-19.577-240,v3.6.25,3.46,12.0,400,3406,-6173,2665,2690,-6330,3347,3398,-6278,2726,3285,-6391,2832,0,0,0,-113,-113,106,191.8,1261.6,0.550,-0.029,-0.074,-70.359,-33.625,-36.531,198.4,1,0.1077,-0.1283,-0.7812,-0.6014,175.7,-18.8,0.0
1395608,2026-08-30_09-32-19.610-240,v3.6.25,3.46,12.0,400,3406,-6173,2665,3218,-6215,3090,3398,-6278,2726,3767,-6278,2490,0,0,0,369,0,-236,438.0,2881.7,0.448,-0.246,-0.206,1.984,-58.953,-29.594,405.0,1,0.0998,-0.1326,-0.7853,-0.5965,174.6,-18.4,0.0
1395661,2026-08-30_09-32-19.663-240,v3.6.25,3.46,12.0,400,3740,-6130,2335,3218,-6215,3090,3732,-6232,2398,3767,-6278,2490,0,0,0,35,-46,92,108.7,714.8,0.662,-0.512,-0.338,160.344,-80.062,-60.016,128.6,1,0.1040,-0.1539,-0.7974,-0.5741,172.3,-20.0,0.0
1395692,2026-08-30_09-32-19.693-240,v3.6.25,3.46,12.0,400,3622,-6436,1687,3235,-6534,2333,3616,-6523,1757,3660,-6606,1749,0,0,0,44,-83,-8,94.3,620.3,0.919,0.015,-0.465,249.469,-68.672,-91.000,116.6,1,0.1177,-0.1811,-0.8134,-0.5402,169.5,-22.8,0.0
1395949,2026-08-30_09-32-19.950-240,v3.6.25,3.46,12.0,400,-246,-7528,1167,-85,-7528,1279,-249,-7560,1251,176,-7624,1291,0,0,0,425,-64,40,431.6,2839.8,0.613,-0.449,-0.440,-86.062,-46.797,121.016,399.7,1,0.1060,-0.1870,-0.8005,-0.5595,168.7,-22.3,0.0
1395977,2026-08-30_09-32-19.979-240,v3.6.25,3.46,12.0,400,-246,-7528,1167,-755,-7533,961,-249,-7560,1251,-548,-7637,1096,0,0,0,-299,-77,-155,345.5,2272.9,0.442,-0.191,-0.828,-107.000,-53.125,77.312,327.4,1,0.0905,-0.1875,-0.7912,-0.5751,168.1,-21.0,0.0
1396009,2026-08-30_09-32-19.010-240,v3.6.25,3.46,12.0,400,-630,-7545,790,-755,-7533,961,-634,-7564,876,-548,-7637,1096,0,0,0,86,-73,220,247.2,1626.5,1.038,0.206,-0.661,-175.984,-48.984,84.969,244.9,1,0.0684,-0.1802,-0.7786,-0.5972,167.9,-18.8,0.0
1396047,2026-08-30_09-32-19.049-240,v3.6.25,3.46,12.0,400,-431,-7626,270,-702,-7584,414,-434,-7637,360,-588,-7696,553,0,0,0,-154,-59,193,253.9,1670.1,1.149,-0.076,-0.619,-266.438,-19.750,103.703,250.5,1,0.0409,-0.1609,-0.7601,-0.6282,168.4,-15.3,0.0
1396078,2026-08-30_09-32-19.081-240,v3.6.25,3.46,12.0,400,-431,-7626,270,-21,-7622,107,-434,-7637,360,40,-7734,136,0,0,0,474,-97,-224,533.2,3507.6,1.564,-0.816,-0.446,-263.203,18.297,41.641,484.9,1,0.0167,-0.1329,-0.7465,-0.6517,169.6,-11.4,0.0
1396126,2026-08-30_09-32-19.127-240,v3.6.25,3.46,12.0,400,300,-7642,23,-21,-7622,107,297,-7657,115,40,-7734,136,0,0,0,-257,-77,21,269.1,1770.4,1.086,-0.853,-0.486,-154.812,40.219,-109.469,263.3,1,0.0017,-0.1041,-0.7523,-0.6505,171.0,-7.9,0.0
1396185,2026-08-30_09-32-20.187-240,v3.6.25,3.46,12.0,400,1429,-7489,112,1158,-7512,422,1427,-7519,203,1271,-7615,242,0,0,0,-156,-96,39,187.3,1232.1,0.307,0.417,-0.365,-55.547,-15.203,-163.406,194.6,1,-0.0117,-0.0895,-0.7671,-0.6351,171.2,-5.5,0.0
1396242,2026-08-30_09-32-20.243-240,v3.6.25,3.46,12.0,400,2477,-7204,-157,2388,-7209,316,2474,-7241,-66,2478,-7310,-72,0,0,0,4,-69,-6,69.4,456.4,0.317,0.062,-0.590,-18.766,-73.625,-34.188,95.7,1,-0.0237,-0.0941,-0.7697,-0.6310,169.9,-4.7,0.0
1396271,2026-08-30_09-32-20.273-240,v3.6.25,3.46,12.0,400,2980,-7002,-747,3020,-6969,-228,2976,-7032,-655,3011,-7076,-712,0,0,0,35,-44,-57,80.1,526.7,0.507,-0.523,-0.546,56.391,-95.672,-41.828,104.6,1,-0.0315,-0.1093,-0.7759,-0.6205,167.9,-5.0,0.0
1396304,2026-08-30_09-32-20.306-240,v3.6.25,3.46,12.0,400,2792,-7022,-1535,3020,-6969,-228,2787,-7032,-1438,3011,-7076,-712,0,0,0,224,-44,726,761.0,5006.9,0.575,-0.421,-0.647,177.547,-108.609,-93.016,676.1,1,-0.0305,-0.1371,-0.7910,-0.5955,165.2,-6.6,0.0
1396500,2026-08-30_09-32-20.501-240,v3.6.25,3.46,12.0,400,-367,-7019,-3352,13,-6765,-3605,-377,-6950,-3245,-584,-6936,-3492,0,0,0,-207,14,-247,322.6,2122.2,0.715,-0.993,-1.029,-40.859,-28.812,181.266,308.2,1,-0.0321,-0.1474,-0.7708,-0.6190,164.4,-7.6,0.0
1396538,2026-08-30_09-32-20.540-240,v3.6.25,3.46,12.0,400,-556,-6890,-3649,13,-6765,-3605,-567,-6812,-3541,-584,-6936,-3492,0,0,0,-17,-124,49,134.4,884.3,0.956,-0.515,-1.114,15.406,21.484,52.375,150.3,1,-0.0249,-0.1510,-0.7658,-0.6247,164.6,-8.7,0.0
1396566,2026-08-30_09-32-20.567-240,v3.6.25,3.46,12.0,400,-596,-6912,-3568,7,-6693,-3682,-607,-6835,-3461,-605,-6866,-3566,0,0,0,2,-31,-105,109.5,720.4,0.988,0.562,-1.090,-42.688,57.547,80.156,129.3,1,-0.0182,-0.1456,-0.7557,-0.6382,165.7,-9.1,0.0
1396611,2026-08-30_09-32-20.613-240,v3.6.25,3.46,12.0,400,-596,-6912,-3568,179,-6888,-3219,-607,-6835,-3461,-349,-7052,-3144,0,0,0,258,-217,317,462.8,3044.4,0.818,0.193,-0.994,-160.125,107.297,171.078,425.8,1,-0.0147,-0.1267,-0.7312,-0.6702,168.0,-8.5,0.0
1396656,2026-08-30_09-32-20.658-240,v3.6.25,3.46,12.0,400,-215,-7122,-3080,179,-6888,-3219,-224,-7061,-2973,-349,-7052,-3144,0,0,0,-125,9,-171,212.0,1394.8,0.717,0.013,-1.273,-203.062,145.953,199.672,215.4,1,-0.0099,-0.1000,-0.7001,-0.7069,171.1,-7.3,0.0
1396716,2026-08-30_09-32-20.718-240,v3.6.25,3.46,12.0,400,615,-7386,-2077,862,-7265,-2036,609,-7358,-1973,546,-7407,-2106,0,0,0,-63,-49,-133,155.1,1020.5,0.411,-0.643,-1.093,-179.109,147.203,125.422,167.6,1,-0.0058,-0.0710,-0.6770,-0.7325,174.0,-5.5,0.0
1396767,2026-08-30_09-32-20.769-240,v3.6.25,3.46,12.0,400,1388,-7503,-679,1462,-7432,-476,1385,-7516,-582,1419,-7547,-686,0,0,0,34,-31,-104,113.7,748.2,0.502,-0.312,-0.824,-124.984,107.562,-13.703,132.9,1,-0.0073,-0.0444,-0.6719,-0.7393,175.9,-3.2,0.0
1396832,2026-08-30_09-32-20.835-240,v3.6.25,3.46,12.0,400,2825,-7002,711,1966,-7310,820,2822,-7061,793,2145,-7405,491,0,0,0,-677,-344,-302,817.2,5376.5,0.366,-0.118,-0.366,-66.547,30.469,-112.875,723.3,1,-0.0169,-0.0280,-0.6810,-0.7315,176.4,-1.0,0.0
1396891,2026-08-30_09-32-20.893-240,v3.6.25,3.46,12.0,400,3528,-6698,447,2767,-6978,1304,3523,-6759,528,3023,-7064,826,0,0,0,-500,-305,298,657.1,4323.3,0.582,-0.111,-0.340,65.250,-16.203,-160.531,588.9,1,-0.0202,-0.0284,-0.7027,-0.7107,176.1,-0.7,0.0
1396936,2026-08-30_09-32-20.937-240,v3.6.25,3.46,12.0,400,3817,-6604,-265,3525,-6673,906,3812,-6653,-180,3706,-6763,307,0,0,0,-106,-110,487,510.4,3357.9,0.888,0.311,-0.532,144.375,-17.734,-116.859,465.8,1,-0.0122,-0.0401,-0.7233,-0.6892,175.7,-2.2,0.0
1396978,2026-08-30_09-32-20.980-240,v3.6.25,3.46,12.0,400,3817,-6604,-265,3706,-6665,149,3812,-6653,-180,3757,-6765,-462,0,0,0,-55,-112,-282,308.4,2028.8,1.161,0.125,-0.585,215.406,9.594,-85.516,296.2,1,0.0085,-0.0581,-0.7435,-0.6661,175.7,-5.2,0.0
1397006,2026-08-30_09-32-20.007-240,v3.6.25,3.46,12.0,400,3470,-6807,-796,3706,-6665,149,3465,-6841,-705,3757,-6765,-462,0,0,0,292,76,243,387.4,2548.8,1.204,0.239,-0.643,253.547,37.078,-78.422,362.6,1,0.0371,-0.0776,-0.7633,-0.6403,175.9,-9.0,0.0
1397245,2026-08-30_09-32-21.246-240,v3.6.25,3.46,12.0,400,-530,-7487,1354,-862,-7478,1302,-534,-7519,1436,-597,-7578,1447,0,0,0,-63,-59,11,87.0,572.4,1.009,0.030,-0.279,-58.953,14.531,102.281,110.5,1,0.0383,-0.0772,-0.7497,-0.6561,176.2,-9.1,0.0
1397297,2026-08-30_09-32-21.299-240,v3.6.25,3.46,12.0,400,-695,-7448,1455,-862,-7478,1302,-700,-7480,1536,-597,-7578,1447,0,0,0,103,-98,-89,167.7,1103.5,1.446,-0.292,-0.524,-177.453,52.109,118.938,178.2,1,0.0326,-0.0607,-0.7281,-0.6821,177.5,-7.5,0.0
1397346,2026-08-30_09-32-21.347-240,v3.6.25,3.46,12.0,400,-695,-7448,1455,-979,-7445,1395,-700,-7480,1536,-699,-7545,1557,0,0,0,1,-65,21,68.3,449.4,1.672,-0.722,-0.780,-192.016,101.844,69.828,94.8,1,0.0291,-0.0332,-0.7096,-0.7032,179.6,-5.1,0.0
1397372,2026-08-30_09-32-21.374-240,v3.6.25,3.46,12.0,400,-419,-7376,1840,-692,-7375,1997,-423,-7419,1918,-309,-7465,2096,0,0,0,114,-46,178,216.3,1423.2,1.281,-0.282,-0.803,-201.578,114.203,70.016,219.0,1,0.0261,-0.0034,-0.6894,-0.7239,181.9,-2.3,0.0
1397415,2026-08-30_09-32-21.417-240,v3.6.25,3.46,12.0,400,72,-7169,2542,-692,-7375,1997,66,-7233,2613,-309,-7465,2096,0,0,0,-375,-232,-517,679.5,4470.5,0.636,-0.413,-0.787,-230.328,107.828,99.328,607.7,1,0.0211,0.0267,-0.6630,-0.7479,183.8,0.7,0.0
1397472,2026-08-30_09-32-21.473-240,v3.6.25,3.46,12.0,400,400,-6875,3169,-287,-7120,2879,393,-6955,3234,242,-7197,2887,0,0,0,-151,-242,-347,449.2,2955.2,0.285,-0.847,-0.364,-170.016,44.734,15.484,414.4,1,0.0093,0.0479,-0.6492,-0.7591,184.4,3.5,0.0
1397501,2026-08-30_09-32-21.503-240,v3.6.25,3.46,12.0,400,400,-6875,3169,-59,-6863,3459,393,-6955,3234,565,-6932,3413,0,0,0,172,23,179,249.3,1640.2,0.388,-0.451,-0.168,-123.172,15.391,-40.906,246.7,1,-0.0049,0.0638,-0.6445,-0.7619,184.3,5.9,0.0
1397530,2026-08-30_09-32-21.532-240,v3.6.25,3.46,12.0,400,827,-6730,3333,-59,-6863,3459,820,-6818,3395,565,-6932,3413,0,0,0,-255,-114,18,279.9,1841.5,0.414,-0.206,0.057,-94.219,-10.578,-61.047,272.4,1,-0.0204,0.0747,-0.6439,-0.7612,183.8,8.0,0.0
1397561,2026-08-30_09-32-21.563-240,v3.6.25,3.46,12.0,400,1434,-6700,3144,532,-6785,3536,1427,-6792,3207,1168,-6851,3387,0,0,0,-259,-59,180,320.9,2111.0,0.795,-0.616,0.029,-44.000,-23.391,-83.062,306.7,1,-0.0336,0.0800,-0.6493,-0.7556,183.1,9.5,0.0
1397605,2026-08-30_09-32-21.606-240,v3.6.25,3.46,12.0,400,1434,-6700,3144,1223,-6815,3259,1427,-6792,3207,1812,-6881,2998,0,0,0,385,-89,-209,447.0,2940.9,0.933,-0.634,-0.024,112.531,-17.875,-167.266,412.6,1,-0.0360,0.0744,-0.6755,-0.7327,182.8,9.1,0.0
1397647,2026-08-30_09-32-21.648-240,v3.6.25,3.46,12.0,400,2004,-6751,2723,1223,-6815,3259,1998,-6841,2790,1812,-6881,2998,0,0,0,-186,-40,208,281.9,1854.5,1.115,0.362,-0.444,177.766,10.375,-145.203,274.0,1,-0.0262,0.0641,-0.7035,-0.7073,183.1,7.3,0.0
1397676,2026-08-30_09-32-21.678-240,v3.6.25,3.46,12.0,400,2404,-6768,2341,1856,-6852,2859,2399,-6855,2410,2377,-6921,2499,0,0,0,-22,-66,89,113.0,743.2,1.264,0.323,-0.395,185.562,38.797,-101.938,132.3,1,-0.0091,0.0539,-0.7267,-0.6848,183.8,5.0,0.0
1397710,2026-08-30_09-32-21.713-240,v3.6.25,3.46,12.0,400,2404,-6768,2341,1856,-6852,2859,2399,-6855,2410,2377,-6921,2499,0,0,0,-22,-66,89,113.0,743.2,1.243,0.087,-0.579,207.625,69.578,-87.078,132.3,1,0.0152,0.0440,-0.7489,-0.6610,184.9,2.0,0.0
1397751,2026-08-30_09-32-21.753-240,v3.6.25,3.46,12.0,400,2405,-6792,2417,1915,-6860,2818,2400,-6881,2486,2429,-6929,2449,0,0,0,29,-48,-37,67.2,442.0,1.321,0.044,-0.504,232.406,102.328,-85.078,93.8,1,0.0463,0.0349,-0.7709,-0.6343,186.5,-1.5,0.0
1397779,2026-08-30_09-32-21.780-240,v3.6.25,3.46,12.0,400,2312,-6637,2937,1712,-6735,3257,2306,-6736,3001,2300,-6799,2912,0,0,0,-6,-63,-89,109.2,718.5,1.315,0.099,-0.427,233.188,115.000,-81.578,129.1,1,0.0792,0.0269,-0.7908,-0.6063,188.0,-5.3,0.0
1397822,2026-08-30_09-32-21.824-240,v3.6.25,3.46,12.0,400,2246,-6388,3385,1712,-6735,3257,2238,-6494,3444,2300,-6799,2912,0,0,0,62,-305,-532,616.4,4055.0,0.903,0.153,-0.329,212.328,105.141,-78.016,554.7,1,0.1090,0.0199,-0.8076,-0.5792,189.2,-8.8,0.0
1397871,2026-08-30_09-32-21.873-240,v3.6.25,3.46,12.0,400,2246,-6388,3385,1624,-6459,3877,2238,-6494,3444,2313,-6517,3532,0,0,0,75,-23,88,117.9,775.6,0.591,0.025,-0.409,156.531,61.688,-60.344,136.4,1,0.1287,0.0132,-0.8196,-0.5581,189.7,-11.3,0.0
1397899,2026-08-30_09-32-21.901-240,v3.6.25,3.46,12.0,400,2308,-6152,3750,1592,-6230,4219,2299,-6266,3804,2335,-6284,3871,0,0,0,36,-18,67,78.2,514.2,0.577,0.412,-0.191,114.000,30.406,-48.109,103.0,1,0.1409,0.0073,-0.8284,-0.5421,189.7,-13.0,0.0
1397938,2026-08-30_09-32-21.940-240,v3.6.25,3.46,12.0,400,2359,-6056,3801,1592,-6230,4219,2349,-6171,3854,2335,-6284,3871,0,0,0,-14,-113,17,115.1,757.4,0.618,0.350,0.162,32.391,-2.703,-27.969,134.1,1,0.1424,0.0058,-0.8321,-0.5359,189.6,-13.3,0.0
1397976,2026-08-30_09-32-21.978-240,v3.6.25,3.46,12.0,400,2359,-6056,3801,1622,-6203,4223,2349,-6171,3854,2366,-6257,3870,0,0,0,17,-86,16,89.1,586.3,1.125,0.862,0.178,-52.562,-17.422,-17.891,112.2,1,0.1354,0.0115,-0.8313,-0.5389,189.7,-12.3,0.0
1398005,2026-08-30_09-32-21.006-240,v3.6.25,3.46,12.0,400,2459,-6109,3680,1821,-6214,4128,2450,-6223,3734,2549,-6269,3743,0,0,0,99,-46,9,109.5,720.6,1.564,1.287,0.004,-164.344,-11.125,42.359,129.4,1,0.1233,0.0249,-0.8197,-0.5589,190.4,-10.0,0.0
1398058,2026-08-30_09-32-21.059-240,v3.6.25,3.46,12.0,400,2619,-6027,3756,1821,-6214,4128,2610,-6144,3809,2549,-6269,3743,0,0,0,-61,-125,-66,154.0,1012.9,1.742,0.393,-0.440,-333.312,31.281,135.656,166.7,1,0.1080,0.0529,-0.7887,-0.6029,192.4,-6.1,0.0
1398084,2026-08-30_09-32-21.087-240,v3.6.25,3.46,12.0,400,2515,-5692,4344,1797,-6001,4521,2503,-5819,4389,2588,-6052,4130,0,0,0,85,-233,-259,358.6,2359.2,1.524,-0.332,-0.362,-343.125,54.453,119.359,338.4,1,0.0936,0.0856,-0.7550,-0.6433,194.5,-1.8,0.0
1398133,2026-08-30_09-32-21.134-240,v3.6.25,3.46,12.0,400,2515,-5692,4344,1599,-5458,5245,2503,-5819,4389,2504,-5503,4870,0,0,0,1,316,481,575.5,3786.3,0.864,-0.470,-0.256,-288.062,70.375,49.516,520.4,1,0.0810,0.1195,-0.7286,-0.6695,196.4,2.4,0.0
1398176,2026-08-30_09-32-22.177-240,v3.6.25,3.46,12.0,400,2498,-5124,5013,1599,-5458,5245,2482,-5263,5048,2504,-5503,4870,0,0,0,22,-240,-178,299.6,1971.1,0.768,-1.006,0.292,-192.984,51.297,-9.250,288.9,1,0.0698,0.1457,-0.7136,-0.6816,197.7,5.7,0.0
1398201,2026-08-30_09-32-22.203-240,v3.6.25,3.46,12.0,400,2675,-4561,5424,1636,-4818,5839,2656,-4708,5450,2631,-4858,5443,0,0,0,-25,-150,-7,152.2,1001.5,0.629,-1.169,0.612,-81.281,41.141,-75.234,165.2,1,0.0618,0.1642,-0.7133,-0.6786,198.7,7.7,0.0
1398236,2026-08-30_09-32-22.238-240,v3.6.25,3.46,12.0,400,2675,-4561,5424,1636,-4818,5839,2656,-4708,5450,2631,-4858,5443,0,0,0,-25,-150,-7,152.2,1001.5,0.637,-0.307,0.556,42.875,17.797,-107.562,165.2,1,0.0592,0.1694,-0.7260,-0.6638,199.1,8.0,0.0
1398262,2026-08-30_09-32-22.264-240,v3.6.25,3.46,12.0,400,3234,-4230,5345,2182,-4395,5942,3213,-4381,5369,3186,-4434,5449,0,0,0,-27,-53,80,99.7,655.9,0.932,0.045,0.407,101.391,14.922,-77.000,121.1,1,0.0638,0.1657,-0.7408,-0.6479,199.3,6.9,0.0
1398291,2026-08-30_09-32-22.293-240,v3.6.25,3.46,12.0,400,3234,-4230,5345,2182,-4395,5942,3213,-4381,5369,3186,-4434,5449,0,0,0,-27,-53,80,99.7,655.9,1.022,-0.318,0.226,166.703,17.906,-63.125,121.1,1,0.0754,0.1543,-0.7591,-0.6279,199.3,4.5,0.0
1398319,2026-08-30_09-32-22.322-240,v3.6.25,3.46,12.0,400,3642,-4195,5096,2746,-4355,5713,3621,-4346,5121,3710,-4394,5129,0,0,0,89,-48,8,101.4,667.3,1.135,-0.587,0.027,270.266,35.297,-116.141,122.6,1,0.0935,0.1374,-0.7883,-0.5924,199.1,0.9,0.0
1398366,2026-08-30_09-32-22.367-240,v3.6.25,3.46,12.0,400,4134,-4340,4557,3262,-4444,5221,4115,-4486,4587,4143,-4488,4560,0,0,0,28,-2,-27,38.9,256.2,1.172,0.095,-0.398,390.484,92.250,-231.344,70.1,1,0.1201,0.1219,-0.8304,-0.5302,199.3,-4.0,0.0
1398466,2026-08-30_09-32-22.468-240,v3.6.25,3.46,12.0,400,5596,-4051,3070,4485,-4362,4345,5577,-4183,3107,5214,-4413,3495,0,0,0,-363,-230,388,579.0,3809.1,0.630,1.704,-0.047,141.125,124.281,-32.750,523.3,1,0.1463,0.1198,-0.8386,-0.5109,200.7,-7.1,0.0
1398500,2026-08-30_09-32-22.501-240,v3.6.25,3.46,12.0,400,5596,-4051,3070,5037,-4086,4108,5577,-4183,3107,5720,-4139,3169,0,0,0,143,44,62,162.0,1065.5,0.226,1.049,0.103,40.328,69.516,74.047,173.4,1,0.1643,0.1141,-0.8341,-0.5141,201.3,-9.0,0.0
1398527,2026-08-30_09-32-22.529-240,v3.6.25,3.46,12.0,400,5641,-3891,3364,5037,-4086,4108,5621,-4029,3397,5720,-4139,3169,0,0,0,99,-110,-228,271.8,1788.3,0.286,0.143,0.326,4.047,18.297,89.438,265.6,1,0.1731,0.1064,-0.8276,-0.5233,201.3,-10.1,0.0
1398553,2026-08-30_09-32-22.555-240,v3.6.25,3.46,12.0,400,5641,-3891,3364,4763,-4058,4559,5621,-4029,3397,5523,-4106,3656,0,0,0,-98,-77,259,287.4,1891.0,0.309,-0.109,0.277,10.781,-19.734,45.109,278.7,1,0.1742,0.0987,-0.8257,-0.5274,200.6,-10.6,0.0
1398582,2026-08-30_09-32-22.584-240,v3.6.25,3.46,12.0,400,5250,-4039,3743,4763,-4058,4559,5230,-4181,3775,5523,-4106,3656,0,0,0,293,75,-119,325.0,2138.3,0.386,0.683,0.364,-7.016,-45.766,14.156,310.2,1,0.1683,0.0937,-0.8255,-0.5305,199.8,-10.3,0.0
1398609,2026-08-30_09-32-22.611-240,v3.6.25,3.46,12.0,400,5250,-4039,3743,4377,-4332,4612,5230,-4181,3775,5151,-4380,3774,0,0,0,-79,-199,-1,214.1,1408.6,0.733,1.542,0.435,-91.031,-52.812,52.719,217.1,1,0.1578,0.0935,-0.8175,-0.5460,199.2,-9.0,0.0
1398656,2026-08-30_09-32-22.657-240,v3.6.25,3.46,12.0,400,5075,-4285,3671,4125,-4468,4822,5057,-4424,3706,4938,-4513,4023,0,0,0,-119,-89,317,350.1,2303.3,1.140,1.208,-0.063,-288.469,-20.594,173.203,331.3,1,0.1445,0.1062,-0.7858,-0.5919,199.9,-5.8,0.0
1398700,2026-08-30_09-32-22.702-240,v3.6.25,3.46,12.0,400,4708,-4268,4252,4125,-4468,4822,4689,-4415,4283,4938,-4513,4023,0,0,0,249,-98,-260,373.1,2454.6,1.577,0.078,-0.168,-367.109,44.219,191.031,350.6,1,0.1344,0.1318,-0.7426,-0.6428,201.6,-1.7,0.0
1398874,2026-08-30_09-32-22.875-240,v3.6.25,3.46,12.0,400,2853,-1610,6964,1756,-2066,7271,2813,-1779,6949,2942,-2102,6816,0,0,0,129,-323,-133,372.4,2449.8,0.403,0.463,0.727,-164.422,-20.438,81.234,350.0,1,0.1241,0.1390,-0.7231,-0.6651,201.5,0.3,0.0
1398922,2026-08-30_09-32-22.924-240,v3.6.25,3.46,12.0,400,2853,-1610,6964,1580,-1735,7449,2813,-1779,6949,2790,-1772,7019,0,0,0,-23,7,70,74.0,486.9,0.498,-0.422,0.431,-117.766,-74.719,94.969,99.6,1,0.1122,0.1340,-0.7068,-0.6855,200.1,1.4,0.0
1398992,2026-08-30_09-32-22.994-240,v3.6.25,3.46,12.0,400,1432,-2555,7026,591,-2197,7437,1397,-2712,7020,1808,-2236,7178,0,0,0,411,476,158,648.4,4266.0,1.241,-0.926,0.881,62.734,-68.797,-3.750,581.6,1,0.1097,0.1197,-0.7134,-0.6816,198.7,0.4,0.0
1399026,2026-08-30_09-32-22.028-240,v3.6.25,3.46,12.0,400,1432,-2555,7026,178,-2910,7185,1397,-2712,7020,1365,-2950,7004,0,0,0,-32,-238,-16,240.7,1583.4,1.389,-0.583,0.505,145.750,-39.547,-31.250,239.4,1,0.1164,0.1029,-0.7282,-0.6676,197.8,-1.8,0.0
1399055,2026-08-30_09-32-22.057-240,v3.6.25,3.46,12.0,400,1473,-3045,6805,178,-2910,7185,1441,-3200,6806,1365,-2950,7004,0,0,0,-76,250,198,327.8,2156.9,1.534,-0.334,0.309,185.391,-4.344,-38.594,312.6,1,0.1306,0.0866,-0.7451,-0.6483,197.4,-4.7,0.0
1399108,2026-08-30_09-32-22.109-240,v3.6.25,3.46,12.0,400,1838,-3111,6676,428,-3271,7044,1807,-3268,6678,1599,-3309,6824,0,0,0,-208,-41,146,257.4,1693.5,1.525,-0.216,0.198,227.266,56.500,-69.109,253.5,1,0.1543,0.0755,-0.7652,-0.6205,198.1,-8.2,0.0
1399133,2026-08-30_09-32-22.136-240,v3.6.25,3.46,12.0,400,1838,-3111,6676,966,-3151,7038,1807,-3268,6678,2133,-3188,6725,0,0,0,326,80,47,338.9,2229.9,1.380,-0.231,0.250,230.828,80.031,-82.312,321.9,1,0.1802,0.0676,-0.7845,-0.5895,199.0,-11.7,0.0
1399348,2026-08-30_09-32-23.350-240,v3.6.25,3.46,12.0,400,6231,-1199,4341,5404,-1331,5388,6192,-1353,4339,6252,-1382,4352,0,0,0,60,-29,13,67.9,446.7,0.659,0.993,0.817,-109.984,22.031,20.234,94.4,1,0.1756,0.0792,-0.7751,-0.6017,199.8,-10.2,0.0
1399400,2026-08-30_09-32-23.402-240,v3.6.25,3.46,12.0,400,5983,-669,4903,5404,-1331,5388,5940,-830,4892,6252,-1382,4352,0,0,0,312,-552,-540,832.9,5479.3,0.912,1.014,0.819,-231.422,32.266,54.828,736.4,1,0.1643,0.1009,-0.7538,-0.6282,201.2,-6.9,0.0
1399448,2026-08-30_09-32-23.450-240,v3.6.25,3.46,12.0,400,5983,-669,4903,5024,-746,5974,5940,-830,4892,5961,-794,4988,0,0,0,21,36,96,104.7,688.5,0.752,0.398,0.417,-310.344,50.703,62.375,125.3,1,0.1488,0.1314,-0.7240,-0.6606,202.8,-2.4,0.0
1399634,2026-08-30_09-32-23.635-240,v3.6.25,3.46,12.0,400,2657,2092,7026,1835,1903,7376,2589,1940,6970,2959,1842,6900,0,0,0,370,-98,-70,389.1,2559.9,0.256,-0.595,1.047,-76.250,-14.250,-13.094,364.0,1,0.1396,0.1382,-0.7196,-0.6660,202.6,-1.0,0.0
1399660,2026-08-30_09-32-23.662-240,v3.6.25,3.46,12.0,400,2657,2092,7026,1235,2014,7495,2589,1940,6970,2376,1951,7118,0,0,0,-213,11,148,259.6,1707.9,0.419,-0.530,1.065,-11.172,-17.500,-12.484,255.3,1,0.1358,0.1382,-0.7204,-0.6660,202.3,-0.7,0.0
1399695,2026-08-30_09-32-23.697-240,v3.6.25,3.46,12.0,400,2348,2052,7110,1235,2014,7495,2280,1902,7054,2376,1951,7118,0,0,0,96,49,64,125.4,824.7,0.700,-0.500,1.078,64.797,-5.078,-8.375,142.6,1,0.1407,0.1320,-0.7263,-0.6597,202.2,-1.7,0.0
1399723,2026-08-30_09-32-23.725-240,v3.6.25,3.46,12.0,400,2535,1961,7059,1227,1894,7504,2468,1809,7004,2372,1832,7129,0,0,0,-96,23,125,159.3,1047.9,0.855,-0.567,0.932,141.125,16.359,-24.016,171.1,1,0.1538,0.1220,-0.7388,-0.6447,202.3,-4.0,0.0
1399766,2026-08-30_09-32-23.767-240,v3.6.25,3.46,12.0,400,2535,1961,7059,1901,1922,7317,2468,1809,7004,3014,1860,6831,0,0,0,546,51,-173,575.0,3783.0,1.016,-0.195,1.021,241.109,58.359,-82.188,520.0,1,0.1764,0.1118,-0.7616,-0.6134,203.0,-7.6,0.0
1399811,2026-08-30_09-32-23.813-240,v3.6.25,3.46,12.0,400,3258,2061,6640,1901,1922,7317,3191,1909,6587,3014,1860,6831,0,0,0,-177,-49,244,305.4,2009.2,0.900,0.498,0.757,270.188,105.438,-116.734,293.7,1,0.2048,0.1067,-0.7859,-0.5736,204.3,-11.5,0.0
1399870,2026-08-30_09-32-23.872-240,v3.6.25,3.46,12.0,400,4573,2344,5666,3395,2219,6581,4506,2198,5617,4376,2152,5856,0,0,0,-130,-46,239,275.9,1815.3,0.307,1.323,0.534,185.406,123.969,-44.391,269.0,1,0.2334,0.1048,-0.7965,-0.5478,205.9,-14.9,0.0
1399927,2026-08-30_09-32-23.929-240,v3.6.25,3.46,12.0,400,6057,2792,3982,4776,2655,5455,5988,2665,3939,5554,2575,4519,0,0,0,-434,-90,580,730.0,4802.4,-0.094,0.590,0.739,85.234,82.219,76.672,650.1,1,0.2561,0.0962,-0.7928,-0.5447,206.9,-17.5,0.0
1399976,2026-08-30_09-32-23.978-240,v3.6.25,3.46,12.0,400,6057,2792,3982,5356,2768,4995,5988,2665,3939,6053,2684,3971,0,0,0,65,19,32,74.9,492.8,-0.146,-0.113,0.860,85.500,26.688,52.688,100.3,1,0.2696,0.0848,-0.7930,-0.5398,206.9,-19.6,0.0
1400004,2026-08-30_09-32-23.006-240,v3.6.25,3.46,12.0,400,6199,2625,3929,5490,2528,4969,6131,2496,3888,6187,2445,3923,0,0,0,56,-51,35,83.4,548.9,-0.100,0.180,0.903,84.875,4.297,8.859,107.5,1,0.2771,0.0761,-0.7972,-0.5310,206.5,-21.2,0.0
1400047,2026-08-30_09-32-23.049-240,v3.6.25,3.46,12.0,400,6376,2345,3759,5490,2528,4969,6311,2217,3722,6187,2445,3923,0,0,0,-124,228,201,328.3,2159.7,0.202,1.127,1.021,18.734,-6.016,-4.500,312.9,1,0.2776,0.0743,-0.7989,-0.5284,206.3,-21.4,0.0
1400080,2026-08-30_09-32-23.081-240,v3.6.25,3.46,12.0,400,6376,2345,3759,5746,2230,4827,6311,2217,3722,6425,2149,3741,0,0,0,114,-68,19,134.1,882.2,0.459,1.321,1.180,-82.828,-0.500,30.750,150.0,1,0.2735,0.0789,-0.7918,-0.5405,206.7,-20.4,0.0
1400107,2026-08-30_09-32-23.109-240,v3.6.25,3.46,12.0,400,6407,2286,3812,5746,2230,4827,6342,2156,3776,6425,2149,3741,0,0,0,83,-7,-35,90.3,594.4,0.682,1.053,0.955,-165.156,11.297,54.016,113.3,1,0.2661,0.0898,-0.7770,-0.5634,207.5,-18.2,0.0
1400135,2026-08-30_09-32-23.136-240,v3.6.25,3.46,12.0,400,6407,2286,3812,5559,2334,5087,6342,2156,3776,6281,2255,4026,0,0,0,-61,99,250,275.7,1814.0,0.879,0.628,0.829,-222.016,29.875,46.797,268.8,1,0.2561,0.1085,-0.7574,-0.5907,208.9,-15.1,0.0
1400344,2026-08-30_09-32-24.345-240,v3.6.25,3.46,12.0,400,3067,5036,5186,1700,5473,5431,2977,4931,5110,2415,5360,5020,0,0,0,-562,429,-90,712.7,4689.0,-0.232,-0.536,1.347,-40.594,49.141,-44.000,635.6,1,0.2566,0.1219,-0.7560,-0.5896,210.1,-14.1,0.0
1400396,2026-08-30_09-32-24.397-240,v3.6.25,3.46,12.0,400,2461,5432,5018,1700,5473,5431,2367,5341,4938,2415,5360,5020,0,0,0,48,19,82,96.9,637.5,0.004,-0.383,1.094,97.953,61.125,-65.078,118.8,1,0.2681,0.1260,-0.7652,-0.5716,211.2,-15.4,0.0
1400426,2026-08-30_09-32-24.428-240,v3.6.25,3.46,12.0,400,2528,5723,4689,1741,5795,5022,2431,5639,4608,2379,5674,4613,0,0,0,-52,35,5,62.9,413.7,0.043,0.068,0.983,156.375,75.219,-87.344,90.2,1,0.2841,0.1284,-0.7786,-0.5445,212.3,-17.6,0.0
1400628,2026-08-30_09-32-24.629-240,v3.6.25,3.46,12.0,400,4476,6154,1481,4119,6374,2287,4378,6116,1416,4274,6221,1536,0,0,0,-104,105,120,190.4,1252.4,-0.277,-0.538,1.343,-7.984,16.516,85.984,197.2,1,0.2918,0.1211,-0.7712,-0.5526,212.5,-18.4,0.0
1400656,2026-08-30_09-32-24.658-240,v3.6.25,3.46,12.0,400,4476,6154,1481,4354,6239,2294,4378,6116,1416,4513,6089,1502,0,0,0,135,-27,86,162.3,1067.9,-0.145,-0.688,1.326,8.859,-6.828,23.734,173.7,1,0.2933,0.1169,-0.7706,-0.5536,212.2,-18.8,0.0
1400689,2026-08-30_09-32-24.690-240,v3.6.25,3.46,12.0,400,4604,6023,1607,4354,6239,2294,4507,5980,1543,4513,6089,1502,0,0,0,6,109,-41,116.6,767.2,-0.062,-0.228,1.113,12.594,-29.719,-45.703,135.3,1,0.2875,0.1180,-0.7764,-0.5483,211.7,-18.5,0.0
1400717,2026-08-30_09-32-24.719-240,v3.6.25,3.46,12.0,400,4676,6002,1625,4437,6167,2397,4579,5958,1561,4615,6019,1589,0,0,0,36,61,28,76.2,501.1,-0.128,0.110,0.943,-11.016,-45.047,-76.828,101.4,1,0.2757,0.1233,-0.7835,-0.5430,211.1,-17.3,0.0
1400760,2026-08-30_09-32-24.762-240,v3.6.25,3.46,12.0,400,4676,6002,1625,4342,6209,2459,4579,5958,1561,4530,6061,1665,0,0,0,-49,103,104,154.4,1015.5,-0.275,0.541,0.903,-69.250,-68.141,-96.266,167.0,1,0.2551,0.1340,-0.7890,-0.5426,210.4,-14.9,0.0
1400804,2026-08-30_09-32-24.805-240,v3.6.25,3.46,12.0,400,4496,6108,1792,4342,6209,2459,4398,6063,1726,4530,6061,1665,0,0,0,132,-2,-61,145.4,956.8,-0.215,0.603,0.977,-136.719,-80.641,-90.297,159.5,1,0.2283,0.1493,-0.7894,-0.5499,209.8,-11.3,0.0
1400832,2026-08-30_09-32-24.834-240,v3.6.25,3.46,12.0,400,4015,6315,2293,3823,6411,2841,3915,6266,2221,4073,6265,2127,0,0,0,158,-1,-94,183.9,1209.5,-0.019,0.497,0.973,-171.250,-78.484,-71.203,191.7,1,0.2006,0.1661,-0.7850,-0.5621,209.4,-7.4,0.0
1400922,2026-08-30_09-32-24.923-240,v3.6.25,3.46,12.0,400,3291,6470,2995,2895,6580,3444,3189,6416,2917,3245,6437,2874,0,0,0,56,21,-43,73.7,484.6,-0.013,-0.100,0.887,-180.688,-55.859,-21.656,99.3,1,0.1787,0.1809,-0.7748,-0.5788,209.2,-3.9,0.0
1400980,2026-08-30_09-32-24.981-240,v3.6.25,3.46,12.0,400,1649,6419,4125,1811,6602,4015,1546,6362,4039,2259,6462,3617,0,0,0,713,100,-422,834.5,5490.4,-0.005,-0.487,1.238,-65.344,-30.031,-24.234,737.8,1,0.1683,0.1867,-0.7725,-0.5832,209.0,-2.4,0.0
1401040,2026-08-30_09-32-24.041-240,v3.6.25,3.46,12.0,400,1530,6340,4227,997,6509,4390,1427,6282,4142,1511,6371,4123,0,0,0,84,89,-19,123.8,814.8,0.011,-0.366,1.075,84.344,-4.828,8.625,141.4,1,0.1747,0.1767,-0.7788,-0.5760,208.5,-3.9,0.0
1401078,2026-08-30_09-32-24.080-240,v3.6.25,3.46,12.0,400,1530,6340,4227,969,6456,4453,1427,6282,4142,1495,6319,4189,0,0,0,68,37,47,90.6,595.8,0.105,-0.298,0.858,167.875,2.984,44.438,113.5,1,0.1907,0.1554,-0.7882,-0.5641,207.6,-7.2,0.0
1401106,2026-08-30_09-32-24.107-240,v3.6.25,3.46,12.0,400,2047,6285,4067,1743,6324,4375,1945,6223,3983,2258,6191,3981,0,0,0,313,-32,-2,314.6,2070.0,0.030,-0.146,0.875,203.562,3.828,76.969,301.5,1,0.2116,0.1272,-0.7969,-0.5513,206.4,-11.4,0.0
1401285,2026-08-30_09-32-25.286-240,v3.6.25,3.46,12.0,400,5095,4921,3217,4766,4669,4274,5008,4832,3155,5299,4559,3366,0,0,0,291,-273,211,451.4,2969.5,0.123,0.402,1.145,-18.594,-9.812,106.609,416.3,1,0.2163,0.1173,-0.7882,-0.5641,206.0,-12.0,0.0
1401332,2026-08-30_09-32-25.333-240,v3.6.25,3.46,12.0,400,5308,4532,3517,4766,4669,4274,5224,4432,3457,5299,4559,3366,0,0,0,75,127,-91,173.3,1140.2,-0.059,-0.175,0.839,-86.531,-38.891,21.609,182.9,1,0.2061,0.1200,-0.7823,-0.5755,205.6,-10.6,0.0
1401372,2026-08-30_09-32-25.374-240,v3.6.25,3.46,12.0,400,5087,4450,3968,4507,4484,4740,5004,4343,3906,5124,4381,3865,0,0,0,120,38,-41,132.4,870.9,-0.500,-0.745,0.677,-70.656,-75.875,-99.125,148.5,1,0.1836,0.1293,-0.7878,-0.5736,204.7,-8.1,0.0
1401400,2026-08-30_09-32-25.401-240,v3.6.25,3.46,12.0,400,4899,4442,4125,4195,4467,4965,4816,4334,4062,4851,4366,4139,0,0,0,35,32,77,90.4,594.9,-0.552,-0.985,0.859,-18.547,-101.656,-175.609,113.3,1,0.1561,0.1379,-0.8027,-0.5588,203.4,-5.5,0.0
1401447,2026-08-30_09-32-25.449-240,v3.6.25,3.46,12.0,400,4899,4442,4125,4195,4467,4965,4816,4334,4062,4851,4366,4139,0,0,0,35,32,77,90.4,594.9,-0.507,-0.432,0.868,149.203,-116.797,-328.094,113.3,1,0.1276,0.1408,-0.8384,-0.5108,201.6,-4.0,0.0
1401475,2026-08-30_09-32-25.476-240,v3.6.25,3.46,12.0,400,5334,4255,3621,4660,4275,4501,5253,4152,3564,5240,4171,3606,0,0,0,-13,19,42,47.9,315.1,-0.203,0.514,0.817,197.281,-104.281,-350.703,77.6,1,0.1018,0.1408,-0.8743,-0.4532,199.8,-2.9,0.0
1401620,2026-08-30_09-32-25.621-240,v3.6.25,3.46,12.0,400,6317,4398,1355,6308,4268,2055,6235,4331,1311,6467,4136,937,0,0,0,232,-195,-374,481.4,3167.0,0.713,1.295,0.877,-197.219,32.844,102.219,441.4,1,0.1021,0.1580,-0.8553,-0.4827,201.7,-1.3,0.0
1401656,2026-08-30_09-32-25.657-240,v3.6.25,3.46,12.0,400,6317,4398,1355,5887,4647,2630,6235,4331,1311,6137,4519,1569,0,0,0,-98,188,258,333.9,2196.9,0.260,1.409,0.874,-263.906,49.562,158.797,317.7,1,0.1044,0.1793,-0.8264,-0.5235,203.9,0.9,0.0
1401855,2026-08-30_09-32-25.856-240,v3.6.25,3.46,12.0,400,2639,5530,4946,2071,5672,5136,2544,5438,4865,2731,5555,4668,0,0,0,187,117,-197,295.7,1945.7,0.040,-0.133,1.191,-93.422,-110.609,55.953,285.7,1,0.0867,0.1749,-0.8179,-0.5412,202.4,2.7,0.0
1401883,2026-08-30_09-32-25.885-240,v3.6.25,3.46,12.0,400,2182,4986,5687,1419,5132,5850,2091,4882,5608,2213,5026,5477,0,0,0,122,144,-131,229.7,1511.5,0.433,-0.781,1.315,-22.094,-100.156,57.891,230.3,1,0.0755,0.1628,-0.8139,-0.5525,200.4,3.3,0.0
1401919,2026-08-30_09-32-25.921-240,v3.6.25,3.46,12.0,400,2182,4986,5687,1419,5132,5850,2091,4882,5608,2213,5026,5477,0,0,0,122,144,-131,229.7,1511.5,0.665,-1.127,1.059,118.375,-69.438,17.469,230.3,1,0.0754,0.1407,-0.8222,-0.5463,198.3,1.7,0.0
1401971,2026-08-30_09-32-25.972-240,v3.6.25,3.46,12.0,400,2209,4395,6096,1170,4466,6408,2123,4279,6021,2074,4371,6065,0,0,0,-49,92,44,113.1,744.4,0.860,-0.448,0.497,275.312,-3.625,-18.203,132.4,1,0.0934,0.1090,-0.8417,-0.5205,196.3,-2.5,0.0
1402147,2026-08-30_09-32-25.148-240,v3.6.25,3.46,12.0,400,6410,2998,3163,5318,3387,4546,6339,2885,3123,5925,3292,3538,0,0,0,-414,407,415,713.6,4694.9,-0.334,0.408,0.942,115.766,24.859,131.859,636.4,1,0.1132,0.0859,-0.8390,-0.5253,195.3,-5.7,0.0
1402181,2026-08-30_09-32-26.183-240,v3.6.25,3.46,12.0,400,6410,2998,3163,5933,2736,4327,6339,2885,3123,6515,2645,3220,0,0,0,176,-240,97,313.0,2059.4,-0.201,0.031,1.059,75.906,-29.859,83.828,300.2,1,0.1193,0.0666,-0.8380,-0.5284,193.9,-7.4,0.0
1402210,2026-08-30_09-32-26.212-240,v3.6.25,3.46,12.0,400,6595,2310,3376,5933,2736,4327,6530,2187,3342,6515,2645,3220,0,0,0,-15,458,-122,474.2,3119.8,0.031,0.386,1.034,40.219,-67.266,22.406,435.4,1,0.1138,0.0536,-0.8399,-0.5279,192.2,-7.7,0.0
1402241,2026-08-30_09-32-26.243-240,v3.6.25,3.46,12.0,400,6671,1800,3540,5991,1992,4611,6610,1670,3511,6638,1910,3488,0,0,0,28,240,-23,242.7,1596.8,0.515,0.789,1.002,-32.188,-77.812,-7.219,241.1,1,0.0998,0.0508,-0.8402,-0.5307,191.1,-6.5,0.0
1402290,2026-08-30_09-32-26.292-240,v3.6.25,3.46,12.0,400,6671,1800,3540,5960,1653,4787,6610,1670,3511,6644,1576,3666,0,0,0,34,-94,155,184.4,1213.4,0.834,0.933,0.789,-158.516,-72.078,-58.156,192.2,1,0.0744,0.0678,-0.8368,-0.5382,191.2,-3.0,0.0
1402324,2026-08-30_09-32-26.326-240,v3.6.25,3.46,12.0,400,6579,1778,3737,5960,1653,4787,6518,1645,3707,6644,1576,3666,0,0,0,126,-69,-41,149.4,982.8,0.999,1.062,0.784,-239.891,-54.109,-77.547,162.8,1,0.0442,0.0978,-0.8288,-0.5492,192.2,2.0,0.0
1402352,2026-08-30_09-32-26.354-240,v3.6.25,3.46,12.0,400,6237,2357,4095,5647,2092,5053,6171,2223,4056,6368,2014,3979,0,0,0,197,-209,-77,297.4,1956.3,0.773,1.154,0.873,-294.812,-39.422,-81.594,287.0,1,0.0117,0.1359,-0.8155,-0.5625,193.7,7.7,0.0
1402447,2026-08-30_09-32-26.448-240,v3.6.25,3.46,12.0,400,5393,3263,4789,4829,3050,5521,5320,3129,4735,5611,2969,4574,0,0,0,291,-160,-161,369.1,2428.0,-0.058,-0.133,0.578,-338.938,-36.266,52.031,347.2,1,-0.0145,0.1696,-0.7868,-0.5932,194.8,12.9,0.0
1402557,2026-08-30_09-32-26.558-240,v3.6.25,3.46,12.0,400,2327,3063,6808,1520,3674,6856,2251,2924,6743,2518,3593,6444,0,0,0,267,669,-299,779.9,5131.0,0.389,-0.564,0.851,59.750,-104.125,11.578,692.0,1,-0.0232,0.1507,-0.7903,-0.5935,192.5,12.4,0.0
1402606,2026-08-30_09-32-26.608-240,v3.6.25,3.46,12.0,400,2327,3063,6808,1234,2885,7217,2251,2924,6743,2310,2812,6846,0,0,0,59,-112,103,163.2,1073.7,1.062,-0.700,0.697,229.953,-53.953,-6.391,174.4,1,-0.0130,0.1172,-0.8072,-0.5784,190.2,9.0,0.0
1402634,2026-08-30_09-32-26.636-240,v3.6.25,3.46,12.0,400,2789,2343,6837,1888,2089,7274,2719,2194,6780,2990,2026,6791,0,0,0,271,-168,11,319.0,2098.9,1.327,-0.374,0.593,314.109,-3.312,-43.891,305.2,1,0.0082,0.0807,-0.8308,-0.5506,188.3,4.3,0.0
1402812,2026-08-30_09-32-26.813-240,v3.6.25,3.46,12.0,400,6122,1797,4305,5542,1523,5247,6061,1658,4271,6308,1451,4187,0,0,0,247,-207,-84,333.0,2191.0,-0.391,0.378,0.894,93.844,8.312,116.547,316.9,1,0.0236,0.0612,-0.8273,-0.5579,187.3,1.7,0.0
1402851,2026-08-30_09-32-26.853-240,v3.6.25,3.46,12.0,400,6319,1380,4276,5542,1523,5247,6261,1237,4247,6308,1451,4187,0,0,0,47,214,-60,227.2,1494.5,-0.016,0.115,1.095,63.094,-55.938,43.859,228.1,1,0.0232,0.0446,-0.8277,-0.5589,185.7,0.7,0.0
1402879,2026-08-30_09-32-26.881-240,v3.6.25,3.46,12.0,400,6294,756,4413,5473,843,5487,6241,607,4389,6294,779,4434,0,0,0,53,172,45,185.5,1220.5,0.177,0.572,0.931,20.656,-81.531,-5.828,193.1,1,0.0129,0.0345,-0.8295,-0.5572,184.1,1.0,0.0
1402916,2026-08-30_09-32-26.917-240,v3.6.25,3.46,12.0,400,6294,756,4413,5505,245,5495,6241,607,4389,6339,185,4437,0,0,0,98,-422,48,435.9,2867.6,0.527,1.074,0.853,-78.734,-96.234,1.516,403.3,1,-0.0070,0.0346,-0.8252,-0.5638,182.8,2.9,0.0
1402968,2026-08-30_09-32-26.970-240,v3.6.25,3.46,12.0,400,6315,298,4444,5505,245,5495,6265,146,4425,6339,185,4437,0,0,0,74,39,12,84.5,556.0,1.159,0.883,0.538,-220.797,-68.094,28.516,108.4,1,-0.0330,0.0533,-0.8100,-0.5831,182.8,6.6,0.0
1402995,2026-08-30_09-32-26.996-240,v3.6.25,3.46,12.0,400,6016,249,4937,5153,106,5906,5966,90,4916,6061,51,4898,0,0,0,95,-39,-18,104.3,685.9,1.172,0.602,0.549,-271.094,-43.328,28.688,124.9,1,-0.0596,0.0806,-0.7904,-0.6043,183.2,11.0,0.0
1403027,2026-08-30_09-32-26.029-240,v3.6.25,3.46,12.0,400,6016,249,4937,5153,106,5906,5966,90,4916,6061,51,4898,0,0,0,95,-39,-18,104.3,685.9,1.096,0.127,0.589,-286.844,-19.031,7.188,124.9,1,-0.0854,0.1136,-0.7700,-0.6220,184.1,15.8,0.0
1403054,2026-08-30_09-32-26.055-240,v3.6.25,3.46,12.0,400,5391,620,5595,4359,534,6530,5338,457,5565,5366,482,5643,0,0,0,28,25,78,86.6,569.5,1.055,0.068,0.387,-273.359,-8.281,-6.547,110.1,1,-0.1095,0.1464,-0.7501,-0.6356,184.9,20.5,0.0
1403086,2026-08-30_09-32-26.088-240,v3.6.25,3.46,12.0,400,4684,1191,6143,4359,534,6530,4626,1028,6103,5366,482,5643,0,0,0,740,-546,-460,1028.3,6764.9,0.563,0.246,0.446,-242.391,-14.547,-14.047,900.4,1,-0.1322,0.1749,-0.7315,-0.6456,185.4,24.8,0.0
1403146,2026-08-30_09-32-26.148-240,v3.6.25,3.46,12.0,400,3999,1446,6575,3511,1162,6948,3938,1283,6529,4577,1107,6195,0,0,0,639,-176,-334,742.2,4882.9,0.323,-0.312,0.532,-170.516,-55.422,31.953,660.3,1,-0.1503,0.1878,-0.7132,-0.6584,184.5,27.5,0.0
1403203,2026-08-30_09-32-27.205-240,v3.6.25,3.46,12.0,400,3406,1170,6877,2626,1346,7305,3346,1007,6832,3749,1291,6695,0,0,0,403,284,-137,511.7,3366.4,0.673,-1.229,0.972,49.312,-76.188,-30.234,466.9,1,-0.1581,0.1741,-0.7179,-0.6552,182.8,27.1,0.0
1403236,2026-08-30_09-32-27.239-240,v3.6.25,3.46,12.0,400,3406,1170,6877,2205,849,7455,3346,1007,6832,3364,798,6915,0,0,0,18,-209,83,225.6,1484.2,1.056,-1.033,0.969,200.281,-60.531,-83.922,226.8,1,-0.1554,0.1456,-0.7396,-0.6385,181.1,24.6,0.0
1403266,2026-08-30_09-32-27.268-240,v3.6.25,3.46,12.0,400,3698,602,6693,2205,849,7455,3643,437,6656,3364,798,6915,0,0,0,-279,361,259,524.6,3451.6,1.210,-0.336,0.530,306.703,-28.469,-121.500,477.7,1,-0.1422,0.1085,-0.7716,-0.6104,179.6,20.6,0.0
1403441,2026-08-30_09-32-27.442-240,v3.6.25,3.46,12.0,400,6842,-845,3224,6320,-1274,4251,6801,-981,3226,6971,-1337,3085,0,0,0,170,-356,-141,418.9,2756.2,0.159,1.025,0.617,54.891,4.688,87.391,389.0,1,-0.1306,0.0976,-0.7680,-0.6193,179.3,18.8,0.0
1403496,2026-08-30_09-32-27.498-240,v3.6.25,3.46,12.0,400,6934,-1278,3087,6320,-1274,4251,6896,-1415,3094,6971,-1337,3085,0,0,0,75,78,-9,108.6,714.4,0.479,0.400,0.761,-22.344,-57.266,78.781,128.6,1,-0.1345,0.0903,-0.7583,-0.6315,178.0,18.5,0.0
1403524,2026-08-30_09-32-27.526-240,v3.6.25,3.46,12.0,400,6612,-1743,3502,5933,-1840,4631,6577,-1886,3511,6661,-1896,3523,0,0,0,84,-10,12,85.4,562.1,0.872,1.062,0.715,-83.672,-67.359,67.344,109.2,1,-0.1457,0.0900,-0.7447,-0.6450,176.7,19.5,0.0
1403552,2026-08-30_09-32-27.554-240,v3.6.25,3.46,12.0,400,6612,-1743,3502,5933,-1840,4631,6577,-1886,3511,6661,-1896,3523,0,0,0,84,-10,12,85.4,562.1,1.283,1.403,0.571,-169.500,-61.188,76.328,109.2,1,-0.1629,0.1006,-0.7239,-0.6628,175.7,21.7,0.0
1403578,2026-08-30_09-32-27.580-240,v3.6.25,3.46,12.0,400,6300,-1983,3947,5470,-2080,5051,6267,-2133,3956,6275,-2131,4012,0,0,0,8,2,56,56.6,372.4,1.281,1.364,0.325,-261.359,-45.031,106.875,85.0,1,-0.1839,0.1230,-0.6928,-0.6863,174.8,25.1,0.0
1403727,2026-08-30_09-32-27.728-240,v3.6.25,3.46,12.0,400,4481,-738,6245,3770,-1189,6770,4437,-909,6226,4853,-1229,5980,0,0,0,416,-320,-246,579.6,3813.4,0.671,0.141,0.416,-231.234,-31.922,27.859,523.9,1,-0.2065,0.1458,-0.6705,-0.6976,173.9,28.7,0.0
1403761,2026-08-30_09-32-27.763-240,v3.6.25,3.46,12.0,400,4481,-738,6245,3150,-796,7135,4437,-909,6226,4287,-836,6442,0,0,0,-150,73,216,272.9,1795.5,0.530,-0.349,0.333,-177.047,-46.969,32.797,266.5,1,-0.2252,0.1600,-0.6507,-0.7073,172.6,31.3,0.0
1403789,2026-08-30_09-32-27.790-240,v3.6.25,3.46,12.0,400,3909,-635,6643,3150,-796,7135,3863,-806,6620,4287,-836,6442,0,0,0,424,-30,-178,460.8,3031.7,0.573,-0.578,0.417,-100.516,-58.766,13.188,424.2,1,-0.2398,0.1641,-0.6384,-0.7128,171.0,32.7,0.0
1403817,2026-08-30_09-32-27.819-240,v3.6.25,3.46,12.0,400,3909,-635,6643,2492,-893,7344,3863,-806,6620,3667,-932,6759,0,0,0,-196,-126,139,271.3,1785.0,0.672,-0.655,0.608,-19.359,-63.062,-4.172,265.1,1,-0.2487,0.1585,-0.6344,-0.7145,169.4,32.8,0.0
1403866,2026-08-30_09-32-27.867-240,v3.6.25,3.46,12.0,400,3555,-923,6740,2392,-1369,7274,3511,-1093,6719,3565,-1407,6709,0,0,0,54,-314,-10,318.8,2097.1,1.112,-0.578,0.616,144.078,-45.000,-39.703,305.0,1,-0.2430,0.1363,-0.6484,-0.7085,168.8,30.6,0.0
1403903,2026-08-30_09-32-27.904-240,v3.6.25,3.46,12.0,400,3711,-1394,6519,2392,-1369,7274,3670,-1564,6505,3565,-1407,6709,0,0,0,-105,157,204,278.0,1829.0,1.271,-0.011,0.302,229.844,-11.297,-50.844,270.8,1,-0.2260,0.1080,-0.6711,-0.6978,169.0,27.0,0.0
1403930,2026-08-30_09-32-27.932-240,v3.6.25,3.46,12.0,400,4214,-1826,6046,2931,-1886,6904,4177,-1994,6039,4051,-1923,6256,0,0,0,-126,71,217,260.8,1715.7,1.446,0.226,0.211,254.672,15.844,-44.203,256.3,1,-0.2023,0.0797,-0.6949,-0.6854,169.6,23.0,0.0
1403968,2026-08-30_09-32-27.970-240,v3.6.25,3.46,12.0,400,4214,-1826,6046,3565,-2194,6465,4177,-1994,6039,4615,-2233,5719,0,0,0,438,-239,-320,592.8,3899.7,1.439,0.347,0.281,273.203,54.938,-42.312,534.9,1,-0.1715,0.0535,-0.7197,-0.6707,170.7,18.6,0.0
1404020,2026-08-30_09-32-27.021-240,v3.6.25,3.46,12.0,400,4735,-2082,5559,3565,-2194,6465,4701,-2247,5559,4615,-2233,5719,0,0,0,-86,14,160,182.2,1198.6,1.154,0.781,0.315,241.422,75.953,-14.562,190.3,1,-0.1388,0.0327,-0.7386,-0.6588,172.0,14.4,0.0
1404048,2026-08-30_09-32-27.050-240,v3.6.25,3.46,12.0,400,5129,-2133,5176,4132,-2314,6070,5096,-2295,5179,5117,-2355,5237,0,0,0,21,-60,58,86.1,566.1,1.071,0.751,0.427,214.781,69.766,3.594,109.7,1,-0.1082,0.0136,-0.7527,-0.6493,173.0,10.4,0.0
1404080,2026-08-30_09-32-27.081-240,v3.6.25,3.46,12.0,400,5279,-2287,4991,4132,-2314,6070,5247,-2448,4997,5117,-2355,5237,0,0,0,-130,93,240,288.4,1897.1,0.705,0.815,0.438,168.922,42.188,26.766,279.4,1,-0.0842,-0.0040,-0.7603,-0.6441,173.4,7.1,0.0
1404131,2026-08-30_09-32-27.133-240,v3.6.25,3.46,12.0,400,5279,-2287,4991,4330,-2440,5921,5247,-2448,4997,5292,-2481,5057,0,0,0,45,-33,60,81.9,539.1,0.386,0.176,0.447,78.156,-21.672,71.703,106.2,1,-0.0750,-0.0200,-0.7571,-0.6487,172.6,5.0,0.0
1404161,2026-08-30_09-32-28.162-240,v3.6.25,3.46,12.0,400,5126,-2625,5035,4125,-2852,5914,5096,-2786,5044,5094,-2892,5086,0,0,0,-2,-106,42,114.0,750.2,0.394,0.001,0.436,48.578,-56.516,47.203,133.2,1,-0.0747,-0.0350,-0.7541,-0.6516,171.3,3.8,0.0
1404196,2026-08-30_09-32-28.198-240,v3.6.25,3.46,12.0,400,4795,-3172,4975,4125,-2852,5914,4769,-3330,4990,5094,-2892,5086,0,0,0,325,438,96,553.8,3643.4,0.708,0.436,0.479,6.156,-79.625,15.969,502.2,1,-0.0833,-0.0459,-0.7516,-0.6528,169.7,3.7,0.0
1404236,2026-08-30_09-32-28.238-240,v3.6.25,3.46,12.0,400,4795,-3172,4975,3803,-3475,5756,4769,-3330,4990,4757,-3514,4988,0,0,0,-12,-184,-2,184.4,1213.2,1.191,0.625,0.411,-81.844,-76.828,1.094,192.2,1,-0.1011,-0.0450,-0.7460,-0.6567,168.4,5.3,0.0
1404267,2026-08-30_09-32-28.268-240,v3.6.25,3.46,12.0,400,4652,-3621,4755,3733,-3874,5513,4629,-3775,4776,4653,-3915,4764,0,0,0,24,-140,-12,142.5,937.8,1.356,0.365,0.281,-129.438,-62.484,-20.375,157.1,1,-0.1230,-0.0357,-0.7401,-0.6602,167.4,7.8,0.0
1404316,2026-08-30_09-32-28.318-240,v3.6.25,3.46,12.0,400,4732,-3717,4592,3733,-3874,5513,4709,-3869,4615,4653,-3915,4764,0,0,0,-56,-46,149,165.7,1090.1,1.351,-0.017,0.384,-143.969,-39.188,-103.203,176.5,1,-0.1477,-0.0181,-0.7419,-0.6538,167.0,11.3,0.0
1404343,2026-08-30_09-32-28.346-240,v3.6.25,3.46,12.0,400,5210,-3426,4226,4018,-3774,5340,5186,-3575,4249,4906,-3817,4546,0,0,0,-280,-242,297,474.5,3121.9,1.067,-0.062,0.484,-128.625,-34.609,-151.000,435.7,1,-0.1728,0.0002,-0.7487,-0.6400,166.8,15.0,0.0
1404431,2026-08-30_09-32-28.433-240,v3.6.25,3.45,12.0,400,5982,-2893,3579,4879,-3244,4853,5955,-3035,3600,5673,-3293,3922,0,0,0,-282,-258,322,499.8,3288.0,1.147,1.657,0.212,-195.016,-51.266,-53.203,456.9,1,-0.2006,0.0211,-0.7407,-0.6408,166.2,18.9,0.0
1404496,2026-08-30_09-32-28.498-240,v3.6.25,3.45,12.0,400,6441,-2313,3405,5506,-2019,5171,6410,-2455,3421,6330,-2068,4123,0,0,0,-80,387,702,805.6,5299.9,0.870,0.911,-0.052,-299.203,-41.016,136.938,713.5,1,-0.2252,0.0500,-0.7073,-0.6682,165.6,22.7,0.0
1404664,2026-08-30_09-32-28.665-240,v3.6.25,3.45,12.0,400,4242,-2382,5843,3346,-2046,6738,4209,-2548,5844,4440,-2083,6023,0,0,0,231,465,179,549.2,3613.2,1.191,-0.373,0.334,168.281,-42.109,-7.047,498.4,1,-0.2140,0.0236,-0.7171,-0.6629,164.6,19.8,0.0
1404707,2026-08-30_09-32-28.709-240,v3.6.25,3.45,12.0,400,4242,-2382,5843,3179,-2648,6538,4209,-2548,5844,4251,-2684,5857,0,0,0,42,-136,13,142.9,940.3,1.540,0.134,0.230,236.297,-0.016,-5.422,157.4,1,-0.1905,-0.0066,-0.7314,-0.6547,164.4,15.7,0.0
1404734,2026-08-30_09-32-28.735-240,v3.6.25,3.45,12.0,400,4364,-2911,5491,3374,-3189,6170,4335,-3074,5500,4394,-3226,5465,0,0,0,59,-152,-35,166.8,1097.1,1.825,0.091,0.348,251.781,28.281,1.359,177.4,1,-0.1610,-0.0358,-0.7456,-0.6457,164.6,11.2,0.0
1404780,2026-08-30_09-32-28.782-240,v3.6.25,3.45,12.0,400,4434,-3236,5235,3374,-3189,6170,4408,-3396,5249,4394,-3226,5465,0,0,0,-14,170,216,275.2,1810.7,1.404,0.288,0.083,273.594,50.281,-22.438,268.4,1,-0.1272,-0.0642,-0.7622,-0.6314,164.9,6.5,0.0
1404811,2026-08-30_09-32-28.813-240,v3.6.25,3.45,12.0,400,4434,-3236,5235,3468,-3485,5932,4408,-3396,5249,4453,-3523,5217,0,0,0,45,-127,-32,138.5,911.1,1.057,0.402,-0.150,260.250,38.156,-29.938,153.7,1,-0.0964,-0.0917,-0.7770,-0.6153,164.9,2.1,0.0
1404840,2026-08-30_09-32-28.841-240,v3.6.25,3.45,12.0,400,4548,-3462,4960,3468,-3485,5932,4523,-3618,4978,4453,-3523,5217,0,0,0,-70,95,239,266.5,1753.6,0.850,0.563,-0.144,227.594,14.297,-19.703,261.1,1,-0.0715,-0.1180,-0.7875,-0.6006,164.2,-1.7,0.0
1404871,2026-08-30_09-32-28.873-240,v3.6.25,3.45,12.0,400,4607,-3824,4650,3678,-3771,5620,4585,-3976,4674,4615,-3811,4877,0,0,0,30,165,203,263.3,1732.3,0.751,0.670,-0.072,169.734,-12.312,19.234,258.4,1,-0.0546,-0.1419,-0.7908,-0.5929,163.1,-4.7,0.0
1404913,2026-08-30_09-32-28.916-240,v3.6.25,3.45,12.0,400,4607,-3824,4650,3553,-4293,5336,4585,-3976,4674,4451,-4334,4622,0,0,0,-134,-358,-52,385.8,2538.0,0.630,0.424,0.336,75.594,-54.766,77.078,361.2,1,-0.0516,-0.1618,-0.7844,-0.5966,161.5,-6.4,0.0
1404961,2026-08-30_09-32-28.963-240,v3.6.25,3.45,12.0,400,4251,-4360,4542,2972,-4913,5143,4232,-4507,4572,3849,-4956,4534,0,0,0,-383,-449,-38,591.4,3890.7,0.792,0.362,0.362,-10.000,-74.609,59.547,533.8,1,-0.0607,-0.1722,-0.7769,-0.6025,159.9,-6.5,0.0
1405015,2026-08-30_09-32-28.016-240,v3.6.25,3.45,12.0,400,3741,-4890,4416,2972,-4913,5143,3725,-5031,4453,3849,-4956,4534,0,0,0,124,75,81,166.0,1092.2,1.258,0.562,0.166,-130.094,-55.828,33.672,176.8,1,-0.0805,-0.1642,-0.7689,-0.6126,159.4,-4.4,0.0
1405045,2026-08-30_09-32-28.047-240,v3.6.25,3.45,12.0,400,3507,-5157,4272,2673,-5284,4938,3493,-5293,4312,3522,-5329,4386,0,0,0,29,-36,74,87.3,574.0,1.380,0.423,0.001,-187.281,-34.781,28.594,110.7,1,-0.1037,-0.1466,-0.7594,-0.6253,159.4,-1.5,0.0
1405074,2026-08-30_09-32-28.075-240,v3.6.25,3.45,12.0,400,3507,-5157,4272,2673,-5284,4938,3493,-5293,4312,3522,-5329,4386,0,0,0,29,-36,74,87.3,574.0,1.523,0.178,-0.114,-226.969,-10.016,19.641,110.7,1,-0.1280,-0.1208,-0.7491,-0.6387,159.8,2.1,0.0
1405100,2026-08-30_09-32-28.102-240,v3.6.25,3.45,12.0,400,3560,-5053,4356,2701,-5215,4995,3545,-5191,4395,3558,-5259,4437,0,0,0,13,-68,42,81.0,532.7,1.587,-0.060,-0.094,-237.219,11.812,1.062,105.4,1,-0.1510,-0.0903,-0.7396,-0.6496,160.6,6.1,0.0
1405131,2026-08-30_09-32-28.133-240,v3.6.25,3.45,12.0,400,3560,-5053,4356,2701,-5215,4995,3545,-5191,4395,3558,-5259,4437,0,0,0,13,-68,42,81.0,532.7,1.492,-0.327,0.015,-222.938,26.234,-26.188,105.4,1,-0.1716,-0.0586,-0.7329,-0.6557,161.6,10.1,0.0
1405159,2026-08-30_09-32-28.162-240,v3.6.25,3.45,12.0,400,3834,-4615,4585,2991,-4719,5315,3817,-4759,4618,3894,-4761,4699,0,0,0,77,-2,81,111.8,735.4,1.386,-0.141,-0.063,-193.359,29.719,-46.047,131.3,1,-0.1895,-0.0295,-0.7287,-0.6574,162.5,13.7,0.0
1405191,2026-08-30_09-32-29.193-240,v3.6.25,3.45,12.0,400,4261,-4020,4787,2991,-4719,5315,4240,-4171,4812,3894,-4761,4699,0,0,0,-346,-590,-113,693.2,4560.8,0.892,0.206,0.011,-171.703,12.453,-42.609,619.2,1,-0.2069,-0.0052,-0.7240,-0.6580,163.0,17.0,0.0
1405231,2026-08-30_09-32-29.233-240,v3.6.25,3.45,12.0,400,4261,-4020,4787,3414,-4070,5597,4240,-4171,4812,4353,-4110,4900,0,0,0,113,61,88,155.7,1024.2,0.759,0.176,0.052,-138.750,-13.422,-16.281,168.1,1,-0.2228,0.0111,-0.7170,-0.6605,162.8,19.5,0.0
1405260,2026-08-30_09-32-29.261-240,v3.6.25,3.45,12.0,400,4559,-3595,4880,3682,-3670,5706,4535,-3750,4900,4631,-3710,4960,0,0,0,96,40,60,120.1,789.9,0.605,0.006,0.056,-99.297,-36.703,-6.688,138.2,1,-0.2370,0.0194,-0.7101,-0.6627,162.1,21.2,0.0
1405308,2026-08-30_09-32-29.310-240,v3.6.25,3.45,12.0,400,4658,-3554,4802,3682,-3670,5706,4634,-3709,4822,4631,-3710,4960,0,0,0,-3,-1,138,138.0,908.1,0.667,-0.131,0.207,3.047,-62.703,-6.797,153.3,1,-0.2444,0.0116,-0.7083,-0.6621,160.8,21.2,0.0
1405336,2026-08-30_09-32-29.337-240,v3.6.25,3.45,12.0,400,4658,-3554,4802,3773,-3812,5554,4634,-3709,4822,4699,-3852,4797,0,0,0,65,-143,-25,159.1,1046.4,0.931,-0.193,0.242,66.625,-65.281,-5.203,170.9,1,-0.2457,-0.0047,-0.7099,-0.6601,159.4,20.0,0.0
1405366,2026-08-30_09-32-29.368-240,v3.6.25,3.45,12.0,400,4631,-3909,4529,3773,-3812,5554,4610,-4059,4555,4699,-3852,4797,0,0,0,89,207,242,330.7,2175.4,1.232,-0.212,0.193,138.859,-53.438,-16.297,314.9,1,-0.2387,-0.0287,-0.7168,-0.6545,158.2,17.7,0.0
1405395,2026-08-30_09-32-29.396-240,v3.6.25,3.45,12.0,400,4540,-4472,4062,3747,-4356,5104,4522,-4613,4097,4606,-4399,4363,0,0,0,84,214,266,351.6,2313.0,1.412,-0.036,0.067,200.938,-28.844,-28.922,332.5,1,-0.2228,-0.0576,-0.7286,-0.6452,157.4,14.5,0.0
1405441,2026-08-30_09-32-29.443-240,v3.6.25,3.45,12.0,400,4540,-4472,4062,3710,-4942,4555,4522,-4613,4097,4486,-4990,3834,0,0,0,-36,-377,-263,461.1,3033.4,1.470,0.072,-0.107,254.406,12.031,-43.531,424.4,1,-0.1964,-0.0882,-0.7448,-0.6316,157.3,10.4,0.0
1405481,2026-08-30_09-32-29.483-240,v3.6.25,3.45,12.0,400,4405,-4957,3627,3710,-4942,4555,4391,-5089,3670,4486,-4990,3834,0,0,0,95,99,164,213.8,1406.8,1.220,0.445,-0.474,272.516,34.703,-72.047,216.9,1,-0.1657,-0.1176,-0.7638,-0.6127,157.4,6.3,0.0
1405526,2026-08-30_09-32-29.528-240,v3.6.25,3.45,12.0,400,4249,-5307,3293,3596,-5371,4129,4237,-5432,3341,4308,-5423,3438,0,0,0,71,9,97,120.5,793.1,1.076,1.000,-0.372,200.953,32.625,-29.984,138.6,1,-0.1409,-0.1393,-0.7743,-0.6010,157.3,2.9,0.0
1405555,2026-08-30_09-32-29.556-240,v3.6.25,3.45,12.0,400,4086,-5552,3142,3477,-5653,3885,4075,-5673,3194,4152,-5707,3221,0,0,0,77,-34,27,88.4,581.6,0.979,0.714,-0.231,135.062,17.078,27.969,111.6,1,-0.1229,-0.1566,-0.7757,-0.5989,157.0,0.2,0.0
1405601,2026-08-30_09-32-29.603-240,v3.6.25,3.45,12.0,400,4086,-5552,3142,3477,-5653,3885,4075,-5673,3194,4152,-5707,3221,0,0,0,77,-34,27,88.4,581.6,0.787,0.109,-0.216,69.203,-12.766,67.703,111.6,1,-0.1148,-0.1705,-0.7701,-0.6040,156.3,-1.7,0.0
1405629,2026-08-30_09-32-29.631-240,v3.6.25,3.45,12.0,400,3574,-5807,3268,2930,-5957,3912,3564,-5925,3322,3616,-6011,3342,0,0,0,52,-86,20,102.5,674.1,0.754,-0.074,-0.056,44.281,-30.484,48.297,123.4,1,-0.1122,-0.1821,-0.7654,-0.6071,155.5,-2.8,0.0
1405660,2026-08-30_09-32-29.662-240,v3.6.25,3.45,12.0,400,3138,-6082,3208,2930,-5957,3912,3130,-6194,3265,3616,-6011,3342,0,0,0,486,183,77,525.0,3453.9,1.112,0.299,0.186,13.016,-36.828,20.891,478.0,1,-0.1145,-0.1889,-0.7625,-0.6081,154.7,-3.2,0.0
1405706,2026-08-30_09-32-29.708-240,v3.6.25,3.45,12.0,400,3138,-6082,3208,2453,-6217,3764,3130,-6194,3265,3118,-6274,3279,0,0,0,-12,-80,14,82.1,540.1,1.452,0.507,0.075,-81.328,-22.500,8.719,106.3,1,-0.1254,-0.1818,-0.7589,-0.6126,154.5,-1.9,0.0
1405735,2026-08-30_09-32-29.736-240,v3.6.25,3.45,12.0,400,3033,-6192,3103,2441,-6304,3634,3025,-6301,3162,3085,-6362,3155,0,0,0,60,-61,-7,85.8,564.8,1.555,0.410,-0.046,-132.906,-9.641,4.297,109.5,1,-0.1403,-0.1666,-0.7544,-0.6192,154.8,0.3,0.0
1405775,2026-08-30_09-32-29.777-240,v3.6.25,3.45,12.0,400,3282,-6060,3069,2441,-6304,3634,3274,-6171,3127,3085,-6362,3155,0,0,0,-189,-191,28,270.2,1777.4,1.585,0.305,-0.060,-179.203,4.594,-6.344,264.2,1,-0.1585,-0.1434,-0.7495,-0.6265,155.5,3.3,0.0
1405808,2026-08-30_09-32-29.809-240,v3.6.25,3.45,12.0,400,3282,-6060,3069,2766,-6076,3761,3274,-6171,3127,3428,-6132,3222,0,0,0,154,39,95,185.1,1217.8,1.272,0.327,-0.250,-198.109,10.766,-4.156,192.8,1,-0.1776,-0.1172,-0.7431,-0.6344,156.3,6.6,0.0
1405836,2026-08-30_09-32-29.838-240,v3.6.25,3.45,12.0,400,3775,-5703,3234,2766,-6076,3761,3765,-5822,3287,3428,-6132,3222,0,0,0,-337,-310,-65,462.5,3042.7,0.921,0.606,-0.343,-225.938,6.484,32.641,425.6,1,-0.1986,-0.0892,-0.7307,-0.6471,156.8,10.1,0.0
1405864,2026-08-30_09-32-29.866-240,v3.6.25,3.45,12.0,400,3775,-5703,3234,3237,-5639,4090,3765,-5822,3287,3947,-5691,3462,0,0,0,182,131,175,284.4,1871.4,0.917,0.336,-0.492,-254.484,0.484,75.406,276.2,1,-0.2210,-0.0596,-0.7109,-0.6649,157.1,13.6,0.0
1405892,2026-08-30_09-32-29.894-240,v3.6.25,3.45,12.0,400,4054,-5280,3613,3237,-5639,4090,4041,-5409,3659,3947,-5691,3462,0,0,0,-94,-282,-197,356.6,2346.1,0.959,-0.024,-0.431,-245.562,-3.391,54.422,336.7,1,-0.2438,-0.0309,-0.6923,-0.6785,157.0,17.2,0.0
1405921,2026-08-30_09-32-29.922-240,v3.6.25,3.45,12.0,400,4115,-4911,4012,3320,-5231,4605,4100,-5048,4052,4111,-5278,3950,0,0,0,11,-230,-102,251.8,1656.9,1.103,0.099,-0.186,-223.250,-4.750,16.250,248.8,1,-0.2661,-0.0042,-0.6776,-0.6856,156.7,20.8,0.0
1405969,2026-08-30_09-32-29.971-240,v3.6.25,3.45,12.0,400,4115,-4911,4012,3455,-4810,4931,4100,-5048,4052,4294,-4854,4244,0,0,0,194,194,192,334.9,2203.1,1.322,0.088,0.198,-194.625,7.125,-5.688,318.5,1,-0.2851,0.0209,-0.6665,-0.6885,156.4,24.1,0.0
1406007,2026-08-30_09-32-29.009-240,v3.6.25,3.45,12.0,400,4343,-4511,4255,3455,-4810,4931,4325,-4654,4289,4294,-4854,4244,0,0,0,-31,-200,-45,207.3,1364.0,1.084,-0.038,0.209,-147.859,12.312,-7.250,211.4,1,-0.2987,0.0407,-0.6582,-0.6899,156.3,26.7,0.0
1406034,2026-08-30_09-32-29.036-240,v3.6.25,3.45,12.0,400,4577,-4084,4454,3678,-4317,5235,4557,-4232,4482,4559,-4359,4502,0,0,0,2,-127,20,128.6,845.9,0.861,-0.152,0.214,-101.500,6.062,-3.641,145.4,1,-0.3079,0.0538,-0.6520,-0.6908,156.2,28.4,0.0
1406072,2026-08-30_09-32-29.074-240,v3.6.25,3.45,12.0,400,4577,-4084,4454,3678,-4317,5235,4557,-4232,4482,4559,-4359,4502,0,0,0,2,-127,20,128.6,845.9,0.657,-0.362,-0.003,-16.516,-18.641,-2.703,145.4,1,-0.3114,0.0533,-0.6501,-0.6911,155.7,28.6,0.0
1406125,2026-08-30_09-32-29.127-240,v3.6.25,3.45,12.0,400,4665,-3916,4535,3789,-4049,5373,4644,-4067,4561,4689,-4090,4618,0,0,0,45,-23,57,76.2,501.2,0.652,-0.144,-0.255,117.359,-57.797,-16.438,101.4,1,-0.3067,0.0313,-0.6564,-0.6885,154.8,26.5,0.0
1406154,2026-08-30_09-32-29.156-240,v3.6.25,3.45,12.0,400,4660,-4214,4231,3798,-4338,5042,4641,-4359,4262,4646,-4382,4293,0,0,0,5,-23,31,38.9,256.1,0.726,-0.053,-0.298,167.547,-70.750,3.188,70.1,1,-0.2968,0.0011,-0.6628,-0.6874,153.7,23.3,0.0
1406180,2026-08-30_09-32-30.182-240,v3.6.25,3.45,12.0,400,4660,-4214,4231,3798,-4338,5042,4641,-4359,4262,4646,-4382,4293,0,0,0,5,-23,31,38.9,256.1,0.896,-0.149,-0.220,208.406,-73.422,12.078,70.1,1,-0.2821,-0.0346,-0.6698,-0.6860,152.7,19.3,0.0
1406210,2026-08-30_09-32-30.213-240,v3.6.25,3.45,12.0,400,4418,-4919,3688,3652,-5092,4414,4403,-5053,3730,4407,-5141,3706,0,0,0,4,-88,-24,91.3,600.7,1.051,-0.348,-0.290,257.219,-68.828,-3.297,114.1,1,-0.2619,-0.0755,-0.6800,-0.6807,151.7,14.7,0.0
1406239,2026-08-30_09-32-30.240-240,v3.6.25,3.45,12.0,400,3887,-5715,3110,3652,-5092,4414,3877,-5833,3164,4407,-5141,3706,0,0,0,530,692,542,1026.4,6752.7,1.216,-0.386,-0.454,319.312,-51.797,-51.594,898.9,1,-0.2345,-0.1211,-0.6974,-0.6664,150.8,9.5,0.0
1406297,2026-08-30_09-32-30.299-240,v3.6.25,3.45,12.0,400,3321,-6358,2390,3184,-5973,3593,3315,-6456,2455,3815,-6031,2987,0,0,0,500,425,532,844.8,5557.7,1.547,0.478,-0.766,355.625,1.656,-113.203,746.4,1,-0.1978,-0.1630,-0.7225,-0.6421,150.6,4.4,0.0
1406334,2026-08-30_09-32-30.336-240,v3.6.25,3.45,12.0,400,3321,-6358,2390,2650,-6596,2826,3315,-6456,2455,3161,-6663,2331,0,0,0,-154,-207,-124,286.3,1883.2,1.447,1.288,-0.492,257.125,21.766,-66.688,277.7,1,-0.1675,-0.1911,-0.7377,-0.6254,150.6,0.5,0.0
1406362,2026-08-30_09-32-30.364-240,v3.6.25,3.45,12.0,400,2824,-6719,2076,2650,-6596,2826,2819,-6806,2147,3161,-6663,2331,0,0,0,342,143,184,413.8,2722.7,1.091,1.145,-0.504,161.125,12.953,-0.656,384.8,1,-0.1469,-0.2103,-0.7418,-0.6196,150.4,-2.4,0.0
1406391,2026-08-30_09-32-30.392-240,v3.6.25,3.45,12.0,400,2824,-6719,2076,2173,-6878,2587,2819,-6806,2147,2648,-6949,2179,0,0,0,-171,-143,32,225.2,1481.6,0.887,0.829,-0.397,59.688,-6.375,64.203,226.4,1,-0.1387,-0.2215,-0.7354,-0.6252,150.0,-4.2,0.0
1406418,2026-08-30_09-32-30.421-240,v3.6.25,3.45,12.0,400,2315,-6889,2146,2173,-6878,2587,2311,-6972,2218,2648,-6949,2179,0,0,0,337,23,-39,340.0,2237.0,0.753,0.287,-0.238,-11.938,-29.516,90.094,322.8,1,-0.1410,-0.2275,-0.7239,-0.6359,149.3,-4.9,0.0
1406450,2026-08-30_09-32-30.452-240,v3.6.25,3.45,12.0,400,1831,-7045,2119,1573,-7046,2565,1827,-7122,2193,2047,-7119,2261,0,0,0,220,3,68,230.3,1515.1,0.700,-0.070,-0.203,-67.078,-51.062,71.953,230.7,1,-0.1529,-0.2284,-0.7125,-0.6456,148.4,-4.4,0.0
1406495,2026-08-30_09-32-30.497-240,v3.6.25,3.45,12.0,400,1831,-7045,2119,1259,-7183,2290,1827,-7122,2193,1688,-7261,2047,0,0,0,-139,-139,-146,244.9,1610.9,1.132,0.175,-0.376,-134.406,-55.703,46.891,242.9,1,-0.1737,-0.2205,-0.7022,-0.6543,147.5,-2.6,0.0
1406533,2026-08-30_09-32-30.534-240,v3.6.25,3.45,12.0,400,1699,-7163,1808,1259,-7183,2290,1695,-7232,1885,1688,-7261,2047,0,0,0,-7,-29,162,164.7,1083.7,1.281,0.405,-0.483,-210.984,-38.062,50.547,175.7,1,-0.2011,-0.2013,-0.6893,-0.6663,146.9,0.5,0.0
1406561,2026-08-30_09-32-30.563-240,v3.6.25,3.45,12.0,400,2018,-7119,1587,1525,-7224,2021,2015,-7187,1665,1909,-7304,1739,0,0,0,-106,-117,74,174.4,1147.1,1.286,0.327,-0.542,-259.078,-20.844,48.109,183.8,1,-0.2317,-0.1739,-0.6748,-0.6788,146.6,4.4,0.0
1406601,2026-08-30_09-32-30.603-240,v3.6.25,3.45,12.0,400,2018,-7119,1587,2229,-6988,2128,2015,-7187,1665,2627,-7065,1722,0,0,0,612,122,57,626.6,4122.6,1.418,-0.104,-0.725,-270.438,1.375,12.297,563.4,1,-0.2619,-0.1413,-0.6636,-0.6864,146.4,8.8,0.0
1406649,2026-08-30_09-32-30.652-240,v3.6.25,3.45,12.0,400,2724,-6858,1634,2229,-6988,2128,2720,-6935,1709,2627,-7065,1722,0,0,0,-93,-130,13,160.4,1055.1,1.026,-0.100,-0.570,-217.875,12.766,-27.125,172.0,1,-0.2857,-0.1129,-0.6584,-0.6872,146.3,12.8,0.0
1406712,2026-08-30_09-32-30.713-240,v3.6.25,3.45,12.0,400,4251,-5939,1901,3170,-6523,2440,4243,-6037,1965,3613,-6594,1865,0,0,0,-630,-557,-100,846.8,5571.4,0.344,-0.158,-0.511,-154.812,-18.047,29.922,748.2,1,-0.3030,-0.0968,-0.6472,-0.6928,145.6,15.0,0.0
1406754,2026-08-30_09-32-30.755-240,v3.6.25,3.45,12.0,400,4251,-5939,1901,3852,-6005,2717,4243,-6037,1965,4333,-6072,2017,0,0,0,90,-35,52,109.7,721.6,0.421,-0.614,-0.498,-46.688,-41.641,5.500,129.5,1,-0.3120,-0.0966,-0.6422,-0.6935,144.7,15.5,0.0
1406785,2026-08-30_09-32-30.787-240,v3.6.25,3.45,12.0,400,4451,-5832,1916,4008,-5927,2675,4442,-5932,1979,4480,-5994,1949,0,0,0,38,-62,-30,78.7,517.5,0.598,-0.413,-0.361,41.812,-49.062,-34.000,103.5,1,-0.3136,-0.1079,-0.6452,-0.6883,143.8,14.8,0.0
1406830,2026-08-30_09-32-30.831-240,v3.6.25,3.45,12.0,400,4408,-5985,1448,4008,-5927,2675,4400,-6075,1515,4480,-5994,1949,0,0,0,80,81,434,448.7,2951.9,1.130,0.228,-0.326,141.266,-26.156,-76.375,414.0,1,-0.3029,-0.1285,-0.6582,-0.6772,143.5,13.0,0.0
1406863,2026-08-30_09-32-30.865-240,v3.6.25,3.45,12.0,400,4408,-5985,1448,4023,-6141,2051,4400,-6075,1515,4392,-6216,1338,0,0,0,-8,-141,-177,226.4,1489.7,1.322,0.546,-0.346,163.484,5.422,-62.609,227.5,1,-0.2853,-0.1482,-0.6715,-0.6676,143.8,10.7,0.0
1406890,2026-08-30_09-32-30.891-240,v3.6.25,3.45,12.0,400,4235,-6247,928,4023,-6141,2051,4228,-6325,1001,4392,-6216,1338,0,0,0,164,109,337,390.3,2567.9,1.549,0.414,-0.395,170.609,30.328,-45.469,365.0,1,-0.2630,-0.1659,-0.6838,-0.6601,144.6,8.1,0.0
1406940,2026-08-30_09-32-30.942-240,v3.6.25,3.45,12.0,400,3870,-6506,802,3833,-6413,1568,3865,-6578,879,4124,-6494,900,0,0,0,259,84,21,273.1,1796.6,1.216,-0.009,-0.607,218.453,57.141,-64.891,266.6,1,-0.2323,-0.1860,-0.7001,-0.6490,145.7,4.8,0.0
1406971,2026-08-30_09-32-30.973-240,v3.6.25,3.45,12.0,400,3870,-6506,802,3377,-6665,1498,3865,-6578,879,3660,-6747,910,0,0,0,-205,-169,31,267.5,1759.8,1.067,0.517,-0.642,221.578,54.844,-56.875,261.9,1,-0.2008,-0.2067,-0.7144,-0.6377,146.5,1.3,0.0
1406999,2026-08-30_09-32-30.001-240,v3.6.25,3.45,12.0,400,3414,-6754,867,3377,-6665,1498,3410,-6823,946,3660,-6747,910,0,0,0,250,76,-36,263.8,1735.3,0.911,0.546,-0.762,192.484,37.562,-17.375,258.8,1,-0.1733,-0.2266,-0.7217,-0.6307,146.9,-2.0,0.0
1407030,2026-08-30_09-32-30.033-240,v3.6.25,3.45,12.0,400,2836,-6997,1015,2795,-6953,1526,2833,-7063,1095,3089,-7036,1037,0,0,0,256,27,-58,263.9,1736.0,0.885,0.579,-0.559,159.188,14.516,21.594,258.9,1,-0.1516,-0.2459,-0.7224,-0.6282,146.8,-5.2,0.0
1407076,2026-08-30_09-32-30.078-240,v3.6.25,3.45,12.0,400,2836,-6997,1015,2023,-7217,1534,2833,-7063,1095,2323,-7302,1178,0,0,0,-510,-239,83,569.3,3745.4,0.823,0.412,-0.263,89.203,-31.375,72.328,515.2,1,-0.1430,-0.2635,-0.7143,-0.6323,145.8,-7.4,0.0
1407121,2026-08-30_09-32-30.122-240,v3.6.25,3.45,12.0,400,2135,-7224,1081,2023,-7217,1534,2132,-7283,1163,2323,-7302,1178,0,0,0,191,-19,15,192.5,1266.6,0.765,0.307,-0.290,40.016,-69.359,76.203,199.0,1,-0.1448,-0.2794,-0.7038,-0.6369,144.2,-8.7,0.0
1407151,2026-08-30_09-32-30.153-240,v3.6.25,3.45,12.0,400,1426,-7430,873,1252,-7438,1222,1423,-7476,958,1502,-7530,1006,0,0,0,79,-54,48,107.1,704.3,0.594,0.353,-0.388,-9.297,-90.391,86.703,127.3,1,-0.1548,-0.2922,-0.6904,-0.6434,142.4,-9.3,0.0
1407181,2026-08-30_09-32-31.182-240,v3.6.25,3.45,12.0,400,1426,-7430,873,1252,-7438,1222,1423,-7476,958,1502,-7530,1006,0,0,0,79,-54,48,107.1,704.3,0.522,0.368,-0.689,-77.469,-106.078,122.047,127.3,1,-0.1743,-0.2999,-0.6711,-0.6552,140.3,-9.2,0.0
1407211,2026-08-30_09-32-31.213-240,v3.6.25,3.45,12.0,400,924,-7569,299,772,-7565,497,921,-7597,389,899,-7668,381,0,0,0,-22,-71,-8,74.8,491.8,0.599,0.321,-0.920,-148.562,-109.266,147.406,100.2,1,-0.2024,-0.3002,-0.6468,-0.6712,138.2,-8.1,0.0
1407240,2026-08-30_09-32-31.242-240,v3.6.25,3.45,12.0,400,781,-7610,-433,772,-7565,497,778,-7621,-337,899,-7668,381,0,0,0,121,-47,718,729.6,4800.3,0.774,0.170,-0.994,-216.047,-97.797,159.266,649.8,1,-0.2374,-0.2911,-0.6192,-0.6895,136.2,-6.2,0.0
1407286,2026-08-30_09-32-31.287-240,v3.6.25,3.45,12.0,400,781,-7610,-433,762,-7585,-256,778,-7621,-337,760,-7699,-351,0,0,0,-18,-78,-14,81.3,534.6,0.957,0.021,-1.066,-282.531,-56.781,161.203,105.6,1,-0.2759,-0.2688,-0.5902,-0.7094,134.8,-3.2,0.0
1407312,2026-08-30_09-32-31.316-240,v3.6.25,3.45,12.0,400,1165,-7521,-909,1402,-7441,-633,1162,-7526,-811,1332,-7559,-829,0,0,0,170,-33,-18,174.1,1145.4,1.229,-1.144,-0.894,-278.234,-20.438,131.656,183.6,1,-0.3103,-0.2412,-0.5651,-0.7254,133.7,0.0,0.0
1407350,2026-08-30_09-32-31.352-240,v3.6.25,3.45,12.0,400,1965,-7353,-876,1402,-7441,-633,1962,-7368,-779,1332,-7559,-829,0,0,0,-630,-191,-50,660.2,4343.5,1.017,-0.992,-0.793,-156.828,21.359,-26.859,591.5,1,-0.3284,-0.2212,-0.5652,-0.7238,133.4,2.9,0.0
1407470,2026-08-30_09-32-31.471-240,v3.6.25,3.45,12.0,400,3535,-6726,-467,3134,-6920,-69,3530,-6767,-379,3152,-7025,-576,0,0,0,-378,-258,-197,498.3,3278.0,0.553,0.224,-0.823,-146.750,50.000,41.266,455.6,1,-0.3398,-0.1989,-0.5580,-0.7305,133.8,5.1,0.0
1407498,2026-08-30_09-32-31.500-240,v3.6.25,3.45,12.0,400,3535,-6726,-467,3813,-6557,542,3530,-6767,-379,3929,-6652,-97,0,0,0,399,115,282,501.9,3302.3,0.535,-0.057,-0.559,-103.188,43.531,58.766,458.7,1,-0.3456,-0.1821,-0.5492,-0.7387,134.4,6.4,0.0
1407545,2026-08-30_09-32-31.548-240,v3.6.25,3.45,12.0,400,4090,-6422,78,4030,-6363,1212,4084,-6481,158,4258,-6448,518,0,0,0,174,33,360,401.2,2639.5,0.684,-0.251,-0.349,4.547,23.547,56.453,374.2,1,-0.3399,-0.1799,-0.5433,-0.7463,135.1,5.8,0.0
1407585,2026-08-30_09-32-31.587-240,v3.6.25,3.45,12.0,400,4140,-6332,580,4030,-6363,1212,4134,-6402,656,4258,-6448,518,0,0,0,124,-46,-138,191.1,1257.5,0.870,-0.466,-0.338,111.188,11.453,21.797,197.9,1,-0.3228,-0.1911,-0.5450,-0.7498,136.1,3.7,0.0
1407613,2026-08-30_09-32-31.615-240,v3.6.25,3.45,12.0,400,3796,-6565,751,3681,-6541,1458,3791,-6635,829,3955,-6623,819,0,0,0,164,12,-10,164.7,1083.8,0.704,-0.242,-0.753,180.109,5.578,-5.969,175.7,1,-0.2979,-0.2109,-0.5522,-0.7496,137.2,0.7,0.0
1407650,2026-08-30_09-32-31.652-240,v3.6.25,3.45,12.0,400,3796,-6565,751,3004,-6940,1217,3791,-6635,829,3244,-7026,700,0,0,0,-547,-391,-129,684.6,4504.2,0.706,-0.313,-0.705,234.891,-2.094,-39.500,612.0,1,-0.2673,-0.2372,-0.5644,-0.7442,138.2,-2.9,0.0
1407703,2026-08-30_09-32-31.704-240,v3.6.25,3.45,12.0,400,3130,-6929,632,3004,-6940,1217,3126,-6990,714,3244,-7026,700,0,0,0,118,-36,-14,124.2,816.8,0.815,-0.066,-0.964,270.375,-3.000,-75.750,141.7,1,-0.2323,-0.2667,-0.5812,-0.7329,139.1,-6.9,0.0
1407759,2026-08-30_09-32-31.761-240,v3.6.25,3.45,12.0,400,2313,-7276,481,2138,-7289,796,2311,-7325,567,2312,-7383,438,0,0,0,1,-58,-129,141.4,930.5,0.891,0.819,-0.735,185.188,-10.219,-29.312,156.2,1,-0.2078,-0.2880,-0.5885,-0.7263,139.4,-10.0,0.0
1407819,2026-08-30_09-32-31.821-240,v3.6.25,3.45,12.0,400,868,-7587,213,1306,-7493,547,865,-7613,304,1441,-7594,338,0,0,0,576,19,34,577.3,3798.1,0.759,0.283,-0.483,19.469,-33.094,72.141,522.0,1,-0.2059,-0.2962,-0.5775,-0.7323,139.0,-11.3,0.0
1407862,2026-08-30_09-32-31.864-240,v3.6.25,3.45,12.0,400,868,-7587,213,643,-7597,369,865,-7613,304,749,-7703,278,0,0,0,-116,-90,-26,149.1,980.9,0.763,-0.211,-0.610,-41.297,-43.078,58.203,162.6,1,-0.2137,-0.2990,-0.5669,-0.7373,138.1,-11.5,0.0
1407890,2026-08-30_09-32-31.891-240,v3.6.25,3.45,12.0,400,504,-7643,14,402,-7621,50,501,-7660,106,453,-7732,8,0,0,0,-48,-72,-98,130.7,860.1,0.719,-0.266,-0.675,-60.422,-44.062,17.719,147.2,1,-0.2248,-0.2992,-0.5613,-0.7382,137.1,-10.9,0.0
1407937,2026-08-30_09-32-31.939-240,v3.6.25,3.45,12.0,400,561,-7638,-344,402,-7621,50,558,-7648,-248,453,-7732,8,0,0,0,-105,-84,256,289.2,1902.4,0.894,-0.004,-0.730,-99.047,-32.156,-33.969,280.1,1,-0.2410,-0.2930,-0.5624,-0.7347,136.2,-9.2,0.0
1407966,2026-08-30_09-32-31.968-240,v3.6.25,3.45,12.0,400,561,-7638,-344,713,-7588,-299,558,-7648,-248,703,-7703,-385,0,0,0,145,-55,-137,206.9,1361.4,1.051,0.234,-0.781,-135.500,-14.000,-30.047,211.1,1,-0.2603,-0.2806,-0.5627,-0.7327,135.4,-6.8,0.0
1407994,2026-08-30_09-32-31.995-240,v3.6.25,3.45,12.0,400,1044,-7564,-665,713,-7588,-299,1041,-7573,-568,703,-7703,-385,0,0,0,-338,-130,183,405.7,2669.4,1.248,0.387,-0.909,-193.516,9.891,8.031,378.0,1,-0.2840,-0.2590,-0.5573,-0.7360,134.9,-3.7,0.0
1408237,2026-08-30_09-32-32.238-240,v3.6.25,3.45,12.0,400,3466,-5865,3237,2837,-6010,3863,3457,-5981,3292,3515,-6065,3310,0,0,0,58,-84,18,103.7,681.9,0.457,-0.530,-0.237,-15.844,7.734,-21.797,124.4,1,-0.2851,-0.2565,-0.5600,-0.7344,135.0,-3.3,0.0
1408291,2026-08-30_09-32-32.293-240,v3.6.25,3.45,12.0,400,3691,-5872,2935,2837,-6010,3863,3682,-5985,2992,3515,-6065,3310,0,0,0,-167,-80,318,368.0,2421.0,0.828,-0.783,-0.172,159.984,-10.062,-124.109,346.3,1,-0.2670,-0.2747,-0.5795,-0.7194,135.2,-4.9,0.0
1408336,2026-08-30_09-32-32.338-240,v3.6.25,3.45,12.0,400,3691,-5872,2935,3103,-5993,3587,3682,-5985,2992,3733,-6051,2995,0,0,0,51,-66,3,83.5,549.1,1.111,-0.090,-0.595,280.438,14.188,-158.953,107.5,1,-0.2304,-0.3023,-0.6059,-0.6988,135.9,-8.2,0.0
1408364,2026-08-30_09-32-32.366-240,v3.6.25,3.45,12.0,400,3866,-6088,2255,3384,-6220,2845,3858,-6189,2318,3891,-6286,2223,0,0,0,33,-97,-95,139.7,919.2,1.219,0.313,-0.776,300.750,37.984,-142.812,154.7,1,-0.1875,-0.3286,-0.6295,-0.6787,136.9,-12.1,0.0
1408408,2026-08-30_09-32-32.410-240,v3.6.25,3.45,12.0,400,3725,-6362,1807,3384,-6220,2845,3719,-6453,1876,3891,-6286,2223,0,0,0,172,167,347,421.8,2774.7,1.232,0.785,-0.709,257.844,66.016,-66.516,391.4,1,-0.1459,-0.3477,-0.6417,-0.6679,138.1,-16.1,0.0
1408446,2026-08-30_09-32-32.448-240,v3.6.25,3.45,12.0,400,3725,-6362,1807,3204,-6503,2467,3719,-6453,1876,3651,-6573,1885,0,0,0,-68,-120,9,138.2,909.3,1.154,0.872,-0.626,190.938,66.969,12.000,153.4,1,-0.1122,-0.3613,-0.6421,-0.6668,139.3,-19.7,0.0
1408474,2026-08-30_09-32-32.476-240,v3.6.25,3.45,12.0,400,3296,-6577,1950,2584,-6740,2723,3291,-6667,2020,3080,-6808,2242,0,0,0,-211,-141,222,337.2,2218.2,1.081,0.806,-0.507,130.219,50.266,56.312,320.4,1,-0.0882,-0.3717,-0.6354,-0.6711,140.2,-22.8,0.0
1408522,2026-08-30_09-32-32.524-240,v3.6.25,3.45,12.0,400,2672,-6699,2406,2584,-6740,2723,2667,-6791,2474,3080,-6808,2242,0,0,0,413,-17,-232,474.0,3118.5,0.683,-0.086,-0.449,44.547,2.625,87.969,435.3,1,-0.0807,-0.3800,-0.6233,-0.6786,140.1,-24.5,0.0
1408550,2026-08-30_09-32-32.551-240,v3.6.25,3.45,12.0,400,2672,-6699,2406,1802,-6845,3011,2667,-6791,2474,2349,-6912,2657,0,0,0,-318,-121,183,386.3,2541.7,0.669,-0.654,-0.434,35.891,-25.375,51.297,361.7,1,-0.0775,-0.3891,-0.6158,-0.6807,139.5,-25.7,0.0
1408582,2026-08-30_09-32-32.584-240,v3.6.25,3.45,12.0,400,2059,-6804,2604,1802,-6845,3011,2054,-6893,2672,2349,-6912,2657,0,0,0,295,-19,-15,296.0,1947.3,0.637,-0.610,-0.511,45.078,-48.391,-30.594,285.9,1,-0.0755,-0.3984,-0.6190,-0.6726,138.4,-26.3,0.0
1408610,2026-08-30_09-32-32.611-240,v3.6.25,3.45,12.0,400,1828,-6963,2279,1319,-7001,2835,1823,-7043,2351,1839,-7072,2568,0,0,0,16,-29,217,219.5,1444.2,0.645,-0.127,-0.443,40.969,-62.359,-79.609,221.7,1,-0.0755,-0.4067,-0.6285,-0.6587,137.1,-26.2,0.0
1408651,2026-08-30_09-32-32.652-240,v3.6.25,3.45,12.0,400,1828,-6963,2279,1545,-7142,2215,1823,-7043,2351,1961,-7220,1924,0,0,0,138,-177,-427,482.4,3173.6,1.114,0.459,-0.338,-20.266,-61.500,-78.062,442.3,1,-0.0838,-0.4084,-0.6379,-0.6475,136.0,-25.0,0.0
1408701,2026-08-30_09-32-32.703-240,v3.6.25,3.45,12.0,400,2064,-7097,1639,1545,-7142,2215,2060,-7167,1716,1961,-7220,1924,0,0,0,-99,-53,208,236.4,1555.1,1.583,0.659,-0.470,-126.578,-34.141,-31.516,235.8,1,-0.1035,-0.3978,-0.6417,-0.6475,135.8,-22.5,0.0
1408728,2026-08-30_09-32-32.731-240,v3.6.25,3.45,12.0,400,2497,-7042,1199,2091,-7140,1733,2494,-7107,1279,2424,-7222,1360,0,0,0,-70,-115,81,157.1,1033.7,1.708,0.819,-0.636,-199.656,-8.406,14.234,169.3,1,-0.1300,-0.3781,-0.6397,-0.6565,136.1,-19.3,0.0
1408757,2026-08-30_09-32-32.759-240,v3.6.25,3.45,12.0,400,2497,-7042,1199,2091,-7140,1733,2494,-7107,1279,2424,-7222,1360,0,0,0,-70,-115,81,157.1,1033.7,1.399,0.750,-0.877,-271.844,15.469,76.562,169.3,1,-0.1630,-0.3496,-0.6287,-0.6753,136.8,-15.5,0.0
1408785,2026-08-30_09-32-32.786-240,v3.6.25,3.45,12.0,400,3173,-6769,1347,2771,-6825,1917,3169,-6845,1423,3130,-6903,1423,0,0,0,-39,-58,0,69.9,459.8,1.094,0.642,-1.052,-324.672,35.438,134.078,96.1,1,-0.1998,-0.3138,-0.6084,-0.7010,137.5,-11.4,0.0
1408969,2026-08-30_09-32-32.970-240,v3.6.25,3.45,12.0,400,3391,-5188,4358,2538,-5237,5083,3377,-5324,4398,3411,-5281,4551,0,0,0,34,43,153,162.5,1069.2,0.713,-0.941,-0.172,99.234,16.312,-106.406,173.8,1,-0.1855,-0.3204,-0.6242,-0.6880,137.9,-12.1,0.0
1408997,2026-08-30_09-32-32.999-240,v3.6.25,3.45,12.0,400,3567,-4972,4367,2942,-5111,4893,3552,-5110,4405,3780,-5156,4296,0,0,0,228,-46,-109,256.9,1689.9,0.866,-0.472,-0.409,175.234,19.734,-127.094,253.0,1,-0.1607,-0.3342,-0.6429,-0.6702,138.3,-14.0,0.0
1409051,2026-08-30_09-32-32.053-240,v3.6.25,3.45,12.0,400,4068,-5010,3861,2942,-5111,4893,4054,-5143,3903,3780,-5156,4296,0,0,0,-274,-13,393,479.3,3153.1,1.048,-0.181,-0.671,289.266,35.891,-154.375,439.7,1,-0.1191,-0.3570,-0.6650,-0.6451,138.8,-17.6,0.0
1409081,2026-08-30_09-32-32.083-240,v3.6.25,3.45,12.0,400,4435,-5190,3153,3533,-5223,4311,4422,-5314,3201,4273,-5273,3627,0,0,0,-149,41,426,453.2,2981.3,0.894,0.179,-0.816,332.719,52.969,-172.062,417.8,1,-0.0693,-0.3806,-0.6872,-0.6149,139.0,-21.9,0.0
1409126,2026-08-30_09-32-32.128-240,v3.6.25,3.45,12.0,400,4435,-5190,3153,3988,-5455,3549,4422,-5314,3201,4601,-5513,2805,0,0,0,179,-199,-396,478.0,3144.6,1.129,0.852,-0.676,321.188,78.281,-132.984,438.6,1,-0.0180,-0.4003,-0.7020,-0.5888,139.3,-26.5,0.0
1409166,2026-08-30_09-32-33.168-240,v3.6.25,3.45,12.0,400,4606,-5447,2511,3988,-5455,3549,4595,-5560,2566,4601,-5513,2805,0,0,0,6,47,239,243.7,1603.0,1.153,1.584,-0.321,224.281,82.641,-16.906,241.9,1,0.0206,-0.4146,-0.7014,-0.5794,139.6,-30.6,0.0
1409196,2026-08-30_09-32-33.197-240,v3.6.25,3.45,12.0,400,4399,-5699,2516,3970,-5722,3228,4389,-5811,2574,4533,-5783,2495,0,0,0,144,28,-79,166.6,1096.2,1.169,1.182,0.051,137.750,69.281,80.750,177.3,1,0.0457,-0.4270,-0.6889,-0.5840,139.7,-34.2,0.0
1409236,2026-08-30_09-32-33.238-240,v3.6.25,3.45,12.0,400,4399,-5699,2516,3267,-5949,3681,4389,-5811,2574,3913,-6005,3058,0,0,0,-476,-194,484,706.0,4644.9,1.049,0.135,-0.147,79.422,43.734,97.547,630.0,1,0.0604,-0.4370,-0.6747,-0.5918,139.7,-36.8,0.0
1409283,2026-08-30_09-32-33.285-240,v3.6.25,3.45,12.0,400,3778,-5857,3060,3267,-5949,3681,3769,-5973,3116,3913,-6005,3058,0,0,0,144,-32,-58,158.5,1042.8,0.815,-0.429,-0.269,73.047,9.969,19.594,170.5,1,0.0714,-0.4446,-0.6707,-0.5895,139.3,-38.3,0.0
1409311,2026-08-30_09-32-33.312-240,v3.6.25,3.45,12.0,400,3218,-5953,3362,2555,-6121,3957,3209,-6069,3417,3251,-6175,3450,0,0,0,42,-106,33,118.7,780.9,0.665,-0.082,-0.255,70.094,-3.047,-39.844,137.1,1,0.0816,-0.4489,-0.6743,-0.5807,138.8,-39.1,0.0
1409343,2026-08-30_09-32-33.345-240,v3.6.25,3.45,12.0,400,3195,-6040,3206,2555,-6121,3957,3186,-6153,3262,3251,-6175,3450,0,0,0,65,-22,188,200.1,1316.7,0.801,0.368,-0.345,24.219,-15.703,-50.547,205.4,1,0.0844,-0.4492,-0.6802,-0.5731,138.5,-39.0,0.0
1409390,2026-08-30_09-32-33.391-240,v3.6.25,3.46,12.0,400,3195,-6040,3206,2545,-6162,3791,3186,-6153,3262,3214,-6218,3290,0,0,0,28,-65,28,76.1,500.7,1.075,0.636,-0.107,-71.500,-17.469,-39.250,101.3,1,0.0747,-0.4412,-0.6863,-0.5734,139.1,-37.5,0.0
1409417,2026-08-30_09-32-33.419-240,v3.6.25,3.46,12.0,400,3434,-6000,2965,2883,-6123,3584,3425,-6111,3023,3515,-6181,3030,0,0,0,90,-70,7,114.2,751.5,1.500,0.808,-0.102,-138.797,-9.141,-15.281,133.3,1,0.0571,-0.4274,-0.6902,-0.5811,140.2,-35.1,0.0
1409461,2026-08-30_09-32-33.463-240,v3.6.25,3.46,12.0,400,3826,-5788,2988,2883,-6123,3584,3816,-5903,3043,3515,-6181,3030,0,0,0,-301,-278,-13,409.9,2697.0,1.721,0.828,-0.382,-249.625,25.625,37.438,381.5,1,0.0291,-0.4022,-0.6877,-0.6036,142.5,-31.7,0.0
1409496,2026-08-30_09-32-33.497-240,v3.6.25,3.46,12.0,400,3826,-5788,2988,3292,-5791,3842,3816,-5903,3043,3962,-5846,3211,0,0,0,146,57,168,229.8,1511.6,1.541,0.509,-0.380,-317.312,56.859,93.359,230.3,1,-0.0042,-0.3695,-0.6768,-0.6367,145.2,-27.7,0.0
1409691,2026-08-30_09-32-33.693-240,v3.6.25,3.46,12.0,400,2915,-3245,6222,1889,-3485,6678,2887,-3406,6229,3001,-3520,6216,0,0,0,114,-114,-13,161.7,1064.1,0.487,-0.284,0.121,-16.328,-32.156,-63.000,173.2,1,-0.0093,-0.3679,-0.6846,-0.6292,144.7,-26.8,0.0
1409718,2026-08-30_09-32-33.719-240,v3.6.25,3.46,12.0,400,3184,-3340,5997,1968,-3479,6630,3157,-3500,6007,3072,-3515,6156,0,0,0,-85,-15,149,172.2,1132.9,0.870,-0.407,0.357,31.922,-38.125,-72.266,182.0,1,-0.0091,-0.3713,-0.6935,-0.6173,144.0,-26.5,0.0
1409761,2026-08-30_09-32-33.762-240,v3.6.25,3.46,12.0,400,3184,-3340,5997,2541,-3672,6284,3157,-3500,6007,3590,-3709,5720,0,0,0,433,-209,-287,559.9,3683.9,1.583,-0.775,0.290,138.859,-12.781,-119.078,507.4,1,0.0078,-0.3803,-0.7077,-0.5954,143.3,-27.6,0.0
1409811,2026-08-30_09-32-33.813-240,v3.6.25,3.46,12.0,400,3670,-3523,5552,2541,-3672,6284,3645,-3681,5567,3590,-3709,5720,0,0,0,-55,-28,153,165.0,1085.4,1.380,-0.271,-0.267,267.469,43.281,-190.469,175.9,1,0.0479,-0.3918,-0.7282,-0.5603,143.1,-30.6,0.0
1409870,2026-08-30_09-32-33.872-240,v3.6.25,3.46,12.0,400,4522,-3600,4775,3528,-3752,5647,4498,-3752,4796,4469,-3793,4929,0,0,0,-29,-41,133,142.2,935.3,1.089,0.772,-0.529,296.391,99.922,-206.531,156.8,1,0.0985,-0.3980,-0.7470,-0.5234,143.5,-34.3,0.0
1409927,2026-08-30_09-32-33.929-240,v3.6.25,3.46,12.0,400,6110,-3430,2940,4776,-3647,4615,6087,-3563,2971,5537,-3697,3708,0,0,0,-550,-134,737,929.3,6113.9,1.082,1.630,-0.082,144.156,101.766,-10.609,817.4,1,0.1287,-0.4027,-0.7438,-0.5177,144.1,-37.5,0.0
1409971,2026-08-30_09-32-33.973-240,v3.6.25,3.46,12.0,400,6110,-3430,2940,5505,-3552,3999,6087,-3563,2971,6158,-3608,2982,0,0,0,71,-45,11,84.8,557.7,0.686,0.971,0.221,63.406,71.219,104.609,108.6,1,0.1439,-0.4113,-0.7289,-0.5280,144.2,-40.1,0.0
1410000,2026-08-30_09-32-33.002-240,v3.6.25,3.46,12.0,400,5969,-3499,3265,5172,-3673,4461,5946,-3637,3295,5907,-3723,3490,0,0,0,-39,-86,195,216.7,1425.4,0.691,0.003,0.146,55.219,38.953,107.484,219.3,1,0.1541,-0.4223,-0.7142,-0.5365,143.7,-42.3,0.0
1410046,2026-08-30_09-32-33.048-240,v3.6.25,3.46,12.0,400,5485,-3728,3766,5172,-3673,4461,5463,-3872,3795,5907,-3723,3490,0,0,0,444,149,-305,558.9,3676.9,0.762,0.087,0.047,89.844,0.734,18.250,506.5,1,0.1651,-0.4323,-0.7102,-0.5305,142.5,-43.9,0.0
1410075,2026-08-30_09-32-33.076-240,v3.6.25,3.46,12.0,400,5485,-3728,3766,4575,-3992,4742,5463,-3872,3795,5365,-4039,3867,0,0,0,-98,-167,72,206.6,1359.1,1.036,0.767,0.034,49.516,-4.719,13.719,210.8,1,0.1707,-0.4385,-0.7075,-0.5273,141.7,-44.7,0.0
1410103,2026-08-30_09-32-33.105-240,v3.6.25,3.46,12.0,400,5244,-3992,3756,4575,-3992,4742,5224,-4134,3788,5365,-4039,3867,0,0,0,141,95,79,187.5,1233.4,1.199,1.097,0.066,-27.953,1.719,52.594,194.8,1,0.1670,-0.4403,-0.7016,-0.5348,141.7,-44.9,0.0
1410131,2026-08-30_09-32-33.133-240,v3.6.25,3.46,12.0,400,5244,-3992,3756,4407,-4262,4716,5224,-4134,3788,5198,-4309,3871,0,0,0,-26,-175,83,195.4,1285.7,1.382,1.084,0.154,-122.203,18.562,101.938,201.5,1,0.1532,-0.4359,-0.6909,-0.5561,143.0,-44.1,0.0
1410161,2026-08-30_09-32-34.163-240,v3.6.25,3.46,12.0,400,5040,-4075,4023,4407,-4262,4716,5020,-4220,4054,5198,-4309,3871,0,0,0,178,-89,-183,270.4,1778.7,1.520,0.641,0.180,-197.219,44.219,124.391,264.3,1,0.1327,-0.4237,-0.6771,-0.5869,145.4,-42.6,0.0
1410335,2026-08-30_09-32-34.336-240,v3.6.25,3.46,12.0,400,3576,-2142,6470,2504,-2411,7003,3541,-2312,6464,3651,-2445,6426,0,0,0,110,-133,-38,176.7,1162.7,0.452,-0.263,-0.020,-239.109,2.266,59.453,185.8,1,0.1029,-0.4062,-0.6718,-0.6108,147.1,-39.4,0.0
1410390,2026-08-30_09-32-34.392-240,v3.6.25,3.46,12.0,400,2850,-1754,6926,1678,-1916,7384,2811,-1923,6913,2880,-1952,6939,0,0,0,69,-29,26,79.2,521.3,0.778,-0.660,0.361,-172.453,-23.953,25.000,103.9,1,0.0785,-0.3946,-0.6700,-0.6238,147.5,-36.7,0.0
1410421,2026-08-30_09-32-34.423-240,v3.6.25,3.46,12.0,400,2231,-1759,7133,977,-1959,7486,2191,-1925,7118,2197,-1997,7159,0,0,0,6,-72,41,83.1,546.5,0.890,-1.031,0.662,-92.797,-19.500,-12.062,107.2,1,0.0651,-0.3872,-0.6721,-0.6277,147.6,-35.0,0.0
1410451,2026-08-30_09-32-34.452-240,v3.6.25,3.46,12.0,400,2048,-1912,7130,977,-1959,7486,2009,-2076,7117,2197,-1997,7159,0,0,0,188,79,42,208.2,1369.8,1.082,-1.081,0.746,8.406,-5.469,-52.875,212.2,1,0.0664,-0.3851,-0.6789,-0.6216,147.6,-34.7,0.0
1410496,2026-08-30_09-32-34.498-240,v3.6.25,3.46,12.0,400,2048,-1912,7130,823,-2072,7447,2009,-2076,7117,2039,-2110,7148,0,0,0,30,-34,31,54.9,361.4,1.220,-0.444,0.358,117.953,26.828,-59.562,83.5,1,0.0856,-0.3895,-0.6853,-0.6093,147.8,-36.3,0.0
1410541,2026-08-30_09-32-34.543-240,v3.6.25,3.46,12.0,400,2481,-1874,6957,1403,-1970,7384,2442,-2039,6945,2606,-2007,6986,0,0,0,164,32,41,172.0,1131.9,1.276,-0.179,0.156,170.000,66.422,-45.500,181.8,1,0.1160,-0.3954,-0.6885,-0.5967,148.4,-39.2,0.0
1410570,2026-08-30_09-32-34.571-240,v3.6.25,3.46,12.0,400,3047,-1582,6818,1403,-1970,7384,3007,-1750,6803,2606,-2007,6986,0,0,0,-401,-257,183,510.2,3356.8,1.375,-0.265,0.276,206.312,91.531,-55.781,465.7,1,0.1538,-0.4007,-0.6913,-0.5813,149.3,-42.7,0.0
1410602,2026-08-30_09-32-34.604-240,v3.6.25,3.46,12.0,400,3047,-1582,6818,2090,-1563,7317,3007,-1750,6803,3274,-1600,6803,0,0,0,267,150,0,306.2,2014.8,1.452,-0.180,0.409,238.375,116.219,-78.781,294.5,1,0.1984,-0.4037,-0.6945,-0.5616,150.4,-46.8,0.0
1410629,2026-08-30_09-32-34.630-240,v3.6.25,3.46,12.0,400,3754,-1074,6538,2090,-1563,7317,3711,-1243,6520,3274,-1600,6803,0,0,0,-437,-357,283,631.3,4153.1,1.266,0.024,0.286,261.016,131.469,-106.328,567.2,1,0.2473,-0.4035,-0.6983,-0.5370,151.6,-51.1,0.0
1410745,2026-08-30_09-32-34.747-240,v3.6.25,3.46,12.0,400,5548,-37,5294,4277,-284,6414,5500,-198,5273,5280,-332,5545,0,0,0,-220,-134,272,374.6,2464.6,0.559,0.406,0.792,139.625,63.109,17.766,351.8,1,0.2715,-0.4109,-0.6912,-0.5289,151.4,-54.1,0.0
1410773,2026-08-30_09-32-34.775-240,v3.6.25,3.46,12.0,400,5836,6,5013,4847,-81,6059,5788,-152,4994,5785,-133,5100,0,0,0,-3,19,106,107.7,708.8,0.468,0.089,1.024,138.625,21.641,13.281,127.9,1,0.2904,-0.4213,-0.6861,-0.5171,149.7,-56.5,0.0
1410810,2026-08-30_09-32-34.811-240,v3.6.25,3.46,12.0,400,5836,6,5013,5100,-343,5797,5788,-152,4994,5998,-396,4802,0,0,0,210,-244,-192,374.8,2466.0,0.752,-0.175,0.469,131.531,-12.031,-27.922,352.0,1,0.3052,-0.4298,-0.6871,-0.5001,147.3,-58.1,0.0
1410861,2026-08-30_09-32-34.863-240,v3.6.25,3.46,12.0,400,6049,-307,4685,5100,-343,5797,6003,-462,4671,5998,-396,4802,0,0,0,-5,66,131,146.8,965.6,0.662,0.989,0.591,56.359,-59.609,-48.250,160.6,1,0.3058,-0.4340,-0.6944,-0.4857,145.0,-57.8,0.0
1410891,2026-08-30_09-32-34.893-240,v3.6.25,3.46,12.0,400,6394,-702,4139,5567,-810,5268,6351,-852,4133,6384,-865,4206,0,0,0,33,-13,73,81.2,533.9,0.726,0.758,0.641,-17.969,-77.453,-19.672,105.6,1,0.2954,-0.4370,-0.7009,-0.4801,143.4,-56.5,0.0
1410921,2026-08-30_09-32-34.922-240,v3.6.25,3.46,12.0,400,6394,-702,4139,5567,-810,5268,6351,-852,4133,6384,-865,4206,0,0,0,33,-13,73,81.2,533.9,0.657,0.776,0.728,-72.875,-89.578,-37.812,105.6,1,0.2776,-0.4345,-0.7112,-0.4778,143.0,-54.1,0.0
1410971,2026-08-30_09-32-34.972-240,v3.6.25,3.46,12.0,400,6483,-1004,3927,5705,-1149,5082,6443,-1152,3926,6497,-1204,4001,0,0,0,54,-52,75,106.0,697.6,0.799,1.415,0.430,-171.266,-108.547,-50.328,126.4,1,0.2467,-0.4237,-0.7256,-0.4828,144.0,-50.1,0.0
1410997,2026-08-30_09-32-34.999-240,v3.6.25,3.46,12.0,400,6562,-1005,3835,5818,-1091,4983,6522,-1152,3834,6591,-1147,3885,0,0,0,69,5,51,85.9,565.4,0.885,1.247,0.152,-245.266,-106.562,-15.141,109.6,1,0.2068,-0.4090,-0.7363,-0.4978,145.6,-45.4,0.0
1411035,2026-08-30_09-32-34.037-240,v3.6.25,3.46,12.0,400,6458,-716,4191,5818,-1091,4983,6416,-868,4185,6591,-1147,3885,0,0,0,175,-279,-300,445.5,2930.9,1.086,0.888,-0.138,-319.594,-88.000,20.250,411.3,1,0.1599,-0.3881,-0.7417,-0.5231,147.8,-40.0,0.0
1411080,2026-08-30_09-32-34.082-240,v3.6.25,3.46,12.0,400,6458,-716,4191,5525,-706,5483,6416,-868,4185,6377,-759,4423,0,0,0,-39,109,238,264.7,1741.2,1.179,0.087,0.005,-341.719,-47.578,45.047,259.6,1,0.1150,-0.3624,-0.7409,-0.5537,150.0,-34.9,0.0
1411152,2026-08-30_09-32-34.153-240,v3.6.25,3.46,12.0,400,5191,358,5839,4662,-114,6331,5139,191,5810,5648,-163,5398,0,0,0,509,-354,-412,744.4,4897.4,0.919,-0.179,0.416,-227.375,22.984,37.906,662.2,1,0.0920,-0.3400,-0.7368,-0.5771,152.3,-31.9,0.0
1411213,2026-08-30_09-32-35.214-240,v3.6.25,3.46,12.0,400,4454,922,6344,3749,528,6900,4397,756,6306,4819,478,6109,0,0,0,422,-278,-197,542.4,3568.3,0.820,-0.819,0.565,-39.797,60.516,15.500,492.6,1,0.0958,-0.3312,-0.7339,-0.5853,153.9,-31.9,0.0
1411241,2026-08-30_09-32-35.243-240,v3.6.25,3.46,12.0,400,4055,1425,6427,3014,1110,7159,3994,1265,6383,4117,1056,6487,0,0,0,123,-209,104,263.9,1736.0,0.891,-0.569,0.519,55.938,73.141,-13.516,258.9,1,0.1123,-0.3285,-0.7341,-0.5835,155.2,-33.3,0.0
1411289,2026-08-30_09-32-35.291-240,v3.6.25,3.46,12.0,400,4433,1829,6029,3184,1610,6925,4369,1674,5983,4236,1551,6228,0,0,0,-133,-123,245,304.7,2004.6,1.112,-0.381,0.808,186.812,99.422,-52.562,293.2,1,0.1474,-0.3330,-0.7379,-0.5682,156.2,-36.6,0.0
1411445,2026-08-30_09-32-35.446-240,v3.6.25,3.46,12.0,400,6352,2257,3690,5591,2220,4845,6287,2130,3655,6273,2138,3785,0,0,0,-14,8,130,131.0,861.8,0.236,1.073,0.751,172.750,97.078,100.500,147.4,1,0.1799,-0.3488,-0.7232,-0.5683,156.6,-41.0,0.0
1411471,2026-08-30_09-32-35.472-240,v3.6.25,3.46,12.0,400,6847,1930,3094,6235,1855,4260,6785,1808,3066,6824,1770,3104,0,0,0,39,-38,38,66.4,436.8,0.271,0.693,0.827,146.797,65.172,123.766,93.2,1,0.2050,-0.3670,-0.7058,-0.5702,156.3,-45.1,0.0
1411506,2026-08-30_09-32-35.508-240,v3.6.25,3.46,12.0,400,6943,1296,3154,6235,1855,4260,6886,1169,3133,6824,1770,3104,0,0,0,-62,601,-29,604.9,3979.5,0.322,0.464,0.777,126.125,25.703,100.875,545.1,1,0.2228,-0.3849,-0.6918,-0.5689,155.2,-48.3,0.0
1411551,2026-08-30_09-32-35.553-240,v3.6.25,3.46,12.0,400,6943,1296,3154,6350,1128,4373,6886,1169,3133,6973,1050,3196,0,0,0,87,-119,63,160.3,1054.7,0.386,0.680,0.618,70.312,-14.031,65.031,172.0,1,0.2293,-0.3982,-0.6838,-0.5667,153.8,-49.9,0.0
1411580,2026-08-30_09-32-35.582-240,v3.6.25,3.46,12.0,400,6963,651,3285,6308,416,4536,6911,518,3270,6974,345,3363,0,0,0,63,-173,93,206.3,1357.0,0.434,1.106,0.607,-3.984,-27.156,81.875,210.6,1,0.2251,-0.4082,-0.6750,-0.5719,152.6,-50.4,0.0
1411626,2026-08-30_09-32-35.627-240,v3.6.25,3.46,12.0,400,6816,227,3717,6308,416,4536,6767,84,3704,6974,345,3363,0,0,0,207,261,-341,476.7,3136.2,0.799,1.172,0.658,-153.234,-22.625,139.453,437.5,1,0.2023,-0.4104,-0.6601,-0.5957,152.6,-49.1,0.0
1411653,2026-08-30_09-32-35.654-240,v3.6.25,3.46,12.0,400,6816,227,3717,5883,71,5225,6767,84,3704,6675,10,4109,0,0,0,-92,-74,405,421.9,2775.4,1.098,1.031,0.595,-240.297,-1.156,162.672,391.5,1,0.1705,-0.4045,-0.6412,-0.6294,153.7,-46.7,0.0
1411862,2026-08-30_09-32-35.863-240,v3.6.25,3.46,12.0,400,1795,2621,7089,457,2993,7240,1722,2481,7026,1534,2916,7002,0,0,0,-188,435,-24,474.5,3121.7,-0.074,-0.695,0.934,-25.219,34.672,-134.203,435.7,1,0.1726,-0.3877,-0.6576,-0.6225,155.2,-45.2,0.0
1411916,2026-08-30_09-32-35.918-240,v3.6.25,3.46,12.0,400,1651,3068,6962,457,2993,7240,1574,2934,6895,1534,2916,7002,0,0,0,-40,-18,107,115.6,760.8,0.178,-0.244,1.261,80.531,10.844,-132.922,134.5,1,0.1852,-0.3822,-0.6737,-0.6048,155.5,-45.4,0.0
1411945,2026-08-30_09-32-35.946-240,v3.6.25,3.46,12.0,400,2266,3199,6704,1107,3152,7088,2189,3064,6638,2155,3075,6742,0,0,0,-34,11,104,110.0,723.5,0.557,-0.064,1.158,111.750,18.594,-89.438,129.7,1,0.2023,-0.3820,-0.6834,-0.5883,155.6,-46.6,0.0
1411973,2026-08-30_09-32-35.975-240,v3.6.25,3.46,12.0,400,2266,3199,6704,1107,3152,7088,2189,3064,6638,2155,3075,6742,0,0,0,-34,11,104,110.0,723.5,0.794,-0.092,0.944,147.984,38.438,-71.094,129.7,1,0.2261,-0.3842,-0.6894,-0.5710,155.7,-48.6,0.0
1412205,2026-08-30_09-32-36.206-240,v3.6.25,3.46,12.0,400,6323,3392,2923,5503,3726,4096,6249,3287,2880,6025,3623,3067,0,0,0,-224,336,187,445.0,2927.7,0.022,0.252,0.930,113.109,-28.766,59.234,410.9,1,0.2360,-0.4022,-0.6822,-0.5631,153.4,-50.8,0.0
1412231,2026-08-30_09-32-36.232-240,v3.6.25,3.46,12.0,400,6323,3392,2923,5971,3053,4031,6249,3287,2880,6496,2956,2924,0,0,0,247,-331,44,415.3,2732.5,0.137,0.338,0.891,103.656,-46.922,34.656,386.0,1,0.2429,-0.4186,-0.6786,-0.5525,150.6,-52.4,0.0
1412266,2026-08-30_09-32-36.268-240,v3.6.25,3.46,12.0,400,6645,2703,2927,5971,3053,4031,6577,2591,2892,6496,2956,2924,0,0,0,-81,365,32,375.2,2468.7,0.526,0.760,0.925,75.078,-50.656,-4.375,352.4,1,0.2464,-0.4292,-0.6800,-0.5411,148.1,-53.1,0.0
1412293,2026-08-30_09-32-36.295-240,v3.6.25,3.46,12.0,400,6876,2165,2824,6263,2294,4028,6812,2049,2795,6803,2203,2872,0,0,0,-9,154,77,172.4,1134.3,0.790,1.161,0.875,11.062,-38.016,-4.250,182.1,1,0.2437,-0.4332,-0.6818,-0.5367,147.0,-52.9,0.0
1412340,2026-08-30_09-32-36.341-240,v3.6.25,3.46,12.0,400,6876,2165,2824,6333,2055,4105,6812,2049,2795,6891,1967,2936,0,0,0,79,-82,141,181.2,1192.3,0.794,1.186,0.673,-127.891,-10.797,27.953,189.5,1,0.2270,-0.4263,-0.6810,-0.5504,148.2,-51.1,0.0
1412385,2026-08-30_09-32-36.387-240,v3.6.25,3.46,12.0,400,6851,2147,3034,6333,2055,4105,6787,2027,3004,6891,1967,2936,0,0,0,104,-60,-68,138.0,907.8,0.880,0.794,0.431,-228.438,20.312,38.969,153.3,1,0.2016,-0.4087,-0.6786,-0.5761,151.1,-48.1,0.0
1412414,2026-08-30_09-32-36.415-240,v3.6.25,3.46,12.0,400,6379,2683,3721,5838,2534,4684,6311,2557,3681,6486,2449,3585,0,0,0,175,-108,-96,226.9,1493.1,0.643,0.556,0.495,-277.109,40.766,38.797,227.9,1,0.1722,-0.3841,-0.6746,-0.6064,154.4,-44.3,0.0
1412442,2026-08-30_09-32-36.444-240,v3.6.25,3.46,12.0,400,6379,2683,3721,5838,2534,4684,6311,2557,3681,6486,2449,3585,0,0,0,175,-108,-96,226.9,1493.1,0.481,0.277,0.499,-299.375,50.844,42.938,227.9,1,0.1408,-0.3558,-0.6682,-0.6380,157.3,-40.0,0.0
1412500,2026-08-30_09-32-36.502-240,v3.6.25,3.46,12.0,400,5439,3589,4481,4711,3530,5330,5363,3463,4426,5450,3443,4407,0,0,0,87,-20,-19,91.3,600.5,0.158,-0.497,0.431,-270.312,43.641,27.969,114.0,1,0.1119,-0.3289,-0.6623,-0.6638,159.3,-35.8,0.0
1412612,2026-08-30_09-32-36.613-240,v3.6.25,3.46,12.0,400,2444,4909,5618,2000,4941,5840,2354,4803,5540,2797,4839,5368,0,0,0,443,36,-172,476.6,3135.4,-0.076,-0.733,1.190,-20.875,-30.016,-36.469,437.4,1,0.1060,-0.3279,-0.6674,-0.6602,158.7,-35.1,0.0
1412657,2026-08-30_09-32-36.659-240,v3.6.25,3.46,12.0,400,2444,4909,5618,1513,4904,6007,2354,4803,5540,2339,4802,5615,0,0,0,-15,-1,75,76.5,503.2,0.464,-0.586,1.353,106.766,-12.109,-86.391,101.6,1,0.1182,-0.3328,-0.6793,-0.6433,158.2,-36.1,0.0
1412685,2026-08-30_09-32-36.686-240,v3.6.25,3.46,12.0,400,2589,4762,5593,1991,4741,5938,2500,4654,5517,2809,4642,5466,0,0,0,309,-12,-51,313.4,2061.9,0.650,-0.298,1.114,174.656,17.203,-121.391,300.5,1,0.1421,-0.3375,-0.6948,-0.6190,158.2,-38.0,0.0
1412862,2026-08-30_09-32-36.863-240,v3.6.25,3.46,12.0,400,5058,5204,2782,4706,5350,3403,4969,5126,2720,5075,5223,2525,0,0,0,106,97,-195,242.2,1593.5,-0.256,0.348,1.118,6.078,89.578,171.719,240.7,1,0.1545,-0.3424,-0.6711,-0.6392,159.9,-40.2,0.0
1412909,2026-08-30_09-32-36.911-240,v3.6.25,3.46,12.0,400,5137,5264,2547,4706,5350,3403,5047,5191,2485,5075,5223,2525,0,0,0,28,32,40,58.4,384.1,-0.366,-0.736,0.967,62.781,19.891,112.016,86.4,1,0.1657,-0.3549,-0.6565,-0.6446,160.0,-42.5,0.0
1412937,2026-08-30_09-32-36.939-240,v3.6.25,3.46,12.0,400,5286,5020,2718,4806,5145,3578,5198,4940,2658,5209,5022,2679,0,0,0,11,82,21,85.4,561.6,-0.337,-0.701,0.959,105.234,-13.688,42.688,109.1,1,0.1783,-0.3690,-0.6516,-0.6384,159.1,-44.7,0.0
1412970,2026-08-30_09-32-36.972-240,v3.6.25,3.46,12.0,400,5286,5020,2718,4806,5145,3578,5198,4940,2658,5209,5022,2679,0,0,0,11,82,21,85.4,561.6,-0.112,-0.074,0.848,125.812,-40.703,-27.438,109.1,1,0.1903,-0.3817,-0.6562,-0.6225,157.5,-46.5,0.0
1413001,2026-08-30_09-32-36.003-240,v3.6.25,3.46,12.0,400,5700,4559,2614,5215,4640,3569,5616,4474,2560,5627,4522,2601,0,0,0,11,48,41,64.1,421.6,0.028,0.576,0.781,105.922,-51.469,-52.812,91.2,1,0.1984,-0.3914,-0.6641,-0.6054,155.5,-47.5,0.0
1413029,2026-08-30_09-32-36.031-240,v3.6.25,3.46,12.0,400,6132,4176,2344,5215,4640,3569,6052,4089,2296,5627,4522,2601,0,0,0,-425,433,305,679.1,4467.6,0.023,1.057,0.809,35.641,-54.609,-33.734,607.4,1,0.1970,-0.3971,-0.6700,-0.5955,153.9,-47.5,0.0
1413082,2026-08-30_09-32-36.084-240,v3.6.25,3.46,12.0,400,6185,4048,2520,5694,4183,3385,6106,3956,2472,6084,4068,2340,0,0,0,-22,112,-132,174.5,1148.1,0.533,1.017,0.932,-109.984,-37.984,10.766,183.9,1,0.1792,-0.3927,-0.6706,-0.6033,153.7,-45.6,0.0
1413126,2026-08-30_09-32-36.128-240,v3.6.25,3.46,12.0,400,6185,4048,2520,5690,4140,3647,6106,3956,2472,6126,4029,2596,0,0,0,20,73,124,145.3,955.8,0.800,0.467,0.921,-181.594,10.500,1.922,159.4,1,0.1580,-0.3760,-0.6708,-0.6194,155.2,-42.7,0.0
1413155,2026-08-30_09-32-36.156-240,v3.6.25,3.46,12.0,400,5761,4371,3039,5041,4586,4052,5679,4275,2984,5538,4475,3102,0,0,0,-141,200,118,271.7,1787.3,0.604,0.249,0.982,-183.453,44.203,-38.250,265.4,1,0.1405,-0.3519,-0.6745,-0.6337,157.4,-39.5,0.0
1413201,2026-08-30_09-32-37.203-240,v3.6.25,3.46,12.0,400,5044,5104,3195,5041,4586,4052,4955,5017,3131,5538,4475,3102,0,0,0,583,-542,-29,796.6,5240.5,0.301,0.083,1.038,-147.203,84.609,-87.672,705.9,1,0.1320,-0.3222,-0.6828,-0.6423,160.4,-36.5,0.0
1413258,2026-08-30_09-32-37.260-240,v3.6.25,3.46,12.0,400,4306,5890,2808,4233,5484,3836,4210,5825,2738,4674,5360,3029,0,0,0,464,-465,291,718.5,4726.8,-0.292,0.370,0.802,-109.703,100.625,-30.234,640.4,1,0.1304,-0.2983,-0.6833,-0.6535,163.2,-34.6,0.0
1413318,2026-08-30_09-32-37.320-240,v3.6.25,3.46,12.0,400,3649,6463,2406,3550,6352,3181,3548,6417,2332,3860,6210,2506,0,0,0,312,-207,174,412.9,2716.3,-0.503,-0.351,0.691,-23.734,85.391,52.516,384.0,1,0.1386,-0.2907,-0.6745,-0.6643,165.3,-35.0,0.0
1413346,2026-08-30_09-32-37.347-240,v3.6.25,3.46,12.0,400,3362,6714,1965,3107,6800,2664,3258,6682,1890,3318,6645,2076,0,0,0,60,-37,186,198.9,1308.6,-0.361,-0.382,0.853,33.859,71.359,47.281,204.4,1,0.1524,-0.2894,-0.6673,-0.6691,166.9,-36.2,0.0
1413387,2026-08-30_09-32-37.389-240,v3.6.25,3.46,12.0,400,3362,6714,1965,3293,6877,2183,3258,6682,1890,3419,6716,1575,0,0,0,161,34,-315,355.4,2338.1,-0.015,-0.299,1.155,101.203,53.484,16.266,335.7,1,0.1722,-0.2934,-0.6651,-0.6647,168.1,-38.3,0.0
1413436,2026-08-30_09-32-37.438-240,v3.6.25,3.46,12.0,400,3621,6668,1475,3293,6877,2183,3518,6643,1404,3419,6716,1575,0,0,0,-99,73,171,210.6,1385.8,0.203,0.018,1.320,114.781,45.188,7.453,214.2,1,0.1925,-0.2986,-0.6642,-0.6577,169.1,-40.4,0.0
1413465,2026-08-30_09-32-37.466-240,v3.6.25,3.46,12.0,400,4084,6502,917,3903,6698,1708,3982,6483,852,3951,6534,1007,0,0,0,-31,51,155,166.1,1092.7,0.069,0.076,1.356,94.859,35.609,3.453,176.8,1,0.2090,-0.3028,-0.6636,-0.6513,169.9,-42.2,0.0
1413497,2026-08-30_09-32-37.499-240,v3.6.25,3.46,12.0,400,4084,6502,917,3903,6698,1708,3982,6483,852,3951,6534,1007,0,0,0,-31,51,155,166.1,1092.7,-0.146,0.148,1.262,58.391,17.625,-6.875,176.8,1,0.2187,-0.3051,-0.6645,-0.6462,170.3,-43.2,0.0
1413523,2026-08-30_09-32-37.525-240,v3.6.25,3.46,12.0,400,4462,6293,477,4417,6486,1241,4362,6277,417,4389,6319,464,0,0,0,27,42,47,68.6,451.1,-0.550,0.210,1.089,17.219,-1.516,-20.047,95.0,1,0.2208,-0.3049,-0.6673,-0.6427,170.3,-43.4,0.0
1413551,2026-08-30_09-32-37.553-240,v3.6.25,3.46,12.0,400,4462,6293,477,4417,6486,1241,4362,6277,417,4389,6319,464,0,0,0,27,42,47,68.6,451.1,-0.468,0.133,1.037,-15.906,-24.141,-46.391,95.0,1,0.2159,-0.3021,-0.6738,-0.6388,169.7,-42.6,0.0
1413601,2026-08-30_09-32-37.603-240,v3.6.25,3.46,12.0,400,4567,6232,362,4569,6429,1134,4468,6217,303,4524,6262,333,0,0,0,56,45,30,77.9,512.2,-0.351,0.197,0.751,-52.516,-65.203,-119.734,102.8,1,0.2009,-0.2940,-0.6903,-0.6298,168.4,-40.4,0.0
1413631,2026-08-30_09-32-37.632-240,v3.6.25,3.46,12.0,400,4324,6430,515,4223,6677,1253,4223,6416,453,4193,6508,508,0,0,0,-30,92,55,111.3,732.3,-0.186,0.525,0.825,-77.234,-83.688,-134.406,130.9,1,0.1803,-0.2843,-0.7084,-0.6203,167.0,-37.5,0.0
1413671,2026-08-30_09-32-37.673-240,v3.6.25,3.46,12.0,400,3806,6719,890,4223,6677,1253,3702,6705,822,4193,6508,508,0,0,0,491,-197,-314,615.2,4047.4,-0.035,0.571,0.987,-116.781,-95.094,-129.609,553.8,1,0.1535,-0.2723,-0.7251,-0.6137,165.6,-33.8,0.0
1413705,2026-08-30_09-32-37.707-240,v3.6.25,3.46,12.0,400,3806,6719,890,3533,6987,1646,3702,6705,822,3565,6818,1010,0,0,0,-137,113,188,258.6,1701.4,-0.070,0.339,0.975,-135.344,-96.844,-113.969,254.5,1,0.1243,-0.2597,-0.7389,-0.6092,164.4,-30.0,0.0
1413785,2026-08-30_09-32-37.787-240,v3.6.25,3.46,12.0,400,2423,7044,2297,2625,7212,2283,2315,7019,2216,2762,7047,1787,0,0,0,447,28,-429,620.2,4080.2,0.018,-0.147,1.178,-79.656,-64.953,-30.391,557.9,1,0.1068,-0.2562,-0.7426,-0.6096,163.5,-28.1,0.0
1413815,2026-08-30_09-32-37.816-240,v3.6.25,3.46,12.0,400,2050,6954,2800,1831,7186,2902,1942,6922,2717,2075,7026,2527,0,0,0,133,104,-190,254.2,1672.2,0.067,-0.416,1.170,-10.719,-41.469,4.688,250.8,1,0.1008,-0.2601,-0.7426,-0.6088,162.7,-27.8,0.0
1413864,2026-08-30_09-32-37.865-240,v3.6.25,3.46,12.0,400,2050,6954,2800,1698,7058,3231,1942,6922,2717,2001,6903,2871,0,0,0,59,-19,154,166.0,1092.1,0.138,-0.506,0.924,132.125,-4.875,6.766,176.8,1,0.1159,-0.2750,-0.7436,-0.5984,161.8,-30.1,0.0
1413905,2026-08-30_09-32-37.907-240,v3.6.25,3.46,12.0,400,2281,6835,2860,1698,7058,3231,2175,6799,2778,2001,6903,2871,0,0,0,-174,104,93,223.0,1467.3,0.262,-0.137,0.847,230.562,22.422,-11.875,224.6,1,0.1454,-0.2953,-0.7463,-0.5785,160.8,-34.0,0.0
1414078,2026-08-30_09-32-37.079-240,v3.6.25,3.46,12.0,400,5940,4899,842,5120,5755,1681,5853,4850,795,5184,5602,773,0,0,0,-669,752,-22,1006.8,6623.4,-0.226,0.998,1.323,27.297,-27.922,133.203,882.4,1,0.1459,-0.3124,-0.7319,-0.5878,159.4,-35.5,0.0
1414126,2026-08-30_09-32-37.128-240,v3.6.25,3.46,12.0,400,5940,4899,842,5862,4965,1934,5853,4850,795,5986,4825,894,0,0,0,133,-25,99,167.7,1103.1,0.130,0.636,1.004,-94.359,-52.156,126.281,178.2,1,0.1290,-0.3193,-0.7179,-0.6050,158.4,-34.9,0.0
1414250,2026-08-30_09-32-38.251-240,v3.6.25,3.46,12.0,400,5056,4956,3431,5151,4703,3816,4969,4863,3367,5605,4588,2853,0,0,0,636,-275,-514,862.7,5675.9,0.275,0.165,0.810,-236.891,-28.797,-58.500,761.5,1,0.0972,-0.2943,-0.7237,-0.6166,159.2,-30.2,0.0
1414424,2026-08-30_09-32-38.425-240,v3.6.25,3.47,12.0,400,2561,5674,4735,1985,5820,5035,2465,5588,4654,2625,5701,4584,0,0,0,160,113,-70,208.0,1368.5,0.344,-0.666,0.753,89.234,-59.766,-39.609,212.0,1,0.1005,-0.3069,-0.7301,-0.6022,157.5,-31.1,0.0
1414452,2026-08-30_09-32-38.454-240,v3.6.25,3.47,12.0,400,2842,5372,4860,1893,5540,5324,2749,5279,4782,2588,5426,4882,0,0,0,-161,147,100,239.9,1578.0,0.558,-0.329,0.698,172.281,-51.156,-49.328,238.7,1,0.1145,-0.3259,-0.7374,-0.5804,155.4,-33.2,0.0
1414550,2026-08-30_09-32-38.551-240,v3.6.25,3.47,12.0,400,3868,4934,4557,2923,5036,5269,3780,4832,4486,3620,4929,4653,0,0,0,-160,97,167,250.8,1650.0,0.714,0.350,0.589,349.766,37.219,-85.562,247.9,1,0.1600,-0.3502,-0.7455,-0.5441,153.7,-38.3,0.0
1414659,2026-08-30_09-32-38.660-240,v3.6.25,3.47,12.0,400,7019,2983,1253,6079,3722,3000,6949,2903,1225,6412,3606,1899,0,0,0,-537,703,674,1112.1,7316.7,-0.024,1.747,0.947,108.594,36.578,137.656,970.8,1,0.1764,-0.3695,-0.7280,-0.5499,152.6,-41.5,0.0
1414719,2026-08-30_09-32-38.721-240,v3.6.25,3.47,12.0,400,7179,2221,1988,6825,2873,2514,7115,2120,1964,7092,2759,1298,0,0,0,-23,639,-666,923.3,6074.1,-0.054,0.323,0.976,-39.188,-41.328,178.469,812.3,1,0.1655,-0.3857,-0.7086,-0.5672,151.0,-42.2,0.0
1414835,2026-08-30_09-32-38.836-240,v3.6.25,3.47,12.0,400,6684,1670,3603,6254,1589,4467,6624,1538,3575,6884,1509,3303,0,0,0,260,-29,-272,377.4,2482.8,1.171,0.760,0.785,-192.016,-18.078,-3.094,354.2,1,0.1407,-0.3693,-0.7107,-0.5821,152.3,-39.0,0.0
1414861,2026-08-30_09-32-38.862-240,v3.6.25,3.47,12.0,400,6684,1670,3603,5789,1811,4991,6624,1538,3575,6505,1735,3894,0,0,0,-119,197,319,393.4,2587.9,1.149,0.665,0.946,-231.188,5.109,-16.828,367.6,1,0.1140,-0.3451,-0.7130,-0.5996,154.2,-35.2,0.0
1414895,2026-08-30_09-32-38.897-240,v3.6.25,3.47,12.0,400,6256,2194,4133,5789,1811,4991,6192,2058,4096,6505,1735,3894,0,0,0,313,-323,-202,493.1,3243.8,0.744,0.579,0.646,-267.719,20.344,-24.609,451.2,1,0.0845,-0.3145,-0.7147,-0.6190,156.4,-30.7,0.0
1415078,2026-08-30_09-32-38.079-240,v3.6.25,3.47,12.0,400,3469,3478,6142,2438,3462,6652,3392,3341,6077,3405,3383,6087,0,0,0,13,42,10,45.1,296.6,0.240,0.247,0.457,-42.828,-123.234,-13.438,75.3,1,0.0643,-0.3225,-0.7176,-0.6139,153.9,-29.2,0.0
1415363,2026-08-30_09-32-39.364-240,v3.6.25,3.47,12.0,400,5776,1581,4838,4464,1455,6167,5716,1434,4803,5389,1392,5269,0,0,0,-327,-42,466,570.8,3755.5,0.325,0.438,0.640,189.781,31.484,-5.531,516.5,1,0.0916,-0.3380,-0.7184,-0.6010,153.5,-32.5,0.0
1415389,2026-08-30_09-32-39.390-240,v3.6.25,3.47,12.0,400,5776,1581,4838,5210,1349,5566,5716,1434,4803,6034,1281,4555,0,0,0,318,-153,-248,431.3,2837.6,0.156,0.397,0.625,165.531,-12.906,14.031,399.4,1,0.1102,-0.3570,-0.7168,-0.5887,152.1,-35.3,0.0
1415423,2026-08-30_09-32-39.425-240,v3.6.25,3.47,12.0,400,6283,1178,4295,5210,1349,5566,6226,1034,4268,6034,1281,4555,0,0,0,-192,247,287,424.5,2793.1,0.208,0.281,0.717,134.250,-65.281,18.312,393.7,1,0.1185,-0.3783,-0.7152,-0.5756,149.4,-37.2,0.0
1415547,2026-08-30_09-32-39.549-240,v3.6.25,3.47,12.0,400,6703,-479,3719,5923,-997,4978,6659,-623,3713,6694,-1054,3862,0,0,0,35,-431,149,457.4,3009.0,1.347,1.213,0.357,-167.031,-93.062,59.953,421.3,1,0.0868,-0.3759,-0.7105,-0.5885,148.4,-34.4,0.0
1415596,2026-08-30_09-32-39.598-240,v3.6.25,3.47,12.0,400,6588,-903,3928,5923,-997,4978,6547,-1051,3926,6694,-1054,3862,0,0,0,147,-3,-64,160.4,1055.0,1.563,0.546,0.264,-275.828,-36.094,46.312,172.0,1,0.0489,-0.3552,-0.7059,-0.6109,149.3,-30.2,0.0
1415625,2026-08-30_09-32-39.627-240,v3.6.25,3.47,12.0,400,6136,-701,4685,5297,-843,5700,6093,-859,4676,6189,-893,4674,0,0,0,96,-34,-2,101.9,670.1,1.488,0.138,0.278,-283.750,-4.641,11.672,122.9,1,0.0139,-0.3271,-0.7036,-0.6307,150.6,-25.6,0.0
1415658,2026-08-30_09-32-39.660-240,v3.6.25,3.47,12.0,400,5643,28,5333,5297,-843,5700,5594,-134,5311,6189,-893,4674,0,0,0,595,-759,-637,1155.8,7604.0,1.277,-0.268,0.349,-253.766,13.859,-21.312,1007.4,1,-0.0154,-0.2974,-0.7039,-0.6448,151.9,-21.2,0.0
1415713,2026-08-30_09-32-39.715-240,v3.6.25,3.47,12.0,400,5312,754,5604,4640,-27,6319,5258,592,5573,5622,-77,5390,0,0,0,364,-669,-183,783.3,5153.2,0.298,0.213,0.291,-149.766,-17.547,-48.031,694.8,1,-0.0361,-0.2803,-0.7078,-0.6475,152.2,-18.2,0.0
1415754,2026-08-30_09-32-39.755-240,v3.6.25,3.47,12.0,400,5312,754,5604,4280,722,6508,5258,592,5573,5279,668,5635,0,0,0,21,76,62,100.3,659.9,0.287,-0.368,0.139,-70.797,-62.766,-19.391,121.6,1,-0.0522,-0.2787,-0.7086,-0.6461,151.1,-16.6,0.0
1415782,2026-08-30_09-32-39.784-240,v3.6.25,3.47,12.0,400,5132,885,5740,4094,690,6614,5076,723,5706,5112,636,5770,0,0,0,36,-87,64,113.8,749.0,0.349,-0.258,0.155,19.188,-84.594,-25.875,133.0,1,-0.0602,-0.2891,-0.7111,-0.6381,149.4,-16.5,0.0
1415830,2026-08-30_09-32-39.833-240,v3.6.25,3.47,12.0,400,5235,358,5624,4094,690,6614,5183,195,5597,5112,636,5770,0,0,0,-71,441,173,479.0,3151.4,0.720,-0.102,0.363,137.531,-89.109,-8.531,439.5,1,-0.0540,-0.3142,-0.7124,-0.6252,147.1,-18.4,0.0
1415861,2026-08-30_09-32-39.863-240,v3.6.25,3.47,12.0,400,5235,358,5624,4342,-110,6409,5183,195,5597,5341,-159,5529,0,0,0,158,-354,-68,393.6,2589.3,1.310,0.074,0.602,202.688,-58.188,3.047,367.8,1,-0.0360,-0.3434,-0.7123,-0.6111,145.0,-21.6,0.0
1415970,2026-08-30_09-32-39.972-240,v3.6.25,3.47,12.0,400,5855,-1368,4652,5218,-1834,5350,5817,-1525,4650,6069,-1883,4347,0,0,0,252,-358,-303,532.4,3502.8,1.546,0.682,0.049,268.156,87.562,-16.562,484.3,1,0.0083,-0.3625,-0.7142,-0.5987,145.4,-26.5,0.0
1416002,2026-08-30_09-32-39.004-240,v3.6.25,3.47,12.0,400,6134,-1855,4102,5218,-1834,5350,6100,-2006,4109,6069,-1883,4347,0,0,0,-31,123,238,269.7,1774.3,0.994,0.719,0.177,235.062,85.406,-21.594,263.8,1,0.0482,-0.3771,-0.7152,-0.5865,145.8,-30.8,0.0
1416031,2026-08-30_09-32-39.033-240,v3.6.25,3.47,12.0,400,6304,-2129,3684,5496,-2187,4885,6272,-2274,3696,6274,-2239,3846,0,0,0,2,35,150,154.0,1013.4,0.734,0.709,0.061,204.141,75.156,-20.859,166.7,1,0.0830,-0.3889,-0.7152,-0.5748,146.0,-34.5,0.0
1416071,2026-08-30_09-32-39.073-240,v3.6.25,3.47,12.0,400,6304,-2129,3684,5683,-2500,4531,6272,-2274,3696,6407,-2555,3469,0,0,0,135,-281,-227,385.6,2537.1,0.627,0.892,0.324,146.391,44.031,14.594,361.1,1,0.1064,-0.4002,-0.7111,-0.5682,145.7,-37.3,0.0
1416119,2026-08-30_09-32-39.122-240,v3.6.25,3.47,12.0,400,6367,-2436,3393,5683,-2500,4531,6337,-2577,3411,6407,-2555,3469,0,0,0,70,22,58,93.5,615.3,0.433,0.533,0.510,66.203,-13.516,57.250,115.9,1,0.1125,-0.4124,-0.7035,-0.5678,144.5,-38.8,0.0
1416151,2026-08-30_09-32-39.153-240,v3.6.25,3.47,12.0,400,6199,-2837,3439,5501,-2952,4509,6172,-2979,3461,6230,-3005,3479,0,0,0,58,-26,18,66.1,434.6,0.520,0.463,0.357,22.781,-48.297,62.188,92.9,1,0.1089,-0.4242,-0.6964,-0.5686,142.9,-39.4,0.0
1416178,2026-08-30_09-32-40.181-240,v3.6.25,3.47,12.0,400,6199,-2837,3439,5501,-2952,4509,6172,-2979,3461,6230,-3005,3479,0,0,0,58,-26,18,66.1,434.6,0.524,0.776,0.506,-29.922,-68.125,65.750,92.9,1,0.0964,-0.4330,-0.6898,-0.5722,141.2,-38.9,0.0
1416207,2026-08-30_09-32-40.209-240,v3.6.25,3.47,12.0,400,5894,-3311,3534,5159,-3466,4570,5870,-3453,3560,5909,-3516,3598,0,0,0,39,-63,38,83.3,547.8,0.883,1.204,0.391,-112.203,-75.406,79.125,107.3,1,0.0725,-0.4355,-0.6826,-0.5824,140.1,-37.3,0.0
1416251,2026-08-30_09-32-40.253-240,v3.6.25,3.47,12.0,400,5553,-3565,3827,4700,-3719,4914,5530,-3710,3854,5514,-3765,4013,0,0,0,-16,-55,159,169.0,1111.9,1.406,1.314,-0.025,-259.656,-59.844,130.469,179.3,1,0.0311,-0.4250,-0.6696,-0.6083,140.2,-34.0,0.0
1416413,2026-08-30_09-32-40.414-240,v3.6.25,3.47,12.0,400,3848,-2446,6143,3025,-2904,6589,3815,-2614,6142,4111,-2939,5934,0,0,0,296,-325,-208,486.3,3199.5,0.660,-0.477,0.007,-143.297,-3.453,-55.047,445.6,1,0.0136,-0.4078,-0.6780,-0.6114,141.2,-31.1,0.0
1416441,2026-08-30_09-32-40.443-240,v3.6.25,3.47,12.0,400,3848,-2446,6143,2731,-2412,6857,3815,-2614,6142,3853,-2448,6245,0,0,0,38,166,103,199.0,1309.3,0.550,-0.063,-0.039,-95.203,-26.125,-67.125,204.5,1,-0.0004,-0.3969,-0.6871,-0.6086,141.4,-28.9,0.0
1416471,2026-08-30_09-32-40.473-240,v3.6.25,3.47,12.0,400,3949,-2165,6140,2731,-2412,6857,3914,-2333,6136,3853,-2448,6245,0,0,0,-61,-115,109,169.8,1117.0,0.648,-0.180,-0.011,-51.547,-47.953,-55.391,179.9,1,-0.0116,-0.3935,-0.6942,-0.6026,140.9,-27.3,0.0
1416501,2026-08-30_09-32-40.503-240,v3.6.25,3.47,12.0,400,4242,-2262,5880,3042,-2348,6725,4208,-2429,5879,4140,-2384,6063,0,0,0,-68,45,184,201.3,1324.1,0.848,-0.250,0.328,12.734,-45.828,-62.234,206.4,1,-0.0145,-0.3961,-0.7016,-0.5922,140.1,-26.7,0.0
1416545,2026-08-30_09-32-40.548-240,v3.6.25,3.47,12.0,400,4242,-2262,5880,3464,-2622,6369,4208,-2429,5879,4506,-2660,5643,0,0,0,298,-231,-236,444.8,2926.4,1.490,0.064,0.491,107.234,-27.219,-62.312,410.8,1,-0.0034,-0.4068,-0.7080,-0.5772,139.1,-27.7,0.0
1416589,2026-08-30_09-32-40.591-240,v3.6.25,3.47,12.0,400,4605,-2527,5457,3464,-2622,6369,4574,-2690,5462,4506,-2660,5643,0,0,0,-68,30,181,195.7,1287.3,1.599,-0.292,0.382,172.922,9.000,-52.578,201.7,1,0.0202,-0.4212,-0.7120,-0.5614,138.2,-30.1,0.0
1416617,2026-08-30_09-32-40.619-240,v3.6.25,3.47,12.0,400,4956,-2787,5006,3925,-2907,5954,4927,-2946,5017,4902,-2947,5160,0,0,0,-25,-1,143,145.2,955.1,1.271,-0.582,0.118,250.906,23.609,-104.312,159.3,1,0.0558,-0.4383,-0.7200,-0.5352,136.8,-33.3,0.0
1416649,2026-08-30_09-32-40.651-240,v3.6.25,3.47,12.0,400,4956,-2787,5006,3925,-2907,5954,4927,-2946,5017,4902,-2947,5160,0,0,0,-25,-1,143,145.2,955.1,0.952,0.298,-0.282,313.078,34.141,-147.766,159.3,1,0.1009,-0.4565,-0.7295,-0.4993,134.9,-37.1,0.0
1416704,2026-08-30_09-32-40.706-240,v3.6.25,3.47,12.0,400,5469,-3071,4134,4614,-3194,5148,5443,-3219,4153,5458,-3240,4255,0,0,0,15,-21,102,105.2,692.2,0.986,1.086,-0.308,274.922,38.750,-64.312,125.7,1,0.1395,-0.4753,-0.7282,-0.4737,132.3,-40.8,0.0
1416765,2026-08-30_09-32-40.767-240,v3.6.25,3.47,12.0,400,5732,-4089,2899,5269,-3647,4139,5713,-4219,2937,5948,-3702,3159,0,0,0,235,517,222,609.8,4011.5,1.124,1.030,-0.038,152.406,23.703,94.625,549.2,1,0.1573,-0.4961,-0.7116,-0.4719,129.4,-43.8,0.0
1416808,2026-08-30_09-32-40.810-240,v3.6.25,3.47,12.0,400,5732,-4089,2899,5019,-4327,3942,5713,-4219,2937,5678,-4381,3010,0,0,0,-35,-162,73,181.1,1191.5,0.960,0.894,0.134,52.047,-7.953,145.172,189.4,1,0.1578,-0.5139,-0.6930,-0.4804,127.0,-45.4,0.0
1416940,2026-08-30_09-32-40.941-240,v3.6.25,3.47,12.0,400,3680,-5196,4111,3178,-5271,4666,3666,-5331,4153,3980,-5318,4034,0,0,0,314,13,-119,336.0,2210.8,1.167,0.070,-0.339,-209.812,-35.953,59.719,319.5,1,0.1274,-0.5025,-0.6937,-0.5000,129.1,-42.8,0.0
1416967,2026-08-30_09-32-40.969-240,v3.6.25,3.47,12.0,400,3680,-5196,4111,2760,-5328,4842,3666,-5331,4153,3593,-5374,4277,0,0,0,-73,-43,124,150.2,988.0,1.163,0.116,-0.389,-243.891,-27.781,39.516,163.5,1,0.0942,-0.4848,-0.6966,-0.5204,131.6,-39.5,0.0
1416998,2026-08-30_09-32-40.000-240,v3.6.25,3.47,12.0,400,3554,-5121,4272,2760,-5328,4842,3540,-5257,4312,3593,-5374,4277,0,0,0,53,-117,-35,133.1,875.8,1.361,0.162,-0.340,-272.172,-12.828,13.578,149.2,1,0.0600,-0.4602,-0.7017,-0.5406,134.4,-35.6,0.0
1417026,2026-08-30_09-32-40.028-240,v3.6.25,3.47,12.0,400,3767,-4805,4475,2817,-5104,5049,3751,-4947,4510,3682,-5148,4469,0,0,0,-69,-201,-41,216.4,1423.9,1.507,0.109,-0.255,-282.328,4.062,-13.047,219.1,1,0.0271,-0.4300,-0.7085,-0.5590,137.4,-31.3,0.0
1417073,2026-08-30_09-32-40.074-240,v3.6.25,3.47,12.0,400,3767,-4805,4475,3186,-4504,5400,3751,-4947,4510,4099,-4545,4748,0,0,0,348,402,238,582.5,3832.5,1.455,-0.224,-0.193,-260.734,23.547,-35.344,526.3,1,-0.0005,-0.3978,-0.7159,-0.5738,140.2,-27.1,0.0
1417116,2026-08-30_09-32-40.117-240,v3.6.25,3.47,12.0,400,4187,-4179,4728,3186,-4504,5400,4167,-4329,4755,4099,-4545,4748,0,0,0,-68,-216,-7,226.6,1490.5,0.920,-0.466,0.017,-179.719,16.047,-68.688,227.6,1,-0.0189,-0.3724,-0.7255,-0.5784,142.1,-23.8,0.0
1417142,2026-08-30_09-32-40.144-240,v3.6.25,3.47,12.0,400,4631,-3521,4858,3622,-3755,5687,4607,-3676,4877,4570,-3795,4952,0,0,0,-37,-119,75,145.4,956.9,0.519,-0.326,0.026,-106.562,-4.719,-84.969,159.5,1,-0.0311,-0.3561,-0.7360,-0.5750,143.1,-21.3,0.0
1417176,2026-08-30_09-32-41.177-240,v3.6.25,3.47,12.0,400,4631,-3521,4858,3622,-3755,5687,4607,-3676,4877,4570,-3795,4952,0,0,0,-37,-119,75,145.4,956.9,0.286,-0.407,-0.060,-18.766,-34.125,-75.469,159.5,1,-0.0367,-0.3531,-0.7446,-0.5653,142.8,-20.2,0.0
1417201,2026-08-30_09-32-41.203-240,v3.6.25,3.47,12.0,400,5089,-3212,4617,4158,-3352,5513,5063,-3367,4635,5068,-3394,4690,0,0,0,5,-27,55,61.5,404.4,0.214,-0.342,-0.062,61.297,-53.141,-77.422,89.0,1,-0.0354,-0.3611,-0.7528,-0.5492,141.7,-20.1,0.0
1417236,2026-08-30_09-32-41.237-240,v3.6.25,3.47,12.0,400,5427,-3478,3924,4158,-3352,5513,5403,-3623,3949,5068,-3394,4690,0,0,0,-335,229,741,844.8,5558.1,0.500,-0.248,-0.367,180.250,-60.344,-102.297,746.5,1,-0.0212,-0.3819,-0.7622,-0.5222,139.5,-21.5,0.0
1417285,2026-08-30_09-32-41.287-240,v3.6.25,3.47,12.0,400,5427,-3478,3924,4644,-3650,4821,5403,-3623,3949,5441,-3698,3932,0,0,0,38,-75,-17,85.8,564.3,0.829,0.425,-0.555,295.766,-28.984,-125.781,109.4,1,0.0105,-0.4108,-0.7712,-0.4862,136.7,-24.6,0.0
1417410,2026-08-30_09-32-41.411-240,v3.6.25,3.47,12.0,400,5302,-5299,1308,5128,-5079,2471,5290,-5395,1369,5548,-5149,1557,0,0,0,258,246,188,403.0,2651.4,1.468,1.545,-0.269,161.281,112.406,26.797,375.7,1,0.0433,-0.4216,-0.7641,-0.4863,136.8,-28.4,0.0
1417436,2026-08-30_09-32-41.437-240,v3.6.25,3.47,12.0,400,5302,-5299,1308,4774,-5506,2375,5290,-5395,1369,5186,-5577,1525,0,0,0,-104,-182,156,261.3,1719.1,1.307,1.411,-0.285,94.672,111.969,88.500,256.7,1,0.0673,-0.4290,-0.7509,-0.4976,137.2,-31.9,0.0
1417470,2026-08-30_09-32-41.473-240,v3.6.25,3.47,12.0,400,4876,-5536,1910,4774,-5506,2375,4866,-5640,1970,5186,-5577,1525,0,0,0,320,63,-445,551.7,3629.7,0.950,0.817,-0.086,25.484,89.750,153.203,500.5,1,0.0791,-0.4354,-0.7314,-0.5188,137.6,-34.6,0.0
1417599,2026-08-30_09-32-41.600-240,v3.6.25,3.47,12.0,400,3448,-5681,3681,2317,-5925,4296,3437,-5806,3731,3068,-5977,3821,0,0,0,-369,-171,90,416.5,2740.4,0.811,-0.223,0.025,-49.812,-62.766,7.344,387.0,1,0.0659,-0.4366,-0.7322,-0.5186,136.9,-33.3,0.0
1417642,2026-08-30_09-32-41.644-240,v3.6.25,3.47,12.0,400,3026,-5856,3667,2317,-5925,4296,3016,-5976,3719,3068,-5977,3821,0,0,0,52,-1,102,114.5,753.3,0.907,0.148,-0.087,-105.469,-91.938,-17.109,133.5,1,0.0429,-0.4326,-0.7369,-0.5176,136.4,-30.7,0.0
1417668,2026-08-30_09-32-41.671-240,v3.6.25,3.47,12.0,400,3135,-6075,3162,2405,-6158,3844,3126,-6186,3219,3083,-6214,3365,0,0,0,-43,-28,146,154.8,1018.1,0.851,0.318,-0.242,-144.891,-102.047,-13.891,167.3,1,0.0140,-0.4252,-0.7417,-0.5186,136.0,-27.5,0.0
1417702,2026-08-30_09-32-41.704-240,v3.6.25,3.47,12.0,400,3135,-6075,3162,2405,-6158,3844,3126,-6186,3219,3083,-6214,3365,0,0,0,-43,-28,146,154.8,1018.1,0.872,0.327,-0.565,-204.000,-106.047,15.531,167.3,1,-0.0228,-0.4131,-0.7432,-0.5259,135.9,-23.6,0.0
1417728,2026-08-30_09-32-41.731-240,v3.6.25,3.47,12.0,400,3371,-6201,2625,2810,-6387,3249,3364,-6304,2687,3390,-6449,2716,0,0,0,26,-145,29,150.1,987.8,0.964,0.244,-0.650,-233.625,-99.109,7.703,163.5,1,-0.0619,-0.3958,-0.7448,-0.5337,136.0,-19.3,0.0
1417762,2026-08-30_09-32-41.763-240,v3.6.25,3.47,12.0,400,3861,-6094,2167,2810,-6387,3249,3853,-6193,2231,3390,-6449,2716,0,0,0,-463,-256,485,717.7,4721.9,0.876,0.291,-0.426,-253.391,-75.078,-10.281,639.8,1,-0.0998,-0.3722,-0.7474,-0.5412,136.6,-14.7,0.0
1417811,2026-08-30_09-32-41.813-240,v3.6.25,3.47,12.0,400,3861,-6094,2167,3405,-6169,2888,3853,-6193,2231,3918,-6234,2261,0,0,0,65,-41,30,82.5,542.8,1.480,-0.499,-0.490,-230.250,-23.281,-43.484,106.7,1,-0.1279,-0.3442,-0.7533,-0.5456,138.0,-10.5,0.0
1417855,2026-08-30_09-32-41.857-240,v3.6.25,3.47,12.0,400,4527,-5687,2022,4199,-5671,2854,4517,-5790,2083,4697,-5736,2091,0,0,0,180,54,8,188.1,1237.5,1.514,0.515,-0.311,-154.875,14.203,-115.672,195.3,1,-0.1422,-0.3182,-0.7667,-0.5392,139.7,-7.2,0.0
1418050,2026-08-30_09-32-41.051-240,v3.6.25,3.47,12.0,400,5807,-3423,3550,5221,-3496,4500,5783,-3565,3577,5959,-3547,3519,0,0,0,176,18,-58,186.2,1224.9,0.586,-0.078,-0.369,119.344,-37.500,-10.672,193.7,1,-0.1334,-0.3369,-0.7664,-0.5304,138.3,-8.8,0.0
1418080,2026-08-30_09-32-41.082-240,v3.6.25,3.47,12.0,400,5673,-3862,3193,5042,-3776,4395,5652,-3996,3227,5768,-3827,3448,0,0,0,116,169,221,301.4,1983.1,0.719,0.029,-0.427,175.078,-50.016,-12.594,290.4,1,-0.1200,-0.3635,-0.7652,-0.5176,136.1,-11.1,0.0
1418122,2026-08-30_09-32-41.124-240,v3.6.25,3.47,12.0,400,5673,-3862,3193,4898,-4552,3717,5652,-3996,3227,5522,-4609,2812,0,0,0,-130,-613,-415,751.6,4944.7,0.916,0.221,-0.453,238.172,-48.844,-3.000,668.2,1,-0.0995,-0.3978,-0.7613,-0.5023,133.2,-14.4,0.0
1418232,2026-08-30_09-32-42.233-240,v3.6.25,3.47,12.0,400,4822,-5523,2007,3759,-6223,2395,4812,-5629,2066,4188,-6293,1719,0,0,0,-624,-664,-347,975.0,6414.7,1.239,1.381,-0.476,204.594,4.375,7.812,855.7,1,-0.0757,-0.4230,-0.7564,-0.4931,131.4,-17.6,0.0
1418286,2026-08-30_09-32-42.288-240,v3.6.25,3.47,12.0,400,4147,-6150,1648,3759,-6223,2395,4140,-6242,1716,4188,-6293,1719,0,0,0,48,-51,3,70.1,461.2,1.044,0.879,-0.414,-3.844,-7.266,143.047,96.3,1,-0.0794,-0.4311,-0.7399,-0.5103,130.6,-18.8,0.0
1418335,2026-08-30_09-32-42.337-240,v3.6.25,3.47,12.0,400,3470,-6513,1822,3000,-6611,2477,3465,-6602,1892,3451,-6681,1930,0,0,0,-14,-79,38,88.8,584.0,0.805,-0.366,-0.580,-87.031,-36.609,119.656,112.0,1,-0.0957,-0.4305,-0.7270,-0.5263,130.1,-18.3,0.0
1418366,2026-08-30_09-32-42.367-240,v3.6.25,3.47,12.0,400,2877,-6700,2111,2330,-6804,2657,2872,-6788,2181,2816,-6874,2221,0,0,0,-56,-86,40,110.1,724.6,0.863,-0.575,-0.717,-99.750,-50.484,51.625,129.9,1,-0.1138,-0.4261,-0.7217,-0.5335,129.7,-16.9,0.0
1418406,2026-08-30_09-32-42.408-240,v3.6.25,3.47,12.0,400,2725,-6771,1968,2330,-6804,2657,2720,-6855,2040,2816,-6874,2221,0,0,0,96,-19,181,205.8,1353.7,0.934,-0.012,-0.739,-123.531,-61.094,-15.109,210.1,1,-0.1349,-0.4167,-0.7240,-0.5329,129.5,-14.4,0.0
1418439,2026-08-30_09-32-42.441-240,v3.6.25,3.47,12.0,400,2725,-6771,1968,2351,-6827,2404,2720,-6855,2040,2794,-6900,1970,0,0,0,74,-45,-70,111.4,732.6,0.984,0.444,-0.753,-186.297,-65.172,-7.609,130.9,1,-0.1638,-0.3999,-0.7257,-0.5353,129.7,-11.0,0.0
1418467,2026-08-30_09-32-42.469-240,v3.6.25,3.47,12.0,400,3121,-6700,1570,2351,-6827,2404,3116,-6780,1644,2794,-6900,1970,0,0,0,-322,-120,326,473.7,3116.2,1.026,0.307,-0.704,-218.625,-62.312,-15.766,435.0,1,-0.1958,-0.3780,-0.7280,-0.5374,130.0,-7.0,0.0
1418521,2026-08-30_09-32-42.523-240,v3.6.25,3.47,12.0,400,3798,-6410,1223,2995,-6688,2062,3792,-6490,1296,3376,-6764,1526,0,0,0,-416,-274,230,548.7,3609.6,0.923,-0.130,-0.647,-214.344,-54.109,-36.516,497.9,1,-0.2258,-0.3548,-0.7318,-0.5364,130.3,-2.9,0.0
1418636,2026-08-30_09-32-42.637-240,v3.6.25,3.47,12.0,400,5190,-5509,340,4754,-5711,1523,5179,-5583,409,5023,-5793,697,0,0,0,-156,-210,288,389.1,2559.7,0.404,-0.391,-0.742,60.484,-61.281,-98.766,364.0,1,-0.2251,-0.3659,-0.7397,-0.5179,129.2,-2.6,0.0
1418662,2026-08-30_09-32-42.664-240,v3.6.25,3.47,12.0,400,5377,-5412,-445,5260,-5422,777,5365,-5471,-371,5395,-5514,-117,0,0,0,30,-43,254,259.4,1706.3,0.460,-0.053,-0.837,139.344,-49.641,-105.578,255.1,1,-0.2140,-0.3859,-0.7474,-0.4967,127.7,-3.6,0.0
1418760,2026-08-30_09-32-42.761-240,v3.6.25,3.47,12.0,400,4257,-6240,-1481,4413,-6199,-732,4249,-6267,-1392,4302,-6312,-1444,0,0,0,53,-45,-52,86.8,571.2,0.967,0.630,-0.821,202.938,42.750,5.062,110.3,1,-0.1854,-0.4093,-0.7446,-0.4937,127.0,-7.4,0.0
1418929,2026-08-30_09-32-42.930-240,v3.6.25,3.47,12.0,400,1903,-7391,306,2407,-7252,241,1901,-7431,395,2485,-7353,-149,0,0,0,584,78,-544,801.9,5275.8,0.546,-0.044,-0.738,-48.688,15.156,149.500,710.5,1,-0.1905,-0.4076,-0.7290,-0.5159,127.0,-8.2,0.0
1418967,2026-08-30_09-32-42.969-240,v3.6.25,3.47,12.0,400,1903,-7391,306,1609,-7431,809,1901,-7431,395,1788,-7527,542,0,0,0,-113,-96,147,208.8,1373.6,0.514,-0.451,-0.657,-86.531,-8.375,102.438,212.7,1,-0.2020,-0.4013,-0.7182,-0.5313,127.0,-7.8,0.0
1418994,2026-08-30_09-32-42.995-240,v3.6.25,3.47,12.0,400,1561,-7438,636,1321,-7447,971,1559,-7481,723,1528,-7542,749,0,0,0,-31,-61,26,73.2,481.6,0.523,-0.325,-0.682,-111.000,-22.734,65.969,98.9,1,-0.2176,-0.3919,-0.7111,-0.5417,127.0,-6.6,0.0
1419046,2026-08-30_09-32-42.047-240,v3.6.25,3.47,12.0,400,1636,-7414,560,1321,-7447,971,1634,-7456,647,1528,-7542,749,0,0,0,-106,-86,102,170.4,1121.0,0.538,-0.436,-0.722,-154.500,-42.172,8.203,180.5,1,-0.2397,-0.3769,-0.7100,-0.5443,127.0,-4.0,0.0
1419076,2026-08-30_09-32-42.078-240,v3.6.25,3.47,12.0,400,1636,-7414,560,1659,-7392,821,1634,-7456,647,1839,-7488,545,0,0,0,205,-32,-102,231.2,1521.0,0.668,-0.527,-0.776,-160.938,-45.281,-30.922,231.5,1,-0.2625,-0.3601,-0.7128,-0.5415,127.1,-0.9,0.0
1419104,2026-08-30_09-32-42.106-240,v3.6.25,3.47,12.0,400,2127,-7295,240,1659,-7392,821,2124,-7336,328,1839,-7488,545,0,0,0,-285,-152,217,389.1,2560.0,0.637,-0.465,-0.749,-147.078,-47.031,-87.859,364.0,1,-0.2834,-0.3437,-0.7213,-0.5304,127.1,2.5,0.0
1419336,2026-08-30_09-32-43.337-240,v3.6.25,3.47,12.0,400,5538,-5049,-1408,5628,-5037,-417,5523,-5088,-1332,5549,-5147,-1346,0,0,0,26,-59,-14,66.0,434.1,0.503,0.112,-0.816,-43.641,37.641,25.828,92.8,1,-0.2826,-0.3355,-0.7203,-0.5373,128.0,2.7,0.0
1419366,2026-08-30_09-32-43.368-240,v3.6.25,3.47,12.0,400,5992,-4652,-1001,6045,-4637,91,5975,-4704,-931,6046,-4740,-922,0,0,0,71,-36,9,80.1,527.1,0.723,0.549,-0.478,9.078,51.547,61.594,104.7,1,-0.2745,-0.3337,-0.7156,-0.5489,128.8,1.5,0.0
1419394,2026-08-30_09-32-43.395-240,v3.6.25,3.43,12.0,400,5941,-4803,-467,6045,-4637,91,5926,-4866,-399,6046,-4740,-922,0,0,0,120,126,-523,551.2,3626.2,0.695,0.477,-0.650,50.078,68.719,113.609,500.0,1,-0.2596,-0.3365,-0.7055,-0.5671,129.7,-0.9,0.0
1419438,2026-08-30_09-32-43.439-240,v3.6.25,3.43,12.0,400,5941,-4803,-467,5868,-4887,727,5926,-4866,-399,5983,-4980,-271,0,0,0,57,-114,128,180.6,1188.4,0.923,0.379,-0.463,125.641,78.750,128.891,189.0,1,-0.2347,-0.3481,-0.6933,-0.5857,130.5,-4.7,0.0
1419699,2026-08-30_09-32-43.700-240,v3.6.25,3.43,12.0,400,1338,-6936,2735,396,-7136,2739,1333,-7019,2803,902,-7212,2633,0,0,0,-431,-193,-170,501.9,3302.0,0.519,-1.203,-0.903,41.859,-48.547,-51.562,458.7,1,-0.2345,-0.3575,-0.6973,-0.5753,129.5,-4.8,0.0
1419748,2026-08-30_09-32-43.750-240,v3.6.25,3.43,12.0,400,895,-7097,2470,396,-7136,2739,890,-7169,2541,902,-7212,2633,0,0,0,12,-43,92,102.3,672.8,0.450,-0.861,-0.941,125.828,-42.578,-250.625,123.3,1,-0.2226,-0.3712,-0.7238,-0.5373,128.8,-4.4,0.0
1419774,2026-08-30_09-32-43.777-240,v3.6.25,3.43,12.0,400,1329,-7195,1893,750,-7252,2284,1325,-7261,1969,1180,-7332,2128,0,0,0,-145,-71,159,226.6,1490.8,0.189,-0.110,-0.923,136.094,-40.891,-299.875,227.6,1,-0.2079,-0.3837,-0.7538,-0.4912,128.3,-3.6,0.0
1419809,2026-08-30_09-32-43.810-240,v3.6.25,3.43,12.0,400,1329,-7195,1893,750,-7252,2284,1325,-7261,1969,1180,-7332,2128,0,0,0,-145,-71,159,226.6,1490.8,0.665,0.689,-0.758,91.906,-38.000,-292.609,227.6,1,-0.1973,-0.3888,-0.7813,-0.4467,128.3,-2.2,0.0
1420156,2026-08-30_09-32-43.157-240,v3.6.25,3.43,12.0,400,3165,-4845,4791,2277,-4964,5470,3148,-4986,4825,3211,-5005,4973,0,0,0,63,-19,148,162.0,1065.6,0.499,-0.360,-0.235,133.578,-58.547,-168.578,173.4,1,-0.1875,-0.4051,-0.7931,-0.4145,127.0,-2.2,0.0
1420279,2026-08-30_09-32-44.280-240,v3.6.25,3.43,12.0,400,4339,-5427,2883,3791,-5766,3339,4328,-5545,2935,4374,-5826,2634,0,0,0,46,-281,-301,414.3,2725.9,1.559,0.866,-0.644,202.000,58.969,-32.969,385.2,1,-0.1579,-0.4271,-0.7924,-0.4059,126.0,-5.5,0.0
1420332,2026-08-30_09-32-44.334-240,v3.6.25,3.43,12.0,400,4335,-5678,2539,3791,-5766,3339,4325,-5789,2596,4374,-5826,2634,0,0,0,49,-37,38,72.2,475.1,1.348,0.452,-0.655,144.766,95.500,39.266,98.0,1,-0.1308,-0.4415,-0.7864,-0.4118,125.7,-9.1,0.0
1420375,2026-08-30_09-32-44.377-240,v3.6.25,3.43,12.0,400,3949,-5789,2945,3378,-5910,3609,3940,-5905,3001,4011,-5967,2969,0,0,0,71,-62,-32,99.5,654.9,1.290,0.222,-0.677,112.641,99.875,48.641,121.0,1,-0.1065,-0.4516,-0.7798,-0.4204,125.7,-12.3,0.0
1420403,2026-08-30_09-32-44.404-240,v3.6.25,3.43,12.0,400,3545,-5678,3583,2801,-5797,4269,3534,-5802,3633,3545,-5848,3712,0,0,0,11,-46,79,92.1,605.8,1.152,-0.190,-0.631,96.000,94.172,23.391,114.7,1,-0.0837,-0.4583,-0.7757,-0.4258,125.9,-15.1,0.0
1420452,2026-08-30_09-32-44.454-240,v3.6.25,3.43,12.0,400,3366,-5442,3993,2801,-5797,4269,3354,-5571,4038,3545,-5848,3712,0,0,0,191,-277,-326,468.5,3082.2,0.809,-0.469,-0.351,105.047,64.734,-74.859,430.6,1,-0.0608,-0.4626,-0.7807,-0.4157,126.1,-16.8,0.0
1420491,2026-08-30_09-32-44.493-240,v3.6.25,3.43,12.0,400,3366,-5442,3993,2595,-5513,4676,3354,-5571,4038,3403,-5561,4144,0,0,0,49,10,106,117.2,771.1,0.515,-0.061,-0.359,83.266,25.344,-103.109,135.8,1,-0.0444,-0.4652,-0.7884,-0.4001,126.2,-17.6,0.0
1420520,2026-08-30_09-32-44.521-240,v3.6.25,3.43,12.0,400,3718,-5235,3930,3100,-5339,4543,3705,-5366,3973,3882,-5387,3927,0,0,0,177,-21,-46,184.1,1211.1,0.448,0.264,-0.331,37.422,-2.828,-75.562,191.9,1,-0.0376,-0.4655,-0.7944,-0.3885,126.3,-17.6,0.0
1420568,2026-08-30_09-32-44.570-240,v3.6.25,3.43,12.0,400,4116,-5178,3616,3100,-5339,4543,4103,-5308,3661,3882,-5387,3927,0,0,0,-221,-79,266,354.7,2333.8,0.967,0.691,-0.167,-62.969,-34.328,-9.078,335.2,1,-0.0477,-0.4596,-0.7971,-0.3887,126.7,-16.3,0.0
1420595,2026-08-30_09-32-44.596-240,v3.6.25,3.43,12.0,400,4116,-5178,3616,3451,-5327,4306,4103,-5308,3661,4192,-5377,3636,0,0,0,89,-69,-25,115.4,758.9,1.236,1.204,-0.251,-146.797,-38.312,53.109,134.3,1,-0.0689,-0.4472,-0.7962,-0.4015,127.6,-14.4,0.0
1420622,2026-08-30_09-32-44.624-240,v3.6.25,3.43,12.0,400,4223,-5191,3537,3451,-5327,4306,4210,-5320,3583,4192,-5377,3636,0,0,0,-18,-57,53,79.9,525.6,1.286,1.179,-0.561,-251.328,-32.641,131.453,104.5,1,-0.1021,-0.4252,-0.7897,-0.4302,129.1,-11.8,0.0
1420650,2026-08-30_09-32-44.652-240,v3.6.25,3.43,12.0,400,4223,-5191,3537,3418,-5267,4490,4210,-5320,3583,4190,-5315,3821,0,0,0,-20,5,238,238.9,1571.7,1.258,0.600,-0.729,-326.375,-16.188,181.375,237.9,1,-0.1415,-0.3937,-0.7778,-0.4690,131.1,-8.6,0.0
1420686,2026-08-30_09-32-44.688-240,v3.6.25,3.43,12.0,400,3963,-5068,4095,3418,-5267,4490,3949,-5205,4136,4190,-5315,3821,0,0,0,241,-110,-315,411.6,2707.8,1.008,0.021,-0.720,-355.656,8.062,190.656,382.9,1,-0.1802,-0.3552,-0.7625,-0.5099,133.3,-5.0,0.0
1420801,2026-08-30_09-32-44.802-240,v3.6.25,3.43,12.0,400,2632,-4406,5614,1787,-4641,5975,2612,-4556,5638,2801,-4679,5549,0,0,0,189,-123,-89,242.4,1594.9,0.588,-1.471,-0.149,-13.609,-0.844,-82.625,240.9,1,-0.1803,-0.3505,-0.7715,-0.4994,133.7,-4.1,0.0
1420827,2026-08-30_09-32-44.829-240,v3.6.25,3.43,12.0,400,2602,-4225,5660,1505,-4402,6174,2580,-4375,5681,2549,-4440,5791,0,0,0,-31,-65,110,131.5,865.0,0.648,-0.760,-0.177,96.266,-10.969,-141.359,147.8,1,-0.1695,-0.3588,-0.7849,-0.4759,133.4,-4.3,0.0
1420861,2026-08-30_09-32-44.862-240,v3.6.25,3.43,12.0,400,2602,-4225,5660,1505,-4402,6174,2580,-4375,5681,2549,-4440,5791,0,0,0,-31,-65,110,131.5,865.0,0.812,0.032,-0.359,174.938,-9.562,-132.016,147.8,1,-0.1502,-0.3774,-0.7953,-0.4500,132.3,-5.8,0.0
1420916,2026-08-30_09-32-44.918-240,v3.6.25,3.43,12.0,400,3374,-4288,5147,2353,-4445,5780,3354,-4437,5172,3330,-4485,5261,0,0,0,-24,-48,89,103.9,683.7,1.171,0.088,-0.500,238.000,24.828,-80.516,124.7,1,-0.1204,-0.4034,-0.7990,-0.4295,130.8,-8.9,0.0
1420966,2026-08-30_09-32-44.968-240,v3.6.25,3.43,12.0,400,3881,-4479,4657,3000,-4642,5327,3863,-4625,4688,3903,-4684,4709,0,0,0,40,-59,21,74.3,488.9,1.432,0.133,-0.501,293.672,78.594,-109.391,99.8,1,-0.0766,-0.4301,-0.8032,-0.4050,129.4,-13.0,0.0
1420995,2026-08-30_09-32-44.996-240,v3.6.25,3.43,12.0,400,4166,-4579,4320,3404,-4739,4993,4149,-4722,4354,4252,-4783,4314,0,0,0,103,-61,-40,126.2,830.4,1.454,0.349,-0.580,296.828,110.500,-117.672,143.4,1,-0.0276,-0.4529,-0.8059,-0.3803,128.1,-17.5,0.0
1421032,2026-08-30_09-32-44.034-240,v3.6.25,3.43,12.0,400,4545,-4479,4020,3404,-4739,4993,4527,-4620,4055,4252,-4783,4314,0,0,0,-275,-163,259,411.4,2706.8,1.297,0.885,-0.474,264.000,134.422,-109.453,382.7,1,0.0214,-0.4690,-0.8064,-0.3594,127.0,-21.8,0.0
1421076,2026-08-30_09-32-44.078-240,v3.6.25,3.43,12.0,400,4888,-4159,3993,3889,-4535,4812,4869,-4302,4025,4702,-4581,4054,0,0,0,-167,-279,29,326.5,2147.7,0.791,1.211,-0.159,141.703,116.766,-21.969,311.4,1,0.0527,-0.4770,-0.8019,-0.3559,126.6,-25.1,0.0
1421119,2026-08-30_09-32-44.121-240,v3.6.25,3.43,12.0,400,4888,-4159,3993,4124,-4216,4993,4869,-4302,4025,4962,-4260,4189,0,0,0,93,42,164,193.2,1270.8,0.675,0.099,-0.124,56.547,67.656,40.719,199.6,1,0.0665,-0.4827,-0.7947,-0.3619,126.1,-27.1,0.0
1421153,2026-08-30_09-32-44.155-240,v3.6.25,3.43,12.0,400,4835,-3961,4323,4124,-4216,4993,4814,-4109,4351,4962,-4260,4189,0,0,0,148,-151,-162,266.4,1752.4,0.631,-0.421,-0.121,56.516,21.109,7.453,261.0,1,0.0754,-0.4887,-0.7912,-0.3598,125.4,-28.1,0.0
1421183,2026-08-30_09-32-45.184-240,v3.6.25,3.43,12.0,400,4717,-3970,4385,3886,-4086,5276,4696,-4118,4412,4770,-4128,4506,0,0,0,74,-10,94,120.0,789.8,0.724,-0.305,-0.031,61.156,-12.016,-39.562,138.2,1,0.0820,-0.4935,-0.7923,-0.3493,124.6,-28.3,0.0
1421224,2026-08-30_09-32-45.226-240,v3.6.25,3.43,12.0,400,4717,-3970,4385,3978,-4217,5027,4696,-4118,4412,4821,-4261,4248,0,0,0,125,-143,-164,250.9,1650.9,0.880,0.674,0.115,10.453,-37.641,-47.516,248.0,1,0.0804,-0.4932,-0.7967,-0.3399,124.4,-27.6,0.0
1421270,2026-08-30_09-32-45.273-240,v3.6.25,3.43,12.0,400,4898,-4117,4011,3978,-4217,5027,4878,-4260,4042,4821,-4261,4248,0,0,0,-57,-1,206,213.7,1406.2,1.321,1.437,0.023,-133.938,-41.500,42.188,216.8,1,0.0605,-0.4839,-0.7989,-0.3520,125.7,-25.9,0.0
1421300,2026-08-30_09-32-45.302-240,v3.6.25,3.43,12.0,400,4974,-4150,4009,4175,-4317,4819,4955,-4294,4041,4985,-4363,4011,0,0,0,30,-69,-30,81.0,532.9,1.394,1.192,-0.280,-267.141,-28.422,126.125,105.4,1,0.0262,-0.4642,-0.7973,-0.3849,128.2,-23.5,0.0
1421336,2026-08-30_09-32-45.338-240,v3.6.25,3.43,12.0,400,4974,-4150,4009,3713,-4101,5497,4955,-4294,4041,4635,-4141,4752,0,0,0,-320,153,711,794.6,5227.4,1.451,0.496,-0.579,-354.719,-1.266,167.547,704.3,1,-0.0145,-0.4339,-0.7917,-0.4298,131.7,-20.5,0.0
1421441,2026-08-30_09-32-45.443-240,v3.6.25,3.43,12.0,400,3650,-3350,5890,2649,-3538,6474,3624,-3514,5901,3728,-3572,5887,0,0,0,104,-58,-14,119.9,788.8,0.861,-1.052,-0.238,-295.984,45.281,118.938,138.1,1,-0.0412,-0.4024,-0.7866,-0.4666,135.1,-18.1,0.0
1421501,2026-08-30_09-32-45.503-240,v3.6.25,3.43,12.0,400,1882,-2541,6929,1259,-2922,7135,1847,-2701,6924,2439,-2957,6769,0,0,0,592,-256,-155,663.3,4364.1,0.276,-1.021,-0.118,-71.266,-9.141,-54.641,594.2,1,-0.0481,-0.3913,-0.7936,-0.4633,136.0,-16.6,0.0
1421546,2026-08-30_09-32-45.548-240,v3.6.25,3.43,12.0,400,1882,-2541,6929,694,-2679,7257,1847,-2701,6924,1889,-2717,6985,0,0,0,42,-16,61,75.8,498.5,0.407,-0.011,0.193,21.188,-44.812,-70.656,101.0,1,-0.0502,-0.3934,-0.8001,-0.4501,135.4,-15.9,0.0
1421574,2026-08-30_09-32-45.576-240,v3.6.25,3.43,12.0,400,2244,-2669,6736,1212,-2919,7072,2211,-2830,6733,2381,-2955,6716,0,0,0,170,-125,-17,211.7,1392.7,0.839,-0.264,0.328,65.891,-45.906,-55.594,215.1,1,-0.0482,-0.4021,-0.8038,-0.4358,134.3,-15.8,0.0
1421617,2026-08-30_09-32-45.619-240,v3.6.25,3.43,12.0,400,2669,-2993,6428,1212,-2919,7072,2639,-3155,6431,2381,-2955,6716,0,0,0,-258,200,285,433.3,2851.0,1.372,-0.444,-0.088,179.453,-14.500,-101.891,401.1,1,-0.0290,-0.4194,-0.8093,-0.4103,132.6,-17.3,0.0
1421650,2026-08-30_09-32-45.651-240,v3.6.25,3.43,12.0,400,2669,-2993,6428,1773,-3254,6768,2639,-3155,6431,2896,-3290,6324,0,0,0,257,-135,-107,309.4,2035.5,1.479,-0.092,-0.333,247.344,26.078,-143.000,297.1,1,0.0037,-0.4387,-0.8155,-0.3774,130.8,-19.7,0.0
1421678,2026-08-30_09-32-45.680-240,v3.6.25,3.43,12.0,400,3360,-3149,5945,1773,-3254,6768,3332,-3310,5953,2896,-3290,6324,0,0,0,-436,20,371,572.8,3768.6,1.502,0.111,-0.425,278.094,63.531,-162.781,518.2,1,0.0454,-0.4566,-0.8202,-0.3417,128.9,-22.7,0.0
1421857,2026-08-30_09-32-45.858-240,v3.6.25,3.43,12.0,400,6270,-2222,3609,5861,-2164,4518,6238,-2366,3623,6576,-2220,3425,0,0,0,338,146,-198,418.0,2750.3,0.730,0.872,0.077,85.594,96.578,35.859,388.3,1,0.0661,-0.4640,-0.8123,-0.3470,128.4,-25.4,0.0
1421909,2026-08-30_09-32-45.911-240,v3.6.25,3.43,12.0,400,6544,-2002,3392,5861,-2164,4518,6511,-2143,3405,6576,-2220,3425,0,0,0,65,-77,20,102.7,675.9,0.734,-0.113,0.187,86.297,31.078,24.781,123.7,1,0.0780,-0.4745,-0.8059,-0.3453,127.1,-27.0,0.0
1421935,2026-08-30_09-32-45.938-240,v3.6.25,3.43,12.0,400,6392,-2128,3587,5653,-2245,4698,6360,-2272,3600,6400,-2299,3637,0,0,0,40,-27,37,60.8,400.1,0.816,0.223,0.261,87.109,7.641,-7.062,88.5,1,0.0881,-0.4836,-0.8026,-0.3379,125.8,-27.9,0.0
1421970,2026-08-30_09-32-45.972-240,v3.6.25,3.43,12.0,400,6404,-2369,3381,5653,-2245,4698,6373,-2510,3398,6400,-2299,3637,0,0,0,27,211,239,320.0,2105.0,0.896,0.768,0.405,40.219,-11.828,-27.422,306.0,1,0.0918,-0.4868,-0.8034,-0.3304,125.2,-28.0,0.0
1422018,2026-08-30_09-32-45.020-240,v3.6.25,3.43,12.0,400,6404,-2369,3381,5707,-2500,4488,6373,-2510,3398,6423,-2555,3423,0,0,0,50,-45,25,71.8,472.1,1.168,1.437,0.456,-89.891,-22.969,8.109,97.7,1,0.0803,-0.4787,-0.8068,-0.3370,126.4,-26.9,0.0
1422046,2026-08-30_09-32-45.047-240,v3.6.25,3.43,12.0,400,6470,-2414,3244,5788,-2497,4447,6440,-2553,3262,6497,-2552,3369,0,0,0,57,1,107,121.2,797.6,1.269,1.462,0.310,-188.078,-17.594,62.125,139.2,1,0.0580,-0.4631,-0.8087,-0.3580,128.6,-25.2,0.0
1422085,2026-08-30_09-32-45.087-240,v3.6.25,3.43,12.0,400,6314,-2069,3908,5788,-2497,4447,6281,-2219,3918,6497,-2552,3369,0,0,0,216,-333,-549,677.5,4456.9,1.132,1.182,-0.006,-314.922,-2.906,121.266,606.0,1,0.0235,-0.4355,-0.8079,-0.3964,132.1,-22.5,0.0
1422278,2026-08-30_09-32-46.279-240,v3.6.25,3.43,12.0,400,3629,180,6856,2307,316,7466,3577,10,6822,3479,269,6908,0,0,0,-98,259,86,290.0,1907.7,0.573,-0.384,0.470,-66.328,-12.812,-117.703,280.8,1,0.0195,-0.4199,-0.8212,-0.3859,133.8,-20.9,0.0
1422321,2026-08-30_09-32-46.323-240,v3.6.25,3.43,12.0,400,3593,502,6806,2307,316,7466,3538,335,6769,3479,269,6908,0,0,0,-59,-66,139,164.8,1084.2,0.817,0.031,0.651,16.781,-20.281,-73.719,175.8,1,0.0209,-0.4181,-0.8276,-0.3740,133.8,-20.3,0.0
1422349,2026-08-30_09-32-46.351-240,v3.6.25,3.43,12.0,400,4036,489,6541,2777,371,7266,3982,322,6506,3913,323,6633,0,0,0,-69,1,127,144.5,950.9,1.061,-0.003,0.654,62.156,-7.219,-28.375,158.8,1,0.0270,-0.4243,-0.8282,-0.3651,133.1,-20.8,0.0
1422386,2026-08-30_09-32-46.387-240,v3.6.25,3.43,12.0,400,4036,489,6541,3194,245,7133,3982,322,6506,4310,198,6431,0,0,0,328,-124,-75,358.6,2359.1,1.206,-0.145,0.426,125.750,21.250,0.625,338.4,1,0.0422,-0.4387,-0.8236,-0.3569,131.4,-22.5,0.0
1422436,2026-08-30_09-32-46.438-240,v3.6.25,3.43,12.0,400,4351,394,6331,3194,245,7133,4298,227,6299,4310,198,6431,0,0,0,12,-29,132,135.7,892.6,1.226,-0.280,0.088,235.844,66.422,-57.922,151.3,1,0.0762,-0.4585,-0.8192,-0.3360,129.1,-25.7,0.0
1422463,2026-08-30_09-32-46.464-240,v3.6.25,3.43,12.0,400,4763,333,5928,3759,218,6736,4711,169,5899,4807,168,5947,0,0,0,96,-1,48,107.3,706.2,1.248,-0.120,0.066,294.750,103.547,-126.109,127.5,1,0.1233,-0.4760,-0.8159,-0.3043,126.4,-29.4,0.0
1422612,2026-08-30_09-32-46.613-240,v3.6.25,3.43,12.0,400,7204,1004,2623,6410,825,4146,7149,883,2608,7000,746,2964,0,0,0,-149,-137,356,409.5,2694.2,0.310,0.916,0.416,39.438,121.688,116.938,381.1,1,0.1390,-0.4845,-0.8007,-0.3239,125.7,-32.4,0.0
1422651,2026-08-30_09-32-46.653-240,v3.6.25,3.43,12.0,400,7204,1004,2623,6667,994,3967,7149,883,2608,7223,912,2745,0,0,0,74,29,137,158.4,1042.0,0.410,-0.173,0.562,52.266,74.844,110.109,170.4,1,0.1497,-0.4961,-0.7860,-0.3371,124.3,-34.7,0.0
1422699,2026-08-30_09-32-46.701-240,v3.6.25,3.43,12.0,400,7063,941,3035,6405,775,4362,7009,813,3018,7033,699,3176,0,0,0,24,-114,158,196.3,1291.5,0.458,0.377,0.458,81.797,25.312,23.344,202.2,1,0.1602,-0.5055,-0.7792,-0.3342,122.7,-36.0,0.0
1422727,2026-08-30_09-32-46.729-240,v3.6.25,3.43,12.0,400,7012,666,3165,6405,775,4362,6960,535,3151,7033,699,3176,0,0,0,73,164,25,181.2,1192.4,0.434,0.889,0.564,34.672,10.141,13.250,189.6,1,0.1646,-0.5099,-0.7758,-0.3332,122.0,-36.5,0.0
1422755,2026-08-30_09-32-46.756-240,v3.6.25,3.43,12.0,400,7012,666,3165,6437,475,4304,6960,535,3151,7062,401,3114,0,0,0,102,-134,-37,172.4,1134.3,0.589,1.245,0.833,-36.625,4.703,18.031,182.2,1,0.1612,-0.5077,-0.7756,-0.3387,122.5,-36.4,0.0
1422799,2026-08-30_09-32-46.801-240,v3.6.25,3.43,12.0,400,7037,510,3117,6312,563,4612,6986,379,3105,6988,492,3436,0,0,0,2,113,331,349.8,2301.1,1.079,1.381,0.745,-192.656,15.469,73.922,331.0,1,0.1417,-0.4936,-0.7765,-0.3652,125.5,-35.5,0.0
1422850,2026-08-30_09-32-46.852-240,v3.6.25,3.43,12.0,400,6784,825,3706,6312,563,4612,6731,686,3686,6988,492,3436,0,0,0,257,-194,-250,407.7,2682.0,1.076,0.406,0.395,-291.531,54.219,54.344,379.6,1,0.1184,-0.4639,-0.7810,-0.4010,130.7,-33.9,0.0
1423020,2026-08-30_09-32-46.021-240,v3.6.25,3.43,12.0,400,3603,4453,5363,3284,3892,6018,3518,4335,5292,4133,3805,5323,0,0,0,615,-530,31,812.5,5345.1,0.079,-0.331,1.120,-98.750,11.312,-57.391,719.3,1,0.1125,-0.4478,-0.7898,-0.4038,132.9,-32.6,0.0
1423068,2026-08-30_09-32-46.070-240,v3.6.25,3.43,12.0,400,3603,4453,5363,2704,4490,5907,3518,4335,5292,3522,4395,5313,0,0,0,4,60,21,63.7,419.0,0.357,-0.365,1.234,11.297,-8.234,-21.062,90.9,1,0.1136,-0.4482,-0.7916,-0.3996,132.8,-32.6,0.0
1423094,2026-08-30_09-32-46.097-240,v3.6.25,3.43,12.0,400,3396,4574,5363,2547,4575,5898,3310,4459,5291,3361,4479,5332,0,0,0,51,20,41,68.4,450.2,0.614,-0.625,1.143,78.375,-3.359,-14.234,94.9,1,0.1220,-0.4561,-0.7903,-0.3906,131.5,-33.3,0.0
1423138,2026-08-30_09-32-46.140-240,v3.6.25,3.43,12.0,400,3757,4468,5123,2547,4575,5898,3672,4353,5053,3361,4479,5332,0,0,0,-311,126,279,436.4,2871.0,0.829,-0.866,0.816,254.734,27.266,-107.531,403.7,1,0.1552,-0.4724,-0.7903,-0.3581,128.5,-35.7,0.0
1423171,2026-08-30_09-32-47.173-240,v3.6.25,3.43,12.0,400,3757,4468,5123,3253,4412,5552,3672,4353,5053,4011,4315,4873,0,0,0,339,-38,-180,385.7,2537.5,0.796,0.087,0.360,349.594,69.188,-188.156,361.1,1,0.2058,-0.4868,-0.7901,-0.3105,124.5,-38.9,0.0
1423331,2026-08-30_09-32-47.332-240,v3.6.25,3.43,12.0,400,6683,3942,326,6704,3892,1286,6604,3891,293,6738,3753,119,0,0,0,134,-138,-174,259.4,1706.4,-0.225,0.676,1.018,-19.750,86.094,97.703,255.1,1,0.2115,-0.4900,-0.7789,-0.3294,124.6,-40.7,0.0
1423375,2026-08-30_09-32-47.376-240,v3.6.25,3.43,12.0,400,6789,3738,150,6704,3892,1286,6712,3688,121,6738,3753,119,0,0,0,26,65,-2,70.0,460.8,-0.236,-0.112,0.846,-22.016,45.156,17.922,96.2,1,0.2151,-0.4873,-0.7764,-0.3369,125.3,-41.5,0.0
1423405,2026-08-30_09-32-47.407-240,v3.6.25,3.43,12.0,400,6820,3713,274,6732,3788,1441,6743,3660,244,6795,3652,265,0,0,0,52,-8,21,56.6,372.7,-0.205,0.105,0.964,-13.266,24.422,-56.312,85.0,1,0.2200,-0.4792,-0.7811,-0.3344,126.4,-41.6,0.0
1423435,2026-08-30_09-32-47.436-240,v3.6.25,3.43,12.0,400,6820,3713,274,6732,3788,1441,6743,3660,244,6795,3652,265,0,0,0,52,-8,21,56.6,372.7,-0.035,0.665,0.950,-40.141,6.641,-93.344,85.0,1,0.2215,-0.4655,-0.7910,-0.3295,128.4,-41.1,0.0
1423463,2026-08-30_09-32-47.465-240,v3.6.25,3.43,12.0,400,6680,3991,-33,6668,4055,1134,6601,3948,-63,6673,3913,-23,0,0,0,72,-35,40,89.5,588.8,-0.032,0.989,0.910,-87.438,-4.422,-102.688,112.6,1,0.2175,-0.4466,-0.8037,-0.3275,131.4,-39.9,0.0
1423491,2026-08-30_09-32-47.492-240,v3.6.25,3.43,12.0,400,6680,3991,-33,6668,4055,1134,6601,3948,-63,6673,3913,-23,0,0,0,72,-35,40,89.5,588.8,0.161,1.037,0.945,-148.688,-13.703,-84.031,112.6,1,0.2058,-0.4235,-0.8170,-0.3329,135.1,-38.2,0.0
1423517,2026-08-30_09-32-47.519-240,v3.6.25,3.43,12.0,400,6300,4577,-199,6313,4736,862,6216,4545,-235,6257,4584,-228,0,0,0,41,39,7,57.0,375.1,0.308,0.924,0.788,-190.750,-17.781,-86.312,85.3,1,0.1898,-0.3955,-0.8312,-0.3416,139.4,-35.9,0.0
1423778,2026-08-30_09-32-47.779-240,v3.6.25,3.43,12.0,400,1452,7013,2986,1342,7273,2906,1343,6985,2901,1584,7110,2615,0,0,0,241,125,-286,394.3,2594.3,0.121,-0.995,1.106,72.516,-65.250,-4.359,368.4,1,0.1873,-0.4073,-0.8312,-0.3288,137.2,-35.4,0.0
1423806,2026-08-30_09-32-47.808-240,v3.6.25,3.43,12.0,400,1452,7013,2986,1099,7056,3474,1343,6985,2901,1444,6902,3211,0,0,0,101,-83,310,336.4,2213.4,0.252,-0.720,1.254,152.406,-49.203,-27.125,319.8,1,0.1945,-0.4243,-0.8296,-0.3064,134.0,-35.6,0.0
1423839,2026-08-30_09-32-47.840-240,v3.6.25,3.43,12.0,400,1794,6775,3307,1099,7056,3474,1688,6735,3223,1444,6902,3211,0,0,0,-244,167,-12,295.9,1946.8,0.411,-0.369,1.246,231.516,-11.938,-64.719,285.8,1,0.2148,-0.4434,-0.8258,-0.2743,129.9,-36.7,0.0
1423959,2026-08-30_09-32-47.960-240,v3.6.25,3.43,12.0,400,3920,6400,1812,3394,6566,2747,3819,6363,1742,3624,6415,2109,0,0,0,-195,52,367,418.8,2755.5,-0.114,1.728,0.839,94.641,127.562,-43.016,388.9,1,0.2428,-0.4430,-0.8199,-0.2694,129.4,-39.6,0.0
1424015,2026-08-30_09-32-47.017-240,v3.6.25,3.43,12.0,400,4363,6364,454,4279,6591,1293,4262,6351,393,4258,6423,538,0,0,0,-4,72,145,161.9,1065.4,-0.143,1.020,0.722,-62.266,130.047,114.969,173.4,1,0.2516,-0.4430,-0.8074,-0.2976,130.4,-42.1,0.0
1424072,2026-08-30_09-32-47.074-240,v3.6.25,3.43,12.0,400,4406,6323,-449,4457,6590,427,4305,6328,-503,4287,6411,-337,0,0,0,-18,83,166,186.5,1226.7,-0.326,-0.023,0.821,-79.328,105.125,154.359,193.9,1,0.2537,-0.4464,-0.7924,-0.3292,131.2,-44.1,0.0
1424121,2026-08-30_09-32-47.123-240,v3.6.25,3.43,12.0,400,4406,6323,-449,4561,6535,285,4305,6328,-503,4367,6355,-493,0,0,0,62,27,10,68.4,449.7,-0.247,-0.306,1.127,-44.953,72.250,130.188,94.8,1,0.2550,-0.4521,-0.7790,-0.3519,131.3,-45.7,0.0
1424149,2026-08-30_09-32-47.152-240,v3.6.25,3.43,12.0,400,4568,6212,-455,4739,6370,365,4468,6215,-508,4563,6193,-445,0,0,0,95,-22,63,116.1,763.8,-0.168,-0.395,1.178,-26.828,50.188,100.438,134.9,1,0.2559,-0.4574,-0.7681,-0.3678,131.2,-46.9,0.0
1424188,2026-08-30_09-32-48.190-240,v3.6.25,3.43,12.0,400,4767,6078,-420,4739,6370,365,4669,6077,-471,4563,6193,-445,0,0,0,-106,116,26,159.3,1047.9,-0.051,-0.330,1.179,8.672,19.703,27.094,171.1,1,0.2588,-0.4602,-0.7641,-0.3706,130.9,-47.4,0.0
1424226,2026-08-30_09-32-48.228-240,v3.6.25,3.43,12.0,400,4767,6078,-420,4925,6251,385,4669,6077,-471,4755,6076,-458,0,0,0,86,-1,13,87.0,572.3,-0.070,0.271,1.185,0.438,-10.953,-10.047,110.4,1,0.2582,-0.4601,-0.7654,-0.3685,130.8,-47.3,0.0
1424255,2026-08-30_09-32-48.256-240,v3.6.25,3.43,12.0,400,4844,6016,-463,4960,6226,413,4746,6014,-513,4795,6051,-436,0,0,0,49,37,77,98.5,647.9,-0.111,0.575,1.108,-31.406,-45.781,-12.938,120.1,1,0.2499,-0.4590,-0.7697,-0.3666,130.9,-46.2,0.0
1424307,2026-08-30_09-32-48.308-240,v3.6.25,3.43,12.0,400,4790,6083,-206,4960,6226,413,4692,6077,-259,4795,6051,-436,0,0,0,103,-26,-177,206.4,1358.1,-0.148,0.358,1.091,-92.016,-99.516,-10.656,210.7,1,0.2284,-0.4558,-0.7781,-0.3669,131.6,-43.6,0.0
1424337,2026-08-30_09-32-48.339-240,v3.6.25,3.43,12.0,400,4604,6243,564,4731,6346,974,4505,6224,504,4660,6178,149,0,0,0,155,-46,-355,390.1,2566.3,-0.137,0.272,0.916,-108.812,-128.469,-25.641,364.8,1,0.2018,-0.4508,-0.7892,-0.3649,132.2,-40.4,0.0
1424486,2026-08-30_09-32-48.487-240,v3.6.25,3.46,12.0,400,3879,6232,2774,3589,6396,3253,3780,6174,2700,3910,6255,2569,0,0,0,130,81,-131,201.5,1326.0,0.406,-0.169,1.387,-59.781,-113.391,-65.344,206.6,1,0.1833,-0.4457,-0.8012,-0.3548,132.5,-37.6,0.0
1424542,2026-08-30_09-32-48.543-240,v3.6.25,3.46,12.0,400,3514,5969,3661,3006,6116,4169,3417,5896,3584,3491,5987,3563,0,0,0,74,91,-21,119.2,783.9,0.593,0.044,1.336,17.422,-51.469,-72.016,137.4,1,0.1808,-0.4439,-0.8086,-0.3412,132.3,-36.5,0.0
1424571,2026-08-30_09-32-48.573-240,v3.6.25,3.46,12.0,400,3516,5718,4012,2862,5763,4592,3421,5636,3936,3427,5642,4001,0,0,0,6,6,65,65.6,431.3,0.318,0.209,1.161,49.844,-18.422,-71.219,92.5,1,0.1858,-0.4436,-0.8135,-0.3270,131.8,-36.3,0.0
1424599,2026-08-30_09-32-48.600-240,v3.6.25,3.46,12.0,400,3759,5643,3850,2862,5763,4592,3665,5561,3776,3427,5642,4001,0,0,0,-238,81,225,337.4,2219.7,0.282,0.110,0.959,76.594,11.578,-68.422,320.6,1,0.1973,-0.4446,-0.8159,-0.3126,131.2,-36.9,0.0
1424646,2026-08-30_09-32-48.648-240,v3.6.25,3.46,12.0,400,3759,5643,3850,3195,5702,4432,3665,5561,3776,3734,5580,3788,0,0,0,69,19,12,72.6,477.4,0.196,0.075,1.013,134.094,57.344,-112.562,98.4,1,0.2218,-0.4444,-0.8176,-0.2911,130.3,-38.4,0.0
1424675,2026-08-30_09-32-48.677-240,v3.6.25,3.46,12.0,400,4181,5688,3232,3816,5814,3682,4087,5614,3161,4223,5684,2950,0,0,0,136,70,-211,260.6,1714.5,0.174,0.541,0.706,147.359,81.844,-128.562,256.2,1,0.2513,-0.4421,-0.8182,-0.2681,129.3,-40.4,0.0
1425013,2026-08-30_09-32-48.014-240,v3.6.25,3.46,12.0,400,4124,6004,-2634,4231,6347,-2529,4024,6058,-2671,3555,6126,-3183,0,0,0,-469,68,-512,697.7,4589.9,-0.928,1.111,0.568,-38.078,35.812,-23.703,623.0,1,0.2545,-0.4343,-0.8200,-0.2724,130.7,-40.8,0.0
1425067,2026-08-30_09-32-48.069-240,v3.6.25,3.46,12.0,400,3580,5995,-3176,4231,6347,-2529,3479,6068,-3210,3555,6126,-3183,0,0,0,76,58,27,99.3,653.6,-0.986,0.798,0.673,-122.688,-7.047,126.609,120.8,1,0.2385,-0.4363,-0.8150,-0.2978,131.6,-40.4,0.0
1425095,2026-08-30_09-32-48.097-240,v3.6.25,3.46,12.0,400,3606,6066,-2923,4165,6375,-2282,3505,6133,-2959,3531,6157,-2930,0,0,0,26,24,29,45.7,301.0,-0.906,0.619,0.735,-147.031,-20.406,161.281,75.8,1,0.2168,-0.4396,-0.8076,-0.3279,132.5,-39.7,0.0
1425126,2026-08-30_09-32-48.127-240,v3.6.25,3.46,12.0,400,4036,6135,-2135,4165,6375,-2282,3935,6180,-2177,3531,6157,-2930,0,0,0,-404,-23,-753,854.8,5624.0,-0.183,-0.161,1.403,-138.062,-20.328,158.594,754.9,1,0.1960,-0.4430,-0.7989,-0.3564,133.1,-39.0,0.0
1425183,2026-08-30_09-32-49.184-240,v3.6.25,3.46,12.0,400,4212,6234,-1694,4495,6406,-1349,4111,6268,-1739,4022,6203,-2076,0,0,0,-89,-65,-337,354.6,2332.7,-0.260,0.003,0.928,-56.047,1.688,-1.953,335.0,1,0.1914,-0.4372,-0.8009,-0.3616,134.1,-38.5,0.0
1425226,2026-08-30_09-32-49.228-240,v3.6.25,3.46,12.0,400,4212,6234,-1694,4506,6528,-946,4111,6268,-1739,4100,6330,-1685,0,0,0,-11,62,54,83.0,545.7,-0.629,-0.516,0.982,3.578,6.422,-94.328,107.1,1,0.1962,-0.4282,-0.8091,-0.3514,135.1,-38.2,0.0
1425254,2026-08-30_09-32-49.255-240,v3.6.25,3.46,12.0,400,4020,6372,-1698,4237,6692,-1184,3918,6409,-1745,3786,6488,-1871,0,0,0,-132,79,-126,198.8,1308.2,-0.842,-0.704,1.128,81.688,-1.594,-220.969,204.3,1,0.2111,-0.4148,-0.8256,-0.3190,135.9,-37.8,0.0
1425301,2026-08-30_09-32-49.303-240,v3.6.25,3.46,12.0,400,3401,6561,-2284,4237,6692,-1184,3296,6620,-2330,3786,6488,-1871,0,0,0,490,-132,459,684.3,4501.7,-1.143,-0.003,0.552,166.812,-22.984,-360.469,611.7,1,0.2340,-0.3958,-0.8490,-0.2605,136.4,-37.1,0.0
1425534,2026-08-30_09-32-49.535-240,v3.6.25,3.46,12.0,400,-1125,7219,-1876,-493,7597,-2205,-1241,7330,-1933,-1140,7350,-2058,0,0,0,101,20,-125,161.9,1065.4,-0.434,0.154,0.875,52.469,-30.656,-130.875,173.4,1,0.2384,-0.3888,-0.8575,-0.2380,136.5,-36.4,0.0
1425562,2026-08-30_09-32-49.564-240,v3.6.25,3.46,12.0,400,-1573,7239,-1407,-1078,7625,-1727,-1690,7345,-1468,-1643,7382,-1491,0,0,0,47,37,-23,64.1,421.6,-0.489,-0.032,1.099,63.000,-26.578,-146.406,91.2,1,0.2445,-0.3808,-0.8660,-0.2128,136.7,-35.8,0.0
1425591,2026-08-30_09-32-49.592-240,v3.6.25,3.46,12.0,400,-1573,7239,-1407,-1078,7625,-1727,-1690,7345,-1468,-1643,7382,-1491,0,0,0,47,37,-23,64.1,421.6,-0.521,-0.100,1.010,74.531,-30.406,-164.797,91.2,1,0.2513,-0.3718,-0.8745,-0.1838,136.9,-35.2,0.0
1425621,2026-08-30_09-32-49.623-240,v3.6.25,3.46,12.0,400,-1933,7230,-916,-1571,7631,-1183,-2050,7330,-980,-2043,7393,-876,0,0,0,7,63,104,121.8,801.3,-0.858,-0.061,1.150,89.125,-29.891,-176.641,139.7,1,0.2593,-0.3627,-0.8822,-0.1516,137.0,-34.6,0.0
1425650,2026-08-30_09-32-49.651-240,v3.6.25,3.46,12.0,400,-2251,7209,-239,-1571,7631,-1183,-2368,7299,-307,-2043,7393,-876,0,0,0,325,94,-569,662.0,4355.2,-0.752,0.070,1.005,95.578,-35.859,-179.281,593.0,1,0.2664,-0.3536,-0.8889,-0.1179,137.1,-33.8,0.0
1425698,2026-08-30_09-32-49.700-240,v3.6.25,3.46,12.0,400,-2251,7209,-239,-2027,7585,-581,-2368,7299,-307,-2394,7354,-210,0,0,0,-26,55,97,114.5,753.3,-1.239,-0.311,0.834,114.109,-46.172,-189.984,133.5,1,0.2729,-0.3452,-0.8944,-0.0798,136.9,-32.9,0.0
1426293,2026-08-30_09-32-50.294-240,v3.6.25,3.46,12.0,400,-1763,7180,-1336,-730,7678,-1945,-1880,7287,-1397,-1334,7433,-1764,0,0,0,546,146,-367,673.9,4433.5,-1.043,0.514,0.667,237.328,26.297,-300.422,603.0,1,0.2999,-0.3351,-0.8929,-0.0192,135.4,-33.3,0.0
1426356,2026-08-30_09-32-50.358-240,v3.6.25,3.46,12.0,400,-2190,7148,-855,-1553,7567,-1487,-2307,7250,-918,-2076,7325,-1175,0,0,0,231,75,-257,353.6,2326.3,-0.781,0.138,0.982,173.797,25.922,-218.500,334.2,1,0.3200,-0.3271,-0.8888,0.0249,134.2,-33.5,0.0
1426383,2026-08-30_09-32-50.385-240,v3.6.25,3.46,12.0,400,-2190,7148,-855,-1976,7537,-1075,-2307,7250,-918,-2428,7299,-701,0,0,0,-121,49,217,253.2,1666.1,-1.451,-0.148,0.820,220.406,17.234,-269.391,250.0,1,0.3413,-0.3167,-0.8813,0.0808,132.7,-33.4,0.0
1426429,2026-08-30_09-32-50.430-240,v3.6.25,3.46,12.0,400,-2424,7131,-401,-2249,7509,-397,-2541,7226,-467,-2583,7280,7,0,0,0,-42,54,474,478.9,3150.7,-0.946,0.135,0.652,261.094,5.391,-290.125,439.4,1,0.3613,-0.3064,-0.8688,0.1442,130.9,-32.6,0.0
1426472,2026-08-30_09-32-50.474-240,v3.6.25,3.46,12.0,400,-2446,7157,351,-2249,7509,-397,-2563,7236,279,-2583,7280,7,0,0,0,-20,44,-272,276.3,1817.5,-0.913,0.215,0.378,245.844,6.188,-211.688,269.3,1,0.3751,-0.3036,-0.8534,0.1971,128.7,-31.4,0.0
1426498,2026-08-30_09-32-50.500-240,v3.6.25,3.46,12.0,400,-2086,7239,915,-2144,7564,399,-2203,7302,839,-2342,7347,765,0,0,0,-139,45,-74,163.8,1077.5,-0.171,0.311,0.578,228.359,10.484,-152.844,174.9,1,0.3852,-0.3060,-0.8365,0.2414,126.5,-29.8,0.0
1426541,2026-08-30_09-32-50.543-240,v3.6.25,3.46,12.0,400,-2086,7239,915,-1549,7710,751,-2203,7302,839,-1688,7500,1007,0,0,0,515,198,168,576.8,3794.5,-0.032,0.096,0.852,209.797,19.188,-67.984,521.5,1,0.3903,-0.3176,-0.8194,0.2746,123.9,-27.7,0.0
1426586,2026-08-30_09-32-50.588-240,v3.6.25,3.46,12.0,400,-1421,7424,998,-1549,7710,751,-1538,7478,919,-1688,7500,1007,0,0,0,-150,22,88,175.3,1153.3,0.032,0.138,0.621,248.500,41.812,-81.469,184.6,1,0.3984,-0.3314,-0.7962,0.3122,120.8,-25.3,0.0
1426650,2026-08-30_09-32-50.652-240,v3.6.25,3.46,12.0,400,-610,7559,733,-637,7862,667,-727,7608,655,-794,7654,768,0,0,0,-67,46,113,139.2,915.7,-0.063,0.207,-0.039,271.016,73.562,-108.438,154.3,1,0.4116,-0.3444,-0.7668,0.3520,117.4,-22.9,0.0
1427117,2026-08-30_09-32-50.118-240,v3.6.25,3.46,12.0,400,-4937,1474,-5515,-3604,2205,-6428,-5019,1685,-5489,-4873,1917,-5639,0,0,0,146,232,-150,312.5,2055.8,-0.719,0.038,-1.111,-222.734,70.453,-44.500,299.7,1,0.4290,-0.3255,-0.7786,0.3221,118.2,-27.3,0.0
1427169,2026-08-30_09-32-51.170-240,v3.6.25,3.46,12.0,400,-5229,367,-5634,-4111,927,-6470,-5303,580,-5595,-5361,644,-5591,0,0,0,-58,64,4,86.5,568.8,-0.590,-0.025,-1.180,-269.328,58.047,30.094,110.0,1,0.4390,-0.3112,-0.7949,0.2801,119.6,-31.6,0.0
1427578,2026-08-30_09-32-51.579-240,v3.6.25,3.46,12.0,400,-4120,-6516,-753,-4097,-6209,-1446,-4138,-6452,-669,-4335,-6372,-681,0,0,0,-197,80,-12,213.0,1401.1,-0.885,-2.083,-0.608,-154.859,21.516,-73.578,216.2,1,0.4489,-0.2902,-0.8026,0.2648,121.4,-34.5,0.0
1427606,2026-08-30_09-32-51.608-240,v3.6.25,3.46,12.0,400,-3487,-6846,-985,-3409,-6624,-1599,-3502,-6787,-896,-3664,-6784,-948,0,0,0,-162,3,-52,170.2,1119.5,-1.766,-3.508,-0.921,155.984,-5.609,-468.250,180.3,1,0.4748,-0.2379,-0.7826,0.3248,122.6,-36.1,0.0
1427756,2026-08-30_09-32-51.757-240,v3.6.25,3.46,12.0,400,-668,-7578,752,-1533,-7436,1023,-672,-7596,839,-1318,-7544,1289,0,0,0,-646,52,450,789.0,5190.8,-2.203,1.310,-0.871,-264.609,-186.750,172.641,699.6,1,0.4442,-0.2309,-0.8186,0.2816,128.5,-36.7,0.0
1427806,2026-08-30_09-32-51.807-240,v3.6.25,3.46,12.0,400,-668,-7578,752,-927,-7541,559,-672,-7596,839,-789,-7652,733,0,0,0,-117,-56,-106,167.5,1102.1,-0.929,-0.486,0.945,-143.219,-47.750,47.203,178.0,1,0.4371,-0.2234,-0.8314,0.2603,130.9,-37.6,0.0
1427875,2026-08-30_09-32-51.876-240,v3.6.25,3.46,12.0,400,-288,-7660,-690,-670,-7593,-251,-291,-7652,-592,-671,-7714,-101,0,0,0,-380,-62,491,624.0,4105.0,0.919,0.355,-1.890,-85.781,-51.609,-121.406,561.1,1,0.4384,-0.1963,-0.8374,0.2609,134.0,-39.2,0.0
1427911,2026-08-30_09-32-51.913-240,v3.6.25,3.46,12.0,400,-288,-7660,-690,26,-7573,-842,-291,-7652,-592,-77,-7699,-797,0,0,0,214,-47,-205,300.0,1974.0,0.274,0.216,-0.274,-111.812,-39.422,-76.734,289.3,1,0.4394,-0.1738,-0.8441,0.2535,137.0,-40.8,0.0
1427988,2026-08-30_09-32-51.989-240,v3.6.25,3.46,12.0,400,963,-7408,-1999,852,-7431,-1429,958,-7387,-1895,644,-7563,-1511,0,0,0,-314,-176,384,526.3,3462.7,0.509,-0.455,-1.188,-18.812,-73.156,-229.922,479.2,1,0.4403,-0.1361,-0.8443,0.2735,140.7,-42.0,0.0
1428165,2026-08-30_09-32-52.166-240,v3.6.25,3.46,12.0,400,672,-6187,-4805,1455,-6065,-4513,656,-6096,-4697,687,-6247,-4626,0,0,0,31,-151,71,169.7,1116.5,-0.004,0.415,-0.939,-82.000,-78.234,-11.125,179.9,1,0.4315,-0.1233,-0.8536,0.2645,143.7,-42.2,0.0
1428201,2026-08-30_09-32-52.202-240,v3.6.25,3.46,12.0,400,621,-5744,-5350,1455,-5527,-5118,601,-5639,-5244,572,-5721,-5218,0,0,0,-29,-82,26,90.8,597.2,0.139,-1.310,-1.028,-89.594,-66.391,-39.062,113.6,1,0.4251,-0.1065,-0.8611,0.2579,146.8,-42.6,0.0
1428231,2026-08-30_09-32-52.233-240,v3.6.25,3.46,12.0,400,871,-5285,-5804,1455,-5527,-5118,848,-5171,-5700,572,-5721,-5218,0,0,0,-276,-550,482,781.7,5142.5,-0.147,-3.077,-0.838,124.516,-66.625,-354.719,693.5,1,0.4235,-0.0660,-0.8486,0.3100,149.4,-42.7,0.0
1428276,2026-08-30_09-32-52.278-240,v3.6.25,3.46,12.0,400,871,-5285,-5804,1782,-4999,-5633,848,-5171,-5700,799,-5203,-5777,0,0,0,-49,-32,-77,96.7,636.3,-2.316,-1.498,-1.261,451.938,-89.281,-512.000,118.6,1,0.4069,-0.0320,-0.8119,0.4175,149.6,-39.3,0.0
1428457,2026-08-30_09-32-52.458-240,v3.6.25,3.46,12.0,400,-6788,-3415,-1063,-6312,-3498,-1992,-6834,-3297,-1012,-6700,-3697,-838,0,0,0,134,-400,174,456.3,3002.1,0.186,0.811,-0.463,-39.922,-114.141,137.641,420.4,1,0.3873,-0.0385,-0.8294,0.4007,151.8,-37.7,0.0
1428486,2026-08-30_09-32-52.488-240,v3.6.25,3.46,12.0,400,-6788,-3415,-1063,-6499,-2788,-2636,-6834,-3297,-1012,-7013,-3002,-1435,0,0,0,-179,295,-423,545.9,3591.4,-0.602,0.454,-0.284,-202.016,-119.656,336.344,495.6,1,0.3663,-0.0559,-0.8630,0.3433,154.4,-36.4,0.0
1428640,2026-08-30_09-32-52.641-240,v3.6.25,3.46,12.0,400,-4631,-1669,-6002,-4164,-1127,-6148,-4689,-1464,-5939,-5317,-1391,-5265,0,0,0,-628,73,674,924.1,6079.7,-0.472,-0.270,-0.468,85.547,-71.984,-326.188,813.0,1,0.3626,-0.0179,-0.8477,0.3868,157.1,-36.9,0.0
1428751,2026-08-30_09-32-52.752-240,v3.6.25,3.46,12.0,400,-6337,-1864,-3815,-5471,-1408,-4932,-6395,-1685,-3764,-6409,-1659,-3854,0,0,0,-14,26,-90,94.7,623.2,0.275,0.201,-0.706,-165.406,17.719,-36.875,116.9,1,0.3761,0.0015,-0.8501,0.3687,159.0,-39.8,0.0
1428801,2026-08-30_09-32-52.803-240,v3.6.25,3.46,12.0,400,-6427,-2452,-3483,-5694,-2092,-4542,-6481,-2282,-3428,-6551,-2334,-3434,0,0,0,-70,-52,-6,87.4,575.0,0.553,-1.701,-0.780,-157.453,50.781,-108.172,110.8,1,0.3954,0.0266,-0.8449,0.3594,160.8,-43.4,0.0
1429168,2026-08-30_09-32-53.169-240,v3.6.25,3.46,12.0,400,-591,-7558,821,-658,-7552,370,-595,-7578,907,-553,-7664,502,0,0,0,42,-86,-405,416.2,2737.9,-0.117,-0.852,-1.609,180.594,-58.531,-281.234,386.7,1,0.3834,0.0507,-0.8265,0.4090,161.8,-42.5,0.0
1429221,2026-08-30_09-32-53.223-240,v3.6.25,3.46,12.0,400,-498,-7628,328,-658,-7552,370,-502,-7639,418,-553,-7664,502,0,0,0,-51,-25,84,101.4,667.1,-0.466,0.624,-1.825,107.312,-54.891,-257.500,122.5,1,0.3751,0.0784,-0.8093,0.4452,163.7,-42.6,0.0
1429250,2026-08-30_09-32-53.252-240,v3.6.25,3.46,12.0,400,-163,-7688,-4,-283,-7623,62,-166,-7696,89,-229,-7737,137,0,0,0,-63,-41,48,89.2,586.7,0.107,0.717,-1.691,14.828,-57.531,-172.984,112.3,1,0.3706,0.1037,-0.7994,0.4613,166.0,-43.5,0.0
1429281,2026-08-30_09-32-53.283-240,v3.6.25,3.46,12.0,400,273,-7651,-558,-283,-7623,62,269,-7653,-461,-229,-7737,137,0,0,0,-498,-84,598,782.7,5149.5,0.206,0.548,-1.513,-64.281,-59.516,-100.234,694.3,1,0.3699,0.1270,-0.7967,0.4607,168.7,-44.9,0.0
1429326,2026-08-30_09-32-53.328-240,v3.6.25,3.46,12.0,400,273,-7651,-558,307,-7601,-460,269,-7653,-461,270,-7720,-472,0,0,0,1,-67,-11,67.9,446.7,0.127,-0.504,-0.891,-94.859,-62.031,-113.172,94.4,1,0.3711,0.1545,-0.7932,0.4575,172.1,-46.9,0.0
1429355,2026-08-30_09-32-53.357-240,v3.6.25,3.46,12.0,400,863,-7574,-1163,1066,-7471,-1039,860,-7570,-1063,926,-7596,-1168,0,0,0,66,-26,-105,126.7,833.7,-0.021,-1.548,-0.980,-7.453,-63.500,-262.234,143.8,1,0.3661,0.1923,-0.7749,0.4780,175.5,-48.7,0.0
1429917,2026-08-30_09-32-53.918-240,v3.6.25,3.47,12.0,400,404,-103,-7720,2000,-89,-7624,341,80,-7661,574,-352,-7764,0,0,0,233,-432,-103,501.5,3299.5,-0.329,0.257,-0.429,-186.703,-3.797,-16.828,458.3,1,0.3817,0.2106,-0.7758,0.4561,178.0,-51.7,0.0
1429961,2026-08-30_09-32-53.963-240,v3.6.25,3.47,12.0,400,404,-103,-7720,1852,435,-7635,341,80,-7661,413,167,-7750,0,0,0,72,87,-89,143.8,946.0,-0.009,-0.235,-0.761,-138.922,34.406,-55.984,158.1,1,0.3981,0.2269,-0.7696,0.4448,179.5,-54.5,0.0
1430009,2026-08-30_09-32-53.010-240,v3.6.25,3.47,12.0,400,771,75,-7751,2140,501,-7580,707,255,-7693,709,234,-7746,0,0,0,2,-21,-53,57.0,375.3,-1.127,-2.733,-0.672,113.547,39.344,-404.281,85.3,1,0.3933,0.2649,-0.7293,0.4932,179.8,-56.6,0.0
1430037,2026-08-30_09-32-53.039-240,v3.6.25,3.47,12.0,400,104,-27,-7767,2140,501,-7580,40,162,-7708,709,234,-7746,0,0,0,669,72,-38,673.9,4433.8,-2.121,-1.331,-1.351,291.344,24.078,-512.000,603.0,1,0.3664,0.3020,-0.6735,0.5665,179.1,-56.7,0.0
1430268,2026-08-30_09-32-54.269-240,v3.6.25,3.47,12.0,400,-7129,-2633,-1251,-6875,-2197,-2231,-7182,-2503,-1208,-7331,-2411,-976,0,0,0,-149,92,232,290.7,1912.3,0.311,-0.586,-1.330,-388.375,3.172,204.891,281.4,1,0.4072,0.3039,-0.6963,0.5069,181.2,-61.1,0.0
1430328,2026-08-30_09-32-54.329-240,v3.6.25,3.47,12.0,400,-6364,-3407,-3086,-5872,-2988,-4025,-6411,-3251,-3023,-6621,-3218,-2898,0,0,0,-210,33,125,246.6,1622.4,0.447,-2.238,-0.836,-169.859,53.406,-124.594,244.4,1,0.4299,0.3252,-0.6791,0.4983,181.8,-65.2,0.0
1430503,2026-08-30_09-32-54.504-240,v3.6.25,3.47,12.0,400,-4014,-6569,-1056,-4169,-5888,-2305,-4032,-6501,-970,-4561,-6066,-1507,0,0,0,-529,435,-537,870.3,5725.7,-0.382,-0.544,-1.468,-31.281,64.234,-326.328,767.8,1,0.4374,0.3614,-0.6396,0.5186,181.4,-69.1,0.0
1430855,2026-08-30_09-32-54.856-240,v3.6.25,3.47,12.0,400,1716,-7013,-2760,2051,-6908,-2380,1709,-6983,-2656,1669,-7051,-2646,0,0,0,-40,-68,10,79.5,523.2,0.544,-0.053,-0.831,-142.281,-17.750,-98.875,104.2,1,0.4498,0.3835,-0.6282,0.5060,185.0,-72.4,0.0
1430915,2026-08-30_09-32-54.916-240,v3.6.25,3.47,12.0,400,3281,-6060,-3612,3162,-6481,-2381,3269,-6028,-3512,2772,-6622,-2838,0,0,0,-497,-594,674,1026.7,6754.6,-0.071,1.066,-0.919,-23.000,-29.734,-311.859,899.1,1,0.4439,0.4255,-0.5949,0.5177,190.9,-75.6,0.0
1430957,2026-08-30_09-32-54.958-240,v3.6.25,3.47,12.0,400,3281,-6060,-3612,3829,-5824,-3167,3269,-6028,-3512,3290,-5977,-3720,0,0,0,21,51,-208,215.2,1415.7,0.057,0.272,-0.960,-6.609,-47.156,-335.906,218.0,1,0.4321,0.4696,-0.5588,0.5297,199.9,-78.6,0.0
1431089,2026-08-30_09-32-54.091-240,v3.6.25,3.47,12.0,400,2061,-3818,-6543,3356,-3970,-5781,2029,-3697,-6450,2328,-4175,-6193,0,0,0,299,-478,257,619.6,4076.5,0.300,0.141,-0.486,-114.266,-43.328,-56.172,557.5,1,0.4396,0.4858,-0.5518,0.5160,210.2,-80.6,0.0
1431117,2026-08-30_09-32-54.119-240,v3.6.25,3.47,12.0,400,2061,-3818,-6543,3124,-3212,-6323,2029,-3697,-6450,1986,-3431,-6683,0,0,0,-43,266,-233,356.2,2343.6,0.582,-0.074,-0.856,-146.953,-31.391,-9.016,336.4,1,0.4529,0.4964,-0.5485,0.4976,224.0,-82.2,0.0
1431145,2026-08-30_09-32-54.146-240,v3.6.25,3.47,12.0,400,2209,-3232,-6780,3124,-3212,-6323,2172,-3105,-6692,1986,-3431,-6683,0,0,0,-186,-326,9,375.4,2470.0,0.529,-0.156,-0.767,-148.391,-12.984,-4.219,352.5,1,0.4679,0.5043,-0.5440,0.4804,241.7,-83.5,0.0
1431175,2026-08-30_09-32-55.177-240,v3.6.25,3.47,12.0,400,2715,-2759,-6835,3685,-2625,-6265,2676,-2635,-6751,2546,-2844,-6723,0,0,0,-130,-209,28,247.7,1629.7,-0.615,-0.204,-0.958,-63.828,-37.469,-149.609,245.3,1,0.4654,0.5278,-0.5276,0.4759,265.1,-83.4,0.0
1431218,2026-08-30_09-32-55.219-240,v3.6.25,3.47,12.0,400,2715,-2759,-6835,3541,-2018,-6737,2676,-2635,-6751,2308,-2249,-7160,0,0,0,-368,386,-409,672.1,4421.6,-0.982,-1.158,-0.406,42.359,-13.750,-362.031,601.5,1,0.4432,0.5682,-0.4872,0.4933,288.3,-83.0,0.0
1431264,2026-08-30_09-32-55.266-240,v3.6.25,3.47,12.0,400,1988,-2186,-7351,3541,-2018,-6737,1943,-2039,-7271,2308,-2249,-7160,0,0,0,365,-210,111,435.5,2865.0,-2.902,-2.005,-0.870,335.672,-68.719,-512.000,402.9,1,0.3703,0.6150,-0.4413,0.5385,282.0,-81.5,0.0
1431327,2026-08-30_09-32-55.328-240,v3.6.25,3.47,12.0,400,-1326,-1636,-7343,799,-1280,-7695,-1380,-1445,-7270,-615,-1542,-7626,0,0,0,765,-97,-356,849.3,5587.7,-1.746,1.017,-1.510,350.109,-120.375,-512.000,750.2,1,0.2875,0.6591,-0.3937,0.5726,280.2,-78.9,0.0
1431381,2026-08-30_09-32-55.382-240,v3.6.25,3.47,12.0,400,-5693,-1264,-4445,-4467,-833,-5671,-5755,-1077,-4396,-5544,-1094,-4748,0,0,0,211,-17,-352,410.7,2702.3,-0.453,1.508,-1.123,179.312,-117.906,-354.500,382.2,1,0.2349,0.6909,-0.3561,0.5837,286.6,-76.9,0.0
1431486,2026-08-30_09-32-55.488-240,v3.6.25,3.47,12.0,400,-7491,-1405,-70,-7252,-1144,-1433,-7553,-1290,-48,-7592,-1355,-134,0,0,0,-39,-65,-86,114.6,754.2,0.359,0.169,-0.911,-320.844,-129.031,153.797,133.7,1,0.2815,0.7029,-0.3661,0.5410,304.9,-75.2,0.0
1431907,2026-08-30_09-32-55.908-240,v3.6.25,3.47,12.0,400,85,-7359,-2294,471,-7215,-2273,78,-7320,-2189,113,-7362,-2270,0,0,0,35,-42,-81,97.7,642.9,-0.810,0.304,-0.032,125.406,161.391,-440.781,119.5,1,0.2464,0.7144,-0.3017,0.5812,314.5,-78.3,0.0
1432138,2026-08-30_09-32-55.139-240,v3.6.25,3.47,12.0,400,2411,-7002,1584,2231,-7059,1872,2407,-7074,1661,2586,-7139,1472,0,0,0,179,-65,-189,268.3,1765.2,-0.273,-0.861,-0.429,96.250,-18.719,-81.125,262.6,1,0.2251,0.7186,-0.2965,0.5873,309.7,-77.9,0.0
1432164,2026-08-30_09-32-56.167-240,v3.6.25,3.47,12.0,400,2411,-7002,1584,1997,-7091,1992,2407,-7074,1661,2374,-7170,1629,0,0,0,-33,-96,-32,106.4,700.2,-0.557,-0.611,0.047,209.750,-28.781,-228.062,126.8,1,0.1775,0.7286,-0.2754,0.6014,303.6,-77.0,0.0
1432199,2026-08-30_09-32-56.201-240,v3.6.25,3.47,12.0,400,2399,-7093,1214,1997,-7091,1992,2396,-7158,1294,2374,-7170,1629,0,0,0,-22,-12,335,335.9,2210.1,0.085,-1.121,-1.525,374.875,-25.391,-473.266,319.4,1,0.0896,0.7408,-0.2243,0.6268,297.3,-75.7,0.0
1432966,2026-08-30_09-32-56.967-240,v3.6.25,3.47,12.0,400,2139,6747,-2949,2728,7068,-2585,2030,6837,-2993,2027,6834,-2980,0,0,0,-3,-3,13,13.7,90.0,-0.285,-0.937,0.456,134.359,-129.766,-166.469,48.9,1,0.0525,0.7561,-0.2077,0.6184,300.8,-73.1,0.0
1433021,2026-08-30_09-32-56.023-240,v3.6.25,3.47,12.0,400,1727,7017,-2583,2728,7068,-2585,1616,7105,-2632,2027,6834,-2980,0,0,0,411,-271,-348,602.9,3966.3,-0.617,-0.815,0.344,293.609,-111.703,-320.438,543.4,1,-0.0187,0.7661,-0.1753,0.6180,300.9,-70.1,0.0
1433060,2026-08-30_09-32-56.063-240,v3.6.25,3.47,12.0,400,1727,7017,-2583,2214,7361,-2287,1616,7105,-2632,1558,7127,-2602,0,0,0,-58,22,30,68.9,453.3,-0.645,0.254,-0.061,370.156,-85.984,-362.328,95.3,1,-0.1031,0.7666,-0.1394,0.6182,300.0,-66.8,0.0
1433091,2026-08-30_09-32-56.092-240,v3.6.25,3.47,12.0,400,1099,7168,-2410,1500,7532,-2257,986,7261,-2462,845,7294,-2450,0,0,0,-141,33,12,145.3,956.0,-0.736,0.799,0.069,363.062,-65.078,-303.094,159.4,1,-0.1813,0.7592,-0.1117,0.6150,299.1,-63.3,0.0
1433136,2026-08-30_09-32-56.138-240,v3.6.25,3.47,12.0,400,713,7246,-2300,1500,7532,-2257,598,7342,-2354,845,7294,-2450,0,0,0,247,-48,-96,269.3,1771.8,-0.656,0.743,-0.098,319.547,-47.641,-194.172,263.5,1,-0.2446,0.7490,-0.0985,0.6078,298.5,-59.6,0.0
1433168,2026-08-30_09-32-57.170-240,v3.6.25,3.47,12.0,400,713,7246,-2300,1227,7593,-2208,598,7342,-2354,579,7354,-2356,0,0,0,-19,12,-2,22.6,148.4,-0.714,0.562,-0.135,291.828,-35.531,-134.562,56.4,1,-0.2989,0.7375,-0.0932,0.5984,298.3,-55.8,0.0
1433197,2026-08-30_09-32-57.199-240,v3.6.25,3.47,12.0,400,816,7236,-2313,1227,7593,-2208,702,7331,-2367,579,7354,-2356,0,0,0,-123,23,11,125.6,826.4,-0.737,0.421,-0.229,285.969,-27.547,-118.969,142.9,1,-0.3502,0.7237,-0.0902,0.5877,298.4,-51.9,0.0
1433223,2026-08-30_09-32-57.225-240,v3.6.25,3.47,12.0,400,816,7236,-2313,1510,7527,-2238,702,7331,-2367,859,7289,-2434,0,0,0,157,-42,-67,175.8,1156.5,-0.635,0.214,-0.435,293.797,-16.156,-137.625,185.0,1,-0.4026,0.7055,-0.0853,0.5770,298.7,-48.2,0.0
1433251,2026-08-30_09-32-57.253-240,v3.6.25,3.47,12.0,400,1163,7136,-2505,1510,7527,-2238,1050,7230,-2556,859,7289,-2434,0,0,0,-191,59,122,234.2,1540.7,-0.835,0.319,-0.562,322.250,0.969,-172.750,234.0,1,-0.4593,0.6798,-0.0777,0.5665,298.9,-44.3,0.0
1433279,2026-08-30_09-32-57.280-240,v3.6.25,3.47,12.0,400,1283,6964,-2896,1852,7398,-2555,1171,7065,-2943,1149,7158,-2801,0,0,0,-22,93,142,171.2,1126.1,-1.298,0.250,-0.799,320.250,-10.172,-202.531,181.1,1,-0.5156,0.6505,-0.0646,0.5539,300.0,-40.8,0.0
1433327,2026-08-30_09-32-57.329-240,v3.6.25,3.47,12.0,400,1283,6964,-2896,1796,7242,-2987,1171,7065,-2943,1021,6997,-3213,0,0,0,-150,-68,-270,316.3,2080.7,-0.678,0.598,-0.471,325.984,17.766,-205.500,302.9,1,-0.5702,0.6150,-0.0534,0.5420,300.7,-37.3,0.0
1433366,2026-08-30_09-32-57.368-240,v3.6.25,3.47,12.0,400,1043,6828,-3302,1796,7242,-2987,931,6940,-3345,1021,6997,-3213,0,0,0,90,57,132,169.6,1116.0,-0.476,-0.481,-0.444,353.094,65.922,-225.188,179.8,1,-0.6262,0.5689,-0.0457,0.5311,301.0,-33.2,0.0
1433415,2026-08-30_09-32-57.416-240,v3.6.25,3.47,12.0,400,655,6487,-4022,1524,6982,-3742,545,6618,-4057,624,6726,-3903,0,0,0,79,108,154,204.0,1342.2,-0.719,-0.366,-1.458,480.984,133.766,-428.219,208.7,1,-0.7000,0.4854,-0.0236,0.5233,300.8,-28.4,0.0
1433487,2026-08-30_09-32-57.489-240,v3.6.25,3.47,12.0,400,-829,5883,-4714,315,6421,-4835,-936,6045,-4739,-762,6147,-4762,0,0,0,174,102,-23,203.0,1335.5,-1.401,0.731,-1.589,334.531,221.688,-512.000,207.8,1,-0.7492,0.3883,0.0025,0.5366,297.9,-24.9,0.0
1434484,2026-08-30_09-32-58.485-240,v3.6.25,3.46,12.0,400,-3485,176,-6806,-2533,1220,-7277,-3555,391,-6757,-3928,931,-6650,0,0,0,-373,540,107,665.0,4374.8,-0.516,-0.044,0.401,56.859,-16.859,112.375,595.5,1,-0.7547,0.3984,-0.0100,0.5211,299.9,-23.6,0.0
1434537,2026-08-30_09-32-58.538-240,v3.6.25,3.46,12.0,400,-3704,793,-6725,-2533,1220,-7277,-3779,1012,-6683,-3928,931,-6650,0,0,0,-149,-81,33,172.8,1136.7,-0.946,0.065,0.277,14.031,-40.859,156.281,182.4,1,-0.7542,0.4185,-0.0236,0.5055,302.0,-22.8,0.0
1434566,2026-08-30_09-32-58.568-240,v3.6.25,3.46,12.0,400,-3262,1413,-6859,-2027,1896,-7323,-3341,1632,-6823,-3443,1604,-6782,0,0,0,-102,-28,41,113.4,746.3,-1.571,0.005,0.699,3.141,-66.875,129.922,132.7,1,-0.7525,0.4384,-0.0306,0.4906,304.0,-22.6,0.0
1434654,2026-08-30_09-32-58.655-240,v3.6.25,3.46,12.0,400,-1886,2777,-6870,-1014,2652,-7334,-1973,2984,-6848,-2447,2360,-6967,0,0,0,-474,-624,-119,792.6,5214.5,-1.517,-0.743,0.095,62.234,-100.359,-60.188,702.6,1,-0.7615,0.4360,-0.0130,0.4794,306.1,-23.5,0.0
1434697,2026-08-30_09-32-58.699-240,v3.6.25,3.46,12.0,400,-1886,2777,-6870,-575,3411,-7075,-1973,2984,-6848,-1978,3120,-6791,0,0,0,-5,136,57,147.5,970.7,-0.482,0.524,-0.189,83.312,-75.672,-138.953,161.3,1,-0.7741,0.4204,0.0104,0.4733,307.3,-24.5,0.0
1434771,2026-08-30_09-32-58.772-240,v3.6.25,3.46,12.0,400,-3066,3776,-5792,-1429,4025,-6561,-3162,3980,-5788,-2756,3733,-6144,0,0,0,406,-247,-356,593.8,3906.5,-0.567,0.671,0.053,-82.516,-46.578,18.391,535.8,1,-0.7649,0.4313,0.0164,0.4782,307.1,-25.9,0.0
1434800,2026-08-30_09-32-58.802-240,v3.6.25,3.46,12.0,400,-3066,3776,-5792,-1958,4382,-6218,-3162,3980,-5788,-3234,4091,-5719,0,0,0,-72,111,69,149.2,981.7,-0.824,0.240,1.037,-88.297,-58.203,44.656,162.7,1,-0.7545,0.4464,0.0206,0.4807,307.2,-27.4,0.0
1434829,2026-08-30_09-32-58.831-240,v3.6.25,3.46,12.0,400,-3040,4005,-5700,-1958,4382,-6218,-3138,4208,-5700,-3234,4091,-5719,0,0,0,-96,-117,-19,152.5,1003.5,-0.600,-0.070,-0.202,-97.891,-59.219,53.609,165.5,1,-0.7419,0.4641,0.0244,0.4833,307.4,-29.0,0.0
1434856,2026-08-30_09-32-58.858-240,v3.6.25,3.46,12.0,400,-2674,4300,-5636,-1661,4642,-6149,-2773,4498,-5639,-2930,4351,-5703,0,0,0,-157,-147,-64,224.4,1476.3,-0.776,-1.626,-0.175,-40.844,-55.984,-28.078,225.8,1,-0.7380,0.4684,0.0352,0.4844,307.8,-30.4,0.0
1434906,2026-08-30_09-32-58.907-240,v3.6.25,3.46,12.0,400,-2674,4300,-5636,-1894,5010,-5673,-2773,4498,-5639,-3088,4723,-5199,0,0,0,-315,225,440,586.0,3855.6,-1.315,-2.487,-0.954,320.328,-68.125,-512.000,529.3,1,-0.7846,0.3949,0.0921,0.4690,309.3,-31.0,0.0
1435352,2026-08-30_09-32-59.353-240,v3.6.25,3.46,12.0,400,6650,3857,-823,6632,4256,199,6571,3830,-847,6471,4099,-929,0,0,0,-100,269,-82,298.5,1963.6,-1.221,0.355,-0.512,63.141,77.078,163.625,287.9,1,-0.7892,0.4062,0.0630,0.4563,310.7,-28.0,0.0
1435381,2026-08-30_09-32-59.383-240,v3.6.25,3.46,12.0,400,6650,3857,-823,6939,3570,653,6571,3830,-847,6870,3425,-538,0,0,0,299,-405,309,590.7,3886.1,-0.450,0.267,-0.080,161.453,75.891,-30.672,533.2,1,-0.8074,0.3869,0.0520,0.4424,311.8,-25.2,0.0
1435415,2026-08-30_09-32-59.417-240,v3.6.25,3.46,12.0,400,7047,3196,-702,6939,3570,653,6974,3159,-719,6870,3425,-538,0,0,0,-104,266,181,338.1,2224.6,-1.364,-0.014,0.133,235.531,49.500,-153.250,321.2,1,-0.8339,0.3488,0.0550,0.4241,313.5,-22.8,0.0
1435534,2026-08-30_09-32-59.536-240,v3.6.25,3.46,12.0,400,6543,1969,-3975,7207,2308,-2356,6476,2003,-3959,6645,2129,-3519,0,0,0,169,126,440,487.9,3209.8,-1.247,0.356,-1.247,378.359,70.688,-277.062,446.9,1,-0.8718,0.2826,0.0648,0.3948,316.2,-19.6,0.0
1435644,2026-08-30_09-32-59.645-240,v3.6.25,3.46,12.0,400,2782,282,-7476,4002,670,-7027,2720,432,-7421,2664,419,-7525,0,0,0,-56,-13,-104,118.8,781.8,-1.603,0.122,-0.575,299.188,107.016,-418.516,137.2,1,-0.8982,0.1975,0.0803,0.3844,316.4,-17.2,0.0
1435820,2026-08-30_09-32-59.821-240,v3.6.25,3.46,12.0,400,-5598,-2715,-4554,-4403,-1950,-5771,-5649,-2534,-4489,-5474,-2205,-4855,0,0,0,175,329,-366,522.3,3436.3,-0.066,-1.713,0.136,18.031,17.422,-222.344,475.8,1,-0.8984,0.1637,0.0936,0.3966,314.4,-17.3,0.0
1435853,2026-08-30_09-32-59.855-240,v3.6.25,3.46,12.0,400,-5598,-2715,-4554,-4820,-2558,-5177,-5649,-2534,-4489,-5776,-2802,-4203,0,0,0,-127,-268,286,412.0,2710.6,0.112,-1.678,-0.741,162.797,20.547,-500.562,383.2,1,-0.9022,0.0800,0.1284,0.4039,312.1,-17.2,0.0
1436060,2026-08-30_09-32-59.061-240,v3.6.25,3.46,12.0,400,-4094,-6041,2384,-4662,-5754,1874,-4114,-6043,2442,-4336,-5875,2654,0,0,0,-222,168,212,349.9,2302.2,-0.926,0.421,-1.278,-335.188,-184.359,277.500,331.1,1,-0.8788,0.1532,0.1311,0.4326,309.4,-21.3,0.0
1436174,2026-08-30_09-33-00.175-240,v3.6.25,3.46,12.0,400,-3138,-6995,-920,-3424,-6641,-1492,-3151,-6943,-829,-3660,-6799,-841,0,0,0,-509,144,-12,529.1,3481.0,-1.337,-0.604,-2.472,437.234,-265.828,-512.000,481.5,1,-0.8925,0.0743,0.2173,0.3882,312.4,-26.5,0.0
1436220,2026-08-30_09-33-00.222-240,v3.6.25,3.46,12.0,400,-3138,-6995,-920,-2978,-6846,-1353,-3151,-6943,-829,-3186,-6999,-781,0,0,0,-35,-56,48,81.6,537.1,-0.903,0.431,-3.037,511.984,-215.766,-512.000,106.0,1,-0.8982,-0.0128,0.2941,0.3265,315.9,-31.3,0.0
1436698,2026-08-30_09-33-00.699-240,v3.6.25,3.46,12.0,400,-7557,417,421,-7422,39,-1165,-7632,530,419,-7740,-176,154,0,0,0,-108,-706,-265,761.8,5011.8,-0.385,-2.615,-1.340,232.516,-72.172,-121.156,676.8,1,-0.9011,-0.0352,0.3181,0.2924,318.8,-33.6,0.0
1436746,2026-08-30_09-33-00.748-240,v3.6.25,3.46,12.0,400,-7557,417,421,-7388,814,-724,-7632,530,419,-7645,599,578,0,0,0,-13,69,159,173.8,1143.5,-0.281,-2.089,-1.935,410.266,-51.156,-301.266,183.3,1,-0.9023,-0.0935,0.3502,0.2332,323.0,-36.0,0.0
1437168,2026-08-30_09-33-01.170-240,v3.6.25,3.46,12.0,400,4533,6286,607,4276,6327,1816,4433,6267,546,4351,6169,1049,0,0,0,-82,-98,503,519.0,3414.3,-1.569,0.256,0.079,253.828,160.219,-512.000,473.0,1,-0.8966,-0.1918,0.3458,0.1993,324.3,-32.9,0.0
1437573,2026-08-30_09-33-01.574-240,v3.6.25,3.46,12.0,400,-7314,1763,-34,-7036,2348,-1111,-7399,1888,-46,-7391,2119,138,0,0,0,8,231,184,295.4,1943.6,0.397,-0.908,-0.314,-233.984,-23.609,103.594,285.4,1,-0.8962,-0.1668,0.3371,0.2353,321.1,-31.7,0.0
1437691,2026-08-30_09-33-01.692-240,v3.6.25,3.46,12.0,400,-7368,372,-1643,-6852,896,-2978,-7444,526,-1630,-7500,651,-1713,0,0,0,-56,125,-83,160.2,1053.7,-0.167,-1.239,-0.548,40.250,9.484,-498.781,171.9,1,-0.8717,-0.2489,0.3469,0.2406,317.4,-29.0,0.0
1438112,2026-08-30_09-33-01.113-240,v3.6.25,3.46,12.0,400,-2492,-7167,-1502,-2745,-6719,-2068,-2503,-7111,-1406,-3079,-6882,-1519,0,0,0,-576,229,-113,630.1,4145.2,-0.131,0.398,-3.159,468.156,-224.797,-512.000,566.2,1,-0.8280,-0.3308,0.4136,0.1844,315.5,-34.3,0.0
1438275,2026-08-30_09-33-02.276-240,v3.6.25,3.46,12.0,400,-5601,-5195,315,-5542,-5007,-645,-5631,-5130,376,-5666,-5173,346,0,0,0,-35,-43,-30,63.0,414.7,0.431,-0.233,-1.609,141.609,-101.672,123.172,90.4,1,-0.8278,-0.3084,0.4384,0.1655,315.9,-38.6,0.0
1438482,2026-08-30_09-33-02.483-240,v3.6.25,3.46,12.0,400,-7099,-1578,2259,-7305,-1091,1109,-7158,-1519,2268,-7207,-1266,2355,0,0,0,-49,253,87,272.0,1789.4,0.041,-1.599,1.239,162.859,3.031,-53.984,265.7,1,-0.8243,-0.3179,0.4475,0.1386,317.6,-40.5,0.0
1438508,2026-08-30_09-33-02.509-240,v3.6.25,3.46,12.0,400,-7084,-945,2697,-7305,-1091,1109,-7147,-892,2696,-7207,-1266,2355,0,0,0,-60,-374,-341,509.7,3353.1,1.017,-2.165,0.104,199.797,45.391,-91.016,465.2,1,-0.8206,-0.3339,0.4521,0.1031,320.4,-42.3,0.0
1439277,2026-08-30_09-33-03.278-240,v3.6.25,3.46,12.0,400,-3309,6227,-2569,-2616,6668,-3217,-3422,6376,-2612,-3420,6402,-2680,0,0,0,2,26,-68,72.8,479.1,-0.362,-0.370,0.895,-84.406,26.719,8.688,98.6,1,-0.8245,-0.3327,0.4431,0.1147,320.2,-40.9,0.0
1439331,2026-08-30_09-33-03.333-240,v3.6.25,3.46,12.0,400,-3508,5990,-2872,-2616,6668,-3217,-3620,6147,-2911,-3420,6402,-2680,0,0,0,200,255,231,398.0,2618.3,-0.025,-1.634,0.354,-24.859,32.531,-64.297,371.4,1,-0.8236,-0.3433,0.4363,0.1164,320.3,-39.7,0.0
1439375,2026-08-30_09-33-03.377-240,v3.6.25,3.46,12.0,400,-3508,5990,-2872,-2819,6411,-3538,-3620,6147,-2911,-3673,6141,-2958,0,0,0,-53,-6,-47,71.1,467.7,-1.024,-2.544,0.646,229.188,30.344,-451.250,97.1,1,-0.7920,-0.4169,0.4390,0.0788,320.8,-39.0,0.0
1439692,2026-08-30_09-33-03.693-240,v3.6.25,3.46,12.0,400,2749,3631,6316,1888,3261,6925,2669,3500,6248,2906,3185,6448,0,0,0,237,-315,200,442.0,2908.1,0.060,0.272,1.260,33.125,-66.797,55.016,408.4,1,-0.7900,-0.4074,0.4515,0.0780,319.8,-40.5,0.0
1439740,2026-08-30_09-33-03.742-240,v3.6.25,3.46,12.0,400,2949,3215,6487,1888,3261,6925,2873,3076,6422,2906,3185,6448,0,0,0,33,109,26,116.8,768.5,0.996,0.065,0.581,81.391,-62.781,-29.391,135.5,1,-0.7813,-0.4109,0.4648,0.0689,318.8,-42.0,0.0
1439771,2026-08-30_09-33-03.773-240,v3.6.25,3.46,12.0,400,3124,2692,6599,1959,2667,7136,3052,2546,6539,3026,2598,6643,0,0,0,-26,52,104,119.1,783.9,0.529,-0.049,0.174,137.297,-65.953,-103.156,137.4,1,-0.7653,-0.4256,0.4801,0.0510,317.6,-43.8,0.0
1439802,2026-08-30_09-33-03.803-240,v3.6.25,3.46,12.0,400,3124,2692,6599,1959,2667,7136,3052,2546,6539,3026,2598,6643,0,0,0,-26,52,104,119.1,783.9,0.261,0.005,0.849,163.672,-63.391,-124.312,137.4,1,-0.7463,-0.4433,0.4957,0.0287,316.4,-45.6,0.0
1441083,2026-08-30_09-33-04.084-240,v3.6.25,3.46,12.0,400,-5766,-3264,-4013,-4536,-3320,-5012,-5813,-3095,-3945,-5448,-3556,-4090,0,0,0,365,-461,-145,605.6,3984.3,-0.309,0.327,-0.413,19.672,-69.516,69.219,545.7,1,-0.7437,-0.4325,0.5089,0.0315,314.6,-46.9,0.0
1441116,2026-08-30_09-33-04.118-240,v3.6.25,3.46,12.0,400,-5766,-3264,-4013,-5009,-2592,-5110,-5813,-3095,-3945,-5953,-2836,-4105,0,0,0,-140,259,-160,335.1,2204.5,-0.315,-0.024,-0.408,7.203,-58.141,58.734,318.7,1,-0.7415,-0.4230,0.5196,0.0348,313.0,-47.8,0.0
1441144,2026-08-30_09-33-04.145-240,v3.6.25,3.46,12.0,400,-5824,-2698,-4406,-5009,-2592,-5110,-5876,-2517,-4342,-5953,-2836,-4105,0,0,0,-77,-319,237,404.8,2663.1,-0.111,-0.216,-0.629,44.562,-48.188,-25.234,377.2,1,-0.7336,-0.4258,0.5288,0.0301,311.6,-48.6,0.0
1441171,2026-08-30_09-33-05.173-240,v3.6.25,3.46,12.0,400,-5954,-2335,-4276,-4903,-1992,-5430,-6009,-2153,-4217,-5915,-2244,-4436,0,0,0,94,-91,-219,255.1,1678.3,0.749,0.004,-0.522,96.266,-37.250,-132.844,251.5,1,-0.7180,-0.4443,0.5356,0.0149,310.6,-49.1,0.0
1441221,2026-08-30_09-33-05.223-240,v3.6.25,3.46,12.0,400,-5954,-2335,-4276,-5448,-1843,-4818,-6009,-2153,-4217,-6357,-2090,-3746,0,0,0,-348,63,471,589.0,3875.0,0.343,0.057,-0.712,60.781,2.516,-147.250,531.8,1,-0.7057,-0.4654,0.5342,0.0017,310.7,-48.8,0.0
1441314,2026-08-30_09-33-05.315-240,v3.6.25,3.46,12.0,400,-6735,-2529,-2684,-6006,-2057,-3970,-6789,-2373,-2633,-6765,-2293,-2822,0,0,0,24,80,-189,206.6,1359.4,-0.506,0.242,-0.807,-52.016,-11.859,-128.406,210.9,1,-0.6967,-0.4863,0.5274,0.0079,310.3,-46.6,0.0
1441342,2026-08-30_09-33-05.346-240,v3.6.25,3.46,12.0,400,-6785,-2994,-2052,-6266,-2554,-3255,-6835,-2853,-2000,-6891,-2777,-2079,0,0,0,-56,76,-79,123.1,809.9,-0.194,-0.067,-0.943,-96.531,-19.938,-104.547,140.8,1,-0.6902,-0.5036,0.5191,0.0215,309.8,-44.0,0.0
1441375,2026-08-30_09-33-05.377-240,v3.6.25,3.46,12.0,400,-6785,-2994,-2052,-6266,-2554,-3255,-6835,-2853,-2000,-6891,-2777,-2079,0,0,0,-56,76,-79,123.1,809.9,0.297,-0.141,-0.937,-166.438,-6.969,-19.375,140.8,1,-0.6945,-0.5088,0.5066,0.0458,309.8,-41.1,0.0
1441403,2026-08-30_09-33-05.405-240,v3.6.25,3.46,12.0,400,-6546,-3610,-2043,-6064,-3262,-3112,-6591,-3475,-1984,-6650,-3478,-1973,0,0,0,-59,-3,11,60.1,395.3,0.101,-0.570,-1.411,-169.172,-1.156,-46.656,87.9,1,-0.6964,-0.5179,0.4919,0.0694,309.9,-37.8,0.0
1441436,2026-08-30_09-33-05.437-240,v3.6.25,3.46,12.0,400,-6083,-4294,-2261,-6064,-3262,-3112,-6122,-4163,-2193,-6650,-3478,-1973,0,0,0,-528,685,220,892.4,5871.2,-0.250,-1.077,-0.824,-120.844,-14.672,-163.422,786.4,1,-0.6849,-0.5431,0.4781,0.0856,309.7,-34.2,0.0
1441481,2026-08-30_09-33-05.483-240,v3.6.25,3.46,12.0,400,-6083,-4294,-2261,-5512,-4009,-3251,-6122,-4163,-2193,-6107,-4219,-2203,0,0,0,15,-56,-10,58.8,387.0,-0.864,-1.088,-0.384,1.609,-52.406,-370.547,86.8,1,-0.6456,-0.5949,0.4713,0.0849,308.9,-30.5,0.0
1441608,2026-08-30_09-33-05.609-240,v3.6.25,3.46,12.0,400,-4554,-6248,-15,-4885,-5727,-854,-4575,-6194,60,-5031,-5889,30,0,0,0,-456,305,-30,549.4,3614.6,0.083,0.059,-1.095,-79.906,-99.266,-158.719,498.5,1,-0.6244,-0.6159,0.4693,0.1029,307.3,-27.3,0.0
1441641,2026-08-30_09-33-05.643-240,v3.6.25,3.46,12.0,400,-4554,-6248,-15,-4210,-6273,-873,-4575,-6194,60,-4347,-6428,-102,0,0,0,228,-234,-162,364.7,2399.1,-0.125,-0.246,-1.188,-57.406,-85.016,-203.453,343.5,1,-0.5979,-0.6421,0.4656,0.1155,306.3,-24.1,0.0
1441670,2026-08-30_09-33-05.672-240,v3.6.25,3.46,12.0,400,-3928,-6676,-346,-4210,-6273,-873,-3945,-6624,-263,-4347,-6428,-102,0,0,0,-402,196,161,475.3,3127.2,0.395,-1.377,-0.779,-47.641,-78.078,-240.266,436.4,1,-0.5670,-0.6720,0.4596,0.1252,305.7,-20.7,0.0
1441698,2026-08-30_09-33-05.700-240,v3.6.25,3.46,12.0,400,-3191,-7048,-400,-3448,-6728,-946,-3204,-7006,-312,-3588,-6878,-304,0,0,0,-384,128,8,404.9,2663.5,-0.209,-2.333,-1.122,86.312,-82.281,-429.203,377.2,1,-0.5068,-0.7203,0.4597,0.1143,305.3,-17.5,0.0
1441849,2026-08-30_09-33-05.850-240,v3.6.25,3.46,12.0,400,-1389,-7554,167,-1116,-7550,-280,-1395,-7550,257,-1123,-7674,-53,0,0,0,272,-124,-310,430.7,2833.2,-0.585,0.250,-1.566,348.781,-127.250,-464.906,398.9,1,-0.4226,-0.7588,0.4897,0.0764,302.2,-17.3,0.0
1441902,2026-08-30_09-33-05.904-240,v3.6.25,3.46,12.0,400,-1090,-7603,-152,-1116,-7550,-280,-1095,-7596,-59,-1123,-7674,-53,0,0,0,-28,-78,6,83.1,546.6,0.098,0.064,-1.468,298.531,-118.797,-297.625,107.2,1,-0.3588,-0.7752,0.5178,0.0480,298.7,-17.3,0.0
1441928,2026-08-30_09-33-05.930-240,v3.6.25,3.46,12.0,400,-1370,-7555,-556,-1325,-7467,-728,-1376,-7536,-461,-1411,-7599,-454,0,0,0,-35,-63,7,72.4,476.4,0.500,0.115,-1.185,286.625,-109.922,-239.141,98.2,1,-0.3018,-0.7823,0.5445,0.0221,295.1,-17.1,0.0
1441961,2026-08-30_09-33-05.963-240,v3.6.25,3.46,12.0,400,-2063,-7371,-686,-1325,-7467,-728,-2072,-7339,-592,-1411,-7599,-454,0,0,0,661,-260,138,723.6,4760.4,0.972,0.150,-0.979,263.812,-93.109,-173.297,644.7,1,-0.2546,-0.7815,0.5695,-0.0002,291.5,-16.9,0.0
1442006,2026-08-30_09-33-05.008-240,v3.6.25,3.46,12.0,400,-2063,-7371,-686,-2011,-7246,-998,-2072,-7339,-592,-2149,-7386,-600,0,0,0,-77,-47,-8,90.6,595.8,0.188,-0.443,-1.429,263.609,-72.281,-171.859,113.5,1,-0.2086,-0.7781,0.5919,-0.0256,288.1,-16.7,0.0
1442373,2026-08-30_09-33-06.374-240,v3.6.25,3.46,12.0,400,5414,-4636,-3321,5771,-4734,-1667,5395,-4631,-3237,5470,-4863,-2591,0,0,0,75,-232,646,690.5,4542.6,-1.587,0.858,-1.485,164.141,-19.453,-512.000,616.9,1,-0.1353,-0.8050,0.5730,-0.0733,290.2,-15.8,0.0
1442428,2026-08-30_09-33-06.430-240,v3.6.25,3.46,12.0,400,3844,-3768,-5971,4923,-3626,-5049,3815,-3682,-5881,4015,-3815,-5747,0,0,0,200,-133,134,275.0,1809.4,-0.443,0.686,-1.336,60.859,-60.250,-421.438,268.3,1,-0.0762,-0.8281,0.5461,-0.1011,293.3,-14.5,0.0
1442601,2026-08-30_09-33-06.602-240,v3.6.25,3.46,12.0,400,-2518,-894,-7278,-929,-937,-7659,-2579,-685,-7214,-2345,-1209,-7295,0,0,0,234,-524,-81,579.6,3812.9,-0.079,-0.342,-1.310,-80.453,-98.359,-166.219,523.8,1,-0.0540,-0.8449,0.5235,-0.0959,296.4,-12.6,0.0
1442641,2026-08-30_09-33-06.643-240,v3.6.25,3.46,12.0,400,-2518,-894,-7278,-1360,-211,-7646,-2579,-685,-7214,-2789,-490,-7209,0,0,0,-210,195,5,286.6,1885.6,-0.175,-0.572,-1.132,-35.391,-75.422,-224.906,278.0,1,-0.0228,-0.8598,0.5001,-0.1007,299.3,-11.3,0.0
1442779,2026-08-30_09-33-06.780-240,v3.6.25,3.46,12.0,400,-5271,-719,-5556,-3820,42,-6540,-5337,-511,-5506,-5064,-234,-5708,0,0,0,273,277,-202,438.2,2883.2,0.472,1.280,-1.240,-368.531,12.734,2.250,405.2,1,-0.0574,-0.8845,0.4550,-0.0855,305.7,-11.7,0.0
1443009,2026-08-30_09-33-06.010-240,v3.6.25,3.46,12.0,400,-174,-5457,-5600,750,-5177,-5500,-196,-5335,-5496,-206,-5383,-5470,0,0,0,-10,-48,26,55.5,365.1,0.568,0.036,-2.219,-252.844,171.500,-388.062,84.0,1,-0.0446,-0.9131,0.3854,-0.1251,314.1,-15.2,0.0
1443484,2026-08-30_09-33-07.485-240,v3.6.25,3.46,12.0,400,-1655,5740,-4479,-519,6037,-5025,-1763,5907,-4504,-1621,5759,-4803,0,0,0,142,-148,-299,362.6,2385.4,-0.127,0.096,-0.626,-123.578,-268.422,65.031,341.7,1,-0.0468,-0.9217,0.3777,-0.0745,315.6,-9.9,0.0
1444062,2026-08-30_09-33-07.063-240,v3.6.25,3.46,12.0,400,-7199,-2586,-230,-7014,-2269,-1418,-7252,-2477,-194,-7328,-2471,-159,0,0,0,-76,6,35,83.9,551.9,0.220,-1.594,-0.699,-7.688,-45.969,-483.406,107.9,1,0.0203,-0.9385,0.3319,-0.0927,320.6,-9.2,0.0
1444427,2026-08-30_09-33-08.429-240,v3.6.25,3.46,12.0,400,817,-7098,-3123,1265,-6730,-3408,809,-7049,-3016,701,-6893,-3515,0,0,0,-108,156,-499,533.9,3512.2,1.181,-0.142,-0.715,-6.234,-60.578,-35.266,485.5,1,0.0282,-0.9404,0.3280,-0.0851,321.1,-8.1,0.0
1444476,2026-08-30_09-33-08.477-240,v3.6.25,3.46,12.0,400,685,-6835,-3661,1265,-6730,-3408,674,-6772,-3553,701,-6893,-3515,0,0,0,27,-121,38,129.7,853.1,0.991,-0.309,-1.215,25.172,-15.016,-124.391,146.3,1,0.0485,-0.9418,0.3200,-0.0905,321.9,-8.0,0.0
1444503,2026-08-30_09-33-08.506-240,v3.6.25,3.46,12.0,400,605,-6662,-4009,1258,-6496,-3823,593,-6590,-3901,618,-6666,-3919,0,0,0,25,-76,-18,82.0,539.5,0.888,-1.188,-1.474,115.188,1.625,-308.750,106.3,1,0.1012,-0.9402,0.3059,-0.1100,322.8,-8.3,0.0
1444532,2026-08-30_09-33-08.534-240,v3.6.25,3.46,12.0,400,605,-6662,-4009,1258,-6496,-3823,593,-6590,-3901,618,-6666,-3919,0,0,0,25,-76,-18,82.0,539.5,-0.562,-1.087,-1.119,318.719,-8.625,-512.000,106.3,1,0.2005,-0.9231,0.2965,-0.1407,322.4,-8.1,0.0
1444558,2026-08-30_09-33-08.560-240,v3.6.25,3.46,12.0,400,-95,-6567,-4240,696,-6362,-4225,-108,-6480,-4132,-16,-6542,-4215,0,0,0,92,-62,-83,138.6,911.5,-2.431,-0.198,-1.697,442.875,-45.516,-512.000,153.7,1,0.3105,-0.8880,0.2977,-0.1628,320.7,-6.0,0.0
1444705,2026-08-30_09-33-08.706-240,v3.6.25,3.46,12.0,400,-4337,-6262,-1138,-3615,-6180,-2298,-4358,-6186,-1055,-4000,-6354,-1595,0,0,0,358,-168,-540,669.3,4403.4,-0.057,0.796,-1.958,139.688,-131.172,-156.781,599.2,1,0.3500,-0.8773,0.2914,-0.1513,321.8,-3.5,0.0
1444741,2026-08-30_09-33-08.742-240,v3.6.25,3.46,12.0,400,-4337,-6262,-1138,-4237,-5997,-1816,-4358,-6186,-1055,-4543,-6168,-1018,0,0,0,-185,18,37,189.5,1246.8,-0.062,0.658,-1.625,40.906,-162.109,-98.812,196.5,1,0.3738,-0.8752,0.2767,-0.1332,324.3,-1.5,0.0
1444771,2026-08-30_09-33-08.773-240,v3.6.25,3.46,12.0,400,-4651,-6022,-1300,-4237,-5997,-1816,-4674,-5938,-1218,-4543,-6168,-1018,0,0,0,131,-230,200,331.8,2182.6,-0.428,0.220,-2.155,89.844,-187.984,-201.375,315.9,1,0.4152,-0.8651,0.2557,-0.1171,327.3,0.6,0.0
1444799,2026-08-30_09-33-08.801-240,v3.6.25,3.46,12.0,400,-4882,-5802,-1392,-4453,-5721,-2175,-4907,-5712,-1312,-4827,-5900,-1332,0,0,0,80,-188,-20,205.3,1350.6,-0.464,0.154,-2.278,155.062,-204.391,-276.531,209.7,1,0.4710,-0.8446,0.2336,-0.1011,330.6,2.8,0.0
1444846,2026-08-30_09-33-08.848-240,v3.6.25,3.46,12.0,400,-4882,-5802,-1392,-4801,-5425,-2047,-4907,-5712,-1312,-5159,-5605,-1148,0,0,0,-252,107,164,319.1,2099.6,-0.573,0.490,-2.385,166.125,-241.969,-198.141,305.3,1,0.5181,-0.8245,0.2156,-0.0725,334.3,6.0,0.0
1444881,2026-08-30_09-33-08.883-240,v3.6.25,3.46,12.0,400,-5308,-5452,-1180,-4801,-5425,-2047,-5337,-5359,-1106,-5159,-5605,-1148,0,0,0,178,-246,-42,306.5,2016.7,-0.141,-0.151,-2.427,129.516,-250.422,-61.672,294.7,1,0.5449,-0.8128,0.2030,-0.0342,338.1,9.5,0.0
1444909,2026-08-30_09-33-08.911-240,v3.6.25,3.46,12.0,400,-5884,-4694,-1611,-5347,-4768,-2327,-5919,-4581,-1542,-5767,-4959,-1328,0,0,0,152,-378,214,460.2,3027.6,0.020,-0.738,-2.202,131.234,-257.125,-25.828,423.7,1,0.5664,-0.8013,0.1921,0.0081,342.1,13.3,0.0
1445642,2026-08-30_09-33-09.643-240,v3.6.25,3.46,12.0,400,3405,6372,-2745,3935,6654,-2146,3301,6440,-2786,3319,6435,-2758,0,0,0,18,-5,28,33.7,221.4,-0.340,-0.680,0.352,-87.750,133.281,59.547,65.7,1,0.5490,-0.8115,0.1997,-0.0112,339.9,11.6,0.0
1445691,2026-08-30_09-33-09.693-240,v3.6.25,3.46,12.0,400,3223,6172,-3237,3863,6457,-2740,3120,6252,-3272,3148,6230,-3326,0,0,0,28,-22,-54,64.7,425.6,-0.593,-1.344,0.448,100.328,151.016,-236.625,91.7,1,0.5797,-0.7861,0.2099,-0.0440,337.2,10.0,0.0
1446114,2026-08-30_09-33-09.115-240,v3.6.25,3.46,12.0,400,-4511,-3560,5087,-5453,-3258,4312,-4549,-3604,5101,-4757,-3364,5166,0,0,0,-208,240,65,324.2,2132.7,1.854,0.328,-2.323,103.797,-294.594,-192.797,309.5,1,0.6196,-0.7646,0.1772,-0.0124,343.0,11.6,0.0
1446694,2026-08-30_09-33-10.695-240,v3.6.25,3.46,12.0,400,-6108,705,-4430,-5148,1146,-5476,-6186,905,-4403,-6232,871,-4443,0,0,0,-46,-34,-40,69.8,459.2,-0.841,0.133,-0.456,-75.281,-163.359,117.578,96.0,1,0.6051,-0.7799,0.1595,0.0131,346.2,12.3,0.0
1446756,2026-08-30_09-33-10.757-240,v3.6.25,3.46,12.0,400,-5353,2226,-5032,-5031,1972,-5517,-5441,2436,-5017,-6138,1692,-4505,0,0,0,-697,-744,512,1140.8,7505.4,-0.300,-0.484,-2.514,-107.453,-131.031,148.375,994.9,1,0.5833,-0.7989,0.1428,0.0335,348.8,12.7,0.0
1447167,2026-08-30_09-33-11.168-240,v3.6.25,3.46,12.0,400,-914,7072,3129,-1581,7226,2820,-1026,7072,3041,-1353,7049,3032,0,0,0,-327,-23,-9,327.9,2157.4,-1.154,0.091,-0.514,511.984,26.203,-473.422,312.7,1,0.6688,-0.7211,0.1773,0.0344,347.4,16.7,0.0
1447635,2026-08-30_09-33-11.636-240,v3.6.25,3.46,12.0,400,2692,-283,-7236,3624,513,-6798,2634,-139,-7177,2329,265,-7237,0,0,0,-305,404,-60,509.7,3353.6,-0.306,0.082,-1.390,119.672,147.062,161.984,465.2,1,0.6522,-0.7251,0.2175,0.0394,343.7,19.9,0.0
1447693,2026-08-30_09-33-11.694-240,v3.6.25,3.46,12.0,400,3584,-1909,-6652,4646,-1385,-6036,3540,-1796,-6578,3522,-1604,-6666,0,0,0,-18,192,-88,212.0,1394.6,0.438,0.356,-1.852,223.812,212.078,-24.594,215.3,1,0.6589,-0.7032,0.2657,0.0279,338.5,22.9,0.0
1447746,2026-08-30_09-33-11.747-240,v3.6.25,3.46,12.0,400,3373,-3535,-6086,4390,-3217,-5497,3341,-3439,-5998,3396,-3418,-6094,0,0,0,55,21,-96,112.6,740.9,0.632,0.503,-2.580,149.156,214.766,82.203,132.0,1,0.6479,-0.6948,0.3114,0.0206,333.2,25.6,0.0
1448217,2026-08-30_09-33-12.218-240,v3.6.25,3.46,12.0,400,768,-4992,5690,-122,-5242,5750,749,-5122,5719,865,-5289,5658,0,0,0,116,-167,-61,212.3,1396.6,1.145,-0.688,-0.150,178.359,121.844,-13.531,215.6,1,0.6529,-0.6749,0.3435,0.0171,330.0,28.1,0.0
