time_ms,timestamp,version,voltage,audio_gain,cc,refX_raw,refY_raw,refZ_raw,tipX_raw,tipY_raw,tipZ_raw,refX_cal,refY_cal,refZ_cal,tipX_cal,tipY_cal,tipZ_cal,calOffsetX,calOffsetY,calOffsetZ,gradX,gradY,gradZ,mag,nT,accX,accY,accZ,gyrX,gyrY,gyrZ,freq,is_muted,QW,QX,QY,QZ,Azimuth,Elevation,Declination
633638,2026-08-30_09-19-37.640-240,v3.6.25,3.47,12.0,400,-18,5811,5159,-725,5903,5129,-177,5741,5104,-221,5609,5176,0,0,0,-44,-132,72,156.7,1030.7,0.654,-0.018,0.879,4.031,-2.281,-10.000,168.9,1,0.9312,0.2286,-0.2449,-0.1434,335.7,-23.0,0.0
633691,2026-08-30_09-19-37.692-240,v3.6.25,3.47,12.0,400,24,5794,5175,-725,5903,5129,-134,5723,5120,-221,5609,5176,0,0,0,-87,-114,56,154.0,1012.8,0.684,-0.004,0.875,1.984,-1.812,-10.828,166.7,1,0.9309,0.2304,-0.2447,-0.1431,335.7,-22.9,0.0
633721,2026-08-30_09-19-37.723-240,v3.6.25,3.47,12.0,400,102,5800,5186,-670,5899,5157,-56,5728,5131,-161,5605,5194,0,0,0,-105,-123,63,173.6,1141.8,0.680,0.011,0.877,0.656,-1.984,-11.953,183.1,1,0.9305,0.2322,-0.2444,-0.1431,335.7,-22.8,0.0
633749,2026-08-30_09-19-37.751-240,v3.6.25,3.47,12.0,400,93,5793,5202,-670,5899,5157,-65,5721,5147,-161,5605,5194,0,0,0,-96,-116,47,157.7,1037.7,0.723,0.053,0.867,-0.203,-2.328,-12.344,169.8,1,0.9301,0.2341,-0.2441,-0.1433,335.6,-22.8,0.0
633795,2026-08-30_09-19-37.797-240,v3.6.25,3.47,12.0,400,93,5793,5202,-646,5882,5185,-65,5721,5147,-132,5589,5218,0,0,0,-67,-132,71,164.2,1080.1,0.651,0.021,0.822,-0.203,-4.266,-15.234,175.2,1,0.9294,0.2364,-0.2441,-0.1437,335.5,-22.7,0.0
633825,2026-08-30_09-19-37.827-240,v3.6.25,3.47,12.0,400,157,5768,5233,-604,5859,5204,-1,5695,5178,-86,5567,5229,0,0,0,-85,-128,51,161.9,1065.1,0.620,0.111,0.876,-3.016,-6.234,-11.953,173.3,1,0.9288,0.2381,-0.2443,-0.1445,335.4,-22.6,0.0
633862,2026-08-30_09-19-37.864-240,v3.6.25,3.47,12.0,400,179,5742,5255,-604,5859,5204,21,5668,5200,-86,5567,5229,0,0,0,-107,-101,29,150.0,986.6,0.613,0.114,0.896,-13.062,-10.203,-0.062,163.3,1,0.9286,0.2373,-0.2446,-0.1466,335.1,-22.6,0.0
633905,2026-08-30_09-19-37.906-240,v3.6.25,3.47,12.0,400,179,5742,5255,-588,5827,5244,21,5668,5200,-63,5536,5266,0,0,0,-84,-132,66,169.8,1117.2,0.639,-0.061,0.866,-11.625,-12.719,-3.062,180.0,1,0.9282,0.2369,-0.2455,-0.1486,334.8,-22.7,0.0
633951,2026-08-30_09-19-37.952-240,v3.6.25,3.47,12.0,400,139,5689,5312,-638,5750,5319,-18,5614,5258,-98,5460,5347,0,0,0,-80,-154,89,195.0,1283.1,0.663,-0.110,0.844,5.656,-14.844,-25.469,201.1,1,0.9266,0.2408,-0.2476,-0.1489,334.6,-22.8,0.0
633979,2026-08-30_09-19-37.980-240,v3.6.25,3.47,12.0,400,159,5621,5399,-638,5750,5319,2,5544,5345,-98,5460,5347,0,0,0,-100,-84,2,130.6,859.3,0.693,-0.099,0.838,17.891,-15.859,-38.906,147.1,1,0.9242,0.2473,-0.2505,-0.1479,334.4,-22.9,0.0
634006,2026-08-30_09-19-37.008-240,v3.6.25,3.47,12.0,400,159,5621,5399,-564,5671,5425,2,5544,5345,-4,5384,5439,0,0,0,-6,-160,94,185.7,1221.5,0.661,0.076,0.896,21.859,-15.094,-42.438,193.3,1,0.9217,0.2547,-0.2534,-0.1464,334.3,-23.1,0.0
634039,2026-08-30_09-19-37.040-240,v3.6.25,3.47,12.0,400,339,5532,5461,-564,5671,5425,183,5451,5407,-4,5384,5439,0,0,0,-187,-67,32,201.2,1323.7,0.613,0.269,0.895,15.875,-14.266,-33.375,206.3,1,0.9195,0.2605,-0.2558,-0.1454,334.1,-23.2,0.0
634065,2026-08-30_09-19-37.066-240,v3.6.25,3.47,12.0,400,525,5468,5533,-347,5566,5549,370,5383,5480,236,5283,5523,0,0,0,-134,-100,43,172.6,1135.8,0.602,0.340,0.929,5.016,-12.969,-19.594,182.3,1,0.9181,0.2637,-0.2574,-0.1456,334.0,-23.3,0.0
634111,2026-08-30_09-19-38.113-240,v3.6.25,3.47,12.0,400,525,5468,5533,-278,5510,5626,370,5383,5480,319,5229,5587,0,0,0,-51,-154,107,194.3,1278.5,0.735,0.430,0.775,-47.062,-11.062,55.828,200.5,1,0.9208,0.2527,-0.2560,-0.1510,333.7,-23.3,0.0
634153,2026-08-30_09-19-38.154-240,v3.6.25,3.47,12.0,400,506,5405,5595,-278,5510,5626,352,5319,5542,319,5229,5587,0,0,0,-33,-90,45,105.9,696.7,0.417,-0.476,0.671,-46.172,-11.156,61.109,126.3,1,0.9236,0.2403,-0.2549,-0.1558,333.5,-23.3,0.0
634179,2026-08-30_09-19-38.182-240,v3.6.25,3.47,12.0,400,161,5372,5657,-619,5438,5637,6,5289,5604,-18,5155,5655,0,0,0,-24,-134,51,145.4,956.4,0.766,-0.808,0.994,-8.438,-10.125,16.766,159.5,1,0.9242,0.2366,-0.2557,-0.1563,333.4,-23.5,0.0
634221,2026-08-30_09-19-38.222-240,v3.6.25,3.47,12.0,400,182,5296,5714,-673,5380,5685,27,5211,5661,-63,5098,5711,0,0,0,-90,-113,50,152.9,1005.7,0.818,0.133,0.989,38.906,-7.344,-33.578,165.7,1,0.9226,0.2435,-0.2582,-0.1513,333.7,-23.8,0.0
634271,2026-08-30_09-19-38.272-240,v3.6.25,3.47,12.0,400,182,5296,5714,-673,5380,5685,27,5211,5661,-63,5098,5711,0,0,0,-90,-113,50,152.9,1005.7,0.501,0.516,0.845,-14.453,-8.828,26.891,165.7,1,0.9236,0.2387,-0.2581,-0.1525,333.7,-23.8,0.0
634297,2026-08-30_09-19-38.298-240,v3.6.25,3.47,12.0,400,346,5279,5716,-508,5345,5748,192,5192,5664,113,5065,5745,0,0,0,-79,-127,81,170.1,1119.0,0.668,-0.111,1.019,-26.031,-8.172,41.812,180.2,1,0.9255,0.2306,-0.2574,-0.1548,333.7,-23.9,0.0
634330,2026-08-30_09-19-38.331-240,v3.6.25,3.47,12.0,400,198,5249,5773,-508,5345,5748,44,5163,5720,113,5065,5745,0,0,0,69,-98,25,122.4,805.5,0.691,-0.372,1.089,6.812,-6.250,1.734,140.2,1,0.9256,0.2302,-0.2582,-0.1534,333.8,-24.0,0.0
634376,2026-08-30_09-19-38.377-240,v3.6.25,3.47,12.0,400,198,5249,5773,-608,5324,5754,44,5163,5720,15,5044,5768,0,0,0,-29,-119,48,131.6,865.5,0.339,-0.501,1.006,47.062,-0.969,-65.109,147.9,1,0.9228,0.2426,-0.2602,-0.1479,334.1,-24.1,0.0
634402,2026-08-30_09-19-38.403-240,v3.6.25,3.48,12.0,400,359,5241,5751,-375,5295,5815,205,5153,5699,259,5018,5788,0,0,0,54,-135,89,170.5,1121.6,0.812,-0.798,0.495,110.297,0.484,-128.328,180.5,1,0.9165,0.2674,-0.2654,-0.1346,334.7,-24.5,0.0
634448,2026-08-30_09-19-38.449-240,v3.6.25,3.48,12.0,400,1043,5230,5674,-375,5295,5815,892,5135,5622,259,5018,5788,0,0,0,-633,-117,166,664.8,4373.6,0.755,1.036,0.511,86.391,9.297,-99.375,595.4,1,0.9112,0.2879,-0.2675,-0.1238,335.3,-24.6,0.0
634506,2026-08-30_09-19-38.507-240,v3.6.25,3.48,12.0,400,1642,5276,5535,524,5304,5802,1492,5177,5484,1157,5032,5623,0,0,0,-335,-145,139,390.6,2569.8,0.992,1.084,0.522,-82.906,20.734,100.766,365.3,1,0.9180,0.2695,-0.2595,-0.1318,335.3,-23.9,0.0
634532,2026-08-30_09-19-38.533-240,v3.6.25,3.48,12.0,400,1642,5276,5535,654,5380,5756,1492,5177,5484,1277,5107,5556,0,0,0,-215,-70,72,237.3,1561.2,0.611,0.172,0.693,-100.812,20.438,117.891,236.6,1,0.9253,0.2467,-0.2506,-0.1418,335.2,-23.2,0.0
634563,2026-08-30_09-19-38.564-240,v3.6.25,3.48,12.0,400,1202,5351,5578,654,5380,5756,1050,5256,5526,1277,5107,5556,0,0,0,227,-149,30,273.2,1797.3,0.479,-0.699,0.854,-60.703,18.859,72.328,266.7,1,0.9299,0.2326,-0.2441,-0.1470,335.2,-22.7,0.0
634589,2026-08-30_09-19-38.590-240,v3.6.25,3.48,12.0,400,669,5438,5532,-40,5471,5648,515,5351,5479,562,5192,5568,0,0,0,47,-159,89,188.2,1238.0,0.554,-0.674,0.840,-1.453,13.625,1.516,195.4,1,0.9308,0.2323,-0.2414,-0.1460,335.5,-22.4,0.0
634635,2026-08-30_09-19-38.636-240,v3.6.25,3.48,12.0,400,669,5438,5532,-100,5572,5572,515,5351,5479,487,5291,5504,0,0,0,-28,-60,25,70.8,465.6,0.597,0.011,0.898,48.969,8.844,-51.125,96.8,1,0.9290,0.2430,-0.2417,-0.1395,336.0,-22.4,0.0
634683,2026-08-30_09-19-38.684-240,v3.6.25,3.48,12.0,400,793,5504,5455,-100,5572,5572,639,5417,5402,487,5291,5504,0,0,0,-152,-126,102,222.2,1462.0,0.664,0.427,1.018,7.734,-4.031,-10.500,223.9,1,0.9285,0.2452,-0.2419,-0.1385,336.0,-22.4,0.0
634708,2026-08-30_09-19-38.711-240,v3.6.25,3.48,12.0,400,1030,5537,5393,199,5596,5541,876,5449,5340,780,5316,5423,0,0,0,-96,-133,83,183.8,1209.4,0.784,-0.024,1.046,3.531,-4.812,-9.719,191.7,1,0.9281,0.2468,-0.2422,-0.1381,336.0,-22.4,0.0
634740,2026-08-30_09-19-38.742-240,v3.6.25,3.48,12.0,400,1030,5537,5393,199,5596,5541,876,5449,5340,780,5316,5423,0,0,0,-96,-133,83,183.8,1209.4,0.809,0.114,0.992,24.047,-8.188,-35.609,191.7,1,0.9262,0.2534,-0.2441,-0.1356,336.1,-22.5,0.0
634768,2026-08-30_09-19-38.770-240,v3.6.25,3.48,12.0,400,1094,5496,5407,258,5569,5568,941,5407,5354,845,5290,5439,0,0,0,-96,-117,85,173.6,1142.0,0.790,0.529,0.893,16.109,-8.188,-23.906,183.1,1,0.9248,0.2580,-0.2454,-0.1340,336.1,-22.6,0.0
634799,2026-08-30_09-19-38.801-240,v3.6.25,3.48,12.0,400,1257,5455,5455,258,5569,5568,1105,5363,5402,845,5290,5439,0,0,0,-260,-73,37,272.6,1793.3,0.688,0.522,0.926,-15.375,-9.344,11.703,266.2,1,0.9252,0.2555,-0.2454,-0.1360,335.9,-22.6,0.0
634845,2026-08-30_09-19-38.846-240,v3.6.25,3.48,12.0,400,1257,5455,5455,443,5515,5632,1105,5363,5402,1042,5238,5470,0,0,0,-63,-125,68,155.6,1023.8,0.853,0.208,0.774,-39.281,-6.047,46.125,168.1,1,0.9276,0.2462,-0.2438,-0.1401,335.7,-22.5,0.0
634873,2026-08-30_09-19-38.875-240,v3.6.25,3.48,12.0,400,1126,5404,5545,271,5457,5677,974,5311,5492,879,5180,5543,0,0,0,-95,-131,51,169.7,1116.2,0.768,-0.055,0.876,-39.844,-1.688,52.922,179.8,1,0.9303,0.2357,-0.2415,-0.1437,335.6,-22.4,0.0
634915,2026-08-30_09-19-38.916-240,v3.6.25,3.48,12.0,400,886,5398,5563,271,5457,5677,733,5308,5510,879,5180,5543,0,0,0,146,-128,33,196.9,1295.7,0.662,-0.412,0.837,-0.344,5.297,3.828,202.7,1,0.9310,0.2350,-0.2401,-0.1428,335.8,-22.3,0.0
634953,2026-08-30_09-19-38.955-240,v3.6.25,3.48,12.0,400,886,5398,5563,0,5494,5655,733,5308,5510,603,5215,5568,0,0,0,-130,-93,58,170.0,1118.7,0.656,-0.034,0.815,32.750,9.750,-40.297,180.2,1,0.9297,0.2431,-0.2395,-0.1384,336.2,-22.2,0.0
634980,2026-08-30_09-19-38.981-240,v3.6.25,3.48,12.0,400,917,5444,5501,199,5530,5603,764,5355,5448,792,5251,5483,0,0,0,28,-104,35,113.2,745.0,0.614,0.053,0.673,35.734,12.828,-49.781,132.5,1,0.9280,0.2530,-0.2384,-0.1338,336.5,-22.0,0.0
635033,2026-08-30_09-19-38.034-240,v3.6.25,3.48,12.0,400,1178,5516,5375,199,5530,5603,1025,5426,5322,792,5251,5483,0,0,0,-233,-175,161,332.9,2190.3,0.585,0.510,0.719,12.375,11.812,-15.844,316.8,1,0.9278,0.2568,-0.2363,-0.1316,336.8,-21.8,0.0
635061,2026-08-30_09-19-38.063-240,v3.6.25,3.48,12.0,400,1178,5516,5375,488,5618,5507,1025,5426,5322,1063,5339,5340,0,0,0,38,-87,18,96.6,635.7,0.599,0.510,0.830,-26.859,11.422,37.172,118.5,1,0.9304,0.2502,-0.2324,-0.1333,337.0,-21.5,0.0
635089,2026-08-30_09-19-38.091-240,v3.6.25,3.48,12.0,400,1297,5597,5286,488,5618,5507,1144,5508,5233,1063,5339,5340,0,0,0,-81,-169,107,215.8,1419.8,0.622,0.066,0.953,-43.516,9.516,52.172,218.6,1,0.9336,0.2400,-0.2281,-0.1370,336.9,-21.1,0.0
635117,2026-08-30_09-19-39.121-240,v3.6.25,3.48,12.0,400,1078,5640,5264,378,5697,5440,924,5554,5211,940,5416,5293,0,0,0,16,-138,82,161.3,1061.3,0.754,-0.146,0.985,-25.969,5.922,31.188,172.8,1,0.9356,0.2338,-0.2253,-0.1389,337.0,-20.9,0.0
635165,2026-08-30_09-19-39.167-240,v3.6.25,3.48,12.0,400,1078,5640,5264,187,5744,5390,924,5554,5211,739,5460,5277,0,0,0,-185,-94,66,217.8,1432.6,0.672,0.016,0.816,-6.641,-0.953,-0.078,220.2,1,0.9358,0.2334,-0.2244,-0.1395,337.0,-20.8,0.0
635209,2026-08-30_09-19-39.210-240,v3.6.25,3.48,12.0,400,968,5664,5271,187,5744,5390,813,5579,5217,739,5460,5277,0,0,0,-74,-119,60,152.4,1002.9,0.688,0.148,0.911,-10.797,-2.391,6.234,165.4,1,0.9362,0.2319,-0.2236,-0.1406,336.9,-20.7,0.0
635237,2026-08-30_09-19-39.239-240,v3.6.25,3.48,12.0,400,950,5668,5269,160,5743,5398,795,5584,5215,714,5459,5289,0,0,0,-81,-125,74,166.3,1094.2,0.686,0.181,0.896,-20.312,-4.453,19.047,177.0,1,0.9371,0.2278,-0.2226,-0.1426,336.8,-20.6,0.0
635270,2026-08-30_09-19-39.271-240,v3.6.25,3.48,12.0,400,950,5668,5269,160,5743,5398,795,5584,5215,714,5459,5289,0,0,0,-81,-125,74,166.3,1094.2,0.737,0.034,0.928,-28.297,-5.281,27.641,177.0,1,0.9384,0.2219,-0.2214,-0.1455,336.6,-20.5,0.0
635298,2026-08-30_09-19-39.300-240,v3.6.25,3.48,12.0,400,806,5644,5305,96,5721,5406,651,5561,5251,651,5437,5308,0,0,0,0,-124,57,136.5,897.9,0.746,-0.187,0.871,-19.125,-4.609,16.203,152.0,1,0.9392,0.2180,-0.2206,-0.1475,336.5,-20.5,0.0
635326,2026-08-30_09-19-39.327-240,v3.6.25,3.48,12.0,400,710,5594,5385,96,5721,5406,555,5510,5331,651,5437,5308,0,0,0,96,-73,-23,122.8,807.7,0.735,-0.126,0.817,-2.469,-4.766,-3.172,140.5,1,0.9391,0.2182,-0.2206,-0.1476,336.5,-20.5,0.0
635372,2026-08-30_09-19-39.374-240,v3.6.25,3.48,12.0,400,710,5594,5385,-102,5700,5438,555,5510,5331,459,5416,5373,0,0,0,-96,-94,42,140.8,926.1,0.609,0.095,0.872,3.672,-5.750,-5.922,155.6,1,0.9389,0.2192,-0.2210,-0.1471,336.5,-20.5,0.0
635401,2026-08-30_09-19-39.403-240,v3.6.25,3.48,12.0,400,751,5591,5400,-25,5661,5492,596,5506,5346,546,5378,5413,0,0,0,-50,-128,67,152.9,1005.8,0.617,0.131,0.860,-4.156,-6.250,4.469,165.8,1,0.9390,0.2182,-0.2211,-0.1473,336.5,-20.5,0.0
635441,2026-08-30_09-19-39.442-240,v3.6.25,3.48,12.0,400,760,5569,5411,-25,5661,5492,605,5484,5357,546,5378,5413,0,0,0,-59,-106,56,133.6,879.0,0.638,-0.002,0.832,-0.531,-3.547,2.156,149.6,1,0.9393,0.2177,-0.2209,-0.1469,336.6,-20.6,0.0
635483,2026-08-30_09-19-39.484-240,v3.6.25,3.48,12.0,400,788,5548,5415,-33,5640,5492,633,5462,5362,539,5357,5414,0,0,0,-94,-105,52,150.2,988.3,0.724,0.214,0.848,0.828,-1.000,1.906,163.5,1,0.9395,0.2176,-0.2204,-0.1462,336.7,-20.5,0.0
635532,2026-08-30_09-19-39.534-240,v3.6.25,3.48,12.0,400,788,5548,5415,-3,5626,5512,633,5462,5362,572,5344,5428,0,0,0,-61,-118,66,148.3,975.8,0.716,0.163,0.879,-12.344,3.422,15.703,161.9,1,0.9406,0.2146,-0.2184,-0.1468,336.8,-20.4,0.0
635560,2026-08-30_09-19-39.561-240,v3.6.25,3.48,12.0,400,774,5594,5412,-3,5626,5512,619,5509,5358,572,5344,5428,0,0,0,-47,-165,70,185.3,1219.0,0.690,0.096,0.897,-14.328,5.016,16.109,193.0,1,0.9417,0.2115,-0.2162,-0.1477,336.8,-20.2,0.0
635590,2026-08-30_09-19-39.592-240,v3.6.25,3.48,12.0,400,713,5596,5395,-62,5650,5501,558,5512,5341,511,5367,5428,0,0,0,-47,-145,87,175.5,1154.7,0.688,0.024,0.881,-12.859,4.438,12.984,184.7,1,0.9426,0.2089,-0.2141,-0.1484,336.9,-20.0,0.0
635636,2026-08-30_09-19-39.638-240,v3.6.25,3.48,12.0,400,713,5596,5395,-136,5684,5449,558,5512,5341,427,5400,5389,0,0,0,-131,-112,48,178.9,1177.0,0.732,0.022,0.882,-12.047,3.703,11.328,187.6,1,0.9435,0.2065,-0.2121,-0.1491,336.9,-19.8,0.0
635674,2026-08-30_09-19-39.676-240,v3.6.25,3.48,12.0,400,655,5607,5374,-136,5684,5449,499,5524,5320,427,5400,5389,0,0,0,-72,-124,69,159.1,1046.9,0.696,-0.137,0.855,2.812,3.328,-7.969,171.0,1,0.9435,0.2079,-0.2111,-0.1484,337.0,-19.7,0.0
635702,2026-08-30_09-19-39.704-240,v3.6.25,3.48,12.0,400,626,5637,5342,-179,5712,5403,470,5555,5288,376,5426,5352,0,0,0,-94,-129,64,172.0,1131.4,0.682,0.028,0.868,12.938,2.625,-19.438,181.8,1,0.9430,0.2118,-0.2106,-0.1467,337.2,-19.6,0.0
635738,2026-08-30_09-19-39.741-240,v3.6.25,3.48,12.0,400,626,5637,5342,-107,5732,5403,470,5555,5288,447,5447,5339,0,0,0,-23,-108,51,121.6,800.2,0.629,0.207,0.876,4.906,0.891,-9.734,139.5,1,0.9429,0.2138,-0.2099,-0.1459,337.2,-19.5,0.0
635791,2026-08-30_09-19-39.792-240,v3.6.25,3.48,12.0,400,722,5650,5317,-107,5732,5403,566,5567,5263,447,5447,5339,0,0,0,-119,-120,76,185.3,1219.1,0.614,0.114,0.864,-6.375,-1.312,-0.031,193.0,1,0.9430,0.2135,-0.2091,-0.1465,337.2,-19.4,0.0
635818,2026-08-30_09-19-39.820-240,v3.6.25,3.48,12.0,400,752,5643,5345,1,5729,5380,596,5560,5291,552,5444,5299,0,0,0,-44,-116,8,124.3,817.9,0.651,0.109,0.877,-8.219,-2.438,0.781,141.8,1,0.9432,0.2130,-0.2083,-0.1474,337.1,-19.3,0.0
635850,2026-08-30_09-19-39.851-240,v3.6.25,3.48,12.0,400,712,5647,5335,1,5729,5380,556,5564,5281,552,5444,5299,0,0,0,-4,-120,18,121.4,798.7,0.671,0.117,0.879,-10.391,-1.938,5.188,139.3,1,0.9435,0.2116,-0.2074,-0.1484,337.1,-19.2,0.0
635902,2026-08-30_09-19-39.903-240,v3.6.25,3.48,12.0,400,712,5647,5335,-73,5718,5398,556,5564,5281,481,5433,5329,0,0,0,-75,-131,48,158.4,1042.1,0.687,0.034,0.896,-13.812,-1.438,13.328,170.4,1,0.9442,0.2087,-0.2062,-0.1494,337.1,-19.1,0.0
635930,2026-08-30_09-19-39.933-240,v3.6.25,3.48,12.0,400,654,5642,5342,-148,5732,5414,498,5560,5288,408,5447,5357,0,0,0,-90,-113,69,160.1,1053.2,0.707,-0.063,0.872,-9.469,-0.875,9.328,171.8,1,0.9448,0.2067,-0.2052,-0.1500,337.1,-19.0,0.0
635964,2026-08-30_09-19-39.967-240,v3.6.25,3.48,12.0,400,606,5639,5347,-148,5732,5414,450,5557,5293,408,5447,5357,0,0,0,-42,-110,64,134.0,881.7,0.673,-0.080,0.864,5.641,-1.453,-8.781,149.9,1,0.9447,0.2083,-0.2050,-0.1490,337.2,-19.0,0.0
636003,2026-08-30_09-19-39.005-240,v3.6.25,3.48,12.0,400,606,5639,5347,-177,5716,5406,450,5557,5293,378,5431,5354,0,0,0,-72,-126,61,157.4,1035.7,0.685,0.138,0.855,9.703,-0.797,-12.891,169.6,1,0.9443,0.2109,-0.2049,-0.1477,337.3,-18.9,0.0
636031,2026-08-30_09-19-39.033-240,v3.6.25,3.48,12.0,400,674,5641,5346,-177,5716,5406,518,5558,5292,378,5431,5354,0,0,0,-140,-127,62,198.9,1308.7,0.671,0.196,0.859,1.734,-0.391,-3.484,204.4,1,0.9444,0.2117,-0.2042,-0.1471,337.4,-18.9,0.0
636059,2026-08-30_09-19-39.061-240,v3.6.25,3.48,12.0,400,674,5641,5346,-90,5717,5414,518,5558,5292,467,5432,5347,0,0,0,-51,-126,55,146.6,964.7,0.655,0.145,0.863,-4.984,-0.500,4.859,160.5,1,0.9448,0.2107,-0.2033,-0.1472,337.4,-18.8,0.0
636111,2026-08-30_09-19-40.113-240,v3.6.25,3.48,12.0,400,721,5634,5335,-64,5702,5429,565,5551,5281,495,5418,5358,0,0,0,-70,-133,77,168.9,1111.0,0.652,0.016,0.859,-6.719,-1.484,4.766,179.2,1,0.9451,0.2095,-0.2025,-0.1476,337.4,-18.7,0.0
636141,2026-08-30_09-19-40.142-240,v3.6.25,3.48,12.0,400,704,5644,5324,-64,5702,5429,548,5562,5270,495,5418,5358,0,0,0,-53,-144,88,176.9,1163.7,0.666,0.038,0.870,-0.938,-1.594,-3.609,185.9,1,0.9452,0.2101,-0.2020,-0.1475,337.4,-18.7,0.0
636171,2026-08-30_09-19-40.173-240,v3.6.25,3.48,12.0,400,701,5643,5343,-95,5717,5421,545,5560,5289,463,5432,5355,0,0,0,-82,-128,66,165.7,1090.3,0.675,0.115,0.864,-2.016,-1.594,-2.125,176.5,1,0.9452,0.2103,-0.2014,-0.1475,337.4,-18.6,0.0
636216,2026-08-30_09-19-40.218-240,v3.6.25,3.48,12.0,400,701,5643,5343,-78,5721,5408,545,5560,5289,477,5436,5339,0,0,0,-68,-124,50,150.0,986.8,0.675,0.094,0.866,-5.203,-1.484,1.469,163.3,1,0.9455,0.2098,-0.2006,-0.1478,337.4,-18.5,0.0
636259,2026-08-30_09-19-40.260-240,v3.6.25,3.48,12.0,400,708,5629,5343,-78,5721,5408,552,5546,5289,477,5436,5339,0,0,0,-75,-110,50,142.2,935.6,0.686,0.058,0.845,-8.859,-0.906,6.062,156.8,1,0.9459,0.2084,-0.1996,-0.1484,337.4,-18.4,0.0
636286,2026-08-30_09-19-40.288-240,v3.6.25,3.48,12.0,400,698,5623,5345,-95,5693,5421,542,5540,5291,463,5408,5355,0,0,0,-79,-132,64,166.6,1096.2,0.682,0.015,0.858,-6.500,-1.109,4.266,177.3,1,0.9463,0.2073,-0.1987,-0.1488,337.5,-18.3,0.0
636320,2026-08-30_09-19-40.322-240,v3.6.25,3.48,12.0,400,698,5623,5345,-95,5693,5421,542,5540,5291,463,5408,5355,0,0,0,-79,-132,64,166.6,1096.2,0.687,0.012,0.870,-2.016,-1.234,-3.156,177.3,1,0.9463,0.2077,-0.1981,-0.1488,337.5,-18.3,0.0
636351,2026-08-30_09-19-40.352-240,v3.6.25,3.48,12.0,400,699,5637,5319,-105,5709,5442,543,5555,5265,456,5425,5377,0,0,0,-87,-130,112,192.4,1265.7,0.679,0.055,0.852,1.344,-0.406,-8.375,198.9,1,0.9462,0.2091,-0.1975,-0.1485,337.5,-18.2,0.0
636377,2026-08-30_09-19-40.379-240,v3.6.25,3.48,12.0,400,705,5633,5353,-105,5709,5442,549,5550,5299,456,5425,5377,0,0,0,-93,-125,78,174.2,1146.3,0.685,0.125,0.846,-1.156,-0.859,-5.250,183.7,1,0.9461,0.2099,-0.1969,-0.1485,337.5,-18.1,0.0
636425,2026-08-30_09-19-40.426-240,v3.6.25,3.48,12.0,400,705,5633,5353,-84,5709,5418,549,5550,5299,473,5424,5350,0,0,0,-76,-126,51,155.7,1024.6,0.660,0.067,0.873,-7.641,-1.203,1.172,168.1,1,0.9463,0.2093,-0.1960,-0.1493,337.5,-18.0,0.0
636455,2026-08-30_09-19-40.457-240,v3.6.25,3.48,12.0,400,706,5636,5365,-76,5726,5412,550,5553,5311,480,5441,5343,0,0,0,-70,-112,32,135.9,894.1,0.662,0.046,0.868,-6.547,-1.594,-0.750,151.5,1,0.9464,0.2091,-0.1952,-0.1499,337.4,-17.9,0.0
636492,2026-08-30_09-19-40.494-240,v3.6.25,3.48,12.0,400,698,5630,5345,-76,5726,5412,542,5547,5291,480,5441,5343,0,0,0,-62,-106,52,133.4,877.3,0.678,0.041,0.846,-3.750,-1.812,-4.016,149.4,1,0.9464,0.2095,-0.1946,-0.1503,337.4,-17.8,0.0
636530,2026-08-30_09-19-40.531-240,v3.6.25,3.48,12.0,400,698,5630,5345,-94,5702,5408,542,5547,5291,462,5417,5342,0,0,0,-80,-130,51,160.9,1058.8,0.680,0.082,0.852,-3.906,-1.047,-3.797,172.5,1,0.9464,0.2099,-0.1939,-0.1506,337.4,-17.7,0.0
636560,2026-08-30_09-19-40.562-240,v3.6.25,3.48,12.0,400,692,5631,5359,-90,5708,5434,536,5548,5305,470,5424,5367,0,0,0,-66,-124,62,153.5,1010.2,0.676,0.089,0.853,-5.250,-1.000,-0.953,166.3,1,0.9465,0.2097,-0.1930,-0.1511,337.4,-17.6,0.0
636607,2026-08-30_09-19-40.609-240,v3.6.25,3.48,12.0,400,695,5620,5356,-90,5708,5434,539,5537,5302,470,5424,5367,0,0,0,-69,-113,65,147.5,970.4,0.687,0.067,0.851,-5.812,-1.625,-1.000,161.2,1,0.9466,0.2096,-0.1923,-0.1516,337.3,-17.5,0.0
636636,2026-08-30_09-19-40.638-240,v3.6.25,3.48,12.0,400,695,5620,5356,-96,5724,5433,539,5537,5302,464,5439,5367,0,0,0,-75,-98,65,139.5,917.6,0.688,0.052,0.853,-4.391,-1.734,-2.094,154.5,1,0.9467,0.2096,-0.1916,-0.1520,337.3,-17.4,0.0
636670,2026-08-30_09-19-40.672-240,v3.6.25,3.48,12.0,400,693,5618,5371,-96,5724,5433,537,5535,5317,464,5439,5367,0,0,0,-73,-96,50,130.6,858.9,0.692,0.067,0.836,-3.016,-1.078,-2.875,147.0,1,0.9467,0.2099,-0.1909,-0.1522,337.3,-17.3,0.0
636716,2026-08-30_09-19-40.718-240,v3.6.25,3.48,12.0,400,692,5616,5363,-99,5698,5445,536,5533,5309,463,5414,5379,0,0,0,-73,-119,70,156.2,1027.5,0.679,0.084,0.870,-3.969,0.172,-1.281,168.5,1,0.9469,0.2099,-0.1900,-0.1524,337.3,-17.2,0.0
636746,2026-08-30_09-19-40.748-240,v3.6.25,3.48,12.0,400,699,5617,5358,-101,5702,5441,543,5534,5304,460,5418,5376,0,0,0,-83,-116,72,159.8,1051.2,0.686,0.085,0.876,-3.672,0.703,-0.969,171.5,1,0.9471,0.2100,-0.1889,-0.1525,337.3,-17.1,0.0
636791,2026-08-30_09-19-40.792-240,v3.6.25,3.48,12.0,400,699,5617,5358,-101,5702,5441,543,5534,5304,460,5418,5376,0,0,0,-83,-116,72,159.8,1051.2,0.679,0.092,0.868,-3.078,0.938,-2.016,171.5,1,0.9472,0.2102,-0.1879,-0.1526,337.4,-17.0,0.0
636842,2026-08-30_09-19-40.844-240,v3.6.25,3.48,12.0,400,700,5603,5357,-97,5703,5426,545,5520,5303,462,5418,5360,0,0,0,-83,-102,57,143.3,942.9,0.667,0.059,0.858,-4.594,1.312,1.281,157.7,1,0.9475,0.2098,-0.1867,-0.1527,337.4,-16.8,0.0
636871,2026-08-30_09-19-40.873-240,v3.6.25,3.48,12.0,400,695,5640,5331,-83,5724,5443,539,5558,5277,478,5440,5374,0,0,0,-61,-118,97,164.5,1082.1,0.662,0.059,0.860,-4.203,1.188,-0.641,175.5,1,0.9478,0.2097,-0.1855,-0.1528,337.4,-16.7,0.0
636899,2026-08-30_09-19-40.900-240,v3.6.25,3.48,12.0,400,695,5640,5331,-83,5724,5443,539,5558,5277,478,5440,5374,0,0,0,-61,-118,97,164.5,1082.1,0.678,0.067,0.852,-3.844,0.562,-0.047,175.5,1,0.9480,0.2095,-0.1845,-0.1529,337.5,-16.6,0.0
636927,2026-08-30_09-19-40.929-240,v3.6.25,3.48,12.0,400,689,5646,5334,-99,5733,5404,533,5564,5280,455,5448,5339,0,0,0,-78,-116,59,151.7,998.2,0.674,0.057,0.854,-3.516,0.656,1.000,164.8,1,0.9482,0.2092,-0.1835,-0.1529,337.5,-16.5,0.0
636960,2026-08-30_09-19-40.961-240,v3.6.25,3.48,12.0,400,696,5653,5330,-99,5733,5404,540,5571,5276,455,5448,5339,0,0,0,-85,-123,63,162.2,1067.4,0.682,0.073,0.868,-2.422,0.547,-0.812,173.6,1,0.9484,0.2093,-0.1825,-0.1528,337.6,-16.4,0.0
637002,2026-08-30_09-19-40.003-240,v3.6.25,3.48,12.0,400,696,5653,5330,-97,5719,5421,540,5571,5276,461,5434,5355,0,0,0,-79,-137,79,176.8,1163.0,0.668,0.070,0.862,-2.344,0.562,-0.969,185.8,1,0.9486,0.2093,-0.1816,-0.1528,337.6,-16.3,0.0
637031,2026-08-30_09-19-40.033-240,v3.6.25,3.48,12.0,400,694,5658,5318,-91,5738,5391,538,5576,5264,461,5453,5325,0,0,0,-77,-123,61,157.4,1035.6,0.655,0.068,0.865,-1.844,-0.359,-1.984,169.6,1,0.9487,0.2096,-0.1808,-0.1527,337.6,-16.2,0.0
637075,2026-08-30_09-19-40.077-240,v3.6.25,3.48,12.0,400,704,5662,5299,-91,5738,5391,548,5580,5245,461,5453,5325,0,0,0,-87,-127,80,173.5,1141.4,0.680,0.130,0.865,-7.562,-0.422,5.594,183.0,1,0.9491,0.2083,-0.1797,-0.1531,337.6,-16.1,0.0
637110,2026-08-30_09-19-40.112-240,v3.6.25,3.48,12.0,400,704,5662,5299,-88,5762,5392,548,5580,5245,464,5477,5325,0,0,0,-84,-103,80,155.1,1020.6,0.682,0.004,0.874,-7.938,-0.797,4.531,167.6,1,0.9495,0.2071,-0.1787,-0.1536,337.6,-16.0,0.0
637139,2026-08-30_09-19-41.140-240,v3.6.25,3.48,12.0,400,684,5661,5309,-88,5762,5392,528,5579,5255,464,5477,5325,0,0,0,-64,-102,70,139.3,916.3,0.690,-0.019,0.880,-0.203,-0.969,-3.484,154.3,1,0.9496,0.2076,-0.1781,-0.1534,337.7,-15.9,0.0
637167,2026-08-30_09-19-41.169-240,v3.6.25,3.48,12.0,400,676,5669,5307,-114,5749,5393,520,5587,5253,438,5463,5331,0,0,0,-82,-124,78,167.9,1104.5,0.684,0.079,0.858,2.000,-1.141,-6.031,178.3,1,0.9495,0.2087,-0.1777,-0.1530,337.7,-15.9,0.0
637212,2026-08-30_09-19-41.214-240,v3.6.25,3.48,12.0,400,676,5669,5307,-80,5746,5388,520,5587,5253,471,5461,5320,0,0,0,-49,-126,67,150.9,992.7,0.664,0.127,0.860,-5.297,-0.812,4.203,164.1,1,0.9498,0.2077,-0.1768,-0.1531,337.8,-15.8,0.0
637250,2026-08-30_09-19-41.251-240,v3.6.25,3.48,12.0,400,700,5659,5308,-80,5746,5388,544,5577,5254,471,5461,5320,0,0,0,-73,-116,66,152.1,1000.8,0.657,0.047,0.858,-7.031,-1.859,5.125,165.1,1,0.9502,0.2065,-0.1760,-0.1535,337.8,-15.7,0.0
637280,2026-08-30_09-19-41.282-240,v3.6.25,3.48,12.0,400,663,5622,5335,-90,5745,5395,507,5540,5281,463,5460,5329,0,0,0,-44,-80,48,103.2,678.6,0.660,0.030,0.880,-4.406,-2.484,1.266,124.0,1,0.9503,0.2060,-0.1754,-0.1537,337.8,-15.7,0.0
637327,2026-08-30_09-19-41.328-240,v3.6.25,3.48,12.0,400,702,5649,5331,-102,5725,5405,546,5566,5277,453,5440,5341,0,0,0,-93,-126,64,169.2,1113.0,0.672,0.086,0.864,-2.609,-2.875,-0.969,179.4,1,0.9504,0.2060,-0.1750,-0.1538,337.8,-15.6,0.0
637370,2026-08-30_09-19-41.371-240,v3.6.25,3.48,12.0,400,702,5649,5331,-102,5725,5405,546,5566,5277,453,5440,5341,0,0,0,-93,-126,64,169.2,1113.0,0.674,0.114,0.858,-6.281,-2.391,3.484,179.4,1,0.9507,0.2051,-0.1743,-0.1542,337.8,-15.6,0.0
637397,2026-08-30_09-19-41.399-240,v3.6.25,3.48,12.0,400,690,5630,5358,-44,5696,5455,534,5547,5304,520,5412,5380,0,0,0,-14,-135,76,155.6,1023.4,0.663,0.060,0.851,-8.688,-3.031,5.188,168.0,1,0.9510,0.2037,-0.1736,-0.1549,337.7,-15.5,0.0
637428,2026-08-30_09-19-41.430-240,v3.6.25,3.48,12.0,400,669,5634,5352,-44,5696,5455,513,5551,5298,520,5412,5380,0,0,0,7,-139,82,161.5,1062.7,0.671,-0.003,0.856,-4.719,-3.062,-0.516,173.0,1,0.9511,0.2034,-0.1732,-0.1553,337.7,-15.4,0.0
637478,2026-08-30_09-19-41.480-240,v3.6.25,3.48,12.0,400,669,5634,5352,-103,5705,5431,513,5551,5298,457,5420,5366,0,0,0,-56,-131,68,157.9,1038.6,0.685,0.101,0.856,-2.453,-1.594,-2.406,169.9,1,0.9511,0.2036,-0.1725,-0.1554,337.7,-15.4,0.0
637504,2026-08-30_09-19-41.507-240,v3.6.25,3.48,12.0,400,662,5622,5384,-84,5693,5437,506,5539,5330,477,5409,5369,0,0,0,-29,-130,39,138.8,913.1,0.694,0.108,0.855,-6.359,-0.406,3.391,153.9,1,0.9514,0.2028,-0.1715,-0.1557,337.7,-15.3,0.0
637544,2026-08-30_09-19-41.545-240,v3.6.25,3.48,12.0,400,672,5623,5357,-84,5693,5437,516,5540,5303,477,5409,5369,0,0,0,-39,-131,66,151.8,998.6,0.666,0.058,0.867,-7.078,-0.281,4.531,164.8,1,0.9518,0.2017,-0.1704,-0.1561,337.7,-15.2,0.0
637582,2026-08-30_09-19-41.584-240,v3.6.25,3.48,12.0,400,672,5623,5357,-122,5693,5428,516,5540,5303,437,5408,5367,0,0,0,-79,-132,64,166.6,1096.2,0.665,0.016,0.859,-5.359,-0.750,1.359,177.3,1,0.9520,0.2011,-0.1696,-0.1564,337.7,-15.1,0.0
637609,2026-08-30_09-19-41.610-240,v3.6.25,3.48,12.0,400,656,5628,5372,-144,5698,5434,500,5545,5318,416,5413,5376,0,0,0,-84,-132,58,166.9,1097.8,0.669,0.040,0.870,-1.828,-0.844,-2.234,177.5,1,0.9521,0.2014,-0.1689,-0.1564,337.8,-15.0,0.0
637661,2026-08-30_09-19-41.663-240,v3.6.25,3.48,12.0,400,657,5626,5362,-144,5698,5434,501,5543,5308,416,5413,5376,0,0,0,-85,-130,68,169.6,1115.5,0.669,0.068,0.872,-1.625,-0.797,-0.984,179.7,1,0.9522,0.2015,-0.1681,-0.1562,337.8,-14.9,0.0
637691,2026-08-30_09-19-41.693-240,v3.6.25,3.48,12.0,400,666,5622,5352,-118,5686,5429,510,5539,5298,442,5401,5367,0,0,0,-68,-138,69,168.6,1109.3,0.669,0.093,0.878,-2.844,0.188,0.188,179.0,1,0.9524,0.2013,-0.1672,-0.1562,337.8,-14.8,0.0
637741,2026-08-30_09-19-41.743-240,v3.6.25,3.48,12.0,400,666,5622,5352,-120,5703,5420,510,5539,5298,438,5418,5358,0,0,0,-72,-121,60,153.1,1006.9,0.670,0.071,0.857,-4.984,0.516,2.859,165.9,1,0.9528,0.2006,-0.1661,-0.1563,337.9,-14.7,0.0
637779,2026-08-30_09-19-41.781-240,v3.6.25,3.48,12.0,400,664,5630,5352,-120,5703,5420,508,5547,5298,438,5418,5358,0,0,0,-70,-129,60,158.6,1043.2,0.672,0.043,0.867,-3.656,0.266,1.594,170.5,1,0.9530,0.2002,-0.1651,-0.1563,337.9,-14.6,0.0
637807,2026-08-30_09-19-41.809-240,v3.6.25,3.48,12.0,400,657,5651,5348,-130,5708,5442,501,5569,5294,431,5423,5382,0,0,0,-70,-146,88,184.3,1212.4,0.677,0.027,0.876,-1.297,0.266,-0.688,192.1,1,0.9532,0.2003,-0.1642,-0.1560,338.0,-14.5,0.0
637843,2026-08-30_09-19-41.845-240,v3.6.25,3.48,12.0,400,657,5651,5348,-104,5712,5410,501,5569,5294,452,5427,5346,0,0,0,-49,-142,52,159.0,1045.8,0.683,0.097,0.879,-0.031,0.266,-2.797,170.9,1,0.9533,0.2008,-0.1634,-0.1557,338.0,-14.4,0.0
637894,2026-08-30_09-19-41.896-240,v3.6.25,3.48,12.0,400,675,5638,5350,-104,5712,5410,519,5555,5296,452,5427,5346,0,0,0,-67,-128,50,152.9,1005.8,0.668,0.080,0.863,-3.141,-0.562,1.469,165.8,1,0.9535,0.2004,-0.1625,-0.1556,338.1,-14.3,0.0
637922,2026-08-30_09-19-41.924-240,v3.6.25,3.48,12.0,400,698,5639,5341,-72,5717,5402,542,5556,5287,483,5432,5333,0,0,0,-59,-124,46,144.8,952.8,0.678,0.068,0.875,-3.875,-0.531,1.859,159.0,1,0.9538,0.1999,-0.1616,-0.1556,338.1,-14.2,0.0
637953,2026-08-30_09-19-41.955-240,v3.6.25,3.48,12.0,400,685,5653,5333,-72,5717,5402,529,5571,5279,483,5432,5333,0,0,0,-46,-139,54,156.1,1026.7,0.670,0.034,0.856,-2.625,-1.141,-0.391,168.4,1,0.9539,0.1998,-0.1609,-0.1556,338.1,-14.2,0.0
638002,2026-08-30_09-19-41.004-240,v3.6.25,3.48,12.0,400,685,5653,5333,-98,5723,5403,529,5571,5279,457,5438,5338,0,0,0,-72,-133,59,162.3,1068.0,0.665,0.076,0.862,-0.438,-1.562,-1.266,173.7,1,0.9540,0.1999,-0.1604,-0.1553,338.2,-14.1,0.0
638028,2026-08-30_09-19-41.030-240,v3.6.25,3.48,12.0,400,702,5649,5340,-79,5724,5410,546,5566,5286,477,5439,5342,0,0,0,-69,-127,56,155.0,1019.8,0.691,0.129,0.871,-3.156,-1.984,2.500,167.5,1,0.9543,0.1994,-0.1597,-0.1553,338.2,-14.1,0.0
638070,2026-08-30_09-19-41.071-240,v3.6.25,3.48,12.0,400,704,5643,5341,-79,5724,5410,548,5560,5287,477,5439,5342,0,0,0,-71,-121,55,150.7,991.4,0.678,0.058,0.878,-5.656,-2.422,2.875,163.9,1,0.9545,0.1986,-0.1591,-0.1556,338.2,-14.0,0.0
638110,2026-08-30_09-19-41.112-240,v3.6.25,3.48,12.0,400,704,5643,5341,-91,5711,5409,548,5560,5287,465,5426,5343,0,0,0,-83,-134,56,167.3,1100.5,0.676,0.055,0.871,-3.000,-3.422,-0.469,177.8,1,0.9546,0.1984,-0.1587,-0.1557,338.2,-14.0,0.0
638138,2026-08-30_09-19-42.140-240,v3.6.25,3.48,12.0,400,704,5629,5352,-88,5703,5434,548,5546,5298,472,5419,5367,0,0,0,-76,-127,69,163.3,1074.3,0.677,0.084,0.855,-4.281,-2.844,1.406,174.5,1,0.9547,0.1979,-0.1582,-0.1559,338.2,-13.9,0.0
638190,2026-08-30_09-19-42.191-240,v3.6.25,3.48,12.0,400,701,5628,5364,-88,5703,5434,545,5545,5310,472,5419,5367,0,0,0,-73,-126,57,156.4,1028.8,0.678,0.022,0.870,-4.844,-2.984,2.031,168.7,1,0.9549,0.1972,-0.1577,-0.1562,338.2,-13.9,0.0
638217,2026-08-30_09-19-42.219-240,v3.6.25,3.48,12.0,400,686,5606,5375,-98,5666,5479,530,5523,5321,471,5383,5412,0,0,0,-59,-140,91,177.1,1165.1,0.698,0.025,0.859,-1.844,-2.875,-1.656,186.1,1,0.9550,0.1973,-0.1574,-0.1561,338.2,-13.8,0.0
638265,2026-08-30_09-19-42.267-240,v3.6.25,3.48,12.0,400,686,5606,5375,-99,5670,5458,530,5523,5321,466,5386,5392,0,0,0,-64,-137,71,167.1,1099.0,0.682,0.076,0.862,-0.375,-2.688,-3.172,177.6,1,0.9549,0.1977,-0.1570,-0.1560,338.2,-13.8,0.0
638304,2026-08-30_09-19-42.305-240,v3.6.25,3.48,12.0,400,719,5590,5393,-99,5670,5458,564,5506,5339,466,5386,5392,0,0,0,-98,-120,53,163.7,1077.3,0.683,0.060,0.825,0.141,-1.391,-4.422,174.9,1,0.9549,0.1984,-0.1565,-0.1558,338.3,-13.7,0.0
638332,2026-08-30_09-19-42.334-240,v3.6.25,3.48,12.0,400,748,5596,5402,-68,5664,5468,593,5511,5348,499,5381,5396,0,0,0,-94,-130,48,167.5,1101.7,0.693,0.063,0.831,0.219,-0.734,-3.219,178.0,1,0.9550,0.1989,-0.1558,-0.1555,338.3,-13.6,0.0
638370,2026-08-30_09-19-42.371-240,v3.6.25,3.48,12.0,400,748,5596,5402,-68,5664,5468,593,5511,5348,499,5381,5396,0,0,0,-94,-130,48,167.5,1101.7,0.692,0.063,0.850,-1.609,0.609,0.266,178.0,1,0.9552,0.1988,-0.1549,-0.1552,338.4,-13.5,0.0
638421,2026-08-30_09-19-42.423-240,v3.6.25,3.48,12.0,400,763,5594,5381,-41,5654,5470,608,5510,5327,527,5371,5394,0,0,0,-81,-139,67,174.3,1146.5,0.559,-0.260,0.869,3.812,-0.922,-20.938,183.7,1,0.9545,0.2022,-0.1546,-0.1553,338.3,-13.4,0.0
638451,2026-08-30_09-19-42.453-240,v3.6.25,3.48,12.0,400,785,5597,5402,-58,5668,5516,630,5512,5348,517,5385,5442,0,0,0,-113,-127,94,194.3,1278.0,0.671,-0.179,0.702,-1.172,0.922,-35.641,200.5,1,0.9532,0.2075,-0.1540,-0.1571,338.1,-13.2,0.0
638480,2026-08-30_09-19-42.481-240,v3.6.25,3.48,12.0,400,864,5595,5365,-58,5668,5516,709,5510,5311,517,5385,5442,0,0,0,-192,-125,131,263.9,1736.3,0.732,-0.076,0.740,-12.078,3.625,-40.875,258.9,1,0.9516,0.2131,-0.1524,-0.1607,337.6,-12.8,0.0
638528,2026-08-30_09-19-42.530-240,v3.6.25,3.48,12.0,400,864,5595,5365,65,5669,5469,709,5510,5311,632,5386,5375,0,0,0,-77,-124,64,159.4,1048.5,0.962,0.116,0.941,-49.562,13.094,-57.297,171.2,1,0.9491,0.2195,-0.1476,-0.1710,336.6,-11.8,0.0
638556,2026-08-30_09-19-42.558-240,v3.6.25,3.48,12.0,400,814,5613,5349,-3,5715,5406,659,5529,5295,552,5431,5325,0,0,0,-107,-98,30,148.2,974.8,0.971,0.091,1.107,-61.578,19.578,-83.297,161.8,1,0.9453,0.2293,-0.1412,-0.1844,335.1,-10.5,0.0
638594,2026-08-30_09-19-42.596-240,v3.6.25,3.48,12.0,400,608,5679,5290,-3,5715,5406,452,5599,5236,552,5431,5325,0,0,0,100,-168,89,214.8,1413.2,1.385,0.852,1.004,-92.297,19.750,-59.359,217.7,1,0.9419,0.2339,-0.1328,-0.2010,333.5,-9.0,0.0
638636,2026-08-30_09-19-42.638-240,v3.6.25,3.48,12.0,400,608,5679,5290,-284,5764,5298,452,5599,5236,251,5476,5267,0,0,0,-201,-123,31,237.7,1563.7,0.485,0.688,0.437,-217.625,2.078,113.953,236.9,1,0.9449,0.2038,-0.1193,-0.2267,331.2,-7.6,0.0
638894,2026-08-30_09-19-42.895-240,v3.6.25,3.48,12.0,400,-5022,4321,3541,-5294,4594,2853,-5186,4339,3514,-5156,4245,3732,0,0,0,30,-94,218,239.3,1574.3,0.533,-1.399,0.759,-17.531,-37.391,119.781,238.3,1,0.9499,0.1823,-0.1223,-0.2226,331.8,-8.7,0.0
638954,2026-08-30_09-19-42.955-240,v3.6.25,3.48,12.0,400,-5341,4729,2636,-5576,5019,1701,-5509,4770,2610,-5644,4647,2654,0,0,0,-135,-123,44,187.9,1235.9,0.246,-1.172,0.689,127.016,-22.672,33.109,195.1,1,0.9532,0.1841,-0.1310,-0.2011,334.0,-10.1,0.0
639006,2026-08-30_09-19-42.008-240,v3.6.25,3.48,12.0,400,-4719,5275,2901,-5576,5019,1701,-4890,5305,2867,-5644,4647,2654,0,0,0,-754,-658,-213,1023.2,6731.3,0.375,-0.638,0.656,203.297,-11.203,-18.703,896.1,1,0.9546,0.1990,-0.1417,-0.1706,337.0,-11.7,0.0
639051,2026-08-30_09-19-42.053-240,v3.6.25,3.48,12.0,400,-4719,5275,2901,-4885,5592,2136,-4890,5305,2867,-4890,5227,2961,0,0,0,0,-78,94,122.1,803.6,0.283,-0.536,0.673,232.344,-7.891,-46.719,140.0,1,0.9536,0.2199,-0.1532,-0.1369,340.3,-13.4,0.0
639365,2026-08-30_09-19-43.366-240,v3.6.25,3.48,12.0,400,3063,6160,3628,3032,6023,4207,2911,6083,3580,3380,5736,3640,0,0,0,469,-347,60,586.5,3858.5,0.492,0.520,0.850,52.312,-91.375,-117.266,529.7,1,0.9457,0.2400,-0.1701,-0.1386,339.2,-14.8,0.0
639418,2026-08-30_09-19-43.420-240,v3.6.25,3.47,12.0,400,3638,5855,3629,3032,6023,4207,3490,5770,3585,3380,5736,3640,0,0,0,-110,-34,55,127.6,839.5,0.719,0.755,0.985,-55.469,-78.938,-57.922,144.5,1,0.9404,0.2447,-0.1796,-0.1533,337.1,-15.2,0.0
639446,2026-08-30_09-19-43.448-240,v3.6.25,3.47,12.0,400,3777,5621,3920,3228,5682,4515,3632,5527,3876,3637,5404,3908,0,0,0,5,-123,32,127.2,836.8,0.893,0.589,0.790,-102.406,-62.016,-47.953,144.2,1,0.9358,0.2455,-0.1839,-0.1740,334.5,-15.0,0.0
639475,2026-08-30_09-19-43.477-240,v3.6.25,3.47,12.0,400,3777,5621,3920,3228,5682,4515,3632,5527,3876,3637,5404,3908,0,0,0,5,-123,32,127.2,836.8,0.907,0.223,0.683,-122.141,-42.828,-71.203,144.2,1,0.9300,0.2489,-0.1841,-0.1980,331.7,-14.1,0.0
639503,2026-08-30_09-19-43.505-240,v3.6.25,3.47,12.0,400,3506,5552,4316,2818,5600,4872,3360,5454,4270,3289,5325,4326,0,0,0,-71,-129,56,157.5,1036.4,0.890,0.298,0.514,-124.641,-28.125,-97.781,169.7,1,0.9227,0.2566,-0.1819,-0.2231,328.8,-12.8,0.0
639535,2026-08-30_09-19-43.537-240,v3.6.25,3.47,12.0,400,3007,5669,4534,2818,5600,4872,2859,5573,4485,3289,5325,4326,0,0,0,430,-248,-159,521.2,3429.2,0.904,0.780,0.491,-146.719,-13.000,-87.516,474.9,1,0.9151,0.2628,-0.1758,-0.2501,325.9,-11.0,0.0
639580,2026-08-30_09-19-43.582-240,v3.6.25,3.47,12.0,400,3007,5669,4534,2218,5739,5019,2859,5573,4485,2710,5462,4571,0,0,0,-149,-111,86,204.7,1347.0,0.689,0.711,0.596,-209.578,-8.453,-9.641,209.3,1,0.9106,0.2535,-0.1637,-0.2823,322.8,-8.9,0.0
639882,2026-08-30_09-19-43.883-240,v3.6.25,3.47,12.0,400,-4746,4428,4048,-5172,4604,3209,-4910,4433,4016,-4973,4261,4059,0,0,0,-63,-172,43,188.2,1237.9,1.117,-1.071,1.046,179.719,-49.797,-25.719,195.4,1,0.9111,0.2643,-0.1831,-0.2581,324.7,-11.4,0.0
639908,2026-08-30_09-19-43.909-240,v3.6.25,3.47,12.0,400,-4244,4664,4446,-4927,4773,3566,-4408,4656,4409,-4670,4436,4365,0,0,0,-262,-220,-44,344.9,2269.3,0.887,-0.765,0.840,231.172,-27.812,-50.891,326.9,1,0.9102,0.2822,-0.2023,-0.2259,327.2,-13.9,0.0
639946,2026-08-30_09-19-43.948-240,v3.6.25,3.47,12.0,400,-4244,4664,4446,-4927,4773,3566,-4408,4656,4409,-4670,4436,4365,0,0,0,-262,-220,-44,344.9,2269.3,0.636,-0.322,0.592,278.812,-10.219,-78.422,326.9,1,0.9067,0.3068,-0.2214,-0.1863,330.4,-16.7,0.0
640001,2026-08-30_09-19-43.003-240,v3.6.25,3.47,12.0,400,-3058,5153,4936,-3791,5284,4340,-3222,5123,4890,-3412,4963,4927,0,0,0,-190,-160,37,251.1,1652.2,0.861,0.149,0.995,298.438,-0.812,-90.516,248.2,1,0.9003,0.3340,-0.2395,-0.1434,333.7,-19.6,0.0
640290,2026-08-30_09-19-44.291-240,v3.6.25,3.47,12.0,400,4245,4040,5220,3357,4193,5770,4114,3910,5186,4013,3945,5114,0,0,0,-101,35,-72,128.9,847.9,1.096,0.074,0.478,-144.031,-43.812,7.219,145.6,1,0.9000,0.3252,-0.2370,-0.1675,331.3,-18.5,0.0
640320,2026-08-30_09-19-44.322-240,v3.6.25,3.47,12.0,400,4245,4040,5220,3103,3925,6159,4114,3910,5186,3831,3684,5537,0,0,0,-283,-226,351,504.3,3318.1,1.231,-0.247,0.507,-148.812,-15.188,-46.359,460.7,1,0.8969,0.3252,-0.2295,-0.1929,328.9,-16.6,0.0
640371,2026-08-30_09-19-44.373-240,v3.6.25,3.47,12.0,400,3764,3973,5638,2480,4119,6251,3632,3841,5602,3218,3874,5732,0,0,0,-414,33,130,435.2,2863.1,1.095,0.347,0.239,-163.047,20.750,-106.297,402.7,1,0.8904,0.3348,-0.2153,-0.2208,326.4,-13.6,0.0
640410,2026-08-30_09-19-44.412-240,v3.6.25,3.47,12.0,400,3288,4254,5704,2480,4119,6251,3152,4127,5664,3218,3874,5732,0,0,0,66,-253,68,270.2,1777.4,0.819,0.490,0.283,-209.328,28.766,-93.422,264.2,1,0.8837,0.3403,-0.1961,-0.2546,323.7,-10.0,0.0
640438,2026-08-30_09-19-44.440-240,v3.6.25,3.47,12.0,400,2639,4687,5719,1868,4615,6122,2498,4570,5674,2572,4361,5709,0,0,0,74,-209,35,224.5,1476.7,0.646,0.308,0.862,-207.438,22.906,-109.125,225.8,1,0.8741,0.3477,-0.1775,-0.2891,320.8,-6.3,0.0
640470,2026-08-30_09-19-44.472-240,v3.6.25,3.47,12.0,400,2639,4687,5719,1868,4615,6122,2498,4570,5674,2572,4361,5709,0,0,0,74,-209,35,224.5,1476.7,0.462,0.792,0.897,-203.047,0.266,-113.969,225.8,1,0.8618,0.3548,-0.1623,-0.3241,317.6,-2.9,0.0
640525,2026-08-30_09-19-44.527-240,v3.6.25,3.47,12.0,400,1854,4969,5785,1002,4990,6035,1708,4861,5736,1682,4727,5770,0,0,0,-26,-134,34,140.7,925.5,0.224,0.740,0.761,-242.375,-51.328,8.016,155.5,1,0.8558,0.3390,-0.1493,-0.3612,314.0,-0.6,0.0
640760,2026-08-30_09-19-44.761-240,v3.6.25,3.47,12.0,400,-4459,1861,5911,-4955,2204,5325,-4601,1818,5896,-4341,1912,6093,0,0,0,260,94,197,339.5,2233.4,1.211,-1.085,0.634,75.438,-100.859,121.547,322.4,1,0.8650,0.3187,-0.1676,-0.3496,314.5,-3.8,0.0
640786,2026-08-30_09-19-44.787-240,v3.6.25,3.47,12.0,400,-4459,1861,5911,-5456,1900,4983,-4601,1818,5896,-4895,1601,5844,0,0,0,-294,-217,-52,369.1,2428.2,1.409,-1.017,0.795,146.328,-75.781,93.562,347.2,1,0.8736,0.3071,-0.1881,-0.3274,316.1,-7.3,0.0
640821,2026-08-30_09-19-44.822-240,v3.6.25,3.47,12.0,400,-4641,1970,5774,-5456,1900,4983,-4784,1932,5759,-4895,1601,5844,0,0,0,-111,-331,85,359.3,2363.9,1.375,-0.659,0.630,218.125,-40.719,66.078,339.0,1,0.8817,0.3047,-0.2089,-0.2934,319.0,-10.9,0.0
640850,2026-08-30_09-19-44.852-240,v3.6.25,3.47,12.0,400,-4194,2628,5926,-5264,2415,5088,-4341,2584,5902,-4696,2116,5913,0,0,0,-355,-468,11,587.5,3865.2,1.163,-0.719,0.423,262.953,-8.641,39.953,530.5,1,0.8883,0.3092,-0.2282,-0.2515,322.6,-14.5,0.0
641228,2026-08-30_09-19-45.229-240,v3.6.25,3.47,12.0,400,5518,3229,4485,4406,3666,5348,5398,3095,4465,5003,3422,4526,0,0,0,-395,327,61,516.4,3397.4,0.753,1.276,0.382,-87.031,-99.219,19.125,470.8,1,0.8843,0.2993,-0.2372,-0.2687,320.3,-15.0,0.0
641262,2026-08-30_09-19-45.264-240,v3.6.25,3.47,12.0,400,5518,3229,4485,4712,3023,5577,5398,3095,4465,5363,2789,4699,0,0,0,-35,-306,234,386.8,2544.8,1.224,0.770,0.161,-196.266,-74.312,51.328,362.1,1,0.8815,0.2802,-0.2344,-0.2992,317.2,-14.2,0.0
641289,2026-08-30_09-19-45.290-240,v3.6.25,3.47,12.0,400,5242,2915,5112,4712,3023,5577,5124,2771,5092,5363,2789,4699,0,0,0,239,18,-393,460.3,3028.4,1.446,0.257,-0.005,-235.562,-43.469,35.250,423.8,1,0.8769,0.2622,-0.2244,-0.3347,313.8,-12.6,0.0
641316,2026-08-30_09-19-45.318-240,v3.6.25,3.47,12.0,400,5242,2915,5112,3917,2886,6283,5124,2771,5092,4690,2659,5523,0,0,0,-434,-112,431,621.8,4090.9,1.514,-0.015,0.090,-243.297,-17.625,-6.359,559.3,1,0.8687,0.2511,-0.2105,-0.3716,310.2,-10.3,0.0
641697,2026-08-30_09-19-45.698-240,v3.6.25,3.47,12.0,400,-3687,1366,6611,-4590,1228,6002,-3822,1298,6597,-3839,955,6694,0,0,0,-17,-343,97,356.9,2347.7,1.518,-0.830,0.545,203.906,-14.844,29.953,336.9,1,0.8770,0.2539,-0.2259,-0.3397,313.2,-12.9,0.0
641733,2026-08-30_09-19-45.735-240,v3.6.25,3.47,12.0,400,-3687,1366,6611,-4579,1555,6034,-3822,1298,6597,-3830,1281,6722,0,0,0,-8,-17,125,126.4,831.6,1.284,-0.504,0.320,290.766,9.500,-13.625,143.5,1,0.8841,0.2679,-0.2444,-0.2948,317.3,-15.9,0.0
642053,2026-08-30_09-19-45.054-240,v3.6.25,3.47,12.0,400,5254,1910,5460,4359,1814,6312,5144,1756,5449,5161,1597,5479,0,0,0,17,-159,30,162.7,1070.4,0.981,1.112,0.141,-130.734,-97.062,73.281,174.0,1,0.8815,0.2473,-0.2493,-0.3157,314.8,-16.5,0.0
642105,2026-08-30_09-19-45.107-240,v3.6.25,3.47,12.0,400,4496,1696,6214,4359,1814,6312,4385,1536,6200,5161,1597,5479,0,0,0,776,61,-721,1061.0,6980.3,1.385,-0.032,0.164,-238.188,-54.328,39.266,927.9,1,0.8751,0.2282,-0.2409,-0.3524,311.2,-15.1,0.0
642161,2026-08-30_09-19-46.162-240,v3.6.25,3.47,12.0,400,3752,1790,6597,3322,1517,6994,3638,1632,6579,4246,1307,6321,0,0,0,608,-325,-258,736.1,4842.8,1.519,-0.312,0.261,-210.703,1.969,-111.281,655.2,1,0.8606,0.2363,-0.2302,-0.3881,307.4,-12.3,0.0
642208,2026-08-30_09-19-46.210-240,v3.6.25,3.47,12.0,400,3752,1790,6597,2561,1780,7209,3638,1632,6579,3515,1566,6659,0,0,0,-123,-66,80,160.9,1058.5,0.856,0.557,0.342,-165.281,-7.500,-198.047,172.5,1,0.8396,0.2593,-0.2265,-0.4202,303.5,-9.3,0.0
642236,2026-08-30_09-19-46.237-240,v3.6.25,3.47,12.0,400,3655,2266,6459,2612,2325,7008,3537,2113,6437,3519,2105,6453,0,0,0,-18,-8,16,25.4,167.0,0.585,1.188,0.265,-189.516,-34.828,-146.609,58.7,1,0.8185,0.2717,-0.2233,-0.4543,299.4,-6.8,0.0
642282,2026-08-30_09-19-46.283-240,v3.6.25,3.47,12.0,400,3626,2551,6455,2612,2325,7008,3505,2400,6430,3519,2105,6453,0,0,0,14,-295,23,296.2,1948.9,0.340,1.146,0.186,-225.516,-78.734,-0.016,286.1,1,0.8045,0.2578,-0.2166,-0.4892,295.4,-5.5,0.0
642312,2026-08-30_09-19-46.314-240,v3.6.25,3.47,12.0,400,3626,2551,6455,2292,2424,7151,3505,2400,6430,3221,2203,6646,0,0,0,-284,-197,216,407.6,2681.4,0.308,1.367,-0.006,-250.094,-104.672,121.828,379.5,1,0.7966,0.2232,-0.2050,-0.5231,291.7,-5.3,0.0
642339,2026-08-30_09-19-46.341-240,v3.6.25,3.47,12.0,400,2865,2219,6998,2292,2424,7151,2745,2066,6973,3221,2203,6646,0,0,0,476,137,-327,593.5,3904.8,0.320,0.935,0.089,-305.188,-113.391,251.203,535.6,1,0.7923,0.1669,-0.1817,-0.5580,288.2,-5.8,0.0
642521,2026-08-30_09-19-46.522-240,v3.6.25,3.47,12.0,400,-2795,-190,7104,-3986,-281,6644,-2914,-283,7105,-3091,-529,7221,0,0,0,-177,-246,116,324.5,2134.9,1.611,-0.459,0.208,214.953,-45.984,43.578,309.8,1,0.8089,0.1647,-0.2009,-0.5275,291.5,-8.7,0.0
642573,2026-08-30_09-19-46.575-240,v3.6.25,3.47,12.0,400,-2848,-188,7149,-3986,-281,6644,-2967,-281,7150,-3091,-529,7221,0,0,0,-124,-248,71,286.2,1883.0,1.575,-0.638,-0.032,287.359,-5.188,18.859,277.7,1,0.8282,0.1722,-0.2207,-0.4855,296.1,-11.4,0.0
642601,2026-08-30_09-19-46.603-240,v3.6.25,3.47,12.0,400,-2479,373,7287,-3570,327,6878,-2601,274,7280,-2648,80,7378,0,0,0,-47,-194,98,222.4,1463.0,1.039,-1.099,-0.085,343.109,13.703,-61.250,224.1,1,0.8434,0.1946,-0.2453,-0.4366,300.9,-14.1,0.0
642923,2026-08-30_09-19-46.924-240,v3.6.25,3.47,12.0,400,5839,42,5039,4644,189,6164,5746,-117,5053,5458,-16,5289,0,0,0,-288,101,236,385.8,2538.2,0.983,0.929,0.091,-146.656,-87.609,62.375,361.2,1,0.8363,0.1741,-0.2458,-0.4582,298.3,-14.6,0.0
642951,2026-08-30_09-19-46.953-240,v3.6.25,3.47,12.0,400,5537,-293,5419,4764,-372,6208,5446,-457,5434,5598,-572,5313,0,0,0,152,-115,-121,225.8,1485.3,1.166,0.397,-0.057,-201.125,-73.625,49.469,226.9,1,0.8252,0.1536,-0.2414,-0.4870,295.0,-14.4,0.0
642995,2026-08-30_09-19-46.996-240,v3.6.25,3.47,12.0,400,5537,-293,5419,4081,-427,6662,5446,-457,5434,4993,-624,5872,0,0,0,-453,-167,438,651.9,4288.7,1.562,0.176,-0.065,-220.156,-38.391,-29.125,584.5,1,0.8082,0.1463,-0.2348,-0.5199,291.0,-13.1,0.0
643042,2026-08-30_09-19-46.043-240,v3.6.25,3.47,12.0,400,5040,-238,5875,4081,-427,6662,4947,-404,5886,4993,-624,5872,0,0,0,46,-220,-14,225.2,1481.5,1.021,0.800,-0.141,-225.516,-31.750,-80.859,226.4,1,0.7860,0.1475,-0.2302,-0.5545,286.5,-11.4,0.0
643070,2026-08-30_09-19-46.072-240,v3.6.25,3.47,12.0,400,4850,154,6023,3789,-46,6850,4753,-11,6029,4724,-244,6104,0,0,0,-29,-233,75,246.5,1621.6,0.651,0.814,-0.310,-237.578,-43.312,-67.500,244.3,1,0.7621,0.1451,-0.2249,-0.5896,281.9,-9.9,0.0
643101,2026-08-30_09-19-46.103-240,v3.6.25,3.47,12.0,400,4850,154,6023,3789,-46,6850,4753,-11,6029,4724,-244,6104,0,0,0,-29,-233,75,246.5,1621.6,0.430,1.232,-0.443,-260.484,-69.984,-3.000,244.3,1,0.7385,0.1304,-0.2160,-0.6252,277.3,-9.0,0.0
643143,2026-08-30_09-19-47.145-240,v3.6.25,3.47,12.0,400,4553,444,6270,3479,314,6983,4453,278,6270,4428,112,6286,0,0,0,-25,-166,16,168.6,1109.4,0.471,1.562,-0.480,-340.047,-94.688,168.734,179.0,1,0.7178,0.0879,-0.1895,-0.6642,272.7,-8.9,0.0
643359,2026-08-30_09-19-47.360-240,v3.6.25,3.47,12.0,400,-2471,-1653,7038,-3482,-1705,6706,-2577,-1754,7057,-2544,-1939,7200,0,0,0,33,-185,143,236.1,1553.6,1.702,-0.099,-0.048,254.844,-12.672,-10.594,235.6,1,0.7399,0.0955,-0.2103,-0.6318,276.6,-11.0,0.0
643390,2026-08-30_09-19-47.392-240,v3.6.25,3.47,12.0,400,-2042,-1451,7258,-3482,-1705,6706,-2148,-1560,7273,-2544,-1939,7200,0,0,0,-396,-379,-73,553.0,3638.0,1.596,-0.312,-0.134,287.891,11.875,8.859,501.5,1,0.7656,0.1043,-0.2280,-0.5925,281.5,-13.0,0.0
643420,2026-08-30_09-19-47.422-240,v3.6.25,3.47,12.0,400,-1489,-795,7522,-2934,-1194,7103,-1599,-914,7527,-1939,-1422,7493,0,0,0,-340,-508,-34,612.2,4027.8,1.276,-0.639,-0.238,339.906,29.266,-35.031,551.3,1,0.7908,0.1221,-0.2495,-0.5454,286.9,-15.2,0.0
643571,2026-08-30_09-19-47.572-240,v3.6.25,3.47,12.0,400,2260,411,7287,597,215,7728,2152,253,7281,1671,8,7502,0,0,0,-481,-245,221,583.3,3837.4,0.827,0.225,0.469,137.922,-19.938,66.578,527.0,1,0.8044,0.1154,-0.2558,-0.5237,289.6,-16.9,0.0
643633,2026-08-30_09-19-47.634-240,v3.6.25,3.47,12.0,400,3362,-228,6896,2159,-361,7455,3263,-393,6900,3202,-558,6972,0,0,0,-61,-165,72,190.1,1250.5,0.988,-0.519,0.252,175.016,-86.266,-83.047,197.0,1,0.8073,0.1245,-0.2841,-0.5020,290.8,-19.5,0.0
643686,2026-08-30_09-19-47.688-240,v3.6.25,3.47,12.0,400,4151,-1012,6309,2159,-361,7455,4061,-1178,6326,3202,-558,6972,0,0,0,-859,620,646,1240.8,8163.2,0.925,0.854,0.020,72.219,-103.734,-42.531,1078.8,1,0.8040,0.1245,-0.3066,-0.4941,290.4,-21.7,0.0
643741,2026-08-30_09-19-47.743-240,v3.6.25,3.47,12.0,400,4246,-1774,6151,3091,-1279,6977,4163,-1941,6178,4074,-1471,6349,0,0,0,-89,470,171,508.0,3342.1,0.767,0.691,-0.023,-139.484,-96.906,100.688,463.8,1,0.7957,0.0987,-0.3055,-0.5136,288.0,-22.6,0.0
643884,2026-08-30_09-19-47.885-240,v3.6.25,3.47,12.0,400,2626,-2386,6792,1216,-2443,7289,2542,-2547,6821,2275,-2634,6974,0,0,0,-267,-87,153,319.8,2103.9,1.394,-0.536,-0.187,-169.547,30.969,-120.250,305.8,1,0.7785,0.1145,-0.2992,-0.5397,284.7,-20.0,0.0
643918,2026-08-30_09-19-47.920-240,v3.6.25,3.47,12.0,400,2492,-2097,6885,1216,-2443,7289,2405,-2258,6910,2275,-2634,6974,0,0,0,-130,-376,64,403.0,2651.0,0.843,0.808,-0.302,-150.453,6.047,-165.906,375.6,1,0.7569,0.1357,-0.3013,-0.5638,281.1,-17.6,0.0
643944,2026-08-30_09-19-47.946-240,v3.6.25,3.47,12.0,400,3219,-1730,6687,1721,-2004,7294,3132,-1894,6710,2772,-2195,6892,0,0,0,-360,-301,182,503.3,3311.3,0.614,1.380,-0.514,-205.188,-29.375,-92.250,459.9,1,0.7334,0.1420,-0.2983,-0.5941,276.9,-15.6,0.0
643992,2026-08-30_09-19-47.993-240,v3.6.25,3.47,12.0,400,3219,-1730,6687,2103,-1866,7283,3132,-1894,6710,3150,-2055,6817,0,0,0,18,-161,107,194.1,1277.3,0.655,0.957,-0.379,-296.375,-77.828,58.484,200.4,1,0.7098,0.1204,-0.2826,-0.6338,272.2,-14.4,0.0
644036,2026-08-30_09-19-47.038-240,v3.6.25,3.47,12.0,400,3120,-1790,6805,2103,-1866,7283,3033,-1956,6828,3150,-2055,6817,0,0,0,117,-99,-11,153.7,1010.9,0.530,0.242,-0.379,-274.094,-106.422,78.375,166.4,1,0.6864,0.0925,-0.2696,-0.6690,267.6,-14.3,0.0
644097,2026-08-30_09-19-47.099-240,v3.6.25,3.47,12.0,400,2274,-2323,6924,1247,-2340,7330,2189,-2482,6952,2311,-2531,7009,0,0,0,122,-49,57,143.3,942.7,1.103,-0.110,0.032,-201.109,-109.812,121.172,157.7,1,0.6713,0.0597,-0.2566,-0.6928,264.5,-15.2,0.0
644155,2026-08-30_09-19-48.157-240,v3.6.25,3.47,12.0,400,1319,-3126,6816,212,-3208,7029,1237,-3274,6854,1242,-3404,6892,0,0,0,5,-130,38,135.5,891.7,1.676,-0.566,0.325,-7.547,-64.438,59.438,151.2,1,0.6723,0.0438,-0.2574,-0.6927,264.5,-16.6,0.0
644210,2026-08-30_09-19-48.212-240,v3.6.25,3.47,12.0,400,128,-4038,6435,-693,-3944,6620,49,-4167,6486,283,-4147,6648,0,0,0,234,20,162,285.3,1877.0,1.464,0.141,-0.137,113.281,-8.219,37.234,276.9,1,0.6861,0.0397,-0.2626,-0.6773,266.7,-17.9,0.0
644258,2026-08-30_09-19-48.260-240,v3.6.25,3.47,12.0,400,128,-4038,6435,-986,-4139,6467,49,-4167,6486,-31,-4345,6549,0,0,0,-80,-178,63,205.1,1349.1,1.407,-0.377,-0.380,198.266,24.594,24.500,209.6,1,0.7085,0.0427,-0.2702,-0.6505,270.5,-19.1,0.0
644305,2026-08-30_09-19-48.307-240,v3.6.25,3.47,12.0,400,-128,-3832,6564,-1292,-3853,6607,-208,-3960,6611,-320,-4060,6737,0,0,0,-112,-100,126,196.0,1289.5,1.259,-0.880,-0.562,328.297,56.219,-84.719,201.9,1,0.7361,0.0661,-0.2916,-0.6072,275.7,-20.4,0.0
644335,2026-08-30_09-19-48.338-240,v3.6.25,3.47,12.0,400,46,-3335,6863,-790,-3189,7039,-38,-3469,6903,240,-3391,7072,0,0,0,278,78,169,334.6,2201.0,0.779,-0.371,-0.541,395.531,73.594,-179.781,318.2,1,0.7608,0.1054,-0.3220,-0.5536,281.2,-21.9,0.0
644499,2026-08-30_09-19-48.500-240,v3.6.25,3.47,12.0,400,3610,-2246,6356,2525,-2320,6961,3528,-2411,6387,3527,-2509,6432,0,0,0,-1,-98,45,107.8,709.5,1.037,-0.384,0.114,209.422,-22.031,11.328,128.0,1,0.7759,0.1048,-0.3370,-0.5229,284.4,-24.4,0.0
644527,2026-08-30_09-19-48.529-240,v3.6.25,3.47,12.0,400,3541,-2597,6186,2351,-2630,6899,3462,-2759,6222,3349,-2819,6402,0,0,0,-113,-60,180,220.8,1452.9,0.816,0.115,-0.135,218.766,-39.016,-46.516,222.8,1,0.7860,0.1109,-0.3589,-0.4911,287.0,-27.1,0.0
644570,2026-08-30_09-19-48.573-240,v3.6.25,3.47,12.0,400,3541,-2597,6186,2740,-3211,6476,3462,-2759,6222,3680,-3400,5924,0,0,0,218,-641,-298,739.7,4866.7,0.630,1.242,-0.080,93.375,-62.750,27.359,658.3,1,0.7895,0.1036,-0.3717,-0.4773,287.9,-29.2,0.0
644621,2026-08-30_09-19-48.622-240,v3.6.25,3.47,12.0,400,3821,-3145,5764,2740,-3211,6476,3747,-3304,5810,3680,-3400,5924,0,0,0,-67,-96,114,163.4,1075.0,0.664,0.247,-0.488,-140.359,-85.547,195.953,174.6,1,0.7858,0.0645,-0.3635,-0.4963,286.4,-30.5,0.0
644651,2026-08-30_09-19-48.653-240,v3.6.25,3.47,12.0,400,3096,-3767,5889,2100,-3897,6409,3025,-3922,5941,3043,-4086,5969,0,0,0,18,-164,28,167.3,1100.9,1.059,-0.417,-0.516,-192.609,-73.188,159.281,177.9,1,0.7759,0.0308,-0.3521,-0.5225,283.9,-30.9,0.0
644735,2026-08-30_09-19-48.737-240,v3.6.25,3.47,12.0,400,1771,-4367,5932,851,-4408,6314,1700,-4508,5990,1787,-4603,6089,0,0,0,87,-95,99,162.5,1068.9,1.421,-0.539,-0.737,-183.938,-2.844,-46.156,173.8,1,0.7595,0.0339,-0.3468,-0.5493,280.3,-29.3,0.0
644780,2026-08-30_09-19-48.782-240,v3.6.25,3.47,12.0,400,1771,-4367,5932,740,-4521,6225,1700,-4508,5990,1663,-4717,6021,0,0,0,-37,-209,31,214.5,1411.2,1.229,0.052,-0.853,-167.016,7.672,-98.906,217.5,1,0.7413,0.0461,-0.3453,-0.5737,276.7,-27.3,0.0
644806,2026-08-30_09-19-48.808-240,v3.6.25,3.47,12.0,400,2269,-4226,5838,1417,-4316,6256,2199,-4371,5895,2342,-4509,5936,0,0,0,143,-138,41,202.9,1335.0,1.073,0.757,-0.656,-194.656,2.188,-79.000,207.7,1,0.7206,0.0550,-0.3411,-0.6012,272.8,-25.2,0.0
644855,2026-08-30_09-19-48.856-240,v3.6.25,3.47,12.0,400,2880,-3974,5768,1417,-4316,6256,2810,-4124,5823,2342,-4509,5936,0,0,0,-468,-385,113,616.5,4055.6,0.786,0.912,-0.743,-257.047,-17.125,7.438,554.8,1,0.6974,0.0493,-0.3276,-0.6355,268.6,-23.2,0.0
644887,2026-08-30_09-19-48.889-240,v3.6.25,3.47,12.0,400,2880,-3974,5768,1948,-4039,6332,2810,-4124,5823,2880,-4230,5919,0,0,0,70,-106,96,159.2,1047.5,0.583,0.845,-0.760,-293.641,-35.500,92.078,171.1,1,0.6735,0.0297,-0.3056,-0.6724,264.4,-21.8,0.0
644915,2026-08-30_09-19-48.917-240,v3.6.25,3.47,12.0,400,2869,-3834,5914,1948,-4039,6332,2798,-3987,5966,2880,-4230,5919,0,0,0,82,-243,-47,260.7,1715.4,0.446,0.687,-0.779,-307.750,-49.359,152.094,256.3,1,0.6491,0.0005,-0.2774,-0.7083,260.3,-21.1,0.0
645085,2026-08-30_09-19-48.086-240,v3.6.25,3.47,12.0,400,175,-4776,5852,-770,-4819,5963,102,-4897,5915,113,-5027,6022,0,0,0,11,-130,107,168.7,1110.1,1.327,0.073,-0.145,125.172,-28.688,-24.141,179.1,1,0.6599,0.0010,-0.2912,-0.6926,262.0,-22.5,0.0
645115,2026-08-30_09-19-49.117-240,v3.6.25,3.47,12.0,400,139,-4951,5728,-860,-5070,5773,67,-5070,5794,-3,-5280,5852,0,0,0,-70,-210,58,228.8,1505.5,1.139,0.142,-0.413,173.109,-15.594,-11.156,229.5,1,0.6766,0.0022,-0.3051,-0.6702,264.7,-24.2,0.0
645148,2026-08-30_09-19-49.149-240,v3.6.25,3.47,12.0,400,139,-4951,5728,-860,-5070,5773,67,-5070,5794,-3,-5280,5852,0,0,0,-70,-210,58,228.8,1505.5,1.288,-0.068,-0.531,210.375,-1.109,3.844,229.5,1,0.6980,0.0036,-0.3174,-0.6419,268.4,-26.0,0.0
645191,2026-08-30_09-19-49.193-240,v3.6.25,3.47,12.0,400,76,-4889,5776,-914,-5006,5796,4,-5008,5841,-54,-5216,5883,0,0,0,-58,-208,42,220.0,1447.2,1.039,-0.826,-0.775,306.203,13.234,-88.000,222.1,1,0.7228,0.0199,-0.3414,-0.6006,273.0,-28.0,0.0
645219,2026-08-30_09-19-49.221-240,v3.6.25,3.47,12.0,400,114,-4651,5986,-903,-4762,6064,40,-4774,6047,-3,-4969,6143,0,0,0,-43,-195,96,221.6,1457.6,0.689,-0.699,-0.708,392.109,25.719,-218.109,223.4,1,0.7453,0.0565,-0.3784,-0.5460,277.8,-30.2,0.0
645380,2026-08-30_09-19-49.381-240,v3.6.25,3.47,12.0,400,2586,-4369,5622,1476,-4390,6199,2518,-4514,5683,2393,-4583,5870,0,0,0,-125,-69,187,235.3,1547.9,0.910,-0.494,-0.455,158.828,-40.984,-55.062,234.9,1,0.7521,0.0611,-0.3969,-0.5226,279.4,-32.2,0.0
645411,2026-08-30_09-19-49.412-240,v3.6.25,3.47,12.0,400,2586,-4369,5622,1628,-4640,5944,2518,-4514,5683,2507,-4835,5596,0,0,0,-11,-321,-87,332.8,2189.2,0.863,0.172,-0.221,147.438,-53.203,-58.781,316.7,1,0.7563,0.0649,-0.4162,-0.5006,280.6,-34.4,0.0
645441,2026-08-30_09-19-49.443-240,v3.6.25,3.47,12.0,400,2771,-4719,5175,1628,-4640,5944,2706,-4859,5243,2507,-4835,5596,0,0,0,-199,24,353,405.9,2670.6,0.753,0.902,-0.428,75.844,-59.969,-5.125,378.1,1,0.7568,0.0610,-0.4292,-0.4892,280.9,-36.2,0.0
645470,2026-08-30_09-19-49.471-240,v3.6.25,3.47,12.0,400,2723,-5133,4818,1899,-5094,5464,2662,-5267,4893,2707,-5291,5083,0,0,0,45,-24,190,196.7,1294.2,0.714,1.108,-0.394,-56.547,-64.703,99.375,202.5,1,0.7530,0.0409,-0.4286,-0.4976,279.9,-37.2,0.0
645517,2026-08-30_09-19-49.518-240,v3.6.25,3.47,12.0,400,2723,-5133,4818,1443,-5510,5219,2662,-5267,4893,2218,-5711,4922,0,0,0,-444,-444,29,628.6,4135.4,0.872,0.158,-0.868,-194.406,-53.062,143.484,565.0,1,0.7418,0.0139,-0.4159,-0.5258,277.3,-37.0,0.0
645557,2026-08-30_09-19-49.559-240,v3.6.25,3.47,12.0,400,2058,-5459,4806,1443,-5510,5219,1997,-5586,4885,2218,-5711,4922,0,0,0,221,-125,37,256.6,1688.0,1.175,-0.312,-0.892,-222.984,-24.250,91.031,252.8,1,0.7268,-0.0030,-0.4013,-0.5574,274.0,-35.9,0.0
645585,2026-08-30_09-19-49.586-240,v3.6.25,3.47,12.0,400,1544,-5613,4812,729,-5739,5111,1482,-5734,4892,1489,-5945,4938,0,0,0,7,-211,46,216.1,1421.5,1.337,-0.487,-0.900,-217.250,-1.656,43.312,218.8,1,0.7104,-0.0108,-0.3874,-0.5875,270.7,-34.3,0.0
645623,2026-08-30_09-19-49.625-240,v3.6.25,3.47,12.0,400,1544,-5613,4812,674,-5700,5171,1482,-5734,4892,1444,-5905,5006,0,0,0,-38,-171,114,209.0,1375.0,0.966,-0.705,-1.045,-172.109,11.734,-34.719,212.9,1,0.6942,-0.0061,-0.3807,-0.6108,267.6,-32.4,0.0
645672,2026-08-30_09-19-49.674-240,v3.6.25,3.47,12.0,400,1613,-5550,4852,674,-5700,5171,1551,-5673,4931,1444,-5905,5006,0,0,0,-107,-232,75,266.3,1751.8,0.742,1.007,-0.840,-183.562,-5.891,-26.609,260.9,1,0.6752,-0.0035,-0.3750,-0.6352,264.1,-30.7,0.0
645701,2026-08-30_09-19-49.702-240,v3.6.25,3.47,12.0,400,2196,-5397,4823,1240,-5576,5219,2135,-5526,4901,2016,-5778,4956,0,0,0,-119,-252,55,284.1,1868.8,0.768,1.234,-0.864,-251.812,-18.188,67.484,275.8,1,0.6530,-0.0150,-0.3573,-0.6676,260.3,-29.1,0.0
645735,2026-08-30_09-19-49.737-240,v3.6.25,3.47,12.0,400,2230,-5318,4900,1240,-5576,5219,2168,-5448,4976,2016,-5778,4956,0,0,0,-152,-330,-20,363.9,2393.9,0.623,0.403,-0.744,-283.016,-27.547,113.594,342.8,1,0.6281,-0.0340,-0.3334,-0.7022,256.4,-27.8,0.0
645780,2026-08-30_09-19-49.782-240,v3.6.25,3.47,12.0,400,2230,-5318,4900,1302,-5453,5317,2168,-5448,4976,2092,-5654,5041,0,0,0,-76,-206,65,229.0,1506.5,0.570,-0.097,-0.449,-210.031,-47.922,63.141,229.6,1,0.6060,-0.0493,-0.3203,-0.7265,252.9,-27.4,0.0
645810,2026-08-30_09-19-49.811-240,v3.6.25,3.47,12.0,400,1898,-5408,4945,984,-5587,5224,1836,-5535,5022,1760,-5790,5005,0,0,0,-76,-255,-17,266.6,1754.1,0.774,-0.104,-0.383,-141.859,-56.719,33.562,261.2,1,0.5889,-0.0619,-0.3147,-0.7418,250.3,-27.6,0.0
645847,2026-08-30_09-19-49.849-240,v3.6.25,3.47,12.0,400,1781,-5640,4668,984,-5587,5224,1720,-5761,4750,1760,-5790,5005,0,0,0,40,-29,255,259.7,1708.8,0.971,-0.027,-0.124,-65.953,-50.953,21.531,255.4,1,0.5801,-0.0721,-0.3138,-0.7482,248.9,-28.2,0.0
645894,2026-08-30_09-19-49.896-240,v3.6.25,3.47,12.0,400,1639,-5887,4433,914,-5868,4903,1580,-6003,4519,1642,-6075,4704,0,0,0,62,-72,185,208.0,1368.2,1.111,0.077,-0.259,45.422,-34.422,18.969,212.0,1,0.5851,-0.0793,-0.3179,-0.7419,249.7,-29.3,0.0
645937,2026-08-30_09-19-49.939-240,v3.6.25,3.47,12.0,400,1639,-5887,4433,731,-6097,4639,1580,-6003,4519,1419,-6308,4478,0,0,0,-161,-305,-41,347.3,2285.0,0.900,0.355,-0.341,131.562,-11.375,-1.031,328.9,1,0.6002,-0.0805,-0.3267,-0.7256,252.0,-30.6,0.0
645966,2026-08-30_09-19-49.968-240,v3.6.25,3.47,12.0,400,1396,-6051,4312,731,-6097,4639,1337,-6162,4401,1419,-6308,4478,0,0,0,82,-146,77,184.3,1212.5,1.013,0.390,-0.579,162.000,1.969,13.406,192.1,1,0.6199,-0.0817,-0.3339,-0.7054,255.1,-32.0,0.0
645996,2026-08-30_09-19-49.997-240,v3.6.25,3.47,12.0,400,1035,-6092,4369,450,-6196,4547,976,-6200,4458,1124,-6409,4436,0,0,0,148,-209,-22,257.0,1691.0,0.978,-0.296,-0.863,210.750,14.703,-8.125,253.2,1,0.6443,-0.0788,-0.3437,-0.6786,259.2,-33.4,0.0
646041,2026-08-30_09-19-49.043-240,v3.6.25,3.47,12.0,400,1035,-6092,4369,36,-6130,4669,976,-6200,4458,729,-6344,4625,0,0,0,-247,-144,167,331.1,2178.4,1.087,-0.147,-1.028,299.031,35.594,-89.000,315.3,1,0.6744,-0.0625,-0.3636,-0.6396,264.2,-34.8,0.0
646080,2026-08-30_09-19-49.081-240,v3.6.25,3.47,12.0,400,816,-5976,4593,36,-6130,4669,755,-6085,4679,729,-6344,4625,0,0,0,-26,-259,-54,265.8,1749.0,0.876,0.399,-0.820,300.672,51.062,-112.078,260.6,1,0.7022,-0.0409,-0.3831,-0.5988,269.3,-35.9,0.0
646107,2026-08-30_09-19-49.109-240,v3.6.25,3.47,12.0,400,1011,-5721,4845,99,-5912,4989,949,-5837,4926,841,-6122,4926,0,0,0,-108,-285,0,304.8,2005.1,1.122,0.570,-0.654,270.812,45.188,-86.734,293.2,1,0.7259,-0.0233,-0.3984,-0.5602,274.0,-37.2,0.0
646146,2026-08-30_09-19-50.148-240,v3.6.25,3.47,12.0,400,1011,-5721,4845,99,-5912,4989,949,-5837,4926,841,-6122,4926,0,0,0,-108,-285,0,304.8,2005.1,0.578,0.496,-0.695,180.109,14.328,-41.719,293.2,1,0.7404,-0.0154,-0.4089,-0.5333,277.1,-38.5,0.0
646197,2026-08-30_09-19-50.198-240,v3.6.25,3.47,12.0,400,1232,-5529,5019,315,-5665,5239,1169,-5650,5097,1095,-5872,5133,0,0,0,-74,-222,36,236.8,1557.6,0.757,-0.098,-0.423,112.016,-38.984,47.234,236.1,1,0.7491,-0.0264,-0.4152,-0.5155,279.4,-40.5,0.0
646226,2026-08-30_09-19-50.228-240,v3.6.25,3.47,12.0,400,1012,-5577,5014,69,-5673,5238,948,-5695,5093,848,-5881,5174,0,0,0,-100,-186,81,226.2,1488.0,0.741,-0.207,-0.322,86.828,-54.875,54.547,227.3,1,0.7547,-0.0401,-0.4215,-0.5012,281.1,-42.6,0.0
646256,2026-08-30_09-19-50.257-240,v3.6.25,3.47,12.0,400,456,-5813,4797,69,-5673,5238,392,-5921,4880,848,-5881,5174,0,0,0,456,40,294,544.0,3579.2,0.634,0.002,-0.587,33.016,-69.828,76.422,494.0,1,0.7552,-0.0582,-0.4263,-0.4945,281.9,-44.5,0.0
646303,2026-08-30_09-19-50.304-240,v3.6.25,3.47,12.0,400,456,-5813,4797,-470,-5948,4834,392,-5921,4880,246,-6164,4871,0,0,0,-146,-243,-9,283.6,1866.0,0.986,0.073,-0.710,-80.156,-61.750,97.953,275.5,1,0.7476,-0.0790,-0.4242,-0.5049,280.7,-45.6,0.0
646331,2026-08-30_09-19-50.333-240,v3.6.25,3.47,12.0,400,-223,-6121,4411,-1139,-6268,4266,-285,-6214,4500,-513,-6495,4431,0,0,0,-228,-281,-69,368.4,2423.6,1.042,-0.313,-0.753,-123.500,-36.500,67.688,346.6,1,0.7370,-0.0932,-0.4194,-0.5217,278.5,-45.7,0.0
646375,2026-08-30_09-19-50.376-240,v3.6.25,3.47,12.0,400,-544,-6350,4065,-1139,-6268,4266,-606,-6434,4159,-513,-6495,4431,0,0,0,93,-61,272,293.9,1933.3,0.852,-1.045,-0.947,-124.688,-3.828,-0.891,284.1,1,0.7262,-0.0943,-0.4161,-0.5391,275.9,-44.9,0.0
646408,2026-08-30_09-19-50.410-240,v3.6.25,3.47,12.0,400,-544,-6350,4065,-1239,-6473,3955,-606,-6434,4159,-661,-6704,4145,0,0,0,-55,-270,-14,275.9,1815.1,0.972,-0.678,-0.977,-114.953,17.031,-44.750,269.0,1,0.7159,-0.0870,-0.4144,-0.5552,273.2,-43.6,0.0
646435,2026-08-30_09-19-50.436-240,v3.6.25,3.47,12.0,400,-275,-6446,3965,-1239,-6473,3955,-335,-6531,4061,-661,-6704,4145,0,0,0,-326,-173,84,378.5,2490.1,0.992,-0.462,-0.852,-115.531,28.188,-72.344,355.1,1,0.7050,-0.0745,-0.4135,-0.5713,270.4,-41.9,0.0
646480,2026-08-30_09-19-50.481-240,v3.6.25,3.47,12.0,400,426,-6380,4018,-733,-6519,4034,367,-6475,4113,-140,-6745,4136,0,0,0,-507,-270,23,574.9,3782.1,0.904,0.437,-0.624,-113.094,30.234,-117.812,519.9,1,0.6921,-0.0547,-0.4169,-0.5867,267.3,-39.9,0.0
646562,2026-08-30_09-19-50.564-240,v3.6.25,3.47,12.0,400,1391,-6212,4053,951,-6202,4465,1334,-6319,4146,1612,-6413,4271,0,0,0,278,-94,125,319.0,2098.5,0.426,0.629,-0.874,-281.312,-1.875,74.734,305.1,1,0.6681,-0.0647,-0.3984,-0.6251,262.8,-37.8,0.0
646605,2026-08-30_09-19-50.607-240,v3.6.25,3.47,12.0,400,1762,-6061,4170,951,-6202,4465,1705,-6174,4260,1612,-6413,4271,0,0,0,-93,-239,11,256.7,1688.8,0.412,0.310,-0.979,-282.734,-28.875,86.500,252.9,1,0.6411,-0.0792,-0.3807,-0.6616,258.1,-36.4,0.0
646633,2026-08-30_09-19-50.635-240,v3.6.25,3.47,12.0,400,1800,-6002,4208,1011,-6117,4559,1742,-6116,4297,1686,-6327,4352,0,0,0,-56,-211,55,225.1,1481.1,0.461,0.008,-0.706,-252.219,-44.625,67.938,226.4,1,0.6141,-0.0932,-0.3671,-0.6924,253.7,-35.4,0.0
646669,2026-08-30_09-19-50.671-240,v3.6.25,3.47,12.0,400,1800,-6002,4208,1011,-6117,4559,1742,-6116,4297,1686,-6327,4352,0,0,0,-56,-211,55,225.1,1481.1,0.690,-0.196,-0.534,-193.594,-59.250,44.891,226.4,1,0.5907,-0.1063,-0.3595,-0.7145,250.0,-35.2,0.0
646697,2026-08-30_09-19-50.699-240,v3.6.25,3.47,12.0,400,1809,-6130,3999,1049,-6228,4366,1752,-6241,4091,1693,-6440,4158,0,0,0,-59,-199,67,218.1,1434.9,0.849,-0.012,-0.333,-137.625,-70.062,26.859,220.5,1,0.5717,-0.1186,-0.3574,-0.7289,247.0,-35.6,0.0
646724,2026-08-30_09-19-50.725-240,v3.6.25,3.47,12.0,400,1809,-6130,3999,1049,-6228,4366,1752,-6241,4091,1693,-6440,4158,0,0,0,-59,-199,67,218.1,1434.9,0.843,0.190,-0.269,-89.312,-76.062,20.078,220.5,1,0.5575,-0.1308,-0.3588,-0.7371,244.7,-36.4,0.0
646752,2026-08-30_09-19-50.754-240,v3.6.25,3.47,12.0,400,1837,-6354,3635,1176,-6481,3901,1782,-6459,3732,1747,-6698,3683,0,0,0,-35,-239,-49,246.5,1621.5,0.928,0.372,-0.329,-50.578,-78.641,39.078,244.3,1,0.5483,-0.1453,-0.3600,-0.7407,243.3,-37.6,0.0
646781,2026-08-30_09-19-50.782-240,v3.6.25,3.47,12.0,400,1715,-6637,3166,1176,-6481,3901,1662,-6732,3270,1747,-6698,3683,0,0,0,85,34,413,423.0,2783.1,1.034,0.501,-0.412,-15.250,-71.781,69.234,392.5,1,0.5450,-0.1625,-0.3582,-0.7405,242.9,-39.1,0.0
646831,2026-08-30_09-19-50.833-240,v3.6.25,3.47,12.0,400,1715,-6637,3166,1071,-6764,3420,1662,-6732,3270,1566,-6987,3232,0,0,0,-96,-255,-38,275.1,1809.9,0.897,-0.309,-0.598,96.234,-56.281,40.172,268.3,1,0.5557,-0.1757,-0.3624,-0.7273,244.8,-41.2,0.0
646860,2026-08-30_09-19-50.861-240,v3.6.25,3.47,12.0,400,1197,-6914,2836,505,-7029,2975,1145,-6997,2945,929,-7261,2894,0,0,0,-216,-264,-51,344.9,2269.1,0.679,-0.302,-0.886,199.375,-48.484,-38.016,326.9,1,0.5763,-0.1793,-0.3793,-0.7014,248.0,-43.5,0.0
646901,2026-08-30_09-19-50.903-240,v3.6.25,3.47,12.0,400,656,-7086,2595,505,-7029,2975,603,-7159,2708,929,-7261,2894,0,0,0,326,-102,186,388.9,2558.8,0.639,0.029,-1.316,288.000,-29.922,-92.266,363.9,1,0.6056,-0.1741,-0.4033,-0.6635,252.8,-46.0,0.0
646936,2026-08-30_09-19-50.938-240,v3.6.25,3.47,12.0,400,656,-7086,2595,8,-7180,2674,603,-7159,2708,384,-7419,2685,0,0,0,-219,-260,-23,340.7,2241.6,0.811,-0.268,-1.083,331.484,-1.938,-116.344,323.4,1,0.6393,-0.1626,-0.4270,-0.6186,258.7,-48.3,0.0
646963,2026-08-30_09-19-50.965-240,v3.6.25,3.47,12.0,400,190,-7138,2570,-510,-7130,2742,136,-7205,2683,-124,-7371,2839,0,0,0,-260,-166,156,345.7,2274.2,0.963,-0.585,-1.106,366.484,28.500,-169.516,327.6,1,0.6746,-0.1404,-0.4519,-0.5666,265.5,-50.2,0.0
647016,2026-08-30_09-19-50.018-240,v3.6.25,3.47,12.0,400,-84,-6994,2980,-510,-7130,2742,-139,-7065,3089,-124,-7371,2839,0,0,0,15,-306,-250,395.4,2601.5,0.359,0.176,-1.282,401.203,72.359,-266.891,369.3,1,0.7096,-0.0993,-0.4797,-0.5065,272.5,-51.4,0.0
647042,2026-08-30_09-19-50.044-240,v3.6.25,3.47,12.0,400,329,-6671,3591,-511,-6883,3424,272,-6757,3692,-14,-7115,3504,0,0,0,-286,-358,-188,495.3,3258.4,-0.061,0.902,-1.251,321.859,78.703,-219.672,453.1,1,0.7354,-0.0628,-0.4975,-0.4558,278.4,-52.1,0.0
647089,2026-08-30_09-19-50.091-240,v3.6.25,3.47,12.0,400,329,-6671,3591,-35,-6548,4062,272,-6757,3692,563,-6769,4045,0,0,0,291,-12,353,457.6,3010.8,-0.128,1.123,-0.790,126.734,46.406,-17.625,421.5,1,0.7480,-0.0574,-0.4973,-0.4358,281.9,-52.6,0.0
647136,2026-08-30_09-19-51.137-240,v3.6.25,3.47,12.0,400,707,-6398,3999,-35,-6548,4062,649,-6496,4094,563,-6769,4045,0,0,0,-86,-273,-49,290.4,1910.5,0.488,-0.286,-0.311,22.359,-18.656,73.484,281.2,1,0.7506,-0.0713,-0.4951,-0.4318,283.3,-53.6,0.0
647162,2026-08-30_09-19-51.164-240,v3.6.25,3.47,12.0,400,376,-6351,4073,-288,-6427,4206,316,-6446,4167,332,-6649,4228,0,0,0,16,-203,61,212.6,1398.5,0.410,-0.520,-0.509,7.016,-50.359,76.312,215.8,1,0.7491,-0.0879,-0.4964,-0.4297,283.9,-55.0,0.0
647197,2026-08-30_09-19-51.199-240,v3.6.25,3.47,12.0,400,376,-6351,4073,-288,-6427,4206,316,-6446,4167,332,-6649,4228,0,0,0,16,-203,61,212.6,1398.5,0.692,-0.311,-0.573,-21.500,-72.906,72.047,215.8,1,0.7433,-0.1052,-0.5002,-0.4316,283.3,-56.6,0.0
647225,2026-08-30_09-19-51.227-240,v3.6.25,3.47,12.0,400,-197,-6525,3767,-861,-6587,3802,-256,-6608,3865,-306,-6817,3932,0,0,0,-50,-209,67,225.1,1480.9,0.826,0.090,-0.614,-74.578,-75.625,92.516,226.4,1,0.7332,-0.1251,-0.5015,-0.4418,281.5,-57.8,0.0
647256,2026-08-30_09-19-51.257-240,v3.6.25,3.47,12.0,400,-680,-6806,3183,-861,-6587,3802,-739,-6872,3288,-306,-6817,3932,0,0,0,433,55,644,778.0,5118.3,0.758,-0.374,-0.756,-146.344,-64.047,104.219,690.4,1,0.7183,-0.1450,-0.4986,-0.4630,278.1,-58.3,0.0
647300,2026-08-30_09-19-51.303-240,v3.6.25,3.47,12.0,400,-680,-6806,3183,-1289,-6889,3092,-739,-6872,3288,-849,-7131,3312,0,0,0,-110,-259,24,282.4,1858.0,0.400,-1.050,-1.066,-155.766,-37.562,24.141,274.5,1,0.7028,-0.1505,-0.4984,-0.4848,273.6,-57.8,0.0
647329,2026-08-30_09-19-51.331-240,v3.6.25,3.47,12.0,400,-808,-7061,2693,-1269,-7110,2563,-865,-7117,2805,-915,-7359,2792,0,0,0,-50,-242,-13,247.5,1628.0,0.494,-0.732,-1.028,-149.016,-18.828,-16.438,245.1,1,0.6881,-0.1482,-0.4993,-0.5052,269.0,-56.8,0.0
647367,2026-08-30_09-19-51.369-240,v3.6.25,3.47,12.0,400,-354,-7199,2392,-1269,-7110,2563,-408,-7256,2507,-915,-7359,2792,0,0,0,-507,-103,285,590.7,3885.9,0.899,-0.242,-1.077,-175.391,9.953,-13.984,533.2,1,0.6730,-0.1432,-0.4956,-0.5300,264.7,-55.0,0.0
647403,2026-08-30_09-19-51.406-240,v3.6.25,3.47,12.0,400,-354,-7199,2392,-635,-7260,2390,-408,-7256,2507,-306,-7507,2516,0,0,0,102,-251,9,271.1,1783.4,1.108,-0.108,-1.107,-200.109,40.016,-15.234,265.0,1,0.6576,-0.1346,-0.4874,-0.5585,260.7,-52.3,0.0
647432,2026-08-30_09-19-51.434-240,v3.6.25,3.47,12.0,400,335,-7193,2412,-635,-7260,2390,282,-7259,2527,-306,-7507,2516,0,0,0,-588,-248,-11,638.3,4199.0,1.042,0.287,-1.037,-210.359,54.703,-22.969,573.1,1,0.6412,-0.1229,-0.4774,-0.5881,257.0,-49.2,0.0
647546,2026-08-30_09-19-51.548-240,v3.6.25,3.47,12.0,400,1649,-6679,3158,1000,-6919,3209,1596,-6773,3262,1462,-7145,3038,0,0,0,-134,-372,-224,454.4,2989.7,-0.127,0.223,-1.001,-356.672,11.922,201.719,418.8,1,0.6119,-0.1438,-0.4440,-0.6386,252.2,-46.6,0.0
647575,2026-08-30_09-19-51.577-240,v3.6.25,3.47,12.0,400,1485,-6519,3539,936,-6657,3770,1430,-6618,3639,1488,-6876,3596,0,0,0,58,-258,-43,267.9,1762.6,-0.024,0.393,-0.928,-339.578,-15.625,188.594,262.3,1,0.5790,-0.1654,-0.4134,-0.6831,247.2,-44.8,0.0
647616,2026-08-30_09-19-51.618-240,v3.6.25,3.47,12.0,400,1485,-6519,3539,592,-6632,3815,1430,-6618,3639,1151,-6853,3698,0,0,0,-279,-235,59,369.5,2431.1,0.078,0.011,-0.907,-318.062,-47.812,200.984,347.6,1,0.5443,-0.1922,-0.3834,-0.7210,242.4,-44.0,0.0
647661,2026-08-30_09-19-51.663-240,v3.6.25,3.47,12.0,400,1145,-6575,3546,592,-6632,3815,1090,-6670,3646,1151,-6853,3698,0,0,0,61,-183,52,199.8,1314.4,0.852,-0.899,-0.452,-200.141,-55.203,131.094,205.1,1,0.5202,-0.2127,-0.3647,-0.7424,239.2,-44.0,0.0
647690,2026-08-30_09-19-51.691-240,v3.6.25,3.47,12.0,400,722,-6793,3248,154,-6830,3478,667,-6878,3353,659,-7058,3444,0,0,0,-8,-180,91,201.9,1328.0,1.365,-0.705,-0.043,-54.969,-48.531,36.016,206.9,1,0.5119,-0.2228,-0.3619,-0.7465,238.0,-44.7,0.0
647725,2026-08-30_09-19-51.727-240,v3.6.25,3.47,12.0,400,722,-6793,3248,154,-6830,3478,667,-6878,3353,659,-7058,3444,0,0,0,-8,-180,91,201.9,1328.0,1.685,0.073,0.053,52.203,-28.609,0.578,206.9,1,0.5178,-0.2270,-0.3652,-0.7396,239.0,-45.6,0.0
647769,2026-08-30_09-19-51.772-240,v3.6.25,3.47,12.0,400,631,-6943,2949,56,-7000,3084,577,-7022,3058,498,-7233,3076,0,0,0,-79,-211,18,226.0,1487.0,1.379,0.299,-0.211,108.469,14.625,53.375,227.1,1,0.5349,-0.2318,-0.3597,-0.7285,242.4,-46.3,0.0
647801,2026-08-30_09-19-51.803-240,v3.6.25,3.47,12.0,400,201,-6937,3025,-378,-6983,3097,145,-7012,3133,65,-7219,3162,0,0,0,-80,-207,29,223.8,1472.4,1.107,-0.185,-0.470,178.094,31.906,13.766,225.3,1,0.5609,-0.2313,-0.3596,-0.7089,247.2,-47.0,0.0
647836,2026-08-30_09-19-51.838-240,v3.6.25,3.47,12.0,400,-358,-6743,3467,-378,-6983,3097,-416,-6819,3570,65,-7219,3162,0,0,0,481,-400,-408,746.9,4913.7,0.854,-0.624,-0.995,292.234,43.797,-99.297,664.3,1,0.5979,-0.2163,-0.3753,-0.6745,253.4,-47.8,0.0
647879,2026-08-30_09-19-51.880-240,v3.6.25,3.47,12.0,400,-358,-6743,3467,-1016,-6781,3529,-416,-6819,3570,-504,-7015,3692,0,0,0,-88,-196,122,247.1,1625.5,-0.012,-1.207,-1.366,437.984,58.562,-276.922,244.8,1,0.6452,-0.1773,-0.4126,-0.6181,260.9,-48.7,0.0
647907,2026-08-30_09-19-51.909-240,v3.6.25,3.47,12.0,400,-277,-6388,4095,-789,-6376,4328,-338,-6476,4189,-149,-6599,4432,0,0,0,189,-123,243,331.5,2181.0,0.118,0.309,-1.446,486.922,74.094,-367.484,315.7,1,0.6898,-0.1228,-0.4555,-0.5493,268.4,-49.8,0.0
648033,2026-08-30_09-19-51.034-240,v3.6.25,3.47,12.0,400,1746,-5658,4726,671,-5692,5208,1685,-5780,4808,1447,-5897,5042,0,0,0,-238,-117,234,353.7,2326.8,0.406,-0.046,-0.583,36.000,18.500,107.016,334.3,1,0.6980,-0.1373,-0.4446,-0.5444,271.1,-50.4,0.0
648069,2026-08-30_09-19-51.070-240,v3.6.25,3.47,12.0,400,1209,-5513,5072,671,-5692,5208,1146,-5635,5149,1447,-5897,5042,0,0,0,301,-262,-107,413.2,2718.1,0.766,0.171,-0.529,7.922,2.344,77.406,384.2,1,0.7012,-0.1487,-0.4375,-0.5429,272.5,-50.8,0.0
648141,2026-08-30_09-19-52.143-240,v3.6.25,3.47,12.0,400,583,-5460,5207,-752,-5543,5292,517,-5576,5283,33,-5756,5365,0,0,0,-484,-180,82,522.9,3439.9,1.018,-0.356,-0.835,-141.469,9.250,126.469,476.3,1,0.6919,-0.1660,-0.4206,-0.5629,271.1,-50.3,0.0
648184,2026-08-30_09-19-52.186-240,v3.6.25,3.47,12.0,400,0,-5438,5270,-752,-5543,5292,-67,-5548,5345,33,-5756,5365,0,0,0,100,-208,20,231.7,1524.0,1.148,-0.751,-0.761,-149.656,14.672,64.750,231.9,1,0.6800,-0.1739,-0.4084,-0.5836,268.7,-49.3,0.0
648215,2026-08-30_09-19-52.217-240,v3.6.25,3.47,12.0,400,-512,-5419,5242,-1402,-5526,5189,-581,-5522,5317,-635,-5745,5375,0,0,0,-54,-223,58,236.7,1557.0,1.183,-0.131,-0.678,-153.922,18.578,20.000,236.1,1,0.6663,-0.1750,-0.4001,-0.6044,265.6,-48.1,0.0
648245,2026-08-30_09-19-52.247-240,v3.6.25,3.47,12.0,400,-512,-5419,5242,-1402,-5526,5189,-581,-5522,5317,-635,-5745,5375,0,0,0,-54,-223,58,236.7,1557.0,0.965,0.817,-0.894,-229.266,19.469,62.594,236.1,1,0.6445,-0.1806,-0.3855,-0.6352,261.3,-46.6,0.0
648276,2026-08-30_09-19-52.278-240,v3.6.25,3.47,12.0,400,-509,-5462,5208,-1411,-5564,5141,-578,-5565,5284,-652,-5784,5329,0,0,0,-74,-219,45,235.5,1549.4,0.623,0.651,-1.128,-311.562,19.781,137.062,235.1,1,0.6140,-0.1954,-0.3594,-0.6751,256.2,-44.8,0.0
648304,2026-08-30_09-19-52.305-240,v3.6.25,3.47,12.0,400,-864,-5574,5007,-1411,-5564,5141,-933,-5669,5085,-652,-5784,5329,0,0,0,281,-115,244,389.5,2562.6,0.319,0.231,-1.207,-350.109,15.875,163.266,364.3,1,0.5771,-0.2134,-0.3279,-0.7169,250.5,-43.2,0.0
648352,2026-08-30_09-19-52.353-240,v3.6.25,3.47,12.0,400,-864,-5574,5007,-1780,-5680,4856,-933,-5669,5085,-1067,-5906,5114,0,0,0,-134,-237,29,273.8,1801.3,0.199,0.151,-1.270,-371.375,15.156,198.609,267.2,1,0.5358,-0.2346,-0.2898,-0.7576,245.0,-41.8,0.0
648381,2026-08-30_09-19-52.383-240,v3.6.25,3.47,12.0,400,-1423,-5802,4595,-2299,-5922,4238,-1492,-5883,4679,-1687,-6159,4599,0,0,0,-195,-276,-80,347.3,2284.7,0.341,-0.280,-0.905,-360.844,16.828,214.078,328.9,1,0.4938,-0.2561,-0.2479,-0.7932,239.8,-40.6,0.0
648420,2026-08-30_09-19-52.421-240,v3.6.25,3.47,12.0,400,-2048,-6063,4004,-2299,-5922,4238,-2117,-6126,4095,-1687,-6159,4599,0,0,0,430,-33,504,663.3,4364.0,0.953,-1.463,-0.358,-254.656,26.000,160.031,594.1,1,0.4637,-0.2695,-0.2143,-0.8163,236.5,-39.7,0.0
648457,2026-08-30_09-19-52.459-240,v3.6.25,3.47,12.0,400,-2048,-6063,4004,-2854,-6152,3506,-2117,-6126,4095,-2362,-6402,3979,0,0,0,-245,-276,-116,386.9,2545.1,1.549,-1.837,0.190,-49.562,36.062,24.750,362.1,1,0.4594,-0.2671,-0.2054,-0.8218,236.0,-38.9,0.0
648501,2026-08-30_09-19-52.503-240,v3.6.25,3.47,12.0,400,-2400,-6167,3742,-3004,-6146,3474,-2470,-6221,3836,-2518,-6398,3974,0,0,0,-48,-177,138,229.5,1510.0,1.352,-0.704,-0.092,158.281,51.328,-111.594,230.1,1,0.4817,-0.2486,-0.2219,-0.8105,238.4,-38.1,0.0
648536,2026-08-30_09-19-52.537-240,v3.6.25,3.47,12.0,400,-2222,-5962,4229,-3004,-6146,3474,-2293,-6027,4317,-2518,-6398,3974,0,0,0,-225,-371,-343,553.1,3638.8,1.036,-0.007,-0.600,229.172,63.000,-139.922,501.6,1,0.5124,-0.2251,-0.2443,-0.7919,242.0,-37.4,0.0
648653,2026-08-30_09-19-52.654-240,v3.6.25,3.47,12.0,400,-1223,-4845,5752,-2265,-5168,5329,-1299,-4947,5817,-1483,-5393,5657,0,0,0,-184,-446,-160,508.3,3344.1,1.134,0.205,-0.424,273.578,50.438,-115.484,464.0,1,0.5483,-0.2046,-0.2656,-0.7661,246.7,-37.2,0.0
648679,2026-08-30_09-19-52.682-240,v3.6.25,3.47,12.0,400,-675,-4231,6304,-1894,-4477,6084,-754,-4349,6358,-998,-4692,6329,0,0,0,-244,-343,-29,421.9,2775.9,0.713,0.436,-0.246,279.359,44.703,-147.328,391.6,1,0.5817,-0.1801,-0.2915,-0.7377,251.1,-37.2,0.0
648778,2026-08-30_09-19-52.780-240,v3.6.25,3.47,12.0,400,526,-3625,6669,-575,-3794,6791,445,-3762,6713,427,-3995,6794,0,0,0,-18,-233,81,247.3,1627.2,0.813,-0.516,-0.369,116.391,-22.266,-16.688,245.0,1,0.5955,-0.1809,-0.2997,-0.7231,253.3,-38.2,0.0
648830,2026-08-30_09-19-52.831-240,v3.6.25,3.47,12.0,400,880,-3810,6474,-575,-3794,6791,802,-3949,6522,427,-3995,6794,0,0,0,-375,-46,272,465.5,3062.7,0.963,0.029,-0.316,130.344,-51.641,-87.438,428.1,1,0.6064,-0.1769,-0.3203,-0.7060,254.8,-39.7,0.0
648880,2026-08-30_09-19-52.882-240,v3.6.25,3.47,12.0,400,880,-3810,6474,-211,-3986,6642,802,-3949,6522,770,-4185,6588,0,0,0,-32,-236,66,247.1,1625.9,1.147,0.713,-0.423,19.078,-51.609,-2.578,244.9,1,0.6059,-0.1822,-0.3275,-0.7017,254.8,-40.7,0.0
648909,2026-08-30_09-19-52.910-240,v3.6.25,3.47,12.0,400,1307,-4163,6218,213,-4386,6360,1233,-4303,6272,1156,-4584,6242,0,0,0,-77,-281,-30,292.9,1927.0,1.110,0.469,-0.444,-68.438,-41.078,58.938,283.3,1,0.5974,-0.1941,-0.3231,-0.7079,253.7,-41.4,0.0
648948,2026-08-30_09-19-52.949-240,v3.6.25,3.47,12.0,400,1029,-4464,6034,213,-4386,6360,957,-4598,6093,1156,-4584,6242,0,0,0,199,14,149,249.0,1638.1,1.178,-0.109,-0.577,-130.312,-20.438,72.359,246.4,1,0.5829,-0.2062,-0.3118,-0.7214,251.7,-41.4,0.0
648981,2026-08-30_09-19-52.983-240,v3.6.25,3.47,12.0,400,1029,-4464,6034,-201,-4629,6175,957,-4598,6093,715,-4831,6132,0,0,0,-242,-233,39,338.2,2224.9,1.575,-0.162,-0.821,-152.719,6.375,52.891,321.3,1,0.5660,-0.2127,-0.2995,-0.7380,249.2,-40.8,0.0
649010,2026-08-30_09-19-52.011-240,v3.6.25,3.47,12.0,400,603,-4584,6005,-572,-4682,6133,530,-4713,6065,337,-4887,6154,0,0,0,-193,-174,89,274.7,1807.1,1.568,-0.189,-0.701,-162.266,28.953,29.016,268.0,1,0.5479,-0.2135,-0.2873,-0.7561,246.4,-39.6,0.0
649066,2026-08-30_09-19-52.067-240,v3.6.25,3.47,12.0,400,432,-4473,6104,-572,-4682,6133,358,-4601,6162,337,-4887,6154,0,0,0,-21,-286,-8,286.9,1887.4,1.097,0.522,-0.741,-180.969,23.297,-0.172,278.2,1,0.5250,-0.2112,-0.2797,-0.7756,242.7,-38.4,0.0
649092,2026-08-30_09-19-52.094-240,v3.6.25,3.47,12.0,400,530,-4387,6156,-563,-4530,6256,455,-4517,6213,364,-4734,6272,0,0,0,-91,-217,59,242.6,1596.0,0.695,0.584,-0.687,-213.891,2.938,33.438,241.0,1,0.4973,-0.2149,-0.2679,-0.7967,238.6,-37.5,0.0
649141,2026-08-30_09-19-53.142-240,v3.6.25,3.47,12.0,400,530,-4387,6156,-680,-4591,6168,455,-4517,6213,233,-4797,6206,0,0,0,-222,-280,-7,357.4,2351.3,0.130,0.729,-0.956,-285.359,-40.875,145.344,337.4,1,0.4607,-0.2354,-0.2412,-0.8211,234.1,-37.5,0.0
649178,2026-08-30_09-19-53.180-240,v3.6.25,3.47,12.0,400,171,-4570,6008,-680,-4591,6168,96,-4694,6068,233,-4797,6206,0,0,0,137,-103,138,220.0,1447.7,0.048,0.152,-0.909,-336.656,-54.844,242.094,222.1,1,0.4178,-0.2663,-0.1986,-0.8456,229.7,-38.1,0.0
649354,2026-08-30_09-19-53.355-240,v3.6.25,3.47,12.0,400,-3728,-5186,4203,-4133,-5485,3388,-3810,-5229,4282,-3678,-5749,4079,0,0,0,132,-520,-203,573.6,3773.8,1.218,-0.099,-0.082,168.875,22.391,-6.781,518.8,1,0.4447,-0.2610,-0.2029,-0.8325,233.6,-38.0,0.0
649402,2026-08-30_09-19-53.404-240,v3.6.25,3.48,12.0,400,-3728,-5186,4203,-4408,-5105,3628,-3810,-5229,4282,-3921,-5370,4359,0,0,0,-111,-141,77,195.3,1284.7,1.223,-0.342,-0.276,218.906,41.484,-6.984,201.3,1,0.4789,-0.2527,-0.2073,-0.8147,238.5,-37.6,0.0
649431,2026-08-30_09-19-53.432-240,v3.6.25,3.48,12.0,400,-3906,-4494,4794,-4672,-4309,4294,-3994,-4543,4861,-4089,-4570,5053,0,0,0,-95,-27,192,215.9,1420.5,1.359,-0.862,-0.330,261.047,53.031,-64.234,218.7,1,0.5170,-0.2366,-0.2199,-0.7927,243.7,-37.1,0.0
649764,2026-08-30_09-19-53.765-240,v3.6.25,3.48,12.0,400,2615,-2915,6540,1421,-3010,7003,2535,-3073,6577,2444,-3200,6661,0,0,0,-91,-127,84,177.4,1167.0,1.271,0.320,-0.356,-146.531,-9.469,102.906,186.3,1,0.4995,-0.2489,-0.2022,-0.8048,241.8,-37.1,0.0
649792,2026-08-30_09-19-53.794-240,v3.6.25,3.48,12.0,400,2160,-3057,6672,1024,-3205,7000,2080,-3213,6710,2051,-3396,6726,0,0,0,-29,-183,16,186.0,1223.5,1.480,-0.058,-0.248,-169.641,11.484,95.172,193.5,1,0.4790,-0.2571,-0.1822,-0.8193,239.4,-36.6,0.0
649824,2026-08-30_09-19-53.825-240,v3.6.25,3.48,12.0,400,2160,-3057,6672,1024,-3205,7000,2080,-3213,6710,2051,-3396,6726,0,0,0,-29,-183,16,186.0,1223.5,1.662,0.001,-0.276,-169.641,33.406,50.922,193.5,1,0.4571,-0.2581,-0.1669,-0.8346,236.4,-35.7,0.0
649880,2026-08-30_09-19-53.881-240,v3.6.25,3.48,12.0,400,1028,-2691,7069,214,-3111,7121,941,-2839,7100,1258,-3306,6981,0,0,0,317,-467,-119,576.8,3795.0,0.845,1.069,-0.585,-222.938,25.188,48.516,521.6,1,0.4263,-0.2611,-0.1510,-0.8528,232.3,-35.0,0.0
649928,2026-08-30_09-19-53.930-240,v3.6.25,3.48,12.0,400,1028,-2691,7069,-219,-2856,7237,941,-2839,7100,839,-3054,7167,0,0,0,-102,-215,67,247.2,1626.5,0.237,0.993,-1.026,-348.469,-15.062,205.906,244.9,1,0.3796,-0.2835,-0.1095,-0.8738,227.5,-35.4,0.0
650114,2026-08-30_09-19-54.115-240,v3.6.25,3.48,12.0,400,-4509,-4378,4287,-5093,-4120,3784,-4600,-4410,4356,-4602,-4393,4626,0,0,0,-2,17,270,270.5,1779.9,1.208,-0.836,0.112,96.281,-38.391,-91.875,264.5,1,0.3918,-0.2813,-0.1289,-0.8665,228.6,-36.1,0.0
650140,2026-08-30_09-19-54.142-240,v3.6.25,3.48,12.0,400,-4509,-4378,4287,-5040,-4471,3665,-4600,-4410,4356,-4562,-4744,4501,0,0,0,38,-334,145,366.1,2408.5,1.428,-0.096,0.151,141.734,-17.375,-65.625,344.7,1,0.4121,-0.2763,-0.1444,-0.8561,231.0,-36.3,0.0
650188,2026-08-30_09-19-54.189-240,v3.6.25,3.48,12.0,400,-4209,-4462,4563,-4853,-4225,4161,-4298,-4503,4631,-4295,-4490,4953,0,0,0,3,13,322,322.3,2120.2,1.476,0.223,-0.162,166.859,24.766,-0.766,307.9,1,0.4390,-0.2692,-0.1486,-0.8442,234.6,-35.8,0.0
650231,2026-08-30_09-19-54.233-240,v3.6.25,3.48,12.0,400,-4094,-4061,5001,-4853,-4225,4161,-4186,-4111,5061,-4295,-4490,4953,0,0,0,-109,-379,-108,408.9,2690.0,1.499,-0.346,-0.138,204.234,51.969,-11.859,380.6,1,0.4715,-0.2571,-0.1523,-0.8297,239.0,-34.8,0.0
650257,2026-08-30_09-19-54.258-240,v3.6.25,3.48,12.0,400,-4093,-3270,5603,-4941,-3460,4754,-4192,-3328,5650,-4299,-3722,5545,0,0,0,-107,-394,-105,421.6,2773.4,1.058,-1.128,-0.179,256.672,61.375,-80.844,391.2,1,0.5087,-0.2366,-0.1669,-0.8108,243.6,-33.6,0.0
650581,2026-08-30_09-19-54.583-240,v3.6.25,3.48,12.0,400,3573,-2056,6432,2237,-1921,7132,3490,-2221,6460,3259,-2112,6647,0,0,0,-231,109,187,316.6,2082.6,0.962,1.024,-0.117,-144.609,-35.781,134.125,303.1,1,0.4917,-0.2557,-0.1466,-0.8194,242.2,-34.3,0.0
650611,2026-08-30_09-19-54.613-240,v3.6.25,3.48,12.0,400,3573,-2056,6432,2120,-2367,7133,3490,-2221,6460,3152,-2555,6669,0,0,0,-338,-334,209,519.1,3415.2,1.140,0.241,-0.286,-209.047,-13.938,158.984,473.1,1,0.4658,-0.2749,-0.1184,-0.8327,239.7,-34.6,0.0
650756,2026-08-30_09-19-54.757-240,v3.6.25,3.48,12.0,400,1177,-1713,7385,-23,-1988,7526,1083,-1866,7402,1065,-2186,7414,0,0,0,-18,-320,12,320.7,2110.1,0.989,1.094,-0.388,-226.844,42.141,19.594,306.6,1,0.4333,-0.2746,-0.1058,-0.8518,235.1,-34.0,0.0
650782,2026-08-30_09-19-54.784-240,v3.6.25,3.48,12.0,400,936,-1321,7486,-202,-1477,7630,838,-1471,7498,892,-1678,7545,0,0,0,54,-207,47,219.0,1441.0,0.311,1.100,-0.457,-277.922,16.156,88.203,221.3,1,0.3939,-0.2839,-0.0829,-0.8702,230.4,-34.0,0.0
650875,2026-08-30_09-19-54.877-240,v3.6.25,3.48,12.0,400,-205,-1456,7493,-1341,-1529,7420,-305,-1593,7506,-282,-1740,7533,0,0,0,23,-147,27,151.2,994.9,-0.074,-0.026,-0.998,-502.266,-39.219,422.062,164.4,1,0.3271,-0.3275,-0.0036,-0.8864,225.3,-35.7,0.0
650992,2026-08-30_09-19-54.993-240,v3.6.25,3.48,12.0,400,-5511,-3079,4371,-6067,-2795,3407,-5616,-3096,4424,-5671,-3089,4420,0,0,0,-55,7,-4,55.6,365.7,1.425,-1.406,0.495,172.672,-3.578,-141.781,84.1,1,0.3520,-0.3153,-0.0310,-0.8807,227.3,-35.3,0.0
651031,2026-08-30_09-19-54.033-240,v3.6.25,3.48,12.0,400,-5511,-3079,4371,-6016,-2990,3706,-5616,-3096,4424,-5565,-3278,4703,0,0,0,51,-182,279,337.0,2217.1,1.328,0.114,0.126,240.516,28.516,-125.844,320.3,1,0.3876,-0.2962,-0.0567,-0.8711,230.8,-34.1,0.0
651455,2026-08-30_09-19-55.456-240,v3.6.25,3.48,12.0,400,4772,-453,6054,3431,-336,6954,4680,-620,6066,4389,-533,6267,0,0,0,-291,87,201,364.2,2396.1,0.867,0.967,0.205,-67.422,-35.953,30.016,343.1,1,0.3780,-0.3045,-0.0529,-0.8727,229.9,-34.9,0.0
651503,2026-08-30_09-19-55.505-240,v3.6.25,3.48,12.0,400,4772,-453,6054,3653,-629,6884,4680,-620,6066,4606,-824,6162,0,0,0,-74,-204,96,237.3,1561.1,1.164,0.641,-0.078,-162.859,-36.500,27.781,236.6,1,0.3529,-0.3151,-0.0467,-0.8798,227.0,-36.0,0.0
651529,2026-08-30_09-19-55.532-240,v3.6.25,3.48,12.0,400,4425,-531,6327,3192,-678,7132,4332,-699,6338,4188,-871,6482,0,0,0,-144,-172,144,266.6,1753.7,1.405,0.595,-0.227,-206.500,-28.188,24.984,261.2,1,0.3204,-0.3249,-0.0391,-0.8890,223.0,-37.1,0.0
651573,2026-08-30_09-19-55.574-240,v3.6.25,3.48,12.0,400,3912,-454,6673,3192,-678,7132,3817,-622,6681,4188,-871,6482,0,0,0,371,-249,-199,489.1,3217.9,1.142,1.085,-0.352,-266.281,-17.969,26.797,447.9,1,0.2777,-0.3340,-0.0289,-0.9003,217.7,-38.1,0.0
651607,2026-08-30_09-19-55.609-240,v3.6.25,3.48,12.0,400,3912,-454,6673,2473,-515,7431,3817,-622,6681,3515,-709,6896,0,0,0,-302,-87,215,380.8,2505.2,0.903,1.276,-0.609,-337.250,-18.078,79.312,357.0,1,0.2240,-0.3460,-0.0080,-0.9111,211.4,-39.3,0.0
651874,2026-08-30_09-19-55.875-240,v3.6.25,3.48,12.0,400,-5242,-2186,5048,-5983,-2141,4157,-5353,-2216,5086,-5474,-2427,5136,0,0,0,-121,-211,50,248.3,1633.7,1.406,-0.784,0.643,64.234,-23.984,42.281,245.8,1,0.2369,-0.3493,-0.0032,-0.9066,213.6,-39.4,0.0
651926,2026-08-30_09-19-55.927-240,v3.6.25,3.48,12.0,400,-5242,-2186,5048,-5983,-2141,4157,-5353,-2216,5086,-5474,-2427,5136,0,0,0,-121,-211,50,248.3,1633.7,1.224,-0.616,0.351,164.125,-4.594,28.094,245.8,1,0.2661,-0.3468,-0.0027,-0.8994,217.7,-38.7,0.0
651976,2026-08-30_09-19-55.978-240,v3.6.25,3.48,12.0,400,-5369,-1711,5150,-6089,-1613,4241,-5485,-1740,5182,-5577,-1902,5235,0,0,0,-92,-162,53,193.7,1274.3,1.374,-1.131,0.166,257.188,13.703,-31.422,200.0,1,0.3088,-0.3365,-0.0134,-0.8895,222.8,-37.4,0.0
652288,2026-08-30_09-19-56.289-240,v3.6.25,3.48,12.0,400,7308,1825,1680,6820,1597,3699,7205,1718,1696,7185,1356,2512,0,0,0,-20,-362,816,892.9,5874.5,0.277,2.144,0.535,-226.750,-48.453,256.016,786.8,1,0.2782,-0.3608,0.0315,-0.8896,221.5,-38.6,0.0
652683,2026-08-30_09-19-56.684-240,v3.6.25,3.48,12.0,400,-5786,-136,5026,-6499,-114,3874,-5916,-151,5040,-6084,-422,4943,0,0,0,-168,-271,-97,333.3,2192.6,1.155,-0.440,0.579,187.203,-13.062,-57.031,317.1,1,0.3089,-0.3541,0.0171,-0.8826,224.9,-37.9,0.0
652711,2026-08-30_09-19-56.713-240,v3.6.25,3.48,12.0,400,-5786,-136,5026,-6247,192,4403,-5916,-151,5040,-5748,-108,5416,0,0,0,168,43,376,414.1,2724.1,1.062,-0.147,0.485,217.797,4.641,-47.844,384.9,1,0.3442,-0.3436,0.0044,-0.8737,228.9,-36.7,0.0
652746,2026-08-30_09-19-56.747-240,v3.6.25,3.48,12.0,400,-5226,375,5678,-6247,192,4403,-5358,341,5682,-5748,-108,5416,0,0,0,-390,-449,-266,651.5,4286.2,1.211,-0.219,0.367,232.828,21.516,-25.953,584.2,1,0.3819,-0.3307,-0.0042,-0.8630,233.3,-35.0,0.0
653095,2026-08-30_09-19-56.096-240,v3.6.25,3.48,12.0,400,5897,1471,4975,5212,1694,5532,5793,1316,4973,5885,1471,4573,0,0,0,92,155,-400,438.7,2886.4,1.427,1.161,0.120,-244.016,-54.562,177.438,405.7,1,0.3474,-0.3561,0.0260,-0.8671,230.9,-36.8,0.0
653135,2026-08-30_09-19-57.137-240,v3.6.25,3.48,12.0,400,5897,1471,4975,4692,1300,6293,5793,1316,4973,5503,1088,5405,0,0,0,-290,-228,432,568.1,3737.3,1.649,0.066,0.064,-278.672,-11.797,132.562,514.2,1,0.3052,-0.3731,0.0526,-0.8746,226.9,-38.4,0.0
653869,2026-08-30_09-19-57.870-240,v3.6.25,3.48,12.0,400,4689,4991,3658,4519,4812,4298,4552,4889,3624,4912,4544,3479,0,0,0,360,-345,-145,519.3,3416.3,0.755,2.207,1.118,-13.000,0.547,56.641,473.2,1,0.3047,-0.3753,0.0618,-0.8732,227.4,-38.2,0.0
653912,2026-08-30_09-19-57.914-240,v3.6.25,3.48,12.0,400,5133,4752,3462,4519,4812,4298,4999,4647,3432,4912,4544,3479,0,0,0,-87,-103,47,142.8,939.4,1.163,1.292,0.813,-205.219,32.344,205.375,157.3,1,0.2746,-0.3852,0.1009,-0.8752,225.3,-38.2,0.0
653939,2026-08-30_09-19-57.940-240,v3.6.25,3.48,12.0,400,4661,4827,4190,4161,4836,4822,4525,4715,4154,4642,4574,4051,0,0,0,117,-141,-103,210.2,1382.8,1.045,0.019,0.581,-239.594,56.859,202.484,213.8,1,0.2378,-0.3914,0.1412,-0.8777,222.3,-38.3,0.0
653976,2026-08-30_09-19-57.978-240,v3.6.25,3.48,12.0,400,4661,4827,4190,4161,4836,4822,4525,4715,4154,4642,4574,4051,0,0,0,117,-141,-103,210.2,1382.8,0.943,-0.670,0.690,-185.828,88.828,91.094,213.8,1,0.2067,-0.3869,0.1634,-0.8837,218.6,-38.0,0.0
654028,2026-08-30_09-19-57.030-240,v3.6.25,3.48,12.0,400,3399,5272,4766,2692,5294,5273,3255,5166,4721,3238,5027,4739,0,0,0,-17,-139,18,141.2,928.9,0.410,1.102,0.416,-169.328,94.094,42.406,155.9,1,0.1768,-0.3798,0.1765,-0.8907,214.7,-37.9,0.0
654320,2026-08-30_09-19-58.322-240,v3.6.25,3.48,12.0,400,-4764,5712,1241,-4523,6173,575,-4938,5776,1214,-4807,5782,1374,0,0,0,131,6,160,206.9,1361.0,0.254,-1.519,1.185,26.828,34.594,-109.625,211.1,1,0.1790,-0.3714,0.1588,-0.8971,213.6,-37.6,0.0
654348,2026-08-30_09-19-58.350-240,v3.6.25,3.48,12.0,400,-4978,5499,1480,-4943,5863,450,-5151,5560,1453,-5242,5469,1324,0,0,0,-91,-91,-129,182.2,1198.8,0.185,-1.055,0.965,90.125,40.469,-136.828,190.4,1,0.1910,-0.3590,0.1351,-0.9035,213.4,-36.7,0.0
654395,2026-08-30_09-19-58.396-240,v3.6.25,3.47,12.0,400,-4978,5499,1480,-4942,5832,1008,-5151,5560,1453,-5145,5447,1869,0,0,0,6,-113,416,431.1,2836.3,-0.004,-0.441,0.640,145.781,44.484,-114.047,399.3,1,0.2125,-0.3438,0.1139,-0.9076,214.6,-35.2,0.0
654440,2026-08-30_09-19-58.442-240,v3.6.25,3.47,12.0,400,-4796,5568,1974,-4942,5832,1008,-4969,5618,1943,-5145,5447,1869,0,0,0,-176,-171,-74,256.3,1686.2,0.180,-0.276,0.689,171.344,53.781,-75.438,252.6,1,0.2388,-0.3267,0.0985,-0.9091,216.6,-33.2,0.0
654471,2026-08-30_09-19-58.473-240,v3.6.25,3.47,12.0,400,-4302,5900,2243,-4531,6129,1475,-4476,5940,2207,-4661,5752,2254,0,0,0,-185,-188,47,267.9,1762.6,0.349,-0.344,0.768,202.562,62.078,-80.484,262.3,1,0.2697,-0.3065,0.0815,-0.9092,219.0,-30.9,0.0
654500,2026-08-30_09-19-58.502-240,v3.6.25,3.47,12.0,400,-4302,5900,2243,-4531,6129,1475,-4476,5940,2207,-4661,5752,2254,0,0,0,-185,-188,47,267.9,1762.6,0.186,-0.316,0.694,233.734,67.828,-96.172,262.3,1,0.3046,-0.2831,0.0612,-0.9074,221.9,-28.5,0.0
654531,2026-08-30_09-19-58.533-240,v3.6.25,3.47,12.0,400,-3588,6332,2312,-3811,6612,1681,-3763,6363,2270,-3915,6240,2332,0,0,0,-152,-123,62,205.1,1349.5,0.272,0.054,0.798,244.531,68.547,-85.734,209.6,1,0.3408,-0.2590,0.0418,-0.9028,225.2,-26.0,0.0
654847,2026-08-30_09-19-58.848-240,v3.6.25,3.47,12.0,400,2153,7197,1799,1762,7458,2037,1989,7170,1751,1706,7120,1734,0,0,0,-283,-50,-17,287.9,1894.0,0.576,0.429,1.340,-28.750,10.781,100.875,279.1,1,0.3408,-0.2625,0.0594,-0.9008,225.7,-25.6,0.0
654873,2026-08-30_09-19-58.874-240,v3.6.25,3.47,12.0,400,2335,7130,1880,2117,7302,2255,2172,7099,1833,2103,6970,1886,0,0,0,-69,-129,53,155.6,1023.7,0.611,0.033,1.260,-39.484,34.250,87.625,168.0,1,0.3383,-0.2621,0.0768,-0.9005,225.7,-24.8,0.0
654920,2026-08-30_09-19-58.922-240,v3.6.25,3.47,12.0,400,2335,7130,1880,2094,7384,2082,2172,7099,1833,2048,7049,1721,0,0,0,-124,-50,-112,174.4,1147.5,0.546,-0.436,1.004,-30.234,74.844,24.562,183.8,1,0.3342,-0.2521,0.0864,-0.9041,224.9,-23.5,0.0
654966,2026-08-30_09-19-58.968-240,v3.6.25,3.47,12.0,400,2244,7197,1621,2094,7384,2082,2080,7172,1575,2048,7049,1721,0,0,0,-32,-123,146,193.6,1273.5,0.220,-0.022,0.992,-9.188,95.109,-62.469,199.9,1,0.3294,-0.2341,0.0823,-0.9110,223.5,-21.9,0.0
655011,2026-08-30_09-19-58.013-240,v3.6.25,3.47,12.0,400,2012,7363,964,1969,7579,1376,1846,7354,920,1798,7231,1053,0,0,0,-48,-123,133,187.4,1233.0,0.130,0.657,0.745,-58.172,94.922,-70.266,194.7,1,0.3164,-0.2177,0.0788,-0.9200,221.2,-20.5,0.0
655315,2026-08-30_09-19-59.316-240,v3.6.25,3.47,12.0,400,-3287,6771,-88,-2707,7292,-541,-3465,6846,-117,-3204,6887,-24,0,0,0,261,41,93,280.1,1842.7,0.042,-1.177,1.366,-121.391,-15.141,21.906,272.5,1,0.2993,-0.2253,0.0873,-0.9231,219.4,-21.3,0.0
655345,2026-08-30_09-19-59.347-240,v3.6.25,3.47,12.0,400,-3287,6771,-88,-3282,7005,-829,-3465,6846,-117,-3822,6594,-207,0,0,0,-357,-252,-90,446.2,2935.2,0.194,-1.077,1.532,-28.516,-4.109,-48.000,411.9,1,0.2935,-0.2247,0.0809,-0.9256,218.6,-21.6,0.0
655373,2026-08-30_09-19-59.374-240,v3.6.25,3.47,12.0,400,-3686,6560,-142,-3282,7005,-829,-3864,6640,-169,-3822,6594,-207,0,0,0,42,-46,-38,73.0,480.0,0.342,-0.726,1.421,58.719,9.062,-90.938,98.7,1,0.2994,-0.2170,0.0642,-0.9269,218.7,-21.3,0.0
655402,2026-08-30_09-19-59.404-240,v3.6.25,3.47,12.0,400,-3834,6468,148,-3596,6872,-668,-4012,6544,119,-4106,6462,2,0,0,0,-94,-82,-117,171.0,1125.2,-0.135,-0.373,1.138,130.844,16.516,-121.203,181.0,1,0.3150,-0.2041,0.0395,-0.9261,219.9,-20.7,0.0
655445,2026-08-30_09-19-59.446-240,v3.6.25,3.47,12.0,400,-3834,6468,148,-3562,6928,-246,-4012,6544,119,-4002,6525,408,0,0,0,10,-19,289,289.8,1906.6,-0.249,0.360,0.785,153.031,22.500,-78.938,280.7,1,0.3358,-0.1910,0.0203,-0.9222,221.8,-19.8,0.0
655492,2026-08-30_09-19-59.493-240,v3.6.25,3.47,12.0,400,-3652,6616,505,-3562,6928,-246,-3830,6684,472,-4002,6525,408,0,0,0,-172,-159,-64,242.8,1597.5,-0.208,0.025,0.729,150.812,13.438,-16.000,241.2,1,0.3592,-0.1824,0.0106,-0.9152,224.4,-19.0,0.0
655522,2026-08-30_09-19-59.524-240,v3.6.25,3.47,12.0,400,-3237,6860,580,-3141,7159,-16,-3416,6922,544,-3546,6760,561,0,0,0,-130,-162,17,208.4,1371.1,-0.161,-0.493,0.756,192.000,5.062,-48.375,212.4,1,0.3870,-0.1720,-0.0063,-0.9059,227.5,-18.5,0.0
655549,2026-08-30_09-19-59.550-240,v3.6.25,3.47,12.0,400,-3237,6860,580,-3141,7159,-16,-3416,6922,544,-3546,6760,561,0,0,0,-130,-162,17,208.4,1371.1,-0.355,-0.696,0.619,246.906,-3.594,-113.359,212.4,1,0.4189,-0.1572,-0.0366,-0.8936,230.9,-18.2,0.0
655576,2026-08-30_09-19-59.578-240,v3.6.25,3.47,12.0,400,-2482,7137,713,-2400,7496,318,-2660,7188,673,-2754,7105,761,0,0,0,-94,-83,88,153.2,1007.9,-0.516,-0.251,0.582,290.688,-9.656,-173.219,166.0,1,0.4528,-0.1373,-0.0785,-0.8775,234.5,-18.2,0.0
655606,2026-08-30_09-19-59.607-240,v3.6.25,3.47,12.0,400,-2482,7137,713,-2400,7496,318,-2660,7188,673,-2754,7105,761,0,0,0,-94,-83,88,153.2,1007.9,-0.399,0.398,0.598,276.156,-15.906,-169.250,166.0,1,0.4831,-0.1184,-0.1198,-0.8592,237.8,-18.6,0.0
655722,2026-08-30_09-19-59.723-240,v3.6.25,3.47,12.0,400,-148,7472,1723,-662,7776,1371,-321,7476,1672,-841,7410,1493,0,0,0,-520,-66,-179,553.9,3644.0,-0.109,0.428,1.099,41.797,-59.125,-27.203,502.3,1,0.4869,-0.1232,-0.1312,-0.8547,238.2,-19.8,0.0
655761,2026-08-30_09-19-59.763-240,v3.6.25,3.47,12.0,400,-148,7472,1723,-188,7741,1816,-321,7476,1672,-289,7385,1848,0,0,0,32,-91,176,200.7,1320.4,0.311,0.535,1.252,-30.906,-57.344,-5.875,205.9,1,0.4816,-0.1313,-0.1353,-0.8559,237.5,-20.8,0.0
655790,2026-08-30_09-19-59.791-240,v3.6.25,3.47,12.0,400,46,7374,2162,-220,7582,2312,-126,7367,2110,-233,7235,2338,0,0,0,-107,-132,228,284.4,1870.7,0.461,0.215,1.232,-92.109,-51.766,13.047,276.1,1,0.4688,-0.1414,-0.1327,-0.8618,236.0,-21.6,0.0
655841,2026-08-30_09-19-59.843-240,v3.6.25,3.47,12.0,400,-187,7241,2577,-220,7582,2312,-358,7228,2523,-233,7235,2338,0,0,0,125,7,-185,223.4,1469.6,0.493,-0.139,1.019,-138.859,-35.859,-18.422,224.9,1,0.4478,-0.1476,-0.1307,-0.8721,233.2,-22.0,0.0
655871,2026-08-30_09-19-59.873-240,v3.6.25,3.47,12.0,400,-833,7056,2926,-800,7405,2648,-1005,7044,2872,-753,7061,2764,0,0,0,252,17,-108,274.7,1807.2,0.478,0.172,0.954,-164.125,-29.188,-31.797,268.0,1,0.4223,-0.1519,-0.1287,-0.8843,229.8,-22.2,0.0
656130,2026-08-30_09-20-00.131-240,v3.6.25,3.47,12.0,400,-5229,5134,1554,-5314,5455,636,-5400,5196,1531,-5573,5065,1569,0,0,0,-173,-131,38,220.3,1449.4,0.003,-1.872,1.484,-65.266,-46.062,95.141,222.3,1,0.4177,-0.1670,-0.1142,-0.8858,229.7,-23.0,0.0
656190,2026-08-30_09-20-00.191-240,v3.6.25,3.47,12.0,400,-5409,5227,819,-5458,5399,-424,-5582,5305,800,-5897,4992,559,0,0,0,-315,-313,-241,505.2,3324.0,0.443,-0.686,1.401,134.875,-47.328,-16.016,461.5,1,0.4367,-0.1699,-0.1268,-0.8742,232.1,-24.1,0.0
656235,2026-08-30_09-20-00.237-240,v3.6.25,3.47,12.0,400,-5409,5227,819,-5214,5668,4,-5582,5305,800,-5585,5267,935,0,0,0,-3,-38,135,140.3,922.9,0.303,-0.700,0.903,213.031,-38.938,-33.469,155.2,1,0.4661,-0.1687,-0.1450,-0.8563,235.8,-25.1,0.0
656547,2026-08-30_09-20-00.548-240,v3.6.25,3.47,12.0,400,2160,6900,2828,1679,7135,3066,1999,6852,2777,1806,6814,2753,0,0,0,-193,-38,-24,198.2,1303.7,0.438,0.811,1.048,-29.484,-96.609,-2.469,203.8,1,0.4599,-0.1828,-0.1520,-0.8555,235.1,-26.9,0.0
656601,2026-08-30_09-20-00.603-240,v3.6.25,3.47,12.0,400,2459,6631,3311,2012,6789,3627,2301,6569,3260,2243,6482,3245,0,0,0,-58,-87,-15,105.6,694.9,0.692,1.907,0.995,-186.828,-90.531,85.453,126.1,1,0.4347,-0.2058,-0.1384,-0.8658,232.3,-28.5,0.0
656949,2026-08-30_09-20-00.950-240,v3.6.25,3.47,12.0,400,-6330,3949,1156,-6325,4194,205,-6495,4028,1149,-6631,3799,1323,0,0,0,-136,-229,174,318.1,2093.0,0.317,-1.603,0.966,117.828,-49.938,15.391,304.4,1,0.4526,-0.2122,-0.1447,-0.8539,234.9,-29.6,0.0
656977,2026-08-30_09-20-00.979-240,v3.6.25,3.47,12.0,400,-6022,4402,1397,-6148,4549,120,-6190,4474,1384,-6476,4152,1209,0,0,0,-286,-322,-175,464.9,3058.4,0.253,-1.270,0.655,211.906,-58.469,-38.562,427.6,1,0.4814,-0.2138,-0.1634,-0.8342,238.7,-30.9,0.0
657362,2026-08-30_09-20-01.363-240,v3.6.25,3.47,12.0,400,4199,5221,4120,3613,5580,4337,4058,5117,4080,3994,5302,3669,0,0,0,-64,185,-411,455.2,2995.0,1.292,1.469,0.599,-278.984,-55.141,211.688,419.5,1,0.4478,-0.2440,-0.1263,-0.8509,235.6,-31.9,0.0
657711,2026-08-30_09-20-01.712-240,v3.6.25,3.47,12.0,400,-6371,2440,3377,-6339,2995,2700,-6524,2471,3373,-6193,2648,3763,0,0,0,331,177,390,541.3,3561.1,0.994,-2.514,1.451,94.875,-63.406,-65.484,491.7,1,0.4591,-0.2459,-0.1441,-0.8414,236.9,-33.1,0.0
657761,2026-08-30_09-20-01.763-240,v3.6.25,3.47,12.0,400,-6371,2440,3377,-6715,2675,2345,-6524,2471,3373,-6623,2322,3481,0,0,0,-99,-149,108,209.0,1374.8,1.075,-0.898,0.655,277.297,-35.484,-112.953,212.8,1,0.4957,-0.2360,-0.1731,-0.8177,241.4,-33.9,0.0
658119,2026-08-30_09-20-02.120-240,v3.6.25,3.47,12.0,400,4800,3207,5256,3834,3280,5981,4678,3067,5231,4547,3045,5241,0,0,0,-131,-22,10,133.2,876.4,1.728,1.669,0.384,-204.797,-76.469,129.078,149.2,1,0.4685,-0.2611,-0.1541,-0.8298,238.7,-35.3,0.0
658147,2026-08-30_09-20-02.149-240,v3.6.25,3.47,12.0,400,4393,2719,6004,3510,2651,6598,4274,2568,5980,4342,2428,5900,0,0,0,68,-140,-80,175.0,1151.3,1.675,0.806,0.266,-285.094,-41.781,146.531,184.3,1,0.4299,-0.2834,-0.1266,-0.8479,234.4,-36.1,0.0
658179,2026-08-30_09-20-02.180-240,v3.6.25,3.47,12.0,400,4393,2719,6004,3510,2651,6598,4274,2568,5980,4342,2428,5900,0,0,0,68,-140,-80,175.0,1151.3,1.296,0.454,0.158,-304.453,-11.250,97.062,184.3,1,0.3861,-0.2969,-0.1033,-0.8672,229.2,-36.5,0.0
658468,2026-08-30_09-20-02.469-240,v3.6.25,3.47,12.0,400,-6291,-182,4366,-6779,104,3180,-6422,-179,4385,-6487,-218,4313,0,0,0,-65,-39,-72,104.5,687.8,1.514,-1.646,0.714,234.359,-35.531,-147.250,125.2,1,0.4183,-0.2873,-0.1353,-0.8510,232.6,-37.0,0.0
658496,2026-08-30_09-20-02.498-240,v3.6.25,3.47,12.0,400,-6291,-182,4366,-6578,55,3945,-6422,-179,4385,-6154,-253,5025,0,0,0,268,-74,640,697.8,4590.7,1.406,-0.659,0.168,308.219,-9.656,-150.453,623.1,1,0.4611,-0.2716,-0.1679,-0.8279,237.6,-37.2,0.0
658650,2026-08-30_09-20-02.651-240,v3.6.25,3.47,12.0,400,-2192,2106,7179,-3702,1935,6668,-2328,2011,7153,-2852,1673,7192,0,0,0,-524,-338,39,624.8,4110.3,0.612,1.025,0.162,329.375,14.609,-91.312,561.8,1,0.5075,-0.2555,-0.1908,-0.8005,243.6,-37.1,0.0
658706,2026-08-30_09-20-02.707-240,v3.6.25,3.47,12.0,400,68,2751,7257,-1270,2733,7260,-65,2629,7223,-333,2490,7356,0,0,0,-268,-139,133,329.9,2170.4,0.452,0.042,0.543,220.234,-39.969,-19.203,314.3,1,0.5374,-0.2549,-0.2038,-0.7776,248.2,-38.0,0.0
658879,2026-08-30_09-20-02.880-240,v3.6.25,3.47,12.0,400,3887,1052,6659,2705,1352,7214,3780,888,6650,3669,1142,6640,0,0,0,-111,254,-10,277.4,1824.8,1.413,0.752,0.161,-132.172,-65.141,19.219,270.2,1,0.5176,-0.2669,-0.2036,-0.7870,245.5,-39.1,0.0
658917,2026-08-30_09-20-02.919-240,v3.6.25,3.47,12.0,400,3887,1052,6659,2601,783,7356,3780,888,6650,3602,579,6798,0,0,0,-178,-309,148,386.1,2540.1,1.681,0.536,0.126,-188.094,-35.656,2.281,361.5,1,0.4899,-0.2737,-0.2014,-0.8028,241.3,-39.6,0.0
658944,2026-08-30_09-20-02.945-240,v3.6.25,3.47,12.0,400,3441,776,6927,2601,783,7356,3334,612,6919,3602,579,6798,0,0,0,268,-33,-121,295.9,1946.7,1.453,0.684,0.245,-200.641,-20.844,-39.844,285.8,1,0.4591,-0.2744,-0.2034,-0.8201,236.3,-39.6,0.0
658996,2026-08-30_09-20-02.997-240,v3.6.25,3.47,12.0,400,2974,833,7130,1981,654,7568,2865,671,7120,3020,450,7110,0,0,0,155,-221,-10,270.1,1777.1,0.586,1.460,-0.423,-294.469,-30.500,6.234,264.1,1,0.4145,-0.2810,-0.1966,-0.8429,229.7,-39.6,0.0
659025,2026-08-30_09-20-02.027-240,v3.6.25,3.47,12.0,400,2974,833,7130,1411,766,7688,2865,671,7120,2467,560,7324,0,0,0,-398,-111,204,460.8,3031.6,0.358,0.926,-0.676,-345.188,-55.172,80.016,424.2,1,0.3623,-0.2967,-0.1783,-0.8654,222.9,-40.0,0.0
659289,2026-08-30_09-20-03.290-240,v3.6.25,3.47,12.0,400,-4514,-2439,5781,-5888,-2446,4205,-4621,-2493,5817,-5364,-2729,5168,0,0,0,-743,-236,-649,1014.4,6673.5,1.548,-0.346,-0.042,281.281,-37.359,-107.328,888.8,1,0.4025,-0.2926,-0.2054,-0.8427,227.9,-41.2,0.0
659348,2026-08-30_09-20-03.349-240,v3.6.25,3.47,12.0,400,-3790,-1779,6445,-5263,-2321,5161,-3900,-1852,6469,-4577,-2586,5995,0,0,0,-677,-734,-474,1105.3,7271.9,1.351,0.051,-0.141,278.859,5.359,15.344,965.1,1,0.4464,-0.2907,-0.2103,-0.8198,234.6,-41.6,0.0
659388,2026-08-30_09-20-03.390-240,v3.6.25,3.53,12.0,400,-3790,-1779,6445,-4681,-1564,5935,-3900,-1852,6469,-3879,-1818,6650,0,0,0,21,34,181,185.4,1219.5,0.889,-0.560,-0.027,308.828,14.422,-9.391,193.0,1,0.4931,-0.2849,-0.2182,-0.7925,241.9,-41.8,0.0
659706,2026-08-30_09-20-03.707-240,v3.6.25,3.53,12.0,400,3507,-1545,6680,2355,-1663,7241,3419,-1712,6701,3390,-1853,6733,0,0,0,-29,-141,32,147.5,970.2,1.455,0.599,-0.282,-211.281,-74.859,89.453,161.2,1,0.4620,-0.3047,-0.2066,-0.8069,238.0,-43.0,0.0
659758,2026-08-30_09-20-03.759-240,v3.6.25,3.53,12.0,400,3507,-1545,6680,2355,-1663,7241,3419,-1712,6701,3390,-1853,6733,0,0,0,-29,-141,32,147.5,970.2,1.745,0.071,-0.384,-240.312,-28.734,12.547,161.2,1,0.4257,-0.3109,-0.2013,-0.8256,232.4,-43.2,0.0
659814,2026-08-30_09-20-03.816-240,v3.6.25,3.53,12.0,400,2487,-1741,7045,1450,-1971,7418,2398,-1903,7065,2521,-2162,7059,0,0,0,123,-259,-6,286.8,1886.7,1.071,0.823,-0.269,-218.406,-12.844,-87.219,278.1,1,0.3900,-0.3060,-0.2106,-0.8426,226.1,-42.8,0.0
659862,2026-08-30_09-20-03.864-240,v3.6.25,3.53,12.0,400,2487,-1741,7045,1275,-1882,7446,2398,-1903,7065,2349,-2074,7116,0,0,0,-49,-171,51,185.0,1217.4,0.582,1.120,-0.598,-271.688,-52.266,26.391,192.7,1,0.3468,-0.3154,-0.2033,-0.8596,219.9,-43.1,0.0
659889,2026-08-30_09-20-03.891-240,v3.6.25,3.53,12.0,400,2544,-1730,7028,1172,-1939,7456,2455,-1893,7048,2248,-2131,7143,0,0,0,-207,-238,95,329.4,2167.2,0.253,0.679,-0.658,-290.656,-77.891,113.969,313.9,1,0.3012,-0.3342,-0.1829,-0.8742,214.2,-44.0,0.0
660120,2026-08-30_09-20-04.121-240,v3.6.25,3.53,12.0,400,-4110,-4259,4641,-5146,-4121,3809,-4201,-4302,4706,-4651,-4394,4659,0,0,0,-450,-92,-47,461.7,3037.5,1.552,-1.563,-0.209,263.109,-56.594,-105.328,424.9,1,0.3398,-0.3362,-0.2087,-0.8532,219.0,-45.7,0.0
660170,2026-08-30_09-20-04.172-240,v3.6.25,3.53,12.0,400,-4433,-4093,4727,-5146,-4121,3809,-4526,-4133,4790,-4651,-4394,4659,0,0,0,-125,-261,-131,317.7,2089.9,1.353,-0.524,-0.790,368.375,-13.359,-153.156,304.0,1,0.3943,-0.3276,-0.2413,-0.8240,226.0,-46.9,0.0
660397,2026-08-30_09-20-04.398-240,v3.6.25,3.53,12.0,400,1845,-2222,7034,67,-2033,7486,1757,-2378,7060,1149,-2231,7360,0,0,0,-608,147,300,693.7,4564.1,0.742,0.167,0.055,85.594,-79.484,-54.516,619.7,1,0.4033,-0.3339,-0.2570,-0.8123,227.0,-48.6,0.0
660438,2026-08-30_09-20-04.441-240,v3.6.25,3.53,12.0,400,1845,-2222,7034,751,-2528,7277,1757,-2378,7060,1809,-2721,7041,0,0,0,52,-343,-19,347.4,2285.8,0.952,0.795,0.025,35.250,-92.891,-52.766,329.0,1,0.4038,-0.3418,-0.2726,-0.8036,226.4,-50.3,0.0
660467,2026-08-30_09-20-04.469-240,v3.6.25,3.53,12.0,400,2263,-2836,6644,1201,-3253,6928,2182,-2992,6680,2217,-3444,6626,0,0,0,35,-452,-54,456.6,3003.7,1.310,1.375,-0.128,-62.547,-87.203,6.641,420.6,1,0.3907,-0.3534,-0.2771,-0.8036,224.1,-51.7,0.0
660516,2026-08-30_09-20-04.518-240,v3.6.25,3.53,12.0,400,2278,-3412,6391,1201,-3253,6928,2201,-3565,6435,2217,-3444,6626,0,0,0,16,121,191,226.7,1491.2,1.446,0.751,-0.484,-226.625,-59.172,85.953,227.7,1,0.3548,-0.3658,-0.2644,-0.8188,218.9,-51.9,0.0
660544,2026-08-30_09-20-04.546-240,v3.6.25,3.53,12.0,400,2278,-3412,6391,831,-3744,6719,2201,-3565,6435,1821,-3937,6486,0,0,0,-380,-372,51,534.2,3514.6,1.427,0.337,-0.643,-258.844,-38.562,62.891,485.8,1,0.3139,-0.3726,-0.2529,-0.8359,212.6,-51.4,0.0
660577,2026-08-30_09-20-04.579-240,v3.6.25,3.53,12.0,400,1678,-3766,6389,831,-3744,6719,1602,-3913,6437,1821,-3937,6486,0,0,0,219,-24,49,225.7,1484.8,1.153,0.407,-0.865,-273.250,-25.500,23.109,226.9,1,0.2698,-0.3739,-0.2466,-0.8524,205.6,-50.4,0.0
660604,2026-08-30_09-20-04.606-240,v3.6.25,3.53,12.0,400,1354,-3927,6338,304,-4028,6620,1278,-4069,6388,1283,-4224,6479,0,0,0,5,-155,91,179.8,1182.9,0.880,0.429,-0.970,-280.891,-28.688,3.328,188.4,1,0.2235,-0.3741,-0.2429,-0.8667,198.3,-49.2,0.0
660647,2026-08-30_09-20-04.649-240,v3.6.25,3.53,12.0,400,1354,-3927,6338,241,-4220,6486,1278,-4069,6388,1201,-4417,6359,0,0,0,-77,-348,-29,357.6,2352.6,0.639,0.493,-0.899,-277.250,-57.328,-5.500,337.6,1,0.1758,-0.3774,-0.2413,-0.8766,190.9,-48.3,0.0
660691,2026-08-30_09-20-04.693-240,v3.6.25,3.53,12.0,400,1344,-4164,6169,241,-4220,6486,1270,-4304,6223,1201,-4417,6359,0,0,0,-69,-113,136,189.8,1248.7,0.581,0.292,-0.585,-275.812,-86.500,34.453,196.7,1,0.1277,-0.3862,-0.2333,-0.8833,183.9,-47.9,0.0
660721,2026-08-30_09-20-04.723-240,v3.6.25,3.53,12.0,400,1300,-4626,5828,270,-4656,6140,1230,-4760,5890,1181,-4856,6018,0,0,0,-49,-96,128,167.3,1100.9,0.498,0.103,-0.488,-248.266,-103.531,53.266,177.9,1,0.0839,-0.3984,-0.2216,-0.8861,177.6,-48.0,0.0
660756,2026-08-30_09-20-04.758-240,v3.6.25,3.53,12.0,400,1300,-4626,5828,270,-4656,6140,1230,-4760,5890,1181,-4856,6018,0,0,0,-49,-96,128,167.3,1100.9,0.740,0.171,-0.310,-216.703,-116.109,90.500,177.9,1,0.0453,-0.4126,-0.2036,-0.8867,172.4,-48.6,0.0
660784,2026-08-30_09-20-04.786-240,v3.6.25,3.53,12.0,400,974,-5238,5312,37,-5330,5526,908,-5360,5385,858,-5536,5459,0,0,0,-50,-176,74,197.4,1298.4,1.136,0.130,0.052,-199.203,-110.281,140.969,203.1,1,0.0104,-0.4267,-0.1770,-0.8868,168.2,-49.5,0.0
660812,2026-08-30_09-20-04.816-240,v3.6.25,3.53,12.0,400,350,-5861,4725,37,-5330,5526,286,-5967,4809,858,-5536,5459,0,0,0,572,431,650,967.2,6363.1,1.288,-0.018,0.189,-164.203,-92.031,155.828,849.2,1,-0.0178,-0.4384,-0.1479,-0.8864,165.3,-50.5,0.0
660855,2026-08-30_09-20-04.857-240,v3.6.25,3.53,12.0,400,350,-5861,4725,-550,-6005,4744,286,-5967,4809,152,-6223,4797,0,0,0,-134,-256,-12,289.2,1902.6,1.282,-0.222,0.044,-63.172,-61.719,151.500,280.2,1,-0.0277,-0.4472,-0.1204,-0.8859,165.3,-51.8,0.0
660982,2026-08-30_09-20-04.983-240,v3.6.25,3.53,12.0,400,-2208,-6136,3881,-2338,-6302,3617,-2277,-6195,3973,-1823,-6546,4001,0,0,0,454,-351,28,574.5,3779.9,1.461,-0.474,-0.581,263.344,-39.328,12.750,519.6,1,0.0183,-0.4580,-0.1197,-0.8806,172.4,-54.2,0.0
661041,2026-08-30_09-20-04.043-240,v3.6.25,3.53,12.0,400,-2856,-5679,4205,-3139,-6009,3535,-2931,-5734,4290,-2646,-6261,4056,0,0,0,285,-527,-234,643.2,4231.6,1.123,-1.177,-0.601,384.453,-9.672,-125.047,577.3,1,0.0847,-0.4629,-0.1433,-0.8706,181.5,-56.1,0.0
661070,2026-08-30_09-20-04.072-240,v3.6.25,3.53,12.0,400,-2856,-5679,4205,-3688,-5339,4115,-2931,-5734,4290,-3112,-5590,4713,0,0,0,-181,144,423,482.1,3171.7,0.932,-0.816,-0.882,454.906,10.766,-231.328,442.1,1,0.1625,-0.4601,-0.1842,-0.8532,191.6,-57.7,0.0
661227,2026-08-30_09-20-05.229-240,v3.6.25,3.53,12.0,400,-232,-4045,6412,-1227,-4295,6292,-311,-4170,6463,-299,-4504,6419,0,0,0,12,-334,-44,337.1,2217.8,0.594,0.775,-0.322,38.312,-82.344,57.531,320.4,1,0.1670,-0.4745,-0.1776,-0.8458,193.0,-59.5,0.0
661276,2026-08-30_09-20-05.278-240,v3.6.25,3.53,12.0,400,-197,-4238,6243,-1227,-4295,6292,-274,-4360,6297,-299,-4504,6419,0,0,0,-25,-144,122,190.4,1252.5,0.752,0.646,-0.437,-142.125,-101.750,165.938,197.2,1,0.1404,-0.4934,-0.1526,-0.8447,190.4,-61.2,0.0
661304,2026-08-30_09-20-05.306-240,v3.6.25,3.53,12.0,400,-918,-4778,5741,-1903,-4848,5603,-994,-4884,5805,-1081,-5068,5862,0,0,0,-87,-184,57,211.4,1390.5,0.736,-0.072,-0.690,-231.406,-88.281,202.562,214.8,1,0.0995,-0.5098,-0.1196,-0.8461,185.8,-62.4,0.0
661396,2026-08-30_09-20-05.398-240,v3.6.25,3.53,12.0,400,-2569,-5822,4100,-3037,-5418,4409,-2642,-5879,4187,-2408,-5660,4890,0,0,0,234,219,703,772.6,5083.0,0.946,-0.364,-1.299,-240.828,-5.344,74.812,685.9,1,0.0589,-0.5099,-0.1069,-0.8515,178.9,-61.8,0.0
661489,2026-08-30_09-20-05.490-240,v3.6.25,3.53,12.0,400,-2552,-6168,3611,-3078,-6277,3094,-2622,-6217,3706,-2654,-6534,3615,0,0,0,-32,-317,-91,331.4,2179.9,1.082,0.226,-0.997,-325.484,51.141,96.203,315.5,1,0.0046,-0.4994,-0.0903,-0.8616,170.7,-59.5,0.0
661515,2026-08-30_09-20-05.516-240,v3.6.25,3.53,12.0,400,-2322,-6470,3226,-2715,-6595,2789,-2389,-6516,3327,-2336,-6853,3257,0,0,0,53,-337,-70,348.2,2291.1,1.003,-0.428,-0.823,-306.594,52.250,57.156,329.7,1,-0.0466,-0.4872,-0.0796,-0.8684,163.1,-57.0,0.0
661566,2026-08-30_09-20-05.568-240,v3.6.25,3.53,12.0,400,-1822,-6710,3049,-2715,-6595,2789,-1885,-6759,3154,-2336,-6853,3257,0,0,0,-451,-94,103,472.1,3105.7,0.388,-0.621,-0.409,-175.672,9.219,-80.469,433.6,1,-0.0759,-0.4828,-0.0925,-0.8675,157.1,-55.4,0.0
661744,2026-08-30_09-20-05.745-240,v3.6.25,3.53,12.0,400,458,-7423,1548,48,-7403,1869,407,-7474,1672,291,-7653,1893,0,0,0,-116,-179,221,307.1,2020.7,1.020,0.417,-0.359,-60.172,-77.031,131.719,295.2,1,-0.0865,-0.4919,-0.0687,-0.8636,156.6,-56.9,0.0
661772,2026-08-30_09-20-05.774-240,v3.6.25,3.53,12.0,400,232,-7556,977,31,-7542,1128,181,-7594,1106,151,-7802,1172,0,0,0,-30,-208,66,220.3,1449.2,0.873,-0.047,-0.451,-6.906,-72.969,125.250,222.3,1,-0.0873,-0.5016,-0.0453,-0.8595,157.9,-58.7,0.0
661803,2026-08-30_09-20-05.805-240,v3.6.25,3.53,12.0,400,232,-7556,977,31,-7542,1128,181,-7594,1106,151,-7802,1172,0,0,0,-30,-208,66,220.3,1449.2,0.755,-0.521,-0.723,101.859,-69.250,52.391,222.3,1,-0.0691,-0.5130,-0.0344,-0.8549,161.7,-60.7,0.0
661831,2026-08-30_09-20-05.833-240,v3.6.25,3.53,12.0,400,-403,-7613,530,-519,-7587,498,-455,-7635,663,-505,-7860,651,0,0,0,-50,-225,-12,230.8,1518.4,0.938,-0.550,-0.740,206.484,-64.344,-37.844,231.1,1,-0.0322,-0.5249,-0.0389,-0.8497,167.9,-62.8,0.0
661860,2026-08-30_09-20-05.861-240,v3.6.25,3.53,12.0,400,-403,-7613,530,-519,-7587,498,-455,-7635,663,-505,-7860,651,0,0,0,-50,-225,-12,230.8,1518.4,0.896,-0.424,-1.210,293.781,-44.500,-88.234,231.1,1,0.0201,-0.5336,-0.0520,-0.8439,177.1,-64.5,0.0
662152,2026-08-30_09-20-06.153-240,v3.6.25,3.53,12.0,400,-1804,-5602,4827,-2921,-5744,4268,-1876,-5682,4907,-2309,-5985,4734,0,0,0,-433,-303,-173,556.1,3658.4,0.165,-0.141,-0.605,114.609,-15.344,-97.281,504.1,1,0.0416,-0.5361,-0.0677,-0.8404,179.6,-65.1,0.0
662181,2026-08-30_09-20-06.183-240,v3.6.25,3.53,12.0,400,-1264,-5592,4958,-2275,-5634,4766,-1334,-5681,5037,-1579,-5864,5110,0,0,0,-245,-183,73,314.4,2068.4,0.322,0.251,-0.447,69.969,-39.719,-51.312,301.3,1,0.0540,-0.5415,-0.0772,-0.8354,180.9,-65.9,0.0
662226,2026-08-30_09-20-06.228-240,v3.6.25,3.53,12.0,400,-1264,-5592,4958,-2023,-5798,4588,-1334,-5681,5037,-1353,-6028,4894,0,0,0,-19,-347,-143,375.8,2472.3,0.592,0.798,-0.446,-85.938,-64.969,95.188,352.8,1,0.0377,-0.5511,-0.0628,-0.8312,179.0,-67.1,0.0
662269,2026-08-30_09-20-06.270-240,v3.6.25,3.53,12.0,400,-1276,-5805,4661,-2023,-5798,4588,-1345,-5889,4744,-1353,-6028,4894,0,0,0,-8,-139,150,204.7,1346.4,0.618,-0.180,-0.656,-228.984,-53.359,168.938,209.2,1,-0.0032,-0.5583,-0.0355,-0.8289,173.2,-67.7,0.0
662330,2026-08-30_09-20-06.332-240,v3.6.25,3.53,12.0,400,-1950,-6142,3922,-2577,-6133,3723,-2018,-6205,4014,-2048,-6378,4144,0,0,0,-30,-173,130,218.5,1437.3,0.957,-1.025,-1.023,-194.031,-14.766,33.812,220.8,1,-0.0362,-0.5589,-0.0312,-0.8278,165.7,-67.4,0.0
662371,2026-08-30_09-20-06.373-240,v3.6.25,3.53,12.0,400,-2160,-6484,3269,-2770,-6488,2945,-2226,-6533,3370,-2366,-6744,3418,0,0,0,-140,-211,48,257.7,1695.6,1.045,-0.074,-1.073,-183.875,5.891,-8.375,253.7,1,-0.0667,-0.5561,-0.0343,-0.8277,158.3,-66.4,0.0
662400,2026-08-30_09-20-06.402-240,v3.6.25,3.53,12.0,400,-1756,-6748,3017,-2239,-6785,2750,-1819,-6798,3123,-1861,-7039,3139,0,0,0,-42,-241,16,245.2,1612.9,0.843,0.742,-1.399,-214.703,11.328,21.109,243.2,1,-0.1034,-0.5519,-0.0337,-0.8268,150.6,-64.9,0.0
662446,2026-08-30_09-20-06.448-240,v3.6.25,3.53,12.0,400,-1291,-6962,2722,-2239,-6785,2750,-1351,-7013,2832,-1861,-7039,3139,0,0,0,-510,-26,307,595.8,3920.0,0.318,1.747,-1.714,-379.938,3.438,222.578,537.5,1,-0.1707,-0.5420,-0.0001,-0.8228,141.6,-63.1,0.0
662486,2026-08-30_09-20-06.488-240,v3.6.25,3.53,12.0,400,-1291,-6962,2722,-1728,-7028,2451,-1351,-7013,2832,-1395,-7282,2761,0,0,0,-44,-269,-71,281.7,1853.1,-0.294,0.874,-2.013,-506.062,5.438,387.922,273.8,1,-0.2591,-0.5211,0.0607,-0.8109,132.1,-61.2,0.0
662589,2026-08-30_09-20-06.590-240,v3.6.25,3.53,12.0,400,-1490,-7375,1221,-1595,-7424,772,-1547,-7396,1346,-1540,-7701,1100,0,0,0,7,-305,-246,391.9,2578.3,0.050,-0.795,-1.089,-376.375,17.984,273.969,366.4,1,-0.3225,-0.5000,0.1032,-0.7971,125.4,-59.7,0.0
662622,2026-08-30_09-20-06.624-240,v3.6.25,3.53,12.0,400,-1201,-7542,652,-1595,-7424,772,-1256,-7556,783,-1540,-7701,1100,0,0,0,-284,-145,317,449.6,2958.1,0.285,-1.049,-0.592,-264.484,9.359,177.375,414.8,1,-0.3654,-0.4843,0.1307,-0.7841,120.6,-58.8,0.0
662651,2026-08-30_09-20-06.652-240,v3.6.25,3.53,12.0,400,-813,-7606,363,-1099,-7553,373,-866,-7619,497,-1108,-7832,627,0,0,0,-242,-213,130,347.6,2286.9,0.793,-1.070,-0.229,-166.406,1.391,108.047,329.2,1,-0.3914,-0.4743,0.1478,-0.7746,117.6,-58.3,0.0
662701,2026-08-30_09-20-06.703-240,v3.6.25,3.53,12.0,400,-813,-7606,363,-741,-7585,214,-866,-7619,497,-776,-7864,411,0,0,0,90,-245,-86,274.8,1808.0,1.099,-1.122,0.164,21.281,-12.969,-12.562,268.1,1,-0.3867,-0.4766,0.1472,-0.7756,118.2,-58.6,0.0
662734,2026-08-30_09-20-06.736-240,v3.6.25,3.53,12.0,400,-615,-7633,223,-741,-7585,214,-667,-7646,358,-776,-7864,411,0,0,0,-109,-218,53,249.4,1641.0,1.334,-0.679,0.040,151.859,-6.125,-66.094,246.8,1,-0.3611,-0.4831,0.1381,-0.7856,122.1,-59.2,0.0
662762,2026-08-30_09-20-06.764-240,v3.6.25,3.53,12.0,400,-865,-7606,320,-834,-7570,174,-918,-7618,454,-876,-7851,388,0,0,0,42,-233,-66,245.8,1617.0,1.294,-0.270,-0.235,223.562,6.547,-78.734,243.7,1,-0.3236,-0.4888,0.1263,-0.8003,128.4,-59.8,0.0
662802,2026-08-30_09-20-06.804-240,v3.6.25,3.53,12.0,400,-865,-7606,320,-834,-7570,174,-918,-7618,454,-876,-7851,388,0,0,0,42,-233,-66,245.8,1617.0,1.083,0.096,-0.782,286.422,18.250,-65.969,243.7,1,-0.2754,-0.4921,0.1159,-0.8176,137.2,-60.3,0.0
662831,2026-08-30_09-20-06.832-240,v3.6.25,3.53,12.0,400,-1530,-7457,800,-1542,-7453,508,-1587,-7469,929,-1531,-7733,834,0,0,0,56,-264,-95,286.1,1882.3,0.962,-0.110,-1.002,320.922,27.312,-60.672,277.6,1,-0.2209,-0.4928,0.1057,-0.8350,147.6,-60.4,0.0
662860,2026-08-30_09-20-06.862-240,v3.6.25,3.53,12.0,400,-1530,-7457,800,-1542,-7453,508,-1587,-7469,929,-1531,-7733,834,0,0,0,56,-264,-95,286.1,1882.3,1.015,-0.786,-1.120,368.219,37.312,-94.938,277.6,1,-0.1577,-0.4915,0.0892,-0.8518,158.8,-59.9,0.0
663089,2026-08-30_09-20-06.090-240,v3.6.25,3.53,12.0,400,-378,-4664,5937,-1519,-4893,5819,-453,-4780,5998,-659,-5107,6008,0,0,0,-206,-327,10,386.6,2543.5,0.755,0.374,-0.498,17.484,-15.625,57.359,361.9,1,-0.1542,-0.4915,0.0988,-0.8514,160.6,-60.2,0.0
663117,2026-08-30_09-20-07.119-240,v3.6.25,3.53,12.0,400,-378,-4664,5937,-1466,-4759,5897,-453,-4780,5998,-596,-4973,6075,0,0,0,-143,-193,77,252.2,1659.5,0.723,0.288,-0.404,-37.078,-28.406,81.938,249.1,1,-0.1598,-0.4925,0.1129,-0.8481,161.0,-60.6,0.0
663145,2026-08-30_09-20-07.147-240,v3.6.25,3.53,12.0,400,-743,-4702,5886,-1466,-4759,5897,-819,-4812,5948,-596,-4973,6075,0,0,0,223,-161,127,303.0,1993.1,0.966,0.453,-0.379,-93.297,-31.000,89.516,291.7,1,-0.1748,-0.4936,0.1285,-0.8422,159.6,-61.2,0.0
663186,2026-08-30_09-20-07.188-240,v3.6.25,3.53,12.0,400,-1319,-4886,5597,-2052,-4874,5560,-1395,-4984,5663,-1237,-5096,5846,0,0,0,158,-112,183,266.5,1753.0,1.294,0.282,-0.529,-182.078,-9.344,104.234,261.1,1,-0.2052,-0.4907,0.1459,-0.8342,155.4,-61.5,0.0
663226,2026-08-30_09-20-07.227-240,v3.6.25,3.53,12.0,400,-1319,-4886,5597,-2619,-5088,5082,-1395,-4984,5663,-1882,-5319,5476,0,0,0,-487,-335,-187,620.0,4078.8,1.654,-0.265,-0.710,-231.000,33.500,93.000,557.8,1,-0.2442,-0.4814,0.1600,-0.8264,149.1,-60.9,0.0
663265,2026-08-30_09-20-07.267-240,v3.6.25,3.53,12.0,400,-1858,-5076,5291,-2619,-5088,5082,-1934,-5162,5361,-1882,-5319,5476,0,0,0,52,-157,115,201.4,1325.3,1.361,-0.189,-0.750,-211.797,61.125,18.562,206.5,1,-0.2803,-0.4711,0.1605,-0.8208,142.3,-59.7,0.0
663291,2026-08-30_09-20-07.293-240,v3.6.25,3.53,12.0,400,-1982,-5156,5220,-2904,-5189,4891,-2058,-5240,5292,-2198,-5424,5338,0,0,0,-140,-184,46,235.7,1550.9,0.777,0.760,-1.140,-226.750,53.562,12.922,235.3,1,-0.3187,-0.4628,0.1593,-0.8117,134.9,-58.5,0.0
663330,2026-08-30_09-20-07.331-240,v3.6.25,3.53,12.0,400,-1982,-5156,5220,-2737,-5329,4760,-2058,-5240,5292,-2050,-5564,5182,0,0,0,8,-324,-110,342.3,2251.7,-0.004,1.854,-1.710,-369.344,10.328,206.156,324.7,1,-0.3776,-0.4467,0.1916,-0.7881,126.7,-58.1,0.0
663383,2026-08-30_09-20-07.384-240,v3.6.25,3.53,12.0,400,-1916,-5292,5002,-2737,-5329,4760,-1991,-5373,5077,-2050,-5564,5182,0,0,0,-59,-191,105,225.8,1485.5,-0.824,-0.029,-1.954,-512.000,-22.016,475.781,227.0,1,-0.4530,-0.4101,0.2674,-0.7451,119.1,-58.6,0.0
663556,2026-08-30_09-20-07.557-240,v3.6.25,3.53,12.0,400,-3933,-6605,-301,-3796,-6434,-1380,-4005,-6563,-174,-4133,-6765,-629,0,0,0,-128,-202,-455,514.0,3381.7,0.806,-0.920,-0.453,275.922,1.578,-243.672,468.8,1,-0.4109,-0.4307,0.2304,-0.7698,123.9,-58.5,0.0
663965,2026-08-30_09-20-07.966-240,v3.6.25,3.53,12.0,400,43,-3009,7022,-1581,-3030,7048,-43,-3145,7057,-553,-3238,7214,0,0,0,-510,-93,157,541.7,3563.6,0.966,0.688,-0.066,-56.953,-16.875,23.422,492.0,1,-0.4187,-0.4305,0.2347,-0.7644,122.5,-58.7,0.0
664015,2026-08-30_09-20-07.017-240,v3.6.25,3.53,12.0,400,43,-3009,7022,-1163,-3166,6983,-43,-3145,7057,-142,-3371,7080,0,0,0,-99,-226,23,247.8,1630.3,1.125,0.021,-0.395,-170.859,8.172,74.203,245.4,1,-0.4445,-0.4220,0.2455,-0.7510,118.4,-58.4,0.0
664044,2026-08-30_09-20-07.045-240,v3.6.25,3.53,12.0,400,-310,-3142,6923,-1608,-3276,6808,-397,-3272,6960,-615,-3486,6985,0,0,0,-218,-214,25,306.5,2016.5,1.631,-0.291,-0.488,-205.328,37.594,80.344,294.7,1,-0.4761,-0.4086,0.2549,-0.7358,113.4,-57.6,0.0
664081,2026-08-30_09-20-07.082-240,v3.6.25,3.53,12.0,400,-961,-3114,6884,-1608,-3276,6808,-1050,-3235,6921,-615,-3486,6985,0,0,0,435,-251,64,506.3,3330.8,1.665,-0.066,-0.339,-206.750,73.500,45.562,462.3,1,-0.5088,-0.3932,0.2557,-0.7219,108.0,-55.9,0.0
664116,2026-08-30_09-20-08.118-240,v3.6.25,3.53,12.0,400,-961,-3114,6884,-2279,-3139,6672,-1050,-3235,6921,-1313,-3356,6966,0,0,0,-263,-121,45,293.0,1927.5,1.004,0.766,-0.455,-241.203,83.031,56.109,283.3,1,-0.5464,-0.3751,0.2563,-0.7036,101.9,-53.9,0.0
664144,2026-08-30_09-20-08.146-240,v3.6.25,3.53,12.0,400,-1429,-2889,6899,-2279,-3139,6672,-1521,-3004,6933,-1313,-3356,6966,0,0,0,208,-352,33,410.2,2698.6,0.546,0.982,-0.639,-316.344,74.688,138.688,381.7,1,-0.5919,-0.3483,0.2688,-0.6753,95.3,-52.1,0.0
664376,2026-08-30_09-20-08.377-240,v3.6.25,3.53,12.0,400,-6708,-3274,1416,-6785,-3175,452,-6816,-3220,1492,-6886,-3518,1658,0,0,0,-70,-298,166,348.2,2290.9,1.135,-2.289,0.161,313.172,10.812,-137.984,329.7,1,-0.5501,-0.3648,0.2473,-0.7093,102.1,-52.1,0.0
664405,2026-08-30_09-20-08.407-240,v3.6.25,3.47,12.0,400,-6844,-2656,2198,-7003,-2568,852,-6957,-2613,2261,-7049,-2910,2084,0,0,0,-92,-297,-177,357.8,2353.8,1.301,-1.156,-0.154,396.172,34.766,-178.375,337.7,1,-0.4955,-0.3818,0.2161,-0.7497,110.6,-51.9,0.0
664433,2026-08-30_09-20-08.434-240,v3.6.25,3.47,12.0,400,-6844,-2656,2198,-7003,-2568,852,-6957,-2613,2261,-7049,-2910,2084,0,0,0,-92,-297,-177,357.8,2353.8,1.479,-0.733,-0.169,415.938,70.578,-167.344,337.7,1,-0.4362,-0.3909,0.1818,-0.7899,119.9,-50.9,0.0
664747,2026-08-30_09-20-08.748-240,v3.6.25,3.47,12.0,400,1737,2545,7112,764,2449,7430,1610,2405,7082,1738,2223,7178,0,0,0,128,-182,96,242.3,1594.3,1.247,0.766,0.974,-28.406,17.766,81.812,240.8,1,-0.4401,-0.3810,0.1929,-0.7899,120.5,-50.5,0.0
664786,2026-08-30_09-20-08.788-240,v3.6.25,3.47,12.0,400,1839,2539,7160,764,2449,7430,1713,2396,7130,1738,2223,7178,0,0,0,25,-173,48,181.3,1192.6,1.258,0.275,0.727,-93.016,43.078,62.625,189.6,1,-0.4547,-0.3684,0.1998,-0.7859,119.0,-49.5,0.0
664816,2026-08-30_09-20-08.817-240,v3.6.25,3.47,12.0,400,1265,2777,7169,306,2615,7389,1135,2642,7136,1269,2385,7215,0,0,0,134,-257,79,300.4,1976.4,1.161,0.067,0.565,-112.078,63.062,19.125,289.6,1,-0.4732,-0.3564,0.1988,-0.7807,116.5,-48.1,0.0
664856,2026-08-30_09-20-08.858-240,v3.6.25,3.47,12.0,400,1265,2777,7169,-348,3079,7129,1135,2642,7136,559,2837,7071,0,0,0,-576,195,-65,611.6,4023.5,0.746,0.704,0.320,-148.938,77.938,-11.750,550.7,1,-0.4979,-0.3447,0.1922,-0.7722,112.7,-46.4,0.0
664901,2026-08-30_09-20-08.903-240,v3.6.25,3.47,12.0,400,613,3206,7047,-348,3079,7129,477,3083,7009,559,2837,7071,0,0,0,82,-246,62,266.6,1754.1,0.258,1.430,0.015,-282.078,76.516,102.422,261.2,1,-0.5395,-0.3205,0.2040,-0.7514,107.3,-44.6,0.0
664958,2026-08-30_09-20-08.960-240,v3.6.25,3.47,12.0,400,-363,3588,6868,-1291,3536,6780,-504,3482,6827,-454,3280,6889,0,0,0,50,-202,62,217.1,1428.5,-0.536,0.590,-0.455,-468.828,81.391,403.656,219.7,1,-0.5982,-0.2610,0.2598,-0.7117,101.7,-43.0,0.0
665131,2026-08-30_09-20-09.132-240,v3.6.25,3.47,12.0,400,-6224,3569,2561,-6536,3734,908,-6386,3618,2549,-6712,3352,2046,0,0,0,-326,-266,-503,655.8,4314.3,0.745,-1.522,0.621,219.969,66.734,-129.297,587.8,1,-0.5744,-0.2694,0.2307,-0.7377,105.1,-41.5,0.0
665191,2026-08-30_09-20-09.193-240,v3.6.25,3.47,12.0,400,-5487,4223,3359,-6262,3991,1813,-5652,4250,3334,-6289,3623,2882,0,0,0,-637,-627,-452,1001.6,6589.5,0.481,-0.762,0.572,309.422,95.688,-140.219,878.0,1,-0.5383,-0.2757,0.1944,-0.7723,110.3,-39.4,0.0
665422,2026-08-30_09-20-09.423-240,v3.6.25,3.47,12.0,400,-790,6668,3783,-1416,6843,3607,-958,6637,3728,-1193,6514,3806,0,0,0,-235,-123,78,276.5,1818.9,0.028,-0.079,1.127,124.344,-64.688,29.891,269.5,1,-0.5174,-0.2833,0.2010,-0.7821,113.6,-40.6,0.0
665448,2026-08-30_09-20-09.449-240,v3.6.25,3.47,12.0,400,-96,6631,4029,-668,6796,3956,-262,6587,3972,-384,6477,4020,0,0,0,-122,-110,48,171.1,1125.9,0.181,0.400,1.212,107.828,-66.078,3.281,181.1,1,-0.4993,-0.2932,0.2042,-0.7893,116.2,-41.8,0.0
665486,2026-08-30_09-20-09.488-240,v3.6.25,3.47,12.0,400,-96,6631,4029,-668,6796,3956,-262,6587,3972,-384,6477,4020,0,0,0,-122,-110,48,171.1,1125.9,0.379,0.764,1.204,15.062,-50.953,37.812,181.1,1,-0.4942,-0.2967,0.2131,-0.7889,117.2,-42.7,0.0
665515,2026-08-30_09-20-09.516-240,v3.6.25,3.47,12.0,400,558,6428,4349,-92,6566,4437,395,6369,4293,279,6260,4392,0,0,0,-116,-109,99,187.5,1233.2,0.458,0.423,1.300,-62.234,-31.359,67.719,194.8,1,-0.5001,-0.2937,0.2267,-0.7825,116.7,-43.3,0.0
665542,2026-08-30_09-20-09.544-240,v3.6.25,3.47,12.0,400,442,6291,4578,-92,6566,4437,280,6228,4522,279,6260,4392,0,0,0,-1,32,-130,133.9,880.8,0.467,0.011,1.232,-94.406,-5.344,48.828,149.8,1,-0.5120,-0.2884,0.2360,-0.7739,115.2,-43.5,0.0
665591,2026-08-30_09-20-09.593-240,v3.6.25,3.47,12.0,400,442,6291,4578,-257,6396,4597,280,6228,4522,145,6093,4577,0,0,0,-135,-135,55,198.7,1307.1,0.755,-0.125,0.905,-105.750,41.094,-36.812,204.2,1,-0.5293,-0.2850,0.2292,-0.7655,112.2,-42.8,0.0
665620,2026-08-30_09-20-09.621-240,v3.6.25,3.47,12.0,400,-82,6262,4550,-861,6430,4424,-245,6206,4494,-489,6120,4510,0,0,0,-244,-86,16,259.2,1705.3,0.810,0.007,0.784,-119.688,65.781,-70.531,255.0,1,-0.5501,-0.2814,0.2156,-0.7561,108.4,-41.5,0.0
665660,2026-08-30_09-20-09.662-240,v3.6.25,3.47,12.0,400,-726,6356,4309,-861,6430,4424,-892,6313,4254,-489,6120,4510,0,0,0,403,-193,256,515.0,3388.0,0.913,-0.040,0.687,-142.172,93.188,-86.031,469.6,1,-0.5748,-0.2752,0.1975,-0.7448,104.1,-39.6,0.0
665693,2026-08-30_09-20-09.694-240,v3.6.25,3.47,12.0,400,-726,6356,4309,-1576,6582,3916,-892,6313,4254,-1295,6259,4135,0,0,0,-403,-54,-119,423.7,2787.2,0.738,-0.477,0.590,-136.391,107.469,-115.094,393.0,1,-0.5992,-0.2698,0.1739,-0.7334,99.8,-37.2,0.0
665776,2026-08-30_09-20-09.778-240,v3.6.25,3.47,12.0,400,-2301,6309,3685,-2402,6629,3303,-2472,6298,3634,-2228,6291,3677,0,0,0,244,-7,43,247.9,1630.7,-0.162,1.024,1.073,-145.844,19.219,-125.656,245.5,1,-0.6219,-0.2767,0.1577,-0.7154,95.2,-36.3,0.0
665804,2026-08-30_09-20-09.805-240,v3.6.25,3.47,12.0,400,-3009,5878,3851,-3134,6311,3243,-3179,5871,3804,-2964,5969,3743,0,0,0,215,98,-61,244.0,1605.5,-0.304,0.675,1.027,-193.000,-21.203,-52.578,242.2,1,-0.6474,-0.2789,0.1563,-0.6919,90.4,-36.0,0.0
665955,2026-08-30_09-20-09.956-240,v3.6.25,3.47,12.0,400,-4311,4382,4553,-4800,4716,3695,-4473,4372,4518,-4520,4382,4470,0,0,0,-47,10,-48,67.9,446.8,0.679,-1.060,1.411,-0.922,-116.625,43.891,94.4,1,-0.6431,-0.2876,0.1750,-0.6878,90.5,-38.4,0.0
665983,2026-08-30_09-20-09.985-240,v3.6.25,3.47,12.0,400,-4514,3826,4883,-5133,4005,4042,-4672,3810,4852,-4778,3679,4866,0,0,0,-106,-131,14,169.1,1112.5,0.952,-1.115,1.510,83.797,-97.375,7.844,179.4,1,-0.6287,-0.3003,0.1853,-0.6930,92.2,-40.5,0.0
666009,2026-08-30_09-20-09.011-240,v3.6.25,3.47,12.0,400,-4514,3826,4883,-5133,4005,4042,-4672,3810,4852,-4778,3679,4866,0,0,0,-106,-131,14,169.1,1112.5,1.012,-0.772,1.266,176.891,-71.812,-29.203,179.4,1,-0.6030,-0.3164,0.1864,-0.7082,95.6,-42.3,0.0
666037,2026-08-30_09-20-09.040-240,v3.6.25,3.47,12.0,400,-4191,3750,5339,-4881,3882,4617,-4347,3721,5306,-4425,3568,5385,0,0,0,-78,-153,79,189.0,1243.6,1.036,-0.051,0.982,223.703,-40.703,-33.922,196.1,1,-0.5713,-0.3299,0.1826,-0.7290,100.3,-43.6,0.0
666272,2026-08-30_09-20-10.273-240,v3.6.25,3.47,12.0,400,592,4754,6179,-260,4478,6479,443,4653,6129,505,4217,6418,0,0,0,62,-436,289,526.7,3465.4,0.216,0.298,0.689,-28.094,-150.391,73.484,479.5,1,-0.5690,-0.3404,0.2076,-0.7192,100.1,-46.5,0.0
666301,2026-08-30_09-20-10.303-240,v3.6.25,3.47,12.0,400,690,3978,6723,-260,4478,6479,548,3863,6679,505,4217,6418,0,0,0,-43,354,-261,441.9,2907.3,0.952,0.744,0.760,-104.078,-143.188,93.000,408.3,1,-0.5767,-0.3463,0.2353,-0.7015,98.4,-49.2,0.0
666537,2026-08-30_09-20-10.538-240,v3.6.25,3.47,12.0,400,-3340,1023,6762,-4328,1114,6189,-3471,947,6751,-3542,847,6832,0,0,0,-71,-100,81,147.0,966.9,0.788,-1.436,0.713,-203.594,-60.859,21.547,160.8,1,-0.6010,-0.3476,0.2461,-0.6764,93.2,-50.0,0.0
666766,2026-08-30_09-20-10.767-240,v3.6.25,3.47,12.0,400,-1919,-528,7454,-3427,-898,6899,-2032,-639,7457,-2474,-1134,7377,0,0,0,-442,-495,-80,668.4,4397.5,0.600,-0.560,-0.109,312.719,-6.297,-88.594,598.4,1,-0.5584,-0.3618,0.2329,-0.7093,100.4,-50.7,0.0
666801,2026-08-30_09-20-10.803-240,v3.6.25,3.47,12.0,400,-1919,-528,7454,-2648,-353,7367,-2032,-639,7457,-1626,-581,7700,0,0,0,406,58,243,476.7,3136.2,0.607,0.066,-0.270,356.047,-8.984,-152.141,437.5,1,-0.5082,-0.3823,0.2097,-0.7427,107.8,-51.3,0.0
667176,2026-08-30_09-20-11.177-240,v3.6.25,3.47,12.0,400,-2020,-3038,6687,-2784,-3223,6355,-2113,-3142,6724,-1871,-3448,6742,0,0,0,242,-306,18,390.5,2569.4,1.415,-0.289,-0.344,-136.234,84.609,-79.688,365.2,1,-0.5309,-0.3762,0.1917,-0.7348,103.6,-49.1,0.0
667220,2026-08-30_09-20-11.221-240,v3.6.25,3.47,12.0,400,-2020,-3038,6687,-3020,-3087,6434,-2113,-3142,6724,-2097,-3313,6859,0,0,0,16,-171,135,218.5,1437.2,0.910,0.268,0.062,-123.750,57.672,-140.516,220.8,1,-0.5510,-0.3795,0.1666,-0.7243,98.9,-47.2,0.0
667246,2026-08-30_09-20-11.248-240,v3.6.25,3.47,12.0,400,-1481,-2937,6891,-2298,-3037,6798,-1573,-3051,6926,-1313,-3253,7092,0,0,0,260,-202,166,368.7,2425.8,0.747,0.764,0.143,-137.344,27.906,-137.984,346.9,1,-0.5717,-0.3857,0.1443,-0.7096,94.0,-45.4,0.0
667326,2026-08-30_09-20-11.328-240,v3.6.25,3.47,12.0,400,-630,-3075,6951,-1571,-3342,6794,-718,-3202,6987,-579,-3552,6965,0,0,0,139,-350,-22,377.2,2481.8,0.562,0.282,0.302,-183.500,-70.906,-39.188,354.0,1,-0.5953,-0.3924,0.1460,-0.6858,88.6,-45.4,0.0
667354,2026-08-30_09-20-11.356-240,v3.6.25,3.47,12.0,400,-321,-3530,6690,-1571,-3342,6794,-405,-3657,6733,-579,-3552,6965,0,0,0,-174,105,232,308.4,2029.1,0.795,-0.042,0.215,-137.172,-91.438,-44.078,296.3,1,-0.6113,-0.4030,0.1494,-0.6645,84.0,-45.9,0.0
667396,2026-08-30_09-20-11.398-240,v3.6.25,3.47,12.0,400,-117,-4254,6233,-1319,-4071,6430,-194,-4377,6288,-373,-4280,6569,0,0,0,-179,97,281,347.0,2282.9,1.337,-0.297,0.423,-56.875,-97.031,1.109,328.7,1,-0.6160,-0.4116,0.1598,-0.6524,81.7,-47.2,0.0
667431,2026-08-30_09-20-11.433-240,v3.6.25,3.47,12.0,400,-117,-4254,6233,-1117,-4821,5887,-194,-4377,6288,-246,-5032,6006,0,0,0,-52,-655,-282,715.0,4704.1,1.709,-0.468,0.334,26.516,-83.078,29.688,637.5,1,-0.6097,-0.4180,0.1730,-0.6508,81.8,-49.0,0.0
667470,2026-08-30_09-20-11.471-240,v3.6.25,3.47,12.0,400,-157,-4841,5775,-1117,-4821,5887,-229,-4957,5840,-246,-5032,6006,0,0,0,-17,-75,166,182.9,1203.6,1.608,-0.476,0.179,140.969,-54.797,10.109,191.0,1,-0.5884,-0.4262,0.1812,-0.6628,84.9,-51.1,0.0
667501,2026-08-30_09-20-11.503-240,v3.6.25,3.47,12.0,400,-453,-5121,5547,-1364,-5210,5485,-524,-5230,5616,-554,-5426,5657,0,0,0,-30,-196,41,202.5,1332.1,1.433,-0.206,-0.129,219.203,-31.984,-8.641,207.4,1,-0.5563,-0.4350,0.1848,-0.6835,90.2,-53.2,0.0
667535,2026-08-30_09-20-11.536-240,v3.6.25,3.47,12.0,400,-453,-5121,5547,-1566,-5155,5525,-524,-5230,5616,-750,-5372,5730,0,0,0,-226,-142,114,290.2,1909.4,1.529,0.286,-0.388,269.125,-2.109,-9.453,281.0,1,-0.5171,-0.4405,0.1852,-0.7101,97.7,-54.8,0.0
667587,2026-08-30_09-20-11.588-240,v3.6.25,3.47,12.0,400,-636,-5033,5632,-1566,-5155,5525,-709,-5141,5700,-750,-5372,5730,0,0,0,-41,-231,30,236.5,1556.1,1.140,-0.116,-0.721,308.344,23.938,-0.953,235.9,1,-0.4714,-0.4417,0.1847,-0.7407,107.2,-55.9,0.0
667616,2026-08-30_09-20-11.618-240,v3.6.25,3.47,12.0,400,-804,-4619,5981,-1811,-4706,5879,-880,-4730,6042,-945,-4922,6116,0,0,0,-65,-192,74,215.8,1419.7,1.058,0.022,-0.700,337.609,32.078,-48.188,218.5,1,-0.4200,-0.4448,0.1757,-0.7713,117.1,-56.5,0.0
667645,2026-08-30_09-20-11.646-240,v3.6.25,3.47,12.0,400,-691,-4041,6435,-1811,-4706,5879,-772,-4160,6486,-945,-4922,6116,0,0,0,-173,-762,-370,864.6,5687.9,0.753,0.538,-0.425,341.469,33.875,-88.156,763.0,1,-0.3671,-0.4494,0.1585,-0.7989,126.3,-56.5,0.0
667693,2026-08-30_09-20-11.695-240,v3.6.25,3.47,12.0,400,-691,-4041,6435,-1697,-4065,6412,-772,-4160,6486,-754,-4277,6615,0,0,0,18,-117,129,175.1,1151.9,0.351,1.655,-0.210,220.375,7.703,-30.938,184.4,1,-0.3317,-0.4518,0.1517,-0.8141,132.7,-56.8,0.0
667721,2026-08-30_09-20-11.722-240,v3.6.25,3.47,12.0,400,-31,-3583,6709,-1095,-3638,6760,-113,-3714,6753,-102,-3843,6852,0,0,0,11,-129,99,163.0,1072.2,0.277,1.442,0.023,104.984,-31.984,70.250,174.2,1,-0.3133,-0.4522,0.1639,-0.8188,137.2,-57.5,0.0
667762,2026-08-30_09-20-11.764-240,v3.6.25,3.47,12.0,400,-196,-3582,6687,-1095,-3638,6760,-279,-3711,6731,-102,-3843,6852,0,0,0,177,-132,121,251.8,1656.5,0.455,0.036,-0.312,-16.719,-86.188,166.719,248.8,1,-0.3125,-0.4532,0.1958,-0.8115,140.1,-59.1,0.0
667796,2026-08-30_09-20-11.798-240,v3.6.25,3.47,12.0,400,-196,-3582,6687,-1694,-3801,6455,-279,-3711,6731,-750,-4014,6656,0,0,0,-471,-303,-75,565.0,3717.4,0.544,-0.144,-0.169,-73.625,-117.188,169.500,511.7,1,-0.3192,-0.4580,0.2298,-0.7972,141.6,-61.3,0.0
668006,2026-08-30_09-20-11.007-240,v3.6.25,3.47,12.0,400,-3585,-5901,3186,-3719,-6230,2434,-3661,-5928,3280,-3410,-6502,3080,0,0,0,251,-574,-200,657.6,4326.5,1.098,-0.249,-0.817,-174.609,25.359,-57.938,589.4,1,-0.3470,-0.4589,0.2196,-0.7879,134.4,-61.1,0.0
668056,2026-08-30_09-20-11.058-240,v3.6.25,3.47,12.0,400,-3100,-6337,2935,-3719,-6230,2434,-3171,-6367,3036,-3410,-6502,3080,0,0,0,-239,-135,44,278.0,1828.9,0.618,0.823,-0.872,-233.703,2.484,18.234,270.8,1,-0.3835,-0.4582,0.2215,-0.7707,126.4,-61.2,0.0
668116,2026-08-30_09-20-12.118-240,v3.6.25,3.47,12.0,400,-2355,-6703,2717,-2875,-6672,2392,-2420,-6739,2824,-2562,-6936,2897,0,0,0,-142,-197,73,253.6,1668.3,0.346,0.222,-0.917,-318.625,-37.641,120.844,250.3,1,-0.4306,-0.4536,0.2421,-0.7418,117.5,-61.8,0.0
668145,2026-08-30_09-20-12.146-240,v3.6.25,3.47,12.0,400,-1922,-7079,2015,-2305,-7077,1720,-1983,-7109,2131,-2097,-7346,2145,0,0,0,-114,-237,14,263.4,1732.7,0.316,0.067,-0.942,-321.609,-49.672,111.484,258.5,1,-0.4759,-0.4497,0.2614,-0.7092,108.0,-62.4,0.0
668231,2026-08-30_09-20-12.233-240,v3.6.25,3.47,12.0,400,-646,-7625,352,-1551,-7425,842,-698,-7640,486,-1484,-7700,1161,0,0,0,-786,-60,675,1037.8,6827.6,1.085,0.032,-0.524,-233.750,-47.469,51.656,908.4,1,-0.5068,-0.4494,0.2716,-0.6837,100.4,-62.8,0.0
668322,2026-08-30_09-20-12.323-240,v3.6.25,3.47,12.0,400,58,-7655,-105,164,-7617,-72,7,-7670,33,81,-7895,-20,0,0,0,74,-225,-53,242.7,1596.8,1.317,-1.033,-0.025,-2.812,9.375,53.469,241.1,1,-0.5073,-0.4423,0.2787,-0.6851,101.9,-62.7,0.0
668351,2026-08-30_09-20-12.353-240,v3.6.25,3.47,12.0,400,234,-7659,-124,164,-7617,-72,184,-7676,14,81,-7895,-20,0,0,0,-103,-219,-34,244.4,1607.8,1.122,-0.925,-0.235,124.578,14.312,-26.938,242.6,1,-0.4890,-0.4428,0.2749,-0.6994,106.4,-62.7,0.0
668380,2026-08-30_09-20-12.382-240,v3.6.25,3.47,12.0,400,-149,-7652,84,80,-7617,16,-199,-7668,220,12,-7894,79,0,0,0,211,-226,-141,339.8,2235.7,0.927,-0.127,-0.585,236.172,18.484,-81.875,322.6,1,-0.4539,-0.4482,0.2631,-0.7238,113.9,-62.6,0.0
668427,2026-08-30_09-20-12.428-240,v3.6.25,3.47,12.0,400,-149,-7652,84,-622,-7587,275,-199,-7668,220,-646,-7865,451,0,0,0,-447,-197,231,540.4,3554.9,0.949,0.137,-0.893,294.016,29.766,-63.969,490.9,1,-0.4099,-0.4499,0.2525,-0.7523,123.7,-62.1,0.0
668466,2026-08-30_09-20-12.468-240,v3.6.25,3.47,12.0,400,-936,-7561,588,-622,-7587,275,-990,-7577,720,-646,-7865,451,0,0,0,344,-288,-269,523.1,3441.5,0.941,-0.421,-1.015,354.516,39.188,-80.578,476.5,1,-0.3554,-0.4497,0.2382,-0.7840,135.0,-61.0,0.0
668646,2026-08-30_09-20-12.647-240,v3.6.25,3.47,12.0,400,-2666,-5566,4320,-3418,-5581,3872,-2741,-5625,4403,-2877,-5833,4431,0,0,0,-136,-208,28,250.1,1645.3,0.290,0.903,-0.428,-21.266,-20.359,220.188,247.3,1,-0.3575,-0.4362,0.2732,-0.7793,138.8,-61.1,0.0
668811,2026-08-30_09-20-12.812-240,v3.6.25,3.47,12.0,400,-5051,-5465,1774,-5311,-5264,1179,-5136,-5446,1873,-5239,-5572,2122,0,0,0,-103,-126,249,297.5,1957.0,0.927,-1.050,-0.967,-56.250,29.984,-3.188,287.1,1,-0.3665,-0.4325,0.2715,-0.7777,136.8,-60.7,0.0
668851,2026-08-30_09-20-12.853-240,v3.6.25,3.47,12.0,400,-5051,-5465,1774,-5237,-5396,942,-5136,-5446,1873,-5203,-5706,1879,0,0,0,-67,-260,6,268.6,1766.8,1.031,-0.570,-0.697,-55.484,57.125,-33.266,262.8,1,-0.3767,-0.4273,0.2634,-0.7785,134.1,-59.7,0.0
668880,2026-08-30_09-20-12.881-240,v3.6.25,3.47,12.0,400,-4869,-5628,1880,-4971,-5613,1275,-4952,-5613,1980,-4875,-5915,2159,0,0,0,77,-302,179,359.4,2364.5,1.207,-0.285,-0.621,-81.422,80.812,-36.766,339.1,1,-0.3920,-0.4192,0.2530,-0.7789,130.6,-58.4,0.0
668931,2026-08-30_09-20-12.932-240,v3.6.25,3.47,12.0,400,-4451,-5832,2252,-4971,-5613,1275,-4531,-5830,2352,-4875,-5915,2159,0,0,0,-344,-85,-193,403.5,2654.6,1.104,-0.277,-0.661,-105.438,105.781,-86.844,376.1,1,-0.4120,-0.4116,0.2333,-0.7787,125.6,-56.4,0.0
668961,2026-08-30_09-20-12.963-240,v3.6.25,3.47,12.0,400,-3745,-6083,2827,-4469,-5921,1910,-3820,-6102,2926,-4257,-6208,2695,0,0,0,-437,-106,-231,505.5,3325.9,1.092,-0.055,-0.438,-111.578,111.516,-132.578,461.7,1,-0.4332,-0.4064,0.2058,-0.7777,120.2,-54.1,0.0
669111,2026-08-30_09-20-12.112-240,v3.6.25,3.47,12.0,400,-835,-6383,4028,-1811,-6453,3857,-897,-6462,4122,-1251,-6689,4146,0,0,0,-354,-227,24,421.2,2771.1,0.903,-0.323,-0.630,-220.000,60.172,123.375,390.9,1,-0.4668,-0.3860,0.2219,-0.7641,116.2,-52.9,0.0
669171,2026-08-30_09-20-13.173-240,v3.6.25,3.47,12.0,400,-630,-6072,4490,-1374,-6170,4405,-694,-6162,4578,-727,-6397,4606,0,0,0,-33,-235,28,239.0,1572.1,1.448,-1.082,0.620,86.562,45.656,33.062,238.0,1,-0.4546,-0.3767,0.2225,-0.7758,119.4,-51.9,0.0
669225,2026-08-30_09-20-13.226-240,v3.6.25,3.47,12.0,400,-918,-5731,4965,-1374,-6170,4405,-986,-5825,5045,-727,-6397,4606,0,0,0,259,-572,-439,766.2,5040.5,1.310,0.132,0.087,269.875,47.109,-29.969,680.4,1,-0.4154,-0.3734,0.2106,-0.8023,126.4,-50.7,0.0
669272,2026-08-30_09-20-13.274-240,v3.6.25,3.47,12.0,400,-918,-5731,4965,-1789,-5715,4887,-986,-5825,5045,-1070,-5940,5146,0,0,0,-84,-115,101,174.6,1148.6,1.297,0.830,-0.289,289.500,50.484,24.266,184.0,1,-0.3717,-0.3653,0.2054,-0.8284,134.4,-49.3,0.0
669299,2026-08-30_09-20-13.300-240,v3.6.25,3.47,12.0,400,-1069,-5119,5520,-2097,-5025,5470,-1142,-5220,5589,-1294,-5247,5766,0,0,0,-152,-27,177,234.9,1545.2,1.172,0.778,-0.363,252.641,43.438,92.547,234.6,1,-0.3315,-0.3522,0.2115,-0.8493,142.1,-47.6,0.0
669343,2026-08-30_09-20-13.344-240,v3.6.25,3.47,12.0,400,-1672,-4378,5980,-2097,-5025,5470,-1753,-4478,6038,-1294,-5247,5766,0,0,0,459,-769,-272,936.0,6157.6,0.784,0.100,-0.257,222.984,13.766,97.172,822.9,1,-0.2940,-0.3419,0.2204,-0.8649,148.9,-46.1,0.0
669401,2026-08-30_09-20-13.403-240,v3.6.25,3.47,12.0,400,-2292,-3725,6246,-2974,-4174,5734,-2381,-3820,6294,-2146,-4403,6170,0,0,0,235,-583,-124,640.7,4215.1,0.950,0.593,0.024,179.297,-5.031,5.266,575.1,1,-0.2645,-0.3404,0.2163,-0.8760,153.3,-45.3,0.0
669428,2026-08-30_09-20-13.429-240,v3.6.25,3.47,12.0,400,-2292,-3725,6246,-3353,-3550,5985,-2381,-3820,6294,-2497,-3782,6478,0,0,0,-116,38,184,220.8,1452.7,0.876,0.396,-0.032,115.516,-9.250,19.578,222.8,1,-0.2445,-0.3391,0.2161,-0.8824,156.3,-44.8,0.0
669456,2026-08-30_09-20-13.458-240,v3.6.25,3.47,12.0,400,-2303,-3320,6461,-3353,-3550,5985,-2395,-3417,6503,-2497,-3782,6478,0,0,0,-102,-365,-25,379.8,2498.7,0.739,-0.067,-0.210,60.375,-21.125,34.516,356.2,1,-0.2324,-0.3388,0.2206,-0.8846,158.4,-44.6,0.0
669485,2026-08-30_09-20-13.486-240,v3.6.25,3.47,12.0,400,-2449,-3207,6450,-3418,-3266,6067,-2542,-3302,6491,-2554,-3499,6568,0,0,0,-12,-197,77,211.9,1393.8,0.561,-0.662,-0.112,32.141,-33.984,8.891,215.2,1,-0.2247,-0.3423,0.2231,-0.8846,159.8,-44.9,0.0
669530,2026-08-30_09-20-13.532-240,v3.6.25,3.47,12.0,400,-2449,-3207,6450,-3462,-3375,6014,-2542,-3302,6491,-2605,-3608,6524,0,0,0,-63,-306,33,314.2,2066.8,0.692,-0.245,-0.023,37.016,-43.578,-99.062,301.1,1,-0.2188,-0.3528,0.2075,-0.8858,159.8,-45.7,0.0
669576,2026-08-30_09-20-13.578-240,v3.6.25,3.47,12.0,400,-2274,-3415,6449,-3462,-3375,6014,-2365,-3513,6492,-2605,-3608,6524,0,0,0,-240,-95,32,260.1,1711.1,1.188,0.693,-0.078,-35.453,-31.266,-93.719,255.7,1,-0.2254,-0.3624,0.1932,-0.8835,157.9,-46.7,0.0
669603,2026-08-30_09-20-13.606-240,v3.6.25,3.47,12.0,400,-1592,-3793,6398,-2777,-3801,6159,-1678,-3900,6446,-1885,-4025,6551,0,0,0,-207,-125,105,263.6,1734.4,1.723,0.645,-0.213,-131.391,-7.438,-8.359,258.7,1,-0.2467,-0.3647,0.1941,-0.8766,154.6,-47.3,0.0
669638,2026-08-30_09-20-13.640-240,v3.6.25,3.47,12.0,400,-1592,-3793,6398,-2777,-3801,6159,-1678,-3900,6446,-1885,-4025,6551,0,0,0,-207,-125,105,263.6,1734.4,1.965,-0.105,-0.297,-204.281,36.203,38.281,258.7,1,-0.2800,-0.3576,0.2027,-0.8676,149.9,-47.2,0.0
669665,2026-08-30_09-20-13.668-240,v3.6.25,3.47,12.0,400,-1455,-4021,6272,-2498,-4116,6009,-1538,-4128,6323,-1624,-4338,6358,0,0,0,-86,-210,35,229.6,1510.6,2.179,-0.638,-0.389,-202.984,71.922,23.453,230.1,1,-0.3140,-0.3453,0.2073,-0.8597,144.9,-46.4,0.0
669696,2026-08-30_09-20-13.697-240,v3.6.25,3.47,12.0,400,-1558,-3922,6316,-2498,-4116,6009,-1643,-4028,6366,-1624,-4338,6358,0,0,0,19,-310,-8,310.7,2044.0,2.296,-0.770,-0.040,-162.125,106.953,-47.391,298.2,1,-0.3441,-0.3319,0.1974,-0.8559,139.9,-44.7,0.0
669746,2026-08-30_09-20-13.748-240,v3.6.25,3.47,12.0,400,-1558,-3922,6316,-2628,-4022,6087,-1643,-4028,6366,-1743,-4245,6456,0,0,0,-100,-217,90,255.3,1679.7,1.224,0.234,-0.113,-120.188,95.594,-139.328,251.7,1,-0.3692,-0.3264,0.1716,-0.8530,134.8,-43.1,0.0
669773,2026-08-30_09-20-13.775-240,v3.6.25,3.47,12.0,400,-955,-3553,6696,-1929,-3596,6639,-1041,-3672,6739,-958,-3809,6875,0,0,0,83,-137,136,210.1,1382.4,0.866,0.695,-0.039,-155.141,57.141,-79.781,213.8,1,-0.3970,-0.3222,0.1582,-0.8447,130.0,-42.1,0.0
669807,2026-08-30_09-20-13.809-240,v3.6.25,3.47,12.0,400,-250,-3357,6815,-1929,-3596,6639,-335,-3487,6855,-958,-3809,6875,0,0,0,-623,-322,20,701.6,4615.7,0.589,0.167,0.255,-167.391,-7.734,-26.984,626.2,1,-0.4230,-0.3227,0.1580,-0.8318,125.8,-42.1,0.0
669851,2026-08-30_09-20-13.853-240,v3.6.25,3.47,12.0,400,-250,-3357,6815,-1360,-3494,6776,-335,-3487,6855,-368,-3702,6912,0,0,0,-33,-215,57,224.9,1479.4,0.567,0.975,0.269,-149.969,-80.391,-1.750,226.2,1,-0.4435,-0.3323,0.1661,-0.8157,122.2,-43.6,0.0
669899,2026-08-30_09-20-13.901-240,v3.6.25,3.47,12.0,400,-124,-3737,6602,-1257,-4077,6404,-205,-3865,6648,-315,-4286,6533,0,0,0,-110,-421,-115,450.1,2961.0,0.687,0.756,0.220,-229.750,-117.938,161.203,415.2,1,-0.4709,-0.3321,0.2034,-0.7916,118.8,-45.8,0.0
670097,2026-08-30_09-20-13.098-240,v3.6.25,3.47,12.0,400,-3441,-6027,3070,-3816,-5989,2661,-3515,-6054,3167,-3473,-6259,3317,0,0,0,42,-205,150,257.5,1693.9,1.724,0.073,-0.068,201.000,-52.812,-51.094,253.5,1,-0.4389,-0.3450,0.1963,-0.8061,123.4,-46.8,0.0
670123,2026-08-30_09-20-14.124-240,v3.6.25,3.47,12.0,400,-3739,-5830,3162,-4165,-5862,2471,-3816,-5855,3256,-3858,-6138,3191,0,0,0,-42,-283,-65,293.4,1930.2,1.724,0.569,-0.087,198.031,-3.750,-30.422,283.7,1,-0.4082,-0.3489,0.1878,-0.8224,128.1,-46.7,0.0
670161,2026-08-30_09-20-14.163-240,v3.6.25,3.47,12.0,400,-3739,-5830,3162,-4165,-5862,2471,-3816,-5855,3256,-3858,-6138,3191,0,0,0,-42,-283,-65,293.4,1930.2,1.402,0.355,-0.136,170.297,49.078,7.062,283.7,1,-0.3822,-0.3416,0.1817,-0.8392,132.5,-45.4,0.0
670188,2026-08-30_09-20-14.191-240,v3.6.25,3.47,12.0,400,-4011,-5261,3726,-4547,-5348,3008,-4093,-5291,3809,-4160,-5622,3778,0,0,0,-67,-331,-31,339.1,2231.1,1.491,-0.021,-0.096,165.984,76.562,2.609,322.1,1,-0.3575,-0.3303,0.1734,-0.8562,136.6,-43.6,0.0
670217,2026-08-30_09-20-14.219-240,v3.6.25,3.47,12.0,400,-4011,-5261,3726,-4547,-5348,3008,-4093,-5291,3809,-4160,-5622,3778,0,0,0,-67,-331,-31,339.1,2231.1,0.921,-0.615,-0.018,181.000,92.594,-28.312,322.1,1,-0.3311,-0.3184,0.1590,-0.8739,140.4,-41.4,0.0
670508,2026-08-30_09-20-14.509-240,v3.6.25,3.47,12.0,400,653,-3417,6729,-691,-3285,6951,571,-3556,6771,327,-3487,6969,0,0,0,-244,69,198,321.7,2116.6,1.677,0.943,-0.136,-208.875,-33.484,69.047,307.4,1,-0.3612,-0.3177,0.1767,-0.8587,136.6,-42.3,0.0
670536,2026-08-30_09-20-14.538-240,v3.6.25,3.47,12.0,400,271,-3757,6593,-646,-3791,6711,190,-3890,6639,342,-3993,6728,0,0,0,152,-103,89,204.0,1342.4,1.854,0.294,-0.323,-263.094,2.328,85.672,208.7,1,-0.3998,-0.3092,0.1960,-0.8403,131.6,-42.6,0.0
670585,2026-08-30_09-20-14.586-240,v3.6.25,3.47,12.0,400,271,-3757,6593,-1279,-3911,6554,190,-3890,6639,-315,-4119,6683,0,0,0,-505,-229,44,556.2,3659.5,2.035,-0.714,-0.178,-238.141,66.484,6.828,504.3,1,-0.4375,-0.2965,0.1986,-0.8253,126.1,-41.5,0.0
670625,2026-08-30_09-20-14.627-240,v3.6.25,3.47,12.0,400,-252,-3743,6609,-1279,-3911,6554,-334,-3870,6655,-315,-4119,6683,0,0,0,19,-249,28,251.3,1653.2,1.404,-0.171,-0.054,-155.156,83.516,-126.781,248.3,1,-0.4664,-0.2927,0.1769,-0.8158,120.9,-40.0,0.0
670656,2026-08-30_09-20-14.658-240,v3.6.25,3.47,12.0,400,121,-3432,6796,-1173,-3619,6804,37,-3566,6837,-173,-3824,6908,0,0,0,-210,-258,71,340.2,2237.9,0.813,0.526,-0.267,-157.781,55.750,-131.141,322.9,1,-0.4947,-0.2940,0.1560,-0.8028,115.7,-38.8,0.0
670750,2026-08-30_09-20-14.752-240,v3.6.25,3.47,12.0,400,1062,-3467,6662,-102,-3639,6828,982,-3610,6705,903,-3837,6750,0,0,0,-79,-227,45,244.5,1608.8,0.284,1.408,-0.068,-253.281,-67.109,126.578,242.7,1,-0.5260,-0.2873,0.1856,-0.7787,111.6,-40.0,0.0
670975,2026-08-30_09-20-14.976-240,v3.6.25,3.47,12.0,400,-3872,-4007,5152,-4329,-4394,4456,-3964,-4062,5211,-3716,-4650,5153,0,0,0,248,-588,-58,640.8,4215.7,1.401,-0.822,0.098,277.391,11.688,-23.344,575.2,1,-0.4860,-0.2918,0.1745,-0.8051,117.7,-39.8,0.0
671003,2026-08-30_09-20-14.005-240,v3.6.25,3.47,12.0,400,-3872,-4007,5152,-4783,-3601,4790,-3964,-4062,5211,-4132,-3860,5554,0,0,0,-168,202,343,432.1,2842.5,1.279,-0.559,-0.000,323.609,27.828,-84.562,400.1,1,-0.4398,-0.2994,0.1513,-0.8331,124.0,-39.2,0.0
671326,2026-08-30_09-20-15.327-240,v3.6.25,3.47,12.0,400,1244,-3038,6876,443,-2645,7280,1161,-3186,6912,1504,-2839,7097,0,0,0,343,347,185,521.8,3432.9,1.270,0.738,-0.034,-227.250,-46.969,134.969,475.4,1,-0.4688,-0.2915,0.1804,-0.8141,120.7,-40.1,0.0
671376,2026-08-30_09-20-15.378-240,v3.6.25,3.47,12.0,400,1244,-3038,6876,-68,-3262,7034,1161,-3186,6912,964,-3459,6945,0,0,0,-197,-273,33,338.3,2225.5,1.512,-0.539,-0.265,-252.672,14.984,82.156,321.3,1,-0.5034,-0.2777,0.1983,-0.7938,116.2,-39.8,0.0
671446,2026-08-30_09-20-15.448-240,v3.6.25,3.47,12.0,400,-191,-3219,6912,-1175,-3445,6825,-277,-3351,6950,-175,-3651,6929,0,0,0,102,-300,-21,317.6,2089.2,1.604,-0.356,0.082,-153.844,80.047,-91.500,304.0,1,-0.5301,-0.2719,0.1820,-0.7823,111.7,-38.2,0.0
671486,2026-08-30_09-20-15.488-240,v3.6.25,3.47,12.0,400,357,-2831,7101,-1256,-3226,6971,269,-2972,7133,-236,-3432,7084,0,0,0,-505,-460,-49,684.9,4505.6,0.810,0.134,0.244,-122.719,68.516,-169.297,612.2,1,-0.5536,-0.2757,0.1542,-0.7706,107.0,-36.6,0.0
671619,2026-08-30_09-20-15.620-240,v3.6.25,3.47,12.0,400,1716,-2752,6897,596,-2741,7243,1632,-2905,6930,1653,-2934,7035,0,0,0,21,-29,105,110.9,729.8,0.549,0.659,0.198,-293.359,-113.672,149.391,130.6,1,-0.5867,-0.2687,0.1922,-0.7393,102.3,-38.5,0.0
671795,2026-08-30_09-20-15.796-240,v3.6.25,3.47,12.0,400,-2752,-5339,4537,-2879,-5097,4859,-2829,-5401,4616,-2180,-5333,5302,0,0,0,649,68,686,946.8,6228.9,1.305,-0.498,0.298,90.188,-90.297,44.484,832.0,1,-0.5696,-0.2768,0.2055,-0.7461,105.0,-40.3,0.0
671852,2026-08-30_09-20-15.854-240,v3.6.25,3.47,12.0,400,-3284,-5286,4366,-3534,-5433,4045,-3364,-5338,4445,-2967,-5684,4619,0,0,0,397,-346,174,554.6,3648.8,1.293,-0.168,-0.061,186.469,-46.047,35.234,502.9,1,-0.5405,-0.2818,0.2108,-0.7642,110.0,-41.2,0.0
671896,2026-08-30_09-20-15.898-240,v3.6.25,3.47,12.0,400,-3284,-5286,4366,-4054,-5223,3800,-3364,-5338,4445,-3534,-5482,4468,0,0,0,-170,-144,23,224.0,1473.5,1.473,-0.314,-0.119,234.719,-8.688,0.125,225.4,1,-0.5060,-0.2856,0.2062,-0.7873,115.6,-41.2,0.0
671925,2026-08-30_09-20-15.927-240,v3.6.25,3.47,12.0,400,-3738,-4784,4615,-4547,-4591,4133,-3823,-4833,4686,-3985,-4852,4875,0,0,0,-162,-19,189,249.7,1642.4,1.377,-0.619,-0.199,279.953,15.688,-69.906,247.0,1,-0.4666,-0.2927,0.1878,-0.8132,121.2,-40.6,0.0
672201,2026-08-30_09-20-16.202-240,v3.6.25,3.47,12.0,400,321,-2741,7087,-994,-2759,7145,232,-2881,7118,45,-2964,7209,0,0,0,-187,-83,91,223.9,1473.1,0.255,0.610,0.218,92.531,-91.906,-122.031,225.4,1,-0.4527,-0.3172,0.1736,-0.8150,121.8,-42.4,0.0
672267,2026-08-30_09-20-16.268-240,v3.6.25,3.47,12.0,400,1153,-3275,6690,-161,-3312,6997,1071,-3419,6730,866,-3510,6924,0,0,0,-205,-91,194,296.6,1951.0,0.896,0.251,-0.373,10.781,-87.016,-20.984,286.3,1,-0.4488,-0.3317,0.1761,-0.8109,121.7,-44.1,0.0
672319,2026-08-30_09-20-16.320-240,v3.6.25,3.47,12.0,400,1619,-3897,6259,502,-4028,6574,1544,-4041,6310,1473,-4224,6401,0,0,0,-71,-183,91,216.4,1423.4,0.867,0.537,0.155,-19.109,-69.906,-3.766,219.0,1,-0.4495,-0.3414,0.1804,-0.8055,121.1,-45.4,0.0
672347,2026-08-30_09-20-16.349-240,v3.6.25,3.47,12.0,400,1654,-4378,5921,583,-4564,6212,1583,-4518,5979,1505,-4761,6035,0,0,0,-78,-243,56,261.3,1719.0,0.809,0.764,-0.109,-54.266,-49.516,22.359,256.7,1,-0.4555,-0.3459,0.1876,-0.7985,120.0,-46.3,0.0
672380,2026-08-30_09-20-16.381-240,v3.6.25,3.47,12.0,400,1529,-4701,5758,583,-4564,6212,1460,-4837,5821,1505,-4761,6035,0,0,0,45,76,214,231.5,1523.1,1.195,0.807,-0.409,-121.250,-29.359,75.797,231.7,1,-0.4713,-0.3423,0.2025,-0.7872,118.0,-46.9,0.0
672423,2026-08-30_09-20-16.425-240,v3.6.25,3.47,12.0,400,1529,-4701,5758,435,-4886,5987,1460,-4837,5821,1325,-5086,5841,0,0,0,-135,-249,20,283.9,1868.1,0.813,0.376,-0.354,-187.484,9.516,145.469,275.7,1,-0.4965,-0.3263,0.2254,-0.7722,115.4,-46.7,0.0
672449,2026-08-30_09-20-16.452-240,v3.6.25,3.47,12.0,400,963,-4794,5797,-305,-4921,5952,893,-4924,5861,579,-5125,5932,0,0,0,-314,-201,71,379.5,2496.9,1.020,0.128,-0.051,-203.672,28.031,159.047,356.0,1,-0.5236,-0.3047,0.2486,-0.7558,112.6,-46.1,0.0
672685,2026-08-30_09-20-16.686-240,v3.6.25,3.47,12.0,400,-3035,-3818,5790,-4068,-3897,5229,-3126,-3895,5842,-3334,-4143,5862,0,0,0,-208,-248,20,324.3,2133.5,1.067,0.210,0.459,-45.000,-9.906,-52.688,309.6,1,-0.5301,-0.3103,0.2425,-0.7509,110.8,-46.3,0.0
672728,2026-08-30_09-20-16.730-240,v3.6.25,3.47,12.0,400,-3058,-3928,5760,-4068,-3897,5229,-3148,-4005,5814,-3334,-4143,5862,0,0,0,-186,-138,48,236.5,1556.1,0.640,0.277,0.331,-85.781,-58.125,3.547,236.0,1,-0.5393,-0.3161,0.2493,-0.7396,108.8,-47.4,0.0
672756,2026-08-30_09-20-16.757-240,v3.6.25,3.47,12.0,400,-2871,-4330,5496,-3801,-4296,5094,-2957,-4405,5556,-3081,-4540,5686,0,0,0,-124,-135,130,224.7,1478.4,0.874,-0.039,0.337,-72.031,-77.656,5.984,226.0,1,-0.5453,-0.3241,0.2583,-0.7286,107.3,-48.9,0.0
672800,2026-08-30_09-20-16.801-240,v3.6.25,3.47,12.0,400,-2936,-4844,5016,-3757,-4864,4532,-3018,-4911,5086,-3120,-5112,5131,0,0,0,-102,-201,45,229.8,1512.2,1.284,-0.427,0.184,-6.391,-82.406,-14.547,230.3,1,-0.5421,-0.3352,0.2643,-0.7239,107.2,-50.5,0.0
672850,2026-08-30_09-20-16.852-240,v3.6.25,3.47,12.0,400,-2921,-5126,4785,-3757,-4864,4532,-3001,-5190,4859,-3120,-5112,5131,0,0,0,-119,78,272,307.0,2019.5,1.049,0.070,0.239,65.625,-43.984,-10.234,295.1,1,-0.5306,-0.3415,0.2658,-0.7288,109.0,-51.3,0.0
672896,2026-08-30_09-20-16.898-240,v3.6.25,3.47,12.0,400,-2921,-5126,4785,-3649,-5169,4294,-3001,-5190,4859,-3046,-5418,4881,0,0,0,-45,-228,22,233.4,1535.8,0.920,-0.079,-0.096,112.234,-2.703,-0.141,233.4,1,-0.5141,-0.3417,0.2647,-0.7409,112.3,-51.1,0.0
672924,2026-08-30_09-20-16.926-240,v3.6.25,3.47,12.0,400,-3019,-5035,4838,-3816,-5016,4387,-3100,-5098,4911,-3201,-5266,5000,0,0,0,-101,-168,89,215.3,1416.3,1.532,-0.097,-0.130,151.078,33.000,-18.656,218.1,1,-0.4936,-0.3391,0.2569,-0.7585,116.2,-50.2,0.0
672962,2026-08-30_09-20-16.964-240,v3.6.25,3.47,12.0,400,-3067,-4576,5295,-3816,-5016,4387,-3152,-4646,5359,-3201,-5266,5000,0,0,0,-49,-620,-359,718.1,4724.4,1.119,0.054,0.468,193.406,85.094,-52.141,640.1,1,-0.4695,-0.3327,0.2386,-0.7822,120.4,-48.1,0.0
673000,2026-08-30_09-20-16.001-240,v3.6.25,3.47,12.0,400,-3067,-4576,5295,-3861,-4403,5039,-3152,-4646,5359,-3148,-4647,5643,0,0,0,4,-1,284,284.0,1868.6,1.514,0.715,0.150,172.281,133.375,-5.953,275.8,1,-0.4492,-0.3151,0.2228,-0.8058,124.3,-45.1,0.0
673322,2026-08-30_09-20-17.323-240,v3.6.25,3.47,12.0,400,-864,1245,7613,-2094,1193,7420,-988,1123,7594,-1097,958,7655,0,0,0,-109,-165,61,206.9,1361.5,1.071,0.134,0.600,-22.641,14.297,-65.578,211.1,1,-0.4542,-0.3181,0.2120,-0.8047,122.8,-44.8,0.0
673370,2026-08-30_09-20-17.372-240,v3.6.25,3.47,12.0,400,-864,1245,7613,-2094,1193,7420,-988,1123,7594,-1097,958,7655,0,0,0,-109,-165,61,206.9,1361.5,1.219,0.169,0.552,-116.734,59.422,-117.484,211.1,1,-0.4760,-0.3184,0.1918,-0.7970,118.4,-43.6,0.0
673398,2026-08-30_09-20-17.400-240,v3.6.25,3.47,12.0,400,-601,1267,7602,-1789,1251,7478,-724,1142,7583,-783,1019,7660,0,0,0,-59,-123,77,156.6,1030.6,1.293,0.536,0.711,-176.375,85.297,-120.750,168.9,1,-0.5069,-0.3143,0.1700,-0.7845,112.7,-41.7,0.0
673429,2026-08-30_09-20-17.431-240,v3.6.25,3.47,12.0,400,-571,1550,7564,-1789,1251,7478,-697,1426,7542,-783,1019,7660,0,0,0,-86,-407,118,432.4,2844.7,1.305,0.651,0.620,-258.609,107.938,-75.172,400.3,1,-0.5486,-0.3007,0.1542,-0.7648,106.2,-39.0,0.0
673475,2026-08-30_09-20-17.477-240,v3.6.25,3.47,12.0,400,-571,1550,7564,-1834,1565,7376,-697,1426,7542,-852,1329,7567,0,0,0,-155,-97,25,184.6,1214.2,0.828,0.023,0.163,-322.844,105.781,-15.438,192.3,1,-0.5962,-0.2790,0.1483,-0.7380,99.5,-36.1,0.0
673604,2026-08-30_09-20-17.605-240,v3.6.25,3.47,12.0,400,-2933,1056,7024,-3764,1549,6526,-3063,970,7011,-2929,1287,7064,0,0,0,134,317,53,348.2,2290.9,0.358,0.044,0.974,-191.797,-82.266,-53.156,329.7,1,-0.6206,-0.2887,0.1534,-0.7127,94.5,-37.0,0.0
673778,2026-08-30_09-20-17.779-240,v3.6.25,3.47,12.0,400,-3750,-2027,6325,-4716,-1952,5732,-3857,-2099,6353,-3940,-2207,6458,0,0,0,-83,-108,105,172.0,1131.5,0.849,0.193,0.122,125.172,-69.453,71.438,181.8,1,-0.6002,-0.2928,0.1679,-0.7252,98.0,-38.8,0.0
673806,2026-08-30_09-20-17.808-240,v3.6.25,3.47,12.0,400,-3877,-2050,6211,-4808,-2113,5559,-3985,-2119,6240,-4059,-2370,6306,0,0,0,-74,-251,66,269.9,1775.5,1.111,-0.442,0.395,156.906,-33.297,79.547,263.9,1,-0.5757,-0.2921,0.1791,-0.7424,102.5,-39.8,0.0
673840,2026-08-30_09-20-17.842-240,v3.6.25,3.47,12.0,400,-3877,-2050,6211,-4808,-2113,5559,-3985,-2119,6240,-4059,-2370,6306,0,0,0,-74,-251,66,269.9,1775.5,1.304,-0.278,0.182,232.266,18.188,31.375,263.9,1,-0.5426,-0.2909,0.1768,-0.7679,108.3,-39.7,0.0
673868,2026-08-30_09-20-17.870-240,v3.6.25,3.47,12.0,400,-4089,-1436,6309,-4978,-1442,5657,-4202,-1502,6330,-4227,-1703,6429,0,0,0,-25,-201,99,225.4,1483.2,1.122,0.436,0.382,228.859,60.406,51.422,226.7,1,-0.5100,-0.2817,0.1725,-0.7942,114.2,-38.6,0.0
674156,2026-08-30_09-20-18.157-240,v3.6.25,3.47,12.0,400,1007,2981,7102,218,2824,7328,874,2851,7067,1166,2591,7170,0,0,0,292,-260,103,404.3,2660.0,0.407,0.436,1.025,111.594,-51.406,-106.703,376.8,1,-0.4948,-0.3002,0.1580,-0.8001,115.4,-39.5,0.0
674196,2026-08-30_09-20-18.198-240,v3.6.25,3.47,12.0,400,1754,2751,7058,218,2824,7328,1626,2612,7026,1166,2591,7170,0,0,0,-460,-21,144,482.5,3174.1,0.862,0.853,0.744,8.391,-48.719,-77.531,442.4,1,-0.4939,-0.3136,0.1499,-0.7970,114.5,-40.4,0.0
674263,2026-08-30_09-20-18.265-240,v3.6.25,3.47,12.0,400,2429,2400,6983,1410,2167,7402,2306,2253,6956,2386,1947,7041,0,0,0,80,-306,85,327.5,2154.7,1.022,1.355,0.738,-179.375,-18.422,-44.016,312.3,1,-0.5205,-0.3159,0.1482,-0.7793,109.8,-40.3,0.0
674307,2026-08-30_09-20-18.309-240,v3.6.25,3.47,12.0,400,2531,2240,7025,1410,2167,7402,2409,2090,6999,2386,1947,7041,0,0,0,-23,-143,42,150.8,992.1,1.199,0.634,0.332,-281.719,33.047,-12.562,164.0,1,-0.5618,-0.3053,0.1484,-0.7544,103.5,-38.9,0.0
674335,2026-08-30_09-20-18.336-240,v3.6.25,3.47,12.0,400,1760,2376,7210,713,2231,7476,1635,2233,7181,1700,2007,7232,0,0,0,65,-226,51,240.6,1583.1,1.203,0.258,0.457,-305.219,68.859,-6.875,239.4,1,-0.6056,-0.2878,0.1461,-0.7273,97.2,-36.6,0.0
674366,2026-08-30_09-20-18.368-240,v3.6.25,3.47,12.0,400,1760,2376,7210,713,2231,7476,1635,2233,7181,1700,2007,7232,0,0,0,65,-226,51,240.6,1583.1,1.200,0.228,0.783,-306.312,99.109,1.641,239.4,1,-0.6483,-0.2647,0.1413,-0.6997,91.3,-33.6,0.0
674659,2026-08-30_09-20-18.660-240,v3.6.25,3.46,12.0,400,-4070,1142,6353,-4777,1519,5757,-4204,1083,6344,-4074,1239,6486,0,0,0,130,156,142,247.8,1630.2,0.781,-0.207,0.986,83.719,-84.016,61.406,245.4,1,-0.6337,-0.2705,0.1567,-0.7076,93.6,-35.5,0.0
674687,2026-08-30_09-20-18.689-240,v3.6.25,3.46,12.0,400,-4147,1068,6349,-5085,1074,5625,-4281,1010,6340,-4395,793,6410,0,0,0,-114,-217,70,254.9,1677.1,0.784,0.202,0.637,108.922,-54.656,93.547,251.4,1,-0.6155,-0.2699,0.1722,-0.7202,96.9,-36.9,0.0
674735,2026-08-30_09-20-18.736-240,v3.6.25,3.46,12.0,400,-4147,1068,6349,-5106,1394,5500,-4281,1010,6340,-4445,1109,6291,0,0,0,-164,99,-49,197.7,1300.9,0.813,-0.284,0.589,128.125,-14.641,136.391,203.4,1,-0.5944,-0.2598,0.1888,-0.7373,101.5,-37.4,0.0
674777,2026-08-30_09-20-18.778-240,v3.6.25,3.46,12.0,400,-4238,1548,6180,-5106,1394,5500,-4376,1496,6167,-4445,1109,6291,0,0,0,-69,-387,124,412.2,2711.8,0.953,-0.590,0.833,197.531,30.328,91.172,383.4,1,-0.5658,-0.2499,0.1926,-0.7618,107.0,-36.8,0.0
674947,2026-08-30_09-20-18.948-240,v3.6.25,3.46,12.0,400,-2309,4784,5642,-3146,4912,5252,-2467,4730,5595,-2602,4611,5709,0,0,0,-135,-119,114,213.0,1401.5,-0.179,0.208,0.755,262.516,41.344,-112.938,216.2,1,-0.5335,-0.2606,0.1648,-0.7876,111.3,-35.9,0.0
675151,2026-08-30_09-20-19.152-240,v3.6.25,3.46,12.0,400,2574,4846,5578,1863,4568,6123,2431,4733,5532,2569,4314,5711,0,0,0,138,-419,179,476.1,3132.1,0.707,1.048,0.925,-80.016,-85.328,-55.781,437.0,1,-0.5438,-0.2757,0.1665,-0.7749,108.9,-37.5,0.0
675186,2026-08-30_09-20-19.188-240,v3.6.25,3.46,12.0,400,2806,4311,5903,1863,4568,6123,2668,4187,5861,2569,4314,5711,0,0,0,-99,127,-150,220.1,1447.8,0.869,0.825,0.676,-146.250,-54.781,-66.391,222.1,1,-0.5643,-0.2859,0.1654,-0.7566,104.7,-38.3,0.0
675215,2026-08-30_09-20-19.217-240,v3.6.25,3.46,12.0,400,2452,4104,6219,1680,4143,6501,2315,3977,6177,2459,3897,6112,0,0,0,144,-80,-65,177.1,1165.1,0.867,0.774,0.625,-192.609,-26.219,-85.891,186.1,1,-0.5919,-0.2928,0.1596,-0.7338,99.4,-38.2,0.0
675261,2026-08-30_09-20-19.263-240,v3.6.25,3.46,12.0,400,2452,4104,6219,990,4105,6655,2315,3977,6177,1795,3857,6379,0,0,0,-520,-120,202,570.6,3754.1,0.870,0.791,0.677,-245.328,11.219,-105.719,516.3,1,-0.6271,-0.2949,0.1481,-0.7056,92.8,-37.0,0.0
675301,2026-08-30_09-20-19.303-240,v3.6.25,3.46,12.0,400,1772,4146,6428,990,4105,6655,1632,4024,6384,1795,3857,6379,0,0,0,163,-167,-5,233.4,1535.6,1.003,0.839,0.921,-298.266,45.359,-62.547,233.3,1,-0.6678,-0.2857,0.1391,-0.6731,86.1,-34.8,0.0
675365,2026-08-30_09-20-19.367-240,v3.6.25,3.46,12.0,400,730,4319,6472,-32,4277,6579,585,4210,6426,755,4021,6478,0,0,0,170,-189,52,259.5,1707.0,0.166,0.371,0.519,-350.562,51.891,40.094,255.2,1,-0.7114,-0.2613,0.1427,-0.6366,79.9,-32.4,0.0
675420,2026-08-30_09-20-19.423-240,v3.6.25,3.46,12.0,400,-954,4360,6330,-1703,4381,6135,-1104,4274,6284,-995,4107,6327,0,0,0,109,-167,43,204.0,1342.2,-0.325,-0.267,0.606,-260.484,-6.047,29.906,208.7,1,-0.7409,-0.2471,0.1508,-0.6060,75.0,-31.5,0.0
675591,2026-08-30_09-20-19.592-240,v3.6.25,3.46,12.0,400,-4419,1934,5958,-5050,2378,5205,-4561,1890,5942,-4461,2082,5991,0,0,0,100,192,49,222.0,1460.2,0.552,-0.559,1.154,52.875,-92.000,46.766,223.7,1,-0.7314,-0.2526,0.1669,-0.6111,76.3,-33.6,0.0
675631,2026-08-30_09-20-19.633-240,v3.6.25,3.46,12.0,400,-4419,1934,5958,-5287,1927,5190,-4561,1890,5942,-4691,1632,6018,0,0,0,-130,-258,76,298.7,1965.3,0.905,-0.380,0.848,117.891,-55.656,44.984,288.2,1,-0.7152,-0.2569,0.1771,-0.6254,79.1,-35.1,0.0
675660,2026-08-30_09-20-19.661-240,v3.6.25,3.46,12.0,400,-4359,1892,6042,-5093,2126,5361,-4500,1845,6026,-4472,1834,6151,0,0,0,28,-11,125,128.6,845.8,0.933,-0.354,0.845,154.281,-16.734,45.484,145.3,1,-0.6954,-0.2579,0.1818,-0.6457,82.9,-35.9,0.0
675712,2026-08-30_09-20-19.714-240,v3.6.25,3.46,12.0,400,-4006,2356,6157,-5093,2126,5361,-4150,2304,6135,-4472,1834,6151,0,0,0,-322,-470,16,569.9,3749.7,1.067,-0.063,1.053,198.844,52.000,36.922,515.8,1,-0.6718,-0.2536,0.1760,-0.6733,87.8,-35.3,0.0
675890,2026-08-30_09-20-19.891-240,v3.6.25,3.46,12.0,400,-2097,5247,5219,-3010,5219,4947,-2258,5200,5170,-2525,4912,5387,0,0,0,-267,-288,217,448.7,2951.9,0.079,0.042,0.908,148.844,62.328,66.828,414.0,1,-0.6535,-0.2427,0.1734,-0.6957,92.0,-34.4,0.0
675945,2026-08-30_09-20-19.946-240,v3.6.25,3.46,12.0,400,-1310,5965,4726,-2025,6056,4501,-1474,5920,4672,-1633,5743,4783,0,0,0,-159,-177,111,262.5,1727.3,-0.072,-0.082,0.990,146.734,31.172,17.828,257.8,1,-0.6350,-0.2409,0.1681,-0.7144,95.3,-33.9,0.0
676002,2026-08-30_09-20-19.003-240,v3.6.25,3.46,12.0,400,132,6563,4105,-1138,6559,4190,-32,6514,4049,-809,6243,4328,0,0,0,-777,-271,279,868.9,5716.5,-0.234,0.049,1.181,116.938,1.906,-5.125,766.7,1,-0.6198,-0.2444,0.1636,-0.7275,97.8,-33.9,0.0
676060,2026-08-30_09-20-19.061-240,v3.6.25,3.46,12.0,400,716,6584,4029,-322,6732,4101,552,6530,3973,-11,6418,4103,0,0,0,-563,-112,130,588.6,3872.2,-0.124,0.324,1.260,67.484,-11.000,-22.031,531.4,1,-0.6111,-0.2499,0.1595,-0.7340,98.9,-34.2,0.0
676103,2026-08-30_09-20-19.105-240,v3.6.25,3.46,12.0,400,716,6584,4029,288,6737,4151,552,6530,3973,607,6428,4048,0,0,0,55,-102,75,138.0,908.1,0.000,0.515,1.111,17.469,-13.109,-48.203,153.3,1,-0.6095,-0.2570,0.1534,-0.7341,98.7,-34.4,0.0
676131,2026-08-30_09-20-20.132-240,v3.6.25,3.46,12.0,400,1074,6547,4043,555,6661,4227,912,6488,3987,889,6355,4077,0,0,0,-23,-133,90,162.2,1067.3,0.328,0.732,1.463,-25.547,-4.281,-50.062,173.6,1,-0.6139,-0.2618,0.1472,-0.7300,97.6,-34.3,0.0
676177,2026-08-30_09-20-20.178-240,v3.6.25,3.46,12.0,400,1045,6519,4123,555,6661,4227,883,6458,4067,889,6355,4077,0,0,0,6,-103,10,103.7,682.0,0.556,0.525,1.052,-107.031,1.125,-57.406,124.4,1,-0.6294,-0.2641,0.1414,-0.7170,94.7,-33.8,0.0
676206,2026-08-30_09-20-20.208-240,v3.6.25,3.46,12.0,400,1045,6519,4123,291,6640,4247,883,6458,4067,629,6333,4142,0,0,0,-254,-125,75,292.9,1926.7,0.367,0.306,0.824,-131.688,6.297,-80.516,283.2,1,-0.6484,-0.2672,0.1325,-0.7005,91.1,-33.1,0.0
676240,2026-08-30_09-20-20.241-240,v3.6.25,3.46,12.0,400,555,6511,4196,291,6640,4247,392,6455,4140,629,6333,4142,0,0,0,237,-122,2,266.6,1753.7,0.126,0.242,0.869,-146.844,8.531,-121.344,261.2,1,-0.6696,-0.2737,0.1183,-0.6803,86.9,-32.1,0.0
676267,2026-08-30_09-20-20.269-240,v3.6.25,3.46,12.0,400,-197,6444,4309,-452,6642,4210,-361,6395,4253,-121,6330,4231,0,0,0,240,-65,-22,249.6,1642.2,0.040,0.344,0.824,-159.828,-0.047,-140.531,246.9,1,-0.6918,-0.2825,0.1027,-0.6565,82.2,-30.9,0.0
676355,2026-08-30_09-20-20.357-240,v3.6.25,3.46,12.0,400,-983,6155,4585,-1355,6423,4301,-1148,6109,4530,-1005,6108,4474,0,0,0,143,-1,-56,153.6,1010.4,0.177,0.474,0.923,-196.484,-26.734,-125.141,166.3,1,-0.7169,-0.2906,0.0926,-0.6270,76.9,-29.8,0.0
676415,2026-08-30_09-20-20.417-240,v3.6.25,3.46,12.0,400,-1801,5620,5003,-2325,5871,4585,-1964,5575,4951,-1915,5558,4917,0,0,0,49,-17,-34,62.0,408.0,-0.068,-0.058,1.123,-162.422,-40.750,-63.688,89.5,1,-0.7359,-0.2942,0.0913,-0.6029,72.9,-29.3,0.0
676471,2026-08-30_09-20-20.473-240,v3.6.25,3.46,12.0,400,-2585,4948,5323,-3279,5119,4791,-2745,4904,5277,-2819,4809,5281,0,0,0,-74,-95,4,120.5,792.7,-0.273,-0.276,1.177,-116.469,-36.672,43.781,138.6,1,-0.7483,-0.2865,0.1017,-0.5896,71.0,-29.3,0.0
676501,2026-08-30_09-20-20.502-240,v3.6.25,3.46,12.0,400,-3176,4415,5432,-3952,4495,4830,-3334,4374,5391,-3472,4186,5434,0,0,0,-138,-188,43,237.1,1560.2,-0.270,-0.663,1.260,-70.016,-34.859,70.953,236.5,1,-0.7548,-0.2776,0.1146,-0.5831,70.2,-29.8,0.0
676531,2026-08-30_09-20-20.533-240,v3.6.25,3.46,12.0,400,-3620,4187,5309,-3952,4495,4830,-3778,4153,5271,-3472,4186,5434,0,0,0,306,33,163,348.3,2291.3,-0.186,-0.834,1.158,3.719,-28.734,45.828,329.7,1,-0.7533,-0.2745,0.1233,-0.5848,70.7,-30.5,0.0
676575,2026-08-30_09-20-20.576-240,v3.6.25,3.46,12.0,400,-3620,4187,5309,-4372,4309,4639,-3778,4153,5271,-3921,3995,5320,0,0,0,-143,-158,49,218.7,1438.6,0.056,-0.581,0.976,110.922,-10.656,-30.453,221.0,1,-0.7405,-0.2842,0.1200,-0.5970,72.4,-31.1,0.0
676602,2026-08-30_09-20-20.604-240,v3.6.25,3.46,12.0,400,-3491,4279,5404,-4078,4446,4875,-3649,4242,5365,-3590,4137,5500,0,0,0,59,-105,135,180.9,1190.2,0.075,-0.138,0.864,146.531,6.047,-68.484,189.3,1,-0.7240,-0.2983,0.1096,-0.6122,74.6,-31.6,0.0
676646,2026-08-30_09-20-20.648-240,v3.6.25,3.46,12.0,400,-2750,4543,5643,-4078,4446,4875,-2908,4493,5599,-3590,4137,5500,0,0,0,-682,-356,-99,775.7,5103.1,0.177,0.570,0.800,131.500,39.984,-68.578,688.4,1,-0.7094,-0.3081,0.0947,-0.6268,76.7,-31.4,0.0
676708,2026-08-30_09-20-20.710-240,v3.6.25,3.46,12.0,400,-1996,4922,5625,-3220,4794,5240,-2154,4865,5577,-2676,4493,5710,0,0,0,-522,-372,133,654.6,4306.9,0.198,0.563,1.078,61.641,80.109,-28.781,586.9,1,-0.7033,-0.3054,0.0802,-0.6370,78.3,-30.1,0.0
676735,2026-08-30_09-20-20.737-240,v3.6.25,3.46,12.0,400,-1632,5376,5285,-2569,5255,5150,-1793,5322,5234,-2050,4954,5511,0,0,0,-257,-368,277,527.4,3470.1,0.174,0.480,1.053,41.766,90.703,-8.844,480.1,1,-0.6993,-0.2981,0.0670,-0.6463,79.8,-28.6,0.0
676783,2026-08-30_09-20-20.785-240,v3.6.25,3.46,12.0,400,-1632,5376,5285,-2275,5826,4657,-1793,5322,5234,-1852,5515,4978,0,0,0,-59,193,-256,326.0,2144.6,-0.109,0.328,1.029,31.078,97.781,28.125,311.0,1,-0.6960,-0.2853,0.0576,-0.6564,81.5,-27.0,0.0
676821,2026-08-30_09-20-20.823-240,v3.6.25,3.46,12.0,400,-1546,5862,4727,-2275,5826,4657,-1710,5820,4674,-1852,5515,4978,0,0,0,-142,-305,304,453.4,2983.1,-0.419,0.333,0.883,32.469,82.750,74.859,418.0,1,-0.6915,-0.2691,0.0558,-0.6681,83.5,-25.9,0.0
676850,2026-08-30_09-20-20.852-240,v3.6.25,3.46,12.0,400,-1492,6326,4083,-2095,6404,3955,-1660,6297,4029,-1804,6079,4262,0,0,0,-144,-218,233,350.1,2303.1,-0.514,0.292,0.929,33.609,60.172,117.703,331.2,1,-0.6855,-0.2507,0.0619,-0.6807,85.8,-25.2,0.0
676890,2026-08-30_09-20-20.893-240,v3.6.25,3.46,12.0,400,-1492,6326,4083,-1841,6869,3327,-1660,6297,4029,-1667,6533,3604,0,0,0,-7,236,-425,486.2,3198.5,-0.279,0.193,1.083,38.375,24.891,162.422,445.5,1,-0.6771,-0.2317,0.0778,-0.6941,88.5,-25.3,0.0
676941,2026-08-30_09-20-20.943-240,v3.6.25,3.46,12.0,400,-1320,6690,3523,-1841,6869,3327,-1490,6671,3469,-1667,6533,3604,0,0,0,-177,-138,135,261.9,1723.1,-0.320,-0.291,1.207,42.078,-33.297,175.359,257.3,1,-0.6664,-0.2181,0.1022,-0.7056,91.1,-26.4,0.0
676970,2026-08-30_09-20-20.972-240,v3.6.25,3.46,12.0,400,-960,6887,3286,-1375,7125,3076,-1131,6869,3231,-1249,6786,3280,0,0,0,-118,-83,49,152.4,1002.4,-0.257,-0.607,1.366,58.062,-65.203,132.625,165.3,1,-0.6537,-0.2136,0.1244,-0.7152,93.5,-27.9,0.0
677000,2026-08-30_09-20-20.003-240,v3.6.25,3.46,12.0,400,-439,6881,3477,-1375,7125,3076,-608,6853,3421,-1249,6786,3280,0,0,0,-641,-67,-141,659.7,4340.4,-0.038,-0.532,1.091,82.453,-88.281,72.234,591.1,1,-0.6388,-0.2193,0.1408,-0.7239,95.8,-29.8,0.0
677101,2026-08-30_09-20-20.103-240,v3.6.25,3.46,12.0,400,163,6633,4074,-273,6721,4207,-2,6585,4017,55,6409,4198,0,0,0,57,-176,181,258.8,1702.7,-0.130,1.057,1.271,-49.906,-161.531,37.547,254.7,1,-0.6397,-0.2337,0.1643,-0.7135,94.9,-32.9,0.0
677673,2026-08-30_09-20-21.674-240,v3.6.25,3.46,12.0,400,-1586,-6041,4187,-2446,-6163,3739,-1654,-6113,4276,-1914,-6407,4138,0,0,0,-260,-294,-138,416.0,2737.0,0.931,0.114,-0.406,39.172,-77.031,34.281,386.6,1,-0.6307,-0.2411,0.1768,-0.7161,96.2,-34.6,0.0
677712,2026-08-30_09-20-21.714-240,v3.6.25,3.46,12.0,400,-2047,-6265,3697,-2797,-6345,3170,-2115,-6323,3792,-2358,-6599,3642,0,0,0,-243,-276,-150,397.1,2612.8,0.931,0.075,-0.197,45.125,-68.078,45.688,370.8,1,-0.6206,-0.2458,0.1895,-0.7201,97.7,-36.1,0.0
677760,2026-08-30_09-20-21.762-240,v3.6.25,3.46,12.0,400,-2470,-6350,3298,-2797,-6345,3170,-2538,-6395,3397,-2358,-6599,3642,0,0,0,180,-204,245,366.1,2408.7,0.774,-0.012,-0.412,19.562,-79.312,113.438,344.7,1,-0.6115,-0.2439,0.2129,-0.7220,99.7,-37.8,0.0
677791,2026-08-30_09-20-21.793-240,v3.6.25,3.46,12.0,400,-3188,-6327,2670,-3312,-6348,2542,-3259,-6351,2773,-2981,-6615,3116,0,0,0,278,-264,343,514.4,3384.3,0.437,-0.536,-0.598,3.172,-93.750,117.766,469.2,1,-0.6034,-0.2426,0.2387,-0.7211,101.5,-39.6,0.0
677872,2026-08-30_09-20-21.873-240,v3.6.25,3.46,12.0,400,-3806,-6298,2013,-4005,-6248,1583,-3880,-6302,2120,-3841,-6535,2298,0,0,0,39,-233,178,295.8,1946.0,0.541,0.291,-0.840,87.516,-99.500,-128.906,285.7,1,-0.5902,-0.2715,0.2304,-0.7245,102.1,-41.7,0.0
677901,2026-08-30_09-20-21.903-240,v3.6.25,3.46,12.0,400,-3735,-6435,1806,-4074,-6300,1245,-3807,-6436,1916,-3966,-6592,1980,0,0,0,-159,-156,64,231.8,1524.7,0.855,0.859,-0.855,5.906,-88.125,-97.578,232.0,1,-0.5871,-0.2941,0.2263,-0.7194,100.9,-43.5,0.0
677941,2026-08-30_09-20-21.943-240,v3.6.25,3.46,12.0,400,-3735,-6435,1806,-3682,-6626,884,-3807,-6436,1916,-3628,-6919,1561,0,0,0,179,-483,-355,625.6,4115.7,0.967,0.313,-0.652,-118.953,-58.703,-55.344,562.5,1,-0.6006,-0.3058,0.2274,-0.7029,97.4,-44.7,0.0
677989,2026-08-30_09-20-21.990-240,v3.6.25,3.46,12.0,400,-3392,-6733,1361,-3682,-6626,884,-3461,-6731,1478,-3628,-6919,1561,0,0,0,-167,-188,83,264.8,1742.1,0.840,-0.160,-0.811,-149.094,-20.328,-112.828,259.7,1,-0.6201,-0.3181,0.2173,-0.6835,92.3,-44.8,0.0
678167,2026-08-30_09-20-22.168-240,v3.6.25,3.46,12.0,400,501,-7508,1190,-229,-7579,972,451,-7553,1317,-134,-7843,1064,0,0,0,-585,-290,-253,700.2,4606.8,0.818,0.517,-0.447,-65.266,84.391,115.234,625.1,1,-0.6295,-0.2943,0.2239,-0.6834,92.7,-43.2,0.0
678201,2026-08-30_09-20-22.203-240,v3.6.25,3.46,12.0,400,501,-7508,1190,284,-7497,1540,451,-7553,1317,474,-7750,1532,0,0,0,23,-197,215,292.5,1924.4,0.736,0.017,-0.457,28.641,91.000,152.203,282.9,1,-0.6259,-0.2668,0.2334,-0.6947,95.7,-41.5,0.0
678231,2026-08-30_09-20-22.232-240,v3.6.25,3.46,12.0,400,291,-7377,1930,284,-7497,1540,239,-7433,2051,474,-7750,1532,0,0,0,235,-317,-519,652.0,4289.3,0.854,0.171,-0.465,114.281,87.562,153.391,584.6,1,-0.6105,-0.2411,0.2412,-0.7148,100.4,-39.7,0.0
678524,2026-08-30_09-20-22.525-240,v3.6.25,3.46,12.0,400,-4310,-6279,1164,-4467,-6166,510,-4386,-6260,1276,-4488,-6473,1328,0,0,0,-102,-213,52,241.8,1590.9,1.078,-0.712,-0.664,-150.234,-55.250,-113.438,240.4,1,-0.6293,-0.2580,0.2368,-0.6938,95.7,-41.0,0.0
678776,2026-08-30_09-20-22.777-240,v3.6.25,3.46,12.0,400,150,-7611,563,88,-7597,855,99,-7640,696,163,-7861,896,0,0,0,64,-221,200,304.9,2005.6,0.589,-0.270,-0.442,-46.703,41.500,172.281,293.3,1,-0.6320,-0.2322,0.2556,-0.6938,97.0,-40.2,0.0
678811,2026-08-30_09-20-22.813-240,v3.6.25,3.46,12.0,400,69,-7568,1019,88,-7597,855,18,-7605,1148,163,-7861,896,0,0,0,145,-256,-252,387.4,2548.6,0.501,-0.115,-0.592,40.812,11.531,121.609,362.6,1,-0.6234,-0.2175,0.2688,-0.7013,99.6,-39.8,0.0
678840,2026-08-30_09-20-22.841-240,v3.6.25,3.46,12.0,400,-618,-7499,1222,-547,-7537,1165,-671,-7531,1349,-421,-7800,1306,0,0,0,250,-269,-43,369.7,2432.5,0.581,0.318,-0.618,76.562,-12.562,100.844,347.8,1,-0.6095,-0.2088,0.2807,-0.7114,102.7,-39.7,0.0
678982,2026-08-30_09-20-22.983-240,v3.6.25,3.46,12.0,400,-2199,-7233,1094,-2257,-7224,764,-2260,-7242,1218,-2208,-7506,1204,0,0,0,52,-264,-14,269.4,1772.6,1.229,-0.500,-0.584,67.453,16.906,76.594,263.6,1,-0.5986,-0.1985,0.2869,-0.7211,105.3,-39.0,0.0
679011,2026-08-30_09-20-22.013-240,v3.6.25,3.46,12.0,400,-2894,-6999,1202,-3001,-6915,737,-2959,-7001,1323,-2965,-7204,1303,0,0,0,-6,-203,-20,204.1,1342.6,0.990,-0.549,-0.554,92.547,15.984,25.062,208.7,1,-0.5859,-0.1944,0.2858,-0.7330,107.6,-38.3,0.0
679058,2026-08-30_09-20-22.059-240,v3.6.25,3.46,12.0,400,-3299,-6721,1427,-3526,-6655,942,-3367,-6721,1543,-3461,-6946,1592,0,0,0,-94,-225,49,248.7,1636.3,0.628,0.455,-0.711,61.453,0.266,1.703,246.2,1,-0.5773,-0.1954,0.2840,-0.7402,109.1,-38.1,0.0
679099,2026-08-30_09-20-22.101-240,v3.6.25,3.46,12.0,400,-3529,-6622,1492,-3526,-6655,942,-3599,-6620,1606,-3461,-6946,1592,0,0,0,138,-326,-14,354.3,2330.8,0.636,0.086,-0.636,-13.266,-22.375,18.922,334.8,1,-0.5765,-0.1966,0.2894,-0.7384,109.3,-38.6,0.0
679147,2026-08-30_09-20-23.149-240,v3.6.25,3.46,12.0,400,-3529,-6622,1492,-3763,-6539,891,-3599,-6620,1606,-3710,-6833,1582,0,0,0,-111,-213,-24,241.4,1588.0,0.786,-0.226,-0.464,-21.391,-28.422,-51.156,240.0,1,-0.5787,-0.2060,0.2869,-0.7351,108.5,-39.4,0.0
679177,2026-08-30_09-20-23.178-240,v3.6.25,3.46,12.0,400,-3494,-6698,1308,-3627,-6644,732,-3563,-6693,1424,-3599,-6939,1404,0,0,0,-36,-246,-20,249.4,1640.9,0.892,-0.010,-0.507,-30.922,-23.719,-66.812,246.8,1,-0.5828,-0.2167,0.2821,-0.7306,107.3,-40.2,0.0
679218,2026-08-30_09-20-23.219-240,v3.6.25,3.46,12.0,400,-3179,-6877,1209,-3627,-6644,732,-3246,-6875,1328,-3599,-6939,1404,0,0,0,-353,-64,76,366.7,2412.6,0.974,-0.226,-0.419,-38.719,-9.734,-89.359,345.2,1,-0.5891,-0.2277,0.2731,-0.7256,105.5,-40.7,0.0
679252,2026-08-30_09-20-23.254-240,v3.6.25,3.46,12.0,400,-3179,-6877,1209,-3214,-6886,736,-3246,-6875,1328,-3179,-7177,1338,0,0,0,67,-302,10,309.5,2036.2,1.039,-0.064,-0.550,-36.953,8.297,-114.578,297.2,1,-0.5966,-0.2395,0.2589,-0.7209,103.3,-40.9,0.0
679279,2026-08-30_09-20-23.281-240,v3.6.25,3.46,12.0,400,-2676,-7103,1291,-3214,-6886,736,-2739,-7109,1412,-3179,-7177,1338,0,0,0,-440,-68,-74,451.3,2969.3,1.113,0.373,-0.599,-65.391,27.328,-87.609,416.2,1,-0.6077,-0.2456,0.2466,-0.7138,100.7,-40.6,0.0
679307,2026-08-30_09-20-23.309-240,v3.6.25,3.46,12.0,400,-2676,-7103,1291,-2583,-7110,996,-2739,-7109,1412,-2498,-7391,1486,0,0,0,241,-282,74,378.3,2488.6,1.251,0.572,-0.611,-119.188,50.531,-33.078,354.9,1,-0.6251,-0.2418,0.2400,-0.7022,97.6,-39.8,0.0
679335,2026-08-30_09-20-23.337-240,v3.6.25,3.46,12.0,400,-2003,-7256,1444,-2583,-7110,996,-2063,-7274,1566,-2498,-7391,1486,0,0,0,-435,-117,-80,457.5,3009.9,1.536,0.591,-0.604,-171.125,78.422,25.875,421.4,1,-0.6484,-0.2267,0.2389,-0.6864,94.1,-38.4,0.0
679365,2026-08-30_09-20-23.367-240,v3.6.25,3.46,12.0,400,-1406,-7307,1743,-1920,-7280,1380,-1463,-7339,1864,-1765,-7550,1748,0,0,0,-302,-211,-116,386.2,2541.0,1.429,0.898,-0.677,-221.312,98.594,95.219,361.6,1,-0.6760,-0.1996,0.2449,-0.6657,90.5,-36.7,0.0
679408,2026-08-30_09-20-23.409-240,v3.6.25,3.50,12.0,400,-1406,-7307,1743,-1450,-7268,1908,-1463,-7339,1864,-1204,-7527,2184,0,0,0,259,-188,320,452.6,2977.5,0.663,0.204,-0.716,-254.938,89.781,148.156,417.3,1,-0.7041,-0.1657,0.2589,-0.6401,86.7,-35.2,0.0
679451,2026-08-30_09-20-23.452-240,v3.6.25,3.50,12.0,400,-997,-7244,2147,-1450,-7268,1908,-1053,-7288,2264,-1204,-7527,2184,0,0,0,-151,-239,-80,293.8,1932.9,0.446,-0.539,-0.216,-170.031,29.594,64.203,284.0,1,-0.7212,-0.1500,0.2681,-0.6208,84.0,-35.0,0.0
679478,2026-08-30_09-20-23.480-240,v3.6.25,3.50,12.0,400,-760,-7208,2288,-1231,-7216,2200,-816,-7258,2404,-936,-7470,2432,0,0,0,-120,-212,28,245.2,1613.2,0.313,-0.420,0.041,-99.203,-19.719,-2.344,243.2,1,-0.7302,-0.1497,0.2738,-0.6078,82.1,-35.6,0.0
679515,2026-08-30_09-20-23.516-240,v3.6.25,3.50,12.0,400,-760,-7208,2288,-1231,-7216,2200,-816,-7258,2404,-936,-7470,2432,0,0,0,-120,-212,28,245.2,1613.2,0.154,0.590,-0.074,-51.344,-91.219,-7.875,243.2,1,-0.7310,-0.1602,0.2857,-0.5986,81.3,-37.6,0.0
679543,2026-08-30_09-20-23.545-240,v3.6.25,3.50,12.0,400,-490,-7343,1850,-879,-7352,1866,-544,-7388,1971,-638,-7608,2047,0,0,0,-94,-220,76,251.0,1651.5,0.319,0.415,-0.270,-43.578,-123.688,23.016,248.1,1,-0.7280,-0.1700,0.3050,-0.5900,81.1,-40.1,0.0
679572,2026-08-30_09-20-23.573-240,v3.6.25,3.50,12.0,400,-490,-7343,1850,-879,-7352,1866,-544,-7388,1971,-638,-7608,2047,0,0,0,-94,-220,76,251.0,1651.5,0.808,-0.689,-0.468,28.047,-135.797,-7.469,248.1,1,-0.7171,-0.1853,0.3212,-0.5901,82.4,-42.8,0.0
679631,2026-08-30_09-20-23.633-240,v3.6.25,3.50,12.0,400,-984,-7592,163,-758,-7523,809,-1038,-7599,298,-693,-7793,995,0,0,0,345,-194,697,801.5,5273.3,1.719,0.626,-0.484,170.844,-62.109,-15.906,710.1,1,-0.6950,-0.1969,0.3231,-0.6114,86.6,-43.6,0.0
679918,2026-08-30_09-20-23.919-240,v3.6.25,3.50,12.0,400,-3784,-5649,3492,-4370,-5621,2683,-3863,-5679,3581,-4033,-5897,3432,0,0,0,-170,-218,-149,314.0,2066.1,0.241,-0.626,-0.265,113.125,-72.516,-212.719,301.0,1,-0.6821,-0.2337,0.3062,-0.6216,86.8,-45.1,0.0
679944,2026-08-30_09-20-23.945-240,v3.6.25,3.50,12.0,400,-3113,-5906,3702,-3961,-5784,3146,-3187,-5949,3793,-3540,-6049,3815,0,0,0,-353,-100,22,367.5,2418.1,0.369,-0.160,-0.437,92.000,-93.891,-230.922,345.9,1,-0.6695,-0.2748,0.2895,-0.6265,86.0,-47.0,0.0
680093,2026-08-30_09-20-23.094-240,v3.6.25,3.50,12.0,400,-1110,-6902,2924,-1712,-6909,2833,-1169,-6959,3032,-1317,-7158,3131,0,0,0,-148,-199,99,267.0,1756.8,1.730,-0.163,-1.019,-310.406,26.531,51.047,261.6,1,-0.7052,-0.2606,0.2967,-0.5889,79.1,-46.5,0.0
680153,2026-08-30_09-20-24.154-240,v3.6.25,3.50,12.0,400,439,-7050,2771,-812,-7173,2493,385,-7123,2882,-468,-7420,2647,0,0,0,-853,-297,-235,933.3,6140.1,1.335,1.032,-0.668,-251.703,91.234,42.828,820.7,1,-0.7362,-0.2419,0.2927,-0.5601,73.6,-44.6,0.0
680211,2026-08-30_09-20-24.212-240,v3.6.25,3.50,12.0,400,788,-6725,3444,35,-7071,3012,733,-6814,3547,466,-7305,3010,0,0,0,-267,-491,-537,775.1,5099.2,0.240,0.766,-0.519,-298.875,85.078,292.891,687.9,1,-0.7661,-0.1880,0.3155,-0.5275,70.5,-43.0,0.0
680251,2026-08-30_09-20-24.253-240,v3.6.25,3.50,12.0,400,788,-6725,3444,-5,-6700,3780,733,-6814,3547,549,-6925,3765,0,0,0,-184,-111,218,306.1,2013.9,-0.237,-0.505,-0.453,-242.672,30.109,330.141,294.3,1,-0.7826,-0.1328,0.3473,-0.4994,69.3,-42.5,0.0
680405,2026-08-30_09-20-24.406-240,v3.6.25,3.50,12.0,400,-2393,-6607,2806,-3239,-6541,2056,-2459,-6644,2911,-2987,-6814,2630,0,0,0,-528,-170,-281,621.8,4090.8,1.555,-1.229,-0.131,245.234,-78.891,-21.688,559.3,1,-0.7555,-0.1460,0.3504,-0.5339,75.3,-43.3,0.0
680447,2026-08-30_09-20-24.448-240,v3.6.25,3.50,12.0,400,-3143,-6461,2498,-3239,-6541,2056,-3213,-6483,2604,-2987,-6814,2630,0,0,0,226,-331,26,401.6,2642.4,1.791,-0.682,-0.459,339.391,-30.797,-73.281,374.5,1,-0.7217,-0.1632,0.3391,-0.5809,82.6,-42.8,0.0
680476,2026-08-30_09-20-24.478-240,v3.6.25,3.50,12.0,400,-3746,-5901,3079,-4031,-6046,2249,-3822,-5924,3174,-3758,-6324,2952,0,0,0,64,-400,-222,461.9,3039.0,1.675,-0.256,-0.394,352.422,7.062,-78.969,425.1,1,-0.6861,-0.1769,0.3209,-0.6285,89.7,-41.5,0.0
680622,2026-08-30_09-20-24.623-240,v3.6.25,3.50,12.0,400,-3660,-3966,5379,-4639,-4268,4383,-3752,-4028,5436,-4042,-4528,5134,0,0,0,-290,-500,-302,652.2,4290.5,0.705,-0.045,-0.170,61.312,-52.219,-58.156,584.8,1,-0.6774,-0.1902,0.3194,-0.6348,90.8,-42.4,0.0
680671,2026-08-30_09-20-24.673-240,v3.6.25,3.50,12.0,400,-3660,-3966,5379,-4510,-3991,4780,-3752,-4028,5436,-3851,-4246,5499,0,0,0,-99,-218,63,247.6,1628.8,0.568,-0.163,-0.165,-31.672,-103.609,-99.359,245.2,1,-0.6769,-0.2135,0.3216,-0.6267,89.4,-44.7,0.0
680700,2026-08-30_09-20-24.701-240,v3.6.25,3.50,12.0,400,-3310,-4414,5242,-4059,-4582,4625,-3397,-4479,5305,-3413,-4833,5272,0,0,0,-16,-354,-33,355.9,2341.4,0.826,0.195,-0.183,-76.562,-107.891,-114.297,336.1,1,-0.6818,-0.2390,0.3222,-0.6117,86.3,-47.0,0.0
680932,2026-08-30_09-20-24.933-240,v3.6.25,3.50,12.0,400,28,-6124,4466,-580,-5948,4917,-34,-6222,4555,150,-6163,4971,0,0,0,184,59,416,458.7,3017.7,0.743,0.532,-0.536,-312.578,106.500,149.906,422.4,1,-0.7189,-0.2050,0.3309,-0.5758,80.3,-45.4,0.0
680971,2026-08-30_09-20-24.973-240,v3.6.25,3.50,12.0,400,192,-5675,5035,-580,-5948,4917,126,-5784,5114,150,-6163,4971,0,0,0,24,-379,-143,405.8,2669.7,0.324,-0.610,-0.217,-231.844,61.578,112.156,378.0,1,-0.7432,-0.1798,0.3396,-0.5477,76.2,-44.6,0.0
681000,2026-08-30_09-20-24.002-240,v3.6.25,3.50,12.0,400,-259,-5390,5325,-1082,-5523,5288,-327,-5498,5399,-298,-5739,5417,0,0,0,29,-241,18,243.4,1601.3,0.159,-0.642,-0.014,-132.406,10.062,28.203,241.7,1,-0.7555,-0.1722,0.3440,-0.5303,73.6,-44.6,0.0
681041,2026-08-30_09-20-24.043-240,v3.6.25,3.50,12.0,400,-259,-5390,5325,-1206,-5571,5188,-327,-5498,5399,-438,-5789,5341,0,0,0,-111,-291,-58,316.8,2084.2,0.200,0.753,0.119,-58.375,-58.781,9.203,303.3,1,-0.7572,-0.1762,0.3530,-0.5205,72.5,-45.9,0.0
681090,2026-08-30_09-20-24.093-240,v3.6.25,3.50,12.0,400,-272,-5509,5145,-1206,-5571,5188,-340,-5614,5222,-438,-5789,5341,0,0,0,-98,-175,119,233.2,1534.3,0.531,0.316,0.291,-63.078,-99.344,120.922,233.2,1,-0.7545,-0.1669,0.3776,-0.5102,73.2,-47.7,0.0
681121,2026-08-30_09-20-25.123-240,v3.6.25,3.50,12.0,400,-619,-5919,4590,-1393,-6000,4534,-684,-6010,4675,-727,-6226,4735,0,0,0,-43,-216,60,228.3,1501.7,0.911,-0.323,0.371,-23.203,-100.047,144.688,229.0,1,-0.7467,-0.1537,0.4037,-0.5058,75.6,-49.3,0.0
681619,2026-08-30_09-20-25.620-240,v3.6.25,3.50,12.0,400,3767,-3480,5616,2323,-3065,6662,3696,-3637,5666,3291,-3255,6176,0,0,0,-405,382,510,755.0,4967.2,0.822,1.858,0.260,-112.328,-93.188,38.812,671.1,1,-0.7493,-0.1562,0.4207,-0.4870,74.0,-51.5,0.0
681667,2026-08-30_09-20-25.669-240,v3.6.25,3.50,12.0,400,3767,-3480,5616,2769,-3631,6212,3696,-3637,5666,3673,-3821,5662,0,0,0,-23,-184,-4,185.5,1220.2,1.226,1.542,-0.110,-296.266,-68.969,156.297,193.1,1,-0.7658,-0.1385,0.4475,-0.4405,69.0,-53.8,0.0
681694,2026-08-30_09-20-25.696-240,v3.6.25,3.50,12.0,400,3258,-3783,5756,2148,-4031,6315,3188,-3937,5809,3078,-4221,5869,0,0,0,-110,-284,60,310.4,2042.2,1.305,0.922,-0.216,-360.000,-39.562,164.000,298.0,1,-0.7865,-0.1169,0.4701,-0.3831,61.8,-56.0,0.0
681791,2026-08-30_09-20-25.793-240,v3.6.25,3.50,12.0,400,1498,-3833,6401,940,-4087,6545,1422,-3978,6450,1908,-4280,6298,0,0,0,486,-302,-152,592.0,3895.0,0.948,0.393,-0.132,-303.984,16.156,82.203,534.3,1,-0.8062,-0.1037,0.4768,-0.3345,53.9,-56.9,0.0
681824,2026-08-30_09-20-25.826-240,v3.6.25,3.50,12.0,400,1498,-3833,6401,180,-3940,6691,1422,-3978,6450,1169,-4136,6569,0,0,0,-253,-158,119,321.1,2112.8,0.764,0.499,0.054,-272.781,1.047,115.922,307.0,1,-0.8202,-0.0855,0.4859,-0.2898,47.5,-57.8,0.0
681852,2026-08-30_09-20-25.854-240,v3.6.25,3.50,12.0,400,873,-3769,6548,180,-3940,6691,794,-3909,6595,1169,-4136,6569,0,0,0,375,-227,-26,439.1,2889.0,0.371,0.390,-0.100,-254.312,-18.391,164.469,406.0,1,-0.8286,-0.0601,0.4988,-0.2468,42.5,-58.9,0.0
682023,2026-08-30_09-20-25.024-240,v3.6.25,3.50,12.0,400,-2266,-4602,5563,-3030,-4638,5281,-2348,-4687,5626,-2269,-4872,5738,0,0,0,79,-185,112,230.2,1514.7,1.314,-0.258,0.156,195.172,-41.781,30.484,230.7,1,-0.8160,-0.0557,0.5027,-0.2799,49.9,-58.4,0.0
682051,2026-08-30_09-20-25.053-240,v3.6.25,3.50,12.0,400,-2657,-4429,5564,-3475,-4556,5075,-2741,-4509,5625,-2752,-4796,5613,0,0,0,-11,-287,-12,287.5,1891.2,1.525,-0.269,0.080,222.672,-17.266,28.938,278.7,1,-0.8030,-0.0502,0.5018,-0.3174,57.3,-56.9,0.0
682090,2026-08-30_09-20-25.091-240,v3.6.25,3.50,12.0,400,-2657,-4429,5564,-3823,-3989,5380,-2741,-4509,5625,-3061,-4230,5968,0,0,0,-320,279,343,545.8,3590.7,1.595,-0.699,0.290,273.938,22.219,-19.422,495.5,1,-0.7902,-0.0500,0.4909,-0.3635,64.2,-54.3,0.0
682141,2026-08-30_09-20-26.143-240,v3.6.25,3.50,12.0,400,-2890,-3861,5913,-3823,-3989,5380,-2980,-3942,5965,-3061,-4230,5968,0,0,0,-81,-288,3,299.2,1968.3,1.181,-0.362,0.059,327.875,69.781,-111.047,288.5,1,-0.7779,-0.0613,0.4651,-0.4180,69.8,-50.8,0.0
682434,2026-08-30_09-20-26.435-240,v3.6.25,3.50,12.0,400,4474,-1681,6015,3402,-1649,6763,4391,-1848,6042,4357,-1840,6089,0,0,0,-34,8,47,58.6,385.2,1.216,1.704,0.675,-208.594,-61.344,70.328,86.6,1,-0.7849,-0.0556,0.4828,-0.3844,66.6,-53.2,0.0
682460,2026-08-30_09-20-26.461-240,v3.6.25,3.50,12.0,400,3921,-1864,6371,3112,-1980,6906,3837,-2032,6397,4098,-2168,6278,0,0,0,261,-136,-119,317.5,2088.5,1.233,1.614,0.208,-290.703,-51.266,105.953,303.9,1,-0.7952,-0.0438,0.5024,-0.3366,61.3,-56.0,0.0
682610,2026-08-30_09-20-26.611-240,v3.6.25,3.50,12.0,400,1255,-2097,7279,350,-2184,7453,1164,-2250,7302,1430,-2379,7280,0,0,0,266,-129,-22,296.4,1950.3,0.508,-0.259,-0.064,-351.984,-49.109,126.906,286.2,1,-0.8057,-0.0275,0.5224,-0.2780,54.4,-59.0,0.0
682667,2026-08-30_09-20-26.668-240,v3.6.25,3.50,12.0,400,-256,-2577,7149,-1361,-2672,7088,-347,-2710,7178,-334,-2880,7215,0,0,0,13,-170,37,174.5,1147.8,0.538,-0.541,0.348,-236.719,-76.906,86.672,183.9,1,-0.8067,-0.0182,0.5407,-0.2380,50.3,-61.8,0.0
682727,2026-08-30_09-20-26.729-240,v3.6.25,3.50,12.0,400,-1980,-4071,6040,-2471,-3447,6397,-2065,-4167,6094,-1546,-3668,6730,0,0,0,519,499,636,960.7,6320.1,0.986,-0.973,0.712,-77.484,-81.188,53.984,843.7,1,-0.8009,-0.0127,0.5548,-0.2249,50.7,-63.4,0.0
682772,2026-08-30_09-20-26.773-240,v3.6.25,3.50,12.0,400,-1980,-4071,6040,-3036,-4230,5615,-2065,-4167,6094,-2228,-4461,6065,0,0,0,-163,-294,-29,337.4,2219.8,1.009,-0.731,0.327,102.469,-60.719,-19.719,320.6,1,-0.7917,-0.0165,0.5600,-0.2433,55.3,-63.5,0.0
682801,2026-08-30_09-20-26.803-240,v3.6.25,3.50,12.0,400,-2268,-4458,5697,-3189,-4557,5318,-2351,-4545,5757,-2424,-4792,5801,0,0,0,-73,-247,44,261.3,1719.0,0.958,-0.036,0.141,173.500,-37.656,-23.812,256.7,1,-0.7818,-0.0193,0.5601,-0.2735,61.2,-62.4,0.0
682841,2026-08-30_09-20-26.843-240,v3.6.25,3.50,12.0,400,-2236,-4389,5794,-3189,-4557,5318,-2319,-4478,5853,-2424,-4792,5801,0,0,0,-105,-314,-52,335.1,2204.9,1.087,0.378,0.094,183.625,-0.188,39.297,318.7,1,-0.7729,-0.0098,0.5569,-0.3039,67.0,-60.1,0.0
682875,2026-08-30_09-20-26.876-240,v3.6.25,3.50,12.0,400,-2236,-4389,5794,-3248,-4311,5481,-2319,-4478,5853,-2461,-4545,5970,0,0,0,-142,-67,117,195.8,1288.2,1.335,0.215,0.274,182.250,32.438,69.594,201.8,1,-0.7656,0.0064,0.5501,-0.3334,71.6,-56.9,0.0
682906,2026-08-30_09-20-26.908-240,v3.6.25,3.50,12.0,400,-2514,-3890,6049,-3248,-4311,5481,-2602,-3979,6100,-2461,-4545,5970,0,0,0,141,-566,-130,597.6,3931.6,1.376,-0.144,0.381,192.297,60.219,68.406,539.0,1,-0.7594,0.0244,0.5385,-0.3642,75.1,-53.1,0.0
683139,2026-08-30_09-20-27.140-240,v3.6.25,3.50,12.0,400,1514,176,7459,-344,-43,7785,1406,23,7454,744,-252,7717,0,0,0,-662,-275,263,763.6,5023.5,0.236,0.981,0.368,167.297,39.359,-147.578,678.3,1,-0.7591,0.0053,0.5186,-0.3935,75.8,-51.5,0.0
683251,2026-08-30_09-20-27.252-240,v3.6.25,3.50,12.0,400,5124,399,5790,3630,555,6841,5026,235,5794,4550,351,6121,0,0,0,-476,116,327,589.0,3875.2,0.532,1.997,0.912,-75.172,-75.156,-4.766,531.8,1,-0.7569,-0.0020,0.5302,-0.3821,75.8,-53.5,0.0
683296,2026-08-30_09-20-27.298-240,v3.6.25,3.50,12.0,400,5124,399,5790,4078,242,6668,5026,235,5794,4976,40,5877,0,0,0,-50,-195,83,217.7,1432.5,0.981,2.111,0.294,-259.703,-73.625,120.141,220.2,1,-0.7604,0.0082,0.5542,-0.3386,73.4,-56.8,0.0
683669,2026-08-30_09-20-27.670-240,v3.6.25,3.50,12.0,400,-4447,-2348,5768,-5313,-2343,4981,-4554,-2402,5803,-4658,-2611,5827,0,0,0,-104,-209,24,234.7,1543.9,1.006,-0.818,0.487,137.281,-23.141,4.719,234.4,1,-0.7509,0.0106,0.5525,-0.3618,77.0,-55.3,0.0
683722,2026-08-30_09-20-27.724-240,v3.6.25,3.50,12.0,400,-4282,-1801,6129,-5313,-2343,4981,-4393,-1862,6155,-4658,-2611,5827,0,0,0,-265,-749,-328,859.5,5654.9,1.327,-0.378,0.244,220.234,32.766,-13.578,758.8,1,-0.7422,0.0149,0.5390,-0.3980,80.4,-52.0,0.0
683771,2026-08-30_09-20-27.773-240,v3.6.25,3.50,12.0,400,-4282,-1801,6129,-5179,-1703,5436,-4393,-1862,6155,-4460,-1967,6247,0,0,0,-67,-105,92,154.8,1018.7,1.156,-0.395,0.478,249.516,80.828,-19.766,167.4,1,-0.7351,0.0219,0.5168,-0.4382,83.0,-47.8,0.0
684129,2026-08-30_09-20-28.130-240,v3.6.25,3.50,12.0,400,4397,3554,5332,3382,3484,6148,4271,3418,5303,4118,3247,5480,0,0,0,-153,-171,177,289.8,1906.5,-0.259,2.154,0.811,-91.859,-11.859,-35.984,280.7,1,-0.7415,0.0138,0.5192,-0.4248,81.2,-49.3,0.0
684155,2026-08-30_09-20-28.156-240,v3.6.25,3.50,12.0,400,4480,3762,5209,3656,3702,5910,4352,3628,5178,4347,3462,5201,0,0,0,-5,-166,23,167.7,1103.0,-0.131,2.030,0.678,-188.500,-32.938,5.562,178.2,1,-0.7499,0.0093,0.5304,-0.3953,78.3,-52.0,0.0
684187,2026-08-30_09-20-28.189-240,v3.6.25,3.50,12.0,400,4480,3762,5209,3656,3702,5910,4352,3628,5178,4347,3462,5201,0,0,0,-5,-166,23,167.7,1103.0,0.089,1.420,0.454,-276.625,-47.812,44.906,178.2,1,-0.7594,0.0087,0.5481,-0.3505,74.2,-55.7,0.0
684360,2026-08-30_09-20-28.361-240,v3.6.25,3.50,12.0,400,132,2818,7243,-762,3302,7060,-1,2696,7209,128,3055,7073,0,0,0,129,359,-136,405.0,2664.4,0.271,0.766,1.371,-87.281,-95.266,-163.172,377.3,1,-0.7597,-0.0250,0.5540,-0.3395,72.3,-59.2,0.0
684396,2026-08-30_09-20-28.397-240,v3.6.25,3.47,12.0,400,132,2818,7243,-934,2553,7345,-1,2696,7209,21,2315,7382,0,0,0,22,-381,173,419.0,2756.7,0.133,1.665,1.010,-117.703,-119.016,-57.891,389.1,1,-0.7558,-0.0437,0.5690,-0.3210,71.4,-62.7,0.0
684720,2026-08-30_09-20-28.721-240,v3.6.25,3.47,12.0,400,-6636,-1979,3216,-7034,-1831,2125,-6754,-1956,3264,-6880,-2158,3330,0,0,0,-126,-202,66,247.1,1625.4,-0.076,-1.841,-0.235,141.406,-67.875,-113.938,244.8,1,-0.7433,-0.0624,0.5687,-0.3466,75.7,-62.7,0.0
685238,2026-08-30_09-20-29.239-240,v3.6.25,3.47,12.0,400,2931,5148,5037,2068,5200,5540,2787,5042,4991,2660,4934,5106,0,0,0,-127,-108,115,202.5,1332.4,0.444,1.791,1.429,8.328,14.344,-94.797,207.4,1,-0.7463,-0.0769,0.5606,-0.3505,73.9,-63.0,0.0
685266,2026-08-30_09-20-29.268-240,v3.6.25,3.47,12.0,400,3461,5181,4693,2715,5210,5237,3318,5075,4649,3256,4943,4700,0,0,0,-62,-132,51,154.5,1016.4,0.633,2.306,1.273,-97.422,28.750,-97.125,167.1,1,-0.7567,-0.0930,0.5522,-0.3373,68.3,-64.0,0.0
685299,2026-08-30_09-20-29.301-240,v3.6.25,3.47,12.0,400,3238,5542,4489,2715,5210,5237,3092,5444,4442,3256,4943,4700,0,0,0,164,-501,258,586.9,3861.2,0.692,1.897,0.943,-230.031,45.281,-80.094,530.0,1,-0.7754,-0.1076,0.5440,-0.3021,57.3,-65.3,0.0
685346,2026-08-30_09-20-29.348-240,v3.6.25,3.47,12.0,400,3238,5542,4489,2384,5711,4955,3092,5444,4442,2866,5434,4480,0,0,0,-226,-10,38,229.4,1509.1,0.094,0.789,0.677,-344.641,41.891,-67.938,230.0,1,-0.7977,-0.1216,0.5365,-0.2471,41.1,-66.4,0.0
685711,2026-08-30_09-20-29.712-240,v3.6.25,3.47,12.0,400,-3075,471,6959,-4068,602,6459,-3200,386,6953,-3224,344,7053,0,0,0,-24,-42,100,111.1,730.8,1.617,-1.010,0.945,51.906,15.344,128.438,130.7,1,-0.7961,-0.0982,0.5398,-0.2553,46.3,-65.5,0.0
685766,2026-08-30_09-20-29.768-240,v3.6.25,3.47,12.0,400,-3751,366,6630,-4803,323,5941,-3878,295,6628,-4042,54,6672,0,0,0,-164,-241,44,294.8,1939.5,1.174,-0.248,0.434,121.906,149.391,112.016,284.9,1,-0.8032,-0.0708,0.5225,-0.2773,51.1,-61.5,0.0
686172,2026-08-30_09-20-30.173-240,v3.6.25,3.47,12.0,400,86,6724,3836,-488,6983,3723,-80,6682,3780,-248,6661,3761,0,0,0,-168,-21,-19,170.4,1120.9,0.828,1.406,0.850,-105.312,42.578,-95.031,180.4,1,-0.8134,-0.0859,0.5126,-0.2614,44.9,-61.5,0.0
686198,2026-08-30_09-20-30.199-240,v3.6.25,3.47,12.0,400,-41,6688,3867,-456,6836,3852,-207,6646,3811,-190,6517,3882,0,0,0,17,-129,71,148.2,975.2,0.549,0.803,0.610,-190.906,90.719,-82.047,161.8,1,-0.8309,-0.0970,0.4967,-0.2314,35.8,-60.5,0.0
686236,2026-08-30_09-20-30.238-240,v3.6.25,3.47,12.0,400,-41,6688,3867,-456,6836,3852,-207,6646,3811,-190,6517,3882,0,0,0,17,-129,71,148.2,975.2,-0.116,-0.039,0.543,-233.734,131.359,-110.594,161.8,1,-0.8521,-0.1107,0.4731,-0.1947,25.5,-58.1,0.0
686405,2026-08-30_09-20-30.406-240,v3.6.25,3.47,12.0,400,-4134,5125,3902,-4065,5971,2659,-4301,5128,3863,-3988,5617,3331,0,0,0,313,489,-532,787.5,5180.7,-0.666,-1.189,1.082,-48.656,-63.844,-162.125,698.3,1,-0.8484,-0.1398,0.4758,-0.1853,20.8,-59.2,0.0
686583,2026-08-30_09-20-30.584-240,v3.6.25,3.47,12.0,400,-2675,3626,6333,-3837,3921,5524,-2825,3559,6295,-3226,3627,6094,0,0,0,-401,68,-201,453.7,2984.7,0.581,-0.913,1.308,203.047,-117.156,-10.125,418.2,1,-0.8299,-0.1452,0.4929,-0.2174,27.4,-61.8,0.0
686817,2026-08-30_09-20-30.818-240,v3.6.25,3.47,12.0,400,1114,5056,5817,150,4599,6362,964,4957,5767,893,4338,6234,0,0,0,-71,-619,467,778.6,5122.7,-0.019,0.345,0.874,-13.891,60.812,176.969,690.9,1,-0.8360,-0.1130,0.4913,-0.2166,30.7,-60.5,0.0
686865,2026-08-30_09-20-30.867-240,v3.6.25,3.47,12.0,400,1114,5056,5817,174,5163,5903,964,4957,5767,827,4891,5781,0,0,0,-137,-66,14,152.7,1004.7,-0.308,-0.860,0.733,45.516,30.047,96.734,165.6,1,-0.8363,-0.0949,0.4906,-0.2255,34.3,-59.7,0.0
686896,2026-08-30_09-20-30.898-240,v3.6.25,3.47,12.0,400,773,5395,5565,-46,5517,5601,620,5306,5512,547,5237,5523,0,0,0,-73,-69,11,101.0,664.8,-0.031,-0.844,0.734,115.656,6.312,-25.250,122.3,1,-0.8319,-0.0982,0.4875,-0.2460,37.9,-59.3,0.0
686935,2026-08-30_09-20-30.937-240,v3.6.25,3.47,12.0,400,1191,5492,5363,-46,5517,5601,1038,5402,5311,547,5237,5523,0,0,0,-491,-165,212,559.7,3682.2,-0.208,0.669,0.634,173.312,-19.453,-132.125,507.2,1,-0.8228,-0.1213,0.4823,-0.2752,41.2,-59.4,0.0
687052,2026-08-30_09-20-30.053-240,v3.6.25,3.47,12.0,400,2897,5114,5186,1812,5346,5510,2753,5005,5139,2396,5077,5120,0,0,0,-357,72,-19,364.7,2399.2,-0.069,1.407,1.105,-151.422,-75.031,143.641,343.5,1,-0.8231,-0.1015,0.5005,-0.2484,39.3,-61.0,0.0
687081,2026-08-30_09-20-30.083-240,v3.6.25,3.47,12.0,400,2320,4725,5876,1881,4932,5952,2177,4609,5829,2549,4673,5540,0,0,0,372,64,-289,475.4,3127.6,-0.326,-0.008,0.642,-193.953,-76.672,130.172,436.4,1,-0.8239,-0.0834,0.5180,-0.2144,35.7,-62.8,0.0
687177,2026-08-30_09-20-31.178-240,v3.6.25,3.47,12.0,400,1374,4278,6411,170,3955,6747,1232,4162,6366,993,3705,6608,0,0,0,-239,-457,242,569.7,3747.9,0.468,0.231,0.843,-83.844,-54.484,-118.297,515.5,1,-0.8230,-0.1060,0.5208,-0.2006,30.2,-64.1,0.0
687228,2026-08-30_09-20-31.230-240,v3.6.25,3.47,12.0,400,1163,3886,6667,170,3955,6747,1023,3766,6624,993,3705,6608,0,0,0,-30,-61,-16,69.8,459.4,0.198,0.281,0.850,-63.188,-49.000,-173.500,96.1,1,-0.8210,-0.1376,0.5202,-0.1906,23.7,-65.1,0.0
687256,2026-08-30_09-20-31.258-240,v3.6.25,3.47,12.0,400,1373,3575,6801,265,3576,7002,1237,3449,6761,1140,3333,6842,0,0,0,-97,-116,81,171.5,1128.6,0.109,0.214,1.164,-40.578,-52.500,-214.234,181.4,1,-0.8166,-0.1758,0.5179,-0.1844,16.8,-65.6,0.0
687285,2026-08-30_09-20-31.286-240,v3.6.25,3.47,12.0,400,1373,3575,6801,265,3576,7002,1237,3449,6761,1140,3333,6842,0,0,0,-97,-116,81,171.5,1128.6,-0.158,-0.006,0.663,7.672,-66.859,-261.656,181.4,1,-0.8067,-0.2217,0.5153,-0.1859,10.1,-66.0,0.0
687315,2026-08-30_09-20-31.317-240,v3.6.25,3.47,12.0,400,1981,3260,6819,866,3201,7095,1849,3125,6783,1766,2966,6832,0,0,0,-83,-159,49,185.9,1223.2,0.109,0.279,0.292,53.188,-72.062,-257.781,193.5,1,-0.7925,-0.2666,0.5130,-0.1940,4.9,-66.4,0.0
687399,2026-08-30_09-20-31.401-240,v3.6.25,3.47,12.0,400,3652,2652,6380,2169,2813,6977,3531,2502,6354,3060,2586,6497,0,0,0,-471,84,143,499.3,3285.2,0.297,1.912,1.238,-96.938,-28.156,82.484,456.5,1,-0.7970,-0.2550,0.5184,-0.1763,2.4,-66.4,0.0
687442,2026-08-30_09-20-31.444-240,v3.6.25,3.47,12.0,400,3652,2652,6380,2471,2539,7046,3531,2502,6354,3380,2317,6513,0,0,0,-151,-185,159,286.9,1887.4,0.167,1.303,0.620,-201.766,6.031,329.422,278.2,1,-0.8133,-0.2020,0.5274,-0.1402,2.1,-66.1,0.0
687599,2026-08-30_09-20-31.600-240,v3.6.25,3.47,12.0,400,-503,2782,7225,-1846,2931,6940,-638,2668,7191,-969,2678,7141,0,0,0,-331,10,-50,334.9,2203.3,-0.158,-0.614,1.358,34.812,-55.453,205.250,318.5,1,-0.8102,-0.1679,0.5432,-0.1428,7.6,-68.1,0.0
687637,2026-08-30_09-20-31.639-240,v3.6.25,3.47,12.0,400,-981,2970,7089,-1846,2931,6940,-1120,2865,7054,-969,2678,7141,0,0,0,151,-187,87,255.6,1681.7,0.152,-1.355,1.295,80.531,-95.812,192.562,252.0,1,-0.8001,-0.1360,0.5641,-0.1522,15.8,-70.7,0.0
687665,2026-08-30_09-20-31.666-240,v3.6.25,3.47,12.0,400,-1483,2828,7061,-2449,2914,6753,-1622,2729,7027,-1604,2655,7060,0,0,0,18,-74,33,83.0,546.1,0.199,-1.404,0.858,124.922,-123.891,113.906,107.1,1,-0.7839,-0.1173,0.5857,-0.1695,26.6,-73.3,0.0
687703,2026-08-30_09-20-31.704-240,v3.6.25,3.47,12.0,400,-1483,2828,7061,-2447,2464,7008,-1622,2729,7027,-1549,2212,7310,0,0,0,73,-517,283,593.9,3907.2,0.039,-0.765,0.749,193.859,-144.891,-32.547,535.9,1,-0.7614,-0.1226,0.6041,-0.2007,39.7,-75.7,0.0
687757,2026-08-30_09-20-31.759-240,v3.6.25,3.47,12.0,400,-1167,2329,7332,-2447,2464,7008,-1301,2220,7302,-1549,2212,7310,0,0,0,-248,-8,8,248.3,1633.3,0.729,1.287,0.395,109.906,-122.609,-54.953,245.8,1,-0.7438,-0.1336,0.6176,-0.2180,48.3,-77.7,0.0
687812,2026-08-30_09-20-31.814-240,v3.6.25,3.47,12.0,400,-78,1546,7607,-1355,1538,7584,-202,1415,7585,-336,1308,7689,0,0,0,-134,-107,104,200.6,1319.4,0.945,0.804,0.590,-112.141,-56.031,11.406,205.8,1,-0.7429,-0.1370,0.6246,-0.1981,41.1,-79.2,0.0
687870,2026-08-30_09-20-31.872-240,v3.6.25,3.47,12.0,400,-329,522,7690,-1142,711,7681,-445,389,7679,-88,489,7749,0,0,0,357,100,70,377.3,2482.2,1.275,0.106,0.284,-237.625,43.219,-11.547,354.1,1,-0.7572,-0.1440,0.6166,-0.1602,19.1,-78.5,0.0
687911,2026-08-30_09-20-31.913-240,v3.6.25,3.47,12.0,400,-329,522,7690,-1683,439,7553,-445,389,7679,-646,214,7717,0,0,0,-201,-175,38,269.2,1771.1,1.429,-0.241,0.277,-262.703,105.484,-42.422,263.4,1,-0.7772,-0.1548,0.5979,-0.1204,0.4,-75.2,0.0
687941,2026-08-30_09-20-31.943-240,v3.6.25,3.47,12.0,400,-1004,650,7609,-2382,721,7320,-1124,527,7597,-1392,486,7607,0,0,0,-268,-41,10,271.3,1784.9,1.246,-0.251,0.551,-269.141,125.859,-65.484,265.1,1,-0.7973,-0.1687,0.5740,-0.0801,348.6,-70.4,0.0
687986,2026-08-30_09-20-31.988-240,v3.6.25,3.47,12.0,400,-1551,1016,7477,-2382,721,7320,-1676,904,7462,-1392,486,7607,0,0,0,284,-418,145,525.7,3458.8,0.299,-1.838,0.667,-195.328,91.234,-139.703,478.7,1,-0.8084,-0.1939,0.5533,-0.0527,341.3,-66.2,0.0
688019,2026-08-30_09-20-31.021-240,v3.6.25,3.47,12.0,400,-1551,1016,7477,-2823,1071,7142,-1676,904,7462,-1871,828,7507,0,0,0,-195,-76,45,214.1,1408.4,-0.427,-0.899,1.110,-70.062,15.562,-240.203,217.1,1,-0.8050,-0.2351,0.5428,-0.0451,335.8,-63.5,0.0
688047,2026-08-30_09-20-31.049-240,v3.6.25,3.47,12.0,400,-1419,1046,7556,-2823,1071,7142,-1543,931,7540,-1871,828,7507,0,0,0,-328,-103,-33,345.4,2272.2,-0.277,0.426,1.273,-36.141,-53.906,-204.094,327.3,1,-0.7941,-0.2703,0.5430,-0.0394,330.4,-62.1,0.0
688073,2026-08-30_09-20-31.075-240,v3.6.25,3.47,12.0,400,-1419,1046,7556,-2129,775,7495,-1543,931,7540,-1110,544,7735,0,0,0,433,-387,195,612.6,4030.3,0.143,0.825,1.119,-51.984,-94.828,-88.984,551.6,1,-0.7832,-0.2866,0.5511,-0.0276,325.1,-61.5,0.0
688220,2026-08-30_09-20-32.221-240,v3.6.25,3.47,12.0,400,-1152,-1214,7462,-2243,-1140,7330,-1257,-1337,7473,-1209,-1360,7597,0,0,0,48,-23,124,134.9,887.8,1.456,-0.201,0.666,151.922,-28.344,41.969,150.7,1,-0.7778,-0.2769,0.5619,-0.0515,327.5,-64.5,0.0
688248,2026-08-30_09-20-32.250-240,v3.6.25,3.47,12.0,400,-1285,-1380,7432,-2501,-1497,7181,-1389,-1502,7445,-1485,-1719,7496,0,0,0,-96,-217,51,242.7,1596.7,1.516,-0.269,0.732,196.328,14.266,34.922,241.1,1,-0.7740,-0.2670,0.5678,-0.0849,333.2,-67.6,0.0
688280,2026-08-30_09-20-32.281-240,v3.6.25,3.47,12.0,400,-1285,-1380,7432,-2501,-1497,7181,-1389,-1502,7445,-1485,-1719,7496,0,0,0,-96,-217,51,242.7,1596.7,1.203,-0.234,0.800,244.266,57.516,1.031,241.1,1,-0.7704,-0.2609,0.5673,-0.1288,343.2,-70.3,0.0
688310,2026-08-30_09-20-32.312-240,v3.6.25,3.47,12.0,400,-1048,-796,7583,-2310,-972,7383,-1156,-922,7588,-1271,-1193,7660,0,0,0,-115,-271,72,303.1,1993.9,0.935,0.017,0.584,263.031,84.859,-16.062,291.8,1,-0.7666,-0.2561,0.5617,-0.1771,357.0,-72.1,0.0
688454,2026-08-30_09-20-32.455-240,v3.6.25,3.47,12.0,400,594,1563,7535,-753,1129,7679,471,1425,7513,291,907,7681,0,0,0,-180,-518,168,573.5,3773.3,-0.131,-0.493,0.611,121.844,-23.219,55.250,518.8,1,-0.7594,-0.2451,0.5701,-0.1958,3.8,-74.1,0.0
688492,2026-08-30_09-20-32.494-240,v3.6.25,3.47,12.0,400,594,1563,7535,-597,1527,7634,471,1425,7513,430,1302,7609,0,0,0,-41,-123,96,161.3,1061.4,0.037,-0.657,0.576,161.578,-82.750,-57.891,172.8,1,-0.7413,-0.2536,0.5809,-0.2207,8.2,-76.7,0.0
688520,2026-08-30_09-20-32.521-240,v3.6.25,3.47,12.0,400,928,1366,7560,58,1007,7748,808,1223,7540,1117,792,7611,0,0,0,309,-431,71,535.1,3520.1,-0.043,0.190,0.662,170.922,-117.547,-90.953,486.5,1,-0.7177,-0.2687,0.5936,-0.2457,11.0,-79.8,0.0
688688,2026-08-30_09-20-32.689-240,v3.6.25,3.47,12.0,400,1429,-1239,7464,548,-1175,7677,1332,-1395,7475,1644,-1373,7463,0,0,0,312,22,-12,313.0,2059.2,1.722,-0.133,0.162,-335.516,27.844,69.531,300.1,1,-0.7412,-0.2645,0.5865,-0.1917,353.8,-76.1,0.0
688805,2026-08-30_09-20-32.806-240,v3.6.25,3.47,12.0,400,-508,-1083,7562,-1666,-1243,7455,-612,-1216,7571,-608,-1457,7622,0,0,0,4,-241,51,246.4,1620.9,-0.151,-0.695,0.995,-129.859,8.688,-64.719,244.2,1,-0.7471,-0.2774,0.5787,-0.1732,347.0,-73.9,0.0
688835,2026-08-30_09-20-32.837-240,v3.6.25,3.47,12.0,400,-875,-949,7573,-2113,-1011,7406,-981,-1077,7580,-1069,-1230,7649,0,0,0,-88,-153,69,189.5,1246.8,-0.055,-0.229,1.069,-61.703,-47.328,-76.391,196.5,1,-0.7433,-0.2923,0.5792,-0.1631,340.8,-73.0,0.0
688863,2026-08-30_09-20-32.864-240,v3.6.25,3.47,12.0,400,-875,-949,7573,-2113,-1011,7406,-981,-1077,7580,-1069,-1230,7649,0,0,0,-88,-153,69,189.5,1246.8,0.085,0.328,0.797,-25.656,-101.828,-42.516,196.5,1,-0.7330,-0.3026,0.5891,-0.1550,333.4,-73.2,0.0
688902,2026-08-30_09-20-32.904-240,v3.6.25,3.47,12.0,400,-589,-1417,7499,-1818,-1574,7381,-691,-1549,7512,-766,-1788,7576,0,0,0,-75,-239,64,258.5,1700.9,0.405,0.295,0.375,0.125,-145.750,9.141,254.4,1,-0.7183,-0.3048,0.6078,-0.1475,323.9,-74.4,0.0
689039,2026-08-30_09-20-32.040-240,v3.6.25,3.47,12.0,400,-1396,-3962,6294,-2053,-3696,6427,-1480,-4070,6345,-1117,-3912,6689,0,0,0,363,158,344,524.5,3450.5,1.784,-0.686,0.463,128.797,-65.219,79.047,477.6,1,-0.7076,-0.2892,0.6237,-0.1633,322.5,-77.7,0.0
689072,2026-08-30_09-20-32.074-240,v3.6.25,3.47,12.0,400,-1396,-3962,6294,-2686,-4121,5914,-1480,-4070,6345,-1828,-4346,6297,0,0,0,-348,-276,-48,446.7,2939.1,1.696,-0.703,0.165,197.750,-29.266,53.375,412.4,1,-0.6958,-0.2742,0.6352,-0.1928,326.0,-81.8,0.0
689101,2026-08-30_09-20-32.102-240,v3.6.25,3.47,12.0,400,-1990,-3957,6185,-2686,-4121,5914,-2076,-4055,6236,-1828,-4346,6297,0,0,0,248,-291,61,387.2,2547.2,1.557,-0.776,-0.022,252.109,-6.297,21.250,362.4,1,-0.6817,-0.2612,0.6425,-0.2329,344.6,-86.1,0.0
689127,2026-08-30_09-20-33.129-240,v3.6.25,3.47,12.0,400,-2174,-3458,6466,-3142,-3808,5905,-2264,-3557,6510,-2294,-4038,6365,0,0,0,-30,-481,-145,503.3,3311.0,1.194,-0.746,-0.086,298.734,8.703,-22.906,459.8,1,-0.6640,-0.2522,0.6448,-0.2822,79.6,-87.1,0.0
689174,2026-08-30_09-20-33.175-240,v3.6.25,3.47,12.0,400,-2174,-3458,6466,-3037,-3103,6462,-2264,-3557,6510,-2109,-3329,6889,0,0,0,155,228,379,468.7,3083.3,0.849,-0.011,-0.043,325.609,26.891,-83.891,430.8,1,-0.6439,-0.2502,0.6392,-0.3379,111.5,-82.9,0.0
689217,2026-08-30_09-20-33.218-240,v3.6.25,3.47,12.0,400,-1640,-2765,6976,-3037,-3103,6462,-1734,-2878,7008,-2109,-3329,6889,0,0,0,-375,-451,-119,598.5,3937.4,0.550,0.989,0.120,226.719,26.516,-77.375,539.7,1,-0.6293,-0.2510,0.6316,-0.3769,117.5,-79.8,0.0
689281,2026-08-30_09-20-33.282-240,v3.6.25,3.47,12.0,400,-720,-2222,7288,-1605,-2178,7308,-815,-2351,7312,-551,-2388,7470,0,0,0,264,-37,158,309.9,2038.7,0.988,0.722,0.451,-30.812,-6.594,-26.094,297.5,1,-0.6311,-0.2563,0.6297,-0.3736,115.9,-80.5,0.0
689331,2026-08-30_09-20-33.333-240,v3.6.25,3.47,12.0,400,-315,-2082,7351,-1605,-2178,7308,-410,-2217,7373,-551,-2388,7470,0,0,0,-141,-171,97,241.9,1591.7,1.392,0.107,0.564,-125.031,-19.719,-81.453,240.5,1,-0.6382,-0.2744,0.6241,-0.3577,107.0,-83.1,0.0
689358,2026-08-30_09-20-33.361-240,v3.6.25,3.47,12.0,400,-153,-2292,7282,-1401,-2405,7264,-246,-2428,7307,-350,-2613,7393,0,0,0,-104,-185,86,229.0,1506.5,1.209,-0.070,0.530,-150.062,-32.688,-124.328,229.6,1,-0.6448,-0.3004,0.6158,-0.3388,79.8,-86.1,0.0
689391,2026-08-30_09-20-33.393-240,v3.6.25,3.44,12.0,400,465,-2678,7073,-1401,-2405,7264,376,-2819,7104,-350,-2613,7393,0,0,0,-726,206,289,808.1,5316.5,1.060,-0.233,0.373,-151.172,-54.969,-174.578,715.6,1,-0.6474,-0.3349,0.6053,-0.3200,8.2,-86.4,0.0
689441,2026-08-30_09-20-33.443-240,v3.6.25,3.44,12.0,400,465,-2678,7073,-722,-2887,7205,376,-2819,7104,330,-3088,7221,0,0,0,-46,-269,117,296.9,1953.5,0.474,0.229,0.216,-119.562,-102.312,-240.125,286.6,1,-0.6398,-0.3802,0.5944,-0.3046,330.0,-82.9,0.0
689621,2026-08-30_09-20-33.622-240,v3.6.25,3.44,12.0,400,5218,-4363,3411,4289,-4394,4497,5159,-4498,3487,4920,-4597,3732,0,0,0,-239,-99,245,356.3,2344.1,0.502,1.434,-0.436,-236.516,-109.125,177.812,336.5,1,-0.6519,-0.3674,0.6120,-0.2559,315.9,-80.4,0.0
689651,2026-08-30_09-20-33.653-240,v3.6.25,3.44,12.0,400,5218,-4363,3411,4360,-4607,4449,5159,-4498,3487,4987,-4809,3674,0,0,0,-172,-311,187,401.6,2642.0,0.419,0.431,-0.391,-245.031,-97.766,230.812,374.5,1,-0.6655,-0.3450,0.6296,-0.2039,307.2,-78.2,0.0
689680,2026-08-30_09-20-33.681-240,v3.6.25,3.44,12.0,400,4691,-4610,3896,4360,-4607,4449,4632,-4749,3971,4987,-4809,3674,0,0,0,355,-60,-297,466.7,3070.6,0.505,-0.270,-0.311,-172.359,-90.281,215.203,429.1,1,-0.6727,-0.3200,0.6465,-0.1646,299.8,-77.2,0.0
689912,2026-08-30_09-20-33.913-240,v3.6.25,3.44,12.0,400,-596,-5700,4982,-1385,-5810,4831,-663,-5798,5062,-673,-6033,5023,0,0,0,-10,-235,-39,238.4,1568.6,1.331,-0.448,-0.011,128.734,112.797,133.172,237.5,1,-0.6829,-0.2899,0.6440,-0.1869,310.4,-81.1,0.0
690209,2026-08-30_09-20-34.210-240,v3.6.25,3.44,12.0,400,-287,2094,7450,-1466,1833,7431,-416,1971,7423,-480,1598,7558,0,0,0,-64,-373,135,401.8,2643.5,0.326,-0.396,1.134,205.422,-85.703,20.812,374.7,1,-0.6623,-0.2811,0.6604,-0.2150,292.3,-84.6,0.0
690235,2026-08-30_09-20-34.236-240,v3.6.25,3.44,12.0,400,287,1917,7524,-1170,2033,7476,160,1784,7498,-181,1799,7551,0,0,0,-341,15,53,345.4,2272.5,0.227,-0.061,0.926,189.562,-133.109,7.062,327.3,1,-0.6359,-0.2765,0.6800,-0.2385,242.1,-85.3,0.0
690382,2026-08-30_09-20-34.383-240,v3.6.25,3.44,12.0,400,1016,-745,7560,-246,-696,7759,914,-896,7565,853,-900,7677,0,0,0,-61,-4,112,127.6,839.5,1.771,1.100,0.136,-230.047,-153.141,25.234,144.5,1,-0.6316,-0.2893,0.6925,-0.1943,257.4,-80.9,0.0
690498,2026-08-30_09-20-34.499-240,v3.6.25,3.44,12.0,400,-477,-3465,6711,-1162,-3274,6871,-562,-3590,6753,-158,-3480,6971,0,0,0,404,110,218,472.1,3105.7,0.750,-0.040,0.175,-306.875,1.922,42.656,433.6,1,-0.6491,-0.2969,0.6852,-0.1449,275.0,-77.3,0.0
690590,2026-08-30_09-20-34.591-240,v3.6.25,3.44,12.0,400,-838,-3844,6471,-1870,-4181,6209,-921,-3961,6519,-960,-4396,6447,0,0,0,-39,-435,-72,442.6,2912.1,-0.056,-0.496,0.059,38.484,-135.297,-148.250,408.9,1,-0.6257,-0.3211,0.6945,-0.1519,267.6,-75.2,0.0
690618,2026-08-30_09-20-34.620-240,v3.6.25,3.44,12.0,400,-342,-4616,5954,-1870,-4181,6209,-417,-4732,6015,-960,-4396,6447,0,0,0,-543,336,432,771.0,5072.1,0.552,-0.186,0.139,133.438,-144.703,-156.281,684.5,1,-0.5954,-0.3416,0.7063,-0.1730,258.2,-73.6,0.0
690678,2026-08-30_09-20-34.680-240,v3.6.25,3.44,12.0,400,454,-5404,5215,-936,-5156,5664,387,-5519,5290,-96,-5367,5759,0,0,0,-483,152,469,690.2,4540.7,1.652,0.578,-0.096,268.484,-47.812,-135.344,616.7,1,-0.5690,-0.3480,0.7123,-0.2186,245.9,-74.3,0.0
690753,2026-08-30_09-20-34.755-240,v3.6.25,3.44,12.0,400,988,-5703,4851,288,-5718,5208,925,-5818,4932,1064,-5925,5107,0,0,0,139,-107,175,247.8,1630.1,1.615,0.260,-0.141,179.094,90.203,-30.719,245.4,1,-0.5677,-0.3380,0.7067,-0.2530,236.3,-76.8,0.0
690791,2026-08-30_09-20-34.793-240,v3.6.25,3.44,12.0,400,1210,-5462,5119,288,-5718,5208,1146,-5584,5196,1064,-5925,5107,0,0,0,-82,-341,-89,361.8,2380.5,1.258,0.177,0.055,212.984,118.047,-73.656,341.1,1,-0.5654,-0.3307,0.6952,-0.2960,221.4,-79.1,0.0
690820,2026-08-30_09-20-34.821-240,v3.6.25,3.44,12.0,400,1483,-4865,5648,389,-5135,5849,1415,-4999,5714,1261,-5335,5715,0,0,0,-154,-336,1,369.6,2431.7,0.858,0.830,0.008,199.734,114.875,-65.547,347.6,1,-0.5628,-0.3227,0.6830,-0.3357,201.7,-80.2,0.0
690857,2026-08-30_09-20-34.859-240,v3.6.25,3.44,12.0,400,1483,-4865,5648,389,-5135,5849,1415,-4999,5714,1261,-5335,5715,0,0,0,-154,-336,1,369.6,2431.7,0.371,1.222,0.017,111.078,77.625,40.719,347.6,1,-0.5641,-0.3061,0.6802,-0.3541,185.5,-79.8,0.0
690911,2026-08-30_09-20-34.913-240,v3.6.25,3.44,12.0,400,1781,-4228,6078,709,-4416,6352,1709,-4372,6134,1651,-4611,6150,0,0,0,-58,-239,16,246.5,1621.4,0.149,-0.548,0.179,19.578,-17.516,111.797,244.3,1,-0.5618,-0.2892,0.6911,-0.3509,181.6,-78.4,0.0
690940,2026-08-30_09-20-34.942-240,v3.6.25,3.44,12.0,400,1203,-4018,6341,72,-4160,6543,1128,-4159,6392,1041,-4358,6444,0,0,0,-87,-199,52,223.3,1469.2,0.449,-0.619,0.313,56.688,-60.953,16.781,224.9,1,-0.5500,-0.2867,0.6990,-0.3560,182.3,-76.7,0.0
690971,2026-08-30_09-20-34.973-240,v3.6.25,3.44,12.0,400,753,-4307,6197,72,-4160,6543,678,-4440,6253,1041,-4358,6444,0,0,0,363,82,191,418.3,2752.0,0.538,0.212,0.207,61.344,-83.531,-53.812,388.5,1,-0.5344,-0.2957,0.7030,-0.3643,185.9,-75.2,0.0
691015,2026-08-30_09-20-34.016-240,v3.6.25,3.44,12.0,400,753,-4307,6197,-327,-4516,6260,678,-4440,6253,601,-4718,6236,0,0,0,-77,-278,-17,289.0,1901.1,1.317,2.165,0.180,-104.609,-96.297,10.750,280.0,1,-0.5312,-0.3063,0.7111,-0.3441,195.8,-75.1,0.0
691045,2026-08-30_09-20-34.047-240,v3.6.25,3.44,12.0,400,975,-4874,5660,-47,-5165,5725,906,-5002,5726,804,-5370,5668,0,0,0,-102,-368,-58,386.3,2541.1,1.522,1.946,-0.362,-257.578,-77.750,120.312,361.6,1,-0.5434,-0.3090,0.7223,-0.2959,209.7,-75.4,0.0
691085,2026-08-30_09-20-34.087-240,v3.6.25,3.44,12.0,400,580,-5348,5298,-47,-5165,5725,513,-5466,5372,804,-5370,5668,0,0,0,291,96,296,426.0,2802.9,1.767,0.741,-0.964,-405.156,-16.406,183.062,395.0,1,-0.5728,-0.3070,0.7260,-0.2247,230.5,-75.9,0.0
691134,2026-08-30_09-20-35.135-240,v3.6.25,3.44,12.0,400,-105,-5544,5148,-626,-5569,5271,-172,-5651,5225,156,-5782,5323,0,0,0,328,-131,98,366.5,2411.4,1.658,-0.549,-0.687,-372.109,55.578,116.500,345.1,1,-0.6044,-0.3082,0.7157,-0.1654,251.8,-75.3,0.0
691171,2026-08-30_09-20-35.173-240,v3.6.25,3.44,12.0,400,-105,-5544,5148,-1172,-5617,5160,-172,-5651,5225,-408,-5834,5308,0,0,0,-236,-183,83,310.0,2039.2,1.138,-0.632,-0.274,-286.719,64.531,50.234,297.6,1,-0.6284,-0.3135,0.7013,-0.1228,267.2,-73.4,0.0
691199,2026-08-30_09-20-35.200-240,v3.6.25,3.44,12.0,400,-296,-5455,5261,-1172,-5617,5160,-364,-5562,5336,-408,-5834,5308,0,0,0,-44,-272,-28,277.0,1822.1,0.607,-0.749,0.064,-200.547,40.281,-3.781,269.9,1,-0.6421,-0.3226,0.6890,-0.0948,275.8,-71.1,0.0
691228,2026-08-30_09-20-35.231-240,v3.6.25,3.44,12.0,400,-296,-5455,5261,-1113,-5492,5310,-364,-5562,5336,-326,-5708,5444,0,0,0,38,-146,108,185.5,1220.6,0.208,-0.684,0.094,-106.172,0.375,-45.312,193.2,1,-0.6446,-0.3342,0.6828,-0.0813,278.8,-69.2,0.0
691261,2026-08-30_09-20-35.262-240,v3.6.25,3.44,12.0,400,-60,-5400,5295,-1113,-5492,5310,-128,-5510,5369,-326,-5708,5444,0,0,0,-198,-198,75,289.9,1907.1,0.174,-0.336,0.033,3.391,-44.812,-73.922,280.7,1,-0.6359,-0.3456,0.6850,-0.0836,277.4,-68.3,0.0
691291,2026-08-30_09-20-35.293-240,v3.6.25,3.44,12.0,400,367,-5593,5054,-651,-5620,5243,301,-5704,5132,127,-5833,5300,0,0,0,-174,-129,168,274.1,1803.4,0.497,-0.170,0.117,94.609,-64.750,-77.062,267.5,1,-0.6207,-0.3535,0.6928,-0.0990,273.2,-68.4,0.0
691330,2026-08-30_09-20-35.331-240,v3.6.25,3.44,12.0,400,367,-5593,5054,-229,-5954,4869,301,-5704,5132,493,-6168,4865,0,0,0,192,-464,-267,568.7,3741.6,1.126,0.119,0.144,210.391,-42.750,-95.875,514.7,1,-0.6013,-0.3576,0.7018,-0.1342,266.5,-70.1,0.0
691377,2026-08-30_09-20-35.379-240,v3.6.25,3.44,12.0,400,662,-5870,4683,-229,-5954,4869,600,-5979,4767,493,-6168,4865,0,0,0,-107,-189,98,238.3,1567.6,1.653,0.802,-0.031,256.859,30.047,-80.125,237.4,1,-0.5880,-0.3545,0.7044,-0.1799,258.8,-72.9,0.0
691406,2026-08-30_09-20-35.408-240,v3.6.25,3.44,12.0,400,820,-5890,4674,-19,-6024,4818,758,-6001,4759,697,-6237,4779,0,0,0,-61,-236,20,244.6,1609.0,1.792,1.187,-0.218,230.719,77.562,-24.781,242.7,1,-0.5830,-0.3424,0.7028,-0.2211,249.0,-76.1,0.0
691439,2026-08-30_09-20-35.440-240,v3.6.25,3.44,12.0,400,763,-5485,5179,-19,-6024,4818,698,-5603,5255,697,-6237,4779,0,0,0,-1,-634,-476,792.8,5215.8,1.679,0.689,-0.092,193.844,110.375,33.141,702.8,1,-0.5851,-0.3218,0.6992,-0.2553,234.5,-79.3,0.0
691485,2026-08-30_09-20-35.487-240,v3.6.25,3.44,12.0,400,763,-5485,5179,-169,-5594,5403,698,-5603,5255,637,-5802,5375,0,0,0,-61,-199,120,240.3,1580.6,1.108,0.535,0.257,168.172,114.578,71.172,239.1,1,-0.5896,-0.2964,0.6959,-0.2834,211.2,-81.3,0.0
691551,2026-08-30_09-20-35.553-240,v3.6.25,3.44,12.0,400,-175,-4010,6477,-703,-4708,6137,-254,-4136,6527,207,-4913,6180,0,0,0,461,-777,-347,967.8,6367.2,0.591,0.142,0.359,107.688,24.734,125.281,849.7,1,-0.5876,-0.2701,0.7035,-0.2946,191.7,-80.4,0.0
691591,2026-08-30_09-20-35.593-240,v3.6.25,3.44,12.0,400,-175,-4010,6477,-1499,-3956,6466,-254,-4136,6527,-549,-4166,6634,0,0,0,-295,-30,107,315.2,2073.9,0.344,-0.452,0.200,82.250,-53.656,86.672,302.0,1,-0.5765,-0.2546,0.7159,-0.3005,185.0,-78.1,0.0
691620,2026-08-30_09-20-35.621-240,v3.6.25,3.44,12.0,400,-959,-3743,6530,-2279,-3915,6220,-1043,-3860,6577,-1373,-4134,6526,0,0,0,-330,-274,-51,431.9,2841.7,0.494,-0.274,0.222,60.812,-96.875,37.891,400.0,1,-0.5607,-0.2498,0.7286,-0.3039,185.4,-75.7,0.0
691672,2026-08-30_09-20-35.673-240,v3.6.25,3.44,12.0,400,-1399,-4135,6211,-2279,-3915,6220,-1481,-4242,6264,-1373,-4134,6526,0,0,0,108,108,262,303.3,1995.2,1.154,0.564,0.045,-51.766,-121.484,-6.938,292.0,1,-0.5488,-0.2601,0.7389,-0.2918,193.7,-74.3,0.0
691701,2026-08-30_09-20-35.703-240,v3.6.25,3.44,12.0,400,-1505,-4862,5583,-2507,-4563,5647,-1582,-4958,5649,-1685,-4788,6007,0,0,0,-103,170,358,409.5,2693.9,1.424,0.573,-0.099,-134.531,-100.188,-19.297,381.1,1,-0.5446,-0.2762,0.7448,-0.2692,204.9,-73.7,0.0
691786,2026-08-30_09-20-35.787-240,v3.6.25,3.44,12.0,400,-1263,-5544,4994,-2289,-5381,4961,-1334,-5634,5072,-1565,-5610,5302,0,0,0,-231,24,230,326.9,2150.4,1.996,0.187,-0.212,-273.234,9.703,-51.438,311.8,1,-0.5622,-0.3003,0.7344,-0.2331,223.7,-75.0,0.0
691815,2026-08-30_09-20-35.817-240,v3.6.25,3.44,12.0,400,-616,-5900,4708,-1658,-5928,4643,-682,-5993,4792,-976,-6154,4886,0,0,0,-294,-161,94,348.1,2290.3,1.818,0.245,-0.144,-281.094,35.359,-50.047,329.6,1,-0.5824,-0.3229,0.7197,-0.1966,244.3,-74.8,0.0
691913,2026-08-30_09-20-35.915-240,v3.6.25,3.44,12.0,400,874,-5923,4612,28,-6005,4777,813,-6033,4697,736,-6218,4731,0,0,0,-77,-185,34,203.2,1337.2,0.119,-0.442,-0.093,-80.844,-49.062,-81.922,208.0,1,-0.5780,-0.3408,0.7174,-0.1875,249.9,-73.2,0.0
691966,2026-08-30_09-20-35.967-240,v3.6.25,3.44,12.0,400,1370,-6237,3983,28,-6005,4777,1313,-6342,4076,736,-6218,4731,0,0,0,-577,124,655,881.7,5800.4,0.343,0.408,-0.169,24.141,-107.953,-51.156,777.4,1,-0.5615,-0.3503,0.7257,-0.1880,247.4,-71.2,0.0
692011,2026-08-30_09-20-35.013-240,v3.6.25,3.44,12.0,400,1370,-6237,3983,626,-6373,4191,1313,-6342,4076,1243,-6590,4059,0,0,0,-70,-248,-17,258.2,1699.0,1.100,0.763,0.088,84.422,-101.938,-10.219,254.2,1,-0.5434,-0.3497,0.7378,-0.1954,241.5,-69.8,0.0
692082,2026-08-30_09-20-35.083-240,v3.6.25,3.44,12.0,400,784,-6978,2878,658,-6857,3345,731,-7057,2987,1142,-7083,3229,0,0,0,411,-26,242,477.7,3142.5,1.646,0.615,-0.054,76.406,-8.094,132.312,438.3,1,-0.5425,-0.3252,0.7488,-0.1982,233.7,-70.3,0.0
692116,2026-08-30_09-20-36.118-240,v3.6.25,3.44,12.0,400,784,-6978,2878,-31,-7050,2994,731,-7057,2987,396,-7285,3003,0,0,0,-335,-228,16,405.5,2668.0,1.377,-0.124,-0.104,112.000,16.719,139.703,377.8,1,-0.5426,-0.2960,0.7583,-0.2072,223.5,-71.0,0.0
692256,2026-08-30_09-20-36.258-240,v3.6.25,3.44,12.0,400,-2090,-6140,3976,-2428,-6406,3417,-2159,-6202,4068,-1945,-6653,3821,0,0,0,214,-451,-247,557.0,3664.2,0.775,0.536,-0.285,209.562,-5.594,-5.547,504.9,1,-0.5297,-0.2823,0.7634,-0.2387,212.5,-70.6,0.0
692282,2026-08-30_09-20-36.283-240,v3.6.25,3.44,12.0,400,-2429,-5723,4345,-3020,-5868,3917,-2502,-5786,4429,-2465,-6115,4408,0,0,0,37,-329,-21,331.7,2182.5,0.687,0.652,-0.119,126.109,-31.438,37.094,315.9,1,-0.5188,-0.2691,0.7708,-0.2535,205.6,-69.4,0.0
692324,2026-08-30_09-20-36.325-240,v3.6.25,3.44,12.0,400,-2429,-5723,4345,-3521,-5620,3744,-2502,-5786,4429,-3001,-5874,4324,0,0,0,-499,-88,-105,517.5,3404.4,0.580,-0.009,-0.107,12.109,-73.750,40.641,471.7,1,-0.5091,-0.2650,0.7800,-0.2496,205.0,-67.9,0.0
692372,2026-08-30_09-20-36.374-240,v3.6.25,3.44,12.0,400,-2925,-5644,4106,-3521,-5620,3744,-3001,-5696,4191,-3001,-5874,4324,0,0,0,0,-178,133,222.2,1461.8,1.156,0.334,-0.286,-94.812,-79.406,-6.500,223.9,1,-0.5041,-0.2759,0.7845,-0.2332,210.2,-66.9,0.0
692399,2026-08-30_09-20-36.401-240,v3.6.25,3.44,12.0,400,-3047,-5985,3525,-3686,-5924,3112,-3120,-6026,3618,-3268,-6187,3735,0,0,0,-148,-161,117,248.0,1631.7,1.373,0.231,-0.481,-164.062,-59.969,-8.078,245.6,1,-0.5055,-0.2911,0.7852,-0.2078,217.7,-66.2,0.0
692432,2026-08-30_09-20-36.433-240,v3.6.25,3.44,12.0,400,-3047,-5985,3525,-3686,-5924,3112,-3120,-6026,3618,-3268,-6187,3735,0,0,0,-148,-161,117,248.0,1631.7,1.660,-0.171,-0.525,-221.906,-21.406,-12.469,245.6,1,-0.5147,-0.3095,0.7799,-0.1761,227.2,-65.8,0.0
692458,2026-08-30_09-20-36.460-240,v3.6.25,3.44,12.0,400,-2687,-6497,2872,-3227,-6486,2497,-2755,-6532,2975,-2901,-6752,3058,0,0,0,-146,-220,83,276.8,1820.9,1.699,-0.259,-0.667,-241.719,12.188,-24.266,269.7,1,-0.5284,-0.3294,0.7691,-0.1440,237.6,-65.2,0.0
692491,2026-08-30_09-20-36.492-240,v3.6.25,3.44,12.0,400,-1917,-6899,2630,-3227,-6486,2497,-1979,-6940,2740,-2901,-6752,3058,0,0,0,-922,188,318,993.3,6534.6,1.760,-0.052,-0.673,-246.828,49.375,-47.969,871.0,1,-0.5455,-0.3516,0.7521,-0.1146,248.7,-64.3,0.0
692638,2026-08-30_09-20-36.639-240,v3.6.25,3.44,12.0,400,62,-6976,2977,-316,-7009,3116,6,-7048,3086,131,-7244,3171,0,0,0,125,-196,85,247.5,1628.4,0.140,-0.003,-0.089,-191.750,-17.016,58.219,245.2,1,-0.5550,-0.3551,0.7478,-0.0822,253.3,-62.7,0.0
692676,2026-08-30_09-20-36.678-240,v3.6.25,3.44,12.0,400,479,-6947,2940,37,-7062,2961,424,-7024,3049,459,-7297,2960,0,0,0,35,-273,-89,289.3,1903.1,0.164,-0.323,-0.265,-108.391,-69.156,15.875,280.2,1,-0.5512,-0.3599,0.7502,-0.0619,254.2,-60.6,0.0
692720,2026-08-30_09-20-36.722-240,v3.6.25,3.44,12.0,400,638,-7117,2475,37,-7062,2961,585,-7187,2589,459,-7297,2960,0,0,0,-126,-110,371,407.0,2677.4,0.481,-0.041,-0.211,-3.109,-107.938,-32.234,379.0,1,-0.5359,-0.3654,0.7590,-0.0576,252.2,-58.8,0.0
692751,2026-08-30_09-20-36.753-240,v3.6.25,3.44,12.0,400,638,-7117,2475,271,-7284,2209,585,-7187,2589,570,-7528,2186,0,0,0,-15,-341,-403,528.1,3474.5,0.994,-0.073,-0.040,66.609,-107.078,-42.766,480.7,1,-0.5169,-0.3677,0.7704,-0.0643,248.7,-57.5,0.0
692836,2026-08-30_09-20-36.838-240,v3.6.25,3.44,12.0,400,313,-7535,1091,219,-7526,1327,262,-7576,1219,373,-7782,1335,0,0,0,111,-206,116,261.2,1718.3,1.733,0.246,-0.524,156.609,-12.797,70.828,256.6,1,-0.5123,-0.3457,0.7819,-0.0819,242.7,-59.1,0.0
692901,2026-08-30_09-20-36.902-240,v3.6.25,3.44,12.0,400,-544,-7532,1119,-523,-7527,1019,-597,-7563,1247,-422,-7793,1160,0,0,0,175,-230,-87,301.8,1985.6,1.314,-0.766,-0.819,290.156,31.625,-33.750,290.7,1,-0.5023,-0.3277,0.7897,-0.1295,234.1,-61.4,0.0
692956,2026-08-30_09-20-36.958-240,v3.6.25,3.44,12.0,400,-1541,-7283,1623,-1698,-7314,1310,-1599,-7310,1744,-1553,-7584,1643,0,0,0,46,-274,-101,295.6,1944.9,0.786,0.004,-0.958,324.094,45.781,-112.969,285.5,1,-0.4881,-0.3172,0.7910,-0.1883,224.6,-63.1,0.0
693060,2026-08-30_09-20-36.061-240,v3.6.25,3.44,12.0,400,-2441,-6383,3345,-3048,-6353,3016,-2509,-6429,3444,-2636,-6611,3534,0,0,0,-127,-182,90,239.5,1575.6,0.704,0.134,-0.139,77.266,-22.312,-6.375,238.4,1,-0.4807,-0.3123,0.7948,-0.1992,221.7,-62.7,0.0
693086,2026-08-30_09-20-36.087-240,v3.6.25,3.44,12.0,400,-2710,-6132,3583,-3354,-6114,3133,-2781,-6179,3677,-2927,-6373,3700,0,0,0,-146,-194,23,243.9,1604.5,0.754,0.170,-0.128,31.094,-42.750,-19.406,242.1,1,-0.4726,-0.3136,0.7980,-0.2035,220.8,-61.9,0.0
693133,2026-08-30_09-20-37.135-240,v3.6.25,3.44,12.0,400,-2765,-6213,3408,-3354,-6114,3133,-2836,-6256,3504,-2927,-6373,3700,0,0,0,-91,-117,196,245.7,1616.7,1.014,0.393,-0.312,-69.891,-66.375,-26.578,243.7,1,-0.4669,-0.3248,0.7996,-0.1927,223.9,-60.7,0.0
693166,2026-08-30_09-20-37.168-240,v3.6.25,3.44,12.0,400,-2765,-6213,3408,-3271,-6292,2851,-2836,-6256,3504,-2889,-6554,3411,0,0,0,-53,-298,-93,316.6,2083.2,1.092,0.163,-0.539,-145.281,-73.234,-15.516,303.2,1,-0.4646,-0.3404,0.7996,-0.1700,228.9,-59.2,0.0
693194,2026-08-30_09-20-37.196-240,v3.6.25,3.44,12.0,400,-2529,-6586,2840,-3271,-6292,2851,-2596,-6622,2945,-2889,-6554,3411,0,0,0,-293,68,466,554.6,3649.0,1.172,0.045,-0.684,-186.875,-72.188,-22.516,502.9,1,-0.4641,-0.3599,0.7968,-0.1421,234.9,-57.3,0.0
693222,2026-08-30_09-20-37.224-240,v3.6.25,3.44,12.0,400,-2529,-6586,2840,-2788,-6779,2156,-2596,-6622,2945,-2513,-7046,2652,0,0,0,83,-424,-293,522.0,3434.4,1.299,0.249,-0.715,-209.188,-67.328,-41.453,475.6,1,-0.4641,-0.3832,0.7907,-0.1125,241.2,-55.1,0.0
693250,2026-08-30_09-20-37.251-240,v3.6.25,3.44,12.0,400,-1985,-7061,2060,-2788,-6779,2156,-2046,-7091,2176,-2513,-7046,2652,0,0,0,-467,45,476,668.3,4397.0,1.136,0.646,-0.799,-244.641,-61.969,-25.344,598.4,1,-0.4666,-0.4063,0.7818,-0.0769,247.4,-52.4,0.0
693424,2026-08-30_09-20-37.425-240,v3.6.25,3.44,12.0,400,566,-7609,274,291,-7600,505,517,-7638,409,306,-7868,520,0,0,0,-211,-230,111,331.3,2179.4,0.471,0.063,-0.461,-117.031,-40.078,92.391,315.5,1,-0.4719,-0.4023,0.7828,-0.0515,248.3,-51.3,0.0
693450,2026-08-30_09-20-37.451-240,v3.6.25,3.44,12.0,400,903,-7603,23,831,-7570,273,855,-7631,159,807,-7839,202,0,0,0,-48,-208,43,217.8,1432.6,0.678,-0.462,-0.321,-39.719,-42.312,71.312,220.2,1,-0.4720,-0.3952,0.7871,-0.0385,247.5,-50.7,0.0
693485,2026-08-30_09-20-37.488-240,v3.6.25,3.44,12.0,400,903,-7603,23,831,-7570,273,855,-7631,159,807,-7839,202,0,0,0,-48,-208,43,217.8,1432.6,1.030,-0.593,-0.314,102.656,-40.438,-5.297,220.2,1,-0.4621,-0.3876,0.7960,-0.0515,244.4,-50.9,0.0
693527,2026-08-30_09-20-37.529-240,v3.6.25,3.44,12.0,400,760,-7620,-179,724,-7604,-38,711,-7642,-40,647,-7878,-82,0,0,0,-64,-236,-42,248.1,1632.3,1.038,-0.195,-0.682,223.141,-22.141,-41.641,245.7,1,-0.4474,-0.3748,0.8075,-0.0853,238.9,-51.9,0.0
693555,2026-08-30_09-20-37.557-240,v3.6.25,3.44,12.0,400,51,-7669,-305,-40,-7616,-262,0,-7680,-165,-155,-7898,-171,0,0,0,-155,-218,-6,267.6,1760.2,1.039,-0.445,-0.800,284.453,-7.672,-57.312,262.0,1,-0.4302,-0.3581,0.8185,-0.1297,231.8,-52.9,0.0
693888,2026-08-30_09-20-37.889-240,v3.6.25,3.44,12.0,400,-3993,-6587,-43,-4110,-6372,-494,-4065,-6550,81,-4297,-6691,288,0,0,0,-232,-141,207,341.4,2246.1,0.932,0.199,-0.863,-122.203,-70.016,-69.328,324.0,1,-0.4236,-0.3789,0.8147,-0.1154,235.7,-51.0,0.0
693916,2026-08-30_09-20-37.918-240,v3.6.25,3.44,12.0,400,-3472,-6878,-612,-3539,-6687,-1052,-3540,-6837,-479,-3814,-7009,-351,0,0,0,-274,-172,128,347.9,2288.9,0.951,-0.007,-0.828,-157.250,-49.109,-55.438,329.4,1,-0.4220,-0.4001,0.8078,-0.0966,240.2,-49.4,0.0
693955,2026-08-30_09-20-37.956-240,v3.6.25,3.44,12.0,400,-3472,-6878,-612,-3539,-6687,-1052,-3540,-6837,-479,-3814,-7009,-351,0,0,0,-274,-172,128,347.9,2288.9,0.835,-0.250,-0.683,-151.562,-20.953,-85.688,329.4,1,-0.4221,-0.4240,0.7969,-0.0830,244.9,-48.0,0.0
694010,2026-08-30_09-20-37.012-240,v3.6.25,3.44,12.0,400,-2702,-7182,-1076,-2625,-7012,-1451,-2765,-7143,-936,-2959,-7333,-895,0,0,0,-194,-190,41,274.6,1806.7,0.656,0.246,-0.790,-103.906,11.000,-121.781,267.9,1,-0.4221,-0.4480,0.7840,-0.0810,249.1,-47.2,0.0
694124,2026-08-30_09-20-38.125-240,v3.6.25,3.44,12.0,400,-307,-7645,-727,-701,-7487,-1176,-358,-7644,-584,-975,-7789,-952,0,0,0,-617,-145,-368,732.9,4821.7,0.920,-0.111,-0.781,-80.312,89.734,93.250,652.5,1,-0.4442,-0.4401,0.7771,-0.0707,250.7,-48.8,0.0
694167,2026-08-30_09-20-38.168-240,v3.6.25,3.44,12.0,400,-307,-7645,-727,-136,-7596,-562,-358,-7644,-584,-302,-7884,-448,0,0,0,56,-240,136,281.5,1851.9,0.922,0.036,-0.539,49.578,94.609,87.859,273.7,1,-0.4601,-0.4225,0.7769,-0.0786,249.4,-51.4,0.0
694765,2026-08-30_09-20-38.766-240,v3.6.25,3.47,12.0,400,-315,-7555,-1547,-455,-7316,-1986,-367,-7538,-1399,-871,-7630,-1784,0,0,0,-504,-92,-385,640.9,4216.2,-0.044,-0.612,-0.759,-86.156,55.953,64.359,575.3,1,-0.4751,-0.4187,0.7710,-0.0673,251.2,-52.1,0.0
694800,2026-08-30_09-20-38.802-240,v3.6.25,3.47,12.0,400,-315,-7555,-1547,81,-7498,-1324,-367,-7538,-1399,-217,-7797,-1228,0,0,0,150,-259,171,344.7,2267.8,0.258,-0.103,-0.534,-5.672,32.969,-17.953,326.7,1,-0.4789,-0.4205,0.7673,-0.0716,252.0,-52.7,0.0
694828,2026-08-30_09-20-38.830-240,v3.6.25,3.47,12.0,400,33,-7607,-1235,81,-7498,-1324,-17,-7600,-1089,-217,-7797,-1228,0,0,0,-200,-197,-139,313.3,2060.9,1.016,-0.271,-0.206,54.172,34.078,-46.859,300.3,1,-0.4784,-0.4220,0.7653,-0.0860,251.7,-53.6,0.0
694857,2026-08-30_09-20-38.859-240,v3.6.25,3.47,12.0,400,39,-7634,-950,260,-7545,-1022,-11,-7633,-806,14,-7838,-964,0,0,0,25,-205,-158,260.0,1710.7,1.481,-0.573,-0.091,135.703,49.578,-78.734,255.7,1,-0.4737,-0.4215,0.7646,-0.1152,249.9,-55.2,0.0
694906,2026-08-30_09-20-38.908-240,v3.6.25,3.47,12.0,400,39,-7634,-950,-134,-7593,-541,-11,-7633,-806,-297,-7880,-428,0,0,0,-286,-247,378,534.5,3516.4,1.362,-0.235,-0.501,232.344,71.328,-95.594,486.0,1,-0.4652,-0.4150,0.7652,-0.1605,245.4,-57.7,0.0
695004,2026-08-30_09-20-38.005-240,v3.6.25,3.47,12.0,400,-1044,-7551,550,-983,-7549,267,-1098,-7565,682,-1010,-7829,504,0,0,0,88,-264,-178,330.3,2173.3,0.532,0.643,-0.681,218.688,5.734,-38.312,314.7,1,-0.4510,-0.4029,0.7724,-0.1942,239.0,-58.6,0.0
695061,2026-08-30_09-20-38.063-240,v3.6.25,3.47,12.0,400,-1699,-7322,1228,-1835,-7337,978,-1757,-7340,1353,-1747,-7613,1342,0,0,0,10,-273,-11,273.4,1798.7,0.280,0.606,-0.808,60.984,-74.500,48.531,266.9,1,-0.4396,-0.3935,0.7838,-0.1937,235.8,-57.3,0.0
695090,2026-08-30_09-20-38.091-240,v3.6.25,3.47,12.0,400,-2346,-7163,1164,-2600,-7105,833,-2408,-7171,1287,-2543,-7389,1329,0,0,0,-135,-218,42,259.8,1709.4,0.610,0.397,-0.660,-40.797,-95.594,68.719,255.5,1,-0.4323,-0.3901,0.7935,-0.1768,235.4,-55.5,0.0
695176,2026-08-30_09-20-39.178-240,v3.6.25,3.47,12.0,400,-2395,-7340,-422,-2821,-7076,-217,-2456,-7318,-285,-2944,-7378,342,0,0,0,-488,-60,627,796.8,5242.0,1.754,-0.321,-0.829,-211.344,-4.234,1.375,706.1,1,-0.4445,-0.4066,0.7842,-0.1487,241.5,-54.9,0.0
695373,2026-08-30_09-20-39.374-240,v3.6.25,3.47,12.0,400,746,-7616,-145,1050,-7549,13,697,-7639,-6,981,-7821,-88,0,0,0,284,-182,-82,347.1,2283.8,0.123,-0.060,-0.339,-88.688,-82.391,-2.562,328.8,1,-0.4384,-0.4152,0.7861,-0.1323,243.2,-53.0,0.0
695411,2026-08-30_09-20-39.413-240,v3.6.25,3.47,12.0,400,1261,-7548,-493,1050,-7549,13,1213,-7570,-353,981,-7821,-88,0,0,0,-232,-251,265,432.5,2845.3,-0.030,0.432,-0.931,-51.109,-139.359,-4.828,400.4,1,-0.4223,-0.4225,0.7936,-0.1160,243.4,-50.2,0.0
695536,2026-08-30_09-20-39.538-240,v3.6.25,3.47,12.0,400,1177,-7042,-3095,1631,-6899,-2844,1125,-7012,-2943,1061,-7216,-2976,0,0,0,-64,-204,-33,216.3,1423.3,1.408,-0.048,-0.495,-16.344,-22.344,102.438,219.0,1,-0.4258,-0.4101,0.7998,-0.1044,242.0,-50.1,0.0
695591,2026-08-30_09-20-39.593-240,v3.6.25,3.47,12.0,400,902,-7169,-2754,1631,-6899,-2844,850,-7142,-2603,1061,-7216,-2976,0,0,0,211,-74,-373,434.9,2861.1,0.817,0.007,-0.850,96.094,65.281,70.031,402.4,1,-0.4339,-0.3908,0.8033,-0.1171,238.9,-52.1,0.0
695637,2026-08-30_09-20-39.639-240,v3.6.25,3.47,12.0,400,902,-7169,-2754,1319,-7047,-2589,850,-7142,-2603,796,-7361,-2674,0,0,0,-54,-219,-71,236.5,1555.7,0.968,0.205,-0.763,144.344,113.828,68.906,235.9,1,-0.4459,-0.3663,0.8047,-0.1394,234.3,-55.1,0.0
695877,2026-08-30_09-20-39.878-240,v3.6.25,3.47,12.0,400,-2454,-6817,2294,-2543,-6936,1862,-2519,-6844,2405,-2314,-7205,2324,0,0,0,205,-361,-81,423.0,2782.7,0.712,-0.077,-0.347,-5.578,-65.328,70.250,392.4,1,-0.4402,-0.3581,0.8132,-0.1295,232.8,-54.0,0.0
695906,2026-08-30_09-20-39.908-240,v3.6.25,3.47,12.0,400,-2963,-6787,1827,-3193,-6717,1627,-3030,-6799,1941,-3010,-6995,2204,0,0,0,20,-196,263,328.6,2161.9,1.055,-0.423,-0.381,-45.438,-76.031,-1.688,313.2,1,-0.4318,-0.3632,0.8169,-0.1195,233.5,-52.4,0.0
695956,2026-08-30_09-20-39.958-240,v3.6.25,3.47,12.0,400,-2963,-6787,1827,-3119,-6898,985,-3030,-6799,1941,-3041,-7184,1565,0,0,0,-11,-385,-376,538.3,3541.2,1.424,0.175,-0.512,-132.422,-51.000,-85.766,489.2,1,-0.4274,-0.3866,0.8103,-0.1062,237.9,-50.8,0.0
695995,2026-08-30_09-20-39.997-240,v3.6.25,3.47,12.0,400,-2652,-7074,1268,-3119,-6898,985,-2715,-7080,1389,-3041,-7184,1565,0,0,0,-326,-104,176,384.8,2531.6,1.677,0.103,-0.741,-226.094,-10.953,-73.703,360.4,1,-0.4334,-0.4151,0.7957,-0.0818,244.6,-49.3,0.0
696056,2026-08-30_09-20-39.058-240,v3.6.25,3.47,12.0,400,-1721,-7433,854,-2130,-7316,655,-1778,-7444,982,-2098,-7599,1076,0,0,0,-320,-155,94,367.8,2419.6,1.753,0.230,-0.701,-288.781,59.578,-38.672,346.1,1,-0.4533,-0.4422,0.7723,-0.0510,252.7,-48.2,0.0
696110,2026-08-30_09-20-39.111-240,v3.6.25,3.47,12.0,400,-326,-7556,813,-594,-7574,809,-378,-7584,943,-528,-7843,967,0,0,0,-150,-259,24,300.3,1975.4,0.708,0.186,-0.557,-264.844,49.266,23.859,289.4,1,-0.4735,-0.4578,0.7522,-0.0178,258.9,-46.8,0.0
696171,2026-08-30_09-20-40.173-240,v3.6.25,3.47,12.0,400,1780,-7285,1198,823,-7457,1401,1732,-7345,1323,989,-7709,1305,0,0,0,-743,-364,-18,827.6,5444.5,0.119,-0.423,-0.253,-126.344,-44.094,10.469,732.0,1,-0.4736,-0.4649,0.7480,0.0027,260.3,-44.9,0.0
696215,2026-08-30_09-20-40.216-240,v3.6.25,3.47,12.0,400,1780,-7285,1198,1566,-7309,1553,1732,-7345,1323,1755,-7555,1327,0,0,0,23,-210,4,211.3,1390.1,0.091,0.395,-0.735,-42.672,-108.234,-6.016,214.8,1,-0.4611,-0.4677,0.7539,0.0160,259.2,-42.9,0.0
696243,2026-08-30_09-20-40.245-240,v3.6.25,3.47,12.0,400,2049,-7302,624,1877,-7342,802,2002,-7355,753,1939,-7598,541,0,0,0,-63,-243,-212,328.6,2161.7,0.578,0.629,-0.573,-15.234,-124.984,9.422,313.2,1,-0.4463,-0.4665,0.7631,0.0283,257.3,-40.9,0.0
696345,2026-08-30_09-20-40.347-240,v3.6.25,3.47,12.0,400,1578,-7485,-661,1811,-7412,-137,1531,-7508,-520,1715,-7682,-363,0,0,0,184,-174,157,298.0,1960.3,1.660,0.190,-0.243,-19.375,-0.438,188.734,287.5,1,-0.4608,-0.4419,0.7684,0.0446,255.6,-42.0,0.0
696376,2026-08-30_09-20-40.378-240,v3.6.25,3.47,12.0,400,1578,-7485,-661,1375,-7501,-281,1531,-7508,-520,1256,-7776,-430,0,0,0,-275,-268,90,394.4,2594.7,1.259,-0.165,-0.719,22.438,36.531,196.500,368.4,1,-0.4789,-0.4128,0.7730,0.0527,253.8,-44.2,0.0
696755,2026-08-30_09-20-40.756-240,v3.6.25,3.47,12.0,400,674,-6257,4183,26,-6222,4539,615,-6358,4275,698,-6438,4500,0,0,0,83,-80,225,252.8,1663.2,0.837,1.655,-0.393,-274.938,-74.078,219.938,249.6,1,-0.4908,-0.4007,0.7654,0.1127,254.8,-41.4,0.0
696791,2026-08-30_09-20-40.792-240,v3.6.25,3.47,12.0,400,674,-6257,4183,-312,-6426,4184,615,-6358,4275,304,-6648,4211,0,0,0,-311,-290,-64,430.0,2829.1,0.686,1.199,-1.256,-428.797,-85.109,316.781,398.3,1,-0.5078,-0.3831,0.7450,0.2009,256.2,-37.1,0.0
696950,2026-08-30_09-20-40.951-240,v3.6.25,3.47,12.0,400,-738,-7381,1711,-553,-7475,1417,-792,-7420,1833,-385,-7735,1553,0,0,0,407,-315,-280,585.9,3854.6,0.937,-1.167,-0.682,-342.281,-6.875,117.750,529.2,1,-0.5161,-0.3881,0.7191,0.2566,258.6,-32.9,0.0
696990,2026-08-30_09-20-40.992-240,v3.6.25,3.47,12.0,400,58,-7514,1244,-553,-7475,1417,6,-7555,1371,-385,-7735,1553,0,0,0,-391,-180,182,467.3,3074.6,0.762,-1.925,0.007,-137.219,-2.594,-7.141,429.7,1,-0.5146,-0.3972,0.7085,0.2747,259.6,-30.7,0.0
697056,2026-08-30_09-20-40.058-240,v3.6.25,3.47,12.0,400,696,-7499,1094,678,-7508,1253,646,-7545,1222,819,-7763,1185,0,0,0,173,-218,-37,280.8,1847.1,0.767,0.214,-0.271,123.047,15.641,-62.906,273.1,1,-0.5124,-0.3983,0.7179,0.2518,259.2,-32.4,0.0
697106,2026-08-30_09-20-40.108-240,v3.6.25,3.47,12.0,400,904,-7493,1065,678,-7508,1253,855,-7541,1193,819,-7763,1185,0,0,0,-36,-222,-8,225.0,1480.5,1.013,0.014,-0.247,175.953,48.375,-15.562,226.3,1,-0.5179,-0.3906,0.7280,0.2220,258.8,-35.5,0.0
697135,2026-08-30_09-20-41.137-240,v3.6.25,3.47,12.0,400,505,-7490,1385,289,-7508,1482,455,-7539,1511,469,-7762,1474,0,0,0,14,-223,-37,226.5,1490.0,1.341,-0.539,-0.219,235.688,71.578,-61.781,227.5,1,-0.5219,-0.3859,0.7395,0.1787,258.3,-39.3,0.0
697167,2026-08-30_09-20-41.169-240,v3.6.25,3.47,12.0,400,505,-7490,1385,289,-7508,1482,455,-7539,1511,469,-7762,1474,0,0,0,14,-223,-37,226.5,1490.0,1.024,-1.114,-0.420,313.828,92.500,-153.156,227.5,1,-0.5196,-0.3886,0.7520,0.1161,257.4,-43.7,0.0
697214,2026-08-30_09-20-41.216-240,v3.6.25,3.47,12.0,400,28,-7320,2097,-395,-7342,2217,-24,-7376,2216,-93,-7589,2307,0,0,0,-69,-213,91,241.7,1590.0,0.865,0.268,-0.765,388.016,111.625,-278.969,240.3,1,-0.5073,-0.4023,0.7614,0.0326,255.9,-48.3,0.0
697281,2026-08-30_09-20-41.283-240,v3.6.25,3.47,12.0,400,762,-6578,3674,-304,-6977,3276,705,-6671,3773,169,-7210,3325,0,0,0,-536,-539,-448,882.3,5804.9,1.258,0.832,-0.210,204.734,73.547,-88.031,777.9,1,-0.5052,-0.4000,0.7646,-0.0086,254.3,-51.2,0.0
697319,2026-08-30_09-20-41.321-240,v3.6.25,3.47,12.0,400,762,-6578,3674,152,-6578,4021,705,-6671,3773,744,-6799,3974,0,0,0,39,-128,201,241.5,1588.6,0.981,-0.198,-0.125,184.359,20.719,-46.062,240.1,1,-0.4986,-0.3926,0.7718,-0.0405,251.0,-53.3,0.0
697347,2026-08-30_09-20-41.349-240,v3.6.25,3.47,12.0,400,866,-6335,4051,87,-6411,4266,808,-6436,4145,717,-6629,4223,0,0,0,-91,-193,78,227.2,1494.7,0.712,-0.436,-0.279,208.750,-12.688,-70.234,228.1,1,-0.4843,-0.3865,0.7812,-0.0755,246.4,-54.6,0.0
697401,2026-08-30_09-20-41.403-240,v3.6.25,3.47,12.0,400,781,-6349,3977,87,-6411,4266,723,-6447,4072,717,-6629,4223,0,0,0,-6,-182,151,236.6,1556.3,0.474,0.514,-0.414,190.000,-70.953,-64.250,236.0,1,-0.4629,-0.3814,0.7936,-0.1028,241.2,-54.4,0.0
697430,2026-08-30_09-20-41.431-240,v3.6.25,3.47,12.0,400,643,-6621,3553,32,-6567,3978,586,-6710,3654,616,-6789,3952,0,0,0,30,-79,298,309.7,2037.8,0.648,1.450,-0.131,102.516,-95.031,6.844,297.4,1,-0.4452,-0.3735,0.8063,-0.1104,237.2,-53.2,0.0
697478,2026-08-30_09-20-41.481-240,v3.6.25,3.47,12.0,400,643,-6621,3553,-283,-6921,3246,586,-6710,3654,184,-7154,3292,0,0,0,-402,-444,-362,699.8,4604.2,0.964,1.820,-0.224,-147.781,-102.406,170.844,624.8,1,-0.4460,-0.3636,0.8149,-0.0693,237.5,-51.0,0.0
697518,2026-08-30_09-20-41.520-240,v3.6.25,3.47,12.0,400,90,-6973,2903,-283,-6921,3246,34,-7044,3012,184,-7154,3292,0,0,0,150,-110,280,336.2,2211.5,1.279,0.729,-0.670,-318.188,-63.016,248.750,319.6,1,-0.4619,-0.3553,0.8127,-0.0008,240.9,-48.7,0.0
697580,2026-08-30_09-20-41.581-240,v3.6.25,3.47,12.0,400,-455,-7255,2183,-834,-7375,1862,-509,-7307,2300,-593,-7630,2035,0,0,0,-84,-323,-265,426.2,2803.7,1.494,-0.248,-1.127,-353.844,35.094,177.969,395.1,1,-0.4867,-0.3579,0.7946,0.0605,246.7,-46.9,0.0
697633,2026-08-30_09-20-41.634-240,v3.6.25,3.47,12.0,400,-401,-7394,1889,-834,-7375,1862,-454,-7441,2010,-593,-7630,2035,0,0,0,-139,-189,25,235.9,1552.2,1.045,0.308,-1.064,-334.734,77.125,181.625,235.5,1,-0.5149,-0.3572,0.7705,0.1166,252.3,-45.2,0.0
697661,2026-08-30_09-20-41.663-240,v3.6.25,3.47,12.0,400,56,-7299,2149,-379,-7339,2189,3,-7356,2267,-82,-7587,2277,0,0,0,-85,-231,10,246.3,1620.7,0.569,-0.181,-1.026,-316.766,75.125,188.609,244.2,1,-0.5406,-0.3524,0.7448,0.1699,256.7,-43.3,0.0
697690,2026-08-30_09-20-41.692-240,v3.6.25,3.47,12.0,400,56,-7299,2149,-379,-7339,2189,3,-7356,2267,-82,-7587,2277,0,0,0,-85,-231,10,246.3,1620.7,0.192,-1.049,-0.687,-244.516,52.422,133.297,244.2,1,-0.5571,-0.3494,0.7235,0.2099,259.6,-41.3,0.0
697738,2026-08-30_09-20-41.739-240,v3.6.25,3.47,12.0,400,229,-7142,2564,-245,-7181,2672,175,-7209,2677,130,-7421,2725,0,0,0,-45,-212,48,222.0,1460.4,0.607,-0.825,-0.162,-53.359,17.594,-0.062,223.7,1,-0.5595,-0.3527,0.7183,0.2158,260.5,-40.7,0.0
697766,2026-08-30_09-20-41.768-240,v3.6.25,3.47,12.0,400,392,-7070,2731,-92,-7109,2841,338,-7142,2843,310,-7346,2864,0,0,0,-28,-204,21,207.0,1361.7,0.727,-0.267,0.055,24.609,9.297,-21.234,211.2,1,-0.5596,-0.3542,0.7194,0.2096,260.6,-41.0,0.0
697804,2026-08-30_09-20-41.806-240,v3.6.25,3.47,12.0,400,440,-7028,2809,-92,-7109,2841,386,-7102,2920,310,-7346,2864,0,0,0,-76,-244,-56,261.6,1721.2,1.243,0.458,0.353,66.922,28.172,28.797,257.0,1,-0.5656,-0.3465,0.7213,0.1993,260.6,-42.7,0.0
697847,2026-08-30_09-20-41.849-240,v3.6.25,3.47,12.0,400,440,-7028,2809,-154,-7068,2977,386,-7102,2920,271,-7304,3008,0,0,0,-115,-202,88,248.5,1635.1,1.304,0.088,0.179,72.844,64.375,104.578,246.0,1,-0.5812,-0.3283,0.7199,0.1902,261.1,-45.4,0.0
697873,2026-08-30_09-20-41.875-240,v3.6.25,3.47,12.0,400,32,-6892,3193,-886,-6820,3437,-24,-6968,3299,-389,-7055,3580,0,0,0,-365,-87,281,468.8,3084.1,1.263,-0.691,0.121,112.344,79.359,97.438,430.9,1,-0.5978,-0.3090,0.7191,0.1735,261.8,-48.8,0.0
697926,2026-08-30_09-20-41.927-240,v3.6.25,3.47,12.0,400,-710,-6491,3899,-886,-6820,3437,-771,-6570,3996,-389,-7055,3580,0,0,0,382,-485,-416,744.4,4897.7,1.049,-1.924,-0.141,303.219,88.875,-97.562,662.2,1,-0.6019,-0.3084,0.7275,0.1156,261.7,-53.6,0.0
698105,2026-08-30_09-20-41.106-240,v3.6.25,3.47,12.0,400,1563,-4874,5561,1025,-4985,5816,1496,-5007,5628,1889,-5183,5574,0,0,0,393,-176,-54,434.0,2855.1,0.480,0.391,-0.197,246.500,-18.797,-91.859,401.7,1,-0.5918,-0.3073,0.7416,0.0728,258.5,-56.4,0.0
698156,2026-08-30_09-20-42.158-240,v3.6.25,3.47,12.0,400,2082,-4874,5363,1025,-4985,5816,2016,-5010,5431,1889,-5183,5574,0,0,0,-127,-173,143,257.9,1696.6,0.614,1.885,0.189,96.031,-72.703,38.734,253.9,1,-0.5831,-0.2945,0.7544,0.0642,254.2,-57.4,0.0
698186,2026-08-30_09-20-42.188-240,v3.6.25,3.47,12.0,400,2110,-5260,5012,1147,-5393,5385,2048,-5391,5087,1947,-5594,5134,0,0,0,-101,-203,47,231.6,1523.4,0.913,2.048,0.170,-70.188,-85.891,129.766,231.8,1,-0.5794,-0.2778,0.7612,0.0874,251.6,-56.5,0.0
698215,2026-08-30_09-20-42.217-240,v3.6.25,3.47,12.0,400,1377,-5709,4747,1147,-5393,5385,1316,-5827,4829,1947,-5594,5134,0,0,0,631,233,305,738.6,4859.0,1.267,1.457,-0.147,-229.641,-73.547,195.719,657.3,1,-0.5815,-0.2607,0.7581,0.1386,251.3,-54.0,0.0
698266,2026-08-30_09-20-42.267-240,v3.6.25,3.47,12.0,400,1377,-5709,4747,407,-5885,4953,1316,-5827,4829,1143,-6094,4839,0,0,0,-173,-267,10,318.3,2094.1,1.428,0.429,-0.783,-377.344,-14.938,218.297,304.6,1,-0.5903,-0.2495,0.7383,0.2101,253.9,-50.1,0.0
698334,2026-08-30_09-20-42.336-240,v3.6.25,3.47,12.0,400,-118,-6044,4550,-527,-6126,4624,-181,-6141,4637,157,-6344,4676,0,0,0,338,-203,39,396.2,2606.6,1.390,-0.273,-0.674,-370.219,58.781,142.969,370.0,1,-0.6013,-0.2507,0.7084,0.2716,257.5,-45.7,0.0
698372,2026-08-30_09-20-42.374-240,v3.6.25,3.47,12.0,400,-118,-6044,4550,-993,-6112,4595,-181,-6141,4637,-314,-6334,4727,0,0,0,-133,-193,90,251.1,1651.8,0.812,-0.938,-0.472,-320.797,54.297,115.531,248.2,1,-0.6084,-0.2520,0.6797,0.3231,259.8,-41.6,0.0
698416,2026-08-30_09-20-42.418-240,v3.6.25,3.47,12.0,400,-329,-5956,4657,-1194,-6025,4646,-393,-6052,4742,-508,-6248,4811,0,0,0,-115,-196,69,237.5,1562.4,0.451,-0.883,-0.203,-186.156,5.297,-4.000,236.8,1,-0.6038,-0.2615,0.6669,0.3498,260.1,-38.5,0.0
698450,2026-08-30_09-20-42.452-240,v3.6.25,3.47,12.0,400,-283,-5984,4622,-1194,-6025,4646,-347,-6080,4708,-508,-6248,4811,0,0,0,-161,-168,103,254.5,1674.1,0.499,-0.102,-0.064,-125.391,-29.734,-32.656,251.0,1,-0.5947,-0.2699,0.6621,0.3676,259.5,-36.1,0.0
698476,2026-08-30_09-20-42.478-240,v3.6.25,3.47,12.0,400,-283,-5984,4622,-851,-6161,4515,-347,-6080,4708,-184,-6383,4625,0,0,0,163,-303,-83,353.9,2328.5,0.612,0.153,0.066,-104.594,-42.734,-12.031,334.5,1,-0.5860,-0.2734,0.6591,0.3840,258.6,-34.2,0.0
698511,2026-08-30_09-20-42.512-240,v3.6.25,3.47,12.0,400,116,-6193,4313,-851,-6161,4515,54,-6289,4403,-184,-6383,4625,0,0,0,-238,-94,222,338.8,2228.7,0.881,-0.074,0.348,-72.672,-40.188,30.406,321.8,1,-0.5815,-0.2694,0.6566,0.3976,257.7,-33.3,0.0
698537,2026-08-30_09-20-42.539-240,v3.6.25,3.47,12.0,400,182,-6397,4019,-540,-6412,4175,122,-6489,4114,74,-6636,4241,0,0,0,-48,-147,127,200.1,1316.5,1.184,-0.458,0.373,-22.891,-24.859,35.547,205.4,1,-0.5810,-0.2632,0.6561,0.4033,257.1,-33.4,0.0
698580,2026-08-30_09-20-42.582-240,v3.6.25,3.47,12.0,400,182,-6397,4019,-692,-6533,3990,122,-6489,4114,-106,-6760,4086,0,0,0,-228,-271,-28,355.3,2337.2,1.294,-0.339,0.232,79.812,12.031,17.609,335.6,1,-0.5872,-0.2571,0.6602,0.3915,257.4,-35.0,0.0
698628,2026-08-30_09-20-42.629-240,v3.6.25,3.47,12.0,400,-35,-6435,4007,-692,-6533,3990,-94,-6524,4102,-106,-6760,4086,0,0,0,-12,-236,-16,236.8,1558.2,1.425,-0.337,-0.010,146.062,56.031,17.031,236.2,1,-0.6006,-0.2506,0.6643,0.3677,258.8,-37.9,0.0
698655,2026-08-30_09-20-42.658-240,v3.6.25,3.47,12.0,400,-360,-6201,4351,-1075,-6344,4265,-422,-6292,4441,-447,-6570,4419,0,0,0,-25,-278,-22,280.0,1842.0,1.836,-0.807,0.065,190.719,71.812,-9.891,272.4,1,-0.6148,-0.2469,0.6701,0.3348,260.7,-41.2,0.0
698686,2026-08-30_09-20-42.687-240,v3.6.25,3.47,12.0,400,-360,-6201,4351,-1075,-6344,4265,-422,-6292,4441,-447,-6570,4419,0,0,0,-25,-278,-22,280.0,1842.0,1.541,-1.469,-0.048,281.938,90.391,-105.594,272.4,1,-0.6260,-0.2538,0.6813,0.2820,262.9,-45.2,0.0
698712,2026-08-30_09-20-42.714-240,v3.6.25,3.47,12.0,400,-567,-5690,5047,-1399,-5784,5016,-634,-5790,5126,-656,-6004,5206,0,0,0,-22,-214,80,229.5,1510.0,1.141,-1.204,-0.146,369.438,99.766,-209.906,230.1,1,-0.6308,-0.2718,0.6961,0.2091,265.0,-49.9,0.0
698919,2026-08-30_09-20-42.920-240,v3.6.25,3.47,12.0,400,3596,-4258,5139,2503,-4272,5894,3530,-4406,5202,3367,-4465,5398,0,0,0,-163,-59,196,261.7,1721.4,0.319,1.572,0.418,63.484,-34.000,80.859,257.0,1,-0.6320,-0.2549,0.7026,0.2048,263.4,-51.6,0.0
698947,2026-08-30_09-20-42.949-240,v3.6.25,3.47,12.0,400,3596,-4258,5139,2464,-4539,5741,3530,-4406,5202,3307,-4732,5256,0,0,0,-223,-326,54,398.6,2622.7,0.655,1.621,0.546,-53.516,-52.656,122.938,372.0,1,-0.6321,-0.2366,0.7039,0.2216,261.7,-51.7,0.0
698974,2026-08-30_09-20-42.976-240,v3.6.25,3.47,12.0,400,3087,-4634,5168,2464,-4539,5741,3023,-4778,5235,3307,-4732,5256,0,0,0,284,46,21,288.5,1897.8,1.223,1.276,0.485,-155.578,-50.031,125.016,279.5,1,-0.6308,-0.2228,0.6985,0.2541,260.6,-50.2,0.0
699002,2026-08-30_09-20-42.005-240,v3.6.25,3.47,12.0,400,3087,-4634,5168,1680,-4966,5701,3023,-4778,5235,2525,-5162,5351,0,0,0,-498,-384,116,639.5,4207.0,1.480,0.750,0.161,-228.047,-25.203,91.562,574.1,1,-0.6285,-0.2185,0.6859,0.2947,260.3,-47.2,0.0
699036,2026-08-30_09-20-42.037-240,v3.6.25,3.47,12.0,400,2364,-4881,5295,1680,-4966,5701,2299,-5019,5364,2525,-5162,5351,0,0,0,226,-143,-13,267.8,1761.6,1.618,0.587,-0.112,-278.531,11.578,50.109,262.2,1,-0.6255,-0.2243,0.6659,0.3390,260.8,-42.9,0.0
699066,2026-08-30_09-20-42.068-240,v3.6.25,3.47,12.0,400,2123,-4765,5498,1161,-5002,5807,2057,-4904,5564,2024,-5199,5542,0,0,0,-33,-295,-22,297.7,1958.3,1.732,0.589,-0.186,-306.875,40.172,27.266,287.3,1,-0.6220,-0.2359,0.6401,0.3845,261.6,-37.9,0.0
699115,2026-08-30_09-20-42.116-240,v3.6.25,3.47,12.0,400,2143,-4276,5926,1122,-4553,6187,2073,-4421,5983,2040,-4747,5919,0,0,0,-33,-326,-64,333.9,2196.4,1.392,0.057,-0.110,-338.688,73.812,65.281,317.6,1,-0.6215,-0.2446,0.6049,0.4336,262.6,-32.7,0.0
699155,2026-08-30_09-20-43.157-240,v3.6.25,3.47,12.0,400,2143,-4276,5926,1122,-4553,6187,2073,-4421,5983,2040,-4747,5919,0,0,0,-33,-326,-64,333.9,2196.4,0.793,-0.727,0.387,-234.078,43.203,2.172,317.6,1,-0.6158,-0.2557,0.5821,0.4653,262.8,-28.6,0.0
699186,2026-08-30_09-20-43.188-240,v3.6.25,3.47,12.0,400,1924,-3730,6352,812,-3918,6669,1849,-3879,6400,1798,-4111,6441,0,0,0,-51,-232,41,241.1,1585.9,0.411,-0.469,0.397,-153.906,-3.672,-38.281,239.7,1,-0.6053,-0.2659,0.5719,0.4857,262.0,-25.7,0.0
699216,2026-08-30_09-20-43.217-240,v3.6.25,3.47,12.0,400,2003,-3651,6354,812,-3918,6669,1927,-3801,6401,1798,-4111,6441,0,0,0,-129,-310,40,338.1,2224.6,0.216,0.259,0.196,-99.359,-59.062,-36.031,321.2,1,-0.5916,-0.2693,0.5713,0.5011,260.2,-24.0,0.0
699266,2026-08-30_09-20-43.267-240,v3.6.25,3.47,12.0,400,2003,-3651,6354,953,-3797,6665,1927,-3801,6401,1935,-3990,6413,0,0,0,8,-189,12,189.5,1247.0,0.263,0.776,0.073,-91.234,-116.719,53.234,196.5,1,-0.5795,-0.2551,0.5724,0.5211,257.5,-23.4,0.0
699292,2026-08-30_09-20-43.294-240,v3.6.25,3.47,12.0,400,2081,-4178,5950,968,-4409,6251,2010,-4323,6006,1893,-4604,6007,0,0,0,-117,-281,1,304.4,2002.5,0.605,0.500,0.307,-98.609,-118.906,101.297,292.9,1,-0.5707,-0.2335,0.5699,0.5432,254.9,-23.4,0.0
699326,2026-08-30_09-20-43.327-240,v3.6.25,3.47,12.0,400,1476,-4913,5560,968,-4409,6251,1409,-5045,5627,1893,-4604,6007,0,0,0,484,441,380,757.1,4980.6,1.341,-0.193,0.695,-63.203,-90.938,102.438,672.8,1,-0.5666,-0.2129,0.5670,0.5587,253.0,-23.9,0.0
699371,2026-08-30_09-20-43.373-240,v3.6.25,3.47,12.0,400,1476,-4913,5560,295,-5156,5695,1409,-5045,5627,1141,-5359,5580,0,0,0,-268,-314,-47,415.5,2733.5,1.829,-0.204,0.566,12.281,-19.688,82.391,386.1,1,-0.5726,-0.1990,0.5644,0.5604,253.0,-25.0,0.0
699400,2026-08-30_09-20-43.402-240,v3.6.25,3.47,12.0,400,767,-5309,5337,-377,-5443,5466,700,-5430,5410,436,-5652,5471,0,0,0,-264,-222,61,350.3,2304.5,1.671,-0.211,0.025,58.359,26.750,74.938,331.4,1,-0.5857,-0.1888,0.5611,0.5536,254.2,-26.6,0.0
699443,2026-08-30_09-20-43.445-240,v3.6.25,3.47,12.0,400,229,-5176,5526,-377,-5443,5466,160,-5293,5596,436,-5652,5471,0,0,0,276,-359,-125,469.8,3090.6,1.534,-0.411,0.272,111.641,73.312,48.906,431.7,1,-0.6046,-0.1848,0.5586,0.5369,256.8,-28.5,0.0
699470,2026-08-30_09-20-43.471-240,v3.6.25,3.47,12.0,400,229,-5176,5526,-997,-5084,5761,160,-5293,5596,-142,-5295,5863,0,0,0,-302,-2,267,403.1,2652.0,1.693,-0.683,0.296,146.031,93.922,24.766,375.8,1,-0.6254,-0.1850,0.5576,0.5135,260.0,-30.5,0.0
699502,2026-08-30_09-20-43.504-240,v3.6.25,3.47,12.0,400,-147,-4635,6052,-997,-5084,5761,-221,-4756,6112,-142,-5295,5863,0,0,0,79,-539,-249,599.0,3940.6,1.365,-1.540,0.156,221.156,102.234,-57.953,540.1,1,-0.6447,-0.1952,0.5656,0.4758,263.7,-32.9,0.0
699682,2026-08-30_09-20-43.683-240,v3.6.25,3.47,12.0,400,3890,-2857,5802,2524,-2994,6605,3814,-3017,5844,3481,-3184,6086,0,0,0,-333,-167,242,444.2,2922.6,0.060,0.906,0.236,141.438,-22.453,-2.250,410.3,1,-0.6498,-0.1902,0.5781,0.4554,264.2,-35.3,0.0
699744,2026-08-30_09-20-43.746-240,v3.6.25,3.47,12.0,400,4380,-3530,5050,3416,-3683,5804,4311,-3684,5105,4253,-3875,5155,0,0,0,-58,-191,50,205.8,1353.8,0.588,1.237,0.407,39.203,-68.438,-8.969,210.1,1,-0.6445,-0.1854,0.5886,0.4515,262.8,-36.2,0.0
699797,2026-08-30_09-20-43.798-240,v3.6.25,3.47,12.0,400,4355,-3953,4830,3416,-3683,5804,4290,-4104,4891,4253,-3875,5155,0,0,0,-37,229,264,351.4,2312.1,1.100,2.076,0.323,-149.938,-64.141,67.312,332.4,1,-0.6345,-0.1756,0.5816,0.4778,260.7,-34.8,0.0
699842,2026-08-30_09-20-43.844-240,v3.6.25,3.47,12.0,400,4355,-3953,4830,3391,-4109,5603,4290,-4104,4891,4203,-4302,4964,0,0,0,-87,-198,73,228.3,1501.7,1.385,1.652,-0.098,-315.500,-25.359,139.203,229.0,1,-0.6228,-0.1632,0.5534,0.5284,258.5,-31.1,0.0
699869,2026-08-30_09-20-43.871-240,v3.6.25,3.47,12.0,400,3900,-3982,5260,2747,-4100,6039,3833,-4135,5319,3632,-4290,5498,0,0,0,-201,-155,179,310.6,2043.4,1.570,1.429,-0.294,-395.047,10.656,168.250,298.1,1,-0.6089,-0.1511,0.5113,0.5873,256.2,-26.4,0.0
700027,2026-08-30_09-20-43.028-240,v3.6.25,3.47,12.0,400,1543,-2954,6819,388,-3109,7122,1460,-3105,6855,1432,-3303,6953,0,0,0,-28,-198,98,222.7,1465.1,0.199,0.293,0.266,-117.672,-61.141,4.953,224.3,1,-0.5950,-0.1474,0.5082,0.6049,254.1,-25.2,0.0
700053,2026-08-30_09-20-43.054-240,v3.6.25,3.47,12.0,400,1543,-2954,6819,344,-3279,7009,1460,-3105,6855,1373,-3474,6850,0,0,0,-87,-369,-5,379.2,2494.4,0.342,0.444,0.280,-109.766,-78.281,47.344,355.6,1,-0.5831,-0.1360,0.5039,0.6226,251.8,-24.7,0.0
700086,2026-08-30_09-20-43.088-240,v3.6.25,3.47,12.0,400,1435,-3342,6647,344,-3279,7009,1355,-3489,6688,1373,-3474,6850,0,0,0,18,15,162,163.7,1076.9,0.770,0.213,0.675,-97.969,-76.188,98.875,174.8,1,-0.5761,-0.1171,0.4956,0.6394,250.1,-24.9,0.0
700116,2026-08-30_09-20-44.117-240,v3.6.25,3.47,12.0,400,832,-3893,6462,-63,-3883,6683,754,-4031,6511,923,-4081,6602,0,0,0,169,-50,91,198.3,1304.9,1.316,-0.277,0.889,-67.281,-50.922,121.531,203.9,1,-0.5752,-0.0971,0.4847,0.6518,249.3,-25.5,0.0
700214,2026-08-30_09-20-44.216-240,v3.6.25,3.47,12.0,400,-661,-3759,6583,-1726,-3959,6449,-744,-3881,6629,-779,-4171,6656,0,0,0,-35,-290,27,293.3,1929.9,1.467,-0.764,0.370,143.344,58.109,52.188,283.6,1,-0.5972,-0.0932,0.4840,0.6328,252.3,-27.4,0.0
700262,2026-08-30_09-20-44.264-240,v3.6.25,3.47,12.0,400,-661,-3759,6583,-1726,-3959,6449,-744,-3881,6629,-779,-4171,6656,0,0,0,-35,-290,27,293.3,1929.9,1.479,-1.465,0.525,247.547,88.359,-49.969,283.6,1,-0.6229,-0.1039,0.4955,0.5964,256.5,-29.6,0.0
700495,2026-08-30_09-20-44.496-240,v3.6.25,3.47,12.0,400,4651,-1996,5697,3653,-1801,6584,4571,-2160,5730,4581,-1992,5872,0,0,0,10,168,142,220.2,1448.7,0.531,1.488,0.618,51.766,-54.875,22.266,222.2,1,-0.6239,-0.0950,0.5030,0.5905,256.3,-31.0,0.0
700523,2026-08-30_09-20-44.525-240,v3.6.25,3.47,12.0,400,4651,-1996,5697,3557,-2430,6444,4571,-2160,5730,4475,-2620,5753,0,0,0,-96,-460,23,470.5,3095.2,0.935,1.861,0.589,-57.516,-48.156,49.062,432.3,1,-0.6183,-0.0853,0.5003,0.6001,255.0,-31.1,0.0
700552,2026-08-30_09-20-44.554-240,v3.6.25,3.47,12.0,400,4513,-2505,5652,3557,-2430,6444,4436,-2668,5691,4475,-2620,5753,0,0,0,39,48,62,87.6,576.1,1.307,1.297,0.452,-158.344,-27.625,63.609,110.9,1,-0.6069,-0.0776,0.4871,0.6232,253.2,-29.6,0.0
700580,2026-08-30_09-20-44.582-240,v3.6.25,3.47,12.0,400,4513,-2505,5652,3203,-2734,6540,4436,-2668,5691,4144,-2922,5907,0,0,0,-292,-254,216,443.2,2915.9,1.327,0.610,0.287,-211.297,2.359,34.312,409.4,1,-0.5911,-0.0777,0.4690,0.6516,251.1,-26.9,0.0
700614,2026-08-30_09-20-44.616-240,v3.6.25,3.47,12.0,400,4106,-2516,5973,3203,-2734,6540,4028,-2680,6010,4144,-2922,5907,0,0,0,116,-242,-103,287.5,1891.1,1.475,0.442,0.270,-230.219,44.484,-26.016,278.7,1,-0.5720,-0.0904,0.4502,0.6797,249.0,-23.1,0.0
700643,2026-08-30_09-20-44.645-240,v3.6.25,3.47,12.0,400,3900,-1956,6308,2799,-2349,6889,3817,-2122,6336,3790,-2537,6315,0,0,0,-27,-415,-21,416.4,2739.5,1.387,1.058,0.419,-256.281,67.234,-38.031,386.9,1,-0.5501,-0.1081,0.4274,0.7093,246.9,-18.5,0.0
700847,2026-08-30_09-20-44.848-240,v3.6.25,3.47,12.0,400,1883,-920,7379,719,-435,7752,1785,-1078,7387,1812,-635,7506,0,0,0,27,443,119,459.5,3023.0,0.611,0.277,0.824,-155.047,-98.078,28.266,423.1,1,-0.5300,-0.0955,0.4213,0.7297,243.8,-17.9,0.0
700891,2026-08-30_09-20-44.892-240,v3.6.25,3.47,12.0,400,1883,-920,7379,617,-1159,7689,1785,-1078,7387,1715,-1356,7463,0,0,0,-70,-278,76,296.6,1951.2,1.531,-0.781,1.377,-73.516,-50.641,37.031,286.4,1,-0.5221,-0.0861,0.4161,0.7395,242.5,-17.9,0.0
700917,2026-08-30_09-20-44.919-240,v3.6.25,3.47,12.0,400,1385,-1574,7378,38,-1801,7572,1290,-1729,7394,1130,-1999,7449,0,0,0,-160,-270,55,318.6,2096.2,1.420,-1.087,0.988,32.906,-1.453,-10.422,304.9,1,-0.5253,-0.0864,0.4195,0.7353,242.9,-18.3,0.0
700965,2026-08-30_09-20-44.966-240,v3.6.25,3.47,12.0,400,1362,-1614,7355,38,-1801,7572,1268,-1768,7371,1130,-1999,7449,0,0,0,-138,-231,78,280.2,1843.2,1.328,0.215,0.412,128.719,77.797,-24.828,272.6,1,-0.5429,-0.0969,0.4243,0.7182,245.6,-18.8,0.0
701003,2026-08-30_09-20-44.005-240,v3.6.25,3.47,12.0,400,1797,-988,7409,250,-1590,7644,1699,-1146,7418,1350,-1787,7482,0,0,0,-349,-641,64,732.7,4820.1,1.157,0.220,0.734,146.656,128.953,-9.875,652.3,1,-0.5666,-0.1119,0.4237,0.6978,249.4,-18.9,0.0
701255,2026-08-30_09-20-45.256-240,v3.6.25,3.47,12.0,400,4394,1781,6058,3188,1762,6877,4282,1625,6044,4086,1547,6229,0,0,0,-196,-78,185,280.6,1845.9,0.083,1.174,0.946,168.875,-42.219,5.578,272.9,1,-0.5800,-0.1045,0.4404,0.6773,250.8,-21.7,0.0
701283,2026-08-30_09-20-45.285-240,v3.6.25,3.47,12.0,400,4994,1169,5743,3955,1114,6603,4889,1010,5739,4822,904,5833,0,0,0,-67,-106,94,156.7,1031.0,0.277,1.901,0.848,70.203,-52.625,42.078,169.0,1,-0.5856,-0.0929,0.4472,0.6697,251.1,-23.5,0.0
701316,2026-08-30_09-20-45.317-240,v3.6.25,3.47,12.0,400,5109,593,5845,3955,1114,6603,5009,428,5847,4822,904,5833,0,0,0,-187,476,-14,511.6,3365.8,0.687,1.664,0.900,-77.688,-47.344,85.781,466.8,1,-0.5809,-0.0786,0.4383,0.6814,250.0,-23.7,0.0
701364,2026-08-30_09-20-45.366-240,v3.6.25,3.47,12.0,400,5109,593,5845,4051,447,6724,5009,428,5847,4954,244,5936,0,0,0,-55,-184,89,211.7,1392.5,1.063,0.453,0.643,-185.375,-1.766,23.750,215.1,1,-0.5648,-0.0787,0.4224,0.7045,247.9,-21.5,0.0
701392,2026-08-30_09-20-45.394-240,v3.6.25,3.47,12.0,400,4494,522,6350,3293,438,7128,4393,355,6349,4264,237,6459,0,0,0,-129,-118,110,206.6,1358.9,1.352,0.424,0.722,-205.266,33.828,-30.906,210.8,1,-0.5447,-0.0900,0.4064,0.7280,245.7,-18.2,0.0
701430,2026-08-30_09-20-45.431-240,v3.6.25,3.47,12.0,400,4015,1082,6570,3293,438,7128,3908,919,6561,4264,237,6459,0,0,0,356,-682,-102,776.1,5105.6,1.152,0.917,0.630,-246.250,71.016,-52.281,688.7,1,-0.5204,-0.1092,0.3853,0.7542,243.4,-13.7,0.0
701468,2026-08-30_09-20-45.470-240,v3.6.25,3.47,12.0,400,4015,1082,6570,2754,1214,7253,3908,919,6561,3728,1006,6670,0,0,0,-180,87,109,227.7,1498.1,0.471,0.712,0.201,-310.172,71.734,8.609,228.5,1,-0.4930,-0.1225,0.3521,0.7862,240.7,-8.9,0.0
701624,2026-08-30_09-20-45.625-240,v3.6.25,3.47,12.0,400,1192,2475,7287,-180,2076,7547,1064,2338,7256,821,1849,7453,0,0,0,-243,-489,197,580.5,3819.1,-0.110,0.458,1.128,-117.531,-95.656,28.672,524.6,1,-0.4770,-0.1084,0.3467,0.8003,238.1,-9.0,0.0
701667,2026-08-30_09-20-45.669-240,v3.6.25,3.47,12.0,400,886,1859,7503,-180,2076,7547,762,1719,7478,821,1849,7453,0,0,0,59,130,-25,144.9,953.5,0.632,-0.206,1.282,-92.328,-73.141,71.266,159.1,1,-0.4688,-0.0923,0.3365,0.8115,236.6,-9.5,0.0
701736,2026-08-30_09-20-45.738-240,v3.6.25,3.47,12.0,400,246,1179,7676,-1330,884,7605,125,1041,7658,-293,659,7707,0,0,0,-418,-382,49,568.4,3739.3,1.011,-0.618,1.048,64.375,16.234,15.047,514.5,1,-0.4789,-0.0926,0.3384,0.8047,237.8,-10.1,0.0
701782,2026-08-30_09-20-45.784-240,v3.6.25,3.47,12.0,400,-43,981,7664,-1330,884,7605,-162,847,7648,-293,659,7707,0,0,0,-131,-188,59,236.6,1556.7,1.055,-0.130,0.875,122.969,84.406,-25.125,236.0,1,-0.4962,-0.1061,0.3440,0.7900,240.5,-10.0,0.0
701811,2026-08-30_09-20-45.813-240,v3.6.25,3.47,12.0,400,190,1447,7597,-1015,1326,7623,67,1313,7576,14,1100,7670,0,0,0,-53,-213,94,238.8,1570.9,0.983,0.087,0.832,139.344,120.109,-31.203,237.8,1,-0.5164,-0.1250,0.3483,0.7722,243.8,-9.6,0.0
701837,2026-08-30_09-20-45.839-240,v3.6.25,3.47,12.0,400,190,1447,7597,-1015,1326,7623,67,1313,7576,14,1100,7670,0,0,0,-53,-213,94,238.8,1570.9,0.708,-0.053,0.810,145.875,135.219,-33.531,237.8,1,-0.5374,-0.1460,0.3516,0.7525,247.4,-9.1,0.0
702013,2026-08-30_09-20-45.014-240,v3.6.25,3.47,12.0,400,3363,3463,6119,1826,3687,6672,3234,3325,6085,2645,3448,6255,0,0,0,-589,123,170,625.3,4113.6,-0.033,0.302,1.263,148.078,-47.875,11.828,562.2,1,-0.5505,-0.1382,0.3676,0.7367,248.7,-11.6,0.0
702046,2026-08-30_09-20-45.048-240,v3.6.25,3.47,12.0,400,3363,3463,6119,2575,3204,6693,3234,3325,6085,3409,2973,6150,0,0,0,175,-352,65,398.4,2621.3,0.264,0.800,1.045,108.047,-47.875,-9.281,371.8,1,-0.5575,-0.1332,0.3822,0.7248,249.4,-13.5,0.0
702076,2026-08-30_09-20-45.078-240,v3.6.25,3.47,12.0,400,3922,2943,6024,2575,3204,6693,3799,2798,5997,3409,2973,6150,0,0,0,-390,175,153,454.0,2987.0,0.411,1.022,1.000,39.312,-35.359,-10.016,418.5,1,-0.5584,-0.1305,0.3899,0.7206,249.3,-14.3,0.0
702121,2026-08-30_09-20-46.122-240,v3.6.25,3.47,12.0,400,4229,2631,6004,3129,2672,6700,4110,2481,5981,3977,2448,6064,0,0,0,-133,-33,83,160.2,1054.0,0.515,0.785,1.004,-55.625,-0.375,-23.812,171.9,1,-0.5512,-0.1347,0.3875,0.7266,248.5,-13.4,0.0
702156,2026-08-30_09-20-46.158-240,v3.6.25,3.47,12.0,400,4229,2631,6004,3170,2577,6708,4110,2481,5981,4021,2354,6065,0,0,0,-89,-127,84,176.4,1160.3,0.565,0.518,0.903,-95.453,27.219,-69.172,185.5,1,-0.5380,-0.1479,0.3833,0.7360,247.4,-11.2,0.0
702191,2026-08-30_09-20-46.193-240,v3.6.25,3.47,12.0,400,4150,2757,6002,3170,2577,6708,4029,2609,5977,4021,2354,6065,0,0,0,-8,-255,88,269.9,1775.5,0.585,0.475,0.697,-110.891,56.328,-118.641,263.9,1,-0.5207,-0.1706,0.3796,0.7454,246.2,-8.1,0.0
702221,2026-08-30_09-20-46.223-240,v3.6.25,3.47,12.0,400,4018,3350,5789,3046,3087,6559,3892,3210,5759,3861,2857,5939,0,0,0,-31,-353,180,397.5,2614.8,0.408,0.413,0.632,-121.156,72.234,-133.625,371.0,1,-0.5015,-0.1970,0.3747,0.7545,245.1,-4.5,0.0
702311,2026-08-30_09-20-46.313-240,v3.6.25,3.47,12.0,400,3809,4167,5397,2944,4041,6063,3676,4040,5360,3653,3796,5470,0,0,0,-23,-244,110,268.6,1767.3,-0.086,0.108,1.008,-158.531,80.219,-35.312,262.9,1,-0.4880,-0.2141,0.3556,0.7679,244.4,-1.0,0.0
702365,2026-08-30_09-20-46.366-240,v3.6.25,3.47,12.0,400,3323,4940,5089,2499,4952,5610,3182,4827,5045,3110,4691,5102,0,0,0,-72,-136,57,164.1,1079.6,0.183,-0.643,1.082,-118.031,48.891,-38.938,175.2,1,-0.4759,-0.2264,0.3432,0.7775,243.6,1.5,0.0
702393,2026-08-30_09-20-46.396-240,v3.6.25,3.47,12.0,400,2569,5482,4945,1751,5591,5301,2421,5383,4896,2294,5317,4925,0,0,0,-127,-66,29,146.0,960.8,0.059,-0.503,1.138,-60.609,23.625,-97.016,160.0,1,-0.4617,-0.2406,0.3442,0.7813,242.7,3.3,0.0
702427,2026-08-30_09-20-46.428-240,v3.6.25,3.47,12.0,400,2195,5735,4865,1751,5591,5301,2043,5643,4813,2294,5317,4925,0,0,0,251,-326,112,426.4,2805.3,-0.206,0.228,1.314,-51.609,-14.953,-98.125,395.3,1,-0.4456,-0.2497,0.3494,0.7855,241.3,4.6,0.0
702466,2026-08-30_09-20-46.468-240,v3.6.25,3.47,12.0,400,2195,5735,4865,1461,5841,5152,2043,5643,4813,1972,5561,4829,0,0,0,-71,-82,16,109.6,721.3,-0.292,0.353,1.070,-78.812,-56.641,-56.031,129.5,1,-0.4287,-0.2493,0.3507,0.7944,239.3,5.5,0.0
702495,2026-08-30_09-20-46.496-240,v3.6.25,3.47,12.0,400,2029,5666,4997,1171,5675,5412,1877,5574,4945,1730,5398,5132,0,0,0,-147,-176,187,295.9,1946.7,-0.371,0.349,0.907,-87.312,-83.453,-41.562,285.8,1,-0.4106,-0.2439,0.3517,0.8051,236.8,6.0,0.0
702543,2026-08-30_09-20-46.544-240,v3.6.25,3.47,12.0,400,1759,5321,5507,1171,5675,5412,1609,5221,5456,1730,5398,5132,0,0,0,121,177,-324,388.5,2556.0,-0.363,0.090,0.807,-91.859,-108.000,-21.672,363.5,1,-0.3925,-0.2331,0.3516,0.8173,234.1,6.0,0.0
702571,2026-08-30_09-20-46.573-240,v3.6.25,3.47,12.0,400,1759,5321,5507,737,5123,6002,1609,5221,5456,1408,4857,5782,0,0,0,-201,-364,326,528.4,3476.1,-0.353,-0.131,1.056,-75.266,-104.984,-24.172,480.9,1,-0.3758,-0.2224,0.3531,0.8274,231.5,5.9,0.0
702601,2026-08-30_09-20-46.603-240,v3.6.25,3.47,12.0,400,1466,4713,6108,737,5123,6002,1320,4603,6060,1408,4857,5782,0,0,0,88,254,-278,386.7,2544.1,-0.058,-0.271,1.330,-28.438,-90.922,-49.516,362.0,1,-0.3621,-0.2147,0.3611,0.8321,229.6,5.5,0.0
702631,2026-08-30_09-20-46.633-240,v3.6.25,3.47,12.0,400,1474,4141,6465,398,4354,6549,1333,4022,6421,1179,4099,6376,0,0,0,-154,77,-45,178.0,1170.8,0.183,0.005,1.393,21.375,-57.609,-60.625,186.8,1,-0.3547,-0.2116,0.3732,0.8307,228.6,5.0,0.0
702674,2026-08-30_09-20-46.676-240,v3.6.25,3.47,12.0,400,1474,4141,6465,669,3946,6765,1333,4022,6421,1496,3699,6541,0,0,0,163,-323,120,381.2,2507.8,0.589,0.182,1.186,64.562,12.828,-60.109,357.4,1,-0.3565,-0.2174,0.3853,0.8229,229.2,4.8,0.0
702715,2026-08-30_09-20-46.717-240,v3.6.25,3.47,12.0,400,1895,3960,6443,669,3946,6765,1757,3835,6401,1496,3699,6541,0,0,0,-261,-136,140,325.9,2144.1,0.519,0.528,0.896,60.219,76.203,-16.406,311.0,1,-0.3665,-0.2287,0.3884,0.8139,231.0,5.0,0.0
702746,2026-08-30_09-20-46.748-240,v3.6.25,3.47,12.0,400,2264,4299,6080,1199,4165,6528,2125,4178,6037,1982,3916,6220,0,0,0,-143,-262,183,350.1,2303.4,0.425,0.514,0.816,44.750,111.016,25.906,331.3,1,-0.3817,-0.2415,0.3830,0.8058,233.5,5.6,0.0
702793,2026-08-30_09-20-46.794-240,v3.6.25,3.47,12.0,400,2340,4960,5532,1432,4886,5960,2195,4851,5485,2102,4625,5624,0,0,0,-93,-226,139,281.2,1849.7,0.008,0.175,0.881,36.922,146.469,85.703,273.4,1,-0.4044,-0.2539,0.3683,0.7977,236.8,6.2,0.0
702836,2026-08-30_09-20-46.837-240,v3.6.25,3.47,12.0,400,2340,4960,5532,1432,4886,5960,2195,4851,5485,2102,4625,5624,0,0,0,-93,-226,139,281.2,1849.7,-0.166,-0.103,0.997,66.562,146.719,85.938,273.4,1,-0.4296,-0.2655,0.3563,0.7861,240.5,6.4,0.0
702891,2026-08-30_09-20-46.892-240,v3.6.25,3.47,12.0,400,2287,5663,4853,1454,5738,5173,2136,5570,4802,1971,5459,4850,0,0,0,-165,-111,48,204.6,1345.9,-0.325,0.105,0.885,98.406,121.312,78.438,209.1,1,-0.4550,-0.2737,0.3502,0.7716,244.0,5.9,0.0
702953,2026-08-30_09-20-46.955-240,v3.6.25,3.47,12.0,400,2846,6422,3346,1924,6366,4266,2691,6354,3297,2273,6071,3884,0,0,0,-418,-283,587,774.2,5093.4,-0.674,0.122,0.999,56.453,43.250,138.875,687.2,1,-0.4780,-0.2657,0.3399,0.7651,246.2,4.7,0.0
702991,2026-08-30_09-20-46.993-240,v3.6.25,3.47,12.0,400,2846,6422,3346,2436,6551,3743,2691,6354,3297,2693,6250,3286,0,0,0,2,-104,-11,104.6,688.2,-0.435,-0.376,1.201,49.641,-6.891,109.750,125.2,1,-0.4940,-0.2537,0.3355,0.7609,247.4,3.1,0.0
703021,2026-08-30_09-20-46.023-240,v3.6.25,3.47,12.0,400,3160,6296,3268,2804,6327,3859,3007,6225,3221,3086,6031,3338,0,0,0,79,-194,117,239.9,1578.5,0.021,-0.388,1.379,63.891,-36.969,35.922,238.8,1,-0.5018,-0.2451,0.3418,0.7558,247.9,1.6,0.0
703066,2026-08-30_09-20-46.068-240,v3.6.25,3.47,12.0,400,3535,6031,3435,2804,6327,3859,3385,5951,3390,3086,6031,3338,0,0,0,-299,80,-52,313.9,2064.8,-0.068,0.291,1.272,51.750,-74.422,-48.031,300.8,1,-0.4973,-0.2407,0.3580,0.7527,247.1,0.4,0.0
703095,2026-08-30_09-20-46.096-240,v3.6.25,3.47,12.0,400,3535,6031,3435,3178,6004,4115,3385,5951,3390,3511,5717,3525,0,0,0,126,-234,135,298.1,1961.1,-0.067,0.372,0.933,2.344,-95.859,-61.578,287.6,1,-0.4853,-0.2354,0.3722,0.7553,245.3,-0.3,0.0
703127,2026-08-30_09-20-47.129-240,v3.6.25,3.47,12.0,400,3850,5711,3672,3178,6004,4115,3704,5622,3629,3511,5717,3525,0,0,0,-193,95,-104,238.9,1571.9,-0.543,0.365,0.654,-41.797,-126.312,-70.938,238.0,1,-0.4659,-0.2278,0.3853,0.7632,242.5,-0.7,0.0
703154,2026-08-30_09-20-47.155-240,v3.6.25,3.47,12.0,400,3892,5352,4211,3318,5589,4567,3749,5250,4168,3738,5313,3943,0,0,0,-11,63,-225,233.9,1538.9,-0.512,0.262,0.669,-70.438,-146.609,-93.422,233.8,1,-0.4398,-0.2200,0.3990,0.7740,238.9,-0.6,0.0
703201,2026-08-30_09-20-47.202-240,v3.6.25,3.47,12.0,400,3892,5352,4211,3104,5071,5262,3749,5250,4168,3653,4808,4659,0,0,0,-96,-442,491,667.6,4392.0,-0.136,0.385,0.934,-109.203,-151.672,-115.500,597.7,1,-0.4067,-0.2143,0.4106,0.7874,234.7,0.2,0.0
703243,2026-08-30_09-20-47.245-240,v3.6.25,3.47,12.0,400,3781,4879,4862,3104,5071,5262,3642,4765,4820,3653,4808,4659,0,0,0,11,43,-161,167.0,1098.7,0.332,0.447,0.965,-135.125,-129.938,-124.047,177.6,1,-0.3713,-0.2125,0.4182,0.8013,230.6,1.7,0.0
703270,2026-08-30_09-20-47.271-240,v3.6.25,3.47,12.0,400,3563,4439,5423,2764,4521,5896,3427,4315,5383,3433,4269,5337,0,0,0,6,-46,-46,65.3,429.8,0.480,0.587,0.935,-140.547,-102.953,-128.344,92.3,1,-0.3363,-0.2148,0.4233,0.8134,226.9,3.7,0.0
703307,2026-08-30_09-20-47.308-240,v3.6.25,3.47,12.0,400,3563,4439,5423,2379,4187,6263,3427,4315,5383,3118,3941,5761,0,0,0,-309,-374,378,615.0,4046.1,0.472,0.553,1.001,-149.719,-63.578,-109.609,553.6,1,-0.3047,-0.2210,0.4225,0.8245,223.9,6.1,0.0
703361,2026-08-30_09-20-47.363-240,v3.6.25,3.47,12.0,400,3285,4199,5774,2379,4187,6263,3150,4071,5734,3118,3941,5761,0,0,0,-32,-130,27,136.6,898.5,0.276,0.786,0.868,-168.766,-12.562,20.516,152.1,1,-0.2882,-0.2244,0.4030,0.8391,222.2,8.3,0.0
703388,2026-08-30_09-20-47.389-240,v3.6.25,3.47,12.0,400,2808,4205,6149,1791,4189,6418,2671,4076,6106,2555,3942,6012,0,0,0,-116,-134,-94,200.6,1319.9,-0.214,0.314,0.737,-166.297,-4.328,119.859,205.8,1,-0.2828,-0.2209,0.3724,0.8559,221.1,9.6,0.0
703476,2026-08-30_09-20-47.478-240,v3.6.25,3.47,12.0,400,1023,4065,6638,660,4195,6640,881,3948,6593,1460,3944,6420,0,0,0,579,-4,-173,604.3,3975.7,0.279,-1.143,0.877,104.375,-33.438,92.766,544.6,1,-0.3025,-0.2058,0.3748,0.8519,222.4,7.1,0.0
703521,2026-08-30_09-20-47.524-240,v3.6.25,3.47,12.0,400,1023,4065,6638,-28,4001,6751,881,3948,6593,795,3749,6646,0,0,0,-86,-199,53,223.2,1468.2,0.619,-0.471,1.270,236.891,1.516,8.219,224.7,1,-0.3298,-0.1984,0.3983,0.8326,225.1,3.9,0.0
703549,2026-08-30_09-20-47.551-240,v3.6.25,3.47,12.0,400,1445,3925,6526,764,3914,6751,1306,3804,6484,1590,3668,6512,0,0,0,284,-136,28,316.1,2079.8,0.932,0.166,1.561,268.641,41.812,-6.359,302.8,1,-0.3613,-0.1967,0.4234,0.8072,228.6,0.7,0.0
703672,2026-08-30_09-20-47.674-240,v3.6.25,3.47,12.0,400,3530,4149,5533,2893,4079,6089,3396,4022,5495,3605,3834,5504,0,0,0,209,-188,9,281.3,1850.4,-0.638,-0.119,1.004,107.672,-21.797,102.062,273.5,1,-0.3812,-0.1814,0.4248,0.8008,229.9,-1.9,0.0
703711,2026-08-30_09-20-47.713-240,v3.6.25,3.47,12.0,400,3920,3932,5500,2893,4079,6089,3789,3800,5465,3605,3834,5504,0,0,0,-184,34,39,191.1,1257.5,-0.394,-0.427,0.977,111.344,-67.453,19.359,197.9,1,-0.3899,-0.1673,0.4379,0.7926,230.1,-4.4,0.0
703740,2026-08-30_09-20-47.741-240,v3.6.25,3.47,12.0,400,4292,3325,5589,3207,3497,6262,4167,3185,5561,3962,3261,5621,0,0,0,-205,76,60,226.7,1491.6,0.084,-0.069,0.915,108.797,-80.406,-47.672,227.7,1,-0.3909,-0.1577,0.4584,0.7824,229.6,-6.4,0.0
703780,2026-08-30_09-20-47.782-240,v3.6.25,3.47,12.0,400,4292,3325,5589,3836,2771,6198,4167,3185,5561,4597,2543,5454,0,0,0,430,-642,-107,780.1,5132.1,0.169,0.519,0.773,83.203,-81.375,-116.516,692.1,1,-0.3824,-0.1559,0.4836,0.7718,228.4,-7.4,0.0
703831,2026-08-30_09-20-47.832-240,v3.6.25,3.47,12.0,400,4922,2732,5314,3836,2771,6198,4804,2587,5294,4597,2543,5454,0,0,0,-207,-44,160,265.3,1745.4,0.515,0.945,0.775,8.734,-70.797,-149.656,260.1,1,-0.3637,-0.1616,0.5042,0.7664,226.5,-6.8,0.0
703857,2026-08-30_09-20-47.859-240,v3.6.25,3.47,12.0,400,5507,2395,4853,4589,2320,5853,5394,2251,4841,5302,2094,4990,0,0,0,-92,-157,149,235.2,1547.3,0.633,1.334,0.873,-43.203,-65.016,-150.734,234.8,1,-0.3399,-0.1703,0.5194,0.7653,224.4,-5.3,0.0
703886,2026-08-30_09-20-47.888-240,v3.6.25,3.47,12.0,400,5507,2395,4853,4589,2320,5853,5394,2251,4841,5302,2094,4990,0,0,0,-92,-157,149,235.2,1547.3,0.600,1.978,1.033,-115.266,-59.172,-124.484,234.8,1,-0.3113,-0.1807,0.5245,0.7716,222.1,-2.7,0.0
703915,2026-08-30_09-20-47.916-240,v3.6.25,3.47,12.0,400,5811,2506,4525,4984,2455,5473,5698,2365,4514,5630,2224,4552,0,0,0,-68,-141,38,161.1,1059.8,0.585,2.306,0.838,-234.750,-54.625,-10.516,172.6,1,-0.2814,-0.1872,0.5060,0.7936,219.5,0.7,0.0
703947,2026-08-30_09-20-47.949-240,v3.6.25,3.47,12.0,400,5354,2886,5081,4984,2455,5473,5236,2741,5061,5630,2224,4552,0,0,0,394,-517,-509,825.6,5431.5,0.024,1.807,0.515,-356.922,-46.109,128.125,730.3,1,-0.2523,-0.1886,0.4596,0.8304,216.5,4.7,0.0
703991,2026-08-30_09-20-47.993-240,v3.6.25,3.47,12.0,400,5354,2886,5081,4320,2872,6074,5236,2741,5061,5058,2644,5251,0,0,0,-178,-97,190,277.8,1827.9,-0.343,-0.044,0.342,-396.844,-39.250,185.156,270.6,1,-0.2239,-0.1875,0.4001,0.8687,213.0,8.4,0.0
704117,2026-08-30_09-20-48.118-240,v3.6.25,3.47,12.0,400,870,2212,7424,-7,2602,7408,743,2075,7395,959,2370,7286,0,0,0,216,295,-109,381.5,2510.0,0.530,-0.968,1.081,71.125,-80.266,-43.547,357.6,1,-0.2223,-0.1756,0.4154,0.8644,212.3,6.8,0.0
704146,2026-08-30_09-20-48.148-240,v3.6.25,3.47,12.0,400,870,2212,7424,-236,1827,7633,743,2075,7395,785,1603,7547,0,0,0,42,-472,152,497.6,3274.0,0.846,-0.333,0.885,159.047,-46.453,-41.516,455.1,1,-0.2335,-0.1646,0.4378,0.8525,212.9,4.4,0.0
704174,2026-08-30_09-20-48.176-240,v3.6.25,3.47,12.0,400,1329,1666,7448,-236,1827,7633,1208,1521,7426,785,1603,7547,0,0,0,-423,82,121,447.5,2944.4,1.079,0.343,0.755,184.812,-4.516,0.016,413.0,1,-0.2547,-0.1554,0.4559,0.8385,214.7,1.6,0.0
704236,2026-08-30_09-20-48.237-240,v3.6.25,3.47,12.0,400,2038,1597,7289,565,1474,7665,1920,1446,7269,1601,1257,7443,0,0,0,-319,-189,174,409.6,2694.6,1.160,0.328,1.024,183.125,95.844,35.672,381.2,1,-0.2869,-0.1582,0.4647,0.8226,218.2,-0.4,0.0
704266,2026-08-30_09-20-48.268-240,v3.6.25,3.47,12.0,400,2538,2063,7016,1180,1747,7518,2418,1913,6992,2185,1530,7195,0,0,0,-233,-383,203,492.1,3237.7,0.995,0.481,0.946,172.453,130.969,37.141,450.5,1,-0.3204,-0.1661,0.4700,0.8055,222.3,-1.9,0.0
704359,2026-08-30_09-20-48.360-240,v3.6.25,3.47,12.0,400,3005,2906,6534,1793,2668,7108,2879,2762,6504,2709,2442,6688,0,0,0,-170,-320,184,406.4,2673.6,-0.441,0.498,1.313,83.484,94.828,109.594,378.5,1,-0.3476,-0.1667,0.4607,0.7994,225.3,-3.1,0.0
704417,2026-08-30_09-20-48.418-240,v3.6.25,3.46,12.0,400,3245,3773,6038,2278,3752,6537,3113,3639,6001,3073,3513,6047,0,0,0,-40,-126,46,140.0,920.9,-0.767,-0.781,1.144,100.656,-28.844,58.891,154.9,1,-0.3617,-0.1538,0.4657,0.7928,226.1,-5.3,0.0
704470,2026-08-30_09-20-48.471-240,v3.6.25,3.46,12.0,400,3738,3179,6047,2278,3752,6537,3613,3037,6017,3073,3513,6047,0,0,0,-540,476,30,720.5,4739.9,-0.293,-0.075,0.860,138.703,-122.625,-39.234,642.1,1,-0.3629,-0.1357,0.4902,0.7808,225.0,-8.3,0.0
704513,2026-08-30_09-20-48.515-240,v3.6.25,3.46,12.0,400,3738,3179,6047,2843,2983,6675,3613,3037,6017,3679,2755,6087,0,0,0,66,-282,70,298.0,1960.3,0.130,0.411,0.796,107.188,-153.297,-67.766,287.5,1,-0.3552,-0.1174,0.5162,0.7704,222.9,-10.7,0.0
704645,2026-08-30_09-20-48.646-240,v3.6.25,3.46,12.0,400,5434,672,5452,4255,766,6460,5335,511,5456,5106,558,5643,0,0,0,-229,47,187,299.4,1969.5,0.961,1.793,0.773,-190.172,-56.906,-32.922,288.7,1,-0.3271,-0.1226,0.5066,0.7882,220.2,-7.9,0.0
704673,2026-08-30_09-20-48.675-240,v3.6.25,3.46,12.0,400,5434,672,5452,4430,569,6433,5335,511,5456,5281,363,5587,0,0,0,-54,-148,131,204.9,1348.0,0.710,1.650,0.609,-274.391,-36.359,20.359,209.4,1,-0.2957,-0.1294,0.4819,0.8146,217.5,-4.3,0.0
704705,2026-08-30_09-20-48.706-240,v3.6.25,3.46,12.0,400,5195,833,5779,4430,569,6433,5094,669,5778,5281,363,5587,0,0,0,187,-306,-191,406.3,2673.1,0.440,1.145,0.278,-348.891,-22.047,89.328,378.4,1,-0.2625,-0.1356,0.4408,0.8476,214.4,-0.1,0.0
704880,2026-08-30_09-20-48.881-240,v3.6.25,3.46,12.0,400,2250,789,7324,936,774,7726,2139,632,7313,1998,565,7441,0,0,0,-141,-67,128,201.9,1328.1,1.293,0.058,0.707,222.234,-17.312,-131.297,206.9,1,-0.2750,-0.1334,0.4771,0.8240,215.5,-2.4,0.0
704937,2026-08-30_09-20-48.938-240,v3.6.25,3.46,12.0,400,3278,328,6901,1958,208,7504,3174,165,6898,2996,6,7052,0,0,0,-178,-159,154,284.0,1868.7,1.494,1.488,0.673,163.469,88.562,-18.031,275.8,1,-0.2996,-0.1398,0.4894,0.8069,218.4,-3.9,0.0
704996,2026-08-30_09-20-48.997-240,v3.6.25,3.46,12.0,400,4536,887,6240,3201,246,7079,4432,723,6235,4167,45,6427,0,0,0,-265,-678,192,752.8,4952.9,0.799,0.955,0.830,64.281,136.969,103.672,669.3,1,-0.3280,-0.1472,0.4763,0.8024,222.0,-4.4,0.0
705090,2026-08-30_09-20-48.091-240,v3.6.25,3.46,12.0,400,4224,1526,6388,3010,1561,7070,4114,1365,6375,3946,1349,6448,0,0,0,-168,-16,73,183.9,1209.7,-0.222,-0.538,1.087,139.484,19.641,79.406,191.8,1,-0.3523,-0.1371,0.4791,0.7922,224.0,-6.9,0.0
705116,2026-08-30_09-20-49.118-240,v3.6.25,3.46,12.0,400,3997,1690,6430,3010,1561,7070,3885,1532,6415,3946,1349,6448,0,0,0,61,-183,33,195.7,1287.5,-0.154,-0.417,0.933,174.125,-29.453,23.984,201.7,1,-0.3708,-0.1238,0.4937,0.7768,225.2,-10.0,0.0
705146,2026-08-30_09-20-49.148-240,v3.6.25,3.46,12.0,400,3997,1690,6430,2973,1500,7040,3885,1532,6415,3905,1288,6425,0,0,0,20,-244,10,245.0,1612.0,-0.148,0.250,0.659,188.875,-70.062,-3.406,243.1,1,-0.3846,-0.1073,0.5146,0.7588,225.5,-13.5,0.0
705175,2026-08-30_09-20-49.176-240,v3.6.25,3.46,12.0,400,4397,1194,6228,2973,1500,7040,4290,1033,6220,3905,1288,6425,0,0,0,-385,255,205,505.2,3324.0,-0.040,0.466,0.755,158.609,-106.250,20.109,461.5,1,-0.3934,-0.0848,0.5324,0.7448,225.0,-17.0,0.0
705346,2026-08-30_09-20-49.347-240,v3.6.25,3.46,12.0,400,4554,-1692,5953,3572,-1708,6698,4471,-1859,5980,4517,-1899,5996,0,0,0,46,-40,16,63.0,414.6,1.480,1.188,0.249,-257.906,-33.828,83.391,90.3,1,-0.3698,-0.0834,0.5049,0.7755,222.7,-14.1,0.0
705376,2026-08-30_09-20-49.378-240,v3.6.25,3.46,12.0,400,3959,-1827,6381,2951,-2014,6970,3875,-1995,6407,3949,-2202,6368,0,0,0,74,-207,-39,223.3,1468.8,1.306,0.859,0.282,-308.859,2.250,100.078,224.8,1,-0.3442,-0.0871,0.4678,0.8094,220.5,-10.4,0.0
705462,2026-08-30_09-20-49.464-240,v3.6.25,3.46,12.0,400,2927,-1501,7023,1772,-1677,7469,2837,-1668,7041,2846,-1867,7054,0,0,0,9,-199,13,199.6,1313.3,0.414,-0.545,0.316,-274.406,25.156,95.047,205.0,1,-0.3229,-0.0928,0.4316,0.8372,218.7,-7.1,0.0
705524,2026-08-30_09-20-49.525-240,v3.6.25,3.46,12.0,400,793,-1228,7514,178,-1253,7674,694,-1377,7525,1275,-1452,7523,0,0,0,581,-75,-2,585.8,3854.1,0.216,-1.164,0.363,-57.094,-52.891,-83.594,529.1,1,-0.3054,-0.0944,0.4392,0.8396,216.8,-6.3,0.0
705567,2026-08-30_09-20-49.569-240,v3.6.25,3.46,12.0,400,793,-1228,7514,-480,-1405,7643,694,-1377,7525,614,-1608,7605,0,0,0,-80,-231,80,257.2,1692.2,0.318,-0.531,0.719,87.516,-91.859,-133.297,253.3,1,-0.2974,-0.0889,0.4672,0.8279,215.5,-7.5,0.0
705755,2026-08-30_09-20-49.756-240,v3.6.25,3.46,12.0,400,4036,-2746,5815,2653,-2939,6623,3960,-2907,5856,3612,-3128,6082,0,0,0,-348,-221,226,470.1,3093.0,1.073,1.564,0.570,198.969,86.453,52.672,432.0,1,-0.3325,-0.0885,0.4728,0.8113,219.2,-9.8,0.0
705785,2026-08-30_09-20-49.787-240,v3.6.25,3.46,12.0,400,4103,-2634,5939,3116,-2823,6529,4026,-2798,5977,4057,-3012,5911,0,0,0,31,-214,-66,226.1,1487.4,0.695,1.296,0.632,129.484,66.641,115.250,227.2,1,-0.3625,-0.0826,0.4662,0.8028,222.3,-11.9,0.0
705827,2026-08-30_09-20-49.829-240,v3.6.25,3.46,12.0,400,4103,-2634,5939,2526,-2751,6860,4026,-2798,5977,3521,-2939,6334,0,0,0,-505,-141,357,634.3,4173.1,0.156,0.433,0.465,37.188,2.391,154.250,569.8,1,-0.3797,-0.0675,0.4512,0.8048,223.7,-13.5,0.0
705870,2026-08-30_09-20-49.871-240,v3.6.25,3.46,12.0,400,3404,-2636,6353,2526,-2751,6860,3325,-2799,6388,3521,-2939,6334,0,0,0,196,-140,-54,246.8,1624.0,0.338,-0.287,0.491,20.062,-57.547,49.953,244.6,1,-0.3820,-0.0539,0.4505,0.8051,223.4,-14.9,0.0
705931,2026-08-30_09-20-49.932-240,v3.6.25,3.46,12.0,400,2685,-3004,6440,1603,-3085,6922,2606,-3162,6479,2614,-3275,6552,0,0,0,8,-113,73,134.8,886.6,0.927,0.533,0.441,-37.062,-78.875,-72.922,150.6,1,-0.3663,-0.0513,0.4609,0.8067,221.3,-14.8,0.0
705960,2026-08-30_09-20-49.962-240,v3.6.25,3.46,12.0,400,2772,-3520,6114,1640,-3670,6589,2698,-3674,6161,2608,-3861,6222,0,0,0,-90,-187,61,216.3,1423.1,1.307,0.830,0.425,-84.984,-69.547,-93.203,219.0,1,-0.3440,-0.0536,0.4690,0.8117,218.8,-13.6,0.0
705989,2026-08-30_09-20-49.990-240,v3.6.25,3.46,12.0,400,2772,-3520,6114,1640,-3670,6589,2698,-3674,6161,2608,-3861,6222,0,0,0,-90,-187,61,216.3,1423.1,1.550,1.025,0.415,-150.047,-46.781,-90.078,219.0,1,-0.3159,-0.0614,0.4699,0.8220,216.0,-11.3,0.0
706016,2026-08-30_09-20-49.018-240,v3.6.25,3.46,12.0,400,3293,-3765,5642,2296,-3941,6218,3222,-3917,5695,3207,-4132,5749,0,0,0,-15,-215,54,222.2,1461.7,1.555,1.104,0.357,-206.047,-24.594,-77.641,223.9,1,-0.2836,-0.0734,0.4630,0.8366,213.2,-8.0,0.0
706049,2026-08-30_09-20-49.050-240,v3.6.25,3.46,12.0,400,3801,-3578,5505,2296,-3941,6218,3731,-3733,5557,3207,-4132,5749,0,0,0,-524,-399,192,686.0,4513.4,1.478,1.315,0.363,-279.922,-0.438,-19.688,613.2,1,-0.2488,-0.0871,0.4409,0.8580,210.3,-4.0,0.0
706093,2026-08-30_09-20-49.095-240,v3.6.25,3.46,12.0,400,3801,-3578,5505,2842,-3655,6223,3731,-3733,5557,3749,-3844,5661,0,0,0,18,-111,104,153.2,1007.7,1.028,0.678,-0.038,-357.469,22.281,92.641,166.0,1,-0.2155,-0.0984,0.3963,0.8870,207.4,0.2,0.0
706119,2026-08-30_09-20-50.121-240,v3.6.25,3.46,12.0,400,3788,-3047,5953,2454,-3030,6780,3713,-3209,5996,3441,-3217,6269,0,0,0,-272,-8,273,385.5,2535.9,0.518,0.061,0.018,-343.344,15.078,113.266,360.9,1,-0.1844,-0.1064,0.3490,0.9126,204.3,3.8,0.0
706222,2026-08-30_09-20-50.224-240,v3.6.25,3.46,12.0,400,2542,-2824,6573,1449,-2790,7123,2461,-2982,6609,2488,-2980,6773,0,0,0,27,2,164,166.2,1093.6,0.280,-0.352,0.386,32.891,-110.641,-108.906,176.9,1,-0.1718,-0.0939,0.3692,0.9085,202.5,2.5,0.0
706251,2026-08-30_09-20-50.253-240,v3.6.25,3.46,12.0,400,2542,-2824,6573,1685,-3316,6757,2461,-2982,6609,2674,-3506,6377,0,0,0,213,-524,-232,611.4,4022.1,0.668,0.113,0.505,87.500,-115.094,-75.516,550.5,1,-0.1691,-0.0765,0.3901,0.9019,201.4,0.3,0.0
706281,2026-08-30_09-20-50.283-240,v3.6.25,3.46,12.0,400,3094,-3505,5905,1685,-3316,6757,3021,-3659,5954,2674,-3506,6377,0,0,0,-347,153,423,568.1,3737.6,1.206,0.256,0.561,121.734,-93.688,-24.891,514.2,1,-0.1768,-0.0575,0.4065,0.8945,201.3,-2.3,0.0
706353,2026-08-30_09-20-50.354-240,v3.6.25,3.46,12.0,400,3287,-4223,5345,2137,-4751,5715,3220,-4371,5406,2980,-4945,5287,0,0,0,-240,-574,-119,633.4,4167.3,1.752,0.215,0.017,179.219,7.469,47.672,569.1,1,-0.2055,-0.0468,0.4152,0.8850,203.8,-5.0,0.0
706401,2026-08-30_09-20-50.402-240,v3.6.25,3.46,12.0,400,2991,-4646,5199,2137,-4751,5715,2927,-4789,5266,2980,-4945,5287,0,0,0,53,-156,21,166.1,1092.7,1.792,0.141,0.203,207.906,61.312,34.656,176.8,1,-0.2405,-0.0440,0.4254,0.8714,207.4,-7.3,0.0
706431,2026-08-30_09-20-50.433-240,v3.6.25,3.46,12.0,400,2595,-4650,5415,1658,-4836,5841,2529,-4792,5480,2524,-5031,5491,0,0,0,-5,-239,11,239.3,1574.4,1.579,0.183,0.263,220.859,81.594,14.906,238.3,1,-0.2766,-0.0453,0.4376,0.8544,211.3,-9.5,0.0
706460,2026-08-30_09-20-50.462-240,v3.6.25,3.46,12.0,400,2595,-4650,5415,1658,-4836,5841,2529,-4792,5480,2524,-5031,5491,0,0,0,-5,-239,11,239.3,1574.4,1.317,0.508,0.291,218.219,84.578,3.047,238.3,1,-0.3111,-0.0480,0.4501,0.8357,215.1,-11.5,0.0
706490,2026-08-30_09-20-50.493-240,v3.6.25,3.46,12.0,400,2368,-4343,5812,1347,-4506,6117,2299,-4489,5871,2252,-4701,5812,0,0,0,-47,-212,-59,225.0,1480.4,0.907,1.020,0.419,178.547,68.484,28.453,226.3,1,-0.3408,-0.0487,0.4565,0.8204,218.4,-13.4,0.0
706520,2026-08-30_09-20-50.522-240,v3.6.25,3.46,12.0,400,2268,-4023,6061,1347,-4506,6117,2196,-4172,6114,2252,-4701,5812,0,0,0,56,-529,-302,611.7,4024.4,0.536,0.739,0.443,105.312,28.453,78.359,550.8,1,-0.3621,-0.0422,0.4534,0.8134,220.5,-15.0,0.0
706563,2026-08-30_09-20-50.565-240,v3.6.25,3.46,12.0,400,2268,-4023,6061,1148,-4144,6466,2196,-4172,6114,2105,-4337,6186,0,0,0,-91,-165,72,201.7,1327.1,0.412,-0.187,0.327,61.812,-42.219,61.328,206.7,1,-0.3714,-0.0281,0.4531,0.8099,221.0,-16.9,0.0
706590,2026-08-30_09-20-50.591-240,v3.6.25,3.46,12.0,400,1761,-4062,6167,517,-4274,6421,1688,-4207,6220,1468,-4470,6249,0,0,0,-220,-263,29,344.1,2263.9,0.417,-0.499,0.286,75.359,-81.016,-4.203,326.2,1,-0.3744,-0.0142,0.4641,0.8027,220.5,-18.9,0.0
706631,2026-08-30_09-20-50.632-240,v3.6.25,3.46,12.0,400,1572,-4560,5786,517,-4274,6421,1502,-4697,5848,1468,-4470,6249,0,0,0,-34,227,401,462.0,3039.8,0.436,0.286,0.065,77.422,-121.141,-78.156,425.2,1,-0.3689,-0.0019,0.4862,0.7922,218.8,-20.8,0.0
706671,2026-08-30_09-20-50.673-240,v3.6.25,3.46,12.0,400,1572,-4560,5786,645,-4929,5867,1502,-4697,5848,1516,-5129,5688,0,0,0,14,-432,-160,460.9,3032.2,0.859,0.654,0.097,11.828,-132.828,-66.469,424.2,1,-0.3551,0.0104,0.5028,0.7880,216.3,-21.9,0.0
706770,2026-08-30_09-20-50.771-240,v3.6.25,3.46,12.0,400,2194,-5857,4170,1657,-6125,4302,2137,-5975,4258,2289,-6335,3992,0,0,0,152,-360,-266,472.7,3110.0,1.875,1.339,-0.159,-205.438,-40.922,-12.906,434.2,1,-0.3267,0.0062,0.4924,0.8067,213.5,-19.4,0.0
706810,2026-08-30_09-20-50.812-240,v3.6.25,3.46,12.0,400,2617,-6031,3711,1657,-6125,4302,2562,-6146,3804,2289,-6335,3992,0,0,0,-273,-189,188,381.6,2510.3,1.594,1.263,-0.415,-307.094,0.953,83.625,357.7,1,-0.2953,0.0004,0.4602,0.8372,210.9,-15.8,0.0
706839,2026-08-30_09-20-50.840-240,v3.6.25,3.46,12.0,400,2946,-5758,3969,2202,-6012,4334,2890,-5881,4057,2838,-6219,3931,0,0,0,-52,-338,-126,364.5,2397.7,1.191,0.946,-0.674,-369.828,33.859,162.578,343.3,1,-0.2632,-0.0061,0.4104,0.8730,208.3,-11.9,0.0
706877,2026-08-30_09-20-50.879-240,v3.6.25,3.46,12.0,400,2946,-5758,3969,1879,-5547,5103,2890,-5881,4057,2635,-5747,4735,0,0,0,-255,134,678,736.7,4846.4,0.849,0.179,-0.507,-371.625,53.969,196.766,655.7,1,-0.2337,-0.0130,0.3528,0.9060,205.9,-8.1,0.0
706984,2026-08-30_09-20-50.985-240,v3.6.25,3.46,12.0,400,1873,-4910,5476,968,-5084,5788,1807,-5046,5544,1829,-5282,5557,0,0,0,22,-236,13,237.4,1561.7,0.478,-1.148,0.272,20.391,-40.641,-100.906,236.7,1,-0.2264,-0.0124,0.3693,0.9012,204.9,-8.3,0.0
707010,2026-08-30_09-20-50.012-240,v3.6.25,3.46,12.0,400,1736,-4898,5497,781,-5045,5776,1669,-5032,5564,1639,-5245,5577,0,0,0,-30,-213,13,215.5,1417.7,0.364,-0.293,0.197,103.453,-65.359,-134.984,218.3,1,-0.2258,-0.0072,0.3979,0.8892,204.4,-9.6,0.0
707055,2026-08-30_09-20-50.057-240,v3.6.25,3.46,12.0,400,2392,-5228,4830,1578,-5416,5183,2330,-5359,4906,2345,-5618,4864,0,0,0,15,-259,-42,262.8,1729.0,0.678,0.249,0.071,178.891,-78.422,-96.891,258.0,1,-0.2373,0.0062,0.4273,0.8724,204.7,-12.3,0.0
707105,2026-08-30_09-20-50.107-240,v3.6.25,3.46,12.0,400,2645,-5723,4121,1578,-5416,5183,2588,-5845,4208,2345,-5618,4864,0,0,0,-243,227,656,735.5,4838.6,1.262,0.263,-0.087,227.234,-52.719,-46.516,654.7,1,-0.2606,0.0215,0.4521,0.8528,206.2,-15.8,0.0
707137,2026-08-30_09-20-51.139-240,v3.6.25,3.46,12.0,400,2645,-5723,4121,1852,-5966,4436,2588,-5845,4208,2504,-6174,4089,0,0,0,-84,-329,-119,359.8,2367.1,1.585,0.214,-0.135,249.406,-19.203,-26.797,339.4,1,-0.2904,0.0342,0.4734,0.8309,208.5,-19.4,0.0
707166,2026-08-30_09-20-51.168-240,v3.6.25,3.46,12.0,400,2394,-6138,3718,1525,-6334,4099,2339,-6251,3812,2127,-6547,3817,0,0,0,-212,-296,5,364.1,2395.5,1.751,0.247,-0.162,267.234,13.375,-28.734,343.0,1,-0.3245,0.0428,0.4935,0.8058,211.5,-22.9,0.0
707216,2026-08-30_09-20-51.218-240,v3.6.25,3.46,12.0,400,1959,-6274,3772,1525,-6334,4099,1904,-6383,3867,2127,-6547,3817,0,0,0,223,-164,-50,281.3,1850.6,1.821,0.704,-0.061,246.219,65.422,-8.234,273.5,1,-0.3610,0.0447,0.5056,0.7823,215.3,-25.8,0.0
707244,2026-08-30_09-20-51.245-240,v3.6.25,3.46,12.0,400,1959,-6274,3772,1074,-6351,4261,1904,-6383,3867,1703,-6564,4051,0,0,0,-201,-181,184,327.1,2152.2,1.532,0.880,-0.162,206.078,78.641,18.266,312.0,1,-0.3949,0.0455,0.5102,0.7627,219.1,-28.2,0.0
707276,2026-08-30_09-20-51.278-240,v3.6.25,3.46,12.0,400,1542,-6118,4225,1074,-6351,4261,1484,-6230,4315,1703,-6564,4051,0,0,0,219,-334,-264,478.8,3149.7,1.160,0.941,0.023,138.297,70.531,71.375,439.2,1,-0.4224,0.0493,0.5042,0.7516,222.5,-30.0,0.0
707305,2026-08-30_09-20-51.306-240,v3.6.25,3.46,12.0,400,986,-5811,4781,430,-6054,4804,924,-5925,4864,1144,-6264,4690,0,0,0,220,-339,-174,440.0,2894.7,0.974,0.526,0.196,76.562,42.250,106.812,406.7,1,-0.4419,0.0582,0.4923,0.7477,225.0,-31.5,0.0
707391,2026-08-30_09-20-51.393-240,v3.6.25,3.46,12.0,400,238,-5674,5005,-447,-5796,5080,173,-5783,5085,308,-6009,5107,0,0,0,135,-226,22,264.2,1738.0,0.537,-0.419,0.040,34.078,-69.594,-8.203,259.2,1,-0.4403,0.0679,0.5001,0.7426,224.2,-32.8,0.0
707419,2026-08-30_09-20-51.421-240,v3.6.25,3.46,12.0,400,-87,-5883,4712,-947,-5908,4830,-151,-5983,4796,-232,-6127,4948,0,0,0,-81,-144,152,224.5,1477.0,0.492,0.013,-0.040,11.266,-96.703,-42.453,225.9,1,-0.4317,0.0766,0.5126,0.7382,222.2,-33.8,0.0
707457,2026-08-30_09-20-51.459-240,v3.6.25,3.46,12.0,400,-87,-5883,4712,-947,-5908,4830,-151,-5983,4796,-232,-6127,4948,0,0,0,-81,-144,152,224.5,1477.0,0.722,0.307,-0.123,-49.422,-115.328,-43.359,225.9,1,-0.4141,0.0850,0.5231,0.7400,219.2,-34.0,0.0
707512,2026-08-30_09-20-51.514-240,v3.6.25,3.46,12.0,400,19,-6347,4049,-762,-6399,4151,-41,-6437,4143,-152,-6625,4255,0,0,0,-111,-188,112,245.4,1614.3,1.732,0.812,-0.198,-161.469,-91.094,-32.141,243.4,1,-0.3856,0.0866,0.5243,0.7543,215.5,-32.3,0.0
707571,2026-08-30_09-20-51.573-240,v3.6.25,3.46,12.0,400,923,-7022,2636,-306,-6935,3276,870,-7099,2748,166,-7168,3325,0,0,0,-704,-69,577,912.9,6005.6,1.800,0.868,-0.473,-307.656,-20.016,55.719,803.6,1,-0.3497,0.0815,0.5015,0.7871,212.3,-28.6,0.0
707611,2026-08-30_09-20-51.612-240,v3.6.25,3.46,12.0,400,923,-7022,2636,484,-7107,2835,870,-7099,2748,886,-7341,2761,0,0,0,16,-242,13,242.9,1597.9,1.386,0.186,-0.862,-350.891,25.125,101.641,241.3,1,-0.3137,0.0728,0.4664,0.8239,209.5,-24.4,0.0
707641,2026-08-30_09-20-51.643-240,v3.6.25,3.46,12.0,400,1539,-6916,2647,1168,-6922,3117,1488,-7000,2757,1615,-7148,2920,0,0,0,127,-148,163,254.2,1672.2,1.156,-0.097,-0.743,-326.672,43.172,89.703,250.8,1,-0.2803,0.0612,0.4317,0.8552,207.1,-20.3,0.0
707686,2026-08-30_09-20-51.688-240,v3.6.25,3.46,12.0,400,2052,-6588,3102,1168,-6922,3117,2000,-6686,3206,1615,-7148,2920,0,0,0,-385,-462,-286,665.9,4381.1,0.917,-0.070,-0.378,-249.688,41.469,50.656,596.3,1,-0.2538,0.0497,0.4060,0.8765,205.0,-17.0,0.0
707715,2026-08-30_09-20-51.717-240,v3.6.25,3.46,12.0,400,2052,-6588,3102,1592,-6565,3705,2000,-6686,3206,2132,-6782,3421,0,0,0,132,-96,215,269.9,1775.9,0.556,-0.464,-0.163,-197.609,21.969,47.250,264.0,1,-0.2323,0.0427,0.3843,0.8925,203.3,-14.8,0.0
707756,2026-08-30_09-20-51.758-240,v3.6.25,3.46,12.0,400,2453,-6255,3480,1851,-6255,4033,2400,-6364,3577,2440,-6467,3697,0,0,0,40,-103,120,163.1,1073.2,0.385,-1.199,-0.059,-45.234,-19.500,-19.531,174.3,1,-0.2240,0.0431,0.3842,0.8946,202.3,-14.4,0.0
707799,2026-08-30_09-20-51.802-240,v3.6.25,3.46,12.0,400,2632,-6169,3445,1851,-6255,4033,2578,-6279,3541,2440,-6467,3697,0,0,0,-138,-188,156,280.6,1845.9,0.481,-0.747,-0.096,148.375,-57.125,-124.125,272.9,1,-0.2326,0.0498,0.4137,0.8788,202.5,-16.3,0.0
707831,2026-08-30_09-20-51.833-240,v3.6.25,3.46,12.0,400,2851,-6437,2763,2141,-6378,3606,2800,-6538,2867,2661,-6594,3231,0,0,0,-139,-56,364,393.6,2589.7,0.628,0.001,-0.375,244.422,-63.188,-154.594,367.8,1,-0.2514,0.0597,0.4539,0.8528,203.4,-19.3,0.0
707927,2026-08-30_09-20-51.929-240,v3.6.25,3.46,12.0,400,2734,-6796,1910,1881,-7135,2042,2686,-6880,2024,2150,-7372,1750,0,0,0,-536,-492,-274,777.5,5114.8,1.446,0.843,-0.207,222.188,-11.531,6.953,689.9,1,-0.2811,0.0730,0.4676,0.8348,205.8,-22.6,0.0
707974,2026-08-30_09-20-51.975-240,v3.6.25,3.46,12.0,400,2090,-7132,1621,1881,-7135,2042,2042,-7204,1741,2150,-7372,1750,0,0,0,108,-168,9,199.9,1315.3,1.572,0.704,-0.200,177.391,13.547,48.469,205.2,1,-0.3092,0.0840,0.4710,0.8219,208.4,-25.4,0.0
708035,2026-08-30_09-20-51.038-240,v3.6.25,3.46,12.0,400,1220,-7292,1798,908,-7311,2008,1171,-7357,1919,1174,-7554,1882,0,0,0,3,-197,-37,200.5,1318.9,1.251,0.246,-0.466,137.641,12.141,39.344,205.7,1,-0.3314,0.0927,0.4730,0.8111,210.5,-27.6,0.0
708095,2026-08-30_09-20-51.097-240,v3.6.25,3.46,12.0,400,-235,-7258,2231,-31,-7331,2188,-289,-7313,2348,265,-7577,2217,0,0,0,554,-264,-131,627.5,4128.4,1.008,-0.101,-0.337,70.047,-19.156,52.422,564.1,1,-0.3428,0.1039,0.4708,0.8062,211.5,-29.4,0.0
708139,2026-08-30_09-20-52.140-240,v3.6.25,3.46,12.0,400,-235,-7258,2231,-758,-7291,2204,-289,-7313,2348,-460,-7541,2356,0,0,0,-171,-228,8,285.1,1875.7,0.936,-0.049,-0.080,45.766,-47.516,-5.766,276.7,1,-0.3455,0.1125,0.4764,0.8007,211.2,-30.6,0.0
708167,2026-08-30_09-20-52.169-240,v3.6.25,3.46,12.0,400,-692,-7270,2095,-1151,-7315,1918,-747,-7317,2213,-902,-7572,2143,0,0,0,-155,-255,-70,306.5,2016.5,0.981,0.254,-0.087,8.266,-58.469,-20.172,294.7,1,-0.3415,0.1196,0.4824,0.7977,210.2,-31.3,0.0
708208,2026-08-30_09-20-52.211-240,v3.6.25,3.46,12.0,400,-790,-7375,1679,-1151,-7315,1918,-845,-7413,1801,-902,-7572,2143,0,0,0,-57,-159,342,381.4,2509.5,0.725,0.087,-0.335,-60.609,-76.516,-18.359,357.6,1,-0.3270,0.1267,0.4859,0.8005,208.0,-31.4,0.0
708242,2026-08-30_09-20-52.243-240,v3.6.25,3.46,12.0,400,-790,-7375,1679,-1051,-7444,1373,-845,-7413,1801,-892,-7708,1595,0,0,0,-47,-295,-206,362.9,2387.3,0.765,0.253,-0.393,-96.125,-83.922,-35.938,342.0,1,-0.3062,0.1316,0.4904,0.8053,205.1,-30.8,0.0
708268,2026-08-30_09-20-52.271-240,v3.6.25,3.46,12.0,400,-586,-7542,1015,-1051,-7444,1373,-639,-7570,1144,-892,-7708,1595,0,0,0,-253,-138,451,535.2,3521.1,0.988,0.799,-0.487,-137.375,-80.688,-30.891,486.6,1,-0.2799,0.1341,0.4919,0.8135,201.8,-29.6,0.0
708297,2026-08-30_09-20-52.299-240,v3.6.25,3.46,12.0,400,-586,-7542,1015,-507,-7595,634,-639,-7570,1144,-470,-7866,782,0,0,0,169,-296,-362,497.2,3271.1,1.144,1.063,-0.726,-223.141,-68.609,29.234,454.7,1,-0.2459,0.1355,0.4799,0.8312,198.3,-27.5,0.0
708330,2026-08-30_09-20-52.332-240,v3.6.25,3.46,12.0,400,-42,-7650,264,-507,-7595,634,-92,-7671,399,-470,-7866,782,0,0,0,-378,-195,383,572.4,3765.5,1.198,0.609,-1.035,-302.516,-43.906,94.172,517.8,1,-0.2060,0.1345,0.4527,0.8571,194.7,-24.6,0.0
708511,2026-08-30_09-20-52.512-240,v3.6.25,3.46,12.0,400,3248,-6919,-108,3084,-6933,540,3202,-6971,22,3094,-7188,80,0,0,0,-108,-217,58,249.2,1639.7,0.204,-0.025,-0.376,-39.297,-25.562,15.344,246.6,1,-0.2000,0.1383,0.4496,0.8595,194.0,-24.7,0.0
708561,2026-08-30_09-20-52.563-240,v3.6.25,3.46,12.0,400,3248,-6919,-108,3084,-6933,540,3202,-6971,22,3094,-7188,80,0,0,0,-108,-217,58,249.2,1639.7,0.255,-0.229,-0.443,90.875,-51.812,-3.938,246.6,1,-0.2094,0.1514,0.4569,0.8511,194.1,-26.7,0.0
708607,2026-08-30_09-20-52.608-240,v3.6.25,3.46,12.0,400,3089,-6984,-349,3012,-6998,210,3043,-7030,-216,2967,-7258,-229,0,0,0,-76,-228,-13,240.7,1583.5,0.789,0.186,-0.519,194.891,-42.609,-32.734,239.4,1,-0.2326,0.1661,0.4729,0.8335,195.4,-29.8,0.0
708637,2026-08-30_09-20-52.639-240,v3.6.25,3.46,12.0,400,2466,-7232,-773,2367,-7266,-409,2420,-7263,-634,2222,-7538,-723,0,0,0,-198,-275,-89,350.4,2305.0,1.221,0.313,-0.632,232.703,-16.594,-28.219,331.5,1,-0.2631,0.1790,0.4881,0.8127,197.6,-33.2,0.0
708852,2026-08-30_09-20-52.853-240,v3.6.25,3.46,12.0,400,-1174,-7492,964,-991,-7527,672,-1229,-7512,1092,-950,-7801,900,0,0,0,279,-289,-192,445.2,2929.1,0.612,-0.607,-0.326,31.250,-26.203,110.672,411.1,1,-0.2710,0.1940,0.4749,0.8145,198.3,-35.0,0.0
708926,2026-08-30_09-20-52.927-240,v3.6.25,3.46,12.0,400,-1888,-7351,824,-2343,-7244,191,-1947,-7359,952,-2392,-7536,659,0,0,0,-445,-177,-293,561.4,3693.6,0.769,-0.275,-0.406,72.766,-95.750,-52.562,508.6,1,-0.2720,0.2074,0.4893,0.8022,197.0,-36.8,0.0
708972,2026-08-30_09-20-52.974-240,v3.6.25,3.46,12.0,400,-2305,-7285,408,-2343,-7244,191,-2366,-7280,538,-2392,-7536,659,0,0,0,-26,-256,121,284.3,1870.7,0.775,0.314,-0.554,-3.844,-115.766,-29.500,276.1,1,-0.2613,0.2216,0.4985,0.7963,194.3,-37.8,0.0
708999,2026-08-30_09-20-52.001-240,v3.6.25,3.46,12.0,400,-2492,-7278,-261,-2468,-7201,-514,-2553,-7257,-126,-2638,-7505,-7,0,0,0,-85,-248,119,287.9,1894.1,0.802,0.211,-0.685,-57.797,-119.281,-10.047,279.1,1,-0.2434,0.2350,0.5030,0.7953,191.1,-38.2,0.0
709033,2026-08-30_09-20-52.035-240,v3.6.25,3.46,12.0,400,-2492,-7278,-261,-2468,-7201,-514,-2553,-7257,-126,-2638,-7505,-7,0,0,0,-85,-248,119,287.9,1894.1,0.897,-0.068,-0.756,-105.734,-111.188,-12.562,279.1,1,-0.2193,0.2443,0.5055,0.7979,187.5,-37.7,0.0
709147,2026-08-30_09-20-53.149-240,v3.6.25,3.46,12.0,400,-1326,-7202,-2681,-1566,-7090,-2350,-1384,-7149,-2530,-2051,-7418,-1952,0,0,0,-667,-269,578,922.7,6070.2,0.705,0.543,-0.875,-138.297,-61.219,-126.672,811.8,1,-0.1907,0.2356,0.5211,0.7978,184.1,-35.1,0.0
709379,2026-08-30_09-20-53.380-240,v3.6.25,3.46,12.0,400,2583,-6420,-3430,2820,-6320,-3147,2530,-6398,-3282,2188,-6639,-3475,0,0,0,-342,-241,-193,460.8,3031.3,0.618,1.044,-0.471,-120.391,84.781,175.969,424.1,1,-0.1874,0.2295,0.4895,0.8201,185.7,-34.0,0.0
709727,2026-08-30_09-20-53.728-240,v3.6.25,3.46,12.0,400,-2171,-7335,-1128,-1742,-7329,-771,-2231,-7302,-986,-1952,-7632,-380,0,0,0,279,-330,606,744.3,4896.7,0.741,0.155,-0.876,-99.438,-82.375,84.109,662.1,1,-0.1701,0.2423,0.4762,0.8280,183.5,-34.3,0.0
709788,2026-08-30_09-20-53.790-240,v3.6.25,3.46,12.0,400,-1977,-7267,-1901,-1970,-7157,-1734,-2037,-7221,-1755,-2349,-7477,-1282,0,0,0,-312,-256,473,621.8,4090.7,1.212,-0.061,-0.955,-215.547,-7.219,57.094,559.3,1,-0.1409,0.2355,0.4598,0.8446,181.4,-31.8,0.0
709821,2026-08-30_09-20-53.823-240,v3.6.25,3.46,12.0,400,-1977,-7267,-1901,-1331,-7148,-2313,-2037,-7221,-1755,-1808,-7474,-1955,0,0,0,229,-253,-200,395.5,2602.2,1.484,-0.122,-1.080,-242.828,42.562,43.719,369.4,1,-0.1110,0.2186,0.4423,0.8627,179.9,-28.4,0.0
710026,2026-08-30_09-20-53.027-240,v3.6.25,3.46,12.0,400,2292,-7252,-424,2167,-7295,-88,2246,-7287,-287,2077,-7563,-376,0,0,0,-169,-276,-89,335.6,2208.2,0.048,-0.854,-0.879,-172.891,-85.922,2.094,319.1,1,-0.0795,0.2226,0.4361,0.8683,176.4,-27.1,0.0
710080,2026-08-30_09-20-53.082-240,v3.6.25,3.46,12.0,400,2977,-7006,-490,2846,-7042,176,2931,-7048,-356,2796,-7304,-234,0,0,0,-135,-256,122,314.1,2066.3,0.454,-0.456,-0.393,11.047,-134.656,-172.188,301.0,1,-0.0646,0.2356,0.4637,0.8517,173.0,-27.5,0.0
710197,2026-08-30_09-20-54.198-240,v3.6.25,3.46,12.0,400,2901,-6471,-3054,3587,-6293,-2469,2850,-6461,-2908,3071,-6597,-2943,0,0,0,221,-136,-35,261.8,1722.7,1.028,0.347,-0.932,8.500,49.359,106.906,257.2,1,-0.0748,0.2351,0.4473,0.8597,174.7,-28.1,0.0
710241,2026-08-30_09-20-54.243-240,v3.6.25,3.46,12.0,400,2901,-6471,-3054,3322,-6414,-2412,2850,-6461,-2908,2818,-6718,-2842,0,0,0,-32,-257,66,267.3,1758.3,1.060,-0.422,-0.759,118.984,93.156,55.969,261.7,1,-0.1030,0.2320,0.4418,0.8604,178.2,-29.4,0.0
710269,2026-08-30_09-20-54.271-240,v3.6.25,3.46,12.0,400,2683,-6834,-2382,2798,-6903,-1646,2634,-6835,-2237,2434,-7194,-2004,0,0,0,-200,-359,233,472.4,3108.0,1.094,-0.319,-0.840,185.141,113.453,2.094,433.9,1,-0.1405,0.2265,0.4462,0.8543,182.5,-30.8,0.0
710490,2026-08-30_09-20-54.491-240,v3.6.25,3.46,12.0,400,-227,-7577,947,-181,-7589,880,-278,-7609,1077,-102,-7854,966,0,0,0,176,-245,-111,321.4,2114.7,0.615,0.150,-0.385,24.281,-38.922,48.578,307.2,1,-0.1441,0.2372,0.4406,0.8537,182.5,-32.1,0.0
710520,2026-08-30_09-20-54.522-240,v3.6.25,3.46,12.0,400,-762,-7519,836,-905,-7526,850,-815,-7542,966,-833,-7797,1060,0,0,0,-18,-255,94,272.4,1791.9,0.772,0.159,-0.364,-32.078,-58.359,29.266,266.0,1,-0.1371,0.2465,0.4360,0.8546,181.3,-32.7,0.0
710553,2026-08-30_09-20-54.555-240,v3.6.25,3.46,12.0,400,-762,-7519,836,-979,-7562,314,-815,-7542,966,-998,-7841,549,0,0,0,-183,-299,-417,544.8,3584.0,1.203,0.403,-0.298,-109.828,-57.609,12.609,494.6,1,-0.1177,0.2502,0.4308,0.8591,179.1,-32.1,0.0
710606,2026-08-30_09-20-54.607-240,v3.6.25,3.46,12.0,400,-820,-7620,321,-979,-7562,314,-873,-7633,455,-998,-7841,549,0,0,0,-125,-208,94,260.2,1712.1,1.782,0.409,-0.878,-248.812,-12.609,57.734,255.9,1,-0.0823,0.2420,0.4122,0.8745,176.3,-29.4,0.0
710633,2026-08-30_09-20-54.635-240,v3.6.25,3.46,12.0,400,-270,-7662,-128,-311,-7625,-106,-321,-7673,10,-399,-7906,26,0,0,0,-78,-233,16,246.2,1619.9,1.859,0.402,-1.016,-298.938,21.094,85.078,244.1,1,-0.0424,0.2267,0.3862,0.8931,173.7,-26.0,0.0
710662,2026-08-30_09-20-54.664-240,v3.6.25,3.46,12.0,400,-270,-7662,-128,-311,-7625,-106,-321,-7673,10,-399,-7906,26,0,0,0,-78,-233,16,246.2,1619.9,1.517,0.426,-1.102,-338.906,51.234,121.234,244.1,1,0.0003,0.2054,0.3515,0.9134,171.0,-22.0,0.0
710781,2026-08-30_09-20-54.783-240,v3.6.25,3.46,12.0,400,2493,-7079,1102,1818,-7328,1146,2446,-7146,1225,1939,-7579,887,0,0,0,-507,-433,-338,747.5,4917.9,0.046,-1.428,-0.622,-121.688,-22.625,-38.531,664.8,1,0.0215,0.2019,0.3511,0.9141,168.8,-20.7,0.0
710816,2026-08-30_09-20-54.818-240,v3.6.25,3.46,12.0,400,2493,-7079,1102,2391,-7074,1604,2446,-7146,1225,2585,-7316,1236,0,0,0,139,-170,11,219.9,1446.5,0.020,-0.195,-0.673,6.172,-68.281,-165.375,222.0,1,0.0319,0.2095,0.3769,0.9017,166.7,-20.7,0.0
710846,2026-08-30_09-20-54.847-240,v3.6.25,3.46,12.0,400,3062,-6927,596,2391,-7074,1604,3016,-6990,721,2585,-7316,1236,0,0,0,-431,-326,515,746.5,4911.2,0.325,0.426,-0.393,60.359,-86.906,-168.234,663.9,1,0.0354,0.2225,0.4054,0.8859,164.9,-21.4,0.0
710956,2026-08-30_09-20-54.957-240,v3.6.25,3.46,12.0,400,3182,-6888,-1013,3329,-6845,-329,3136,-6922,-876,3190,-7113,-809,0,0,0,54,-191,67,209.5,1378.2,1.157,0.349,-0.678,50.047,48.391,78.328,213.3,1,0.0200,0.2214,0.3956,0.8911,166.8,-22.3,0.0
710986,2026-08-30_09-20-54.988-240,v3.6.25,3.46,12.0,400,2826,-7107,-549,3006,-7019,-210,2780,-7146,-413,2890,-7286,-638,0,0,0,110,-140,-225,286.9,1887.7,1.157,-0.380,-0.657,94.969,74.391,60.219,278.2,1,-0.0035,0.2183,0.3903,0.8945,169.7,-23.2,0.0
711028,2026-08-30_09-20-54.030-240,v3.6.25,3.46,12.0,400,2826,-7107,-549,2332,-7265,474,2780,-7146,-413,2337,-7523,144,0,0,0,-443,-377,557,805.4,5298.5,1.265,-0.469,-0.784,208.828,104.922,-42.766,713.4,1,-0.0418,0.2132,0.4054,0.8879,173.8,-24.4,0.0
711075,2026-08-30_09-20-54.077-240,v3.6.25,3.46,12.0,400,2277,-7284,142,2332,-7265,474,2231,-7330,274,2337,-7523,144,0,0,0,106,-193,-130,255.7,1682.3,1.009,-0.316,-0.557,277.859,116.234,-116.016,252.0,1,-0.0882,0.2068,0.4337,0.8725,178.4,-25.9,0.0
711106,2026-08-30_09-20-54.108-240,v3.6.25,3.46,12.0,400,1741,-7326,851,1591,-7403,1115,1693,-7379,979,1708,-7655,895,0,0,0,15,-276,-84,288.9,1900.6,0.902,0.183,-0.760,286.000,109.469,-121.219,279.9,1,-0.1347,0.2010,0.4622,0.8531,182.9,-27.9,0.0
711133,2026-08-30_09-20-55.135-240,v3.6.25,3.46,12.0,400,1741,-7326,851,1591,-7403,1115,1693,-7379,979,1708,-7655,895,0,0,0,15,-276,-84,288.9,1900.6,0.867,0.509,-0.722,250.766,87.609,-74.750,279.9,1,-0.1758,0.1985,0.4816,0.8353,186.8,-30.1,0.0
711161,2026-08-30_09-20-55.163-240,v3.6.25,3.46,12.0,400,1321,-7337,1595,990,-7381,1822,1272,-7400,1718,1226,-7626,1687,0,0,0,-46,-226,-31,232.7,1531.0,0.628,0.369,-0.595,203.906,54.672,-16.234,232.7,1,-0.2098,0.2017,0.4908,0.8212,190.0,-32.5,0.0
711206,2026-08-30_09-20-55.208-240,v3.6.25,3.46,12.0,400,770,-7282,2033,280,-7321,2226,719,-7346,2152,583,-7564,2202,0,0,0,-136,-218,50,261.8,1722.1,0.492,0.084,-0.513,143.531,-5.125,0.547,257.1,1,-0.2307,0.2113,0.4966,0.8097,191.5,-34.8,0.0
711251,2026-08-30_09-20-55.253-240,v3.6.25,3.46,12.0,400,229,-7310,2025,280,-7321,2226,176,-7367,2144,583,-7564,2202,0,0,0,407,-197,58,455.9,2999.2,0.912,0.559,-0.180,62.938,-40.406,-23.703,420.0,1,-0.2361,0.2186,0.5033,0.8020,191.3,-36.0,0.0
711291,2026-08-30_09-20-55.293-240,v3.6.25,3.46,12.0,400,229,-7310,2025,-261,-7373,2053,176,-7367,2144,13,-7622,2124,0,0,0,-163,-255,-20,303.3,1995.4,1.355,0.790,0.122,-62.031,-40.500,-12.172,292.0,1,-0.2241,0.2195,0.5038,0.8049,189.9,-35.4,0.0
711320,2026-08-30_09-20-55.322-240,v3.6.25,3.46,12.0,400,102,-7404,1720,-207,-7450,1687,50,-7454,1842,6,-7704,1758,0,0,0,-44,-250,-84,267.4,1759.1,1.727,0.492,-0.103,-140.594,-20.594,-16.266,261.8,1,-0.2028,0.2132,0.5009,0.8140,188.0,-33.4,0.0
711368,2026-08-30_09-20-55.370-240,v3.6.25,3.46,12.0,400,541,-7457,1455,-207,-7450,1687,491,-7508,1580,6,-7704,1758,0,0,0,-485,-196,178,552.6,3635.3,1.953,0.413,-0.424,-220.359,19.188,-35.984,501.2,1,-0.1727,0.1952,0.4958,0.8284,186.1,-29.6,0.0
711499,2026-08-30_09-20-55.500-240,v3.6.25,3.46,12.0,400,2489,-6938,1759,2468,-6808,2495,2441,-7017,1876,2808,-7037,2092,0,0,0,367,-20,216,426.3,2804.7,0.129,-0.710,-0.647,-241.172,-59.484,48.875,395.2,1,-0.1363,0.1934,0.4798,0.8448,182.9,-27.2,0.0
711542,2026-08-30_09-20-55.544-240,v3.6.25,3.46,12.0,400,3026,-6673,1908,2468,-6808,2495,2978,-6760,2021,2808,-7037,2092,0,0,0,-170,-277,71,332.7,2188.6,0.257,-0.076,-0.481,-136.297,-116.141,-25.078,316.6,1,-0.1068,0.2016,0.4800,0.8471,179.2,-26.4,0.0
711570,2026-08-30_09-20-55.571-240,v3.6.25,3.46,12.0,400,3474,-6607,1293,3001,-6675,2117,3427,-6688,1409,3274,-6908,1633,0,0,0,-153,-220,224,349.3,2297.8,0.714,-0.134,-0.185,-97.578,-129.016,-25.938,330.6,1,-0.0815,0.2134,0.4813,0.8463,175.7,-26.1,0.0
711714,2026-08-30_09-20-55.715-240,v3.6.25,3.46,12.0,400,3233,-6917,-163,3543,-6756,309,3187,-6968,-32,3511,-7013,-223,0,0,0,324,-45,-191,378.8,2492.0,1.098,0.561,-0.583,64.172,64.500,59.547,355.3,1,-0.0998,0.2121,0.4740,0.8487,178.0,-27.0,0.0
711762,2026-08-30_09-20-55.765-240,v3.6.25,3.46,12.0,400,3233,-6917,-163,3094,-6947,506,3187,-6968,-32,3099,-7202,45,0,0,0,-88,-234,77,261.6,1721.0,1.256,0.154,-0.657,96.594,124.688,18.125,257.0,1,-0.1260,0.2015,0.4727,0.8486,181.5,-27.5,0.0
711949,2026-08-30_09-20-55.950-240,v3.6.25,3.46,12.0,400,2515,-6247,3480,1973,-6514,3641,2462,-6357,3577,2501,-6730,3294,0,0,0,39,-373,-283,469.8,3091.0,0.785,-0.216,-0.127,257.250,70.438,-73.328,431.7,1,-0.1669,0.2023,0.4920,0.8302,185.2,-30.0,0.0
711975,2026-08-30_09-20-55.976-240,v3.6.25,3.46,12.0,400,2515,-6247,3480,1767,-6255,4154,2462,-6357,3577,2377,-6466,3829,0,0,0,-85,-109,252,287.4,1890.9,0.662,-0.036,-0.385,274.969,34.531,-74.484,278.7,1,-0.2070,0.2090,0.5121,0.8070,188.3,-33.3,0.0
712008,2026-08-30_09-20-55.010-240,v3.6.25,3.46,12.0,400,2422,-6113,3707,1767,-6255,4154,2367,-6226,3801,2377,-6466,3829,0,0,0,10,-240,28,241.8,1591.0,0.565,0.479,-0.459,260.047,-10.531,-48.609,240.4,1,-0.2415,0.2225,0.5287,0.7827,190.3,-37.1,0.0
712036,2026-08-30_09-20-55.037-240,v3.6.25,3.46,12.0,400,2165,-6271,3553,1587,-6322,4064,2111,-6378,3650,2183,-6535,3772,0,0,0,72,-157,122,211.5,1391.2,0.453,0.751,-0.347,202.656,-48.422,-1.453,214.9,1,-0.2652,0.2405,0.5379,0.7632,191.1,-40.7,0.0
712079,2026-08-30_09-20-55.081-240,v3.6.25,3.46,12.0,400,2165,-6271,3553,1050,-6701,3582,2111,-6378,3650,1571,-6922,3393,0,0,0,-540,-544,-257,808.4,5318.7,0.819,1.264,0.105,65.141,-89.141,74.812,715.9,1,-0.2682,0.2620,0.5336,0.7581,190.0,-43.1,0.0
712128,2026-08-30_09-20-56.130-240,v3.6.25,3.46,12.0,400,1560,-6668,3173,1050,-6701,3582,1507,-6762,3277,1571,-6922,3393,0,0,0,64,-160,116,207.7,1366.6,1.560,0.901,0.083,-135.156,-82.562,125.672,211.8,1,-0.2459,0.2756,0.5159,0.7729,187.5,-42.8,0.0
712156,2026-08-30_09-20-56.157-240,v3.6.25,3.46,12.0,400,868,-7027,2667,339,-7076,2883,815,-7103,2779,748,-7310,2832,0,0,0,-67,-207,53,223.9,1473.3,1.841,0.307,-0.128,-204.297,-45.953,111.922,225.4,1,-0.2166,0.2792,0.4959,0.7933,185.1,-41.1,0.0
712198,2026-08-30_09-20-56.200-240,v3.6.25,3.46,12.0,400,782,-7152,2395,289,-7207,2590,730,-7223,2510,651,-7445,2555,0,0,0,-79,-222,45,239.9,1578.3,1.817,-0.084,-0.503,-252.062,13.391,48.391,238.8,1,-0.1836,0.2669,0.4805,0.8150,183.1,-37.7,0.0
712242,2026-08-30_09-20-56.244-240,v3.6.25,3.46,12.0,400,1411,-6997,2539,289,-7207,2590,1360,-7078,2651,651,-7445,2555,0,0,0,-709,-367,-96,804.1,5290.2,1.678,0.064,-0.632,-274.203,60.578,10.344,712.3,1,-0.1497,0.2435,0.4675,0.8365,181.6,-33.2,0.0
712291,2026-08-30_09-20-56.293-240,v3.6.25,3.46,12.0,400,1411,-6997,2539,995,-7010,2922,1360,-7078,2651,1410,-7240,2759,0,0,0,50,-162,108,201.0,1322.5,1.142,0.066,-0.513,-274.469,67.641,14.625,206.2,1,-0.1163,0.2190,0.4526,0.8565,180.1,-28.7,0.0
712361,2026-08-30_09-20-56.363-240,v3.6.25,3.46,12.0,400,2931,-6065,3430,1855,-6517,3643,2878,-6178,3525,2384,-6734,3316,0,0,0,-494,-556,-209,772.6,5082.6,0.449,-0.524,-0.150,-178.266,-9.438,-52.422,685.8,1,-0.0878,0.2073,0.4525,0.8629,177.7,-25.9,0.0
712396,2026-08-30_09-20-56.398-240,v3.6.25,3.46,12.0,400,2931,-6065,3430,2465,-6062,4014,2878,-6178,3525,3048,-6272,3574,0,0,0,170,-94,49,200.3,1318.0,0.277,0.154,-0.328,-101.766,-58.891,-101.984,205.6,1,-0.0646,0.2054,0.4640,0.8593,175.0,-24.4,0.0
712476,2026-08-30_09-20-56.478-240,v3.6.25,3.46,12.0,400,4187,-5789,2403,3316,-5869,3536,4136,-5897,2502,3814,-6083,2963,0,0,0,-322,-186,461,592.3,3896.6,1.365,0.200,0.231,5.938,-60.812,-45.344,534.5,1,-0.0593,0.2127,0.4711,0.8540,173.7,-24.8,0.0
712505,2026-08-30_09-20-56.506-240,v3.6.25,3.46,12.0,400,4359,-5909,1850,3866,-5947,2806,4309,-6009,1955,4242,-6168,2157,0,0,0,-67,-159,202,265.7,1747.7,1.699,0.445,0.161,45.844,-17.781,-11.625,260.4,1,-0.0649,0.2179,0.4744,0.8505,173.9,-25.6,0.0
712552,2026-08-30_09-20-56.553-240,v3.6.25,3.46,12.0,400,4359,-5909,1850,3807,-6104,2642,4309,-6009,1955,4158,-6327,2007,0,0,0,-151,-318,52,355.8,2341.1,1.380,0.870,-0.189,56.234,60.562,84.391,336.1,1,-0.0826,0.2172,0.4628,0.8555,176.2,-26.6,0.0
712596,2026-08-30_09-20-56.598-240,v3.6.25,3.46,12.0,400,4127,-6051,2039,3807,-6104,2642,4077,-6152,2144,4158,-6327,2007,0,0,0,81,-175,-137,236.5,1556.2,1.440,-0.002,-0.236,78.578,113.500,111.562,236.0,1,-0.1090,0.2114,0.4472,0.8623,179.9,-27.5,0.0
712657,2026-08-30_09-20-56.659-240,v3.6.25,3.46,12.0,400,3570,-6057,2951,3118,-6190,3431,3519,-6169,3050,3605,-6404,2894,0,0,0,86,-235,-156,294.9,1940.0,1.412,-0.444,-0.028,199.859,157.656,-13.453,284.9,1,-0.1512,0.1986,0.4539,0.8554,185.1,-28.5,0.0
712711,2026-08-30_09-20-56.713-240,v3.6.25,3.46,12.0,400,3072,-5753,3891,2369,-5915,4386,3017,-5876,3980,3012,-6121,3953,0,0,0,-5,-245,-27,246.5,1621.9,0.735,0.208,-0.175,262.234,154.500,-110.547,244.4,1,-0.1977,0.1832,0.4764,0.8369,190.4,-29.7,0.0
712740,2026-08-30_09-20-56.742-240,v3.6.25,3.46,12.0,400,3211,-5192,4468,2389,-5306,5066,3152,-5326,4546,3134,-5505,4612,0,0,0,-18,-179,66,191.6,1260.7,0.776,0.396,-0.181,256.984,126.750,-99.953,198.3,1,-0.2410,0.1716,0.4966,0.8160,195.1,-31.3,0.0
712768,2026-08-30_09-20-56.770-240,v3.6.25,3.46,12.0,400,3645,-4763,4627,2389,-5306,5066,3584,-4904,4699,3134,-5505,4612,0,0,0,-450,-601,-87,755.8,4972.5,0.658,0.440,-0.064,241.906,94.516,-59.359,671.8,1,-0.2805,0.1662,0.5107,0.7956,199.4,-33.4,0.0
712815,2026-08-30_09-20-56.818-240,v3.6.25,3.46,12.0,400,3645,-4763,4627,2802,-4842,5304,3584,-4904,4699,3578,-5038,4773,0,0,0,-6,-134,74,153.2,1007.8,0.518,0.804,0.007,205.516,33.781,11.266,166.0,1,-0.3117,0.1724,0.5163,0.7788,202.4,-36.2,0.0
712847,2026-08-30_09-20-56.849-240,v3.6.25,3.46,12.0,400,3708,-4697,4662,2753,-4895,5309,3646,-4839,4733,3531,-5091,4786,0,0,0,-115,-252,53,282.0,1855.4,0.559,0.667,0.213,140.062,-14.859,77.984,274.1,1,-0.3325,0.1880,0.5123,0.7692,204.2,-39.0,0.0
712886,2026-08-30_09-20-56.888-240,v3.6.25,3.46,12.0,400,3202,-5028,4688,2753,-4895,5309,3141,-5165,4763,3531,-5091,4786,0,0,0,390,74,23,397.6,2615.9,0.685,0.383,0.332,83.781,-56.203,83.969,371.2,1,-0.3424,0.2071,0.5072,0.7633,204.7,-41.6,0.0
712933,2026-08-30_09-20-56.934-240,v3.6.25,3.46,12.0,400,2514,-5503,4527,2041,-5361,5172,2455,-5630,4608,2805,-5560,4774,0,0,0,350,70,166,393.6,2589.8,1.263,1.084,0.434,-12.188,-68.438,54.188,367.8,1,-0.3371,0.2203,0.5033,0.7645,203.5,-42.5,0.0
712971,2026-08-30_09-20-56.973-240,v3.6.25,3.46,12.0,400,2514,-5503,4527,1450,-5825,4824,2455,-5630,4608,2164,-6030,4536,0,0,0,-291,-400,-72,499.9,3288.6,1.493,1.216,0.188,-163.234,-45.172,103.188,457.0,1,-0.3149,0.2278,0.4861,0.7827,201.3,-41.5,0.0
712999,2026-08-30_09-20-56.001-240,v3.6.25,3.46,12.0,400,2082,-5838,4339,1450,-5825,4824,2024,-5958,4425,2164,-6030,4536,0,0,0,140,-72,111,192.6,1267.3,1.582,0.764,-0.120,-251.516,-15.219,117.703,199.1,1,-0.2833,0.2284,0.4610,0.8093,198.6,-39.1,0.0
713027,2026-08-30_09-20-56.029-240,v3.6.25,3.46,12.0,400,2082,-5838,4339,1044,-5999,4707,2024,-5958,4425,1742,-6207,4491,0,0,0,-282,-249,66,381.9,2512.8,1.642,0.364,-0.337,-304.891,19.703,115.844,358.0,1,-0.2463,0.2212,0.4313,0.8393,195.9,-35.7,0.0
713059,2026-08-30_09-20-56.060-240,v3.6.25,3.46,12.0,400,1753,-5857,4461,1044,-5999,4707,1694,-5975,4547,1742,-6207,4491,0,0,0,48,-232,-56,243.4,1601.6,1.575,0.056,-0.407,-332.734,55.141,112.312,241.8,1,-0.2069,0.2069,0.3979,0.8695,193.3,-31.6,0.0
713086,2026-08-30_09-20-56.088-240,v3.6.25,3.46,12.0,400,1602,-5540,4942,793,-5785,5084,1540,-5664,5021,1550,-5990,4901,0,0,0,10,-326,-120,347.5,2286.4,1.455,-0.378,-0.518,-330.859,77.328,109.703,329.1,1,-0.1684,0.1886,0.3627,0.8969,190.7,-27.4,0.0
713131,2026-08-30_09-20-57.133-240,v3.6.25,3.46,12.0,400,1602,-5540,4942,490,-5261,5685,1540,-5664,5021,1337,-5462,5538,0,0,0,-203,202,517,591.0,3888.3,0.970,-0.380,-0.210,-283.016,83.797,62.562,533.5,1,-0.1346,0.1678,0.3356,0.9171,188.4,-23.5,0.0
713179,2026-08-30_09-20-57.181-240,v3.6.25,3.46,12.0,400,1419,-5034,5498,490,-5261,5685,1352,-5165,5567,1337,-5462,5538,0,0,0,-15,-297,-29,298.8,1965.7,0.457,-1.068,-0.037,-167.672,53.375,-44.172,288.2,1,-0.1104,0.1507,0.3313,0.9248,186.4,-20.6,0.0
713207,2026-08-30_09-20-57.209-240,v3.6.25,3.46,12.0,400,1473,-4582,5854,418,-4756,6133,1403,-4719,5915,1330,-4954,5986,0,0,0,-73,-235,71,256.1,1685.0,0.302,-0.739,0.153,-90.250,24.109,-109.141,252.4,1,-0.0925,0.1382,0.3418,0.9250,184.6,-18.6,0.0
713235,2026-08-30_09-20-57.236-240,v3.6.25,3.46,12.0,400,1473,-4582,5854,418,-4756,6133,1403,-4719,5915,1330,-4954,5986,0,0,0,-73,-235,71,256.1,1685.0,0.229,-0.199,0.362,-30.859,-4.109,-130.203,252.4,1,-0.0803,0.1314,0.3593,0.9204,183.2,-17.4,0.0
713265,2026-08-30_09-20-57.267-240,v3.6.25,3.46,12.0,400,2174,-4358,5747,1182,-4504,6157,2105,-4501,5807,2094,-4699,5879,0,0,0,-11,-198,72,211.0,1388.0,0.491,0.097,0.621,5.172,-19.156,-103.391,214.5,1,-0.0742,0.1296,0.3751,0.9149,182.3,-17.0,0.0
713294,2026-08-30_09-20-57.295-240,v3.6.25,3.46,12.0,400,2896,-4379,5413,1182,-4504,6157,2829,-4524,5475,2094,-4699,5879,0,0,0,-735,-175,404,856.8,5636.7,0.987,0.105,0.779,35.359,-13.125,-57.391,756.5,1,-0.0757,0.1306,0.3856,0.9102,182.2,-17.2,0.0
713354,2026-08-30_09-20-57.355-240,v3.6.25,3.46,12.0,400,3195,-4400,5240,1984,-4542,5910,3129,-4546,5304,2856,-4736,5503,0,0,0,-273,-190,199,387.6,2550.0,1.468,0.054,0.332,132.359,44.938,-52.125,362.7,1,-0.0961,0.1280,0.4000,0.9024,184.3,-17.9,0.0
713391,2026-08-30_09-20-57.392-240,v3.6.25,3.46,12.0,400,3195,-4400,5240,2298,-4540,5832,3129,-4546,5304,3157,-4733,5373,0,0,0,28,-187,69,201.3,1324.2,1.538,0.195,0.265,173.797,84.734,-65.328,206.4,1,-0.1245,0.1205,0.4178,0.8919,187.4,-18.6,0.0
713420,2026-08-30_09-20-57.422-240,v3.6.25,3.46,12.0,400,3481,-4203,5238,2672,-4229,5903,3415,-4351,5299,3536,-4421,5378,0,0,0,121,-70,79,160.6,1056.4,1.553,0.209,0.363,197.766,107.141,-79.828,172.2,1,-0.1569,0.1097,0.4380,0.8784,191.0,-19.3,0.0
713469,2026-08-30_09-20-57.470-240,v3.6.25,3.46,12.0,400,3954,-3763,5229,2672,-4229,5903,3886,-3916,5285,3536,-4421,5378,0,0,0,-350,-505,93,621.4,4088.3,1.114,0.732,0.224,218.328,130.453,-89.156,559.0,1,-0.1931,0.0954,0.4592,0.8618,195.1,-20.0,0.0
713496,2026-08-30_09-20-57.498-240,v3.6.25,3.46,12.0,400,3954,-3763,5229,3278,-3653,5944,3886,-3916,5285,4138,-3844,5315,0,0,0,252,72,30,263.8,1735.5,0.905,1.077,0.234,180.906,119.203,-35.484,258.8,1,-0.2258,0.0837,0.4705,0.8489,199.0,-20.8,0.0
713540,2026-08-30_09-20-57.543-240,v3.6.25,3.46,12.0,400,4502,-3270,5163,3599,-3226,6068,4432,-3426,5214,4471,-3416,5380,0,0,0,39,10,166,170.8,1123.8,0.646,0.414,0.330,127.484,76.047,50.547,180.8,1,-0.2529,0.0825,0.4679,0.8428,202.1,-22.1,0.0
713585,2026-08-30_09-20-57.586-240,v3.6.25,3.46,12.0,400,4519,-3023,5358,3599,-3226,6068,4447,-3183,5405,4471,-3416,5380,0,0,0,24,-233,-25,235.6,1549.8,0.461,-0.328,0.166,136.234,17.281,19.516,235.1,1,-0.2745,0.0882,0.4723,0.8329,204.2,-24.0,0.0
713613,2026-08-30_09-20-57.615-240,v3.6.25,3.46,12.0,400,4347,-3146,5370,3342,-3232,6188,4275,-3304,5418,4234,-3422,5541,0,0,0,-41,-118,123,175.3,1153.4,0.423,0.002,0.118,144.000,-8.984,-32.516,184.6,1,-0.2917,0.0936,0.4851,0.8190,205.5,-25.9,0.0
713656,2026-08-30_09-20-57.657-240,v3.6.25,3.46,12.0,400,4347,-3146,5370,3533,-3562,5831,4275,-3304,5418,4372,-3754,5161,0,0,0,97,-450,-257,527.2,3468.5,0.762,0.954,0.330,93.562,-21.047,-77.016,479.9,1,-0.2981,0.0938,0.5014,0.8068,205.7,-26.8,0.0
713702,2026-08-30_09-20-57.704-240,v3.6.25,3.46,12.0,400,4561,-3437,4910,3533,-3562,5831,4492,-3590,4965,4372,-3754,5161,0,0,0,-120,-164,196,282.3,1857.5,1.138,1.549,0.714,-42.188,-4.094,-51.125,274.4,1,-0.2897,0.0870,0.5058,0.8079,204.9,-25.7,0.0
713731,2026-08-30_09-20-57.733-240,v3.6.25,3.46,12.0,400,4934,-3475,4576,4022,-3646,5451,4867,-3626,4634,4798,-3840,4707,0,0,0,-69,-214,73,236.4,1555.3,1.333,1.482,0.655,-141.578,18.281,-13.406,235.8,1,-0.2725,0.0754,0.4980,0.8198,203.9,-23.3,0.0
713760,2026-08-30_09-20-57.762-240,v3.6.25,3.46,12.0,400,4934,-3475,4576,4022,-3646,5451,4867,-3626,4634,4798,-3840,4707,0,0,0,-69,-214,73,236.4,1555.3,1.456,1.366,0.459,-239.188,44.578,26.141,235.8,1,-0.2469,0.0585,0.4773,0.8413,202.4,-19.5,0.0
713791,2026-08-30_09-20-57.793-240,v3.6.25,3.46,12.0,400,5083,-2992,4871,4174,-3109,5813,5012,-3149,4921,5000,-3300,5034,0,0,0,-12,-151,113,189.0,1243.3,1.367,1.139,0.371,-310.312,65.109,63.047,196.0,1,-0.2156,0.0379,0.4449,0.8684,200.6,-14.9,0.0
713938,2026-08-30_09-20-57.939-240,v3.6.25,3.46,12.0,400,3687,-899,6648,2596,-1107,7293,3595,-1066,6661,3628,-1298,6741,0,0,0,33,-232,80,247.6,1629.0,0.354,0.423,0.885,-93.703,-95.094,-100.484,245.3,1,-0.1888,0.0399,0.4552,0.8692,197.5,-14.0,0.0
713969,2026-08-30_09-20-57.971-240,v3.6.25,3.46,12.0,400,3687,-899,6648,2680,-1130,7221,3595,-1066,6661,3701,-1322,6657,0,0,0,106,-256,-4,277.1,1823.1,0.593,0.662,0.791,-97.625,-117.422,-32.594,270.0,1,-0.1643,0.0498,0.4563,0.8731,194.4,-13.7,0.0
713997,2026-08-30_09-20-57.999-240,v3.6.25,3.46,12.0,400,3988,-1296,6390,2680,-1130,7221,3900,-1463,6410,3701,-1322,6657,0,0,0,-199,141,247,347.1,2283.7,0.830,0.355,0.809,-93.062,-121.625,18.906,328.8,1,-0.1437,0.0641,0.4504,0.8789,191.6,-14.0,0.0
714024,2026-08-30_09-20-57.026-240,v3.6.25,3.46,12.0,400,3988,-1296,6390,2853,-1812,7011,3900,-1463,6410,3853,-2001,6424,0,0,0,-47,-538,14,540.2,3554.1,0.991,0.025,0.634,-63.234,-110.812,36.750,490.8,1,-0.1292,0.0797,0.4434,0.8834,189.4,-14.8,0.0
714057,2026-08-30_09-20-57.059-240,v3.6.25,3.46,12.0,400,3852,-2015,6292,2853,-1812,7011,3769,-2181,6321,3853,-2001,6424,0,0,0,84,180,103,223.8,1472.1,1.359,-0.244,0.529,-2.547,-82.859,29.719,225.2,1,-0.1250,0.0940,0.4405,0.8840,188.3,-16.0,0.0
714128,2026-08-30_09-20-58.130-240,v3.6.25,3.46,12.0,400,3570,-2663,6185,2420,-3092,6693,3492,-2825,6222,3394,-3280,6190,0,0,0,-98,-455,-32,466.5,3069.3,1.505,0.315,0.292,98.750,21.203,6.281,429.0,1,-0.1418,0.0966,0.4449,0.8790,189.8,-17.2,0.0
714172,2026-08-30_09-20-58.174-240,v3.6.25,3.46,12.0,400,3514,-2956,6080,2420,-3092,6693,3438,-3117,6121,3394,-3280,6190,0,0,0,-44,-163,69,182.4,1199.9,1.564,0.268,0.317,106.922,91.234,21.078,190.5,1,-0.1660,0.0898,0.4457,0.8751,192.8,-17.8,0.0
714199,2026-08-30_09-20-58.200-240,v3.6.25,3.46,12.0,400,3558,-2716,6217,2410,-2988,6817,3480,-2879,6254,3402,-3175,6312,0,0,0,-78,-296,58,311.6,2049.7,1.609,0.007,0.583,117.812,125.125,12.203,298.9,1,-0.1936,0.0776,0.4471,0.8698,196.3,-17.9,0.0
714287,2026-08-30_09-20-58.289-240,v3.6.25,3.46,12.0,400,3664,-1965,6409,2508,-2170,7037,3580,-2130,6436,3520,-2359,6509,0,0,0,-60,-229,73,247.7,1629.8,0.332,0.144,0.268,210.688,146.891,-91.797,245.4,1,-0.2286,0.0593,0.4676,0.8518,200.6,-18.3,0.0
714351,2026-08-30_09-20-58.353-240,v3.6.25,3.46,12.0,400,5098,-517,5698,3290,-1126,6893,5007,-681,5714,4255,-1319,6233,0,0,0,-752,-638,519,1114.4,7331.6,0.149,0.411,0.550,174.562,68.688,-2.859,972.7,1,-0.2575,0.0569,0.4764,0.8387,203.7,-19.9,0.0
714410,2026-08-30_09-20-58.412-240,v3.6.25,3.46,12.0,400,5390,-658,5417,4147,-616,6520,5301,-821,5436,5039,-813,5723,0,0,0,-262,8,287,388.7,2557.1,0.258,0.470,0.627,140.906,-28.172,27.125,363.7,1,-0.2756,0.0695,0.4831,0.8282,204.9,-22.4,0.0
714443,2026-08-30_09-20-58.445-240,v3.6.25,3.46,12.0,400,5390,-658,5417,4445,-946,6296,5301,-821,5436,5306,-1143,5454,0,0,0,5,-322,18,322.5,2122.0,0.336,0.472,0.558,103.656,-70.531,22.938,308.1,1,-0.2849,0.0860,0.4897,0.8195,204.9,-24.8,0.0
714521,2026-08-30_09-20-58.523-240,v3.6.25,3.46,12.0,400,5408,-2039,4989,4483,-1762,6060,5331,-2199,5027,5322,-1957,5219,0,0,0,-9,242,192,309.0,2033.2,1.038,1.158,0.438,-52.922,-84.422,40.328,296.8,1,-0.2734,0.0983,0.4852,0.8247,203.2,-25.3,0.0
714551,2026-08-30_09-20-58.553-240,v3.6.25,3.46,12.0,400,5408,-2039,4989,4384,-2500,5893,5331,-2199,5027,5211,-2693,5075,0,0,0,-120,-494,48,510.6,3359.4,1.248,1.117,0.420,-148.156,-57.812,69.594,466.0,1,-0.2530,0.1045,0.4698,0.8393,201.0,-24.4,0.0
714580,2026-08-30_09-20-58.583-240,v3.6.25,3.46,12.0,400,5161,-2502,5072,4384,-2500,5893,5086,-2662,5115,5211,-2693,5075,0,0,0,125,-31,-40,134.9,887.2,1.549,0.843,0.352,-216.812,-22.656,78.703,150.6,1,-0.2266,0.1031,0.4469,0.8593,198.7,-22.3,0.0
714611,2026-08-30_09-20-58.612-240,v3.6.25,3.46,12.0,400,4675,-2407,5621,3887,-2712,6225,4598,-2571,5659,4774,-2901,5484,0,0,0,176,-330,-175,412.9,2716.6,1.661,0.559,0.399,-267.266,28.781,76.141,384.0,1,-0.1966,0.0914,0.4183,0.8820,196.6,-19.0,0.0
714655,2026-08-30_09-20-58.657-240,v3.6.25,3.46,12.0,400,4675,-2407,5621,3114,-2084,6906,4598,-2571,5659,4103,-2272,6278,0,0,0,-495,299,619,847.1,5573.1,1.566,0.237,0.470,-297.516,97.000,80.703,748.4,1,-0.1672,0.0680,0.3837,0.9057,195.0,-14.6,0.0
714705,2026-08-30_09-20-58.707-240,v3.6.25,3.46,12.0,400,3999,-1668,6426,3114,-2084,6906,3914,-1837,6450,4103,-2272,6278,0,0,0,189,-435,-172,504.5,3319.1,0.941,-0.690,0.357,-242.625,122.156,26.750,460.9,1,-0.1431,0.0397,0.3588,0.9215,193.8,-10.1,0.0
714815,2026-08-30_09-20-58.816-240,v3.6.25,3.46,12.0,400,2894,665,7138,1575,239,7659,2786,503,7130,2638,37,7269,0,0,0,-148,-466,139,508.3,3344.2,0.142,-0.025,0.836,-85.297,-37.375,-54.812,464.0,1,-0.1248,0.0386,0.3610,0.9234,191.9,-9.3,0.0
714865,2026-08-30_09-20-58.867-240,v3.6.25,3.46,12.0,400,2894,665,7138,1693,579,7629,2786,503,7130,2744,375,7219,0,0,0,-42,-128,89,161.5,1062.2,0.166,0.490,0.552,-67.703,-91.109,-14.234,173.0,1,-0.1086,0.0487,0.3602,0.9253,189.7,-9.7,0.0
714893,2026-08-30_09-20-58.894-240,v3.6.25,3.46,12.0,400,2912,314,7179,1657,58,7638,2807,150,7174,2721,-142,7235,0,0,0,-86,-292,61,310.5,2042.5,0.315,0.515,0.604,-86.875,-105.953,41.516,298.0,1,-0.0928,0.0631,0.3499,0.9301,187.5,-10.5,0.0
714931,2026-08-30_09-20-58.933-240,v3.6.25,3.46,12.0,400,2594,-434,7272,1657,58,7638,2494,-597,7275,2721,-142,7235,0,0,0,227,455,-40,510.1,3355.6,0.697,0.019,0.855,-78.344,-96.016,71.141,465.5,1,-0.0810,0.0778,0.3350,0.9355,185.8,-11.5,0.0
714990,2026-08-30_09-20-58.992-240,v3.6.25,3.46,12.0,400,2007,-1102,7346,1165,-813,7679,1911,-1262,7357,2255,-1009,7360,0,0,0,344,253,3,427.0,2809.4,1.458,-0.391,0.947,-5.172,-31.797,58.875,395.8,1,-0.0831,0.0850,0.3260,0.9379,185.9,-12.3,0.0
715019,2026-08-30_09-20-58.021-240,v3.6.25,3.46,12.0,400,2007,-1102,7346,551,-1449,7641,1911,-1262,7357,1647,-1645,7428,0,0,0,-264,-383,71,470.6,3095.8,1.510,-0.486,0.823,50.922,9.656,41.688,432.4,1,-0.0948,0.0870,0.3227,0.9377,187.2,-13.0,0.0
715050,2026-08-30_09-20-58.052-240,v3.6.25,3.46,12.0,400,1622,-1336,7383,551,-1449,7641,1526,-1493,7396,1647,-1645,7428,0,0,0,121,-152,32,196.9,1295.4,1.484,-0.590,0.742,102.922,48.047,21.172,202.7,1,-0.1150,0.0840,0.3253,0.9348,189.5,-13.4,0.0
715094,2026-08-30_09-20-58.097-240,v3.6.25,3.46,12.0,400,1656,-1006,7431,317,-1374,7669,1558,-1163,7440,1416,-1572,7495,0,0,0,-142,-409,55,436.4,2871.2,1.384,-0.508,0.710,167.766,96.281,-19.109,403.7,1,-0.1447,0.0738,0.3371,0.9274,193.0,-13.6,0.0
715126,2026-08-30_09-20-59.127-240,v3.6.25,3.46,12.0,400,1656,-1006,7431,685,-698,7740,1558,-1163,7440,1782,-897,7500,0,0,0,224,266,60,352.9,2321.7,1.112,-0.505,0.773,201.234,116.422,-42.609,333.6,1,-0.1786,0.0602,0.3538,0.9162,197.0,-13.7,0.0
715166,2026-08-30_09-20-59.168-240,v3.6.25,3.46,12.0,400,2171,-273,7359,685,-698,7740,2069,-432,7360,1782,-897,7500,0,0,0,-287,-465,140,564.1,3711.1,0.663,-0.420,0.518,237.672,112.266,-92.812,510.9,1,-0.2135,0.0455,0.3796,0.8990,201.1,-14.1,0.0
715339,2026-08-30_09-20-59.340-240,v3.6.25,3.46,12.0,400,5599,253,5192,4088,647,6580,5504,94,5202,4962,441,5789,0,0,0,-542,347,587,871.1,5730.6,0.118,0.271,0.569,141.562,-56.438,-89.688,768.5,1,-0.2233,0.0532,0.4044,0.8853,201.5,-15.9,0.0
715387,2026-08-30_09-20-59.389-240,v3.6.25,3.46,12.0,400,5599,253,5192,4709,61,6104,5504,94,5202,5515,-144,5220,0,0,0,11,-238,18,238.9,1571.9,0.600,1.562,0.841,36.516,-53.375,-53.859,238.0,1,-0.2210,0.0583,0.4169,0.8798,200.8,-16.7,0.0
715414,2026-08-30_09-20-59.416-240,v3.6.25,3.46,12.0,400,6137,-236,4589,5340,-419,5599,6047,-391,4609,6072,-625,4621,0,0,0,25,-234,12,235.6,1550.2,0.859,1.802,0.816,-66.656,-38.406,1.266,235.2,1,-0.2092,0.0606,0.4141,0.8838,199.4,-16.3,0.0
715457,2026-08-30_09-20-59.459-240,v3.6.25,3.46,12.0,400,6129,-273,4739,5340,-419,5599,6040,-431,4759,6072,-625,4621,0,0,0,32,-194,-138,240.2,1580.4,1.174,1.417,0.638,-219.719,5.562,73.953,239.0,1,-0.1841,0.0541,0.3887,0.9012,197.4,-13.9,0.0
715495,2026-08-30_09-20-59.496-240,v3.6.25,3.46,12.0,400,6129,-273,4739,5064,-277,5997,6040,-431,4759,5860,-479,5056,0,0,0,-180,-48,297,350.6,2306.5,1.263,0.806,0.529,-288.797,54.062,90.438,331.7,1,-0.1535,0.0381,0.3532,0.9221,195.1,-10.3,0.0
715649,2026-08-30_09-20-59.650-240,v3.6.25,3.46,12.0,400,3155,2280,6762,1928,2529,7162,3035,2128,6738,2856,2306,6719,0,0,0,-179,178,-19,253.2,1665.5,-0.374,0.103,0.882,-41.750,-28.938,-92.250,249.9,1,-0.1391,0.0352,0.3641,0.9202,193.5,-9.6,0.0
715692,2026-08-30_09-20-59.696-240,v3.6.25,3.46,12.0,400,3110,2605,6645,1928,2529,7162,2987,2457,6618,2856,2306,6719,0,0,0,-131,-151,101,224.0,1473.5,-0.157,0.511,0.898,-37.500,-84.000,6.125,225.4,1,-0.1292,0.0466,0.3628,0.9217,192.0,-10.3,0.0
715721,2026-08-30_09-20-59.723-240,v3.6.25,3.46,12.0,400,3198,2227,6744,2082,2277,7234,3079,2074,6720,3028,2058,6763,0,0,0,-51,-16,43,68.6,451.3,0.221,0.201,1.097,-31.109,-95.094,53.844,95.0,1,-0.1230,0.0626,0.3549,0.9247,190.8,-11.7,0.0
715756,2026-08-30_09-20-59.758-240,v3.6.25,3.46,12.0,400,3198,2227,6744,1782,1486,7503,3079,2074,6720,2791,1274,7078,0,0,0,-288,-800,358,922.6,6069.4,0.832,-0.151,1.217,11.891,-75.359,56.266,811.7,1,-0.1245,0.0775,0.3489,0.9256,190.4,-13.3,0.0
715812,2026-08-30_09-20-59.814-240,v3.6.25,3.46,12.0,400,2930,1526,7060,1782,1486,7503,2815,1368,7042,2791,1274,7078,0,0,0,-24,-94,36,103.5,680.8,1.493,0.303,1.077,73.016,4.391,55.438,124.3,1,-0.1399,0.0821,0.3455,0.9243,192.0,-14.4,0.0
715841,2026-08-30_09-20-59.842-240,v3.6.25,3.46,12.0,400,2818,1100,7228,1641,966,7546,2707,939,7214,2669,758,7145,0,0,0,-38,-181,-69,197.4,1298.7,1.335,0.346,1.002,64.328,50.328,87.203,203.1,1,-0.1588,0.0805,0.3356,0.9250,194.4,-14.8,0.0
715871,2026-08-30_09-20-59.873-240,v3.6.25,3.46,12.0,400,2719,1262,7157,1641,966,7546,2606,1104,7142,2669,758,7145,0,0,0,63,-346,3,351.7,2313.8,1.248,0.030,0.957,72.672,87.891,95.422,332.6,1,-0.1817,0.0735,0.3238,0.9256,197.4,-14.7,0.0
715910,2026-08-30_09-20-59.913-240,v3.6.25,3.46,12.0,400,2719,1262,7157,1488,1213,7598,2606,1104,7142,2519,1003,7222,0,0,0,-87,-101,80,155.5,1022.8,0.929,-0.165,1.042,97.781,123.703,71.422,167.9,1,-0.2084,0.0602,0.3158,0.9237,201.0,-14.1,0.0
716121,2026-08-30_09-21-00.122-240,v3.6.25,3.46,12.0,400,4755,2884,5454,3939,2434,6326,4635,2739,5432,4730,2211,5562,0,0,0,95,-528,130,552.0,3631.6,0.327,0.153,1.109,74.984,-69.828,-2.391,500.7,1,-0.2156,0.0727,0.3241,0.9183,201.3,-15.9,0.0
716161,2026-08-30_09-21-00.163-240,v3.6.25,3.46,12.0,400,4978,2273,5532,3939,2434,6326,4864,2122,5516,4730,2211,5562,0,0,0,-134,89,46,167.3,1100.7,0.636,1.060,1.113,17.469,-54.953,-40.875,177.9,1,-0.2125,0.0787,0.3336,0.9151,200.5,-16.6,0.0
716189,2026-08-30_09-21-00.190-240,v3.6.25,3.46,12.0,400,5238,1799,5427,4223,1781,6337,5129,1645,5418,5030,1564,5526,0,0,0,-99,-81,108,167.4,1101.4,0.882,1.353,0.920,-75.094,-28.969,-20.703,177.9,1,-0.1987,0.0788,0.3330,0.9184,199.0,-16.1,0.0
716227,2026-08-30_09-21-00.229-240,v3.6.25,3.46,12.0,400,5238,1799,5427,4164,1771,6428,5129,1645,5418,4987,1555,5625,0,0,0,-142,-90,207,266.7,1754.4,0.926,0.895,0.782,-187.422,14.266,10.500,261.2,1,-0.1731,0.0700,0.3183,0.9294,196.6,-13.9,0.0
716277,2026-08-30_09-21-00.279-240,v3.6.25,3.46,12.0,400,5062,1956,5668,4164,1771,6428,4951,1800,5655,4987,1555,5625,0,0,0,36,-245,-30,249.4,1641.1,0.885,0.306,0.577,-251.500,64.844,-19.859,246.8,1,-0.1387,0.0494,0.3012,0.9421,193.6,-10.2,0.0
716337,2026-08-30_09-21-00.339-240,v3.6.25,3.46,12.0,400,4278,2682,6017,3332,2517,6697,4159,2532,5993,4183,2295,6027,0,0,0,24,-237,34,240.6,1583.1,0.138,-0.291,0.418,-233.922,56.703,-80.297,239.4,1,-0.1017,0.0279,0.2936,0.9501,190.3,-6.5,0.0
716393,2026-08-30_09-21-00.395-240,v3.6.25,3.46,12.0,400,2678,4034,6174,2338,3542,6656,2542,3905,6133,3158,3306,6153,0,0,0,616,-599,20,859.5,5654.3,-0.468,-0.401,0.896,-152.094,-15.094,-104.016,758.7,1,-0.0709,0.0199,0.2971,0.9520,187.1,-4.6,0.0
716435,2026-08-30_09-21-00.436-240,v3.6.25,3.46,12.0,400,2678,4034,6174,1605,4044,6581,2542,3905,6133,2400,3799,6203,0,0,0,-142,-106,70,190.5,1253.5,-0.146,-0.330,1.458,-89.828,-48.656,-52.172,197.3,1,-0.0514,0.0219,0.2981,0.9529,184.9,-4.2,0.0
716463,2026-08-30_09-21-00.465-240,v3.6.25,3.46,12.0,400,2343,3954,6342,1266,3870,6763,2207,3826,6301,2095,3627,6438,0,0,0,-112,-199,137,266.3,1752.0,0.167,-0.526,1.577,-30.609,-43.938,-19.578,260.9,1,-0.0435,0.0267,0.2988,0.9529,183.9,-4.4,0.0
716511,2026-08-30_09-21-00.513-240,v3.6.25,3.46,12.0,400,2292,3697,6493,1266,3870,6763,2158,3566,6454,2095,3627,6438,0,0,0,-63,61,-16,89.1,586.4,0.796,-0.530,1.324,74.422,-3.141,-12.328,112.3,1,-0.0537,0.0293,0.3064,0.9499,184.8,-5.1,0.0
716539,2026-08-30_09-21-00.541-240,v3.6.25,3.46,12.0,400,2292,3697,6493,1324,3599,6875,2158,3566,6454,2179,3360,6538,0,0,0,21,-206,84,223.5,1470.1,0.856,-0.219,1.153,133.984,34.984,-34.953,225.0,1,-0.0729,0.0273,0.3214,0.9437,186.9,-5.7,0.0
716567,2026-08-30_09-21-00.569-240,v3.6.25,3.46,12.0,400,2698,3663,6299,1324,3599,6875,2565,3530,6262,2179,3360,6538,0,0,0,-386,-170,276,504.1,3316.2,0.756,0.302,0.999,153.922,74.062,-54.828,460.5,1,-0.0955,0.0188,0.3403,0.9353,189.6,-5.8,0.0
716595,2026-08-30_09-21-00.596-240,v3.6.25,3.46,12.0,400,2698,3663,6299,2047,3764,6563,2565,3530,6262,2846,3524,6111,0,0,0,281,-6,-151,319.1,2099.1,0.658,0.654,0.898,142.547,110.781,-63.188,305.2,1,-0.1178,0.0034,0.3587,0.9260,192.5,-5.2,0.0
716628,2026-08-30_09-21-00.630-240,v3.6.25,3.46,12.0,400,3446,4031,5657,2047,3764,6563,3313,3903,5620,2846,3524,6111,0,0,0,-467,-379,491,776.4,5108.0,0.410,1.038,0.846,107.156,140.297,-58.188,689.0,1,-0.1372,-0.0183,0.3728,0.9175,195.4,-3.9,0.0
716740,2026-08-30_09-21-00.741-240,v3.6.25,3.46,12.0,400,3948,5329,4156,3334,5225,4901,3806,5228,4114,3819,4956,4268,0,0,0,13,-272,154,312.8,2058.2,-0.712,-0.471,1.074,-47.719,53.719,188.047,300.0,1,-0.1499,-0.0196,0.3417,0.9276,197.0,-3.8,0.0
716766,2026-08-30_09-21-00.767-240,v3.6.25,3.46,12.0,400,3517,5570,4266,2939,5654,4776,3371,5473,4221,3392,5378,4212,0,0,0,21,-95,-9,97.7,642.8,-0.678,-1.224,1.262,12.156,0.656,140.984,119.5,1,-0.1638,-0.0124,0.3231,0.9320,198.3,-4.8,0.0
716804,2026-08-30_09-21-00.805-240,v3.6.25,3.46,12.0,400,3517,5570,4266,2939,5654,4776,3371,5473,4221,3392,5378,4212,0,0,0,21,-95,-9,97.7,642.8,-0.403,-1.106,1.230,115.797,-65.156,28.453,119.5,1,-0.1791,0.0032,0.3306,0.9266,199.4,-7.1,0.0
716834,2026-08-30_09-21-00.836-240,v3.6.25,3.46,12.0,400,3617,5268,4475,2885,5378,5065,3474,5165,4432,3394,5108,4503,0,0,0,-80,-57,71,121.2,797.4,-0.396,-0.428,0.998,162.609,-93.594,-23.797,139.2,1,-0.1949,0.0220,0.3498,0.9161,200.3,-10.2,0.0
716976,2026-08-30_09-21-00.978-240,v3.6.25,3.46,12.0,400,5722,3123,4186,4476,3534,5367,5604,2992,4170,5079,3291,4533,0,0,0,-525,299,363,704.8,4637.1,0.551,0.951,0.978,41.344,-35.281,-97.938,629.0,1,-0.1912,0.0224,0.3683,0.9096,199.7,-10.5,0.0
717016,2026-08-30_09-21-00.018-240,v3.6.25,3.46,12.0,400,5722,3123,4186,5112,3042,5061,5604,2992,4170,5675,2802,4127,0,0,0,71,-190,-43,207.3,1364.1,0.660,1.111,0.840,-50.531,16.062,-88.641,211.5,1,-0.1786,0.0116,0.3766,0.9089,198.7,-9.0,0.0
717045,2026-08-30_09-21-00.046-240,v3.6.25,3.46,12.0,400,5990,3206,3802,5307,3389,4694,5872,3079,3788,5800,3142,3735,0,0,0,-72,63,-53,109.4,719.5,0.571,0.901,0.683,-109.438,48.906,-75.812,129.2,1,-0.1610,-0.0060,0.3774,0.9119,197.5,-6.3,0.0
717096,2026-08-30_09-21-00.098-240,v3.6.25,3.46,12.0,400,5771,3872,3599,5307,3389,4694,5647,3754,3578,5800,3142,3735,0,0,0,153,-612,157,650.1,4276.8,0.411,0.514,0.588,-180.750,89.938,-43.078,583.0,1,-0.1387,-0.0313,0.3663,0.9196,196.2,-2.5,0.0
717274,2026-08-30_09-21-01.275-240,v3.6.25,3.46,12.0,400,3135,6313,3399,2849,6318,3914,2982,6240,3351,3140,6024,3384,0,0,0,158,-216,33,269.6,1774.0,-0.382,-0.088,1.093,-111.719,-22.031,-71.281,263.7,1,-0.1163,-0.0370,0.3671,0.9221,194.0,-1.0,0.0
717336,2026-08-30_09-21-01.338-240,v3.6.25,3.46,12.0,400,1968,6454,3959,1407,6617,4212,1810,6385,3905,1741,6316,3918,0,0,0,-69,-69,13,98.4,647.7,-0.528,0.051,0.972,-91.078,-84.672,-52.484,120.1,1,-0.0942,-0.0308,0.3683,0.9244,191.4,-0.7,0.0
717386,2026-08-30_09-21-01.388-240,v3.6.25,3.46,12.0,400,1968,6454,3959,1407,6617,4212,1810,6385,3905,1741,6316,3918,0,0,0,-69,-69,13,98.4,647.7,-0.188,-0.232,1.240,-33.016,-94.703,-56.469,120.1,1,-0.0792,-0.0202,0.3749,0.9235,189.3,-1.3,0.0
717414,2026-08-30_09-21-01.415-240,v3.6.25,3.46,12.0,400,1698,6108,4579,1017,6199,4879,1542,6029,4525,1473,5909,4637,0,0,0,-69,-120,112,178.1,1171.4,-0.073,-0.191,1.450,12.688,-80.188,-56.109,186.9,1,-0.0713,-0.0097,0.3848,0.9202,188.0,-2.1,0.0
717448,2026-08-30_09-21-01.451-240,v3.6.25,3.46,12.0,400,1827,5734,5012,1017,6199,4879,1674,5644,4959,1473,5909,4637,0,0,0,-201,265,-322,462.9,3045.6,0.283,-0.084,1.419,59.234,-44.469,-49.969,426.0,1,-0.0728,-0.0022,0.3971,0.9149,187.8,-3.1,0.0
717486,2026-08-30_09-21-01.487-240,v3.6.25,3.46,12.0,400,1827,5734,5012,1141,5761,5320,1674,5644,4959,1682,5482,5047,0,0,0,8,-162,88,184.5,1214.0,0.506,0.089,1.148,95.484,8.766,-39.234,192.3,1,-0.0839,-0.0007,0.4101,0.9082,188.8,-3.9,0.0
717513,2026-08-30_09-21-01.515-240,v3.6.25,3.46,12.0,400,2282,5571,4947,1648,5671,5248,2132,5476,4897,2180,5395,4891,0,0,0,48,-81,-6,94.3,620.7,0.498,0.349,0.967,96.938,43.922,-18.094,116.6,1,-0.0993,-0.0037,0.4196,0.9023,190.5,-4.4,0.0
717561,2026-08-30_09-21-01.563-240,v3.6.25,3.46,12.0,400,2751,5716,4503,1648,5671,5248,2601,5624,4454,2180,5395,4891,0,0,0,-421,-229,437,648.6,4266.9,0.345,0.320,0.764,75.781,87.688,39.734,581.8,1,-0.1195,-0.0118,0.4187,0.9002,193.0,-4.5,0.0
717594,2026-08-30_09-21-01.595-240,v3.6.25,3.46,12.0,400,2751,5716,4503,2203,5928,4747,2601,5624,4454,2644,5645,4307,0,0,0,43,21,-147,154.6,1017.1,0.152,0.104,0.897,70.125,101.438,65.984,167.2,1,-0.1421,-0.0209,0.4132,0.8992,195.9,-4.6,0.0
717622,2026-08-30_09-21-01.624-240,v3.6.25,3.46,12.0,400,3036,5991,3905,2203,5928,4747,2885,5908,3857,2644,5645,4307,0,0,0,-241,-263,450,574.2,3777.9,-0.177,-0.020,0.915,63.547,99.656,90.938,519.4,1,-0.1655,-0.0287,0.4038,0.8993,198.8,-4.7,0.0
717649,2026-08-30_09-21-01.651-240,v3.6.25,3.46,12.0,400,3266,6204,3340,2601,6243,4120,3114,6130,3294,2929,5951,3627,0,0,0,-185,-179,333,420.9,2769.1,-0.226,-0.293,0.968,68.875,89.266,91.969,390.7,1,-0.1889,-0.0345,0.3946,0.8986,201.6,-5.0,0.0
717697,2026-08-30_09-21-01.698-240,v3.6.25,3.46,12.0,400,3266,6204,3340,3013,6393,3604,3114,6130,3294,3250,6094,3053,0,0,0,136,-36,-241,279.1,1835.9,-0.222,-0.393,1.011,85.266,55.875,62.688,271.6,1,-0.2096,-0.0361,0.3916,0.8952,203.9,-5.7,0.0
717736,2026-08-30_09-21-01.738-240,v3.6.25,3.46,12.0,400,3586,6234,2889,3013,6393,3604,3435,6165,2845,3250,6094,3053,0,0,0,-185,-71,208,287.3,1890.0,-0.392,-0.343,1.126,87.844,14.188,16.391,278.5,1,-0.2239,-0.0342,0.3963,0.8897,205.4,-6.7,0.0
717784,2026-08-30_09-21-01.786-240,v3.6.25,3.46,12.0,400,3976,6128,2565,3510,6329,3281,3827,6060,2525,3694,6029,2654,0,0,0,-133,-31,129,187.9,1235.9,-0.358,-0.045,0.886,54.297,-35.828,-28.828,195.1,1,-0.2265,-0.0290,0.4062,0.8848,205.3,-7.6,0.0
717815,2026-08-30_09-21-01.817-240,v3.6.25,3.46,12.0,400,4309,5960,2525,3914,6114,3222,4163,5888,2487,4093,5817,2528,0,0,0,-70,-71,41,107.8,709.2,-0.259,0.279,0.881,7.938,-56.562,-33.828,127.9,1,-0.2210,-0.0229,0.4137,0.8829,204.4,-8.2,0.0
717852,2026-08-30_09-21-01.856-240,v3.6.25,3.46,12.0,400,4309,5960,2525,3914,6114,3222,4163,5888,2487,4093,5817,2528,0,0,0,-70,-71,41,107.8,709.2,-0.038,0.252,0.917,-55.984,-80.578,-50.203,127.9,1,-0.2040,-0.0170,0.4191,0.8846,202.3,-8.1,0.0
717882,2026-08-30_09-21-01.884-240,v3.6.25,3.46,12.0,400,4353,5829,2854,3915,5941,3533,4208,5750,2815,4151,5650,2832,0,0,0,-57,-100,17,116.4,765.5,0.035,0.360,0.907,-90.109,-87.188,-78.953,135.1,1,-0.1797,-0.0136,0.4255,0.8868,199.5,-7.4,0.0
717916,2026-08-30_09-21-01.918-240,v3.6.25,3.46,12.0,400,4045,5820,3345,3915,5941,3533,3899,5735,3303,4151,5650,2832,0,0,0,252,-85,-471,540.9,3558.5,0.317,0.565,1.130,-127.688,-85.734,-98.734,491.4,1,-0.1487,-0.0134,0.4311,0.8899,196.1,-6.0,0.0
717961,2026-08-30_09-21-01.962-240,v3.6.25,3.46,12.0,400,4045,5820,3345,3528,5942,4036,3899,5735,3303,3850,5656,3389,0,0,0,-49,-79,86,126.6,833.2,0.368,0.823,1.119,-189.641,-74.172,-88.641,143.7,1,-0.1110,-0.0177,0.4296,0.8960,192.4,-3.7,0.0
718146,2026-08-30_09-21-02.147-240,v3.6.25,3.46,12.0,400,832,5451,5540,227,5671,5506,678,5362,5487,801,5390,5384,0,0,0,123,28,-103,162.9,1071.4,0.342,-0.891,1.081,136.281,-30.562,7.516,174.1,1,-0.1280,-0.0052,0.4401,0.8888,193.5,-5.9,0.0
718176,2026-08-30_09-21-02.178-240,v3.6.25,3.46,12.0,400,832,5451,5540,121,5409,5759,678,5362,5487,744,5133,5649,0,0,0,66,-229,162,288.2,1895.8,0.579,-0.369,0.953,216.906,-9.688,27.078,279.3,1,-0.1589,0.0096,0.4533,0.8770,195.9,-9.3,0.0
718326,2026-08-30_09-21-02.327-240,v3.6.25,3.46,12.0,400,3600,4945,4826,2557,5066,5453,3460,4834,4784,3138,4802,4938,0,0,0,-322,-32,154,358.4,2357.7,0.030,0.251,1.227,158.375,22.547,185.172,338.2,1,-0.1959,0.0260,0.4396,0.8762,199.2,-12.6,0.0
718389,2026-08-30_09-21-02.390-240,v3.6.25,3.46,12.0,400,4593,4093,4829,3775,4090,5542,4463,3967,4797,4395,3842,4821,0,0,0,-68,-125,24,144.3,949.4,0.084,0.173,1.381,86.922,-2.266,46.391,158.6,1,-0.2111,0.0332,0.4397,0.8724,200.5,-14.1,0.0
718435,2026-08-30_09-21-02.437-240,v3.6.25,3.46,12.0,400,4593,4093,4829,3775,4090,5542,4463,3967,4797,4395,3842,4821,0,0,0,-68,-125,24,144.3,949.4,0.096,0.367,1.282,-11.719,-28.078,-34.078,158.6,1,-0.2052,0.0339,0.4446,0.8712,199.7,-14.0,0.0
718463,2026-08-30_09-21-02.465-240,v3.6.25,3.46,12.0,400,4835,3878,4734,4071,3868,5536,4708,3750,4705,4695,3623,4765,0,0,0,-13,-127,60,141.1,928.0,-0.006,0.996,0.975,-90.672,-54.750,-44.609,155.8,1,-0.1858,0.0339,0.4464,0.8747,197.6,-13.0,0.0
718494,2026-08-30_09-21-02.496-240,v3.6.25,3.46,12.0,400,4728,3842,4960,4071,3868,5536,4600,3710,4930,4695,3623,4765,0,0,0,95,-87,-165,209.3,1377.2,0.056,0.697,0.597,-174.562,-86.031,-42.266,213.1,1,-0.1526,0.0345,0.4425,0.8830,194.1,-11.3,0.0
718537,2026-08-30_09-21-02.539-240,v3.6.25,3.46,12.0,400,4728,3842,4960,3797,3834,5818,4600,3710,4930,4470,3592,5087,0,0,0,-130,-118,157,235.5,1549.5,0.251,0.269,0.525,-221.625,-125.078,-86.828,235.1,1,-0.1066,0.0360,0.4414,0.8902,189.2,-9.1,0.0
718563,2026-08-30_09-21-02.565-240,v3.6.25,3.46,12.0,400,4159,3719,5561,3024,3599,6388,4031,3583,5528,3798,3363,5775,0,0,0,-233,-220,247,404.6,2661.8,0.278,0.376,0.394,-225.859,-144.000,-111.047,377.0,1,-0.0566,0.0387,0.4426,0.8941,183.9,-6.8,0.0
718614,2026-08-30_09-21-02.615-240,v3.6.25,3.46,12.0,400,3607,3296,6177,3024,3599,6388,3480,3153,6145,3798,3363,5775,0,0,0,318,210,-370,531.2,3494.4,0.510,-0.147,0.814,-237.734,-160.844,-63.750,483.2,1,-0.0071,0.0456,0.4352,0.8992,178.4,-5.1,0.0
718653,2026-08-30_09-21-02.655-240,v3.6.25,3.46,12.0,400,3057,2525,6775,2303,2936,6999,2935,2375,6748,3195,2710,6495,0,0,0,260,335,-253,493.8,3248.7,0.825,-0.870,1.169,-144.250,-136.906,-70.656,451.9,1,0.0281,0.0547,0.4345,0.8986,174.4,-4.2,0.0
718730,2026-08-30_09-21-02.732-240,v3.6.25,3.46,12.0,400,3092,1769,6884,1791,1982,7363,2976,1613,6865,2765,1765,6939,0,0,0,-211,152,74,270.4,1778.8,1.216,-0.164,0.470,137.266,-35.562,-106.328,264.4,1,0.0184,0.0660,0.4584,0.8861,174.6,-5.7,0.0
718905,2026-08-30_09-21-02.906-240,v3.6.25,3.46,12.0,400,5380,1928,5183,4362,1763,6176,5270,1777,5174,5142,1544,5345,0,0,0,-128,-233,171,316.1,2079.6,0.268,1.031,0.573,153.984,147.469,22.094,302.7,1,-0.0165,0.0541,0.4663,0.8828,178.8,-6.4,0.0
718935,2026-08-30_09-21-02.937-240,v3.6.25,3.46,12.0,400,5913,2388,4428,5019,2326,5405,5801,2247,4419,5656,2095,4480,0,0,0,-145,-152,61,218.7,1439.1,-0.007,1.266,0.794,111.344,118.219,105.719,221.0,1,-0.0489,0.0474,0.4593,0.8857,182.5,-7.4,0.0
718963,2026-08-30_09-21-02.965-240,v3.6.25,3.46,12.0,400,6014,2457,4362,5019,2326,5405,5902,2316,4352,5656,2095,4480,0,0,0,-246,-221,128,354.6,2332.9,-0.398,0.628,1.171,65.891,63.906,194.188,335.0,1,-0.0768,0.0503,0.4366,0.8949,185.4,-9.0,0.0
719012,2026-08-30_09-21-02.013-240,v3.6.25,3.46,12.0,400,6014,2457,4362,5207,2376,5410,5902,2316,4352,5844,2146,4453,0,0,0,-58,-170,101,206.1,1355.7,-0.481,-0.638,0.990,93.750,-39.234,135.047,210.4,1,-0.0966,0.0681,0.4248,0.8975,186.8,-11.8,0.0
719041,2026-08-30_09-21-02.043-240,v3.6.25,3.46,12.0,400,5746,1925,4921,4854,1671,5938,5638,1775,4914,5597,1452,5030,0,0,0,-41,-323,116,345.6,2273.9,-0.225,-0.212,0.777,120.750,-86.891,46.391,327.5,1,-0.1107,0.0903,0.4279,0.8925,187.2,-14.8,0.0
719199,2026-08-30_09-21-03.200-240,v3.6.25,3.46,12.0,400,5332,-494,5632,4732,-390,6240,5242,-660,5648,5572,-590,5350,0,0,0,330,70,-298,450.1,2961.3,1.676,0.451,0.487,-261.969,-24.062,86.609,415.2,1,-0.0776,0.0841,0.3983,0.9101,184.4,-12.4,0.0
719370,2026-08-30_09-21-03.371-240,v3.6.25,3.46,12.0,400,2840,1039,7113,1676,807,7607,2729,880,7100,2718,601,7199,0,0,0,-11,-279,99,296.2,1949.0,-0.163,-0.098,0.747,-44.875,-53.812,-145.156,286.1,1,-0.0580,0.0828,0.4170,0.9033,182.1,-11.4,0.0
719396,2026-08-30_09-21-03.397-240,v3.6.25,3.48,12.0,400,3187,1097,6944,1938,1036,7478,3077,937,6932,2953,828,7029,0,0,0,-124,-109,97,191.5,1259.8,-0.252,0.114,0.574,-5.766,-99.344,-124.000,198.1,1,-0.0419,0.0918,0.4355,0.8945,179.7,-11.6,0.0
719434,2026-08-30_09-21-03.435-240,v3.6.25,3.48,12.0,400,3187,1097,6944,1938,1036,7478,3077,937,6932,2953,828,7029,0,0,0,-124,-109,97,191.5,1259.8,0.244,0.096,0.599,54.250,-132.062,-89.891,198.1,1,-0.0343,0.1113,0.4526,0.8841,177.6,-13.2,0.0
719460,2026-08-30_09-21-03.462-240,v3.6.25,3.48,12.0,400,3726,443,6702,2681,305,7286,3623,279,6699,3681,103,6717,0,0,0,58,-176,18,186.2,1224.9,0.840,0.245,0.777,100.469,-125.766,-74.391,193.7,1,-0.0347,0.1335,0.4697,0.8720,176.1,-15.4,0.0
719552,2026-08-30_09-21-03.554-240,v3.6.25,3.48,12.0,400,4768,-1129,5891,3358,-763,6921,4681,-1295,5912,4320,-958,6248,0,0,0,-361,337,336,597.3,3929.7,2.138,1.036,0.444,113.156,24.734,72.703,538.7,1,-0.0577,0.1407,0.4649,0.8722,178.2,-17.4,0.0
719591,2026-08-30_09-21-03.593-240,v3.6.25,3.48,12.0,400,4768,-1129,5891,3722,-1352,6704,4681,-1295,5912,4661,-1544,5976,0,0,0,-20,-249,64,257.9,1696.5,1.511,0.301,0.752,82.719,61.375,135.969,253.9,1,-0.0826,0.1432,0.4487,0.8783,181.0,-19.0,0.0
719620,2026-08-30_09-21-03.621-240,v3.6.25,3.48,12.0,400,4528,-1261,6142,3252,-1388,6985,4441,-1430,6163,4239,-1578,6330,0,0,0,-202,-148,167,301.0,1980.2,0.904,-0.427,0.649,127.000,64.234,95.938,290.1,1,-0.1119,0.1458,0.4403,0.8788,184.2,-20.8,0.0
719667,2026-08-30_09-21-03.669-240,v3.6.25,3.48,12.0,400,4134,-1179,6362,3252,-1388,6985,4045,-1347,6381,4239,-1578,6330,0,0,0,194,-231,-51,305.9,2012.7,0.544,-0.373,0.582,222.609,41.922,-16.344,294.2,1,-0.1471,0.1508,0.4534,0.8661,187.4,-23.2,0.0
719693,2026-08-30_09-21-03.696-240,v3.6.25,3.48,12.0,400,4134,-1179,6362,3078,-1322,6993,4045,-1347,6381,4064,-1514,6367,0,0,0,19,-167,-14,168.7,1109.6,0.524,0.262,0.743,231.703,22.719,-33.828,179.0,1,-0.1808,0.1575,0.4694,0.8498,190.2,-25.9,0.0
719741,2026-08-30_09-21-03.743-240,v3.6.25,3.48,12.0,400,4489,-1237,6042,3653,-1560,6641,4402,-1403,6064,4585,-1752,5927,0,0,0,183,-349,-137,417.2,2744.8,-0.056,0.755,0.572,147.875,-35.734,49.109,387.6,1,-0.2015,0.1735,0.4712,0.8410,191.6,-28.8,0.0
719781,2026-08-30_09-21-03.783-240,v3.6.25,3.48,12.0,400,4775,-1669,5754,3653,-1560,6641,4693,-1835,5783,4585,-1752,5927,0,0,0,-108,83,144,198.2,1304.0,-0.095,0.216,0.288,59.328,-101.297,90.891,203.8,1,-0.2061,0.1973,0.4647,0.8382,191.0,-31.5,0.0
719903,2026-08-30_09-21-03.904-240,v3.6.25,3.48,12.0,400,3905,-3487,5493,2944,-3468,6248,3834,-3643,5544,3851,-3658,5667,0,0,0,17,-15,123,125.1,822.8,1.649,0.380,0.217,-186.141,-91.531,12.656,142.4,1,-0.1730,0.2016,0.4574,0.8486,187.2,-30.0,0.0
719932,2026-08-30_09-21-03.934-240,v3.6.25,3.48,12.0,400,3690,-4088,5217,2691,-4193,5878,3623,-4238,5277,3550,-4385,5351,0,0,0,-73,-147,74,180.0,1184.5,1.885,0.123,0.157,-223.781,-50.094,-4.750,188.5,1,-0.1369,0.1965,0.4490,0.8608,183.8,-27.5,0.0
719959,2026-08-30_09-21-03.961-240,v3.6.25,3.48,12.0,400,3690,-4088,5217,2691,-4193,5878,3623,-4238,5277,3550,-4385,5351,0,0,0,-73,-147,74,180.0,1184.5,2.031,0.080,0.189,-245.500,-8.781,-5.672,188.5,1,-0.1005,0.1836,0.4381,0.8742,180.9,-24.1,0.0
719987,2026-08-30_09-21-03.989-240,v3.6.25,3.48,12.0,400,3734,-4069,5214,2785,-4231,5854,3667,-4220,5274,3641,-4423,5311,0,0,0,-26,-203,37,208.0,1368.3,2.042,-0.131,-0.143,-257.734,27.562,-2.516,212.0,1,-0.0651,0.1645,0.4245,0.8880,178.5,-20.3,0.0
720017,2026-08-30_09-21-03.018-240,v3.6.25,3.48,12.0,400,3860,-3542,5551,2785,-4231,5854,3790,-3699,5603,3641,-4423,5311,0,0,0,-149,-724,-292,794.8,5228.7,1.744,-0.133,-0.120,-246.188,64.906,-26.672,704.4,1,-0.0327,0.1389,0.4139,0.8991,176.6,-16.1,0.0
720061,2026-08-30_09-21-03.063-240,v3.6.25,3.48,12.0,400,3860,-3542,5551,2856,-3587,6279,3790,-3699,5603,3771,-3776,5713,0,0,0,-19,-77,110,135.6,892.2,1.486,0.312,0.291,-246.312,80.891,-11.812,151.3,1,-0.0021,0.1109,0.4002,0.9097,175.0,-11.7,0.0
720189,2026-08-30_09-21-04.191-240,v3.6.25,3.48,12.0,400,3939,-1272,6434,2720,-1649,7123,3851,-1439,6453,3735,-1839,6556,0,0,0,-116,-400,103,429.0,2822.6,0.134,0.017,0.406,-19.500,-43.359,-88.141,397.5,1,0.0089,0.1130,0.4118,0.9042,173.6,-11.4,0.0
720222,2026-08-30_09-21-04.224-240,v3.6.25,3.48,12.0,400,3939,-1272,6434,2996,-1416,7008,3851,-1439,6453,3987,-1607,6396,0,0,0,136,-168,-57,223.5,1470.6,0.320,0.138,0.498,40.656,-69.031,-48.609,225.1,1,0.0105,0.1242,0.4211,0.8984,172.7,-12.4,0.0
720249,2026-08-30_09-21-04.250-240,v3.6.25,3.48,12.0,400,4342,-1435,6095,2996,-1416,7008,4256,-1601,6118,3987,-1607,6396,0,0,0,-269,-6,278,386.9,2545.3,0.612,-0.144,0.481,101.375,-70.906,-20.594,362.1,1,0.0015,0.1410,0.4296,0.8919,172.6,-14.5,0.0
720277,2026-08-30_09-21-04.279-240,v3.6.25,3.48,12.0,400,4599,-2059,5697,3434,-1928,6653,4519,-2223,5730,4376,-2119,5976,0,0,0,-143,104,246,303.0,1993.1,1.070,-0.240,0.505,180.156,-55.688,-19.484,291.7,1,-0.0203,0.1605,0.4420,0.8823,173.6,-17.5,0.0
720325,2026-08-30_09-21-04.326-240,v3.6.25,3.48,12.0,400,4599,-2059,5697,3750,-2687,6171,4519,-2223,5730,4627,-2878,5454,0,0,0,108,-655,-276,718.9,4729.8,1.627,0.210,0.176,277.031,10.344,-23.234,640.8,1,-0.0614,0.1759,0.4590,0.8687,176.6,-21.2,0.0
720366,2026-08-30_09-21-04.368-240,v3.6.25,3.48,12.0,400,4853,-2697,5200,3750,-2687,6171,4779,-2856,5244,4627,-2878,5454,0,0,0,-152,-22,210,260.2,1711.6,1.606,0.165,0.253,308.047,81.578,-26.812,255.8,1,-0.1124,0.1816,0.4761,0.8531,181.2,-24.6,0.0
720396,2026-08-30_09-21-04.398-240,v3.6.25,3.48,12.0,400,5018,-3040,4804,4055,-3171,5728,4947,-3195,4855,4868,-3364,4971,0,0,0,-79,-169,116,219.7,1445.2,1.627,0.426,-0.151,320.984,118.297,-62.328,221.8,1,-0.1663,0.1802,0.4965,0.8327,186.4,-27.7,0.0
720430,2026-08-30_09-21-04.431-240,v3.6.25,3.48,12.0,400,5018,-3040,4804,4055,-3171,5728,4947,-3195,4855,4868,-3364,4971,0,0,0,-79,-169,116,219.7,1445.2,1.159,1.400,0.382,294.500,148.984,-66.500,221.8,1,-0.2179,0.1709,0.5139,0.8119,191.9,-30.1,0.0
720458,2026-08-30_09-21-04.460-240,v3.6.25,3.48,12.0,400,5390,-2964,4413,4493,-3149,5357,5320,-3116,4466,5243,-3345,4535,0,0,0,-77,-229,69,251.3,1653.0,0.703,1.900,0.475,182.578,135.188,40.688,248.3,1,-0.2569,0.1647,0.5112,0.8034,196.7,-31.8,0.0
720504,2026-08-30_09-21-04.506-240,v3.6.25,3.48,12.0,400,5413,-2856,4672,4464,-2962,5631,5342,-3013,4722,5256,-3155,4807,0,0,0,-86,-142,85,186.5,1227.0,0.496,0.808,0.755,26.500,63.828,164.766,194.0,1,-0.2738,0.1703,0.4869,0.8117,199.4,-32.9,0.0
720542,2026-08-30_09-21-04.544-240,v3.6.25,3.48,12.0,400,4673,-2880,5367,4464,-2962,5631,4600,-3041,5412,5256,-3155,4807,0,0,0,656,-114,-605,899.6,5918.7,0.337,-0.742,1.008,37.547,-26.469,75.734,792.5,1,-0.2807,0.1821,0.4792,0.8115,199.9,-34.4,0.0
720601,2026-08-30_09-21-04.603-240,v3.6.25,3.48,12.0,400,4490,-3397,5035,3587,-3067,6170,4420,-3551,5089,4473,-3257,5481,0,0,0,53,294,392,492.9,3242.5,0.442,-0.053,0.404,107.625,-129.031,-80.203,451.1,1,-0.2818,0.1984,0.5007,0.7940,198.1,-36.7,0.0
720641,2026-08-30_09-21-04.643-240,v3.6.25,3.48,12.0,400,4490,-3397,5035,3628,-3751,5606,4420,-3551,5089,4433,-3945,4926,0,0,0,13,-394,-163,426.6,2806.5,0.740,0.509,0.121,64.906,-162.078,-44.766,395.5,1,-0.2752,0.2197,0.5169,0.7803,195.1,-38.9,0.0
720777,2026-08-30_09-21-04.778-240,v3.6.25,3.48,12.0,400,4571,-5358,2855,4058,-5374,3640,4517,-5478,2946,4564,-5585,2937,0,0,0,47,-107,-9,117.2,771.1,1.086,1.151,-0.833,-391.062,-55.734,264.906,135.8,1,-0.2258,0.2288,0.4683,0.8230,191.2,-36.0,0.0
720899,2026-08-30_09-21-04.900-240,v3.6.25,3.48,12.0,400,3263,-4990,4723,2246,-4874,5554,3202,-5129,4797,3065,-5069,5111,0,0,0,-137,60,314,347.8,2288.2,0.823,-1.783,0.083,-168.594,7.391,-78.984,329.3,1,-0.1999,0.2133,0.4725,0.8314,189.0,-32.9,0.0
720952,2026-08-30_09-21-04.955-240,v3.6.25,3.48,12.0,400,3248,-4652,4971,2246,-4874,5554,3184,-4794,5039,3065,-5069,5111,0,0,0,-119,-275,72,308.2,2027.4,0.904,-0.768,0.443,120.406,12.641,-260.812,296.1,1,-0.2083,0.1991,0.5136,0.8082,189.0,-32.4,0.0
721125,2026-08-30_09-21-05.126-240,v3.6.25,3.48,12.0,400,5985,-4376,1754,5439,-4292,3139,5928,-4489,1842,5837,-4510,2212,0,0,0,-91,-21,370,381.6,2510.6,0.916,2.014,0.139,215.375,139.891,37.891,357.7,1,-0.2522,0.1942,0.5119,0.7979,194.3,-34.6,0.0
721170,2026-08-30_09-21-05.172-240,v3.6.25,3.48,12.0,400,5985,-4376,1754,5487,-4562,2904,5928,-4489,1842,5851,-4781,1975,0,0,0,-77,-292,133,330.0,2170.9,0.326,1.770,0.193,97.359,84.297,245.422,314.4,1,-0.2827,0.2074,0.4785,0.8051,198.8,-37.2,0.0
721361,2026-08-30_09-21-05.362-240,v3.6.25,3.48,12.0,400,2084,-6628,2955,1653,-6536,3636,2032,-6724,3060,2181,-6754,3343,0,0,0,149,-30,283,321.2,2113.4,1.722,0.672,-0.094,-139.141,-69.125,57.188,307.0,1,-0.2605,0.2152,0.4676,0.8168,196.2,-36.5,0.0
721391,2026-08-30_09-21-05.393-240,v3.6.25,3.48,12.0,400,1861,-6879,2516,1313,-6926,2958,1810,-6964,2627,1733,-7154,2740,0,0,0,-77,-190,113,234.1,1540.1,1.918,0.652,-0.297,-212.875,-23.328,61.641,233.9,1,-0.2315,0.2132,0.4507,0.8354,193.6,-34.4,0.0
721424,2026-08-30_09-21-05.425-240,v3.6.25,3.48,12.0,400,1861,-6879,2516,1584,-6872,3028,1810,-6964,2627,2015,-7098,2762,0,0,0,205,-134,135,279.7,1839.8,1.808,0.177,-0.577,-281.594,38.516,77.531,272.1,1,-0.1976,0.2002,0.4253,0.8602,191.4,-30.8,0.0
721477,2026-08-30_09-21-05.478-240,v3.6.25,3.48,12.0,400,2183,-6731,2695,1584,-6872,3028,2132,-6823,2803,2015,-7098,2762,0,0,0,-117,-275,-41,301.7,1984.6,1.630,-0.159,-0.882,-277.391,103.328,45.750,290.6,1,-0.1673,0.1752,0.4017,0.8832,189.9,-26.3,0.0
721535,2026-08-30_09-21-05.537-240,v3.6.25,3.48,12.0,400,2722,-6177,3445,2017,-6331,3910,2669,-6288,3542,2587,-6544,3549,0,0,0,-82,-256,7,268.9,1769.1,0.838,-0.666,-0.183,-206.078,91.891,-30.047,263.1,1,-0.1424,0.1500,0.3923,0.8963,188.6,-22.4,0.0
721596,2026-08-30_09-21-05.597-240,v3.6.25,3.48,12.0,400,3901,-4724,4366,2443,-5478,4880,3840,-4863,4439,3160,-5679,4421,0,0,0,-680,-816,-18,1062.3,6989.1,0.247,-0.254,0.232,-75.516,-3.469,-134.750,929.0,1,-0.1240,0.1394,0.4076,0.8939,186.6,-20.5,0.0
721638,2026-08-30_09-21-05.640-240,v3.6.25,3.48,12.0,400,3901,-4724,4366,3197,-4786,5058,3840,-4863,4439,3930,-4984,4466,0,0,0,90,-121,27,153.2,1007.9,0.217,0.406,0.009,-6.281,-75.016,-137.531,166.0,1,-0.1103,0.1430,0.4298,0.8847,184.4,-20.4,0.0
721883,2026-08-30_09-21-05.884-240,v3.6.25,3.48,12.0,400,4024,-6487,-802,4307,-6307,-1,3977,-6534,-671,4213,-6567,-656,0,0,0,236,-33,15,238.8,1570.8,1.114,1.766,-0.555,108.359,117.672,101.438,237.8,1,-0.1409,0.1366,0.4192,0.8865,188.3,-21.1,0.0
722063,2026-08-30_09-21-05.064-240,v3.6.25,3.48,12.0,400,914,-7317,1765,1213,-7197,2332,864,-7378,1886,1532,-7434,2147,0,0,0,668,-56,261,719.4,4732.6,0.812,0.431,-0.342,-4.969,-87.703,47.500,641.2,1,-0.1373,0.1534,0.4141,0.8867,187.3,-22.7,0.0
722111,2026-08-30_09-21-05.113-240,v3.6.25,3.48,12.0,400,914,-7317,1765,483,-7383,1939,864,-7378,1886,738,-7629,1887,0,0,0,-126,-251,1,280.9,1847.7,1.088,0.585,-0.358,-170.828,-96.094,90.906,273.2,1,-0.1109,0.1653,0.3934,0.8975,184.3,-22.6,0.0
722182,2026-08-30_09-21-06.184-240,v3.6.25,3.48,12.0,400,1039,-7507,447,446,-7536,1096,990,-7545,579,561,-7794,1071,0,0,0,-429,-249,492,698.6,4596.4,1.279,-0.281,-0.869,-308.812,-46.625,59.578,623.8,1,-0.0654,0.1609,0.3681,0.9134,180.1,-20.0,0.0
722216,2026-08-30_09-21-06.218-240,v3.6.25,3.48,12.0,400,1039,-7507,447,1188,-7487,641,990,-7545,579,1225,-7748,501,0,0,0,235,-203,-78,320.2,2106.5,1.182,-0.430,-0.936,-286.938,-19.141,-7.484,306.2,1,-0.0211,0.1499,0.3529,0.9233,176.0,-17.0,0.0
722411,2026-08-30_09-21-06.412-240,v3.6.25,3.48,12.0,400,5084,-5650,-662,4838,-5806,416,5034,-5710,-542,4805,-6060,-340,0,0,0,-229,-350,202,464.5,3055.8,0.932,-0.912,-0.195,157.281,12.344,-205.531,427.3,1,-0.0346,0.1494,0.3925,0.9069,176.7,-17.3,0.0
722476,2026-08-30_09-21-06.477-240,v3.6.25,3.48,12.0,400,5150,-5529,-1571,5280,-5483,-395,5099,-5572,-1446,5102,-5749,-1207,0,0,0,3,-177,239,297.4,1956.7,0.840,1.514,-1.151,317.219,109.594,-233.938,287.1,1,-0.0767,0.1409,0.4444,0.8813,180.6,-18.5,0.0
722531,2026-08-30_09-21-06.533-240,v3.6.25,3.48,12.0,400,4376,-5886,-2603,4786,-5749,-1734,4325,-5901,-2467,4385,-6037,-2430,0,0,0,60,-136,37,153.2,1007.8,0.858,2.078,-0.584,146.922,151.719,65.969,166.0,1,-0.1137,0.1300,0.4414,0.8806,185.2,-19.2,0.0
722765,2026-08-30_09-21-06.766-240,v3.6.25,3.48,12.0,400,-157,-7666,210,63,-7593,739,-207,-7685,346,118,-7859,787,0,0,0,325,-174,441,574.8,3781.5,0.670,-0.076,-0.524,-20.484,-121.016,18.859,519.8,1,-0.1035,0.1494,0.4396,0.8796,183.1,-20.7,0.0
723115,2026-08-30_09-21-06.116-240,v3.6.25,3.48,12.0,400,3623,-5740,-3712,4050,-5662,-3139,3568,-5723,-3570,3406,-5978,-3677,0,0,0,-162,-255,-107,320.5,2108.5,0.548,0.390,-0.687,26.406,34.578,45.219,306.4,1,-0.1130,0.1489,0.4342,0.8812,184.3,-21.1,0.0
723165,2026-08-30_09-21-07.167-240,v3.6.25,3.48,12.0,400,3623,-5740,-3712,4169,-5627,-3010,3568,-5723,-3570,3546,-5940,-3571,0,0,0,-22,-217,-1,218.1,1435.0,0.771,0.108,-0.629,139.188,56.766,56.328,220.5,1,-0.1412,0.1520,0.4323,0.8775,187.3,-22.9,0.0
723193,2026-08-30_09-21-07.195-240,v3.6.25,3.48,12.0,400,3371,-6151,-3329,3689,-6186,-2607,3319,-6140,-3185,3147,-6492,-3095,0,0,0,-172,-352,90,402.0,2644.6,1.093,0.243,-0.627,201.156,70.047,41.219,374.8,1,-0.1785,0.1553,0.4350,0.8688,191.2,-25.2,0.0
723406,2026-08-30_09-21-07.407-240,v3.6.25,3.48,12.0,400,-101,-7527,-1816,289,-7444,-1622,-153,-7507,-1667,-61,-7747,-1555,0,0,0,92,-240,112,280.4,1844.5,0.415,-0.457,-0.815,-43.531,-77.672,34.797,272.7,1,-0.1690,0.1681,0.4300,0.8708,189.6,-26.0,0.0
723433,2026-08-30_09-21-07.435-240,v3.6.25,3.48,12.0,400,-189,-7391,-2373,85,-7343,-2143,-242,-7359,-2222,-356,-7656,-2029,0,0,0,-114,-297,193,372.1,2448.0,0.751,-0.019,-0.744,-82.766,-77.531,7.219,349.7,1,-0.1522,0.1771,0.4270,0.8736,187.3,-26.1,0.0
723474,2026-08-30_09-21-07.476-240,v3.6.25,3.48,12.0,400,-189,-7391,-2373,504,-7093,-2748,-242,-7359,-2222,-45,-7415,-2691,0,0,0,197,-56,-469,511.8,3366.9,1.163,0.423,-0.900,-170.656,-52.578,6.547,466.9,1,-0.1241,0.1775,0.4189,0.8818,184.4,-24.6,0.0
723526,2026-08-30_09-21-07.527-240,v3.6.25,3.48,12.0,400,210,-7201,-2944,504,-7093,-2748,156,-7162,-2791,-45,-7415,-2691,0,0,0,-201,-253,100,338.2,2225.3,1.271,0.082,-1.063,-247.266,-0.281,10.953,321.3,1,-0.0886,0.1659,0.4044,0.8950,181.5,-21.6,0.0
723699,2026-08-30_09-21-07.700-240,v3.6.25,3.48,12.0,400,4373,-5869,-2392,4175,-6054,-1688,4322,-5888,-2258,3787,-6343,-2281,0,0,0,-535,-455,-23,702.7,4623.0,-0.311,-0.763,-0.874,10.578,-56.188,-63.094,627.2,1,-0.0835,0.1732,0.4156,0.8890,180.3,-22.2,0.0
723741,2026-08-30_09-21-07.743-240,v3.6.25,3.48,12.0,400,4373,-5869,-2392,4711,-5727,-1715,4322,-5888,-2258,4312,-6016,-2399,0,0,0,-10,-128,-141,190.7,1254.6,0.635,0.135,-0.602,138.844,-51.125,-124.625,197.5,1,-0.0947,0.1836,0.4420,0.8729,180.2,-23.8,0.0
723820,2026-08-30_09-21-07.821-240,v3.6.25,3.48,12.0,400,3469,-5897,-3767,4412,-5653,-2736,3415,-5878,-3623,3837,-5960,-3345,0,0,0,422,-82,278,511.9,3368.1,1.531,1.687,-0.641,89.094,65.219,-12.984,467.1,1,-0.1124,0.1788,0.4474,0.8690,182.2,-24.3,0.0
723850,2026-08-30_09-21-07.852-240,v3.6.25,3.48,12.0,400,3469,-5897,-3767,3727,-5896,-3116,3415,-5878,-3623,3092,-6212,-3599,0,0,0,-323,-334,24,465.3,3060.9,1.134,1.519,-0.951,17.031,95.781,94.281,427.9,1,-0.1273,0.1710,0.4329,0.8758,184.7,-24.2,0.0
723990,2026-08-30_09-21-07.991-240,v3.6.25,3.48,12.0,400,2342,-7133,-1749,2826,-6939,-1430,2295,-7143,-1605,2500,-7227,-1798,0,0,0,205,-84,-193,293.8,1933.0,0.445,0.109,-1.134,245.531,56.547,-72.828,284.0,1,-0.1646,0.1723,0.4547,0.8582,188.1,-26.4,0.0
724056,2026-08-30_09-21-07.057-240,v3.6.25,3.48,12.0,400,1418,-7478,-1344,1750,-7348,-1089,1370,-7486,-1199,1490,-7634,-1282,0,0,0,120,-148,-83,207.8,1367.3,0.111,0.949,-0.710,67.562,-9.734,87.750,211.9,1,-0.1782,0.1834,0.4462,0.8576,189.3,-28.3,0.0
724111,2026-08-30_09-21-07.113-240,v3.6.25,3.48,12.0,400,573,-7603,-1111,760,-7536,-966,523,-7605,-966,524,-7825,-994,0,0,0,1,-220,-28,221.8,1459.1,0.804,0.552,-0.363,-129.375,-35.375,157.453,223.6,1,-0.1646,0.1928,0.4182,0.8723,188.2,-28.3,0.0
724139,2026-08-30_09-21-08.141-240,v3.6.25,3.48,12.0,400,156,-7597,-1263,307,-7503,-1168,105,-7591,-1117,35,-7798,-1115,0,0,0,-70,-207,2,218.5,1437.7,1.031,0.135,-0.581,-197.500,-10.516,134.625,220.8,1,-0.1415,0.1936,0.3887,0.8896,186.5,-27.0,0.0
724167,2026-08-30_09-21-08.169-240,v3.6.25,3.48,12.0,400,554,-7557,-1368,307,-7503,-1168,504,-7554,-1222,35,-7798,-1115,0,0,0,-469,-244,107,539.4,3548.6,1.365,-0.393,-0.940,-223.781,24.688,106.750,490.1,1,-0.1152,0.1860,0.3605,0.9067,184.7,-24.9,0.0
724211,2026-08-30_09-21-08.213-240,v3.6.25,3.48,12.0,400,554,-7557,-1368,814,-7483,-1152,504,-7554,-1222,545,-7775,-1185,0,0,0,41,-221,37,227.8,1498.7,1.551,-0.255,-1.089,-226.562,77.438,56.750,228.6,1,-0.0891,0.1671,0.3382,0.9218,183.2,-21.6,0.0
724401,2026-08-30_09-21-08.402-240,v3.6.25,3.47,12.0,400,3708,-6436,1420,3172,-6663,1988,3660,-6522,1534,3423,-6897,1478,0,0,0,-237,-375,-56,447.1,2941.7,0.073,-0.014,-0.619,-21.766,-55.172,-120.703,412.7,1,-0.0765,0.1707,0.3568,0.9153,181.1,-21.5,0.0
724432,2026-08-30_09-21-08.434-240,v3.6.25,3.47,12.0,400,4182,-6270,711,3674,-6372,1874,4134,-6347,828,3900,-6606,1281,0,0,0,-234,-259,453,571.9,3762.4,0.424,0.355,-0.466,11.875,-79.922,-129.000,517.4,1,-0.0670,0.1791,0.3787,0.9056,179.1,-22.0,0.0
724575,2026-08-30_09-21-08.576-240,v3.6.25,3.47,12.0,400,4291,-6294,-928,4338,-6229,-108,4243,-6341,-799,4224,-6491,-766,0,0,0,-19,-150,33,154.8,1018.1,1.414,0.577,-0.754,120.375,103.672,-9.188,167.3,1,-0.0923,0.1693,0.3851,0.9025,182.2,-22.1,0.0
724605,2026-08-30_09-21-08.607-240,v3.6.25,3.47,12.0,400,3978,-6510,-657,4027,-6482,37,3931,-6559,-527,3943,-6742,-571,0,0,0,12,-183,-44,188.6,1240.8,1.146,0.195,-0.932,138.922,125.125,-4.344,195.7,1,-0.1222,0.1572,0.3910,0.8986,186.0,-22.2,0.0
724635,2026-08-30_09-21-08.636-240,v3.6.25,3.47,12.0,400,3978,-6510,-657,4027,-6482,37,3931,-6559,-527,3943,-6742,-571,0,0,0,12,-183,-44,188.6,1240.8,0.626,-0.093,-1.088,172.625,125.781,-24.875,195.7,1,-0.1558,0.1454,0.4015,0.8907,190.0,-22.6,0.0
724665,2026-08-30_09-21-08.667-240,v3.6.25,3.47,12.0,400,3577,-6741,90,3469,-6777,752,3531,-6800,216,3513,-7027,221,0,0,0,-18,-227,5,227.8,1498.5,0.542,0.029,-0.818,195.031,108.312,-46.453,228.6,1,-0.1901,0.1359,0.4162,0.8787,193.9,-23.4,0.0
724694,2026-08-30_09-21-08.695-240,v3.6.25,3.47,12.0,400,3136,-6937,598,3469,-6777,752,3090,-7001,723,3513,-7027,221,0,0,0,423,-26,-502,657.0,4322.2,0.599,0.574,-0.540,177.453,74.141,-37.391,588.8,1,-0.2195,0.1308,0.4294,0.8662,197.1,-24.5,0.0
724741,2026-08-30_09-21-08.743-240,v3.6.25,3.47,12.0,400,3136,-6937,598,2867,-6986,1235,3090,-7001,723,2997,-7231,795,0,0,0,-93,-230,72,258.3,1699.5,0.493,0.440,-0.476,98.188,8.750,25.391,254.2,1,-0.2360,0.1363,0.4315,0.8600,198.7,-26.0,0.0
724769,2026-08-30_09-21-08.771-240,v3.6.25,3.47,12.0,400,2675,-7083,866,2300,-7174,1365,2629,-7147,991,2455,-7419,1018,0,0,0,-174,-272,27,324.0,2131.7,0.374,0.111,-0.553,56.734,-38.938,36.047,309.4,1,-0.2438,0.1481,0.4314,0.8559,199.1,-27.6,0.0
724812,2026-08-30_09-21-08.814-240,v3.6.25,3.47,12.0,400,2205,-7264,690,2300,-7174,1365,2159,-7320,818,2455,-7419,1018,0,0,0,296,-99,200,370.7,2438.8,0.546,0.260,-0.475,0.312,-81.062,33.109,348.6,1,-0.2401,0.1635,0.4305,0.8546,198.0,-29.1,0.0
724845,2026-08-30_09-21-08.847-240,v3.6.25,3.47,12.0,400,2205,-7264,690,1866,-7349,930,2159,-7320,818,1950,-7603,668,0,0,0,-209,-283,-150,382.5,2516.1,0.961,0.479,-0.366,-62.031,-80.594,35.484,358.4,1,-0.2275,0.1760,0.4257,0.8579,196.1,-29.7,0.0
724876,2026-08-30_09-21-08.878-240,v3.6.25,3.47,12.0,400,1937,-7374,157,1866,-7349,930,1890,-7417,290,1950,-7603,668,0,0,0,60,-186,378,425.5,2799.6,1.550,0.565,-0.259,-134.312,-48.578,49.203,394.6,1,-0.2073,0.1813,0.4135,0.8678,193.9,-29.1,0.0
724931,2026-08-30_09-21-08.933-240,v3.6.25,3.47,12.0,400,2129,-7332,-130,1858,-7386,340,2083,-7371,4,1843,-7649,93,0,0,0,-240,-278,89,377.9,2486.2,2.048,0.102,-0.620,-218.109,53.609,55.609,354.6,1,-0.1825,0.1679,0.3922,0.8858,192.3,-26.1,0.0
724959,2026-08-30_09-21-08.962-240,v3.6.25,3.47,12.0,400,2809,-7051,369,2363,-7194,582,2763,-7107,497,2385,-7451,244,0,0,0,-378,-344,-253,570.3,3751.9,1.899,0.199,-0.711,-235.156,102.672,64.328,516.1,1,-0.1585,0.1465,0.3666,0.9050,191.2,-22.4,0.0
725109,2026-08-30_09-21-08.110-240,v3.6.25,3.47,12.0,400,4041,-5850,2631,3706,-5613,3624,3990,-5961,2730,4214,-5825,2982,0,0,0,224,136,252,363.6,2391.8,0.206,-0.103,-0.362,-114.344,-53.969,-62.000,342.6,1,-0.1353,0.1477,0.3709,0.9068,188.4,-21.6,0.0
725162,2026-08-30_09-21-09.164-240,v3.6.25,3.47,12.0,400,4338,-5477,2790,3706,-5613,3624,4285,-5593,2883,4214,-5825,2982,0,0,0,-71,-232,99,262.0,1724.0,0.761,0.488,-0.145,-107.922,-97.109,-35.062,257.4,1,-0.1114,0.1570,0.3726,0.9078,185.3,-21.6,0.0
725190,2026-08-30_09-21-09.192-240,v3.6.25,3.47,12.0,400,4778,-5401,2169,4297,-5525,3039,4725,-5511,2266,4704,-5743,2310,0,0,0,-21,-232,44,237.1,1559.7,1.161,-0.059,0.087,-72.484,-76.781,-48.141,236.4,1,-0.0935,0.1637,0.3766,0.9070,182.9,-21.6,0.0
725221,2026-08-30_09-21-09.223-240,v3.6.25,3.47,12.0,400,5073,-5421,1622,4297,-5525,3039,5021,-5524,1723,4704,-5743,2310,0,0,0,-317,-219,587,702.2,4619.4,1.572,0.132,-0.213,-12.766,-39.344,-62.359,626.7,1,-0.0864,0.1670,0.3855,0.9033,181.7,-21.6,0.0
725264,2026-08-30_09-21-09.266-240,v3.6.25,3.47,12.0,400,5073,-5421,1622,4705,-5461,2474,5021,-5524,1723,5015,-5686,1690,0,0,0,-6,-162,-33,165.4,1088.4,1.378,0.610,-0.344,22.062,40.844,1.328,176.3,1,-0.0933,0.1626,0.3858,0.9033,182.7,-21.5,0.0
725292,2026-08-30_09-21-09.294-240,v3.6.25,3.47,12.0,400,5222,-5351,1408,4852,-5415,2414,5170,-5451,1509,5151,-5640,1606,0,0,0,-19,-189,97,213.3,1403.2,1.332,0.323,-0.568,37.062,81.344,32.656,216.4,1,-0.1069,0.1541,0.3815,0.9051,184.7,-21.1,0.0
725336,2026-08-30_09-21-09.338-240,v3.6.25,3.47,12.0,400,5109,-5307,1891,4852,-5415,2414,5057,-5415,1988,5151,-5640,1606,0,0,0,94,-225,-382,453.2,2981.5,1.408,-0.111,-0.613,116.844,133.875,-5.375,417.8,1,-0.1339,0.1391,0.3859,0.9021,188.3,-20.8,0.0
725369,2026-08-30_09-21-09.371-240,v3.6.25,3.47,12.0,400,5109,-5307,1891,4572,-5367,3020,5057,-5415,1988,4973,-5585,2245,0,0,0,-84,-170,257,319.4,2101.2,1.370,0.126,-0.532,182.203,161.266,-48.922,305.5,1,-0.1697,0.1204,0.3994,0.8929,192.8,-20.5,0.0
725397,2026-08-30_09-21-09.399-240,v3.6.25,3.47,12.0,400,5008,-5158,2423,4572,-5367,3020,4954,-5275,2515,4973,-5585,2245,0,0,0,19,-310,-270,411.5,2707.5,1.049,0.707,-0.499,191.562,166.812,-37.500,382.8,1,-0.2074,0.1015,0.4114,0.8817,197.5,-20.5,0.0
725445,2026-08-30_09-21-09.447-240,v3.6.25,3.47,12.0,400,4956,-4971,2925,4455,-5175,3532,4901,-5096,3011,4939,-5387,2764,0,0,0,38,-291,-247,383.6,2523.6,0.509,0.757,-0.076,121.938,110.312,89.562,359.4,1,-0.2383,0.0959,0.4028,0.8785,201.5,-21.1,0.0
725476,2026-08-30_09-21-09.478-240,v3.6.25,3.47,12.0,400,4956,-4971,2925,4086,-5062,4219,4901,-5096,3011,4684,-5266,3497,0,0,0,-217,-170,486,558.7,3675.9,0.503,-0.189,-0.012,109.844,53.734,98.562,506.4,1,-0.2644,0.0996,0.3929,0.8751,204.6,-22.5,0.0
725509,2026-08-30_09-21-09.511-240,v3.6.25,3.47,12.0,400,4481,-4972,3659,4086,-5062,4219,4424,-5105,3740,4684,-5266,3497,0,0,0,260,-161,-243,390.6,2569.8,0.620,-0.520,-0.148,144.203,-13.609,26.375,365.3,1,-0.2862,0.1094,0.3982,0.8646,206.7,-24.6,0.0
725536,2026-08-30_09-21-09.538-240,v3.6.25,3.47,12.0,400,3937,-5288,3700,3304,-5322,4505,3881,-5416,3785,3955,-5524,3909,0,0,0,74,-108,124,180.3,1186.3,0.684,-0.128,-0.150,141.844,-51.719,-13.766,188.8,1,-0.3025,0.1217,0.4106,0.8515,207.8,-27.1,0.0
725581,2026-08-30_09-21-09.583-240,v3.6.25,3.47,12.0,400,3937,-5288,3700,3058,-5831,3932,3881,-5416,3785,3622,-6040,3393,0,0,0,-259,-624,-392,781.1,5138.8,0.699,0.268,-0.181,97.609,-92.844,-54.750,693.0,1,-0.3072,0.1353,0.4283,0.8390,207.3,-29.4,0.0
725629,2026-08-30_09-21-09.632-240,v3.6.25,3.47,12.0,400,3755,-5799,3078,3058,-5831,3932,3702,-5915,3173,3622,-6040,3393,0,0,0,-80,-125,220,265.4,1745.9,1.295,0.986,-0.084,2.438,-87.781,-53.328,260.2,1,-0.2984,0.1437,0.4407,0.8343,205.4,-30.2,0.0
725686,2026-08-30_09-21-09.688-240,v3.6.25,3.47,12.0,400,3743,-6154,2218,3207,-6262,2954,3693,-6254,2323,3614,-6483,2414,0,0,0,-79,-229,91,258.8,1702.4,2.159,0.660,-0.245,-169.141,-5.000,27.500,254.6,1,-0.2767,0.1404,0.4278,0.8490,203.4,-28.4,0.0
725716,2026-08-30_09-21-09.718-240,v3.6.25,3.47,12.0,400,3954,-6141,2007,3508,-6186,2707,3905,-6240,2113,3872,-6409,2122,0,0,0,-33,-169,9,172.4,1134.4,2.148,0.180,-0.442,-203.969,45.984,36.641,182.2,1,-0.2541,0.1289,0.4090,0.8669,201.8,-25.5,0.0
725745,2026-08-30_09-21-09.746-240,v3.6.25,3.47,12.0,400,4353,-5640,2537,3508,-6186,2707,4301,-5752,2634,3872,-6409,2122,0,0,0,-429,-657,-512,936.9,6164.0,1.881,0.193,-0.354,-220.281,93.812,47.797,823.8,1,-0.2328,0.1101,0.3849,0.8863,200.7,-22.0,0.0
725921,2026-08-30_09-21-09.922-240,v3.6.25,3.47,12.0,400,4386,-3873,4780,3560,-4045,5586,4320,-4023,4841,4368,-4237,4918,0,0,0,48,-214,77,232.4,1529.2,0.312,0.380,-0.416,-55.219,-114.156,-82.406,232.5,1,-0.2128,0.1206,0.3986,0.8839,197.6,-22.5,0.0
725951,2026-08-30_09-21-09.953-240,v3.6.25,3.47,12.0,400,4386,-3873,4780,3677,-4137,5311,4320,-4023,4841,4440,-4332,4630,0,0,0,120,-309,-211,392.9,2585.1,0.563,0.585,-0.240,-49.719,-134.266,-58.812,367.2,1,-0.1934,0.1357,0.4097,0.8811,194.5,-23.4,0.0
725980,2026-08-30_09-21-09.981-240,v3.6.25,3.47,12.0,400,4746,-4235,4066,3677,-4137,5311,4684,-4377,4136,4440,-4332,4630,0,0,0,-244,45,494,552.8,3636.9,1.270,0.414,0.339,-34.844,-120.953,-38.984,501.4,1,-0.1782,0.1501,0.4168,0.8786,191.9,-24.3,0.0
726051,2026-08-30_09-21-09.053-240,v3.6.25,3.47,12.0,400,4926,-4650,3337,4295,-4975,3955,4868,-4781,3417,4846,-5182,3204,0,0,0,-22,-401,-213,454.6,2990.7,1.675,0.473,-0.086,27.719,1.969,35.891,419.0,1,-0.1852,0.1538,0.4125,0.8786,192.7,-25.0,0.0
726095,2026-08-30_09-21-09.096-240,v3.6.25,3.47,12.0,400,4870,-4905,3106,4295,-4975,3955,4814,-5032,3190,4846,-5182,3204,0,0,0,32,-150,14,154.0,1013.2,1.280,0.239,-0.362,51.688,72.594,81.844,166.7,1,-0.2032,0.1511,0.4005,0.8806,195.2,-25.4,0.0
726123,2026-08-30_09-21-10.125-240,v3.6.25,3.47,12.0,400,4543,-4924,3616,3942,-5075,4300,4486,-5057,3697,4554,-5278,3600,0,0,0,68,-221,-97,250.7,1649.7,1.312,-0.020,-0.380,85.812,107.484,76.312,247.9,1,-0.2283,0.1439,0.3896,0.8806,198.7,-25.5,0.0
726160,2026-08-30_09-21-10.162-240,v3.6.25,3.47,12.0,400,4543,-4924,3616,3336,-4852,5032,4486,-5057,3697,4067,-5049,4417,0,0,0,-419,8,720,833.1,5480.8,1.388,-0.584,-0.316,151.219,142.328,37.562,736.6,1,-0.2628,0.1309,0.3861,0.8745,203.4,-25.6,0.0
726213,2026-08-30_09-21-10.215-240,v3.6.25,3.47,12.0,400,4118,-4680,4353,3336,-4852,5032,4058,-4821,4426,4067,-5049,4417,0,0,0,9,-228,-9,228.4,1502.3,1.142,0.011,-0.370,268.438,170.766,-87.156,229.1,1,-0.3084,0.1086,0.4050,0.8539,209.2,-25.8,0.0
726251,2026-08-30_09-21-10.253-240,v3.6.25,3.47,12.0,400,4135,-4166,4782,3251,-4301,5542,4070,-4314,4846,4056,-4494,4928,0,0,0,-14,-180,82,198.3,1304.6,0.539,0.989,-0.259,220.625,145.234,-48.547,203.9,1,-0.3463,0.0904,0.4171,0.8354,214.1,-26.1,0.0
726279,2026-08-30_09-21-10.280-240,v3.6.25,3.47,12.0,400,4583,-3630,4878,3653,-3704,5721,4516,-3783,4935,4476,-3896,5033,0,0,0,-40,-113,98,154.8,1018.6,0.598,0.693,0.016,159.469,104.047,20.750,167.4,1,-0.3765,0.0816,0.4179,0.8228,218.1,-26.7,0.0
726330,2026-08-30_09-21-10.332-240,v3.6.25,3.47,12.0,400,4453,-3504,5076,3653,-3704,5721,4384,-3659,5130,4476,-3896,5033,0,0,0,92,-237,-97,272.1,1790.2,0.639,-0.297,0.167,135.172,4.031,8.250,265.8,1,-0.3957,0.0861,0.4240,0.8101,220.2,-28.4,0.0
726371,2026-08-30_09-21-10.373-240,v3.6.25,3.47,12.0,400,4453,-3504,5076,3453,-3694,5858,4384,-3659,5130,4299,-3885,5201,0,0,0,-85,-226,71,251.7,1655.8,0.694,-0.097,0.148,117.891,-47.344,-42.500,248.7,1,-0.4058,0.0923,0.4390,0.7963,220.9,-30.2,0.0
726400,2026-08-30_09-21-10.401-240,v3.6.25,3.47,12.0,400,4402,-3819,4817,3544,-4140,5393,4336,-3969,4877,4321,-4335,4733,0,0,0,-15,-366,-144,393.6,2589.4,0.754,0.117,0.195,92.859,-67.031,-77.750,367.8,1,-0.4089,0.0966,0.4583,0.7833,220.5,-31.7,0.0
726447,2026-08-30_09-21-10.448-240,v3.6.25,3.47,12.0,400,4623,-4274,4124,3544,-4140,5393,4561,-4415,4194,4321,-4335,4733,0,0,0,-240,80,539,595.4,3917.2,1.304,1.100,0.511,16.469,-63.812,-107.906,537.1,1,-0.4003,0.0942,0.4770,0.7767,218.8,-31.9,0.0
726505,2026-08-30_09-21-10.507-240,v3.6.25,3.47,12.0,400,5082,-4420,3408,4068,-4548,4589,5023,-4554,3485,4717,-4750,3860,0,0,0,-306,-196,375,522.2,3435.4,2.024,1.657,0.241,-210.938,4.703,5.781,475.7,1,-0.3747,0.0856,0.4640,0.7981,216.4,-29.0,0.0
726535,2026-08-30_09-21-10.537-240,v3.6.25,3.47,12.0,400,5407,-3914,3683,4599,-4340,4368,5345,-4055,3752,5207,-4543,3554,0,0,0,-138,-488,-198,544.4,3581.7,1.908,1.222,0.018,-306.375,50.234,68.844,494.3,1,-0.3435,0.0736,0.4332,0.8300,213.9,-24.8,0.0
726688,2026-08-30_09-21-10.689-240,v3.6.25,3.47,12.0,400,4341,-1097,6179,3193,-1235,6982,4252,-1263,6198,4176,-1427,6337,0,0,0,-76,-164,139,228.0,1500.1,0.446,-0.094,0.232,-88.141,-54.000,-123.766,228.8,1,-0.3208,0.0670,0.4469,0.8324,211.1,-23.5,0.0
726741,2026-08-30_09-21-10.742-240,v3.6.25,3.47,12.0,400,4755,-1407,5828,3193,-1235,6982,4670,-1573,5853,4176,-1427,6337,0,0,0,-494,146,484,706.8,4650.2,0.669,0.609,0.404,-74.000,-130.172,-25.953,630.6,1,-0.2995,0.0800,0.4526,0.8361,207.9,-23.9,0.0
726791,2026-08-30_09-21-10.793-240,v3.6.25,3.47,12.0,400,4755,-1407,5828,3696,-1576,6633,4670,-1573,5853,4628,-1768,5912,0,0,0,-42,-195,59,208.0,1368.5,1.158,0.038,0.563,-10.203,-125.422,30.719,212.0,1,-0.2906,0.1002,0.4540,0.8363,206.0,-25.6,0.0
726912,2026-08-30_09-21-10.913-240,v3.6.25,3.47,12.0,400,3919,-3696,5399,3274,-3439,6112,3850,-3851,5453,4157,-3629,5479,0,0,0,307,222,26,379.7,2498.3,1.451,0.061,-0.055,151.344,19.562,98.578,356.1,1,-0.3191,0.1124,0.4477,0.8277,209.0,-28.1,0.0
726946,2026-08-30_09-21-10.948-240,v3.6.25,3.47,12.0,400,3919,-3696,5399,2671,-4008,6101,3850,-3851,5453,3564,-4198,5571,0,0,0,-286,-347,118,464.9,3058.5,1.530,-0.196,0.044,178.516,66.812,79.203,427.6,1,-0.3534,0.1169,0.4424,0.8159,213.2,-30.2,0.0
726978,2026-08-30_09-21-10.979-240,v3.6.25,3.47,12.0,400,3311,-3869,5674,2671,-4008,6101,3241,-4023,5728,3564,-4198,5571,0,0,0,323,-175,-157,399.5,2628.3,1.395,-0.465,0.143,202.422,103.828,46.859,372.7,1,-0.3914,0.1138,0.4397,0.8003,218.3,-31.8,0.0
727006,2026-08-30_09-21-10.008-240,v3.6.25,3.47,12.0,400,3003,-3515,6057,2033,-3926,6409,2930,-3671,6105,2976,-4116,5980,0,0,0,46,-445,-125,464.5,3056.0,1.374,-0.807,0.104,236.938,125.562,-15.625,427.3,1,-0.4317,0.1025,0.4447,0.7781,223.8,-32.9,0.0
727051,2026-08-30_09-21-10.053-240,v3.6.25,3.47,12.0,400,3003,-3515,6057,2080,-3277,6707,2930,-3671,6105,3060,-3466,6261,0,0,0,130,205,156,288.5,1898.4,0.938,-0.178,-0.219,273.875,133.656,-146.328,279.6,1,-0.4691,0.0774,0.4663,0.7460,228.9,-33.6,0.0
727203,2026-08-30_09-21-11.204-240,v3.6.25,3.47,12.0,400,5234,-2019,5091,4159,-2170,6107,5156,-2179,5128,5015,-2363,5321,0,0,0,-141,-184,193,301.6,1984.5,0.387,0.072,0.330,135.453,-19.922,-161.922,290.6,1,-0.4753,0.0654,0.4938,0.7252,229.2,-34.4,0.0
727263,2026-08-30_09-21-11.265-240,v3.6.25,3.47,12.0,400,5928,-2116,4152,5038,-2203,5278,5853,-2267,4197,5754,-2404,4363,0,0,0,-99,-137,166,236.9,1558.6,0.602,1.250,0.773,35.891,-49.453,-132.781,236.3,1,-0.4681,0.0568,0.5151,0.7158,227.8,-34.3,0.0
727323,2026-08-30_09-21-11.325-240,v3.6.25,3.47,12.0,400,6914,-1959,2586,5950,-2303,4153,6841,-2091,2640,6478,-2515,3111,0,0,0,-363,-424,471,730.3,4804.8,1.363,1.994,0.752,-182.219,-24.172,-26.047,650.4,1,-0.4437,0.0492,0.5101,0.7352,225.0,-31.7,0.0
727366,2026-08-30_09-21-11.368-240,v3.6.25,3.47,12.0,400,6914,-1959,2586,6386,-1969,3824,6841,-2091,2640,6851,-2186,2715,0,0,0,10,-95,75,121.4,799.0,1.379,1.878,0.438,-346.641,14.219,72.969,139.4,1,-0.4084,0.0413,0.4801,0.7752,221.8,-27.1,0.0
727525,2026-08-30_09-21-11.526-240,v3.6.25,3.47,12.0,400,5457,1073,5456,4368,1113,6404,5355,913,5455,5202,902,5568,0,0,0,-153,-11,113,190.5,1253.4,0.373,0.085,0.964,-79.438,-123.500,-61.781,197.3,1,-0.3850,0.0482,0.4912,0.7799,218.4,-27.0,0.0
727560,2026-08-30_09-21-11.562-240,v3.6.25,3.47,12.0,400,5318,1093,5540,4368,1113,6404,5215,933,5538,5202,902,5568,0,0,0,-13,-31,30,45.1,296.4,0.536,0.270,0.694,-15.812,-155.922,-34.500,75.3,1,-0.3678,0.0647,0.5046,0.7784,215.1,-28.2,0.0
727589,2026-08-30_09-21-11.590-240,v3.6.25,3.47,12.0,400,5436,324,5468,4391,578,6429,5340,162,5475,5241,372,5590,0,0,0,-99,210,115,259.1,1704.5,0.772,0.431,0.422,29.344,-154.750,1.500,254.9,1,-0.3583,0.0867,0.5157,0.7734,212.5,-30.2,0.0
727740,2026-08-30_09-21-11.741-240,v3.6.25,3.47,12.0,400,5180,-2108,5229,4196,-2251,6113,5102,-2270,5266,5055,-2443,5321,0,0,0,-47,-173,55,187.5,1233.7,1.475,0.624,0.097,137.281,78.594,36.094,194.8,1,-0.3849,0.0859,0.5132,0.7623,215.9,-31.7,0.0
727793,2026-08-30_09-21-11.795-240,v3.6.25,3.47,12.0,400,5110,-1784,5426,4196,-2251,6113,5030,-1948,5458,5055,-2443,5321,0,0,0,25,-495,-137,514.2,3383.0,1.460,0.250,0.332,98.594,153.891,34.062,469.0,1,-0.4131,0.0731,0.5033,0.7555,220.3,-31.7,0.0
727839,2026-08-30_09-21-11.842-240,v3.6.25,3.47,12.0,400,5110,-1784,5426,4098,-1970,6356,5030,-1948,5458,4992,-2161,5574,0,0,0,-38,-213,116,245.5,1615.1,1.331,-0.402,-0.111,114.812,185.219,-41.703,243.5,1,-0.4414,0.0489,0.5005,0.7431,225.1,-31.0,0.0
727967,2026-08-30_09-21-11.968-240,v3.6.25,3.47,12.0,400,6406,278,4259,5235,63,5637,6313,127,4275,5962,-146,4675,0,0,0,-351,-273,400,598.1,3934.9,0.005,0.011,0.713,144.188,2.281,44.828,539.4,1,-0.4612,0.0584,0.5032,0.7285,227.2,-33.3,0.0
728001,2026-08-30_09-21-11.003-240,v3.6.25,3.47,12.0,400,6406,278,4259,5673,46,5307,6313,127,4275,6345,-166,4279,0,0,0,32,-293,4,294.8,1939.3,0.120,-0.111,0.462,176.672,-58.297,26.141,284.8,1,-0.4780,0.0747,0.5142,0.7082,228.5,-36.7,0.0
728141,2026-08-30_09-21-12.142-240,v3.6.25,3.47,12.0,400,6431,-2137,3540,5796,-2082,4646,6358,-2282,3589,6403,-2289,3617,0,0,0,45,-7,28,53.5,351.7,1.426,0.938,0.166,-192.766,-12.547,68.828,82.3,1,-0.4586,0.0766,0.4971,0.7326,226.4,-34.6,0.0
728167,2026-08-30_09-21-12.168-240,v3.6.25,3.47,12.0,400,6155,-2008,4138,5459,-2289,5041,6080,-2161,4182,6137,-2490,4061,0,0,0,57,-329,-121,355.1,2336.5,1.412,0.415,-0.102,-233.125,25.547,24.859,335.5,1,-0.4350,0.0677,0.4791,0.7593,224.2,-31.3,0.0
728316,2026-08-30_09-21-12.317-240,v3.6.25,3.47,12.0,400,5693,396,5287,4762,212,6221,5597,234,5295,5585,7,5325,0,0,0,-12,-227,30,229.3,1508.5,0.024,-0.288,0.720,-139.828,61.000,-87.781,229.9,1,-0.4186,0.0449,0.4769,0.7716,223.1,-27.9,0.0
728376,2026-08-30_09-21-12.377-240,v3.6.25,3.47,12.0,400,5181,2278,5377,4337,1755,6290,5068,2127,5362,5137,1538,5461,0,0,0,69,-589,99,601.2,3955.5,0.154,0.190,0.316,-70.922,-71.047,-21.609,542.0,1,-0.4031,0.0491,0.4803,0.7774,220.9,-27.6,0.0
728420,2026-08-30_09-21-12.422-240,v3.6.25,3.47,12.0,400,5181,2278,5377,4209,2205,6277,5068,2127,5362,4997,1984,5469,0,0,0,-71,-143,107,192.2,1264.4,0.279,0.298,0.479,-34.297,-128.906,16.344,198.7,1,-0.3894,0.0663,0.4852,0.7801,218.3,-28.8,0.0
728461,2026-08-30_09-21-12.463-240,v3.6.25,3.47,12.0,400,5065,1841,5640,4020,1495,6571,4955,1685,5629,4873,1282,5790,0,0,0,-82,-403,161,441.6,2905.6,0.820,0.352,0.802,-18.734,-132.141,52.172,408.1,1,-0.3793,0.0884,0.4864,0.7822,216.1,-30.5,0.0
728551,2026-08-30_09-21-12.552-240,v3.6.25,3.47,12.0,400,4641,131,6205,3755,433,6875,4544,-35,6210,4683,231,6133,0,0,0,139,266,-77,309.8,2038.5,1.881,0.389,0.799,13.781,-4.250,73.406,297.5,1,-0.3853,0.0965,0.4779,0.7835,216.8,-31.3,0.0
728578,2026-08-30_09-21-12.580-240,v3.6.25,3.47,12.0,400,4641,131,6205,3372,-221,7072,4544,-35,6210,4348,-417,6392,0,0,0,-196,-382,182,466.3,3068.0,1.743,-0.004,0.562,38.906,47.391,48.281,428.8,1,-0.3974,0.0961,0.4703,0.7821,218.6,-31.6,0.0
728610,2026-08-30_09-21-12.611-240,v3.6.25,3.47,12.0,400,4341,-86,6388,3372,-221,7072,4244,-253,6394,4348,-417,6392,0,0,0,104,-164,-2,194.2,1277.7,1.512,-0.041,0.523,69.594,101.984,-6.609,200.4,1,-0.4148,0.0837,0.4674,0.7762,221.4,-31.2,0.0
728637,2026-08-30_09-21-12.639-240,v3.6.25,3.47,12.0,400,4393,394,6312,3179,-25,7124,4293,229,6313,4159,-223,6475,0,0,0,-134,-452,162,498.5,3279.6,1.309,0.024,0.675,95.750,143.406,-55.688,455.8,1,-0.4358,0.0615,0.4687,0.7659,224.9,-30.2,0.0
728788,2026-08-30_09-21-12.789-240,v3.6.25,3.47,12.0,400,5203,2634,5099,4244,2414,6060,5087,2490,5082,4990,2188,5251,0,0,0,-97,-302,169,359.4,2364.5,-0.313,0.394,0.690,97.562,95.109,3.938,339.1,1,-0.4558,0.0516,0.4667,0.7562,227.9,-30.2,0.0
728841,2026-08-30_09-21-12.842-240,v3.6.25,3.47,12.0,400,5538,3343,4315,4720,3321,5248,5417,3212,4295,5308,3079,4376,0,0,0,-109,-133,81,190.1,1250.5,0.067,-0.484,0.926,137.469,-4.859,48.797,197.0,1,-0.4749,0.0615,0.4690,0.7421,230.1,-32.5,0.0
728867,2026-08-30_09-21-12.869-240,v3.6.25,3.47,12.0,400,5805,3234,4069,5093,3142,5043,5686,3104,4052,5651,2901,4113,0,0,0,-35,-203,61,214.8,1413.4,0.241,-0.502,0.795,178.281,-39.438,1.828,217.7,1,-0.4931,0.0717,0.4816,0.7210,231.9,-35.3,0.0
728901,2026-08-30_09-21-12.902-240,v3.6.25,3.47,12.0,400,6303,2465,3700,5093,3142,5043,6192,2333,3695,5651,2901,4113,0,0,0,-541,568,418,888.8,5847.6,0.330,-0.026,0.706,197.141,-60.750,-40.453,783.4,1,-0.5088,0.0800,0.5013,0.6953,233.2,-38.4,0.0
729021,2026-08-30_09-21-12.023-240,v3.6.25,3.47,12.0,400,6950,1198,3309,6379,1404,4207,6851,1062,3321,6834,1169,3083,0,0,0,-17,107,-238,261.5,1720.4,1.001,1.399,0.849,-200.641,-23.109,103.641,256.9,1,-0.4892,0.0883,0.4817,0.7217,230.8,-36.8,0.0
729056,2026-08-30_09-21-12.058-240,v3.6.25,3.47,12.0,400,6950,1198,3309,6172,1152,4755,6851,1062,3321,6726,926,3653,0,0,0,-125,-136,332,379.9,2499.5,1.220,0.684,0.741,-279.719,25.609,84.688,356.3,1,-0.4627,0.0858,0.4551,0.7559,228.1,-33.4,0.0
729265,2026-08-30_09-21-13.266-240,v3.6.25,3.47,12.0,400,3278,4321,5678,2018,4237,6377,3142,4195,5637,2775,3990,5933,0,0,0,-367,-205,296,514.1,3382.4,-0.206,-0.415,0.944,20.281,-73.609,-29.922,468.9,1,-0.4583,0.0924,0.4657,0.7514,227.0,-34.4,0.0
729315,2026-08-30_09-21-13.317-240,v3.6.25,3.47,12.0,400,2988,4142,5964,2018,4237,6377,2852,4014,5923,2775,3990,5933,0,0,0,-77,-24,10,81.3,534.7,0.644,-0.147,1.183,113.891,-70.047,-25.562,105.7,1,-0.4656,0.1018,0.4800,0.7365,227.1,-36.7,0.0
729343,2026-08-30_09-21-13.345-240,v3.6.25,3.47,12.0,400,3409,3576,6026,2319,3637,6603,3279,3439,5992,3128,3400,6104,0,0,0,-151,-39,112,192.0,1263.2,1.074,0.123,1.154,149.688,-34.234,-11.438,198.6,1,-0.4806,0.1093,0.4912,0.7182,228.6,-39.0,0.0
729372,2026-08-30_09-21-13.374-240,v3.6.25,3.47,12.0,400,3409,3576,6026,2319,3637,6603,3279,3439,5992,3128,3400,6104,0,0,0,-151,-39,112,192.0,1263.2,1.363,0.419,1.046,151.766,9.688,1.516,198.6,1,-0.4999,0.1127,0.4969,0.7003,231.1,-40.9,0.0
729398,2026-08-30_09-21-13.400-240,v3.6.25,3.47,12.0,400,4075,3157,5818,3051,3109,6510,3951,3015,5790,3857,2878,5891,0,0,0,-94,-137,101,194.4,1279.2,1.410,0.649,0.968,143.094,56.656,5.062,200.6,1,-0.5221,0.1104,0.4973,0.6840,234.5,-42.1,0.0
729426,2026-08-30_09-21-13.428-240,v3.6.25,3.47,12.0,400,4075,3157,5818,3051,3109,6510,3951,3015,5790,3857,2878,5891,0,0,0,-94,-137,101,194.4,1279.2,1.367,0.760,0.839,120.062,97.953,9.750,200.6,1,-0.5449,0.1030,0.4922,0.6710,238.6,-42.4,0.0
729472,2026-08-30_09-21-13.474-240,v3.6.25,3.47,12.0,400,4619,3182,5351,3725,3155,6111,4497,3042,5326,4463,2922,5387,0,0,0,-34,-120,61,138.8,913.4,0.865,0.668,0.758,82.672,142.875,23.922,154.0,1,-0.5677,0.0909,0.4792,0.6632,243.0,-41.7,0.0
729501,2026-08-30_09-21-13.503-240,v3.6.25,3.47,12.0,400,4913,3675,4782,4144,3743,5508,4787,3544,4755,4766,3499,4726,0,0,0,-21,-45,-29,57.5,378.3,0.314,0.583,0.844,58.969,142.531,56.906,85.7,1,-0.5887,0.0823,0.4613,0.6586,247.3,-40.7,0.0
729545,2026-08-30_09-21-13.548-240,v3.6.25,3.47,12.0,400,5000,4159,4294,4144,3743,5508,4871,4038,4265,4766,3499,4726,0,0,0,-105,-539,461,717.0,4717.0,-0.159,-0.400,0.908,77.203,102.406,64.141,639.2,1,-0.6085,0.0799,0.4471,0.6507,251.1,-40.4,0.0
729579,2026-08-30_09-21-13.581-240,v3.6.25,3.47,12.0,400,5000,4159,4294,4304,4292,5032,4871,4038,4265,4833,4038,4233,0,0,0,-38,0,-32,49.7,326.8,-0.424,-0.837,0.841,145.672,48.250,16.406,79.1,1,-0.6288,0.0784,0.4465,0.6318,254.8,-41.3,0.0
729608,2026-08-30_09-21-13.610-240,v3.6.25,3.47,12.0,400,5218,4257,3871,4304,4292,5032,5089,4142,3844,4833,4038,4233,0,0,0,-256,-104,389,477.2,3139.2,-0.397,-0.555,0.657,185.781,6.094,-24.344,437.9,1,-0.6474,0.0765,0.4561,0.6058,258.1,-43.1,0.0
729636,2026-08-30_09-21-13.637-240,v3.6.25,3.47,12.0,400,5218,4257,3871,4836,4171,4557,5089,4142,3844,5288,3913,3680,0,0,0,199,-229,-164,344.9,2268.9,-0.307,-0.082,0.605,195.625,-28.031,-46.547,326.9,1,-0.6626,0.0750,0.4716,0.5770,260.9,-45.4,0.0
729662,2026-08-30_09-21-13.664-240,v3.6.25,3.47,12.0,400,5876,3807,3269,4836,4171,4557,5752,3694,3251,5288,3913,3680,0,0,0,-464,219,429,668.8,4400.0,-0.081,0.205,0.744,177.031,-49.938,-50.469,598.7,1,-0.6732,0.0747,0.4886,0.5499,263.0,-47.7,0.0
729742,2026-08-30_09-21-13.744-240,v3.6.25,3.47,12.0,400,6524,3175,2683,6342,2815,3589,6408,3063,2677,6661,2561,2482,0,0,0,253,-502,-195,595.0,3914.5,0.542,1.619,0.992,2.297,-59.406,5.547,536.8,1,-0.6689,0.0805,0.4952,0.5485,262.0,-48.7,0.0
729778,2026-08-30_09-21-13.779-240,v3.6.25,3.47,12.0,400,6875,2665,2384,6342,2815,3589,6764,2552,2386,6661,2561,2482,0,0,0,-103,9,96,141.1,928.2,0.574,1.778,1.000,-160.078,-46.500,90.234,155.9,1,-0.6537,0.0946,0.4866,0.5717,259.0,-48.1,0.0
729806,2026-08-30_09-21-13.808-240,v3.6.25,3.47,12.0,400,6713,2624,3108,6325,2563,3984,6602,2499,3105,6717,2317,2871,0,0,0,115,-182,-234,318.0,2091.9,0.778,1.587,0.824,-269.719,-21.547,138.734,304.3,1,-0.6308,0.1110,0.4658,0.6106,254.9,-46.3,0.0
729950,2026-08-30_09-21-13.951-240,v3.6.25,3.47,12.0,400,3853,4050,5633,3021,3997,6191,3721,3917,5596,3753,3755,5582,0,0,0,32,-162,-14,165.7,1090.3,-0.035,-0.890,0.736,-281.875,90.047,1.156,176.5,1,-0.6093,0.0970,0.4446,0.6493,251.3,-41.9,0.0
730071,2026-08-30_09-21-13.072-240,v3.6.25,3.47,12.0,400,645,5200,5801,-208,5327,5793,493,5108,5749,422,5050,5738,0,0,0,-71,-58,-11,92.3,607.5,-0.096,-1.413,1.258,174.328,-30.234,-172.000,114.9,1,-0.6185,0.0801,0.4729,0.6224,252.3,-43.2,0.0
730111,2026-08-30_09-21-13.113-240,v3.6.25,3.47,12.0,400,645,5200,5801,-25,5223,5930,493,5108,5749,631,4950,5841,0,0,0,138,-158,92,229.1,1507.0,0.120,-0.833,0.679,329.516,-11.953,-243.922,229.7,1,-0.6396,0.0541,0.5113,0.5715,255.4,-45.7,0.0
730317,2026-08-30_09-21-14.318-240,v3.6.25,3.47,12.0,400,5814,4986,1351,5596,5120,2338,5680,4914,1333,5649,4826,1383,0,0,0,-31,-88,50,105.9,696.4,-0.127,-0.046,0.999,-39.391,72.984,132.938,126.3,1,-0.6484,0.0644,0.4890,0.5799,257.6,-45.1,0.0
730361,2026-08-30_09-21-14.363-240,v3.6.25,3.47,12.0,400,5794,4996,1423,5596,5120,2338,5660,4923,1404,5649,4826,1383,0,0,0,-11,-97,-21,99.9,656.9,-0.604,-0.798,0.872,13.609,15.000,55.984,121.3,1,-0.6537,0.0709,0.4826,0.5785,258.9,-45.5,0.0
730389,2026-08-30_09-21-14.392-240,v3.6.25,3.47,12.0,400,5846,4903,1597,5569,5023,2575,5713,4826,1578,5665,4733,1619,0,0,0,-48,-93,41,112.4,739.5,-0.355,-0.711,0.885,49.875,-18.938,-14.719,131.8,1,-0.6568,0.0713,0.4880,0.5704,259.4,-46.3,0.0
730424,2026-08-30_09-21-14.425-240,v3.6.25,3.47,12.0,400,5846,4903,1597,5569,5023,2575,5713,4826,1578,5665,4733,1619,0,0,0,-48,-93,41,112.4,739.5,-0.141,0.026,0.707,81.078,-33.281,-95.219,131.8,1,-0.6581,0.0621,0.5035,0.5563,259.3,-47.0,0.0
730466,2026-08-30_09-21-14.468-240,v3.6.25,3.47,12.0,400,6008,4722,1391,5763,4817,2399,5877,4646,1375,5833,4527,1415,0,0,0,-44,-119,40,133.0,875.2,-0.190,1.039,0.812,18.562,-44.797,-79.109,149.1,1,-0.6530,0.0548,0.5165,0.5512,258.0,-47.3,0.0
730495,2026-08-30_09-21-14.496-240,v3.6.25,3.47,12.0,400,6115,4740,1016,5926,4835,2080,5984,4670,1003,5942,4541,1076,0,0,0,-42,-129,73,154.1,1013.5,-0.053,1.079,0.836,-63.250,-43.688,-24.891,166.7,1,-0.6428,0.0535,0.5212,0.5589,255.8,-46.9,0.0
730540,2026-08-30_09-21-14.542-240,v3.6.25,3.47,12.0,400,5936,4893,1365,5926,4835,2080,5804,4819,1348,5942,4541,1076,0,0,0,138,-278,-272,412.7,2715.1,0.207,0.720,0.762,-150.969,-28.047,9.375,383.8,1,-0.6274,0.0536,0.5171,0.5798,252.9,-45.3,0.0
730581,2026-08-30_09-21-14.583-240,v3.6.25,3.47,12.0,400,5936,4893,1365,5628,5052,2467,5804,4819,1348,5705,4760,1503,0,0,0,-99,-59,155,193.2,1270.7,0.639,0.469,0.908,-189.469,1.547,-5.016,199.5,1,-0.6100,0.0480,0.5089,0.6055,250.0,-42.8,0.0
730610,2026-08-30_09-21-14.611-240,v3.6.25,3.47,12.0,400,5433,5321,1943,4901,5616,2919,5295,5244,1917,5041,5323,2067,0,0,0,-254,79,150,305.4,2009.1,0.742,0.532,1.092,-211.438,29.562,-8.000,293.7,1,-0.5922,0.0383,0.4964,0.6336,247.5,-39.5,0.0
730843,2026-08-30_09-21-14.844-240,v3.6.25,3.47,12.0,400,1273,7077,2927,493,7214,3322,1107,7039,2873,660,6890,3203,0,0,0,-447,-149,330,575.2,3784.5,-0.627,-1.121,1.422,13.359,-59.422,-68.109,520.2,1,-0.5855,0.0361,0.5099,0.6292,246.0,-40.0,0.0
730890,2026-08-30_09-21-14.891-240,v3.6.25,3.47,12.0,400,883,6963,3327,493,7214,3322,717,6921,3271,660,6890,3203,0,0,0,-57,-31,-68,94.0,618.4,-0.306,-0.763,1.272,173.453,-48.391,-165.578,116.3,1,-0.5902,0.0237,0.5391,0.6004,246.1,-41.7,0.0
730921,2026-08-30_09-21-14.923-240,v3.6.25,3.47,12.0,400,1354,6792,3526,734,6959,3732,1191,6740,3471,977,6644,3563,0,0,0,-214,-96,92,251.9,1657.5,0.083,-0.023,0.915,222.109,-17.078,-196.547,248.9,1,-0.5994,0.0051,0.5691,0.5629,247.2,-43.5,0.0
730950,2026-08-30_09-21-14.952-240,v3.6.25,3.47,12.0,400,1354,6792,3526,734,6959,3732,1191,6740,3471,977,6644,3563,0,0,0,-214,-96,92,251.9,1657.5,0.226,0.565,0.745,217.516,19.594,-187.188,248.9,1,-0.6106,-0.0161,0.5927,0.5250,249.0,-45.0,0.0
731119,2026-08-30_09-21-15.120-240,v3.6.25,3.47,12.0,400,3130,7034,682,3037,7180,1682,2971,7016,644,2929,6846,1172,0,0,0,-42,-170,528,556.3,3659.7,-0.156,-0.303,0.855,-34.438,114.547,126.344,504.3,1,-0.6261,-0.0097,0.5686,0.5335,252.4,-44.6,0.0
731157,2026-08-30_09-21-15.159-240,v3.6.25,3.47,12.0,400,3130,7034,682,3117,7296,1044,2971,7016,644,2898,6951,535,0,0,0,-73,-65,-109,146.4,963.2,-0.449,-0.535,0.819,-5.891,84.922,112.609,160.3,1,-0.6398,-0.0016,0.5499,0.5369,255.3,-44.6,0.0
731186,2026-08-30_09-21-15.187-240,v3.6.25,3.47,12.0,400,3233,6994,207,3117,7296,1044,3074,6983,173,2898,6951,535,0,0,0,-176,-32,362,403.8,2656.5,-0.408,-0.415,0.817,1.109,60.984,109.297,376.3,1,-0.6513,0.0084,0.5340,0.5390,257.7,-44.8,0.0
731239,2026-08-30_09-21-15.241-240,v3.6.25,3.47,12.0,400,3490,6877,14,3406,7210,626,3333,6867,-16,3118,6861,78,0,0,0,-215,-6,94,234.7,1544.3,-0.347,-0.176,1.417,-15.531,4.562,46.828,234.4,1,-0.6531,0.0142,0.5288,0.5419,258.1,-44.9,0.0
731265,2026-08-30_09-21-15.267-240,v3.6.25,3.47,12.0,400,3490,6877,14,3692,7070,632,3333,6867,-16,3408,6724,36,0,0,0,75,-143,52,169.6,1116.1,-0.322,0.100,1.485,-26.312,-14.516,1.141,179.8,1,-0.6501,0.0149,0.5291,0.5452,257.5,-44.8,0.0
731299,2026-08-30_09-21-15.301-240,v3.6.25,3.47,12.0,400,3634,6822,87,3692,7070,632,3478,6808,56,3408,6724,36,0,0,0,-70,-84,-20,111.2,731.3,-0.356,0.465,1.108,-58.828,-42.672,-53.328,130.7,1,-0.6392,0.0096,0.5356,0.5518,255.3,-44.0,0.0
731325,2026-08-30_09-21-15.327-240,v3.6.25,3.47,12.0,400,3413,6926,337,3587,7123,783,3255,6910,303,3328,6778,201,0,0,0,73,-132,-102,182.1,1198.0,-0.396,0.538,0.837,-95.234,-63.250,-71.016,190.3,1,-0.6222,0.0027,0.5440,0.5629,252.1,-42.8,0.0
731368,2026-08-30_09-21-15.369-240,v3.6.25,3.47,12.0,400,3413,6926,337,2977,7347,1235,3255,6910,303,2789,7004,745,0,0,0,-466,94,442,649.1,4270.5,-0.277,0.331,0.644,-129.422,-92.438,-103.406,582.2,1,-0.5974,-0.0069,0.5563,0.5776,247.7,-41.1,0.0
731417,2026-08-30_09-21-15.419-240,v3.6.25,3.47,12.0,400,2843,7138,937,2977,7347,1235,2682,7119,896,2789,7004,745,0,0,0,107,-115,-151,217.9,1433.5,-0.098,0.068,0.800,-136.172,-108.625,-101.500,220.3,1,-0.5700,-0.0146,0.5690,0.5926,243.2,-39.1,0.0
731477,2026-08-30_09-21-15.479-240,v3.6.25,3.47,12.0,400,2096,7256,1803,2021,7479,1998,1931,7230,1755,1959,7141,1652,0,0,0,28,-89,-103,139.0,914.3,-0.111,-0.142,1.380,-82.766,-89.312,-68.828,154.1,1,-0.5504,-0.0179,0.5793,0.6009,240.0,-38.0,0.0
731533,2026-08-30_09-21-15.535-240,v3.6.25,3.47,12.0,400,1244,6959,3181,1177,7364,2789,1079,6916,3127,1251,7034,2567,0,0,0,172,118,-560,597.6,3931.5,0.206,-0.507,1.283,-0.703,-56.859,48.156,539.0,1,-0.5478,-0.0056,0.5803,0.6026,239.1,-39.0,0.0
731582,2026-08-30_09-21-15.585-240,v3.6.25,3.47,12.0,400,1244,6959,3181,798,7113,3443,1079,6916,3127,989,6793,3270,0,0,0,-90,-123,143,209.0,1375.0,0.482,-0.415,1.094,126.797,-12.000,64.438,212.8,1,-0.5620,0.0093,0.5821,0.5876,240.5,-41.7,0.0
731610,2026-08-30_09-21-15.611-240,v3.6.25,3.47,12.0,400,1555,6770,3411,1239,6935,3658,1393,6718,3357,1471,6622,3406,0,0,0,78,-96,49,133.0,875.3,0.487,-0.084,1.021,173.172,8.594,61.516,149.1,1,-0.5818,0.0234,0.5839,0.5657,243.0,-44.9,0.0
731824,2026-08-30_09-21-15.825-240,v3.6.25,3.47,12.0,400,4733,5695,2422,4162,5953,3190,4590,5619,2388,4340,5658,2456,0,0,0,-250,39,68,262.0,1723.7,0.223,0.214,1.023,35.453,-36.891,-27.250,257.3,1,-0.5804,0.0243,0.5915,0.5592,242.3,-45.5,0.0
731852,2026-08-30_09-21-15.854-240,v3.6.25,3.47,12.0,400,5013,5449,2459,4589,5589,3293,4873,5368,2428,4793,5300,2485,0,0,0,-80,-68,57,119.5,786.0,0.256,0.639,1.318,-27.031,-41.453,-37.656,137.7,1,-0.5725,0.0218,0.5977,0.5609,240.9,-45.1,0.0
731895,2026-08-30_09-21-15.897-240,v3.6.25,3.47,12.0,400,5013,5449,2459,4524,5580,3455,4873,5368,2428,4756,5294,2654,0,0,0,-117,-74,226,265.0,1743.6,0.187,0.896,1.144,-143.469,-57.219,-25.328,259.9,1,-0.5531,0.0177,0.5988,0.5790,238.0,-43.1,0.0
731938,2026-08-30_09-21-15.939-240,v3.6.25,3.47,12.0,400,4820,5533,2791,4524,5580,3455,4679,5448,2756,4756,5294,2654,0,0,0,77,-154,-102,200.1,1316.6,-0.065,0.543,0.494,-222.547,-83.953,-42.422,205.4,1,-0.5224,0.0105,0.5996,0.6062,233.8,-39.7,0.0
732000,2026-08-30_09-21-15.002-240,v3.6.25,3.47,12.0,400,4084,5752,3526,3694,5825,4071,3939,5663,3484,4024,5542,3395,0,0,0,85,-121,-89,172.6,1135.5,0.029,-0.135,0.724,-236.828,-118.812,-39.625,182.3,1,-0.4859,0.0070,0.6013,0.6343,229.0,-36.4,0.0
732113,2026-08-30_09-21-15.115-240,v3.6.25,3.47,12.0,400,2503,4790,5617,1411,5266,5765,2360,4677,5571,2039,4999,5437,0,0,0,-321,322,-134,474.0,3118.5,1.192,-0.908,0.698,155.422,-51.266,-157.891,435.3,1,-0.4873,0.0003,0.6287,0.6060,228.3,-37.8,0.0
732156,2026-08-30_09-21-16.158-240,v3.6.25,3.47,12.0,400,2503,4790,5617,1776,4734,6030,2360,4677,5571,2462,4477,5635,0,0,0,102,-200,64,233.5,1535.9,0.871,0.389,0.286,275.656,26.047,-200.812,233.4,1,-0.5046,-0.0138,0.6582,0.5586,229.9,-40.4,0.0
732348,2026-08-30_09-21-16.349-240,v3.6.25,3.47,12.0,400,6292,4267,1722,5898,4562,2505,6166,4180,1710,5992,4276,1496,0,0,0,-174,96,-214,292.0,1921.3,-0.767,-0.311,0.882,-19.312,10.062,295.859,282.5,1,-0.5188,0.0234,0.6310,0.5763,231.0,-43.0,0.0
732471,2026-08-30_09-21-16.472-240,v3.6.25,3.47,12.0,400,6187,2892,3795,5239,2603,5329,6072,2762,3784,5858,2371,4368,0,0,0,-214,-391,584,734.7,4833.3,0.775,1.137,1.015,-131.828,-48.531,75.922,654.0,1,-0.5054,0.0314,0.6222,0.5970,229.2,-41.8,0.0
732526,2026-08-30_09-21-16.528-240,v3.6.25,3.47,12.0,400,5936,2602,4412,5239,2603,5329,5823,2462,4400,5858,2371,4368,0,0,0,35,-91,-32,102.6,675.1,0.505,0.558,0.312,-268.672,-50.438,89.141,123.6,1,-0.4790,0.0345,0.6048,0.6353,226.5,-38.6,0.0
732701,2026-08-30_09-21-16.702-240,v3.6.25,3.47,12.0,400,2770,2231,6901,1589,2412,7331,2649,2081,6876,2548,2190,6941,0,0,0,-101,109,65,162.2,1067.1,1.040,-0.367,0.790,97.922,-28.453,-153.766,173.6,1,-0.4784,0.0231,0.6268,0.6145,225.9,-38.9,0.0
732741,2026-08-30_09-21-16.743-240,v3.6.25,3.47,12.0,400,2770,2231,6901,1878,2085,7287,2649,2081,6876,2837,1866,6850,0,0,0,188,-215,-26,286.8,1886.7,1.097,0.326,0.472,139.344,17.141,-96.781,278.1,1,-0.4891,0.0162,0.6411,0.5912,226.9,-40.3,0.0
732933,2026-08-30_09-21-16.934-240,v3.6.25,3.47,12.0,400,6159,2659,3908,5273,2605,5077,6046,2526,3899,5849,2369,4117,0,0,0,-197,-157,218,333.1,2191.7,0.051,0.622,0.968,65.328,47.984,179.031,317.0,1,-0.5092,0.0376,0.6236,0.5919,229.3,-42.8,0.0
732959,2026-08-30_09-21-16.960-240,v3.6.25,3.47,12.0,400,6164,2366,4194,5489,2437,5106,6053,2226,4187,6074,2204,4109,0,0,0,21,-22,-78,83.7,550.8,-0.016,-0.208,1.040,65.906,1.578,171.578,107.7,1,-0.5236,0.0630,0.6103,0.5912,230.7,-45.5,0.0
733001,2026-08-30_09-21-16.002-240,v3.6.25,3.47,12.0,400,6164,2366,4194,5214,1684,5599,6053,2226,4187,5899,1462,4638,0,0,0,-154,-764,451,900.5,5924.0,-0.076,-0.951,0.714,125.203,-62.734,48.016,793.1,1,-0.5312,0.0816,0.6165,0.5754,230.4,-48.5,0.0
733053,2026-08-30_09-21-16.055-240,v3.6.25,3.47,12.0,400,6047,1674,4563,5214,1684,5599,5942,1526,4561,5899,1462,4638,0,0,0,-43,-64,77,109.0,716.9,0.430,0.435,0.556,145.016,-93.938,-72.547,128.9,1,-0.5321,0.0877,0.6371,0.5507,228.6,-50.8,0.0
733108,2026-08-30_09-21-16.110-240,v3.6.25,3.47,12.0,400,6406,787,4139,5630,694,5243,6309,640,4150,6277,476,4222,0,0,0,-32,-164,72,181.9,1197.0,0.948,1.144,0.734,-2.984,-81.859,-41.078,190.1,1,-0.5217,0.0894,0.6482,0.5475,226.0,-50.7,0.0
733160,2026-08-30_09-21-17.162-240,v3.6.25,3.47,12.0,400,6796,164,3624,6108,19,4746,6705,20,3646,6686,-199,3658,0,0,0,-19,-219,12,220.1,1448.4,1.298,1.130,0.361,-157.469,-39.500,3.672,222.2,1,-0.5033,0.0849,0.6457,0.5680,224.0,-48.3,0.0
733188,2026-08-30_09-21-17.190-240,v3.6.25,3.47,12.0,400,6797,142,3691,6046,112,4941,6706,-3,3713,6655,-104,3858,0,0,0,-51,-101,145,183.9,1210.0,1.396,0.991,0.261,-235.266,-5.734,19.688,191.8,1,-0.4815,0.0751,0.6350,0.5994,222.5,-44.5,0.0
733226,2026-08-30_09-21-17.228-240,v3.6.25,3.47,12.0,400,6438,766,4342,6046,112,4941,6341,614,4352,6655,-104,3858,0,0,0,314,-718,-494,926.4,6094.5,1.368,0.787,0.573,-298.891,35.656,27.453,814.9,1,-0.4574,0.0583,0.6161,0.6386,221.7,-39.7,0.0
733366,2026-08-30_09-21-17.367-240,v3.6.25,3.47,12.0,400,4692,2610,5716,3476,2652,6550,4574,2460,5695,4299,2428,5859,0,0,0,-275,-32,164,321.8,2117.0,-0.083,0.054,0.400,-23.047,-107.781,-90.703,307.5,1,-0.4394,0.0576,0.6327,0.6350,218.6,-39.0,0.0
733402,2026-08-30_09-21-17.403-240,v3.6.25,3.47,12.0,400,4500,2565,5813,3476,2652,6550,4382,2415,5792,4299,2428,5859,0,0,0,-83,13,67,107.5,707.0,0.215,0.380,0.405,26.938,-151.594,-41.391,127.6,1,-0.4237,0.0705,0.6495,0.6274,214.9,-39.7,0.0
733573,2026-08-30_09-21-17.574-240,v3.6.25,3.47,12.0,400,5668,-239,5141,4684,-281,6179,5577,-399,5157,5511,-483,5298,0,0,0,-66,-84,141,176.9,1163.8,1.438,0.430,0.146,155.297,51.531,55.562,185.9,1,-0.4482,0.0809,0.6465,0.6121,217.2,-42.7,0.0
733601,2026-08-30_09-21-17.603-240,v3.6.25,3.47,12.0,400,5844,-577,4982,4871,-706,5991,5756,-737,5003,5675,-907,5084,0,0,0,-81,-170,81,205.0,1348.6,1.045,0.088,0.157,173.359,60.594,37.672,209.5,1,-0.4742,0.0891,0.6445,0.5931,220.0,-45.8,0.0
733635,2026-08-30_09-21-17.637-240,v3.6.25,3.47,12.0,400,5890,-803,4810,4871,-706,5991,5804,-961,4835,5675,-907,5084,0,0,0,-129,54,249,285.6,1878.8,0.919,0.213,0.346,190.016,56.594,19.312,277.1,1,-0.5002,0.0961,0.6446,0.5701,222.8,-49.0,0.0
733683,2026-08-30_09-21-17.684-240,v3.6.25,3.47,12.0,400,5890,-803,4810,5010,-962,5810,5804,-961,4835,5789,-1163,4884,0,0,0,-15,-202,49,208.4,1371.0,0.564,0.413,0.343,151.609,29.344,32.031,212.3,1,-0.5192,0.1052,0.6440,0.5520,224.9,-51.7,0.0
733711,2026-08-30_09-21-17.713-240,v3.6.25,3.47,12.0,400,6038,-1128,4590,5155,-1340,5632,5955,-1285,4620,5913,-1540,4687,0,0,0,-42,-255,67,267.0,1756.4,0.347,0.535,0.276,100.812,4.281,53.734,261.5,1,-0.5310,0.1168,0.6416,0.5410,226.1,-53.9,0.0
733750,2026-08-30_09-21-17.751-240,v3.6.25,3.47,12.0,400,5926,-1537,4627,5155,-1340,5632,5846,-1695,4662,5913,-1540,4687,0,0,0,67,155,25,170.7,1123.0,0.502,0.753,0.512,-0.672,-33.969,59.609,180.7,1,-0.5293,0.1276,0.6392,0.5432,225.3,-54.6,0.0
733788,2026-08-30_09-21-17.790-240,v3.6.25,3.47,12.0,400,5926,-1537,4627,4966,-1809,5695,5846,-1695,4662,5744,-2006,4781,0,0,0,-102,-311,119,348.3,2291.2,1.138,0.695,0.615,-106.672,-44.203,36.922,329.7,1,-0.5158,0.1310,0.6365,0.5583,223.3,-53.4,0.0
733816,2026-08-30_09-21-17.817-240,v3.6.25,3.47,12.0,400,5659,-1826,4869,4966,-1809,5695,5581,-1986,4906,5744,-2006,4781,0,0,0,163,-20,-125,206.4,1357.8,1.432,0.601,0.627,-166.500,-39.859,-0.391,210.7,1,-0.4957,0.1260,0.6348,0.5791,221.0,-50.8,0.0
733867,2026-08-30_09-21-17.868-240,v3.6.25,3.47,12.0,400,5509,-1633,5110,4615,-1954,5931,5429,-1795,5143,5436,-2149,5072,0,0,0,7,-354,-71,361.1,2375.8,1.117,0.535,0.123,-246.625,-33.375,-45.531,340.5,1,-0.4664,0.1100,0.6336,0.6074,218.3,-46.4,0.0
733896,2026-08-30_09-21-17.898-240,v3.6.25,3.47,12.0,400,5509,-1633,5110,4488,-1524,6165,5429,-1795,5143,5340,-1719,5321,0,0,0,-89,76,178,213.0,1401.5,0.943,0.569,-0.077,-275.656,-44.344,-31.500,216.2,1,-0.4325,0.0951,0.6294,0.6386,215.4,-41.7,0.0
733930,2026-08-30_09-21-17.931-240,v3.6.25,3.47,12.0,400,5430,-1122,5344,4488,-1524,6165,5345,-1286,5369,5340,-1719,5321,0,0,0,-5,-433,-48,435.7,2866.3,0.618,0.065,-0.109,-287.312,-62.719,0.875,403.1,1,-0.3957,0.0856,0.6211,0.6711,212.3,-37.3,0.0
733961,2026-08-30_09-21-17.963-240,v3.6.25,3.47,12.0,400,5096,-782,5770,4240,-993,6512,5007,-949,5788,5139,-1187,5700,0,0,0,132,-238,-88,286.0,1881.8,0.390,-0.569,0.027,-238.141,-86.281,-6.266,277.5,1,-0.3605,0.0809,0.6162,0.6956,208.9,-33.8,0.0
734001,2026-08-30_09-21-17.003-240,v3.6.25,3.47,12.0,400,5096,-782,5770,3760,-1001,6750,5007,-949,5788,4699,-1195,6014,0,0,0,-308,-246,226,454.4,2989.3,0.611,-0.761,0.405,-102.844,-109.125,-53.078,418.8,1,-0.3352,0.0820,0.6236,0.7014,205.8,-32.2,0.0
734045,2026-08-30_09-21-17.046-240,v3.6.25,3.47,12.0,400,4807,-963,5899,3760,-1001,6750,4719,-1129,5918,4699,-1195,6014,0,0,0,-20,-66,96,118.2,777.7,0.911,-0.466,0.288,60.250,-101.547,-101.188,136.6,1,-0.3266,0.0878,0.6436,0.6866,203.5,-32.7,0.0
734075,2026-08-30_09-21-17.077-240,v3.6.25,3.47,12.0,400,5085,-1482,5413,4005,-1541,6403,5002,-1644,5442,4897,-1735,5635,0,0,0,-105,-91,193,237.8,1564.6,1.240,0.579,0.180,126.516,-74.812,-90.531,237.0,1,-0.3285,0.0957,0.6633,0.6655,202.1,-34.3,0.0
734103,2026-08-30_09-21-17.104-240,v3.6.25,3.47,12.0,400,5085,-1482,5413,4005,-1541,6403,5002,-1644,5442,4897,-1735,5635,0,0,0,-105,-91,193,237.8,1564.6,1.481,1.070,0.066,128.875,-31.891,-24.531,237.0,1,-0.3383,0.1058,0.6731,0.6491,201.6,-36.4,0.0
734131,2026-08-30_09-21-18.133-240,v3.6.25,3.47,12.0,400,5591,-2045,4730,4661,-2181,5712,5514,-2202,4770,5450,-2377,4851,0,0,0,-64,-175,81,203.2,1336.7,1.490,1.196,0.104,96.141,8.656,60.016,208.0,1,-0.3526,0.1182,0.6696,0.6429,202.2,-38.6,0.0
734159,2026-08-30_09-21-18.161-240,v3.6.25,3.47,12.0,400,5591,-2045,4730,4661,-2181,5712,5514,-2202,4770,5450,-2377,4851,0,0,0,-64,-175,81,203.2,1336.7,1.344,0.611,0.142,78.250,39.578,128.203,208.0,1,-0.3710,0.1334,0.6559,0.6436,203.7,-41.2,0.0
734187,2026-08-30_09-21-18.189-240,v3.6.25,3.47,12.0,400,5469,-2404,4829,4516,-2573,5798,5395,-2563,4873,5328,-2766,4960,0,0,0,-67,-203,87,230.8,1518.4,1.437,-0.067,0.226,101.094,58.375,139.719,231.1,1,-0.3943,0.1494,0.6400,0.6424,206.1,-44.2,0.0
734220,2026-08-30_09-21-18.221-240,v3.6.25,3.47,12.0,400,4832,-2581,5363,4516,-2573,5798,4757,-2743,5405,5328,-2766,4960,0,0,0,571,-23,-445,724.3,4765.1,1.465,-0.732,0.191,180.734,69.312,74.609,645.3,1,-0.4249,0.1614,0.6324,0.6273,209.3,-47.7,0.0
734263,2026-08-30_09-21-18.265-240,v3.6.25,3.47,12.0,400,4832,-2581,5363,3747,-2763,6227,4757,-2743,5405,4636,-2953,5509,0,0,0,-121,-210,104,263.7,1735.1,1.188,-0.148,0.104,270.219,78.250,-46.484,258.8,1,-0.4618,0.1629,0.6387,0.5935,213.2,-51.6,0.0
734291,2026-08-30_09-21-18.292-240,v3.6.25,3.47,12.0,400,4714,-2636,5333,3849,-2781,6051,4639,-2796,5376,4708,-2973,5320,0,0,0,69,-177,-56,198.1,1303.0,0.899,0.668,0.102,255.703,68.891,-68.359,203.7,1,-0.4942,0.1610,0.6463,0.5587,216.8,-54.9,0.0
734334,2026-08-30_09-21-18.335-240,v3.6.25,3.47,12.0,400,5138,-2668,4894,3849,-2781,6051,5065,-2825,4940,4708,-2973,5320,0,0,0,-357,-148,380,542.0,3565.7,0.766,1.326,0.234,128.844,31.250,11.109,492.3,1,-0.5109,0.1658,0.6454,0.5431,218.9,-57.1,0.0
734376,2026-08-30_09-21-18.378-240,v3.6.25,3.47,12.0,400,5154,-2862,4873,4293,-2859,5739,5082,-3019,4922,5101,-3053,4941,0,0,0,19,-34,19,43.3,285.1,0.567,0.194,0.220,24.875,-25.094,53.703,73.8,1,-0.5122,0.1764,0.6427,0.5417,218.5,-58.2,0.0
734419,2026-08-30_09-21-18.420-240,v3.6.25,3.47,12.0,400,5154,-2862,4873,4058,-3194,5742,5082,-3019,4922,4874,-3387,4984,0,0,0,-208,-368,62,427.2,2810.8,0.785,-0.458,0.113,32.703,-71.688,-43.812,396.0,1,-0.5071,0.1791,0.6537,0.5323,216.0,-58.6,0.0
734456,2026-08-30_09-21-18.457-240,v3.6.25,3.47,12.0,400,4950,-3241,4735,4058,-3194,5742,4881,-3395,4789,4874,-3387,4984,0,0,0,-7,8,195,195.3,1284.8,0.832,0.147,0.153,39.250,-96.641,-111.969,201.3,1,-0.4982,0.1750,0.6733,0.5175,212.3,-58.4,0.0
734578,2026-08-30_09-21-18.580-240,v3.6.25,3.47,12.0,400,5788,-3863,2905,5507,-3927,3577,5726,-3994,2979,5972,-4140,2627,0,0,0,246,-146,-352,453.6,2984.1,1.715,1.892,0.116,-187.422,-67.656,20.891,418.1,1,-0.4732,0.1724,0.6732,0.5415,209.6,-55.5,0.0
734630,2026-08-30_09-21-18.632-240,v3.6.25,3.47,12.0,400,6104,-3774,2515,5507,-3927,3577,6043,-3901,2590,5972,-4140,2627,0,0,0,-71,-239,37,252.1,1658.2,1.607,1.283,-0.485,-367.844,-7.531,195.875,249.0,1,-0.4401,0.1755,0.6451,0.5995,208.7,-51.1,0.0
734686,2026-08-30_09-21-18.687-240,v3.6.25,3.47,12.0,400,5983,-3296,3547,5327,-3441,4529,5918,-3440,3610,5943,-3643,3586,0,0,0,25,-203,-24,205.9,1354.8,0.986,0.290,-0.572,-357.016,35.875,197.688,210.3,1,-0.4112,0.1744,0.6103,0.6543,208.4,-46.9,0.0
734863,2026-08-30_09-21-18.864-240,v3.6.25,3.47,12.0,400,2805,-2467,6617,1746,-2262,7242,2722,-2628,6649,2794,-2452,6838,0,0,0,72,176,189,268.1,1763.9,0.988,-0.857,0.438,119.641,-76.297,-29.594,262.5,1,-0.4164,0.1864,0.6224,0.6360,207.0,-49.1,0.0
734891,2026-08-30_09-21-18.893-240,v3.6.25,3.47,12.0,400,2805,-2467,6617,1689,-2848,6990,2722,-2628,6649,2707,-3038,6603,0,0,0,-15,-410,-46,412.8,2716.1,1.260,-0.745,0.154,200.953,-61.938,-47.938,383.9,1,-0.4315,0.1992,0.6371,0.6069,206.2,-52.3,0.0
734919,2026-08-30_09-21-18.920-240,v3.6.25,3.47,12.0,400,3013,-3078,6227,1689,-2848,6990,2936,-3236,6268,2707,-3038,6603,0,0,0,-229,198,335,451.5,2970.5,1.430,-0.538,-0.150,265.000,-39.719,-61.453,416.4,1,-0.4549,0.2113,0.6518,0.5688,206.0,-56.5,0.0
734947,2026-08-30_09-21-18.949-240,v3.6.25,3.47,12.0,400,3013,-3078,6227,2130,-3520,6529,2936,-3236,6268,3085,-3710,6080,0,0,0,149,-474,-188,531.2,3495.0,1.519,-0.303,-0.123,310.484,-16.953,-81.828,483.3,1,-0.4841,0.2206,0.6658,0.5232,206.1,-61.1,0.0
734979,2026-08-30_09-21-18.980-240,v3.6.25,3.47,12.0,400,3416,-3571,5700,2130,-3520,6529,3344,-3725,5751,3085,-3710,6080,0,0,0,-259,15,329,419.0,2756.5,1.453,-0.094,-0.077,325.344,7.641,-93.812,389.1,1,-0.5157,0.2261,0.6769,0.4741,206.6,-65.9,0.0
735007,2026-08-30_09-21-18.009-240,v3.6.25,3.47,12.0,400,3896,-3947,5107,2736,-3997,5983,3829,-4097,5166,3609,-4189,5445,0,0,0,-220,-92,279,367.0,2414.6,1.375,0.205,-0.092,311.641,20.375,-91.953,345.5,1,-0.5458,0.2291,0.6843,0.4260,206.8,-70.4,0.0
735049,2026-08-30_09-21-18.050-240,v3.6.25,3.47,12.0,400,3896,-3947,5107,3248,-4311,5469,3829,-4097,5166,4041,-4505,4857,0,0,0,212,-408,-309,554.0,3644.6,1.049,0.785,-0.362,217.656,9.281,-41.625,502.4,1,-0.5653,0.2340,0.6867,0.3926,206.0,-73.8,0.0
735096,2026-08-30_09-21-18.097-240,v3.6.25,3.47,12.0,400,4203,-4244,4641,3248,-4311,5469,4139,-4390,4707,4041,-4505,4857,0,0,0,-98,-115,150,212.9,1400.7,0.697,0.443,-0.138,92.781,-32.891,7.312,216.1,1,-0.5692,0.2419,0.6890,0.3779,202.4,-75.3,0.0
735126,2026-08-30_09-21-19.128-240,v3.6.25,3.47,12.0,400,4148,-4589,4365,3311,-4696,5141,4087,-4730,4437,4057,-4893,4527,0,0,0,-30,-163,90,188.6,1240.8,0.771,0.391,-0.091,18.125,-52.656,21.359,195.7,1,-0.5648,0.2491,0.6922,0.3740,198.1,-75.5,0.0
735154,2026-08-30_09-21-19.155-240,v3.6.25,3.47,12.0,400,4148,-4589,4365,3311,-4696,5141,4087,-4730,4437,4057,-4893,4527,0,0,0,-30,-163,90,188.6,1240.8,1.088,0.355,0.038,-53.422,-57.859,14.641,195.7,1,-0.5541,0.2518,0.6967,0.3798,195.1,-74.4,0.0
735196,2026-08-30_09-21-19.198-240,v3.6.25,3.47,12.0,400,3960,-4910,4166,3166,-5067,4864,3901,-5046,4243,3873,-5266,4282,0,0,0,-28,-220,39,225.2,1481.4,1.643,0.445,0.079,-141.062,-37.203,0.453,226.4,1,-0.5388,0.2460,0.7004,0.3982,195.8,-71.9,0.0
735225,2026-08-30_09-21-19.226-240,v3.6.25,3.47,12.0,400,4010,-4925,4070,3246,-5076,4790,3951,-5060,4148,3940,-5276,4197,0,0,0,-11,-216,49,221.8,1459.0,1.778,0.476,-0.097,-198.797,-10.547,-0.422,223.6,1,-0.5216,0.2346,0.7012,0.4256,198.4,-68.6,0.0
735272,2026-08-30_09-21-19.273-240,v3.6.25,3.47,12.0,400,4270,-4566,4276,3246,-5076,4790,4209,-4707,4348,3940,-5276,4197,0,0,0,-269,-569,-151,647.2,4258.2,1.642,0.411,-0.299,-262.969,28.750,7.344,580.6,1,-0.5030,0.2171,0.6965,0.4634,202.3,-64.4,0.0
735316,2026-08-30_09-21-19.318-240,v3.6.25,3.47,12.0,400,4270,-4566,4276,3461,-4538,5174,4209,-4707,4348,4209,-4734,4534,0,0,0,0,-27,186,187.9,1236.5,1.217,0.276,-0.417,-292.281,40.969,24.375,195.2,1,-0.4823,0.1987,0.6872,0.5056,205.2,-59.7,0.0
735388,2026-08-30_09-21-19.390-240,v3.6.25,3.47,12.0,400,4452,-3079,5384,3546,-3715,5817,4380,-3238,5431,4386,-3906,5145,0,0,0,6,-668,-286,726.7,4780.8,0.342,-0.411,-0.545,-220.188,-7.516,3.891,647.3,1,-0.4614,0.1864,0.6838,0.5337,205.2,-56.1,0.0
735421,2026-08-30_09-21-19.423-240,v3.6.25,3.47,12.0,400,4452,-3079,5384,3391,-3004,6318,4380,-3238,5431,4300,-3193,5659,0,0,0,-80,45,228,245.8,1617.0,0.350,-0.607,-0.358,-129.625,-46.188,-38.688,243.7,1,-0.4433,0.1778,0.6886,0.5457,203.7,-53.6,0.0
735450,2026-08-30_09-21-19.451-240,v3.6.25,3.47,12.0,400,4365,-2734,5585,3391,-3004,6318,4290,-2895,5627,4300,-3193,5659,0,0,0,10,-298,32,299.9,1972.9,0.413,-0.529,0.091,-48.172,-69.359,-48.359,289.1,1,-0.4299,0.1752,0.6974,0.5460,201.6,-52.3,0.0
735480,2026-08-30_09-21-19.482-240,v3.6.25,3.47,12.0,400,4575,-2961,5273,3450,-2936,6248,4502,-3119,5320,4346,-3126,5581,0,0,0,-156,-7,261,304.1,2001.0,0.626,-0.651,0.266,35.000,-78.578,-49.891,292.7,1,-0.4234,0.1788,0.7087,0.5353,199.1,-52.3,0.0
735524,2026-08-30_09-21-19.525-240,v3.6.25,3.47,12.0,400,4575,-2961,5273,3801,-3433,5707,4502,-3119,5320,4616,-3626,4994,0,0,0,114,-507,-326,613.5,4035.9,1.241,-0.089,0.050,198.266,-51.828,-73.781,552.3,1,-0.4351,0.1882,0.7228,0.5029,196.7,-54.9,0.0
735565,2026-08-30_09-21-19.567-240,v3.6.25,3.47,12.0,400,4836,-3471,4623,3801,-3433,5707,4768,-3622,4680,4616,-3626,4994,0,0,0,-152,-4,314,348.9,2295.3,1.369,0.568,-0.323,245.734,-5.000,-35.656,330.2,1,-0.4569,0.2012,0.7293,0.4679,195.0,-58.7,0.0
735596,2026-08-30_09-21-19.598-240,v3.6.25,3.47,12.0,400,4988,-4055,3998,4181,-4075,4972,4925,-4198,4066,4885,-4273,4214,0,0,0,-40,-75,148,170.7,1122.8,1.468,0.635,-0.413,241.641,26.484,4.031,180.7,1,-0.4819,0.2162,0.7284,0.4364,193.4,-63.0,0.0
735630,2026-08-30_09-21-19.632-240,v3.6.25,3.47,12.0,400,4988,-4055,3998,4025,-4611,4677,4925,-4198,4066,4691,-4811,3953,0,0,0,-234,-613,-113,665.8,4380.3,1.453,0.282,-0.425,242.750,53.312,9.578,596.2,1,-0.5096,0.2296,0.7234,0.4053,192.2,-67.4,0.0
735682,2026-08-30_09-21-19.684-240,v3.6.25,3.47,12.0,400,4762,-4502,3819,4025,-4611,4677,4702,-4640,3894,4691,-4811,3953,0,0,0,-11,-171,59,181.2,1192.3,1.588,0.422,-0.147,231.766,68.391,2.828,189.5,1,-0.5372,0.2398,0.7163,0.3752,190.9,-71.7,0.0
735711,2026-08-30_09-21-19.713-240,v3.6.25,3.47,12.0,400,4447,-4737,3885,3681,-4887,4633,4388,-4873,3962,4345,-5088,3969,0,0,0,-43,-215,7,219.4,1443.2,1.466,0.619,-0.052,189.984,62.359,30.844,221.6,1,-0.5599,0.2514,0.7067,0.3519,188.9,-75.5,0.0
735740,2026-08-30_09-21-19.741-240,v3.6.25,3.47,12.0,400,4126,-4843,4072,3681,-4887,4633,4067,-4979,4149,4345,-5088,3969,0,0,0,278,-109,-180,348.7,2293.8,1.138,0.631,0.005,133.391,38.641,62.188,330.1,1,-0.5746,0.2655,0.6968,0.3374,185.1,-78.5,0.0
735790,2026-08-30_09-21-19.792-240,v3.6.25,3.47,12.0,400,4126,-4843,4072,3280,-5066,4826,4067,-4979,4149,3980,-5265,4226,0,0,0,-87,-286,77,308.7,2030.9,0.604,-0.184,-0.011,53.109,-22.297,68.406,296.5,1,-0.5758,0.2797,0.6929,0.3318,178.2,-79.6,0.0
735819,2026-08-30_09-21-19.820-240,v3.6.25,3.47,12.0,400,3590,-5124,4274,2624,-5329,4906,3531,-5258,4353,3343,-5529,4416,0,0,0,-188,-271,63,335.8,2209.1,0.550,-0.571,-0.090,47.359,-61.000,4.938,319.3,1,-0.5726,0.2866,0.6976,0.3214,169.9,-79.5,0.0
735861,2026-08-30_09-21-19.863-240,v3.6.25,3.47,12.0,400,3252,-5482,4008,2624,-5329,4906,3195,-5608,4093,3343,-5529,4416,0,0,0,148,79,323,364.0,2394.5,0.532,-0.172,-0.281,28.094,-95.859,-57.422,342.9,1,-0.5646,0.2849,0.7105,0.3087,164.3,-78.0,0.0
735896,2026-08-30_09-21-19.898-240,v3.6.25,3.47,12.0,400,3252,-5482,4008,2496,-5772,4374,3195,-5608,4093,3134,-5978,3919,0,0,0,-61,-370,-174,413.4,2719.7,0.704,0.012,-0.256,6.594,-105.578,-88.844,384.4,1,-0.5540,0.2776,0.7266,0.2969,162.2,-75.9,0.0
736091,2026-08-30_09-21-19.092-240,v3.6.25,3.47,12.0,400,5196,-5477,708,4676,-5728,1707,5145,-5564,816,4861,-5963,947,0,0,0,-284,-399,131,507.0,3335.3,1.279,1.467,-0.914,-327.000,4.984,111.719,462.9,1,-0.5296,0.2727,0.7222,0.3515,175.7,-73.1,0.0
736152,2026-08-30_09-21-20.154-240,v3.6.25,3.47,12.0,400,5765,-4722,1394,5389,-4902,2162,5710,-4827,1488,5634,-5131,1268,0,0,0,-76,-304,-220,382.9,2518.9,0.821,0.110,-0.730,-306.328,21.438,177.016,358.8,1,-0.5065,0.2766,0.7083,0.4066,183.4,-70.5,0.0
736205,2026-08-30_09-21-20.206-240,v3.6.25,3.47,12.0,400,5864,-4002,2899,5330,-4140,3865,5804,-4134,2974,5849,-4348,2939,0,0,0,45,-214,-35,221.5,1457.0,0.558,-0.181,-0.308,-170.125,-11.188,118.000,223.3,1,-0.4903,0.2828,0.6995,0.4363,185.1,-68.9,0.0
736266,2026-08-30_09-21-20.267-240,v3.6.25,3.47,12.0,400,4912,-3688,4541,4660,-3707,4957,4846,-3839,4601,5354,-3905,4117,0,0,0,508,-66,-484,704.8,4636.5,0.270,-0.153,-0.305,-67.000,-71.391,118.312,628.9,1,-0.4757,0.2999,0.6947,0.4485,181.6,-68.4,0.0
736313,2026-08-30_09-21-20.315-240,v3.6.25,3.47,12.0,400,4912,-3688,4541,3966,-3879,5418,4846,-3839,4601,4742,-4073,4685,0,0,0,-104,-234,84,269.5,1773.0,0.443,-0.580,-0.086,57.297,-101.516,62.875,263.6,1,-0.4691,0.3199,0.6964,0.4389,174.6,-69.1,0.0
736340,2026-08-30_09-21-20.341-240,v3.6.25,3.47,12.0,400,4302,-4284,4555,3311,-4616,5184,4239,-4430,4622,4062,-4812,4569,0,0,0,-177,-382,-53,424.3,2791.7,0.889,-0.579,-0.044,145.562,-101.281,9.062,393.6,1,-0.4710,0.3381,0.7018,0.4140,165.5,-70.2,0.0
736380,2026-08-30_09-21-20.382-240,v3.6.25,3.47,12.0,400,3911,-5071,3986,3311,-4616,5184,3853,-5204,4066,4062,-4812,4569,0,0,0,209,392,503,671.1,4415.0,1.495,-0.074,-0.260,248.766,-62.594,-52.031,600.7,1,-0.4872,0.3514,0.7069,0.3733,154.5,-72.0,0.0
736442,2026-08-30_09-21-20.443-240,v3.6.25,3.47,12.0,400,3677,-5689,3328,3074,-5467,4397,3623,-5808,3420,3710,-5671,3843,0,0,0,87,137,423,453.1,2980.7,1.861,0.201,-0.499,274.734,26.781,-73.562,417.7,1,-0.5161,0.3567,0.7042,0.3324,143.2,-74.6,0.0
736471,2026-08-30_09-21-20.473-240,v3.6.25,3.47,12.0,400,3677,-5689,3328,2926,-5976,3815,3623,-5808,3420,3473,-6187,3301,0,0,0,-150,-379,-119,424.6,2793.6,1.464,0.047,-0.675,260.016,55.641,-72.688,393.8,1,-0.5460,0.3586,0.6975,0.2946,129.4,-76.6,0.0
736500,2026-08-30_09-21-20.502-240,v3.6.25,3.47,12.0,400,3475,-5959,3087,2926,-5976,3815,3423,-6072,3184,3473,-6187,3301,0,0,0,50,-115,117,171.5,1128.3,0.973,0.260,-0.657,228.625,50.594,-59.578,181.4,1,-0.5713,0.3600,0.6898,0.2611,113.9,-77.5,0.0
736531,2026-08-30_09-21-20.533-240,v3.6.25,3.47,12.0,400,3309,-6067,3082,2721,-6116,3713,3257,-6178,3180,3254,-6329,3237,0,0,0,-3,-151,57,161.4,1062.0,0.877,0.474,-0.569,179.594,27.859,-24.891,172.9,1,-0.5884,0.3642,0.6826,0.2350,100.8,-77.0,0.0
736575,2026-08-30_09-21-20.576-240,v3.6.25,3.47,12.0,400,3309,-6067,3082,2463,-6274,3659,3257,-6178,3180,2990,-6488,3228,0,0,0,-267,-310,48,411.9,2710.1,0.707,0.256,-0.307,76.141,-27.438,43.562,383.2,1,-0.5893,0.3753,0.6795,0.2240,95.5,-75.7,0.0
736617,2026-08-30_09-21-20.618-240,v3.6.25,3.47,12.0,400,2965,-6239,3079,2463,-6274,3659,2913,-6347,3179,2990,-6488,3228,0,0,0,77,-141,49,168.0,1105.0,0.471,-0.479,-0.300,32.594,-76.859,18.812,178.4,1,-0.5824,0.3826,0.6845,0.2144,96.0,-74.0,0.0
736646,2026-08-30_09-21-20.648-240,v3.6.25,3.47,12.0,400,2536,-6554,2762,1975,-6592,3355,2485,-6651,2868,2456,-6812,3015,0,0,0,-29,-161,147,219.9,1446.9,0.608,-0.096,-0.431,15.781,-97.266,-31.172,222.0,1,-0.5737,0.3820,0.6954,0.2036,99.5,-72.4,0.0
736732,2026-08-30_09-21-20.734-240,v3.6.25,3.47,12.0,400,2489,-6841,2005,1987,-6905,2543,2440,-6924,2119,2337,-7135,2221,0,0,0,-103,-211,102,256.0,1684.2,1.558,0.679,-0.512,-180.094,-57.656,14.500,252.3,1,-0.5548,0.3757,0.7068,0.2269,110.1,-72.7,0.0
736760,2026-08-30_09-21-20.761-240,v3.6.25,3.47,12.0,400,2808,-6878,1418,2458,-6950,1952,2761,-6954,1537,2709,-7187,1564,0,0,0,-52,-233,27,240.3,1580.6,1.724,0.269,-0.676,-231.859,-23.000,35.141,239.1,1,-0.5353,0.3676,0.7143,0.2608,122.5,-73.0,0.0
736793,2026-08-30_09-21-20.795-240,v3.6.25,3.47,12.0,400,3374,-6618,1461,2458,-6950,1952,3326,-6701,1576,2709,-7187,1564,0,0,0,-617,-486,-12,785.5,5167.8,1.481,-0.245,-0.791,-247.141,12.188,43.312,696.7,1,-0.5180,0.3575,0.7172,0.2992,135.7,-73.1,0.0
736836,2026-08-30_09-21-20.838-240,v3.6.25,3.47,12.0,400,3374,-6618,1461,3105,-6624,2171,3326,-6701,1576,3387,-6855,1668,0,0,0,61,-154,92,189.5,1246.5,0.879,-0.537,-0.839,-194.000,28.297,2.078,196.5,1,-0.5073,0.3438,0.7190,0.3278,147.0,-72.7,0.0
736864,2026-08-30_09-21-20.866-240,v3.6.25,3.47,12.0,400,3989,-6155,1867,3699,-6106,2715,3940,-6252,1974,4063,-6329,2097,0,0,0,123,-77,123,190.2,1251.5,0.766,-0.282,-0.659,-138.781,19.141,-42.234,197.1,1,-0.5003,0.3276,0.7233,0.3451,155.7,-71.8,0.0
736908,2026-08-30_09-21-20.910-240,v3.6.25,3.47,12.0,400,4568,-5673,1985,3699,-6106,2715,4517,-5777,2086,4063,-6329,2097,0,0,0,-454,-552,11,714.8,4702.6,0.819,0.517,-0.490,-100.125,-6.656,-46.438,637.3,1,-0.4927,0.3146,0.7293,0.3555,161.1,-70.5,0.0
736941,2026-08-30_09-21-20.942-240,v3.6.25,3.47,12.0,400,4568,-5673,1985,4278,-5614,2815,4517,-5777,2086,4649,-5835,2095,0,0,0,132,-58,9,144.5,950.4,0.873,0.763,-0.343,-103.875,-25.109,-7.453,158.7,1,-0.4816,0.3078,0.7335,0.3679,164.3,-68.9,0.0
736971,2026-08-30_09-21-20.973-240,v3.6.25,3.47,12.0,400,5004,-5344,1896,4278,-5614,2815,4952,-5451,1994,4649,-5835,2095,0,0,0,-303,-384,101,499.5,3286.0,0.768,0.824,-0.339,-107.984,-36.609,29.344,456.6,1,-0.4679,0.3063,0.7354,0.3826,166.1,-67.3,0.0
737001,2026-08-30_09-21-20.003-240,v3.6.25,3.47,12.0,400,5145,-5224,1971,4663,-5366,2817,5092,-5334,2067,5029,-5586,2031,0,0,0,-63,-252,-36,262.2,1725.3,0.693,0.793,-0.374,-115.922,-43.750,78.859,257.5,1,-0.4518,0.3112,0.7334,0.4014,166.7,-65.9,0.0
737048,2026-08-30_09-21-20.049-240,v3.6.25,3.47,12.0,400,5145,-5224,1971,4592,-5328,3054,5092,-5334,2067,4998,-5545,2275,0,0,0,-94,-211,208,310.8,2045.0,0.760,-0.050,-0.341,-69.219,-51.172,92.719,298.3,1,-0.4387,0.3220,0.7297,0.4141,165.3,-65.1,0.0
737086,2026-08-30_09-21-20.088-240,v3.6.25,3.47,12.0,400,4975,-5293,2249,4592,-5328,3054,4922,-5406,2344,4998,-5545,2275,0,0,0,76,-139,-69,172.8,1136.8,0.850,-0.675,-0.169,48.016,-54.125,33.906,182.5,1,-0.4365,0.3339,0.7298,0.4068,161.5,-65.3,0.0
737115,2026-08-30_09-21-20.117-240,v3.6.25,3.47,12.0,400,4640,-5589,2173,4240,-5576,3112,4588,-5698,2272,4661,-5793,2391,0,0,0,73,-95,119,168.9,1110.9,0.882,-0.597,-0.400,143.234,-59.688,-10.672,179.2,1,-0.4427,0.3471,0.7325,0.3834,155.3,-66.2,0.0
737153,2026-08-30_09-21-21.155-240,v3.6.25,3.47,12.0,400,4640,-5589,2173,3858,-6101,2498,4588,-5698,2272,4185,-6326,1858,0,0,0,-403,-628,-414,853.3,5614.1,0.786,-0.232,-0.828,220.109,-67.281,-32.828,753.6,1,-0.4547,0.3628,0.7355,0.3475,146.1,-67.1,0.0
737201,2026-08-30_09-21-21.203-240,v3.6.25,3.47,12.0,400,4189,-6146,1607,3858,-6101,2498,4140,-6240,1716,4185,-6326,1858,0,0,0,45,-86,142,172.0,1131.6,0.936,0.477,-0.886,218.297,-78.781,-21.891,181.8,1,-0.4637,0.3796,0.7374,0.3117,136.1,-67.0,0.0
737261,2026-08-30_09-21-21.263-240,v3.6.25,3.47,12.0,400,3461,-6741,862,3221,-6751,1574,3415,-6814,983,3404,-6990,1065,0,0,0,-11,-176,82,194.5,1279.4,0.969,0.641,-0.553,69.234,-81.984,77.578,200.7,1,-0.4568,0.3991,0.7353,0.3024,130.4,-65.9,0.0
737320,2026-08-30_09-21-21.322-240,v3.6.25,3.47,12.0,400,2080,-7360,-93,2439,-7193,785,2034,-7400,42,2496,-7446,429,0,0,0,462,-46,387,604.4,3976.5,0.612,-0.229,-0.826,-30.391,-78.938,63.125,544.7,1,-0.4430,0.4093,0.7369,0.3052,129.3,-64.5,0.0
737362,2026-08-30_09-21-21.364-240,v3.6.25,3.47,12.0,400,2080,-7360,-93,1892,-7378,259,2034,-7400,42,1863,-7642,9,0,0,0,-171,-242,-33,298.2,1961.5,0.735,-0.338,-0.732,-59.234,-54.406,2.516,287.7,1,-0.4320,0.4082,0.7425,0.3089,130.9,-63.3,0.0
737408,2026-08-30_09-21-21.409-240,v3.6.25,3.47,12.0,400,1949,-7393,-514,1945,-7353,-218,1903,-7423,-375,1834,-7624,-465,0,0,0,-69,-201,-90,230.8,1518.3,0.849,-0.214,-0.882,-76.484,-16.656,-52.406,231.1,1,-0.4263,0.3965,0.7502,0.3136,134.5,-62.6,0.0
737436,2026-08-30_09-21-21.438-240,v3.6.25,3.47,12.0,400,2219,-7278,-824,1945,-7353,-218,2172,-7305,-684,1834,-7624,-465,0,0,0,-338,-319,219,513.8,3380.1,0.665,-0.052,-1.044,-90.797,7.656,-72.375,468.6,1,-0.4231,0.3796,0.7579,0.3203,139.3,-62.2,0.0
737466,2026-08-30_09-21-21.468-240,v3.6.25,3.47,12.0,400,2219,-7278,-824,2473,-7186,-389,2172,-7305,-684,2330,-7458,-722,0,0,0,158,-153,-38,223.2,1468.4,0.722,-0.114,-1.057,-101.734,29.094,-96.594,224.8,1,-0.4224,0.3574,0.7658,0.3277,145.1,-61.8,0.0
737496,2026-08-30_09-21-21.498-240,v3.6.25,3.47,12.0,400,2827,-7040,-925,2473,-7186,-389,2781,-7072,-787,2330,-7458,-722,0,0,0,-451,-386,65,597.2,3928.8,0.949,0.047,-0.828,-94.672,49.188,-144.172,538.6,1,-0.4256,0.3281,0.7755,0.3315,151.8,-61.4,0.0
737734,2026-08-30_09-21-21.735-240,v3.6.25,3.47,12.0,400,5349,-5113,1859,4947,-5167,2810,5296,-5223,1954,5308,-5387,1976,0,0,0,12,-164,22,165.9,1091.5,0.401,0.161,-0.374,57.844,-0.547,112.109,176.7,1,-0.4283,0.3473,0.7651,0.3326,147.8,-62.4,0.0
737787,2026-08-30_09-21-21.788-240,v3.6.25,3.47,12.0,400,4635,-5647,2151,4947,-5167,2810,4584,-5755,2251,5308,-5387,1976,0,0,0,724,368,-275,857.5,5641.1,0.670,0.219,-0.348,93.844,-53.750,146.641,757.1,1,-0.4257,0.3767,0.7544,0.3282,140.8,-62.8,0.0
737960,2026-08-30_09-21-21.961-240,v3.6.25,3.47,12.0,400,1787,-7319,1072,1913,-7125,1988,1740,-7377,1198,2173,-7363,1692,0,0,0,433,14,494,657.1,4322.7,0.849,0.402,-0.755,22.281,-104.984,44.000,588.9,1,-0.4131,0.3899,0.7575,0.3218,137.5,-61.3,0.0
738021,2026-08-30_09-21-21.023-240,v3.6.25,3.47,12.0,400,1340,-7509,410,1312,-7443,1107,1293,-7550,543,1428,-7697,935,0,0,0,135,-147,392,439.9,2894.0,0.604,-0.157,-0.858,-109.094,-84.891,68.688,406.6,1,-0.3917,0.3948,0.7606,0.3351,138.4,-59.4,0.0
738050,2026-08-30_09-21-21.052-240,v3.6.25,3.47,12.0,400,1333,-7523,-173,1158,-7536,387,1286,-7552,-35,1153,-7801,258,0,0,0,-133,-249,293,406.9,2676.7,0.420,-0.505,-0.932,-123.344,-75.797,38.172,378.9,1,-0.3710,0.3942,0.7655,0.3477,140.1,-57.4,0.0
738097,2026-08-30_09-21-21.098-240,v3.6.25,3.47,12.0,400,1333,-7523,-173,1500,-7471,-169,1286,-7552,-35,1399,-7743,-342,0,0,0,113,-191,-307,378.8,2492.2,0.583,-0.175,-1.138,-106.000,-48.406,-37.125,355.4,1,-0.3575,0.3838,0.7743,0.3540,142.8,-55.6,0.0
738136,2026-08-30_09-21-22.138-240,v3.6.25,3.47,12.0,400,1681,-7435,-690,1500,-7471,-169,1634,-7458,-550,1399,-7743,-342,0,0,0,-235,-285,208,423.9,2789.0,0.712,0.405,-1.138,-128.016,-23.312,-25.562,393.2,1,-0.3447,0.3709,0.7809,0.3658,146.1,-54.1,0.0
738165,2026-08-30_09-21-22.166-240,v3.6.25,3.47,12.0,400,2264,-7249,-984,2154,-7271,-498,2217,-7273,-844,1994,-7546,-774,0,0,0,-223,-273,70,359.4,2364.4,0.843,0.575,-0.876,-164.922,1.594,15.984,339.1,1,-0.3307,0.3580,0.7827,0.3871,149.9,-52.6,0.0
738201,2026-08-30_09-21-22.202-240,v3.6.25,3.47,12.0,400,2264,-7249,-984,2892,-7027,-240,2217,-7273,-844,2771,-7295,-648,0,0,0,554,-22,196,588.1,3868.8,0.484,0.119,-1.183,-198.312,34.672,71.375,531.0,1,-0.3172,0.3463,0.7772,0.4187,154.0,-51.5,0.0
738251,2026-08-30_09-21-22.253-240,v3.6.25,3.47,12.0,400,2964,-6996,-733,2892,-7027,-240,2918,-7033,-597,2771,-7295,-648,0,0,0,-147,-262,-51,304.7,2004.7,0.469,-0.098,-0.822,-129.922,70.062,33.031,293.2,1,-0.3151,0.3336,0.7716,0.4405,157.7,-51.3,0.0
738281,2026-08-30_09-21-22.282-240,v3.6.25,3.47,12.0,400,3565,-6720,-140,3485,-6792,535,3519,-6775,-11,3492,-7046,7,0,0,0,-27,-271,18,272.9,1795.6,0.295,0.036,-0.651,-89.125,80.156,24.984,266.5,1,-0.3182,0.3225,0.7652,0.4573,161.0,-51.4,0.0
738311,2026-08-30_09-21-22.313-240,v3.6.25,3.47,12.0,400,3565,-6720,-140,3485,-6792,535,3519,-6775,-11,3492,-7046,7,0,0,0,-27,-271,18,272.9,1795.6,0.241,-0.022,-0.745,-46.328,76.578,27.531,266.5,1,-0.3250,0.3159,0.7582,0.4688,163.5,-52.1,0.0
738368,2026-08-30_09-21-22.370-240,v3.6.25,3.47,12.0,400,3974,-6396,1136,3777,-6483,1375,3927,-6479,1251,3921,-6724,776,0,0,0,-6,-245,-475,534.5,3516.4,0.547,0.320,-0.639,54.188,57.094,42.391,486.0,1,-0.3384,0.3207,0.7499,0.4694,163.9,-54.0,0.0
738410,2026-08-30_09-21-22.411-240,v3.6.25,3.47,12.0,400,3974,-6396,1136,3625,-6458,1930,3927,-6479,1251,3863,-6691,1344,0,0,0,-64,-212,93,240.2,1580.2,1.289,0.599,-0.684,72.609,62.922,72.938,239.0,1,-0.3539,0.3300,0.7379,0.4704,163.8,-56.4,0.0
738440,2026-08-30_09-21-22.443-240,v3.6.25,3.47,12.0,400,3607,-6500,1666,3054,-6591,2495,3559,-6589,1779,3390,-6818,1992,0,0,0,-169,-229,213,355.5,2338.7,1.180,0.424,-0.650,71.250,66.047,91.203,335.8,1,-0.3695,0.3410,0.7235,0.4731,163.8,-59.0,0.0
738486,2026-08-30_09-21-22.488-240,v3.6.25,3.47,12.0,400,3053,-6551,2343,3054,-6591,2495,3004,-6647,2452,3390,-6818,1992,0,0,0,386,-171,-460,624.4,4107.7,0.891,-0.712,-0.543,118.750,53.219,25.188,561.4,1,-0.3888,0.3488,0.7157,0.4635,163.0,-61.6,0.0
738518,2026-08-30_09-21-22.520-240,v3.6.25,3.47,12.0,400,3053,-6551,2343,2312,-6664,3067,3004,-6647,2452,2746,-6886,2677,0,0,0,-258,-239,225,417.5,2746.7,1.041,-0.935,-0.756,218.906,45.891,-113.578,387.8,1,-0.4185,0.3475,0.7203,0.4304,161.0,-64.4,0.0
738546,2026-08-30_09-21-22.548-240,v3.6.25,3.47,12.0,400,2640,-6582,2630,2312,-6664,3067,2590,-6678,2737,2746,-6886,2677,0,0,0,156,-208,-60,266.8,1755.5,0.721,-0.082,-1.020,253.875,44.172,-180.312,261.4,1,-0.4514,0.3392,0.7289,0.3871,158.2,-67.0,0.0
738574,2026-08-30_09-21-22.576-240,v3.6.25,3.47,12.0,400,2800,-6579,2424,2153,-6681,3078,2750,-6673,2532,2589,-6904,2714,0,0,0,-161,-231,182,335.3,2205.7,0.622,0.696,-1.023,200.953,37.766,-144.000,318.8,1,-0.4765,0.3311,0.7342,0.3525,155.3,-68.9,0.0
738622,2026-08-30_09-21-22.624-240,v3.6.25,3.47,12.0,400,2800,-6579,2424,2396,-6675,2880,2750,-6673,2532,2799,-6899,2480,0,0,0,49,-226,-52,237.0,1559.4,0.698,0.266,-0.821,73.297,9.969,-63.453,236.4,1,-0.4857,0.3265,0.7368,0.3386,154.2,-69.5,0.0
738661,2026-08-30_09-21-22.663-240,v3.6.25,3.47,12.0,400,2941,-6592,2269,2396,-6675,2880,2892,-6685,2378,2799,-6899,2480,0,0,0,-93,-214,102,254.7,1675.4,0.683,-0.286,-0.385,23.734,-15.562,-82.484,251.2,1,-0.4880,0.3177,0.7437,0.3283,154.7,-69.1,0.0
738689,2026-08-30_09-21-22.691-240,v3.6.25,3.47,12.0,400,3131,-6590,1969,2559,-6680,2661,3082,-6680,2081,2925,-6907,2239,0,0,0,-157,-227,158,318.0,2092.3,0.775,-0.132,-0.245,7.812,-28.359,-123.281,304.4,1,-0.4880,0.3026,0.7550,0.3166,156.5,-68.2,0.0
738727,2026-08-30_09-21-22.729-240,v3.6.25,3.47,12.0,400,3131,-6590,1969,3165,-6581,2124,3082,-6680,2081,3438,-6813,1611,0,0,0,356,-133,-470,604.4,3976.5,0.824,0.670,-0.347,-45.203,-36.203,-126.312,544.7,1,-0.4826,0.2834,0.7678,0.3119,160.2,-66.6,0.0
738777,2026-08-30_09-21-22.779-240,v3.6.25,3.47,12.0,400,3655,-6471,1351,3165,-6581,2124,3607,-6555,1465,3438,-6813,1611,0,0,0,-169,-258,146,341.2,2245.0,1.111,1.283,-0.713,-184.641,-36.547,-13.672,323.8,1,-0.4648,0.2694,0.7742,0.3348,165.9,-64.2,0.0
738841,2026-08-30_09-21-22.843-240,v3.6.25,3.47,12.0,400,4756,-5690,1622,3976,-6245,1759,4706,-5790,1726,4180,-6480,1117,0,0,0,-526,-690,-609,1060.0,6973.9,0.557,0.788,-1.358,-366.875,-16.422,221.344,927.1,1,-0.4320,0.2715,0.7611,0.4005,172.0,-61.0,0.0
738953,2026-08-30_09-21-22.954-240,v3.6.25,3.47,12.0,400,4425,-5066,3530,3987,-5325,3867,4369,-5196,3613,4530,-5533,3171,0,0,0,161,-337,-442,578.7,3807.0,0.372,-0.416,-0.512,-84.578,-27.922,72.344,523.1,1,-0.4216,0.2766,0.7573,0.4152,172.0,-60.2,0.0
738991,2026-08-30_09-21-22.993-240,v3.6.25,3.47,12.0,400,4425,-5066,3530,3640,-5206,4396,4369,-5196,3613,4270,-5409,3746,0,0,0,-99,-213,133,269.9,1775.8,0.412,-0.558,-0.403,38.656,-45.656,13.750,264.0,1,-0.4197,0.2849,0.7589,0.4083,169.5,-60.4,0.0
739020,2026-08-30_09-21-22.022-240,v3.6.25,3.47,12.0,400,4160,-5205,3581,3393,-5474,4132,4104,-5333,3666,3984,-5681,3530,0,0,0,-120,-348,-136,392.4,2581.8,0.597,-0.173,-0.511,140.000,-44.672,-47.062,366.8,1,-0.4270,0.2929,0.7646,0.3837,165.5,-61.4,0.0
739072,2026-08-30_09-21-22.074-240,v3.6.25,3.47,12.0,400,4015,-5593,3065,3393,-5474,4132,3961,-5711,3158,3984,-5681,3530,0,0,0,23,30,372,373.9,2460.0,1.113,0.807,-0.532,195.953,-5.766,-44.359,351.3,1,-0.4434,0.3024,0.7660,0.3540,160.6,-63.3,0.0
739116,2026-08-30_09-21-22.118-240,v3.6.25,3.47,12.0,400,3810,-5952,2731,3377,-5910,3528,3759,-6062,2830,3875,-6123,2944,0,0,0,116,-61,114,173.7,1142.8,1.801,0.955,-0.312,165.078,44.578,11.109,183.2,1,-0.4628,0.3135,0.7586,0.3348,156.2,-65.8,0.0
739150,2026-08-30_09-21-23.152-240,v3.6.25,3.47,12.0,400,3810,-5952,2731,2984,-6177,3489,3759,-6062,2830,3480,-6391,2974,0,0,0,-279,-329,144,454.8,2991.9,1.682,0.039,-0.497,143.656,79.766,37.266,419.1,1,-0.4844,0.3244,0.7459,0.3220,151.8,-68.7,0.0
739191,2026-08-30_09-21-23.193-240,v3.6.25,3.47,12.0,400,3391,-6073,3024,2984,-6177,3489,3339,-6184,3122,3480,-6391,2974,0,0,0,141,-207,-148,290.9,1913.9,0.964,-0.530,-0.780,175.375,85.938,-21.781,281.6,1,-0.5102,0.3287,0.7358,0.3004,146.0,-71.5,0.0
739221,2026-08-30_09-21-23.222-240,v3.6.25,3.47,12.0,400,3047,-5989,3487,2426,-6133,3971,2993,-6105,3581,3003,-6344,3539,0,0,0,10,-239,-42,242.9,1597.8,0.531,-0.176,-0.950,190.422,70.000,-64.031,241.3,1,-0.5353,0.3281,0.7291,0.2725,138.6,-73.6,0.0
739253,2026-08-30_09-21-23.255-240,v3.6.25,3.47,12.0,400,3047,-5989,3487,2332,-6020,4180,2993,-6105,3581,2942,-6229,3758,0,0,0,-51,-124,177,222.0,1460.9,0.413,0.405,-0.796,142.891,41.875,-28.719,223.8,1,-0.5516,0.3303,0.7232,0.2523,131.0,-74.7,0.0
739306,2026-08-30_09-21-23.308-240,v3.6.25,3.47,12.0,400,3035,-5895,3628,2332,-6020,4180,2981,-6013,3720,2942,-6229,3758,0,0,0,-39,-216,38,222.8,1465.5,0.488,0.143,-0.490,21.922,-9.984,41.688,224.4,1,-0.5513,0.3377,0.7205,0.2509,128.0,-74.5,0.0
739336,2026-08-30_09-21-23.337-240,v3.6.25,3.47,12.0,400,2821,-5949,3771,2075,-6120,4207,2766,-6067,3863,2691,-6329,3828,0,0,0,-75,-262,-35,274.8,1807.6,0.651,-0.133,-0.328,-10.391,-29.094,23.656,268.0,1,-0.5470,0.3416,0.7216,0.2518,127.7,-74.0,0.0
739365,2026-08-30_09-21-23.367-240,v3.6.25,3.47,12.0,400,2605,-6083,3614,2075,-6120,4207,2551,-6196,3708,2691,-6329,3828,0,0,0,140,-133,120,227.4,1495.7,0.943,-0.020,-0.360,-45.812,-35.875,9.641,228.3,1,-0.5398,0.3415,0.7254,0.2566,130.1,-73.4,0.0
739416,2026-08-30_09-21-23.418-240,v3.6.25,3.47,12.0,400,2605,-6083,3614,1892,-6234,4124,2551,-6196,3708,2496,-6445,3779,0,0,0,-55,-249,71,264.7,1741.5,1.538,0.507,-0.553,-149.641,-20.078,41.688,259.6,1,-0.5262,0.3387,0.7282,0.2794,137.4,-72.9,0.0
739444,2026-08-30_09-21-23.445-240,v3.6.25,3.47,12.0,400,2612,-6158,3501,1966,-6259,4019,2558,-6269,3597,2553,-6471,3664,0,0,0,-5,-202,67,212.9,1400.5,1.638,0.508,-0.730,-230.250,1.984,92.234,216.1,1,-0.5077,0.3364,0.7266,0.3180,147.3,-72.1,0.0
739485,2026-08-30_09-21-23.487-240,v3.6.25,3.47,12.0,400,2663,-6034,3782,1966,-6259,4019,2609,-6151,3875,2553,-6471,3664,0,0,0,-56,-320,-211,387.4,2548.5,1.486,0.055,-0.984,-297.484,39.438,148.109,362.5,1,-0.4862,0.3347,0.7170,0.3709,158.5,-71.0,0.0
739518,2026-08-30_09-21-23.519-240,v3.6.25,3.47,12.0,400,2663,-6034,3782,1889,-6037,4464,2609,-6151,3875,2547,-6244,4111,0,0,0,-62,-93,236,261.1,1718.0,1.212,0.038,-1.071,-308.156,68.578,160.000,256.6,1,-0.4655,0.3308,0.7015,0.4263,169.1,-69.3,0.0
739656,2026-08-30_09-21-23.657-240,v3.6.25,3.47,12.0,400,1122,-4697,5873,495,-4987,5930,1052,-4830,5935,1378,-5186,5775,0,0,0,326,-356,-160,508.5,3345.7,0.215,-1.313,-0.266,-33.234,10.156,-45.250,464.2,1,-0.4651,0.3222,0.7051,0.4275,171.1,-68.6,0.0
739686,2026-08-30_09-21-23.688-240,v3.6.25,3.47,12.0,400,1005,-4539,5931,-158,-4710,6148,933,-4671,5991,755,-4912,6098,0,0,0,-178,-241,107,318.1,2093.0,0.104,-0.583,-0.125,75.750,-19.312,-131.969,304.4,1,-0.4719,0.3114,0.7176,0.4067,170.1,-68.5,0.0
739726,2026-08-30_09-21-23.727-240,v3.6.25,3.47,12.0,400,1005,-4539,5931,630,-4806,5998,933,-4671,5991,1521,-5005,5818,0,0,0,588,-334,-173,698.0,4592.2,0.564,0.112,-0.031,170.672,-28.344,-157.484,623.3,1,-0.4857,0.3034,0.7310,0.3711,166.4,-69.3,0.0
739833,2026-08-30_09-21-23.834-240,v3.6.25,3.47,12.0,400,2611,-4839,5157,1575,-5016,5693,2547,-4977,5226,2420,-5212,5361,0,0,0,-127,-235,135,299.3,1969.1,1.671,0.276,-0.356,184.859,74.594,-24.078,288.6,1,-0.5112,0.3075,0.7234,0.3476,162.8,-72.4,0.0
739868,2026-08-30_09-21-23.870-240,v3.6.25,3.47,12.0,400,2824,-4746,5172,1883,-4913,5684,2760,-4887,5240,2724,-5108,5300,0,0,0,-36,-221,60,231.8,1525.1,1.680,-0.193,-0.364,192.891,103.234,-34.891,232.0,1,-0.5405,0.3084,0.7129,0.3231,158.1,-75.9,0.0
739896,2026-08-30_09-21-23.898-240,v3.6.25,3.47,12.0,400,2980,-4353,5442,1987,-4472,6001,2913,-4500,5504,2873,-4665,5591,0,0,0,-40,-165,87,190.8,1255.1,1.196,-0.665,-0.539,212.453,105.938,-71.219,197.6,1,-0.5714,0.3047,0.7034,0.2930,149.8,-79.3,0.0
739951,2026-08-30_09-21-23.953-240,v3.6.25,3.47,12.0,400,3519,-3904,5399,1987,-4472,6001,3450,-4055,5456,2873,-4665,5591,0,0,0,-577,-610,135,850.4,5595.0,0.800,0.413,-0.567,212.172,66.234,-127.906,751.2,1,-0.5972,0.2936,0.7006,0.2575,137.7,-81.1,0.0
739990,2026-08-30_09-21-23.991-240,v3.6.25,3.47,12.0,400,3519,-3904,5399,2683,-4002,5996,3450,-4055,5456,3558,-4194,5467,0,0,0,108,-139,11,176.4,1160.3,0.642,0.470,-0.406,131.875,14.219,-63.000,185.5,1,-0.6092,0.2899,0.6999,0.2345,126.7,-81.4,0.0
740018,2026-08-30_09-21-23.020-240,v3.6.25,3.47,12.0,400,4193,-3761,5042,3338,-3953,5700,4125,-3913,5100,4163,-4146,5067,0,0,0,38,-233,-33,238.4,1568.2,0.620,0.198,-0.265,93.000,-25.500,-36.609,237.5,1,-0.6131,0.2898,0.7023,0.2167,119.6,-80.6,0.0
740067,2026-08-30_09-21-23.069-240,v3.6.25,3.47,12.0,400,4401,-4012,4651,3338,-3953,5700,4336,-4160,4714,4163,-4146,5067,0,0,0,-173,14,353,393.4,2587.9,0.661,-0.063,-0.184,78.797,-80.484,-56.562,367.6,1,-0.6098,0.2879,0.7117,0.1969,118.1,-78.9,0.0
740096,2026-08-30_09-21-23.097-240,v3.6.25,3.47,12.0,400,4401,-4012,4651,3592,-4358,5207,4336,-4160,4714,4342,-4554,4544,0,0,0,6,-394,-170,429.2,2823.4,0.728,0.192,-0.326,60.891,-99.062,-52.859,397.6,1,-0.6026,0.2860,0.7231,0.1792,119.1,-76.9,0.0
740122,2026-08-30_09-21-24.124-240,v3.6.25,3.47,12.0,400,4539,-4507,3985,3592,-4358,5207,4479,-4646,4059,4342,-4554,4544,0,0,0,-137,92,485,512.3,3370.4,0.902,0.528,-0.283,25.156,-106.922,-28.344,467.4,1,-0.5916,0.2860,0.7348,0.1681,121.6,-74.9,0.0
740151,2026-08-30_09-21-24.153-240,v3.6.25,3.47,12.0,400,4539,-4507,3985,3852,-4938,4410,4479,-4646,4059,4479,-5141,3723,0,0,0,0,-495,-336,598.3,3936.0,1.253,0.898,-0.295,-37.703,-103.531,24.141,539.5,1,-0.5762,0.2901,0.7450,0.1699,125.4,-73.1,0.0
740179,2026-08-30_09-21-24.181-240,v3.6.25,3.47,12.0,400,4579,-5015,3325,3852,-4938,4410,4523,-5143,3409,4479,-5141,3723,0,0,0,-44,2,314,317.1,2086.0,1.299,1.113,-0.396,-130.969,-92.312,97.672,303.6,1,-0.5548,0.2990,0.7525,0.1909,130.8,-71.7,0.0
740211,2026-08-30_09-21-24.213-240,v3.6.25,3.47,12.0,400,4293,-5318,3305,3777,-5381,4004,4238,-5443,3393,4345,-5588,3340,0,0,0,107,-145,-53,187.8,1235.8,1.489,1.027,-0.539,-238.328,-69.438,184.484,195.1,1,-0.5271,0.3126,0.7547,0.2345,137.9,-70.4,0.0
740256,2026-08-30_09-21-24.258-240,v3.6.25,3.47,12.0,400,4293,-5318,3305,3084,-5525,4493,4238,-5443,3393,3737,-5727,3935,0,0,0,-501,-284,542,790.8,5202.9,1.150,0.390,-0.920,-351.641,-19.203,282.516,701.2,1,-0.4940,0.3292,0.7456,0.3028,147.0,-69.4,0.0
740299,2026-08-30_09-21-24.300-240,v3.6.25,3.47,12.0,400,3595,-5376,4058,3084,-5525,4493,3538,-5507,4141,3737,-5727,3935,0,0,0,199,-220,-206,361.2,2376.1,0.659,-0.070,-1.300,-360.609,16.156,276.641,340.5,1,-0.4622,0.3404,0.7296,0.3718,155.8,-68.1,0.0
740360,2026-08-30_09-21-24.363-240,v3.6.25,3.47,12.0,400,2403,-5224,5025,1682,-5391,5349,2341,-5359,5100,2476,-5590,5008,0,0,0,135,-231,-92,282.9,1861.4,0.675,-1.394,-0.785,-212.500,30.531,108.062,274.9,1,-0.4463,0.3379,0.7210,0.4084,161.8,-66.9,0.0
740415,2026-08-30_09-21-24.416-240,v3.6.25,3.47,12.0,400,1234,-4882,5625,326,-5175,5757,1166,-5012,5691,1183,-5377,5636,0,0,0,17,-365,-55,369.5,2431.0,0.726,-0.758,-0.215,22.281,22.984,-108.812,347.6,1,-0.4537,0.3237,0.7283,0.3986,163.8,-66.8,0.0
740460,2026-08-30_09-21-24.462-240,v3.6.25,3.47,12.0,400,1234,-4882,5625,291,-5017,5905,1166,-5012,5691,1170,-5218,5786,0,0,0,4,-206,95,226.9,1492.7,0.889,0.139,-0.190,114.875,32.641,-137.656,227.9,1,-0.4705,0.3110,0.7356,0.3751,164.0,-67.8,0.0
740531,2026-08-30_09-21-24.533-240,v3.6.25,3.47,12.0,400,2714,-4457,5484,1163,-4834,5910,2647,-4602,5547,2040,-5031,5642,0,0,0,-607,-429,95,749.3,4929.9,1.107,0.276,-0.375,126.609,77.094,-37.109,666.3,1,-0.4922,0.3095,0.7300,0.3592,163.1,-70.2,0.0
740578,2026-08-30_09-21-24.579-240,v3.6.25,3.47,12.0,400,3035,-4051,5640,1805,-4511,6050,2966,-4201,5697,2700,-4704,5669,0,0,0,-266,-503,-28,569.7,3748.0,1.206,-0.369,-0.444,208.141,106.953,-102.359,515.6,1,-0.5246,0.3024,0.7249,0.3285,160.6,-73.6,0.0
740622,2026-08-30_09-21-24.624-240,v3.6.25,3.47,12.0,400,3035,-4051,5640,2244,-3997,6255,2966,-4201,5697,3163,-4187,5794,0,0,0,197,14,97,220.0,1447.6,1.292,0.226,-0.480,253.922,129.656,-145.609,222.1,1,-0.5627,0.2897,0.7183,0.2890,155.4,-77.4,0.0
740649,2026-08-30_09-21-24.651-240,v3.6.25,3.47,12.0,400,3802,-3455,5520,2244,-3997,6255,3731,-3610,5571,3163,-4187,5794,0,0,0,-568,-577,223,839.8,5525.1,1.065,0.383,-0.372,245.891,126.984,-123.234,742.3,1,-0.5977,0.2789,0.7085,0.2511,143.8,-80.7,0.0
740765,2026-08-30_09-21-24.766-240,v3.6.25,3.47,12.0,400,5169,-2818,4780,4095,-2951,5803,5097,-2974,4829,4916,-3144,5037,0,0,0,-181,-170,208,323.9,2131.1,0.943,0.526,-0.036,198.969,27.719,19.297,309.3,1,-0.6133,0.2911,0.6997,0.2227,120.3,-81.1,0.0
740793,2026-08-30_09-21-24.795-240,v3.6.25,3.47,12.0,400,5258,-3108,4537,4399,-3145,5500,5189,-3261,4591,5173,-3340,4690,0,0,0,-16,-79,99,127.7,839.9,0.780,0.130,-0.083,177.828,-3.781,28.672,144.6,1,-0.6229,0.3045,0.6934,0.1961,102.2,-79.5,0.0
740832,2026-08-30_09-21-24.833-240,v3.6.25,3.47,12.0,400,5258,-3108,4537,4220,-3744,5231,5189,-3261,4591,4961,-3940,4459,0,0,0,-228,-679,-132,728.3,4791.6,0.634,0.344,-0.104,137.594,-45.922,13.500,648.7,1,-0.6251,0.3146,0.6932,0.1726,95.3,-77.2,0.0
740884,2026-08-30_09-21-24.886-240,v3.6.25,3.47,12.0,400,5062,-3677,4295,4220,-3744,5231,4997,-3825,4357,4961,-3940,4459,0,0,0,-36,-115,102,157.9,1038.7,0.723,0.914,-0.138,-0.953,-74.875,64.094,169.9,1,-0.6142,0.3263,0.6977,0.1716,97.6,-75.7,0.0
740915,2026-08-30_09-21-24.917-240,v3.6.25,3.47,12.0,400,4775,-4287,4074,3965,-4428,4894,4714,-4429,4145,4664,-4626,4175,0,0,0,-50,-197,30,205.4,1351.6,1.069,0.911,-0.058,-107.797,-68.016,102.891,209.9,1,-0.5968,0.3381,0.7027,0.1893,103.4,-75.2,0.0
740943,2026-08-30_09-21-24.944-240,v3.6.25,3.47,12.0,400,4324,-4635,4252,3965,-4428,4894,4264,-4776,4325,4664,-4626,4175,0,0,0,400,150,-150,452.8,2978.7,1.421,0.564,-0.087,-198.203,-37.500,124.312,417.4,1,-0.5764,0.3468,0.7054,0.2233,112.3,-75.5,0.0
740991,2026-08-30_09-21-24.992-240,v3.6.25,3.47,12.0,400,4324,-4635,4252,3418,-4773,5037,4264,-4776,4325,4148,-4970,4408,0,0,0,-116,-194,83,240.8,1584.2,1.804,-0.089,-0.230,-273.391,41.375,121.594,239.5,1,-0.5599,0.3472,0.7012,0.2726,126.0,-77.0,0.0
741021,2026-08-30_09-21-24.023-240,v3.6.25,3.47,12.0,400,3835,-4411,4898,2801,-4502,5728,3771,-4558,4964,3642,-4694,5186,0,0,0,-129,-136,222,290.6,1911.5,1.749,-0.549,-0.386,-273.656,88.562,103.141,281.3,1,-0.5482,0.3418,0.6917,0.3229,144.3,-78.3,0.0
741196,2026-08-30_09-21-25.197-240,v3.6.25,3.47,12.0,400,3572,-1775,6541,2372,-1719,7207,3486,-1941,6565,3403,-1909,6697,0,0,0,-83,32,132,159.2,1047.2,0.444,-0.385,-0.204,-155.719,-49.234,-49.781,171.0,1,-0.5318,0.3285,0.7033,0.3385,155.0,-76.0,0.0
741236,2026-08-30_09-21-25.238-240,v3.6.25,3.47,12.0,400,3501,-1558,6617,2372,-1719,7207,3413,-1724,6638,3403,-1909,6697,0,0,0,-10,-185,59,194.4,1279.2,0.428,0.352,-0.204,-77.797,-109.391,-102.688,200.6,1,-0.5146,0.3152,0.7228,0.3367,158.1,-73.0,0.0
741265,2026-08-30_09-21-25.267-240,v3.6.25,3.47,12.0,400,3838,-1994,6242,2523,-1943,7066,3755,-2159,6271,3535,-2133,6534,0,0,0,-220,26,263,343.9,2262.3,0.701,0.520,0.047,-52.141,-132.562,-73.781,326.0,1,-0.4955,0.3089,0.7410,0.3316,157.9,-69.9,0.0
741305,2026-08-30_09-21-25.307-240,v3.6.25,3.47,12.0,400,3838,-1994,6242,3013,-2731,6571,3755,-2159,6271,3959,-2920,5969,0,0,0,204,-761,-302,843.8,5551.1,1.249,0.351,0.325,-11.906,-119.078,-25.594,745.6,1,-0.4802,0.3112,0.7531,0.3246,155.5,-67.7,0.0
741350,2026-08-30_09-21-25.352-240,v3.6.25,3.47,12.0,400,4121,-2743,5735,3013,-2731,6571,4045,-2904,5776,3959,-2920,5969,0,0,0,-86,-16,193,211.9,1394.1,1.507,0.370,-0.094,52.734,-74.297,21.750,215.3,1,-0.4747,0.3220,0.7564,0.3145,151.1,-67.0,0.0
741397,2026-08-30_09-21-25.398-240,v3.6.25,3.47,12.0,400,4114,-3405,5399,3120,-3523,6130,4043,-3562,5450,4008,-3713,5523,0,0,0,-35,-151,73,171.3,1127.2,1.240,0.239,-0.431,90.891,-13.625,81.250,181.2,1,-0.4786,0.3404,0.7490,0.3067,145.1,-67.8,0.0
741427,2026-08-30_09-21-25.429-240,v3.6.25,3.47,12.0,400,3697,-3866,5455,2702,-4016,6042,3629,-4020,5511,3586,-4207,5509,0,0,0,-43,-187,-2,191.9,1262.4,1.206,0.027,-0.437,128.078,17.078,97.922,198.5,1,-0.4888,0.3619,0.7363,0.2966,137.0,-69.1,0.0
741466,2026-08-30_09-21-25.467-240,v3.6.25,3.47,12.0,400,3697,-3866,5455,2702,-4016,6042,3629,-4020,5511,3586,-4207,5509,0,0,0,-43,-187,-2,191.9,1262.4,1.477,-0.036,-0.426,162.016,55.828,79.531,198.5,1,-0.5065,0.3807,0.7201,0.2826,126.9,-70.9,0.0
741496,2026-08-30_09-21-25.498-240,v3.6.25,3.47,12.0,400,3108,-3966,5720,2004,-4121,6272,3039,-4118,5775,2928,-4312,5852,0,0,0,-111,-194,77,236.4,1555.3,1.473,-0.150,-0.402,189.531,90.938,48.094,235.8,1,-0.5312,0.3948,0.7014,0.2647,114.5,-72.6,0.0
741524,2026-08-30_09-21-25.526-240,v3.6.25,3.47,12.0,400,2739,-3661,6088,2004,-4121,6272,2666,-3815,6137,2928,-4312,5852,0,0,0,262,-497,-285,630.0,4144.6,1.266,-0.253,-0.329,201.609,117.875,6.438,566.2,1,-0.5607,0.4018,0.6816,0.2440,100.0,-73.8,0.0
741568,2026-08-30_09-21-25.570-240,v3.6.25,3.47,12.0,400,2739,-3661,6088,1624,-3698,6642,2666,-3815,6137,2601,-3888,6276,0,0,0,-65,-73,139,169.9,1117.9,1.353,-0.498,-0.124,207.906,148.562,-61.125,180.1,1,-0.5959,0.3973,0.6622,0.2203,84.4,-74.6,0.0
741758,2026-08-30_09-21-25.759-240,v3.6.25,3.47,12.0,400,5982,-682,4747,4940,-900,5848,5895,-840,4771,5724,-1101,4933,0,0,0,-171,-261,162,351.6,2313.0,0.391,-0.478,0.432,15.453,-46.031,-18.531,332.5,1,-0.5930,0.3971,0.6672,0.2132,86.1,-73.9,0.0
741786,2026-08-30_09-21-25.788-240,v3.6.25,3.47,12.0,400,6044,-851,4605,5107,-864,5756,5959,-1007,4632,5875,-1066,4815,0,0,0,-84,-59,183,209.8,1380.4,0.521,-0.217,0.459,37.531,-81.359,-42.016,213.5,1,-0.5884,0.3957,0.6764,0.1992,89.0,-72.5,0.0
741830,2026-08-30_09-21-25.832-240,v3.6.25,3.47,12.0,400,6044,-851,4605,5344,-1387,5353,5959,-1007,4632,6055,-1590,4383,0,0,0,96,-583,-249,641.2,4218.3,0.930,0.803,0.244,13.016,-115.062,-30.906,575.6,1,-0.5773,0.3955,0.6893,0.1873,93.6,-70.8,0.0
741875,2026-08-30_09-21-25.876-240,v3.6.25,3.47,12.0,400,6246,-1392,4202,5344,-1387,5353,6166,-1545,4238,6055,-1590,4383,0,0,0,-111,-45,145,188.1,1237.3,1.148,1.628,0.122,-119.531,-131.078,71.656,195.3,1,-0.5511,0.4034,0.7027,0.1993,100.9,-69.3,0.0
741905,2026-08-30_09-21-25.907-240,v3.6.25,3.47,12.0,400,6135,-1937,4213,5363,-2033,5231,6059,-2091,4255,6068,-2234,4262,0,0,0,9,-143,7,143.5,943.8,1.366,1.623,-0.147,-243.281,-125.703,169.953,157.8,1,-0.5120,0.4174,0.7131,0.2349,109.7,-67.9,0.0
741934,2026-08-30_09-21-25.936-240,v3.6.25,3.47,12.0,400,6135,-1937,4213,5363,-2033,5231,6059,-2091,4255,6068,-2234,4262,0,0,0,9,-143,7,143.5,943.8,1.241,1.057,-0.451,-356.578,-104.094,248.344,157.8,1,-0.4620,0.4323,0.7174,0.2917,119.6,-66.2,0.0
742146,2026-08-30_09-21-26.147-240,v3.6.25,3.47,12.0,400,600,-2714,7105,-560,-2839,7212,512,-2858,7136,492,-3039,7201,0,0,0,-20,-181,65,193.4,1272.1,0.919,-0.134,-0.217,121.016,34.734,-114.266,199.7,1,-0.4814,0.4234,0.7184,0.2699,117.1,-67.0,0.0
742172,2026-08-30_09-21-26.173-240,v3.6.25,3.47,12.0,400,1089,-2562,7078,-560,-2839,7212,1001,-2711,7107,492,-3039,7201,0,0,0,-509,-328,94,612.8,4031.5,0.892,0.237,-0.147,144.922,55.109,-126.547,551.7,1,-0.5051,0.4128,0.7171,0.2455,113.4,-68.0,0.0
742410,2026-08-30_09-21-26.411-240,v3.6.25,3.47,12.0,400,3876,671,6665,2961,1029,7094,3772,506,6660,3912,821,6480,0,0,0,140,315,-180,388.9,2558.4,0.637,0.075,0.540,167.594,49.766,0.156,363.8,1,-0.5240,0.4213,0.7052,0.2251,105.0,-68.2,0.0
742462,2026-08-30_09-21-26.463-240,v3.6.25,3.47,12.0,400,4150,1169,6373,2961,1029,7094,4042,1008,6364,3912,821,6480,0,0,0,-130,-187,116,255.6,1681.5,0.558,0.391,0.673,136.938,-45.547,80.188,251.9,1,-0.5248,0.4426,0.6971,0.2068,98.2,-66.2,0.0
742491,2026-08-30_09-21-26.493-240,v3.6.25,3.47,12.0,400,4432,914,6269,3422,797,6985,4327,751,6264,4361,592,6296,0,0,0,34,-159,32,165.7,1090.2,0.619,0.059,0.494,116.719,-92.609,91.359,176.5,1,-0.5176,0.4655,0.6928,0.1881,93.9,-63.2,0.0
742694,2026-08-30_09-21-26.695-240,v3.6.25,3.47,12.0,400,3887,-2597,6082,3112,-2707,6577,3809,-2761,6119,4058,-2896,5958,0,0,0,249,-135,-161,325.8,2143.4,1.680,-0.561,-0.016,-130.312,58.016,72.594,310.9,1,-0.5123,0.4656,0.6890,0.2146,95.6,-64.9,0.0
742722,2026-08-30_09-21-26.724-240,v3.6.25,3.47,12.0,400,3887,-2597,6082,2464,-2656,6937,3809,-2761,6119,3470,-2843,6420,0,0,0,-339,-82,301,460.7,3030.9,1.475,-0.658,-0.203,-108.156,95.484,23.344,424.1,1,-0.5153,0.4586,0.6837,0.2380,97.2,-67.4,0.0
742755,2026-08-30_09-21-26.756-240,v3.6.25,3.47,12.0,400,3361,-2119,6579,2464,-2656,6937,3277,-2285,6607,3470,-2843,6420,0,0,0,193,-558,-187,619.3,4074.6,1.333,-0.440,-0.195,-87.922,119.953,-34.016,557.2,1,-0.5252,0.4436,0.6792,0.2571,99.4,-70.3,0.0
742925,2026-08-30_09-21-26.926-240,v3.6.25,3.47,12.0,400,2879,645,7197,1809,418,7613,2771,482,7188,2861,215,7184,0,0,0,90,-267,-4,281.8,1853.9,0.474,-0.067,0.024,-127.844,-14.484,-62.156,273.9,1,-0.5170,0.4282,0.6905,0.2695,107.5,-70.9,0.0
742951,2026-08-30_09-21-26.952-240,v3.6.25,3.47,12.0,400,2517,822,7292,1311,762,7683,2407,662,7281,2366,555,7336,0,0,0,-41,-107,55,127.1,836.2,0.542,0.424,0.371,-125.547,-33.688,-31.328,144.1,1,-0.5048,0.4177,0.7008,0.2821,115.2,-70.6,0.0
742991,2026-08-30_09-21-26.993-240,v3.6.25,3.47,12.0,400,2517,822,7292,1311,762,7683,2407,662,7281,2366,555,7336,0,0,0,-41,-107,55,127.1,836.2,0.935,0.031,0.683,-132.531,-33.359,45.172,144.1,1,-0.4890,0.4173,0.7047,0.3001,120.5,-70.0,0.0
743041,2026-08-30_09-21-26.043-240,v3.6.25,3.47,12.0,400,2207,623,7445,1053,514,7753,2097,464,7435,2126,308,7448,0,0,0,29,-156,13,159.2,1047.4,1.409,-0.730,0.805,-45.875,3.062,44.109,171.1,1,-0.4847,0.4202,0.7022,0.3087,121.3,-70.1,0.0
743071,2026-08-30_09-21-26.072-240,v3.6.25,3.47,12.0,400,1670,477,7560,346,362,7781,1560,322,7551,1426,153,7596,0,0,0,-134,-169,45,220.3,1449.5,1.411,-0.638,0.548,32.984,32.922,16.328,222.4,1,-0.4917,0.4228,0.6965,0.3072,119.0,-70.9,0.0
743106,2026-08-30_09-21-26.108-240,v3.6.25,3.47,12.0,400,1525,669,7548,346,362,7781,1413,516,7537,1426,153,7596,0,0,0,13,-363,59,368.0,2421.0,1.329,-0.300,0.370,97.672,64.125,-11.500,346.3,1,-0.5087,0.4238,0.6878,0.2974,113.7,-72.2,0.0
743146,2026-08-30_09-21-27.149-240,v3.6.25,3.47,12.0,400,1525,669,7548,319,644,7773,1413,516,7537,1391,433,7592,0,0,0,-22,-83,55,102.0,670.9,1.367,-0.053,0.486,137.688,104.016,-28.938,123.0,1,-0.5341,0.4224,0.6751,0.2839,105.2,-73.9,0.0
743175,2026-08-30_09-21-27.176-240,v3.6.25,3.47,12.0,400,1940,1228,7358,921,1429,7613,1825,1076,7341,1949,1214,7332,0,0,0,124,138,-9,185.7,1222.0,1.515,0.051,0.725,143.281,130.375,-23.734,193.3,1,-0.5622,0.4203,0.6585,0.2715,93.4,-75.6,0.0
743336,2026-08-30_09-21-27.337-240,v3.6.25,3.47,12.0,400,3594,3331,6072,2404,3257,6716,3467,3190,6040,3241,3025,6201,0,0,0,-226,-165,161,322.8,2123.9,0.316,-0.096,0.947,95.734,-45.297,80.312,308.4,1,-0.5617,0.4387,0.6524,0.2579,86.8,-73.6,0.0
743366,2026-08-30_09-21-27.368-240,v3.6.25,3.47,12.0,400,3803,2936,6175,2720,3075,6730,3680,2789,6147,3564,2846,6162,0,0,0,-116,57,15,130.1,856.0,0.570,-0.367,0.824,108.328,-91.172,62.969,146.6,1,-0.5574,0.4570,0.6511,0.2379,83.3,-70.6,0.0
743511,2026-08-30_09-21-27.512-240,v3.6.25,3.47,12.0,400,4696,899,6008,3575,900,6841,4592,737,6005,4487,693,6130,0,0,0,-105,-44,125,169.1,1112.3,1.310,0.815,0.356,73.047,-71.609,-7.844,179.3,1,-0.5557,0.4623,0.6548,0.2210,82.9,-68.7,0.0
743572,2026-08-30_09-21-27.573-240,v3.6.25,3.47,12.0,400,5135,-323,5739,4145,-136,6563,5043,-488,5752,5033,-336,5764,0,0,0,-10,152,12,152.8,1005.3,1.370,0.528,0.307,-81.281,-1.578,37.172,165.7,1,-0.5482,0.4633,0.6559,0.2338,85.1,-69.3,0.0
743616,2026-08-30_09-21-27.617-240,v3.6.25,3.47,12.0,400,5135,-323,5739,4089,-467,6661,5043,-488,5752,5001,-664,5870,0,0,0,-42,-176,118,216.0,1421.2,1.347,0.137,0.087,-134.406,45.984,3.891,218.7,1,-0.5436,0.4548,0.6574,0.2560,89.2,-71.4,0.0
743642,2026-08-30_09-21-27.644-240,v3.6.25,3.47,12.0,400,4829,-43,6054,3670,-17,6900,4734,-209,6062,4612,-215,6173,0,0,0,-122,-6,111,165.0,1085.8,1.397,0.231,0.180,-152.797,72.797,-16.953,176.0,1,-0.5412,0.4409,0.6583,0.2817,95.3,-73.9,0.0
743860,2026-08-30_09-21-27.861-240,v3.6.25,3.47,12.0,400,2059,3074,6870,1160,2988,7190,1929,2936,6835,2082,2757,6875,0,0,0,153,-179,40,238.9,1571.4,0.344,0.531,0.603,-133.672,-52.516,13.109,237.9,1,-0.5242,0.4381,0.6674,0.2965,103.7,-73.6,0.0
743890,2026-08-30_09-21-27.892-240,v3.6.25,3.47,12.0,400,1578,2790,7144,623,2881,7257,1449,2652,7111,1558,2649,7032,0,0,0,109,-3,-79,134.7,885.9,0.458,0.399,0.517,-162.375,-69.469,65.891,150.5,1,-0.5002,0.4415,0.6743,0.3166,111.5,-72.6,0.0
744040,2026-08-30_09-21-27.041-240,v3.6.25,3.47,12.0,400,-49,1828,7526,-1213,1780,7507,-175,1699,7501,-213,1548,7589,0,0,0,-38,-151,88,178.9,1176.7,1.380,-0.757,0.567,90.109,38.188,-20.578,187.6,1,-0.5140,0.4419,0.6687,0.3056,106.3,-73.2,0.0
744087,2026-08-30_09-21-27.089-240,v3.6.25,3.47,12.0,400,65,1884,7533,-1167,1818,7505,-61,1754,7507,-168,1586,7579,0,0,0,-107,-168,72,211.8,1393.4,1.403,-0.387,0.514,157.562,95.312,-65.312,215.2,1,-0.5416,0.4365,0.6586,0.2871,97.0,-74.6,0.0
744115,2026-08-30_09-21-27.117-240,v3.6.25,3.47,12.0,400,636,2425,7325,-402,2488,7398,506,2294,7295,564,2254,7344,0,0,0,58,-40,49,85.8,564.6,1.484,-0.140,0.538,164.547,124.891,-66.188,109.5,1,-0.5724,0.4292,0.6446,0.2695,84.5,-75.8,0.0
744273,2026-08-30_09-21-28.274-240,v3.6.25,3.47,12.0,400,3040,4859,5286,1738,4574,6105,2899,4746,5242,2440,4319,5715,0,0,0,-459,-427,473,785.3,5166.6,-0.032,-0.003,1.059,106.484,36.547,113.875,696.5,1,-0.5804,0.4488,0.6271,0.2617,73.5,-74.3,0.0
744301,2026-08-30_09-21-28.303-240,v3.6.25,3.47,12.0,400,3040,4859,5286,2401,4927,5642,2899,4746,5242,3017,4666,5150,0,0,0,118,-80,-92,169.7,1116.3,0.091,-0.781,1.148,130.953,-8.266,96.750,179.8,1,-0.5858,0.4688,0.6138,0.2457,66.4,-71.7,0.0
744331,2026-08-30_09-21-28.332-240,v3.6.25,3.47,12.0,400,3395,4810,5141,2401,4927,5642,3255,4695,5098,3017,4666,5150,0,0,0,-238,-29,52,245.3,1614.0,0.235,-0.836,0.848,190.344,-50.625,20.578,243.3,1,-0.5945,0.4817,0.6071,0.2144,62.6,-68.2,0.0
744357,2026-08-30_09-21-28.359-240,v3.6.25,3.47,12.0,400,4144,4258,5020,2943,4534,5737,4011,4134,4985,3585,4281,5151,0,0,0,-426,147,166,480.3,3159.5,0.437,-0.670,0.582,226.328,-72.703,-37.703,440.5,1,-0.6059,0.4878,0.6041,0.1734,61.0,-64.3,0.0
744515,2026-08-30_09-21-28.516-240,v3.6.25,3.47,12.0,400,6403,2161,3826,5704,2135,4922,6295,2025,3824,6264,1902,3893,0,0,0,-31,-123,69,144.4,950.0,1.126,1.218,0.700,-39.125,-14.547,-5.219,158.6,1,-0.6025,0.4858,0.6079,0.1772,62.3,-64.8,0.0
744567,2026-08-30_09-21-28.569-240,v3.6.25,3.47,12.0,400,6195,2469,4091,5704,2135,4922,6083,2331,4083,6264,1902,3893,0,0,0,181,-429,-190,502.9,3308.5,1.261,0.739,0.460,-163.531,47.578,9.516,459.5,1,-0.5960,0.4790,0.6111,0.2046,63.6,-67.6,0.0
744616,2026-08-30_09-21-28.618-240,v3.6.25,3.47,12.0,400,6195,2469,4091,5446,2444,5155,6083,2331,4083,6039,2211,4164,0,0,0,-44,-120,81,151.3,995.5,1.219,0.406,0.766,-211.062,98.344,-18.594,164.4,1,-0.5923,0.4638,0.6129,0.2417,64.9,-71.9,0.0
744856,2026-08-30_09-21-28.857-240,v3.6.25,3.47,12.0,400,2014,5408,5351,1473,5683,5342,1865,5308,5300,2020,5407,5012,0,0,0,155,99,-288,341.7,2248.1,0.571,0.063,0.808,-104.109,-116.625,24.516,324.2,1,-0.5710,0.4678,0.6276,0.2476,73.6,-71.5,0.0
744883,2026-08-30_09-21-28.885-240,v3.6.25,3.47,12.0,400,1617,4781,6032,893,5064,6032,1471,4671,5983,1571,4799,5785,0,0,0,100,128,-198,256.1,1684.9,0.685,-0.251,0.940,-72.188,-110.297,32.047,252.4,1,-0.5522,0.4737,0.6390,0.2495,79.9,-70.4,0.0
744930,2026-08-30_09-21-28.932-240,v3.6.25,3.47,12.0,400,1617,4781,6032,436,4315,6585,1471,4671,5983,1224,4061,6404,0,0,0,-247,-610,421,781.2,5139.8,1.161,-0.449,1.060,15.312,-65.906,18.625,693.1,1,-0.5458,0.4800,0.6427,0.2422,80.9,-69.1,0.0
744975,2026-08-30_09-21-28.976-240,v3.6.25,3.47,12.0,400,1426,4186,6472,436,4315,6585,1285,4067,6427,1224,4061,6404,0,0,0,-61,-6,-23,65.5,430.7,1.326,-0.029,0.880,71.406,0.047,23.250,92.4,1,-0.5509,0.4867,0.6367,0.2330,77.5,-68.2,0.0
745017,2026-08-30_09-21-28.019-240,v3.6.25,3.47,12.0,400,1626,3971,6505,526,3964,6770,1487,3849,6462,1354,3716,6570,0,0,0,-133,-133,108,216.9,1426.9,1.105,-0.057,0.651,95.828,55.547,38.953,219.5,1,-0.5630,0.4943,0.6227,0.2257,71.3,-67.6,0.0
745044,2026-08-30_09-21-28.046-240,v3.6.25,3.47,12.0,400,1909,4246,6247,881,4212,6555,1769,4126,6203,1667,3961,6300,0,0,0,-102,-165,97,216.9,1426.9,1.043,-0.105,0.629,116.172,83.422,36.234,219.5,1,-0.5795,0.5012,0.6046,0.2177,63.8,-66.8,0.0
745094,2026-08-30_09-21-28.096-240,v3.6.25,3.47,12.0,400,2340,4764,5679,881,4212,6555,2197,4651,5633,1667,3961,6300,0,0,0,-530,-690,667,1096.3,7212.5,0.946,-0.258,0.669,144.938,117.828,33.844,957.5,1,-0.6015,0.5070,0.5811,0.2084,54.9,-65.6,0.0
745141,2026-08-30_09-21-29.143-240,v3.6.25,3.47,12.0,400,2340,4764,5679,1461,4819,6000,2197,4651,5633,2140,4559,5659,0,0,0,-57,-92,26,111.3,732.3,0.598,-0.416,0.627,197.766,112.109,-12.625,130.9,1,-0.6288,0.5078,0.5577,0.1890,47.0,-63.3,0.0
745265,2026-08-30_09-21-29.266-240,v3.6.25,3.47,12.0,400,4685,5194,3374,3586,5488,4386,4546,5098,3339,3977,5211,3722,0,0,0,-569,113,383,695.1,4573.3,0.271,-0.026,0.895,144.469,-5.000,42.734,620.8,1,-0.6366,0.5182,0.5457,0.1683,45.3,-60.4,0.0
745326,2026-08-30_09-21-29.328-240,v3.6.25,3.47,12.0,400,5290,4735,3129,4396,5070,4124,5157,4635,3101,4753,4797,3329,0,0,0,-404,162,228,491.4,3232.7,0.250,0.158,0.919,120.875,-22.422,-32.531,449.8,1,-0.6455,0.5173,0.5422,0.1474,45.2,-58.5,0.0
745354,2026-08-30_09-21-29.355-240,v3.6.25,3.47,12.0,400,5290,4735,3129,5056,4550,3941,5157,4635,3101,5394,4282,3040,0,0,0,237,-353,-61,429.5,2825.9,0.419,0.397,0.916,92.844,-17.875,-58.969,397.9,1,-0.6544,0.5114,0.5416,0.1302,45.3,-57.3,0.0
745402,2026-08-30_09-21-29.403-240,v3.6.25,3.47,12.0,400,5796,4354,2787,5556,4308,3536,5668,4253,2766,5831,4038,2561,0,0,0,163,-215,-205,338.8,2229.3,0.442,0.865,0.966,16.906,-0.359,-78.078,321.8,1,-0.6610,0.5003,0.5451,0.1253,45.4,-57.8,0.0
745441,2026-08-30_09-21-29.443-240,v3.6.25,3.47,12.0,400,6060,4255,2362,5556,4308,3536,5933,4158,2345,5831,4038,2561,0,0,0,-102,-120,216,267.3,1758.7,0.597,0.963,0.992,-76.672,20.953,-66.062,261.8,1,-0.6629,0.4880,0.5513,0.1363,45.2,-59.8,0.0
745469,2026-08-30_09-21-29.471-240,v3.6.25,3.47,12.0,400,5915,4640,2134,5627,4572,3162,5785,4551,2114,5833,4295,2183,0,0,0,48,-256,69,269.4,1772.7,0.728,0.840,0.992,-136.000,38.703,-59.844,263.6,1,-0.6620,0.4744,0.5584,0.1577,44.5,-62.7,0.0
745509,2026-08-30_09-21-29.511-240,v3.6.25,3.47,12.0,400,5915,4640,2134,5098,5326,3007,5785,4551,2114,5260,5038,2120,0,0,0,-525,487,6,716.1,4711.3,0.676,0.763,0.957,-201.031,53.734,-59.906,638.4,1,-0.6577,0.4582,0.5669,0.1899,43.4,-66.9,0.0
745562,2026-08-30_09-21-29.564-240,v3.6.25,3.47,12.0,400,5316,5335,2132,5098,5326,3007,5178,5256,2104,5260,5038,2120,0,0,0,82,-218,16,233.5,1535.9,0.553,0.690,0.641,-273.844,55.594,-40.297,233.4,1,-0.6463,0.4419,0.5767,0.2333,42.6,-72.1,0.0
745790,2026-08-30_09-21-29.791-240,v3.6.25,3.47,12.0,400,-75,6672,3976,-303,7131,3436,-241,6629,3919,-115,6804,3450,0,0,0,126,175,-469,516.2,3396.1,0.269,-0.555,1.055,30.594,-105.797,-25.406,470.7,1,-0.6396,0.4435,0.5885,0.2191,48.8,-71.3,0.0
745823,2026-08-30_09-21-29.825-240,v3.6.25,3.47,12.0,400,-75,6672,3976,-612,6659,4213,-241,6629,3919,-281,6346,4261,0,0,0,-40,-283,342,445.7,2932.3,0.563,-0.419,1.000,104.391,-88.094,-27.812,411.5,1,-0.6398,0.4461,0.5946,0.1952,52.3,-69.2,0.0
745851,2026-08-30_09-21-29.852-240,v3.6.25,3.47,12.0,400,264,6298,4598,-612,6659,4213,101,6237,4541,-281,6346,4261,0,0,0,-382,109,-280,486.0,3197.4,0.801,-0.326,0.921,160.578,-58.406,-34.703,445.3,1,-0.6468,0.4481,0.5947,0.1649,53.3,-66.5,0.0
745877,2026-08-30_09-21-29.879-240,v3.6.25,3.47,12.0,400,264,6298,4598,-36,6229,4855,101,6237,4541,414,5932,4791,0,0,0,313,-305,250,503.5,3312.4,0.934,-0.043,0.804,193.812,-18.047,-37.156,460.0,1,-0.6596,0.4492,0.5879,0.1326,52.2,-63.5,0.0
746140,2026-08-30_09-21-30.141-240,v3.6.25,3.47,12.0,400,3438,6801,1453,3242,6992,1961,3282,6763,1413,3186,6665,1410,0,0,0,-96,-98,-3,137.2,902.8,-0.453,-0.354,1.042,40.812,61.531,98.422,152.6,1,-0.6630,0.4641,0.5721,0.1335,48.8,-61.9,0.0
746177,2026-08-30_09-21-30.179-240,v3.6.25,3.47,12.0,400,3699,6720,930,3656,6917,1498,3544,6689,894,3523,6585,888,0,0,0,-21,-104,-6,106.3,699.1,-0.447,-0.355,1.097,51.266,17.125,74.641,126.6,1,-0.6637,0.4766,0.5620,0.1285,47.4,-60.3,0.0
746205,2026-08-30_09-21-30.206-240,v3.6.25,3.47,12.0,400,4079,6534,813,3656,6917,1498,3927,6500,780,3523,6585,888,0,0,0,-404,85,108,426.7,2807.5,-0.237,-0.284,1.083,52.594,-5.953,41.344,395.6,1,-0.6642,0.4844,0.5564,0.1205,47.1,-58.9,0.0
746245,2026-08-30_09-21-30.247-240,v3.6.25,3.47,12.0,400,4079,6534,813,4085,6684,1509,3927,6500,780,3960,6357,826,0,0,0,33,-143,46,153.8,1011.8,0.147,-0.135,1.002,59.844,-19.859,-32.672,166.5,1,-0.6684,0.4815,0.5564,0.1084,47.6,-58.0,0.0
746273,2026-08-30_09-21-30.275-240,v3.6.25,3.47,12.0,400,4387,6333,770,4374,6497,1468,4237,6295,740,4246,6172,738,0,0,0,9,-123,-2,123.3,811.5,0.179,-0.002,0.941,58.484,-16.469,-91.844,141.0,1,-0.6765,0.4695,0.5593,0.0953,48.1,-57.8,0.0
746319,2026-08-30_09-21-30.321-240,v3.6.25,3.47,12.0,400,4469,6315,477,4374,6497,1468,4320,6282,449,4246,6172,738,0,0,0,-74,-110,289,318.0,2091.8,0.127,0.226,1.154,40.531,-4.328,-163.359,304.3,1,-0.6887,0.4457,0.5656,0.0840,48.3,-58.6,0.0
746350,2026-08-30_09-21-30.352-240,v3.6.25,3.47,12.0,400,4469,6315,477,4405,6589,1008,4320,6282,449,4197,6257,283,0,0,0,-123,-25,-166,208.1,1369.1,-0.034,0.451,1.044,9.250,-3.516,-178.281,212.1,1,-0.6996,0.4184,0.5740,0.0772,48.5,-60.2,0.0
746379,2026-08-30_09-21-30.381-240,v3.6.25,3.47,12.0,400,4227,6517,-15,4405,6589,1008,4075,6497,-41,4197,6257,283,0,0,0,122,-240,324,421.3,2771.4,0.077,0.620,1.027,-37.359,-5.406,-173.672,391.0,1,-0.7072,0.3902,0.5845,0.0776,48.7,-62.5,0.0
746408,2026-08-30_09-21-30.410-240,v3.6.25,3.47,12.0,400,3554,6888,-316,3992,6954,436,3397,6883,-344,3678,6608,-205,0,0,0,281,-275,139,417.0,2743.6,0.100,0.779,1.087,-77.688,-9.328,-169.688,387.4,1,-0.7116,0.3611,0.5968,0.0842,48.7,-65.5,0.0
746619,2026-08-30_09-21-30.620-240,v3.6.25,3.47,12.0,400,77,7499,1812,-75,7757,1669,-95,7498,1761,-201,7400,1685,0,0,0,-106,-98,-76,163.1,1073.3,-0.359,-1.424,1.248,-68.734,-81.203,49.109,174.4,1,-0.6980,0.3685,0.6073,0.0905,52.5,-66.1,0.0
746672,2026-08-30_09-21-30.674-240,v3.6.25,3.47,12.0,400,141,7349,2287,-75,7757,1669,-30,7338,2234,-201,7400,1685,0,0,0,-171,62,-549,578.3,3804.9,0.090,-0.926,1.202,114.469,-55.859,-58.578,522.8,1,-0.7004,0.3637,0.6105,0.0661,55.0,-64.6,0.0
746715,2026-08-30_09-21-30.717-240,v3.6.25,3.47,12.0,400,141,7349,2287,-51,7590,2340,-30,7338,2234,-59,7244,2336,0,0,0,-29,-94,102,141.7,932.3,0.448,-0.025,0.919,190.531,-6.312,-121.797,156.4,1,-0.7136,0.3500,0.6060,0.0309,55.3,-62.4,0.0
746746,2026-08-30_09-21-30.747-240,v3.6.25,3.47,12.0,400,816,7292,2386,718,7505,2463,647,7270,2333,733,7167,2326,0,0,0,86,-103,-7,134.4,884.0,0.407,0.692,0.806,185.516,37.500,-140.266,150.2,1,-0.7310,0.3323,0.5960,-0.0012,54.0,-60.5,0.0
746791,2026-08-30_09-21-30.793-240,v3.6.25,3.47,12.0,400,1468,7353,1844,718,7505,2463,1300,7334,1794,733,7167,2326,0,0,0,-567,-167,532,795.2,5231.8,0.315,1.316,0.720,99.594,85.906,-104.797,704.8,1,-0.7481,0.3175,0.5825,-0.0155,50.8,-59.5,0.0
746820,2026-08-30_09-21-30.821-240,v3.6.25,3.47,12.0,400,1468,7353,1844,1398,7600,1822,1300,7334,1794,1302,7255,1585,0,0,0,2,-79,-209,223.4,1470.0,0.078,1.291,0.852,17.328,104.984,-29.219,225.0,1,-0.7609,0.3131,0.5682,-0.0136,46.8,-58.9,0.0
746906,2026-08-30_09-21-30.908-240,v3.6.25,3.47,12.0,400,1418,7540,220,1511,7774,891,1249,7554,179,1253,7414,657,0,0,0,4,-140,478,498.1,3276.9,-0.332,-0.197,0.811,-45.766,113.250,110.688,455.5,1,-0.7656,0.3308,0.5518,0.0015,42.9,-57.8,0.0
746978,2026-08-30_09-21-30.980-240,v3.6.25,3.47,12.0,400,1413,7511,-534,1872,7750,-749,1244,7539,-568,1335,7367,-1004,0,0,0,91,-172,-436,477.5,3141.1,-0.262,-0.437,0.929,46.688,82.391,81.719,438.1,1,-0.7709,0.3450,0.5354,-0.0008,41.0,-55.6,0.0
747021,2026-08-30_09-21-30.023-240,v3.6.25,3.47,12.0,400,1722,7334,-1220,1872,7750,-749,1555,7371,-1247,1335,7367,-1004,0,0,0,-220,-4,243,327.8,2156.7,-0.224,-0.351,0.978,54.844,51.812,90.359,312.6,1,-0.7729,0.3606,0.5221,-0.0062,40.3,-53.4,0.0
747073,2026-08-30_09-21-30.074-240,v3.6.25,3.47,12.0,400,2247,7097,-1705,2497,7503,-1265,2084,7136,-1726,1878,7117,-1613,0,0,0,-206,-19,113,235.7,1550.8,-0.001,0.076,1.130,46.125,23.312,70.422,235.3,1,-0.7729,0.3725,0.5135,-0.0121,40.4,-51.7,0.0
747101,2026-08-30_09-21-30.103-240,v3.6.25,3.47,12.0,400,2765,6895,-1916,3150,7236,-1467,2605,6931,-1933,2504,6853,-1920,0,0,0,-101,-78,13,128.3,843.9,-0.272,0.187,1.101,18.078,1.984,62.812,145.1,1,-0.7703,0.3828,0.5097,-0.0149,40.7,-50.7,0.0
747134,2026-08-30_09-21-31.137-240,v3.6.25,3.47,12.0,400,2765,6895,-1916,3150,7236,-1467,2605,6931,-1933,2504,6853,-1920,0,0,0,-101,-78,13,128.3,843.9,-0.347,0.398,1.146,-35.953,-15.312,43.406,145.1,1,-0.7656,0.3894,0.5120,-0.0104,41.1,-50.9,0.0
747166,2026-08-30_09-21-31.168-240,v3.6.25,3.47,12.0,400,3081,6769,-1766,3525,7117,-1310,2923,6797,-1783,2909,6739,-1830,0,0,0,-14,-58,-47,76.0,499.7,-0.525,0.076,1.228,-73.078,-35.578,24.469,101.2,1,-0.7589,0.3925,0.5197,-0.0015,41.7,-52.0,0.0
747194,2026-08-30_09-21-31.196-240,v3.6.25,3.47,12.0,400,3060,6902,-1405,3525,7117,-1310,2901,6924,-1426,2909,6739,-1830,0,0,0,8,-185,-404,444.4,2923.8,-0.401,-0.231,1.215,-84.047,-48.578,-46.078,410.4,1,-0.7546,0.3841,0.5320,0.0072,42.5,-53.9,0.0
747242,2026-08-30_09-21-31.243-240,v3.6.25,3.47,12.0,400,3060,6902,-1405,3358,7247,-878,2901,6924,-1426,2812,6874,-1381,0,0,0,-89,-50,45,111.6,734.0,-0.205,-0.064,1.048,-72.641,-53.125,-150.156,131.1,1,-0.7558,0.3589,0.5475,0.0124,43.1,-56.8,0.0
747271,2026-08-30_09-21-31.273-240,v3.6.25,3.47,12.0,400,2498,7183,-1074,2590,7606,-618,2335,7207,-1101,2080,7230,-998,0,0,0,-255,23,103,276.0,1815.6,-0.186,0.070,1.211,-62.938,-58.203,-197.156,269.1,1,-0.7585,0.3258,0.5642,0.0149,43.5,-60.0,0.0
747505,2026-08-30_09-21-31.506-240,v3.6.25,3.47,12.0,400,-858,7422,1503,-1196,7590,1671,-1033,7439,1454,-1320,7227,1877,0,0,0,-287,-212,423,553.4,3640.7,0.131,-0.240,1.085,-42.062,-51.578,45.906,501.9,1,-0.7503,0.3327,0.5710,0.0191,45.3,-60.4,0.0
747549,2026-08-30_09-21-31.552-240,v3.6.25,3.47,12.0,400,-1084,7305,2018,-1196,7590,1671,-1259,7314,1967,-1320,7227,1877,0,0,0,-61,-87,-90,139.2,916.1,0.401,-0.509,1.310,52.188,-10.281,58.078,154.3,1,-0.7485,0.3433,0.5672,0.0105,46.4,-58.9,0.0
747580,2026-08-30_09-21-31.581-240,v3.6.25,3.47,12.0,400,-926,7312,2088,-1196,7533,1914,-1100,7318,2037,-1277,7174,2115,0,0,0,-177,-144,78,241.1,1586.5,0.685,0.035,1.236,118.203,27.625,53.562,239.8,1,-0.7525,0.3543,0.5551,-0.0066,46.4,-56.2,0.0
747612,2026-08-30_09-21-31.614-240,v3.6.25,3.47,12.0,400,-926,7312,2088,-512,7704,1668,-1100,7318,2037,-638,7344,1758,0,0,0,462,26,-279,540.3,3554.8,0.471,0.749,1.196,116.078,53.922,116.062,490.9,1,-0.7550,0.3749,0.5375,-0.0204,45.8,-52.8,0.0
747667,2026-08-30_09-21-31.669-240,v3.6.25,3.47,12.0,400,-261,7471,1702,-512,7704,1668,-434,7477,1652,-638,7344,1758,0,0,0,-204,-133,106,265.6,1747.3,-0.307,0.215,1.335,75.625,32.141,234.625,260.3,1,-0.7462,0.4137,0.5209,-0.0275,46.0,-49.0,0.0
747837,2026-08-30_09-21-31.838-240,v3.6.25,3.47,12.0,400,3441,6759,1615,2823,7246,1838,3285,6718,1574,2740,6912,1360,0,0,0,-545,194,-214,616.8,4058.0,0.411,0.188,0.766,58.656,-70.766,-22.766,555.1,1,-0.7435,0.4103,0.5263,-0.0428,48.3,-48.4,0.0
747876,2026-08-30_09-21-31.878-240,v3.6.25,3.47,12.0,400,3441,6759,1615,3383,6829,2316,3285,6718,1574,3391,6509,1733,0,0,0,106,-209,159,283.2,1863.1,0.392,0.285,0.826,-6.188,-57.781,-59.625,275.1,1,-0.7423,0.4002,0.5353,-0.0475,49.8,-49.2,0.0
747905,2026-08-30_09-21-31.906-240,v3.6.25,3.47,12.0,400,3735,6558,1873,3442,6716,2597,3582,6508,1833,3501,6402,1997,0,0,0,-81,-106,164,211.4,1390.8,0.465,0.287,0.801,-49.203,-45.688,-90.750,214.9,1,-0.7428,0.3844,0.5463,-0.0449,50.6,-51.0,0.0
747957,2026-08-30_09-21-31.959-240,v3.6.25,3.47,12.0,400,3541,6619,2075,3442,6716,2597,3386,6567,2032,3501,6402,1997,0,0,0,115,-165,-35,204.1,1343.1,0.456,0.464,0.877,-114.703,-25.062,-129.406,208.8,1,-0.7455,0.3611,0.5593,-0.0311,50.4,-54.2,0.0
747986,2026-08-30_09-21-31.988-240,v3.6.25,3.47,12.0,400,2917,6870,2243,2956,6916,2668,2758,6824,2196,3022,6599,2148,0,0,0,264,-225,-48,350.2,2303.8,0.509,0.472,1.092,-157.422,-16.547,-121.953,331.3,1,-0.7467,0.3379,0.5729,-0.0096,49.5,-58.1,0.0
748190,2026-08-30_09-21-32.191-240,v3.6.25,3.47,12.0,400,224,6910,3557,-193,7115,3460,56,6872,3500,0,6789,3454,0,0,0,-56,-83,-46,110.2,724.9,0.134,-0.436,0.541,17.516,-131.766,-31.047,129.9,1,-0.7358,0.3331,0.5892,-0.0218,54.3,-58.5,0.0
748246,2026-08-30_09-21-32.247-240,v3.6.25,3.47,12.0,400,603,5923,5071,-571,6576,4404,445,5848,5016,-205,6267,4441,0,0,0,-650,419,-575,963.7,6340.0,1.130,0.263,1.075,124.875,-99.312,-15.438,846.2,1,-0.7298,0.3331,0.5950,-0.0488,58.5,-56.7,0.0
748306,2026-08-30_09-21-32.308-240,v3.6.25,3.47,12.0,400,1332,5596,5278,-44,5952,5206,1179,5507,5225,472,5663,5136,0,0,0,-707,156,-89,729.5,4799.1,1.187,0.890,1.081,86.719,2.484,97.141,649.6,1,-0.7269,0.3508,0.5872,-0.0607,58.8,-54.2,0.0
748351,2026-08-30_09-21-32.353-240,v3.6.25,3.47,12.0,400,1332,5596,5278,657,5634,5481,1179,5507,5225,1228,5355,5286,0,0,0,49,-152,61,171.0,1124.7,1.015,0.457,0.966,51.516,54.891,161.469,180.9,1,-0.7243,0.3784,0.5730,-0.0621,57.3,-51.5,0.0
748379,2026-08-30_09-21-32.381-240,v3.6.25,3.47,12.0,400,1610,5667,5106,859,5811,5239,1457,5578,5053,1385,5529,5016,0,0,0,-72,-49,-37,94.6,622.5,0.617,-0.004,1.091,54.906,74.469,174.797,116.9,1,-0.7221,0.4082,0.5550,-0.0625,55.3,-48.6,0.0
748421,2026-08-30_09-21-32.422-240,v3.6.25,3.47,12.0,400,1653,5969,4727,859,5811,5239,1498,5887,4673,1385,5529,5016,0,0,0,-113,-358,343,508.5,3345.5,0.656,-0.767,1.316,109.906,89.969,116.656,464.2,1,-0.7259,0.4297,0.5322,-0.0718,53.0,-45.3,0.0
748453,2026-08-30_09-21-32.455-240,v3.6.25,3.47,12.0,400,1653,5969,4727,1090,6215,4721,1498,5887,4673,1519,5923,4470,0,0,0,21,36,-203,207.2,1363.4,0.307,-0.944,1.105,186.078,76.797,16.125,211.4,1,-0.7368,0.4362,0.5076,-0.0957,51.4,-41.6,0.0
748480,2026-08-30_09-21-32.482-240,v3.6.25,3.47,12.0,400,2089,6254,4090,1090,6215,4721,1933,6180,4038,1519,5923,4470,0,0,0,-414,-257,432,651.2,4284.2,0.050,-0.567,0.870,237.719,58.656,-66.438,584.0,1,-0.7521,0.4295,0.4827,-0.1299,50.6,-37.9,0.0
748654,2026-08-30_09-21-32.655-240,v3.6.25,3.47,12.0,400,4796,5364,2952,4238,5591,3678,4656,5276,2918,4507,5306,2920,0,0,0,-149,30,2,152.0,1000.0,0.533,0.467,0.639,53.875,-115.844,-17.016,165.0,1,-0.7448,0.4243,0.4934,-0.1477,53.7,-37.6,0.0
748682,2026-08-30_09-21-32.686-240,v3.6.25,3.47,12.0,400,5315,4721,3271,4745,4824,4121,5182,4618,3242,5108,4555,3268,0,0,0,-74,-63,26,100.6,661.9,0.848,0.715,0.716,4.469,-104.203,-26.031,121.9,1,-0.7382,0.4173,0.5063,-0.1569,56.2,-38.1,0.0
748716,2026-08-30_09-21-32.717-240,v3.6.25,3.47,12.0,400,5315,4721,3271,4745,4824,4121,5182,4618,3242,5108,4555,3268,0,0,0,-74,-63,26,100.6,661.9,0.937,0.911,0.656,-86.250,-72.547,-8.391,121.9,1,-0.7316,0.4126,0.5217,-0.1493,57.7,-39.8,0.0
748743,2026-08-30_09-21-32.745-240,v3.6.25,3.47,12.0,400,5421,4368,3656,4801,4362,4555,5291,4255,3629,5248,4103,3683,0,0,0,-43,-152,54,166.9,1098.3,1.039,0.828,0.585,-157.078,-45.703,1.172,177.6,1,-0.7254,0.4088,0.5387,-0.1286,58.3,-42.6,0.0
748775,2026-08-30_09-21-32.777-240,v3.6.25,3.47,12.0,400,4924,4494,4216,4801,4362,4555,4792,4377,4184,5248,4103,3683,0,0,0,456,-274,-501,730.8,4807.6,1.117,0.646,0.477,-226.094,-7.297,4.406,650.7,1,-0.7206,0.4046,0.5551,-0.0940,58.0,-46.4,0.0
748821,2026-08-30_09-21-32.823-240,v3.6.25,3.47,12.0,400,4924,4494,4216,4126,4552,5072,4792,4377,4184,4656,4296,4302,0,0,0,-136,-81,118,197.4,1298.9,1.066,0.540,0.688,-288.984,39.344,16.672,203.1,1,-0.7168,0.4011,0.5686,-0.0459,56.2,-51.1,0.0
749009,2026-08-30_09-21-32.010-240,v3.6.25,3.47,12.0,400,948,5485,5516,147,5774,5382,794,5395,5463,697,5490,5276,0,0,0,-97,95,-187,231.1,1520.3,0.468,-0.046,0.637,88.047,-109.828,-81.328,231.4,1,-0.7138,0.3892,0.5781,-0.0701,59.7,-50.4,0.0
749037,2026-08-30_09-21-32.039-240,v3.6.25,3.47,12.0,400,1551,4896,5883,346,5215,5961,1404,4790,5834,1008,4945,5809,0,0,0,-396,155,-25,426.0,2802.6,0.804,0.055,0.697,141.203,-102.578,-58.094,395.0,1,-0.7106,0.3820,0.5821,-0.1015,62.9,-48.6,0.0
749181,2026-08-30_09-21-33.182-240,v3.6.25,3.47,12.0,400,3171,3951,5956,2103,3980,6465,3037,3820,5918,2880,3737,6005,0,0,0,-157,-83,87,197.8,1301.0,1.192,0.082,1.157,105.125,25.562,188.094,203.4,1,-0.7025,0.4145,0.5675,-0.1122,62.2,-44.8,0.0
749220,2026-08-30_09-21-33.222-240,v3.6.25,3.47,12.0,400,3251,3761,6020,2275,3755,6529,3119,3627,5983,3069,3516,6039,0,0,0,-50,-111,56,134.0,881.6,0.849,-0.693,1.069,145.094,18.359,119.953,149.9,1,-0.6985,0.4369,0.5514,-0.1313,61.7,-41.0,0.0
749249,2026-08-30_09-21-33.251-240,v3.6.25,3.47,12.0,400,3425,3638,5962,2463,3585,6545,3295,3503,5927,3263,3348,6023,0,0,0,-32,-155,96,185.1,1217.8,0.565,-0.846,0.655,201.344,0.688,10.312,192.8,1,-0.7013,0.4428,0.5343,-0.1629,61.8,-37.2,0.0
749361,2026-08-30_09-21-33.362-240,v3.6.25,3.47,12.0,400,5131,2633,5215,3556,3149,6181,5015,2487,5197,4305,2916,5484,0,0,0,-710,429,287,877.8,5774.9,0.441,0.533,0.255,53.359,-95.359,2.828,774.1,1,-0.6932,0.4413,0.5410,-0.1789,64.2,-36.3,0.0
749401,2026-08-30_09-21-33.403-240,v3.6.25,3.48,12.0,400,5131,2633,5215,4307,2362,6106,5015,2487,5197,5062,2138,5285,0,0,0,47,-349,88,363.0,2388.0,0.768,0.506,0.499,-24.953,-105.094,11.094,342.1,1,-0.6824,0.4389,0.5550,-0.1835,66.8,-36.6,0.0
749430,2026-08-30_09-21-33.431-240,v3.6.25,3.48,12.0,400,5314,1881,5394,4338,1588,6344,5204,1727,5384,5151,1373,5514,0,0,0,-53,-354,130,380.8,2505.4,1.392,0.535,0.696,-85.844,-88.266,5.469,357.1,1,-0.6727,0.4345,0.5719,-0.1778,69.0,-37.9,0.0
749478,2026-08-30_09-21-33.480-240,v3.6.25,3.48,12.0,400,5150,1476,5671,4338,1588,6344,5043,1317,5664,5151,1373,5514,0,0,0,108,56,-150,193.1,1270.6,1.870,0.477,0.668,-174.797,-23.984,4.203,199.5,1,-0.6682,0.4291,0.5880,-0.1535,69.8,-40.8,0.0
749506,2026-08-30_09-21-33.508-240,v3.6.25,3.48,12.0,400,5150,1476,5671,3952,1362,6667,5043,1317,5664,4824,1151,5895,0,0,0,-219,-166,231,359.0,2361.8,1.723,0.380,0.491,-211.672,16.531,5.219,338.7,1,-0.6665,0.4234,0.6016,-0.1204,69.8,-44.4,0.0
749536,2026-08-30_09-21-33.538-240,v3.6.25,3.48,12.0,400,4658,1649,6043,3952,1362,6667,4548,1490,6031,4824,1151,5895,0,0,0,276,-339,-136,457.8,3011.9,1.336,0.235,0.299,-236.828,45.359,4.156,421.7,1,-0.6665,0.4167,0.6129,-0.0811,69.2,-48.5,0.0
749564,2026-08-30_09-21-33.565-240,v3.6.25,3.48,12.0,400,3898,2309,6404,3178,1897,6954,3780,2155,6382,4086,1682,6305,0,0,0,306,-473,-77,568.6,3740.7,0.941,0.187,0.177,-245.484,55.969,-1.344,514.6,1,-0.6666,0.4082,0.6225,-0.0398,68.4,-52.9,0.0
749708,2026-08-30_09-21-33.709-240,v3.6.25,3.48,12.0,400,2215,3158,6817,1189,3120,7122,2085,3019,6782,2096,2888,6803,0,0,0,11,-131,21,133.1,875.8,0.265,-0.041,0.627,-43.156,-85.938,-97.969,149.2,1,-0.6626,0.3908,0.6375,-0.0435,71.7,-54.2,0.0
749736,2026-08-30_09-21-33.738-240,v3.6.25,3.48,12.0,400,2204,2788,6944,1033,2765,7277,2077,2646,6912,1974,2536,6982,0,0,0,-103,-110,70,166.2,1093.2,0.490,-0.274,0.705,17.469,-97.531,-72.469,176.9,1,-0.6571,0.3794,0.6489,-0.0565,75.0,-54.1,0.0
749768,2026-08-30_09-21-33.770-240,v3.6.25,3.48,12.0,400,2204,2788,6944,1033,2765,7277,2077,2646,6912,1974,2536,6982,0,0,0,-103,-110,70,166.2,1093.2,0.935,-0.321,0.658,109.719,-88.688,-58.656,176.9,1,-0.6536,0.3737,0.6529,-0.0826,77.3,-52.3,0.0
749796,2026-08-30_09-21-33.798-240,v3.6.25,3.48,12.0,400,2655,2126,6980,1501,2012,7424,2535,1975,6956,2485,1794,7048,0,0,0,-50,-181,92,209.1,1375.7,1.262,0.087,0.384,174.000,-66.141,-43.516,212.9,1,-0.6525,0.3729,0.6493,-0.1164,78.5,-49.5,0.0
749828,2026-08-30_09-21-33.830-240,v3.6.25,3.48,12.0,400,3448,1520,6750,1501,2012,7424,3335,1362,6734,2485,1794,7048,0,0,0,-850,432,314,1003.9,6604.3,1.326,0.697,0.180,203.484,-30.688,3.359,879.9,1,-0.6519,0.3807,0.6383,-0.1503,78.4,-45.9,0.0
749884,2026-08-30_09-21-33.885-240,v3.6.25,3.48,12.0,400,4059,1088,6470,2406,1322,7311,3952,926,6462,3387,1112,6786,0,0,0,-565,186,324,677.3,4456.2,1.762,0.353,0.227,224.875,28.688,45.844,605.9,1,-0.6542,0.3969,0.6176,-0.1818,76.8,-41.6,0.0
749927,2026-08-30_09-21-33.928-240,v3.6.25,3.48,12.0,400,4059,1088,6470,3066,906,7108,3952,926,6462,4023,700,6477,0,0,0,71,-226,15,237.4,1561.6,1.669,0.374,0.308,230.000,59.688,42.188,236.7,1,-0.6589,0.4131,0.5920,-0.2117,74.7,-37.2,0.0
749953,2026-08-30_09-21-33.956-240,v3.6.25,3.48,12.0,400,4530,914,6154,3617,763,6842,4426,752,6150,4532,557,6124,0,0,0,106,-195,-26,223.5,1470.2,1.436,0.525,0.399,219.656,65.688,43.016,225.0,1,-0.6630,0.4284,0.5654,-0.2392,72.9,-33.0,0.0
750001,2026-08-30_09-21-33.002-240,v3.6.25,3.48,12.0,400,4938,823,5870,3617,763,6842,4836,661,5869,4532,557,6124,0,0,0,-304,-104,255,410.2,2698.6,0.864,0.759,0.422,145.938,39.078,94.391,381.7,1,-0.6589,0.4478,0.5475,-0.2560,72.0,-29.5,0.0
750031,2026-08-30_09-21-33.033-240,v3.6.25,3.48,12.0,400,4938,823,5870,3981,625,6693,4836,661,5869,4874,420,5917,0,0,0,38,-241,48,248.7,1635.9,0.666,0.542,0.353,87.016,3.297,125.969,246.1,1,-0.6480,0.4684,0.5385,-0.2659,71.8,-26.7,0.0
750060,2026-08-30_09-21-33.062-240,v3.6.25,3.48,12.0,400,4948,581,5954,3981,625,6693,4848,416,5955,4874,420,5917,0,0,0,26,4,-38,46.2,304.1,0.447,-0.063,0.149,40.094,-32.031,114.391,76.2,1,-0.6346,0.4842,0.5374,-0.2722,72.4,-24.7,0.0
750091,2026-08-30_09-21-33.093-240,v3.6.25,3.48,12.0,400,4588,86,6242,3665,177,6938,4491,-81,6247,4610,-22,6211,0,0,0,119,59,-36,137.6,905.4,0.557,-0.472,-0.014,25.656,-58.469,57.594,152.9,1,-0.6240,0.4899,0.5406,-0.2801,73.6,-23.6,0.0
750136,2026-08-30_09-21-34.137-240,v3.6.25,3.48,12.0,400,4588,86,6242,3325,-485,7007,4491,-81,6247,4296,-681,6337,0,0,0,-195,-600,90,637.3,4192.6,0.904,-0.194,0.238,8.828,-93.062,-47.719,572.3,1,-0.6203,0.4785,0.5491,-0.2913,75.6,-23.7,0.0
750178,2026-08-30_09-21-34.179-240,v3.6.25,3.48,12.0,400,4488,-540,6192,3325,-485,7007,4395,-707,6204,4296,-681,6337,0,0,0,-99,26,133,167.8,1104.1,1.194,0.273,0.620,-35.969,-83.359,-90.562,178.3,1,-0.6214,0.4601,0.5606,-0.2964,77.5,-25.1,0.0
750206,2026-08-30_09-21-34.208-240,v3.6.25,3.48,12.0,400,4825,-991,5833,3667,-1089,6725,4737,-1156,5853,4603,-1283,6005,0,0,0,-134,-127,152,239.1,1573.3,1.342,0.494,0.485,-82.250,-75.062,-90.203,238.1,1,-0.6232,0.4405,0.5755,-0.2940,79.3,-27.3,0.0
750240,2026-08-30_09-21-34.242-240,v3.6.25,3.48,12.0,400,4825,-991,5833,3667,-1089,6725,4737,-1156,5853,4603,-1283,6005,0,0,0,-134,-127,152,239.1,1573.3,1.427,0.864,0.362,-141.297,-62.156,-80.984,238.1,1,-0.6254,0.4206,0.5940,-0.2815,80.9,-30.4,0.0
750268,2026-08-30_09-21-34.270-240,v3.6.25,3.48,12.0,400,5142,-1118,5569,4084,-1244,6467,5056,-1283,5592,4980,-1438,5683,0,0,0,-76,-155,91,195.1,1283.9,1.312,1.186,0.002,-218.562,-56.094,-31.469,201.2,1,-0.6234,0.4049,0.6183,-0.2550,82.7,-34.4,0.0
750295,2026-08-30_09-21-34.296-240,v3.6.25,3.48,12.0,400,5142,-1118,5569,4084,-1244,6467,5056,-1283,5592,4980,-1438,5683,0,0,0,-76,-155,91,195.1,1283.9,1.116,1.110,-0.356,-292.359,-50.391,33.438,201.2,1,-0.6157,0.3954,0.6471,-0.2141,84.8,-38.9,0.0
750326,2026-08-30_09-21-34.328-240,v3.6.25,3.48,12.0,400,5083,-887,5776,4016,-1026,6652,4995,-1054,5795,4939,-1219,5875,0,0,0,-56,-165,80,191.7,1261.4,1.128,0.826,-0.616,-353.922,-45.047,98.906,198.4,1,-0.6012,0.3918,0.6778,-0.1599,87.6,-43.6,0.0
750470,2026-08-30_09-21-34.471-240,v3.6.25,3.48,12.0,400,2754,-1073,7031,1524,-903,7604,2660,-1236,7044,2603,-1098,7226,0,0,0,-57,138,182,235.4,1548.7,0.900,-0.557,0.217,62.328,-76.828,-126.875,235.0,1,-0.6023,0.3735,0.6817,-0.1817,89.6,-43.3,0.0
750505,2026-08-30_09-21-34.507-240,v3.6.25,3.48,12.0,400,2754,-1073,7031,1772,-1407,7400,2660,-1236,7044,2828,-1600,6986,0,0,0,168,-364,-58,405.1,2665.0,0.988,0.120,-0.006,170.109,-59.266,-126.641,377.4,1,-0.6053,0.3607,0.6752,-0.2180,90.5,-41.3,0.0
750605,2026-08-30_09-21-34.606-240,v3.6.25,3.48,12.0,400,4362,-2052,5857,3513,-2394,6464,4281,-2216,5889,4434,-2584,5780,0,0,0,153,-368,-109,413.2,2718.3,1.391,0.485,-0.338,206.859,53.609,8.094,384.2,1,-0.6108,0.3736,0.6535,-0.2457,88.2,-37.9,0.0
750648,2026-08-30_09-21-34.650-240,v3.6.25,3.48,12.0,400,4626,-2291,5598,3513,-2394,6464,4548,-2454,5635,4434,-2584,5780,0,0,0,-114,-130,145,225.7,1484.6,1.438,0.272,-0.275,216.422,89.734,0.891,226.8,1,-0.6199,0.3868,0.6260,-0.2725,85.3,-34.4,0.0
750674,2026-08-30_09-21-34.677-240,v3.6.25,3.48,12.0,400,4796,-2242,5470,3720,-2440,6334,4718,-2404,5507,4620,-2631,5618,0,0,0,-98,-227,111,271.0,1783.1,1.459,0.228,-0.233,220.203,101.250,-12.359,264.9,1,-0.6302,0.3980,0.5958,-0.2992,82.6,-30.8,0.0
750723,2026-08-30_09-21-34.724-240,v3.6.25,3.48,12.0,400,5063,-2050,5295,4011,-2240,6210,4985,-2212,5331,4886,-2432,5447,0,0,0,-99,-220,116,267.7,1761.1,1.207,0.819,0.060,182.719,96.922,-3.188,262.1,1,-0.6385,0.4085,0.5684,-0.3199,80.3,-27.7,0.0
750766,2026-08-30_09-21-34.768-240,v3.6.25,3.48,12.0,400,5063,-2050,5295,4011,-2240,6210,4985,-2212,5331,4886,-2432,5447,0,0,0,-99,-220,116,267.7,1761.1,0.815,0.907,0.077,85.641,62.750,62.969,262.1,1,-0.6381,0.4235,0.5540,-0.3265,78.9,-25.5,0.0
750796,2026-08-30_09-21-34.797-240,v3.6.25,3.48,12.0,400,5167,-1914,5337,4185,-2065,6198,5088,-2077,5371,5054,-2257,5405,0,0,0,-34,-180,34,186.3,1225.7,0.607,0.434,0.051,22.953,29.859,98.578,193.8,1,-0.6318,0.4397,0.5491,-0.3254,78.3,-24.1,0.0
750827,2026-08-30_09-21-34.829-240,v3.6.25,3.48,12.0,400,4775,-1875,5705,4185,-2065,6198,4694,-2040,5736,5054,-2257,5405,0,0,0,360,-217,-331,535.0,3519.9,0.650,-0.208,-0.050,-5.203,-0.172,88.312,486.5,1,-0.6239,0.4518,0.5499,-0.3229,78.3,-23.2,0.0
750871,2026-08-30_09-21-34.873-240,v3.6.25,3.48,12.0,400,4775,-1875,5705,3702,-2070,6520,4694,-2040,5736,4625,-2260,5801,0,0,0,-69,-220,65,239.6,1576.0,0.915,-0.253,0.214,-12.312,-23.203,6.562,238.5,1,-0.6215,0.4508,0.5530,-0.3236,78.8,-23.3,0.0
750900,2026-08-30_09-21-34.901-240,v3.6.25,3.48,12.0,400,4411,-2120,5886,3330,-2306,6623,4331,-2285,5919,4276,-2495,5966,0,0,0,-55,-210,47,222.1,1461.3,1.127,-0.016,0.355,-26.047,-27.188,-36.062,223.9,1,-0.6230,0.4431,0.5574,-0.3238,79.3,-24.1,0.0
750941,2026-08-30_09-21-34.943-240,v3.6.25,3.48,12.0,400,4510,-2204,5718,3330,-2306,6623,4431,-2367,5753,4276,-2495,5966,0,0,0,-155,-128,213,292.9,1926.8,1.398,0.524,0.317,-69.516,-20.625,-60.625,283.2,1,-0.6277,0.4309,0.5651,-0.3179,79.8,-25.8,0.0
750975,2026-08-30_09-21-34.977-240,v3.6.25,3.48,12.0,400,4510,-2204,5718,3496,-2346,6496,4431,-2367,5753,4421,-2536,5814,0,0,0,-10,-169,61,179.9,1183.9,1.530,0.881,0.267,-147.328,-10.297,-32.656,188.5,1,-0.6314,0.4207,0.5788,-0.2989,80.1,-28.6,0.0
751006,2026-08-30_09-21-34.008-240,v3.6.25,3.48,12.0,400,4738,-2050,5637,3700,-2067,6528,4658,-2214,5671,4625,-2257,5810,0,0,0,-33,-43,139,149.2,981.5,1.363,0.837,-0.230,-214.016,-6.188,5.781,162.7,1,-0.6320,0.4136,0.5979,-0.2683,80.4,-32.3,0.0
751056,2026-08-30_09-21-34.058-240,v3.6.25,3.48,12.0,400,4594,-1661,5952,3700,-2067,6528,4511,-1828,5979,4625,-2257,5810,0,0,0,114,-429,-169,475.0,3124.8,0.978,0.243,-0.643,-267.578,-26.141,50.750,436.1,1,-0.6258,0.4095,0.6231,-0.2290,81.5,-36.3,0.0
751084,2026-08-30_09-21-34.086-240,v3.6.25,3.48,12.0,400,4594,-1661,5952,3260,-1654,6930,4511,-1828,5979,4243,-1843,6276,0,0,0,-268,-15,297,400.3,2633.7,0.886,-0.128,-0.423,-263.984,-43.484,60.359,373.4,1,-0.6157,0.4054,0.6482,-0.1907,83.5,-40.1,0.0
751112,2026-08-30_09-21-34.114-240,v3.6.25,3.48,12.0,400,4009,-1421,6447,3260,-1654,6930,3922,-1590,6468,4243,-1843,6276,0,0,0,321,-253,-192,451.6,2970.8,0.683,-0.246,-0.305,-225.641,-59.812,37.141,416.4,1,-0.6047,0.3983,0.6709,-0.1601,86.2,-43.1,0.0
751186,2026-08-30_09-21-35.188-240,v3.6.25,3.48,12.0,400,3363,-1574,6703,1900,-2041,7258,3275,-1740,6724,2946,-2231,6827,0,0,0,-329,-491,103,599.9,3947.0,0.940,-0.539,0.253,-87.109,-80.906,-26.531,540.9,1,-0.5966,0.3877,0.6854,-0.1548,89.0,-44.3,0.0
751231,2026-08-30_09-21-35.233-240,v3.6.25,3.48,12.0,400,3061,-2043,6685,1900,-2041,7258,2976,-2207,6711,2946,-2231,6827,0,0,0,-30,-24,116,122.2,803.9,1.232,-0.499,0.379,80.516,-54.000,-104.953,140.0,1,-0.5988,0.3745,0.6855,-0.1767,90.2,-43.5,0.0
751260,2026-08-30_09-21-35.262-240,v3.6.25,3.48,12.0,400,3407,-2473,6283,2137,-2592,6958,3326,-2635,6317,3144,-2781,6495,0,0,0,-182,-146,178,293.5,1930.7,1.309,0.208,-0.086,148.266,-22.438,-109.750,283.7,1,-0.6051,0.3645,0.6770,-0.2066,90.2,-42.0,0.0
751292,2026-08-30_09-21-35.294-240,v3.6.25,3.48,12.0,400,3407,-2473,6283,2137,-2592,6958,3326,-2635,6317,3144,-2781,6495,0,0,0,-182,-146,178,293.5,1930.7,1.257,0.508,-0.360,172.203,15.203,-71.375,283.7,1,-0.6123,0.3623,0.6621,-0.2354,89.1,-39.8,0.0
751351,2026-08-30_09-21-35.353-240,v3.6.25,3.48,12.0,400,4476,-2701,5558,3018,-2854,6483,4401,-2863,5600,3951,-3044,5883,0,0,0,-450,-181,283,561.6,3694.5,1.503,0.291,-0.200,177.078,69.422,-2.078,508.7,1,-0.6199,0.3726,0.6405,-0.2582,86.7,-37.0,0.0
751398,2026-08-30_09-21-35.399-240,v3.6.25,3.48,12.0,400,4476,-2701,5558,3474,-2861,6313,4401,-2863,5600,4379,-3051,5640,0,0,0,-22,-188,40,193.5,1272.8,1.420,0.039,-0.151,231.328,82.391,-39.984,199.8,1,-0.6306,0.3795,0.6119,-0.2896,84.3,-33.5,0.0
751426,2026-08-30_09-21-35.428-240,v3.6.25,3.48,12.0,400,4668,-2600,5407,3720,-2735,6190,4593,-2761,5449,4602,-2926,5478,0,0,0,9,-165,29,167.8,1103.8,1.272,0.667,-0.254,228.703,72.766,-31.531,178.2,1,-0.6383,0.3864,0.5837,-0.3202,82.5,-29.8,0.0
751465,2026-08-30_09-21-35.466-240,v3.6.25,3.48,12.0,400,4951,-2582,5158,3720,-2735,6190,4876,-2741,5201,4602,-2926,5478,0,0,0,-274,-185,277,431.3,2837.6,0.863,1.254,-0.131,150.516,35.109,60.547,399.4,1,-0.6344,0.4017,0.5670,-0.3385,81.8,-26.6,0.0
751503,2026-08-30_09-21-35.505-240,v3.6.25,3.48,12.0,400,4951,-2582,5158,4003,-2784,6027,4876,-2741,5201,4858,-2975,5271,0,0,0,-18,-234,70,244.9,1611.2,0.589,0.415,-0.022,60.703,-24.984,144.203,243.0,1,-0.6181,0.4226,0.5660,-0.3451,82.4,-24.1,0.0
751530,2026-08-30_09-21-35.532-240,v3.6.25,3.48,12.0,400,4633,-2904,5382,3311,-3289,6234,4560,-3065,5427,4212,-3478,5591,0,0,0,-348,-413,164,564.4,3713.3,0.505,-0.200,-0.128,36.891,-63.500,137.172,511.1,1,-0.5985,0.4389,0.5707,-0.3513,83.7,-22.0,0.0
751639,2026-08-30_09-21-35.640-240,v3.6.25,3.48,12.0,400,3244,-4316,5305,2467,-4101,6067,3178,-4463,5367,3356,-4292,5573,0,0,0,178,171,206,321.5,2115.1,1.464,0.502,-0.248,-119.125,-91.703,60.859,307.3,1,-0.5854,0.4372,0.5921,-0.3400,85.8,-23.3,0.0
751665,2026-08-30_09-21-35.666-240,v3.6.25,3.48,12.0,400,2895,-4815,5058,2045,-4812,5660,2832,-4955,5128,2880,-5007,5249,0,0,0,48,-52,121,140.2,922.2,1.470,0.150,-0.452,-176.984,-65.859,70.516,155.1,1,-0.5742,0.4357,0.6159,-0.3179,87.5,-25.5,0.0
751712,2026-08-30_09-21-35.713-240,v3.6.25,3.48,12.0,400,2895,-4815,5058,1713,-5092,5554,2832,-4955,5128,2536,-5289,5202,0,0,0,-296,-334,74,452.4,2976.2,1.512,-0.243,-0.769,-213.953,-12.703,32.344,417.1,1,-0.5720,0.4296,0.6368,-0.2877,88.5,-28.8,0.0
751756,2026-08-30_09-21-35.758-240,v3.6.25,3.48,12.0,400,2628,-4922,5120,1713,-5092,5554,2565,-5060,5190,2536,-5289,5202,0,0,0,-29,-229,12,231.1,1520.7,1.300,-0.449,-0.685,-202.594,16.031,-18.562,231.4,1,-0.5769,0.4176,0.6525,-0.2589,89.0,-32.4,0.0
751786,2026-08-30_09-21-35.787-240,v3.6.25,3.48,12.0,400,2754,-4705,5242,1725,-4902,5714,2689,-4846,5309,2571,-5098,5356,0,0,0,-118,-252,47,282.2,1856.6,1.106,-0.361,-0.516,-171.188,20.688,-60.125,274.3,1,-0.5851,0.4010,0.6642,-0.2361,89.6,-36.0,0.0
751821,2026-08-30_09-21-35.822-240,v3.6.25,3.48,12.0,400,2754,-4705,5242,1725,-4902,5714,2689,-4846,5309,2571,-5098,5356,0,0,0,-118,-252,47,282.2,1856.6,1.042,0.423,-0.519,-164.391,13.453,-58.906,274.3,1,-0.5917,0.3842,0.6755,-0.2143,90.3,-39.4,0.0
751847,2026-08-30_09-21-35.849-240,v3.6.25,3.48,12.0,400,3248,-4325,5270,2230,-4503,5858,3182,-4472,5333,3092,-4696,5410,0,0,0,-90,-224,77,253.4,1667.0,0.902,0.842,-0.462,-199.906,4.469,-3.875,250.1,1,-0.5923,0.3732,0.6898,-0.1848,91.6,-42.8,0.0
751876,2026-08-30_09-21-35.878-240,v3.6.25,3.48,12.0,400,3486,-3996,5455,2230,-4503,5858,3418,-4148,5512,3092,-4696,5410,0,0,0,-326,-548,-102,645.7,4248.3,0.921,0.908,-0.469,-238.375,1.438,47.422,579.4,1,-0.5877,0.3671,0.7059,-0.1467,93.3,-46.2,0.0
751921,2026-08-30_09-21-35.923-240,v3.6.25,3.48,12.0,400,3486,-3996,5455,2479,-4148,6078,3418,-4148,5512,3371,-4339,5582,0,0,0,-47,-191,70,208.8,1373.6,0.861,0.327,-0.457,-270.281,5.750,103.672,212.7,1,-0.5785,0.3671,0.7215,-0.1002,95.4,-49.6,0.0
751949,2026-08-30_09-21-35.950-240,v3.6.25,3.48,12.0,400,3116,-3744,5899,1956,-3860,6479,3045,-3899,5950,2910,-4049,6061,0,0,0,-135,-150,111,230.3,1515.2,0.822,-0.272,-0.249,-235.625,9.438,89.656,230.7,1,-0.5700,0.3664,0.7330,-0.0595,97.7,-52.4,0.0
751992,2026-08-30_09-21-35.994-240,v3.6.25,3.48,12.0,400,2544,-3550,6255,1956,-3860,6479,2469,-3704,6302,2910,-4049,6061,0,0,0,441,-345,-241,609.6,4010.4,0.896,-1.170,-0.035,-90.234,0.375,-8.547,549.0,1,-0.5690,0.3596,0.7381,-0.0475,99.1,-53.7,0.0
752036,2026-08-30_09-21-35.038-240,v3.6.25,3.48,12.0,400,2659,-3484,6140,1328,-3672,6720,2584,-3637,6187,2318,-3863,6402,0,0,0,-266,-226,215,409.9,2697.0,0.646,-0.588,-0.206,108.672,-18.188,-144.078,381.5,1,-0.5780,0.3442,0.7361,-0.0748,99.1,-53.1,0.0
752080,2026-08-30_09-21-35.081-240,v3.6.25,3.48,12.0,400,2659,-3484,6140,1921,-3696,6484,2584,-3637,6187,2872,-3887,6072,0,0,0,288,-250,-115,398.3,2620.6,0.513,0.248,-0.729,228.062,-31.797,-158.594,371.7,1,-0.5872,0.3327,0.7279,-0.1210,98.1,-50.7,0.0
752185,2026-08-30_09-21-36.187-240,v3.6.25,3.48,12.0,400,4294,-4123,4605,3614,-4570,4982,4230,-4269,4670,4330,-4768,4321,0,0,0,100,-499,-349,617.1,4059.8,1.533,0.366,-0.622,308.422,26.578,-75.438,555.3,1,-0.5981,0.3391,0.7057,-0.1711,94.6,-46.7,0.0
752225,2026-08-30_09-21-36.227-240,v3.6.25,3.48,12.0,400,4485,-4591,3964,3614,-4570,4982,4425,-4729,4039,4330,-4768,4321,0,0,0,-95,-39,282,300.1,1974.5,1.711,0.946,-0.590,270.969,60.562,-41.500,289.3,1,-0.6090,0.3486,0.6805,-0.2112,91.2,-43.0,0.0
752253,2026-08-30_09-21-36.254-240,v3.6.25,3.48,12.0,400,4456,-4899,3689,3743,-4974,4503,4398,-5032,3769,4387,-5176,3832,0,0,0,-11,-144,63,157.6,1036.6,1.424,0.875,-0.565,218.000,74.141,7.562,169.7,1,-0.6168,0.3626,0.6562,-0.2396,88.2,-39.5,0.0
752291,2026-08-30_09-21-36.293-240,v3.6.25,3.48,12.0,400,4456,-4899,3689,3425,-5139,4658,4398,-5032,3769,4098,-5339,4038,0,0,0,-300,-307,269,506.6,3332.7,0.918,0.968,-0.453,124.594,63.484,91.359,462.6,1,-0.6166,0.3842,0.6399,-0.2505,86.0,-36.6,0.0
752341,2026-08-30_09-21-36.343-240,v3.6.25,3.48,12.0,400,4114,-5018,3994,3425,-5139,4658,4056,-5153,4073,4098,-5339,4038,0,0,0,42,-186,-35,193.9,1275.5,0.516,-0.186,-0.465,12.656,7.109,145.172,200.2,1,-0.6060,0.4059,0.6383,-0.2462,85.5,-35.0,0.0
752401,2026-08-30_09-21-36.403-240,v3.6.25,3.48,12.0,400,2645,-5326,4647,2494,-5262,5125,2585,-5457,4725,3248,-5460,4651,0,0,0,663,-3,-74,667.1,4389.0,0.697,-0.479,-0.218,16.828,-48.469,3.000,597.3,1,-0.6008,0.4045,0.6415,-0.2528,86.6,-34.5,0.0
752451,2026-08-30_09-21-36.453-240,v3.6.25,3.48,12.0,400,2645,-5326,4647,1735,-5502,5127,2585,-5457,4725,2494,-5703,4783,0,0,0,-91,-246,58,268.6,1767.3,0.770,0.318,-0.317,-48.125,-73.891,-38.703,262.9,1,-0.5962,0.3929,0.6528,-0.2530,88.6,-35.4,0.0
752481,2026-08-30_09-21-36.482-240,v3.6.25,3.48,12.0,400,2686,-5605,4226,1936,-5792,4648,2628,-5729,4311,2620,-5997,4282,0,0,0,-8,-268,-29,269.7,1774.2,0.779,0.353,-0.507,-106.750,-80.125,-28.469,263.8,1,-0.5900,0.3797,0.6693,-0.2445,91.1,-37.2,0.0
752516,2026-08-30_09-21-36.518-240,v3.6.25,3.48,12.0,400,2954,-5839,3717,1936,-5792,4648,2899,-5957,3808,2620,-5997,4282,0,0,0,-279,-40,474,551.5,3628.1,0.731,0.088,-0.739,-154.438,-79.016,-23.172,500.3,1,-0.5833,0.3645,0.6890,-0.2283,94.0,-39.6,0.0
752554,2026-08-30_09-21-36.555-240,v3.6.25,3.48,12.0,400,2954,-5839,3717,2317,-6000,4149,2899,-5957,3808,2921,-6209,3730,0,0,0,22,-252,-78,264.7,1741.5,0.834,-0.087,-0.801,-173.188,-69.062,-41.406,259.6,1,-0.5787,0.3456,0.7084,-0.2094,97.1,-42.5,0.0
752582,2026-08-30_09-21-36.584-240,v3.6.25,3.48,12.0,400,3340,-5904,3256,2913,-5984,3771,3287,-6019,3351,3453,-6196,3260,0,0,0,166,-177,-91,259.2,1705.0,1.109,0.035,-0.682,-172.922,-55.219,-60.688,255.0,1,-0.5766,0.3241,0.7253,-0.1907,100.3,-45.5,0.0
752631,2026-08-30_09-21-36.633-240,v3.6.25,3.48,12.0,400,3954,-5724,2853,2913,-5984,3771,3901,-5838,2949,3453,-6196,3260,0,0,0,-448,-358,311,652.4,4291.9,1.516,0.509,-0.672,-192.609,-19.734,-60.125,584.9,1,-0.5782,0.3024,0.7392,-0.1667,103.1,-48.9,0.0
752691,2026-08-30_09-21-36.693-240,v3.6.25,3.48,12.0,400,4645,-5255,2774,3737,-5639,3539,4591,-5374,2865,4231,-5852,2894,0,0,0,-360,-478,29,599.1,3941.5,1.454,1.009,-0.765,-241.516,18.484,42.625,540.2,1,-0.5776,0.2940,0.7509,-0.1267,105.2,-52.5,0.0
752721,2026-08-30_09-21-36.722-240,v3.6.25,3.48,12.0,400,4996,-4656,3342,4312,-4997,3942,4938,-4788,3422,4861,-5204,3188,0,0,0,-77,-416,-234,483.5,3180.7,0.707,0.684,-0.870,-256.844,16.766,111.469,443.2,1,-0.5716,0.2945,0.7617,-0.0797,107.8,-55.5,0.0
752808,2026-08-30_09-21-36.810-240,v3.6.25,3.48,12.0,400,4773,-4269,4133,4116,-4448,4830,4711,-4412,4203,4804,-4646,4087,0,0,0,93,-234,-116,277.2,1823.9,0.052,-0.368,-0.517,2.250,-63.234,-53.609,270.1,1,-0.5660,0.2852,0.7685,-0.0881,110.1,-55.1,0.0
752853,2026-08-30_09-21-36.855-240,v3.6.25,3.48,12.0,400,4737,-4329,3977,3899,-4422,4923,4676,-4469,4049,4602,-4620,4214,0,0,0,-74,-151,165,235.6,1549.9,0.278,0.178,-0.601,139.797,-87.469,-116.672,235.2,1,-0.5618,0.2746,0.7708,-0.1217,111.3,-53.1,0.0
752925,2026-08-30_09-21-36.926-240,v3.6.25,3.48,12.0,400,5018,-4753,2972,4342,-4853,3911,4961,-4879,3056,4883,-5061,3152,0,0,0,-78,-182,96,220.1,1447.7,1.180,1.145,-0.692,248.547,-20.406,-96.609,222.1,1,-0.5652,0.2756,0.7594,-0.1672,109.0,-50.0,0.0
752983,2026-08-30_09-21-36.984-240,v3.6.25,3.48,12.0,400,4659,-5829,1541,4610,-5467,2654,4609,-5927,1647,4950,-5689,1881,0,0,0,341,238,234,477.2,3139.2,1.224,0.883,-0.649,139.000,45.062,75.188,437.9,1,-0.5669,0.2970,0.7466,-0.1815,105.6,-47.6,0.0
753025,2026-08-30_09-21-36.026-240,v3.6.25,3.48,12.0,400,4659,-5829,1541,4172,-5997,2419,4609,-5927,1647,4484,-6222,1727,0,0,0,-125,-295,80,330.2,2172.5,0.925,0.103,-0.743,146.953,66.703,69.594,314.6,1,-0.5713,0.3184,0.7306,-0.1962,101.8,-45.2,0.0
753101,2026-08-30_09-21-36.103-240,v3.6.25,3.48,12.0,400,3357,-6302,2526,3313,-6320,2899,3307,-6404,2630,3712,-6541,2342,0,0,0,405,-137,-288,515.5,3391.4,0.753,0.184,-0.879,163.328,59.703,23.547,470.1,1,-0.5772,0.3332,0.7135,-0.2161,98.8,-42.8,0.0
753131,2026-08-30_09-21-37.133-240,v3.6.25,3.48,12.0,400,3357,-6302,2526,2625,-6452,3283,3307,-6404,2630,3092,-6670,2834,0,0,0,-215,-266,204,398.2,2620.0,0.743,0.354,-0.789,119.844,44.688,49.438,371.7,1,-0.5791,0.3485,0.7006,-0.2288,96.5,-40.7,0.0
753159,2026-08-30_09-21-37.160-240,v3.6.25,3.48,12.0,400,2841,-6394,2942,2625,-6452,3283,2790,-6498,3045,3092,-6670,2834,0,0,0,302,-172,-211,406.6,2674.9,0.719,0.115,-0.695,68.062,23.562,79.969,378.7,1,-0.5762,0.3646,0.6933,-0.2333,95.2,-39.0,0.0
753187,2026-08-30_09-21-37.189-240,v3.6.25,3.48,12.0,400,2841,-6394,2942,1922,-6525,3616,2790,-6498,3045,2446,-6742,3278,0,0,0,-344,-244,233,481.8,3169.9,0.742,-0.276,-0.643,32.875,1.422,65.250,441.8,1,-0.5718,0.3754,0.6906,-0.2350,94.7,-37.8,0.0
753218,2026-08-30_09-21-37.220-240,v3.6.25,3.48,12.0,400,2278,-6444,3257,1922,-6525,3616,2225,-6547,3358,2446,-6742,3278,0,0,0,221,-195,-80,305.4,2009.2,0.826,-0.490,-0.541,15.125,-22.531,7.062,293.7,1,-0.5690,0.3759,0.6913,-0.2389,95.1,-37.4,0.0
753246,2026-08-30_09-21-37.248-240,v3.6.25,3.48,12.0,400,1979,-6543,3201,1370,-6592,3682,1926,-6642,3303,1906,-6810,3436,0,0,0,-20,-168,133,215.2,1415.8,0.800,-0.303,-0.533,8.219,-41.312,-48.062,218.1,1,-0.5682,0.3670,0.6942,-0.2460,96.1,-37.5,0.0
753291,2026-08-30_09-21-37.293-240,v3.6.25,3.48,12.0,400,1979,-6543,3201,1550,-6727,3290,1926,-6642,3303,2023,-6950,3024,0,0,0,97,-308,-279,426.7,2807.6,0.685,0.231,-0.544,-43.078,-68.531,-81.203,395.6,1,-0.5666,0.3493,0.7036,-0.2488,98.4,-38.6,0.0
753335,2026-08-30_09-21-37.336-240,v3.6.25,3.48,12.0,400,2260,-6690,2717,1550,-6727,3290,2209,-6784,2824,2023,-6950,3024,0,0,0,-186,-166,200,319.6,2102.7,0.741,0.308,-0.640,-117.828,-84.906,-54.234,305.7,1,-0.5613,0.3303,0.7199,-0.2399,101.5,-40.5,0.0
753362,2026-08-30_09-21-37.364-240,v3.6.25,3.48,12.0,400,2755,-6737,1996,2186,-6815,2632,2706,-6823,2109,2549,-7043,2274,0,0,0,-157,-220,165,316.7,2083.3,0.635,0.337,-0.756,-154.453,-86.375,-40.688,303.2,1,-0.5545,0.3108,0.7386,-0.2246,105.2,-42.8,0.0
753393,2026-08-30_09-21-37.395-240,v3.6.25,3.48,12.0,400,2755,-6737,1996,2186,-6815,2632,2706,-6823,2109,2549,-7043,2274,0,0,0,-157,-220,165,316.7,2083.3,0.764,0.200,-0.821,-187.875,-84.812,-25.266,303.2,1,-0.5466,0.2912,0.7585,-0.2030,109.3,-45.3,0.0
753421,2026-08-30_09-21-37.423-240,v3.6.25,3.48,12.0,400,3372,-6655,1398,2923,-6743,2048,3325,-6737,1514,3186,-6977,1579,0,0,0,-139,-240,65,284.9,1874.1,0.871,0.119,-0.980,-202.500,-76.641,-20.375,276.5,1,-0.5388,0.2712,0.7774,-0.1783,113.9,-47.8,0.0
753450,2026-08-30_09-21-37.451-240,v3.6.25,3.48,12.0,400,3372,-6655,1398,2923,-6743,2048,3325,-6737,1514,3186,-6977,1579,0,0,0,-139,-240,65,284.9,1874.1,0.781,-0.004,-1.121,-198.688,-66.562,-24.734,276.5,1,-0.5318,0.2507,0.7942,-0.1537,118.8,-50.1,0.0
753509,2026-08-30_09-21-37.511-240,v3.6.25,3.48,12.0,400,4642,-5960,523,3736,-6404,1677,4593,-6038,637,3929,-6641,1078,0,0,0,-664,-603,441,999.5,6575.6,0.530,-0.361,-0.871,-87.203,-55.797,-119.312,876.3,1,-0.5306,0.2243,0.8031,-0.1524,122.8,-51.6,0.0
753626,2026-08-30_09-21-37.627-240,v3.6.25,3.48,12.0,400,5400,-5312,-1166,5244,-5472,305,5348,-5365,-1046,5185,-5727,-518,0,0,0,-163,-362,528,660.6,4346.1,0.818,1.182,-0.826,17.172,9.969,-45.688,591.9,1,-0.5343,0.2187,0.8011,-0.1582,122.7,-51.9,0.0
753660,2026-08-30_09-21-37.662-240,v3.6.25,3.48,12.0,400,5400,-5312,-1166,5499,-5259,-296,5348,-5365,-1046,5333,-5524,-1148,0,0,0,-15,-159,-102,189.5,1246.7,0.786,1.035,-0.892,14.797,50.750,12.625,196.5,1,-0.5410,0.2227,0.7955,-0.1578,121.0,-52.2,0.0
753689,2026-08-30_09-21-37.690-240,v3.6.25,3.48,12.0,400,5408,-5287,-1212,5499,-5259,-296,5356,-5339,-1092,5333,-5524,-1148,0,0,0,-23,-185,-56,194.7,1280.6,0.777,0.671,-0.875,25.438,79.656,39.031,200.8,1,-0.5503,0.2323,0.7867,-0.1559,118.1,-52.5,0.0
753716,2026-08-30_09-21-37.718-240,v3.6.25,3.48,12.0,400,5327,-5440,-681,5436,-5344,-4,5276,-5502,-563,5322,-5604,-852,0,0,0,46,-102,-289,309.9,2038.8,0.829,0.225,-0.986,61.672,98.141,34.281,297.5,1,-0.5621,0.2441,0.7740,-0.1592,114.1,-52.4,0.0
753766,2026-08-30_09-21-37.768-240,v3.6.25,3.48,12.0,400,5327,-5440,-681,5146,-5609,618,5276,-5502,-563,5143,-5859,-195,0,0,0,-133,-357,368,529.7,3484.7,0.588,0.116,-1.012,143.922,109.250,8.312,482.0,1,-0.5761,0.2575,0.7555,-0.1761,109.0,-51.2,0.0
753803,2026-08-30_09-21-37.805-240,v3.6.25,3.48,12.0,400,5080,-5715,-136,5146,-5609,618,5031,-5785,-19,5143,-5859,-195,0,0,0,112,-74,-176,221.4,1456.3,0.463,0.344,-0.916,172.328,97.062,29.594,223.2,1,-0.5864,0.2753,0.7361,-0.1963,104.2,-49.0,0.0
753832,2026-08-30_09-21-37.834-240,v3.6.25,3.48,12.0,400,4590,-6105,378,4603,-6035,1133,4542,-6180,495,4697,-6278,399,0,0,0,155,-98,-96,207.0,1361.8,0.442,0.640,-0.731,163.234,75.234,70.703,211.2,1,-0.5909,0.2979,0.7187,-0.2135,100.4,-46.2,0.0
753916,2026-08-30_09-21-37.918-240,v3.6.25,3.48,12.0,400,3835,-6522,1036,3717,-6513,1650,3788,-6602,1153,3908,-6750,1055,0,0,0,120,-148,-98,214.3,1409.6,0.517,0.081,-0.435,73.641,-19.688,175.000,217.3,1,-0.5769,0.3273,0.7166,-0.2159,99.5,-43.3,0.0
753975,2026-08-30_09-21-37.977-240,v3.6.25,3.48,12.0,400,2806,-6917,1533,2486,-6949,2021,2759,-6995,1651,2748,-7184,1627,0,0,0,-11,-189,-24,190.8,1255.5,0.475,-0.310,-0.602,38.672,-82.125,129.547,197.6,1,-0.5578,0.3450,0.7223,-0.2193,100.6,-40.9,0.0
754034,2026-08-30_09-21-37.035-240,v3.6.25,3.48,12.0,400,964,-7494,946,1318,-7309,1791,915,-7540,1075,1548,-7553,1601,0,0,0,633,-13,526,823.1,5415.3,0.445,0.057,-0.777,-48.016,-115.812,110.562,728.2,1,-0.5355,0.3533,0.7371,-0.2124,103.3,-39.7,0.0
754077,2026-08-30_09-21-37.078-240,v3.6.25,3.48,12.0,400,964,-7494,946,638,-7542,999,915,-7540,1075,737,-7801,944,0,0,0,-178,-261,-131,342.0,2250.0,0.435,-0.038,-1.000,-126.469,-111.422,110.516,324.5,1,-0.5134,0.3563,0.7563,-0.1937,106.5,-39.7,0.0
754151,2026-08-30_09-21-38.152-240,v3.6.25,3.48,12.0,400,761,-7606,-541,507,-7605,97,712,-7621,-400,453,-7878,86,0,0,0,-259,-257,486,607.7,3998.2,0.673,-0.476,-1.160,-188.203,-55.453,56.172,547.5,1,-0.5019,0.3487,0.7739,-0.1662,109.7,-41.4,0.0
754186,2026-08-30_09-21-38.188-240,v3.6.25,3.48,12.0,400,761,-7606,-541,998,-7533,-494,712,-7621,-400,842,-7813,-574,0,0,0,130,-192,-174,289.9,1907.2,0.671,-0.399,-1.162,-176.047,-22.000,26.719,280.7,1,-0.4965,0.3383,0.7870,-0.1404,112.5,-43.4,0.0
754216,2026-08-30_09-21-38.217-240,v3.6.25,3.48,12.0,400,1357,-7486,-885,998,-7533,-494,1309,-7502,-743,842,-7813,-574,0,0,0,-467,-311,169,586.0,3855.1,0.497,-0.037,-1.403,-179.484,8.141,22.297,529.2,1,-0.4948,0.3275,0.7971,-0.1123,115.0,-45.7,0.0
754288,2026-08-30_09-21-38.290-240,v3.6.25,3.48,12.0,400,2101,-7303,-816,2591,-7151,-57,2054,-7329,-676,2504,-7417,-418,0,0,0,450,-88,258,526.1,3461.4,0.267,0.591,-1.164,-168.016,66.297,45.734,479.0,1,-0.4992,0.3219,0.8004,-0.0805,116.3,-48.4,0.0
754326,2026-08-30_09-21-38.327-240,v3.6.25,3.48,12.0,400,2824,-7070,-360,2591,-7151,-57,2778,-7113,-226,2504,-7417,-418,0,0,0,-274,-304,-192,452.1,2974.1,0.202,0.331,-1.066,-155.188,85.141,56.422,416.8,1,-0.5054,0.3187,0.8004,-0.0487,117.1,-51.1,0.0
754501,2026-08-30_09-21-38.502-240,v3.6.25,3.43,12.0,400,3961,-6153,2007,3534,-6255,2704,3912,-6252,2113,3899,-6478,2114,0,0,0,-13,-226,1,226.4,1489.3,0.727,0.079,-0.519,105.875,87.219,23.562,227.4,1,-0.5190,0.3307,0.7861,-0.0578,112.7,-51.0,0.0
754528,2026-08-30_09-21-38.530-240,v3.6.25,3.43,12.0,400,3839,-5969,2643,3286,-6073,3388,3788,-6078,2743,3763,-6288,2824,0,0,0,-25,-210,81,226.5,1489.9,0.769,0.009,-0.536,150.484,76.469,9.016,227.5,1,-0.5323,0.3435,0.7701,-0.0753,107.9,-50.2,0.0
754560,2026-08-30_09-21-38.562-240,v3.6.25,3.43,12.0,400,3514,-5991,3064,3286,-6073,3388,3462,-6104,3161,3763,-6288,2824,0,0,0,301,-184,-337,487.9,3209.7,0.903,0.115,-0.546,182.812,60.047,-3.062,446.9,1,-0.5442,0.3561,0.7531,-0.0992,103.4,-48.5,0.0
754605,2026-08-30_09-21-38.607-240,v3.6.25,3.43,12.0,400,3514,-5991,3064,2831,-6090,3733,3462,-6104,3161,3367,-6302,3237,0,0,0,-95,-198,76,232.4,1528.9,0.554,0.492,-0.838,171.500,33.438,-1.016,232.5,1,-0.5516,0.3673,0.7388,-0.1227,100.2,-46.5,0.0
754633,2026-08-30_09-21-38.634-240,v3.6.25,3.43,12.0,400,3146,-6082,3257,2364,-6253,3862,3093,-6195,3354,2925,-6465,3443,0,0,0,-168,-270,89,330.2,2172.5,0.256,0.891,-0.918,108.188,7.203,37.297,314.6,1,-0.5515,0.3794,0.7303,-0.1359,98.4,-44.6,0.0
754679,2026-08-30_09-21-38.681-240,v3.6.25,3.43,12.0,400,2684,-6230,3377,2364,-6253,3862,2631,-6340,3475,2925,-6465,3443,0,0,0,294,-125,-32,321.1,2112.3,0.381,0.797,-0.766,-67.625,-25.172,145.047,306.9,1,-0.5374,0.3954,0.7353,-0.1186,98.8,-44.2,0.0
754712,2026-08-30_09-21-38.714-240,v3.6.25,3.43,12.0,400,2684,-6230,3377,1730,-6401,3894,2631,-6340,3475,2299,-6615,3582,0,0,0,-332,-275,107,444.2,2922.3,0.963,0.164,-0.539,-152.609,-24.094,158.109,410.2,1,-0.5209,0.4075,0.7449,-0.0882,100.2,-44.8,0.0
754740,2026-08-30_09-21-38.741-240,v3.6.25,3.43,12.0,400,2005,-6385,3542,1730,-6401,3894,1951,-6490,3640,2299,-6615,3582,0,0,0,348,-125,-58,374.3,2462.4,1.513,-0.362,-0.526,-176.953,-0.984,122.328,351.6,1,-0.5086,0.4127,0.7536,-0.0551,101.8,-46.1,0.0
754770,2026-08-30_09-21-38.772-240,v3.6.25,3.43,12.0,400,1586,-6372,3748,1025,-6516,3966,1531,-6476,3845,1608,-6733,3772,0,0,0,77,-257,-73,278.0,1829.2,1.674,-0.390,-0.561,-171.359,26.953,66.109,270.8,1,-0.5033,0.4101,0.7602,-0.0246,103.6,-48.2,0.0
754814,2026-08-30_09-21-38.815-240,v3.6.25,3.43,12.0,400,1586,-6372,3748,872,-6352,4281,1531,-6476,3845,1504,-6566,4105,0,0,0,-27,-90,260,276.5,1818.8,0.846,0.330,-0.709,-199.391,42.797,58.859,269.5,1,-0.4991,0.4040,0.7666,0.0109,106.1,-50.7,0.0
754856,2026-08-30_09-21-38.857-240,v3.6.25,3.43,12.0,400,1678,-6135,4099,872,-6352,4281,1621,-6246,4190,1504,-6566,4105,0,0,0,-117,-320,-85,351.2,2310.3,0.208,0.266,-1.125,-228.016,19.375,94.516,332.2,1,-0.4874,0.4000,0.7745,0.0515,109.8,-52.8,0.0
754885,2026-08-30_09-21-38.887-240,v3.6.25,3.43,12.0,400,1660,-5918,4411,887,-6070,4696,1601,-6034,4498,1584,-6279,4507,0,0,0,-17,-245,9,245.8,1616.8,0.074,0.070,-1.203,-210.688,-8.812,82.734,243.7,1,-0.4725,0.3951,0.7830,0.0866,114.2,-53.9,0.0
754918,2026-08-30_09-21-38.920-240,v3.6.25,3.43,12.0,400,1660,-5918,4411,700,-6033,4717,1601,-6034,4498,1399,-6243,4559,0,0,0,-202,-209,61,297.0,1953.9,0.267,-0.108,-0.920,-161.078,-42.109,44.078,286.7,1,-0.4573,0.3887,0.7923,0.1093,118.4,-54.1,0.0
754971,2026-08-30_09-21-38.972-240,v3.6.25,3.43,12.0,400,1524,-5950,4390,700,-6033,4717,1465,-6064,4477,1399,-6243,4559,0,0,0,-66,-179,82,207.7,1366.2,0.748,-0.416,-0.458,-42.500,-66.531,-19.938,211.7,1,-0.4477,0.3838,0.8003,0.1085,120.5,-53.1,0.0
754997,2026-08-30_09-21-38.999-240,v3.6.25,3.43,12.0,400,1531,-6192,4016,750,-6290,4328,1474,-6300,4109,1389,-6504,4171,0,0,0,-85,-204,62,229.5,1510.1,1.127,-0.517,-0.424,45.719,-55.688,-75.969,230.1,1,-0.4466,0.3781,0.8058,0.0917,120.9,-52.1,0.0
755032,2026-08-30_09-21-38.033-240,v3.6.25,3.43,12.0,400,1776,-6411,3523,750,-6290,4328,1722,-6513,3622,1389,-6504,4171,0,0,0,-333,9,549,642.2,4224.7,0.975,0.294,-0.681,139.656,-17.734,-117.672,576.4,1,-0.4568,0.3733,0.8051,0.0612,119.1,-51.4,0.0
755080,2026-08-30_09-21-38.082-240,v3.6.25,3.43,12.0,400,1776,-6411,3523,1112,-6549,3864,1722,-6513,3622,1678,-6767,3658,0,0,0,-44,-254,36,260.3,1712.4,1.018,0.733,-0.849,137.609,39.984,-62.266,255.9,1,-0.4717,0.3751,0.7970,0.0394,116.0,-51.4,0.0
755108,2026-08-30_09-21-38.110-240,v3.6.25,3.43,12.0,400,2012,-6438,3423,1379,-6534,3822,1959,-6541,3523,1938,-6751,3571,0,0,0,-21,-210,48,216.4,1423.9,0.985,0.226,-0.815,137.750,69.734,-47.969,219.1,1,-0.4898,0.3784,0.7852,0.0205,112.2,-51.7,0.0
755146,2026-08-30_09-21-39.148-240,v3.6.25,3.43,12.0,400,2050,-6254,3726,1379,-6534,3822,1995,-6363,3821,1938,-6751,3571,0,0,0,-57,-388,-250,465.1,3059.7,1.018,-0.128,-0.734,173.500,96.141,-83.859,427.8,1,-0.5142,0.3788,0.7695,-0.0046,107.4,-52.0,0.0
755185,2026-08-30_09-21-39.187-240,v3.6.25,3.43,12.0,400,2050,-6254,3726,1379,-6283,4259,1995,-6363,3821,2007,-6494,3997,0,0,0,12,-131,176,219.7,1445.6,0.909,-0.145,-0.652,197.812,108.406,-116.625,221.9,1,-0.5420,0.3755,0.7510,-0.0348,102.2,-52.0,0.0
755216,2026-08-30_09-21-39.217-240,v3.6.25,3.43,12.0,400,2338,-5892,4123,1716,-5845,4734,2281,-6011,4212,2416,-6050,4403,0,0,0,135,-39,191,237.1,1560.0,0.768,0.166,-0.675,196.125,104.453,-121.156,236.5,1,-0.5684,0.3705,0.7317,-0.0652,97.3,-51.6,0.0
755266,2026-08-30_09-21-39.268-240,v3.6.25,3.43,12.0,400,2817,-5488,4403,1716,-5845,4734,2759,-5617,4485,2416,-6050,4403,0,0,0,-343,-433,-82,558.4,3674.0,0.511,0.727,-0.643,111.062,65.938,-22.094,506.1,1,-0.5808,0.3742,0.7186,-0.0790,94.1,-50.9,0.0
755296,2026-08-30_09-21-39.297-240,v3.6.25,3.43,12.0,400,2970,-5226,4606,2130,-5440,5049,2910,-5360,4684,2875,-5640,4639,0,0,0,-35,-280,-45,285.7,1879.9,0.490,0.239,-0.605,50.516,25.656,35.984,277.3,1,-0.5832,0.3824,0.7119,-0.0831,92.4,-50.1,0.0
755338,2026-08-30_09-21-39.339-240,v3.6.25,3.43,12.0,400,2970,-5226,4606,1913,-5361,5211,2910,-5360,4684,2684,-5560,4834,0,0,0,-226,-200,150,337.0,2217.2,0.537,-0.614,-0.485,47.812,-22.594,10.312,320.3,1,-0.5813,0.3859,0.7104,-0.0921,92.3,-49.0,0.0
755382,2026-08-30_09-21-39.384-240,v3.6.25,3.43,12.0,400,2687,-5277,4683,1913,-5361,5211,2627,-5409,4761,2684,-5560,4834,0,0,0,57,-151,73,177.1,1165.4,0.740,0.065,-0.454,39.359,-50.953,-34.297,186.1,1,-0.5786,0.3817,0.7133,-0.1038,93.4,-48.3,0.0
755409,2026-08-30_09-21-39.411-240,v3.6.25,3.43,12.0,400,2691,-5517,4375,1809,-5592,4966,2632,-5644,4457,2543,-5794,4613,0,0,0,-89,-150,156,234.0,1539.5,1.018,0.678,-0.364,-16.188,-56.516,-10.656,233.8,1,-0.5724,0.3779,0.7200,-0.1061,95.1,-48.1,0.0
755448,2026-08-30_09-21-39.450-240,v3.6.25,3.43,12.0,400,2691,-5517,4375,1888,-5878,4625,2632,-5644,4457,2570,-6083,4267,0,0,0,-62,-439,-190,482.4,3173.4,1.394,1.114,-0.531,-152.828,-43.203,86.906,442.3,1,-0.5587,0.3806,0.7324,-0.0812,97.6,-49.2,0.0
755496,2026-08-30_09-21-39.498-240,v3.6.25,3.43,12.0,400,2674,-5732,4114,1888,-5878,4625,2617,-5854,4201,2570,-6083,4267,0,0,0,-47,-229,66,242.9,1598.1,1.404,0.433,-1.074,-295.344,5.578,181.328,241.3,1,-0.5411,0.3882,0.7456,-0.0260,100.6,-51.9,0.0
755525,2026-08-30_09-21-39.526-240,v3.6.25,3.43,12.0,400,2221,-5754,4433,1422,-5874,4814,2163,-5877,4518,2136,-6079,4531,0,0,0,-27,-202,13,204.2,1343.5,1.313,-0.152,-1.246,-310.734,36.344,175.422,208.8,1,-0.5254,0.3926,0.7541,0.0332,104.1,-54.9,0.0
755557,2026-08-30_09-21-39.559-240,v3.6.25,3.43,12.0,400,1645,-5487,4989,1422,-5874,4814,1583,-5612,5067,2136,-6079,4531,0,0,0,553,-467,-536,900.7,5925.4,1.121,-0.463,-1.225,-272.391,59.859,130.984,793.3,1,-0.5153,0.3918,0.7574,0.0852,107.8,-57.9,0.0
755606,2026-08-30_09-21-39.608-240,v3.6.25,3.43,12.0,400,1645,-5487,4989,695,-5596,5323,1583,-5612,5067,1488,-5800,5150,0,0,0,-95,-188,83,226.4,1489.5,0.667,-0.178,-0.881,-191.375,51.219,65.453,227.5,1,-0.5101,0.3865,0.7589,0.1203,111.3,-60.1,0.0
755636,2026-08-30_09-21-39.637-240,v3.6.25,3.43,12.0,400,1286,-5130,5444,287,-5197,5738,1220,-5258,5514,1142,-5399,5624,0,0,0,-78,-141,110,195.1,1283.6,0.445,0.097,-0.663,-164.328,28.188,62.328,201.2,1,-0.5028,0.3826,0.7605,0.1499,115.1,-61.6,0.0
755677,2026-08-30_09-21-39.679-240,v3.6.25,3.43,12.0,400,1048,-4928,5645,287,-5197,5738,979,-5057,5712,1142,-5399,5624,0,0,0,163,-342,-88,388.9,2558.8,0.351,-0.296,-0.427,-120.062,-6.203,51.391,363.9,1,-0.4937,0.3813,0.7630,0.1694,118.1,-62.0,0.0
755710,2026-08-30_09-21-39.711-240,v3.6.25,3.43,12.0,400,1048,-4928,5645,-58,-5058,5838,979,-5057,5712,810,-5262,5779,0,0,0,-169,-205,67,274.0,1802.6,0.476,-0.652,-0.250,-36.531,-29.844,-14.609,267.4,1,-0.4890,0.3776,0.7676,0.1707,119.8,-61.6,0.0
755737,2026-08-30_09-21-39.739-240,v3.6.25,3.43,12.0,400,803,-4998,5611,-122,-5213,5683,734,-5123,5679,723,-5419,5639,0,0,0,-11,-296,-40,298.9,1966.4,0.643,-0.797,-0.250,62.375,-37.219,-89.234,288.3,1,-0.4921,0.3707,0.7728,0.1521,119.6,-60.9,0.0
755791,2026-08-30_09-21-39.793-240,v3.6.25,3.43,12.0,400,1169,-5193,5316,-122,-5213,5683,1103,-5318,5388,723,-5419,5639,0,0,0,-380,-101,251,466.5,3068.9,1.023,0.640,-0.479,190.938,-4.219,-153.453,428.9,1,-0.5088,0.3626,0.7725,0.1130,116.2,-60.2,0.0
755819,2026-08-30_09-21-39.821-240,v3.6.25,3.43,12.0,400,1951,-5258,5033,674,-5410,5452,1888,-5387,5108,1485,-5613,5279,0,0,0,-403,-226,171,492.7,3241.3,1.239,1.122,-0.680,164.469,30.516,-87.875,450.9,1,-0.5251,0.3607,0.7661,0.0846,112.1,-60.0,0.0
755867,2026-08-30_09-21-39.869-240,v3.6.25,3.43,12.0,400,1951,-5258,5033,1247,-5317,5498,1888,-5387,5108,2065,-5516,5227,0,0,0,177,-129,119,249.3,1639.9,1.383,0.387,-0.522,123.109,83.656,5.266,246.6,1,-0.5420,0.3686,0.7518,0.0719,106.5,-60.2,0.0
755906,2026-08-30_09-21-39.908-240,v3.6.25,3.43,12.0,400,2179,-5026,5242,1247,-5317,5498,2115,-5161,5313,2065,-5516,5227,0,0,0,-50,-355,-86,368.7,2425.5,1.456,-0.328,-0.480,162.109,110.281,-5.781,346.9,1,-0.5641,0.3767,0.7328,0.0541,99.2,-60.2,0.0
755936,2026-08-30_09-21-39.938-240,v3.6.25,3.43,12.0,400,2149,-4509,5726,1137,-4819,6005,2081,-4651,5787,2030,-5014,5739,0,0,0,-51,-363,-48,369.7,2432.2,1.046,-0.836,-0.393,222.312,112.422,-63.297,347.7,1,-0.5910,0.3794,0.7115,0.0236,91.5,-59.2,0.0
755976,2026-08-30_09-21-39.978-240,v3.6.25,3.43,12.0,400,2149,-4509,5726,1467,-4139,6393,2081,-4651,5787,2411,-4331,6061,0,0,0,330,320,274,535.1,3520.7,0.505,0.147,-0.643,288.219,89.578,-118.656,486.6,1,-0.6188,0.3760,0.6894,-0.0210,84.9,-56.9,0.0
756026,2026-08-30_09-21-39.028-240,v3.6.25,3.43,12.0,400,2639,-3916,5888,1467,-4139,6393,2568,-4066,5941,2411,-4331,6061,0,0,0,-157,-265,120,330.6,2174.8,0.485,1.046,-0.509,153.906,22.938,58.453,314.9,1,-0.6227,0.3922,0.6759,-0.0404,81.8,-54.1,0.0
756056,2026-08-30_09-21-39.058-240,v3.6.25,3.43,12.0,400,3082,-3706,5920,2024,-3859,6399,3010,-3861,5971,2964,-4049,5972,0,0,0,-46,-188,1,193.5,1273.3,0.531,0.184,-0.419,76.938,-31.812,124.734,199.9,1,-0.6136,0.4141,0.6706,-0.0487,81.1,-51.5,0.0
756085,2026-08-30_09-21-39.087-240,v3.6.25,3.43,12.0,400,2443,-4005,5995,2024,-3859,6399,2372,-4154,6049,2964,-4049,5972,0,0,0,592,105,-77,606.2,3987.8,0.627,-0.286,-0.403,55.203,-68.281,94.391,546.2,1,-0.6014,0.4299,0.6709,-0.0581,81.8,-49.2,0.0
756127,2026-08-30_09-21-40.129-240,v3.6.25,3.43,12.0,400,2443,-4005,5995,1286,-4224,6372,2372,-4154,6049,2228,-4417,6071,0,0,0,-144,-263,22,300.6,1977.9,1.179,0.311,-0.244,9.750,-84.578,17.359,289.8,1,-0.5910,0.4317,0.6782,-0.0655,83.9,-48.2,0.0
756157,2026-08-30_09-21-40.159-240,v3.6.25,3.43,12.0,400,1897,-4581,5718,802,-4836,5953,1828,-4720,5780,1686,-5034,5745,0,0,0,-142,-314,-35,346.4,2278.9,1.681,0.586,-0.192,-69.266,-65.109,26.156,328.2,1,-0.5800,0.4310,0.6887,-0.0592,86.2,-48.4,0.0
756201,2026-08-30_09-21-40.203-240,v3.6.25,3.43,12.0,400,1718,-4961,5444,802,-4836,5953,1652,-5094,5513,1686,-5034,5745,0,0,0,34,60,232,242.0,1592.3,1.583,0.143,-0.481,-180.406,-9.484,52.984,240.6,1,-0.5702,0.4286,0.7002,-0.0309,88.4,-50.5,0.0
756234,2026-08-30_09-21-40.236-240,v3.6.25,3.43,12.0,400,1718,-4961,5444,656,-5153,5735,1652,-5094,5513,1510,-5353,5558,0,0,0,-142,-259,45,298.8,1965.7,1.391,-0.379,-0.805,-218.016,37.047,46.938,288.2,1,-0.5647,0.4228,0.7088,0.0062,90.5,-53.7,0.0
756265,2026-08-30_09-21-40.267-240,v3.6.25,3.43,12.0,400,1532,-4909,5569,656,-5153,5735,1465,-5042,5636,1510,-5353,5558,0,0,0,45,-311,-78,323.8,2130.1,1.406,-0.426,-0.936,-215.797,66.953,24.859,309.2,1,-0.5635,0.4132,0.7140,0.0438,92.5,-57.2,0.0
756316,2026-08-30_09-21-40.318-240,v3.6.25,3.43,12.0,400,1519,-4494,5931,491,-4930,5960,1448,-4633,5991,1378,-5129,5805,0,0,0,-70,-496,-186,534.3,3515.4,1.082,-0.216,-0.696,-187.797,80.641,-5.688,485.9,1,-0.5663,0.4001,0.7165,0.0765,94.5,-60.8,0.0
756346,2026-08-30_09-21-40.348-240,v3.6.25,3.43,12.0,400,1653,-3926,6302,511,-4329,6451,1578,-4071,6353,1468,-4525,6280,0,0,0,-110,-454,-73,472.8,3110.6,0.865,0.396,-0.373,-184.422,59.297,6.344,434.2,1,-0.5651,0.3888,0.7196,0.1080,97.7,-63.8,0.0
756396,2026-08-30_09-21-40.398-240,v3.6.25,3.43,12.0,400,1653,-3926,6302,464,-3819,6747,1578,-4071,6353,1460,-4014,6576,0,0,0,-118,57,223,258.7,1701.7,0.587,-0.312,-0.216,-192.531,5.484,53.969,254.5,1,-0.5538,0.3849,0.7250,0.1394,102.6,-65.6,0.0
756444,2026-08-30_09-21-40.447-240,v3.6.25,3.43,12.0,400,1460,-3632,6517,72,-3847,6718,1382,-3778,6563,1063,-4044,6614,0,0,0,-319,-266,51,418.5,2753.1,0.424,0.068,-0.528,-107.531,-51.094,-21.078,388.6,1,-0.5431,0.3759,0.7357,0.1501,108.1,-65.8,0.0
756488,2026-08-30_09-21-40.490-240,v3.6.25,3.43,12.0,400,1219,-3779,6450,72,-3847,6718,1142,-3921,6498,1063,-4044,6614,0,0,0,-79,-123,116,186.6,1227.7,0.626,0.426,-0.441,-92.219,-77.141,-9.266,194.1,1,-0.5289,0.3702,0.7472,0.1577,113.3,-65.1,0.0
756516,2026-08-30_09-21-40.518-240,v3.6.25,3.43,12.0,400,1290,-4233,6130,186,-4309,6398,1217,-4372,6185,1133,-4508,6283,0,0,0,-84,-136,98,187.5,1233.5,0.941,0.125,-0.245,-70.094,-71.250,-5.828,194.8,1,-0.5165,0.3664,0.7567,0.1625,117.1,-64.3,0.0
756550,2026-08-30_09-21-40.552-240,v3.6.25,3.43,12.0,400,1290,-4233,6130,186,-4309,6398,1217,-4372,6185,1133,-4508,6283,0,0,0,-84,-136,98,187.5,1233.5,1.336,-0.188,-0.018,-13.766,-36.047,-16.203,194.8,1,-0.5123,0.3640,0.7611,0.1605,118.3,-63.7,0.0
756581,2026-08-30_09-21-40.583-240,v3.6.25,3.43,12.0,400,1287,-4644,5881,301,-4770,6031,1217,-4779,5943,1196,-4970,5906,0,0,0,-21,-191,-37,195.7,1287.4,1.520,-0.059,0.044,36.281,-2.359,-18.141,201.7,1,-0.5155,0.3640,0.7604,0.1534,117.2,-63.6,0.0
756610,2026-08-30_09-21-40.611-240,v3.6.25,3.43,12.0,400,1386,-4684,5787,301,-4770,6031,1317,-4819,5850,1196,-4970,5906,0,0,0,-121,-151,56,201.4,1325.3,1.335,0.241,-0.456,65.953,40.906,-7.250,206.5,1,-0.5255,0.3662,0.7540,0.1456,114.2,-64.0,0.0
756657,2026-08-30_09-21-40.659-240,v3.6.25,3.43,12.0,400,1386,-4684,5787,381,-4824,6060,1317,-4819,5850,1282,-5023,5921,0,0,0,-35,-204,71,218.8,1439.6,1.254,-0.330,-0.532,126.438,91.719,-29.797,221.1,1,-0.5462,0.3679,0.7411,0.1305,108.2,-64.9,0.0
756685,2026-08-30_09-21-40.687-240,v3.6.25,3.43,12.0,400,1444,-4317,6116,396,-4355,6428,1372,-4458,6172,1350,-4551,6277,0,0,0,-22,-93,105,142.0,934.1,1.373,-0.441,-0.547,185.406,111.172,-85.609,156.6,1,-0.5743,0.3642,0.7257,0.1041,100.4,-65.4,0.0
756723,2026-08-30_09-21-40.725-240,v3.6.25,3.43,12.0,400,1983,-3613,6367,396,-4355,6428,1907,-3763,6414,1350,-4551,6277,0,0,0,-557,-788,-137,974.7,6412.2,1.204,-0.207,-0.676,249.891,124.859,-145.359,855.4,1,-0.6085,0.3542,0.7071,0.0652,91.2,-65.1,0.0
756862,2026-08-30_09-21-40.863-240,v3.6.25,3.43,12.0,400,4076,-2481,5911,3142,-2669,6567,3998,-2644,5948,4086,-2858,5944,0,0,0,88,-214,-4,231.4,1522.5,0.716,0.508,-0.292,153.922,1.016,67.094,231.7,1,-0.6119,0.3723,0.6964,0.0448,86.8,-62.3,0.0
756901,2026-08-30_09-21-40.903-240,v3.6.25,3.43,12.0,400,4144,-2647,5841,3142,-2669,6567,4067,-2810,5880,4086,-2858,5944,0,0,0,19,-48,64,82.2,541.0,0.736,0.343,-0.260,92.078,-42.875,74.328,106.5,1,-0.6068,0.3883,0.6928,0.0314,85.6,-59.9,0.0
756930,2026-08-30_09-21-40.932-240,v3.6.25,3.43,12.0,400,3755,-3158,5837,2829,-3130,6518,3681,-3318,5882,3774,-3318,5950,0,0,0,93,0,68,115.2,758.0,0.938,0.655,-0.114,30.953,-59.266,69.875,134.1,1,-0.5974,0.4005,0.6943,0.0259,86.2,-58.2,0.0
756975,2026-08-30_09-21-40.979-240,v3.6.25,3.43,12.0,400,3755,-3158,5837,2296,-3706,6424,3681,-3318,5882,3237,-3895,5950,0,0,0,-444,-577,68,731.2,4810.7,1.361,0.988,-0.080,-120.922,-52.703,115.344,651.1,1,-0.5798,0.4114,0.7018,0.0461,88.8,-58.4,0.0
757016,2026-08-30_09-21-40.018-240,v3.6.25,3.43,12.0,400,3231,-3628,5852,2296,-3706,6424,3159,-3783,5902,3237,-3895,5950,0,0,0,78,-112,48,144.7,951.8,1.464,0.383,-0.400,-253.531,-9.047,160.547,158.9,1,-0.5583,0.4204,0.7093,0.0916,92.7,-60.4,0.0
757076,2026-08-30_09-21-40.077-240,v3.6.25,3.43,12.0,400,2338,-3785,6212,1360,-3950,6567,2264,-3937,6262,2330,-4141,6248,0,0,0,66,-204,-14,214.9,1413.6,1.475,-0.327,-0.702,-300.203,65.250,157.219,217.8,1,-0.5423,0.4238,0.7101,0.1487,96.8,-63.7,0.0
757189,2026-08-30_09-21-41.190-240,v3.6.25,3.43,12.0,400,-413,-2813,7106,-1118,-3120,6998,-503,-2944,7138,-96,-3325,7087,0,0,0,407,-381,-51,559.8,3683.1,0.451,-0.583,-0.374,-158.344,32.797,-2.766,507.3,1,-0.5377,0.4129,0.7145,0.1728,101.3,-65.7,0.0
757232,2026-08-30_09-21-41.234-240,v3.6.25,3.43,12.0,400,-413,-2813,7106,-1643,-2871,7001,-503,-2944,7138,-626,-3081,7178,0,0,0,-123,-137,40,188.4,1239.5,0.466,-0.268,-0.331,-76.312,-14.281,-78.609,195.6,1,-0.5357,0.3972,0.7238,0.1772,106.0,-66.4,0.0
757260,2026-08-30_09-21-41.261-240,v3.6.25,3.43,12.0,400,-361,-2875,7037,-1397,-3079,6983,-450,-3006,7070,-378,-3286,7120,0,0,0,72,-280,50,293.4,1930.3,0.670,-0.056,-0.126,-35.891,-33.859,-96.375,283.7,1,-0.5342,0.3819,0.7340,0.1735,110.1,-66.4,0.0
757311,2026-08-30_09-21-41.313-240,v3.6.25,3.43,12.0,400,191,-3172,6885,-1397,-3079,6983,105,-3308,6923,-378,-3286,7120,0,0,0,-483,22,197,522.1,3434.8,1.138,-0.040,0.166,36.609,-26.125,-83.047,475.6,1,-0.5372,0.3729,0.7393,0.1606,110.9,-66.1,0.0
757340,2026-08-30_09-21-41.341-240,v3.6.25,3.43,12.0,400,191,-3172,6885,-704,-3440,6912,105,-3308,6923,310,-3642,6934,0,0,0,205,-334,11,392.0,2579.3,1.329,0.269,0.025,65.812,1.938,-51.875,366.5,1,-0.5440,0.3693,0.7389,0.1473,109.4,-65.9,0.0
757367,2026-08-30_09-21-41.369-240,v3.6.25,3.43,12.0,400,782,-3358,6762,-704,-3440,6912,700,-3499,6803,310,-3642,6934,0,0,0,-390,-143,131,435.6,2865.5,1.185,0.342,-0.160,72.500,34.141,-10.812,403.0,1,-0.5534,0.3713,0.7327,0.1378,105.9,-66.0,0.0
757394,2026-08-30_09-21-41.396-240,v3.6.25,3.43,12.0,400,782,-3358,6762,-209,-3443,6957,700,-3499,6803,814,-3641,6894,0,0,0,114,-142,91,203.6,1339.3,1.236,0.163,-0.147,79.609,60.219,8.859,208.3,1,-0.5655,0.3759,0.7225,0.1301,101.1,-66.2,0.0
757428,2026-08-30_09-21-41.430-240,v3.6.25,3.43,12.0,400,1001,-3133,6863,-209,-3443,6957,918,-3278,6900,814,-3641,6894,0,0,0,-104,-363,-6,377.7,2484.6,1.293,-0.083,-0.302,112.719,91.922,-12.156,354.4,1,-0.5841,0.3784,0.7083,0.1181,94.5,-66.5,0.0
757456,2026-08-30_09-21-41.457-240,v3.6.25,3.43,12.0,400,1148,-2556,7106,-155,-2961,7204,1061,-2706,7135,899,-3158,7125,0,0,0,-162,-452,-10,480.3,3159.6,1.448,-0.279,-0.282,146.781,112.781,-50.875,440.5,1,-0.6083,0.3763,0.6916,0.1000,86.7,-66.4,0.0
757660,2026-08-30_09-21-41.661-240,v3.6.25,3.43,12.0,400,4540,-122,6207,3051,-254,7115,4444,-288,6214,4035,-451,6489,0,0,0,-409,-163,275,519.1,3415.2,0.610,0.201,0.123,130.750,-7.406,26.266,473.1,1,-0.6128,0.3869,0.6843,0.0804,83.3,-64.3,0.0
757707,2026-08-30_09-21-41.708-240,v3.6.25,3.43,12.0,400,4540,-122,6207,3450,-290,6966,4444,-288,6214,4409,-487,6276,0,0,0,-35,-199,62,211.4,1390.5,0.606,0.211,-0.304,93.750,-56.359,38.734,214.8,1,-0.6089,0.3979,0.6833,0.0637,82.9,-62.0,0.0
757735,2026-08-30_09-21-41.737-240,v3.6.25,3.43,12.0,400,4649,-608,6094,3546,-897,6871,4558,-775,6108,4503,-1091,6168,0,0,0,-55,-316,60,326.3,2146.8,0.779,0.344,-0.341,55.156,-71.562,42.719,311.3,1,-0.6010,0.4075,0.6856,0.0521,83.7,-60.1,0.0
757777,2026-08-30_09-21-41.779-240,v3.6.25,3.43,12.0,400,4544,-1275,6065,3546,-897,6871,4458,-1442,6087,4503,-1091,6168,0,0,0,45,351,81,363.0,2388.3,1.330,1.060,0.128,-56.406,-60.594,63.359,342.1,1,-0.5881,0.4145,0.6920,0.0590,86.0,-59.6,0.0
757811,2026-08-30_09-21-41.813-240,v3.6.25,3.43,12.0,400,4544,-1275,6065,3334,-1616,6869,4458,-1442,6087,4306,-1806,6203,0,0,0,-152,-364,116,411.2,2705.0,1.850,1.163,0.322,-176.844,-22.125,115.953,382.5,1,-0.5709,0.4221,0.6985,0.0895,89.0,-60.8,0.0
757841,2026-08-30_09-21-41.842-240,v3.6.25,3.43,12.0,400,4051,-1631,6370,3334,-1616,6869,3966,-1799,6394,4306,-1806,6203,0,0,0,340,-7,-191,390.0,2566.0,1.826,0.496,0.024,-263.125,28.906,147.922,364.8,1,-0.5527,0.4281,0.7016,0.1380,92.9,-63.3,0.0
758018,2026-08-30_09-21-41.019-240,v3.6.25,3.43,12.0,400,1372,275,7591,122,506,7789,1262,122,7584,1200,295,7641,0,0,0,-62,173,57,192.4,1265.9,0.538,0.409,0.045,-145.594,10.531,-27.312,198.9,1,-0.5473,0.4151,0.7094,0.1579,97.7,-65.2,0.0
758069,2026-08-30_09-21-41.071-240,v3.6.25,3.43,12.0,400,1325,621,7605,122,506,7789,1212,469,7594,1200,295,7641,0,0,0,-12,-174,47,180.6,1188.4,0.522,0.327,-0.046,-114.391,-49.281,-21.078,189.0,1,-0.5358,0.4063,0.7205,0.1693,103.3,-65.5,0.0
758098,2026-08-30_09-21-41.100-240,v3.6.25,3.43,12.0,400,1070,394,7644,-190,344,7828,958,244,7635,897,133,7732,0,0,0,-61,-111,97,159.5,1049.6,0.677,0.125,0.253,-97.969,-59.125,-8.406,171.3,1,-0.5233,0.4007,0.7307,0.1781,108.2,-65.2,0.0
758124,2026-08-30_09-21-42.126-240,v3.6.25,3.43,12.0,400,1070,394,7644,-190,344,7828,958,244,7635,897,133,7732,0,0,0,-61,-111,97,159.5,1049.6,0.995,-0.323,0.510,-52.250,-51.984,-17.250,171.3,1,-0.5149,0.3965,0.7384,0.1802,111.2,-64.6,0.0
758152,2026-08-30_09-21-42.154-240,v3.6.25,3.43,12.0,400,830,-93,7632,-336,-210,7810,722,-240,7629,760,-417,7741,0,0,0,38,-177,112,212.9,1400.5,1.408,-0.284,0.721,11.453,-25.656,-32.750,216.1,1,-0.5143,0.3934,0.7419,0.1741,111.7,-64.2,0.0
758185,2026-08-30_09-21-42.187-240,v3.6.25,3.43,12.0,400,1034,-313,7629,-336,-210,7810,928,-464,7628,760,-417,7741,0,0,0,-168,47,113,207.9,1367.4,1.659,-0.084,0.552,64.219,14.438,-24.547,211.9,1,-0.5218,0.3938,0.7388,0.1637,109.5,-64.2,0.0
758233,2026-08-30_09-21-42.235-240,v3.6.25,3.43,12.0,400,1034,-313,7629,-215,-418,7792,928,-464,7628,883,-624,7703,0,0,0,-45,-160,75,182.3,1199.6,1.316,0.202,0.139,101.859,75.719,-12.656,190.5,1,-0.5387,0.3964,0.7275,0.1529,104.3,-64.8,0.0
758260,2026-08-30_09-21-42.261-240,v3.6.25,3.43,12.0,400,1379,54,7579,184,81,7803,1271,-99,7575,1273,-125,7645,0,0,0,2,-26,70,74.7,491.4,1.301,0.261,0.105,113.000,102.656,-13.203,100.1,1,-0.5593,0.3986,0.7127,0.1423,97.9,-65.6,0.0
758301,2026-08-30_09-21-42.302-240,v3.6.25,3.43,12.0,400,1790,825,7465,184,81,7803,1677,671,7452,1273,-125,7645,0,0,0,-404,-796,193,913.3,6008.4,1.511,0.114,0.475,125.484,134.328,-7.641,803.9,1,-0.5838,0.4013,0.6933,0.1322,89.5,-66.3,0.0
758420,2026-08-30_09-21-42.422-240,v3.6.25,3.43,12.0,400,2856,2475,6788,1348,2139,7387,2733,2327,6761,2322,1918,7037,0,0,0,-411,-409,276,642.2,4224.8,0.539,0.217,0.145,145.875,-10.547,61.938,576.4,1,-0.5879,0.4184,0.6831,0.1125,84.6,-63.8,0.0
758448,2026-08-30_09-21-42.450-240,v3.6.25,3.43,12.0,400,3263,2302,6691,1988,2431,7194,3143,2150,6667,2924,2209,6740,0,0,0,-219,59,73,238.3,1567.5,0.589,-0.067,0.210,143.062,-58.719,69.609,237.4,1,-0.5852,0.4371,0.6770,0.0899,82.1,-60.6,0.0
758494,2026-08-30_09-21-42.497-240,v3.6.25,3.43,12.0,400,3263,2302,6691,2335,1697,7288,3143,2150,6667,3304,1484,6774,0,0,0,161,-666,107,693.5,4562.4,0.990,-0.149,0.436,154.406,-93.844,11.344,619.5,1,-0.5818,0.4480,0.6762,0.0599,81.7,-57.2,0.0
758538,2026-08-30_09-21-42.540-240,v3.6.25,3.43,12.0,400,3608,1520,6701,2335,1697,7288,3496,1361,6686,3304,1484,6774,0,0,0,-192,123,88,244.4,1608.0,1.390,0.454,0.589,113.453,-77.469,-8.266,242.6,1,-0.5790,0.4532,0.6768,0.0362,81.9,-54.7,0.0
758599,2026-08-30_09-21-42.601-240,v3.6.25,3.43,12.0,400,4065,688,6530,2851,698,7241,3961,523,6526,3835,494,6643,0,0,0,-126,-29,117,174.4,1147.2,1.401,0.845,0.204,-36.734,-21.250,18.781,183.8,1,-0.5741,0.4541,0.6801,0.0404,82.9,-54.9,0.0
758651,2026-08-30_09-21-42.652-240,v3.6.25,3.43,12.0,400,4214,260,6475,3096,148,7175,4114,93,6476,4081,-51,6539,0,0,0,-33,-144,63,160.6,1056.6,1.339,0.293,-0.256,-149.516,32.562,32.906,172.2,1,-0.5694,0.4504,0.6845,0.0661,84.3,-57.0,0.0
758681,2026-08-30_09-21-42.683-240,v3.6.25,3.43,12.0,400,3821,397,6751,2695,266,7364,3719,230,6749,3709,66,6791,0,0,0,-10,-164,42,169.6,1115.7,1.339,0.104,-0.206,-177.516,64.062,16.609,179.8,1,-0.5677,0.4422,0.6876,0.0973,85.9,-60.1,0.0
758710,2026-08-30_09-21-42.712-240,v3.6.25,3.43,12.0,400,3282,1033,6982,2695,266,7364,3173,871,6971,3709,66,6791,0,0,0,536,-805,-180,983.7,6471.9,1.456,0.087,0.144,-190.891,97.062,-9.922,863.0,1,-0.5700,0.4283,0.6887,0.1315,87.8,-63.9,0.0
758756,2026-08-30_09-21-42.758-240,v3.6.25,3.43,12.0,400,3282,1033,6982,2013,1039,7475,3173,871,6971,3028,831,7013,0,0,0,-145,-40,42,156.2,1027.4,1.304,0.164,0.796,-222.000,132.453,2.969,168.5,1,-0.5731,0.4132,0.6862,0.1733,90.3,-68.4,0.0
758886,2026-08-30_09-21-42.888-240,v3.6.25,3.43,12.0,400,1336,3378,6912,414,3257,7108,1201,3249,6874,1315,3019,6921,0,0,0,114,-230,47,261.0,1716.9,0.388,0.388,0.376,-53.812,-62.688,-88.203,256.5,1,-0.5668,0.3991,0.7001,0.1715,96.1,-68.5,0.0
758917,2026-08-30_09-21-42.919-240,v3.6.25,3.43,12.0,400,1336,3378,6912,271,3234,7165,1201,3249,6874,1182,2996,7001,0,0,0,-19,-253,127,283.7,1866.6,0.575,0.583,0.348,-48.141,-97.266,-44.688,275.6,1,-0.5544,0.3926,0.7142,0.1689,101.7,-67.6,0.0
758947,2026-08-30_09-21-42.948-240,v3.6.25,3.43,12.0,400,1450,2945,7099,271,3234,7165,1319,2810,7064,1182,2996,7001,0,0,0,-137,186,-63,239.4,1575.3,0.821,0.442,0.594,-39.516,-107.766,-4.062,238.4,1,-0.5392,0.3927,0.7262,0.1665,105.7,-66.0,0.0
759020,2026-08-30_09-21-42.021-240,v3.6.25,3.43,12.0,400,1432,2180,7340,129,1669,7655,1307,2038,7312,1158,1448,7507,0,0,0,-149,-590,195,639.0,4204.0,1.205,-0.176,0.823,39.141,-25.078,27.656,573.7,1,-0.5377,0.4000,0.7247,0.1603,104.0,-65.2,0.0
759061,2026-08-30_09-21-42.063-240,v3.6.25,3.43,12.0,400,1335,1665,7462,129,1669,7655,1214,1520,7440,1158,1448,7507,0,0,0,-56,-72,67,113.2,744.6,1.556,0.183,0.392,69.156,38.406,31.016,132.4,1,-0.5458,0.4076,0.7156,0.1544,99.8,-65.1,0.0
759091,2026-08-30_09-21-42.093-240,v3.6.25,3.43,12.0,400,1404,1778,7416,164,1609,7638,1282,1633,7393,1191,1389,7484,0,0,0,-91,-244,91,275.9,1814.9,1.445,0.152,0.335,83.359,81.703,25.062,269.0,1,-0.5602,0.4140,0.7018,0.1491,94.1,-65.5,0.0
759125,2026-08-30_09-21-43.127-240,v3.6.25,3.43,12.0,400,1404,1778,7416,164,1609,7638,1282,1633,7393,1191,1389,7484,0,0,0,-91,-244,91,275.9,1814.9,1.563,-0.032,0.490,98.031,121.094,21.531,269.0,1,-0.5802,0.4194,0.6831,0.1442,86.5,-66.0,0.0
759156,2026-08-30_09-21-43.158-240,v3.6.25,3.43,12.0,400,1612,2420,7193,398,2302,7424,1486,2279,7164,1374,2075,7234,0,0,0,-112,-204,70,243.0,1598.8,1.474,-0.330,0.508,129.297,142.172,0.453,241.4,1,-0.6050,0.4225,0.6613,0.1348,77.3,-66.1,0.0
759240,2026-08-30_09-21-43.241-240,v3.6.25,3.43,12.0,400,2730,4062,6090,947,3414,6948,2594,3934,6049,1818,3175,6674,0,0,0,-776,-759,625,1252.6,8240.5,0.222,0.689,0.466,120.562,54.750,115.781,1088.6,1,-0.6123,0.4439,0.6421,0.1259,70.9,-63.9,0.0
759296,2026-08-30_09-21-43.297-240,v3.6.25,3.43,12.0,400,2928,4019,6058,1821,4109,6470,2793,3889,6018,2596,3863,6058,0,0,0,-197,-26,40,202.7,1333.5,0.324,-0.536,0.467,136.844,-48.672,109.859,207.6,1,-0.6089,0.4672,0.6324,0.1056,68.9,-60.3,0.0
759335,2026-08-30_09-21-43.337-240,v3.6.25,3.43,12.0,400,2928,4019,6058,1995,3877,6574,2793,3889,6018,2793,3636,6130,0,0,0,0,-253,112,276.7,1820.3,0.809,0.015,0.458,147.031,-70.938,38.875,269.7,1,-0.6073,0.4802,0.6279,0.0792,68.6,-57.0,0.0
759363,2026-08-30_09-21-43.364-240,v3.6.25,3.43,12.0,400,3296,3447,6174,2496,3108,6777,3167,3308,6140,3346,2878,6245,0,0,0,179,-430,105,477.5,3141.2,1.100,0.513,0.681,105.188,-62.484,19.453,438.2,1,-0.6053,0.4881,0.6260,0.0588,68.8,-54.6,0.0
759414,2026-08-30_09-21-43.416-240,v3.6.25,3.47,12.0,400,3752,2826,6221,2496,3108,6777,3630,2679,6194,3346,2878,6245,0,0,0,-284,199,51,350.5,2306.0,1.338,0.730,0.760,-22.516,-13.469,18.609,331.6,1,-0.6019,0.4900,0.6276,0.0613,69.3,-54.6,0.0
759442,2026-08-30_09-21-43.444-240,v3.6.25,3.47,12.0,400,3752,2826,6221,2752,2617,6901,3630,2679,6194,3635,2394,6324,0,0,0,5,-285,130,313.3,2061.1,1.426,0.334,0.422,-75.672,24.781,3.984,300.4,1,-0.6010,0.4869,0.6295,0.0741,69.4,-56.0,0.0
759470,2026-08-30_09-21-43.471-240,v3.6.25,3.47,12.0,400,3713,2716,6327,2752,2617,6901,3591,2567,6301,3635,2394,6324,0,0,0,44,-173,23,180.0,1184.1,1.271,0.090,0.241,-102.062,60.859,-25.875,188.5,1,-0.6044,0.4778,0.6308,0.0925,69.1,-58.3,0.0
759500,2026-08-30_09-21-43.502-240,v3.6.25,3.47,12.0,400,3393,3218,6261,2468,2907,6878,3266,3076,6229,3340,2680,6349,0,0,0,74,-396,120,420.3,2765.4,1.228,-0.009,0.348,-124.078,90.891,-45.719,390.2,1,-0.6109,0.4641,0.6309,0.1157,68.3,-61.4,0.0
759707,2026-08-30_09-21-43.708-240,v3.6.25,3.47,12.0,400,453,5196,5841,256,5456,5652,300,5105,5789,859,5179,5522,0,0,0,559,74,-267,623.9,4104.6,0.280,0.185,0.810,-121.766,-67.750,-81.578,561.0,1,-0.6015,0.4481,0.6496,0.1242,73.9,-63.2,0.0
759756,2026-08-30_09-21-43.758-240,v3.6.25,3.47,12.0,400,453,5196,5841,-431,5232,5891,300,5105,5789,217,4956,5872,0,0,0,-83,-149,83,189.7,1247.9,0.661,-0.426,1.130,-36.156,-80.672,-40.125,196.6,1,-0.5930,0.4424,0.6619,0.1207,77.9,-63.1,0.0
759786,2026-08-30_09-21-43.787-240,v3.6.25,3.47,12.0,400,194,4668,6260,-750,4592,6337,45,4570,6211,-11,4325,6363,0,0,0,-56,-245,152,293.7,1932.3,1.108,-0.367,1.204,32.578,-57.922,-32.000,283.9,1,-0.5905,0.4405,0.6674,0.1092,79.5,-62.2,0.0
759823,2026-08-30_09-21-43.825-240,v3.6.25,3.47,12.0,400,433,4284,6510,-750,4592,6337,288,4177,6464,-11,4325,6363,0,0,0,-299,148,-101,348.6,2293.3,1.295,0.122,0.758,100.922,-8.828,2.188,330.0,1,-0.5954,0.4458,0.6618,0.0932,77.5,-60.6,0.0
759861,2026-08-30_09-21-43.863-240,v3.6.25,3.47,12.0,400,433,4284,6510,-452,4247,6582,288,4177,6464,336,3988,6552,0,0,0,48,-189,88,213.9,1407.5,1.183,0.556,0.502,110.078,37.828,51.422,217.0,1,-0.6030,0.4579,0.6481,0.0819,73.5,-58.9,0.0
759889,2026-08-30_09-21-43.890-240,v3.6.25,3.47,12.0,400,908,4359,6399,54,4496,6414,764,4249,6353,808,4236,6302,0,0,0,44,-13,-51,68.6,451.3,1.184,0.573,0.674,102.688,74.922,81.781,95.0,1,-0.6121,0.4733,0.6289,0.0760,68.6,-57.3,0.0
759942,2026-08-30_09-21-43.943-240,v3.6.25,3.47,12.0,400,1216,4795,6005,54,4496,6414,1069,4690,5956,808,4236,6302,0,0,0,-261,-454,346,627.7,4129.3,1.165,0.190,0.938,119.547,121.188,108.484,564.2,1,-0.6248,0.4924,0.6016,0.0723,62.1,-55.4,0.0
759968,2026-08-30_09-21-43.970-240,v3.6.25,3.47,12.0,400,1216,4795,6005,436,5143,5886,1069,4690,5956,1087,4873,5720,0,0,0,18,183,-236,299.2,1968.3,1.056,-0.090,1.129,138.719,133.859,102.984,288.5,1,-0.6394,0.5105,0.5711,0.0666,55.8,-53.0,0.0
760001,2026-08-30_09-21-43.002-240,v3.6.25,3.47,12.0,400,1506,5465,5301,436,5143,5886,1354,5372,5249,1087,4873,5720,0,0,0,-267,-499,471,736.3,4844.0,0.453,-0.385,0.728,184.891,123.797,53.969,655.4,1,-0.6581,0.5222,0.5400,0.0514,50.3,-49.9,0.0
760172,2026-08-30_09-21-44.173-240,v3.6.25,3.47,12.0,400,3873,5856,3355,3248,6025,3983,3726,5773,3313,3558,5736,3384,0,0,0,-168,-37,71,186.1,1224.4,0.263,-0.016,0.782,66.734,-77.953,-22.062,193.6,1,-0.6563,0.5212,0.5445,0.0333,52.3,-48.5,0.0
760198,2026-08-30_09-21-44.199-240,v3.6.25,3.47,12.0,400,4344,5446,3531,3778,5522,4229,4202,5352,3492,4142,5244,3536,0,0,0,-60,-108,44,131.1,862.8,0.287,0.276,0.709,50.172,-84.312,-56.344,147.5,1,-0.6554,0.5145,0.5526,0.0163,54.6,-47.8,0.0
760231,2026-08-30_09-21-44.233-240,v3.6.25,3.47,12.0,400,4344,5446,3531,3778,5522,4229,4202,5352,3492,4142,5244,3536,0,0,0,-60,-108,44,131.1,862.8,0.669,0.710,0.663,7.641,-74.438,-68.969,147.5,1,-0.6543,0.5046,0.5633,0.0062,56.9,-48.0,0.0
760260,2026-08-30_09-21-44.262-240,v3.6.25,3.47,12.0,400,4674,5096,3657,4063,5119,4443,4536,4995,3621,4473,4848,3697,0,0,0,-63,-147,76,177.1,1164.9,0.947,0.958,0.688,-55.500,-46.734,-55.969,186.1,1,-0.6518,0.4946,0.5749,0.0083,58.7,-49.3,0.0
760291,2026-08-30_09-21-44.293-240,v3.6.25,3.47,12.0,400,4640,5035,3829,4063,5119,4443,4502,4930,3793,4473,4848,3697,0,0,0,-29,-82,-96,129.5,852.2,1.105,0.882,0.674,-124.531,-8.391,-32.312,146.2,1,-0.6482,0.4858,0.5859,0.0247,59.8,-51.6,0.0
760336,2026-08-30_09-21-44.338-240,v3.6.25,3.47,12.0,400,4640,5035,3829,3964,5105,4615,4502,4930,3793,4403,4837,3882,0,0,0,-99,-93,89,162.4,1068.4,1.174,0.415,0.474,-199.766,58.781,-13.406,173.7,1,-0.6461,0.4766,0.5933,0.0586,59.4,-55.3,0.0
760544,2026-08-30_09-21-44.545-240,v3.6.25,3.47,12.0,400,590,7095,3085,-186,7280,3129,422,7062,3030,-53,6948,3130,0,0,0,-475,-114,100,498.6,3280.4,-0.218,0.198,1.153,-71.828,-57.516,-8.594,455.9,1,-0.6373,0.4736,0.6045,0.0637,62.0,-56.2,0.0
760580,2026-08-30_09-21-44.583-240,v3.6.25,3.47,12.0,400,65,6994,3326,-186,7280,3129,-103,6963,3270,-53,6948,3130,0,0,0,50,-15,-140,149.4,983.0,0.012,0.067,1.080,-51.656,-87.250,36.984,162.8,1,-0.6234,0.4783,0.6152,0.0648,65.2,-56.0,0.0
760627,2026-08-30_09-21-44.628-240,v3.6.25,3.47,12.0,400,-134,6725,3885,-573,6976,3659,-301,6684,3828,-343,6652,3713,0,0,0,-42,-32,-115,126.5,832.5,0.492,-0.239,1.207,11.750,-82.484,31.219,143.6,1,-0.6135,0.4843,0.6212,0.0568,67.4,-54.8,0.0
760657,2026-08-30_09-21-44.659-240,v3.6.25,3.47,12.0,400,-9,6431,4374,-639,6604,4287,-173,6378,4317,-294,6292,4338,0,0,0,-121,-86,21,149.9,986.4,0.896,-0.213,1.474,53.359,-56.047,21.516,163.3,1,-0.6091,0.4902,0.6219,0.0445,68.2,-53.2,0.0
760700,2026-08-30_09-21-44.701-240,v3.6.25,3.47,12.0,400,-9,6431,4374,-639,6604,4287,-173,6378,4317,-294,6292,4338,0,0,0,-121,-86,21,149.9,986.4,1.252,0.079,1.248,108.734,16.766,-0.219,163.3,1,-0.6168,0.4943,0.6118,0.0295,66.3,-51.6,0.0
760730,2026-08-30_09-21-44.732-240,v3.6.25,3.47,12.0,400,432,6351,4451,-220,6470,4496,269,6291,4395,163,6165,4472,0,0,0,-106,-126,77,181.8,1195.9,1.119,0.470,1.180,117.578,64.156,-1.406,190.0,1,-0.6297,0.4982,0.5959,0.0173,63.2,-50.1,0.0
760758,2026-08-30_09-21-44.759-240,v3.6.25,3.47,12.0,400,986,6608,3906,-220,6470,4496,823,6553,3851,163,6165,4472,0,0,0,-660,-388,621,985.8,6485.5,0.866,0.683,0.939,98.500,102.250,29.109,864.8,1,-0.6430,0.5054,0.5754,0.0122,59.2,-48.8,0.0
760805,2026-08-30_09-21-44.806-240,v3.6.25,3.47,12.0,400,986,6608,3906,467,6779,3992,823,6553,3851,758,6468,3863,0,0,0,-65,-85,12,107.7,708.4,0.460,0.348,0.813,69.625,130.031,77.906,127.8,1,-0.6536,0.5185,0.5512,0.0154,54.6,-47.4,0.0
760934,2026-08-30_09-21-44.936-240,v3.6.25,3.47,12.0,400,2140,7274,1350,1610,7488,2091,1975,7256,1305,1563,7149,1812,0,0,0,-412,-107,507,662.0,4355.3,-0.174,0.072,0.738,70.203,31.750,4.875,593.0,1,-0.6599,0.5210,0.5413,0.0074,53.3,-46.2,0.0
760966,2026-08-30_09-21-44.967-240,v3.6.25,3.47,12.0,400,2140,7274,1350,2206,7493,1551,1975,7256,1305,2067,7149,1184,0,0,0,92,-107,-121,185.9,1222.9,0.027,-0.047,1.232,21.703,8.547,10.719,193.5,1,-0.6613,0.5232,0.5376,0.0046,52.8,-45.7,0.0
760995,2026-08-30_09-21-44.997-240,v3.6.25,3.47,12.0,400,2460,7240,1006,2206,7493,1551,2297,7224,963,2067,7149,1184,0,0,0,-230,-75,221,327.7,2155.7,0.146,-0.139,1.593,-8.969,-4.766,-16.484,312.4,1,-0.6622,0.5206,0.5390,0.0044,53.0,-45.9,0.0
761023,2026-08-30_09-21-44.024-240,v3.6.25,3.47,12.0,400,2471,7252,1049,2444,7451,1398,2308,7236,1006,2281,7107,994,0,0,0,-27,-129,-12,132.3,870.7,0.254,0.107,1.300,-47.016,-21.969,-58.797,148.5,1,-0.6630,0.5108,0.5473,0.0074,53.9,-47.2,0.0
761071,2026-08-30_09-21-44.072-240,v3.6.25,3.47,12.0,400,2471,7252,1049,2170,7537,1533,2308,7236,1006,2027,7193,1172,0,0,0,-281,-43,166,329.2,2165.7,0.133,0.622,0.795,-129.734,-56.625,-80.016,313.7,1,-0.6579,0.4955,0.5668,0.0191,56.4,-49.9,0.0
761111,2026-08-30_09-21-44.113-240,v3.6.25,3.47,12.0,400,2027,7345,1361,2170,7537,1533,1861,7328,1315,2027,7193,1172,0,0,0,166,-135,-143,257.4,1693.1,0.117,0.494,0.552,-202.875,-81.000,-73.234,253.4,1,-0.6458,0.4787,0.5935,0.0398,60.5,-53.6,0.0
761175,2026-08-30_09-21-45.177-240,v3.6.25,3.47,12.0,400,1144,7371,2115,1227,7602,2074,975,7351,2063,1174,7260,1860,0,0,0,199,-91,-203,298.5,1963.7,0.412,-0.321,1.141,-244.000,-69.609,-43.797,287.9,1,-0.6299,0.4641,0.6191,0.0683,65.3,-57.5,0.0
761284,2026-08-30_09-21-45.287-240,v3.6.25,3.47,12.0,400,-1049,6783,3487,-1463,6999,3298,-1219,6762,3432,-1297,6664,3512,0,0,0,-78,-98,80,148.6,977.8,0.443,-0.264,1.039,9.719,32.422,-120.375,162.2,1,-0.6420,0.4461,0.6203,0.0642,64.7,-58.6,0.0
761314,2026-08-30_09-21-45.315-240,v3.6.25,3.47,12.0,400,-1478,6604,3682,-1907,6805,3418,-1648,6584,3628,-1717,6470,3705,0,0,0,-69,-114,77,153.9,1012.5,0.428,0.184,0.870,40.609,65.172,-104.703,166.6,1,-0.6578,0.4309,0.6149,0.0586,62.4,-59.3,0.0
761341,2026-08-30_09-21-45.343-240,v3.6.25,3.47,12.0,400,-1412,6701,3504,-1907,6805,3418,-1583,6683,3450,-1717,6470,3705,0,0,0,-134,-213,255,358.3,2357.0,0.446,0.475,0.877,45.312,92.859,-78.938,338.1,1,-0.6749,0.4193,0.6046,0.0554,58.7,-59.6,0.0
761385,2026-08-30_09-21-45.386-240,v3.6.25,3.47,12.0,400,-1412,6701,3504,-1808,6951,3116,-1583,6683,3450,-1672,6611,3393,0,0,0,-89,-72,-57,127.9,841.3,0.359,0.679,0.865,36.453,131.156,-22.875,144.8,1,-0.6920,0.4155,0.5875,0.0582,53.4,-59.5,0.0
761694,2026-08-30_09-21-45.695-240,v3.6.25,3.47,12.0,400,1255,7407,-1243,1497,7764,-1088,1086,7450,-1271,901,7373,-1272,0,0,0,-185,-77,-1,200.4,1318.3,-0.126,0.090,1.332,7.078,-43.250,-44.172,205.6,1,-0.6908,0.4093,0.5938,0.0521,55.0,-59.7,0.0
761721,2026-08-30_09-21-45.723-240,v3.6.25,3.47,12.0,400,1430,7442,-1020,1763,7742,-829,1261,7479,-1050,1212,7357,-1064,0,0,0,-49,-122,-14,132.2,869.8,0.004,0.063,1.188,-27.078,-45.625,-77.922,148.4,1,-0.6897,0.3967,0.6036,0.0501,57.0,-60.7,0.0
761751,2026-08-30_09-21-45.753-240,v3.6.25,3.47,12.0,400,1430,7442,-1020,1763,7742,-829,1261,7479,-1050,1212,7357,-1064,0,0,0,-49,-122,-14,132.2,869.8,-0.200,0.101,0.954,-56.594,-48.266,-129.406,148.4,1,-0.6896,0.3750,0.6174,0.0510,59.4,-62.9,0.0
761777,2026-08-30_09-21-45.779-240,v3.6.25,3.47,12.0,400,1070,7524,-667,1365,7870,-461,899,7559,-701,874,7487,-637,0,0,0,-25,-72,64,99.5,654.8,-0.131,0.189,0.847,-80.625,-52.672,-167.031,121.0,1,-0.6894,0.3462,0.6340,0.0542,62.4,-65.7,0.0
761983,2026-08-30_09-21-45.984-240,v3.6.25,3.47,12.0,400,-2765,6754,2094,-2376,7339,1284,-2941,6781,2049,-2562,6964,1700,0,0,0,379,183,-349,546.7,3597.0,0.107,-0.289,1.057,-63.344,-35.328,-48.000,496.3,1,-0.6857,0.3367,0.6425,0.0598,64.5,-67.1,0.0
762016,2026-08-30_09-21-45.018-240,v3.6.25,3.47,12.0,400,-2765,6754,2094,-3165,6904,1689,-2941,6781,2049,-3273,6534,2230,0,0,0,-332,-247,181,451.7,2971.4,0.134,-0.176,1.135,9.359,-19.500,-23.672,416.5,1,-0.6854,0.3336,0.6448,0.0557,65.4,-67.1,0.0
762043,2026-08-30_09-21-45.045-240,v3.6.25,3.47,12.0,400,-3096,6526,2412,-3165,6904,1689,-3271,6550,2367,-3273,6534,2230,0,0,0,-2,-16,-137,137.9,907.5,0.088,0.091,1.112,55.312,-5.797,28.109,153.2,1,-0.6859,0.3403,0.6415,0.0470,65.1,-65.8,0.0
762071,2026-08-30_09-21-45.073-240,v3.6.25,3.47,12.0,400,-3096,6526,2412,-3270,6822,1900,-3271,6550,2367,-3341,6455,2454,0,0,0,-70,-95,87,146.6,964.5,0.012,0.208,1.037,90.422,0.578,91.141,160.5,1,-0.6852,0.3582,0.6332,0.0354,64.2,-63.3,0.0
762121,2026-08-30_09-21-46.123-240,v3.6.25,3.47,12.0,400,-2880,6643,2395,-2623,7176,1749,-3055,6665,2349,-2726,6808,2196,0,0,0,329,143,-153,390.0,2565.8,0.264,0.077,1.126,164.250,3.328,153.234,364.8,1,-0.6837,0.3882,0.6178,0.0145,62.8,-58.9,0.0
762160,2026-08-30_09-21-46.161-240,v3.6.25,3.47,12.0,400,-2119,7047,2067,-2623,7176,1749,-2295,7067,2019,-2726,6808,2196,0,0,0,-431,-259,177,533.1,3507.1,0.098,0.082,1.358,187.422,-2.484,187.281,484.8,1,-0.6791,0.4236,0.5994,-0.0094,61.6,-53.7,0.0
762336,2026-08-30_09-21-46.337-240,v3.6.25,3.47,12.0,400,2651,7107,1439,1769,7554,1699,2489,7080,1395,1654,7210,1402,0,0,0,-835,130,7,845.1,5559.8,0.229,0.293,0.876,62.766,-30.531,3.609,746.7,1,-0.6783,0.4261,0.5983,-0.0219,62.3,-52.5,0.0
762391,2026-08-30_09-21-46.393-240,v3.6.25,3.47,12.0,400,2827,7048,1543,2572,7291,1893,2666,7017,1499,2497,6956,1456,0,0,0,-169,-61,-43,184.7,1215.4,0.528,0.484,0.888,-64.203,-15.234,-44.688,192.5,1,-0.6779,0.4170,0.6053,-0.0150,63.1,-53.9,0.0
762436,2026-08-30_09-21-46.438-240,v3.6.25,3.47,12.0,400,2827,7048,1543,2607,7270,2019,2666,7017,1499,2554,6938,1573,0,0,0,-112,-79,74,155.8,1024.7,0.632,0.448,0.917,-157.141,-6.875,-68.359,168.2,1,-0.6763,0.4010,0.6179,0.0062,64.1,-57.2,0.0
762465,2026-08-30_09-21-46.466-240,v3.6.25,3.47,12.0,400,2342,7190,1754,1839,7470,2102,2179,7161,1707,1794,7133,1784,0,0,0,-385,-28,77,393.6,2589.6,0.394,0.542,0.961,-197.797,-0.891,-90.062,367.8,1,-0.6745,0.3798,0.6322,0.0335,65.5,-61.4,0.0
762749,2026-08-30_09-21-46.750-240,v3.6.25,3.47,12.0,400,-2675,5821,4300,-3226,6140,3626,-2843,5801,4251,-2987,5805,4133,0,0,0,-144,4,-118,186.2,1225.1,0.623,-0.195,0.973,90.297,-107.609,17.172,193.7,1,-0.6654,0.3864,0.6386,0.0121,68.9,-59.2,0.0
762806,2026-08-30_09-21-46.808-240,v3.6.25,3.47,12.0,400,-2251,5431,5066,-2970,5594,4586,-2414,5389,5016,-2555,5279,5027,0,0,0,-141,-110,11,179.2,1178.8,1.443,-0.138,0.835,139.344,-17.984,50.312,187.8,1,-0.6658,0.3995,0.6301,-0.0095,68.3,-56.3,0.0
762833,2026-08-30_09-21-46.835-240,v3.6.25,3.47,12.0,400,-1643,5373,5338,-2385,5491,5061,-1804,5318,5287,-1886,5188,5392,0,0,0,-82,-130,105,186.1,1224.6,1.466,-0.255,0.873,171.531,39.547,30.812,193.7,1,-0.6742,0.4105,0.6131,-0.0328,65.8,-53.1,0.0
763094,2026-08-30_09-21-46.095-240,v3.6.25,3.47,12.0,400,2134,7230,1684,1584,7548,1918,1970,7205,1637,1506,7206,1647,0,0,0,-464,1,10,464.1,3053.3,-0.376,-1.085,1.155,107.094,-86.875,83.453,426.9,1,-0.6628,0.4268,0.6129,-0.0538,67.8,-50.0,0.0
763120,2026-08-30_09-21-47.122-240,v3.6.25,3.47,12.0,400,2134,7230,1684,2383,7213,2365,1970,7205,1637,2390,6885,1949,0,0,0,420,-320,312,613.3,4034.9,-0.079,-0.492,0.916,129.484,-118.359,7.141,552.2,1,-0.6535,0.4313,0.6165,-0.0831,70.6,-47.2,0.0
763160,2026-08-30_09-21-47.162-240,v3.6.25,3.47,12.0,400,2932,6847,2156,2383,7213,2365,2774,6802,2110,2390,6885,1949,0,0,0,-384,83,-161,424.6,2793.3,0.111,0.378,0.768,77.891,-142.312,-22.516,393.8,1,-0.6418,0.4285,0.6269,-0.1070,74.2,-45.5,0.0
763189,2026-08-30_09-21-47.190-240,v3.6.25,3.47,12.0,400,3620,6323,2782,3115,6608,3162,3468,6256,2738,3272,6301,2604,0,0,0,-196,45,-134,241.7,1589.8,0.409,0.590,0.753,7.078,-144.906,-21.844,240.3,1,-0.6279,0.4226,0.6424,-0.1203,78.2,-44.8,0.0
763272,2026-08-30_09-21-47.274-240,v3.6.25,3.47,12.0,400,3843,5844,3547,3341,6010,4045,3696,5758,3503,3662,5723,3429,0,0,0,-34,-35,-74,88.6,583.2,1.383,1.050,0.770,-176.016,-67.875,-63.797,111.8,1,-0.6218,0.4037,0.6633,-0.1018,81.5,-48.0,0.0
763299,2026-08-30_09-21-47.300-240,v3.6.25,3.47,12.0,400,3446,5720,4175,2850,5773,4697,3299,5626,4128,3287,5495,4149,0,0,0,-12,-131,21,133.2,876.4,1.350,1.027,0.818,-237.172,-32.750,-54.062,149.2,1,-0.6170,0.3836,0.6835,-0.0709,84.8,-52.1,0.0
763335,2026-08-30_09-21-47.337-240,v3.6.25,3.47,12.0,400,3446,5720,4175,2850,5773,4697,3299,5626,4128,3287,5495,4149,0,0,0,-12,-131,21,133.2,876.4,1.101,0.653,0.904,-287.344,3.688,-52.000,149.2,1,-0.6139,0.3610,0.7014,-0.0297,88.5,-57.1,0.0
763506,2026-08-30_09-21-47.507-240,v3.6.25,3.47,12.0,400,19,5229,5840,-975,5743,5302,-135,5144,5787,-438,5451,5388,0,0,0,-303,307,-399,587.6,3865.7,0.517,0.012,0.559,145.531,-118.406,-114.125,530.6,1,-0.6098,0.3503,0.7079,-0.0661,91.1,-54.8,0.0
763740,2026-08-30_09-21-47.741-240,v3.6.25,3.47,12.0,400,3670,4660,5022,2665,4590,5781,3532,4543,4982,3313,4336,5241,0,0,0,-219,-207,259,397.4,2614.2,0.442,0.688,0.938,90.188,66.219,162.031,370.9,1,-0.6103,0.3807,0.6914,-0.0678,86.7,-52.4,0.0
763768,2026-08-30_09-21-47.770-240,v3.6.25,3.47,12.0,400,3986,4772,4770,3161,4817,5396,3848,4657,4730,3739,4558,4781,0,0,0,-109,-99,51,155.8,1025.2,0.185,0.115,0.884,85.734,29.609,165.203,168.2,1,-0.6053,0.4106,0.6782,-0.0711,83.8,-49.7,0.0
763799,2026-08-30_09-21-47.801-240,v3.6.25,3.47,12.0,400,3986,4772,4770,3161,4817,5396,3848,4657,4730,3739,4558,4781,0,0,0,-109,-99,51,155.8,1025.2,0.027,-0.347,0.672,103.047,-15.875,115.047,168.2,1,-0.5983,0.4330,0.6691,-0.0829,82.4,-46.8,0.0
763827,2026-08-30_09-21-47.829-240,v3.6.25,3.47,12.0,400,4162,4492,4883,3344,4518,5554,4027,4371,4846,3956,4265,4905,0,0,0,-71,-106,59,140.6,924.8,0.065,-0.365,0.580,114.344,-49.094,53.688,155.4,1,-0.5916,0.4461,0.6638,-0.1019,82.2,-44.0,0.0
763855,2026-08-30_09-21-47.856-240,v3.6.25,3.47,12.0,400,4162,4492,4883,3344,4518,5554,4027,4371,4846,3956,4265,4905,0,0,0,-71,-106,59,140.6,924.8,0.436,0.209,0.573,104.562,-67.812,7.516,155.4,1,-0.5859,0.4510,0.6620,-0.1228,82.8,-41.7,0.0
763883,2026-08-30_09-21-47.885-240,v3.6.25,3.47,12.0,400,4548,3931,4977,3758,3874,5742,4419,3802,4946,4417,3630,5020,0,0,0,-2,-172,74,187.3,1231.9,0.771,0.698,0.585,54.469,-72.656,-2.344,194.6,1,-0.5791,0.4518,0.6646,-0.1371,84.1,-40.2,0.0
763914,2026-08-30_09-21-47.916-240,v3.6.25,3.47,12.0,400,4879,3372,5090,3758,3874,5742,4756,3234,5065,4417,3630,5020,0,0,0,-339,396,-45,523.2,3442.3,1.162,0.947,0.657,-31.500,-63.516,16.516,476.6,1,-0.5702,0.4510,0.6728,-0.1372,85.7,-40.1,0.0
763957,2026-08-30_09-21-47.959-240,v3.6.25,3.47,12.0,400,4879,3372,5090,4018,3257,5958,4756,3234,5065,4728,3023,5188,0,0,0,-28,-211,123,245.8,1617.3,1.308,0.913,0.636,-153.344,-33.547,48.938,243.8,1,-0.5597,0.4492,0.6868,-0.1155,87.7,-41.7,0.0
763985,2026-08-30_09-21-47.986-240,v3.6.25,3.47,12.0,400,4640,3156,5513,3471,3121,6402,4518,3013,5487,4259,2891,5714,0,0,0,-259,-122,227,365.4,2403.7,1.316,0.673,0.438,-216.438,-5.438,68.266,344.1,1,-0.5490,0.4467,0.7017,-0.0813,89.8,-44.3,0.0
764207,2026-08-30_09-21-48.208-240,v3.6.25,3.47,12.0,400,610,4239,6534,-263,4303,6562,465,4130,6488,520,4045,6500,0,0,0,55,-85,12,102.0,670.7,0.333,0.044,0.539,-61.141,-58.312,-73.234,123.0,1,-0.5460,0.4318,0.7132,-0.0818,92.5,-45.1,0.0
764236,2026-08-30_09-21-48.238-240,v3.6.25,3.47,12.0,400,480,3868,6770,-563,3993,6745,338,3754,6727,258,3738,6730,0,0,0,-80,-16,3,81.6,537.1,0.391,-0.082,0.482,-12.578,-75.422,-71.125,106.0,1,-0.5418,0.4198,0.7225,-0.0906,94.9,-45.0,0.0
764275,2026-08-30_09-21-48.276-240,v3.6.25,3.47,12.0,400,480,3868,6770,-368,3371,7083,338,3754,6727,525,3127,7029,0,0,0,187,-627,302,720.6,4741.0,0.824,0.104,0.861,69.562,-74.500,-88.484,642.2,1,-0.5406,0.4101,0.7260,-0.1122,96.3,-43.9,0.0
764322,2026-08-30_09-21-48.323-240,v3.6.25,3.47,12.0,400,818,3329,7017,-368,3371,7083,682,3205,6978,525,3127,7029,0,0,0,-157,-78,51,182.6,1201.2,1.252,0.473,0.965,117.594,-35.656,-43.031,190.7,1,-0.5416,0.4105,0.7211,-0.1350,95.9,-42.1,0.0
764352,2026-08-30_09-21-48.354-240,v3.6.25,3.47,12.0,400,1577,2978,7051,348,2905,7267,1446,2842,7016,1284,2671,7088,0,0,0,-162,-171,72,246.3,1620.5,1.401,0.397,0.623,144.891,-5.141,-15.562,244.2,1,-0.5446,0.4170,0.7104,-0.1578,94.4,-40.0,0.0
764386,2026-08-30_09-21-48.387-240,v3.6.25,3.47,12.0,400,2285,2862,6898,348,2905,7267,2157,2720,6866,1284,2671,7088,0,0,0,-873,-49,222,902.1,5935.0,1.280,0.362,0.435,181.047,24.688,11.781,794.5,1,-0.5492,0.4300,0.6931,-0.1819,91.9,-37.2,0.0
764442,2026-08-30_09-21-48.444-240,v3.6.25,3.47,12.0,400,2982,2943,6528,1236,2799,7205,2856,2800,6497,2165,2570,6877,0,0,0,-691,-230,380,821.5,5404.3,1.279,0.524,0.766,209.234,43.359,75.344,726.8,1,-0.5504,0.4538,0.6702,-0.2048,88.8,-33.5,0.0
764486,2026-08-30_09-21-48.488-240,v3.6.25,3.47,12.0,400,2982,2943,6528,2019,2900,6990,2856,2800,6497,2910,2672,6534,0,0,0,54,-128,37,143.8,945.8,0.928,0.556,0.828,179.062,24.406,123.391,158.1,1,-0.5441,0.4814,0.6503,-0.2220,86.3,-29.6,0.0
764515,2026-08-30_09-21-48.516-240,v3.6.25,3.47,12.0,400,3509,2920,6299,2535,2791,6885,3385,2775,6270,3411,2565,6345,0,0,0,26,-210,75,224.5,1477.0,0.592,0.345,0.538,147.609,-6.094,125.422,225.9,1,-0.5331,0.5059,0.6353,-0.2371,84.9,-25.9,0.0
764557,2026-08-30_09-21-48.559-240,v3.6.25,3.47,12.0,400,3710,2574,6354,2535,2791,6885,3590,2424,6329,3411,2565,6345,0,0,0,-179,141,16,228.4,1502.8,0.311,0.184,0.247,95.781,-55.688,84.578,229.2,1,-0.5197,0.5198,0.6298,-0.2514,85.0,-23.2,0.0
764591,2026-08-30_09-21-48.593-240,v3.6.25,3.47,12.0,400,3710,2574,6354,2664,2294,7038,3590,2424,6329,3577,2075,6473,0,0,0,-13,-349,144,377.8,2485.3,0.577,0.522,0.191,3.109,-81.938,91.219,354.5,1,-0.5017,0.5284,0.6356,-0.2550,86.2,-21.6,0.0
764620,2026-08-30_09-21-48.621-240,v3.6.25,3.47,12.0,400,3743,1954,6571,2664,2294,7038,3628,1797,6552,3577,2075,6473,0,0,0,-51,278,-79,293.5,1930.7,1.107,0.337,0.224,-88.500,-81.312,95.016,283.7,1,-0.4826,0.5325,0.6503,-0.2463,88.0,-21.4,0.0
764651,2026-08-30_09-21-48.653-240,v3.6.25,3.47,12.0,400,3203,1342,7006,2376,1504,7355,3091,1181,6991,3361,1293,6833,0,0,0,270,112,-158,332.3,2186.0,1.576,0.178,0.328,-155.297,-57.562,68.891,316.3,1,-0.4678,0.5300,0.6695,-0.2280,90.0,-22.6,0.0
764793,2026-08-30_09-21-48.794-240,v3.6.25,3.47,12.0,400,1619,1532,7458,529,1312,7692,1500,1383,7437,1573,1097,7476,0,0,0,73,-286,39,297.7,1958.8,0.578,-0.292,0.429,-160.062,36.750,-103.625,287.3,1,-0.4807,0.5082,0.6828,-0.2108,91.4,-26.2,0.0
764821,2026-08-30_09-21-48.823-240,v3.6.25,3.47,12.0,400,1349,1932,7404,133,1856,7607,1226,1789,7379,1150,1633,7459,0,0,0,-76,-156,80,191.1,1257.1,0.237,-0.089,0.346,-140.469,-6.594,-105.672,197.8,1,-0.4883,0.4854,0.6971,-0.1999,93.4,-29.1,0.0
764851,2026-08-30_09-21-48.852-240,v3.6.25,3.47,12.0,400,1349,1932,7404,133,1856,7607,1226,1789,7379,1150,1633,7459,0,0,0,-76,-156,80,191.1,1257.1,0.298,-0.196,0.249,-100.844,-61.875,-109.781,197.8,1,-0.4898,0.4621,0.7120,-0.1991,96.2,-30.9,0.0
764877,2026-08-30_09-21-48.879-240,v3.6.25,3.47,12.0,400,1268,1794,7465,89,1733,7657,1146,1650,7441,1117,1512,7515,0,0,0,-29,-138,74,159.3,1047.7,0.330,0.014,-0.009,-53.422,-100.406,-119.922,171.1,1,-0.4875,0.4386,0.7257,-0.2081,99.5,-31.7,0.0
765026,2026-08-30_09-21-48.027-240,v3.6.25,3.47,12.0,400,3044,-592,7045,1324,-199,7653,2947,-757,7052,2396,-399,7306,0,0,0,-551,358,254,704.5,4634.7,1.001,1.129,0.185,43.734,-16.469,47.719,628.7,1,-0.4820,0.4475,0.7227,-0.2125,99.0,-30.4,0.0
765067,2026-08-30_09-21-48.069-240,v3.6.25,3.47,12.0,400,2858,-702,7124,1853,-851,7545,2761,-867,7132,2921,-1045,7113,0,0,0,160,-178,-19,240.1,1579.6,1.506,0.350,0.038,17.734,44.906,103.797,238.9,1,-0.4792,0.4644,0.7161,-0.2049,97.2,-29.7,0.0
765116,2026-08-30_09-21-48.118-240,v3.6.25,3.47,12.0,400,2858,-702,7124,1378,-726,7660,2761,-867,7132,2463,-922,7305,0,0,0,-298,-55,173,348.9,2295.6,1.471,-0.160,-0.182,97.984,102.594,37.953,330.3,1,-0.4900,0.4795,0.6977,-0.2077,93.9,-29.0,0.0
765144,2026-08-30_09-21-49.146-240,v3.6.25,3.47,12.0,400,2449,-248,7306,1378,-726,7660,2347,-410,7307,2463,-922,7305,0,0,0,116,-512,-2,525.0,3453.8,1.524,-0.048,0.040,141.828,132.141,2.328,478.0,1,-0.5075,0.4933,0.6726,-0.2161,89.9,-28.0,0.0
765319,2026-08-30_09-21-49.320-240,v3.6.25,3.47,12.0,400,3772,2375,6415,2651,2185,7029,3653,2222,6392,3565,1966,6467,0,0,0,-88,-256,75,280.9,1848.0,0.404,-0.067,0.807,71.609,-0.469,106.938,273.2,1,-0.4984,0.5119,0.6641,-0.2204,88.7,-25.9,0.0
765347,2026-08-30_09-21-49.349-240,v3.6.25,3.47,12.0,400,3610,2477,6469,2546,2423,7021,3490,2326,6444,3453,2202,6476,0,0,0,-37,-124,32,133.3,877.0,0.453,-0.195,0.702,71.344,-55.922,54.328,149.3,1,-0.4877,0.5211,0.6607,-0.2325,88.8,-23.7,0.0
765376,2026-08-30_09-21-49.377-240,v3.6.25,3.47,12.0,400,3610,2477,6469,2546,2423,7021,3490,2326,6444,3453,2202,6476,0,0,0,-37,-124,32,133.3,877.0,0.523,0.044,0.740,54.812,-108.094,20.906,149.3,1,-0.4739,0.5227,0.6635,-0.2489,90.3,-21.6,0.0
765405,2026-08-30_09-21-49.407-240,v3.6.25,3.47,12.0,400,3607,1923,6608,2501,1864,7180,3491,1767,6589,3448,1649,6641,0,0,0,-43,-118,52,135.9,894.3,0.558,0.169,0.544,23.719,-144.500,10.109,151.5,1,-0.4565,0.5191,0.6722,-0.2651,92.7,-19.8,0.0
765610,2026-08-30_09-21-49.611-240,v3.6.25,3.47,12.0,400,3062,-1877,6808,2146,-1806,7278,2976,-2042,6831,3191,-1996,6804,0,0,0,215,46,-27,221.5,1457.4,1.269,-0.130,-0.377,-251.391,-8.234,42.359,223.4,1,-0.4500,0.5080,0.6971,-0.2314,94.9,-23.1,0.0
765645,2026-08-30_09-21-49.647-240,v3.6.25,3.47,12.0,400,3062,-1877,6808,1535,-2060,7383,2976,-2042,6831,2602,-2250,7011,0,0,0,-374,-208,180,464.3,3054.4,1.027,-0.371,-0.534,-216.125,29.062,-7.344,427.1,1,-0.4525,0.4935,0.7148,-0.2018,96.6,-26.6,0.0
765674,2026-08-30_09-21-49.676-240,v3.6.25,3.47,12.0,400,2443,-1776,7056,1535,-2060,7383,2354,-1938,7077,2602,-2250,7011,0,0,0,248,-312,-66,404.0,2657.8,0.787,-0.420,-0.450,-154.547,52.312,-75.875,376.5,1,-0.4645,0.4744,0.7251,-0.1827,97.8,-30.0,0.0
765705,2026-08-30_09-21-49.707-240,v3.6.25,3.47,12.0,400,2433,-1312,7162,1093,-1709,7519,2340,-1474,7176,2175,-1902,7218,0,0,0,-165,-428,42,460.6,3030.4,0.684,-0.152,-0.394,-97.078,64.594,-128.312,424.0,1,-0.4830,0.4523,0.7293,-0.1736,98.5,-33.2,0.0
765742,2026-08-30_09-21-49.745-240,v3.6.25,3.47,12.0,400,2433,-1312,7162,1609,-1039,7547,2340,-1474,7176,2682,-1233,7156,0,0,0,342,241,-20,418.9,2755.7,0.920,0.593,-0.033,-53.344,86.234,-129.000,389.0,1,-0.5043,0.4335,0.7275,-0.1686,98.2,-36.0,0.0
765785,2026-08-30_09-21-49.786-240,v3.6.25,3.47,12.0,400,3079,-637,6987,1609,-1039,7547,2983,-802,6995,2682,-1233,7156,0,0,0,-301,-431,161,549.8,3617.1,1.412,1.010,0.064,-50.609,127.859,-36.219,498.9,1,-0.5231,0.4287,0.7202,-0.1547,96.2,-38.4,0.0
765959,2026-08-30_09-21-49.960-240,v3.6.25,3.47,12.0,400,2991,2821,6583,1368,2404,7259,2866,2676,6553,2315,2180,6908,0,0,0,-551,-496,355,822.0,5407.7,0.832,0.943,0.744,196.953,41.969,93.172,727.3,1,-0.5237,0.4553,0.6987,-0.1739,92.6,-35.0,0.0
766007,2026-08-30_09-21-49.009-240,v3.6.25,3.47,12.0,400,2991,2821,6583,1956,2789,7055,2866,2676,6553,2860,2562,6609,0,0,0,-6,-114,56,127.2,836.5,0.920,0.796,0.758,71.844,-5.875,178.344,144.2,1,-0.5090,0.4843,0.6899,-0.1742,90.9,-32.3,0.0
766047,2026-08-30_09-21-49.049-240,v3.6.25,3.47,12.0,400,3163,2697,6626,1951,2566,7181,3040,2549,6598,2882,2343,6733,0,0,0,-158,-206,135,292.6,1925.1,1.093,-0.067,0.837,-2.312,-31.891,141.516,283.0,1,-0.4929,0.5025,0.6900,-0.1687,90.6,-30.7,0.0
766079,2026-08-30_09-21-49.081-240,v3.6.25,3.47,12.0,400,2660,2413,6953,1951,2566,7181,2537,2264,6926,2882,2343,6733,0,0,0,345,79,-193,403.1,2652.2,1.254,-0.087,0.959,-40.594,-31.672,52.078,375.8,1,-0.4840,0.5062,0.6948,-0.1634,91.3,-30.5,0.0
766112,2026-08-30_09-21-49.114-240,v3.6.25,3.47,12.0,400,2660,2413,6953,1339,2240,7421,2537,2264,6926,2317,2019,7072,0,0,0,-220,-245,146,360.2,2369.7,1.169,0.130,0.676,-91.703,-38.219,-10.281,339.7,1,-0.4789,0.4980,0.7060,-0.1556,93.0,-31.4,0.0
766139,2026-08-30_09-21-50.140-240,v3.6.25,3.47,12.0,400,2268,2173,7138,1339,2240,7421,2146,2024,7112,2317,2019,7072,0,0,0,171,-5,-40,175.7,1155.8,0.858,0.034,0.288,-130.281,-57.078,-44.266,184.9,1,-0.4735,0.4820,0.7225,-0.1465,95.9,-32.9,0.0
766167,2026-08-30_09-21-50.169-240,v3.6.25,3.47,12.0,400,2268,2173,7138,959,1985,7532,2146,2024,7112,1961,1765,7245,0,0,0,-185,-259,133,345.0,2269.5,0.708,-0.037,0.075,-150.734,-86.688,-66.875,327.0,1,-0.4656,0.4604,0.7431,-0.1385,99.9,-34.4,0.0
766193,2026-08-30_09-21-50.195-240,v3.6.25,3.47,12.0,400,2005,1834,7311,959,1985,7532,1885,1684,7288,1961,1765,7245,0,0,0,76,81,-43,119.1,783.6,0.754,-0.041,-0.092,-154.125,-114.688,-71.688,137.4,1,-0.4539,0.4366,0.7654,-0.1323,104.7,-35.4,0.0
766221,2026-08-30_09-21-50.223-240,v3.6.25,3.47,12.0,400,2005,1834,7311,664,1357,7695,1885,1684,7288,1707,1142,7456,0,0,0,-178,-542,168,594.7,3912.5,0.668,-0.151,0.007,-140.156,-138.922,-71.516,536.5,1,-0.4386,0.4129,0.7876,-0.1298,109.7,-35.7,0.0
766255,2026-08-30_09-21-50.256-240,v3.6.25,3.47,12.0,400,1862,1040,7457,664,1357,7695,1748,886,7442,1707,1142,7456,0,0,0,-41,256,14,259.6,1708.2,1.181,-0.264,0.297,-84.750,-145.016,-82.234,255.3,1,-0.4236,0.3916,0.8054,-0.1360,114.1,-35.2,0.0
766380,2026-08-30_09-21-50.382-240,v3.6.25,3.47,12.0,400,2792,-1315,7011,1565,-1442,7491,2700,-1479,7027,2637,-1634,7110,0,0,0,-63,-155,83,186.8,1228.7,1.109,0.033,-0.088,113.500,-23.688,29.547,194.2,1,-0.4201,0.4047,0.7981,-0.1509,112.5,-33.3,0.0
766427,2026-08-30_09-21-50.428-240,v3.6.25,3.47,12.0,400,2792,-1315,7011,1565,-1442,7491,2700,-1479,7027,2637,-1634,7110,0,0,0,-63,-155,83,186.8,1228.7,1.222,-0.462,-0.120,203.891,3.219,29.375,194.2,1,-0.4212,0.4257,0.7813,-0.1759,109.2,-30.6,0.0
766456,2026-08-30_09-21-50.458-240,v3.6.25,3.47,12.0,400,2842,-1551,6942,1647,-1725,7365,2752,-1715,6961,2704,-1917,6974,0,0,0,-48,-202,13,208.0,1368.6,1.449,-0.437,-0.136,246.734,16.312,14.984,212.0,1,-0.4249,0.4479,0.7591,-0.2065,105.5,-27.4,0.0
766485,2026-08-30_09-21-50.486-240,v3.6.25,3.47,12.0,400,3113,-1660,6758,1647,-1725,7365,3025,-1824,6779,2704,-1917,6974,0,0,0,-321,-93,195,386.9,2545.6,1.142,0.194,-0.280,252.203,25.297,-14.516,362.2,1,-0.4316,0.4661,0.7345,-0.2388,102.2,-24.3,0.0
766533,2026-08-30_09-21-50.535-240,v3.6.25,3.47,12.0,400,3113,-1660,6758,1954,-1815,7284,3025,-1824,6779,2999,-2006,6843,0,0,0,-26,-182,64,194.7,1280.7,0.653,1.101,-0.191,93.312,14.562,51.000,200.8,1,-0.4294,0.4801,0.7242,-0.2461,100.6,-22.7,0.0
766560,2026-08-30_09-21-50.562-240,v3.6.25,3.47,12.0,400,3403,-1729,6642,2175,-1890,7239,3316,-1895,6665,3215,-2080,6762,0,0,0,-101,-185,97,232.0,1526.5,0.668,0.915,-0.184,-15.344,3.000,84.891,232.2,1,-0.4219,0.4901,0.7246,-0.2381,100.2,-22.2,0.0
766604,2026-08-30_09-21-50.606-240,v3.6.25,3.47,12.0,400,2992,-1764,6880,2175,-1890,7239,2904,-1930,6902,3215,-2080,6762,0,0,0,311,-150,-140,372.6,2451.2,0.924,0.092,-0.121,-159.750,4.672,96.000,350.1,1,-0.4126,0.4906,0.7380,-0.2108,101.2,-23.7,0.0
766637,2026-08-30_09-21-50.639-240,v3.6.25,3.47,12.0,400,2992,-1764,6880,1459,-1912,7440,2904,-1930,6902,2533,-2103,7079,0,0,0,-371,-173,177,446.0,2934.1,1.230,-0.355,-0.151,-194.469,23.234,35.875,411.7,1,-0.4104,0.4811,0.7530,-0.1819,102.9,-26.3,0.0
766665,2026-08-30_09-21-50.666-240,v3.6.25,3.47,12.0,400,2215,-1669,7174,1459,-1912,7440,2124,-1830,7192,2533,-2103,7079,0,0,0,409,-273,-113,504.6,3319.5,1.437,-0.318,-0.166,-201.750,45.156,-25.250,460.9,1,-0.4160,0.4634,0.7670,-0.1547,105.0,-29.7,0.0
766706,2026-08-30_09-21-50.708-240,v3.6.25,3.47,12.0,400,1929,-1264,7319,754,-1662,7587,1834,-1423,7332,1846,-1856,7342,0,0,0,12,-433,10,433.3,2850.5,1.572,-0.035,-0.115,-219.781,71.109,-71.688,401.1,1,-0.4279,0.4382,0.7803,-0.1265,107.5,-33.8,0.0
766745,2026-08-30_09-21-50.746-240,v3.6.25,3.47,12.0,400,1929,-1264,7319,667,-1066,7699,1834,-1423,7332,1765,-1263,7464,0,0,0,-69,160,132,218.6,1438.1,1.560,-0.301,-0.012,-226.500,78.766,-62.141,220.9,1,-0.4392,0.4131,0.7920,-0.0959,110.3,-38.1,0.0
766782,2026-08-30_09-21-50.783-240,v3.6.25,3.47,12.0,400,1917,-640,7425,667,-1066,7699,1817,-799,7430,1765,-1263,7464,0,0,0,-52,-464,34,468.1,3079.9,0.859,-0.225,0.240,-171.672,48.484,-79.891,430.3,1,-0.4481,0.3890,0.8013,-0.0762,113.1,-41.2,0.0
766810,2026-08-30_09-21-50.812-240,v3.6.25,3.47,12.0,400,1856,-104,7481,575,-344,7779,1751,-261,7479,1670,-545,7556,0,0,0,-81,-284,77,305.2,2007.9,0.715,-0.027,0.196,-133.938,13.812,-70.422,293.6,1,-0.4520,0.3686,0.8098,-0.0631,116.0,-43.3,0.0
766848,2026-08-30_09-21-50.849-240,v3.6.25,3.47,12.0,400,1856,-104,7481,609,-168,7771,1751,-261,7479,1699,-370,7542,0,0,0,-52,-109,63,136.2,896.1,0.532,0.146,0.138,-102.234,-47.062,-4.672,151.8,1,-0.4437,0.3590,0.8194,-0.0528,118.8,-43.6,0.0
766896,2026-08-30_09-21-50.898-240,v3.6.25,3.47,12.0,400,1857,-111,7492,609,-168,7771,1752,-268,7490,1699,-370,7542,0,0,0,-53,-102,52,126.2,830.0,0.577,0.128,0.038,-34.703,-103.250,11.078,143.3,1,-0.4279,0.3567,0.8287,-0.0540,120.8,-42.1,0.0
766925,2026-08-30_09-21-50.926-240,v3.6.25,3.47,12.0,400,1641,-696,7480,375,-784,7721,1540,-853,7485,1470,-985,7535,0,0,0,-70,-132,50,157.6,1036.6,0.703,0.244,-0.053,1.906,-119.047,9.891,169.7,1,-0.4106,0.3571,0.8368,-0.0612,122.2,-40.0,0.0
766957,2026-08-30_09-21-50.958-240,v3.6.25,3.47,12.0,400,1641,-696,7480,375,-784,7721,1540,-853,7485,1470,-985,7535,0,0,0,-70,-132,50,157.6,1036.6,1.106,-0.173,0.140,61.812,-115.266,-19.828,169.7,1,-0.3967,0.3589,0.8412,-0.0791,122.7,-37.6,0.0
767015,2026-08-30_09-21-50.017-240,v3.6.25,3.47,12.0,400,2021,-2318,6898,322,-1779,7568,1935,-2474,6926,1413,-1976,7396,0,0,0,-522,498,470,861.0,5664.7,1.717,0.253,0.013,196.516,-43.312,-86.969,760.1,1,-0.3996,0.3648,0.8329,-0.1165,120.6,-35.5,0.0
767073,2026-08-30_09-21-50.075-240,v3.6.25,3.47,12.0,400,2698,-2509,6664,866,-2608,7254,2615,-2669,6696,1922,-2800,7000,0,0,0,-693,-131,304,768.0,5052.6,1.529,1.057,-0.328,147.219,49.625,35.719,682.0,1,-0.4069,0.3839,0.8186,-0.1300,117.0,-34.5,0.0
767111,2026-08-30_09-21-50.113-240,v3.6.25,3.47,12.0,400,2698,-2509,6664,1589,-2654,7136,2615,-2669,6696,2627,-2844,6762,0,0,0,12,-175,66,187.4,1233.0,1.341,0.018,-0.243,118.984,72.312,95.406,194.7,1,-0.4126,0.4087,0.8032,-0.1331,113.0,-33.6,0.0
767141,2026-08-30_09-21-51.142-240,v3.6.25,3.47,12.0,400,2589,-2258,6858,1258,-2253,7362,2504,-2420,6886,2326,-2444,7038,0,0,0,-178,-24,152,235.3,1548.0,1.269,-0.459,-0.253,151.141,76.297,69.844,234.9,1,-0.4209,0.4325,0.7846,-0.1422,108.8,-32.5,0.0
767191,2026-08-30_09-21-51.193-240,v3.6.25,3.47,12.0,400,2339,-1795,7057,1258,-2253,7362,2249,-1956,7078,2326,-2444,7038,0,0,0,77,-488,-40,495.7,3260.9,0.968,-0.422,-0.122,200.938,59.859,-14.625,453.4,1,-0.4337,0.4483,0.7638,-0.1660,105.0,-30.9,0.0
767220,2026-08-30_09-21-51.221-240,v3.6.25,3.47,12.0,400,2339,-1795,7057,1194,-1780,7483,2249,-1956,7078,2272,-1972,7166,0,0,0,23,-16,88,92.4,607.6,0.835,0.340,-0.083,177.578,34.031,-34.156,115.0,1,-0.4438,0.4584,0.7463,-0.1898,102.3,-29.2,0.0
767272,2026-08-30_09-21-51.274-240,v3.6.25,3.47,12.0,400,2677,-1487,6990,1737,-1572,7412,2586,-1650,7008,2799,-1764,7004,0,0,0,213,-114,-4,241.6,1589.6,0.791,0.884,0.144,17.609,-22.141,23.344,240.2,1,-0.4394,0.4621,0.7459,-0.1926,102.3,-28.5,0.0
767306,2026-08-30_09-21-51.308-240,v3.6.25,3.47,12.0,400,3038,-1460,6875,1737,-1572,7412,2948,-1625,6893,2799,-1764,7004,0,0,0,-149,-139,111,232.0,1526.6,0.959,0.281,0.202,-76.859,-54.906,37.781,232.2,1,-0.4285,0.4595,0.7558,-0.1846,103.9,-28.6,0.0
767351,2026-08-30_09-21-51.353-240,v3.6.25,3.47,12.0,400,2786,-1760,6904,1693,-1811,7390,2698,-1923,6925,2756,-2002,6990,0,0,0,58,-79,65,117.6,773.7,1.081,-0.202,-0.031,-115.641,-84.109,-28.672,136.1,1,-0.4188,0.4441,0.7716,-0.1789,107.0,-29.2,0.0
767381,2026-08-30_09-21-51.382-240,v3.6.25,3.47,12.0,400,2709,-2248,6741,1481,-2305,7257,2624,-2409,6769,2532,-2496,6898,0,0,0,-92,-87,129,180.8,1189.2,1.112,-0.052,-0.225,-130.609,-97.484,-60.047,189.1,1,-0.4094,0.4226,0.7895,-0.1747,110.8,-29.9,0.0
767431,2026-08-30_09-21-51.433-240,v3.6.25,3.47,12.0,400,2709,-2248,6741,1724,-2917,6966,2624,-2409,6769,2739,-3107,6574,0,0,0,115,-698,-195,733.8,4827.6,1.199,0.482,-0.428,-171.828,-103.062,-46.609,653.3,1,-0.3973,0.3988,0.8101,-0.1640,115.3,-30.9,0.0
767481,2026-08-30_09-21-51.483-240,v3.6.25,3.47,12.0,400,2905,-2780,6418,1724,-2917,6966,2825,-2939,6455,2739,-3107,6574,0,0,0,-86,-168,119,223.1,1467.9,1.293,0.623,-0.487,-246.719,-79.047,23.672,224.7,1,-0.3820,0.3776,0.8326,-0.1353,120.0,-32.3,0.0
767510,2026-08-30_09-21-51.511-240,v3.6.25,3.47,12.0,400,2914,-3238,6234,1766,-3426,6737,2838,-3395,6277,2754,-3616,6344,0,0,0,-84,-221,67,245.7,1616.7,1.349,0.305,-0.560,-271.828,-55.109,61.266,243.7,1,-0.3664,0.3588,0.8529,-0.0981,124.7,-33.7,0.0
767538,2026-08-30_09-21-51.540-240,v3.6.25,3.47,12.0,400,2476,-3478,6326,1766,-3426,6737,2400,-3632,6371,2754,-3616,6344,0,0,0,354,16,-27,355.4,2338.1,1.276,0.082,-0.357,-259.812,-30.062,67.062,335.7,1,-0.3536,0.3415,0.8687,-0.0602,129.1,-35.0,0.0
767581,2026-08-30_09-21-51.582-240,v3.6.25,3.47,12.0,400,2476,-3478,6326,1284,-3644,6742,2400,-3632,6371,2277,-3835,6431,0,0,0,-123,-203,60,244.8,1610.7,1.173,0.037,-0.353,-200.938,-0.375,38.094,242.9,1,-0.3476,0.3262,0.8785,-0.0308,132.5,-36.2,0.0
767611,2026-08-30_09-21-51.613-240,v3.6.25,3.47,12.0,400,2001,-3493,6458,783,-3629,6824,1924,-3644,6503,1789,-3822,6596,0,0,0,-135,-178,93,242.0,1592.0,0.924,-0.026,-0.370,-148.719,11.516,18.844,240.5,1,-0.3453,0.3135,0.8845,-0.0095,135.2,-37.2,0.0
767656,2026-08-30_09-21-51.658-240,v3.6.25,3.47,12.0,400,1816,-3385,6558,783,-3629,6824,1738,-3535,6601,1789,-3822,6596,0,0,0,51,-287,-5,291.5,1918.0,0.688,-0.429,-0.283,-20.734,8.703,-34.016,282.1,1,-0.3484,0.3072,0.8855,-0.0106,135.9,-37.6,0.0
767689,2026-08-30_09-21-51.691-240,v3.6.25,3.47,12.0,400,1816,-3385,6558,684,-3502,6899,1738,-3535,6601,1699,-3695,6686,0,0,0,-39,-160,85,185.3,1219.3,0.803,-0.608,-0.213,116.594,5.672,-104.672,193.0,1,-0.3577,0.3058,0.8816,-0.0370,134.6,-37.4,0.0
767717,2026-08-30_09-21-51.719-240,v3.6.25,3.47,12.0,400,2081,-3305,6486,684,-3502,6899,2003,-3457,6528,1699,-3695,6686,0,0,0,-304,-238,158,417.2,2744.5,0.892,-0.247,-0.307,217.469,12.797,-140.844,387.5,1,-0.3714,0.3095,0.8717,-0.0797,131.6,-36.7,0.0
767744,2026-08-30_09-21-51.745-240,v3.6.25,3.47,12.0,400,2081,-3305,6486,1356,-3450,6795,2003,-3457,6528,2354,-3641,6470,0,0,0,351,-184,-58,400.5,2635.0,1.070,0.169,-0.463,274.281,29.578,-137.188,373.6,1,-0.3874,0.3187,0.8555,-0.1283,127.6,-35.5,0.0
767846,2026-08-30_09-21-51.848-240,v3.6.25,3.47,12.0,400,3857,-3214,5645,3215,-3305,6227,3784,-3372,5692,4115,-3494,5601,0,0,0,331,-122,-91,364.3,2396.8,1.351,0.925,-0.311,264.516,101.219,-21.375,343.2,1,-0.4060,0.3430,0.8318,-0.1602,121.8,-34.4,0.0
767891,2026-08-30_09-21-51.893-240,v3.6.25,3.47,12.0,400,4313,-3102,5421,3215,-3305,6227,4241,-3260,5468,4115,-3494,5601,0,0,0,-126,-234,133,297.2,1955.2,0.895,1.570,-0.356,145.781,82.125,104.047,286.9,1,-0.4119,0.3723,0.8151,-0.1656,117.3,-33.2,0.0
767919,2026-08-30_09-21-51.921-240,v3.6.25,3.47,12.0,400,4253,-2960,5668,3305,-3131,6314,4179,-3122,5712,4216,-3320,5670,0,0,0,37,-198,-42,205.8,1353.7,0.518,0.908,-0.352,46.609,42.969,198.859,210.1,1,-0.4043,0.4039,0.8064,-0.1518,114.1,-32.0,0.0
767952,2026-08-30_09-21-51.954-240,v3.6.25,3.47,12.0,400,4253,-2960,5668,3305,-3131,6314,4179,-3122,5712,4216,-3320,5670,0,0,0,37,-198,-42,205.8,1353.7,0.281,-0.385,-0.223,-4.297,-14.047,191.297,210.1,1,-0.3885,0.4282,0.8044,-0.1365,112.6,-30.5,0.0
768010,2026-08-30_09-21-51.012-240,v3.6.25,3.47,12.0,400,3188,-3053,6285,2141,-3186,6793,3111,-3214,6326,3133,-3374,6335,0,0,0,22,-160,9,161.8,1064.2,0.528,-0.465,-0.284,-4.594,-75.672,34.906,173.2,1,-0.3757,0.4305,0.8088,-0.1393,113.4,-29.2,0.0
768066,2026-08-30_09-21-51.067-240,v3.6.25,3.47,12.0,400,2089,-3991,6089,1107,-3639,6756,2016,-4138,6142,2102,-3831,6475,0,0,0,86,307,333,461.0,3033.0,1.116,0.566,-0.181,-114.047,-79.109,12.594,424.4,1,-0.3620,0.4200,0.8220,-0.1299,116.2,-29.1,0.0
768107,2026-08-30_09-21-51.109-240,v3.6.25,3.47,12.0,400,2089,-3991,6089,981,-4223,6414,2016,-4138,6142,1930,-4417,6164,0,0,0,-86,-279,22,292.8,1926.2,1.456,0.445,-0.446,-206.703,-43.953,37.297,283.2,1,-0.3496,0.4043,0.8387,-0.1038,119.7,-30.2,0.0
768136,2026-08-30_09-21-52.138-240,v3.6.25,3.47,12.0,400,1930,-4353,5883,806,-4554,6226,1860,-4495,5941,1730,-4750,6011,0,0,0,-130,-255,70,294.7,1938.6,1.728,0.195,-0.691,-247.766,-8.531,47.734,284.7,1,-0.3404,0.3860,0.8546,-0.0689,123.6,-31.9,0.0
768183,2026-08-30_09-21-52.186-240,v3.6.25,3.47,12.0,400,1706,-4342,5988,806,-4554,6226,1635,-4483,6046,1730,-4750,6011,0,0,0,95,-267,-35,285.6,1878.6,1.593,-0.235,-0.798,-259.875,47.188,55.359,277.1,1,-0.3381,0.3674,0.8660,-0.0279,127.4,-34.4,0.0
768217,2026-08-30_09-21-52.218-240,v3.6.25,3.47,12.0,400,1706,-4342,5988,520,-4402,6389,1635,-4483,6046,1468,-4598,6218,0,0,0,-167,-115,172,265.9,1749.3,1.329,-0.896,-0.576,-191.766,60.797,3.141,260.6,1,-0.3422,0.3487,0.8725,-0.0000,130.7,-36.7,0.0
768243,2026-08-30_09-21-52.246-240,v3.6.25,3.47,12.0,400,1465,-4004,6297,520,-4402,6389,1390,-4147,6349,1468,-4598,6218,0,0,0,78,-451,-131,476.1,3132.1,0.619,-0.560,-0.337,-117.641,40.547,-53.156,437.0,1,-0.3482,0.3300,0.8773,0.0113,133.4,-38.2,0.0
768272,2026-08-30_09-21-52.275-240,v3.6.25,3.47,12.0,400,1465,-4004,6297,401,-3966,6714,1390,-4147,6349,1395,-4161,6554,0,0,0,5,-14,205,205.5,1352.2,0.357,0.058,-0.144,-79.906,0.312,-60.406,209.9,1,-0.3494,0.3141,0.8827,0.0151,135.8,-38.8,0.0
768321,2026-08-30_09-21-52.323-240,v3.6.25,3.47,12.0,400,1720,-3692,6393,808,-3864,6672,1644,-3839,6440,1793,-4057,6444,0,0,0,149,-218,4,264.1,1737.4,0.283,0.186,-0.386,-47.094,-68.531,-28.547,259.1,1,-0.3394,0.3056,0.8895,0.0143,137.5,-37.8,0.0
768354,2026-08-30_09-21-52.356-240,v3.6.25,3.47,12.0,400,2015,-3836,6209,808,-3864,6672,1941,-3984,6259,1793,-4057,6444,0,0,0,-148,-73,185,247.9,1631.0,0.508,-0.053,-0.416,6.484,-96.359,-51.594,245.5,1,-0.3276,0.2999,0.8960,0.0024,138.5,-36.0,0.0
768385,2026-08-30_09-21-52.387-240,v3.6.25,3.47,12.0,400,2213,-4387,5689,1062,-4356,6253,2144,-4529,5749,1987,-4551,5993,0,0,0,-157,-22,244,291.0,1914.3,0.797,-0.142,-0.418,81.328,-97.344,-97.750,281.7,1,-0.3194,0.2962,0.8998,-0.0240,138.5,-34.1,0.0
768422,2026-08-30_09-21-52.424-240,v3.6.25,3.47,12.0,400,2213,-4387,5689,1682,-5010,5574,2144,-4529,5749,2506,-5208,5227,0,0,0,362,-679,-522,929.8,6117.2,1.167,0.653,-0.319,163.109,-61.625,-118.234,817.8,1,-0.3192,0.2986,0.8974,-0.0610,137.1,-32.4,0.0
768476,2026-08-30_09-21-52.477-240,v3.6.25,3.47,12.0,400,2743,-4926,4960,1682,-5010,5574,2680,-5062,5032,2506,-5208,5227,0,0,0,-174,-146,195,299.4,1969.5,1.427,1.442,-0.500,99.953,18.953,24.766,288.7,1,-0.3229,0.3128,0.8905,-0.0703,134.7,-32.1,0.0
768506,2026-08-30_09-21-52.508-240,v3.6.25,3.47,12.0,400,2959,-5151,4679,2093,-5311,5209,2898,-5286,4755,2862,-5510,4802,0,0,0,-36,-224,47,231.7,1524.3,1.227,0.847,-0.549,55.375,48.375,114.125,231.9,1,-0.3257,0.3337,0.8824,-0.0627,131.9,-32.2,0.0
768535,2026-08-30_09-21-52.536-240,v3.6.25,3.47,12.0,400,2368,-5065,5175,2093,-5311,5209,2305,-5201,5247,2862,-5510,4802,0,0,0,557,-309,-445,777.0,5112.0,1.189,0.036,-0.456,66.750,65.797,131.922,689.6,1,-0.3302,0.3581,0.8717,-0.0539,128.5,-32.5,0.0
768582,2026-08-30_09-21-52.583-240,v3.6.25,3.47,12.0,400,2368,-5065,5175,1385,-5208,5612,2305,-5201,5247,2220,-5405,5315,0,0,0,-85,-204,68,231.2,1521.2,1.100,-0.408,-0.495,144.266,71.531,82.625,231.5,1,-0.3400,0.3840,0.8564,-0.0597,124.2,-32.4,0.0
768651,2026-08-30_09-21-52.652-240,v3.6.25,3.47,12.0,400,1228,-4332,6105,452,-4806,6081,1155,-4470,6162,1357,-5005,5930,0,0,0,202,-535,-232,617.1,4060.1,0.815,0.010,-0.683,203.312,35.641,-13.188,555.4,1,-0.3516,0.4028,0.8408,-0.0846,120.2,-31.5,0.0
768691,2026-08-30_09-21-52.693-240,v3.6.25,3.47,12.0,400,1228,-4332,6105,156,-4412,6425,1155,-4470,6162,1110,-4610,6315,0,0,0,-45,-140,153,212.2,1396.1,0.789,0.075,-0.653,129.906,-5.703,18.203,215.5,1,-0.3530,0.4175,0.8313,-0.1000,117.7,-30.2,0.0
768719,2026-08-30_09-21-52.721-240,v3.6.25,3.47,12.0,400,1240,-4151,6214,77,-4306,6417,1166,-4290,6268,1027,-4505,6320,0,0,0,-139,-215,52,261.2,1718.7,0.695,-0.013,-0.505,80.172,-34.688,23.469,256.7,1,-0.3485,0.4274,0.8268,-0.1108,116.5,-28.8,0.0
768766,2026-08-30_09-21-52.767-240,v3.6.25,3.47,12.0,400,1048,-4322,6129,77,-4306,6417,974,-4458,6185,1027,-4505,6320,0,0,0,53,-47,135,152.5,1003.0,0.823,0.040,-0.368,0.625,-64.297,9.547,165.4,1,-0.3391,0.4275,0.8301,-0.1151,117.2,-27.7,0.0
768796,2026-08-30_09-21-52.798-240,v3.6.25,3.47,12.0,400,1048,-4322,6129,-111,-4647,6168,974,-4458,6185,804,-4849,6110,0,0,0,-170,-391,-75,432.9,2848.1,1.041,0.126,-0.205,-61.406,-63.641,3.938,400.8,1,-0.3288,0.4209,0.8379,-0.1123,118.9,-27.2,0.0
768824,2026-08-30_09-21-52.826-240,v3.6.25,3.47,12.0,400,922,-4717,5829,-111,-4647,6168,851,-4847,5892,804,-4849,6110,0,0,0,-47,-2,218,223.0,1467.2,1.300,0.017,-0.219,-114.234,-49.578,-9.516,224.6,1,-0.3205,0.4076,0.8488,-0.1033,121.4,-27.4,0.0
768852,2026-08-30_09-21-52.854-240,v3.6.25,3.47,12.0,400,967,-5047,5530,-113,-5076,5815,899,-5173,5599,751,-5280,5766,0,0,0,-148,-107,167,247.5,1628.1,1.411,-0.115,-0.343,-150.969,-28.766,-24.250,245.1,1,-0.3154,0.3890,0.8609,-0.0897,124.5,-28.2,0.0
768896,2026-08-30_09-21-52.897-240,v3.6.25,3.47,12.0,400,967,-5047,5530,190,-5258,5655,899,-5173,5599,1032,-5462,5559,0,0,0,133,-289,-40,320.6,2109.5,1.232,-0.141,-0.628,-189.562,2.375,-31.406,306.5,1,-0.3144,0.3656,0.8733,-0.0699,128.1,-29.9,0.0
768942,2026-08-30_09-21-52.943-240,v3.6.25,3.47,12.0,400,1294,-5131,5403,190,-5258,5655,1228,-5259,5474,1032,-5462,5559,0,0,0,-196,-203,85,294.7,1938.8,1.179,0.007,-0.622,-213.828,22.422,-34.703,284.8,1,-0.3157,0.3391,0.8850,-0.0460,132.2,-31.8,0.0
768971,2026-08-30_09-21-52.973-240,v3.6.25,3.47,12.0,400,1713,-4963,5431,647,-5143,5753,1647,-5096,5500,1503,-5343,5577,0,0,0,-144,-247,77,296.1,1948.0,0.978,0.167,-0.600,-223.609,27.062,-34.000,285.9,1,-0.3171,0.3112,0.8957,-0.0204,136.7,-33.7,0.0
769006,2026-08-30_09-21-52.007-240,v3.6.25,3.47,12.0,400,1713,-4963,5431,647,-5143,5753,1647,-5096,5500,1503,-5343,5577,0,0,0,-144,-247,77,296.1,1948.0,1.014,0.423,-0.622,-248.172,22.312,-2.484,285.9,1,-0.3150,0.2840,0.9055,0.0116,141.6,-35.2,0.0
769035,2026-08-30_09-21-52.037-240,v3.6.25,3.47,12.0,400,2120,-4665,5578,1091,-4831,5950,2053,-4805,5642,1975,-5027,5694,0,0,0,-78,-222,52,241.0,1585.4,1.006,0.431,-0.688,-268.391,13.641,24.844,239.7,1,-0.3093,0.2576,0.9141,0.0486,146.9,-36.2,0.0
769064,2026-08-30_09-21-52.066-240,v3.6.25,3.47,12.0,400,2199,-4412,5758,1091,-4831,5950,2130,-4555,5818,1975,-5027,5694,0,0,0,-155,-472,-124,512.0,3368.7,0.727,0.002,-0.718,-262.516,-2.938,21.062,467.2,1,-0.3007,0.2310,0.9215,0.0835,152.2,-36.4,0.0
769111,2026-08-30_09-21-52.112-240,v3.6.25,3.47,12.0,400,2199,-4412,5758,1172,-4592,6149,2130,-4555,5818,2084,-4786,5874,0,0,0,-46,-231,56,242.1,1592.8,0.704,-0.562,-0.456,-158.734,-42.547,-72.375,240.6,1,-0.2912,0.2047,0.9299,0.0929,156.4,-35.4,0.0
769138,2026-08-30_09-21-53.140-240,v3.6.25,3.47,12.0,400,2296,-4379,5713,1341,-4553,6090,2227,-4523,5773,2243,-4748,5787,0,0,0,16,-225,14,226.0,1486.9,0.598,-0.122,-0.351,-76.734,-69.328,-129.891,227.1,1,-0.2810,0.1809,0.9387,0.0845,159.4,-33.9,0.0
769176,2026-08-30_09-21-53.177-240,v3.6.25,3.47,12.0,400,3008,-4615,5100,1341,-4553,6090,2943,-4756,5167,2243,-4748,5787,0,0,0,-700,8,620,935.1,6152.2,0.399,0.575,-0.285,0.203,-94.969,-135.688,822.2,1,-0.2685,0.1655,0.9467,0.0653,160.8,-32.0,0.0
769290,2026-08-30_09-21-53.292-240,v3.6.25,3.47,12.0,400,3598,-5527,3651,2918,-5333,4660,3543,-5651,3739,3595,-5535,4126,0,0,0,52,116,387,407.3,2679.9,0.855,1.011,-0.484,150.234,-35.531,34.969,379.3,1,-0.2660,0.1883,0.9441,0.0498,157.3,-31.4,0.0
769321,2026-08-30_09-21-53.323-240,v3.6.25,3.47,12.0,400,3598,-5527,3651,2769,-5875,4097,3543,-5651,3739,3362,-6083,3603,0,0,0,-181,-432,-136,487.7,3208.8,0.826,1.042,-0.536,136.984,-7.453,118.594,446.8,1,-0.2655,0.2193,0.9377,0.0467,153.1,-31.2,0.0
769533,2026-08-30_09-21-53.534-240,v3.6.25,3.47,12.0,400,-251,-5575,5160,-1752,-5152,5443,-318,-5681,5237,-951,-5372,5681,0,0,0,-633,309,444,832.6,5478.0,0.877,0.620,-0.385,111.203,51.859,146.562,736.2,1,-0.2730,0.2500,0.9275,0.0523,149.1,-32.2,0.0
769585,2026-08-30_09-21-53.587-240,v3.6.25,3.47,12.0,400,-839,-5032,5622,-1752,-5152,5443,-912,-5137,5690,-951,-5372,5681,0,0,0,-39,-235,-9,238.4,1568.3,0.455,-0.634,-0.236,2.266,25.094,220.562,237.5,1,-0.2703,0.2772,0.9187,0.0780,146.3,-32.7,0.0
769699,2026-08-30_09-21-53.700-240,v3.6.25,3.47,12.0,400,-3771,-4063,5233,-4320,-4057,4754,-3862,-4121,5292,-3664,-4311,5441,0,0,0,198,-190,149,312.3,2054.3,0.423,-1.285,-0.397,20.781,-22.844,-98.406,299.5,1,-0.2714,0.2685,0.9222,0.0621,146.9,-32.3,0.0
769742,2026-08-30_09-21-53.744-240,v3.6.25,3.47,12.0,400,-3771,-4063,5233,-4520,-4120,4667,-3862,-4121,5292,-3878,-4376,5390,0,0,0,-16,-255,98,273.7,1800.3,0.543,-0.479,-0.478,-2.953,-32.734,-168.391,267.1,1,-0.2725,0.2483,0.9286,0.0408,148.9,-31.8,0.0
770052,2026-08-30_09-21-53.053-240,v3.6.25,3.47,12.0,400,4779,-5226,2713,4157,-5416,3500,4725,-5346,2804,4640,-5628,2784,0,0,0,-85,-282,-20,295.2,1942.2,0.261,1.366,-1.179,-342.500,8.156,252.219,285.2,1,-0.2554,0.2384,0.9302,0.1121,152.9,-31.9,0.0
770109,2026-08-30_09-21-53.110-240,v3.6.25,3.47,12.0,400,4518,-4854,3840,3854,-5017,4523,4460,-4991,3919,4502,-5218,3833,0,0,0,42,-227,-86,246.4,1620.7,0.080,0.052,-0.966,-318.141,11.234,342.641,244.2,1,-0.2364,0.2407,0.9220,0.1902,155.4,-31.8,0.0
770228,2026-08-30_09-21-54.229-240,v3.6.25,3.47,12.0,400,755,-4972,5640,209,-4860,6013,686,-5097,5707,1103,-5061,5905,0,0,0,417,36,198,463.0,3046.2,0.956,0.075,-0.202,72.875,-71.531,31.672,426.0,1,-0.2285,0.2557,0.9216,0.1821,153.1,-30.9,0.0
770266,2026-08-30_09-21-54.268-240,v3.6.25,3.47,12.0,400,755,-4972,5640,-335,-5203,5691,686,-5097,5707,511,-5410,5683,0,0,0,-175,-313,-24,359.4,2364.5,0.906,-0.170,-0.390,91.031,-80.766,43.359,339.1,1,-0.2197,0.2743,0.9201,0.1727,150.3,-29.9,0.0
770294,2026-08-30_09-21-54.295-240,v3.6.25,3.47,12.0,400,371,-5343,5329,-734,-5606,5224,303,-5459,5403,41,-5820,5296,0,0,0,-262,-361,-107,458.7,3017.8,0.824,-0.344,-0.556,118.688,-84.875,27.844,422.4,1,-0.2120,0.2945,0.9184,0.1580,147.2,-28.8,0.0
770345,2026-08-30_09-21-54.347-240,v3.6.25,3.47,12.0,400,-79,-5698,4949,-734,-5606,5224,-144,-5802,5029,41,-5820,5296,0,0,0,185,-18,267,325.3,2140.3,0.601,-0.592,-1.182,197.969,-94.641,-62.469,310.5,1,-0.2093,0.3140,0.9179,0.1226,143.7,-27.5,0.0
770376,2026-08-30_09-21-54.378-240,v3.6.25,3.47,12.0,400,-79,-5698,4949,-1065,-5957,4742,-144,-5802,5029,-364,-6178,4882,0,0,0,-220,-376,-147,459.8,3024.8,0.456,-0.248,-1.279,244.453,-91.766,-128.719,423.3,1,-0.2113,0.3308,0.9167,0.0741,140.3,-25.9,0.0
770423,2026-08-30_09-21-54.426-240,v3.6.25,3.47,12.0,400,-196,-6032,4538,-810,-6289,4322,-259,-6128,4625,-173,-6513,4430,0,0,0,86,-385,-195,440.1,2895.1,0.781,1.000,-0.963,189.625,-68.375,-108.500,406.8,1,-0.2131,0.3422,0.9144,0.0359,137.9,-24.5,0.0
770460,2026-08-30_09-21-54.462-240,v3.6.25,3.47,12.0,400,116,-6316,4128,-810,-6289,4322,55,-6409,4221,-173,-6513,4430,0,0,0,-228,-104,209,326.3,2146.8,0.844,0.681,-0.529,68.812,-55.859,-14.234,311.3,1,-0.2078,0.3493,0.9134,0.0230,136.8,-23.3,0.0
770488,2026-08-30_09-21-54.490-240,v3.6.25,3.47,12.0,400,113,-6520,3805,-579,-6556,3955,54,-6607,3903,0,-6782,4033,0,0,0,-54,-175,130,224.6,1477.6,0.733,0.428,-0.718,3.312,-51.828,13.375,225.9,1,-0.1996,0.3516,0.9144,0.0209,136.7,-22.3,0.0
770585,2026-08-30_09-21-54.586-240,v3.6.25,3.47,12.0,400,249,-6842,3208,-397,-6898,3297,193,-6921,3314,78,-7131,3361,0,0,0,-115,-210,47,244.0,1605.2,1.087,0.200,-0.985,-124.688,-3.219,-35.953,242.2,1,-0.1973,0.3327,0.9217,0.0299,139.4,-22.6,0.0
770637,2026-08-30_09-21-54.638-240,v3.6.25,3.47,12.0,400,249,-6842,3208,-397,-6898,3297,193,-6921,3314,78,-7131,3361,0,0,0,-115,-210,47,244.0,1605.2,1.104,0.486,-1.173,-174.484,51.391,-28.406,242.2,1,-0.2016,0.3080,0.9285,0.0485,142.8,-23.8,0.0
770677,2026-08-30_09-21-54.679-240,v3.6.25,3.47,12.0,400,847,-6777,3241,265,-6864,3472,792,-6863,3346,770,-7091,3419,0,0,0,-22,-228,73,240.4,1581.6,1.111,0.136,-1.107,-180.656,85.641,-3.875,239.2,1,-0.2101,0.2847,0.9325,0.0725,146.3,-25.7,0.0
770703,2026-08-30_09-21-54.705-240,v3.6.25,3.47,12.0,400,1524,-6452,3673,918,-6470,4093,1469,-6554,3771,1521,-6686,3914,0,0,0,52,-132,143,201.4,1325.2,0.707,-0.087,-0.904,-148.812,98.594,-2.203,206.5,1,-0.2216,0.2650,0.9338,0.0935,149.2,-27.6,0.0
770755,2026-08-30_09-21-54.757-240,v3.6.25,3.47,12.0,400,1993,-5923,4262,918,-6470,4093,1935,-6040,4350,1521,-6686,3914,0,0,0,-414,-646,-436,882.5,5805.9,1.259,-0.475,-0.355,-24.500,93.781,-45.188,778.1,1,-0.2380,0.2555,0.9322,0.0947,150.3,-29.5,0.0
770793,2026-08-30_09-21-54.795-240,v3.6.25,3.47,12.0,400,1993,-5923,4262,1296,-5917,4812,1935,-6040,4350,2010,-6123,4550,0,0,0,75,-83,200,229.2,1507.6,0.911,-0.377,-0.283,62.375,82.281,-60.328,229.8,1,-0.2561,0.2548,0.9287,0.0832,149.8,-31.2,0.0
770820,2026-08-30_09-21-54.821-240,v3.6.25,3.47,12.0,400,2390,-5432,4687,1661,-5425,5234,2330,-5561,4766,2437,-5625,4899,0,0,0,107,-64,133,182.3,1199.4,0.600,-0.353,-0.635,127.844,55.469,-80.125,190.4,1,-0.2727,0.2596,0.9244,0.0602,148.0,-32.4,0.0
770873,2026-08-30_09-21-54.874-240,v3.6.25,3.47,12.0,400,2791,-5179,4731,1661,-5425,5234,2730,-5313,4807,2437,-5625,4899,0,0,0,-293,-312,92,437.8,2880.2,0.020,0.384,-0.897,225.328,-0.312,-89.906,404.9,1,-0.2833,0.2743,0.9187,0.0223,144.5,-32.2,0.0
770901,2026-08-30_09-21-54.903-240,v3.6.25,3.47,12.0,400,2791,-5179,4731,2097,-5323,5139,2730,-5313,4807,2855,-5523,4733,0,0,0,125,-210,-74,255.3,1679.9,0.230,0.672,-0.928,223.672,-26.641,-49.016,251.7,1,-0.2874,0.2936,0.9116,-0.0121,140.7,-31.1,0.0
770951,2026-08-30_09-21-54.952-240,v3.6.25,3.47,12.0,400,3080,-5309,4340,2181,-5698,4664,3021,-5439,4420,2866,-5902,4256,0,0,0,-155,-463,-164,515.1,3388.6,0.860,0.446,-0.658,194.234,-64.266,15.297,469.7,1,-0.2815,0.3172,0.9048,-0.0378,137.1,-29.0,0.0
770990,2026-08-30_09-21-54.991-240,v3.6.25,3.47,12.0,400,2801,-5774,3983,2181,-5698,4664,2745,-5895,4071,2866,-5902,4256,0,0,0,121,-7,185,221.2,1455.0,0.874,0.577,-0.622,162.844,-75.422,41.016,223.1,1,-0.2714,0.3399,0.8986,-0.0574,134.1,-26.7,0.0
771016,2026-08-30_09-21-54.018-240,v3.6.25,3.47,12.0,400,2161,-6292,3578,1631,-6262,4124,2107,-6399,3675,2236,-6474,3823,0,0,0,129,-75,148,210.2,1382.7,0.791,0.773,-0.652,115.391,-83.953,74.188,213.8,1,-0.2569,0.3608,0.8940,-0.0680,131.8,-24.2,0.0
771211,2026-08-30_09-21-55.212-240,v3.6.25,3.47,12.0,400,-265,-7197,2388,-776,-7227,2342,-319,-7255,2503,-456,-7475,2493,0,0,0,-137,-220,-10,259.4,1706.3,0.653,0.083,-0.984,-253.812,45.531,190.266,255.1,1,-0.2474,0.3545,0.9016,-0.0141,134.1,-25.9,0.0
771240,2026-08-30_09-21-55.242-240,v3.6.25,3.47,12.0,400,-475,-7224,2321,-918,-7220,2298,-530,-7278,2437,-606,-7470,2475,0,0,0,-76,-192,38,210.0,1381.3,0.787,-0.033,-0.858,-249.250,72.062,207.500,213.7,1,-0.2405,0.3497,0.9045,0.0428,136.3,-27.7,0.0
771278,2026-08-30_09-21-55.279-240,v3.6.25,3.47,12.0,400,-641,-7099,2628,-918,-7220,2298,-697,-7156,2740,-606,-7470,2475,0,0,0,91,-314,-265,420.8,2768.7,0.216,-0.413,-1.136,-205.359,82.266,195.297,390.6,1,-0.2371,0.3474,0.9024,0.0935,138.0,-29.5,0.0
771320,2026-08-30_09-21-55.322-240,v3.6.25,3.47,12.0,400,-641,-7099,2628,-1233,-7096,2657,-697,-7156,2740,-863,-7343,2878,0,0,0,-166,-187,138,285.6,1879.0,0.618,-0.461,-0.654,-114.234,69.953,105.031,277.1,1,-0.2391,0.3452,0.8993,0.1224,139.0,-31.0,0.0
771351,2026-08-30_09-21-55.353-240,v3.6.25,3.47,12.0,400,-966,-6886,3007,-1584,-6878,3000,-1025,-6946,3114,-1161,-7123,3272,0,0,0,-136,-177,158,273.5,1799.2,0.391,-0.030,-0.911,-85.531,51.516,69.797,267.0,1,-0.2410,0.3423,0.8968,0.1431,140.0,-32.0,0.0
771395,2026-08-30_09-21-55.396-240,v3.6.25,3.47,12.0,400,-1113,-6749,3286,-1584,-6878,3000,-1174,-6812,3390,-1161,-7123,3272,0,0,0,13,-311,-118,332.9,2190.0,0.292,0.227,-0.424,-73.141,24.062,49.219,316.8,1,-0.2398,0.3390,0.8958,0.1585,141.0,-32.5,0.0
771422,2026-08-30_09-21-55.424-240,v3.6.25,3.47,12.0,400,-1113,-6749,3286,-1753,-6761,3178,-1174,-6812,3390,-1302,-7005,3474,0,0,0,-128,-193,84,246.4,1620.7,0.305,0.315,-0.627,-65.125,6.172,31.422,244.2,1,-0.2369,0.3350,0.8960,0.1700,141.9,-32.6,0.0
771470,2026-08-30_09-21-55.472-240,v3.6.25,3.47,12.0,400,-1161,-6717,3339,-1773,-6763,3099,-1222,-6780,3442,-1336,-7009,3400,0,0,0,-114,-229,-42,259.2,1705.5,-0.125,0.326,-0.794,-110.406,0.109,80.547,255.0,1,-0.2287,0.3311,0.8951,0.1919,143.2,-32.4,0.0
771514,2026-08-30_09-21-55.515-240,v3.6.25,3.47,12.0,400,-1234,-6763,3182,-1773,-6763,3099,-1295,-6822,3287,-1336,-7009,3400,0,0,0,-41,-187,113,222.3,1462.5,1.650,0.673,-1.649,-93.047,-20.266,32.516,224.0,1,-0.2198,0.3248,0.8968,0.2048,144.6,-31.8,0.0
771541,2026-08-30_09-21-55.543-240,v3.6.25,3.47,12.0,400,-1281,-6862,2906,-1826,-6890,2781,-1341,-6916,3014,-1440,-7140,3099,0,0,0,-99,-224,85,259.2,1705.5,0.865,1.407,-0.555,-138.281,-14.312,83.969,255.0,1,-0.2072,0.3186,0.8961,0.2292,146.2,-31.2,0.0
771580,2026-08-30_09-21-55.581-240,v3.6.25,3.47,12.0,400,-1281,-6862,2906,-1832,-7001,2412,-1341,-6916,3014,-1507,-7256,2740,0,0,0,-166,-340,-274,467.2,3073.4,0.518,1.486,-1.107,-257.938,0.250,231.781,429.5,1,-0.1848,0.3131,0.8871,0.2844,148.5,-30.4,0.0
771632,2026-08-30_09-21-55.633-240,v3.6.25,3.47,12.0,400,-1407,-7001,2549,-1832,-7001,2412,-1467,-7047,2661,-1507,-7256,2740,0,0,0,-40,-209,79,227.0,1493.3,0.095,-0.072,-1.576,-341.438,14.234,364.297,227.9,1,-0.1555,0.3096,0.8653,0.3622,150.9,-29.6,0.0
771661,2026-08-30_09-21-55.663-240,v3.6.25,3.47,12.0,400,-2040,-7072,1893,-2362,-7048,1618,-2101,-7098,2010,-2172,-7319,2055,0,0,0,-71,-221,45,236.4,1555.6,0.255,-0.748,-1.269,-297.203,22.188,312.250,235.9,1,-0.1306,0.3040,0.8413,0.4276,152.9,-28.7,0.0
771690,2026-08-30_09-21-55.691-240,v3.6.25,3.47,12.0,400,-2516,-7109,1174,-2362,-7048,1618,-2579,-7115,1296,-2172,-7319,2055,0,0,0,407,-204,759,885.1,5822.8,0.516,-0.673,-0.831,-221.406,20.594,235.469,780.2,1,-0.1123,0.2988,0.8199,0.4753,154.3,-27.9,0.0
771745,2026-08-30_09-21-55.747-240,v3.6.25,3.47,12.0,400,-2640,-7128,671,-2732,-7066,753,-2703,-7123,797,-2689,-7353,1274,0,0,0,14,-230,477,529.7,3485.1,0.376,-0.401,-0.567,-188.969,20.109,213.078,482.0,1,-0.0968,0.2946,0.7982,0.5164,155.4,-27.3,0.0
771791,2026-08-30_09-21-55.792-240,v3.6.25,3.47,12.0,400,-2640,-7128,671,-2767,-7082,172,-2703,-7123,797,-2823,-7378,712,0,0,0,-120,-255,-85,294.4,1936.6,0.590,-0.054,-0.583,-176.062,12.375,206.312,284.5,1,-0.0814,0.2913,0.7754,0.5543,156.1,-26.7,0.0
771817,2026-08-30_09-21-55.818-240,v3.6.25,3.47,12.0,400,-2726,-7187,141,-2731,-7089,-428,-2789,-7171,271,-2889,-7394,121,0,0,0,-100,-223,-150,286.8,1886.6,0.621,0.238,-0.347,-202.109,13.656,230.000,278.1,1,-0.0631,0.2860,0.7479,0.5957,156.9,-25.8,0.0
771865,2026-08-30_09-21-55.866-240,v3.6.25,3.47,12.0,400,-2682,-7217,-484,-2731,-7089,-428,-2745,-7190,-348,-2889,-7394,121,0,0,0,-144,-204,469,531.3,3495.6,-0.014,-0.034,-0.729,-265.250,24.359,345.594,483.4,1,-0.0399,0.2808,0.7037,0.6514,157.8,-25.0,0.0
771900,2026-08-30_09-21-55.902-240,v3.6.25,3.47,12.0,400,-2682,-7217,-484,-2517,-7096,-1179,-2745,-7190,-348,-2803,-7411,-648,0,0,0,-58,-221,-300,377.1,2480.9,-0.544,-0.134,-0.968,-254.562,7.453,327.594,353.9,1,-0.0152,0.2759,0.6585,0.7000,158.0,-24.0,0.0
771930,2026-08-30_09-21-55.931-240,v3.6.25,3.47,12.0,400,-2496,-7236,-1273,-2051,-7076,-1973,-2558,-7196,-1131,-2472,-7401,-1502,0,0,0,86,-205,-371,432.5,2845.4,0.575,-0.374,-1.419,-251.453,7.734,327.906,400.4,1,0.0089,0.2700,0.6094,0.7454,158.2,-23.1,0.0
771982,2026-08-30_09-21-55.983-240,v3.6.25,3.47,12.0,400,-2075,-7239,-1957,-2051,-7076,-1973,-2136,-7191,-1811,-2472,-7401,-1502,0,0,0,-336,-210,309,502.5,3305.7,0.348,-0.551,-0.928,-222.375,7.828,293.578,459.1,1,0.0299,0.2638,0.5629,0.7827,158.2,-22.3,0.0
772011,2026-08-30_09-21-55.013-240,v3.6.25,3.47,12.0,400,-1513,-7244,-2433,-1373,-7083,-2490,-1572,-7194,-2283,-1881,-7412,-2121,0,0,0,-309,-218,162,411.4,2706.6,0.577,-0.597,-0.965,-202.453,11.141,267.297,382.7,1,0.0486,0.2569,0.5183,0.8142,158.2,-21.6,0.0
772055,2026-08-30_09-21-55.057-240,v3.6.25,3.47,12.0,400,-1513,-7244,-2433,-674,-7096,-2686,-1572,-7194,-2283,-1214,-7424,-2431,0,0,0,358,-230,-148,450.5,2963.9,0.259,-0.535,-0.717,-152.938,18.406,190.766,415.5,1,0.0617,0.2495,0.4853,0.8357,158.3,-20.9,0.0
772102,2026-08-30_09-21-55.103-240,v3.6.25,3.47,12.0,400,-941,-7263,-2618,-674,-7096,-2686,-998,-7216,-2467,-1214,-7424,-2431,0,0,0,-216,-208,36,302.0,1987.0,0.436,-0.394,-0.867,-107.000,17.922,119.531,290.9,1,0.0706,0.2432,0.4637,0.8490,158.4,-20.3,0.0
772132,2026-08-30_09-21-56.134-240,v3.6.25,3.47,12.0,400,-501,-7292,-2615,-160,-7136,-2633,-556,-7251,-2463,-690,-7459,-2466,0,0,0,-134,-208,-3,247.4,1627.9,0.422,-0.005,-0.159,-110.484,13.984,141.609,245.1,1,0.0796,0.2374,0.4378,0.8635,158.4,-19.9,0.0
772159,2026-08-30_09-21-56.161-240,v3.6.25,3.47,12.0,400,-501,-7292,-2615,-160,-7136,-2633,-556,-7251,-2463,-690,-7459,-2466,0,0,0,-134,-208,-3,247.4,1627.9,0.617,0.595,-0.607,-152.234,21.031,210.094,245.1,1,0.0917,0.2291,0.4001,0.8826,158.5,-19.3,0.0
772187,2026-08-30_09-21-56.189-240,v3.6.25,3.47,12.0,400,-104,-7305,-2555,258,-7176,-2494,-157,-7270,-2403,-247,-7494,-2401,0,0,0,-90,-224,2,241.4,1588.2,-0.113,0.927,-1.122,-208.156,16.516,277.859,240.1,1,0.1096,0.2184,0.3490,0.9047,158.3,-18.6,0.0
772215,2026-08-30_09-21-56.216-240,v3.6.25,3.47,12.0,400,436,-7352,-2342,258,-7176,-2494,384,-7328,-2191,-247,-7494,-2401,0,0,0,-631,-166,-210,685.4,4509.4,-0.027,0.604,-1.566,-293.141,19.469,396.688,612.7,1,0.1345,0.2026,0.2736,0.9306,157.7,-17.7,0.0
772266,2026-08-30_09-21-56.268-240,v3.6.25,3.47,12.0,400,436,-7352,-2342,825,-7250,-2135,384,-7328,-2191,383,-7559,-2147,0,0,0,-1,-231,44,235.2,1547.1,-0.005,-0.345,-1.873,-284.781,26.453,345.172,234.8,1,0.1595,0.1847,0.2048,0.9479,156.8,-16.5,0.0
772295,2026-08-30_09-21-56.296-240,v3.6.25,3.47,12.0,400,1177,-7378,-1818,1528,-7305,-1396,1128,-7373,-1670,1214,-7598,-1544,0,0,0,86,-225,126,271.8,1788.4,0.336,-0.597,-1.760,-226.156,41.016,254.203,265.6,1,0.1789,0.1667,0.1528,0.9575,155.9,-15.3,0.0
772331,2026-08-30_09-21-56.332-240,v3.6.25,3.47,12.0,400,1722,-7391,-1140,1528,-7305,-1396,1675,-7406,-997,1214,-7598,-1544,0,0,0,-461,-192,-547,740.7,4872.8,0.070,-0.118,-0.987,-186.906,60.578,199.000,659.1,1,0.1943,0.1473,0.1121,0.9633,155.2,-13.9,0.0
772579,2026-08-30_09-21-56.580-240,v3.6.25,3.47,12.0,400,1298,-7066,2490,270,-6990,3154,1247,-7145,2603,724,-7221,3108,0,0,0,-523,-76,505,731.0,4809.1,0.185,-0.124,-0.710,-136.672,61.219,222.234,650.9,1,0.2000,0.1287,0.0704,0.9687,155.4,-12.8,0.0
772627,2026-08-30_09-21-56.629-240,v3.6.25,3.47,12.0,400,648,-6862,3174,270,-6990,3154,593,-6945,3280,724,-7221,3108,0,0,0,131,-276,-172,350.6,2306.6,0.647,-0.104,-1.004,-79.438,47.531,135.609,331.7,1,0.2022,0.1159,0.0455,0.9714,155.6,-11.9,0.0
772685,2026-08-30_09-21-56.687-240,v3.6.25,3.47,12.0,400,-69,-6680,3586,-629,-6779,3581,-127,-6761,3687,-108,-7010,3677,0,0,0,19,-249,-10,249.9,1644.2,0.737,0.163,-0.381,-78.000,23.781,104.281,247.2,1,0.2064,0.1080,0.0249,0.9722,155.5,-11.5,0.0
772714,2026-08-30_09-21-56.715-240,v3.6.25,3.47,12.0,400,-579,-6552,3749,-1254,-6613,3682,-639,-6630,3847,-720,-6847,3881,0,0,0,-81,-217,34,234.1,1540.2,0.607,0.158,-0.629,-89.094,24.156,90.688,233.9,1,0.2132,0.1001,0.0056,0.9719,155.0,-11.1,0.0
772742,2026-08-30_09-21-56.744-240,v3.6.25,3.47,12.0,400,-957,-6463,3830,-1254,-6613,3682,-1019,-6537,3927,-720,-6847,3881,0,0,0,299,-310,-46,433.1,2849.7,0.666,0.075,-0.898,-95.047,23.891,68.922,401.0,1,0.2223,0.0928,-0.0107,0.9705,154.1,-10.7,0.0
772791,2026-08-30_09-21-56.793-240,v3.6.25,3.47,12.0,400,-957,-6463,3830,-1660,-6527,3654,-1019,-6537,3927,-1133,-6765,3922,0,0,0,-114,-228,-5,255.0,1677.4,0.685,-0.330,-0.979,-91.328,12.797,-0.406,251.4,1,0.2357,0.0897,-0.0168,0.9675,152.6,-10.5,0.0
772819,2026-08-30_09-21-56.820-240,v3.6.25,3.47,12.0,400,-1080,-6442,3843,-1729,-6515,3718,-1143,-6515,3939,-1192,-6752,3996,0,0,0,-49,-237,57,248.6,1635.8,1.006,-0.617,-0.793,-19.016,28.531,-40.469,246.1,1,0.2408,0.0866,-0.0111,0.9666,151.9,-9.9,0.0
772857,2026-08-30_09-21-56.859-240,v3.6.25,3.47,12.0,400,-824,-6378,4015,-1729,-6515,3718,-887,-6457,4109,-1192,-6752,3996,0,0,0,-305,-295,-113,439.1,2888.9,0.935,-0.389,-0.593,48.766,46.359,-107.609,406.0,1,0.2403,0.0843,0.0105,0.9670,151.8,-9.1,0.0
772904,2026-08-30_09-21-56.905-240,v3.6.25,3.47,12.0,400,-180,-6196,4361,-1358,-6423,4047,-242,-6289,4451,-766,-6654,4255,0,0,0,-524,-365,-196,668.0,4394.7,1.000,0.295,-0.502,87.297,67.703,-135.625,598.1,1,0.2356,0.0805,0.0406,0.9677,152.2,-7.8,0.0
772945,2026-08-30_09-21-56.947-240,v3.6.25,3.47,12.0,400,-180,-6196,4361,-634,-6179,4604,-242,-6289,4451,48,-6398,4675,0,0,0,290,-109,224,382.3,2515.2,0.924,0.629,-0.717,73.438,83.094,-81.281,358.3,1,0.2288,0.0718,0.0623,0.9688,152.9,-6.4,0.0
772978,2026-08-30_09-21-56.980-240,v3.6.25,3.47,12.0,400,572,-5856,4759,-634,-6179,4604,509,-5965,4842,48,-6398,4675,0,0,0,-461,-433,-167,654.1,4303.6,0.798,0.292,-0.356,78.938,79.594,-32.281,586.4,1,0.2174,0.0625,0.0764,0.9711,154.3,-5.1,0.0
773005,2026-08-30_09-21-56.007-240,v3.6.25,3.47,12.0,400,871,-5430,5225,-96,-5745,5193,806,-5550,5300,677,-5954,5158,0,0,0,-129,-404,-142,447.2,2942.3,0.875,-0.007,-0.278,111.797,73.516,-5.266,412.8,1,0.1990,0.0544,0.0883,0.9745,156.5,-4.1,0.0
773055,2026-08-30_09-21-56.057-240,v3.6.25,3.47,12.0,400,871,-5430,5225,-128,-5285,5669,806,-5550,5300,716,-5490,5627,0,0,0,-90,60,327,344.4,2266.0,1.099,-0.187,-0.775,171.672,56.406,8.109,326.5,1,0.1706,0.0507,0.1020,0.9787,159.8,-3.7,0.0
773096,2026-08-30_09-21-56.098-240,v3.6.25,3.47,12.0,400,782,-5029,5630,-128,-5285,5669,713,-5154,5698,716,-5490,5627,0,0,0,3,-336,-71,343.4,2259.4,0.560,0.162,-0.817,210.359,21.016,-29.406,325.7,1,0.1396,0.0549,0.1236,0.9809,163.2,-4.2,0.0
773124,2026-08-30_09-21-57.126-240,v3.6.25,3.47,12.0,400,725,-4736,5876,-313,-4903,5993,654,-4864,5939,578,-5107,5974,0,0,0,-76,-243,35,257.0,1690.8,0.600,0.789,-0.460,160.016,-11.906,3.875,253.1,1,0.1143,0.0625,0.1358,0.9821,166.0,-5.3,0.0
773158,2026-08-30_09-21-57.160-240,v3.6.25,3.47,12.0,400,725,-4736,5876,-409,-4875,5963,654,-4864,5939,476,-5080,5961,0,0,0,-178,-216,22,280.8,1847.1,0.676,0.566,-0.381,81.688,-39.312,48.375,273.1,1,0.0982,0.0723,0.1345,0.9834,167.6,-6.7,0.0
773212,2026-08-30_09-21-57.214-240,v3.6.25,3.47,12.0,400,583,-4763,5859,-409,-4875,5963,511,-4889,5922,476,-5080,5961,0,0,0,-35,-191,39,198.1,1303.0,0.430,0.497,-0.582,-23.078,-78.469,65.328,203.7,1,0.0979,0.0857,0.1219,0.9840,167.5,-8.3,0.0
773241,2026-08-30_09-21-57.242-240,v3.6.25,3.47,12.0,400,113,-5053,5616,-880,-5166,5610,42,-5170,5684,-49,-5378,5696,0,0,0,-91,-208,12,227.4,1495.7,0.591,0.279,-0.927,-90.797,-89.297,83.047,228.3,1,0.1071,0.0991,0.1011,0.9841,166.4,-10.0,0.0
773270,2026-08-30_09-21-57.272-240,v3.6.25,3.47,12.0,400,-435,-5520,5105,-880,-5166,5610,-503,-5622,5182,-49,-5378,5696,0,0,0,454,244,514,727.9,4788.9,1.066,-1.122,-0.794,-103.828,-79.844,49.469,648.3,1,0.1205,0.1104,0.0840,0.9830,164.9,-11.3,0.0
773367,2026-08-30_09-21-57.369-240,v3.6.25,3.47,12.0,400,-385,-5903,4700,-1091,-6057,4661,-450,-5999,4784,-402,-6279,4808,0,0,0,48,-280,24,285.1,1875.6,1.461,0.984,-0.950,-134.734,60.453,61.047,276.7,1,0.1359,0.0970,0.0668,0.9837,163.5,-9.9,0.0
773396,2026-08-30_09-21-57.398-240,v3.6.25,3.47,12.0,400,25,-5875,4776,-887,-5905,4913,-39,-5978,4860,-158,-6123,5019,0,0,0,-119,-145,159,245.9,1617.8,1.041,0.332,-1.118,-203.547,93.250,162.562,243.8,1,0.1543,0.0749,0.0292,0.9847,161.9,-8.0,0.0
773446,2026-08-30_09-21-57.448-240,v3.6.25,3.47,12.0,400,-458,-5499,5197,-887,-5905,4913,-526,-5602,5273,-158,-6123,5019,0,0,0,368,-521,-254,686.6,4516.9,0.399,-0.310,-0.995,-210.062,97.094,202.500,613.6,1,0.1704,0.0509,-0.0154,0.9839,160.4,-6.1,0.0
773556,2026-08-30_09-21-57.557-240,v3.6.25,3.47,12.0,400,-2150,-4917,5348,-2817,-4985,5092,-2229,-5000,5416,-2081,-5218,5519,0,0,0,148,-218,103,282.9,1861.2,0.475,-0.733,-0.791,-112.938,-8.156,-21.000,274.9,1,0.1886,0.0519,-0.0217,0.9804,158.3,-6.3,0.0
773582,2026-08-30_09-21-57.583-240,v3.6.25,3.47,12.0,400,-2120,-5147,5142,-3110,-5076,4835,-2197,-5228,5214,-2416,-5314,5318,0,0,0,-219,-86,104,257.2,1692.4,0.629,-0.655,-0.481,-49.203,-28.047,-104.609,253.3,1,0.2033,0.0597,-0.0109,0.9772,156.5,-7.0,0.0
773629,2026-08-30_09-21-57.631-240,v3.6.25,3.47,12.0,400,-2120,-5147,5142,-2374,-5525,4857,-2197,-5228,5214,-1665,-5755,5215,0,0,0,532,-527,1,748.8,4926.5,1.059,-0.090,-0.151,49.656,-33.422,-158.141,665.9,1,0.2068,0.0718,0.0156,0.9756,155.8,-7.7,0.0
773736,2026-08-30_09-21-57.738-240,v3.6.25,3.47,12.0,400,-485,-5597,5083,-1375,-5703,5013,-553,-5698,5161,-634,-5923,5199,0,0,0,-81,-225,38,242.1,1593.0,1.222,0.417,-0.576,101.609,71.562,-7.875,240.7,1,0.1908,0.0628,0.0273,0.9792,157.7,-6.5,0.0
773764,2026-08-30_09-21-57.766-240,v3.6.25,3.47,12.0,400,-122,-5334,5425,-1061,-5452,5408,-190,-5445,5498,-258,-5666,5531,0,0,0,-68,-221,33,233.6,1536.6,1.238,0.015,-0.357,118.328,92.047,11.375,233.5,1,0.1706,0.0500,0.0375,0.9834,160.1,-4.9,0.0
773792,2026-08-30_09-21-57.794-240,v3.6.25,3.47,12.0,400,-181,-4732,5977,-1061,-5452,5408,-254,-4851,6039,-258,-5666,5531,0,0,0,-4,-815,-508,960.4,6318.2,1.211,-0.299,-0.335,152.453,101.031,-5.469,843.4,1,0.1462,0.0365,0.0530,0.9872,163.0,-3.2,0.0
773841,2026-08-30_09-21-57.843-240,v3.6.25,3.47,12.0,400,-181,-4732,5977,-1191,-4742,6035,-254,-4851,6039,-297,-4952,6163,0,0,0,-43,-101,124,165.6,1089.5,0.578,-0.069,-0.682,184.672,72.656,-36.969,176.4,1,0.1196,0.0294,0.0753,0.9895,166.0,-2.3,0.0
773870,2026-08-30_09-21-57.871-240,v3.6.25,3.47,12.0,400,-19,-3979,6508,-1058,-3948,6609,-98,-4108,6558,-84,-4153,6699,0,0,0,14,-45,141,148.7,978.1,0.405,0.126,-0.585,181.625,40.438,-36.188,162.2,1,0.0937,0.0277,0.0968,0.9905,169.0,-2.1,0.0
773913,2026-08-30_09-21-57.915-240,v3.6.25,3.47,12.0,400,332,-3541,6727,-1058,-3948,6609,250,-3677,6770,-84,-4153,6699,0,0,0,-334,-476,-71,585.8,3854.0,0.694,0.224,-0.384,131.141,-9.031,-17.641,529.1,1,0.0746,0.0333,0.1104,0.9905,171.1,-2.8,0.0
773945,2026-08-30_09-21-57.947-240,v3.6.25,3.47,12.0,400,332,-3541,6727,-753,-3629,6824,250,-3677,6770,251,-3831,6856,0,0,0,1,-154,86,176.4,1160.5,0.822,0.268,-0.286,89.688,-33.016,-19.109,185.5,1,0.0623,0.0420,0.1205,0.9899,172.3,-3.9,0.0
773975,2026-08-30_09-21-57.977-240,v3.6.25,3.47,12.0,400,513,-3558,6687,-753,-3629,6824,432,-3695,6731,251,-3831,6856,0,0,0,-181,-136,125,258.6,1701.4,1.028,0.432,-0.245,34.875,-41.719,-10.172,254.5,1,0.0579,0.0509,0.1249,0.9892,172.7,-5.0,0.0
774031,2026-08-30_09-21-57.033-240,v3.6.25,3.47,12.0,400,588,-3808,6544,-589,-3801,6703,509,-3944,6591,398,-4003,6711,0,0,0,-111,-59,120,173.8,1143.3,1.344,0.574,-0.302,-94.828,-25.938,46.766,183.3,1,0.0686,0.0541,0.1104,0.9900,171.5,-5.3,0.0
774060,2026-08-30_09-21-57.061-240,v3.6.25,3.47,12.0,400,339,-4022,6426,-629,-4091,6532,261,-4154,6477,335,-4294,6551,0,0,0,74,-140,74,174.8,1149.9,1.243,0.893,-0.451,-190.859,-6.609,121.594,184.1,1,0.0879,0.0516,0.0773,0.9918,169.4,-5.1,0.0
774101,2026-08-30_09-21-57.102-240,v3.6.25,3.47,12.0,400,339,-4022,6426,-1337,-4206,6297,261,-4154,6477,-410,-4416,6442,0,0,0,-671,-262,-35,721.2,4744.6,1.059,0.215,-0.704,-312.453,22.531,224.297,642.7,1,0.1172,0.0410,0.0187,0.9921,166.4,-4.4,0.0
774206,2026-08-30_09-21-58.208-240,v3.6.25,3.47,12.0,400,-2171,-4178,5872,-2924,-4225,5641,-2256,-4269,5928,-2111,-4455,6071,0,0,0,145,-186,143,275.8,1814.5,0.726,-1.370,-1.175,-228.609,19.641,40.766,268.9,1,0.1482,0.0344,-0.0060,0.9883,163.0,-4.0,0.0
774263,2026-08-30_09-21-58.265-240,v3.6.25,3.47,12.0,400,-3061,-4451,5298,-3909,-4462,4811,-3147,-4520,5361,-3234,-4710,5428,0,0,0,-87,-190,67,219.4,1443.7,0.871,-1.026,-0.198,12.875,-5.531,-174.969,221.6,1,0.1596,0.0396,0.0210,0.9862,161.5,-4.1,0.0
774290,2026-08-30_09-21-58.291-240,v3.6.25,3.47,12.0,400,-2584,-4864,5288,-3409,-4936,4904,-2665,-4941,5356,-2707,-5176,5435,0,0,0,-42,-235,79,251.5,1654.3,1.076,-0.112,-0.095,60.797,2.359,-153.406,248.5,1,0.1616,0.0442,0.0490,0.9846,161.1,-4.1,0.0
774381,2026-08-30_09-21-58.383-240,v3.6.25,3.47,12.0,400,-1286,-4716,5824,-2401,-5074,5335,-1363,-4819,5887,-1621,-5300,5686,0,0,0,-258,-481,-201,581.7,3826.7,1.135,-0.488,-0.530,113.812,69.469,-30.391,525.6,1,0.1453,0.0360,0.0642,0.9867,163.0,-3.0,0.0
774416,2026-08-30_09-21-58.418-240,v3.6.25,3.46,12.0,400,-1286,-4716,5824,-2261,-4689,5723,-1363,-4819,5887,-1423,-4911,6040,0,0,0,-60,-92,153,188.3,1239.1,1.244,-0.556,-0.717,229.000,102.750,-144.297,195.5,1,0.1200,0.0264,0.1068,0.9867,166.0,-1.5,0.0
774611,2026-08-30_09-21-58.612-240,v3.6.25,3.46,12.0,400,662,-1239,7545,-436,-1582,7596,562,-1387,7556,654,-1784,7552,0,0,0,92,-397,-4,407.5,2681.2,0.508,-0.478,-0.077,158.219,-18.281,44.844,379.5,1,0.0920,0.0336,0.1120,0.9889,169.1,-2.6,0.0
774641,2026-08-30_09-21-58.643-240,v3.6.25,3.46,12.0,400,492,-1089,7562,-822,-1192,7661,391,-1234,7571,270,-1398,7680,0,0,0,-121,-164,109,231.1,1520.5,0.794,-0.334,0.096,180.531,-54.297,-6.984,231.4,1,0.0655,0.0477,0.1262,0.9887,171.8,-4.5,0.0
774679,2026-08-30_09-21-58.681-240,v3.6.25,3.46,12.0,400,492,-1089,7562,-470,-1506,7615,391,-1234,7571,622,-1708,7576,0,0,0,231,-474,5,527.3,3469.2,0.896,0.145,-0.292,158.031,-81.625,-22.141,480.0,1,0.0440,0.0666,0.1412,0.9868,173.9,-6.8,0.0
774730,2026-08-30_09-21-58.732-240,v3.6.25,3.46,12.0,400,872,-1480,7451,-470,-1506,7615,775,-1629,7465,622,-1708,7576,0,0,0,-153,-79,111,204.9,1347.8,0.989,0.333,-0.447,78.312,-87.281,-5.203,209.4,1,0.0336,0.0845,0.1475,0.9849,174.7,-9.0,0.0
774761,2026-08-30_09-21-58.763-240,v3.6.25,3.46,12.0,400,1183,-2098,7234,-102,-2228,7446,1092,-2249,7257,977,-2426,7350,0,0,0,-115,-177,93,230.7,1517.5,1.219,0.662,-0.235,8.297,-72.141,8.500,231.0,1,0.0328,0.0980,0.1470,0.9837,174.5,-10.6,0.0
774791,2026-08-30_09-21-58.793-240,v3.6.25,3.46,12.0,400,1130,-2622,7069,-102,-2228,7446,1043,-2771,7099,977,-2426,7350,0,0,0,-66,345,251,431.7,2840.3,1.465,0.703,-0.137,-93.844,-38.688,51.641,399.8,1,0.0442,0.1036,0.1325,0.9848,173.3,-11.1,0.0
774836,2026-08-30_09-21-58.838-240,v3.6.25,3.46,12.0,400,1130,-2622,7069,-116,-2799,7224,1043,-2771,7099,938,-2997,7137,0,0,0,-105,-226,38,252.1,1658.4,1.388,-0.768,-0.163,-181.797,25.938,72.828,249.0,1,0.0664,0.0954,0.1078,0.9874,171.1,-10.0,0.0
774865,2026-08-30_09-21-58.866-240,v3.6.25,3.46,12.0,400,540,-2784,7089,-784,-2885,7162,452,-2927,7121,261,-3087,7190,0,0,0,-191,-160,69,258.5,1700.9,1.250,-0.892,-0.322,-141.516,66.172,-0.453,254.4,1,0.0867,0.0813,0.0979,0.9881,169.1,-8.3,0.0
774903,2026-08-30_09-21-58.904-240,v3.6.25,3.46,12.0,400,266,-2423,7237,-784,-2885,7162,175,-2564,7264,261,-3087,7190,0,0,0,86,-523,-74,535.2,3520.8,1.078,-0.243,-0.276,-128.922,105.438,-58.344,486.6,1,0.1086,0.0611,0.0987,0.9873,166.8,-5.7,0.0
774941,2026-08-30_09-21-58.943-240,v3.6.25,3.46,12.0,400,266,-2423,7237,-908,-2382,7385,175,-2564,7264,163,-2585,7428,0,0,0,-12,-21,164,165.8,1090.6,1.126,0.251,-0.258,-173.625,128.547,-31.250,176.6,1,0.1348,0.0359,0.0927,0.9859,164.2,-2.6,0.0
775080,2026-08-30_09-21-58.081-240,v3.6.25,3.46,12.0,400,-570,-172,7669,-1533,-544,7580,-682,-303,7666,-469,-760,7720,0,0,0,213,-457,54,507.1,3336.1,0.550,-0.064,0.022,-74.656,12.438,-112.406,463.0,1,0.1543,0.0335,0.1035,0.9820,161.9,-1.9,0.0
775106,2026-08-30_09-21-58.107-240,v3.6.25,3.46,12.0,400,-373,-178,7688,-1817,-141,7573,-484,-312,7685,-764,-362,7760,0,0,0,-280,-50,75,294.2,1935.2,0.446,0.511,0.098,-42.734,-44.656,-120.672,284.3,1,0.1706,0.0419,0.1184,0.9773,159.9,-2.4,0.0
775153,2026-08-30_09-21-59.155-240,v3.6.25,3.46,12.0,400,-373,-178,7688,-1240,-692,7646,-484,-312,7685,-161,-904,7735,0,0,0,323,-592,50,676.2,4448.9,0.656,0.814,0.323,-48.703,-103.766,-16.812,605.0,1,0.1808,0.0581,0.1153,0.9750,158.5,-4.1,0.0
775196,2026-08-30_09-21-59.198-240,v3.6.25,3.46,12.0,400,108,-805,7633,-1240,-692,7646,3,-946,7638,-161,-904,7735,0,0,0,-164,42,97,195.1,1283.6,1.438,-0.035,0.623,-53.844,-99.016,93.141,201.2,1,0.1832,0.0713,0.0933,0.9760,158.1,-6.0,0.0
775261,2026-08-30_09-21-59.262-240,v3.6.25,3.46,12.0,400,-220,-1616,7474,-1404,-1626,7421,-319,-1753,7489,-343,-1836,7545,0,0,0,-24,-83,56,103.0,677.4,1.344,-0.403,0.184,36.953,-60.281,80.609,123.9,1,0.1718,0.0812,0.0811,0.9784,159.4,-7.5,0.0
775287,2026-08-30_09-21-59.289-240,v3.6.25,3.46,12.0,400,-962,-2105,7251,-2157,-2222,7069,-1059,-2230,7274,-1144,-2439,7330,0,0,0,-85,-209,56,232.5,1529.4,1.348,-0.351,0.009,95.406,-38.547,47.047,232.5,1,0.1533,0.0897,0.0790,0.9809,161.4,-8.7,0.0
775316,2026-08-30_09-21-59.318-240,v3.6.25,3.46,12.0,400,-1300,-2154,7213,-2157,-2222,7069,-1398,-2274,7236,-1144,-2439,7330,0,0,0,254,-165,94,317.1,2086.4,1.296,-0.271,-0.292,139.359,-11.328,17.844,303.6,1,0.1296,0.0953,0.0854,0.9833,164.0,-9.5,0.0
775363,2026-08-30_09-21-59.365-240,v3.6.25,3.46,12.0,400,-1300,-2154,7213,-2461,-2264,6993,-1398,-2274,7236,-1460,-2483,7308,0,0,0,-62,-209,72,229.6,1510.4,1.440,-0.218,-0.187,191.281,38.203,-10.625,230.1,1,0.0989,0.0939,0.1010,0.9855,167.5,-9.5,0.0
775390,2026-08-30_09-21-59.391-240,v3.6.25,3.46,12.0,400,-1093,-1843,7370,-2218,-1840,7232,-1193,-1968,7389,-1186,-2057,7499,0,0,0,7,-89,110,141.7,932.0,1.587,-0.070,-0.166,194.891,66.672,-1.344,156.3,1,0.0663,0.0875,0.1158,0.9872,171.2,-9.1,0.0
775435,2026-08-30_09-21-59.437-240,v3.6.25,3.46,12.0,400,-682,-1074,7571,-2218,-1840,7232,-787,-1205,7579,-1186,-2057,7499,0,0,0,-399,-852,-80,944.2,6211.8,1.427,-0.680,-0.104,191.266,97.656,11.766,829.9,1,0.0327,0.0753,0.1284,0.9883,175.1,-8.1,0.0
775665,2026-08-30_09-21-59.666-240,v3.6.25,3.46,12.0,400,3393,1677,6779,2250,1445,7365,3279,1519,6761,3237,1234,6865,0,0,0,-42,-285,104,306.3,2015.0,1.078,0.375,0.764,-96.453,51.531,23.562,294.5,1,0.0444,0.0634,0.1182,0.9900,174.0,-6.6,0.0
775691,2026-08-30_09-21-59.692-240,v3.6.25,3.46,12.0,400,3028,2106,6857,1983,1896,7378,2909,1953,6834,2962,1681,6922,0,0,0,53,-272,88,290.8,1912.8,0.948,0.527,0.562,-158.094,50.672,30.859,281.5,1,0.0652,0.0505,0.1025,0.9913,171.9,-5.0,0.0
775730,2026-08-30_09-21-59.731-240,v3.6.25,3.46,12.0,400,3028,2106,6857,1240,2382,7387,2909,1953,6834,2209,2159,7055,0,0,0,-700,206,221,762.4,5015.9,0.809,0.095,0.264,-215.953,22.391,27.344,677.3,1,0.0955,0.0412,0.0817,0.9912,168.7,-3.8,0.0
775783,2026-08-30_09-21-59.785-240,v3.6.25,3.46,12.0,400,2247,2488,7083,1240,2382,7387,2122,2342,7054,2209,2159,7055,0,0,0,87,-183,1,202.6,1333.1,0.929,0.078,0.422,-233.609,-17.219,-27.391,207.5,1,0.1333,0.0387,0.0670,0.9880,164.4,-3.4,0.0
775838,2026-08-30_09-21-59.840-240,v3.6.25,3.46,12.0,400,1264,2548,7275,134,2489,7421,1136,2410,7244,1105,2259,7275,0,0,0,-31,-151,31,157.2,1034.4,0.971,0.401,0.359,-259.500,-53.797,-2.531,169.4,1,0.1732,0.0417,0.0462,0.9829,159.8,-3.8,0.0
775990,2026-08-30_09-21-59.991-240,v3.6.25,3.46,12.0,400,-1486,739,7537,-2722,496,7238,-1608,624,7524,-1741,259,7585,0,0,0,-133,-365,61,393.2,2587.1,0.927,0.123,0.271,-8.406,-57.516,-15.641,367.5,1,0.1754,0.0514,0.0459,0.9821,159.5,-4.9,0.0
776016,2026-08-30_09-21-59.017-240,v3.6.25,3.46,12.0,400,-1438,179,7574,-2722,496,7238,-1555,61,7568,-1741,259,7585,0,0,0,-186,198,17,272.2,1790.7,0.941,0.029,0.250,12.172,-46.328,15.188,265.9,1,0.1720,0.0590,0.0425,0.9824,159.8,-5.8,0.0
776046,2026-08-30_09-21-59.048-240,v3.6.25,3.46,12.0,400,-1438,179,7574,-2623,-55,7294,-1555,61,7568,-1620,-286,7624,0,0,0,-65,-347,56,357.4,2351.6,1.159,-0.267,0.248,43.688,-27.266,22.469,337.4,1,0.1631,0.0640,0.0410,0.9837,160.8,-6.5,0.0
776076,2026-08-30_09-21-59.077-240,v3.6.25,3.46,12.0,400,-1448,-85,7547,-2623,-55,7294,-1563,-203,7544,-1620,-286,7624,0,0,0,-57,-83,80,128.6,846.1,1.362,-0.451,0.230,99.406,6.422,-9.438,145.4,1,0.1477,0.0650,0.0496,0.9856,162.6,-6.5,0.0
776105,2026-08-30_09-21-59.107-240,v3.6.25,3.46,12.0,400,-1217,68,7618,-2623,-139,7323,-1333,-53,7613,-1613,-369,7653,0,0,0,-280,-316,40,424.1,2790.1,1.596,-0.545,0.339,152.891,44.109,-59.547,393.4,1,0.1275,0.0614,0.0710,0.9874,164.8,-5.9,0.0
776151,2026-08-30_09-22-00.153-240,v3.6.25,3.46,12.0,400,-1217,68,7618,-1893,399,7561,-1333,-53,7613,-854,173,7760,0,0,0,479,226,147,549.7,3616.2,1.568,0.286,0.168,175.984,114.016,-80.469,498.7,1,0.1042,0.0469,0.0990,0.9885,167.5,-4.1,0.0
776311,2026-08-30_09-22-00.312-240,v3.6.25,3.46,12.0,400,1158,3274,6921,-62,3046,7174,1023,3147,6884,854,2807,7066,0,0,0,-169,-340,182,421.1,2770.1,0.477,0.950,0.911,59.875,139.016,81.797,390.8,1,0.0856,0.0229,0.0946,0.9916,170.0,-1.7,0.0
776367,2026-08-30_09-22-00.368-240,v3.6.25,3.46,12.0,400,1410,4969,5862,535,4354,6478,1262,4865,5812,1304,4099,6283,0,0,0,42,-766,471,900.2,5922.4,0.050,-0.303,0.799,43.859,43.938,153.391,792.9,1,0.0650,0.0147,0.0757,0.9949,172.4,-1.1,0.0
776415,2026-08-30_09-22-00.416-240,v3.6.25,3.46,12.0,400,1410,4969,5862,498,5032,6030,1262,4865,5812,1176,4765,5851,0,0,0,-86,-100,39,137.5,904.9,0.412,-0.447,0.765,124.109,-28.594,43.500,152.9,1,0.0424,0.0209,0.0792,0.9957,175.0,-2.0,0.0
776456,2026-08-30_09-22-00.458-240,v3.6.25,3.46,12.0,400,1523,5014,5842,747,4986,6039,1375,4909,5792,1428,4721,5817,0,0,0,53,-188,25,196.9,1295.5,0.442,0.216,0.589,119.812,-59.281,10.859,202.7,1,0.0235,0.0322,0.0877,0.9954,177.0,-3.4,0.0
776485,2026-08-30_09-22-00.487-240,v3.6.25,3.46,12.0,400,2161,4695,5876,747,4986,6039,2018,4581,5829,1428,4721,5817,0,0,0,-590,140,-12,606.5,3990.1,0.481,0.440,0.575,74.625,-70.469,29.109,546.5,1,0.0104,0.0449,0.0898,0.9949,178.4,-5.0,0.0
776518,2026-08-30_09-22-00.520-240,v3.6.25,3.46,12.0,400,2161,4695,5876,1388,4544,6310,2018,4581,5829,2125,4290,5974,0,0,0,107,-291,145,342.3,2251.8,0.582,0.437,0.489,11.000,-72.891,52.938,324.7,1,0.0051,0.0573,0.0830,0.9949,178.9,-6.5,0.0
776547,2026-08-30_09-22-00.549-240,v3.6.25,3.46,12.0,400,2511,4192,6136,1470,3961,6696,2373,4067,6094,2286,3718,6338,0,0,0,-87,-349,244,434.6,2859.4,0.831,0.499,0.513,-47.250,-63.234,64.312,402.2,1,0.0079,0.0673,0.0700,0.9952,178.5,-7.6,0.0
776600,2026-08-30_09-22-00.601-240,v3.6.25,3.46,12.0,400,2278,3767,6514,1470,3961,6696,2143,3636,6474,2286,3718,6338,0,0,0,143,82,-136,213.7,1405.9,1.301,0.326,0.605,-169.859,-11.422,107.594,216.8,1,0.0259,0.0671,0.0406,0.9966,176.7,-7.6,0.0
776626,2026-08-30_09-22-00.628-240,v3.6.25,3.46,12.0,400,2278,3767,6514,746,3611,6958,2143,3636,6474,1614,3370,6717,0,0,0,-529,-266,243,640.0,4210.8,1.523,-0.191,0.598,-205.188,28.203,117.172,574.6,1,0.0484,0.0597,0.0068,0.9970,174.4,-6.8,0.0
776775,2026-08-30_09-22-00.776-240,v3.6.25,3.46,12.0,400,-772,4531,6224,-1580,4456,6163,-923,4446,6177,-869,4182,6334,0,0,0,54,-264,157,311.9,2051.8,0.324,-0.460,0.810,-84.531,91.141,-114.453,299.2,1,0.0698,0.0433,0.0189,0.9964,171.9,-4.8,0.0
776801,2026-08-30_09-22-00.802-240,v3.6.25,3.46,12.0,400,-1236,4912,5852,-2047,4950,5617,-1391,4841,5803,-1441,4662,5879,0,0,0,-50,-179,76,200.8,1321.0,0.254,0.092,0.862,-92.438,52.797,-97.203,206.0,1,0.0911,0.0332,0.0275,0.9949,169.4,-3.5,0.0
776835,2026-08-30_09-22-00.837-240,v3.6.25,3.46,12.0,400,-1236,4912,5852,-2047,4950,5617,-1391,4841,5803,-1441,4662,5879,0,0,0,-50,-179,76,200.8,1321.0,0.338,0.032,0.930,-122.938,4.797,-47.312,206.0,1,0.1132,0.0305,0.0251,0.9928,166.9,-3.2,0.0
776865,2026-08-30_09-22-00.867-240,v3.6.25,3.46,12.0,400,-1572,4922,5755,-2398,5027,5450,-1729,4857,5706,-1822,4733,5775,0,0,0,-93,-124,69,169.7,1116.2,0.362,-0.342,0.723,-110.312,-37.703,-53.641,179.8,1,0.1340,0.0356,0.0235,0.9901,164.5,-3.7,0.0
776895,2026-08-30_09-22-00.896-240,v3.6.25,3.46,12.0,400,-1960,4480,6038,-2398,5027,5450,-2114,4413,5992,-1822,4733,5775,0,0,0,292,320,-217,484.5,3187.6,0.283,-0.052,0.584,-86.891,-73.797,-78.375,444.1,1,0.1534,0.0475,0.0270,0.9867,162.2,-4.9,0.0
776942,2026-08-30_09-22-00.945-240,v3.6.25,3.46,12.0,400,-1960,4480,6038,-2847,4512,5684,-2114,4413,5992,-2220,4223,6081,0,0,0,-106,-190,89,235.1,1546.5,0.494,-0.034,0.591,-65.719,-102.547,-77.312,234.7,1,0.1694,0.0648,0.0311,0.9829,160.2,-6.7,0.0
777011,2026-08-30_09-22-00.012-240,v3.6.25,3.46,12.0,400,-1892,2933,6956,-3014,3600,6225,-2033,2842,6922,-2275,3324,6639,0,0,0,-242,482,-283,609.1,4007.1,1.473,-0.485,1.163,34.969,-44.359,-100.969,548.6,1,0.1713,0.0747,0.0480,0.9812,159.7,-7.5,0.0
777068,2026-08-30_09-22-00.070-240,v3.6.25,3.46,12.0,400,-1277,2656,7190,-2809,2759,6742,-1414,2552,7158,-1963,2498,7111,0,0,0,-549,-54,-47,553.6,3642.4,1.484,0.307,0.626,87.828,59.141,-117.203,502.1,1,0.1653,0.0683,0.0747,0.9810,160.3,-6.3,0.0
777094,2026-08-30_09-22-00.096-240,v3.6.25,3.46,12.0,400,-1277,2656,7190,-2033,2743,7027,-1414,2552,7158,-1137,2492,7258,0,0,0,277,-60,100,300.5,1977.3,1.358,0.610,0.316,71.891,98.812,-105.500,289.7,1,0.1602,0.0546,0.0997,0.9805,161.0,-4.3,0.0
777304,2026-08-30_09-22-01.305-240,v3.6.25,3.46,12.0,400,-669,5800,5048,-1402,5716,5088,-830,5740,4994,-902,5418,5251,0,0,0,-72,-322,257,418.2,2751.5,0.142,-0.482,0.913,149.781,60.797,109.453,388.4,1,0.1271,0.0461,0.0962,0.9861,164.9,-3.8,0.0
777360,2026-08-30_09-22-01.361-240,v3.6.25,3.46,12.0,400,-334,6415,4291,-1031,6497,4243,-499,6368,4235,-692,6183,4362,0,0,0,-193,-185,127,296.0,1947.2,0.335,-0.001,0.621,160.609,7.656,48.375,285.8,1,0.0981,0.0478,0.1019,0.9888,168.2,-4.3,0.0
777415,2026-08-30_09-22-01.417-240,v3.6.25,3.46,12.0,400,553,6700,3920,-15,6858,3982,388,6650,3863,272,6543,3934,0,0,0,-116,-107,71,173.0,1138.5,0.351,0.447,0.727,60.641,-22.438,40.672,182.7,1,0.0855,0.0522,0.1007,0.9899,169.6,-4.9,0.0
777478,2026-08-30_09-22-01.480-240,v3.6.25,3.46,12.0,400,1477,6513,4043,834,6768,4018,1317,6449,3988,1130,6460,3826,0,0,0,-187,11,-162,247.7,1629.3,0.416,0.110,1.016,-69.172,-33.375,-15.031,245.3,1,0.0974,0.0558,0.0974,0.9889,168.2,-5.2,0.0
777515,2026-08-30_09-22-01.517-240,v3.6.25,3.46,12.0,400,1477,6513,4043,876,6614,4287,1317,6449,3988,1222,6311,4082,0,0,0,-95,-138,94,192.1,1263.9,0.695,0.137,1.120,-130.203,-18.719,-50.250,198.7,1,0.1213,0.0557,0.0950,0.9865,165.5,-5.0,0.0
777543,2026-08-30_09-22-01.545-240,v3.6.25,3.46,12.0,400,1111,6402,4301,278,6516,4451,950,6337,4245,653,6213,4343,0,0,0,-297,-124,98,336.4,2213.4,0.791,0.116,0.994,-168.750,0.750,-66.469,319.8,1,0.1520,0.0514,0.0925,0.9827,162.0,-4.2,0.0
777768,2026-08-30_09-22-01.769-240,v3.6.25,3.46,12.0,400,-2707,5650,4442,-3118,5886,3957,-2874,5627,4394,-2817,5559,4438,0,0,0,57,-68,44,99.0,651.6,0.542,-0.499,1.224,37.922,47.734,-56.328,120.6,1,0.1492,0.0445,0.1054,0.9822,162.4,-3.2,0.0
777796,2026-08-30_09-22-01.798-240,v3.6.25,3.46,12.0,400,-2808,5716,4336,-3434,5827,3828,-2975,5696,4288,-3154,5496,4366,0,0,0,-179,-200,78,279.5,1838.9,0.467,-0.172,1.187,101.391,63.500,-68.359,272.0,1,0.1374,0.0368,0.1256,0.9818,163.8,-2.2,0.0
777830,2026-08-30_09-22-01.832-240,v3.6.25,3.46,12.0,400,-2808,5716,4336,-3434,5827,3828,-2975,5696,4288,-3154,5496,4366,0,0,0,-179,-200,78,279.5,1838.9,0.514,0.246,1.227,135.422,88.156,-57.172,272.0,1,0.1189,0.0258,0.1476,0.9815,166.1,-0.9,0.0
777860,2026-08-30_09-22-01.862-240,v3.6.25,3.46,12.0,400,-2318,6064,4118,-2918,6200,3708,-2487,6044,4067,-2666,5868,4160,0,0,0,-179,-176,93,267.7,1761.2,0.623,0.469,1.344,118.438,103.391,-9.594,262.1,1,0.0986,0.0114,0.1612,0.9819,168.6,0.5,0.0
777888,2026-08-30_09-22-01.890-240,v3.6.25,3.46,12.0,400,-2318,6064,4118,-2918,6200,3708,-2487,6044,4067,-2666,5868,4160,0,0,0,-179,-176,93,267.7,1761.2,0.480,0.700,1.190,83.578,109.766,50.672,262.1,1,0.0781,-0.0053,0.1630,0.9835,171.3,2.1,0.0
777916,2026-08-30_09-22-01.918-240,v3.6.25,3.46,12.0,400,-1734,6589,3454,-2275,6808,3144,-1905,6576,3402,-2132,6467,3500,0,0,0,-227,-109,98,270.2,1777.7,0.350,0.375,0.844,53.766,101.938,89.000,264.2,1,0.0590,-0.0215,0.1562,0.9857,173.7,3.5,0.0
778000,2026-08-30_09-22-01.002-240,v3.6.25,3.46,12.0,400,-1187,7282,1964,-1751,7314,2253,-1362,7293,1914,-1770,6958,2540,0,0,0,-408,-335,626,818.9,5387.4,-0.033,-0.274,0.674,57.406,48.531,65.344,724.7,1,0.0429,-0.0285,0.1523,0.9870,175.6,4.0,0.0
778046,2026-08-30_09-22-01.048-240,v3.6.25,3.46,12.0,400,-1187,7282,1964,-1240,7595,1628,-1362,7293,1914,-1371,7231,1843,0,0,0,-9,-62,-71,94.7,623.0,-0.007,-0.146,1.207,48.141,27.000,55.844,116.9,1,0.0296,-0.0320,0.1489,0.9879,177.2,4.1,0.0
778076,2026-08-30_09-22-01.077-240,v3.6.25,3.46,12.0,400,-818,7448,1541,-792,7751,1312,-993,7463,1492,-980,7384,1458,0,0,0,13,-79,-34,87.0,572.3,0.152,-0.107,1.171,59.391,14.672,25.625,110.4,1,0.0176,-0.0334,0.1509,0.9878,178.6,4.1,0.0
778118,2026-08-30_09-22-01.119-240,v3.6.25,3.46,12.0,400,-483,7507,1358,-792,7751,1312,-658,7522,1310,-980,7384,1458,0,0,0,-322,-138,148,380.3,2502.0,0.241,0.032,1.004,54.578,5.359,9.672,356.6,1,0.0081,-0.0335,0.1547,0.9874,179.7,3.9,0.0
778151,2026-08-30_09-22-02.153-240,v3.6.25,3.46,12.0,400,-483,7507,1358,-390,7806,1229,-658,7522,1310,-593,7439,1309,0,0,0,65,-83,-1,105.4,693.6,0.001,0.076,1.152,53.266,-2.562,-5.375,125.9,1,0.0004,-0.0324,0.1607,0.9865,180.6,3.7,0.0
778180,2026-08-30_09-22-02.181-240,v3.6.25,3.46,12.0,400,-164,7548,1280,-390,7806,1229,-338,7561,1232,-593,7439,1309,0,0,0,-255,-122,77,293.0,1927.5,0.031,0.072,1.037,43.609,-7.000,-11.047,283.3,1,-0.0052,-0.0309,0.1666,0.9855,181.2,3.4,0.0
778221,2026-08-30_09-22-02.223-240,v3.6.25,3.46,12.0,400,70,7553,1317,-108,7834,1241,-103,7562,1268,-309,7469,1273,0,0,0,-206,-93,5,226.1,1487.3,0.401,-0.273,0.993,48.844,-4.922,-26.750,227.2,1,-0.0103,-0.0297,0.1751,0.9841,181.8,3.1,0.0
778256,2026-08-30_09-22-02.257-240,v3.6.25,3.46,12.0,400,70,7553,1317,121,7809,1304,-103,7562,1268,-69,7447,1295,0,0,0,34,-115,27,122.9,808.7,-0.172,-0.034,0.777,74.750,-5.406,-72.297,140.6,1,-0.0150,-0.0287,0.1927,0.9807,182.3,2.9,0.0
778296,2026-08-30_09-22-02.297-240,v3.6.25,3.46,12.0,400,268,7554,1304,121,7809,1304,95,7561,1255,-69,7447,1295,0,0,0,-164,-114,40,203.7,1340.1,-0.142,0.179,0.722,93.578,-4.422,-120.391,208.4,1,-0.0181,-0.0283,0.2190,0.9751,182.7,2.7,0.0
778325,2026-08-30_09-22-02.327-240,v3.6.25,3.46,12.0,400,462,7553,1294,338,7792,1337,289,7558,1246,154,7432,1291,0,0,0,-135,-126,45,190.1,1250.5,0.093,0.344,0.864,92.625,-2.281,-138.547,197.0,1,-0.0195,-0.0285,0.2477,0.9682,183.0,2.6,0.0
778359,2026-08-30_09-22-02.360-240,v3.6.25,3.46,12.0,400,462,7553,1294,481,7800,1292,289,7558,1246,289,7440,1223,0,0,0,0,-118,-23,120.2,790.9,-0.394,0.570,1.026,112.828,4.812,-210.266,138.3,1,-0.0176,-0.0310,0.2883,0.9569,183.0,2.8,0.0
778412,2026-08-30_09-22-02.413-240,v3.6.25,3.46,12.0,400,553,7543,1249,481,7800,1292,381,7547,1201,289,7440,1223,0,0,0,-92,-107,22,142.8,939.6,-0.307,0.586,0.682,119.984,23.859,-200.641,157.3,1,-0.0186,-0.0361,0.3276,0.9439,183.4,3.2,0.0
778437,2026-08-30_09-22-02.439-240,v3.6.25,3.46,12.0,400,503,7570,1166,452,7827,1214,330,7577,1118,246,7465,1151,0,0,0,-84,-112,33,143.8,946.3,-0.286,0.476,0.470,120.078,28.922,-274.266,158.2,1,-0.0132,-0.0442,0.3765,0.9253,183.3,4.1,0.0
778470,2026-08-30_09-22-02.472-240,v3.6.25,3.46,12.0,400,317,7593,881,452,7827,1214,143,7608,835,246,7465,1151,0,0,0,103,-143,316,361.8,2380.4,-0.547,0.278,0.086,129.703,34.625,-285.016,341.1,1,-0.0086,-0.0528,0.4267,0.9028,183.5,5.0,0.0
778521,2026-08-30_09-22-02.523-240,v3.6.25,3.46,12.0,400,317,7593,881,294,7874,874,143,7608,835,29,7505,846,0,0,0,-114,-103,11,154.0,1013.4,-0.815,0.260,0.610,171.984,36.312,-410.859,166.7,1,0.0013,-0.0636,0.4948,0.8667,183.5,6.4,0.0
778571,2026-08-30_09-22-02.573-240,v3.6.25,3.46,12.0,400,-47,7603,697,-105,7889,610,-221,7626,652,-415,7514,656,0,0,0,-194,-112,4,224.0,1474.0,-1.317,0.400,0.608,142.219,-0.125,-369.953,225.5,1,0.0147,-0.0690,0.5527,0.8304,183.0,7.5,0.0
778601,2026-08-30_09-22-02.602-240,v3.6.25,3.46,12.0,400,-584,7560,850,-733,7822,828,-759,7586,804,-1005,7447,975,0,0,0,-246,-139,171,330.3,2172.8,-1.104,0.444,0.781,121.781,-16.297,-327.875,314.6,1,0.0286,-0.0715,0.6014,0.7953,182.3,8.5,0.0
778645,2026-08-30_09-22-02.646-240,v3.6.25,3.46,12.0,400,-957,7459,1352,-733,7822,828,-1133,7480,1304,-1005,7447,975,0,0,0,128,-33,-329,354.6,2332.6,-0.956,0.811,1.283,82.688,-28.953,-254.953,335.0,1,0.0424,-0.0722,0.6366,0.7666,181.6,9.5,0.0
778675,2026-08-30_09-22-02.677-240,v3.6.25,3.46,12.0,400,-957,7459,1352,-1102,7672,1403,-1133,7480,1304,-1273,7305,1599,0,0,0,-140,-175,295,370.5,2437.3,-0.824,0.413,1.173,52.672,-36.984,-213.125,348.4,1,0.0571,-0.0725,0.6637,0.7423,180.7,10.6,0.0
778705,2026-08-30_09-22-02.706-240,v3.6.25,3.46,12.0,400,-1112,7309,1944,-1102,7672,1403,-1287,7320,1894,-1273,7305,1599,0,0,0,14,-15,-295,295.7,1945.5,-0.941,-0.067,1.024,70.828,-48.797,-212.734,285.6,1,0.0711,-0.0692,0.6909,0.7161,179.6,11.4,0.0
778735,2026-08-30_09-22-02.737-240,v3.6.25,3.46,12.0,400,-1102,7163,2614,-1336,7493,2075,-1276,7160,2561,-1389,7136,2295,0,0,0,-113,-24,-266,290.0,1907.9,-0.908,-0.216,0.921,108.406,-54.344,-229.891,280.8,1,0.0831,-0.0618,0.7212,0.6849,178.6,11.8,0.0
778821,2026-08-30_09-22-02.822-240,v3.6.25,3.46,12.0,400,-679,6972,3237,-1191,7261,2878,-850,6951,3182,-1102,6919,3055,0,0,0,-252,-32,-127,284.0,1868.4,-0.526,-0.657,0.954,227.609,-44.891,-283.438,275.8,1,0.0856,-0.0441,0.7629,0.6394,177.5,10.8,0.0
778996,2026-08-30_09-22-02.997-240,v3.6.25,3.46,12.0,400,3498,6554,2011,2327,6834,3247,3344,6504,1970,2492,6522,2820,0,0,0,-852,18,850,1203.6,7918.6,-0.518,0.019,0.237,196.969,3.906,-209.047,1047.6,1,0.0797,-0.0316,0.7940,0.6018,177.3,9.5,0.0
779518,2026-08-30_09-22-03.519-240,v3.6.25,3.47,12.0,400,-3027,6912,332,-2956,7167,-961,-3205,6976,297,-3522,6754,-392,0,0,0,-317,-222,-689,790.2,5199.0,-1.503,1.100,1.351,216.750,-17.359,-182.031,700.7,1,0.0732,-0.0124,0.8215,0.5653,176.4,7.7,0.0
779580,2026-08-30_09-22-03.582-240,v3.6.25,3.47,12.0,400,-2609,7069,834,-2843,7313,-117,-2787,7119,794,-3268,6913,412,0,0,0,-481,-206,-382,647.9,4262.2,-0.215,1.048,1.203,59.656,-50.391,28.391,581.2,1,0.0737,0.0024,0.8216,0.5653,175.0,6.8,0.0
779620,2026-08-30_09-22-03.622-240,v3.6.25,3.47,12.0,400,-2609,7069,834,-2457,7463,456,-2787,7119,794,-2787,7074,905,0,0,0,0,-45,111,119.8,788.0,-0.024,0.064,1.252,49.797,-71.578,35.359,138.0,1,0.0777,0.0185,0.8201,0.5667,173.2,6.1,0.0
779649,2026-08-30_09-22-03.650-240,v3.6.25,3.47,12.0,400,-2157,7203,1172,-2017,7545,952,-2335,7241,1128,-2264,7166,1315,0,0,0,71,-75,187,213.6,1405.4,-0.716,-0.172,0.721,62.344,-86.031,33.312,216.7,1,0.0828,0.0374,0.8190,0.5665,171.0,5.4,0.0
779695,2026-08-30_09-22-03.696-240,v3.6.25,3.47,12.0,400,-1668,7273,1696,-2017,7545,952,-1845,7295,1648,-2264,7166,1315,0,0,0,-419,-129,-333,550.5,3622.0,-0.669,-0.261,0.556,100.891,-120.000,10.578,499.5,1,0.0903,0.0633,0.8208,0.5605,168.1,4.4,0.0
779756,2026-08-30_09-22-03.757-240,v3.6.25,3.47,12.0,400,-952,7227,2496,-1513,7545,1784,-1126,7225,2443,-1617,7182,2041,0,0,0,-491,-43,-402,636.0,4184.4,-0.391,0.225,0.476,157.250,-138.469,-28.859,571.2,1,0.0969,0.0961,0.8270,0.5454,164.6,3.2,0.0
780102,2026-08-30_09-22-03.103-240,v3.6.25,3.47,12.0,400,-6055,4029,2084,-6050,4333,1312,-6220,4087,2070,-6170,3956,2356,0,0,0,50,-131,286,318.5,2095.5,0.135,-1.521,0.512,44.766,-39.969,13.000,304.8,1,0.0977,0.1071,0.8268,0.5435,163.5,2.6,0.0
780146,2026-08-30_09-22-04.148-240,v3.6.25,3.47,12.0,400,-6055,4029,2084,-6144,4394,1051,-6220,4087,2070,-6310,4012,2117,0,0,0,-90,-75,47,126.2,830.5,0.020,-0.885,0.771,111.484,-35.719,0.844,143.4,1,0.0922,0.1259,0.8296,0.5362,162.1,1.0,0.0
780176,2026-08-30_09-22-04.177-240,v3.6.25,3.47,12.0,400,-5818,4296,2342,-5837,4739,1510,-5984,4347,2323,-5932,4364,2513,0,0,0,52,17,190,197.7,1300.8,0.444,-1.003,0.875,151.062,-31.594,-23.234,203.4,1,0.0830,0.1480,0.8352,0.5231,160.5,-0.9,0.0
780226,2026-08-30_09-22-04.228-240,v3.6.25,3.47,12.0,400,-5294,4736,2830,-5837,4739,1510,-5462,4773,2803,-5932,4364,2513,0,0,0,-470,-409,-290,687.2,4521.2,0.837,-1.028,0.271,228.109,-20.344,-70.328,614.2,1,0.0660,0.1765,0.8460,0.4988,158.6,-3.7,0.0
780515,2026-08-30_09-22-04.516-240,v3.6.25,3.47,12.0,400,956,6537,4026,293,6688,4211,794,6480,3971,623,6380,4106,0,0,0,-171,-100,135,239.7,1577.1,0.308,1.171,0.650,233.094,-7.484,-142.406,238.6,1,0.0479,0.1993,0.8618,0.4640,157.0,-5.9,0.0
780629,2026-08-30_09-22-04.631-240,v3.6.25,3.47,12.0,400,4189,5876,2927,3182,6246,3669,4043,5797,2887,3434,5950,3089,0,0,0,-609,153,202,659.6,4339.6,0.934,0.867,0.714,66.484,-24.266,0.656,591.0,1,0.0454,0.2106,0.8621,0.4587,156.0,-6.6,0.0
780670,2026-08-30_09-22-04.672-240,v3.6.25,3.47,12.0,400,4189,5876,2927,3885,5876,3611,4043,5797,2887,4136,5586,2914,0,0,0,93,-211,27,232.2,1527.4,0.525,0.936,1.046,20.531,-17.469,-6.000,232.3,1,0.0460,0.2146,0.8626,0.4558,155.5,-6.7,0.0
780698,2026-08-30_09-22-04.700-240,v3.6.25,3.47,12.0,400,4511,5660,2909,4092,5722,3642,4368,5577,2872,4352,5435,2909,0,0,0,-16,-142,37,147.6,971.1,0.378,1.381,0.964,-10.672,-12.422,-48.266,161.3,1,0.0489,0.2111,0.8666,0.4495,155.7,-6.0,0.0
780749,2026-08-30_09-22-04.750-240,v3.6.25,3.47,12.0,400,4507,5694,2930,4092,5722,3642,4363,5611,2892,4352,5435,2909,0,0,0,-11,-176,17,177.2,1165.5,0.283,1.134,0.498,-213.453,14.719,128.031,186.1,1,0.0638,0.1900,0.8533,0.4814,157.3,-4.2,0.0
780777,2026-08-30_09-22-04.779-240,v3.6.25,3.47,12.0,400,4507,5694,2930,3753,5874,3920,4363,5611,2892,4057,5588,3238,0,0,0,-306,-23,346,462.5,3042.6,0.372,0.333,0.489,-243.125,31.172,120.469,425.6,1,0.0789,0.1625,0.8386,0.5138,159.3,-2.0,0.0
780805,2026-08-30_09-22-04.807-240,v3.6.25,3.47,12.0,400,3748,5925,3573,3753,5874,3920,3600,5840,3528,4057,5588,3238,0,0,0,457,-252,-290,597.0,3927.9,0.557,-0.084,0.737,-213.719,42.516,44.688,538.5,1,0.0911,0.1331,0.8302,0.5336,161.4,0.5,0.0
781042,2026-08-30_09-22-04.044-240,v3.6.25,3.47,12.0,400,-1618,6138,4403,-1414,6697,3815,-1785,6104,4349,-1153,6372,4009,0,0,0,632,268,-340,766.1,5039.9,0.343,-0.493,0.974,-44.203,-70.031,16.234,680.4,1,0.1045,0.1350,0.8264,0.5365,160.4,1.6,0.0
781098,2026-08-30_09-22-04.100-240,v3.6.25,3.47,12.0,400,-1486,5901,4836,-2224,6266,4106,-1650,5856,4782,-1905,5944,4431,0,0,0,-255,88,-351,442.7,2912.4,0.562,-0.656,1.091,151.391,-63.719,-23.406,409.0,1,0.0998,0.1603,0.8312,0.5230,158.2,-0.1,0.0
781141,2026-08-30_09-22-05.143-240,v3.6.25,3.47,12.0,400,-1486,5901,4836,-2001,6008,4637,-1650,5856,4782,-1585,5697,4912,0,0,0,65,-159,130,215.4,1417.2,0.840,-0.084,0.808,270.438,-27.078,-37.656,218.2,1,0.0788,0.1971,0.8391,0.5009,155.8,-3.7,0.0
781388,2026-08-30_09-22-05.389-240,v3.6.25,3.47,12.0,400,4355,5396,3643,3710,5554,4262,4213,5300,3604,4079,5276,3579,0,0,0,-134,-24,-25,138.4,910.6,0.208,0.032,0.436,-41.172,-106.984,12.078,153.6,1,0.0978,0.2019,0.8358,0.5012,154.2,-2.2,0.0
781416,2026-08-30_09-22-05.418-240,v3.6.25,3.47,12.0,400,4411,4953,4212,3797,5099,4778,4273,4844,4174,4264,4832,4069,0,0,0,-9,-12,-105,106.1,697.8,0.511,0.421,0.495,-71.938,-118.688,-20.266,126.5,1,0.1218,0.2017,0.8344,0.4983,152.7,0.1,0.0
781457,2026-08-30_09-22-05.458-240,v3.6.25,3.47,12.0,400,4411,4953,4212,3450,4590,5471,4273,4844,4174,4046,4335,4806,0,0,0,-227,-509,632,842.6,5543.7,1.116,0.858,0.648,-143.422,-99.562,-41.734,744.6,1,0.1497,0.1887,0.8338,0.4967,152.3,3.6,0.0
781510,2026-08-30_09-22-05.511-240,v3.6.25,3.47,12.0,400,4161,4565,4898,3450,4590,5471,4026,4444,4860,4046,4335,4806,0,0,0,20,-109,-54,123.3,811.0,1.249,0.844,0.570,-208.109,-24.891,-55.750,140.9,1,0.1728,0.1593,0.8346,0.4982,153.8,7.4,0.0
781540,2026-08-30_09-22-05.542-240,v3.6.25,3.47,12.0,400,3546,4555,5363,2728,4537,5929,3409,4433,5322,3402,4286,5375,0,0,0,-7,-147,53,156.4,1029.1,1.135,1.102,0.498,-249.781,12.297,-18.469,168.7,1,0.1931,0.1223,0.8310,0.5072,156.0,11.3,0.0
781741,2026-08-30_09-22-05.742-240,v3.6.25,3.47,12.0,400,-1707,4737,5923,-2196,5205,5339,-1863,4670,5875,-1643,4910,5632,0,0,0,220,240,-243,406.3,2672.8,0.171,0.298,0.743,-9.859,-119.531,-41.422,378.4,1,0.2120,0.1301,0.8301,0.4990,154.0,12.8,0.0
781776,2026-08-30_09-22-05.778-240,v3.6.25,3.47,12.0,400,-1707,4737,5923,-2573,4565,5835,-1863,4670,5875,-1922,4279,6182,0,0,0,-59,-391,307,500.6,3293.5,0.315,0.363,0.717,9.906,-142.422,26.484,457.6,1,0.2308,0.1453,0.8226,0.4990,151.1,13.6,0.0
781803,2026-08-30_09-22-05.805-240,v3.6.25,3.47,12.0,400,-1581,4007,6505,-2573,4565,5835,-1730,3924,6462,-1922,4279,6182,0,0,0,-192,355,-280,491.2,3231.7,0.612,-0.339,0.837,40.781,-141.969,68.172,449.7,1,0.2456,0.1664,0.8115,0.5035,147.9,13.4,0.0
781877,2026-08-30_09-22-05.879-240,v3.6.25,3.47,12.0,400,-1467,3293,6903,-2205,3003,6880,-1610,3199,6865,-1340,2747,7143,0,0,0,270,-452,278,595.4,3917.0,1.601,-0.669,0.472,273.000,-52.344,-15.312,537.1,1,0.2278,0.2101,0.8148,0.4899,145.0,9.5,0.0
781916,2026-08-30_09-22-05.917-240,v3.6.25,3.47,12.0,400,-726,3009,7138,-2205,3003,6880,-864,2900,7102,-1340,2747,7143,0,0,0,-476,-153,41,501.7,3300.4,1.515,0.005,0.126,338.266,21.828,-47.578,458.5,1,0.1930,0.2550,0.8223,0.4707,142.9,4.4,0.0
782037,2026-08-30_09-22-05.038-240,v3.6.25,3.47,12.0,400,2372,3790,6334,1125,3662,6800,2237,3661,6295,1965,3420,6499,0,0,0,-272,-241,204,416.8,2741.8,0.458,0.448,0.431,195.453,97.688,26.297,387.2,1,0.1602,0.2758,0.8230,0.4701,142.8,0.2,0.0
782095,2026-08-30_09-22-05.096-240,v3.6.25,3.47,12.0,400,4058,4383,5001,2390,4235,6099,3924,4261,4964,3100,3986,5599,0,0,0,-824,-275,635,1076.0,7079.1,0.054,0.021,0.502,151.141,22.750,-8.938,940.5,1,0.1422,0.2946,0.8241,0.4625,141.9,-2.2,0.0
782152,2026-08-30_09-22-06.154-240,v3.6.25,3.47,12.0,400,4709,4126,4628,3238,4365,5643,4579,4002,4597,3868,4113,5010,0,0,0,-711,111,413,829.7,5458.6,0.418,0.910,1.344,64.234,-58.547,-80.250,733.8,1,0.1439,0.3043,0.8298,0.4451,140.7,-1.8,0.0
782208,2026-08-30_09-22-06.209-240,v3.6.25,3.47,12.0,400,5061,3845,4536,4048,4039,5393,4935,3718,4509,4644,3791,4629,0,0,0,-291,73,120,323.1,2125.8,0.956,1.446,0.686,-116.047,-102.359,-70.844,308.6,1,0.1687,0.2929,0.8343,0.4356,140.5,1.5,0.0
782244,2026-08-30_09-22-06.245-240,v3.6.25,3.47,12.0,400,5061,3845,4536,4278,3783,5469,4935,3718,4509,4893,3539,4665,0,0,0,-42,-179,156,241.1,1586.3,0.859,0.959,0.173,-190.516,-124.859,-85.547,239.8,1,0.2033,0.2716,0.8388,0.4259,140.8,6.3,0.0
782272,2026-08-30_09-22-06.274-240,v3.6.25,3.47,12.0,400,4835,3698,5001,4278,3783,5469,4709,3564,4972,4893,3539,4665,0,0,0,184,-25,-307,358.8,2360.5,0.782,1.096,0.112,-228.453,-136.375,-104.016,338.6,1,0.2423,0.2444,0.8428,0.4137,141.3,11.9,0.0
782299,2026-08-30_09-22-06.301-240,v3.6.25,3.47,12.0,400,4835,3698,5001,3735,3569,6009,4709,3564,4972,4446,3332,5285,0,0,0,-263,-232,313,470.1,3092.5,0.777,1.328,0.335,-273.359,-142.672,-90.203,431.9,1,0.2854,0.2108,0.8432,0.4039,141.9,18.1,0.0
782327,2026-08-30_09-22-06.329-240,v3.6.25,3.47,12.0,400,4257,3517,5648,3735,3569,6009,4131,3377,5617,4446,3332,5285,0,0,0,315,-45,-332,459.9,3025.4,0.928,1.138,0.416,-331.203,-136.719,-43.984,423.4,1,0.3311,0.1687,0.8370,0.4016,142.9,24.8,0.0
782500,2026-08-30_09-22-06.501-240,v3.6.25,3.47,12.0,400,1314,1931,7433,204,2051,7534,1191,1788,7408,1204,1826,7375,0,0,0,13,38,-33,52.0,342.0,0.595,-0.156,0.293,75.969,-86.469,-9.406,81.1,1,0.3377,0.1868,0.8333,0.3958,140.5,24.5,0.0
782560,2026-08-30_09-22-06.561-240,v3.6.25,3.47,12.0,400,1400,1192,7530,89,1194,7724,1283,1043,7513,1140,977,7582,0,0,0,-143,-66,69,171.9,1131.2,1.356,0.225,0.024,236.859,-34.234,18.016,181.8,1,0.3238,0.2268,0.8307,0.3920,137.5,21.1,0.0
782590,2026-08-30_09-22-06.592-240,v3.6.25,3.47,12.0,400,1919,700,7432,668,572,7779,1808,545,7421,1743,364,7539,0,0,0,-65,-181,118,225.6,1484.4,1.627,0.311,-0.051,284.172,9.234,20.625,226.8,1,0.2991,0.2705,0.8285,0.3885,134.7,16.6,0.0
782618,2026-08-30_09-22-06.619-240,v3.6.25,3.47,12.0,400,1919,700,7432,668,572,7779,1808,545,7421,1743,364,7539,0,0,0,-65,-181,118,225.6,1484.4,1.730,0.241,0.003,324.422,62.547,8.375,226.8,1,0.2624,0.3156,0.8274,0.3833,132.5,11.1,0.0
782791,2026-08-30_09-22-06.792-240,v3.6.25,3.47,12.0,400,5067,1586,5710,4104,1486,6480,4959,1428,5701,4942,1272,5686,0,0,0,-17,-156,-15,157.6,1037.1,0.100,-0.014,0.361,76.125,21.781,141.438,169.7,1,0.2545,0.3303,0.8148,0.4028,131.3,8.5,0.0
782826,2026-08-30_09-22-06.828-240,v3.6.25,3.47,12.0,400,5067,1586,5710,3924,1397,6673,4959,1428,5701,4797,1186,5906,0,0,0,-162,-242,205,356.1,2343.0,0.520,0.006,0.784,60.000,-36.781,41.766,336.3,1,0.2547,0.3432,0.8084,0.4047,129.8,7.7,0.0
782855,2026-08-30_09-22-06.856-240,v3.6.25,3.47,12.0,400,4821,1258,5956,3924,1397,6673,4715,1097,5949,4797,1186,5906,0,0,0,82,89,-43,128.4,844.9,0.825,0.796,0.745,-6.078,-69.578,-16.781,145.2,1,0.2644,0.3471,0.8068,0.3984,128.8,8.6,0.0
782884,2026-08-30_09-22-06.886-240,v3.6.25,3.47,12.0,400,4865,887,5953,3796,922,6769,4762,724,5951,4695,715,6022,0,0,0,-67,-9,71,98.0,645.0,0.948,1.192,0.575,-93.062,-82.672,-33.531,119.7,1,0.2835,0.3386,0.8073,0.3915,128.4,11.1,0.0
782931,2026-08-30_09-22-06.932-240,v3.6.25,3.47,12.0,400,4865,887,5953,3721,633,6867,4762,724,5951,4643,429,6131,0,0,0,-119,-295,180,365.5,2404.6,1.417,1.299,0.050,-250.188,-75.297,-31.312,344.2,1,0.3151,0.3062,0.8097,0.3891,129.6,15.8,0.0
782969,2026-08-30_09-22-06.970-240,v3.6.25,3.47,12.0,400,4664,752,6193,3721,633,6867,4562,587,6190,4643,429,6131,0,0,0,81,-158,-59,187.1,1230.9,1.399,1.065,-0.106,-347.000,-63.594,11.750,194.5,1,0.3528,0.2587,0.8078,0.3950,131.5,21.4,0.0
782996,2026-08-30_09-22-06.998-240,v3.6.25,3.47,12.0,400,3914,832,6727,3037,678,7240,3808,666,6720,4021,475,6611,0,0,0,213,-191,-109,306.2,2014.2,1.367,0.741,-0.235,-378.062,-56.688,41.000,294.4,1,0.3909,0.2056,0.8008,0.4045,133.4,27.4,0.0
783262,2026-08-30_09-22-07.263-240,v3.6.25,3.47,12.0,400,318,-2334,7254,-932,-2125,7395,226,-2476,7279,135,-2330,7441,0,0,0,-91,146,162,236.3,1554.7,1.629,-0.176,-0.635,244.688,-8.297,-21.938,235.8,1,0.3718,0.2442,0.8024,0.3979,131.3,23.7,0.0
783301,2026-08-30_09-22-07.303-240,v3.6.25,3.47,12.0,400,318,-2334,7254,-821,-2504,7317,226,-2476,7279,242,-2707,7347,0,0,0,16,-231,68,241.3,1587.7,1.345,0.416,-0.234,272.656,59.297,-23.609,240.0,1,0.3403,0.2820,0.8065,0.3927,130.2,19.1,0.0
783349,2026-08-30_09-22-07.350-240,v3.6.25,3.47,12.0,400,745,-2134,7282,-228,-2062,7505,653,-2281,7305,858,-2261,7429,0,0,0,205,20,124,240.4,1581.7,1.881,0.370,-0.620,267.500,118.750,-22.109,239.2,1,0.2999,0.3141,0.8121,0.3897,129.9,14.0,0.0
783382,2026-08-30_09-22-07.384-240,v3.6.25,3.47,12.0,400,1367,-1436,7391,-228,-2062,7505,1271,-1590,7405,858,-2261,7429,0,0,0,-413,-671,24,788.3,5186.1,1.551,0.147,-0.209,264.750,138.219,-52.641,699.0,1,0.2557,0.3428,0.8191,0.3823,129.9,9.0,0.0
783505,2026-08-30_09-22-07.506-240,v3.6.25,3.47,12.0,400,3118,376,7032,2042,472,7538,3013,212,7028,3080,269,7071,0,0,0,67,57,43,97.9,644.2,0.611,-0.057,0.381,48.281,-7.484,65.328,119.6,1,0.2534,0.3529,0.8120,0.3897,128.9,7.8,0.0
783555,2026-08-30_09-22-07.557-240,v3.6.25,3.47,12.0,400,3209,558,7036,2042,472,7538,3103,394,7030,3080,269,7071,0,0,0,-23,-125,41,133.5,878.6,0.611,-0.418,0.385,35.406,-91.750,-25.078,149.5,1,0.2623,0.3638,0.8094,0.3792,127.2,8.5,0.0
783583,2026-08-30_09-22-07.585-240,v3.6.25,3.47,12.0,400,3261,76,7012,1962,93,7610,3159,-89,7011,3021,-105,7155,0,0,0,-138,-16,144,200.1,1316.4,0.710,0.108,0.346,0.938,-124.125,-51.062,205.4,1,0.2781,0.3709,0.8079,0.3638,125.4,10.3,0.0
783616,2026-08-30_09-22-07.618-240,v3.6.25,3.47,12.0,400,3261,76,7012,1962,93,7610,3159,-89,7011,3021,-105,7155,0,0,0,-138,-16,144,200.1,1316.4,0.864,0.409,0.158,-52.344,-142.297,-57.359,205.4,1,0.3008,0.3709,0.8069,0.3476,123.9,13.2,0.0
783727,2026-08-30_09-22-07.728-240,v3.6.25,3.47,12.0,400,3698,-2129,6356,2489,-1896,7108,3616,-2294,6386,3507,-2086,6581,0,0,0,-109,208,195,305.2,2008.1,1.484,1.133,-0.483,-287.719,-89.109,-15.047,293.6,1,0.3365,0.3333,0.8097,0.3466,125.5,18.3,0.0
783771,2026-08-30_09-22-07.773-240,v3.6.25,3.47,12.0,400,3698,-2129,6356,2503,-2346,6986,3616,-2294,6386,3510,-2534,6460,0,0,0,-106,-240,74,272.6,1793.4,1.221,0.893,-0.622,-322.469,-57.406,10.438,266.2,1,0.3699,0.2881,0.8106,0.3509,127.6,23.4,0.0
783800,2026-08-30_09-22-07.802-240,v3.6.25,3.47,12.0,400,3409,-2250,6485,2111,-2424,7100,3327,-2415,6515,3139,-2612,6638,0,0,0,-188,-197,123,298.8,1965.8,1.068,1.004,-0.607,-319.219,-43.797,34.719,288.2,1,0.4004,0.2420,0.8078,0.3585,129.7,28.2,0.0
783846,2026-08-30_09-22-07.847-240,v3.6.25,3.47,12.0,400,2875,-2252,6748,2111,-2424,7100,2791,-2415,6776,3139,-2612,6638,0,0,0,348,-197,-138,423.0,2783.1,0.544,0.182,-0.466,-291.094,-33.547,116.922,392.5,1,0.4264,0.1998,0.7971,0.3780,131.0,31.9,0.0
783964,2026-08-30_09-22-07.966-240,v3.6.25,3.47,12.0,400,1506,-2785,6914,335,-2769,7241,1422,-2936,6947,1392,-2964,7077,0,0,0,-30,-28,130,136.3,896.9,1.221,-0.439,-0.442,299.859,-27.797,-85.625,151.9,1,0.4070,0.2487,0.8011,0.3616,128.2,28.2,0.0
783993,2026-08-30_09-22-07.995-240,v3.6.25,3.47,12.0,400,2059,-3060,6599,610,-3143,7065,1979,-3213,6638,1646,-3336,6860,0,0,0,-333,-123,222,418.7,2754.5,1.210,0.168,-0.717,378.500,2.531,-118.078,388.8,1,0.3755,0.3067,0.8061,0.3393,125.3,23.4,0.0
784139,2026-08-30_09-22-08.140-240,v3.6.25,3.47,12.0,400,3627,-3149,5873,2504,-3317,6534,3553,-3308,5918,3456,-3506,6021,0,0,0,-97,-198,103,243.4,1601.0,0.678,1.336,-0.081,102.484,17.484,137.484,241.7,1,0.3667,0.3237,0.7943,0.3603,123.8,20.4,0.0
784167,2026-08-30_09-22-08.169-240,v3.6.25,3.47,12.0,400,3346,-3238,6084,2337,-3393,6587,3271,-3398,6128,3299,-3582,6101,0,0,0,28,-184,-27,188.1,1237.3,0.654,0.524,-0.157,28.250,-13.172,162.578,195.3,1,0.3683,0.3315,0.7791,0.3841,122.5,18.6,0.0
784255,2026-08-30_09-22-08.256-240,v3.6.25,3.47,12.0,400,1953,-3767,6247,1210,-3650,6746,1878,-3914,6296,2203,-3841,6448,0,0,0,325,73,152,366.1,2408.8,0.872,0.252,-0.235,-39.594,-46.859,-63.000,344.7,1,0.3765,0.3284,0.7820,0.3726,122.2,20.1,0.0
784300,2026-08-30_09-22-08.302-240,v3.6.25,3.47,12.0,400,1953,-3767,6247,869,-3986,6570,1878,-3914,6296,1839,-4180,6334,0,0,0,-39,-266,38,271.5,1786.3,1.122,0.792,-0.536,-149.391,-40.969,-65.750,265.3,1,0.3929,0.3081,0.7871,0.3621,123.1,23.3,0.0
784328,2026-08-30_09-22-08.329-240,v3.6.25,3.47,12.0,400,2339,-3993,5988,1385,-4170,6355,2267,-4141,6042,2323,-4363,6038,0,0,0,56,-222,-4,229.0,1506.5,1.222,0.663,-0.602,-208.031,-32.641,-69.578,229.6,1,0.4125,0.2780,0.7931,0.3517,124.7,27.3,0.0
784371,2026-08-30_09-22-08.373-240,v3.6.25,3.47,12.0,400,2800,-3992,5781,1385,-4170,6355,2730,-4142,5836,2323,-4363,6038,0,0,0,-407,-221,202,505.3,3324.1,1.556,0.990,-0.596,-268.625,-20.875,-64.812,461.5,1,0.4344,0.2372,0.7987,0.3423,127.0,32.1,0.0
784406,2026-08-30_09-22-08.408-240,v3.6.25,3.47,12.0,400,2800,-3992,5781,1965,-4040,6277,2730,-4142,5836,2888,-4231,5863,0,0,0,158,-89,27,183.3,1206.2,1.638,1.381,-0.878,-321.172,-7.562,-17.562,191.3,1,0.4573,0.1869,0.8001,0.3403,130.0,37.2,0.0
784455,2026-08-30_09-22-08.456-240,v3.6.25,3.47,12.0,400,3239,-3725,5754,2220,-3678,6480,3168,-3879,5806,3170,-3867,6017,0,0,0,2,12,211,211.4,1390.5,0.933,0.873,-0.835,-373.672,0.812,107.281,214.8,1,0.4807,0.1271,0.7906,0.3574,132.9,42.0,0.0
784488,2026-08-30_09-22-08.490-240,v3.6.25,3.47,12.0,400,3120,-3332,6141,2220,-3678,6480,3045,-3490,6186,3170,-3867,6017,0,0,0,125,-377,-169,431.6,2839.8,0.559,-0.380,-0.555,-333.250,-8.328,136.062,399.7,1,0.5005,0.0736,0.7757,0.3773,134.8,46.1,0.0
784605,2026-08-30_09-22-08.607-240,v3.6.25,3.47,12.0,400,1741,-3597,6419,580,-3611,6825,1664,-3745,6465,1585,-3805,6632,0,0,0,-79,-60,167,194.2,1277.9,0.396,0.034,-0.078,107.812,-114.453,7.156,200.5,1,0.5084,0.0990,0.7674,0.3780,130.8,44.9,0.0
784631,2026-08-30_09-22-08.633-240,v3.6.25,3.47,12.0,400,1845,-4319,5904,783,-4393,6304,1774,-4460,5962,1717,-4589,6090,0,0,0,-57,-129,128,190.5,1253.0,0.764,-0.119,0.232,163.859,-99.578,22.953,197.3,1,0.5100,0.1320,0.7596,0.3815,127.0,42.4,0.0
784666,2026-08-30_09-22-08.667-240,v3.6.25,3.47,12.0,400,1845,-4319,5904,783,-4393,6304,1774,-4460,5962,1717,-4589,6090,0,0,0,-57,-129,128,190.5,1253.0,0.984,0.139,-0.102,246.312,-60.000,-4.594,197.3,1,0.5001,0.1757,0.7571,0.3819,124.1,38.5,0.0
784695,2026-08-30_09-22-08.697-240,v3.6.25,3.47,12.0,400,1536,-4935,5572,524,-5101,5790,1469,-5068,5639,1386,-5302,5634,0,0,0,-83,-234,-5,248.3,1633.8,1.154,0.390,-0.601,274.703,-16.312,-21.797,245.9,1,0.4812,0.2208,0.7583,0.3805,122.1,34.2,0.0
784725,2026-08-30_09-22-08.727-240,v3.6.25,3.47,12.0,400,1354,-5114,5414,524,-5101,5790,1288,-5243,5484,1386,-5302,5634,0,0,0,98,-59,150,188.6,1241.1,1.193,0.681,-0.617,278.734,28.031,-24.531,195.8,1,0.4549,0.2631,0.7615,0.3794,121.0,29.5,0.0
784771,2026-08-30_09-22-08.773-240,v3.6.25,3.47,12.0,400,1354,-5114,5414,358,-5250,5648,1288,-5243,5484,1198,-5453,5524,0,0,0,-90,-210,40,231.9,1526.0,1.567,0.620,-0.649,253.891,82.547,-38.328,232.1,1,0.4222,0.2973,0.7686,0.3778,121.0,25.1,0.0
784799,2026-08-30_09-22-08.800-240,v3.6.25,3.47,12.0,400,1325,-4841,5717,355,-4877,6030,1257,-4974,5782,1252,-5076,5896,0,0,0,-5,-102,114,153.1,1006.9,1.513,0.657,-0.792,226.141,112.734,-31.656,165.9,1,0.3868,0.3246,0.7760,0.3780,121.6,20.8,0.0
784842,2026-08-30_09-22-08.844-240,v3.6.25,3.47,12.0,400,1529,-4198,6162,355,-4877,6030,1456,-4340,6217,1252,-5076,5896,0,0,0,-204,-736,-321,828.5,5450.4,1.263,0.649,-0.578,177.891,113.375,8.188,732.7,1,0.3555,0.3444,0.7795,0.3840,122.2,16.8,0.0
784876,2026-08-30_09-22-08.878-240,v3.6.25,3.47,12.0,400,1529,-4198,6162,478,-4088,6603,1456,-4340,6217,1456,-4283,6433,0,0,0,0,57,216,223.4,1469.7,1.117,0.620,-0.351,124.156,81.328,71.297,224.9,1,0.3340,0.3588,0.7755,0.3978,122.3,13.5,0.0
784905,2026-08-30_09-22-08.907-240,v3.6.25,3.47,12.0,400,1556,-3494,6614,173,-3415,6976,1478,-3643,6657,1199,-3611,6847,0,0,0,-279,32,190,339.1,2230.7,0.902,0.034,-0.089,65.219,32.797,130.875,322.0,1,0.3255,0.3687,0.7638,0.4180,121.7,10.9,0.0
784961,2026-08-30_09-22-08.963-240,v3.6.25,3.47,12.0,400,872,-3163,6860,173,-3415,6976,789,-3307,6898,1199,-3611,6847,0,0,0,410,-304,-51,512.9,3374.7,0.619,-0.945,0.037,51.609,-68.125,81.188,467.9,1,0.3306,0.3828,0.7511,0.4242,119.7,9.9,0.0
785031,2026-08-30_09-22-08.032-240,v3.6.25,3.47,12.0,400,163,-3452,6750,-1135,-4040,6451,79,-3586,6792,-186,-4248,6558,0,0,0,-265,-662,-234,750.5,4937.4,0.693,0.160,-0.352,-37.391,-141.938,18.156,667.3,1,0.3524,0.3887,0.7416,0.4179,117.3,11.4,0.0
785076,2026-08-30_09-22-08.078-240,v3.6.25,3.47,12.0,400,-75,-4234,6246,-1135,-4040,6451,-152,-4358,6300,-186,-4248,6558,0,0,0,-34,110,258,282.5,1858.7,0.982,-0.136,-0.513,-161.469,-142.328,34.844,274.6,1,0.3864,0.3767,0.7325,0.4150,115.6,14.7,0.0
785139,2026-08-30_09-22-09.141-240,v3.6.25,3.47,12.0,400,-377,-5160,5453,-1335,-5069,5604,-448,-5268,5524,-507,-5284,5767,0,0,0,-59,-16,243,250.6,1648.5,1.199,-0.188,-0.526,-223.484,-80.875,-45.625,247.7,1,0.4162,0.3502,0.7354,0.4042,115.6,19.2,0.0
785251,2026-08-30_09-22-09.253-240,v3.6.25,3.47,12.0,400,1295,-6164,4140,-276,-6354,4317,1237,-6271,4231,361,-6574,4335,0,0,0,-876,-303,104,932.7,6136.4,0.948,1.048,-1.174,-390.000,36.734,74.734,820.2,1,0.4466,0.2900,0.7364,0.4174,118.4,24.6,0.0
785306,2026-08-30_09-22-09.308-240,v3.6.25,3.47,12.0,400,1461,-5802,4695,618,-6278,4444,1401,-5921,4778,1276,-6491,4307,0,0,0,-125,-570,-471,749.9,4933.6,0.901,0.832,-1.427,-469.656,100.031,225.016,666.8,1,0.4740,0.2112,0.7248,0.4533,122.1,29.7,0.0
785351,2026-08-30_09-22-09.353-240,v3.6.25,3.47,12.0,400,1461,-5802,4695,507,-5808,5115,1401,-5921,4778,1269,-6015,4980,0,0,0,-132,-94,202,259.0,1703.7,0.690,0.702,-1.301,-450.031,139.531,287.016,254.8,1,0.4901,0.1299,0.7048,0.4961,126.0,34.2,0.0
785504,2026-08-30_09-22-09.505-240,v3.6.25,3.47,12.0,400,-1842,-4346,5923,-2710,-4481,5694,-1924,-4442,5981,-1882,-4707,6087,0,0,0,42,-265,106,288.5,1897.9,0.176,-0.280,0.186,54.594,-49.938,-121.969,279.6,1,0.4940,0.1441,0.7123,0.4773,124.8,34.5,0.0
785545,2026-08-30_09-22-09.548-240,v3.6.25,3.47,12.0,400,-1407,-4532,5930,-2710,-4481,5694,-1486,-4634,5990,-1882,-4707,6087,0,0,0,-396,-73,97,414.2,2724.9,0.614,-0.186,-0.245,135.438,-89.828,-59.203,385.1,1,0.4941,0.1732,0.7121,0.4678,122.5,32.8,0.0
785574,2026-08-30_09-22-09.576-240,v3.6.25,3.47,12.0,400,-945,-4882,5681,-1994,-4866,5614,-1020,-4987,5747,-1170,-5086,5888,0,0,0,-150,-99,141,228.4,1502.9,0.838,-0.778,-0.154,229.859,-96.297,-58.578,229.2,1,0.4863,0.2167,0.7115,0.4586,119.9,29.6,0.0
785612,2026-08-30_09-22-09.614-240,v3.6.25,3.47,12.0,400,-945,-4882,5681,-1788,-5210,5429,-1020,-4987,5747,-988,-5430,5674,0,0,0,32,-443,-73,450.1,2961.3,0.925,-1.233,-1.074,393.688,-72.484,-154.406,415.2,1,0.4597,0.2831,0.7201,0.4360,117.3,24.5,0.0
785661,2026-08-30_09-22-09.663-240,v3.6.25,3.47,12.0,400,-752,-5123,5536,-1788,-5210,5429,-824,-5228,5605,-988,-5430,5674,0,0,0,-164,-202,69,269.2,1771.0,0.981,-0.945,-2.138,511.984,16.094,-379.000,263.4,1,0.4060,0.3591,0.7488,0.3814,115.9,19.5,0.0
785721,2026-08-30_09-22-09.723-240,v3.6.25,3.47,12.0,400,354,-5001,5653,-819,-5172,5751,284,-5122,5720,36,-5381,5824,0,0,0,-248,-259,104,373.4,2456.3,0.623,3.320,-1.583,459.875,108.891,-357.062,350.8,1,0.3404,0.4172,0.7745,0.3320,115.7,14.5,0.0
785892,2026-08-30_09-22-09.893-240,v3.6.25,3.47,12.0,400,2554,-4475,5501,1737,-4383,6151,2487,-4618,5564,2646,-4575,5779,0,0,0,159,43,215,270.8,1781.9,0.425,0.641,-0.542,50.000,-81.000,-58.953,264.8,1,0.3442,0.4287,0.7729,0.3169,114.2,15.1,0.0
785930,2026-08-30_09-22-09.932-240,v3.6.25,3.47,12.0,400,2554,-4475,5501,1619,-4767,5812,2487,-4618,5564,2478,-4963,5469,0,0,0,-9,-345,-95,358.0,2355.0,0.536,1.877,-0.190,-104.047,-95.125,45.406,337.9,1,0.3670,0.4196,0.7668,0.3183,113.3,17.2,0.0
785961,2026-08-30_09-22-09.963-240,v3.6.25,3.47,12.0,400,2705,-4955,4987,1637,-5304,5334,2642,-5092,5059,2427,-5504,5001,0,0,0,-215,-412,-58,468.3,3081.1,0.702,1.527,-0.315,-274.953,-79.328,148.281,430.5,1,0.4050,0.3848,0.7576,0.3375,113.7,20.7,0.0
786011,2026-08-30_09-22-09.013-240,v3.6.25,3.47,12.0,400,2206,-5314,4936,1637,-5304,5334,2144,-5445,5012,2427,-5504,5001,0,0,0,283,-59,-11,289.3,1903.2,0.987,0.451,-1.045,-420.172,-6.000,196.641,280.2,1,0.4449,0.3226,0.7501,0.3678,116.0,25.5,0.0
786041,2026-08-30_09-22-09.042-240,v3.6.25,3.47,12.0,400,1440,-5302,5233,846,-5507,5368,1376,-5429,5307,1645,-5710,5168,0,0,0,269,-281,-139,413.1,2717.7,1.166,0.181,-1.173,-425.969,47.016,160.625,384.1,1,0.4749,0.2543,0.7451,0.3932,119.1,30.5,0.0
786083,2026-08-30_09-22-09.085-240,v3.6.25,3.47,12.0,400,1440,-5302,5233,126,-5229,5724,1376,-5429,5307,979,-5432,5637,0,0,0,-397,-3,330,516.3,3396.4,1.378,0.585,-1.101,-409.594,99.078,132.016,470.7,1,0.4939,0.1835,0.7421,0.4144,123.1,35.5,0.0
786130,2026-08-30_09-22-10.132-240,v3.6.25,3.47,12.0,400,927,-4931,5714,126,-5229,5724,858,-5060,5780,979,-5432,5637,0,0,0,121,-372,-143,416.5,2740.1,1.177,0.975,-1.134,-410.750,123.547,179.688,387.0,1,0.5063,0.1093,0.7329,0.4411,127.4,40.2,0.0
786158,2026-08-30_09-22-10.160-240,v3.6.25,3.47,12.0,400,253,-4325,6256,-605,-4584,6246,177,-4454,6311,321,-4788,6269,0,0,0,144,-334,-42,366.1,2408.8,0.701,-0.105,-0.776,-369.719,107.281,188.672,344.7,1,0.5146,0.0418,0.7181,0.4667,130.8,44.4,0.0
786251,2026-08-30_09-22-10.253-240,v3.6.25,3.47,12.0,400,-1043,-4004,6359,-2024,-4099,6234,-1125,-4117,6410,-1111,-4315,6497,0,0,0,14,-198,87,216.7,1425.8,0.449,0.543,0.420,4.203,-49.203,-49.641,219.3,1,0.5216,0.0478,0.7175,0.4592,129.5,44.8,0.0
786301,2026-08-30_09-22-10.303-240,v3.6.25,3.47,12.0,400,-900,-4416,6077,-2024,-4099,6234,-978,-4527,6134,-1111,-4315,6497,0,0,0,-133,212,363,440.9,2900.7,0.738,0.563,0.334,37.906,-93.844,54.906,407.5,1,0.5282,0.0609,0.7060,0.4678,126.8,43.5,0.0
786345,2026-08-30_09-22-10.347-240,v3.6.25,3.47,12.0,400,-900,-4416,6077,-1972,-4566,5864,-978,-4527,6134,-1112,-4784,6128,0,0,0,-134,-257,-6,289.9,1907.2,0.797,-0.034,0.141,108.250,-92.078,82.656,280.7,1,0.5282,0.0839,0.6943,0.4815,124.4,40.7,0.0
786376,2026-08-30_09-22-10.378-240,v3.6.25,3.47,12.0,400,-1446,-4796,5661,-2554,-4912,5283,-1523,-4894,5726,-1786,-5141,5660,0,0,0,-263,-247,-66,366.8,2413.1,0.977,-0.404,0.057,187.875,-82.344,63.594,345.3,1,0.5205,0.1183,0.6867,0.4934,122.5,36.7,0.0
786416,2026-08-30_09-22-10.418-240,v3.6.25,3.47,12.0,400,-2113,-4791,5486,-2554,-4912,5283,-2193,-4877,5552,-1786,-5141,5660,0,0,0,407,-264,108,497.0,3269.7,1.443,-0.058,-0.226,278.781,-36.219,30.328,454.6,1,0.4993,0.1629,0.6871,0.5021,121.7,31.5,0.0
786450,2026-08-30_09-22-10.451-240,v3.6.25,3.47,12.0,400,-2113,-4791,5486,-3184,-4741,5149,-2193,-4877,5552,-2444,-4977,5636,0,0,0,-251,-100,84,282.9,1861.5,1.603,0.231,-0.426,292.109,18.984,43.000,274.9,1,0.4686,0.2040,0.6895,0.5132,122.1,25.9,0.0
786477,2026-08-30_09-22-10.479-240,v3.6.25,3.47,12.0,400,-2525,-4248,5798,-3184,-4741,5149,-2610,-4333,5855,-2444,-4977,5636,0,0,0,166,-644,-219,700.2,4606.5,1.679,-0.015,-0.465,284.688,61.484,44.641,625.1,1,0.4322,0.2396,0.6933,0.5245,123.1,20.4,0.0
786659,2026-08-30_09-22-10.660-240,v3.6.25,3.47,12.0,400,-1613,-767,7487,-2696,-547,7245,-1723,-884,7492,-1691,-775,7590,0,0,0,32,109,98,150.0,987.0,0.844,-0.449,0.315,73.594,-52.344,61.594,163.4,1,0.4300,0.2549,0.6838,0.5315,121.8,18.5,0.0
786711,2026-08-30_09-22-10.713-240,v3.6.25,3.47,12.0,400,-1488,-516,7512,-2696,-547,7245,-1600,-634,7514,-1691,-775,7590,0,0,0,-91,-141,76,184.2,1212.0,1.113,-0.497,0.404,61.094,-128.016,10.031,192.1,1,0.4384,0.2757,0.6734,0.5275,119.1,17.4,0.0
786740,2026-08-30_09-22-10.742-240,v3.6.25,3.47,12.0,400,-1588,-983,7427,-2797,-979,7178,-1696,-1100,7435,-1794,-1206,7543,0,0,0,-98,-106,108,180.3,1186.1,1.226,0.000,0.654,30.094,-150.531,-3.703,188.8,1,0.4524,0.2941,0.6621,0.5200,115.9,17.1,0.0
786770,2026-08-30_09-22-10.771-240,v3.6.25,3.47,12.0,400,-1588,-983,7427,-2797,-979,7178,-1696,-1100,7435,-1794,-1206,7543,0,0,0,-98,-106,108,180.3,1186.1,1.219,0.346,0.355,-34.391,-167.609,10.297,188.8,1,0.4747,0.3046,0.6474,0.5126,112.4,17.6,0.0
787136,2026-08-30_09-22-11.137-240,v3.6.25,3.47,12.0,400,218,-7512,1316,230,-7502,1506,167,-7556,1442,414,-7756,1508,0,0,0,247,-200,66,324.6,2135.5,0.875,0.315,-1.032,-152.375,68.969,141.859,309.9,1,0.4817,0.2755,0.6380,0.5338,113.9,18.7,0.0
787759,2026-08-30_09-22-11.760-240,v3.6.25,3.47,12.0,400,-1621,-7512,15,-1700,-7413,-370,-1678,-7508,150,-1840,-7708,3,0,0,0,-162,-200,-147,296.4,1950.0,0.717,0.412,-0.637,21.984,177.172,58.922,286.2,1,0.4581,0.2616,0.6465,0.5511,117.7,17.7,0.0
787819,2026-08-30_09-22-11.820-240,v3.6.25,3.47,12.0,400,-1376,-7454,1155,-1522,-7420,902,-1432,-7475,1282,-1444,-7694,1215,0,0,0,-12,-219,-67,229.3,1508.8,0.180,0.490,-0.893,61.891,163.469,202.594,229.9,1,0.4296,0.2524,0.6382,0.5869,121.4,14.6,0.0
787936,2026-08-30_09-22-11.937-240,v3.6.25,3.47,12.0,400,-3800,-5744,3227,-3676,-6066,2628,-3878,-5769,3319,-3337,-6336,3261,0,0,0,541,-567,-58,785.8,5170.0,0.670,0.321,-0.110,12.547,-41.141,43.891,697.0,1,0.4314,0.2585,0.6302,0.5916,120.6,13.8,0.0
787976,2026-08-30_09-22-11.978-240,v3.6.25,3.47,12.0,400,-3800,-5744,3227,-4391,-5668,2526,-3878,-5769,3319,-4079,-5946,3282,0,0,0,-201,-177,-37,270.4,1778.7,0.555,-0.351,-0.582,-78.062,-80.828,21.844,264.4,1,0.4478,0.2568,0.6207,0.5902,118.9,14.6,0.0
788005,2026-08-30_09-22-11.007-240,v3.6.25,3.47,12.0,400,-4049,-5820,2766,-4451,-5898,1833,-4127,-5833,2862,-4253,-6186,2616,0,0,0,-126,-353,-246,448.3,2949.5,0.323,-0.750,-1.036,-83.344,-102.312,-49.031,413.7,1,0.4677,0.2575,0.6172,0.5779,116.6,16.2,0.0
788053,2026-08-30_09-22-11.055-240,v3.6.25,3.47,12.0,400,-3855,-6276,2089,-4451,-5898,1833,-3929,-6280,2195,-4253,-6186,2616,0,0,0,-324,94,421,539.5,3549.3,0.719,-0.639,-0.813,-16.297,-96.516,-184.547,490.2,1,0.4809,0.2686,0.6292,0.5484,114.4,18.1,0.0
788081,2026-08-30_09-22-11.082-240,v3.6.25,3.47,12.0,400,-3855,-6276,2089,-3831,-6483,1327,-3929,-6280,2195,-3705,-6771,2019,0,0,0,224,-491,-176,567.7,3734.6,1.131,0.215,-0.810,11.578,-62.984,-219.984,513.8,1,0.4870,0.2807,0.6468,0.5155,113.1,19.9,0.0
788116,2026-08-30_09-22-11.118-240,v3.6.25,3.47,12.0,400,-3115,-6764,1804,-3831,-6483,1327,-3182,-6774,1918,-3705,-6771,2019,0,0,0,-523,3,101,532.7,3504.4,1.318,1.260,-0.885,-46.391,-10.734,-151.016,484.5,1,0.4922,0.2784,0.6610,0.4934,112.9,22.1,0.0
788186,2026-08-30_09-22-12.188-240,v3.6.25,3.47,12.0,400,-2216,-7072,1848,-2069,-7149,1835,-2278,-7095,1965,-1839,-7414,2218,0,0,0,439,-319,253,598.7,3939.1,1.027,-0.029,-1.192,-101.562,116.438,15.172,539.9,1,0.4877,0.2542,0.6692,0.4997,115.5,23.5,0.0
788231,2026-08-30_09-22-12.233-240,v3.6.25,3.47,12.0,400,-1592,-7123,2241,-2069,-7149,1835,-1651,-7161,2356,-1839,-7414,2218,0,0,0,-188,-253,-138,344.1,2263.7,0.978,-0.079,-0.956,1.406,150.016,9.969,326.2,1,0.4690,0.2417,0.6808,0.5080,118.8,23.1,0.0
788293,2026-08-30_09-22-12.295-240,v3.6.25,3.47,12.0,400,-1268,-6814,3178,-1796,-6935,2835,-1329,-6873,3283,-1400,-7184,3147,0,0,0,-71,-311,-136,346.8,2281.5,0.613,0.230,-0.532,97.469,125.391,105.688,328.5,1,0.4426,0.2440,0.6811,0.5297,121.4,20.2,0.0
788636,2026-08-30_09-22-12.637-240,v3.6.25,3.47,12.0,400,-4994,-5561,1692,-5445,-5156,1199,-5078,-5541,1792,-5373,-5465,2164,0,0,0,-295,76,372,480.8,3163.3,0.405,0.372,-1.194,-146.406,-140.312,-47.516,441.0,1,0.4732,0.2374,0.6736,0.5158,118.5,23.1,0.0
788760,2026-08-30_09-22-12.761-240,v3.6.25,3.47,12.0,400,-3992,-6616,-519,-4101,-6370,-895,-4064,-6570,-390,-4357,-6696,-104,0,0,0,-293,-126,286,428.4,2818.4,0.102,0.196,-1.000,-63.609,-89.844,-211.859,397.0,1,0.4903,0.2399,0.6862,0.4807,116.8,26.3,0.0
789345,2026-08-30_09-22-13.346-240,v3.6.25,3.47,12.0,400,-3674,-4334,5095,-4554,-4352,4404,-3763,-4392,5158,-3951,-4611,5140,0,0,0,-188,-219,-18,289.2,1902.5,1.019,-0.278,-0.401,-30.453,30.781,-158.656,280.1,1,0.4896,0.2356,0.7033,0.4584,117.7,28.2,0.0
789398,2026-08-30_09-22-13.400-240,v3.6.25,3.47,12.0,400,-2900,-4391,5516,-3825,-4390,5107,-2985,-4466,5577,-3101,-4633,5703,0,0,0,-116,-167,126,239.2,1573.7,0.942,0.348,-0.476,-65.594,12.141,-224.953,238.2,1,0.4939,0.2283,0.7237,0.4245,118.5,31.4,0.0
789572,2026-08-30_09-22-13.573-240,v3.6.25,3.47,12.0,400,1332,-4215,6158,348,-4738,6113,1259,-4355,6213,1256,-4937,5978,0,0,0,-3,-582,-235,627.7,4129.3,0.782,-0.754,-0.151,9.438,67.750,81.844,564.2,1,0.4838,0.2241,0.7226,0.4398,119.9,30.1,0.0
789603,2026-08-30_09-22-13.604-240,v3.6.25,3.47,12.0,400,1332,-4215,6158,34,-4156,6561,1259,-4355,6213,1005,-4354,6468,0,0,0,-254,1,255,359.9,2367.9,0.962,-0.574,-0.164,159.766,44.094,50.641,339.5,1,0.4636,0.2447,0.7224,0.4508,120.3,26.7,0.0
789637,2026-08-30_09-22-13.638-240,v3.6.25,3.47,12.0,400,876,-3784,6550,34,-4156,6561,798,-3924,6597,1005,-4354,6468,0,0,0,207,-430,-129,494.4,3252.4,1.193,0.098,-0.098,249.297,19.750,54.781,452.3,1,0.4377,0.2803,0.7189,0.4615,119.7,21.8,0.0
789663,2026-08-30_09-22-13.666-240,v3.6.25,3.47,12.0,400,569,-3489,6746,-417,-3740,6794,487,-3628,6788,584,-3940,6771,0,0,0,97,-312,-17,327.2,2152.5,1.139,0.811,-0.222,262.625,-2.891,99.500,312.0,1,0.4124,0.3190,0.7078,0.4766,118.4,16.2,0.0
789711,2026-08-30_09-22-13.713-240,v3.6.25,3.47,12.0,400,569,-3489,6746,-1012,-3527,6794,487,-3628,6788,-15,-3732,6871,0,0,0,-502,-104,83,519.3,3416.7,0.919,0.551,-0.330,171.516,-69.062,169.672,473.3,1,0.4039,0.3493,0.6840,0.4970,116.0,11.8,0.0
789751,2026-08-30_09-22-13.753-240,v3.6.25,3.47,12.0,400,-228,-3416,6778,-1012,-3527,6794,-312,-3545,6819,-15,-3732,6871,0,0,0,297,-187,52,354.8,2334.2,0.760,0.209,-0.654,93.797,-110.656,121.344,335.2,1,0.4073,0.3722,0.6620,0.5073,113.4,9.3,0.0
789818,2026-08-30_09-22-13.820-240,v3.6.25,3.47,12.0,400,-1270,-3739,6442,-2810,-4306,5661,-1355,-3850,6489,-1992,-4535,6071,0,0,0,-637,-685,-418,1024.6,6740.5,1.743,0.610,-0.131,-108.547,-63.453,51.844,897.3,1,0.4263,0.3632,0.6529,0.5100,112.3,10.7,0.0
789866,2026-08-30_09-22-13.868-240,v3.6.25,3.47,12.0,400,-1827,-4295,5925,-2810,-4306,5661,-1910,-4391,5982,-1992,-4535,6071,0,0,0,-82,-144,89,188.1,1237.5,1.433,-0.648,-0.448,-156.922,33.266,-20.969,195.3,1,0.4386,0.3394,0.6590,0.5081,113.3,13.5,0.0
789895,2026-08-30_09-22-13.896-240,v3.6.25,3.47,12.0,400,-1996,-4633,5670,-2935,-4710,5340,-2076,-4723,5733,-2163,-4942,5780,0,0,0,-87,-219,47,240.3,1580.9,1.209,-0.340,-0.458,-138.375,82.734,-71.078,239.1,1,0.4424,0.3139,0.6735,0.5021,115.4,16.3,0.0
789930,2026-08-30_09-22-13.932-240,v3.6.25,3.47,12.0,400,-1492,-4552,5939,-2935,-4710,5340,-1571,-4654,5999,-2163,-4942,5780,0,0,0,-592,-288,-219,693.8,4564.5,1.058,0.302,-0.392,-159.703,125.750,-48.547,619.7,1,0.4430,0.2812,0.6883,0.5009,118.4,19.2,0.0
789975,2026-08-30_09-22-13.977-240,v3.6.25,3.47,12.0,400,-1492,-4552,5939,-2421,-4613,5757,-1571,-4654,5999,-1579,-4836,6100,0,0,0,-8,-182,101,208.3,1370.4,0.894,0.057,-0.407,-183.484,165.797,4.047,212.3,1,0.4404,0.2408,0.6999,0.5082,122.3,21.8,0.0
790004,2026-08-30_09-22-13.006-240,v3.6.25,3.47,12.0,400,-1082,-3995,6427,-2139,-3932,6344,-1164,-4109,6477,-1212,-4148,6623,0,0,0,-48,-39,146,158.6,1043.2,0.617,-0.442,-0.488,-127.141,171.297,-21.734,170.5,1,0.4311,0.2077,0.7138,0.5114,126.3,23.8,0.0
790275,2026-08-30_09-22-14.276-240,v3.6.25,3.47,12.0,400,714,341,7643,-496,94,7775,602,195,7635,587,-117,7733,0,0,0,-15,-312,98,327.4,2153.8,0.425,-0.268,0.203,97.297,-48.641,125.812,312.2,1,0.4256,0.2262,0.6991,0.5282,125.0,20.9,0.0
790305,2026-08-30_09-22-14.307-240,v3.6.25,3.47,12.0,400,295,321,7697,-877,282,7726,181,179,7688,193,66,7749,0,0,0,12,-113,61,129.0,848.5,0.693,-0.359,-0.007,106.531,-79.625,70.297,145.7,1,0.4233,0.2488,0.6872,0.5354,123.1,18.4,0.0
790338,2026-08-30_09-22-14.340-240,v3.6.25,3.47,12.0,400,295,321,7697,-877,282,7726,181,179,7688,193,66,7749,0,0,0,12,-113,61,129.0,848.5,0.958,0.489,0.132,78.641,-86.969,11.906,145.7,1,0.4250,0.2684,0.6800,0.5338,121.1,16.9,0.0
790367,2026-08-30_09-22-14.369-240,v3.6.25,3.47,12.0,400,239,-162,7681,-1054,-221,7782,129,-303,7678,37,-433,7835,0,0,0,-92,-130,157,223.6,1471.3,1.164,1.192,0.487,4.219,-72.297,-7.500,225.1,1,0.4327,0.2761,0.6753,0.5296,119.6,17.0,0.0
790394,2026-08-30_09-22-14.395-240,v3.6.25,3.47,12.0,400,239,-162,7681,-1054,-221,7782,129,-303,7678,37,-433,7835,0,0,0,-92,-130,157,223.6,1471.3,1.808,1.355,0.404,-104.562,-35.562,13.703,225.1,1,0.4472,0.2651,0.6705,0.5294,119.0,18.6,0.0
790422,2026-08-30_09-22-14.426-240,v3.6.25,3.47,12.0,400,254,-729,7663,-992,-842,7683,149,-872,7667,96,-1051,7729,0,0,0,-53,-179,62,196.7,1294.1,2.073,0.510,0.079,-199.297,19.234,31.875,202.5,1,0.4645,0.2353,0.6669,0.5330,119.5,21.6,0.0
790451,2026-08-30_09-22-14.453-240,v3.6.25,3.47,12.0,400,-223,-816,7636,-992,-842,7683,-328,-953,7641,96,-1051,7729,0,0,0,424,-98,88,444.0,2921.0,1.806,-0.566,-0.157,-197.703,74.844,-26.344,410.1,1,0.4753,0.2010,0.6730,0.5298,121.1,25.3,0.0
790500,2026-08-30_09-22-14.501-240,v3.6.25,3.47,12.0,400,-223,-816,7636,-1532,-908,7561,-328,-953,7641,-463,-1122,7702,0,0,0,-135,-169,61,224.7,1478.5,1.245,-0.238,-0.014,-125.594,135.016,-169.922,226.1,1,0.4735,0.1730,0.6982,0.5084,124.2,29.0,0.0
790530,2026-08-30_09-22-14.532-240,v3.6.25,3.47,12.0,400,-200,-340,7721,-1309,-261,7684,-309,-477,7720,-233,-476,7783,0,0,0,76,1,63,98.7,649.5,0.983,0.248,0.224,-119.344,154.109,-187.688,120.3,1,0.4682,0.1441,0.7252,0.4839,128.1,32.7,0.0
790800,2026-08-30_09-22-14.801-240,v3.6.25,3.47,12.0,400,769,4775,6075,-194,4673,6264,621,4674,6026,531,4408,6197,0,0,0,-90,-266,171,328.8,2163.0,0.195,-0.212,0.828,127.406,1.547,38.391,313.4,1,0.4561,0.1631,0.7244,0.4906,127.8,30.0,0.0
790828,2026-08-30_09-22-14.830-240,v3.6.25,3.47,12.0,400,1170,4958,5901,122,5002,6098,1021,4856,5851,811,4734,5981,0,0,0,-210,-122,130,275.5,1812.3,0.165,0.270,0.832,127.312,-20.688,3.266,268.6,1,0.4471,0.1841,0.7245,0.4911,127.0,27.8,0.0
790868,2026-08-30_09-22-14.869-240,v3.6.25,3.47,12.0,400,1170,4958,5901,826,4882,6168,1021,4856,5851,1531,4620,5930,0,0,0,510,-236,79,567.5,3733.4,0.557,0.823,0.917,83.828,-29.344,-47.875,513.7,1,0.4438,0.1996,0.7276,0.4835,126.2,26.9,0.0
790919,2026-08-30_09-22-14.921-240,v3.6.25,3.47,12.0,400,1757,4794,5886,826,4882,6168,1612,4685,5838,1531,4620,5930,0,0,0,-81,-65,92,138.7,912.8,0.943,1.386,1.128,-40.359,2.188,-52.719,153.9,1,0.4475,0.1940,0.7319,0.4758,126.4,28.1,0.0
790947,2026-08-30_09-22-14.949-240,v3.6.25,3.47,12.0,400,2164,4673,5909,1223,4676,6216,2021,4558,5862,1941,4419,5910,0,0,0,-80,-139,48,167.4,1101.4,0.917,1.319,1.106,-107.312,34.031,-47.266,177.9,1,0.4530,0.1757,0.7372,0.4696,127.6,30.2,0.0
790980,2026-08-30_09-22-14.982-240,v3.6.25,3.47,12.0,400,1855,4893,5821,1223,4676,6216,1709,4784,5772,1941,4419,5910,0,0,0,232,-365,138,454.0,2986.7,0.715,1.101,0.981,-157.797,72.000,-38.078,418.4,1,0.4575,0.1464,0.7434,0.4654,129.9,33.0,0.0
791023,2026-08-30_09-22-14.025-240,v3.6.25,3.47,12.0,400,1855,4893,5821,826,4973,6038,1709,4784,5772,1507,4709,5803,0,0,0,-202,-75,31,217.7,1432.2,0.351,0.692,0.853,-174.359,109.344,-15.438,220.1,1,0.4577,0.1113,0.7496,0.4649,133.2,35.6,0.0
791155,2026-08-30_09-22-15.156-240,v3.6.25,3.47,12.0,400,-552,6361,4333,-932,6235,4631,-717,6316,4277,-521,5929,4725,0,0,0,196,-387,448,623.6,4102.7,-0.256,-0.516,0.963,50.516,24.922,98.953,560.8,1,0.4479,0.1169,0.7448,0.4805,133.4,33.7,0.0
791185,2026-08-30_09-22-15.187-240,v3.6.25,3.47,12.0,400,-552,6361,4333,-1144,6675,3989,-717,6316,4277,-852,6355,4133,0,0,0,-135,39,-144,201.2,1323.7,-0.118,-0.304,0.718,111.516,-19.266,67.953,206.3,1,0.4393,0.1355,0.7403,0.4905,132.4,31.2,0.0
791213,2026-08-30_09-22-15.215-240,v3.6.25,3.47,12.0,400,-409,6584,4044,-1144,6675,3989,-575,6543,3988,-852,6355,4133,0,0,0,-277,-188,145,364.8,2400.2,0.111,0.018,0.757,131.609,-59.734,55.234,343.6,1,0.4343,0.1606,0.7336,0.4974,130.6,28.5,0.0
791241,2026-08-30_09-22-15.243-240,v3.6.25,3.47,12.0,400,368,6512,4243,-525,6745,4096,204,6458,4186,-216,6430,4132,0,0,0,-420,-28,-54,424.4,2792.0,0.330,-0.151,1.019,129.953,-82.922,26.562,393.6,1,0.4325,0.1873,0.7272,0.4991,128.3,26.2,0.0
791338,2026-08-30_09-22-15.339-240,v3.6.25,3.47,12.0,400,1184,6192,4636,883,5946,5163,1025,6119,4580,1393,5662,4937,0,0,0,368,-457,357,686.8,4518.6,0.675,1.127,1.176,-34.797,-54.188,-61.969,613.9,1,0.4434,0.1874,0.7280,0.4881,127.3,27.6,0.0
791386,2026-08-30_09-22-15.388-240,v3.6.25,3.47,12.0,400,1646,5821,4976,883,5946,5163,1492,5734,4922,1393,5662,4937,0,0,0,-99,-72,15,123.3,811.4,0.414,0.877,0.590,-158.500,-24.281,-74.484,141.0,1,0.4614,0.1664,0.7302,0.4757,127.3,31.0,0.0
791416,2026-08-30_09-22-15.417-240,v3.6.25,3.47,12.0,400,1335,5657,5244,549,5760,5400,1181,5568,5191,1103,5479,5225,0,0,0,-78,-89,34,123.1,810.1,0.487,0.582,0.252,-216.453,-9.688,-79.094,140.8,1,0.4821,0.1355,0.7320,0.4620,127.8,35.5,0.0
791446,2026-08-30_09-22-15.448-240,v3.6.25,3.47,12.0,400,1335,5657,5244,549,5760,5400,1181,5568,5191,1103,5479,5225,0,0,0,-78,-89,34,123.1,810.1,0.634,0.322,0.253,-241.641,2.516,-99.359,140.8,1,0.5028,0.0996,0.7347,0.4445,128.7,40.6,0.0
791676,2026-08-30_09-22-15.677-240,v3.6.25,3.47,12.0,400,-3623,3864,5590,-4203,4198,4902,-3778,3824,5554,-3705,3890,5548,0,0,0,73,66,-6,98.6,648.7,0.438,-0.732,1.460,102.484,-85.406,44.891,120.2,1,0.5046,0.1220,0.7260,0.4510,126.1,38.5,0.0
791706,2026-08-30_09-22-15.708-240,v3.6.25,3.47,12.0,400,-3623,3864,5590,-4355,3928,5061,-3778,3824,5554,-3824,3624,5729,0,0,0,-46,-200,175,269.7,1774.4,0.870,-0.602,1.248,195.047,-57.859,9.281,263.8,1,0.4959,0.1568,0.7238,0.4535,124.2,35.1,0.0
791913,2026-08-30_09-22-15.914-240,v3.6.25,3.47,12.0,400,-581,5815,5051,-1363,5835,5005,-742,5754,4997,-880,5535,5164,0,0,0,-138,-219,167,308.0,2026.6,-0.573,-1.122,0.596,34.859,-11.844,112.734,296.0,1,0.4924,0.1619,0.7141,0.4705,123.7,33.4,0.0
791941,2026-08-30_09-22-15.943-240,v3.6.25,3.47,12.0,400,-511,6135,4713,-1164,6268,4574,-674,6081,4657,-763,5960,4708,0,0,0,-89,-121,51,158.6,1043.6,-0.184,-1.322,0.841,76.812,-44.328,-11.406,170.6,1,0.4914,0.1776,0.7126,0.4682,122.5,32.3,0.0
791970,2026-08-30_09-22-15.972-240,v3.6.25,3.47,12.0,400,-511,6135,4713,-1164,6268,4574,-674,6081,4657,-763,5960,4708,0,0,0,-89,-121,51,158.6,1043.6,0.303,-0.438,0.981,105.250,-55.906,-133.641,170.6,1,0.4908,0.1999,0.7204,0.4474,121.1,31.9,0.0
791998,2026-08-30_09-22-15.000-240,v3.6.25,3.47,12.0,400,-92,6021,4949,-762,6133,4930,-253,5957,4893,-297,5834,4988,0,0,0,-44,-123,95,161.5,1062.7,0.395,0.405,1.042,75.078,-53.781,-183.938,173.0,1,0.4924,0.2178,0.7316,0.4182,119.9,32.6,0.0
792029,2026-08-30_09-22-15.030-240,v3.6.25,3.47,12.0,400,582,5740,5269,-762,6133,4930,425,5660,5214,-297,5834,4988,0,0,0,-722,174,-226,776.3,5107.2,0.408,0.789,1.087,3.438,-47.266,-186.328,688.9,1,0.4984,0.2240,0.7423,0.3877,119.2,34.5,0.0
792077,2026-08-30_09-22-15.078-240,v3.6.25,3.47,12.0,400,582,5740,5269,-102,5771,5379,425,5660,5214,447,5485,5315,0,0,0,22,-175,101,203.2,1337.2,0.425,0.806,0.967,-96.438,-32.391,-191.359,208.0,1,0.5097,0.2135,0.7538,0.3555,119.6,38.1,0.0
792106,2026-08-30_09-22-15.108-240,v3.6.25,3.47,12.0,400,778,5489,5495,-85,5489,5662,624,5402,5442,519,5210,5589,0,0,0,-105,-192,147,263.6,1734.4,0.373,0.960,0.876,-159.688,-28.750,-173.078,258.7,1,0.5243,0.1923,0.7631,0.3251,120.7,42.5,0.0
792145,2026-08-30_09-22-16.147-240,v3.6.25,3.47,12.0,400,425,5242,5783,-85,5489,5662,272,5153,5730,519,5210,5589,0,0,0,247,57,-141,290.1,1908.3,0.322,0.961,1.007,-262.141,-25.094,-88.703,280.9,1,0.5442,0.1530,0.7658,0.3065,122.4,47.7,0.0
792180,2026-08-30_09-22-16.182-240,v3.6.25,3.47,12.0,400,425,5242,5783,-797,5168,5843,272,5153,5730,-155,4889,5887,0,0,0,-427,-264,157,526.0,3460.5,0.340,0.624,1.057,-328.188,-20.172,-2.359,478.9,1,0.5656,0.1008,0.7615,0.3001,124.6,53.2,0.0
792443,2026-08-30_09-22-16.444-240,v3.6.25,3.47,12.0,400,-2085,1940,7248,-3371,1979,6772,-2219,1842,7223,-2503,1721,7237,0,0,0,-284,-121,14,309.0,2033.0,0.973,0.449,0.485,374.266,10.672,-154.609,296.8,1,0.5441,0.1650,0.7730,0.2815,122.2,48.4,0.0
792554,2026-08-30_09-22-16.555-240,v3.6.25,3.47,12.0,400,2152,3074,6848,651,2500,7392,2022,2935,6814,1617,2273,7160,0,0,0,-405,-662,346,849.7,5590.1,0.395,1.666,0.869,-0.359,80.812,255.688,750.6,1,0.5325,0.1577,0.7651,0.3258,123.1,45.4,0.0
792602,2026-08-30_09-22-16.604-240,v3.6.25,3.47,12.0,400,2152,3074,6848,907,3140,7136,2022,2935,6814,1816,2906,6865,0,0,0,-206,-29,51,214.2,1409.2,-0.479,-0.747,1.221,-52.453,8.375,285.391,217.2,1,0.5327,0.1448,0.7468,0.3710,122.6,43.5,0.0
792671,2026-08-30_09-22-16.673-240,v3.6.25,3.47,12.0,400,306,3385,7021,-451,3496,6974,167,3267,6982,420,3249,6936,0,0,0,253,-18,-46,257.8,1695.9,0.219,-0.174,0.652,107.234,-100.109,-65.906,253.8,1,0.5388,0.1697,0.7428,0.3595,119.5,42.7,0.0
792706,2026-08-30_09-22-16.708-240,v3.6.25,3.47,12.0,400,306,3385,7021,-612,3174,7164,167,3267,6982,299,2931,7150,0,0,0,132,-336,168,398.2,2619.6,0.422,1.066,0.441,52.078,-133.250,-62.844,371.6,1,0.5524,0.1880,0.7345,0.3465,115.8,42.9,0.0
792735,2026-08-30_09-22-16.736-240,v3.6.25,3.47,12.0,400,948,2716,7252,-612,3174,7164,817,2583,7219,299,2931,7150,0,0,0,-518,348,-69,627.8,4130.6,0.610,1.262,0.397,-51.234,-161.188,-15.344,564.4,1,0.5761,0.1904,0.7194,0.3380,111.7,44.4,0.0
792911,2026-08-30_09-22-16.912-240,v3.6.25,3.47,12.0,400,-627,-1136,7531,-1578,-906,7500,-731,-1267,7540,-520,-1121,7650,0,0,0,211,146,110,279.2,1836.7,1.127,-1.053,0.385,-189.391,-86.906,-38.609,271.7,1,0.5993,0.1667,0.7127,0.3242,109.9,48.3,0.0
792971,2026-08-30_09-22-16.973-240,v3.6.25,3.47,12.0,400,-1395,-2222,7110,-2545,-2184,6906,-1493,-2339,7135,-1561,-2406,7237,0,0,0,-68,-67,102,139.7,919.1,0.731,-0.657,0.219,91.406,-85.469,-203.797,154.7,1,0.6040,0.1922,0.7164,0.2915,107.4,48.9,0.0
793138,2026-08-30_09-22-17.139-240,v3.6.25,3.47,12.0,400,1652,-4263,6055,540,-4170,6451,1580,-4405,6111,1494,-4366,6274,0,0,0,-86,39,163,188.4,1239.3,1.138,0.909,0.040,218.047,-16.797,57.750,195.5,1,0.5922,0.2270,0.7097,0.3067,105.9,44.5,0.0
793176,2026-08-30_09-22-17.178-240,v3.6.25,3.47,12.0,400,1652,-4263,6055,484,-4429,6323,1580,-4405,6111,1422,-4626,6160,0,0,0,-158,-221,49,276.1,1816.1,1.070,0.934,-0.138,169.891,-15.547,122.562,269.1,1,0.5830,0.2520,0.6981,0.3305,104.7,40.4,0.0
793205,2026-08-30_09-22-17.206-240,v3.6.25,3.47,12.0,400,1115,-4374,6116,484,-4429,6323,1042,-4511,6173,1422,-4626,6160,0,0,0,380,-115,-13,397.2,2613.4,0.778,0.949,-0.258,109.562,-24.141,182.438,370.8,1,0.5788,0.2661,0.6810,0.3613,103.6,36.6,0.0
793388,2026-08-30_09-22-17.389-240,v3.6.25,3.47,12.0,400,-2682,-4426,5515,-3602,-4490,5096,-2766,-4504,5576,-2877,-4731,5654,0,0,0,-111,-227,78,264.5,1739.8,1.510,-0.016,-0.085,-69.031,44.766,-81.062,259.4,1,0.5776,0.2554,0.6922,0.3492,105.0,38.4,0.0
793437,2026-08-30_09-22-17.438-240,v3.6.25,3.47,12.0,400,-2577,-4459,5628,-3602,-4490,5096,-2661,-4541,5689,-2877,-4731,5654,0,0,0,-216,-190,-35,289.8,1906.5,1.220,0.594,-0.223,-132.844,39.078,-74.359,280.7,1,0.5816,0.2351,0.7025,0.3361,106.4,41.2,0.0
793462,2026-08-30_09-22-17.464-240,v3.6.25,3.47,12.0,400,-1862,-4509,5814,-2958,-4573,5526,-1943,-4603,5874,-2157,-4803,5965,0,0,0,-214,-200,91,306.7,2017.9,0.813,0.690,-0.422,-179.672,15.969,-31.281,294.9,1,0.5914,0.2075,0.7071,0.3274,107.5,44.5,0.0
793491,2026-08-30_09-22-17.493-240,v3.6.25,3.47,12.0,400,-1862,-4509,5814,-2958,-4573,5526,-1943,-4603,5874,-2157,-4803,5965,0,0,0,-214,-200,91,306.7,2017.9,0.526,0.189,-0.381,-214.328,-16.594,14.656,294.9,1,0.6070,0.1747,0.7046,0.3233,107.5,47.9,0.0
793519,2026-08-30_09-22-17.521-240,v3.6.25,3.47,12.0,400,-1532,-4783,5626,-2507,-4844,5479,-1610,-4879,5691,-1707,-5070,5844,0,0,0,-97,-191,153,263.2,1731.9,0.321,-0.551,-0.431,-198.047,-51.016,18.234,258.4,1,0.6251,0.1458,0.6975,0.3185,106.3,51.2,0.0
793552,2026-08-30_09-22-17.554-240,v3.6.25,3.47,12.0,400,-1504,-5273,5144,-2507,-4844,5479,-1578,-5362,5218,-1707,-5070,5844,0,0,0,-129,292,626,702.7,4623.0,0.430,-0.951,-0.308,-123.672,-84.750,-30.734,627.2,1,0.6426,0.1321,0.6894,0.3071,103.6,53.6,0.0
793596,2026-08-30_09-22-17.598-240,v3.6.25,3.47,12.0,400,-1504,-5273,5144,-2352,-5451,4870,-1578,-5362,5218,-1643,-5681,5224,0,0,0,-65,-319,6,325.6,2142.2,0.504,-0.565,-0.204,-4.422,-111.172,-100.625,310.7,1,0.6564,0.1415,0.6827,0.2882,99.7,54.6,0.0
793625,2026-08-30_09-22-17.626-240,v3.6.25,3.47,12.0,400,-1163,-5934,4533,-1837,-6121,4253,-1230,-6017,4619,-1217,-6353,4536,0,0,0,13,-336,-83,346.3,2278.6,0.453,-0.038,-0.328,57.250,-111.031,-118.828,328.1,1,0.6662,0.1616,0.6766,0.2688,95.9,54.6,0.0
793668,2026-08-30_09-22-17.670-240,v3.6.25,3.47,12.0,400,-674,-6436,3890,-1837,-6121,4253,-736,-6515,3986,-1217,-6353,4536,0,0,0,-481,162,550,748.4,4923.7,0.693,0.195,-0.652,104.188,-91.562,-112.641,665.5,1,0.6704,0.1880,0.6718,0.2527,92.9,53.7,0.0
793699,2026-08-30_09-22-17.702-240,v3.6.25,3.47,12.0,400,-674,-6436,3890,-1239,-6635,3655,-736,-6515,3986,-709,-6870,3852,0,0,0,27,-355,-134,380.4,2502.7,1.029,0.705,-0.575,119.578,-50.359,-100.984,356.7,1,0.6684,0.2144,0.6704,0.2404,91.4,52.5,0.0
793731,2026-08-30_09-22-17.733-240,v3.6.25,3.47,12.0,400,-373,-6723,3454,-1239,-6635,3655,-431,-6798,3556,-709,-6870,3852,0,0,0,-278,-72,296,412.4,2713.2,1.120,1.144,-0.615,77.078,4.078,-56.109,383.6,1,0.6625,0.2298,0.6729,0.2354,91.5,51.6,0.0
793811,2026-08-30_09-22-17.812-240,v3.6.25,3.47,12.0,400,-250,-6703,3519,-994,-6663,3731,-308,-6781,3621,-450,-6895,3885,0,0,0,-142,-114,264,320.7,2109.9,1.029,0.217,-0.415,-81.078,117.766,97.062,306.6,1,0.6540,0.2086,0.6819,0.2526,95.4,51.9,0.0
793845,2026-08-30_09-22-17.847-240,v3.6.25,3.47,12.0,400,-461,-6413,4053,-994,-6663,3731,-522,-6498,4148,-450,-6895,3885,0,0,0,72,-397,-263,481.6,3168.6,1.134,-0.096,-0.428,-50.656,157.172,53.469,441.6,1,0.6380,0.1919,0.6970,0.2650,100.5,52.0,0.0
794251,2026-08-30_09-22-18.252-240,v3.6.25,3.47,12.0,400,-446,4500,6313,-1282,4169,6420,-595,4409,6265,-520,3903,6535,0,0,0,75,-506,270,578.4,3805.3,0.211,-0.327,1.465,128.641,-88.391,198.984,522.9,1,0.6420,0.2098,0.6743,0.2984,97.5,47.8,0.0
794280,2026-08-30_09-22-18.282-240,v3.6.25,3.47,12.0,400,-446,4500,6313,-1360,4570,6276,-595,4409,6265,-632,4299,6406,0,0,0,-37,-110,141,182.6,1201.4,0.198,-0.083,0.890,101.688,-147.594,191.125,190.7,1,0.6534,0.2264,0.6442,0.3268,93.5,43.9,0.0
794309,2026-08-30_09-22-18.311-240,v3.6.25,3.47,12.0,400,-314,4281,6542,-1360,4570,6276,-461,4183,6495,-632,4299,6406,0,0,0,-171,116,-89,225.0,1480.2,0.583,0.083,0.865,30.438,-200.891,190.094,226.3,1,0.6742,0.2346,0.6070,0.3493,88.6,40.9,0.0
794599,2026-08-30_09-22-18.600-240,v3.6.25,3.45,12.0,400,-2175,-2490,6785,-3226,-2582,6426,-2273,-2592,6815,-2316,-2813,6885,0,0,0,-43,-221,70,235.8,1551.2,0.985,-0.224,-0.069,-304.969,1.438,-6.531,235.3,1,0.6951,0.1891,0.6083,0.3333,86.9,46.0,0.0
794646,2026-08-30_09-22-18.648-240,v3.6.25,3.45,12.0,400,-2451,-3239,6421,-3512,-3350,5954,-2544,-3333,6462,-2666,-3585,6474,0,0,0,-122,-252,12,280.2,1843.7,0.648,-0.799,0.039,-184.922,-33.062,-113.234,272.6,1,0.7104,0.1689,0.6113,0.3052,84.1,49.9,0.0
794859,2026-08-30_09-22-18.861-240,v3.6.25,3.45,12.0,400,1350,-5750,4637,775,-5982,4777,1289,-5866,4720,1484,-6191,4605,0,0,0,195,-325,-115,396.1,2605.8,1.458,2.243,-0.763,321.469,55.438,-83.688,369.9,1,0.6832,0.2206,0.6226,0.3114,87.5,45.5,0.0
794897,2026-08-30_09-22-18.899-240,v3.6.25,3.45,12.0,400,1721,-5840,4478,775,-5982,4777,1662,-5958,4563,1484,-6191,4605,0,0,0,-178,-233,42,296.2,1948.7,1.562,2.304,-0.248,142.203,101.062,118.594,286.0,1,0.6625,0.2318,0.6253,0.3410,91.1,42.1,0.0
794925,2026-08-30_09-22-18.926-240,v3.6.25,3.45,12.0,400,1304,-5499,5116,711,-5780,5124,1241,-5623,5193,1474,-5985,4954,0,0,0,233,-362,-239,492.4,3239.4,1.228,1.607,-0.104,46.344,109.547,226.984,450.7,1,0.6472,0.2225,0.6207,0.3825,94.7,39.3,0.0
795016,2026-08-30_09-22-18.018-240,v3.6.25,3.45,12.0,400,-236,-4836,5829,-857,-5090,5744,-309,-4952,5893,-4,-5300,5823,0,0,0,305,-348,-70,468.0,3079.0,0.421,-0.622,-0.370,-105.125,21.125,246.047,430.2,1,0.6520,0.1947,0.6036,0.4155,95.4,38.7,0.0
795072,2026-08-30_09-22-18.074-240,v3.6.25,3.45,12.0,400,-2175,-4327,5764,-2997,-4423,5425,-2258,-4416,5822,-2217,-4656,5873,0,0,0,41,-240,51,248.8,1636.6,0.473,-0.975,-0.307,-78.203,-50.188,24.031,246.2,1,0.6629,0.1860,0.5955,0.4139,93.8,39.5,0.0
795130,2026-08-30_09-22-19.132-240,v3.6.25,3.45,12.0,400,-3132,-4907,4842,-4074,-4374,4764,-3214,-4968,4913,-3409,-4624,5410,0,0,0,-195,344,497,635.1,4178.4,0.685,0.223,-0.542,-141.609,-98.359,-49.828,570.5,1,0.6838,0.1754,0.5866,0.3968,90.2,41.5,0.0
795176,2026-08-30_09-22-19.178-240,v3.6.25,3.45,12.0,400,-3132,-4907,4842,-3876,-5038,4251,-3214,-4968,4913,-3283,-5290,4877,0,0,0,-69,-322,-36,331.3,2179.4,0.840,0.243,-0.719,-229.406,-114.812,-24.234,315.5,1,0.7118,0.1512,0.5724,0.3779,85.2,44.5,0.0
795421,2026-08-30_09-22-19.422-240,v3.6.25,3.45,12.0,400,138,-7454,1535,-224,-7479,1544,86,-7501,1659,-34,-7735,1622,0,0,0,-120,-234,-37,265.6,1747.1,0.509,0.113,-0.554,76.562,34.953,111.844,260.3,1,0.7011,0.1546,0.5695,0.4003,87.6,42.4,0.0
795447,2026-08-30_09-22-19.448-240,v3.6.25,3.45,12.0,400,-380,-7359,1913,-452,-7427,1775,-433,-7407,2033,-224,-7681,1886,0,0,0,209,-274,-147,374.7,2464.8,0.610,-0.114,-0.670,155.594,32.141,115.641,351.9,1,0.6841,0.1693,0.5664,0.4272,90.5,39.1,0.0
795594,2026-08-30_09-22-19.595-240,v3.6.25,3.45,12.0,400,-2699,-6505,2841,-3082,-6521,2377,-2767,-6539,2945,-2775,-6788,2917,0,0,0,-8,-249,-28,250.7,1649.3,0.666,0.545,-0.413,30.719,-41.453,207.547,247.8,1,0.6821,0.1666,0.5450,0.4582,91.0,36.2,0.0
795772,2026-08-30_09-22-19.773-240,v3.6.25,3.45,12.0,400,-4822,-6033,7,-5093,-5613,-309,-4901,-5984,125,-5267,-5941,634,0,0,0,-366,43,509,628.4,4134.2,0.152,0.531,-1.581,-190.719,-89.469,-7.109,564.8,1,0.7054,0.1482,0.5322,0.4441,87.2,38.3,0.0
796237,2026-08-30_09-22-20.238-240,v3.6.25,3.45,12.0,400,-3449,-6548,1744,-3230,-6681,1547,-3519,-6552,1856,-3061,-6961,2132,0,0,0,458,-409,276,673.2,4429.1,0.235,0.223,-0.640,-76.422,-78.172,158.547,602.4,1,0.7149,0.1349,0.5087,0.4603,85.8,37.1,0.0
796281,2026-08-30_09-22-20.283-240,v3.6.25,3.45,12.0,400,-3449,-6548,1744,-3882,-6457,889,-3519,-6552,1856,-3831,-6753,1600,0,0,0,-312,-201,-256,450.9,2966.2,0.410,-0.488,-0.780,-140.109,-115.094,113.797,415.8,1,0.7333,0.1179,0.4822,0.4646,82.6,36.7,0.0
796416,2026-08-30_09-22-20.417-240,v3.6.25,3.45,12.0,400,-3258,-6963,-1044,-3373,-6689,-1473,-3325,-6917,-907,-3719,-7017,-790,0,0,0,-394,-100,117,423.0,2782.9,1.239,0.423,-1.023,-84.391,28.047,-104.797,392.4,1,0.7394,0.1122,0.4921,0.4456,81.2,38.9,0.0
796446,2026-08-30_09-22-20.448-240,v3.6.25,3.45,12.0,400,-2593,-7239,-908,-2672,-6969,-1429,-2655,-7205,-769,-3004,-7290,-866,0,0,0,-349,-85,-97,372.1,2447.8,1.069,0.419,-1.099,-116.000,73.828,-54.281,349.7,1,0.7424,0.0951,0.5031,0.4320,80.7,41.7,0.0
796491,2026-08-30_09-22-20.493-240,v3.6.25,3.45,12.0,400,-2593,-7239,-908,-1931,-7325,-819,-2655,-7205,-769,-2150,-7630,-395,0,0,0,505,-425,374,758.6,4991.0,1.129,0.114,-0.925,-107.250,143.609,-11.406,674.1,1,0.7372,0.0708,0.5198,0.4259,82.1,44.9,0.0
796529,2026-08-30_09-22-20.530-240,v3.6.25,3.45,12.0,400,-1827,-7467,-329,-1931,-7325,-819,-1885,-7454,-191,-2150,-7630,-395,0,0,0,-265,-176,-204,377.9,2486.3,1.368,0.084,-0.847,-61.656,200.609,11.500,354.6,1,0.7222,0.0470,0.5427,0.4262,85.9,48.1,0.0
796590,2026-08-30_09-22-20.591-240,v3.6.25,3.45,12.0,400,-1190,-7514,914,-1362,-7496,530,-1245,-7533,1043,-1346,-7775,825,0,0,0,-101,-242,-218,341.0,2243.5,0.751,-0.067,-0.748,34.391,233.750,81.578,323.6,1,0.6942,0.0302,0.5672,0.4422,93.0,49.5,0.0
796647,2026-08-30_09-22-20.648-240,v3.6.25,3.45,12.0,400,-988,-7128,2594,-1383,-7169,2416,-1045,-7180,2707,-1053,-7420,2668,0,0,0,-8,-240,-39,243.3,1600.5,0.577,-0.035,-0.061,156.688,176.297,110.906,241.6,1,0.6610,0.0339,0.5855,0.4680,100.6,47.9,0.0
796820,2026-08-30_09-22-20.822-240,v3.6.25,3.45,12.0,400,-3695,-3532,5634,-4398,-3854,4926,-3790,-3597,5684,-3717,-4107,5622,0,0,0,73,-510,-62,518.9,3413.9,0.917,0.431,0.118,42.234,-35.031,13.812,472.9,1,0.6606,0.0430,0.5819,0.4724,100.4,46.7,0.0
796858,2026-08-30_09-22-20.860-240,v3.6.25,3.45,12.0,400,-3695,-3532,5634,-4645,-3474,4979,-3790,-3597,5684,-3964,-3730,5715,0,0,0,-174,-133,31,221.2,1455.2,1.093,0.145,-0.009,-68.375,-24.609,-11.594,223.1,1,0.6682,0.0363,0.5775,0.4675,98.9,47.6,0.0
796885,2026-08-30_09-22-20.886-240,v3.6.25,3.45,12.0,400,-3805,-3592,5513,-4645,-3474,4979,-3900,-3653,5564,-3964,-3730,5715,0,0,0,-64,-77,151,181.2,1192.0,1.347,-0.060,-0.031,-125.469,-0.438,-37.375,189.5,1,0.6784,0.0206,0.5756,0.4560,97.0,49.7,0.0
796913,2026-08-30_09-22-20.915-240,v3.6.25,3.45,12.0,400,-3618,-4010,5375,-4613,-3792,4791,-3709,-4073,5432,-3957,-4049,5527,0,0,0,-248,24,95,266.7,1754.3,1.563,-0.323,-0.085,-160.094,34.953,-61.859,261.2,1,0.6879,-0.0018,0.5780,0.4389,95.1,52.8,0.0
796960,2026-08-30_09-22-20.961-240,v3.6.25,3.45,12.0,400,-3618,-4010,5375,-4157,-4262,4886,-3709,-4073,5432,-3474,-4511,5543,0,0,0,235,-438,111,509.3,3350.7,1.634,-0.555,-0.047,-170.906,101.672,-96.172,464.9,1,0.6920,-0.0292,0.5896,0.4156,94.3,57.2,0.0
797001,2026-08-30_09-22-20.003-240,v3.6.25,3.45,12.0,400,-3041,-4304,5542,-4157,-4262,4886,-3128,-4378,5602,-3474,-4511,5543,0,0,0,-346,-133,-59,375.3,2469.4,1.444,-0.372,0.055,-165.656,146.719,-89.719,352.5,1,0.6898,-0.0592,0.6055,0.3926,95.0,61.9,0.0
797031,2026-08-30_09-22-20.033-240,v3.6.25,3.45,12.0,400,-2261,-4168,6000,-3394,-4304,5486,-2346,-4260,6055,-2606,-4539,5999,0,0,0,-260,-279,-56,385.5,2535.9,1.192,-0.157,0.074,-165.469,149.203,-58.500,360.9,1,0.6848,-0.0910,0.6190,0.3737,96.5,66.3,0.0
797065,2026-08-30_09-22-20.067-240,v3.6.25,3.45,12.0,400,-2261,-4168,6000,-2839,-3822,6118,-2346,-4260,6055,-1954,-4047,6521,0,0,0,392,213,466,645.1,4244.3,0.449,-0.052,-0.015,-162.906,119.750,-10.688,578.9,1,0.6797,-0.1226,0.6260,0.3622,97.7,70.0,0.0
797118,2026-08-30_09-22-20.119-240,v3.6.25,3.45,12.0,400,-1760,-3681,6444,-2839,-3822,6118,-1847,-3786,6490,-1954,-4047,6521,0,0,0,-107,-261,31,283.8,1867.0,0.118,-0.723,0.368,-107.656,36.406,-21.500,275.6,1,0.6813,-0.1404,0.6259,0.3528,96.1,72.1,0.0
797161,2026-08-30_09-22-21.163-240,v3.6.25,3.45,12.0,400,-1785,-3485,6543,-2814,-3540,6290,-1874,-3591,6586,-1905,-3764,6684,0,0,0,-31,-173,98,201.2,1323.9,0.612,-0.151,0.682,-14.672,-0.734,-103.359,206.3,1,0.6872,-0.1371,0.6292,0.3364,93.6,73.1,0.0
797190,2026-08-30_09-22-21.192-240,v3.6.25,3.45,12.0,400,-1327,-3583,6590,-2330,-3701,6397,-1414,-3696,6634,-1399,-3919,6707,0,0,0,15,-223,73,235.1,1546.9,1.465,-0.467,0.874,51.188,14.781,-132.531,234.8,1,0.6899,-0.1230,0.6385,0.3181,93.6,73.6,0.0
797486,2026-08-30_09-22-21.487-240,v3.6.25,3.45,12.0,400,1722,1050,7473,720,1311,7651,1607,898,7458,1757,1096,7403,0,0,0,150,198,-55,254.4,1673.8,0.281,0.651,0.697,103.625,42.500,15.188,251.0,1,0.6804,-0.1091,0.6477,0.3251,99.5,72.2,0.0
797526,2026-08-30_09-22-21.528-240,v3.6.25,3.45,12.0,400,2068,1507,7303,720,1311,7651,1951,1355,7284,1757,1096,7403,0,0,0,-194,-259,119,344.8,2268.3,0.717,0.958,0.947,35.688,39.234,-2.812,326.8,1,0.6746,-0.1049,0.6539,0.3260,102.6,71.9,0.0
797556,2026-08-30_09-22-21.557-240,v3.6.25,3.45,12.0,400,2290,1763,7211,1054,1581,7579,2171,1611,7189,2073,1365,7276,0,0,0,-98,-246,87,278.7,1833.7,0.920,0.911,0.967,-35.344,53.531,-4.562,271.4,1,0.6700,-0.1126,0.6587,0.3231,105.1,72.9,0.0
797591,2026-08-30_09-22-21.593-240,v3.6.25,3.45,12.0,400,2290,1763,7211,1054,1581,7579,2171,1611,7189,2073,1365,7276,0,0,0,-98,-246,87,278.7,1833.7,1.008,0.762,1.070,-105.094,76.562,-10.156,271.4,1,0.6656,-0.1325,0.6631,0.3157,107.8,75.1,0.0
797620,2026-08-30_09-22-21.622-240,v3.6.25,3.45,12.0,400,2171,2178,7152,1020,2026,7477,2049,2030,7126,2012,1806,7181,0,0,0,-37,-224,55,233.6,1536.9,0.772,0.522,0.894,-158.734,89.953,-22.312,233.5,1,0.6617,-0.1609,0.6664,0.3036,111.2,78.4,0.0
797650,2026-08-30_09-22-21.652-240,v3.6.25,3.45,12.0,400,1598,2862,7078,1020,2026,7477,1468,2725,7044,2012,1806,7181,0,0,0,544,-919,137,1076.7,7083.5,0.454,0.351,0.698,-188.875,84.625,-46.453,941.1,1,0.6599,-0.1927,0.6675,0.2861,114.5,82.4,0.0
797694,2026-08-30_09-22-21.695-240,v3.6.25,3.45,12.0,400,1598,2862,7078,526,2815,7293,1468,2725,7044,1468,2583,7083,0,0,0,0,-142,39,147.3,968.8,0.347,0.115,0.304,-227.203,47.312,-53.281,161.0,1,0.6628,-0.2280,0.6615,0.2667,108.6,86.9,0.0
797760,2026-08-30_09-22-21.762-240,v3.6.25,3.45,12.0,400,190,3310,7067,-277,3368,7062,52,3192,7028,612,3124,6993,0,0,0,560,-68,-35,565.2,3718.4,0.034,-0.372,1.103,-166.719,-14.188,-122.516,511.8,1,0.6747,-0.2480,0.6522,0.2408,2.5,88.1,0.0
797797,2026-08-30_09-22-21.799-240,v3.6.25,3.45,12.0,400,190,3310,7067,-1007,3228,7051,52,3192,7028,-116,2980,7106,0,0,0,-168,-212,78,281.5,1852.1,0.388,-0.775,1.736,-88.156,-15.016,-158.828,273.7,1,0.6868,-0.2535,0.6472,0.2124,333.3,85.4,0.0
797826,2026-08-30_09-22-21.828-240,v3.6.25,3.45,12.0,400,15,2969,7193,-1009,2870,7232,-120,2850,7157,-79,2627,7284,0,0,0,41,-223,127,259.9,1709.8,0.395,-0.501,1.833,3.984,1.625,-191.922,255.6,1,0.6974,-0.2432,0.6491,0.1823,326.0,83.7,0.0
797874,2026-08-30_09-22-21.875-240,v3.6.25,3.45,12.0,400,703,2863,7178,-1009,2870,7232,570,2735,7144,-79,2627,7284,0,0,0,-649,-108,140,672.7,4425.4,0.392,0.520,0.993,78.859,43.656,-141.703,602.0,1,0.6993,-0.2243,0.6591,0.1621,318.7,84.0,0.0
797958,2026-08-30_09-22-21.960-240,v3.6.25,3.45,12.0,400,1597,3207,6889,775,3510,6945,1464,3075,6853,1643,3270,6700,0,0,0,179,195,-153,305.7,2011.4,0.337,0.975,0.611,37.547,116.875,25.688,294.0,1,0.6843,-0.2219,0.6750,0.1639,294.9,85.2,0.0
797996,2026-08-30_09-22-21.998-240,v3.6.25,3.45,12.0,400,1960,3847,6471,775,3510,6945,1823,3721,6430,1643,3270,6700,0,0,0,-180,-451,270,555.6,3655.3,0.182,0.902,0.880,7.500,123.516,95.016,503.7,1,0.6650,-0.2276,0.6894,0.1752,261.5,85.3,0.0
798066,2026-08-30_09-22-21.068-240,v3.6.25,3.45,12.0,400,1797,4599,6033,630,5144,5940,1654,4486,5986,1290,4876,5740,0,0,0,-364,390,-246,587.5,3864.9,-0.182,-0.477,0.790,30.109,80.469,108.453,530.5,1,0.6498,-0.2291,0.6992,0.1909,235.0,84.9,0.0
798108,2026-08-30_09-22-21.109-240,v3.6.25,3.45,12.0,400,1485,5201,5609,630,5144,5940,1336,5102,5558,1290,4876,5740,0,0,0,-46,-226,182,293.8,1932.9,-0.199,-0.536,1.287,74.469,39.344,19.547,284.0,1,0.6435,-0.2186,0.7071,0.1953,217.1,84.5,0.0
798156,2026-08-30_09-22-22.157-240,v3.6.25,3.45,12.0,400,1557,5475,5275,716,5558,5525,1405,5382,5223,1296,5281,5319,0,0,0,-109,-101,96,176.9,1163.9,-0.038,0.352,1.396,54.750,-3.047,-40.141,185.9,1,0.6455,-0.2074,0.7098,0.1911,210.6,84.6,0.0
798181,2026-08-30_09-22-22.183-240,v3.6.25,3.45,12.0,400,1954,5550,5200,1108,5621,5400,1803,5454,5148,1666,5344,5131,0,0,0,-137,-110,-17,176.5,1161.3,0.072,0.539,1.333,11.984,-22.734,-45.375,185.6,1,0.6506,-0.2023,0.7082,0.1853,212.4,85.1,0.0
798224,2026-08-30_09-22-22.226-240,v3.6.25,3.45,12.0,400,1954,5550,5200,1108,5621,5400,1803,5454,5148,1666,5344,5131,0,0,0,-137,-110,-17,176.5,1161.3,-0.244,0.521,1.048,-54.016,-57.531,-75.625,185.6,1,0.6619,-0.2058,0.6997,0.1733,236.1,86.0,0.0
798252,2026-08-30_09-22-22.254-240,v3.6.25,3.45,12.0,400,2051,5411,5268,1245,5450,5609,1902,5312,5217,1843,5178,5312,0,0,0,-59,-134,95,174.5,1148.2,-0.281,0.537,0.933,-87.422,-81.297,-94.125,183.9,1,0.6768,-0.2131,0.6868,0.1579,275.0,85.5,0.0
798285,2026-08-30_09-22-22.286-240,v3.6.25,3.45,12.0,400,1895,5065,5661,1245,5450,5609,1748,4959,5612,1843,5178,5312,0,0,0,95,219,-300,383.4,2522.3,-0.213,0.565,0.715,-121.297,-103.578,-106.297,359.2,1,0.6945,-0.2245,0.6692,0.1397,301.6,82.8,0.0
798328,2026-08-30_09-22-22.330-240,v3.6.25,3.45,12.0,400,1895,5065,5661,963,4991,6075,1748,4959,5612,1650,4728,5816,0,0,0,-98,-231,204,323.4,2127.6,-0.047,0.513,0.632,-155.000,-117.094,-98.812,308.9,1,0.7126,-0.2411,0.6475,0.1215,313.5,79.0,0.0
798355,2026-08-30_09-22-22.356-240,v3.6.25,3.45,12.0,400,1600,4483,6250,465,4247,6641,1457,4368,6203,1264,3995,6454,0,0,0,-193,-373,251,489.3,3218.8,0.228,0.352,0.924,-164.781,-110.031,-77.078,448.1,1,0.7280,-0.2602,0.6254,0.1057,318.7,74.9,0.0
798402,2026-08-30_09-22-22.403-240,v3.6.25,3.45,12.0,400,1183,3774,6760,465,4247,6641,1044,3651,6718,1264,3995,6454,0,0,0,220,344,-264,486.2,3199.0,0.509,-0.055,1.216,-94.266,-69.016,-94.188,445.5,1,0.7396,-0.2679,0.6110,0.0890,320.5,72.1,0.0
798431,2026-08-30_09-22-22.433-240,v3.6.25,3.45,12.0,400,1183,3774,6760,-21,3457,7059,1044,3651,6718,866,3214,6946,0,0,0,-178,-437,228,524.1,3447.8,0.711,0.160,1.449,-34.953,-37.578,-81.703,477.3,1,0.7474,-0.2672,0.6035,0.0762,321.2,70.5,0.0
798460,2026-08-30_09-22-22.462-240,v3.6.25,3.45,12.0,400,1093,3257,6991,-21,3457,7059,958,3129,6953,866,3214,6946,0,0,0,-92,85,-7,125.5,825.3,0.710,0.740,1.367,-2.625,2.984,-6.750,142.7,1,0.7476,-0.2664,0.6037,0.0753,321.2,70.5,0.0
798488,2026-08-30_09-22-22.490-240,v3.6.25,3.45,12.0,400,1093,3257,6991,55,3160,7173,958,3129,6953,968,2921,7045,0,0,0,10,-208,92,227.7,1497.7,0.548,0.868,1.497,-0.062,34.453,98.828,228.5,1,0.7395,-0.2720,0.6092,0.0896,320.5,71.8,0.0
798520,2026-08-30_09-22-22.521-240,v3.6.25,3.45,12.0,400,1164,3270,6968,55,3160,7173,1029,3142,6930,968,2921,7045,0,0,0,-61,-221,115,256.5,1687.4,0.073,0.306,1.220,19.297,40.703,202.844,252.7,1,0.7252,-0.2805,0.6171,0.1209,320.8,74.3,0.0
798548,2026-08-30_09-22-22.550-240,v3.6.25,3.45,12.0,400,643,3610,6871,-259,3453,7015,504,3491,6830,621,3208,6944,0,0,0,117,-283,114,326.8,2149.8,-0.270,-0.363,1.267,66.297,21.547,223.797,311.7,1,0.7111,-0.2823,0.6240,0.1588,323.5,77.7,0.0
798587,2026-08-30_09-22-22.589-240,v3.6.25,3.45,12.0,400,643,3610,6871,-729,3797,6824,504,3491,6830,110,3543,6836,0,0,0,-394,52,6,397.5,2614.9,-0.209,-0.298,1.295,140.188,-24.828,185.359,371.0,1,0.7031,-0.2687,0.6283,0.1966,335.3,81.6,0.0
798635,2026-08-30_09-22-22.636-240,v3.6.25,3.45,12.0,400,343,3802,6780,-729,3797,6824,201,3690,6737,110,3543,6836,0,0,0,-91,-147,99,199.2,1310.7,-0.036,-0.126,1.338,163.078,-70.500,143.188,204.6,1,0.7012,-0.2474,0.6276,0.2308,7.1,83.9,0.0
798662,2026-08-30_09-22-22.664-240,v3.6.25,3.45,12.0,400,568,3657,6866,-546,3702,6910,428,3540,6824,310,3452,6889,0,0,0,-118,-88,65,160.9,1058.6,-0.015,-0.313,1.064,160.266,-95.906,106.516,172.5,1,0.7032,-0.2233,0.6230,0.2598,44.5,82.9,0.0
798708,2026-08-30_09-22-22.710-240,v3.6.25,3.45,12.0,400,895,3123,7112,-107,3096,7236,761,2995,7075,818,2858,7134,0,0,0,57,-137,59,159.7,1050.6,0.226,0.088,0.622,135.859,-113.688,17.312,171.5,1,0.7117,-0.1972,0.6160,0.2742,58.4,80.0,0.0
798811,2026-08-30_09-22-22.813-240,v3.6.25,3.45,12.0,400,1688,1605,7419,363,2159,7538,1569,1456,7398,1361,1935,7352,0,0,0,-208,479,-46,524.2,3448.9,0.978,1.000,0.987,-101.438,-78.297,-22.797,477.4,1,0.7237,-0.2072,0.6012,0.2683,46.3,78.9,0.0
798851,2026-08-30_09-22-22.854-240,v3.6.25,3.45,12.0,400,1688,1605,7419,425,1378,7695,1569,1456,7398,1468,1162,7496,0,0,0,-101,-294,98,325.9,2144.4,0.793,0.469,0.641,-166.188,-61.391,-53.219,311.0,1,0.7365,-0.2261,0.5852,0.2531,30.1,77.5,0.0
798880,2026-08-30_09-22-22.881-240,v3.6.25,3.45,12.0,400,1463,1063,7527,117,813,7766,1347,913,7511,1184,600,7619,0,0,0,-163,-313,108,369.1,2428.0,0.463,0.276,0.807,-187.516,-65.391,-52.516,347.2,1,0.7492,-0.2478,0.5667,0.2367,16.7,75.1,0.0
798928,2026-08-30_09-22-22.930-240,v3.6.25,3.45,12.0,400,1182,570,7632,117,813,7766,1069,420,7621,1184,600,7619,0,0,0,115,180,-2,213.6,1405.3,0.081,0.096,0.658,-191.000,-92.250,-24.781,216.7,1,0.7621,-0.2705,0.5435,0.2251,9.1,71.8,0.0
798956,2026-08-30_09-22-22.957-240,v3.6.25,3.45,12.0,400,1182,570,7632,-261,163,7789,1069,420,7621,824,-47,7707,0,0,0,-245,-467,86,534.3,3515.3,0.318,-0.401,0.680,-146.938,-116.156,-30.484,485.9,1,0.7763,-0.2851,0.5190,0.2163,6.2,68.3,0.0
798991,2026-08-30_09-22-22.993-240,v3.6.25,3.45,12.0,400,823,-225,7640,-261,163,7789,716,-373,7638,824,-47,7707,0,0,0,108,326,69,350.3,2304.5,0.371,-0.732,0.443,-34.531,-138.672,-81.266,331.4,1,0.7940,-0.2787,0.4983,0.2089,7.4,65.2,0.0
799165,2026-08-30_09-22-23.166-240,v3.6.25,3.45,12.0,400,3228,-2799,6226,1889,-2923,6879,3150,-2958,6264,2890,-3113,6461,0,0,0,-260,-155,197,361.2,2376.0,1.297,2.181,0.543,154.594,66.969,43.438,340.5,1,0.7840,-0.2611,0.5166,0.2243,12.6,68.0,0.0
799191,2026-08-30_09-22-23.192-240,v3.6.25,3.45,12.0,400,3720,-2788,6044,2630,-2975,6675,3643,-2950,6083,3598,-3163,6136,0,0,0,-45,-213,53,224.1,1474.1,0.686,1.569,0.388,83.500,65.734,133.188,225.5,1,0.7688,-0.2602,0.5291,0.2476,18.4,70.5,0.0
799221,2026-08-30_09-22-23.223-240,v3.6.25,3.45,12.0,400,3720,-2788,6044,2630,-2975,6675,3643,-2950,6083,3598,-3163,6136,0,0,0,-45,-213,53,224.1,1474.1,0.453,0.921,0.292,45.828,44.172,185.469,225.5,1,0.7521,-0.2674,0.5350,0.2767,25.4,72.3,0.0
799249,2026-08-30_09-22-23.251-240,v3.6.25,3.45,12.0,400,3120,-2587,6573,1950,-2731,7016,3039,-2751,6606,2970,-2920,6584,0,0,0,-69,-169,-22,183.9,1209.6,0.384,0.199,0.499,44.781,5.844,187.625,191.8,1,0.7382,-0.2728,0.5349,0.3074,34.2,73.2,0.0
799397,2026-08-30_09-22-23.398-240,v3.6.25,3.46,12.0,400,362,-3783,6539,-364,-3340,6970,282,-3916,6586,659,-3540,6932,0,0,0,377,376,346,635.0,4177.6,0.860,0.429,-0.127,22.188,-142.969,64.438,570.4,1,0.7463,-0.2653,0.5165,0.3254,39.7,70.7,0.0
799514,2026-08-30_09-22-23.515-240,v3.6.25,3.46,12.0,400,-596,-5314,5289,-1426,-5096,5561,-666,-5417,5362,-605,-5312,5741,0,0,0,61,105,379,398.0,2618.3,1.825,0.578,0.036,-173.734,-47.078,36.969,371.4,1,0.7521,-0.2891,0.4974,0.3214,33.3,69.1,0.0
799540,2026-08-30_09-22-23.543-240,v3.6.25,3.46,12.0,400,-724,-5746,4833,-1592,-5696,4893,-791,-5840,4915,-872,-5920,5118,0,0,0,-81,-80,203,232.7,1531.2,1.532,0.761,0.046,-210.000,-18.594,49.047,232.8,1,0.7545,-0.3201,0.4787,0.3148,26.2,67.5,0.0
799586,2026-08-30_09-22-23.588-240,v3.6.25,3.46,12.0,400,-724,-5746,4833,-1592,-5962,4560,-791,-5840,4915,-923,-6189,4794,0,0,0,-132,-349,-121,392.3,2580.6,0.839,0.859,-0.459,-295.797,4.766,151.500,366.6,1,0.7471,-0.3708,0.4535,0.3142,18.8,65.6,0.0
799631,2026-08-30_09-22-23.632-240,v3.6.25,3.46,12.0,400,-849,-5941,4595,-1592,-5962,4560,-915,-6030,4680,-923,-6189,4794,0,0,0,-8,-159,114,195.8,1288.2,0.213,-0.131,-0.811,-322.484,-16.219,197.094,201.8,1,0.7350,-0.4264,0.4210,0.3175,13.6,62.8,0.0
799657,2026-08-30_09-22-23.659-240,v3.6.25,3.46,12.0,400,-1432,-6170,4098,-2074,-6157,4019,-1498,-6243,4189,-1494,-6394,4348,0,0,0,4,-151,159,219.3,1442.8,0.238,-1.078,-0.646,-270.125,-44.031,138.734,221.5,1,0.7271,-0.4683,0.3885,0.3179,11.2,59.6,0.0
799751,2026-08-30_09-22-23.753-240,v3.6.25,3.46,12.0,400,-1676,-6567,3362,-2294,-6557,3164,-1740,-6624,3463,-1851,-6806,3552,0,0,0,-111,-182,89,231.0,1519.8,1.022,-0.815,0.163,94.844,-94.000,-170.969,231.3,1,0.7493,-0.4376,0.3869,0.3119,14.3,58.5,0.0
799801,2026-08-30_09-22-23.803-240,v3.6.25,3.46,12.0,400,-1200,-6972,2713,-1698,-7014,2574,-1259,-7024,2823,-1345,-7266,2876,0,0,0,-86,-242,53,262.2,1725.3,1.202,0.017,-0.550,236.594,-48.359,-197.188,257.5,1,0.7678,-0.3888,0.4041,0.3098,18.6,59.5,0.0
799830,2026-08-30_09-22-23.832-240,v3.6.25,3.46,12.0,400,-763,-7157,2432,-1169,-7201,2352,-819,-7209,2546,-849,-7452,2570,0,0,0,-30,-243,24,246.0,1618.5,1.128,0.405,-0.654,271.562,-8.438,-174.359,243.9,1,0.7786,-0.3381,0.4282,0.3100,23.6,61.2,0.0
799866,2026-08-30_09-22-23.868-240,v3.6.25,3.46,12.0,400,-643,-7115,2624,-1169,-7201,2352,-699,-7172,2737,-849,-7452,2570,0,0,0,-150,-280,-167,358.9,2361.0,1.145,0.738,-0.581,256.922,32.828,-112.641,338.6,1,0.7795,-0.2955,0.4545,0.3139,29.5,63.4,0.0
799905,2026-08-30_09-22-23.907-240,v3.6.25,3.46,12.0,400,-643,-7115,2624,-1140,-7112,2679,-699,-7172,2737,-766,-7358,2884,0,0,0,-67,-186,147,246.4,1620.8,1.307,0.383,-0.505,234.344,66.688,-62.500,244.2,1,0.7728,-0.2612,0.4816,0.3204,36.4,65.7,0.0
799936,2026-08-30_09-22-23.937-240,v3.6.25,3.46,12.0,400,-766,-6832,3249,-1465,-6735,3428,-825,-6899,3354,-972,-6974,3669,0,0,0,-147,-75,315,355.6,2339.5,1.185,0.734,-0.512,210.609,67.984,-46.922,335.9,1,0.7641,-0.2308,0.5061,0.3267,44.1,67.6,0.0
799986,2026-08-30_09-22-23.988-240,v3.6.25,3.46,12.0,400,-972,-6414,3952,-1465,-6735,3428,-1035,-6490,4047,-972,-6974,3669,0,0,0,63,-484,-378,617.3,4061.4,0.948,1.201,-0.293,60.938,18.406,59.047,555.5,1,0.7566,-0.2264,0.5110,0.3394,48.8,68.0,0.0
800014,2026-08-30_09-22-23.016-240,v3.6.25,3.46,12.0,400,-1351,-6169,4164,-1827,-6311,3967,-1417,-6244,4255,-1252,-6547,4256,0,0,0,165,-303,1,345.0,2269.8,0.933,0.619,-0.362,-25.453,-18.500,101.953,327.0,1,0.7522,-0.2351,0.5040,0.3535,50.6,67.6,0.0
800063,2026-08-30_09-22-23.064-240,v3.6.25,3.46,12.0,400,-1351,-6169,4164,-2414,-6248,3678,-1417,-6244,4255,-1890,-6492,4073,0,0,0,-473,-248,-182,564.2,3712.0,0.749,-0.424,-0.595,-98.188,-70.547,76.391,511.0,1,0.7562,-0.2496,0.4856,0.3605,48.5,66.1,0.0
800101,2026-08-30_09-22-23.103-240,v3.6.25,3.46,12.0,400,-1915,-6299,3699,-2414,-6248,3678,-1982,-6358,3795,-1890,-6492,4073,0,0,0,92,-134,278,322.0,2118.6,0.649,-0.451,-0.526,-107.734,-92.453,8.469,307.7,1,0.7667,-0.2589,0.4657,0.3581,44.8,64.1,0.0
800272,2026-08-30_09-22-24.273-240,v3.6.25,3.46,12.0,400,-795,-7450,1212,-1149,-7458,1181,-849,-7479,1338,-1023,-7725,1424,0,0,0,-174,-246,86,313.3,2061.5,1.493,0.350,-0.606,-173.406,-30.016,-77.438,300.4,1,0.7796,-0.2741,0.4519,0.3361,37.1,62.7,0.0
800389,2026-08-30_09-22-24.390-240,v3.6.25,3.46,12.0,400,1404,-7504,26,1072,-7522,541,1357,-7538,161,1093,-7785,423,0,0,0,-264,-247,262,446.5,2937.4,0.761,-0.376,-0.343,118.750,-32.641,-51.562,412.2,1,0.7825,-0.2514,0.4570,0.3401,40.7,62.4,0.0
800432,2026-08-30_09-22-24.434-240,v3.6.25,3.46,12.0,400,1404,-7504,26,1281,-7532,212,1357,-7538,161,1246,-7799,67,0,0,0,-111,-261,-94,298.8,1965.8,0.822,-0.032,-0.349,256.453,-28.516,-82.750,288.2,1,0.7819,-0.2071,0.4724,0.3500,48.7,62.1,0.0
800459,2026-08-30_09-22-24.461-240,v3.6.25,3.46,12.0,400,884,-7620,-189,510,-7615,-78,836,-7644,-50,427,-7891,-85,0,0,0,-409,-247,-35,479.1,3151.8,1.050,0.857,-0.558,296.359,-12.234,-74.234,439.5,1,0.7759,-0.1579,0.4912,0.3630,58.1,61.3,0.0
800800,2026-08-30_09-22-24.801-240,v3.6.25,3.46,12.0,400,-3445,-6576,-2368,-3054,-6378,-2855,-3516,-6501,-2227,-3643,-6728,-2194,0,0,0,-127,-227,33,262.2,1725.0,1.058,0.650,-1.016,-201.953,-37.703,38.094,257.5,1,0.7846,-0.1859,0.4733,0.3547,51.7,61.0,0.0
800850,2026-08-30_09-22-24.852-240,v3.6.25,3.46,12.0,400,-2899,-6590,-3071,-2332,-6413,-3531,-2968,-6508,-2925,-3034,-6769,-2976,0,0,0,-66,-261,-51,274.0,1802.7,0.926,0.462,-1.047,-251.984,34.047,89.453,267.4,1,0.7850,-0.2291,0.4594,0.3467,44.7,61.7,0.0
801090,2026-08-30_09-22-24.091-240,v3.6.25,3.46,12.0,400,138,-7640,-862,638,-7523,-979,87,-7642,-718,399,-7813,-986,0,0,0,312,-171,-268,445.4,2930.5,0.458,0.375,-0.538,225.312,6.062,-22.266,411.3,1,0.7778,-0.1955,0.4756,0.3614,52.7,61.8,0.0
801273,2026-08-30_09-22-25.274-240,v3.6.25,3.46,12.0,400,-2839,-7076,-960,-2660,-6989,-1363,-2903,-7037,-822,-2980,-7309,-803,0,0,0,-77,-272,19,283.3,1864.0,1.232,-0.165,-0.735,-84.297,-0.922,51.141,275.2,1,0.7778,-0.2103,0.4684,0.3625,50.9,61.8,0.0
801326,2026-08-30_09-22-25.328-240,v3.6.25,3.46,12.0,400,-2839,-7076,-960,-2660,-6989,-1363,-2903,-7037,-822,-2980,-7309,-803,0,0,0,-77,-272,19,283.3,1864.0,0.872,-0.158,-0.818,-162.938,26.375,21.453,275.2,1,0.7799,-0.2354,0.4608,0.3522,45.4,62.2,0.0
801375,2026-08-30_09-22-25.377-240,v3.6.25,3.46,12.0,400,-2442,-7255,-1122,-2222,-7124,-1476,-2504,-7218,-981,-2558,-7442,-987,0,0,0,-54,-224,-6,230.5,1516.4,0.672,-0.216,-0.926,-200.062,40.641,-2.422,230.9,1,0.7828,-0.2645,0.4531,0.3347,37.9,62.4,0.0
801583,2026-08-30_09-22-25.584-240,v3.6.25,3.46,12.0,400,1371,-7467,-767,1612,-7440,-168,1323,-7485,-626,1511,-7712,-360,0,0,0,188,-227,266,397.0,2612.0,1.160,0.076,-0.517,92.188,123.578,-109.000,370.6,1,0.7776,-0.2497,0.4791,0.3215,38.0,64.9,0.0
801621,2026-08-30_09-22-25.623-240,v3.6.25,3.46,12.0,400,1704,-7454,-198,1612,-7440,-168,1657,-7487,-61,1511,-7712,-360,0,0,0,-146,-225,-299,401.7,2642.6,1.108,0.384,-0.598,139.016,157.250,-97.891,374.6,1,0.7665,-0.2306,0.5120,0.3117,40.7,68.2,0.0
801852,2026-08-30_09-22-25.853-240,v3.6.25,3.46,12.0,400,-121,-6681,3539,17,-6698,3744,-179,-6761,3640,564,-6923,3726,0,0,0,743,-162,86,765.3,5034.9,0.558,0.089,-0.304,85.344,-59.469,-4.328,679.7,1,0.7696,-0.2140,0.5096,0.3199,44.8,67.1,0.0
801909,2026-08-30_09-22-25.910-240,v3.6.25,3.46,12.0,400,-255,-6864,3164,-841,-6772,3509,-312,-6936,3270,-332,-7006,3643,0,0,0,-20,-70,373,380.0,2500.3,1.492,1.211,0.068,-54.094,-34.469,-14.922,356.4,1,0.7749,-0.2178,0.5024,0.3158,42.4,66.4,0.0
801955,2026-08-30_09-22-25.957-240,v3.6.25,3.46,12.0,400,-255,-6864,3164,-815,-6951,3098,-312,-6936,3270,-372,-7190,3237,0,0,0,-60,-254,-33,263.1,1730.7,1.961,0.927,-0.245,-199.609,28.578,56.812,258.2,1,0.7741,-0.2512,0.4924,0.3086,35.4,66.5,0.0
801984,2026-08-30_09-22-25.985-240,v3.6.25,3.46,12.0,400,-23,-6956,3020,-520,-6989,3122,-78,-7028,3128,-72,-7225,3211,0,0,0,6,-197,83,213.9,1406.9,1.903,0.512,-0.380,-261.172,78.109,94.641,216.9,1,0.7667,-0.2984,0.4832,0.2994,25.8,66.9,0.0
802025,2026-08-30_09-22-25.027-240,v3.6.25,3.46,12.0,400,268,-6786,3403,-520,-6989,3122,211,-6868,3507,-72,-7225,3211,0,0,0,-283,-357,-296,543.3,3574.2,1.465,0.343,-0.335,-306.953,125.703,141.578,493.4,1,0.7504,-0.3569,0.4747,0.2899,14.2,66.9,0.0
802061,2026-08-30_09-22-25.063-240,v3.6.25,3.46,12.0,400,268,-6786,3403,-317,-6681,3810,211,-6868,3507,241,-6907,3847,0,0,0,30,-39,340,343.5,2260.1,0.691,-0.647,-0.574,-302.844,125.641,156.359,325.8,1,0.7300,-0.4151,0.4644,0.2813,3.5,65.7,0.0
802090,2026-08-30_09-22-25.092-240,v3.6.25,3.46,12.0,400,324,-6330,4189,-317,-6681,3810,264,-6427,4282,241,-6907,3847,0,0,0,-23,-480,-435,648.2,4264.4,0.527,-1.408,-0.331,-221.547,89.344,71.406,581.4,1,0.7172,-0.4539,0.4556,0.2685,356.3,63.8,0.0
802162,2026-08-30_09-22-26.163-240,v3.6.25,3.46,12.0,400,274,-5940,4679,-44,-6002,4817,211,-6044,4764,671,-6215,4783,0,0,0,460,-171,19,491.1,3231.1,0.249,0.043,-0.213,18.188,-47.031,-229.234,449.6,1,0.7414,-0.4326,0.4516,0.2434,356.4,61.7,0.0
802318,2026-08-30_09-22-26.319-240,v3.6.25,3.46,12.0,400,3063,-6261,2873,2430,-6379,3464,3012,-6366,2975,2926,-6596,3044,0,0,0,-86,-230,69,255.1,1678.0,1.176,1.212,-0.291,8.203,107.953,125.562,251.5,1,0.7217,-0.4443,0.4667,0.2530,353.5,63.9,0.0
802344,2026-08-30_09-22-26.345-240,v3.6.25,3.46,12.0,400,3002,-6119,3447,2292,-6236,3889,2949,-6234,3543,2857,-6448,3481,0,0,0,-92,-214,-62,241.0,1585.8,0.976,0.342,-0.270,5.859,133.047,158.047,239.7,1,0.6963,-0.4593,0.4841,0.2643,348.9,66.5,0.0
802613,2026-08-30_09-22-26.614-240,v3.6.25,3.46,12.0,400,2612,-2298,6736,1158,-2595,7238,2527,-2458,6765,2212,-2786,6935,0,0,0,-315,-328,170,485.5,3194.1,0.478,0.504,0.536,149.500,21.422,-64.062,444.9,1,0.7002,-0.4353,0.5006,0.2640,349.6,68.6,0.0
802655,2026-08-30_09-22-26.657-240,v3.6.25,3.46,12.0,400,3191,-2204,6537,1758,-2384,7178,3108,-2367,6566,2798,-2574,6774,0,0,0,-310,-207,208,426.9,2808.3,0.611,0.818,0.654,93.734,14.422,-56.594,395.7,1,0.7036,-0.4187,0.5111,0.2615,350.0,69.8,0.0
802688,2026-08-30_09-22-26.690-240,v3.6.25,3.46,12.0,400,3191,-2204,6537,2341,-2354,7005,3108,-2367,6566,3351,-2543,6506,0,0,0,243,-176,-60,306.0,2013.0,0.909,1.323,0.896,11.000,22.422,-47.984,294.2,1,0.7056,-0.4145,0.5153,0.2546,348.7,69.8,0.0
802730,2026-08-30_09-22-26.732-240,v3.6.25,3.46,12.0,400,3624,-2158,6346,2341,-2354,7005,3542,-2322,6376,3351,-2543,6506,0,0,0,-191,-221,130,319.7,2103.4,1.098,1.640,0.720,-149.062,39.438,27.812,305.8,1,0.6997,-0.4378,0.5077,0.2469,344.7,67.9,0.0
802758,2026-08-30_09-22-26.760-240,v3.6.25,3.46,12.0,400,3679,-1801,6517,2591,-2070,7074,3594,-1968,6542,3607,-2258,6530,0,0,0,13,-290,-12,290.5,1911.4,1.096,1.300,0.450,-250.234,55.703,75.375,281.3,1,0.6872,-0.4782,0.4924,0.2380,340.3,64.7,0.0
802904,2026-08-30_09-22-26.905-240,v3.6.25,3.46,12.0,400,827,401,7673,274,-394,7786,715,254,7664,1371,-597,7614,0,0,0,656,-851,-50,1075.7,7076.7,0.124,-0.996,0.687,-157.047,72.703,-121.609,940.2,1,0.6911,-0.4944,0.4853,0.2060,336.3,61.0,0.0
802951,2026-08-30_09-22-26.953-240,v3.6.25,3.46,12.0,400,827,401,7673,-454,378,7777,715,254,7664,624,164,7727,0,0,0,-91,-90,63,142.7,938.5,-0.200,-0.454,0.938,-48.781,17.031,-146.906,157.2,1,0.7025,-0.4918,0.4809,0.1824,335.3,58.8,0.0
802981,2026-08-30_09-22-26.983-240,v3.6.25,3.46,12.0,400,1197,710,7582,101,629,7783,1083,561,7570,1175,417,7639,0,0,0,92,-144,69,184.3,1212.4,0.036,-0.283,1.138,19.625,0.031,-127.922,192.1,1,0.7144,-0.4802,0.4807,0.1670,335.2,57.9,0.0
803026,2026-08-30_09-22-26.028-240,v3.6.25,3.46,12.0,400,1933,735,7424,101,629,7783,1822,580,7413,1175,417,7639,0,0,0,-647,-163,226,704.5,4634.6,0.651,-0.324,1.452,119.219,24.266,-106.344,628.7,1,0.7236,-0.4569,0.4923,0.1589,334.7,59.1,0.0
803255,2026-08-30_09-22-27.256-240,v3.6.25,3.46,12.0,400,4253,2964,5919,3556,2733,6479,4131,2817,5893,4365,2508,5776,0,0,0,234,-309,-117,404.9,2663.7,-0.354,-0.860,1.108,20.797,35.906,114.375,377.2,1,0.7113,-0.4624,0.5000,0.1737,333.9,60.7,0.0
803320,2026-08-30_09-22-27.321-240,v3.6.25,3.46,12.0,400,3558,3223,6159,2716,3008,6723,3432,3081,6128,3560,2779,6156,0,0,0,128,-302,28,329.2,2165.8,0.083,0.308,0.888,70.703,-27.578,-28.312,313.7,1,0.7172,-0.4492,0.5024,0.1772,335.5,61.6,0.0
803373,2026-08-30_09-22-27.375-240,v3.6.25,3.46,12.0,400,3780,3038,6101,2716,3008,6723,3656,2893,6072,3560,2779,6156,0,0,0,-96,-114,84,171.1,1125.5,0.208,0.601,1.068,6.969,-31.953,-60.500,181.0,1,0.7252,-0.4425,0.4985,0.1725,336.7,61.1,0.0
803399,2026-08-30_09-22-27.401-240,v3.6.25,3.46,12.0,400,4103,2806,5999,3122,2728,6650,3982,2659,5974,3960,2503,6016,0,0,0,-22,-156,42,163.0,1072.7,0.484,0.706,0.996,-32.328,-20.719,-71.391,174.3,1,0.7326,-0.4408,0.4925,0.1626,337.0,59.9,0.0
803433,2026-08-30_09-22-27.435-240,v3.6.25,3.46,12.0,400,4291,2813,5868,3122,2728,6650,4170,2666,5844,3960,2503,6016,0,0,0,-210,-163,172,316.6,2083.1,0.627,0.706,1.043,-77.078,7.453,-90.703,303.2,1,0.7383,-0.4447,0.4861,0.1448,335.8,57.8,0.0
803479,2026-08-30_09-22-27.480-240,v3.6.25,3.46,12.0,400,4291,2813,5868,3285,2781,6561,4170,2666,5844,4107,2555,5901,0,0,0,-63,-111,57,139.8,919.6,0.449,0.652,1.099,-126.359,35.609,-134.750,154.8,1,0.7437,-0.4527,0.4783,0.1153,333.1,54.7,0.0
803507,2026-08-30_09-22-27.509-240,v3.6.25,3.46,12.0,400,4258,3282,5659,3284,3361,6298,4134,3141,5631,4048,3127,5644,0,0,0,-86,-14,13,88.1,579.6,0.268,0.558,1.219,-150.938,44.094,-155.281,111.4,1,0.7485,-0.4622,0.4686,0.0804,330.3,50.9,0.0
803551,2026-08-30_09-22-27.553-240,v3.6.25,3.46,12.0,400,4043,3989,5385,3284,3361,6298,3912,3858,5350,4048,3127,5644,0,0,0,136,-731,294,799.6,5260.2,-0.117,0.875,0.823,-197.750,23.562,-149.781,708.5,1,0.7520,-0.4774,0.4523,0.0445,328.1,46.3,0.0
803611,2026-08-30_09-22-27.613-240,v3.6.25,3.46,12.0,400,3467,4599,5341,3037,4241,5944,3329,4478,5299,3721,3994,5338,0,0,0,392,-484,39,624.1,4105.6,-0.235,0.195,0.593,-225.922,-18.734,-69.531,561.2,1,0.7505,-0.5012,0.4303,0.0208,327.5,41.8,0.0
803741,2026-08-30_09-22-27.742-240,v3.6.25,3.46,12.0,400,1794,4667,6047,495,4589,6383,1650,4554,6000,1243,4331,6197,0,0,0,-407,-223,197,504.2,3316.9,0.404,-0.980,1.231,30.938,3.391,-51.328,460.6,1,0.7559,-0.4926,0.4310,0.0166,327.5,41.9,0.0
803786,2026-08-30_09-22-27.788-240,v3.6.25,3.46,12.0,400,1460,4565,6161,495,4589,6383,1316,4453,6114,1243,4331,6197,0,0,0,-73,-122,83,164.6,1083.1,0.290,-0.271,1.069,140.734,43.766,-119.000,175.6,1,0.7673,-0.4641,0.4425,0.0085,326.8,43.4,0.0
803816,2026-08-30_09-22-27.817-240,v3.6.25,3.46,12.0,400,2064,4725,5800,944,4694,6236,1920,4613,5754,1665,4435,5977,0,0,0,-255,-178,223,382.7,2517.6,0.166,0.430,0.932,170.688,73.719,-137.391,358.6,1,0.7778,-0.4295,0.4589,-0.0021,325.5,45.4,0.0
803846,2026-08-30_09-22-27.848-240,v3.6.25,3.46,12.0,400,2064,4725,5800,944,4694,6236,1920,4613,5754,1665,4435,5977,0,0,0,-255,-178,223,382.7,2517.6,-0.052,0.905,0.955,138.234,91.047,-97.109,358.6,1,0.7819,-0.4018,0.4766,-0.0108,323.8,47.4,0.0
803901,2026-08-30_09-22-27.903-240,v3.6.25,3.46,12.0,400,3052,5081,4980,2141,5084,5559,2909,4974,4935,2739,4819,5112,0,0,0,-170,-155,177,290.3,1909.6,-0.368,0.831,0.915,44.203,98.000,23.141,281.1,1,0.7740,-0.3962,0.4938,-0.0103,321.5,49.1,0.0
803931,2026-08-30_09-22-27.932-240,v3.6.25,3.46,12.0,400,3505,5502,4267,2807,5572,4784,3360,5405,4222,3263,5296,4242,0,0,0,-97,-109,20,147.3,968.9,-0.374,0.438,0.913,20.844,91.156,55.219,161.0,1,0.7637,-0.3962,0.5096,-0.0064,319.3,50.7,0.0
803960,2026-08-30_09-22-27.962-240,v3.6.25,3.46,12.0,400,3553,5809,3767,2807,5572,4784,3405,5722,3722,3263,5296,4242,0,0,0,-142,-426,520,687.1,4520.1,-0.215,0.131,0.882,30.719,84.922,40.781,614.1,1,0.7550,-0.3936,0.5244,-0.0034,317.1,52.1,0.0
804006,2026-08-30_09-22-27.008-240,v3.6.25,3.46,12.0,400,3553,5809,3767,2979,5933,4310,3405,5722,3722,3347,5648,3749,0,0,0,-58,-74,27,97.8,643.6,-0.056,-0.020,0.904,78.156,78.188,-26.438,119.5,1,0.7524,-0.3795,0.5384,-0.0066,315.1,53.6,0.0
804034,2026-08-30_09-22-27.036-240,v3.6.25,3.46,12.0,400,3686,6033,3240,3290,6205,3676,3537,5955,3196,3544,5910,3077,0,0,0,7,-45,-119,127.4,838.3,-0.184,0.062,0.862,89.641,73.281,-39.938,144.4,1,0.7509,-0.3626,0.5518,-0.0106,313.2,55.2,0.0
804080,2026-08-30_09-22-27.083-240,v3.6.25,3.46,12.0,400,3989,6188,2469,3290,6205,3676,3840,6122,2429,3544,5910,3077,0,0,0,-296,-212,648,743.3,4890.0,-0.138,0.265,0.950,82.281,63.469,-23.297,661.2,1,0.7490,-0.3477,0.5639,-0.0119,311.6,56.8,0.0
804111,2026-08-30_09-22-27.112-240,v3.6.25,3.46,12.0,400,3989,6188,2469,3731,6346,2950,3840,6122,2429,3859,6042,2293,0,0,0,19,-80,-136,158.9,1045.6,-0.199,0.333,1.056,54.516,52.047,16.047,170.8,1,0.7450,-0.3394,0.5742,-0.0084,310.2,58.2,0.0
804140,2026-08-30_09-22-28.142-240,v3.6.25,3.46,12.0,400,4254,6205,1881,3731,6346,2950,4105,6147,1845,3859,6042,2293,0,0,0,-246,-105,448,521.8,3432.7,-0.401,0.260,1.325,28.234,35.438,55.016,475.3,1,0.7398,-0.3376,0.5821,0.0004,309.4,59.5,0.0
804168,2026-08-30_09-22-28.170-240,v3.6.25,3.46,12.0,400,4444,6127,1735,4104,6352,2480,4296,6069,1701,4152,6042,1771,0,0,0,-144,-27,70,162.4,1068.2,-0.193,0.385,0.785,4.531,13.969,70.000,173.7,1,0.7351,-0.3402,0.5863,0.0113,309.2,60.4,0.0
804216,2026-08-30_09-22-28.218-240,v3.6.25,3.46,12.0,400,4444,6127,1735,4266,6204,2572,4296,6069,1701,4333,5898,1834,0,0,0,37,-171,133,219.8,1445.9,-0.116,0.376,0.999,-11.469,-21.578,37.641,221.9,1,0.7353,-0.3432,0.5842,0.0183,310.3,60.6,0.0
804251,2026-08-30_09-22-28.253-240,v3.6.25,3.46,12.0,400,4541,6018,1903,4266,6204,2572,4395,5955,1869,4333,5898,1834,0,0,0,-62,-57,-35,91.2,600.0,-0.351,0.536,0.728,-42.062,-46.438,36.828,114.0,1,0.7370,-0.3507,0.5773,0.0250,312.1,60.3,0.0
804280,2026-08-30_09-22-28.282-240,v3.6.25,3.46,12.0,400,4526,5912,2316,4257,6097,2890,4381,5841,2280,4381,5797,2146,0,0,0,0,-44,-134,141.0,927.9,-0.473,0.357,0.567,-63.000,-79.406,31.828,155.8,1,0.7414,-0.3610,0.5648,0.0318,315.0,59.4,0.0
804321,2026-08-30_09-22-28.323-240,v3.6.25,3.46,12.0,400,4526,5912,2316,4015,5893,3556,4381,5841,2280,4256,5603,2838,0,0,0,-125,-238,558,619.4,4074.9,-0.385,0.114,0.653,-68.703,-104.172,3.375,557.3,1,0.7496,-0.3700,0.5477,0.0355,318.5,57.9,0.0
804371,2026-08-30_09-22-28.373-240,v3.6.25,3.46,12.0,400,4368,5718,3035,4015,5893,3556,4224,5634,2996,4256,5603,2838,0,0,0,32,-31,-158,164.2,1080.0,-0.169,0.230,0.897,-68.688,-117.953,-23.484,175.2,1,0.7605,-0.3769,0.5276,0.0359,322.1,56.0,0.0
804400,2026-08-30_09-22-28.401-240,v3.6.25,3.46,12.0,400,4246,5433,3726,3709,5546,4352,4104,5337,3686,4093,5269,3667,0,0,0,-11,-68,-19,71.5,470.1,-0.097,0.196,1.065,-78.953,-110.328,-17.406,97.4,1,0.7696,-0.3855,0.5078,0.0359,325.1,54.0,0.0
804486,2026-08-30_09-22-28.488-240,v3.6.25,3.46,12.0,400,3898,4890,4717,3300,5148,5032,3759,4777,4676,3809,4882,4401,0,0,0,50,105,-275,298.6,1964.3,0.092,0.152,1.078,-47.484,-44.844,-70.406,288.0,1,0.7768,-0.3861,0.4969,0.0260,325.8,52.4,0.0
804532,2026-08-30_09-22-28.533-240,v3.6.25,3.46,12.0,400,3898,4890,4717,3109,4916,5386,3759,4777,4676,3683,4656,4780,0,0,0,-76,-121,104,176.7,1162.7,0.127,0.347,0.960,-53.859,-6.875,-72.484,185.8,1,0.7804,-0.3875,0.4906,0.0128,325.2,50.9,0.0
804561,2026-08-30_09-22-28.563-240,v3.6.25,3.46,12.0,400,3806,4900,4749,3012,4959,5376,3667,4788,4708,3583,4698,4786,0,0,0,-84,-90,78,145.7,958.8,0.122,0.384,0.836,-49.922,14.281,-86.781,159.8,1,0.7829,-0.3871,0.4869,-0.0036,324.0,49.4,0.0
804601,2026-08-30_09-22-28.603-240,v3.6.25,3.46,12.0,400,3672,5129,4600,3012,4959,5376,3530,5022,4557,3583,4698,4786,0,0,0,53,-324,229,400.3,2633.4,0.111,0.480,0.874,-44.203,42.516,-80.781,373.4,1,0.7827,-0.3863,0.4875,-0.0206,322.0,48.4,0.0
804635,2026-08-30_09-22-28.636-240,v3.6.25,3.46,12.0,400,3672,5129,4600,2897,5284,5098,3530,5022,4557,3413,5015,4534,0,0,0,-117,-7,-23,119.4,785.8,0.177,0.578,0.862,-41.875,65.922,-49.328,137.7,1,0.7786,-0.3873,0.4925,-0.0346,319.6,47.7,0.0
804665,2026-08-30_09-22-28.667-240,v3.6.25,3.46,12.0,400,3498,5519,4268,2897,5284,5098,3353,5422,4223,3413,5015,4534,0,0,0,60,-407,311,515.7,3392.9,0.086,0.598,0.974,-48.781,81.109,14.312,470.3,1,0.7692,-0.3939,0.5015,-0.0411,317.1,47.7,0.0
804693,2026-08-30_09-22-28.694-240,v3.6.25,3.46,12.0,400,3195,5932,3929,2728,5796,4639,3045,5847,3882,3155,5516,4113,0,0,0,110,-331,231,418.4,2752.3,0.100,0.567,1.040,-56.328,91.391,103.562,388.6,1,0.7532,-0.4078,0.5149,-0.0360,314.6,48.3,0.0
804742,2026-08-30_09-22-28.744-240,v3.6.25,3.46,12.0,400,3195,5932,3929,2394,6239,4288,3045,5847,3882,2750,5948,3826,0,0,0,-295,101,-56,316.8,2084.2,-0.261,0.030,1.035,-30.609,71.750,197.422,303.3,1,0.7338,-0.4242,0.5305,-0.0141,312.9,50.0,0.0
804775,2026-08-30_09-22-28.777-240,v3.6.25,3.46,12.0,400,2848,6204,3755,2394,6239,4288,2695,6127,3706,2750,5948,3826,0,0,0,55,-179,120,222.4,1463.2,-0.296,-0.324,1.018,23.562,38.484,180.906,224.1,1,0.7198,-0.4314,0.5438,0.0114,312.0,52.4,0.0
804806,2026-08-30_09-22-28.808-240,v3.6.25,3.46,12.0,400,2823,6230,3700,2223,6399,4173,2669,6155,3651,2556,6104,3743,0,0,0,-113,-51,92,154.4,1015.7,-0.286,-0.425,1.263,71.062,3.828,132.812,167.0,1,0.7133,-0.4283,0.5536,0.0354,312.2,55.1,0.0
804847,2026-08-30_09-22-28.849-240,v3.6.25,3.46,12.0,400,2823,6230,3700,2569,6154,4316,2669,6155,3651,2932,5865,3824,0,0,0,263,-290,173,428.0,2815.9,-0.455,-0.458,1.302,95.984,-44.531,87.391,396.7,1,0.7149,-0.4184,0.5572,0.0578,314.1,57.7,0.0
804895,2026-08-30_09-22-28.896-240,v3.6.25,3.46,12.0,400,3246,5948,3858,2569,6154,4316,3096,5863,3811,2932,5865,3824,0,0,0,-164,2,13,164.5,1082.4,-0.333,-0.053,1.045,109.984,-86.953,22.359,175.5,1,0.7249,-0.4018,0.5545,0.0747,318.0,59.8,0.0
804922,2026-08-30_09-22-28.924-240,v3.6.25,3.46,12.0,400,3822,5426,4095,3141,5560,4705,3678,5328,4052,3585,5285,4108,0,0,0,-93,-43,56,116.8,768.2,-0.254,0.329,0.776,86.078,-107.266,0.219,135.4,1,0.7373,-0.3867,0.5468,0.0883,322.8,61.0,0.0
804950,2026-08-30_09-22-28.951-240,v3.6.25,3.46,12.0,400,3822,5426,4095,3141,5560,4705,3678,5328,4052,3585,5285,4108,0,0,0,-93,-43,56,116.8,768.2,-0.138,0.613,0.786,47.891,-121.359,-10.328,135.4,1,0.7505,-0.3761,0.5343,0.0987,328.2,61.2,0.0
804977,2026-08-30_09-22-28.979-240,v3.6.25,3.46,12.0,400,4327,4757,4456,3566,4784,5148,4191,4643,4419,4103,4524,4470,0,0,0,-88,-119,51,156.5,1029.9,-0.169,0.698,0.816,1.453,-131.000,-9.344,168.8,1,0.7633,-0.3721,0.5173,0.1068,333.3,60.4,0.0
805021,2026-08-30_09-22-28.023-240,v3.6.25,3.46,12.0,400,4534,4077,4937,3700,3997,5781,4404,3949,4904,4363,3753,5067,0,0,0,-41,-196,163,258.2,1698.7,0.152,0.902,0.958,-74.203,-132.750,1.062,254.1,1,0.7739,-0.3794,0.4948,0.1110,337.3,58.2,0.0
805068,2026-08-30_09-22-28.069-240,v3.6.25,3.46,12.0,400,4305,3492,5590,3700,3997,5781,4179,3352,5560,4363,3753,5067,0,0,0,184,401,-493,661.6,4352.6,0.198,0.783,1.102,-146.047,-108.984,29.828,592.7,1,0.7787,-0.3992,0.4707,0.1124,339.3,55.4,0.0
805107,2026-08-30_09-22-28.109-240,v3.6.25,3.46,12.0,400,4305,3492,5590,3242,3323,6431,4179,3352,5560,4030,3091,5781,0,0,0,-149,-261,221,373.0,2454.2,0.355,0.102,1.191,-139.172,-74.953,10.656,350.5,1,0.7816,-0.4170,0.4509,0.1090,340.2,52.7,0.0
805133,2026-08-30_09-22-29.135-240,v3.6.25,3.46,12.0,400,3690,3059,6200,2501,2905,6902,3565,2914,6170,3377,2679,6367,0,0,0,-188,-235,197,359.7,2366.4,0.357,-0.028,1.088,-97.734,-47.109,-5.703,339.3,1,0.7840,-0.4281,0.4372,0.1046,340.6,50.8,0.0
805185,2026-08-30_09-22-29.187-240,v3.6.25,3.46,12.0,400,3352,2898,6438,2501,2905,6902,3228,2752,6409,3377,2679,6367,0,0,0,149,-73,-42,171.2,1126.0,0.526,0.043,0.864,-1.875,10.609,-18.406,181.1,1,0.7848,-0.4263,0.4382,0.1017,340.2,50.8,0.0
805216,2026-08-30_09-22-29.218-240,v3.6.25,3.46,12.0,400,3352,2898,6438,2251,2841,6976,3228,2752,6409,3141,2615,6482,0,0,0,-87,-137,73,178.0,1170.7,0.594,0.115,0.887,50.469,38.594,-8.906,186.8,1,0.7839,-0.4186,0.4470,0.1022,339.7,51.8,0.0
805245,2026-08-30_09-22-29.246-240,v3.6.25,3.46,12.0,400,3384,3008,6350,2251,2841,6976,3259,2863,6320,3141,2615,6482,0,0,0,-118,-248,162,318.9,2097.8,0.623,0.355,0.936,90.938,61.094,22.984,305.0,1,0.7795,-0.4083,0.4624,0.1087,339.2,54.1,0.0
805273,2026-08-30_09-22-29.275-240,v3.6.25,3.46,12.0,400,3651,3276,6047,2491,3083,6774,3525,3135,6016,3342,2853,6243,0,0,0,-183,-282,227,405.6,2668.7,0.501,0.430,1.075,110.328,68.453,76.781,377.9,1,0.7706,-0.3993,0.4810,0.1235,339.1,57.1,0.0
805320,2026-08-30_09-22-29.323-240,v3.6.25,3.46,12.0,400,3651,3276,6047,2772,3368,6540,3525,3135,6016,3577,3134,5967,0,0,0,52,-1,-49,71.5,470.1,0.185,0.454,1.124,123.953,51.547,160.750,97.4,1,0.7566,-0.3939,0.4993,0.1523,340.3,61.1,0.0
805359,2026-08-30_09-22-29.361-240,v3.6.25,3.46,12.0,400,3828,3436,5924,2772,3368,6540,3701,3296,5892,3577,3134,5967,0,0,0,-124,-162,75,217.4,1430.0,-0.063,0.139,0.957,126.078,-0.266,178.969,219.9,1,0.7446,-0.3876,0.5102,0.1872,344.1,64.8,0.0
805387,2026-08-30_09-22-29.389-240,v3.6.25,3.46,12.0,400,3784,3171,6066,2793,3215,6630,3659,3028,6036,3616,2984,6051,0,0,0,-43,-44,15,63.3,416.6,-0.214,0.022,0.921,118.141,-43.953,167.578,90.6,1,0.7361,-0.3798,0.5141,0.2227,350.5,67.8,0.0
805424,2026-08-30_09-22-29.425-240,v3.6.25,3.46,12.0,400,3784,3171,6066,2662,2465,7007,3659,3028,6036,3566,2244,6443,0,0,0,-93,-784,407,888.2,5843.6,-0.318,0.074,0.822,80.391,-92.406,144.484,782.9,1,0.7327,-0.3735,0.5082,0.2555,359.2,69.3,0.0
805476,2026-08-30_09-22-29.477-240,v3.6.25,3.46,12.0,400,3725,2438,6454,2662,2465,7007,3606,2285,6430,3566,2244,6443,0,0,0,-40,-41,13,58.7,386.4,0.262,0.231,0.748,1.500,-126.578,85.750,86.7,1,0.7370,-0.3725,0.4915,0.2765,6.5,68.5,0.0
805593,2026-08-30_09-22-29.595-240,v3.6.25,3.46,12.0,400,3390,205,6925,2055,349,7548,3288,40,6924,3098,147,7079,0,0,0,-190,107,155,267.5,1760.1,1.540,1.017,0.779,-149.266,-11.938,-53.625,262.0,1,0.7436,-0.3881,0.4784,0.2600,2.2,66.0,0.0
805636,2026-08-30_09-22-29.638-240,v3.6.25,3.46,12.0,400,3390,205,6925,2196,85,7508,3288,40,6924,3238,-114,7016,0,0,0,-50,-154,92,186.2,1225.2,1.181,0.753,0.764,-230.547,36.953,-29.969,193.7,1,0.7437,-0.4182,0.4644,0.2375,355.6,62.8,0.0
805666,2026-08-30_09-22-29.667-240,v3.6.25,3.46,12.0,400,3206,483,7055,1817,553,7612,3101,318,7049,2866,350,7181,0,0,0,-235,32,132,271.4,1785.7,0.647,0.287,0.864,-254.875,50.719,-29.953,265.2,1,0.7414,-0.4514,0.4492,0.2118,349.8,59.0,0.0
805712,2026-08-30_09-22-29.714-240,v3.6.25,3.46,12.0,400,2635,1067,7243,1817,553,7612,2523,908,7229,2866,350,7181,0,0,0,343,-558,-48,656.7,4320.7,0.008,-0.154,0.767,-226.641,23.328,-47.422,588.6,1,0.7415,-0.4779,0.4319,0.1877,346.4,55.1,0.0
805755,2026-08-30_09-22-29.757-240,v3.6.25,3.46,12.0,400,2122,1375,7363,1157,1185,7670,2006,1221,7345,2201,974,7348,0,0,0,195,-247,3,314.7,2070.5,-0.225,-0.526,0.750,-159.641,-43.891,-58.844,301.6,1,0.7476,-0.4924,0.4110,0.1725,346.3,51.7,0.0
805795,2026-08-30_09-22-29.798-240,v3.6.25,3.46,12.0,400,2122,1375,7363,713,1139,7721,2006,1221,7345,1766,926,7473,0,0,0,-240,-295,128,401.3,2639.9,-0.002,-0.276,0.610,-47.344,-109.125,-99.438,374.2,1,0.7634,-0.4867,0.3907,0.1662,348.8,49.3,0.0
805830,2026-08-30_09-22-29.831-240,v3.6.25,3.46,12.0,400,2008,958,7422,713,1139,7721,1895,803,7408,1766,926,7473,0,0,0,-129,123,65,189.7,1248.2,0.161,0.145,0.409,15.859,-142.500,-89.438,196.7,1,0.7812,-0.4723,0.3716,0.1690,352.6,47.8,0.0
805954,2026-08-30_09-22-29.955-240,v3.6.25,3.46,12.0,400,2949,-1051,6975,2188,-1675,7241,2855,-1215,6988,3223,-1866,6761,0,0,0,368,-651,-227,781.5,5141.5,1.856,0.364,0.413,231.016,44.781,-30.406,693.3,1,0.7841,-0.4412,0.3969,0.1816,354.0,51.5,0.0
806004,2026-08-30_09-22-29.006-240,v3.6.25,3.46,12.0,400,3427,-1489,6633,2188,-1675,7241,3339,-1654,6653,3223,-1866,6761,0,0,0,-116,-212,108,264.7,1741.4,1.120,0.999,0.338,184.062,137.609,31.734,259.6,1,0.7735,-0.4235,0.4312,0.1910,352.8,56.0,0.0
806032,2026-08-30_09-22-29.034-240,v3.6.25,3.46,12.0,400,3865,-1210,6520,2751,-1338,7174,3776,-1377,6538,3768,-1529,6599,0,0,0,-8,-152,61,164.0,1078.8,1.112,1.112,0.785,145.484,161.312,77.984,175.1,1,0.7557,-0.4146,0.4652,0.2014,350.5,60.5,0.0
806176,2026-08-30_09-22-30.177-240,v3.6.25,3.46,12.0,400,2669,623,7259,1961,460,7586,2561,462,7250,3007,258,7131,0,0,0,446,-204,-119,504.7,3320.2,-0.277,-0.222,1.071,56.969,-57.062,96.141,461.0,1,0.7527,-0.4113,0.4629,0.2237,354.7,61.7,0.0
806216,2026-08-30_09-22-30.218-240,v3.6.25,3.46,12.0,400,2669,623,7259,1251,411,7716,2561,462,7250,2320,207,7379,0,0,0,-241,-255,129,373.8,2459.4,0.188,0.117,0.777,31.828,-133.453,43.125,351.2,1,0.7599,-0.4041,0.4480,0.2421,0.7,61.2,0.0
806424,2026-08-30_09-22-30.425-240,v3.6.25,3.46,12.0,400,1644,-3576,6474,0,-4226,6450,1566,-3723,6519,954,-4425,6365,0,0,0,-612,-702,-154,944.0,6210.3,1.421,0.077,-0.043,-297.469,-38.969,168.641,829.7,1,0.7483,-0.4537,0.4175,0.2449,358.7,57.9,0.0
806472,2026-08-30_09-22-30.474-240,v3.6.25,3.46,12.0,400,909,-4134,6290,0,-4226,6450,833,-4271,6343,954,-4425,6365,0,0,0,121,-154,22,197.1,1296.6,1.234,-0.961,0.081,-275.484,8.141,138.953,202.8,1,0.7336,-0.4990,0.3935,0.2409,356.1,54.9,0.0
806532,2026-08-30_09-22-30.534-240,v3.6.25,3.46,12.0,400,-249,-4307,6225,-1243,-4437,6187,-326,-4429,6280,-330,-4647,6320,0,0,0,-4,-218,40,221.7,1458.4,0.889,-0.924,0.206,-96.797,-0.016,-94.938,223.5,1,0.7421,-0.5032,0.3833,0.2219,354.7,52.4,0.0
806561,2026-08-30_09-22-30.563-240,v3.6.25,3.46,12.0,400,-528,-4416,6157,-1522,-4526,6089,-605,-4533,6214,-624,-4738,6271,0,0,0,-19,-205,57,213.6,1405.4,0.702,-0.448,-0.068,-33.516,-31.062,-168.734,216.7,1,0.7598,-0.4922,0.3741,0.2013,354.4,50.1,0.0
806706,2026-08-30_09-22-30.707-240,v3.6.25,3.46,12.0,400,2409,-5306,4777,1019,-5241,5498,2348,-5436,4854,1835,-5442,5265,0,0,0,-513,-6,411,657.4,4324.8,1.643,0.880,0.416,139.891,21.125,7.156,589.1,1,0.7594,-0.4754,0.3901,0.2124,355.4,52.6,0.0
806741,2026-08-30_09-22-30.743-240,v3.6.25,3.46,12.0,400,2409,-5306,4777,1554,-5505,5198,2348,-5436,4854,2325,-5706,4883,0,0,0,-23,-270,29,272.5,1792.9,1.535,0.374,0.151,136.219,65.906,72.656,266.2,1,0.7495,-0.4657,0.4119,0.2274,355.6,56.0,0.0
806769,2026-08-30_09-22-30.770-240,v3.6.25,3.46,12.0,400,2225,-5308,4940,991,-5307,5575,2163,-5439,5016,1821,-5507,5346,0,0,0,-342,-68,330,480.1,3158.5,1.444,0.304,0.004,143.641,91.516,95.672,440.4,1,0.7349,-0.4575,0.4375,0.2435,355.2,60.0,0.0
806821,2026-08-30_09-22-30.822-240,v3.6.25,3.46,12.0,400,1564,-4944,5607,991,-5307,5575,1497,-5078,5674,1821,-5507,5346,0,0,0,324,-429,-328,629.8,4143.2,0.896,0.223,-0.496,154.000,87.359,107.234,566.0,1,0.7185,-0.4481,0.4629,0.2620,354.9,64.2,0.0
806881,2026-08-30_09-22-30.883-240,v3.6.25,3.46,12.0,400,830,-4348,6198,66,-4722,6168,756,-4483,6254,983,-4922,6080,0,0,0,227,-439,-174,524.0,3447.1,0.535,-0.054,0.341,61.000,38.188,157.219,477.2,1,0.7010,-0.4516,0.4731,0.2843,355.8,66.9,0.0
806951,2026-08-30_09-22-30.952-240,v3.6.25,3.46,12.0,400,-146,-3890,6535,-1683,-3870,6499,-226,-4017,6583,-730,-4081,6697,0,0,0,-504,-64,114,520.7,3425.5,0.805,-0.467,0.153,61.922,-22.672,-48.906,474.4,1,0.7073,-0.4386,0.4762,0.2838,357.6,67.3,0.0
806997,2026-08-30_09-22-30.998-240,v3.6.25,3.46,12.0,400,-553,-3812,6575,-1683,-3870,6499,-635,-3935,6622,-730,-4081,6697,0,0,0,-95,-146,75,189.6,1247.7,0.809,0.008,0.068,-1.078,-45.734,-90.281,196.6,1,0.7193,-0.4299,0.4710,0.2755,358.8,66.1,0.0
807026,2026-08-30_09-22-30.028-240,v3.6.25,3.46,12.0,400,-78,-4033,6411,-1238,-4118,6427,-157,-4159,6462,-291,-4326,6552,0,0,0,-134,-167,90,232.3,1528.0,0.864,-0.154,0.174,-29.719,-47.453,-106.328,232.4,1,0.7328,-0.4238,0.4629,0.2630,359.1,64.3,0.0
807057,2026-08-30_09-22-30.059-240,v3.6.25,3.46,12.0,400,-78,-4033,6411,-1238,-4118,6427,-157,-4159,6462,-291,-4326,6552,0,0,0,-134,-167,90,232.3,1528.0,1.207,-0.172,0.369,-45.359,-37.156,-127.484,232.4,1,0.7470,-0.4184,0.4545,0.2458,358.4,62.2,0.0
807085,2026-08-30_09-22-30.087-240,v3.6.25,3.46,12.0,400,583,-4385,6116,-456,-4540,6266,508,-4515,6173,473,-4743,6264,0,0,0,-35,-228,91,248.0,1631.4,1.599,0.120,0.796,-52.312,-18.641,-153.750,245.6,1,0.7614,-0.4125,0.4477,0.2231,356.6,60.0,0.0
807231,2026-08-30_09-22-31.232-240,v3.6.25,3.46,12.0,400,2816,-3818,5939,1649,-4256,6260,2744,-3970,5991,2574,-4448,5900,0,0,0,-170,-478,-91,515.4,3391.0,0.587,-0.020,0.075,-230.516,-18.594,15.219,470.0,1,0.7606,-0.4429,0.4261,0.2092,353.8,56.5,0.0
807262,2026-08-30_09-22-31.263-240,v3.6.25,3.46,12.0,400,2816,-3818,5939,1704,-3881,6500,2744,-3970,5991,2661,-4072,6124,0,0,0,-83,-102,133,187.0,1230.5,0.542,0.034,0.201,-173.438,-62.234,-10.516,194.4,1,0.7647,-0.4616,0.4029,0.1995,353.6,53.2,0.0
807291,2026-08-30_09-22-31.293-240,v3.6.25,3.46,12.0,400,2775,-3786,5959,1704,-3881,6500,2703,-3938,6010,2661,-4072,6124,0,0,0,-42,-134,114,180.9,1190.0,0.424,0.140,0.019,-127.094,-104.297,-15.625,189.2,1,0.7720,-0.4721,0.3777,0.1961,355.2,50.2,0.0
807321,2026-08-30_09-22-31.322-240,v3.6.25,3.46,12.0,400,2775,-3786,5959,1713,-4122,6300,2703,-3938,6010,2641,-4314,5928,0,0,0,-62,-376,-82,389.8,2564.5,0.489,-0.272,0.179,-56.953,-135.625,-29.625,364.6,1,0.7829,-0.4714,0.3539,0.1991,358.1,47.9,0.0
807351,2026-08-30_09-22-31.352-240,v3.6.25,3.46,12.0,400,2800,-4283,5516,1713,-4122,6300,2732,-4429,5576,2641,-4314,5928,0,0,0,-91,115,352,381.3,2508.7,1.023,-0.976,0.431,55.672,-139.453,-73.312,357.5,1,0.7985,-0.4528,0.3386,0.2068,2.0,46.7,0.0
807472,2026-08-30_09-22-31.473-240,v3.6.25,3.46,12.0,400,3295,-5687,3665,2408,-6051,4152,3240,-5808,3754,3014,-6259,3718,0,0,0,-226,-451,-36,505.7,3327.2,1.449,1.882,-0.159,158.484,60.219,94.906,461.9,1,0.7876,-0.4434,0.3618,0.2285,3.5,50.6,0.0
807526,2026-08-30_09-22-31.528-240,v3.6.25,3.46,12.0,400,3047,-5938,3691,2408,-6051,4152,2993,-6057,3783,3014,-6259,3718,0,0,0,21,-202,-65,213.2,1402.9,1.301,0.177,0.045,61.844,83.203,211.297,216.4,1,0.7638,-0.4565,0.3793,0.2538,4.1,54.2,0.0
807582,2026-08-30_09-22-31.584-240,v3.6.25,3.46,12.0,400,1899,-5810,4574,1156,-5945,4847,1840,-5932,4658,1876,-6151,4608,0,0,0,36,-219,-50,227.5,1496.7,1.122,-0.546,0.531,136.016,68.484,74.906,228.4,1,0.7525,-0.4480,0.4008,0.2692,4.9,57.6,0.0
807642,2026-08-30_09-22-31.644-240,v3.6.25,3.46,12.0,400,339,-5068,5712,-245,-5511,5455,269,-5190,5780,567,-5719,5438,0,0,0,298,-529,-342,696.9,4584.6,0.487,0.234,0.107,81.391,-2.016,24.703,622.3,1,0.7502,-0.4388,0.4082,0.2793,6.8,59.0,0.0
807683,2026-08-30_09-22-31.685-240,v3.6.25,3.46,12.0,400,339,-5068,5712,-720,-5154,5735,269,-5190,5780,132,-5363,5791,0,0,0,-137,-173,11,221.0,1453.6,0.597,-0.023,-0.073,20.438,-70.438,9.062,222.9,1,0.7544,-0.4328,0.4009,0.2878,9.7,58.6,0.0
807711,2026-08-30_09-22-31.713-240,v3.6.25,3.46,12.0,400,121,-5174,5500,-890,-5370,5429,51,-5289,5570,-85,-5583,5522,0,0,0,-136,-294,-48,327.5,2154.4,0.860,-0.183,0.021,0.656,-96.312,-17.953,312.3,1,0.7628,-0.4259,0.3883,0.2932,12.5,57.4,0.0
807761,2026-08-30_09-22-31.763-240,v3.6.25,3.46,12.0,400,100,-5647,4971,-890,-5370,5429,34,-5753,5051,-85,-5583,5522,0,0,0,-119,170,471,514.7,3386.1,1.198,0.115,0.246,-23.766,-108.469,-54.172,469.4,1,0.7751,-0.4180,0.3722,0.2930,14.5,55.3,0.0
807790,2026-08-30_09-22-31.792-240,v3.6.25,3.46,12.0,400,100,-5647,4971,-689,-5992,4769,34,-5753,5051,17,-6210,4845,0,0,0,-17,-457,-206,501.6,3299.8,1.292,0.275,0.168,-42.281,-101.391,-57.453,458.4,1,0.7871,-0.4124,0.3553,0.2902,15.8,53.0,0.0
807820,2026-08-30_09-22-31.822-240,v3.6.25,3.46,12.0,400,349,-6204,4261,-689,-5992,4769,288,-6302,4352,17,-6210,4845,0,0,0,-271,92,493,570.0,3750.3,1.221,0.515,-0.010,-67.109,-90.094,-48.750,515.9,1,0.7974,-0.4109,0.3376,0.2853,16.2,50.6,0.0
807848,2026-08-30_09-22-31.849-240,v3.6.25,3.46,12.0,400,669,-6584,3593,-229,-6520,4051,612,-6674,3693,366,-6743,4067,0,0,0,-246,-69,374,452.9,2979.9,1.127,0.763,-0.005,-115.578,-74.234,-11.219,417.6,1,0.8034,-0.4191,0.3175,0.2793,15.9,48.1,0.0
807897,2026-08-30_09-22-31.899-240,v3.6.25,3.46,12.0,400,669,-6584,3593,159,-6794,3481,612,-6674,3693,664,-7022,3446,0,0,0,52,-348,-247,429.9,2828.3,1.100,0.626,-0.367,-207.219,-40.531,78.172,398.2,1,0.7995,-0.4479,0.2933,0.2724,14.3,45.5,0.0
807936,2026-08-30_09-22-31.938-240,v3.6.25,3.46,12.0,400,882,-6813,3169,159,-6794,3481,828,-6899,3275,664,-7022,3446,0,0,0,-164,-123,171,267.0,1756.3,1.107,0.464,-0.518,-257.359,-11.250,134.156,261.5,1,0.7874,-0.4883,0.2678,0.2643,12.2,42.8,0.0
807965,2026-08-30_09-22-31.967-240,v3.6.25,3.46,12.0,400,885,-6864,3070,303,-6947,3263,831,-6948,3177,774,-7176,3209,0,0,0,-57,-228,32,237.2,1560.4,1.132,0.170,-0.649,-266.703,8.203,142.469,236.5,1,0.7716,-0.5301,0.2433,0.2537,10.1,40.1,0.0
808003,2026-08-30_09-22-31.005-240,v3.6.25,3.46,12.0,400,885,-6864,3070,240,-6894,3369,831,-6948,3177,728,-7122,3323,0,0,0,-103,-174,146,249.4,1640.8,0.922,-0.265,-0.610,-234.172,26.328,100.719,246.8,1,0.7578,-0.5643,0.2235,0.2394,8.0,37.5,0.0
808050,2026-08-30_09-22-31.053-240,v3.6.25,3.46,12.0,400,842,-6817,3212,240,-6894,3369,788,-6903,3317,728,-7122,3323,0,0,0,-60,-219,6,227.1,1494.4,1.237,-1.135,-0.095,-109.656,39.297,-2.219,228.1,1,0.7552,-0.5761,0.2169,0.2251,6.4,35.9,0.0
808081,2026-08-30_09-22-31.083-240,v3.6.25,3.46,12.0,400,1018,-6663,3419,364,-6777,3611,963,-6755,3521,891,-7002,3538,0,0,0,-72,-247,17,257.8,1696.3,1.193,-1.437,0.152,33.750,49.203,-100.016,253.8,1,0.7647,-0.5646,0.2253,0.2138,5.1,35.9,0.0
808108,2026-08-30_09-22-31.109-240,v3.6.25,3.46,12.0,400,1018,-6663,3419,364,-6777,3611,963,-6755,3521,891,-7002,3538,0,0,0,-72,-247,17,257.8,1696.3,1.020,-0.700,0.069,144.531,57.391,-144.609,253.8,1,0.7798,-0.5373,0.2454,0.2076,4.3,37.3,0.0
808136,2026-08-30_09-22-32.138-240,v3.6.25,3.46,12.0,400,1510,-6457,3601,858,-6577,3933,1455,-6557,3700,1436,-6795,3768,0,0,0,-19,-238,68,248.3,1633.2,1.041,0.111,-0.125,188.844,61.000,-117.484,245.8,1,0.7914,-0.5072,0.2706,0.2080,4.1,39.7,0.0
808165,2026-08-30_09-22-32.166-240,v3.6.25,3.46,12.0,400,1941,-6253,3796,858,-6577,3933,1886,-6362,3891,1436,-6795,3768,0,0,0,-450,-433,-123,636.5,4187.4,0.917,0.357,-0.236,202.094,58.031,-59.500,571.6,1,0.7965,-0.4803,0.2971,0.2161,4.6,42.9,0.0
808211,2026-08-30_09-22-32.213-240,v3.6.25,3.46,12.0,400,1941,-6253,3796,1230,-6338,4210,1886,-6362,3891,1851,-6551,3975,0,0,0,-35,-189,84,209.8,1380.0,1.092,0.299,0.086,225.562,39.531,-11.656,213.5,1,0.7971,-0.4537,0.3231,0.2331,6.5,46.6,0.0
808241,2026-08-30_09-22-32.243-240,v3.6.25,3.46,12.0,400,1790,-6141,4056,929,-6251,4432,1733,-6253,4148,1585,-6463,4242,0,0,0,-148,-210,94,273.6,1799.8,1.166,0.563,0.229,212.125,18.734,13.891,267.0,1,0.7953,-0.4295,0.3448,0.2532,9.5,50.0,0.0
808284,2026-08-30_09-22-32.285-240,v3.6.25,3.46,12.0,400,1316,-6118,4232,929,-6251,4432,1258,-6227,4322,1585,-6463,4242,0,0,0,327,-236,-80,411.1,2704.8,1.106,0.708,0.206,170.516,-17.078,48.609,382.5,1,0.7917,-0.4113,0.3574,0.2763,13.6,52.5,0.0
808318,2026-08-30_09-22-32.319-240,v3.6.25,3.46,12.0,400,1316,-6118,4232,277,-6241,4469,1258,-6227,4322,938,-6456,4389,0,0,0,-320,-229,67,399.2,2626.1,0.919,0.716,0.018,101.844,-51.016,95.094,372.4,1,0.7858,-0.4038,0.3588,0.3012,18.1,53.8,0.0
808460,2026-08-30_09-22-32.461-240,v3.6.25,3.46,12.0,400,-887,-6862,3045,-1335,-6765,3277,-946,-6923,3152,-867,-7005,3500,0,0,0,79,-82,348,366.2,2408.9,1.182,0.172,-0.525,-144.250,-99.219,69.844,344.7,1,0.7871,-0.4215,0.3319,0.3045,18.6,51.2,0.0
808573,2026-08-30_09-22-32.574-240,v3.6.25,3.46,12.0,400,-846,-7441,1422,-1243,-7399,1416,-900,-7474,1547,-1078,-7664,1669,0,0,0,-178,-190,122,287.5,1891.6,1.526,-0.218,-0.450,-225.625,12.969,62.109,278.7,1,0.7823,-0.4536,0.3126,0.2907,15.1,48.8,0.0
808601,2026-08-30_09-22-32.603-240,v3.6.25,3.46,12.0,400,-319,-7518,1142,-608,-7522,1155,-371,-7552,1270,-484,-7786,1307,0,0,0,-113,-234,37,262.5,1726.8,1.402,-0.095,-0.485,-210.594,36.094,51.422,257.7,1,0.7761,-0.4834,0.2975,0.2748,11.7,46.7,0.0
808635,2026-08-30_09-22-32.637-240,v3.6.25,3.46,12.0,400,-319,-7518,1142,-608,-7522,1155,-371,-7552,1270,-484,-7786,1307,0,0,0,-113,-234,37,262.5,1726.8,1.132,0.207,-0.616,-205.828,48.734,54.625,257.7,1,0.7677,-0.5130,0.2842,0.2582,8.5,44.5,0.0
808666,2026-08-30_09-22-32.668-240,v3.6.25,3.46,12.0,400,311,-7494,1312,61,-7505,1468,260,-7539,1438,238,-7760,1499,0,0,0,-22,-221,61,230.3,1515.2,0.767,-0.371,-0.612,-183.266,37.359,36.531,230.7,1,0.7609,-0.5375,0.2710,0.2422,6.0,42.3,0.0
808694,2026-08-30_09-22-32.695-240,v3.6.25,3.46,12.0,400,905,-7386,1522,61,-7505,1468,855,-7442,1646,238,-7760,1499,0,0,0,-617,-318,-147,709.5,4667.9,0.573,-0.957,-0.306,-100.438,13.000,-45.500,632.9,1,0.7639,-0.5444,0.2618,0.2269,4.6,40.3,0.0
808736,2026-08-30_09-22-32.737-240,v3.6.25,3.46,12.0,400,905,-7386,1522,631,-7386,1792,855,-7442,1646,862,-7633,1719,0,0,0,7,-191,73,204.6,1346.0,0.451,-0.295,-0.351,22.969,-40.875,-139.016,209.2,1,0.7803,-0.5269,0.2568,0.2181,5.2,39.1,0.0
808762,2026-08-30_09-22-32.764-240,v3.6.25,3.46,12.0,400,1484,-7332,1264,1329,-7364,1436,1436,-7390,1389,1499,-7613,1253,0,0,0,63,-223,-136,268.7,1767.7,0.513,0.419,-0.422,44.594,-69.062,-126.297,262.9,1,0.7963,-0.5066,0.2505,0.2156,6.5,38.1,0.0
808810,2026-08-30_09-22-32.811-240,v3.6.25,3.46,12.0,400,1778,-7399,495,1329,-7364,1436,1731,-7446,626,1499,-7613,1253,0,0,0,-232,-167,627,689.1,4533.5,0.646,0.315,-0.670,59.125,-102.156,-63.344,615.8,1,0.8074,-0.4895,0.2415,0.2239,9.1,37.5,0.0
808926,2026-08-30_09-22-32.928-240,v3.6.25,3.46,12.0,400,1121,-7552,-1024,1427,-7477,-472,1073,-7562,-880,1275,-7754,-625,0,0,0,202,-192,255,377.7,2485.2,1.296,0.631,-0.543,185.828,-5.812,-92.203,354.5,1,0.8176,-0.4590,0.2574,0.2336,10.9,39.4,0.0
808956,2026-08-30_09-22-32.958-240,v3.6.25,3.46,12.0,400,471,-7608,-1075,851,-7522,-963,421,-7610,-930,615,-7810,-1007,0,0,0,194,-200,-77,289.1,1901.8,0.973,0.849,-0.743,149.609,25.656,-33.031,280.1,1,0.8200,-0.4392,0.2747,0.2434,12.2,41.6,0.0
808999,2026-08-30_09-22-32.001-240,v3.6.25,3.46,12.0,400,471,-7608,-1075,135,-7572,-746,421,-7610,-930,-63,-7861,-673,0,0,0,-484,-251,257,602.7,3965.5,0.785,0.051,-0.691,113.438,40.344,44.891,543.3,1,0.8143,-0.4318,0.2906,0.2570,13.5,44.0,0.0
809042,2026-08-30_09-22-32.044-240,v3.6.25,3.46,12.0,400,-162,-7659,-661,135,-7572,-746,-213,-7661,-518,-63,-7861,-673,0,0,0,150,-200,-155,294.2,1935.2,0.647,-0.475,-0.727,124.969,29.109,52.172,284.3,1,0.8080,-0.4234,0.3056,0.2731,15.4,46.5,0.0
809105,2026-08-30_09-22-32.107-240,v3.6.25,3.46,12.0,400,-820,-7609,-223,-691,-7572,-367,-873,-7611,-84,-825,-7860,-163,0,0,0,48,-249,-79,265.6,1747.4,0.836,0.222,-0.525,97.969,-17.078,12.234,260.4,1,0.8074,-0.4115,0.3119,0.2855,17.6,47.6,0.0
809162,2026-08-30_09-22-33.163-240,v3.6.25,3.46,12.0,400,-1877,-7448,-234,-1535,-7454,-242,-1935,-7436,-97,-1652,-7746,100,0,0,0,283,-310,197,463.7,3050.5,0.742,0.209,-0.442,-43.969,-48.625,47.422,426.6,1,0.8063,-0.4179,0.3012,0.2908,18.5,46.8,0.0
809209,2026-08-30_09-22-33.210-240,v3.6.25,3.46,12.0,400,-1877,-7448,-234,-1886,-7354,-525,-1935,-7436,-97,-2054,-7653,-116,0,0,0,-119,-217,-19,248.2,1633.0,0.840,0.149,-0.714,-126.703,-55.078,32.312,245.8,1,0.8072,-0.4321,0.2821,0.2867,17.9,44.7,0.0
809237,2026-08-30_09-22-33.239-240,v3.6.25,3.46,12.0,400,-1767,-7470,-804,-1614,-7360,-1144,-1825,-7449,-663,-1887,-7667,-766,0,0,0,-62,-218,-103,249.0,1637.8,0.949,0.356,-0.814,-180.656,-51.000,38.219,246.4,1,0.8070,-0.4527,0.2585,0.2775,16.7,42.0,0.0
809472,2026-08-30_09-22-33.473-240,v3.6.25,3.47,12.0,400,1807,-7239,-2001,2416,-7028,-1634,1759,-7238,-1854,2057,-7321,-1928,0,0,0,298,-83,-74,318.1,2092.6,0.274,-0.399,-0.508,-31.312,-43.250,-2.938,304.4,1,0.8093,-0.4537,0.2494,0.2774,17.1,41.0,0.0
809512,2026-08-30_09-22-33.514-240,v3.6.25,3.47,12.0,400,2252,-7061,-2188,2416,-7028,-1634,2204,-7061,-2041,2057,-7321,-1928,0,0,0,-147,-260,113,319.3,2100.9,0.231,-0.227,-0.640,67.828,-69.719,-31.000,305.5,1,0.8150,-0.4397,0.2459,0.2864,19.3,40.7,0.0
809540,2026-08-30_09-22-33.541-240,v3.6.25,3.47,12.0,400,2036,-6999,-2663,2457,-6907,-2093,1986,-6987,-2514,2017,-7207,-2383,0,0,0,31,-220,131,257.9,1696.8,0.333,0.351,-0.695,106.703,-80.781,-14.812,253.9,1,0.8192,-0.4218,0.2446,0.3021,22.5,41.0,0.0
809576,2026-08-30_09-22-33.577-240,v3.6.25,3.47,12.0,400,2036,-6999,-2663,1942,-6851,-2813,1986,-6987,-2514,1377,-7166,-2999,0,0,0,-609,-179,-485,798.8,5255.5,0.497,0.692,-0.726,87.312,-84.500,60.516,707.9,1,0.8164,-0.4131,0.2402,0.3243,26.1,41.3,0.0
809631,2026-08-30_09-22-33.633-240,v3.6.25,3.47,12.0,400,1387,-6966,-3188,1942,-6851,-2813,1335,-6936,-3036,1377,-7166,-2999,0,0,0,42,-230,37,236.7,1557.3,0.380,0.095,-1.105,43.359,-78.188,125.859,236.1,1,0.8074,-0.4163,0.2315,0.3480,29.6,41.6,0.0
809658,2026-08-30_09-22-33.659-240,v3.6.25,3.47,12.0,400,807,-6894,-3563,1354,-6741,-3350,752,-6849,-3409,694,-7069,-3423,0,0,0,-58,-220,-14,227.9,1499.7,0.699,0.019,-1.083,39.391,-68.578,107.797,228.8,1,0.7994,-0.4182,0.2238,0.3686,32.6,41.8,0.0
809686,2026-08-30_09-22-33.688-240,v3.6.25,3.47,12.0,400,807,-6894,-3563,1354,-6741,-3350,752,-6849,-3409,694,-7069,-3423,0,0,0,-58,-220,-14,227.9,1499.7,1.304,-0.049,-0.978,26.703,-41.641,82.906,228.8,1,0.7927,-0.4204,0.2191,0.3833,34.8,42.0,0.0
809716,2026-08-30_09-22-33.718-240,v3.6.25,3.47,12.0,400,410,-6769,-3869,994,-6589,-3759,353,-6713,-3715,261,-6927,-3762,0,0,0,-92,-214,-47,237.6,1563.4,1.205,-0.290,-0.968,18.906,5.812,70.922,236.9,1,0.7853,-0.4253,0.2203,0.3923,35.8,42.8,0.0
809746,2026-08-30_09-22-33.748-240,v3.6.25,3.47,12.0,400,218,-6790,-3805,994,-6589,-3759,160,-6733,-3651,261,-6927,-3762,0,0,0,101,-194,-111,245.3,1613.6,1.118,-0.076,-1.001,2.906,44.141,59.438,243.3,1,0.7778,-0.4332,0.2255,0.3957,35.7,43.9,0.0
809791,2026-08-30_09-22-33.793-240,v3.6.25,3.47,12.0,400,218,-6790,-3805,819,-6648,-3647,160,-6733,-3651,106,-6985,-3623,0,0,0,-54,-252,28,259.2,1705.5,0.739,-0.081,-1.092,-30.141,93.781,51.234,255.0,1,0.7696,-0.4471,0.2342,0.3911,33.9,45.2,0.0
809820,2026-08-30_09-22-33.821-240,v3.6.25,3.47,12.0,400,270,-7015,-3319,837,-6953,-2967,214,-6969,-3166,247,-7277,-2961,0,0,0,33,-308,205,371.5,2443.8,0.587,0.150,-1.082,-57.891,112.656,56.797,349.2,1,0.7603,-0.4654,0.2426,0.3828,31.1,46.5,0.0
810037,2026-08-30_09-22-33.038-240,v3.6.25,3.47,12.0,400,2280,-7271,-195,2036,-7348,161,2234,-7311,-60,1989,-7613,-111,0,0,0,-245,-302,-51,392.2,2580.3,0.310,0.404,-0.350,-58.578,-26.375,-46.734,366.6,1,0.7672,-0.4646,0.2344,0.3751,30.4,45.1,0.0
810066,2026-08-30_09-22-33.068-240,v3.6.25,3.47,12.0,400,2719,-7123,-398,2575,-7167,235,2673,-7164,-263,2538,-7428,-130,0,0,0,-135,-264,133,325.0,2138.0,0.230,0.219,-0.571,-47.859,-66.438,-37.031,310.2,1,0.7743,-0.4611,0.2215,0.3725,30.8,43.4,0.0
810104,2026-08-30_09-22-33.106-240,v3.6.25,3.47,12.0,400,2719,-7123,-398,2919,-7012,-415,2673,-7164,-263,2768,-7283,-823,0,0,0,95,-119,-560,580.3,3818.0,0.234,0.049,-0.786,-10.719,-115.844,-51.828,524.5,1,0.7841,-0.4492,0.2057,0.3757,32.6,41.3,0.0
810155,2026-08-30_09-22-34.157-240,v3.6.25,3.47,12.0,400,2898,-7017,-1110,2919,-7012,-415,2852,-7046,-971,2768,-7283,-823,0,0,0,-84,-237,148,291.8,1919.5,0.822,0.302,-0.776,70.094,-121.656,-91.750,282.3,1,0.7962,-0.4241,0.1979,0.3834,35.2,39.8,0.0
810212,2026-08-30_09-22-34.213-240,v3.6.25,3.47,12.0,400,2766,-6838,-2207,3013,-6806,-1593,2718,-6844,-2063,2657,-7096,-1989,0,0,0,-61,-252,74,269.6,1773.9,1.921,0.487,-0.856,97.656,-39.906,-52.484,263.7,1,0.8006,-0.4054,0.2032,0.3916,37.1,40.0,0.0
810271,2026-08-30_09-22-34.273-240,v3.6.25,3.47,12.0,400,1861,-6917,-2955,2675,-6670,-2612,1810,-6897,-2805,2141,-6979,-2927,0,0,0,331,-82,-122,362.2,2382.7,1.146,0.510,-1.035,27.531,60.453,78.938,341.4,1,0.7903,-0.4141,0.2126,0.3985,37.5,41.8,0.0
810316,2026-08-30_09-22-34.318-240,v3.6.25,3.47,12.0,400,1861,-6917,-2955,2241,-6837,-2483,1810,-6897,-2805,1732,-7145,-2727,0,0,0,-78,-248,78,271.4,1785.7,0.955,-0.267,-0.900,63.344,101.656,59.391,265.2,1,0.7791,-0.4200,0.2313,0.4037,37.5,44.4,0.0
810565,2026-08-30_09-22-34.566-240,v3.6.25,3.47,12.0,400,482,-7507,1261,313,-7530,1198,432,-7553,1388,445,-7788,1193,0,0,0,13,-235,-195,305.6,2010.8,0.520,0.138,-0.165,-90.234,46.375,98.234,294.0,1,0.7696,-0.4413,0.2266,0.4021,36.1,44.7,0.0
810591,2026-08-30_09-22-34.593-240,v3.6.25,3.47,12.0,400,323,-7402,1659,9,-7445,1711,271,-7454,1782,226,-7697,1745,0,0,0,-45,-243,-37,249.9,1644.0,0.911,-0.067,-0.100,-118.891,43.688,72.719,247.2,1,0.7630,-0.4625,0.2188,0.3951,34.1,44.4,0.0
810631,2026-08-30_09-22-34.632-240,v3.6.25,3.47,12.0,400,323,-7402,1659,37,-7370,2084,271,-7454,1782,316,-7617,2104,0,0,0,45,-163,322,363.7,2392.8,1.495,0.055,-0.222,-161.484,61.141,34.172,342.7,1,0.7600,-0.4852,0.2096,0.3784,30.7,43.3,0.0
810681,2026-08-30_09-22-34.683-240,v3.6.25,3.47,12.0,400,497,-7310,1975,37,-7370,2084,445,-7370,2095,316,-7617,2104,0,0,0,-129,-247,9,278.8,1834.2,1.774,0.268,-0.345,-243.344,101.844,73.875,271.4,1,0.7513,-0.5216,0.1961,0.3536,25.9,41.6,0.0
810708,2026-08-30_09-22-34.711-240,v3.6.25,3.47,12.0,400,1020,-7064,2565,504,-7134,2762,968,-7141,2678,894,-7369,2686,0,0,0,-74,-228,8,239.8,1577.9,1.497,-0.394,-0.481,-264.984,112.516,88.562,238.7,1,0.7390,-0.5610,0.1810,0.3262,21.1,39.3,0.0
810801,2026-08-30_09-22-34.803-240,v3.6.25,3.47,12.0,400,1947,-6210,3848,850,-6665,3776,1892,-6320,3942,1403,-6885,3616,0,0,0,-489,-565,-326,815.2,5363.4,0.349,-0.666,-0.335,-112.688,17.125,-75.984,721.6,1,0.7469,-0.5649,0.1701,0.3067,19.4,36.9,0.0
810840,2026-08-30_09-22-34.843-240,v3.6.25,3.47,12.0,400,1947,-6210,3848,1324,-6249,4270,1892,-6320,3942,1953,-6461,4017,0,0,0,61,-141,75,171.0,1124.7,0.344,0.092,-0.067,-59.734,-32.359,-110.156,180.9,1,0.7600,-0.5570,0.1591,0.2945,19.2,34.7,0.0
810915,2026-08-30_09-22-34.916-240,v3.6.25,3.47,12.0,400,3264,-6062,3058,2190,-6159,3967,3212,-6172,3156,2766,-6371,3575,0,0,0,-446,-199,419,643.5,4233.5,1.269,-0.026,0.365,30.688,-7.719,-83.469,577.5,1,0.7697,-0.5446,0.1614,0.2914,19.3,34.5,0.0
810950,2026-08-30_09-22-34.952-240,v3.6.25,3.47,12.0,400,3264,-6062,3058,2817,-6173,3537,3212,-6172,3156,3321,-6388,3049,0,0,0,109,-216,-107,264.5,1740.5,1.751,0.297,0.016,80.812,33.594,-76.734,259.5,1,0.7774,-0.5302,0.1747,0.2899,19.0,35.4,0.0
810979,2026-08-30_09-22-34.980-240,v3.6.25,3.47,12.0,400,3572,-6027,2772,2817,-6173,3537,3520,-6135,2872,3321,-6388,3049,0,0,0,-199,-253,177,367.3,2416.7,1.632,0.425,-0.396,97.500,78.125,-61.359,345.7,1,0.7817,-0.5178,0.1956,0.2873,18.0,37.1,0.0
811032,2026-08-30_09-22-34.033-240,v3.6.25,3.47,12.0,400,3799,-5866,2917,3132,-6064,3476,3747,-5980,3014,3624,-6278,2936,0,0,0,-123,-298,-78,331.7,2182.2,1.574,-0.042,-0.423,154.125,132.141,-77.391,315.8,1,0.7851,-0.5006,0.2294,0.2836,16.4,40.1,0.0
811057,2026-08-30_09-22-34.059-240,v3.6.25,3.47,12.0,400,3987,-5524,3297,3273,-5790,3857,3933,-5646,3387,3824,-6000,3283,0,0,0,-109,-354,-104,384.7,2531.1,1.307,0.149,-0.418,187.766,152.234,-89.922,360.3,1,0.7876,-0.4787,0.2689,0.2797,14.7,43.7,0.0
811105,2026-08-30_09-22-34.106-240,v3.6.25,3.47,12.0,400,3987,-5524,3297,3479,-5336,4303,3933,-5646,3387,4096,-5540,3682,0,0,0,163,106,295,353.3,2324.4,0.658,0.803,-0.006,214.016,154.781,-80.062,334.0,1,0.7870,-0.4539,0.3112,0.2788,13.5,48.0,0.0
811149,2026-08-30_09-22-35.150-240,v3.6.25,3.47,12.0,400,4258,-5101,3598,3479,-5336,4303,4201,-5231,3681,4096,-5540,3682,0,0,0,-105,-309,1,326.4,2147.1,0.493,1.142,0.037,162.703,131.875,6.766,311.3,1,0.7782,-0.4410,0.3448,0.2847,13.0,52.0,0.0
811175,2026-08-30_09-22-35.178-240,v3.6.25,3.47,12.0,400,4367,-4758,4021,3603,-4920,4737,4308,-4896,4097,4285,-5120,4084,0,0,0,-23,-224,-13,225.6,1483.9,0.194,1.016,-0.073,114.125,92.734,78.922,226.7,1,0.7643,-0.4379,0.3681,0.2977,13.5,55.4,0.0
811221,2026-08-30_09-22-35.223-240,v3.6.25,3.47,12.0,400,3868,-4672,4638,3021,-4819,5278,3807,-4815,4709,3792,-5014,4711,0,0,0,-15,-199,2,199.6,1313.0,0.485,0.446,0.184,42.859,31.328,125.969,204.9,1,0.7502,-0.4438,0.3757,0.3149,15.0,57.5,0.0
811266,2026-08-30_09-22-35.268-240,v3.6.25,3.47,12.0,400,3132,-4746,5044,3021,-4819,5278,3069,-4888,5113,3792,-5014,4711,0,0,0,723,-126,-402,836.8,5505.2,1.169,0.471,0.504,-14.609,14.547,69.438,739.7,1,0.7428,-0.4512,0.3759,0.3217,15.2,58.1,0.0
811326,2026-08-30_09-22-35.328-240,v3.6.25,3.47,12.0,400,2853,-4603,5303,2132,-4909,5598,2788,-4746,5368,2959,-5104,5174,0,0,0,171,-358,-194,441.6,2905.5,1.925,0.597,0.598,-134.953,64.250,7.094,408.1,1,0.7389,-0.4709,0.3713,0.3072,11.0,56.9,0.0
811367,2026-08-30_09-22-35.369-240,v3.6.25,3.47,12.0,400,2853,-4603,5303,1837,-4671,5915,2788,-4746,5368,2712,-4865,5533,0,0,0,-76,-119,165,217.2,1428.7,1.661,0.565,0.385,-210.188,100.266,-6.312,219.7,1,0.7337,-0.5000,0.3636,0.2819,5.0,54.6,0.0
811496,2026-08-30_09-22-35.497-240,v3.6.25,3.47,12.0,400,3150,-2404,6498,1995,-2851,6968,3068,-2566,6530,3010,-3039,6530,0,0,0,-58,-473,0,476.5,3135.1,0.253,-0.663,0.239,-147.312,-31.188,-128.938,437.4,1,0.7481,-0.5055,0.3442,0.2577,3.4,50.9,0.0
811526,2026-08-30_09-22-35.528-240,v3.6.25,3.47,12.0,400,3150,-2404,6498,2133,-2423,7041,3068,-2566,6530,3151,-2612,6577,0,0,0,83,-46,47,105.9,696.7,0.254,0.153,0.410,-85.203,-65.484,-177.750,126.3,1,0.7687,-0.4966,0.3265,0.2361,3.3,47.4,0.0
811560,2026-08-30_09-22-35.561-240,v3.6.25,3.47,12.0,400,3653,-2316,6203,2133,-2423,7041,3572,-2479,6236,3151,-2612,6577,0,0,0,-421,-133,341,557.9,3670.2,0.461,0.801,0.765,-94.109,-81.156,-106.625,505.6,1,0.7826,-0.4939,0.3062,0.2232,3.8,44.4,0.0
811630,2026-08-30_09-22-35.633-240,v3.6.25,3.47,12.0,400,4394,-2486,5666,3398,-2779,6402,4317,-2648,5705,4316,-2968,5739,0,0,0,-1,-320,34,321.8,2117.1,1.575,-0.107,0.777,-56.516,-5.688,26.219,307.5,1,0.7801,-0.5019,0.3004,0.2221,3.6,43.8,0.0
811674,2026-08-30_09-22-35.676-240,v3.6.25,3.47,12.0,400,4409,-2619,5693,3398,-2779,6402,4333,-2782,5733,4316,-2968,5739,0,0,0,-17,-186,6,186.9,1229.4,1.377,-0.167,0.300,30.875,64.000,25.188,194.3,1,0.7749,-0.5025,0.3123,0.2227,2.5,45.1,0.0
811702,2026-08-30_09-22-35.704-240,v3.6.25,3.47,12.0,400,4248,-2442,5862,3193,-2652,6585,4170,-2606,5899,4140,-2840,5952,0,0,0,-30,-234,53,241.8,1590.8,1.377,-0.045,0.391,79.359,104.500,1.812,240.4,1,0.7698,-0.4968,0.3341,0.2213,0.7,47.2,0.0
811734,2026-08-30_09-22-35.735-240,v3.6.25,3.47,12.0,400,4248,-2442,5862,3193,-2652,6585,4170,-2606,5899,4140,-2840,5952,0,0,0,-30,-234,53,241.8,1590.8,1.217,0.021,0.169,132.219,146.750,-40.641,240.4,1,0.7662,-0.4824,0.3657,0.2156,358.0,50.2,0.0
811765,2026-08-30_09-22-35.767-240,v3.6.25,3.47,12.0,400,4291,-1879,6014,3286,-2053,6715,4209,-2044,6043,4242,-2243,6062,0,0,0,33,-199,19,202.6,1333.0,1.315,0.542,0.559,156.688,186.219,-55.031,207.5,1,0.7603,-0.4645,0.4044,0.2067,354.0,53.8,0.0
811907,2026-08-30_09-22-35.908-240,v3.6.25,3.47,12.0,400,4423,1108,6319,3794,428,6865,4317,945,6311,4721,226,6117,0,0,0,404,-719,-194,847.2,5573.9,-0.253,-0.382,0.769,82.000,91.703,152.984,748.5,1,0.7403,-0.4691,0.4251,0.2263,353.2,57.3,0.0
811946,2026-08-30_09-22-35.948-240,v3.6.25,3.47,12.0,400,4423,1108,6319,3145,1134,7123,4317,945,6311,4099,927,6477,0,0,0,-218,-18,166,274.6,1806.6,0.068,-0.146,0.706,109.047,30.094,85.422,267.9,1,0.7309,-0.4618,0.4394,0.2437,354.3,60.2,0.0
811975,2026-08-30_09-22-35.977-240,v3.6.25,3.47,12.0,400,4048,1307,6494,2912,1146,7186,3939,1146,6483,3876,939,6578,0,0,0,-63,-207,95,236.3,1554.7,0.210,0.204,0.924,96.656,10.109,28.609,235.8,1,0.7278,-0.4509,0.4498,0.2543,355.7,62.1,0.0
812027,2026-08-30_09-22-35.028-240,v3.6.25,3.47,12.0,400,4138,1173,6436,2912,1146,7186,4030,1011,6427,3876,939,6578,0,0,0,-154,-72,151,227.4,1495.9,0.634,0.696,1.429,15.094,20.453,-12.797,228.3,1,0.7275,-0.4481,0.4540,0.2528,355.1,62.5,0.0
812056,2026-08-30_09-22-35.058-240,v3.6.25,3.47,12.0,400,4279,1267,6346,3127,1051,7092,4171,1105,6336,4078,844,6450,0,0,0,-93,-261,114,299.6,1971.1,0.859,0.649,1.347,-53.016,46.953,-13.844,288.9,1,0.7250,-0.4554,0.4553,0.2442,352.6,62.0,0.0
812104,2026-08-30_09-22-35.106-240,v3.6.25,3.47,12.0,400,4279,1267,6346,3081,1491,7043,4171,1105,6336,4014,1280,6409,0,0,0,-157,175,73,246.2,1619.6,0.774,0.149,1.057,-126.219,96.109,-52.234,244.1,1,0.7216,-0.4716,0.4559,0.2213,347.2,60.1,0.0
812142,2026-08-30_09-22-36.144-240,v3.6.25,3.47,12.0,400,4116,1866,6332,3081,1491,7043,4003,1709,6315,4014,1280,6409,0,0,0,11,-429,94,439.3,2890.2,0.586,0.062,1.096,-148.172,121.250,-106.375,406.1,1,0.7202,-0.4875,0.4567,0.1874,341.1,57.2,0.0
812207,2026-08-30_09-22-36.208-240,v3.6.25,3.47,12.0,400,3861,2946,6091,2862,2615,6803,3738,2800,6064,3728,2391,6210,0,0,0,-10,-409,146,434.4,2857.8,0.382,0.207,0.503,-175.703,91.281,-155.703,402.0,1,0.7240,-0.5017,0.4500,0.1474,336.7,53.1,0.0
812262,2026-08-30_09-22-36.264-240,v3.6.25,3.47,12.0,400,3522,4073,5661,2620,3945,6257,3389,3944,5623,3363,3702,5715,0,0,0,-26,-242,92,260.2,1711.8,-0.238,-0.029,0.866,-182.203,15.188,-111.297,255.8,1,0.7284,-0.5171,0.4333,0.1194,335.3,49.0,0.0
812317,2026-08-30_09-22-36.319-240,v3.6.25,3.47,12.0,400,2298,4909,5692,2036,4812,5895,2154,4797,5644,2698,4554,5459,0,0,0,544,-243,-185,623.9,4104.4,-0.244,-0.411,1.260,-145.641,-41.391,-50.734,561.0,1,0.7321,-0.5305,0.4138,0.1068,336.0,46.0,0.0
812366,2026-08-30_09-22-36.368-240,v3.6.25,3.47,12.0,400,2298,4909,5692,1329,4936,6057,2154,4797,5644,2015,4675,5736,0,0,0,-139,-122,92,206.6,1359.0,0.045,-0.814,1.284,-53.406,-51.016,-59.609,210.8,1,0.7398,-0.5311,0.4006,0.1006,337.2,44.4,0.0
812395,2026-08-30_09-22-36.396-240,v3.6.25,3.47,12.0,400,1853,4677,6006,885,4617,6362,1709,4564,5959,1629,4361,6110,0,0,0,-80,-203,151,265.3,1745.7,0.067,-0.570,1.303,26.203,-43.672,-88.266,260.1,1,0.7518,-0.5195,0.3946,0.0962,338.4,43.9,0.0
812438,2026-08-30_09-22-36.440-240,v3.6.25,3.47,12.0,400,2080,4430,6073,885,4617,6362,1939,4312,6028,1629,4361,6110,0,0,0,-310,49,82,324.4,2134.1,0.432,-0.098,1.246,120.969,-9.578,-114.875,309.7,1,0.7662,-0.4940,0.4003,0.0928,339.1,44.8,0.0
812470,2026-08-30_09-22-36.473-240,v3.6.25,3.47,12.0,400,2080,4430,6073,1354,4382,6398,1939,4312,6028,2110,4131,6066,0,0,0,171,-181,38,251.9,1657.1,0.400,0.394,0.822,157.750,30.406,-127.125,248.8,1,0.7790,-0.4630,0.4137,0.0873,339.0,46.5,0.0
812611,2026-08-30_09-22-36.612-240,v3.6.25,3.47,12.0,400,4062,5176,4188,3302,4991,5122,3921,5072,4148,3830,4727,4489,0,0,0,-91,-345,341,493.5,3247.0,-0.198,0.624,1.268,-48.266,136.125,159.078,451.7,1,0.7552,-0.4832,0.4330,0.0939,335.5,48.1,0.0
812641,2026-08-30_09-22-36.643-240,v3.6.25,3.47,12.0,400,3755,5662,3892,3245,5580,4600,3609,5569,3848,3670,5304,3988,0,0,0,61,-265,140,305.9,2012.2,-0.265,0.022,0.980,-46.172,122.891,183.609,294.1,1,0.7293,-0.5041,0.4506,0.1049,332.2,49.7,0.0
812680,2026-08-30_09-22-36.681-240,v3.6.25,3.47,12.0,400,3755,5662,3892,2905,6014,4270,3609,5569,3848,3264,5728,3723,0,0,0,-345,159,-125,399.9,2631.0,-0.601,-0.651,0.958,-4.578,81.656,160.391,373.1,1,0.7087,-0.5169,0.4651,0.1195,330.0,51.5,0.0
812725,2026-08-30_09-22-36.727-240,v3.6.25,3.47,12.0,400,3407,5947,3709,2905,6014,4270,3258,5863,3663,3264,5728,3723,0,0,0,6,-135,60,147.9,972.7,-0.525,-0.906,1.015,54.531,18.453,75.016,161.5,1,0.7021,-0.5147,0.4740,0.1321,329.6,53.3,0.0
812753,2026-08-30_09-22-36.755-240,v3.6.25,3.47,12.0,400,3508,5947,3596,2947,6081,4176,3359,5864,3551,3289,5793,3624,0,0,0,-70,-71,73,123.6,813.0,-0.199,-0.634,1.242,77.312,-11.328,20.000,141.2,1,0.7035,-0.5047,0.4800,0.1414,330.2,54.9,0.0
812786,2026-08-30_09-22-36.787-240,v3.6.25,3.47,12.0,400,3508,5947,3596,2947,6081,4176,3359,5864,3551,3289,5793,3624,0,0,0,-70,-71,73,123.6,813.0,-0.022,-0.151,1.171,71.719,-38.750,-23.938,141.2,1,0.7107,-0.4918,0.4812,0.1469,331.8,55.9,0.0
812816,2026-08-30_09-22-36.818-240,v3.6.25,3.47,12.0,400,3908,5724,3623,3348,5805,4201,3762,5635,3580,3700,5522,3581,0,0,0,-62,-113,1,128.9,848.0,-0.124,0.086,1.036,40.141,-54.391,-44.484,145.6,1,0.7201,-0.4812,0.4772,0.1489,333.9,56.2,0.0
812864,2026-08-30_09-22-36.865-240,v3.6.25,3.47,12.0,400,4184,5487,3649,3641,5540,4377,4041,5393,3609,4030,5263,3703,0,0,0,-11,-130,94,160.8,1057.9,-0.151,0.097,0.947,-24.172,-77.078,-89.891,172.4,1,0.7338,-0.4755,0.4639,0.1424,336.3,54.7,0.0
812902,2026-08-30_09-22-36.904-240,v3.6.25,3.47,12.0,400,4202,5336,3849,3641,5540,4377,4060,5238,3809,4030,5263,3703,0,0,0,-30,25,-106,113.0,743.2,-0.075,0.264,0.865,-55.906,-78.938,-142.734,132.3,1,0.7510,-0.4699,0.4464,0.1265,338.1,52.1,0.0
812946,2026-08-30_09-22-36.948-240,v3.6.25,3.47,12.0,400,4202,5336,3849,3623,5394,4584,4060,5238,3809,4050,5121,3909,0,0,0,-10,-117,100,154.2,1014.7,0.137,0.587,0.886,-82.719,-73.797,-197.844,166.9,1,0.7708,-0.4633,0.4256,0.1007,338.8,48.5,0.0
812974,2026-08-30_09-22-36.975-240,v3.6.25,3.47,12.0,400,4109,5353,3954,3410,5463,4630,3967,5254,3913,3843,5189,3990,0,0,0,-124,-65,77,159.8,1051.2,0.103,0.837,0.954,-105.656,-68.062,-208.594,171.5,1,0.7891,-0.4582,0.4029,0.0710,338.9,44.5,0.0
813022,2026-08-30_09-22-36.023-240,v3.6.25,3.47,12.0,400,3835,5514,4052,3410,5463,4630,3691,5417,4009,3843,5189,3990,0,0,0,152,-228,-19,274.7,1807.1,0.199,0.746,1.362,-173.094,-51.438,-114.531,268.0,1,0.7961,-0.4692,0.3795,0.0464,338.3,40.4,0.0
813048,2026-08-30_09-22-36.051-240,v3.6.25,3.47,12.0,400,3835,5514,4052,2937,5686,4748,3691,5417,4009,3385,5410,4184,0,0,0,-306,-7,175,352.6,2319.6,-0.026,0.208,1.257,-177.562,-37.531,-65.328,333.3,1,0.7973,-0.4846,0.3589,0.0265,337.6,36.7,0.0
813077,2026-08-30_09-22-36.079-240,v3.6.25,3.47,12.0,400,3214,5694,4374,2937,5686,4748,3066,5599,4326,3385,5410,4184,0,0,0,319,-189,-142,397.0,2612.1,-0.041,-0.229,1.163,-140.688,-23.750,-21.812,370.7,1,0.7952,-0.4989,0.3444,0.0141,337.2,34.2,0.0
813153,2026-08-30_09-22-37.154-240,v3.6.25,3.47,12.0,400,2514,5752,4695,1649,5810,5107,2363,5660,4644,2154,5530,4753,0,0,0,-209,-130,109,269.2,1771.0,0.208,-0.252,0.988,99.891,-5.703,8.281,263.4,1,0.7993,-0.4866,0.3517,0.0254,338.1,35.9,0.0
813196,2026-08-30_09-22-37.197-240,v3.6.25,3.47,12.0,400,2502,5690,4694,1649,5810,5107,2352,5598,4644,2154,5530,4753,0,0,0,-198,-68,109,236.0,1552.8,0.616,0.364,1.110,185.391,12.141,62.297,235.5,1,0.8009,-0.4683,0.3699,0.0493,339.7,39.7,0.0
813222,2026-08-30_09-22-37.224-240,v3.6.25,3.47,12.0,400,3220,5514,4432,2327,5609,5022,3074,5417,4386,2822,5334,4555,0,0,0,-252,-83,169,314.6,2069.5,0.483,0.468,1.302,185.828,20.953,118.391,301.4,1,0.7966,-0.4544,0.3907,0.0796,341.5,44.0,0.0
813315,2026-08-30_09-22-37.316-240,v3.6.25,3.47,12.0,400,4018,5144,4267,3266,5247,4940,3877,5039,4227,3757,4979,4317,0,0,0,-120,-60,90,161.6,1062.9,-0.233,0.095,1.806,122.281,-43.281,121.500,173.0,1,0.7935,-0.4474,0.3975,0.1101,344.7,46.8,0.0
813345,2026-08-30_09-22-37.347-240,v3.6.25,3.47,12.0,400,4630,4539,4403,3859,4546,5177,4496,4422,4369,4407,4290,4449,0,0,0,-89,-132,80,178.2,1172.2,-0.222,0.128,1.401,86.203,-78.141,82.906,187.0,1,0.7943,-0.4408,0.3955,0.1352,348.4,48.4,0.0
813374,2026-08-30_09-22-37.375-240,v3.6.25,3.47,12.0,400,4922,3824,4736,3859,4546,5177,4795,3694,4708,4407,4290,4449,0,0,0,-388,596,-259,756.9,4979.4,-0.293,0.376,0.578,29.953,-120.000,59.750,672.6,1,0.7982,-0.4383,0.3828,0.1557,352.5,48.4,0.0
813544,2026-08-30_09-22-37.545-240,v3.6.25,3.47,12.0,400,4609,1159,6165,3660,1517,6798,4503,996,6158,4551,1305,6072,0,0,0,48,309,-86,324.3,2133.7,1.321,-0.167,1.047,-81.406,-84.000,-91.812,309.6,1,0.8099,-0.4376,0.3631,0.1438,353.0,45.6,0.0
813575,2026-08-30_09-22-37.576-240,v3.6.25,3.47,12.0,400,4609,1159,6165,3507,861,6935,4503,996,6158,4436,655,6233,0,0,0,-67,-341,75,355.5,2339.0,1.219,0.353,1.193,-50.453,-42.578,-108.141,335.8,1,0.8204,-0.4321,0.3513,0.1295,352.8,43.5,0.0
813608,2026-08-30_09-22-37.610-240,v3.6.25,3.47,12.0,400,4740,905,6022,3507,861,6935,4637,743,6019,4436,655,6233,0,0,0,-201,-88,214,306.5,2016.4,0.984,0.784,1.080,-54.891,-10.484,-50.234,294.7,1,0.8241,-0.4332,0.3449,0.1195,352.1,42.2,0.0
813635,2026-08-30_09-22-37.636-240,v3.6.25,3.47,12.0,400,4930,1057,5893,3877,841,6757,4826,895,5889,4776,635,5997,0,0,0,-50,-260,108,285.9,1881.2,0.634,0.616,0.680,-57.828,-3.625,9.203,277.4,1,0.8227,-0.4403,0.3404,0.1162,351.7,41.5,0.0
813679,2026-08-30_09-22-37.680-240,v3.6.25,3.47,12.0,400,4930,1057,5893,3745,983,6847,4826,895,5889,4656,776,6107,0,0,0,-170,-119,218,301.0,1980.1,0.424,-0.269,0.356,-9.516,-23.500,69.641,290.0,1,0.8188,-0.4469,0.3375,0.1262,352.7,41.7,0.0
813722,2026-08-30_09-22-37.724-240,v3.6.25,3.47,12.0,400,4690,1043,6131,3745,983,6847,4585,880,6125,4656,776,6107,0,0,0,71,-104,-18,127.2,836.9,0.581,-0.390,0.483,118.578,-42.734,16.406,144.2,1,0.8225,-0.4323,0.3408,0.1433,355.4,43.2,0.0
813749,2026-08-30_09-22-37.750-240,v3.6.25,3.47,12.0,400,4642,589,6121,3504,574,6940,4541,425,6121,4440,370,6239,0,0,0,-101,-55,118,164.8,1084.0,0.813,-0.152,0.819,179.828,-36.672,0.875,175.7,1,0.8273,-0.4083,0.3493,0.1637,358.8,45.4,0.0
813787,2026-08-30_09-22-37.789-240,v3.6.25,3.47,12.0,400,4642,589,6121,3978,-108,6663,4541,425,6121,4882,-308,5890,0,0,0,341,-733,-231,840.8,5531.5,1.338,0.034,1.166,238.016,-2.266,0.969,743.1,1,0.8295,-0.3775,0.3668,0.1870,2.9,48.6,0.0
813841,2026-08-30_09-22-37.843-240,v3.6.25,3.47,12.0,400,5070,-52,5737,3978,-108,6663,4975,-215,5747,4882,-308,5890,0,0,0,-93,-93,143,194.3,1278.2,0.940,0.776,0.719,227.734,44.156,63.359,200.5,1,0.8225,-0.3545,0.3900,0.2140,7.1,52.5,0.0
813891,2026-08-30_09-22-37.893-240,v3.6.25,3.47,12.0,400,5458,-540,5351,4510,-687,6297,5369,-702,5369,5366,-885,5444,0,0,0,-3,-183,75,197.8,1301.3,0.515,1.125,0.735,141.375,20.047,131.703,203.4,1,0.8109,-0.3475,0.4030,0.2435,11.7,55.4,0.0
813919,2026-08-30_09-22-37.921-240,v3.6.25,3.47,12.0,400,5410,-975,5441,4358,-1179,6381,5324,-1140,5464,5239,-1373,5553,0,0,0,-85,-233,89,263.5,1733.6,0.113,0.882,0.697,58.406,-21.047,173.469,258.6,1,0.7986,-0.3530,0.4035,0.2735,16.2,56.9,0.0
813957,2026-08-30_09-22-37.959-240,v3.6.25,3.47,12.0,400,4769,-1524,5888,4358,-1179,6381,4685,-1692,5914,5239,-1373,5553,0,0,0,554,319,-361,734.2,4830.0,0.219,-0.316,0.596,-2.031,-81.688,126.469,653.6,1,0.7943,-0.3598,0.3902,0.2956,19.9,56.4,0.0
814130,2026-08-30_09-22-38.131-240,v3.6.25,3.47,12.0,400,4380,-3893,4741,3263,-3722,5852,4314,-4042,4802,4108,-3914,5227,0,0,0,-206,128,425,489.3,3219.3,1.051,0.468,-0.142,-153.922,-150.797,-42.031,448.1,1,0.8095,-0.3672,0.3573,0.2868,19.2,52.1,0.0
814156,2026-08-30_09-22-38.157-240,v3.6.25,3.47,12.0,400,4617,-4324,4083,3650,-4361,5142,4555,-4465,4154,4389,-4558,4470,0,0,0,-166,-93,316,368.9,2426.7,1.193,0.355,-0.047,-162.922,-131.188,-40.609,347.0,1,0.8223,-0.3762,0.3259,0.2757,18.1,48.0,0.0
814203,2026-08-30_09-22-38.204-240,v3.6.25,3.47,12.0,400,4617,-4324,4083,4070,-4563,4607,4555,-4465,4154,4723,-4764,3877,0,0,0,168,-299,-277,440.9,2900.4,1.422,0.142,0.469,-150.859,-68.906,-64.906,407.4,1,0.8325,-0.3840,0.3043,0.2585,16.1,44.8,0.0
814251,2026-08-30_09-22-38.253-240,v3.6.25,3.47,12.0,400,4950,-4394,3635,4070,-4563,4607,4890,-4530,3710,4723,-4764,3877,0,0,0,-167,-234,167,332.5,2187.3,1.351,0.334,0.057,-81.297,-0.688,-132.250,316.5,1,0.8435,-0.3796,0.2983,0.2353,13.5,43.0,0.0
814279,2026-08-30_09-22-38.281-240,v3.6.25,3.47,12.0,400,5514,-4018,3209,4706,-4240,4254,5453,-4152,3282,5292,-4445,3424,0,0,0,-161,-293,142,363.2,2389.7,1.209,0.872,-0.050,-76.422,29.375,-121.562,342.3,1,0.8515,-0.3766,0.2971,0.2118,10.6,41.7,0.0
814312,2026-08-30_09-22-38.313-240,v3.6.25,3.47,12.0,400,5514,-4018,3209,4706,-4240,4254,5453,-4152,3282,5292,-4445,3424,0,0,0,-161,-293,142,363.2,2389.7,1.141,1.024,-0.158,-87.938,56.375,-77.531,342.3,1,0.8543,-0.3802,0.2989,0.1905,7.5,41.0,0.0
814338,2026-08-30_09-22-38.340-240,v3.6.25,3.47,12.0,400,6137,-3358,2918,5484,-3515,4014,6072,-3492,2986,6014,-3724,3057,0,0,0,-58,-232,71,249.5,1641.2,1.039,0.871,-0.091,-82.812,74.266,-37.484,246.8,1,0.8528,-0.3879,0.3038,0.1732,4.5,40.7,0.0
814366,2026-08-30_09-22-38.368-240,v3.6.25,3.47,12.0,400,6137,-3358,2918,5484,-3515,4014,6072,-3492,2986,6014,-3724,3057,0,0,0,-58,-232,71,249.5,1641.2,0.905,0.762,0.202,-60.484,87.594,11.438,246.8,1,0.8469,-0.3980,0.3127,0.1631,2.1,41.3,0.0
814426,2026-08-30_09-22-38.428-240,v3.6.25,3.45,12.0,400,6354,-2239,3685,5810,-2713,4278,6281,-2386,3735,6368,-2921,3257,0,0,0,87,-535,-478,722.7,4754.5,0.732,0.369,0.568,68.688,83.250,104.531,644.0,1,0.8351,-0.4016,0.3313,0.1777,2.5,44.1,0.0
814471,2026-08-30_09-22-38.473-240,v3.6.25,3.45,12.0,400,6354,-2239,3685,5578,-2371,4901,6281,-2386,3735,6234,-2573,3904,0,0,0,-47,-187,169,256.4,1686.8,0.965,0.105,0.616,174.531,62.469,90.719,252.6,1,0.8257,-0.3898,0.3542,0.2020,4.9,47.9,0.0
814500,2026-08-30_09-22-38.501-240,v3.6.25,3.45,12.0,400,5996,-2410,4137,5074,-2668,5218,5923,-2562,4185,5790,-2866,4299,0,0,0,-133,-304,114,350.9,2308.3,0.921,0.578,0.591,217.969,45.359,85.344,331.9,1,0.8165,-0.3708,0.3777,0.2307,9.0,52.0,0.0
814545,2026-08-30_09-22-38.547-240,v3.6.25,3.45,12.0,400,5588,-2953,4311,5074,-2668,5218,5519,-3105,4365,5790,-2866,4299,0,0,0,271,239,-66,367.3,2416.5,1.130,1.168,0.546,186.125,4.734,135.078,345.7,1,0.8048,-0.3582,0.3921,0.2651,14.8,55.2,0.0
814573,2026-08-30_09-22-38.574-240,v3.6.25,3.45,12.0,400,5588,-2953,4311,4528,-3368,5340,5519,-3105,4365,5280,-3563,4513,0,0,0,-239,-458,148,537.4,3535.5,0.974,0.936,0.450,132.781,-24.703,177.625,488.4,1,0.7909,-0.3542,0.3973,0.3019,21.3,57.4,0.0
814601,2026-08-30_09-22-38.603-240,v3.6.25,3.45,12.0,400,4875,-3666,4641,4528,-3368,5340,4809,-3818,4700,5280,-3563,4513,0,0,0,471,255,-187,567.3,3732.3,0.845,0.585,0.607,78.594,-59.328,193.906,513.6,1,0.7778,-0.3562,0.3925,0.3378,27.9,58.3,0.0
814774,2026-08-30_09-22-38.775-240,v3.6.25,3.45,12.0,400,2053,-6014,4114,1321,-5931,4665,1996,-6129,4204,2010,-6139,4403,0,0,0,14,-10,199,199.7,1314.1,1.161,0.406,-0.685,-155.031,-136.781,60.859,205.1,1,0.7846,-0.3721,0.3597,0.3414,27.8,54.9,0.0
814836,2026-08-30_09-22-38.837-240,v3.6.25,3.45,12.0,400,1837,-6529,3304,1145,-6579,3742,1784,-6628,3405,1691,-6798,3533,0,0,0,-93,-170,128,232.2,1527.9,1.900,0.506,-0.095,-241.500,-72.781,78.750,232.3,1,0.7862,-0.4031,0.3273,0.3350,25.1,51.7,0.0
814863,2026-08-30_09-22-38.865-240,v3.6.25,3.45,12.0,400,1793,-6813,2781,1227,-6915,3106,1742,-6902,2889,1672,-7141,2899,0,0,0,-70,-239,10,249.2,1639.7,1.772,-0.454,-0.116,-262.531,-34.391,109.812,246.6,1,0.7815,-0.4409,0.2968,0.3268,22.2,48.8,0.0
814891,2026-08-30_09-22-38.893-240,v3.6.25,3.45,12.0,400,1793,-6813,2781,1227,-6915,3106,1742,-6902,2889,1672,-7141,2899,0,0,0,-70,-239,10,249.2,1639.7,1.024,-0.917,-0.480,-179.125,-11.906,39.203,246.6,1,0.7801,-0.4636,0.2774,0.3157,20.0,46.5,0.0
814919,2026-08-30_09-22-38.920-240,v3.6.25,3.45,12.0,400,1988,-6798,2631,1484,-6875,3026,1937,-6887,2740,1915,-7101,2777,0,0,0,-22,-214,37,218.3,1436.1,0.422,-0.811,-0.716,-77.859,-14.734,-42.641,220.6,1,0.7853,-0.4675,0.2679,0.3049,18.8,44.9,0.0
814952,2026-08-30_09-22-38.954-240,v3.6.25,3.45,12.0,400,2355,-6724,2457,1484,-6875,3026,2305,-6814,2567,1915,-7101,2777,0,0,0,-390,-287,210,527.8,3472.3,0.478,-0.434,-0.412,25.484,-24.062,-115.953,480.4,1,0.7975,-0.4521,0.2675,0.2967,18.8,44.0,0.0
814996,2026-08-30_09-22-38.998-240,v3.6.25,3.45,12.0,400,2355,-6724,2457,2004,-6822,2845,2305,-6814,2567,2404,-7048,2512,0,0,0,99,-234,-55,260.0,1710.3,0.481,0.232,0.048,97.703,-22.984,-87.141,255.6,1,0.8061,-0.4307,0.2742,0.2990,20.1,44.4,0.0
