time_ms,timestamp,version,voltage,audio_gain,cc,refX_raw,refY_raw,refZ_raw,tipX_raw,tipY_raw,tipZ_raw,refX_cal,refY_cal,refZ_cal,tipX_cal,tipY_cal,tipZ_cal,calOffsetX,calOffsetY,calOffsetZ,gradX,gradY,gradZ,mag,nT,accX,accY,accZ,gyrX,gyrY,gyrZ,imu_temp,freq,is_muted,QW,QX,QY,QZ,Azimuth,Elevation,Declination
2928953,2026-09-11_09-12-26.953-240,v5.1.3,3.43,12.0,3200,17744,20155,56325,9619,17803,59113,14469.76,15456.15,45732.51,15473.66,15729.38,45909.04,0.00,0.00,0.00,1003.89,273.22,176.54,1055.28,1055.28,0.989,0.045,0.556,-4.609,-0.734,0.516,10822,172.1,0,-0.9489,-0.0229,0.0029,-0.3147,36.7,-1.1,0.0
2929062,2026-09-11_09-12-27.063-240,v5.1.3,3.43,12.0,3200,17795,20236,56336,9655,17906,59099,14511.40,15522.32,45740.78,15498.62,15813.55,45891.59,0.00,0.00,0.00,987.22,291.23,150.81,1040.27,1040.27,1.004,0.057,0.548,-3.391,-0.969,0.078,10822,170.2,0,-0.9485,-0.0271,0.0034,-0.3157,36.8,-1.4,0.0
2929168,2026-09-11_09-12-27.168-240,v5.1.3,3.43,12.0,3200,17792,20199,56382,9698,17845,59150,14509.17,15490.97,45778.56,15542.72,15765.50,45927.47,0.00,0.00,0.00,1033.55,274.52,148.91,1079.70,1079.70,1.007,0.060,0.533,-4.594,-1.109,0.359,10824,175.2,0,-0.9485,-0.0287,0.0071,-0.3153,36.7,-1.8,0.0
2929273,2026-09-11_09-12-27.274-240,v5.1.3,3.43,12.0,3200,17733,20211,56377,9625,17843,59140,14460.30,15501.56,45774.38,15481.28,15762.73,45929.42,0.00,0.00,0.00,1020.98,261.17,155.04,1065.20,1065.20,1.004,0.044,0.546,-4.062,-1.438,-0.062,10830,173.3,0,-0.9488,-0.0247,0.0067,-0.3150,36.7,-1.6,0.0
2929378,2026-09-11_09-12-27.379-240,v5.1.3,3.48,12.0,3200,17778,20201,56359,9604,17873,59124,14497.57,15493.18,45759.81,15460.97,15786.58,45919.05,0.00,0.00,0.00,963.40,293.41,159.24,1019.60,1019.60,1.006,0.061,0.546,-3.547,-1.000,0.438,10830,167.5,0,-0.9485,-0.0280,0.0053,-0.3155,36.8,-1.6,0.0
2929484,2026-09-11_09-12-27.484-240,v5.1.3,3.48,12.0,3200,17759,20199,56348,9662,17888,59104,14481.87,15491.92,45750.86,15505.55,15799.07,45894.88,0.00,0.00,0.00,1023.68,307.15,144.01,1078.42,1078.42,1.006,0.050,0.536,-4.266,-0.938,0.234,10831,175.0,0,-0.9486,-0.0257,0.0079,-0.3152,36.7,-1.8,0.0
2929589,2026-09-11_09-12-27.590-240,v5.1.3,3.48,12.0,3200,17780,20173,56378,9669,17823,59151,14499.42,15469.70,45775.53,15519.56,15747.21,45932.50,0.00,0.00,0.00,1020.15,277.51,156.98,1068.81,1068.81,1.005,0.051,0.543,-4.172,-0.906,-0.234,10834,173.8,0,-0.9488,-0.0256,0.0063,-0.3149,36.7,-1.6,0.0
2929695,2026-09-11_09-12-27.695-240,v5.1.3,3.48,12.0,3200,17711,20199,56393,9579,17837,59164,14442.18,15491.59,45787.52,15446.89,15757.84,45955.06,0.00,0.00,0.00,1004.71,266.25,167.54,1052.80,1052.80,1.006,0.054,0.545,-4.078,-0.984,-0.094,10825,171.7,0,-0.9488,-0.0266,0.0053,-0.3146,36.7,-1.5,0.0
2929800,2026-09-11_09-12-27.801-240,v5.1.3,3.48,12.0,3200,17739,20162,56365,9602,17795,59139,14465.58,15461.26,45765.03,15463.48,15723.25,45932.36,0.00,0.00,0.00,997.89,261.99,167.33,1045.19,1045.19,1.009,0.049,0.538,-4.156,-0.938,-0.031,10825,170.8,0,-0.9489,-0.0257,0.0081,-0.3145,36.6,-1.8,0.0
2929905,2026-09-11_09-12-27.906-240,v5.1.3,3.48,12.0,3200,17784,20190,56364,9664,17847,59141,14502.61,15483.95,45763.98,15513.42,15766.50,45924.85,0.00,0.00,0.00,1010.81,282.55,160.88,1061.82,1061.82,1.006,0.054,0.543,-4.234,-1.219,-0.234,10826,172.9,0,-0.9490,-0.0269,0.0067,-0.3141,36.6,-1.7,0.0
2930011,2026-09-11_09-12-27.011-240,v5.1.3,3.48,12.0,3200,17839,20195,56352,9677,17851,59133,14548.06,15487.74,45754.16,15522.91,15769.73,45916.60,0.00,0.00,0.00,974.85,282.00,162.44,1027.74,1027.74,1.004,0.051,0.541,-4.094,-0.719,0.359,10821,168.6,0,-0.9490,-0.0253,0.0066,-0.3141,36.6,-1.6,0.0
2930116,2026-09-11_09-12-28.117-240,v5.1.3,3.48,12.0,3200,17846,20240,56330,9721,17886,59107,14553.54,15525.22,45735.86,15554.60,15798.23,45889.26,0.00,0.00,0.00,1001.06,273.01,153.41,1048.90,1048.90,1.008,0.053,0.545,-4.438,-1.078,0.000,10819,171.3,0,-0.9491,-0.0264,0.0064,-0.3139,36.6,-1.6,0.0
2930221,2026-09-11_09-12-28.222-240,v5.1.3,3.48,12.0,3200,17917,20177,56401,9814,17794,59171,14612.68,15471.22,45794.23,15642.50,15725.79,45929.16,0.00,0.00,0.00,1029.81,254.57,134.92,1069.36,1069.36,1.007,0.052,0.545,-4.031,-1.250,0.250,10819,173.9,0,-0.9490,-0.0263,0.0064,-0.3141,36.6,-1.6,0.0
2930339,2026-09-11_09-12-28.340-240,v5.1.3,3.48,12.0,3200,17878,20166,56300,9771,17789,59039,14580.50,15464.34,45712.06,15588.92,15718.07,45829.02,0.00,0.00,0.00,1008.42,253.73,116.96,1046.40,1046.40,1.010,0.051,0.542,-4.484,-0.859,-0.031,10819,170.9,0,-0.9491,-0.0263,0.0077,-0.3138,36.5,-1.8,0.0
2930445,2026-09-11_09-12-28.445-240,v5.1.3,3.48,12.0,3200,17836,20250,56264,9722,17859,59009,14545.20,15534.76,45682.01,15542.55,15773.89,45810.71,0.00,0.00,0.00,997.35,239.13,128.70,1033.66,1033.66,1.009,0.051,0.541,-4.406,-0.750,0.141,10830,169.3,0,-0.9492,-0.0259,0.0077,-0.3135,36.5,-1.8,0.0
2930550,2026-09-11_09-12-28.551-240,v5.1.3,3.48,12.0,3200,17870,20236,56170,9758,17879,58923,14573.40,15524.55,45605.56,15559.73,15788.63,45736.44,0.00,0.00,0.00,986.33,264.08,130.88,1029.42,1029.42,1.007,0.049,0.544,-4.094,-0.859,0.359,10837,168.8,0,-0.9492,-0.0248,0.0071,-0.3137,36.5,-1.7,0.0
2930656,2026-09-11_09-12-28.656-240,v5.1.3,3.48,12.0,3200,17865,20165,56291,9715,17849,59108,14569.75,15463.81,45704.73,15550.78,15767.98,45891.35,0.00,0.00,0.00,981.03,304.17,186.61,1043.92,1043.92,1.007,0.051,0.546,-4.078,-0.953,0.484,10837,170.6,0,-0.9490,-0.0255,0.0063,-0.3141,36.6,-1.6,0.0
2930761,2026-09-11_09-12-28.762-240,v5.1.3,3.48,12.0,3200,17806,20143,56281,9704,17825,59087,14521.11,15446.41,45696.77,15539.45,15747.76,45876.27,0.00,0.00,0.00,1018.34,301.35,179.50,1077.06,1077.06,1.008,0.048,0.541,-4.141,-0.438,-0.188,10826,174.8,0,-0.9490,-0.0251,0.0072,-0.3141,36.6,-1.7,0.0
2930866,2026-09-11_09-12-28.867-240,v5.1.3,3.48,12.0,3200,17828,20134,56331,9695,17791,59159,14539.37,15437.87,45737.58,15542.93,15721.60,45935.79,0.00,0.00,0.00,1003.56,283.73,198.21,1061.57,1061.57,1.007,0.052,0.545,-4.500,-1.094,0.125,10830,172.9,0,-0.9491,-0.0259,0.0064,-0.3139,36.6,-1.6,0.0
2930981,2026-09-11_09-12-28.982-240,v5.1.3,3.48,12.0,3200,17800,20143,56300,9679,17808,59110,14516.15,15446.13,45712.25,15522.51,15734.12,45898.39,0.00,0.00,0.00,1006.36,287.99,186.14,1063.18,1063.18,1.008,0.052,0.545,-4.094,-0.844,0.188,10827,173.1,0,-0.9490,-0.0261,0.0061,-0.3140,36.6,-1.6,0.0
2931108,2026-09-11_09-12-29.111-240,v5.1.3,3.48,12.0,3200,17868,20157,56288,9744,17813,59077,14572.29,15457.23,45702.36,15571.32,15738.22,45862.93,0.00,0.00,0.00,999.03,281.00,160.57,1050.14,1050.14,1.005,0.053,0.544,-4.000,-0.859,0.281,10827,171.4,0,-0.9489,-0.0264,0.0060,-0.3143,36.6,-1.6,0.0
2931220,2026-09-11_09-12-29.224-240,v5.1.3,3.48,12.0,3200,17865,20267,56298,9732,17948,59048,14569.07,15547.89,45709.56,15553.83,15847.57,45839.57,0.00,0.00,0.00,984.75,299.68,130.01,1037.52,1037.52,1.007,0.056,0.544,-4.578,-1.125,0.281,10826,169.8,0,-0.9491,-0.0272,0.0058,-0.3139,36.6,-1.6,0.0
2931337,2026-09-11_09-12-29.337-240,v5.1.3,3.48,12.0,3200,17838,20231,56318,9703,17870,59113,14546.99,15518.08,45726.16,15541.04,15785.09,45896.74,0.00,0.00,0.00,994.05,267.01,170.58,1043.33,1043.33,1.008,0.053,0.541,-4.250,-0.953,-0.047,10828,170.5,0,-0.9492,-0.0266,0.0073,-0.3136,36.5,-1.7,0.0
2931442,2026-09-11_09-12-29.443-240,v5.1.3,3.48,12.0,3200,18012,20126,56329,9906,17780,59099,14691.58,15429.45,45736.03,15708.63,15713.79,45858.92,0.00,0.00,0.00,1017.05,284.34,122.89,1063.18,1063.18,1.009,0.052,0.542,-4.578,-0.766,-0.094,10825,173.1,0,-0.9492,-0.0267,0.0076,-0.3133,36.5,-1.8,0.0
2931547,2026-09-11_09-12-29.548-240,v5.1.3,3.48,12.0,3200,17896,20177,56353,9762,17805,59115,14595.31,15472.29,45755.13,15591.62,15732.81,45891.11,0.00,0.00,0.00,996.31,260.52,135.98,1038.74,1038.74,1.005,0.051,0.544,-4.094,-0.750,0.219,10837,170.0,0,-0.9493,-0.0255,0.0062,-0.3134,36.5,-1.6,0.0
2931652,2026-09-11_09-12-29.653-240,v5.1.3,3.48,12.0,3200,17904,20227,56322,9826,17856,59089,14601.59,15514.05,45729.45,15639.35,15774.60,45860.84,0.00,0.00,0.00,1037.76,260.56,131.39,1078.01,1078.01,1.007,0.055,0.543,-4.391,-0.562,0.422,10837,175.0,0,-0.9492,-0.0271,0.0062,-0.3135,36.5,-1.7,0.0
2931758,2026-09-11_09-12-29.758-240,v5.1.3,3.48,12.0,3200,18000,20225,56322,9920,17856,59097,14680.99,15511.43,45729.48,15717.86,15775.95,45854.45,0.00,0.00,0.00,1036.87,264.51,124.97,1077.35,1077.35,1.002,0.050,0.543,-4.094,-0.703,-0.422,10828,174.9,0,-0.9493,-0.0259,0.0056,-0.3134,36.5,-1.5,0.0
2931873,2026-09-11_09-12-29.874-240,v5.1.3,3.48,12.0,3200,17849,20155,56274,9753,17803,59020,14556.59,15456.02,45690.97,15571.09,15728.83,45816.03,0.00,0.00,0.00,1014.50,272.81,125.05,1057.96,1057.96,1.003,0.056,0.541,-3.938,-0.969,0.375,10831,172.4,0,-0.9491,-0.0278,0.0061,-0.3138,36.6,-1.7,0.0
2931979,2026-09-11_09-12-29.979-240,v5.1.3,3.48,12.0,3200,17827,20204,56273,9716,17848,59013,14538.07,15496.71,45689.73,15538.46,15764.94,45814.88,0.00,0.00,0.00,1000.39,268.23,125.15,1043.26,1043.26,1.008,0.051,0.544,-4.219,-1.109,3.812,10838,170.5,0,-0.9487,-0.0229,0.0075,-0.3151,36.7,-1.6,0.0
2932084,2026-09-11_09-12-30.085-240,v5.1.3,3.48,12.0,3200,17881,20229,56264,9771,17871,59045,14582.55,15516.97,45682.19,15587.57,15785.14,45832.80,0.00,0.00,0.00,1005.02,268.16,150.61,1051.02,1051.02,1.007,0.054,0.546,-4.031,-1.125,0.406,10838,171.5,0,-0.9485,-0.0258,0.0065,-0.3155,36.8,-1.6,0.0
2932189,2026-09-11_09-12-30.190-240,v5.1.3,3.48,12.0,3200,17848,20204,56235,9691,17854,59015,14555.43,15497.18,45658.78,15517.99,15769.57,45819.83,0.00,0.00,0.00,962.56,272.39,161.05,1013.24,1013.24,1.008,0.052,0.545,-4.453,-1.109,0.656,10838,166.7,0,-0.9486,-0.0255,0.0064,-0.3154,36.8,-1.6,0.0
2932295,2026-09-11_09-12-30.295-240,v5.1.3,3.48,12.0,3200,17822,20185,56332,9686,17822,59103,14534.06,15480.01,45737.95,15526.93,15745.47,45891.63,0.00,0.00,0.00,992.87,265.46,153.68,1039.17,1039.17,1.007,0.052,0.540,-3.922,-1.172,-0.047,10833,170.0,0,-0.9485,-0.0265,0.0075,-0.3155,36.8,-1.8,0.0
2932401,2026-09-11_09-12-30.401-240,v5.1.3,3.48,12.0,3200,17835,20156,56390,9708,17805,59209,14545.01,15454.90,45785.45,15560.20,15734.36,45974.02,0.00,0.00,0.00,1015.18,279.46,188.57,1069.70,1069.70,1.007,0.052,0.542,-4.891,-1.016,-0.203,10833,173.9,0,-0.9488,-0.0260,0.0071,-0.3146,36.6,-1.7,0.0
2932506,2026-09-11_09-12-30.506-240,v5.1.3,3.48,12.0,3200,17810,20163,56402,9683,17792,59181,14524.29,15460.71,45795.16,15536.08,15722.78,45955.09,0.00,0.00,0.00,1011.78,262.07,159.93,1057.34,1057.34,1.007,0.049,0.546,-3.719,-0.766,-0.062,10831,172.3,0,-0.9488,-0.0248,0.0059,-0.3148,36.7,-1.5,0.0
2932611,2026-09-11_09-12-30.612-240,v5.1.3,3.48,12.0,3200,17857,20213,56384,9709,17888,59182,14562.83,15501.85,45780.07,15555.07,15801.48,45951.14,0.00,0.00,0.00,992.24,299.63,171.06,1050.52,1050.52,1.007,0.054,0.541,-4.219,-1.219,0.328,10836,171.5,0,-0.9487,-0.0269,0.0072,-0.3149,36.7,-1.7,0.0
2932717,2026-09-11_09-12-30.717-240,v5.1.3,3.48,12.0,3200,17868,20229,56374,9764,17900,59127,14571.81,15515.12,45771.79,15592.41,15810.65,45899.29,0.00,0.00,0.00,1020.59,295.53,127.49,1070.14,1070.14,1.009,0.054,0.543,-3.969,-0.797,0.109,10831,174.0,0,-0.9488,-0.0267,0.0065,-0.3148,36.7,-1.7,0.0
2932822,2026-09-11_09-12-30.822-240,v5.1.3,3.48,12.0,3200,17869,20201,56539,9700,17848,59340,14572.84,15489.03,45906.43,15570.64,15772.45,46079.84,0.00,0.00,0.00,997.79,283.42,173.40,1051.66,1051.66,1.007,0.051,0.548,-4.203,-0.750,-0.484,10831,171.6,0,-0.9489,-0.0256,0.0047,-0.3144,36.6,-1.4,0.0
2932927,2026-09-11_09-12-30.928-240,v5.1.3,3.48,12.0,3200,17863,20175,56403,9720,17799,59159,14568.04,15470.07,45795.88,15563.30,15728.43,45932.28,0.00,0.00,0.00,995.26,258.36,136.40,1037.25,1037.25,1.007,0.052,0.540,-4.000,-1.094,0.250,10839,169.8,0,-0.9488,-0.0268,0.0074,-0.3147,36.7,-1.8,0.0
2933033,2026-09-11_09-12-31.033-240,v5.1.3,3.48,12.0,3200,17819,20094,56361,9671,17700,59093,14532.20,15404.39,45762.36,15516.44,15645.48,45887.18,0.00,0.00,0.00,984.24,241.08,124.82,1020.99,1020.99,1.006,0.052,0.542,-4.359,-0.875,-0.609,10829,167.7,0,-0.9490,-0.0266,0.0067,-0.3141,36.6,-1.7,0.0
2933138,2026-09-11_09-12-31.139-240,v5.1.3,3.48,12.0,3200,17826,20067,56356,9693,17701,59059,14538.16,15382.12,45758.52,15529.81,15645.76,45856.84,0.00,0.00,0.00,991.64,263.64,98.32,1030.79,1030.79,1.006,0.054,0.542,-4.531,-0.938,0.047,10825,168.9,0,-0.9491,-0.0269,0.0066,-0.3137,36.5,-1.7,0.0
2933243,2026-09-11_09-12-31.244-240,v5.1.3,3.48,12.0,3200,17837,20121,56337,9677,17772,59091,14546.90,15426.93,45742.58,15519.18,15704.27,45883.84,0.00,0.00,0.00,972.29,277.33,141.27,1020.89,1020.89,1.005,0.054,0.546,-4.250,-1.000,0.484,10825,167.7,0,-0.9491,-0.0262,0.0052,-0.3137,36.5,-1.5,0.0
2933358,2026-09-11_09-12-31.359-240,v5.1.3,3.48,12.0,3200,17869,20255,56372,9776,17914,59162,14572.47,15536.61,45769.94,15606.77,15823.05,45925.60,0.00,0.00,0.00,1034.30,286.44,155.66,1084.46,1084.46,1.005,0.052,0.547,-4.203,-0.734,-0.141,10825,175.8,0,-0.9492,-0.0260,0.0048,-0.3136,36.5,-1.5,0.0
2933463,2026-09-11_09-12-31.464-240,v5.1.3,3.48,12.0,3200,17864,20249,56365,9735,17900,59154,14568.37,15531.84,45764.29,15572.27,15810.93,45924.94,0.00,0.00,0.00,1003.90,279.09,160.65,1054.29,1054.29,1.005,0.052,0.545,-3.984,-1.094,0.078,10831,171.9,0,-0.9491,-0.0261,0.0056,-0.3138,36.6,-1.5,0.0
2933568,2026-09-11_09-12-31.569-240,v5.1.3,3.48,12.0,3200,17855,20240,56357,9685,17867,59115,14560.99,15524.64,45757.85,15526.57,15782.47,45900.84,0.00,0.00,0.00,965.59,257.83,142.99,1009.59,1009.59,1.006,0.052,0.540,-4.203,-0.828,0.438,10829,166.2,0,-0.9490,-0.0261,0.0073,-0.3140,36.6,-1.7,0.0
2933674,2026-09-11_09-12-31.674-240,v5.1.3,3.48,12.0,3200,17831,20312,56346,9666,17971,59103,14540.66,15584.52,45748.27,15506.50,15866.83,45892.48,0.00,0.00,0.00,965.84,282.31,144.21,1016.54,1016.54,1.002,0.052,0.545,-4.266,-1.219,0.062,10829,167.1,0,-0.9492,-0.0254,0.0056,-0.3137,36.5,-1.5,0.0
2933780,2026-09-11_09-12-31.780-240,v5.1.3,3.48,12.0,3200,17827,20231,56349,9692,17868,59108,14537.89,15517.64,45751.41,15531.34,15783.20,45894.25,0.00,0.00,0.00,993.45,265.57,142.84,1038.20,1038.20,1.006,0.054,0.542,-4.141,-0.891,-0.219,10827,169.9,0,-0.9491,-0.0273,0.0063,-0.3137,36.5,-1.7,0.0
2933885,2026-09-11_09-12-31.886-240,v5.1.3,3.48,12.0,3200,17776,20231,56325,9646,17872,59071,14495.72,15518.58,45731.86,15488.23,15785.03,45870.74,0.00,0.00,0.00,992.51,266.46,138.89,1037.00,1037.00,1.007,0.053,0.541,-4.172,-1.078,-0.406,10835,169.7,0,-0.9493,-0.0267,0.0071,-0.3132,36.5,-1.7,0.0
2933990,2026-09-11_09-12-31.991-240,v5.1.3,3.48,12.0,3200,17822,20211,56359,9648,17887,59133,14533.89,15500.99,45759.73,15498.07,15798.76,45920.10,0.00,0.00,0.00,964.18,297.77,160.38,1021.78,1021.78,1.008,0.054,0.544,-4.125,-1.250,0.062,10835,167.8,0,-0.9493,-0.0267,0.0065,-0.3130,36.5,-1.7,0.0
2934095,2026-09-11_09-12-32.096-240,v5.1.3,3.48,12.0,3200,17790,20145,56382,9653,17797,59128,14507.88,15446.41,45779.03,15503.89,15725.25,45916.54,0.00,0.00,0.00,996.02,278.84,137.51,1043.41,1043.41,1.007,0.054,0.542,-4.172,-0.531,0.594,10827,170.6,0,-0.9493,-0.0265,0.0064,-0.3132,36.5,-1.6,0.0
2934201,2026-09-11_09-12-32.202-240,v5.1.3,3.48,12.0,3200,17772,20137,56359,9604,17798,59085,14493.04,15440.40,45760.36,15457.56,15724.45,45888.65,0.00,0.00,0.00,964.51,284.05,128.29,1013.62,1013.62,1.006,0.055,0.541,-4.141,-0.938,0.391,10829,166.8,0,-0.9493,-0.0272,0.0068,-0.3133,36.5,-1.7,0.0
2934306,2026-09-11_09-12-32.307-240,v5.1.3,3.48,12.0,3200,17679,20074,56343,9523,17734,59098,14416.55,15389.61,45747.86,15394.37,15671.53,45910.96,0.00,0.00,0.00,977.81,281.92,163.10,1030.63,1030.63,1.006,0.051,0.543,-3.812,-0.969,0.578,10839,168.9,0,-0.9492,-0.0253,0.0067,-0.3135,36.5,-1.6,0.0
2934412,2026-09-11_09-12-32.412-240,v5.1.3,3.43,12.0,3200,17865,20192,56345,9719,17854,59089,14569.58,15485.13,45748.48,15551.31,15771.66,45875.47,0.00,0.00,0.00,981.73,286.53,126.98,1030.54,1030.54,1.006,0.052,0.543,-4.141,-0.859,-0.141,10839,168.9,0,-0.9492,-0.0266,0.0066,-0.3136,36.5,-1.7,0.0
2934517,2026-09-11_09-12-32.517-240,v5.1.3,3.43,12.0,3200,17925,20215,56319,9818,17879,59110,14619.04,15503.98,45727.12,15635.07,15793.77,45878.52,0.00,0.00,0.00,1016.03,289.79,151.41,1067.34,1067.34,1.008,0.053,0.544,-4.062,-1.125,0.109,10835,173.6,0,-0.9491,-0.0268,0.0063,-0.3136,36.5,-1.7,0.0
2934622,2026-09-11_09-12-32.623-240,v5.1.3,3.43,12.0,3200,17934,20221,56350,9833,17881,59044,14626.44,15508.29,45752.32,15638.21,15794.03,45823.41,0.00,0.00,0.00,1011.77,285.75,71.10,1053.75,1053.75,1.006,0.052,0.542,-3.828,-1.609,0.125,10827,171.9,0,-0.9491,-0.0267,0.0073,-0.3139,36.6,-1.8,0.0
2934738,2026-09-11_09-12-32.739-240,v5.1.3,3.43,12.0,3200,17881,20129,56354,9737,17802,59062,14583.23,15432.79,45756.36,15563.77,15728.80,45851.97,0.00,0.00,0.00,980.54,296.01,95.61,1028.70,1028.70,1.006,0.053,0.543,-4.266,-0.766,0.078,10829,168.7,0,-0.9491,-0.0262,0.0060,-0.3137,36.5,-1.6,0.0
2934844,2026-09-11_09-12-32.844-240,v5.1.3,3.43,12.0,3200,17858,20220,56297,9775,17860,58957,14563.60,15509.18,45709.15,15578.95,15774.13,45761.68,0.00,0.00,0.00,1015.35,264.96,52.54,1050.67,1050.67,1.004,0.050,0.540,-4.297,-0.672,0.203,10829,171.5,0,-0.9492,-0.0256,0.0070,-0.3137,36.5,-1.7,0.0
2934949,2026-09-11_09-12-32.950-240,v5.1.3,3.43,12.0,3200,17837,20215,56265,9734,17893,59009,14546.26,15505.83,45683.12,15551.53,15801.79,45808.65,0.00,0.00,0.00,1005.26,295.96,125.53,1055.42,1055.42,1.007,0.053,0.544,-4.031,-1.109,0.266,10836,172.1,0,-0.9491,-0.0265,0.0066,-0.3138,36.6,-1.7,0.0
2935055,2026-09-11_09-12-33.055-240,v5.1.3,3.43,12.0,3200,17875,20181,56301,9706,17842,59072,14577.92,15476.74,45712.74,15538.57,15761.31,45863.74,0.00,0.00,0.00,960.65,284.57,151.00,1013.22,1013.22,1.007,0.052,0.542,-4.078,-1.203,0.078,10828,166.7,0,-0.9491,-0.0265,0.0068,-0.3139,36.6,-1.7,0.0
2935161,2026-09-11_09-12-33.161-240,v5.1.3,3.43,12.0,3200,17833,20166,56296,9702,17775,59045,14543.28,15464.86,45708.79,15533.31,15705.94,45843.43,0.00,0.00,0.00,990.02,241.07,134.63,1027.81,1027.81,1.005,0.053,0.541,-4.031,-0.969,0.094,10833,168.6,0,-0.9491,-0.0268,0.0066,-0.3139,36.6,-1.7,0.0
2935266,2026-09-11_09-12-33.267-240,v5.1.3,3.43,12.0,3200,17828,20127,56321,9700,17788,59111,14539.41,15432.27,45729.50,15540.47,15718.08,45896.57,0.00,0.00,0.00,1001.06,285.81,167.08,1054.38,1054.38,1.008,0.052,0.545,-3.828,-0.641,-0.141,10833,172.0,0,-0.9491,-0.0260,0.0058,-0.3139,36.6,-1.6,0.0
2935371,2026-09-11_09-12-33.372-240,v5.1.3,3.43,12.0,3200,17815,20214,56420,9706,17851,59182,14528.09,15502.45,45809.39,15553.58,15771.24,45952.01,0.00,0.00,0.00,1025.49,268.80,142.62,1069.69,1069.69,1.006,0.052,0.538,-4.156,-1.250,-0.266,10834,173.9,0,-0.9491,-0.0271,0.0079,-0.3138,36.5,-1.8,0.0
2935477,2026-09-11_09-12-33.477-240,v5.1.3,3.43,12.0,3200,17820,20198,56370,9692,17853,59159,14532.33,15490.08,45768.80,15538.81,15772.16,45935.42,0.00,0.00,0.00,1006.48,282.08,166.62,1058.46,1058.46,1.008,0.054,0.540,-4.297,-1.219,0.141,10836,172.5,0,-0.9492,-0.0269,0.0078,-0.3134,36.5,-1.8,0.0
2935582,2026-09-11_09-12-33.583-240,v5.1.3,3.43,12.0,3200,17885,20233,56404,9755,17876,59158,14585.85,15517.72,45796.20,15589.93,15791.68,45925.73,0.00,0.00,0.00,1004.09,273.97,129.54,1048.82,1048.82,1.009,0.051,0.545,-3.938,-1.047,0.016,10836,171.2,0,-0.9493,-0.0257,0.0065,-0.3134,36.5,-1.6,0.0
2935687,2026-09-11_09-12-33.688-240,v5.1.3,3.43,12.0,3200,17865,20214,56528,9724,17829,59353,14569.45,15500.00,45897.36,15592.70,15757.54,46087.24,0.00,0.00,0.00,1023.26,257.54,189.88,1072.12,1072.12,1.004,0.052,0.540,-3.609,-0.781,0.234,10844,174.2,0,-0.9491,-0.0264,0.0069,-0.3139,36.6,-1.7,0.0
2935792,2026-09-11_09-12-33.793-240,v5.1.3,3.43,12.0,3200,17851,20159,56434,9695,17818,59228,14558.23,15456.43,45821.27,15551.78,15745.26,45990.90,0.00,0.00,0.00,993.55,288.83,169.63,1048.50,1048.50,1.008,0.051,0.543,-4.125,-1.016,-0.344,10835,171.2,0,-0.9491,-0.0262,0.0070,-0.3137,36.5,-1.7,0.0
2935898,2026-09-11_09-12-33.898-240,v5.1.3,3.43,12.0,3200,17812,20122,56386,9689,17744,59134,14526.22,15427.13,45782.48,15535.77,15682.58,45917.11,0.00,0.00,0.00,1009.55,255.45,134.62,1050.03,1050.03,1.004,0.052,0.543,-3.438,-0.766,0.531,10833,171.4,0,-0.9489,-0.0259,0.0061,-0.3143,36.6,-1.6,0.0
2936003,2026-09-11_09-12-33.004-240,v5.1.3,3.43,12.0,3200,17816,20094,56370,9716,17714,59132,14529.72,15404.26,45769.69,15558.52,15658.37,45912.20,0.00,0.00,0.00,1028.81,254.11,142.51,1069.26,1069.26,1.007,0.051,0.540,-3.891,-0.891,0.312,10833,173.8,0,-0.9488,-0.0261,0.0076,-0.3147,36.7,-1.8,0.0
2936108,2026-09-11_09-12-34.109-240,v5.1.3,3.43,12.0,3200,17841,20104,56339,9737,17761,59108,14550.32,15412.82,45744.36,15571.24,15696.43,45889.45,0.00,0.00,0.00,1020.92,283.60,145.09,1069.46,1069.46,1.009,0.051,0.543,-4.109,-0.531,-0.047,10839,173.9,0,-0.9489,-0.0256,0.0069,-0.3146,36.6,-1.7,0.0
2936225,2026-09-11_09-12-34.226-240,v5.1.3,3.43,12.0,3200,17851,20121,56374,9747,17795,59096,14558.48,15426.13,45772.72,15576.90,15724.01,45878.02,0.00,0.00,0.00,1018.42,297.88,105.29,1066.31,1066.31,1.006,0.053,0.544,-3.938,-1.031,0.625,10841,173.5,0,-0.9487,-0.0263,0.0062,-0.3150,36.7,-1.6,0.0
2936331,2026-09-11_09-12-34.331-240,v5.1.3,3.43,12.0,3200,17824,20213,56355,9707,17887,59097,14535.53,15502.70,45756.45,15541.66,15798.64,45883.12,0.00,0.00,0.00,1006.13,295.94,126.67,1056.37,1056.37,1.006,0.050,0.542,-4.016,-1.094,0.000,10834,172.2,0,-0.9488,-0.0255,0.0071,-0.3149,36.7,-1.7,0.0
2936436,2026-09-11_09-12-34.437-240,v5.1.3,3.43,12.0,3200,17841,20265,56356,9699,17948,59135,14549.24,15545.44,45756.82,15538.72,15849.22,45913.98,0.00,0.00,0.00,989.48,303.78,157.17,1046.93,1046.93,1.009,0.053,0.542,-3.719,-0.828,0.438,10834,171.0,0,-0.9486,-0.0264,0.0071,-0.3152,36.7,-1.7,0.0
2936541,2026-09-11_09-12-34.542-240,v5.1.3,3.43,12.0,3200,17875,20293,56329,9750,17942,59070,14577.17,15568.70,45734.59,15571.86,15843.42,45854.86,0.00,0.00,0.00,994.69,274.71,120.28,1038.91,1038.91,1.006,0.051,0.543,-4.328,-1.000,0.016,10840,170.0,0,-0.9488,-0.0252,0.0065,-0.3148,36.7,-1.6,0.0
2936646,2026-09-11_09-12-34.647-240,v5.1.3,3.43,12.0,3200,17840,20237,56385,9696,17898,59165,14548.61,15521.81,45780.68,15541.74,15809.08,45939.12,0.00,0.00,0.00,993.14,287.27,158.45,1045.92,1045.92,1.006,0.053,0.544,-4.625,-0.719,3.469,10837,170.9,0,-0.9485,-0.0233,0.0066,-0.3158,36.8,-1.6,0.0
2936752,2026-09-11_09-12-34.752-240,v5.1.3,3.43,12.0,3200,17795,20186,56365,9647,17838,59114,14511.73,15480.52,45764.83,15495.92,15758.31,45905.59,0.00,0.00,0.00,984.19,277.79,140.76,1032.28,1032.28,1.005,0.053,0.541,-4.141,-0.906,0.703,10835,169.1,0,-0.9483,-0.0256,0.0069,-0.3162,36.8,-1.7,0.0
2936857,2026-09-11_09-12-34.858-240,v5.1.3,3.43,12.0,3200,17728,20222,56365,9613,17868,59106,14456.09,15510.91,45764.51,15466.02,15782.19,45903.42,0.00,0.00,0.00,1009.93,271.28,138.91,1054.92,1054.92,1.007,0.050,0.541,-4.234,-0.859,0.141,10835,172.0,0,-0.9485,-0.0250,0.0070,-0.3158,36.8,-1.7,0.0
2936962,2026-09-11_09-12-34.963-240,v5.1.3,3.43,12.0,3200,17760,20108,56371,9621,17779,59126,14483.31,15416.36,45770.38,15477.74,15710.12,45919.52,0.00,0.00,0.00,994.43,293.76,149.14,1047.58,1047.58,1.009,0.052,0.546,-4.484,-0.859,-0.219,10841,171.1,0,-0.9486,-0.0260,0.0060,-0.3152,36.7,-1.6,0.0
2937067,2026-09-11_09-12-35.068-240,v5.1.3,3.43,12.0,3200,17759,20149,56378,9651,17832,59114,14482.21,15450.10,45775.73,15499.37,15753.46,45905.12,0.00,0.00,0.00,1017.16,303.36,129.39,1069.29,1069.29,1.005,0.051,0.539,-4.016,-1.109,0.156,10837,173.9,0,-0.9487,-0.0259,0.0074,-0.3151,36.7,-1.7,0.0
2937173,2026-09-11_09-12-35.173-240,v5.1.3,3.43,12.0,3200,17780,20204,56327,9654,17863,59077,14499.21,15496.21,45733.72,15495.89,15777.93,45874.59,0.00,0.00,0.00,996.68,281.72,140.87,1045.27,1045.27,1.009,0.051,0.540,-4.453,-0.688,0.250,10839,170.8,0,-0.9488,-0.0254,0.0079,-0.3147,36.7,-1.8,0.0
2937278,2026-09-11_09-12-35.278-240,v5.1.3,3.43,12.0,3200,17835,20227,56347,9707,17878,59120,14544.53,15514.29,45749.81,15545.09,15791.83,45901.72,0.00,0.00,0.00,1000.55,277.54,151.91,1049.39,1049.39,1.005,0.051,0.543,-7.734,-1.031,-0.250,10839,171.3,0,-0.9499,-0.0243,0.0070,-0.3116,36.3,-1.6,0.0
2937383,2026-09-11_09-12-35.384-240,v5.1.3,3.43,12.0,3200,17932,20176,56356,9775,17824,59142,14625.09,15471.05,45757.59,15605.56,15749.11,45910.79,0.00,0.00,0.00,980.47,278.06,153.20,1030.59,1030.59,1.007,0.052,0.542,-3.859,-0.609,0.250,10832,168.9,0,-0.9496,-0.0266,0.0070,-0.3122,36.4,-1.7,0.0
2937488,2026-09-11_09-12-35.489-240,v5.1.3,3.43,12.0,3200,17871,20139,56358,9786,17771,59105,14574.90,15441.08,45759.53,15610.90,15705.12,45880.23,0.00,0.00,0.00,1036.00,264.04,120.70,1075.91,1075.91,1.008,0.052,0.544,-4.375,-1.312,0.047,10827,174.7,0,-0.9497,-0.0263,0.0070,-0.3120,36.3,-1.7,0.0
2937594,2026-09-11_09-12-35.594-240,v5.1.3,3.43,12.0,3200,17876,20172,56359,9771,17800,59107,14578.81,15468.25,45760.07,15598.05,15728.65,45883.52,0.00,0.00,0.00,1019.25,260.40,123.45,1059.20,1059.20,1.004,0.055,0.541,-4.625,-1.109,-0.406,10827,172.6,0,-0.9498,-0.0279,0.0067,-0.3114,36.3,-1.7,0.0
2937710,2026-09-11_09-12-35.710-240,v5.1.3,3.43,12.0,3200,17899,20217,56340,9774,17852,59093,14597.53,15505.52,45744.20,15597.20,15770.80,45871.21,0.00,0.00,0.00,999.68,265.28,127.00,1042.04,1042.04,1.008,0.052,0.543,-3.828,-0.953,0.156,10840,170.4,0,-0.9498,-0.0263,0.0068,-0.3116,36.3,-1.7,0.0
2937815,2026-09-11_09-12-35.816-240,v5.1.3,3.43,12.0,3200,17859,20196,56297,9751,17821,59049,14564.58,15489.35,45709.36,15572.99,15744.18,45839.38,0.00,0.00,0.00,1008.40,254.82,130.02,1048.19,1048.19,1.005,0.051,0.540,-4.359,-0.734,0.281,10840,171.2,0,-0.9498,-0.0260,0.0073,-0.3115,36.3,-1.7,0.0
2937921,2026-09-11_09-12-35.921-240,v5.1.3,3.43,12.0,3200,17828,20125,56292,9720,17789,59076,14539.42,15431.14,45705.89,15552.06,15718.32,45865.71,0.00,0.00,0.00,1012.63,287.18,159.82,1064.63,1064.63,1.003,0.052,0.544,-4.266,-0.922,0.250,10834,173.3,0,-0.9498,-0.0261,0.0058,-0.3117,36.3,-1.6,0.0
2938026,2026-09-11_09-12-36.027-240,v5.1.3,3.43,12.0,3200,17815,20166,56283,9690,17838,59026,14528.40,15465.28,45698.21,15519.12,15756.76,45829.00,0.00,0.00,0.00,990.72,291.49,130.80,1040.96,1040.96,1.008,0.050,0.544,-4.000,-0.906,0.078,10834,170.2,0,-0.9497,-0.0257,0.0068,-0.3120,36.3,-1.7,0.0
2938131,2026-09-11_09-12-36.132-240,v5.1.3,3.43,12.0,3200,17829,20223,56261,9723,17880,59078,14539.59,15512.59,45679.80,15552.38,15792.67,45865.76,0.00,0.00,0.00,1012.79,280.08,185.96,1067.13,1067.13,1.006,0.052,0.544,-4.312,-1.328,0.094,10841,173.6,0,-0.9497,-0.0262,0.0068,-0.3120,36.3,-1.7,0.0
2938237,2026-09-11_09-12-36.237-240,v5.1.3,3.43,12.0,3200,17854,20240,56245,9754,17867,59044,14560.15,15526.67,45666.62,15573.54,15781.64,45834.37,0.00,0.00,0.00,1013.39,254.97,167.75,1058.35,1058.35,1.007,0.054,0.545,-4.344,-0.766,0.328,10838,172.5,0,-0.9497,-0.0267,0.0056,-0.3120,36.3,-1.6,0.0
2938342,2026-09-11_09-12-36.342-240,v5.1.3,3.43,12.0,3200,17853,20197,56446,9701,17838,59226,14559.63,15487.56,45830.71,15555.91,15761.61,45988.22,0.00,0.00,0.00,996.29,274.05,157.51,1045.23,1045.23,1.003,0.053,0.543,-4.203,-1.266,0.453,10844,170.8,0,-0.9496,-0.0265,0.0062,-0.3122,36.4,-1.6,0.0
2938447,2026-09-11_09-12-36.448-240,v5.1.3,3.43,12.0,3200,17820,20177,56439,9723,17811,59205,14532.47,15471.51,45825.18,15571.83,15739.35,45968.68,0.00,0.00,0.00,1039.36,267.84,143.50,1082.87,1082.87,1.007,0.052,0.542,-3.781,-1.125,0.141,10844,175.6,0,-0.9495,-0.0268,0.0073,-0.3125,36.4,-1.8,0.0
2938552,2026-09-11_09-12-36.553-240,v5.1.3,3.43,12.0,3200,17830,20121,56438,9707,17757,59153,14541.12,15425.19,45824.85,15552.88,15693.85,45929.76,0.00,0.00,0.00,1011.76,268.66,104.91,1052.07,1052.07,1.005,0.049,0.543,-4.281,-0.750,0.203,10837,171.7,0,-0.9496,-0.0249,0.0064,-0.3125,36.4,-1.6,0.0
2938657,2026-09-11_09-12-36.658-240,v5.1.3,3.43,12.0,3200,17807,20146,56509,9685,17801,59303,14521.94,15444.78,45882.47,15554.40,15733.03,46052.74,0.00,0.00,0.00,1032.47,288.25,170.27,1085.39,1085.39,1.005,0.052,0.545,-4.438,-1.203,0.391,10835,175.9,0,-0.9495,-0.0260,0.0062,-0.3126,36.4,-1.6,0.0
2938763,2026-09-11_09-12-36.763-240,v5.1.3,3.43,12.0,3200,17828,20195,56444,9703,17840,59159,14538.97,15486.20,45829.10,15548.21,15761.69,45934.08,0.00,0.00,0.00,1009.25,275.49,104.98,1051.42,1051.42,1.005,0.052,0.542,-3.609,-1.250,-0.031,10840,171.6,0,-0.9493,-0.0268,0.0067,-0.3130,36.5,-1.7,0.0
2938868,2026-09-11_09-12-36.869-240,v5.1.3,3.43,12.0,3200,17867,20182,56480,9735,17811,59206,14571.31,15474.43,45858.54,15581.85,15739.52,45967.85,0.00,0.00,0.00,1010.54,265.09,109.31,1050.44,1050.44,1.007,0.053,0.540,-4.438,-0.766,-0.031,10840,171.4,0,-0.9494,-0.0269,0.0071,-0.3128,36.4,-1.7,0.0
2938973,2026-09-11_09-12-36.974-240,v5.1.3,3.43,12.0,3200,17886,20124,56376,9719,17730,59151,14587.40,15428.22,45774.32,15563.20,15671.92,45926.85,0.00,0.00,0.00,975.80,243.70,152.53,1017.27,1017.27,1.008,0.053,0.544,-4.641,-1.156,0.844,10840,167.2,0,-0.9495,-0.0259,0.0068,-0.3127,36.4,-1.7,0.0
2939079,2026-09-11_09-12-37.080-240,v5.1.3,3.43,12.0,3200,17830,20109,56346,9743,17746,59106,14541.19,15416.94,45750.02,15576.30,15684.21,45887.21,0.00,0.00,0.00,1035.11,267.27,137.20,1077.82,1077.82,1.003,0.050,0.541,-4.219,-1.031,0.078,10836,174.9,0,-0.9495,-0.0258,0.0068,-0.3128,36.4,-1.7,0.0
2939194,2026-09-11_09-12-37.195-240,v5.1.3,3.43,12.0,3200,17867,20270,56341,9774,17922,59131,14570.71,15549.58,45744.56,15600.61,15828.83,45900.86,0.00,0.00,0.00,1029.90,279.25,156.30,1078.47,1078.47,1.006,0.052,0.541,-3.891,-0.594,0.484,10837,175.0,0,-0.9493,-0.0261,0.0070,-0.3132,36.5,-1.7,0.0
2939300,2026-09-11_09-12-37.300-240,v5.1.3,3.43,12.0,3200,17862,20275,56326,9718,17939,59088,14566.54,15554.02,45732.30,15548.09,15841.00,45873.73,0.00,0.00,0.00,981.55,286.98,141.44,1032.37,1032.37,1.007,0.051,0.547,-4.156,-0.953,0.344,10837,169.1,0,-0.9493,-0.0252,0.0057,-0.3132,36.5,-1.5,0.0
2939405,2026-09-11_09-12-37.406-240,v5.1.3,3.44,12.0,3200,17857,20247,56353,9731,17857,59104,14562.59,15530.47,45754.53,15563.19,15774.61,45885.85,0.00,0.00,0.00,1000.59,244.14,131.32,1038.29,1038.29,1.007,0.052,0.545,-3.547,-0.922,0.281,10837,169.9,0,-0.9491,-0.0265,0.0059,-0.3139,36.6,-1.6,0.0
2939510,2026-09-11_09-12-37.511-240,v5.1.3,3.44,12.0,3200,17807,20233,56341,9695,17856,59109,14521.34,15519.63,45744.87,15534.27,15773.47,45894.79,0.00,0.00,0.00,1012.93,253.84,149.92,1054.96,1054.96,1.007,0.051,0.544,-3.859,-1.078,0.062,10841,172.0,0,-0.9491,-0.0257,0.0063,-0.3140,36.6,-1.6,0.0
2939616,2026-09-11_09-12-37.616-240,v5.1.3,3.44,12.0,3200,17813,20213,56327,9666,17846,59062,14526.43,15503.31,45733.64,15504.14,15763.85,45861.11,0.00,0.00,0.00,977.70,260.53,127.46,1019.82,1019.82,1.007,0.050,0.543,-3.953,-0.672,0.125,10841,167.5,0,-0.9490,-0.0255,0.0065,-0.3142,36.6,-1.6,0.0
2939721,2026-09-11_09-12-37.722-240,v5.1.3,3.44,12.0,3200,17758,20293,56331,9635,17940,59081,14480.42,15569.84,45736.21,15478.75,15840.63,45879.42,0.00,0.00,0.00,998.33,270.80,143.21,1044.28,1044.28,1.004,0.055,0.542,-3.844,-0.719,-0.359,10840,170.7,0,-0.9490,-0.0272,0.0056,-0.3140,36.6,-1.6,0.0
2939826,2026-09-11_09-12-37.827-240,v5.1.3,3.44,12.0,3200,17765,20201,56314,9617,17842,59044,14486.82,15494.12,45723.15,15461.40,15759.56,45853.38,0.00,0.00,0.00,974.58,265.44,130.23,1018.45,1018.45,1.010,0.054,0.539,-4.109,-1.203,-0.062,10838,167.4,0,-0.9491,-0.0272,0.0078,-0.3138,36.5,-1.8,0.0
2939931,2026-09-11_09-12-37.932-240,v5.1.3,3.44,12.0,3200,17761,20236,56297,9612,17870,59058,14483.28,15523.36,45709.00,15458.48,15782.68,45864.96,0.00,0.00,0.00,975.21,259.32,155.96,1021.08,1021.08,1.005,0.048,0.542,-4.203,-1.141,0.625,10840,167.7,0,-0.9492,-0.0242,0.0073,-0.3136,36.5,-1.7,0.0
2940037,2026-09-11_09-12-38.037-240,v5.1.3,3.44,12.0,3200,17743,20209,56350,9637,17834,59110,14468.58,15500.30,45752.41,15487.24,15754.83,45903.79,0.00,0.00,0.00,1018.66,254.53,151.38,1060.84,1060.84,1.007,0.053,0.544,-4.016,-0.688,0.672,10840,172.8,0,-0.9490,-0.0258,0.0064,-0.3140,36.6,-1.6,0.0
2940142,2026-09-11_09-12-38.143-240,v5.1.3,3.44,12.0,3200,17741,20187,56361,9612,17789,59092,14467.07,15481.96,45761.56,15465.35,15717.37,45893.30,0.00,0.00,0.00,998.28,235.41,131.74,1034.09,1034.09,1.005,0.054,0.542,-4.141,-0.906,0.078,10844,169.4,0,-0.9491,-0.0268,0.0062,-0.3139,36.6,-1.6,0.0
2940247,2026-09-11_09-12-38.248-240,v5.1.3,3.44,12.0,3200,17697,20148,56330,9550,17747,59061,14430.94,15450.75,45736.64,15411.12,15681.60,45877.38,0.00,0.00,0.00,980.18,230.84,140.75,1016.78,1016.78,1.006,0.053,0.546,-4.141,-1.109,-0.109,10846,167.2,0,-0.9492,-0.0260,0.0053,-0.3135,36.5,-1.5,0.0
2940352,2026-09-11_09-12-38.353-240,v5.1.3,3.44,12.0,3200,17836,20133,56326,9716,17781,59020,14545.99,15437.05,45733.52,15541.21,15710.42,45821.35,0.00,0.00,0.00,995.22,273.37,87.84,1035.81,1035.81,1.007,0.052,0.541,-3.938,-0.391,0.141,10827,169.6,0,-0.9491,-0.0265,0.0065,-0.3138,36.6,-1.7,0.0
2940458,2026-09-11_09-12-38.458-240,v5.1.3,3.44,12.0,3200,17900,20175,56299,9739,17807,59016,14598.63,15471.57,45711.16,15558.90,15731.82,45814.67,0.00,0.00,0.00,960.27,260.25,103.51,1000.28,1000.28,1.006,0.053,0.540,-4.406,-0.766,0.000,10827,165.0,0,-0.9492,-0.0267,0.0072,-0.3136,36.5,-1.7,0.0
2940563,2026-09-11_09-12-38.563-240,v5.1.3,3.44,12.0,3200,17816,20203,56307,9667,17811,59010,14528.98,15495.38,45717.43,15498.68,15734.07,45819.63,0.00,0.00,0.00,969.70,238.69,102.20,1003.86,1003.86,1.007,0.051,0.544,-4.156,-0.844,-0.094,10837,165.5,0,-0.9493,-0.0256,0.0062,-0.3133,36.5,-1.6,0.0
2940679,2026-09-11_09-12-38.680-240,v5.1.3,3.44,12.0,3200,17814,20126,56296,9667,17736,58957,14527.84,15432.03,45709.14,15493.32,15671.60,45777.98,0.00,0.00,0.00,965.48,239.58,68.84,997.14,997.14,1.009,0.053,0.542,-3.953,-1.078,0.188,10833,164.6,0,-0.9491,-0.0270,0.0072,-0.3136,36.5,-1.8,0.0
2940784,2026-09-11_09-12-38.785-240,v5.1.3,3.44,12.0,3200,17777,20141,56235,9662,17764,58932,14497.14,15445.88,45659.32,15485.00,15693.81,45758.22,0.00,0.00,0.00,987.86,247.92,98.91,1023.28,1023.28,1.005,0.053,0.543,-4.094,-0.906,0.203,10846,168.0,0,-0.9492,-0.0262,0.0059,-0.3134,36.5,-1.6,0.0
2940890,2026-09-11_09-12-38.891-240,v5.1.3,3.44,12.0,3200,17913,20182,56191,9782,17814,58852,14609.33,15479.16,45623.13,15571.37,15734.20,45676.93,0.00,0.00,0.00,962.05,255.04,53.80,996.73,996.73,1.007,0.051,0.540,-4.641,-0.531,0.312,10846,164.6,0,-0.9493,-0.0260,0.0071,-0.3133,36.5,-1.7,0.0
2940995,2026-09-11_09-12-38.996-240,v5.1.3,3.44,12.0,3200,17856,20190,56230,9703,17845,58969,14562.14,15485.64,45654.83,15521.73,15761.29,45781.34,0.00,0.00,0.00,959.59,275.65,126.51,1006.38,1006.38,1.007,0.053,0.545,-4.172,-0.922,-0.406,10848,165.8,0,-0.9494,-0.0269,0.0057,-0.3130,36.5,-1.6,0.0
2941101,2026-09-11_09-12-39.101-240,v5.1.3,3.44,12.0,3200,17788,20129,56123,9677,17739,58862,14506.30,15437.88,45568.19,15488.30,15671.94,45700.24,0.00,0.00,0.00,982.00,234.06,132.05,1018.11,1018.11,1.008,0.051,0.543,-4.453,-1.203,-0.172,10845,167.3,0,-0.9495,-0.0261,0.0068,-0.3127,36.4,-1.7,0.0
2941207,2026-09-11_09-12-39.207-240,v5.1.3,3.44,12.0,3200,17818,20129,56328,9698,17739,59109,14531.13,15433.89,45735.18,15539.85,15678.01,45895.86,0.00,0.00,0.00,1008.72,244.12,160.68,1050.20,1050.20,1.010,0.052,0.543,-3.875,-0.406,-0.078,10845,171.4,0,-0.9494,-0.0268,0.0067,-0.3129,36.4,-1.7,0.0
2941312,2026-09-11_09-12-39.313-240,v5.1.3,3.44,12.0,3200,17772,20194,56371,9665,17817,59084,14492.66,15487.24,45769.64,15507.14,15740.68,45879.29,0.00,0.00,0.00,1014.48,253.44,109.64,1051.39,1051.39,1.006,0.052,0.542,-4.359,-0.703,0.016,10844,171.6,0,-0.9495,-0.0261,0.0063,-0.3125,36.4,-1.6,0.0
2941417,2026-09-11_09-12-39.418-240,v5.1.3,3.44,12.0,3200,17842,20200,56366,9726,17856,59076,14550.50,15491.59,45765.52,15555.22,15773.07,45864.05,0.00,0.00,0.00,1004.71,281.49,98.52,1048.04,1048.04,1.006,0.052,0.542,-4.172,-0.484,-0.094,10844,171.1,0,-0.9495,-0.0267,0.0064,-0.3125,36.4,-1.7,0.0
2941523,2026-09-11_09-12-39.523-240,v5.1.3,3.44,12.0,3200,17824,20177,56418,9675,17772,59168,14535.78,15471.84,45808.08,15528.22,15706.06,45945.99,0.00,0.00,0.00,992.44,234.22,137.91,1028.99,1028.99,1.005,0.051,0.546,-4.406,-1.297,-0.062,10836,168.7,0,-0.9496,-0.0257,0.0057,-0.3122,36.4,-1.5,0.0
2941628,2026-09-11_09-12-39.629-240,v5.1.3,3.44,12.0,3200,17781,20150,56393,9654,17760,59117,14500.40,15450.43,45787.95,15504.17,15694.80,45908.02,0.00,0.00,0.00,1003.77,244.37,120.08,1040.05,1040.05,1.005,0.053,0.541,-4.375,-0.844,0.125,10836,170.1,0,-0.9496,-0.0271,0.0069,-0.3122,36.4,-1.7,0.0
2941733,2026-09-11_09-12-39.734-240,v5.1.3,3.44,12.0,3200,17790,20126,56454,9659,17697,59189,14508.01,15429.43,45837.84,15519.95,15645.14,45965.99,0.00,0.00,0.00,1011.94,215.71,128.15,1042.58,1042.58,1.005,0.052,0.542,-3.609,-0.672,-0.828,10840,170.4,0,-0.9496,-0.0270,0.0060,-0.3122,36.4,-1.6,0.0
2941838,2026-09-11_09-12-39.839-240,v5.1.3,3.44,12.0,3200,17777,20088,56323,9644,17691,59027,14497.50,15400.54,45731.46,15485.29,15636.24,45837.94,0.00,0.00,0.00,987.79,235.70,106.48,1021.09,1021.09,1.006,0.051,0.543,-4.266,-1.469,0.344,10844,167.7,0,-0.9496,-0.0259,0.0069,-0.3122,36.4,-1.7,0.0
2941943,2026-09-11_09-12-39.944-240,v5.1.3,3.44,12.0,3200,17793,20125,56302,9659,17742,58991,14510.48,15431.31,45714.04,15491.29,15677.20,45806.32,0.00,0.00,0.00,980.81,245.90,92.29,1015.37,1015.37,1.006,0.055,0.547,-4.438,-0.766,0.328,10841,167.0,0,-0.9496,-0.0268,0.0052,-0.3121,36.4,-1.5,0.0
2942059,2026-09-11_09-12-40.060-240,v5.1.3,3.44,12.0,3200,17873,20153,56357,9678,17790,59058,14576.46,15452.64,45758.60,15514.95,15718.19,45856.96,0.00,0.00,0.00,938.50,265.56,98.36,980.29,980.29,1.010,0.056,0.547,-3.938,-0.859,0.672,10841,162.5,0,-0.9494,-0.0275,0.0055,-0.3127,36.4,-1.6,0.0
2942164,2026-09-11_09-12-40.165-240,v5.1.3,3.44,12.0,3200,17776,20209,56319,9625,17869,59040,14495.86,15500.52,45727.16,15466.72,15781.60,45848.74,0.00,0.00,0.00,970.86,281.07,121.58,1018.01,1018.01,1.009,0.052,0.542,-4.219,-1.406,0.312,10844,167.3,0,-0.9495,-0.0261,0.0074,-0.3127,36.4,-1.7,0.0
2942270,2026-09-11_09-12-40.270-240,v5.1.3,3.44,12.0,3200,17778,20229,56312,9620,17913,59041,14497.38,15517.14,45721.29,15461.57,15817.47,45849.67,0.00,0.00,0.00,964.19,300.33,128.38,1018.01,1018.01,1.007,0.049,0.543,-3.891,-1.109,0.188,10843,167.3,0,-0.9494,-0.0250,0.0072,-0.3129,36.4,-1.7,0.0
2942375,2026-09-11_09-12-40.376-240,v5.1.3,3.44,12.0,3200,17775,20287,56295,9676,17979,59015,14494.51,15565.36,45706.94,15502.32,15871.41,45820.30,0.00,0.00,0.00,1007.81,306.05,113.37,1059.34,1059.34,1.005,0.051,0.541,-4.344,-0.906,-0.141,10853,172.6,0,-0.9495,-0.0258,0.0071,-0.3127,36.4,-1.7,0.0
2942480,2026-09-11_09-12-40.481-240,v5.1.3,3.44,12.0,3200,17826,20329,56294,9726,18024,59019,14536.40,15599.54,45705.76,15542.84,15908.85,45816.13,0.00,0.00,0.00,1006.44,309.30,110.37,1058.66,1058.66,1.005,0.051,0.540,-4.531,-0.609,0.062,10853,172.5,0,-0.9496,-0.0257,0.0073,-0.3124,36.4,-1.7,0.0
2942586,2026-09-11_09-12-40.586-240,v5.1.3,3.44,12.0,3200,17804,20317,56317,9673,18003,59038,14518.29,15589.44,45724.60,15502.40,15891.50,45838.89,0.00,0.00,0.00,984.11,302.06,114.29,1035.75,1035.75,1.008,0.052,0.547,-4.656,-0.844,0.359,10853,169.6,0,-0.9497,-0.0251,0.0059,-0.3122,36.4,-1.5,0.0
2942691,2026-09-11_09-12-40.692-240,v5.1.3,3.44,12.0,3200,17756,20236,56382,9603,17915,59108,14479.15,15521.88,45778.24,15456.81,15820.47,45905.80,0.00,0.00,0.00,977.66,298.59,127.56,1030.17,1030.17,1.005,0.051,0.543,-4.250,-0.562,0.391,10844,168.9,0,-0.9496,-0.0254,0.0062,-0.3124,36.4,-1.6,0.0
2942796,2026-09-11_09-12-40.797-240,v5.1.3,3.44,12.0,3200,17738,20174,56379,9600,17856,59117,14464.68,15470.93,45776.33,15457.16,15772.50,45914.18,0.00,0.00,0.00,992.48,301.57,137.86,1046.40,1046.40,1.005,0.049,0.540,-4.141,-0.859,0.500,10844,170.9,0,-0.9495,-0.0251,0.0076,-0.3128,36.4,-1.7,0.0
2942901,2026-09-11_09-12-40.902-240,v5.1.3,3.44,12.0,3200,17650,20213,56402,9504,17867,59110,14391.65,15503.60,45794.72,15376.85,15780.13,45921.52,0.00,0.00,0.00,985.21,276.54,126.80,1031.11,1031.11,1.006,0.052,0.544,-4.250,-0.484,-0.297,10839,169.0,0,-0.9496,-0.0256,0.0057,-0.3125,36.4,-1.5,0.0
2943007,2026-09-11_09-12-40.007-240,v5.1.3,3.44,12.0,3200,17713,20161,56380,9568,17827,59159,14444.09,15460.43,45777.25,15437.41,15749.42,45952.66,0.00,0.00,0.00,993.31,288.99,175.41,1049.27,1049.27,1.007,0.051,0.543,-4.234,-0.797,0.078,10846,171.3,0,-0.9495,-0.0258,0.0067,-0.3126,36.4,-1.7,0.0
2943112,2026-09-11_09-12-41.112-240,v5.1.3,3.44,12.0,3200,17742,20221,56378,9578,17857,59120,14467.67,15509.71,45775.11,15439.43,15773.11,45919.59,0.00,0.00,0.00,971.76,263.40,144.47,1017.14,1017.14,1.007,0.053,0.543,-4.375,-1.469,0.891,10842,167.2,0,-0.9495,-0.0258,0.0071,-0.3127,36.4,-1.7,0.0
2943217,2026-09-11_09-12-41.218-240,v5.1.3,3.44,12.0,3200,17823,20242,56371,9679,17873,59104,14534.51,15526.36,45769.23,15519.95,15787.03,45892.74,0.00,0.00,0.00,985.44,260.67,123.51,1026.78,1026.78,1.008,0.053,0.542,-3.969,-0.891,-0.109,10842,168.4,0,-0.9494,-0.0270,0.0069,-0.3128,36.4,-1.7,0.0
2943322,2026-09-11_09-12-41.323-240,v5.1.3,3.44,12.0,3200,17788,20172,56407,9609,17804,59188,14506.04,15468.27,45799.16,15475.80,15731.84,45970.67,0.00,0.00,0.00,969.76,263.56,171.51,1019.47,1019.47,1.008,0.050,0.540,-4.203,-1.188,-0.312,10845,167.5,0,-0.9495,-0.0260,0.0079,-0.3124,36.4,-1.8,0.0
2943428,2026-09-11_09-12-41.428-240,v5.1.3,3.44,12.0,3200,17870,20129,56367,9726,17803,59138,14574.14,15432.67,45766.95,15565.22,15731.28,45914.53,0.00,0.00,0.00,991.09,298.61,147.58,1045.56,1045.56,1.006,0.051,0.547,-4.328,-1.109,0.156,10852,170.8,0,-0.9496,-0.0255,0.0061,-0.3124,36.4,-1.6,0.0
2943543,2026-09-11_09-12-41.544-240,v5.1.3,3.44,12.0,3200,17908,20243,56350,9790,17888,59095,14604.79,15526.71,45752.12,15609.69,15800.42,45870.18,0.00,0.00,0.00,1004.90,273.71,118.05,1048.18,1048.18,1.003,0.054,0.544,-3.797,-1.031,0.031,10843,171.2,0,-0.9494,-0.0274,0.0058,-0.3129,36.4,-1.6,0.0
2943649,2026-09-11_09-12-41.650-240,v5.1.3,3.44,12.0,3200,17824,20163,56339,9657,17832,59058,14535.87,15461.70,45743.85,15496.54,15752.21,45859.30,0.00,0.00,0.00,960.68,290.51,115.45,1010.26,1010.26,1.008,0.051,0.542,-4.078,-0.688,0.172,10843,166.3,0,-0.9494,-0.0258,0.0068,-0.3129,36.4,-1.7,0.0
2943755,2026-09-11_09-12-41.755-240,v5.1.3,3.44,12.0,3200,17783,20164,56323,9649,17775,59099,14501.95,15463.23,45730.80,15497.16,15706.56,45894.05,0.00,0.00,0.00,995.21,243.33,163.25,1037.45,1037.45,1.004,0.051,0.542,-3.719,-1.156,-0.828,10847,169.8,0,-0.9494,-0.0269,0.0064,-0.3128,36.4,-1.7,0.0
2943860,2026-09-11_09-12-41.861-240,v5.1.3,3.44,12.0,3200,17811,20206,56317,9648,17850,59070,14524.83,15497.73,45725.56,15490.32,15767.08,45869.94,0.00,0.00,0.00,965.49,269.35,144.38,1012.71,1012.71,1.006,0.049,0.543,-4.250,-0.922,0.047,10840,166.6,0,-0.9495,-0.0249,0.0068,-0.3127,36.4,-1.6,0.0
2943965,2026-09-11_09-12-41.966-240,v5.1.3,3.44,12.0,3200,17841,20219,56277,9697,17878,59057,14549.54,15508.88,45692.86,15528.12,15790.23,45852.46,0.00,0.00,0.00,978.57,281.34,159.59,1030.65,1030.65,1.005,0.052,0.544,-4.516,-0.828,3.391,10853,168.9,0,-0.9491,-0.0234,0.0072,-0.3140,36.6,-1.6,0.0
2944071,2026-09-11_09-12-42.071-240,v5.1.3,3.44,12.0,3200,17818,20181,56353,9660,17837,59178,14530.79,15476.37,45755.09,15515.53,15759.16,45955.25,0.00,0.00,0.00,984.74,282.79,200.16,1043.91,1043.91,1.008,0.051,0.545,-4.438,-1.031,0.141,10853,170.6,0,-0.9491,-0.0256,0.0067,-0.3140,36.6,-1.7,0.0
2944176,2026-09-11_09-12-42.177-240,v5.1.3,3.44,12.0,3200,17820,20194,56412,9662,17818,59255,14532.36,15486.03,45803.04,15528.36,15745.49,46017.10,0.00,0.00,0.00,996.00,259.47,214.05,1051.26,1051.26,1.007,0.052,0.542,-4.062,-1.047,0.000,10841,171.6,0,-0.9490,-0.0264,0.0072,-0.3140,36.6,-1.7,0.0
2944281,2026-09-11_09-12-42.282-240,v5.1.3,3.44,12.0,3200,17785,20137,56361,9631,17770,59139,14503.79,15440.23,45761.99,15488.02,15703.20,45928.71,0.00,0.00,0.00,984.23,262.97,166.73,1032.31,1032.31,1.007,0.052,0.543,-4.375,-0.906,0.000,10838,169.1,0,-0.9492,-0.0261,0.0067,-0.3137,36.5,-1.7,0.0
2944386,2026-09-11_09-12-42.387-240,v5.1.3,3.43,12.0,3200,17759,20184,56468,9620,17829,59224,14481.98,15477.38,45848.74,15489.18,15753.23,45997.78,0.00,0.00,0.00,1007.20,275.85,149.04,1054.87,1054.87,1.010,0.052,0.544,-3.656,-0.922,0.734,10840,172.0,0,-0.9490,-0.0255,0.0068,-0.3142,36.6,-1.7,0.0
2944492,2026-09-11_09-12-42.492-240,v5.1.3,3.43,12.0,3200,17775,20194,56440,9675,17814,59224,14495.15,15485.97,45825.85,15534.87,15741.66,45990.46,0.00,0.00,0.00,1039.72,255.68,164.61,1083.28,1083.28,1.005,0.056,0.542,-4.344,-0.578,0.531,10840,175.6,0,-0.9490,-0.0269,0.0060,-0.3141,36.6,-1.6,0.0
2944597,2026-09-11_09-12-42.598-240,v5.1.3,3.43,12.0,3200,17851,20227,56435,9677,17874,59205,14557.77,15512.55,45821.50,15532.28,15790.20,45974.17,0.00,0.00,0.00,974.51,277.65,152.67,1024.73,1024.73,1.007,0.053,0.539,-4.094,-0.906,0.812,10843,168.2,0,-0.9489,-0.0264,0.0076,-0.3143,36.6,-1.8,0.0
2944702,2026-09-11_09-12-42.703-240,v5.1.3,3.43,12.0,3200,17820,20200,56561,9666,17819,59387,14532.33,15488.30,45924.36,15549.93,15749.47,46122.61,0.00,0.00,0.00,1017.60,261.17,198.25,1069.12,1069.12,1.006,0.052,0.543,-3.969,-1.062,0.219,10847,173.8,0,-0.9490,-0.0256,0.0067,-0.3143,36.6,-1.7,0.0
2944808,2026-09-11_09-12-42.808-240,v5.1.3,3.43,12.0,3200,17814,20128,56521,9682,17770,59319,14527.85,15429.64,45892.40,15554.98,15708.07,46066.40,0.00,0.00,0.00,1027.13,278.43,174.00,1078.33,1078.33,1.009,0.053,0.539,-4.234,-1.203,0.219,10847,175.0,0,-0.9489,-0.0271,0.0083,-0.3143,36.6,-1.9,0.0
2944913,2026-09-11_09-12-42.914-240,v5.1.3,3.43,12.0,3200,17818,20088,56484,9640,17708,59251,14531.42,15397.24,45862.60,15512.61,15655.35,46018.27,0.00,0.00,0.00,981.19,258.11,155.67,1026.45,1026.45,1.010,0.051,0.544,-4.219,-1.188,-0.125,10846,168.4,0,-0.9491,-0.0257,0.0073,-0.3139,36.6,-1.7,0.0
2945028,2026-09-11_09-12-43.029-240,v5.1.3,3.43,12.0,3200,17837,20194,56388,9678,17859,59151,14546.41,15486.29,45783.50,15526.02,15776.70,45930.82,0.00,0.00,0.00,979.60,290.41,147.33,1032.31,1032.31,1.007,0.056,0.543,-3.906,-1.203,0.312,10841,169.1,0,-0.9490,-0.0278,0.0067,-0.3141,36.6,-1.7,0.0
2945134,2026-09-11_09-12-43.134-240,v5.1.3,3.43,12.0,3200,17862,20285,56393,9687,17942,59137,14566.48,15561.08,45786.79,15529.28,15844.22,45917.30,0.00,0.00,0.00,962.80,283.15,130.52,1012.02,1012.02,1.007,0.053,0.544,-4.688,-1.125,0.203,10846,166.5,0,-0.9493,-0.0256,0.0062,-0.3134,36.5,-1.6,0.0
2945239,2026-09-11_09-12-43.240-240,v5.1.3,3.43,12.0,3200,17854,20277,56431,9651,17920,59234,14559.92,15553.87,45817.81,15513.67,15828.11,46000.44,0.00,0.00,0.00,953.76,274.24,182.63,1009.07,1009.07,1.005,0.050,0.547,-3.719,-1.172,-0.172,10846,166.2,0,-0.9492,-0.0256,0.0054,-0.3136,36.5,-1.5,0.0
2945344,2026-09-11_09-12-43.345-240,v5.1.3,3.43,12.0,3200,17804,20259,56412,9666,17918,59206,14518.69,15539.85,45802.48,15522.20,15826.00,45975.91,0.00,0.00,0.00,1003.51,286.15,173.43,1057.82,1057.82,1.005,0.055,0.543,-4.219,-0.828,0.172,10842,172.4,0,-0.9492,-0.0269,0.0058,-0.3136,36.5,-1.6,0.0
2945450,2026-09-11_09-12-43.450-240,v5.1.3,3.43,12.0,3200,17817,20198,56396,9652,17871,59180,14529.85,15489.65,45789.98,15508.31,15786.86,45957.52,0.00,0.00,0.00,978.46,297.21,167.55,1036.24,1036.24,1.006,0.053,0.547,-4.438,-0.797,0.000,10854,169.6,0,-0.9493,-0.0258,0.0050,-0.3132,36.5,-1.5,0.0
2945555,2026-09-11_09-12-43.556-240,v5.1.3,3.43,12.0,3200,17764,20219,56371,9669,17831,59156,14485.88,15507.96,45769.43,15520.04,15753.86,45936.43,0.00,0.00,0.00,1034.17,245.89,167.00,1076.04,1076.04,1.007,0.053,0.543,-4.188,-1.016,-0.031,10846,174.7,0,-0.9493,-0.0266,0.0063,-0.3132,36.5,-1.6,0.0
2945660,2026-09-11_09-12-43.661-240,v5.1.3,3.43,12.0,3200,17715,20179,56354,9578,17822,59124,14445.62,15475.74,45755.92,15440.92,15744.64,45923.24,0.00,0.00,0.00,995.30,268.90,167.32,1044.47,1044.47,1.005,0.053,0.542,-3.828,-1.125,0.531,10846,170.7,0,-0.9492,-0.0263,0.0067,-0.3134,36.5,-1.7,0.0
2945766,2026-09-11_09-12-43.766-240,v5.1.3,3.43,12.0,3200,17685,20314,56384,9543,18001,59171,14419.91,15586.95,45779.20,15413.86,15891.41,45963.54,0.00,0.00,0.00,993.95,304.46,184.34,1055.75,1055.75,1.008,0.052,0.543,-3.844,-0.953,0.359,10841,172.1,0,-0.9492,-0.0253,0.0065,-0.3135,36.5,-1.6,0.0
2945871,2026-09-11_09-12-43.871-240,v5.1.3,3.43,12.0,3200,17737,20208,56403,9558,17860,59133,14463.63,15498.58,45795.59,15424.69,15775.62,45932.73,0.00,0.00,0.00,961.06,277.04,137.14,1009.56,1009.56,1.007,0.054,0.545,-4.453,-1.062,0.266,10833,166.2,0,-0.9493,-0.0262,0.0061,-0.3133,36.5,-1.6,0.0
2945976,2026-09-11_09-12-43.977-240,v5.1.3,3.43,12.0,3200,17749,20235,56350,9623,17871,59137,14473.36,15521.70,45752.18,15478.47,15785.49,45926.93,0.00,0.00,0.00,1005.11,263.79,174.75,1053.74,1053.74,1.005,0.050,0.544,-4.266,-0.953,0.172,10845,171.9,0,-0.9494,-0.0250,0.0061,-0.3131,36.5,-1.6,0.0
2946081,2026-09-11_09-12-44.082-240,v5.1.3,3.43,12.0,3200,17756,20193,56419,9598,17835,59208,14479.44,15485.72,45808.75,15468.69,15757.48,45987.85,0.00,0.00,0.00,989.25,271.76,179.10,1041.42,1041.42,1.006,0.053,0.545,-3.922,-1.016,0.031,10845,170.3,0,-0.9492,-0.0266,0.0059,-0.3134,36.5,-1.6,0.0
2946187,2026-09-11_09-12-44.187-240,v5.1.3,3.43,12.0,3200,17784,20189,56403,9637,17807,59181,14502.62,15482.42,45795.75,15497.80,15734.46,45961.18,0.00,0.00,0.00,995.18,252.04,165.43,1039.84,1039.84,1.005,0.053,0.543,-4.109,-1.250,-0.031,10849,170.1,0,-0.9493,-0.0265,0.0063,-0.3132,36.5,-1.6,0.0
2946292,2026-09-11_09-12-44.292-240,v5.1.3,3.43,12.0,3200,17765,20157,56406,9600,17761,59192,14487.12,15456.14,45798.47,15470.09,15696.73,45975.65,0.00,0.00,0.00,982.96,240.59,177.18,1027.37,1027.37,1.006,0.052,0.543,-4.266,-0.812,-0.031,10843,168.5,0,-0.9494,-0.0260,0.0061,-0.3130,36.5,-1.6,0.0
2946397,2026-09-11_09-12-44.398-240,v5.1.3,3.43,12.0,3200,17807,20181,56377,9727,17830,59145,14521.69,15476.05,45774.64,15566.30,15753.49,45919.68,0.00,0.00,0.00,1044.61,277.44,145.04,1090.51,1090.51,1.006,0.051,0.543,-4.141,-1.000,0.000,10843,176.6,0,-0.9494,-0.0260,0.0065,-0.3130,36.5,-1.6,0.0
2946512,2026-09-11_09-12-44.513-240,v5.1.3,3.43,12.0,3200,17975,20200,56423,9820,17857,59191,14660.49,15489.23,45811.96,15648.53,15777.75,45943.61,0.00,0.00,0.00,988.04,288.52,131.65,1037.69,1037.69,1.007,0.051,0.542,-4.000,-0.844,0.469,10856,169.8,0,-0.9492,-0.0263,0.0073,-0.3135,36.5,-1.7,0.0
2946618,2026-09-11_09-12-44.619-240,v5.1.3,3.43,12.0,3200,17815,20187,56350,9693,17845,59106,14528.26,15481.41,45752.60,15532.50,15764.40,45892.79,0.00,0.00,0.00,1004.23,282.99,140.19,1052.72,1052.72,1.004,0.054,0.541,-4.016,-0.859,0.156,10845,171.7,0,-0.9492,-0.0270,0.0066,-0.3135,36.5,-1.7,0.0
2946724,2026-09-11_09-12-44.724-240,v5.1.3,3.43,12.0,3200,17786,20151,56323,9650,17820,59117,14504.52,15452.47,45730.91,15499.28,15743.73,45907.81,0.00,0.00,0.00,994.76,291.26,176.90,1051.51,1051.51,1.010,0.051,0.544,-3.891,-1.078,0.281,10844,171.6,0,-0.9492,-0.0256,0.0069,-0.3136,36.5,-1.7,0.0
2946830,2026-09-11_09-12-44.830-240,v5.1.3,3.43,12.0,3200,17773,20170,56267,9644,17837,59027,14493.64,15469.29,45685.13,15481.41,15755.41,45836.10,0.00,0.00,0.00,987.77,286.12,150.96,1039.40,1039.40,1.006,0.052,0.543,-4.188,-0.781,0.344,10844,170.0,0,-0.9492,-0.0257,0.0063,-0.3137,36.5,-1.6,0.0
2946935,2026-09-11_09-12-44.936-240,v5.1.3,3.43,12.0,3200,17822,20226,56229,9656,17903,58998,14533.78,15515.71,45653.70,15485.51,15808.74,45810.33,0.00,0.00,0.00,951.73,293.02,156.62,1008.06,1008.06,1.007,0.052,0.540,-4.391,-0.891,0.484,10855,166.0,0,-0.9491,-0.0261,0.0077,-0.3137,36.5,-1.8,0.0
2947041,2026-09-11_09-12-45.041-240,v5.1.3,3.43,12.0,3200,17829,20244,56321,9691,17902,59155,14539.46,15528.85,45728.49,15536.13,15812.05,45931.72,0.00,0.00,0.00,996.67,283.20,203.23,1055.87,1055.87,1.005,0.051,0.544,-3.969,-1.312,-0.031,10848,172.1,0,-0.9492,-0.0257,0.0063,-0.3136,36.5,-1.6,0.0
2947146,2026-09-11_09-12-45.146-240,v5.1.3,3.43,12.0,3200,17817,20186,56416,9668,17842,59271,14529.93,15479.38,45806.37,15534.88,15765.53,46028.83,0.00,0.00,0.00,1004.95,286.15,222.46,1068.31,1068.31,1.005,0.053,0.543,-4.188,-0.859,-0.031,10850,173.7,0,-0.9492,-0.0268,0.0062,-0.3135,36.5,-1.6,0.0
2947251,2026-09-11_09-12-45.252-240,v5.1.3,3.43,12.0,3200,17821,20182,56453,9646,17787,59238,14533.27,15475.37,45836.54,15513.65,15719.59,46006.01,0.00,0.00,0.00,980.38,244.22,169.46,1024.46,1024.46,1.003,0.052,0.544,-4.453,-0.938,0.125,10850,168.1,0,-0.9493,-0.0258,0.0054,-0.3132,36.5,-1.5,0.0
2947357,2026-09-11_09-12-45.357-240,v5.1.3,3.43,12.0,3200,17784,20180,56466,9650,17801,59236,14502.68,15473.86,45847.15,15516.29,15731.02,46003.68,0.00,0.00,0.00,1013.61,257.17,156.53,1057.37,1057.37,1.007,0.052,0.543,-4.453,-0.750,0.250,10849,172.3,0,-0.9494,-0.0258,0.0063,-0.3131,36.5,-1.6,0.0
2947462,2026-09-11_09-12-45.462-240,v5.1.3,3.43,12.0,3200,17820,20237,56469,9665,17876,59243,14532.07,15520.50,45849.11,15527.62,15792.58,46006.32,0.00,0.00,0.00,995.55,272.08,157.21,1043.96,1043.96,1.007,0.053,0.544,-4.000,-1.156,0.172,10841,170.6,0,-0.9493,-0.0266,0.0064,-0.3132,36.5,-1.7,0.0
2947567,2026-09-11_09-12-45.568-240,v5.1.3,3.43,12.0,3200,17866,20243,56451,9706,17918,59219,14570.07,15525.32,45834.39,15556.93,15826.80,45980.90,0.00,0.00,0.00,986.86,301.48,146.51,1042.23,1042.23,1.005,0.054,0.542,-3.828,-1.203,0.266,10843,170.4,0,-0.9492,-0.0270,0.0064,-0.3134,36.5,-1.7,0.0
2947672,2026-09-11_09-12-45.673-240,v5.1.3,3.43,12.0,3200,17811,20188,56577,9634,17843,59346,14524.97,15478.20,45937.49,15517.26,15767.70,46093.73,0.00,0.00,0.00,992.29,289.50,156.23,1045.40,1045.40,1.005,0.051,0.545,-4.062,-0.797,-0.031,10843,170.8,0,-0.9493,-0.0254,0.0055,-0.3132,36.5,-1.5,0.0
2947778,2026-09-11_09-12-45.778-240,v5.1.3,3.43,12.0,3200,17826,20135,56419,9636,17788,59188,14537.71,15437.13,45809.25,15498.46,15719.11,45967.18,0.00,0.00,0.00,960.74,281.98,157.93,1013.65,1013.65,1.010,0.051,0.542,-4.000,-0.703,0.141,10849,166.8,0,-0.9492,-0.0264,0.0071,-0.3135,36.5,-1.7,0.0
2947892,2026-09-11_09-12-45.893-240,v5.1.3,3.43,12.0,3200,17816,20153,56393,9715,17768,59156,14529.32,15452.56,45787.92,15559.59,15703.00,45930.94,0.00,0.00,0.00,1030.27,250.44,143.02,1069.88,1069.88,1.006,0.054,0.538,-4.531,-1.188,-3.828,10847,173.9,0,-0.9498,-0.0306,0.0069,-0.3113,36.2,-1.8,0.0
2947998,2026-09-11_09-12-45.998-240,v5.1.3,3.43,12.0,3200,17816,20197,56376,9676,17865,59159,14529.03,15489.19,45773.70,15525.32,15781.76,45937.45,0.00,0.00,0.00,996.29,292.57,163.75,1051.20,1051.20,1.009,0.055,0.548,-4.625,-0.469,0.781,10847,171.5,0,-0.9501,-0.0264,0.0052,-0.3108,36.2,-1.5,0.0
2948103,2026-09-11_09-12-46.104-240,v5.1.3,3.43,12.0,3200,17849,20276,56379,9677,17974,59156,14555.79,15554.03,45775.46,15522.83,15870.67,45933.53,0.00,0.00,0.00,967.04,316.64,158.07,1029.77,1029.77,1.005,0.053,0.543,-3.953,-1.531,-0.156,10847,168.8,0,-0.9500,-0.0273,0.0065,-0.3109,36.2,-1.7,0.0
2948208,2026-09-11_09-12-46.209-240,v5.1.3,3.43,12.0,3200,17845,20270,56439,9634,17930,59236,14552.52,15548.04,45824.38,15499.69,15836.11,46004.24,0.00,0.00,0.00,947.17,288.08,179.86,1006.21,1006.21,1.010,0.052,0.543,-4.531,-0.609,0.281,10846,165.8,0,-0.9501,-0.0258,0.0069,-0.3107,36.2,-1.7,0.0
2948313,2026-09-11_09-12-46.314-240,v5.1.3,3.43,12.0,3200,17843,20349,56440,9662,18007,59239,14550.34,15613.26,45824.52,15521.11,15899.37,46001.86,0.00,0.00,0.00,970.77,286.11,177.34,1027.47,1027.47,1.005,0.051,0.542,-4.312,-0.906,-0.031,10851,168.5,0,-0.9502,-0.0262,0.0070,-0.3106,36.2,-1.7,0.0
2948418,2026-09-11_09-12-46.419-240,v5.1.3,3.43,12.0,3200,17831,20315,56431,9635,17999,59212,14540.64,15585.47,45817.48,15495.35,15891.88,45983.95,0.00,0.00,0.00,954.70,306.40,166.47,1016.39,1016.39,1.009,0.055,0.540,-4.328,-1.031,0.031,10851,167.1,0,-0.9502,-0.0278,0.0076,-0.3105,36.1,-1.8,0.0
2948524,2026-09-11_09-12-46.524-240,v5.1.3,3.43,12.0,3200,17785,20216,56387,9629,17873,59200,14503.26,15504.99,45782.48,15492.09,15788.68,45976.71,0.00,0.00,0.00,988.83,283.69,194.23,1046.90,1046.90,1.010,0.052,0.542,-4.406,-0.781,0.094,10852,171.0,0,-0.9503,-0.0260,0.0075,-0.3101,36.1,-1.7,0.0
2948629,2026-09-11_09-12-46.630-240,v5.1.3,3.43,12.0,3200,17719,20193,56391,9574,17855,59199,14448.84,15486.59,45785.94,15447.15,15773.29,45983.64,0.00,0.00,0.00,998.31,286.70,197.70,1057.31,1057.31,1.011,0.054,0.546,-4.000,-1.328,0.484,10847,172.3,0,-0.9502,-0.0267,0.0069,-0.3105,36.1,-1.7,0.0
2948735,2026-09-11_09-12-46.736-240,v5.1.3,3.43,12.0,3200,17675,20307,56384,9549,17982,59177,14411.69,15581.27,45779.25,15420.14,15876.12,45967.77,0.00,0.00,0.00,1008.45,294.85,188.52,1067.45,1067.45,1.007,0.053,0.544,-4.016,-1.109,-0.188,10853,173.6,0,-0.9503,-0.0262,0.0062,-0.3103,36.1,-1.6,0.0
2948841,2026-09-11_09-12-46.841-240,v5.1.3,3.43,12.0,3200,17703,20262,56402,9517,17925,59159,14435.15,15543.52,45794.30,15392.81,15828.78,45958.39,0.00,0.00,0.00,957.66,285.26,164.09,1012.63,1012.63,1.007,0.050,0.542,-4.281,-0.703,0.188,10853,166.6,0,-0.9503,-0.0254,0.0069,-0.3103,36.1,-1.7,0.0
2948946,2026-09-11_09-12-46.947-240,v5.1.3,3.43,12.0,3200,17679,20218,56399,9513,17914,59167,14415.59,15507.49,45792.24,15390.92,15819.95,45965.51,0.00,0.00,0.00,975.32,312.46,173.27,1038.71,1038.71,1.007,0.052,0.541,-4.078,-1.094,0.047,10854,170.0,0,-0.9502,-0.0267,0.0074,-0.3104,36.1,-1.8,0.0
2949051,2026-09-11_09-12-47.052-240,v5.1.3,3.43,12.0,3200,17769,20187,56420,9612,17892,59252,14490.23,15480.61,45809.62,15484.80,15805.21,46020.57,0.00,0.00,0.00,994.58,324.59,210.96,1067.26,1067.26,1.005,0.054,0.541,-4.250,-0.812,0.094,10853,173.6,0,-0.9502,-0.0272,0.0067,-0.3103,36.1,-1.7,0.0
2949157,2026-09-11_09-12-47.157-240,v5.1.3,3.43,12.0,3200,17705,20156,56431,9582,17846,59258,14437.51,15455.47,45818.84,15462.16,15767.44,46030.07,0.00,0.00,0.00,1024.64,311.97,211.23,1091.71,1091.71,1.005,0.051,0.543,-4.109,-0.891,-0.328,10853,176.7,0,-0.9503,-0.0261,0.0062,-0.3101,36.1,-1.6,0.0
2949262,2026-09-11_09-12-47.262-240,v5.1.3,3.43,12.0,3200,17828,20132,56420,9739,17806,59200,14539.39,15434.62,45810.09,15584.45,15735.35,45962.54,0.00,0.00,0.00,1045.06,300.73,152.45,1098.10,1098.10,1.008,0.053,0.543,-4.219,-1.125,0.203,10853,177.5,0,-0.9502,-0.0269,0.0070,-0.3104,36.1,-1.7,0.0
2949378,2026-09-11_09-12-47.379-240,v5.1.3,3.42,12.0,3200,17896,20226,56391,9740,17878,59161,14594.99,15512.06,45785.66,15577.95,15793.20,45930.16,0.00,0.00,0.00,982.96,281.14,144.50,1032.53,1032.53,1.008,0.051,0.544,-3.922,-0.938,0.000,10856,169.2,0,-0.9501,-0.0261,0.0067,-0.3107,36.2,-1.7,0.0
2949483,2026-09-11_09-12-47.484-240,v5.1.3,3.42,12.0,3200,17839,20240,56358,9722,17871,59136,14547.76,15524.78,45758.66,15559.84,15786.68,45912.61,0.00,0.00,0.00,1012.09,261.90,153.95,1056.70,1056.70,1.010,0.054,0.539,-4.359,-0.906,-0.141,10862,172.2,0,-0.9501,-0.0276,0.0080,-0.3106,36.2,-1.9,0.0
2949589,2026-09-11_09-12-47.589-240,v5.1.3,3.42,12.0,3200,17814,20183,56363,9672,17823,59144,14527.46,15477.88,45763.22,15521.06,15747.08,45926.47,0.00,0.00,0.00,993.60,269.20,163.25,1042.28,1042.28,1.006,0.052,0.541,-3.969,-1.219,0.250,10851,170.4,0,-0.9501,-0.0261,0.0075,-0.3107,36.2,-1.7,0.0
2949694,2026-09-11_09-12-47.695-240,v5.1.3,3.42,12.0,3200,17809,20123,56311,9665,17805,59086,14523.73,15429.33,45721.38,15507.73,15730.94,45881.05,0.00,0.00,0.00,984.01,301.60,159.67,1041.50,1041.50,1.008,0.054,0.545,-3.922,-1.125,0.344,10851,170.3,0,-0.9499,-0.0270,0.0064,-0.3112,36.2,-1.7,0.0
2949800,2026-09-11_09-12-47.800-240,v5.1.3,3.42,12.0,3200,17776,20185,56325,9659,17831,59141,14496.02,15480.60,45732.25,15509.73,15753.38,45925.73,0.00,0.00,0.00,1013.71,272.78,193.48,1067.45,1067.45,1.007,0.050,0.539,-4.250,-0.875,0.000,10845,173.6,0,-0.9500,-0.0259,0.0080,-0.3111,36.2,-1.8,0.0
2949905,2026-09-11_09-12-47.906-240,v5.1.3,3.42,12.0,3200,17825,20242,56307,9674,17894,59125,14536.16,15527.49,45717.10,15518.19,15804.61,45910.04,0.00,0.00,0.00,982.02,277.11,192.93,1038.45,1038.45,1.008,0.052,0.542,-4.500,-0.828,0.062,10853,169.9,0,-0.9501,-0.0261,0.0073,-0.3109,36.2,-1.7,0.0
2950010,2026-09-11_09-12-47.011-240,v5.1.3,3.42,12.0,3200,17853,20231,56363,9679,17870,59166,14559.39,15517.12,45762.81,15528.63,15786.04,45942.60,0.00,0.00,0.00,969.23,268.92,179.79,1021.79,1021.79,1.007,0.054,0.541,-4.297,-0.625,0.000,10853,167.8,0,-0.9500,-0.0271,0.0069,-0.3109,36.2,-1.7,0.0
2950116,2026-09-11_09-12-48.116-240,v5.1.3,3.42,12.0,3200,17826,20140,56440,9651,17787,59310,14537.68,15440.88,45826.31,15527.75,15721.35,46063.18,0.00,0.00,0.00,990.07,280.47,236.87,1055.94,1055.94,1.009,0.052,0.539,-4.484,-1.000,-0.125,10854,172.1,0,-0.9501,-0.0267,0.0084,-0.3107,36.2,-1.9,0.0
2950221,2026-09-11_09-12-48.222-240,v5.1.3,3.42,12.0,3200,17784,20109,56433,9605,17790,59260,14503.16,15415.83,45820.88,15482.86,15722.06,46029.24,0.00,0.00,0.00,979.70,306.23,208.36,1047.38,1047.38,1.007,0.051,0.542,-4.562,-0.781,0.453,10853,171.1,0,-0.9502,-0.0257,0.0074,-0.3105,36.2,-1.7,0.0
2950326,2026-09-11_09-12-48.327-240,v5.1.3,3.42,12.0,3200,17777,20170,56478,9657,17835,59242,14496.96,15465.46,45857.00,15521.98,15759.00,46007.12,0.00,0.00,0.00,1025.02,293.54,150.11,1076.74,1076.74,1.007,0.052,0.542,-4.172,-0.625,0.375,10856,174.8,0,-0.9501,-0.0261,0.0070,-0.3108,36.2,-1.7,0.0
2950432,2026-09-11_09-12-48.432-240,v5.1.3,3.42,12.0,3200,17840,20204,56471,9679,17876,59225,14548.83,15493.02,45851.02,15536.65,15792.33,45989.94,0.00,0.00,0.00,987.82,299.31,138.92,1041.47,1041.47,1.008,0.052,0.541,-4.266,-1.234,-0.328,10856,170.3,0,-0.9501,-0.0271,0.0078,-0.3107,36.2,-1.8,0.0
2950537,2026-09-11_09-12-48.538-240,v5.1.3,3.42,12.0,3200,17841,20241,56463,9688,17911,59219,14549.41,15523.70,45844.18,15542.30,15820.87,45983.45,0.00,0.00,0.00,992.89,297.17,139.27,1045.72,1045.72,1.006,0.052,0.543,-4.219,-0.734,0.219,10856,170.8,0,-0.9501,-0.0258,0.0067,-0.3107,36.2,-1.6,0.0
2950642,2026-09-11_09-12-48.643-240,v5.1.3,3.42,12.0,3200,17820,20202,56486,9666,17843,59299,14532.31,15491.30,45863.25,15537.09,15766.98,46051.59,0.00,0.00,0.00,1004.78,275.68,188.34,1058.80,1058.80,1.007,0.053,0.543,-4.266,-0.875,0.000,10850,172.5,0,-0.9501,-0.0269,0.0067,-0.3108,36.2,-1.7,0.0
2950747,2026-09-11_09-12-48.748-240,v5.1.3,3.42,12.0,3200,17812,20130,56607,9660,17794,59410,14526.19,15429.76,45962.43,15548.84,15729.53,46142.22,0.00,0.00,0.00,1022.66,299.77,179.79,1080.75,1080.75,1.006,0.052,0.544,-4.547,-1.312,-0.188,10859,175.3,0,-0.9502,-0.0265,0.0065,-0.3105,36.2,-1.7,0.0
2950862,2026-09-11_09-12-48.863-240,v5.1.3,3.42,12.0,3200,17823,20080,56409,9663,17764,59214,14535.60,15391.93,45801.58,15524.93,15700.46,45984.69,0.00,0.00,0.00,989.33,308.53,183.11,1052.38,1052.38,1.009,0.052,0.547,-4.156,-0.859,0.125,10859,171.7,0,-0.9501,-0.0263,0.0060,-0.3109,36.2,-1.6,0.0
2950967,2026-09-11_09-12-48.968-240,v5.1.3,3.42,12.0,3200,17826,20156,56405,9668,17852,59253,14537.57,15454.72,45797.67,15532.12,15773.27,46014.24,0.00,0.00,0.00,994.54,318.55,216.57,1066.53,1066.53,1.007,0.054,0.541,-3.938,-1.047,-0.047,10857,173.5,0,-0.9499,-0.0276,0.0073,-0.3112,36.2,-1.8,0.0
2951073,2026-09-11_09-12-49.073-240,v5.1.3,3.42,12.0,3200,17819,20328,56413,9703,18018,59245,14530.63,15596.65,45802.70,15555.41,15908.99,46000.95,0.00,0.00,0.00,1024.78,312.35,198.25,1089.51,1089.51,1.007,0.051,0.543,-4.609,-1.031,-0.188,10854,176.4,0,-0.9502,-0.0254,0.0067,-0.3106,36.2,-1.6,0.0
2951178,2026-09-11_09-12-49.179-240,v5.1.3,3.42,12.0,3200,17836,20272,56461,9677,17983,59272,14545.07,15549.38,45842.29,15538.68,15880.75,46026.63,0.00,0.00,0.00,993.61,331.36,184.35,1063.50,1063.50,1.007,0.051,0.541,-3.953,-0.625,0.312,10855,173.1,0,-0.9500,-0.0262,0.0074,-0.3112,36.2,-1.7,0.0
2951283,2026-09-11_09-12-49.284-240,v5.1.3,3.42,12.0,3200,17791,20276,56439,9644,17945,59289,14507.83,15553.53,45824.33,15514.88,15849.73,46045.28,0.00,0.00,0.00,1007.05,296.20,220.95,1072.70,1072.70,1.005,0.051,0.545,-4.312,-0.641,-0.141,10855,174.3,0,-0.9501,-0.0254,0.0057,-0.3110,36.2,-1.5,0.0
2951389,2026-09-11_09-12-49.389-240,v5.1.3,3.42,12.0,3200,17796,20234,56437,9650,17915,59241,14512.24,15518.84,45823.06,15513.96,15824.18,46006.26,0.00,0.00,0.00,1001.71,305.34,183.20,1063.12,1063.12,1.005,0.052,0.542,-4.219,-0.844,0.391,10845,173.1,0,-0.9499,-0.0263,0.0066,-0.3113,36.3,-1.7,0.0
2951494,2026-09-11_09-12-49.494-240,v5.1.3,3.42,12.0,3200,17772,20214,56422,9647,17922,59225,14492.53,15502.84,45811.02,15509.08,15829.48,45993.73,0.00,0.00,0.00,1016.55,326.64,182.71,1083.26,1083.26,1.007,0.053,0.543,-4.250,-1.172,-0.109,10854,175.6,0,-0.9499,-0.0267,0.0070,-0.3113,36.2,-1.7,0.0
2951599,2026-09-11_09-12-49.600-240,v5.1.3,3.42,12.0,3200,17717,20243,56397,9584,17929,59243,14446.85,15527.78,45790.40,15459.52,15834.85,46016.70,0.00,0.00,0.00,1012.67,307.07,226.30,1082.13,1082.13,1.005,0.054,0.542,-4.000,-0.922,0.422,10854,175.5,0,-0.9499,-0.0266,0.0064,-0.3114,36.3,-1.6,0.0
2951704,2026-09-11_09-12-49.705-240,v5.1.3,3.42,12.0,3200,17743,20291,56419,9575,17993,59193,14468.03,15566.76,45807.91,15443.47,15885.80,45976.94,0.00,0.00,0.00,975.44,319.04,169.04,1040.12,1040.12,1.007,0.049,0.543,-4.109,-1.031,0.125,10849,170.1,0,-0.9499,-0.0250,0.0071,-0.3115,36.3,-1.7,0.0
2951810,2026-09-11_09-12-49.810-240,v5.1.3,3.42,12.0,3200,17744,20260,56387,9601,17922,59222,14469.06,15541.73,45782.11,15470.79,15828.85,45997.59,0.00,0.00,0.00,1001.72,287.12,215.48,1064.11,1064.11,1.006,0.054,0.543,-4.375,-0.578,-0.156,10860,173.2,0,-0.9499,-0.0268,0.0063,-0.3114,36.3,-1.6,0.0
2951915,2026-09-11_09-12-49.915-240,v5.1.3,3.42,12.0,3200,17772,20197,56448,9602,17845,59262,14492.65,15488.34,45832.34,15479.21,15766.96,46030.57,0.00,0.00,0.00,986.56,278.62,198.23,1044.14,1044.14,1.004,0.050,0.540,-4.641,-0.969,0.219,10856,170.6,0,-0.9500,-0.0254,0.0074,-0.3111,36.2,-1.7,0.0
2952020,2026-09-11_09-12-50.021-240,v5.1.3,3.42,12.0,3200,17699,20157,56423,9577,17823,59242,14432.54,15456.49,45812.31,15456.43,15748.22,46018.18,0.00,0.00,0.00,1023.89,291.73,205.87,1084.36,1084.36,1.008,0.051,0.541,-3.672,-1.422,-0.109,10856,175.8,0,-0.9498,-0.0267,0.0081,-0.3116,36.3,-1.8,0.0
2952125,2026-09-11_09-12-50.126-240,v5.1.3,3.42,12.0,3200,17763,20166,56403,9609,17866,59222,14485.41,15463.64,45795.95,15478.86,15783.24,45997.20,0.00,0.00,0.00,993.46,319.60,201.25,1062.83,1062.83,1.005,0.051,0.544,-3.797,-0.844,0.641,10856,173.0,0,-0.9497,-0.0251,0.0064,-0.3120,36.3,-1.6,0.0
2952231,2026-09-11_09-12-50.231-240,v5.1.3,3.42,12.0,3200,17830,20170,56379,9727,17874,59215,14540.79,15466.71,45776.37,15574.84,15791.05,45975.38,0.00,0.00,0.00,1034.05,324.35,199.01,1101.85,1101.85,1.006,0.055,0.545,-4.047,-0.906,-0.094,10856,178.0,0,-0.9496,-0.0274,0.0058,-0.3123,36.4,-1.6,0.0
2952346,2026-09-11_09-12-50.347-240,v5.1.3,3.42,12.0,3200,17985,20160,56413,9855,17820,59250,14669.03,15456.28,45804.16,15686.52,15749.37,45986.71,0.00,0.00,0.00,1017.49,293.09,182.55,1074.48,1074.48,1.006,0.047,0.542,-4.031,-0.672,0.625,10855,174.5,0,-0.9494,-0.0244,0.0073,-0.3129,36.5,-1.7,0.0
2952452,2026-09-11_09-12-50.452-240,v5.1.3,3.42,12.0,3200,17820,20136,56408,9655,17817,59192,14532.75,15438.22,45800.28,15513.88,15743.11,45967.44,0.00,0.00,0.00,981.14,304.89,167.16,1040.93,1040.93,1.006,0.053,0.545,-4.297,-1.188,0.594,10855,170.2,0,-0.9493,-0.0260,0.0066,-0.3133,36.5,-1.7,0.0
2952558,2026-09-11_09-12-50.558-240,v5.1.3,3.42,12.0,3200,17801,20224,56381,9676,17929,59172,14516.44,15511.54,45777.53,15525.42,15834.30,45947.09,0.00,0.00,0.00,1008.98,322.76,169.56,1072.83,1072.83,1.006,0.052,0.543,-4.188,-0.922,0.062,10852,174.3,0,-0.9493,-0.0261,0.0063,-0.3133,36.5,-1.6,0.0
2952663,2026-09-11_09-12-50.664-240,v5.1.3,3.42,12.0,3200,17838,20260,56334,9697,17915,59163,14546.79,15541.74,45738.94,15541.83,15822.92,45937.17,0.00,0.00,0.00,995.04,281.18,198.23,1052.84,1052.84,1.004,0.053,0.543,-4.125,-0.766,0.234,10860,171.8,0,-0.9493,-0.0261,0.0058,-0.3134,36.5,-1.6,0.0
2952768,2026-09-11_09-12-50.769-240,v5.1.3,3.42,12.0,3200,17870,20222,56310,9687,17907,59132,14573.51,15510.47,45719.72,15529.51,15815.54,45913.72,0.00,0.00,0.00,956.01,305.07,194.00,1022.08,1022.08,1.007,0.054,0.541,-4.000,-0.812,0.234,10864,167.8,0,-0.9491,-0.0270,0.0070,-0.3137,36.5,-1.7,0.0
2952874,2026-09-11_09-12-50.875-240,v5.1.3,3.42,12.0,3200,17822,20188,56393,9639,17899,59219,14534.05,15481.40,45787.62,15502.27,15810.47,45990.29,0.00,0.00,0.00,968.22,329.08,202.66,1042.51,1042.51,1.006,0.052,0.542,-4.375,-0.766,0.375,10864,170.4,0,-0.9492,-0.0255,0.0069,-0.3135,36.5,-1.7,0.0
2952980,2026-09-11_09-12-50.980-240,v5.1.3,3.42,12.0,3200,17810,20184,56295,9646,17919,59137,14524.14,15479.97,45707.82,15496.13,15824.95,45923.19,0.00,0.00,0.00,971.99,344.98,215.36,1053.64,1053.64,1.005,0.052,0.544,-3.969,-1.188,0.156,10862,171.9,0,-0.9491,-0.0259,0.0064,-0.3138,36.6,-1.6,0.0
2953085,2026-09-11_09-12-51.086-240,v5.1.3,3.42,12.0,3200,17803,20263,56433,9669,18011,59296,14517.84,15542.79,45819.55,15534.67,15904.07,46046.66,0.00,0.00,0.00,1016.84,361.28,227.10,1102.75,1102.75,1.006,0.055,0.546,-4.234,-0.906,0.359,10860,178.1,0,-0.9491,-0.0264,0.0052,-0.3138,36.6,-1.5,0.0
2953191,2026-09-11_09-12-51.191-240,v5.1.3,3.42,12.0,3200,17834,20291,56470,9708,18041,59342,14543.29,15564.93,45849.45,15572.37,15930.11,46077.92,0.00,0.00,0.00,1029.08,365.19,228.47,1115.60,1115.60,1.006,0.047,0.543,-4.016,-0.828,0.031,10862,179.8,0,-0.9491,-0.0244,0.0066,-0.3139,36.6,-1.6,0.0
2953296,2026-09-11_09-12-51.297-240,v5.1.3,3.42,12.0,3200,17841,20274,56540,9658,17995,59404,14549.20,15549.56,45906.62,15541.02,15893.42,46135.14,0.00,0.00,0.00,991.82,343.85,228.52,1074.32,1074.32,0.731,-0.147,0.206,-7.422,3.703,-1.938,10862,174.5,0,-0.9502,-0.0207,0.0070,-0.3108,36.2,-1.5,0.0
2953401,2026-09-11_09-12-51.402-240,v5.1.3,3.42,12.0,3200,17853,20222,56551,9701,17976,59368,14559.47,15506.31,45916.03,15571.94,15877.59,46100.59,0.00,0.00,0.00,1012.47,371.28,184.56,1094.07,1094.07,0.863,0.110,0.498,3.469,-1.562,-3.094,10857,177.0,0,-0.9485,-0.0308,0.0029,-0.3153,36.7,-1.4,0.0
2953506,2026-09-11_09-12-51.507-240,v5.1.3,3.42,12.0,3200,17850,20193,56521,9688,17931,59375,14557.18,15482.94,45891.84,15563.40,15840.87,46108.55,0.00,0.00,0.00,1006.22,357.92,216.71,1089.75,1089.75,1.068,0.237,0.563,-3.047,-0.375,-1.203,10857,176.5,0,-0.9482,-0.0371,0.0007,-0.3155,36.8,-1.4,0.0
2953612,2026-09-11_09-12-51.612-240,v5.1.3,3.42,12.0,3200,17808,20202,56476,9639,17937,59343,14522.39,15491.60,45855.11,15518.46,15844.41,46089.45,0.00,0.00,0.00,996.07,352.81,234.34,1082.38,1082.38,0.952,0.061,0.532,-6.703,-0.719,1.500,10857,175.5,0,-0.9491,-0.0302,-0.0003,-0.3136,36.5,-1.0,0.0
2953727,2026-09-11_09-12-51.727-240,v5.1.3,3.42,12.0,3200,17893,20097,56488,9688,17843,59345,14593.38,15403.85,45865.79,15561.58,15768.34,46085.55,0.00,0.00,0.00,968.20,364.49,219.76,1057.62,1057.62,1.010,0.043,0.550,-3.688,-0.422,-0.234,10860,172.4,0,-0.9491,-0.0263,0.0020,-0.3139,36.6,-1.2,0.0
2953832,2026-09-11_09-12-51.833-240,v5.1.3,3.42,12.0,3200,17837,20171,56451,9661,17903,59318,14546.57,15466.17,45835.01,15534.01,15816.34,46066.79,0.00,0.00,0.00,987.44,350.17,231.78,1073.02,1073.02,1.003,0.063,0.545,-4.500,-1.031,0.109,10859,174.3,0,-0.9490,-0.0292,0.0034,-0.3139,36.6,-1.4,0.0
2953937,2026-09-11_09-12-51.938-240,v5.1.3,3.42,12.0,3200,17832,20216,56437,9663,17985,59283,14542.14,15503.62,45823.22,15528.62,15882.47,46037.36,0.00,0.00,0.00,986.49,378.85,214.14,1078.21,1078.21,1.001,0.062,0.545,-3.891,-1.047,0.219,10857,175.0,0,-0.9491,-0.0288,0.0034,-0.3138,36.6,-1.4,0.0
2954042,2026-09-11_09-12-52.043-240,v5.1.3,3.42,12.0,3200,17808,20305,56439,9626,18045,59330,14521.69,15577.30,45824.08,15503.08,15932.09,46079.42,0.00,0.00,0.00,981.39,354.79,255.34,1074.33,1074.33,1.014,0.046,0.541,-4.516,-1.203,0.484,10857,174.5,0,-0.9492,-0.0253,0.0069,-0.3136,36.5,-1.7,0.0
2954148,2026-09-11_09-12-52.148-240,v5.1.3,3.42,12.0,3200,17802,20293,56459,9643,18062,59291,14516.81,15567.10,45840.47,15511.22,15945.25,46045.55,0.00,0.00,0.00,994.40,378.16,205.07,1083.47,1083.47,1.007,0.051,0.540,-4.094,-0.922,0.219,10866,175.7,0,-0.9491,-0.0257,0.0079,-0.3137,36.5,-1.8,0.0
2954253,2026-09-11_09-12-52.254-240,v5.1.3,3.42,12.0,3200,17807,20414,56444,9670,18190,59300,14520.13,15667.21,45827.21,15531.29,16050.27,46047.48,0.00,0.00,0.00,1011.16,383.06,220.27,1103.49,1103.49,1.004,0.052,0.547,-3.734,-0.609,-0.234,10859,178.2,0,-0.9492,-0.0252,0.0048,-0.3137,36.5,-1.4,0.0
2954359,2026-09-11_09-12-52.360-240,v5.1.3,3.44,12.0,3200,17843,20398,56434,9692,18120,59252,14550.01,15653.82,45819.21,15544.61,15992.27,46006.79,0.00,0.00,0.00,994.60,338.45,187.58,1067.22,1067.22,1.008,0.057,0.542,-4.484,-0.547,-0.203,10850,173.6,0,-0.9492,-0.0276,0.0058,-0.3134,36.5,-1.6,0.0
2954464,2026-09-11_09-12-52.465-240,v5.1.3,3.44,12.0,3200,17821,20309,56455,9628,18033,59303,14532.42,15580.19,45837.08,15501.30,15921.68,46057.60,0.00,0.00,0.00,968.89,341.50,220.52,1050.71,1050.71,1.006,0.047,0.543,-4.109,-0.984,-0.078,10850,171.5,0,-0.9493,-0.0245,0.0066,-0.3132,36.5,-1.6,0.0
2954570,2026-09-11_09-12-52.570-240,v5.1.3,3.44,12.0,3200,17773,20267,56441,9598,17961,59300,14493.00,15546.25,45826.04,15478.10,15862.48,46060.19,0.00,0.00,0.00,985.10,316.24,234.16,1060.78,1060.78,1.008,0.054,0.547,-3.891,-1.156,0.188,10867,172.8,0,-0.9492,-0.0265,0.0058,-0.3136,36.5,-1.6,0.0
2954675,2026-09-11_09-12-52.676-240,v5.1.3,3.44,12.0,3200,17683,20229,56449,9537,17971,59251,14418.83,15515.63,45832.87,15420.81,15868.74,46029.02,0.00,0.00,0.00,1001.98,353.11,196.14,1080.34,1080.34,1.009,0.056,0.541,-4.266,-1.078,0.031,10862,175.3,0,-0.9492,-0.0275,0.0069,-0.3133,36.5,-1.7,0.0
2954780,2026-09-11_09-12-52.781-240,v5.1.3,3.44,12.0,3200,17728,20265,56417,9532,18028,59248,14455.80,15545.48,45806.50,15414.76,15915.13,46026.57,0.00,0.00,0.00,958.96,369.65,220.07,1051.04,1051.04,1.006,0.043,0.546,-4.312,-1.094,0.297,10869,171.5,0,-0.9494,-0.0233,0.0068,-0.3131,36.5,-1.6,0.0
2954885,2026-09-11_09-12-52.886-240,v5.1.3,3.44,12.0,3200,17647,20303,56424,9483,18066,59298,14388.57,15577.54,45811.87,15380.34,15946.72,46072.95,0.00,0.00,0.00,991.78,369.19,261.08,1089.99,1089.99,1.004,0.056,0.545,-4.344,-1.000,0.422,10869,176.5,0,-0.9493,-0.0260,0.0056,-0.3132,36.5,-1.5,0.0
2954991,2026-09-11_09-12-52.991-240,v5.1.3,3.44,12.0,3200,17757,20324,56422,9576,18034,59280,14479.39,15593.81,45810.07,15455.27,15921.32,46046.20,0.00,0.00,0.00,975.88,327.51,236.14,1056.11,1056.11,0.996,0.086,0.538,-4.656,-1.312,0.406,10860,172.2,0,-0.9493,-0.0303,0.0048,-0.3128,36.4,-1.6,0.0
2955096,2026-09-11_09-12-53.097-240,v5.1.3,3.44,12.0,3200,17729,20241,56491,9571,17980,59370,14456.80,15524.32,45866.98,15465.07,15879.31,46119.88,0.00,0.00,0.00,1008.28,354.99,252.90,1098.45,1098.45,1.043,0.134,0.547,-6.203,-1.766,2.438,10857,177.6,0,-0.9495,-0.0329,0.0057,-0.3121,36.3,-1.8,0.0
2955211,2026-09-11_09-12-53.212-240,v5.1.3,3.44,12.0,3200,17890,20208,56449,9760,17909,59322,14590.15,15496.22,45833.07,15615.92,15822.54,46056.41,0.00,0.00,0.00,1025.77,326.32,223.35,1099.35,1099.35,0.974,-0.038,0.536,-3.953,-1.453,0.391,10854,177.7,0,-0.9495,-0.0272,0.0073,-0.3125,36.4,-1.8,0.0
2955317,2026-09-11_09-12-53.318-240,v5.1.3,3.44,12.0,3200,17846,20263,56459,9697,18006,59326,14553.40,15541.89,45840.73,15562.02,15901.03,46067.00,0.00,0.00,0.00,1008.62,359.15,226.27,1094.30,1094.30,1.016,0.095,0.543,-2.641,-0.938,-0.219,10854,177.0,0,-0.9490,-0.0328,0.0057,-0.3134,36.5,-1.8,0.0
2955423,2026-09-11_09-12-53.423-240,v5.1.3,3.44,12.0,3200,17842,20322,56398,9697,18088,59263,14549.69,15591.74,45790.54,15551.10,15966.48,46015.35,0.00,0.00,0.00,1001.41,374.74,224.81,1092.61,1092.61,1.008,0.060,0.542,-5.531,-1.000,0.266,10858,176.8,0,-0.9497,-0.0281,0.0057,-0.3117,36.3,-1.6,0.0
2955528,2026-09-11_09-12-53.529-240,v5.1.3,3.44,12.0,3200,17813,20284,56428,9637,18107,59337,14525.97,15560.11,45815.30,15511.46,15982.99,46082.76,0.00,0.00,0.00,985.49,422.88,267.46,1105.24,1105.24,1.005,-0.044,0.510,-3.172,-0.188,-0.188,10862,178.4,0,-0.9496,-0.0242,0.0078,-0.3125,36.4,-1.7,0.0
2955634,2026-09-11_09-12-53.634-240,v5.1.3,3.44,12.0,3200,17820,20257,56389,9671,18089,59255,14531.93,15538.45,45783.77,15528.56,15966.79,46012.46,0.00,0.00,0.00,996.63,428.33,228.69,1108.62,1108.62,1.015,0.095,0.545,-4.156,-1.641,0.031,10862,178.9,0,-0.9494,-0.0292,0.0070,-0.3125,36.4,-1.8,0.0
2955740,2026-09-11_09-12-53.740-240,v5.1.3,3.44,12.0,3200,17792,20235,56415,9662,18086,59296,14508.93,15520.10,45805.13,15526.92,15965.19,46046.67,0.00,0.00,0.00,1017.99,445.09,241.54,1136.99,1136.99,0.998,0.043,0.559,-4.609,-0.844,0.094,10865,182.5,0,-0.9498,-0.0249,0.0043,-0.3120,36.3,-1.4,0.0
2955845,2026-09-11_09-12-53.846-240,v5.1.3,3.44,12.0,3200,17783,20294,56402,9669,18131,59291,14501.09,15569.14,45794.04,15530.79,16001.89,46041.13,0.00,0.00,0.00,1029.70,432.75,247.09,1143.95,1143.95,0.967,0.037,0.568,-1.625,-0.062,-0.688,10857,183.4,0,-0.9492,-0.0233,-0.0010,-0.3137,36.6,-0.7,0.0
2955950,2026-09-11_09-12-53.951-240,v5.1.3,3.44,12.0,3200,17829,20314,56437,9689,18155,59340,14539.00,15584.56,45822.38,15553.42,16022.88,46077.47,0.00,0.00,0.00,1014.42,438.32,255.10,1134.13,1134.13,1.040,0.093,0.522,-2.734,-1.250,-0.406,10868,182.1,0,-0.9488,-0.0286,0.0018,-0.3147,36.7,-1.2,0.0
2956056,2026-09-11_09-12-54.056-240,v5.1.3,3.44,12.0,3200,17838,20322,56478,9649,18153,59397,14546.39,15590.34,45855.70,15528.44,16022.10,46128.76,0.00,0.00,0.00,982.05,431.76,273.06,1106.98,1106.98,0.995,0.087,0.581,-4.906,-1.562,0.172,10868,178.7,0,-0.9490,-0.0300,-0.0022,-0.3140,36.6,-0.8,0.0
2956161,2026-09-11_09-12-54.162-240,v5.1.3,3.44,12.0,3200,17858,20278,56565,9681,18107,59499,14563.23,15552.25,45926.95,15570.16,15987.35,46206.93,0.00,0.00,0.00,1006.92,435.10,279.98,1132.08,1132.08,0.993,-0.050,0.491,-3.625,0.266,-1.031,10864,181.9,0,-0.9490,-0.0269,-0.0000,-0.3141,36.6,-1.0,0.0
2956266,2026-09-11_09-12-54.267-240,v5.1.3,3.44,12.0,3200,17832,20237,56551,9668,18071,59492,14542.00,15518.91,45915.90,15559.44,15957.64,46203.54,0.00,0.00,0.00,1017.43,438.73,287.64,1144.73,1144.73,1.022,0.104,0.537,-2.547,-1.719,-1.172,10860,183.5,0,-0.9486,-0.0337,0.0012,-0.3148,36.7,-1.3,0.0
2956372,2026-09-11_09-12-54.372-240,v5.1.3,3.44,12.0,3200,17855,20243,56554,9647,18090,59457,14560.98,15523.58,45918.29,15536.79,15972.07,46178.04,0.00,0.00,0.00,975.81,448.49,259.75,1104.90,1104.90,0.985,0.082,0.554,-4.734,-0.906,0.844,10858,178.4,0,-0.9489,-0.0326,-0.0029,-0.3140,36.6,-0.9,0.0
2956477,2026-09-11_09-12-54.477-240,v5.1.3,3.44,12.0,3200,17810,20263,56642,9630,18097,59620,14523.65,15538.96,45989.80,15545.21,15981.41,46311.25,0.00,0.00,0.00,1021.57,442.46,321.46,1158.75,1158.75,1.011,0.043,0.531,-4.469,-0.703,0.516,10858,185.3,0,-0.9490,-0.0293,0.0013,-0.3139,36.6,-1.2,0.0
2956582,2026-09-11_09-12-54.583-240,v5.1.3,3.44,12.0,3200,17813,20280,56500,9651,18129,59418,14526.00,15555.52,45873.98,15533.64,16003.03,46145.66,0.00,0.00,0.00,1007.64,447.51,271.68,1135.52,1135.52,1.004,0.046,0.548,-4.094,-0.812,-0.297,10859,182.3,0,-0.9492,-0.0255,0.0030,-0.3137,36.6,-1.2,0.0
2956698,2026-09-11_09-12-54.698-240,v5.1.3,3.44,12.0,3200,17874,20189,56507,9687,18034,59460,14577.05,15479.65,45880.47,15571.63,15926.92,46175.70,0.00,0.00,0.00,994.58,447.27,295.23,1129.78,1129.78,1.006,0.056,0.542,-4.297,-0.828,0.438,10858,181.6,0,-0.9490,-0.0274,0.0056,-0.3141,36.6,-1.6,0.0
2956803,2026-09-11_09-12-54.804-240,v5.1.3,3.44,12.0,3200,17809,20032,56516,9643,17872,59416,14524.36,15350.52,45889.15,15533.61,15793.13,46148.38,0.00,0.00,0.00,1009.25,442.61,259.23,1132.12,1132.12,1.006,0.042,0.546,-3.828,-1.016,0.078,10867,181.9,0,-0.9490,-0.0236,0.0063,-0.3144,36.6,-1.5,0.0
2956908,2026-09-11_09-12-54.909-240,v5.1.3,3.44,12.0,3200,17824,20263,56490,9650,18148,59415,14535.21,15541.55,45865.99,15531.89,16018.45,46143.15,0.00,0.00,0.00,996.68,476.90,277.16,1139.14,1139.14,1.004,0.054,0.541,-4.312,-1.047,0.531,10867,182.8,0,-0.9488,-0.0260,0.0068,-0.3147,36.7,-1.7,0.0
2957013,2026-09-11_09-12-55.014-240,v5.1.3,3.44,12.0,3200,17841,20310,56458,9648,18182,59382,14548.95,15580.76,45839.52,15524.76,16045.40,46116.48,0.00,0.00,0.00,975.81,464.64,276.96,1115.71,1115.71,1.005,0.055,0.545,-3.938,-1.078,0.078,10858,179.8,0,-0.9488,-0.0265,0.0054,-0.3147,36.7,-1.5,0.0
2957119,2026-09-11_09-12-55.119-240,v5.1.3,3.44,12.0,3200,17875,20388,56431,9676,18236,59403,14576.54,15645.30,45816.86,15549.30,16090.31,46128.85,0.00,0.00,0.00,972.75,445.01,312.00,1114.29,1114.29,1.005,0.049,0.543,-4.344,-0.531,3.750,10863,179.6,0,-0.9485,-0.0216,0.0071,-0.3160,36.8,-1.6,0.0
2957224,2026-09-11_09-12-55.224-240,v5.1.3,3.44,12.0,3200,17880,20385,56449,9723,18217,59402,14580.70,15642.45,45831.54,15588.36,16075.36,46121.88,0.00,0.00,0.00,1007.66,432.91,290.33,1134.50,1134.50,1.048,0.038,0.554,-4.734,-0.828,0.891,10863,182.2,0,-0.9484,-0.0210,0.0108,-0.3163,36.9,-1.9,0.0
2957329,2026-09-11_09-12-55.330-240,v5.1.3,3.44,12.0,3200,17824,20309,56517,9635,18130,59464,14534.90,15579.04,45887.58,15526.82,16004.73,46184.80,0.00,0.00,0.00,991.91,425.69,297.22,1119.57,1119.57,0.982,0.038,0.535,-3.250,-1.000,0.125,10864,180.3,0,-0.9481,-0.0210,0.0078,-0.3172,37.0,-1.6,0.0
2957434,2026-09-11_09-12-55.435-240,v5.1.3,3.44,12.0,3200,17790,20279,56493,9626,18108,59440,14506.99,15555.05,45868.29,15516.66,15986.10,46167.02,0.00,0.00,0.00,1009.68,431.05,298.73,1137.76,1137.76,1.002,0.082,0.541,-4.344,-0.891,0.094,10863,182.6,0,-0.9480,-0.0256,0.0064,-0.3171,37.0,-1.6,0.0
2957540,2026-09-11_09-12-55.540-240,v5.1.3,3.44,12.0,3200,17748,20366,56531,9582,18238,59465,14471.67,15626.61,45898.49,15480.45,16092.25,46191.48,0.00,0.00,0.00,1008.77,465.64,292.98,1149.03,1149.03,1.006,0.038,0.543,-4.672,-1.031,0.609,10858,184.0,0,-0.9483,-0.0211,0.0077,-0.3167,36.9,-1.6,0.0
2957645,2026-09-11_09-12-55.646-240,v5.1.3,3.44,12.0,3200,17731,20281,56483,9545,18229,59424,14458.18,15557.47,45860.12,15444.53,16083.49,46163.69,0.00,0.00,0.00,986.35,526.02,303.57,1158.34,1158.34,1.008,0.056,0.547,-4.453,-0.781,0.062,10858,185.2,0,-0.9482,-0.0246,0.0062,-0.3166,36.9,-1.6,0.0
2957750,2026-09-11_09-12-55.751-240,v5.1.3,3.44,12.0,3200,17725,20363,56499,9491,18348,59391,14452.67,15624.94,45872.45,15392.33,16179.17,46143.04,0.00,0.00,0.00,939.66,554.23,270.59,1123.99,1123.99,1.006,0.057,0.542,-4.469,-1.109,0.094,10869,180.8,0,-0.9483,-0.0267,0.0061,-0.3161,36.8,-1.6,0.0
2957855,2026-09-11_09-12-55.856-240,v5.1.3,3.44,12.0,3200,17767,20379,56493,9580,18423,59428,14487.30,15637.84,45867.43,15468.75,16242.35,46159.69,0.00,0.00,0.00,981.45,604.51,292.27,1189.16,1189.16,1.003,0.044,0.543,-4.453,-1.141,0.031,10858,189.1,0,-0.9486,-0.0230,0.0067,-0.3156,36.8,-1.6,0.0
2957961,2026-09-11_09-12-55.961-240,v5.1.3,3.44,12.0,3200,17783,20371,56562,9594,18458,59497,14500.59,15629.83,45923.70,15488.91,16272.71,46212.79,0.00,0.00,0.00,988.33,642.88,289.09,1213.94,1213.94,1.005,0.055,0.539,-3.859,-0.656,0.203,10866,192.3,0,-0.9484,-0.0261,0.0068,-0.3160,36.8,-1.7,0.0
2958066,2026-09-11_09-12-56.067-240,v5.1.3,3.44,12.0,3200,17805,20340,56535,9647,18443,59460,14518.98,15604.50,45901.98,15527.82,16260.25,46176.01,0.00,0.00,0.00,1008.83,655.74,274.03,1234.03,1234.03,1.005,0.052,0.543,-4.188,-1.250,0.500,10866,194.9,0,-0.9485,-0.0249,0.0063,-0.3158,36.8,-1.6,0.0
2958181,2026-09-11_09-12-56.181-240,v5.1.3,3.44,12.0,3200,17942,20411,56507,9793,18490,59479,14631.80,15662.25,45878.57,15649.42,16300.85,46170.76,0.00,0.00,0.00,1017.62,638.59,292.19,1236.41,1236.41,0.975,0.050,0.525,-2.016,0.141,-0.391,10868,195.2,0,-0.9479,-0.0269,0.0055,-0.3173,37.0,-1.6,0.0
2958287,2026-09-11_09-12-56.288-240,v5.1.3,3.44,12.0,3200,17987,20410,56515,9856,18511,59487,14669.02,15660.83,45885.10,15701.84,16318.95,46168.33,0.00,0.00,0.00,1032.82,658.12,283.23,1257.00,1257.00,1.231,0.105,0.493,-9.562,-2.375,2.781,10865,197.8,0,-0.9489,-0.0258,0.0125,-0.3144,36.6,-2.3,0.0
2958392,2026-09-11_09-12-56.393-240,v5.1.3,3.44,12.0,3200,17835,20348,56550,9658,18465,59503,14543.74,15610.54,45914.13,15542.25,16279.35,46208.78,0.00,0.00,0.00,998.51,668.82,294.65,1237.40,1237.40,0.933,-0.011,0.565,-4.969,-2.078,0.094,10862,195.3,0,-0.9492,-0.0213,0.0109,-0.3138,36.6,-2.0,0.0
2958498,2026-09-11_09-12-56.498-240,v5.1.3,3.44,12.0,3200,17821,20331,56500,9656,18448,59448,14532.27,15597.54,45873.55,15533.43,16264.16,46165.07,0.00,0.00,0.00,1001.16,666.62,291.53,1237.61,1237.61,1.027,0.042,0.565,-3.438,-0.266,0.703,10862,195.3,0,-0.9489,-0.0208,0.0065,-0.3148,36.7,-1.5,0.0
2958603,2026-09-11_09-12-56.604-240,v5.1.3,3.44,12.0,3200,17806,20317,56434,9638,18438,59376,14519.96,15587.32,45819.90,15508.89,16254.08,46109.80,0.00,0.00,0.00,988.93,666.76,289.90,1227.44,1227.44,1.010,0.058,0.531,-4.016,-0.969,-0.219,10864,194.0,0,-0.9487,-0.0253,0.0082,-0.3151,36.7,-1.8,0.0
2958708,2026-09-11_09-12-56.709-240,v5.1.3,3.44,12.0,3200,17784,20386,56448,9640,18486,59433,14501.30,15644.25,45830.71,15517.17,16294.62,46154.73,0.00,0.00,0.00,1015.86,650.37,324.02,1248.98,1248.98,1.000,0.067,0.550,-4.766,-0.781,0.594,10866,196.8,0,-0.9488,-0.0270,0.0046,-0.3146,36.7,-1.5,0.0
2958814,2026-09-11_09-12-56.814-240,v5.1.3,3.44,12.0,3200,17835,20417,56351,9681,18506,59352,14543.26,15671.08,45751.44,15539.16,16309.54,46083.79,0.00,0.00,0.00,995.90,638.46,332.35,1228.78,1228.78,1.007,0.044,0.541,-4.469,-1.359,0.609,10866,194.2,0,-0.9489,-0.0236,0.0076,-0.3145,36.6,-1.7,0.0
2958919,2026-09-11_09-12-56.920-240,v5.1.3,3.44,12.0,3200,17861,20441,56465,9701,18524,59438,14564.61,15688.58,45844.09,15567.08,16326.50,46149.94,0.00,0.00,0.00,1002.46,637.92,305.85,1226.95,1226.95,1.006,0.051,0.542,-3.594,-0.781,0.297,10866,194.0,0,-0.9487,-0.0255,0.0071,-0.3151,36.7,-1.7,0.0
2959024,2026-09-11_09-12-57.025-240,v5.1.3,3.44,12.0,3200,17821,20371,56467,9658,18487,59520,14532.00,15631.16,45846.32,15544.03,16297.71,46222.17,0.00,0.00,0.00,1012.02,666.55,375.85,1268.76,1268.76,1.002,0.052,0.546,-4.141,-1.078,-0.031,10867,199.3,0,-0.9488,-0.0252,0.0049,-0.3148,36.7,-1.4,0.0
2959130,2026-09-11_09-12-57.130-240,v5.1.3,3.44,12.0,3200,17821,20365,56623,9642,18453,59631,14532.06,15623.40,45973.45,15547.15,16272.38,46313.98,0.00,0.00,0.00,1015.10,648.98,340.53,1252.02,1252.02,1.007,0.050,0.543,-3.656,-1.203,-0.047,10874,197.2,0,-0.9487,-0.0256,0.0066,-0.3152,36.7,-1.6,0.0
2959235,2026-09-11_09-12-57.236-240,v5.1.3,3.44,12.0,3200,17803,20323,56615,9659,18430,59613,14517.45,15589.05,45967.29,15559.26,16253.39,46297.48,0.00,0.00,0.00,1041.81,664.34,330.20,1278.96,1278.96,1.007,0.050,0.541,-4.203,-0.859,0.312,10874,200.6,0,-0.9487,-0.0250,0.0073,-0.3151,36.7,-1.7,0.0
2959341,2026-09-11_09-12-57.341-240,v5.1.3,3.44,12.0,3200,17798,20322,56575,9635,18429,59587,14513.32,15589.00,45934.71,15535.92,16251.67,46279.88,0.00,0.00,0.00,1022.60,662.67,345.16,1266.49,1266.49,1.008,0.050,0.545,-3.656,-1.000,0.359,10864,199.0,0,-0.9486,-0.0246,0.0066,-0.3155,36.8,-1.6,0.0
2959446,2026-09-11_09-12-57.447-240,v5.1.3,3.44,12.0,3200,17778,20383,56605,9635,18497,59601,14496.38,15639.02,45958.62,15536.06,16307.50,46290.27,0.00,0.00,0.00,1039.68,668.48,331.64,1279.76,1279.76,1.007,0.049,0.543,-4.250,-0.984,0.344,10868,200.7,0,-0.9486,-0.0242,0.0069,-0.3154,36.7,-1.6,0.0
2959561,2026-09-11_09-12-57.562-240,v5.1.3,3.44,12.0,3200,17842,20238,56542,9654,18355,59526,14550.27,15519.79,45908.56,15545.08,16190.07,46229.20,0.00,0.00,0.00,994.81,670.27,320.64,1241.66,1241.66,1.007,0.054,0.545,-4.203,-1.016,0.484,10864,195.8,0,-0.9485,-0.0261,0.0062,-0.3156,36.8,-1.6,0.0
2959666,2026-09-11_09-12-57.667-240,v5.1.3,3.44,12.0,3200,17758,20154,56561,9611,18229,59525,14481.37,15450.95,45924.75,15512.88,16086.68,46235.85,0.00,0.00,0.00,1031.52,635.73,311.10,1250.99,1250.99,1.005,0.053,0.542,-3.953,-1.297,0.016,10864,197.0,0,-0.9485,-0.0263,0.0067,-0.3156,36.8,-1.7,0.0
2959772,2026-09-11_09-12-57.772-240,v5.1.3,3.44,12.0,3200,17805,20297,56527,9646,18405,59502,14519.27,15569.15,45895.83,15533.83,16230.21,46210.38,0.00,0.00,0.00,1014.56,661.07,314.55,1251.11,1251.11,1.008,0.050,0.544,-4.094,-0.953,0.594,10871,197.0,0,-0.9486,-0.0243,0.0068,-0.3156,36.8,-1.6,0.0
2959877,2026-09-11_09-12-57.878-240,v5.1.3,3.44,12.0,3200,17815,20392,56510,9634,18532,59514,14526.90,15647.78,45881.16,15522.24,16334.00,46220.05,0.00,0.00,0.00,995.33,686.22,338.89,1255.56,1255.56,1.008,0.049,0.541,-4.109,-0.812,-0.047,10876,197.6,0,-0.9486,-0.0249,0.0077,-0.3155,36.8,-1.7,0.0
2959982,2026-09-11_09-12-57.983-240,v5.1.3,3.44,12.0,3200,17856,20476,56529,9674,18584,59500,14560.25,15716.38,45895.92,15551.85,16376.60,46202.69,0.00,0.00,0.00,991.60,660.22,306.77,1230.15,1230.15,1.003,0.056,0.542,-3.984,-1.562,0.031,10869,194.4,0,-0.9486,-0.0268,0.0065,-0.3154,36.7,-1.7,0.0
2960087,2026-09-11_09-12-58.088-240,v5.1.3,3.44,12.0,3200,17874,20417,56587,9647,18540,59629,14575.53,15666.45,45943.68,15548.68,16343.40,46310.59,0.00,0.00,0.00,973.15,676.95,366.92,1240.93,1240.93,0.967,0.043,0.519,-2.250,-0.938,-1.078,10869,195.7,0,-0.9484,-0.0253,0.0072,-0.3161,36.8,-1.7,0.0
2960193,2026-09-11_09-12-58.193-240,v5.1.3,3.44,12.0,3200,17843,20422,56583,9632,18540,59637,14549.86,15670.96,45940.38,15537.44,16343.41,46319.07,0.00,0.00,0.00,987.57,672.45,378.69,1253.35,1253.35,1.021,0.089,0.547,-4.531,-0.969,0.250,10862,197.3,0,-0.9484,-0.0296,0.0058,-0.3158,36.8,-1.7,0.0
2960298,2026-09-11_09-12-58.299-240,v5.1.3,3.44,12.0,3200,17822,20511,56580,9634,18718,59635,14531.90,15744.70,45937.16,15534.07,16488.66,46314.95,0.00,0.00,0.00,1002.17,743.96,377.78,1304.05,1304.05,1.006,0.027,0.548,-4.422,-0.594,-0.016,10871,203.8,0,-0.9486,-0.0244,0.0059,-0.3153,36.7,-1.5,0.0
2960403,2026-09-11_09-12-58.404-240,v5.1.3,3.44,12.0,3200,17808,20430,56557,9645,18785,59598,14520.87,15678.38,45919.12,15536.22,16542.61,46282.87,0.00,0.00,0.00,1015.35,864.23,363.74,1382.08,1382.08,1.011,0.060,0.535,-3.984,-0.328,-0.172,10869,213.8,0,-0.9485,-0.0280,0.0071,-0.3153,36.7,-1.8,0.0
2960508,2026-09-11_09-12-58.509-240,v5.1.3,3.44,12.0,3200,17747,20476,56567,9579,18948,59613,14470.11,15716.79,45926.87,15479.62,16675.19,46301.88,0.00,0.00,0.00,1009.51,958.40,375.01,1441.62,1441.62,1.007,0.056,0.544,-4.641,-0.953,0.156,10869,221.3,0,-0.9490,-0.0258,0.0055,-0.3143,36.6,-1.5,0.0
2960614,2026-09-11_09-12-58.614-240,v5.1.3,3.44,12.0,3200,17761,20507,56565,9616,19134,59588,14481.48,15742.28,45924.97,15501.67,16826.87,46274.40,0.00,0.00,0.00,1020.19,1084.59,349.43,1529.45,1529.45,0.971,0.053,0.575,-3.641,-1.125,-0.766,10865,232.6,0,-0.9490,-0.0251,0.0006,-0.3142,36.6,-1.0,0.0
2960719,2026-09-11_09-12-58.720-240,v5.1.3,3.44,12.0,3200,17796,20524,56617,9585,19219,59688,14510.32,15755.03,45967.19,15487.76,16898.21,46357.92,0.00,0.00,0.00,977.44,1143.19,390.73,1554.01,1554.01,1.024,0.084,0.486,-2.516,-1.703,-1.250,10875,235.7,0,-0.9486,-0.0305,0.0046,-0.3149,36.7,-1.6,0.0
2960824,2026-09-11_09-12-58.825-240,v5.1.3,3.44,12.0,3200,17782,20502,56630,9617,19217,59689,14498.89,15736.77,45977.96,15514.30,16897.00,46354.38,0.00,0.00,0.00,1015.41,1160.23,376.41,1587.09,1587.09,1.012,0.098,0.542,-4.938,-0.594,3.328,10875,239.9,0,-0.9485,-0.0321,0.0040,-0.3153,36.7,-1.6,0.0
2960929,2026-09-11_09-12-58.930-240,v5.1.3,3.44,12.0,3200,17655,20472,56636,9522,19216,59679,14394.07,15713.17,45983.10,15434.72,16894.78,46359.32,0.00,0.00,0.00,1040.65,1181.62,376.22,1618.86,1618.86,1.022,-0.018,0.553,-4.594,-0.297,0.469,10864,244.0,0,-0.9487,-0.0264,0.0049,-0.3151,36.7,-1.5,0.0
2961045,2026-09-11_09-12-59.045-240,v5.1.3,3.44,12.0,3200,17982,20535,56611,9835,19309,59643,14664.06,15762.36,45962.21,15684.96,16973.68,46286.51,0.00,0.00,0.00,1020.91,1211.32,324.29,1617.01,1617.01,1.011,0.075,0.540,-3.609,-0.453,0.219,10854,243.7,0,-0.9484,-0.0311,0.0046,-0.3155,36.8,-1.6,0.0
2961151,2026-09-11_09-12-59.152-240,v5.1.3,3.44,12.0,3200,18024,20552,56596,9920,19327,59666,14698.67,15776.24,45949.86,15757.66,16989.95,46293.16,0.00,0.00,0.00,1058.99,1213.71,343.31,1646.94,1646.94,1.009,0.071,0.539,-4.891,-0.797,0.891,10868,247.5,0,-0.9488,-0.0311,0.0053,-0.3144,36.6,-1.7,0.0
2961257,2026-09-11_09-12-59.257-240,v5.1.3,3.44,12.0,3200,17909,20523,56634,9780,19333,59748,14603.77,15752.77,45981.05,15653.60,16995.06,46378.09,0.00,0.00,0.00,1049.83,1242.30,397.04,1674.24,1674.24,1.010,0.002,0.558,-3.641,-1.359,-0.609,10868,251.0,0,-0.9489,-0.0267,0.0059,-0.3144,36.6,-1.6,0.0
2961362,2026-09-11_09-12-59.363-240,v5.1.3,3.44,12.0,3200,17830,20472,56633,9703,19265,59661,14538.78,15711.47,45980.67,15579.95,16936.57,46319.54,0.00,0.00,0.00,1041.17,1225.10,338.87,1643.08,1643.08,1.030,0.046,0.678,-3.578,-1.391,0.219,10862,247.0,0,-0.9488,-0.0247,0.0016,-0.3148,36.7,-1.1,0.0
2961467,2026-09-11_09-12-59.468-240,v5.1.3,3.44,12.0,3200,17807,20468,56583,9664,19257,59643,14519.79,15709.30,45939.98,15545.55,16929.14,46310.50,0.00,0.00,0.00,1025.77,1219.84,370.52,1636.31,1636.31,0.999,0.031,0.540,-3.250,0.766,0.234,10870,246.2,0,-0.9486,-0.0213,0.0034,-0.3158,36.8,-1.1,0.0
2961573,2026-09-11_09-12-59.573-240,v5.1.3,3.44,12.0,3200,17840,20502,56570,9677,19339,59624,14546.85,15737.27,45929.10,15551.44,16995.78,46292.42,0.00,0.00,0.00,1004.59,1258.50,363.32,1650.77,1650.77,1.021,0.074,0.492,-4.266,-1.922,-0.359,10874,248.0,0,-0.9485,-0.0255,0.0077,-0.3157,36.8,-1.8,0.0
2961679,2026-09-11_09-12-59.679-240,v5.1.3,3.44,12.0,3200,17838,20533,56455,9687,19347,59552,14544.97,15764.95,45835.15,15549.48,17000.73,46233.10,0.00,0.00,0.00,1004.50,1235.78,397.95,1641.51,1641.51,0.990,0.046,0.579,-4.766,-1.562,0.625,10874,246.8,0,-0.9487,-0.0227,0.0039,-0.3153,36.7,-1.2,0.0
2961785,2026-09-11_09-12-59.785-240,v5.1.3,3.44,12.0,3200,17857,20545,56558,9718,19379,59661,14560.62,15772.82,45918.95,15589.27,17029.80,46316.06,0.00,0.00,0.00,1028.65,1256.98,397.11,1672.07,1672.07,1.004,0.054,0.546,-4.156,-0.547,-0.328,10874,250.7,0,-0.9486,-0.0258,0.0041,-0.3153,36.7,-1.4,0.0
2961890,2026-09-11_09-12-59.891-240,v5.1.3,3.44,12.0,3200,17834,20490,56653,9655,19315,59791,14541.97,15725.93,45996.80,15557.13,16979.85,46429.93,0.00,0.00,0.00,1015.16,1253.92,433.12,1670.47,1670.47,1.014,0.058,0.526,-4.422,-1.438,0.359,10868,250.5,0,-0.9486,-0.0277,0.0087,-0.3152,36.7,-1.9,0.0
2961995,2026-09-11_09-12-59.996-240,v5.1.3,3.44,12.0,3200,17840,20502,56695,9659,19288,59837,14546.86,15735.02,46030.91,15567.52,16958.95,46466.68,0.00,0.00,0.00,1020.66,1223.93,435.77,1652.16,1652.16,1.004,0.050,0.554,-4.531,-1.172,0.328,10874,248.2,0,-0.9489,-0.0245,0.0055,-0.3146,36.7,-1.5,0.0
2962100,2026-09-11_09-13-00.101-240,v5.1.3,3.44,12.0,3200,17780,20458,56698,9655,19242,59861,14497.54,15699.25,46033.73,15568.78,16921.92,46487.09,0.00,0.00,0.00,1071.24,1222.68,453.36,1687.61,1687.61,1.008,0.050,0.542,-3.875,-0.922,0.203,10874,252.7,0,-0.9488,-0.0250,0.0070,-0.3148,36.7,-1.7,0.0
2962206,2026-09-11_09-13-00.206-240,v5.1.3,3.44,12.0,3200,17808,20499,56730,9684,19302,59916,14520.42,15732.24,46059.45,15598.69,16972.54,46526.58,0.00,0.00,0.00,1078.27,1240.31,467.13,1708.58,1708.58,1.007,0.052,0.540,-4.109,-0.969,0.219,10875,255.4,0,-0.9488,-0.0256,0.0075,-0.3147,36.7,-1.7,0.0
2962312,2026-09-11_09-13-00.312-240,v5.1.3,3.44,12.0,3200,17833,20550,56700,9707,19403,59793,14540.75,15774.63,46034.57,15597.88,17052.36,46423.33,0.00,0.00,0.00,1057.13,1277.73,388.75,1703.30,1703.30,1.003,0.051,0.546,-4.531,-0.953,-0.016,10860,254.7,0,-0.9491,-0.0242,0.0053,-0.3140,36.6,-1.5,0.0
2962417,2026-09-11_09-13-00.418-240,v5.1.3,3.44,12.0,3200,17854,20537,56698,9722,19346,59831,14558.20,15763.73,46033.06,15617.02,17006.92,46452.54,0.00,0.00,0.00,1058.82,1243.19,419.48,1686.00,1686.00,1.007,0.048,0.545,-4.141,-0.734,0.344,10860,252.5,0,-0.9490,-0.0240,0.0061,-0.3143,36.6,-1.5,0.0
2962532,2026-09-11_09-13-00.532-240,v5.1.3,3.44,12.0,3200,17844,20375,56666,9671,19213,59853,14551.01,15630.65,46008.38,15581.61,16898.26,46478.85,0.00,0.00,0.00,1030.60,1267.61,470.46,1700.09,1700.09,1.002,0.064,0.543,-3.797,-1.000,0.203,10861,254.3,0,-0.9488,-0.0283,0.0050,-0.3146,36.7,-1.6,0.0
2962637,2026-09-11_09-13-00.638-240,v5.1.3,3.44,12.0,3200,17809,20289,56662,9677,19100,59831,14522.65,15560.08,46005.86,15586.50,16805.59,46461.77,0.00,0.00,0.00,1063.86,1245.51,455.91,1700.28,1700.28,1.004,0.040,0.539,-4.016,-1.078,0.125,10869,254.3,0,-0.9489,-0.0242,0.0069,-0.3146,36.7,-1.6,0.0
2962742,2026-09-11_09-13-00.743-240,v5.1.3,3.44,12.0,3200,17788,20427,56638,9640,19352,59787,14504.35,15674.65,45985.12,15543.24,17009.78,46428.29,0.00,0.00,0.00,1038.88,1335.13,443.17,1748.78,1748.78,1.007,0.052,0.544,-4.281,-1.047,0.047,10867,260.5,0,-0.9489,-0.0254,0.0063,-0.3145,36.6,-1.6,0.0
2962847,2026-09-11_09-13-00.848-240,v5.1.3,3.44,12.0,3200,17820,20494,56661,9687,19576,59740,14530.37,15729.23,46003.29,15569.46,17192.07,46381.29,0.00,0.00,0.00,1039.09,1462.83,378.00,1833.71,1833.71,1.007,0.058,0.543,-4.266,-0.906,-0.078,10867,271.4,0,-0.9490,-0.0275,0.0058,-0.3141,36.6,-1.6,0.0
2962953,2026-09-11_09-13-00.953-240,v5.1.3,3.44,12.0,3200,17827,20554,56662,9722,19888,59696,14535.76,15778.68,46003.59,15583.88,17446.11,46337.23,0.00,0.00,0.00,1048.12,1667.43,333.64,1997.55,1997.55,1.006,0.045,0.541,-4.125,-0.969,0.094,10869,292.3,0,-0.9491,-0.0239,0.0072,-0.3138,36.6,-1.6,0.0
2963058,2026-09-11_09-13-01.058-240,v5.1.3,3.44,12.0,3200,17843,20768,56655,9697,20415,59572,14547.55,15955.32,45996.04,15532.08,17873.00,46234.37,0.00,0.00,0.00,984.53,1917.68,238.33,2168.78,2168.78,1.005,0.056,0.542,-4.000,-1.078,-0.297,10867,314.1,0,-0.9492,-0.0269,0.0063,-0.3136,36.5,-1.7,0.0
2963163,2026-09-11_09-13-01.164-240,v5.1.3,3.44,12.0,3200,17853,20907,56722,9644,20970,59625,14554.90,16068.77,46049.43,15481.04,18326.58,46277.21,0.00,0.00,0.00,926.14,2257.80,227.78,2450.98,2450.98,1.004,0.054,0.541,-3.812,-1.094,-0.516,10874,350.1,0,-0.9494,-0.0261,0.0059,-0.3129,36.4,-1.6,0.0
2963268,2026-09-11_09-13-01.269-240,v5.1.3,3.44,12.0,3200,17855,20841,56717,9690,21324,59566,14556.99,16014.36,46045.92,15501.32,18614.68,46219.07,0.00,0.00,0.00,944.33,2600.32,173.14,2771.90,2771.90,1.012,0.050,0.543,-3.812,-0.953,0.359,10874,391.0,0,-0.9494,-0.0245,0.0074,-0.3129,36.4,-1.7,0.0
2963373,2026-09-11_09-13-01.374-240,v5.1.3,3.44,12.0,3200,17830,20835,56726,9635,21686,59537,14536.36,16009.49,46053.30,15442.39,18908.78,46198.71,0.00,0.00,0.00,906.03,2899.29,145.40,3041.03,3041.03,1.009,0.053,0.546,-3.844,-0.844,0.062,10866,425.4,0,-0.9494,-0.0256,0.0057,-0.3128,36.4,-1.5,0.0
2963479,2026-09-11_09-13-01.479-240,v5.1.3,3.44,12.0,3200,17807,20834,56731,9679,21819,59508,14517.35,16008.81,46057.38,15471.06,19017.18,46167.73,0.00,0.00,0.00,953.71,3008.38,110.35,3157.86,3157.86,1.119,0.072,0.583,4.312,-0.516,1.219,10871,440.3,0,-0.9470,-0.0317,0.0072,-0.3195,37.2,-1.9,0.0
2963584,2026-09-11_09-13-01.585-240,v5.1.3,3.44,12.0,3200,17778,20809,56756,9742,21851,59591,14493.53,15988.01,46077.96,15533.59,19046.03,46225.43,0.00,0.00,0.00,1040.05,3058.02,147.46,3233.41,3233.41,1.010,0.076,0.594,-5.453,-0.578,0.203,10864,449.9,0,-0.9476,-0.0294,0.0022,-0.3181,37.1,-1.3,0.0
2963689,2026-09-11_09-13-01.690-240,v5.1.3,3.44,12.0,3200,17679,20817,56744,9628,21878,59614,14411.61,15995.82,46068.11,15442.20,19067.21,46259.12,0.00,0.00,0.00,1030.58,3071.39,191.02,3245.31,3245.31,1.002,-0.094,0.487,-2.812,-0.688,-4.312,10864,451.4,0,-0.9479,-0.0289,0.0037,-0.3173,37.0,-1.5,0.0
2963795,2026-09-11_09-13-01.795-240,v5.1.3,3.44,12.0,3200,17796,20874,56737,9737,21935,59673,14507.98,16041.83,46061.93,15538.61,19116.46,46290.94,0.00,0.00,0.00,1030.63,3074.62,229.02,3250.84,3250.84,1.052,0.107,0.498,-3.828,-1.281,0.500,10861,452.1,0,-0.9476,-0.0329,0.0073,-0.3175,37.0,-2.0,0.0
2963901,2026-09-11_09-13-01.901-240,v5.1.3,3.44,12.0,3200,17827,20899,56759,9773,22000,59678,14533.45,16061.77,46079.63,15567.22,19170.07,46289.23,0.00,0.00,0.00,1033.76,3108.30,209.59,3282.40,3282.40,0.853,0.082,0.589,-4.750,-0.656,-0.938,10864,456.2,0,-0.9481,-0.0322,0.0017,-0.3164,36.9,-1.4,0.0
2964016,2026-09-11_09-13-02.016-240,v5.1.3,3.44,12.0,3200,17957,20845,56768,9920,21978,59707,14641.32,16015.72,46087.44,15692.86,19154.60,46292.75,0.00,0.00,0.00,1051.54,3138.88,205.31,3316.69,3316.69,0.983,0.061,0.594,-4.469,-0.328,0.750,10868,460.5,0,-0.9483,-0.0282,-0.0034,-0.3161,36.8,-0.7,0.0
2964121,2026-09-11_09-13-02.122-240,v5.1.3,3.44,12.0,3200,17928,20893,56746,9876,22039,59691,14617.01,16056.04,46069.10,15652.79,19203.47,46285.13,0.00,0.00,0.00,1035.77,3147.43,216.03,3320.52,3320.52,1.016,0.050,0.511,-3.625,0.391,0.000,10868,461.0,0,-0.9482,-0.0282,0.0005,-0.3165,36.9,-1.1,0.0
2964227,2026-09-11_09-13-02.227-240,v5.1.3,3.44,12.0,3200,17914,20903,56740,9893,22056,59695,14605.37,16064.54,46064.12,15666.89,19217.65,46285.81,0.00,0.00,0.00,1061.52,3153.11,221.68,3334.37,3334.37,1.008,0.050,0.531,-4.125,-1.531,-0.094,10860,462.8,0,-0.9483,-0.0271,0.0055,-0.3162,36.8,-1.6,0.0
2964332,2026-09-11_09-13-02.333-240,v5.1.3,3.43,12.0,3200,17892,20834,56775,9812,22016,59746,14587.64,16007.16,46093.23,15608.33,19185.21,46338.35,0.00,0.00,0.00,1020.69,3178.05,245.12,3346.92,3346.92,0.998,0.058,0.571,-4.031,-1.062,0.078,10873,464.4,0,-0.9484,-0.0255,0.0011,-0.3159,36.8,-1.0,0.0
2964437,2026-09-11_09-13-02.438-240,v5.1.3,3.43,12.0,3200,17850,20824,56751,9766,21984,59693,14552.97,15999.76,46073.76,15563.96,19157.28,46302.44,0.00,0.00,0.00,1010.98,3157.52,228.68,3323.30,3323.30,1.011,0.049,0.532,-4.109,-0.500,0.141,10873,461.4,0,-0.9484,-0.0254,0.0053,-0.3160,36.8,-1.5,0.0
2964543,2026-09-11_09-13-02.543-240,v5.1.3,3.43,12.0,3200,17861,20795,56709,9749,21976,59727,14562.26,15976.46,46039.80,15554.89,19151.34,46332.18,0.00,0.00,0.00,992.63,3174.88,292.38,3339.26,3339.26,1.006,0.051,0.537,-4.672,-0.828,-0.016,10863,463.4,0,-0.9487,-0.0250,0.0078,-0.3152,36.7,-1.7,0.0
2964648,2026-09-11_09-13-02.649-240,v5.1.3,3.43,12.0,3200,17828,20796,56709,9805,21987,59674,14534.97,15977.62,46039.79,15593.35,19159.76,46281.81,0.00,0.00,0.00,1058.39,3182.14,242.02,3362.25,3362.25,1.006,0.054,0.555,-4.406,-0.797,-0.141,10874,466.4,0,-0.9489,-0.0244,0.0037,-0.3145,36.6,-1.3,0.0
2964753,2026-09-11_09-13-02.754-240,v5.1.3,3.43,12.0,3200,17858,20867,56700,9796,22065,59665,14559.30,16036.10,46031.85,15582.62,19223.10,46274.83,0.00,0.00,0.00,1023.33,3187.00,242.98,3356.07,3356.07,1.007,0.051,0.535,-4.250,-0.547,-0.094,10871,465.6,0,-0.9490,-0.0254,0.0070,-0.3143,36.6,-1.7,0.0
2964859,2026-09-11_09-13-02.859-240,v5.1.3,3.43,12.0,3200,17865,20888,56639,9820,22105,59610,14564.94,16054.46,45981.98,15593.69,19254.74,46226.85,0.00,0.00,0.00,1028.75,3200.28,244.87,3370.47,3370.47,1.009,0.052,0.541,-4.031,-0.953,0.094,10871,467.4,0,-0.9491,-0.0250,0.0074,-0.3139,36.6,-1.7,0.0
2964964,2026-09-11_09-13-02.964-240,v5.1.3,3.43,12.0,3200,17862,20842,56831,9784,22109,59898,14562.78,16013.06,46138.77,15603.89,19264.35,46463.14,0.00,0.00,0.00,1041.10,3251.29,324.37,3429.29,3429.29,1.007,0.054,0.547,-3.984,-0.984,0.406,10867,474.9,0,-0.9492,-0.0251,0.0053,-0.3137,36.5,-1.5,0.0
2965069,2026-09-11_09-13-03.070-240,v5.1.3,3.43,12.0,3200,17858,20806,56843,9785,22061,59858,14559.72,15983.17,46148.86,15600.44,19224.25,46431.46,0.00,0.00,0.00,1040.72,3241.08,282.61,3415.78,3415.78,1.007,0.056,0.541,-4.250,-1.031,-0.016,10865,473.2,0,-0.9492,-0.0268,0.0065,-0.3133,36.5,-1.7,0.0
2965174,2026-09-11_09-13-03.175-240,v5.1.3,3.43,12.0,3200,17870,20782,56918,9820,22105,59928,14569.81,15961.88,46210.16,15637.79,19262.23,46482.39,0.00,0.00,0.00,1067.99,3300.35,272.23,3479.51,3479.51,1.009,0.057,0.546,-4.234,-0.797,0.031,10864,481.3,0,-0.9495,-0.0265,0.0050,-0.3127,36.4,-1.5,0.0
2965279,2026-09-11_09-13-03.280-240,v5.1.3,3.43,12.0,3200,17863,20814,56924,9816,22266,59886,14563.81,15988.26,46214.77,15624.40,19392.60,46447.16,0.00,0.00,0.00,1060.59,3404.34,232.39,3573.29,3573.29,1.011,0.042,0.542,-4.281,-0.922,3.906,10864,493.3,0,-0.9491,-0.0203,0.0084,-0.3141,36.6,-1.6,0.0
2965395,2026-09-11_09-13-03.395-240,v5.1.3,3.43,12.0,3200,17947,20797,56868,9861,22606,59630,14633.38,15974.39,46169.30,15616.90,19664.62,46231.02,0.00,0.00,0.00,983.52,3690.23,61.72,3819.54,3819.54,1.009,0.054,0.539,-4.031,-0.906,0.219,10863,524.7,0,-0.9489,-0.0247,0.0085,-0.3144,36.6,-1.8,0.0
2966113,2026-09-11_09-13-04.114-240,v5.1.3,3.43,12.0,3200,17868,21531,56864,9494,31334,57221,14563.13,16581.25,46159.73,14748.54,26726.94,44235.47,0.00,0.00,0.00,185.41,10145.69,-1924.25,10328.22,10328.22,1.008,0.050,0.546,-4.000,-1.141,0.328,10868,1355.0,0,-0.9508,-0.0109,-0.0066,-0.3095,36.1,0.3,0.0
2966218,2026-09-11_09-13-04.219-240,v5.1.3,3.43,12.0,3200,17879,21435,56914,9812,31479,57336,14572.88,16500.98,46201.29,15022.46,26851.89,44282.66,0.00,0.00,0.00,449.59,10350.91,-1918.62,10536.82,10536.82,1.007,0.052,0.544,-4.234,-0.969,-0.031,10872,1381.6,0,-0.9506,-0.0150,-0.0036,-0.3100,36.1,-0.1,0.0
2966324,2026-09-11_09-13-04.324-240,v5.1.3,3.43,12.0,3200,17859,21502,56918,10262,31833,57367,14555.89,16556.43,46203.96,15387.86,27147.06,44241.71,0.00,0.00,0.00,831.97,10590.63,-1962.25,10802.97,10802.97,0.826,0.101,0.363,-7.062,-1.906,1.922,10872,1415.5,0,-0.9510,-0.0170,0.0010,-0.3088,36.0,-0.7,0.0
2966429,2026-09-11_09-13-04.430-240,v5.1.3,3.43,12.0,3200,17849,21530,56900,10352,32098,57315,14547.43,16579.97,46189.06,15447.71,27363.23,44184.31,0.00,0.00,0.00,900.28,10783.26,-2004.75,11004.92,11004.92,1.003,-0.033,0.581,-5.516,-2.531,0.500,10872,1441.3,0,-0.9512,-0.0114,0.0033,-0.3082,35.9,-0.8,0.0
2966534,2026-09-11_09-13-04.535-240,v5.1.3,3.43,12.0,3200,17863,21645,56926,10463,32302,57272,14558.24,16674.30,46209.25,15527.71,27530.07,44132.04,0.00,0.00,0.00,969.47,10855.77,-2077.21,11095.16,11095.16,1.004,0.062,0.552,-2.781,0.234,-0.922,10870,1452.8,0,-0.9508,-0.0174,0.0017,-0.3093,36.0,-0.8,0.0
2966639,2026-09-11_09-13-04.640-240,v5.1.3,3.43,12.0,3200,17943,21720,56944,10532,32431,57238,14623.90,16735.10,46223.27,15576.38,27635.41,44093.68,0.00,0.00,0.00,952.48,10900.31,-2129.60,11147.16,11147.16,1.016,0.071,0.504,-4.656,-1.156,0.266,10876,1459.4,0,-0.9508,-0.0211,0.0053,-0.3092,36.0,-1.3,0.0
2966745,2026-09-11_09-13-04.745-240,v5.1.3,3.43,12.0,3200,17887,21677,56972,10538,32463,57244,14577.88,16699.65,46246.45,15581.30,27661.74,44097.28,0.00,0.00,0.00,1003.42,10962.08,-2149.17,11215.75,11215.75,0.998,0.022,0.573,-3.859,-1.422,-0.031,10876,1468.2,0,-0.9508,-0.0172,0.0031,-0.3094,36.0,-0.9,0.0
2966850,2026-09-11_09-13-04.851-240,v5.1.3,3.43,12.0,3200,17882,21763,56974,10587,32572,57234,14573.16,16770.67,46247.34,15617.36,27751.06,44081.18,0.00,0.00,0.00,1044.19,10980.39,-2166.15,11240.62,11240.62,1.005,0.070,0.546,-3.281,-0.031,0.391,10873,1471.4,0,-0.9504,-0.0220,0.0023,-0.3103,36.1,-1.0,0.0
2966955,2026-09-11_09-13-04.956-240,v5.1.3,3.43,12.0,3200,17851,21661,56984,10659,32521,57213,14548.21,16686.59,46256.36,15675.08,27709.83,44055.12,0.00,0.00,0.00,1126.87,11023.24,-2201.23,11297.21,11297.21,1.016,0.045,0.526,-4.609,-1.062,0.547,10865,1478.6,0,-0.9504,-0.0226,0.0073,-0.3103,36.1,-1.6,0.0
2967061,2026-09-11_09-13-05.061-240,v5.1.3,3.43,12.0,3200,17776,21622,56985,10631,32578,57168,14486.45,16655.12,46257.50,15644.27,27754.95,44022.07,0.00,0.00,0.00,1157.82,11099.82,-2235.43,11381.73,11381.73,0.997,0.047,0.563,-1.781,-1.188,0.422,10873,1489.4,0,-0.9499,-0.0220,0.0029,-0.3119,36.3,-1.1,0.0
2967166,2026-09-11_09-13-05.167-240,v5.1.3,3.43,12.0,3200,17754,21727,56985,10664,32667,57161,14467.56,16742.03,46256.60,15668.11,27827.83,44010.82,0.00,0.00,0.00,1200.55,11085.79,-2245.78,11374.52,11374.52,1.007,0.059,0.545,-3.172,-0.766,-0.109,10873,1488.4,0,-0.9496,-0.0261,0.0037,-0.3122,36.4,-1.3,0.0
2967271,2026-09-11_09-13-05.272-240,v5.1.3,3.43,12.0,3200,17808,21650,56978,10725,32620,57146,14512.73,16678.05,46251.56,15717.50,27789.86,43991.04,0.00,0.00,0.00,1204.77,11111.81,-2260.52,11403.24,11403.24,1.011,0.043,0.535,-3.609,-0.891,0.469,10872,1492.1,0,-0.9497,-0.0234,0.0074,-0.3123,36.4,-1.6,0.0
2967376,2026-09-11_09-13-05.377-240,v5.1.3,3.43,12.0,3200,17743,21612,57062,10701,32640,57199,14459.24,16645.82,46320.31,15704.56,27807.14,44036.65,0.00,0.00,0.00,1245.32,11161.32,-2283.66,11460.41,11460.41,1.007,0.049,0.552,-4.422,-1.109,0.328,10873,1499.4,0,-0.9500,-0.0218,0.0045,-0.3115,36.3,-1.3,0.0
2967492,2026-09-11_09-13-05.492-240,v5.1.3,3.43,12.0,3200,17898,21583,57014,10833,32617,57115,14587.61,16621.19,46281.46,15802.20,27788.00,43951.43,0.00,0.00,0.00,1214.60,11166.82,-2330.04,11471.80,11471.80,1.006,0.050,0.547,-4.500,-0.859,0.641,10873,1500.8,0,-0.9500,-0.0234,0.0054,-0.3113,36.3,-1.4,0.0
2967597,2026-09-11_09-13-05.597-240,v5.1.3,3.43,12.0,3200,17876,21635,57003,10794,32694,57157,14569.06,16664.53,46272.06,15773.87,27851.36,43989.53,0.00,0.00,0.00,1204.81,11186.83,-2282.53,11480.71,11480.71,1.007,0.047,0.544,-3.703,-0.922,-0.016,10873,1502.0,0,-0.9501,-0.0230,0.0065,-0.3110,36.2,-1.5,0.0
2967702,2026-09-11_09-13-05.703-240,v5.1.3,3.43,12.0,3200,17880,21644,57016,10822,32755,57143,14572.31,16671.69,46282.57,15793.36,27901.16,43973.69,0.00,0.00,0.00,1221.05,11229.47,-2308.88,11529.22,11529.22,1.009,0.052,0.541,-4.219,-0.641,0.016,10878,1508.2,0,-0.9502,-0.0249,0.0071,-0.3105,36.2,-1.7,0.0
2967807,2026-09-11_09-13-05.808-240,v5.1.3,3.43,12.0,3200,17994,21670,57005,10949,32713,57106,14666.41,16692.21,46273.39,15893.91,27867.57,43927.15,0.00,0.00,0.00,1227.50,11175.36,-2346.24,11484.78,11484.78,1.008,0.053,0.544,-4.250,-0.859,0.609,10857,1502.5,0,-0.9504,-0.0242,0.0062,-0.3099,36.1,-1.5,0.0
2967913,2026-09-11_09-13-05.913-240,v5.1.3,3.43,12.0,3200,17846,21633,57061,10804,32711,57131,14544.27,16662.14,46319.32,15778.05,27864.75,43967.05,0.00,0.00,0.00,1233.77,11202.61,-2352.26,11513.20,11513.20,1.009,0.049,0.542,-4.266,-0.812,0.422,10875,1506.1,0,-0.9506,-0.0233,0.0073,-0.3094,36.0,-1.6,0.0
2968018,2026-09-11_09-13-06.019-240,v5.1.3,3.43,12.0,3200,17757,21587,57005,10765,32719,57078,14470.98,16626.06,46274.09,15738.37,27869.55,43929.69,0.00,0.00,0.00,1267.39,11243.49,-2344.41,11555.02,11555.02,1.006,0.048,0.544,-3.656,-1.016,-0.359,10875,1511.5,0,-0.9508,-0.0232,0.0063,-0.3090,36.0,-1.5,0.0
2968124,2026-09-11_09-13-06.124-240,v5.1.3,3.43,12.0,3200,17806,21600,56954,10746,32757,57012,14511.41,16637.22,46232.44,15712.56,27898.78,43878.77,0.00,0.00,0.00,1201.16,11261.56,-2353.68,11567.42,11567.42,1.006,0.048,0.546,-3.641,-0.766,-0.156,10875,1513.0,0,-0.9508,-0.0234,0.0055,-0.3088,36.0,-1.4,0.0
2968230,2026-09-11_09-13-06.230-240,v5.1.3,3.43,12.0,3200,17807,21657,56937,10824,32851,56931,14511.85,16684.57,46218.11,15763.05,27974.54,43801.85,0.00,0.00,0.00,1251.20,11289.97,-2416.25,11613.24,11613.24,1.006,0.057,0.544,-4.234,-0.766,-0.156,10866,1518.9,0,-0.9509,-0.0264,0.0052,-0.3082,35.9,-1.5,0.0
2968336,2026-09-11_09-13-06.336-240,v5.1.3,3.43,12.0,3200,17850,21657,56964,10833,32881,57006,14547.41,16683.66,46240.10,15780.07,28000.91,43860.51,0.00,0.00,0.00,1232.66,11317.25,-2379.59,11630.22,11630.22,1.006,0.047,0.547,-4.438,-0.484,-0.125,10866,1521.1,0,-0.9513,-0.0227,0.0049,-0.3073,35.8,-1.3,0.0
2968441,2026-09-11_09-13-06.442-240,v5.1.3,3.43,12.0,3200,17809,21590,57015,10795,32902,56964,14513.96,16627.83,46282.21,15742.40,28016.59,43831.68,0.00,0.00,0.00,1228.43,11388.76,-2450.53,11714.01,11714.01,1.009,0.054,0.544,-3.891,-0.672,-0.094,10869,1531.7,0,-0.9512,-0.0257,0.0057,-0.3073,35.8,-1.5,0.0
2968546,2026-09-11_09-13-06.547-240,v5.1.3,3.43,12.0,3200,17771,21598,57049,10759,32980,56997,14482.49,16634.21,46309.84,15715.26,28080.59,43862.13,0.00,0.00,0.00,1232.77,11446.38,-2447.71,11769.90,11769.90,1.008,0.053,0.543,-4.406,-1.172,0.016,10874,1538.9,0,-0.9516,-0.0247,0.0065,-0.3064,35.7,-1.6,0.0
2968652,2026-09-11_09-13-06.652-240,v5.1.3,3.43,12.0,3200,17770,21602,57097,10769,33100,56984,14481.64,16636.66,46348.90,15718.50,28178.35,43848.81,0.00,0.00,0.00,1236.86,11541.69,-2500.09,11873.95,11873.95,1.009,0.051,0.543,-4.484,-0.594,0.109,10872,1552.1,0,-0.9518,-0.0242,0.0067,-0.3056,35.6,-1.6,0.0
2968757,2026-09-11_09-13-06.758-240,v5.1.3,3.43,12.0,3200,17832,21674,57167,10792,33395,56813,14532.43,16694.22,46405.31,15705.88,28415.37,43704.55,0.00,0.00,0.00,1173.44,11721.15,-2700.76,12085.38,12085.38,1.004,0.049,0.552,-4.391,-0.938,-0.109,10872,1579.1,0,-0.9521,-0.0228,0.0040,-0.3050,35.5,-1.2,0.0
2968872,2026-09-11_09-13-06.873-240,v5.1.3,3.43,12.0,3200,17875,21571,57257,10823,33762,56204,14568.69,16607.14,46479.50,15637.18,28700.93,43206.33,0.00,0.00,0.00,1068.49,12093.79,-3273.18,12574.39,12574.39,1.004,0.054,0.545,-4.062,-0.938,0.094,10863,1641.5,0,-0.9519,-0.0261,0.0050,-0.3053,35.5,-1.5,0.0
2973420,2026-09-11_09-13-11.420-240,v5.1.3,3.44,12.0,3200,17794,21746,56992,10854,34185,55933,14500.51,16757.19,46262.14,15613.87,29040.17,42979.00,0.00,0.00,0.00,1113.36,12282.97,-3283.14,12762.84,12762.84,1.018,0.032,0.531,-5.312,-0.875,0.406,10878,1665.5,0,-0.9424,0.1208,0.1644,-0.2650,33.8,-14.2,0.0
2973525,2026-09-11_09-13-11.526-240,v5.1.3,3.44,12.0,3200,17789,21752,57008,10762,33952,56282,14496.34,16761.91,46275.12,15592.72,28857.10,43274.94,0.00,0.00,0.00,1096.38,12095.19,-3000.18,12509.87,12509.87,1.009,0.066,0.506,-2.672,-0.625,-0.688,10878,1633.3,0,-0.9432,0.1156,0.1610,-0.2667,33.8,-14.0,0.0
2973630,2026-09-11_09-13-11.631-240,v5.1.3,3.44,12.0,3200,17829,21744,57022,10794,33605,56635,14529.47,16754.65,46286.60,15677.25,28582.60,43558.60,0.00,0.00,0.00,1147.78,11827.95,-2728.00,12192.61,12192.61,1.010,0.095,0.537,-3.297,-1.234,0.703,10875,1592.8,0,-0.9436,0.1117,0.1582,-0.2684,33.9,-13.8,0.0
2973736,2026-09-11_09-13-11.736-240,v5.1.3,3.44,12.0,3200,17713,21696,57094,10640,33652,56832,14433.87,16714.89,46345.64,15576.53,28623.71,43737.33,0.00,0.00,0.00,1142.66,11908.82,-2608.32,12244.55,12244.55,0.968,0.111,0.460,-5.922,-3.141,-0.016,10882,1599.4,0,-0.9444,0.1073,0.1580,-0.2677,33.8,-13.9,0.0
2973841,2026-09-11_09-13-11.842-240,v5.1.3,3.44,12.0,3200,17867,21636,57053,10801,33594,56834,14561.62,16664.55,46312.78,15710.91,28578.39,43717.70,0.00,0.00,0.00,1149.29,11913.84,-2595.08,12247.24,12247.24,0.985,0.017,0.627,-4.281,-1.438,0.734,10872,1599.8,0,-0.9449,0.1046,0.1548,-0.2688,33.8,-13.7,0.0
2973947,2026-09-11_09-13-11.947-240,v5.1.3,3.44,12.0,3200,17880,21586,57056,10731,33573,56807,14572.70,16623.09,46315.65,15650.08,28559.76,43705.81,0.00,0.00,0.00,1077.38,11936.67,-2609.84,12266.06,12266.06,1.018,0.059,0.514,-3.172,-0.328,-0.453,10872,1602.2,0,-0.9457,0.0999,0.1510,-0.2701,33.8,-13.4,0.0
2974052,2026-09-11_09-13-12.052-240,v5.1.3,3.44,12.0,3200,17804,21633,57054,10674,33605,56788,14509.54,16662.69,46313.61,15599.67,28584.73,43697.92,0.00,0.00,0.00,1090.13,11922.05,-2615.70,12254.20,12254.20,1.013,0.054,0.521,-4.469,-1.641,0.453,10888,1600.7,0,-0.9462,0.0961,0.1488,-0.2707,33.8,-13.3,0.0
2974157,2026-09-11_09-13-12.158-240,v5.1.3,3.44,12.0,3200,17807,21701,57038,10732,33627,56825,14511.56,16719.08,46300.00,15651.97,28604.27,43719.46,0.00,0.00,0.00,1140.40,11885.19,-2580.54,12215.45,12215.45,0.994,0.045,0.565,-4.281,-0.375,-0.125,10872,1595.7,0,-0.9471,0.0924,0.1448,-0.2712,33.7,-12.9,0.0
2974263,2026-09-11_09-13-12.263-240,v5.1.3,3.44,12.0,3200,17843,21739,56952,10719,33626,56708,14541.07,16751.64,46229.62,15625.06,28600.54,43627.23,0.00,0.00,0.00,1083.99,11848.90,-2602.39,12179.65,12179.65,1.007,0.046,0.537,-4.141,-0.469,0.125,10870,1591.1,0,-0.9478,0.0887,0.1411,-0.2720,33.6,-12.7,0.0
2974369,2026-09-11_09-13-12.369-240,v5.1.3,3.43,12.0,3200,17743,21683,57017,10667,33552,56843,14458.76,16705.24,46283.04,15602.94,28542.69,43743.74,0.00,0.00,0.00,1144.18,11837.44,-2539.30,12160.69,12160.69,1.010,0.051,0.534,-3.969,-1.062,-0.094,10870,1588.7,0,-0.9484,0.0845,0.1379,-0.2728,33.6,-12.4,0.0
2974474,2026-09-11_09-13-12.475-240,v5.1.3,3.43,12.0,3200,17694,21634,57007,10627,33496,56819,14418.57,16665.46,46275.32,15568.17,28495.92,43730.62,0.00,0.00,0.00,1149.60,11830.46,-2544.70,12155.53,12155.53,1.003,0.049,0.553,-3.828,-0.766,0.094,10871,1588.1,0,-0.9490,0.0807,0.1343,-0.2737,33.6,-12.2,0.0
2974580,2026-09-11_09-13-12.580-240,v5.1.3,3.43,12.0,3200,17666,21640,56907,10566,33497,56669,14395.36,16672.49,46193.80,15497.11,28492.46,43618.39,0.00,0.00,0.00,1101.75,11819.97,-2575.41,12147.35,12147.35,1.006,0.048,0.541,-4.422,-0.922,0.469,10877,1587.0,0,-0.9495,0.0773,0.1310,-0.2743,33.6,-11.9,0.0
2974695,2026-09-11_09-13-12.696-240,v5.1.3,3.43,12.0,3200,17813,21715,57025,10686,33596,56905,14516.43,16730.82,46289.29,15626.01,28580.29,43790.41,0.00,0.00,0.00,1109.58,11849.47,-2498.87,12160.82,12160.82,1.011,0.047,0.541,-4.109,-0.688,-0.266,10879,1588.7,0,-0.9502,0.0728,0.1270,-0.2750,33.5,-11.6,0.0
2974800,2026-09-11_09-13-12.801-240,v5.1.3,3.43,12.0,3200,17642,21666,57170,10564,33553,56980,14375.36,16689.47,46407.80,15537.11,28545.47,43867.87,0.00,0.00,0.00,1161.74,11856.00,-2539.93,12180.54,12180.54,1.006,0.055,0.542,-4.422,-0.938,0.219,10879,1591.3,0,-0.9508,0.0692,0.1237,-0.2754,33.5,-11.4,0.0
2974906,2026-09-11_09-13-12.906-240,v5.1.3,3.43,12.0,3200,17660,21631,57167,10569,33550,56946,14390.48,16660.44,46405.67,15536.59,28542.28,43839.91,0.00,0.00,0.00,1146.11,11881.84,-2565.76,12209.62,12209.62,1.004,0.047,0.546,-4.234,-1.094,-0.203,10874,1595.0,0,-0.9514,0.0652,0.1203,-0.2759,33.4,-11.1,0.0
2975011,2026-09-11_09-13-12.012-240,v5.1.3,3.43,12.0,3200,17609,21653,57213,10567,33550,57080,14348.17,16678.29,46442.94,15553.53,28545.41,43947.86,0.00,0.00,0.00,1205.36,11867.12,-2495.09,12186.34,12186.34,1.008,0.045,0.541,-4.703,-0.750,-0.406,10875,1592.0,0,-0.9521,0.0612,0.1166,-0.2759,33.3,-10.9,0.0
2975116,2026-09-11_09-13-13.117-240,v5.1.3,3.43,12.0,3200,17625,21718,57104,10541,33545,56918,14360.95,16733.76,46353.60,15509.79,28537.20,43821.29,0.00,0.00,0.00,1148.83,11803.44,-2532.31,12126.57,12126.57,1.006,0.048,0.544,-3.750,-0.812,0.172,10875,1584.4,0,-0.9525,0.0575,0.1130,-0.2769,33.4,-10.6,0.0
2975222,2026-09-11_09-13-13.222-240,v5.1.3,3.43,12.0,3200,17700,21690,57133,10506,33386,57050,14423.16,16709.37,46377.46,15503.50,28410.10,43934.14,0.00,0.00,0.00,1080.34,11700.74,-2443.33,12001.84,12001.84,1.007,0.037,0.546,-3.828,-1.078,-0.609,10875,1568.5,0,-0.9530,0.0531,0.1092,-0.2776,33.3,-10.3,0.0
2975327,2026-09-11_09-13-13.327-240,v5.1.3,3.43,12.0,3200,17751,21610,57024,10495,33079,57144,14465.86,16644.77,46289.37,15515.65,28161.62,44015.04,0.00,0.00,0.00,1049.78,11516.86,-2274.33,11786.12,11786.12,1.014,0.025,0.541,-4.375,-0.703,0.359,10881,1540.9,0,-0.9534,0.0498,0.1055,-0.2781,33.3,-10.0,0.0
2976045,2026-09-11_09-13-14.046-240,v5.1.3,3.43,12.0,3200,17786,20915,56764,9631,22981,59278,14499.44,16075.30,46083.57,15368.74,19959.57,45974.84,0.00,0.00,0.00,869.30,3884.28,-108.73,3981.85,3981.85,1.006,0.050,0.538,-4.047,-0.859,-0.281,10875,545.4,0,-0.9559,0.0215,0.0804,-0.2818,33.2,-8.1,0.0
2976151,2026-09-11_09-13-14.151-240,v5.1.3,3.43,12.0,3200,17779,20907,56786,9645,22625,59378,14493.71,16068.37,46101.55,15403.60,19671.54,46057.76,0.00,0.00,0.00,909.89,3603.18,-43.79,3716.54,3716.54,1.006,0.051,0.542,-4.375,-1.594,-0.078,10878,511.5,0,-0.9561,0.0178,0.0770,-0.2820,33.2,-7.9,0.0
2976256,2026-09-11_09-13-14.257-240,v5.1.3,3.43,12.0,3200,17777,20775,56758,9679,22221,59399,14492.94,15959.91,46079.88,15445.25,19342.72,46075.08,0.00,0.00,0.00,952.31,3382.81,-4.80,3514.30,3514.30,1.009,0.048,0.548,-4.547,-1.422,-0.312,10878,485.8,0,-0.9565,0.0142,0.0734,-0.2820,33.1,-7.6,0.0
2976361,2026-09-11_09-13-14.362-240,v5.1.3,3.43,12.0,3200,17807,20819,56801,9789,22165,59543,14517.45,15995.17,46114.53,15557.28,19301.75,46176.48,0.00,0.00,0.00,1039.83,3306.59,61.96,3466.79,3466.79,1.042,-0.016,0.351,-2.516,0.812,-1.312,10875,479.7,0,-0.9562,0.0086,0.0740,-0.2832,33.2,-7.8,0.0
2976466,2026-09-11_09-13-14.467-240,v5.1.3,3.43,12.0,3200,17796,20897,56784,9729,22226,59538,14507.83,16059.98,46100.01,15505.56,19350.69,46179.89,0.00,0.00,0.00,997.73,3290.71,79.88,3439.57,3439.57,1.005,0.116,0.584,-4.000,-3.469,0.172,10876,476.2,0,-0.9562,0.0048,0.0720,-0.2836,33.2,-7.8,0.0
2976572,2026-09-11_09-13-14.572-240,v5.1.3,3.43,12.0,3200,17798,20878,56781,9703,22052,59549,14509.61,16044.33,46097.73,15490.31,19208.61,46194.47,0.00,0.00,0.00,980.69,3164.29,96.74,3314.19,3314.19,0.987,0.039,0.600,-5.062,0.734,0.828,10874,460.2,0,-0.9567,0.0046,0.0658,-0.2835,33.2,-7.1,0.0
2976677,2026-09-11_09-13-14.677-240,v5.1.3,3.43,12.0,3200,17780,20887,56776,9703,21888,59635,14494.67,16052.02,46093.58,15506.60,19076.79,46265.64,0.00,0.00,0.00,1011.93,3024.76,172.06,3194.18,3194.18,0.958,0.114,0.482,-6.031,0.125,0.844,10874,444.9,0,-0.9572,0.0019,0.0623,-0.2825,33.0,-6.8,0.0
2976792,2026-09-11_09-13-14.792-240,v5.1.3,3.43,12.0,3200,17826,20908,56758,9756,21939,59635,14532.56,16069.23,46078.74,15548.88,19119.06,46257.77,0.00,0.00,0.00,1016.31,3049.84,179.02,3219.70,3219.70,1.003,0.019,0.514,-3.734,0.281,-0.297,10877,448.2,0,-0.9574,-0.0014,0.0563,-0.2833,33.1,-6.2,0.0
2976897,2026-09-11_09-13-14.898-240,v5.1.3,3.43,12.0,3200,17692,20895,56802,9589,22017,59701,14421.84,16059.04,46114.68,15418.46,19182.23,46332.61,0.00,0.00,0.00,996.61,3123.19,217.93,3285.58,3285.58,1.023,0.047,0.527,-3.828,-0.641,0.031,10879,456.6,0,-0.9574,-0.0050,0.0521,-0.2839,33.1,-5.9,0.0
2977002,2026-09-11_09-13-14.003-240,v5.1.3,3.43,12.0,3200,17725,20818,56803,9659,21877,59691,14449.65,15995.12,46116.16,15478.43,19068.59,46316.78,0.00,0.00,0.00,1028.78,3073.46,200.62,3247.28,3247.28,0.988,0.057,0.412,-5.156,-2.781,-1.266,10884,451.7,0,-0.9576,-0.0112,0.0540,-0.2828,32.9,-6.3,0.0
2977107,2026-09-11_09-13-15.108-240,v5.1.3,3.43,12.0,3200,17698,20795,56775,9611,21822,59695,14427.47,15976.91,46093.55,15440.92,19023.21,46327.23,0.00,0.00,0.00,1013.45,3046.30,233.68,3218.95,3218.95,0.968,0.059,0.625,-4.578,-1.734,0.156,10884,448.1,0,-0.9579,-0.0119,0.0495,-0.2827,32.9,-5.8,0.0
2977213,2026-09-11_09-13-15.213-240,v5.1.3,3.43,12.0,3200,17676,20825,56785,9622,21881,59723,14409.08,16001.72,46101.44,15452.29,19072.16,46347.49,0.00,0.00,0.00,1043.21,3070.44,246.05,3252.14,3252.14,1.014,0.053,0.529,-4.031,0.391,0.359,10874,452.3,0,-0.9580,-0.0141,0.0440,-0.2831,32.9,-5.3,0.0
2977318,2026-09-11_09-13-15.319-240,v5.1.3,3.43,12.0,3200,17720,20841,56820,9606,21923,59723,14445.36,16013.86,46129.81,15438.00,19106.24,46349.15,0.00,0.00,0.00,992.64,3092.38,219.34,3255.19,3255.19,1.016,0.042,0.517,-4.125,-2.031,0.094,10878,452.7,0,-0.9579,-0.0173,0.0407,-0.2835,32.9,-5.0,0.0
2977423,2026-09-11_09-13-15.424-240,v5.1.3,3.43,12.0,3200,17831,20885,56788,9781,21979,59705,14536.86,16049.65,46103.38,15578.11,19153.67,46310.10,0.00,0.00,0.00,1041.25,3104.02,206.72,3280.53,3280.53,0.993,0.053,0.578,-3.828,-1.172,0.047,10878,455.9,0,-0.9580,-0.0184,0.0357,-0.2840,33.0,-4.5,0.0
2977529,2026-09-11_09-13-15.529-240,v5.1.3,3.43,12.0,3200,17873,20800,56830,9782,21908,59773,14572.16,15978.30,46138.32,15590.25,19097.33,46365.50,0.00,0.00,0.00,1018.09,3119.03,227.18,3288.84,3288.84,1.007,0.050,0.535,-4.344,-0.641,0.422,10884,457.0,0,-0.9580,-0.0202,0.0310,-0.2843,33.0,-4.1,0.0
2977635,2026-09-11_09-13-15.635-240,v5.1.3,3.43,12.0,3200,17840,20789,56796,9758,21865,59708,14544.94,15970.16,46110.72,15562.62,19060.41,46317.08,0.00,0.00,0.00,1017.67,3090.25,206.36,3260.05,3260.05,1.012,0.053,0.526,-4.406,-0.859,0.031,10882,453.3,0,-0.9580,-0.0233,0.0270,-0.2845,33.0,-3.7,0.0
2977740,2026-09-11_09-13-15.740-240,v5.1.3,3.43,12.0,3200,17929,20788,56785,9860,21870,59674,14618.55,15968.64,46101.77,15641.75,19064.94,46275.78,0.00,0.00,0.00,1023.20,3096.30,174.00,3265.63,3265.63,1.001,0.055,0.555,-4.328,-0.922,0.000,10886,454.0,0,-0.9581,-0.0244,0.0220,-0.2846,33.0,-3.2,0.0
2977846,2026-09-11_09-13-15.847-240,v5.1.3,3.43,12.0,3200,17855,20845,56746,9780,21914,59691,14556.97,16017.14,46069.51,15577.07,19100.27,46299.80,0.00,0.00,0.00,1020.10,3083.13,230.29,3255.66,3255.66,1.010,0.049,0.543,-3.844,-0.875,0.297,10886,452.8,0,-0.9579,-0.0256,0.0174,-0.2854,33.1,-2.7,0.0
2977952,2026-09-11_09-13-15.953-240,v5.1.3,3.43,12.0,3200,17837,20884,56673,9748,21794,59536,14541.82,16050.83,46009.71,15532.42,18998.29,46181.13,0.00,0.00,0.00,990.60,2947.46,171.42,3114.19,3114.19,1.008,0.054,0.538,-4.250,-1.078,-0.016,10883,434.7,0,-0.9577,-0.0280,0.0140,-0.2859,33.2,-2.5,0.0
2978058,2026-09-11_09-13-16.058-240,v5.1.3,3.43,12.0,3200,17840,20802,56695,9735,21404,59552,14544.85,15982.70,46028.33,15534.30,18680.20,46200.66,0.00,0.00,0.00,989.45,2697.49,172.33,2878.40,2878.40,1.005,0.050,0.544,-4.016,-1.016,0.172,10878,404.6,0,-0.9576,-0.0276,0.0102,-0.2867,33.3,-2.0,0.0
2978163,2026-09-11_09-13-16.164-240,v5.1.3,3.43,12.0,3200,17810,20717,56689,9682,20989,59614,14520.61,15912.94,46024.18,15510.30,18342.29,46262.94,0.00,0.00,0.00,989.69,2429.36,238.77,2634.06,2634.06,1.007,0.054,0.542,-4.219,-0.609,-0.109,10886,373.5,0,-0.9573,-0.0292,0.0085,-0.2876,33.4,-1.9,0.0
2978278,2026-09-11_09-13-16.279-240,v5.1.3,3.43,12.0,3200,17808,20711,56650,9694,20659,59654,14518.99,15908.70,45992.46,15534.50,18074.04,46297.60,0.00,0.00,0.00,1015.51,2165.34,305.14,2411.03,2411.03,1.006,0.053,0.545,-4.250,-0.781,-0.125,10886,345.0,0,-0.9570,-0.0285,0.0071,-0.2885,33.5,-1.7,0.0
2978384,2026-09-11_09-13-16.384-240,v5.1.3,3.43,12.0,3200,17801,20724,56720,9660,20365,59707,14513.12,15918.25,46049.37,15521.67,17834.92,46348.53,0.00,0.00,0.00,1008.55,1916.67,299.16,2186.39,2186.39,1.009,0.052,0.543,-4.203,-1.188,0.688,10883,316.4,0,-0.9567,-0.0279,0.0087,-0.2897,33.7,-1.9,0.0
2978489,2026-09-11_09-13-16.490-240,v5.1.3,3.43,12.0,3200,17755,20595,56843,9621,20072,59901,14475.96,15810.00,46150.66,15524.26,17599.87,46513.43,0.00,0.00,0.00,1048.30,1789.88,362.77,2105.75,2105.75,1.005,0.052,0.543,-4.094,-1.031,0.734,10886,306.1,0,-0.9563,-0.0278,0.0082,-0.2910,33.8,-1.8,0.0
2978594,2026-09-11_09-13-16.595-240,v5.1.3,3.43,12.0,3200,17743,20532,56780,9609,19791,59783,14466.45,15759.24,46099.89,15505.49,17367.60,46423.79,0.00,0.00,0.00,1039.04,1608.36,323.90,1941.99,1941.99,1.033,0.042,0.523,-5.391,-3.609,-0.781,10883,285.2,0,-0.9564,-0.0287,0.0153,-0.2902,33.7,-2.6,0.0
2978699,2026-09-11_09-13-16.700-240,v5.1.3,3.43,12.0,3200,17736,20524,56749,9563,19589,59726,14460.71,15753.26,46074.71,15465.08,17200.83,46386.80,0.00,0.00,0.00,1004.37,1447.57,312.09,1789.30,1789.30,0.980,0.025,0.612,-3.703,-0.297,-0.281,10883,265.7,0,-0.9565,-0.0261,0.0101,-0.2905,33.7,-2.0,0.0
2978805,2026-09-11_09-13-16.805-240,v5.1.3,3.43,12.0,3200,17747,20529,56767,9587,19477,59833,14469.78,15756.95,46089.32,15502.66,17112.23,46470.91,0.00,0.00,0.00,1032.88,1355.28,381.59,1746.20,1746.20,0.987,0.089,0.519,-5.703,1.172,1.016,10888,260.2,0,-0.9565,-0.0291,0.0082,-0.2900,33.7,-1.9,0.0
2978910,2026-09-11_09-13-16.910-240,v5.1.3,3.43,12.0,3200,17752,20486,56648,9583,19387,59700,14474.19,15723.54,45992.77,15483.31,17035.59,46365.72,0.00,0.00,0.00,1009.12,1312.05,372.95,1696.73,1696.73,1.024,0.028,0.485,-4.812,-1.844,0.234,10880,253.9,0,-0.9565,-0.0284,0.0142,-0.2899,33.7,-2.5,0.0
2979015,2026-09-11_09-13-17.016-240,v5.1.3,3.43,12.0,3200,17792,20477,56613,9614,19316,59658,14507.32,15716.34,45964.33,15504.90,16977.03,46328.63,0.00,0.00,0.00,997.57,1260.69,364.30,1648.40,1648.40,0.988,0.044,0.591,-3.438,-1.297,-0.578,10885,247.7,0,-0.9565,-0.0274,0.0095,-0.2903,33.7,-2.0,0.0
2979120,2026-09-11_09-13-17.121-240,v5.1.3,3.43,12.0,3200,17750,20411,56671,9555,19194,59722,14473.04,15661.23,46012.14,15468.44,16878.24,46389.65,0.00,0.00,0.00,995.40,1217.02,377.50,1616.93,1616.93,0.981,0.055,0.560,-4.422,0.250,0.234,10885,243.7,0,-0.9565,-0.0267,0.0037,-0.2906,33.8,-1.3,0.0
2979226,2026-09-11_09-13-17.226-240,v5.1.3,3.43,12.0,3200,17762,20303,56665,9537,19094,59708,14483.69,15572.05,46008.18,15454.33,16796.08,46382.11,0.00,0.00,0.00,970.65,1224.03,373.93,1606.31,1606.31,1.027,0.104,0.526,-0.219,-0.312,0.688,10892,242.4,0,-0.9552,-0.0326,0.0043,-0.2943,34.2,-1.6,0.0
2979331,2026-09-11_09-13-17.332-240,v5.1.3,3.45,12.0,3200,17714,20409,56663,9532,19234,59694,14443.28,15660.08,46005.64,15444.55,16909.95,46369.78,0.00,0.00,0.00,1001.27,1249.87,364.14,1642.35,1642.35,0.935,-0.045,0.572,-3.016,0.078,-0.828,10884,247.0,0,-0.9551,-0.0283,0.0021,-0.2949,34.3,-1.2,0.0
2979436,2026-09-11_09-13-17.437-240,v5.1.3,3.45,12.0,3200,17725,20531,56638,9527,19344,59704,14451.56,15761.14,45984.23,15438.90,16999.90,46377.12,0.00,0.00,0.00,987.34,1238.76,392.89,1632.09,1632.09,1.092,0.118,0.512,-2.812,-0.422,-0.703,10884,245.6,0,-0.9547,-0.0335,0.0045,-0.2958,34.4,-1.6,0.0
2979541,2026-09-11_09-13-17.542-240,v5.1.3,3.45,12.0,3200,17749,20602,56637,9563,19393,59694,14470.93,15819.54,45982.80,15465.85,17040.10,46363.55,0.00,0.00,0.00,994.92,1220.56,380.75,1620.06,1620.06,0.978,0.037,0.538,-6.203,-1.906,1.156,10885,244.1,0,-0.9552,-0.0270,0.0060,-0.2947,34.3,-1.6,0.0
2979656,2026-09-11_09-13-17.657-240,v5.1.3,3.45,12.0,3200,17761,20509,56673,9525,19304,59711,14481.48,15741.99,46012.93,15439.29,16967.40,46383.52,0.00,0.00,0.00,957.81,1225.41,370.59,1598.86,1598.86,1.004,0.043,0.545,-3.750,-1.594,0.234,10881,241.4,0,-0.9548,-0.0250,0.0081,-0.2961,34.4,-1.7,0.0
2979762,2026-09-11_09-13-17.762-240,v5.1.3,3.45,12.0,3200,17664,20542,56658,9439,19340,59707,14401.04,15770.48,46000.42,15366.97,16995.63,46391.59,0.00,0.00,0.00,965.92,1225.16,391.16,1608.42,1608.42,1.000,0.064,0.553,-4.359,-0.891,-0.062,10882,242.6,0,-0.9547,-0.0280,0.0048,-0.2963,34.5,-1.5,0.0
2979867,2026-09-11_09-13-17.867-240,v5.1.3,3.45,12.0,3200,17641,20459,56647,9450,19271,59710,14382.58,15702.38,45992.17,15378.27,16939.52,46393.36,0.00,0.00,0.00,995.70,1237.14,401.19,1637.95,1637.95,1.009,0.043,0.528,-3.812,-0.344,0.422,10882,246.4,0,-0.9544,-0.0267,0.0088,-0.2972,34.6,-1.9,0.0
2979972,2026-09-11_09-13-17.973-240,v5.1.3,3.45,12.0,3200,17653,20535,56648,9449,19324,59669,14391.99,15764.99,45992.34,15370.35,16981.80,46359.89,0.00,0.00,0.00,978.36,1216.81,367.55,1604.03,1604.03,1.005,0.052,0.545,-3.875,-1.172,-0.125,10872,242.1,0,-0.9542,-0.0274,0.0069,-0.2979,34.6,-1.7,0.0
2980077,2026-09-11_09-13-18.078-240,v5.1.3,3.45,12.0,3200,17694,20571,56645,9478,19327,59677,14425.66,15794.35,45989.58,15395.26,16984.79,46362.32,0.00,0.00,0.00,969.61,1190.44,372.74,1579.94,1579.94,1.010,0.055,0.544,-4.062,-0.719,-0.438,10883,239.0,0,-0.9540,-0.0285,0.0070,-0.2982,34.7,-1.7,0.0
2980183,2026-09-11_09-13-18.183-240,v5.1.3,3.45,12.0,3200,17703,20480,56682,9505,19283,59705,14433.71,15718.47,46020.51,15422.55,16949.87,46381.69,0.00,0.00,0.00,988.84,1231.40,361.18,1620.06,1620.06,1.008,0.049,0.543,-3.812,-1.312,0.375,10883,244.1,0,-0.9538,-0.0262,0.0081,-0.2990,34.8,-1.8,0.0
2980288,2026-09-11_09-13-18.289-240,v5.1.3,3.45,12.0,3200,17655,20495,56658,9477,19243,59666,14393.91,15731.76,46000.82,15395.15,16915.96,46354.68,0.00,0.00,0.00,1001.23,1184.20,353.85,1590.60,1590.60,1.008,0.052,0.549,-4.062,-0.672,0.188,10883,240.4,0,-0.9537,-0.0266,0.0058,-0.2997,34.8,-1.6,0.0
2980393,2026-09-11_09-13-18.394-240,v5.1.3,3.45,12.0,3200,17793,20466,56640,9628,19255,59688,14508.23,15706.76,45986.42,15522.21,16928.12,46351.60,0.00,0.00,0.00,1013.98,1221.36,365.18,1628.88,1628.88,1.008,0.051,0.539,-4.328,-0.922,0.344,10879,245.2,0,-0.9534,-0.0272,0.0085,-0.3003,34.9,-1.9,0.0
2980499,2026-09-11_09-13-18.499-240,v5.1.3,3.45,12.0,3200,17828,20517,56626,9634,19314,59626,14536.83,15748.77,45974.58,15516.98,16974.89,46300.21,0.00,0.00,0.00,980.15,1226.12,325.64,1603.16,1603.16,1.007,0.046,0.546,-4.219,-0.875,0.375,10879,242.0,0,-0.9533,-0.0246,0.0073,-0.3009,35.0,-1.6,0.0
2980604,2026-09-11_09-13-18.604-240,v5.1.3,3.45,12.0,3200,17857,20566,56621,9709,19320,59670,14560.48,15789.02,45970.09,15584.67,16981.75,46325.26,0.00,0.00,0.00,1024.19,1192.72,355.17,1611.74,1611.74,1.012,0.054,0.550,-4.609,-1.250,0.344,10884,243.1,0,-0.9531,-0.0269,0.0067,-0.3013,35.0,-1.7,0.0
2980709,2026-09-11_09-13-18.710-240,v5.1.3,3.45,12.0,3200,17800,20484,56629,9629,19246,59675,14513.89,15721.75,45977.31,15521.47,16920.49,46341.13,0.00,0.00,0.00,1007.57,1198.74,363.82,1607.65,1607.65,1.005,0.040,0.548,-4.484,-0.859,0.109,10884,242.5,0,-0.9532,-0.0230,0.0067,-0.3015,35.1,-1.5,0.0
2980815,2026-09-11_09-13-18.816-240,v5.1.3,3.45,12.0,3200,17807,20460,56615,9642,19180,59625,14519.84,15702.12,45966.11,15526.99,16865.60,46300.01,0.00,0.00,0.00,1007.15,1163.48,333.90,1574.65,1574.65,0.992,0.057,0.564,-3.984,-0.453,0.156,10886,238.3,0,-0.9529,-0.0247,0.0021,-0.3022,35.2,-1.1,0.0
2980920,2026-09-11_09-13-18.921-240,v5.1.3,3.45,12.0,3200,17843,20494,56598,9692,19092,59557,14549.38,15730.13,45951.97,15561.07,16792.79,46239.65,0.00,0.00,0.00,1011.68,1062.65,287.68,1495.16,1495.16,1.003,0.057,0.544,-4.516,-0.797,0.281,10879,228.2,0,-0.9527,-0.0275,0.0042,-0.3027,35.2,-1.4,0.0
2981026,2026-09-11_09-13-19.027-240,v5.1.3,3.45,12.0,3200,17756,20533,56521,9587,18980,59478,14477.17,15764.59,45888.91,15466.63,16698.23,46191.90,0.00,0.00,0.00,989.46,933.64,302.99,1393.75,1393.75,1.010,0.040,0.541,-4.047,-1.250,0.203,10879,215.2,0,-0.9526,-0.0247,0.0078,-0.3032,35.3,-1.7,0.0
2981142,2026-09-11_09-13-19.143-240,v5.1.3,3.45,12.0,3200,17772,20350,56538,9602,18715,59567,14491.63,15613.04,45904.33,15498.38,16484.22,46264.71,0.00,0.00,0.00,1006.75,871.18,360.38,1379.26,1379.26,1.007,0.052,0.535,-4.422,-0.688,0.469,10887,213.4,0,-0.9523,-0.0272,0.0096,-0.3038,35.3,-2.0,0.0
2981247,2026-09-11_09-13-19.248-240,v5.1.3,3.45,12.0,3200,17741,20393,56525,9567,18632,59541,14465.70,15649.08,45893.37,15468.16,16415.44,46249.64,0.00,0.00,0.00,1002.45,766.35,356.27,1311.16,1311.16,1.010,0.044,0.540,-4.406,-1.219,0.875,10899,204.7,0,-0.9523,-0.0238,0.0102,-0.3042,35.4,-1.9,0.0
2981353,2026-09-11_09-13-19.353-240,v5.1.3,3.45,12.0,3200,17797,20404,56600,9619,18567,59560,14511.95,15656.25,45954.37,15515.34,16363.47,46258.62,0.00,0.00,0.00,1003.39,707.21,304.25,1264.72,1264.72,1.019,0.048,0.539,-4.109,-1.516,-0.500,10887,198.8,0,-0.9521,-0.0267,0.0116,-0.3045,35.4,-2.2,0.0
2981458,2026-09-11_09-13-19.459-240,v5.1.3,3.45,12.0,3200,17772,20405,56617,9585,18485,59601,14491.27,15657.03,45968.21,15495.21,16297.09,46297.24,0.00,0.00,0.00,1003.94,640.07,329.04,1235.25,1235.25,1.010,0.056,0.526,-4.500,-1.125,0.328,10887,195.0,0,-0.9520,-0.0290,0.0132,-0.3045,35.4,-2.4,0.0
2981563,2026-09-11_09-13-19.564-240,v5.1.3,3.45,12.0,3200,17764,20361,56677,9595,18451,59673,14484.95,15619.70,46017.46,15514.33,16271.16,46354.16,0.00,0.00,0.00,1029.38,651.46,336.70,1263.88,1263.88,1.002,0.049,0.548,-3.875,-1.078,-0.406,10883,198.7,0,-0.9521,-0.0270,0.0092,-0.3043,35.4,-1.9,0.0
2981668,2026-09-11_09-13-19.669-240,v5.1.3,3.45,12.0,3200,17770,20334,56749,9562,18394,59700,14490.10,15596.05,46076.34,15492.42,16224.87,46381.08,0.00,0.00,0.00,1002.32,628.82,304.74,1221.86,1221.86,1.001,0.051,0.550,-4.266,-0.859,0.219,10877,193.3,0,-0.9522,-0.0255,0.0056,-0.3044,35.4,-1.5,0.0
2981774,2026-09-11_09-13-19.774-240,v5.1.3,3.45,12.0,3200,17757,20249,56640,9552,18358,59587,14479.91,15527.97,45988.29,15469.47,16192.70,46292.10,0.00,0.00,0.00,989.56,664.74,303.81,1230.21,1230.21,1.017,0.102,0.522,-0.281,-1.047,1.641,10885,194.4,0,-0.9508,-0.0310,0.0066,-0.3082,35.9,-1.8,0.0
2981879,2026-09-11_09-13-19.880-240,v5.1.3,3.45,12.0,3200,17730,20239,56618,9541,18311,59549,14457.65,15520.38,45970.45,15456.40,16153.31,46263.65,0.00,0.00,0.00,998.75,632.94,293.20,1218.23,1218.23,0.936,-0.002,0.560,-0.609,-0.312,-1.953,10885,192.9,0,-0.9503,-0.0290,0.0031,-0.3100,36.1,-1.4,0.0
2981985,2026-09-11_09-13-19.986-240,v5.1.3,3.45,12.0,3200,17747,20237,56601,9582,18306,59569,14471.72,15518.86,45956.62,15493.06,16150.21,46274.19,0.00,0.00,0.00,1021.34,631.34,317.57,1242.01,1242.01,1.063,0.133,0.533,-4.000,-0.156,0.094,10881,195.9,0,-0.9501,-0.0339,0.0036,-0.3102,36.1,-1.6,0.0
2982091,2026-09-11_09-13-20.091-240,v5.1.3,3.45,12.0,3200,17767,20291,56559,9589,18392,59521,14487.89,15564.00,45921.95,15489.88,16219.35,46233.58,0.00,0.00,0.00,1001.99,655.35,311.64,1237.17,1237.17,0.989,0.027,0.538,-5.312,-1.781,0.266,10885,195.3,0,-0.9505,-0.0284,0.0055,-0.3092,36.0,-1.6,0.0
2982196,2026-09-11_09-13-20.197-240,v5.1.3,3.45,12.0,3200,17778,20316,56579,9607,18383,59535,14496.82,15584.17,45938.02,15506.88,16212.56,46242.49,0.00,0.00,0.00,1010.06,628.39,304.47,1227.92,1227.92,1.003,0.037,0.555,-3.500,-0.734,0.453,10885,194.1,0,-0.9505,-0.0236,0.0045,-0.3099,36.1,-1.3,0.0
2982301,2026-09-11_09-13-20.302-240,v5.1.3,3.45,12.0,3200,17786,20193,56629,9574,18301,59603,14504.27,15481.64,45979.81,15491.32,16146.83,46302.67,0.00,0.00,0.00,987.06,665.19,322.86,1233.28,1233.28,1.013,0.060,0.532,-3.906,-0.719,-0.406,10885,194.8,0,-0.9502,-0.0277,0.0069,-0.3102,36.1,-1.7,0.0
2982406,2026-09-11_09-13-20.407-240,v5.1.3,3.45,12.0,3200,17775,20389,56602,9559,18492,59589,14493.85,15644.05,45956.13,15471.95,16302.20,46291.06,0.00,0.00,0.00,978.10,658.15,334.93,1225.57,1225.57,1.002,0.059,0.547,-3.938,-0.953,0.469,10882,193.8,0,-0.9502,-0.0276,0.0042,-0.3103,36.1,-1.4,0.0
2982512,2026-09-11_09-13-20.512-240,v5.1.3,3.45,12.0,3200,17770,20442,56566,9567,18504,59568,14489.36,15688.51,45926.35,15475.31,16311.60,46272.95,0.00,0.00,0.00,985.95,623.09,346.59,1216.74,1216.74,1.005,0.046,0.540,-4.031,-1.203,0.266,10885,192.7,0,-0.9502,-0.0247,0.0069,-0.3105,36.2,-1.6,0.0
2982627,2026-09-11_09-13-20.627-240,v5.1.3,3.45,12.0,3200,17729,20421,56539,9553,18488,59523,14455.59,15672.07,45904.53,15457.96,16297.31,46238.89,0.00,0.00,0.00,1002.37,625.24,334.36,1227.79,1227.79,1.005,0.052,0.543,-3.828,-0.828,-0.172,10889,194.1,0,-0.9501,-0.0265,0.0062,-0.3108,36.2,-1.6,0.0
2982732,2026-09-11_09-13-20.732-240,v5.1.3,3.45,12.0,3200,17704,20405,56562,9510,18505,59520,14435.03,15658.70,45923.40,15421.69,16310.59,46242.14,0.00,0.00,0.00,986.66,651.89,318.73,1224.77,1224.77,1.008,0.053,0.542,-4.188,-1.031,0.062,10889,193.7,0,-0.9501,-0.0263,0.0071,-0.3106,36.2,-1.7,0.0
2982837,2026-09-11_09-13-20.838-240,v5.1.3,3.45,12.0,3200,17668,20474,56509,9465,18529,59505,14404.79,15716.97,45879.64,15381.92,16329.27,46235.92,0.00,0.00,0.00,977.13,612.29,356.28,1206.91,1206.91,1.005,0.047,0.547,-3.562,-0.875,0.359,10892,191.4,0,-0.9501,-0.0236,0.0057,-0.3110,36.2,-1.5,0.0
2982942,2026-09-11_09-13-20.943-240,v5.1.3,3.45,12.0,3200,17610,20353,56575,9401,18434,59558,14357.65,15616.47,45934.43,15339.10,16252.20,46288.44,0.00,0.00,0.00,981.46,635.73,354.01,1221.77,1221.77,1.008,0.053,0.545,-4.047,-0.828,-0.188,10888,193.3,0,-0.9500,-0.0263,0.0058,-0.3112,36.2,-1.6,0.0
2983048,2026-09-11_09-13-21.048-240,v5.1.3,3.45,12.0,3200,17700,20317,56558,9466,18380,59511,14432.31,15586.15,45920.90,15387.54,16207.81,46242.48,0.00,0.00,0.00,955.23,621.66,321.58,1184.20,1184.20,1.006,0.053,0.538,-4.141,-1.312,-0.141,10888,188.5,0,-0.9500,-0.0269,0.0079,-0.3111,36.2,-1.8,0.0
2983153,2026-09-11_09-13-21.154-240,v5.1.3,3.45,12.0,3200,17722,20343,56539,9512,18428,59475,14450.33,15607.74,45905.20,15419.15,16246.71,46206.68,0.00,0.00,0.00,968.82,638.97,301.47,1199.07,1199.07,1.021,0.045,0.545,-4.781,-1.016,0.484,10889,190.4,0,-0.9502,-0.0234,0.0094,-0.3107,36.2,-1.9,0.0
2983259,2026-09-11_09-13-21.259-240,v5.1.3,3.45,12.0,3200,17804,20376,56540,9632,18460,59506,14517.92,15634.15,45905.74,15521.40,16275.02,46214.80,0.00,0.00,0.00,1003.48,640.88,309.07,1230.13,1230.13,1.032,0.021,0.556,-5.312,-1.234,0.969,10891,194.4,0,-0.9504,-0.0179,0.0109,-0.3105,36.2,-1.8,0.0
2983364,2026-09-11_09-13-21.365-240,v5.1.3,3.45,12.0,3200,17795,20405,56559,9611,18482,59469,14510.28,15657.84,45920.97,15498.39,16291.85,46187.66,0.00,0.00,0.00,988.11,634.01,266.69,1203.93,1203.93,0.998,0.022,0.558,-3.250,-0.312,-0.266,10894,191.0,0,-0.9500,-0.0161,0.0067,-0.3117,36.3,-1.3,0.0
2983469,2026-09-11_09-13-21.470-240,v5.1.3,3.45,12.0,3200,17849,20404,56546,9660,18406,59441,14554.94,15656.70,45910.39,15536.87,16229.76,46159.43,0.00,0.00,0.00,981.93,573.06,249.04,1163.87,1163.87,1.011,0.066,0.533,-4.547,-0.953,-0.953,10894,185.9,0,-0.9500,-0.0216,0.0074,-0.3113,36.3,-1.6,0.0
2983574,2026-09-11_09-13-21.575-240,v5.1.3,3.45,12.0,3200,17835,20322,56547,9637,18300,59467,14543.92,15589.13,45911.91,15524.36,16143.58,46184.80,0.00,0.00,0.00,980.44,554.45,272.89,1158.94,1158.94,1.021,0.069,0.529,-3.859,-1.688,-0.688,10885,185.3,0,-0.9498,-0.0271,0.0094,-0.3115,36.3,-2.0,0.0
2983681,2026-09-11_09-13-21.681-240,v5.1.3,3.45,12.0,3200,17808,20277,56509,9605,18240,59410,14521.89,15552.93,45881.34,15491.70,16092.87,46144.11,0.00,0.00,0.00,969.81,539.94,262.77,1140.67,1140.67,1.009,0.047,0.542,-3.938,-1.047,-0.047,10886,183.0,0,-0.9499,-0.0246,0.0082,-0.3114,36.3,-1.8,0.0
2983786,2026-09-11_09-13-21.787-240,v5.1.3,3.45,12.0,3200,17834,20318,56508,9639,18243,59403,14543.11,15586.54,45880.18,15518.64,16095.57,46133.82,0.00,0.00,0.00,975.53,509.04,253.64,1129.21,1129.21,0.995,0.074,0.532,-4.656,-0.828,0.359,10883,181.5,0,-0.9499,-0.0286,0.0073,-0.3112,36.2,-1.8,0.0
2983893,2026-09-11_09-13-21.893-240,v5.1.3,3.45,12.0,3200,17776,20359,56457,9578,18239,59300,14494.87,15621.88,45838.27,15454.24,16089.13,46059.42,0.00,0.00,0.00,959.37,467.25,221.15,1089.78,1089.78,0.986,0.000,0.586,-3.844,-1.250,-0.281,10883,176.5,0,-0.9500,-0.0243,0.0053,-0.3113,36.3,-1.4,0.0
2983999,2026-09-11_09-13-21.000-240,v5.1.3,3.45,12.0,3200,17927,20262,56439,9736,18149,59284,14620.39,15540.61,45824.46,15584.51,16017.24,46026.13,0.00,0.00,0.00,964.12,476.63,201.68,1094.24,1094.24,0.989,0.028,0.554,-4.844,0.375,1.156,10883,177.0,0,-0.9500,-0.0184,0.0034,-0.3116,36.3,-1.0,0.0
2984115,2026-09-11_09-13-22.115-240,v5.1.3,3.45,12.0,3200,17872,20285,56364,9674,18134,59264,14574.74,15561.50,45763.16,15531.08,16003.76,46018.71,0.00,0.00,0.00,956.34,442.26,255.55,1084.20,1084.20,1.007,0.051,0.552,-4.344,-0.484,-0.094,10885,175.8,0,-0.9497,-0.0229,0.0036,-0.3122,36.4,-1.2,0.0
2984221,2026-09-11_09-13-22.221-240,v5.1.3,3.45,12.0,3200,17769,20299,56362,9607,18133,59250,14489.47,15574.12,45761.41,15474.00,16001.80,46016.62,0.00,0.00,0.00,984.53,427.67,255.21,1103.33,1103.33,1.014,0.059,0.510,-3.125,-2.281,-1.141,10887,178.2,0,-0.9494,-0.0277,0.0083,-0.3126,36.4,-1.9,0.0
2984326,2026-09-11_09-13-22.327-240,v5.1.3,3.45,12.0,3200,17748,20270,56544,9580,18114,59462,14472.32,15547.12,45909.91,15481.68,15990.95,46190.90,0.00,0.00,0.00,1009.36,443.83,280.99,1137.87,1137.87,1.005,0.038,0.563,-4.688,-1.359,1.703,10887,182.6,0,-0.9495,-0.0223,0.0063,-0.3128,36.4,-1.5,0.0
2984431,2026-09-11_09-13-22.432-240,v5.1.3,3.44,12.0,3200,17747,20241,56569,9564,18022,59468,14471.69,15522.74,45930.52,15471.78,15915.81,46199.06,0.00,0.00,0.00,1000.10,393.07,268.54,1107.62,1107.62,1.050,0.126,0.503,-5.578,-3.156,2.188,10890,178.7,0,-0.9495,-0.0257,0.0106,-0.3126,36.4,-2.1,0.0
2984536,2026-09-11_09-13-22.537-240,v5.1.3,3.44,12.0,3200,17733,20261,56579,9548,18023,59450,14459.98,15539.21,45938.49,15456.09,15916.01,46186.77,0.00,0.00,0.00,996.11,376.80,248.28,1093.55,1093.55,0.963,-0.048,0.564,-5.516,-0.328,1.250,10882,176.9,0,-0.9498,-0.0188,0.0098,-0.3122,36.4,-1.7,0.0
2984642,2026-09-11_09-13-22.642-240,v5.1.3,3.44,12.0,3200,17765,20282,56551,9575,18057,59424,14486.30,15556.73,45915.51,15473.81,15943.47,46161.77,0.00,0.00,0.00,987.51,386.74,246.26,1088.76,1088.76,1.051,0.056,0.547,-2.078,-0.719,-0.500,10894,176.3,0,-0.9491,-0.0245,0.0107,-0.3139,36.6,-2.0,0.0
2984747,2026-09-11_09-13-22.747-240,v5.1.3,3.44,12.0,3200,17795,20253,56478,9614,18055,59370,14511.29,15533.80,45856.29,15498.48,15941.05,46113.07,0.00,0.00,0.00,987.19,407.25,256.78,1098.33,1098.33,0.989,0.088,0.536,-4.516,-1.109,0.344,10894,177.6,0,-0.9491,-0.0284,0.0084,-0.3136,36.5,-1.9,0.0
2984852,2026-09-11_09-13-22.853-240,v5.1.3,3.44,12.0,3200,17767,20199,56581,9561,17950,59454,14488.51,15487.65,45940.65,15469.29,15856.68,46189.13,0.00,0.00,0.00,980.78,369.03,248.48,1076.96,1076.96,1.006,0.045,0.551,-4.234,-0.578,0.344,10886,174.8,0,-0.9493,-0.0242,0.0059,-0.3134,36.5,-1.5,0.0
2984957,2026-09-11_09-13-22.958-240,v5.1.3,3.44,12.0,3200,17783,20231,56528,9587,17997,59430,14501.52,15514.86,45897.21,15486.12,15894.79,46165.70,0.00,0.00,0.00,984.59,379.93,268.49,1088.97,1088.97,1.012,0.039,0.544,-4.172,-1.188,0.172,10902,176.4,0,-0.9492,-0.0223,0.0087,-0.3138,36.5,-1.7,0.0
2985062,2026-09-11_09-13-23.063-240,v5.1.3,3.44,12.0,3200,17761,20192,56491,9541,17973,59404,14483.59,15483.55,45867.41,15445.27,15874.03,46151.39,0.00,0.00,0.00,961.69,390.48,283.98,1076.09,1076.09,1.007,0.052,0.543,-3.625,-1.453,0.406,10902,174.7,0,-0.9489,-0.0256,0.0079,-0.3145,36.6,-1.8,0.0
2985168,2026-09-11_09-13-23.169-240,v5.1.3,3.44,12.0,3200,17742,20180,56493,9544,18000,59395,14467.96,15473.79,45869.14,15445.78,15895.89,46143.41,0.00,0.00,0.00,977.82,422.10,274.27,1099.78,1099.78,1.010,0.057,0.545,-4.266,-0.766,-0.141,10888,177.7,0,-0.9489,-0.0274,0.0060,-0.3142,36.6,-1.6,0.0
2985273,2026-09-11_09-13-23.274-240,v5.1.3,3.44,12.0,3200,17751,20212,56466,9550,18030,59366,14475.18,15500.61,45846.87,15445.90,15919.76,46118.91,0.00,0.00,0.00,970.72,419.16,272.04,1091.78,1091.78,1.005,0.050,0.542,-4.203,-0.891,-0.156,10897,176.7,0,-0.9491,-0.0252,0.0065,-0.3138,36.6,-1.6,0.0
2985379,2026-09-11_09-13-23.379-240,v5.1.3,3.44,12.0,3200,17784,20373,56464,9582,18194,59349,14501.39,15633.23,45843.86,15465.53,16053.61,46098.82,0.00,0.00,0.00,964.13,420.37,254.96,1082.25,1082.25,1.007,0.051,0.543,-4.359,-1.016,0.750,10889,175.5,0,-0.9491,-0.0249,0.0067,-0.3139,36.6,-1.6,0.0
2985493,2026-09-11_09-13-23.494-240,v5.1.3,3.44,12.0,3200,17755,20304,56503,9577,18086,59352,14477.88,15575.86,45876.21,15464.70,15965.47,46103.27,0.00,0.00,0.00,986.82,389.61,227.05,1084.97,1084.97,1.007,0.054,0.541,-4.188,-0.500,0.312,10889,175.9,0,-0.9490,-0.0266,0.0067,-0.3140,36.6,-1.7,0.0
2985599,2026-09-11_09-13-23.599-240,v5.1.3,3.44,12.0,3200,17667,20281,56503,9472,18084,59353,14405.26,15557.75,45876.41,15378.44,15962.58,46118.43,0.00,0.00,0.00,973.18,404.83,242.02,1081.45,1081.45,1.002,0.061,0.539,-3.953,-0.906,0.031,10885,175.4,0,-0.9491,-0.0289,0.0057,-0.3137,36.5,-1.7,0.0
2985704,2026-09-11_09-13-23.705-240,v5.1.3,3.44,12.0,3200,17636,20353,56474,9446,18157,59368,14379.14,15618.03,45852.16,15357.17,16022.19,46133.11,0.00,0.00,0.00,978.03,404.17,280.95,1094.91,1094.91,0.999,0.063,0.541,-3.875,-0.766,-0.156,10889,177.1,0,-0.9493,-0.0289,0.0038,-0.3131,36.5,-1.5,0.0
2985809,2026-09-11_09-13-23.810-240,v5.1.3,3.44,12.0,3200,17706,20348,56455,9523,18162,59326,14437.06,15613.54,45836.74,15414.61,16026.23,46088.79,0.00,0.00,0.00,977.55,412.69,252.05,1090.62,1090.62,1.017,0.066,0.541,-3.906,-1.250,-0.016,10886,176.6,0,-0.9493,-0.0308,0.0065,-0.3128,36.4,-1.8,0.0
2985914,2026-09-11_09-13-23.915-240,v5.1.3,3.44,12.0,3200,17701,20322,56472,9521,18128,59303,14433.10,15591.82,45850.81,15410.68,15997.91,46071.01,0.00,0.00,0.00,977.58,406.09,220.20,1081.23,1081.23,1.012,0.030,0.540,-4.594,-1.281,0.703,10886,175.4,0,-0.9495,-0.0254,0.0085,-0.3126,36.4,-1.8,0.0
2986019,2026-09-11_09-13-24.020-240,v5.1.3,3.44,12.0,3200,17715,20255,56485,9491,18024,59348,14445.12,15536.13,45861.97,15394.98,15913.72,46112.57,0.00,0.00,0.00,949.86,377.59,250.60,1052.43,1052.43,1.029,0.037,0.523,-2.969,-1.000,-0.312,10890,171.7,0,-0.9492,-0.0253,0.0129,-0.3134,36.5,-2.3,0.0
2986125,2026-09-11_09-13-24.126-240,v5.1.3,3.44,12.0,3200,17736,20214,56475,9568,17959,59332,14462.76,15502.25,45854.18,15457.89,15861.23,46090.02,0.00,0.00,0.00,995.13,358.99,235.84,1083.87,1083.87,1.005,0.064,0.552,-3.312,-1.266,-1.266,10890,175.7,0,-0.9492,-0.0283,0.0083,-0.3133,36.5,-1.9,0.0
2986230,2026-09-11_09-13-24.231-240,v5.1.3,3.44,12.0,3200,17787,20241,56461,9626,17973,59288,14504.76,15524.28,45842.55,15499.17,15872.34,46046.57,0.00,0.00,0.00,994.41,348.06,204.03,1073.14,1073.14,1.015,0.066,0.528,-5.781,-0.781,1.547,10885,174.3,0,-0.9495,-0.0293,0.0107,-0.3124,36.4,-2.2,0.0
2986336,2026-09-11_09-13-24.336-240,v5.1.3,3.44,12.0,3200,17853,20246,56480,9651,17985,59294,14559.30,15527.41,45857.98,15520.27,15882.58,46047.83,0.00,0.00,0.00,960.96,355.17,189.85,1041.94,1041.94,1.004,0.059,0.538,-2.312,-1.688,3.641,10885,170.4,0,-0.9488,-0.0266,0.0089,-0.3147,36.7,-1.9,0.0
2986441,2026-09-11_09-13-24.441-240,v5.1.3,3.44,12.0,3200,17870,20290,56433,9666,17974,59307,14573.06,15564.40,45819.33,15534.71,15874.09,46056.37,0.00,0.00,0.00,961.65,309.69,237.04,1037.72,1037.72,0.990,0.039,0.578,-3.953,-0.781,0.141,10895,169.8,0,-0.9488,-0.0236,0.0046,-0.3148,36.7,-1.4,0.0
2986546,2026-09-11_09-13-24.547-240,v5.1.3,3.44,12.0,3200,17835,20252,56516,9670,17967,59345,14544.38,15531.89,45887.26,15543.46,15869.32,46086.45,0.00,0.00,0.00,999.08,337.43,199.19,1073.17,1073.17,1.016,0.050,0.517,-4.062,-0.750,1.078,10900,174.3,0,-0.9485,-0.0248,0.0091,-0.3155,36.8,-1.9,0.0
2986652,2026-09-11_09-13-24.653-240,v5.1.3,3.44,12.0,3200,17906,20204,56457,9711,17921,59323,14603.41,15492.61,45839.62,15575.39,15831.76,46063.76,0.00,0.00,0.00,971.98,339.15,224.14,1053.57,1053.57,0.998,-0.083,0.525,-6.281,-2.453,2.031,10900,171.8,0,-0.9489,-0.0179,0.0131,-0.3149,36.7,-2.1,0.0
2986757,2026-09-11_09-13-24.758-240,v5.1.3,3.44,12.0,3200,17905,20199,56458,9714,17894,59238,14602.62,15488.48,45840.48,15566.79,15807.76,45995.38,0.00,0.00,0.00,964.17,319.28,154.91,1027.41,1027.41,0.996,0.035,0.583,-1.266,-0.594,-1.562,10886,168.5,0,-0.9483,-0.0197,0.0070,-0.3166,36.9,-1.5,0.0
2986863,2026-09-11_09-13-24.864-240,v5.1.3,3.44,12.0,3200,17881,20268,56421,9726,17950,59190,14582.31,15546.35,45809.74,15568.53,15852.48,45954.47,0.00,0.00,0.00,986.22,306.13,144.73,1042.73,1042.73,1.009,0.098,0.528,-4.156,-0.172,0.281,10889,170.5,0,-0.9481,-0.0245,0.0064,-0.3169,36.9,-1.6,0.0
2986979,2026-09-11_09-13-24.979-240,v5.1.3,3.44,12.0,3200,17823,20228,56282,9626,17939,59153,14534.60,15516.40,45696.86,15481.35,15841.40,45938.52,0.00,0.00,0.00,946.75,325.00,241.66,1029.74,1029.74,1.021,0.047,0.545,-4.672,-0.484,0.344,10889,168.8,0,-0.9482,-0.0238,0.0086,-0.3166,36.9,-1.8,0.0
2987084,2026-09-11_09-13-25.085-240,v5.1.3,3.44,12.0,3200,17745,20202,56298,9542,17913,59134,14470.27,15495.43,45710.11,15410.25,15818.71,45935.04,0.00,0.00,0.00,939.97,323.28,224.93,1019.14,1019.14,1.028,0.041,0.549,-4.422,-0.953,0.547,10889,167.5,0,-0.9482,-0.0216,0.0099,-0.3166,36.9,-1.9,0.0
2987190,2026-09-11_09-13-25.190-240,v5.1.3,3.44,12.0,3200,17738,20253,56520,9560,17960,59342,14464.16,15533.62,45890.50,15452.66,15862.19,46099.14,0.00,0.00,0.00,988.50,328.57,208.64,1062.37,1062.37,1.001,0.056,0.539,-4.359,-1.609,0.312,10895,173.0,0,-0.9482,-0.0251,0.0087,-0.3166,36.9,-1.9,0.0
2987295,2026-09-11_09-13-25.296-240,v5.1.3,3.44,12.0,3200,17754,20331,56562,9568,18018,59380,14476.87,15597.10,45924.04,15462.98,15910.52,46127.85,0.00,0.00,0.00,986.11,313.42,203.81,1054.60,1054.60,1.001,0.048,0.541,-4.641,-0.984,0.344,10893,172.0,0,-0.9485,-0.0235,0.0070,-0.3160,36.8,-1.6,0.0
2987401,2026-09-11_09-13-25.401-240,v5.1.3,3.44,12.0,3200,17770,20327,56498,9623,18036,59351,14490.13,15594.79,45871.95,15503.76,15925.20,46096.82,0.00,0.00,0.00,1013.64,330.42,224.87,1089.59,1089.59,1.007,0.051,0.543,-3.922,-0.922,-0.344,10893,176.4,0,-0.9484,-0.0256,0.0065,-0.3160,36.8,-1.6,0.0
2987506,2026-09-11_09-13-25.506-240,v5.1.3,3.44,12.0,3200,17780,20274,56693,9548,17972,59544,14498.77,15547.42,46031.24,15470.48,15876.60,46262.95,0.00,0.00,0.00,971.71,329.17,231.70,1051.79,1051.79,1.005,0.056,0.542,-4.344,-1.203,0.375,10893,171.6,0,-0.9485,-0.0268,0.0064,-0.3157,36.8,-1.7,0.0
2987611,2026-09-11_09-13-25.612-240,v5.1.3,3.44,12.0,3200,17757,20202,56530,9558,17885,59293,14480.22,15491.14,45899.09,15446.22,15799.80,46060.98,0.00,0.00,0.00,966.00,308.66,161.89,1026.95,1026.95,1.007,0.044,0.549,-3.875,-0.906,0.797,10885,168.5,0,-0.9485,-0.0226,0.0058,-0.3160,36.8,-1.4,0.0
2987717,2026-09-11_09-13-25.717-240,v5.1.3,3.44,12.0,3200,17721,20163,56541,9554,17837,59342,14450.71,15459.10,45908.38,15450.99,15761.73,46101.51,0.00,0.00,0.00,1000.29,302.62,193.13,1062.76,1062.76,1.008,0.053,0.542,-4.438,-0.953,0.312,10893,173.0,0,-0.9483,-0.0254,0.0069,-0.3161,36.8,-1.7,0.0
2987822,2026-09-11_09-13-25.823-240,v5.1.3,3.44,12.0,3200,17774,20192,56547,9560,17882,59366,14494.34,15482.41,45913.02,15458.07,15799.09,46119.40,0.00,0.00,0.00,963.73,316.68,206.38,1035.20,1035.20,1.010,0.051,0.545,-4.125,-1.234,0.281,10889,169.5,0,-0.9484,-0.0250,0.0069,-0.3161,36.8,-1.6,0.0
2987927,2026-09-11_09-13-25.928-240,v5.1.3,3.44,12.0,3200,17768,20244,56427,9586,17982,59214,14489.02,15527.56,45814.82,15455.73,15877.45,45992.46,0.00,0.00,0.00,966.71,349.89,177.63,1043.32,1043.32,1.003,0.041,0.541,-4.109,-0.906,0.250,10889,170.5,0,-0.9484,-0.0220,0.0077,-0.3162,36.8,-1.6,0.0
2988032,2026-09-11_09-13-26.033-240,v5.1.3,3.44,12.0,3200,17796,20275,56430,9614,17980,59266,14511.97,15552.82,45817.01,15486.05,15877.38,46030.45,0.00,0.00,0.00,974.08,324.57,213.44,1048.69,1048.69,1.007,0.053,0.541,-4.078,-1.094,0.000,10897,171.2,0,-0.9483,-0.0255,0.0077,-0.3164,36.9,-1.8,0.0
2988137,2026-09-11_09-13-26.138-240,v5.1.3,3.44,12.0,3200,17758,20201,56483,9594,17968,59323,14481.04,15491.15,45860.81,15477.81,15868.69,46079.13,0.00,0.00,0.00,996.77,377.54,218.32,1088.00,1088.00,0.999,0.057,0.543,-4.438,-1.500,0.031,10888,176.2,0,-0.9484,-0.0267,0.0054,-0.3158,36.8,-1.5,0.0
2988243,2026-09-11_09-13-26.243-240,v5.1.3,3.44,12.0,3200,17804,20188,56484,9613,17909,59304,14519.17,15479.94,45861.74,15492.39,15820.32,46062.01,0.00,0.00,0.00,973.22,340.38,200.27,1050.29,1050.29,1.007,0.112,0.539,-4.719,-1.156,-0.203,10888,171.4,0,-0.9485,-0.0316,0.0044,-0.3152,36.7,-1.6,0.0
2988348,2026-09-11_09-13-26.348-240,v5.1.3,3.44,12.0,3200,17756,20331,56468,9567,18010,59274,14478.52,15598.77,45847.48,15447.67,15901.48,46042.91,0.00,0.00,0.00,969.15,302.71,195.43,1033.96,1033.96,0.998,0.030,0.531,-4.891,-0.719,0.438,10884,169.3,0,-0.9488,-0.0263,0.0063,-0.3146,36.7,-1.6,0.0
2988463,2026-09-11_09-13-26.464-240,v5.1.3,3.44,12.0,3200,17787,20330,56438,9599,18002,59230,14504.16,15598.17,45823.05,15468.12,15894.31,46003.29,0.00,0.00,0.00,963.97,296.14,180.24,1024.41,1024.41,1.008,0.057,0.540,-3.250,-1.219,0.438,10889,168.1,0,-0.9485,-0.0282,0.0074,-0.3153,36.7,-1.8,0.0
2988568,2026-09-11_09-13-26.569-240,v5.1.3,3.44,12.0,3200,17722,20459,56418,9540,18124,59191,14449.54,15705.68,45805.64,15410.89,15992.24,45978.46,0.00,0.00,0.00,961.35,286.56,172.82,1017.93,1017.93,1.005,0.061,0.547,-4.688,-0.906,0.094,10903,167.3,0,-0.9490,-0.0270,0.0041,-0.3142,36.6,-1.4,0.0
2988674,2026-09-11_09-13-26.674-240,v5.1.3,3.44,12.0,3200,17728,20291,56389,9546,17948,59222,14455.62,15567.45,45783.46,15424.81,15849.40,46004.77,0.00,0.00,0.00,969.19,281.95,221.30,1033.34,1033.34,1.007,0.042,0.544,-4.359,-1.125,0.250,10903,169.3,0,-0.9491,-0.0232,0.0063,-0.3140,36.6,-1.5,0.0
2988779,2026-09-11_09-13-26.780-240,v5.1.3,3.44,12.0,3200,17622,20231,56467,9431,17926,59277,14368.38,15517.57,45847.51,15338.34,15831.33,46064.94,0.00,0.00,0.00,969.96,313.76,217.43,1042.37,1042.37,1.010,0.056,0.541,-4.016,-1.078,-0.109,10897,170.4,0,-0.9490,-0.0268,0.0072,-0.3142,36.6,-1.7,0.0
2988884,2026-09-11_09-13-26.885-240,v5.1.3,3.44,12.0,3200,17602,20205,56455,9409,17818,59238,14352.01,15496.52,45837.96,15317.69,15741.99,46037.96,0.00,0.00,0.00,965.68,245.47,200.00,1016.26,1016.26,1.004,0.053,0.542,-4.344,-1.062,0.016,10894,167.1,0,-0.9492,-0.0254,0.0063,-0.3136,36.5,-1.6,0.0
2988989,2026-09-11_09-13-26.990-240,v5.1.3,3.44,12.0,3200,17691,20174,56422,9489,17820,59242,14425.81,15470.63,45811.35,15384.06,15744.70,46030.23,0.00,0.00,0.00,958.24,274.07,218.88,1020.42,1020.42,1.008,0.048,0.545,-4.031,-0.703,0.438,10891,167.6,0,-0.9491,-0.0242,0.0067,-0.3139,36.6,-1.6,0.0
2989095,2026-09-11_09-13-27.096-240,v5.1.3,3.44,12.0,3200,17787,20234,56419,9593,17878,59205,14504.80,15519.26,45808.40,15463.01,15792.44,45985.58,0.00,0.00,0.00,958.21,273.18,177.18,1012.03,1012.03,1.009,0.053,0.542,-3.812,-1.156,0.297,10891,166.5,0,-0.9489,-0.0266,0.0074,-0.3144,36.6,-1.8,0.0
2989201,2026-09-11_09-13-27.201-240,v5.1.3,3.44,12.0,3200,17846,20262,56417,9680,17899,59224,14553.40,15541.82,45806.53,15536.72,15811.09,45988.71,0.00,0.00,0.00,983.32,269.28,182.18,1035.67,1035.67,1.007,0.052,0.545,-3.938,-1.125,0.625,10890,169.6,0,-0.9489,-0.0253,0.0063,-0.3146,36.6,-1.6,0.0
2989306,2026-09-11_09-13-27.307-240,v5.1.3,3.44,12.0,3200,17886,20238,56422,9686,17906,59219,14586.64,15521.51,45810.82,15540.78,15816.76,45983.79,0.00,0.00,0.00,954.14,295.25,172.97,1013.65,1013.65,1.007,0.051,0.544,-3.688,-0.953,0.375,10895,166.8,0,-0.9487,-0.0256,0.0064,-0.3152,36.7,-1.6,0.0
2989411,2026-09-11_09-13-27.412-240,v5.1.3,3.44,12.0,3200,17900,20210,56478,9651,17867,59297,14598.41,15497.25,45856.67,15523.82,15786.34,46051.73,0.00,0.00,0.00,925.41,289.09,195.06,988.94,988.94,1.007,0.053,0.542,-3.766,-0.688,0.562,10902,163.6,0,-0.9485,-0.0263,0.0067,-0.3157,36.8,-1.7,0.0
2989516,2026-09-11_09-13-27.517-240,v5.1.3,3.44,12.0,3200,17842,20226,56486,9648,17852,59258,14550.34,15510.90,45863.04,15516.34,15773.14,46020.99,0.00,0.00,0.00,966.00,262.25,157.95,1013.35,1013.35,1.004,0.051,0.543,-4.094,-0.844,0.609,10902,166.7,0,-0.9485,-0.0248,0.0061,-0.3158,36.8,-1.6,0.0
2989622,2026-09-11_09-13-27.623-240,v5.1.3,3.44,12.0,3200,17780,20185,56446,9623,17792,59227,14499.34,15478.39,45830.81,15493.05,15723.13,46000.24,0.00,0.00,0.00,993.71,244.75,169.43,1037.34,1037.34,1.005,0.049,0.542,-4.062,-1.031,0.172,10893,169.8,0,-0.9484,-0.0250,0.0070,-0.3160,36.8,-1.7,0.0
2989728,2026-09-11_09-13-27.729-240,v5.1.3,3.44,12.0,3200,17749,20240,56400,9635,17847,59172,14473.33,15524.93,45792.87,15493.84,15766.88,45953.72,0.00,0.00,0.00,1020.51,241.94,160.85,1061.06,1061.06,1.004,0.053,0.544,-4.562,-1.141,-0.266,10890,172.8,0,-0.9486,-0.0257,0.0058,-0.3153,36.7,-1.6,0.0
2989834,2026-09-11_09-13-27.835-240,v5.1.3,3.44,12.0,3200,17865,20264,56380,9669,17897,59186,14569.10,15543.94,45776.38,15522.45,15808.43,45959.70,0.00,0.00,0.00,953.35,264.49,183.32,1006.20,1006.20,1.005,0.050,0.545,-4.016,-0.875,0.312,10890,165.8,0,-0.9486,-0.0248,0.0058,-0.3155,36.8,-1.5,0.0
2989950,2026-09-11_09-13-27.950-240,v5.1.3,3.44,12.0,3200,17784,20189,56428,9594,17860,59241,14502.62,15481.97,45816.12,15469.31,15778.61,46014.59,0.00,0.00,0.00,966.69,296.64,198.48,1030.47,1030.47,1.005,0.050,0.543,-3.656,-1.047,0.047,10892,168.9,0,-0.9484,-0.0254,0.0066,-0.3160,36.8,-1.6,0.0
2990055,2026-09-11_09-13-28.056-240,v5.1.3,3.44,12.0,3200,17788,20264,56486,9582,17920,59250,14505.43,15542.81,45862.71,15459.08,15827.64,46022.71,0.00,0.00,0.00,953.65,284.83,160.00,1008.06,1008.06,1.008,0.053,0.544,-3.625,-1.172,0.344,10890,166.0,0,-0.9483,-0.0261,0.0063,-0.3163,36.9,-1.6,0.0
2990161,2026-09-11_09-13-28.161-240,v5.1.3,3.44,12.0,3200,17760,20274,56492,9584,17900,59298,14482.21,15551.24,45867.52,15467.92,15812.48,46061.26,0.00,0.00,0.00,985.71,261.24,193.74,1037.98,1037.98,1.006,0.050,0.545,-3.984,-1.156,0.234,10893,169.9,0,-0.9484,-0.0245,0.0059,-0.3162,36.8,-1.5,0.0
2990266,2026-09-11_09-13-28.266-240,v5.1.3,3.44,12.0,3200,17753,20194,56582,9563,17831,59397,14476.97,15483.64,45941.51,15466.19,15758.24,46144.55,0.00,0.00,0.00,989.23,274.59,203.04,1046.52,1046.52,1.007,0.051,0.538,-3.344,-0.672,-0.062,10893,170.9,0,-0.9481,-0.0263,0.0074,-0.3168,36.9,-1.8,0.0
2990371,2026-09-11_09-13-28.372-240,v5.1.3,3.44,12.0,3200,17759,20166,56505,9569,17804,59327,14482.11,15461.85,45879.03,15462.14,15734.62,46087.82,0.00,0.00,0.00,980.03,272.77,208.79,1038.49,1038.49,1.009,0.053,0.538,-4.078,-0.875,-0.031,10902,169.9,0,-0.9482,-0.0264,0.0082,-0.3165,36.9,-1.9,0.0
2990476,2026-09-11_09-13-28.477-240,v5.1.3,3.44,12.0,3200,17695,20188,56512,9535,17850,59267,14429.04,15480.53,45884.54,15424.60,15770.34,46043.66,0.00,0.00,0.00,995.57,289.81,159.12,1049.03,1049.03,1.008,0.050,0.543,-3.953,-0.875,-0.219,10894,171.3,0,-0.9484,-0.0248,0.0066,-0.3161,36.8,-1.6,0.0
2990581,2026-09-11_09-13-28.582-240,v5.1.3,3.44,12.0,3200,17775,20204,56612,9583,17814,59406,14495.09,15491.14,45965.87,15484.36,15744.82,46149.27,0.00,0.00,0.00,989.26,253.68,183.40,1037.61,1037.61,1.009,0.050,0.545,-4.125,-1.266,-0.047,10892,169.8,0,-0.9484,-0.0249,0.0067,-0.3160,36.8,-1.6,0.0
2990687,2026-09-11_09-13-28.687-240,v5.1.3,3.44,12.0,3200,17766,20161,56445,9581,17851,59214,14487.92,15458.73,45830.20,15455.10,15770.47,45994.79,0.00,0.00,0.00,967.17,311.74,164.58,1029.41,1029.41,1.010,0.052,0.547,-3.828,-1.109,0.125,10892,168.8,0,-0.9483,-0.0257,0.0059,-0.3162,36.8,-1.6,0.0
2990792,2026-09-11_09-13-28.792-240,v5.1.3,3.44,12.0,3200,17776,20150,56454,9630,17797,59270,14496.27,15449.39,45837.63,15504.65,15728.31,46033.78,0.00,0.00,0.00,1008.38,278.93,196.15,1064.47,1064.47,1.007,0.053,0.544,-4.094,-0.578,0.312,10892,173.2,0,-0.9483,-0.0258,0.0055,-0.3162,36.8,-1.5,0.0
2990897,2026-09-11_09-13-28.898-240,v5.1.3,3.44,12.0,3200,17765,20082,56483,9583,17706,59268,14487.63,15392.83,45861.84,15468.09,15653.42,46039.73,0.00,0.00,0.00,980.46,260.58,177.90,1029.98,1029.98,1.007,0.051,0.543,-3.938,-0.969,0.453,10893,168.8,0,-0.9482,-0.0252,0.0066,-0.3165,36.9,-1.6,0.0
2991002,2026-09-11_09-13-28.003-240,v5.1.3,3.44,12.0,3200,17794,20126,56470,9582,17795,59278,14511.32,15429.10,45850.87,15466.29,15726.28,46046.79,0.00,0.00,0.00,954.97,297.18,195.91,1019.15,1019.15,1.006,0.051,0.544,-4.250,-1.047,0.375,10894,167.5,0,-0.9482,-0.0249,0.0063,-0.3165,36.9,-1.6,0.0
2991107,2026-09-11_09-13-29.108-240,v5.1.3,3.44,12.0,3200,17771,20164,56443,9567,17816,59195,14492.04,15461.19,45828.55,15441.87,15741.28,45981.87,0.00,0.00,0.00,949.83,280.09,153.32,1002.06,1002.06,1.006,0.052,0.543,-4.141,-0.844,-0.141,10894,165.3,0,-0.9483,-0.0258,0.0062,-0.3164,36.9,-1.6,0.0
2991213,2026-09-11_09-13-29.213-240,v5.1.3,3.44,12.0,3200,17732,20180,56432,9557,17869,59206,14459.68,15474.99,45819.45,15433.75,15784.68,45991.41,0.00,0.00,0.00,974.07,309.69,171.96,1036.48,1036.48,1.007,0.049,0.544,-4.422,-1.250,-0.344,10899,169.7,0,-0.9485,-0.0246,0.0065,-0.3158,36.8,-1.6,0.0
2991327,2026-09-11_09-13-29.328-240,v5.1.3,3.44,12.0,3200,17887,20450,56433,9706,18104,59152,14586.05,15696.33,45817.95,15542.69,15977.03,45924.73,0.00,0.00,0.00,956.65,280.70,106.77,1002.68,1002.68,1.008,0.054,0.540,-4.016,-0.797,0.281,10901,165.4,0,-0.9484,-0.0268,0.0073,-0.3159,36.8,-1.8,0.0
2991433,2026-09-11_09-13-29.433-240,v5.1.3,3.44,12.0,3200,17736,20364,56417,9581,18015,59172,14461.75,15627.13,45805.65,15444.92,15903.33,45958.97,0.00,0.00,0.00,983.16,276.20,153.32,1032.67,1032.67,1.006,0.052,0.539,-3.750,-0.625,0.328,10899,169.2,0,-0.9485,-0.0250,0.0072,-0.3159,36.8,-1.7,0.0
2991538,2026-09-11_09-13-29.538-240,v5.1.3,3.44,12.0,3200,17696,20268,56419,9529,17883,59175,14429.32,15548.24,45808.10,15406.03,15795.03,45970.14,0.00,0.00,0.00,976.71,246.79,162.05,1020.35,1020.35,1.009,0.050,0.545,-4.156,-0.641,0.094,10899,167.6,0,-0.9485,-0.0245,0.0064,-0.3156,36.8,-1.6,0.0
2991643,2026-09-11_09-13-29.644-240,v5.1.3,3.44,12.0,3200,17702,20213,56454,9535,17853,59243,14434.65,15502.14,45837.09,15421.19,15772.22,46024.34,0.00,0.00,0.00,986.54,270.08,187.26,1039.84,1039.84,1.005,0.051,0.541,-3.906,-1.188,-0.062,10901,170.1,0,-0.9485,-0.0258,0.0071,-0.3157,36.8,-1.7,0.0
2991748,2026-09-11_09-13-29.749-240,v5.1.3,3.44,12.0,3200,17669,20207,56443,9426,17818,59204,14407.40,15497.71,45828.17,15326.97,15741.40,46008.32,0.00,0.00,0.00,919.57,243.68,180.15,968.21,968.21,1.008,0.051,0.544,-3.953,-0.938,0.109,10892,161.0,0,-0.9486,-0.0249,0.0064,-0.3155,36.8,-1.6,0.0
2991853,2026-09-11_09-13-29.854-240,v5.1.3,3.44,12.0,3200,17667,20189,56417,9471,17775,59201,14405.87,15483.34,45807.15,15364.75,15706.78,46000.31,0.00,0.00,0.00,958.88,223.44,193.16,1003.34,1003.34,1.009,0.050,0.544,-4.047,-1.000,-0.125,10892,165.4,0,-0.9486,-0.0253,0.0068,-0.3154,36.8,-1.7,0.0
2991958,2026-09-11_09-13-29.959-240,v5.1.3,3.44,12.0,3200,17645,20199,56417,9490,17771,59225,14387.61,15491.82,45807.06,15383.83,15704.32,46017.05,0.00,0.00,0.00,996.22,212.50,209.99,1040.05,1040.05,1.008,0.050,0.542,-4.531,-0.875,-0.062,10893,170.1,0,-0.9488,-0.0249,0.0070,-0.3149,36.7,-1.7,0.0
2992064,2026-09-11_09-13-30.064-240,v5.1.3,3.44,12.0,3200,17745,20241,56413,9565,17844,59151,14470.02,15525.56,45803.45,15433.38,15763.07,45946.43,0.00,0.00,0.00,963.35,237.51,142.98,1002.45,1002.45,1.008,0.053,0.544,-4.344,-0.750,0.078,10895,165.3,0,-0.9488,-0.0260,0.0063,-0.3147,36.7,-1.6,0.0
2992169,2026-09-11_09-13-30.170-240,v5.1.3,3.44,12.0,3200,17860,20232,56400,9682,17883,59176,14565.18,15517.21,45792.94,15532.14,15796.93,45950.07,0.00,0.00,0.00,966.96,279.71,157.12,1018.79,1018.79,1.003,0.053,0.543,-4.188,-0.766,0.219,10890,167.4,0,-0.9488,-0.0258,0.0057,-0.3147,36.7,-1.5,0.0
2992274,2026-09-11_09-13-30.275-240,v5.1.3,3.44,12.0,3200,17829,20187,56440,9645,17790,59228,14539.85,15479.65,45825.91,15511.36,15721.79,45998.07,0.00,0.00,0.00,971.51,242.14,172.16,1015.93,1015.93,1.006,0.052,0.543,-3.984,-1.297,0.172,10890,167.0,0,-0.9487,-0.0263,0.0066,-0.3149,36.7,-1.7,0.0
2992380,2026-09-11_09-13-30.380-240,v5.1.3,3.44,12.0,3200,17797,20154,56411,9613,17780,59199,14513.60,15453.25,45802.57,15481.25,15712.56,45979.26,0.00,0.00,0.00,967.65,259.31,176.69,1017.25,1017.25,1.006,0.049,0.543,-3.844,-0.688,0.234,10896,167.2,0,-0.9487,-0.0245,0.0066,-0.3151,36.7,-1.6,0.0
2992485,2026-09-11_09-13-30.486-240,v5.1.3,3.44,12.0,3200,17826,20194,56418,9629,17817,59184,14537.32,15485.86,45807.93,15491.37,15742.60,45964.55,0.00,0.00,0.00,954.05,256.74,156.62,1000.33,1000.33,1.007,0.051,0.545,-4.297,-1.281,-0.500,10897,165.1,0,-0.9488,-0.0260,0.0063,-0.3149,36.7,-1.6,0.0
2992591,2026-09-11_09-13-30.592-240,v5.1.3,3.44,12.0,3200,17994,20211,56407,9839,17860,59199,14676.13,15498.41,45798.84,15665.21,15780.62,45947.41,0.00,0.00,0.00,989.08,282.21,148.57,1039.22,1039.22,1.005,0.051,0.542,-4.016,-1.047,0.391,10900,170.0,0,-0.9486,-0.0259,0.0069,-0.3152,36.7,-1.7,0.0
2992696,2026-09-11_09-13-30.697-240,v5.1.3,3.44,12.0,3200,17843,20240,56405,9626,17867,59134,14551.07,15523.90,45796.95,15480.63,15782.19,45924.16,0.00,0.00,0.00,929.56,258.29,127.21,973.13,973.13,1.007,0.051,0.543,-3.938,-0.688,-0.047,10900,161.6,0,-0.9486,-0.0255,0.0065,-0.3152,36.7,-1.6,0.0
2992812,2026-09-11_09-13-30.813-240,v5.1.3,3.44,12.0,3200,17779,20198,56242,9594,17809,58974,14498.41,15492.79,45664.53,15433.63,15730.69,45800.68,0.00,0.00,0.00,935.22,237.90,136.15,974.56,974.56,1.006,0.050,0.540,-4.656,-0.922,0.266,10889,161.8,0,-0.9488,-0.0251,0.0078,-0.3149,36.7,-1.8,0.0
2992917,2026-09-11_09-13-30.918-240,v5.1.3,3.44,12.0,3200,17780,20258,56339,9583,17881,59165,14498.84,15540.58,45743.03,15449.15,15793.82,45954.76,0.00,0.00,0.00,950.31,253.25,211.73,1006.01,1006.01,1.007,0.050,0.542,-3.844,-0.750,-0.188,10899,165.8,0,-0.9488,-0.0254,0.0069,-0.3149,36.7,-1.7,0.0
2993023,2026-09-11_09-13-31.023-240,v5.1.3,3.44,12.0,3200,17778,20219,56418,9609,17871,59222,14497.46,15506.98,45807.71,15478.73,15787.32,45997.14,0.00,0.00,0.00,981.27,280.34,189.43,1037.97,1037.97,1.007,0.049,0.546,-4.266,-0.938,0.000,10896,169.9,0,-0.9488,-0.0244,0.0059,-0.3147,36.7,-1.5,0.0
2993128,2026-09-11_09-13-31.128-240,v5.1.3,3.44,12.0,3200,17785,20223,56379,9594,17850,59216,14503.22,15510.91,45775.91,15466.11,15769.86,45994.63,0.00,0.00,0.00,962.89,258.95,218.72,1020.81,1020.81,1.005,0.050,0.545,-4.203,-0.750,0.469,10896,167.7,0,-0.9488,-0.0246,0.0058,-0.3150,36.7,-1.5,0.0
2993233,2026-09-11_09-13-31.234-240,v5.1.3,3.44,12.0,3200,17766,20171,56503,9576,17820,59297,14487.86,15465.94,45877.36,15463.32,15747.06,46062.55,0.00,0.00,0.00,975.46,281.12,185.20,1031.91,1031.91,1.005,0.050,0.542,-4.250,-1.125,0.156,10896,169.1,0,-0.9487,-0.0252,0.0069,-0.3151,36.7,-1.7,0.0
2993338,2026-09-11_09-13-31.339-240,v5.1.3,3.44,12.0,3200,17801,20156,56490,9571,17808,59321,14516.91,15453.44,45866.91,15462.85,15737.77,46082.68,0.00,0.00,0.00,945.94,284.33,215.77,1011.04,1011.04,1.005,0.050,0.544,-4.281,-0.656,-0.016,10892,166.4,0,-0.9487,-0.0250,0.0060,-0.3150,36.7,-1.6,0.0
2993443,2026-09-11_09-13-31.444-240,v5.1.3,3.44,12.0,3200,17754,20158,56469,9534,17767,59231,14478.03,15455.94,45849.78,15420.99,15701.73,46015.92,0.00,0.00,0.00,942.97,245.79,166.14,988.54,988.54,1.008,0.052,0.539,-4.266,-1.031,-0.062,10902,163.6,0,-0.9487,-0.0264,0.0080,-0.3149,36.7,-1.8,0.0
2993548,2026-09-11_09-13-31.549-240,v5.1.3,3.44,12.0,3200,17714,20171,56468,9582,17781,59240,14444.86,15467.09,45848.85,15461.39,15713.96,46016.43,0.00,0.00,0.00,1016.53,246.87,167.58,1059.42,1059.42,1.008,0.050,0.546,-3.938,-1.125,-0.016,10902,172.6,0,-0.9488,-0.0247,0.0064,-0.3148,36.7,-1.6,0.0
2993654,2026-09-11_09-13-31.654-240,v5.1.3,3.44,12.0,3200,17734,20200,56524,9602,17787,59261,14461.21,15489.83,45894.21,15480.61,15719.60,46030.50,0.00,0.00,0.00,1019.40,229.77,136.28,1053.83,1053.83,1.007,0.054,0.545,-4.250,-1.016,-0.062,10889,171.9,0,-0.9488,-0.0265,0.0058,-0.3146,36.7,-1.6,0.0
2993759,2026-09-11_09-13-31.760-240,v5.1.3,3.44,12.0,3200,17783,20169,56395,9610,17796,59149,14501.93,15466.06,45789.41,15471.43,15724.40,45939.29,0.00,0.00,0.00,969.50,258.34,149.88,1014.46,1014.46,1.008,0.049,0.543,-4.250,-1.031,-0.156,10899,166.9,0,-0.9489,-0.0250,0.0069,-0.3144,36.6,-1.7,0.0
2993864,2026-09-11_09-13-31.865-240,v5.1.3,3.44,12.0,3200,17779,20104,56444,9600,17724,59202,14499.06,15411.56,45829.88,15472.46,15666.76,45984.15,0.00,0.00,0.00,973.40,255.20,154.27,1018.06,1018.06,1.006,0.052,0.544,-3.812,-0.922,0.297,10899,167.3,0,-0.9488,-0.0261,0.0063,-0.3148,36.7,-1.6,0.0
2993969,2026-09-11_09-13-31.970-240,v5.1.3,3.44,12.0,3200,17745,20068,56420,9581,17698,59168,14471.18,15382.61,45810.64,15452.79,15644.51,45959.75,0.00,0.00,0.00,981.61,261.90,149.11,1026.83,1026.83,1.004,0.053,0.541,-4.078,-1.094,-0.500,10901,168.4,0,-0.9488,-0.0267,0.0063,-0.3146,36.6,-1.7,0.0
2994075,2026-09-11_09-13-32.075-240,v5.1.3,3.44,12.0,3200,17742,20076,56406,9545,17716,59144,14468.65,15389.50,45799.16,15419.34,15658.19,45945.15,0.00,0.00,0.00,950.69,268.70,145.98,998.66,998.66,1.009,0.048,0.542,-3.922,-0.906,0.547,10893,164.8,0,-0.9488,-0.0245,0.0075,-0.3149,36.7,-1.7,0.0
2994180,2026-09-11_09-13-32.180-240,v5.1.3,3.44,12.0,3200,17764,20143,56398,9562,17811,59178,14486.39,15444.73,45792.07,15435.53,15736.74,45968.95,0.00,0.00,0.00,949.14,292.01,176.88,1008.67,1008.67,1.007,0.052,0.543,-4.188,-0.875,0.109,10902,166.1,0,-0.9487,-0.0258,0.0069,-0.3150,36.7,-1.7,0.0
2994295,2026-09-11_09-13-32.296-240,v5.1.3,3.44,12.0,3200,17811,20294,56472,9594,17899,59230,14524.25,15567.60,45851.05,15466.75,15810.18,46005.27,0.00,0.00,0.00,942.50,242.58,154.21,985.36,985.36,1.008,0.051,0.544,-4.328,-0.812,0.547,10902,163.1,0,-0.9488,-0.0246,0.0067,-0.3149,36.7,-1.6,0.0
2994400,2026-09-11_09-13-32.401-240,v5.1.3,3.41,12.0,3200,17769,20233,56423,9585,17825,59172,14489.92,15518.54,45811.66,15453.26,15748.30,45960.82,0.00,0.00,0.00,963.34,229.77,149.15,1001.53,1001.53,1.004,0.050,0.545,-3.984,-1.156,0.109,10897,165.2,0,-0.9487,-0.0251,0.0058,-0.3150,36.7,-1.5,0.0
2994506,2026-09-11_09-13-32.506-240,v5.1.3,3.41,12.0,3200,17708,20171,56409,9517,17779,59187,14439.89,15468.21,45800.79,15400.58,15710.28,45982.73,0.00,0.00,0.00,960.68,242.07,181.94,1007.28,1007.28,1.005,0.050,0.544,-4.453,-0.828,0.328,10895,165.9,0,-0.9488,-0.0245,0.0060,-0.3149,36.7,-1.5,0.0
2994611,2026-09-11_09-13-32.611-240,v5.1.3,3.41,12.0,3200,17662,20195,56405,9464,17820,59161,14401.69,15488.56,45797.32,15352.24,15742.48,45968.55,0.00,0.00,0.00,950.55,253.92,171.23,998.67,998.67,1.005,0.053,0.540,-4.016,-1.062,-0.266,10900,164.8,0,-0.9487,-0.0267,0.0070,-0.3149,36.7,-1.7,0.0
2994716,2026-09-11_09-13-32.717-240,v5.1.3,3.41,12.0,3200,17709,20208,56408,9526,17845,59191,14440.47,15498.77,45799.66,15406.78,15764.35,45983.89,0.00,0.00,0.00,966.31,265.58,184.23,1018.94,1018.94,1.007,0.050,0.544,-4.266,-1.047,0.391,10900,167.4,0,-0.9489,-0.0244,0.0067,-0.3146,36.7,-1.6,0.0
2994821,2026-09-11_09-13-32.822-240,v5.1.3,3.41,12.0,3200,17692,20185,56449,9515,17823,59233,14426.57,15479.21,45833.25,15404.14,15747.25,46019.41,0.00,0.00,0.00,977.57,268.04,186.16,1030.60,1030.60,1.010,0.051,0.541,-3.953,-0.797,0.062,10893,168.9,0,-0.9488,-0.0259,0.0078,-0.3148,36.7,-1.8,0.0
2994927,2026-09-11_09-13-32.927-240,v5.1.3,3.41,12.0,3200,17630,20187,56442,9440,17807,59210,14375.29,15481.61,45827.53,15339.62,15732.73,46011.37,0.00,0.00,0.00,964.33,251.12,183.84,1013.31,1013.31,1.009,0.049,0.544,-4.078,-1.234,0.891,10898,166.7,0,-0.9488,-0.0237,0.0073,-0.3149,36.7,-1.7,0.0
2995032,2026-09-11_09-13-33.033-240,v5.1.3,3.41,12.0,3200,17687,20152,56404,9515,17761,59186,14422.65,15452.83,45796.88,15399.27,15695.54,45982.43,0.00,0.00,0.00,976.61,242.71,185.55,1023.29,1023.29,1.011,0.052,0.546,-3.859,-0.641,0.781,10904,168.0,0,-0.9486,-0.0251,0.0066,-0.3154,36.8,-1.6,0.0
2995137,2026-09-11_09-13-33.138-240,v5.1.3,3.41,12.0,3200,17801,20169,56397,9595,17782,59159,14516.81,15465.85,45791.04,15460.83,15713.03,45949.55,0.00,0.00,0.00,944.02,247.18,158.51,988.64,988.64,1.008,0.053,0.542,-3.797,-1.141,0.094,10904,163.6,0,-0.9485,-0.0267,0.0071,-0.3156,36.8,-1.7,0.0
2995242,2026-09-11_09-13-33.243-240,v5.1.3,3.41,12.0,3200,17825,20180,56391,9654,17855,59134,14536.58,15474.79,45786.05,15504.00,15772.74,45920.49,0.00,0.00,0.00,967.42,297.95,134.43,1021.15,1021.15,1.008,0.052,0.543,-4.125,-0.766,0.219,10904,167.7,0,-0.9486,-0.0253,0.0066,-0.3153,36.7,-1.6,0.0
2995347,2026-09-11_09-13-33.348-240,v5.1.3,3.41,12.0,3200,17878,20212,56411,9683,17856,59177,14580.20,15500.32,45802.08,15533.82,15774.93,45951.07,0.00,0.00,0.00,953.62,274.60,149.00,1003.49,1003.49,1.008,0.051,0.542,-3.859,-0.875,0.391,10894,165.5,0,-0.9485,-0.0259,0.0072,-0.3156,36.8,-1.7,0.0
2995453,2026-09-11_09-13-33.453-240,v5.1.3,3.41,12.0,3200,17919,20194,56441,9752,17841,59253,14614.23,15484.51,45826.67,15601.57,15765.32,46002.92,0.00,0.00,0.00,987.34,280.81,176.25,1041.52,1041.52,1.010,0.051,0.542,-4.344,-0.969,-0.359,10894,170.3,0,-0.9487,-0.0262,0.0075,-0.3151,36.7,-1.8,0.0
2995558,2026-09-11_09-13-33.558-240,v5.1.3,3.41,12.0,3200,17834,20178,56452,9678,17804,59172,14544.04,15471.96,45835.77,15530.39,15732.31,45948.39,0.00,0.00,0.00,986.35,260.35,112.62,1026.33,1026.33,1.006,0.053,0.543,-4.156,-1.359,0.125,10892,168.4,0,-0.9488,-0.0260,0.0065,-0.3149,36.7,-1.7,0.0
2995664,2026-09-11_09-13-33.665-240,v5.1.3,3.41,12.0,3200,17794,20168,56403,9640,17784,59152,14511.03,15464.98,45795.93,15496.86,15715.04,45937.76,0.00,0.00,0.00,985.83,250.06,141.82,1026.89,1026.89,1.005,0.050,0.548,-3.844,-1.266,-0.062,10904,168.4,0,-0.9488,-0.0250,0.0052,-0.3148,36.7,-1.5,0.0
2995781,2026-09-11_09-13-33.781-240,v5.1.3,3.41,12.0,3200,17832,20227,56312,9700,17859,59069,14542.05,15514.95,45721.30,15532.76,15775.04,45861.93,0.00,0.00,0.00,990.71,260.09,140.62,1033.89,1033.89,1.009,0.053,0.544,-4.500,-0.703,-0.094,10888,169.3,0,-0.9489,-0.0265,0.0063,-0.3145,36.6,-1.6,0.0
2995886,2026-09-11_09-13-33.887-240,v5.1.3,3.41,12.0,3200,17765,20156,56361,9586,17763,59101,14487.12,15456.12,45761.82,15445.88,15696.04,45904.41,0.00,0.00,0.00,958.76,239.92,142.59,998.55,998.55,1.007,0.051,0.542,-3.812,-0.688,-0.375,10888,164.8,0,-0.9489,-0.0259,0.0065,-0.3143,36.6,-1.6,0.0
2995991,2026-09-11_09-13-33.992-240,v5.1.3,3.41,12.0,3200,17733,20140,56388,9560,17764,59171,14460.77,15442.75,45783.95,15434.16,15698.19,45964.20,0.00,0.00,0.00,973.39,255.44,180.24,1022.36,1022.36,1.006,0.052,0.544,-4.406,-0.328,-0.125,10897,167.9,0,-0.9491,-0.0254,0.0054,-0.3139,36.6,-1.5,0.0
2996097,2026-09-11_09-13-34.097-240,v5.1.3,3.41,12.0,3200,17758,20234,56433,9591,17843,59210,14480.82,15519.29,45819.80,15462.99,15763.97,45990.31,0.00,0.00,0.00,982.17,244.67,170.51,1026.45,1026.45,1.005,0.053,0.544,-4.516,-1.531,0.141,10898,168.4,0,-0.9492,-0.0260,0.0062,-0.3136,36.5,-1.6,0.0
2996202,2026-09-11_09-13-34.203-240,v5.1.3,3.41,12.0,3200,17796,20230,56460,9609,17832,59242,14512.27,15515.13,45841.83,15482.54,15755.96,46013.71,0.00,0.00,0.00,970.27,240.84,171.88,1014.38,1014.38,1.006,0.052,0.540,-3.906,-0.656,-0.531,10896,166.8,0,-0.9492,-0.0269,0.0067,-0.3134,36.5,-1.7,0.0
2996307,2026-09-11_09-13-34.308-240,v5.1.3,3.41,12.0,3200,17794,20229,56489,9608,17809,59274,14510.63,15513.80,45865.46,15486.77,15737.93,46039.85,0.00,0.00,0.00,976.14,224.13,174.39,1016.61,1016.61,1.008,0.051,0.542,-3.891,-0.750,0.016,10896,167.1,0,-0.9493,-0.0255,0.0068,-0.3134,36.5,-1.7,0.0
2996412,2026-09-11_09-13-34.413-240,v5.1.3,3.41,12.0,3200,17771,20148,56487,9551,17753,59260,14492.15,15447.19,45864.53,15439.38,15691.20,46037.08,0.00,0.00,0.00,947.23,244.01,172.55,993.26,993.26,1.005,0.051,0.547,-4.297,-1.188,0.016,10891,164.2,0,-0.9493,-0.0254,0.0055,-0.3132,36.5,-1.5,0.0
2996518,2026-09-11_09-13-34.518-240,v5.1.3,3.41,12.0,3200,17730,20150,56469,9576,17738,59212,14458.23,15449.58,45849.85,15453.71,15678.13,45995.29,0.00,0.00,0.00,995.48,228.55,145.44,1031.68,1031.68,1.003,0.055,0.543,-3.875,-0.766,0.031,10892,169.1,0,-0.9492,-0.0272,0.0054,-0.3134,36.5,-1.6,0.0
2996623,2026-09-11_09-13-34.623-240,v5.1.3,3.41,12.0,3200,17732,20145,56425,9590,17730,59174,14459.92,15446.22,45814.05,15460.18,15670.88,45962.94,0.00,0.00,0.00,1000.26,224.66,148.89,1035.94,1035.94,1.007,0.054,0.545,-4.469,-0.672,-0.047,10891,169.6,0,-0.9494,-0.0262,0.0052,-0.3130,36.5,-1.5,0.0
2996728,2026-09-11_09-13-34.729-240,v5.1.3,3.41,12.0,3200,17768,20135,56408,9600,17771,59091,14489.75,15437.91,45800.29,15455.81,15702.51,45894.36,0.00,0.00,0.00,966.06,264.60,94.08,1006.05,1006.05,1.004,0.053,0.544,-4.156,-0.969,0.172,10891,165.8,0,-0.9494,-0.0265,0.0057,-0.3130,36.5,-1.6,0.0
2996833,2026-09-11_09-13-34.834-240,v5.1.3,3.41,12.0,3200,17793,20145,56427,9616,17737,59165,14510.36,15445.57,45815.68,15480.15,15676.70,45952.07,0.00,0.00,0.00,969.79,231.13,136.39,1006.24,1006.24,1.005,0.051,0.540,-3.812,-1.562,0.312,10904,165.8,0,-0.9492,-0.0264,0.0078,-0.3134,36.5,-1.8,0.0
2996938,2026-09-11_09-13-34.939-240,v5.1.3,3.41,12.0,3200,17788,20145,56438,9606,17734,59201,14506.22,15445.42,45824.64,15476.99,15674.97,45982.40,0.00,0.00,0.00,970.77,229.55,157.76,1009.94,1009.94,1.007,0.051,0.542,-3.953,-1.469,-0.344,10904,166.3,0,-0.9493,-0.0262,0.0076,-0.3132,36.5,-1.8,0.0
2997043,2026-09-11_09-13-35.044-240,v5.1.3,3.41,12.0,3200,17751,20062,56412,9588,17682,59191,14476.18,15377.74,45804.18,15462.17,15632.08,45977.48,0.00,0.00,0.00,985.99,254.34,173.30,1032.90,1032.90,1.009,0.050,0.545,-3.797,-0.578,-0.203,10904,169.2,0,-0.9493,-0.0254,0.0063,-0.3133,36.5,-1.6,0.0
2997149,2026-09-11_09-13-35.149-240,v5.1.3,3.41,12.0,3200,17752,20069,56410,9578,17693,59159,14476.96,15383.54,45802.48,15449.20,15640.18,45952.99,0.00,0.00,0.00,972.24,256.63,150.51,1016.74,1016.74,1.006,0.049,0.545,-4.297,-0.625,-0.047,10903,167.1,0,-0.9493,-0.0249,0.0060,-0.3133,36.5,-1.5,0.0
2997263,2026-09-11_09-13-35.264-240,v5.1.3,3.41,12.0,3200,17796,20260,56384,9644,17916,59127,14512.07,15541.26,45779.67,15493.18,15822.24,45915.46,0.00,0.00,0.00,981.11,280.98,135.79,1029.55,1029.55,1.005,0.051,0.543,-4.453,-1.297,0.062,10899,168.8,0,-0.9493,-0.0258,0.0070,-0.3131,36.5,-1.7,0.0
2997369,2026-09-11_09-13-35.369-240,v5.1.3,3.41,12.0,3200,17768,20306,56375,9620,17910,59112,14488.60,15579.68,45771.94,15471.50,15816.70,45906.76,0.00,0.00,0.00,982.89,237.02,134.82,1020.02,1020.02,1.009,0.053,0.541,-4.234,-0.578,0.078,10902,167.6,0,-0.9494,-0.0264,0.0073,-0.3129,36.4,-1.7,0.0
2997474,2026-09-11_09-13-35.474-240,v5.1.3,3.41,12.0,3200,17723,20336,56419,9573,17926,59160,14451.19,15604.11,45807.52,15439.03,15830.31,45951.54,0.00,0.00,0.00,987.84,226.20,144.03,1023.59,1023.59,1.007,0.052,0.547,-3.531,-0.594,0.203,10902,168.0,0,-0.9494,-0.0254,0.0051,-0.3131,36.5,-1.5,0.0
2997579,2026-09-11_09-13-35.580-240,v5.1.3,3.41,12.0,3200,17674,20134,56404,9510,17758,59145,14412.02,15438.10,45797.03,15389.54,15692.07,45950.20,0.00,0.00,0.00,977.52,253.97,153.17,1021.52,1021.52,1.007,0.051,0.545,-3.953,-1.031,0.125,10905,167.8,0,-0.9493,-0.0256,0.0060,-0.3134,36.5,-1.6,0.0
2997684,2026-09-11_09-13-35.685-240,v5.1.3,3.41,12.0,3200,17634,20209,56425,9452,17827,59173,14378.45,15500.04,45813.49,15343.84,15748.33,45979.75,0.00,0.00,0.00,965.39,248.29,166.26,1010.58,1010.58,1.007,0.048,0.541,-3.953,-0.922,0.344,10894,166.4,0,-0.9492,-0.0244,0.0075,-0.3135,36.5,-1.7,0.0
2997789,2026-09-11_09-13-35.790-240,v5.1.3,3.41,12.0,3200,17665,20192,56395,9480,17789,59136,14404.19,15486.23,45789.20,15362.77,15716.79,45946.67,0.00,0.00,0.00,958.58,230.55,157.47,998.41,998.41,1.007,0.051,0.547,-4.328,-1.047,0.500,10901,164.8,0,-0.9492,-0.0248,0.0060,-0.3135,36.5,-1.5,0.0
2997895,2026-09-11_09-13-35.895-240,v5.1.3,3.41,12.0,3200,17669,20232,56390,9512,17831,59105,14407.23,15519.31,45784.79,15383.70,15750.73,45916.87,0.00,0.00,0.00,976.47,231.42,132.08,1012.18,1012.18,1.011,0.052,0.544,-4.156,-0.859,0.531,10901,166.6,0,-0.9492,-0.0256,0.0070,-0.3137,36.5,-1.7,0.0
2998000,2026-09-11_09-13-35.000-240,v5.1.3,3.41,12.0,3200,17697,20239,56386,9524,17843,59151,14430.34,15524.88,45781.47,15399.64,15761.75,45952.04,0.00,0.00,0.00,969.30,236.88,170.57,1012.30,1012.30,1.007,0.052,0.544,-4.109,-1.266,-0.125,10896,166.6,0,-0.9492,-0.0260,0.0064,-0.3134,36.5,-1.6,0.0
2998105,2026-09-11_09-13-36.106-240,v5.1.3,3.41,12.0,3200,17757,20156,56428,9582,17776,59154,14480.51,15455.00,45816.40,15449.60,15707.85,45947.38,0.00,0.00,0.00,969.08,252.85,130.98,1010.06,1010.06,1.008,0.051,0.543,-4.312,-1.094,0.656,10894,166.3,0,-0.9492,-0.0251,0.0071,-0.3135,36.5,-1.7,0.0
2998210,2026-09-11_09-13-36.211-240,v5.1.3,3.41,12.0,3200,17629,20169,56412,9445,17780,59120,14374.58,15467.30,45803.25,15331.97,15708.64,45938.71,0.00,0.00,0.00,957.40,241.34,135.46,996.59,996.59,1.005,0.052,0.541,-4.000,-1.031,0.266,10906,164.6,0,-0.9492,-0.0257,0.0072,-0.3135,36.5,-1.7,0.0
2998316,2026-09-11_09-13-36.316-240,v5.1.3,3.41,12.0,3200,17767,20168,56368,9573,17824,59101,14488.70,15465.88,45767.42,15433.56,15745.67,45905.42,0.00,0.00,0.00,944.86,279.79,138.00,995.03,995.03,1.008,0.052,0.540,-4.094,-0.812,-0.219,10906,164.4,0,-0.9492,-0.0267,0.0075,-0.3134,36.5,-1.8,0.0
2998421,2026-09-11_09-13-36.422-240,v5.1.3,3.41,12.0,3200,17816,20253,56373,9646,17926,59091,14528.65,15535.48,45770.77,15489.57,15829.58,45886.14,0.00,0.00,0.00,960.92,294.10,115.37,1011.52,1011.52,1.007,0.050,0.542,-4.234,-0.859,0.047,10892,166.5,0,-0.9494,-0.0252,0.0072,-0.3131,36.5,-1.7,0.0
2998527,2026-09-11_09-13-36.527-240,v5.1.3,3.41,12.0,3200,17809,20280,56345,9652,17894,59039,14522.68,15558.34,45747.73,15488.14,15802.31,45843.93,0.00,0.00,0.00,965.46,243.97,96.21,1000.45,1000.45,1.008,0.051,0.545,-4.391,-0.984,-0.406,10894,165.1,0,-0.9495,-0.0258,0.0065,-0.3127,36.4,-1.6,0.0
2998642,2026-09-11_09-13-36.643-240,v5.1.3,3.41,12.0,3200,17733,20177,56285,9568,17793,58951,14460.52,15475.14,45699.73,15409.46,15716.77,45785.95,0.00,0.00,0.00,948.95,241.63,86.22,983.01,983.01,1.005,0.049,0.543,-3.641,-0.828,-0.266,10890,162.8,0,-0.9494,-0.0255,0.0066,-0.3129,36.4,-1.6,0.0
2998748,2026-09-11_09-13-36.748-240,v5.1.3,3.41,12.0,3200,17691,20234,56279,9538,17835,58960,14425.40,15522.73,45694.36,15384.89,15750.90,45796.75,0.00,0.00,0.00,959.49,228.16,102.39,991.55,991.55,1.006,0.051,0.545,-4.156,-0.656,0.203,10890,163.9,0,-0.9495,-0.0250,0.0056,-0.3128,36.4,-1.5,0.0
2998853,2026-09-11_09-13-36.854-240,v5.1.3,3.41,12.0,3200,17783,20216,56164,9585,17832,58865,14501.59,15509.02,45600.84,15410.50,15746.78,45714.04,0.00,0.00,0.00,908.91,237.77,113.20,946.29,946.29,1.006,0.052,0.543,-4.406,-0.281,0.062,10895,158.2,0,-0.9494,-0.0262,0.0060,-0.3128,36.4,-1.6,0.0
2998958,2026-09-11_09-13-36.959-240,v5.1.3,3.41,12.0,3200,17719,20176,56286,9574,17794,59054,14448.94,15474.44,45700.55,15428.66,15720.09,45867.89,0.00,0.00,0.00,979.72,245.64,167.33,1023.81,1023.81,1.007,0.052,0.539,-4.266,-1.203,0.312,10897,168.1,0,-0.9494,-0.0262,0.0080,-0.3127,36.4,-1.8,0.0
2999063,2026-09-11_09-13-37.064-240,v5.1.3,3.41,12.0,3200,17738,20160,56371,9564,17724,59085,14464.77,15459.51,45769.93,15426.59,15663.56,45895.04,0.00,0.00,0.00,961.82,204.05,125.11,991.15,991.15,1.008,0.051,0.543,-4.422,-1.172,0.625,10897,163.9,0,-0.9495,-0.0252,0.0074,-0.3126,36.4,-1.7,0.0
2999169,2026-09-11_09-13-37.169-240,v5.1.3,3.41,12.0,3200,17714,20113,56198,9531,17701,58975,14445.22,15424.06,45629.42,15384.77,15641.79,45811.45,0.00,0.00,0.00,939.55,217.73,182.03,981.48,981.48,1.009,0.052,0.542,-4.594,-0.797,-0.109,10900,162.7,0,-0.9496,-0.0264,0.0073,-0.3122,36.4,-1.7,0.0
2999274,2026-09-11_09-13-37.275-240,v5.1.3,3.41,12.0,3200,17706,20163,56400,9541,17733,59085,14438.29,15461.79,45793.53,15407.41,15670.63,45898.07,0.00,0.00,0.00,969.12,208.84,104.54,996.86,996.86,1.009,0.052,0.541,-4.406,-1.141,0.109,10893,164.6,0,-0.9497,-0.0263,0.0078,-0.3119,36.3,-1.8,0.0
2999379,2026-09-11_09-13-37.380-240,v5.1.3,3.44,12.0,3200,17766,20210,56408,9574,17777,59092,14487.59,15499.85,45799.64,15434.38,15707.11,45898.64,0.00,0.00,0.00,946.79,207.26,99.00,974.25,974.25,1.006,0.052,0.545,-4.266,-0.891,0.000,10891,161.7,0,-0.9498,-0.0257,0.0061,-0.3117,36.3,-1.6,0.0
2999485,2026-09-11_09-13-37.485-240,v5.1.3,3.44,12.0,3200,17740,20203,56472,9595,17792,59152,14466.15,15493.18,45851.83,15459.60,15721.02,45943.80,0.00,0.00,0.00,993.45,227.84,91.97,1023.39,1023.39,1.008,0.052,0.544,-4.156,-0.531,0.094,10891,168.0,0,-0.9498,-0.0262,0.0063,-0.3117,36.3,-1.6,0.0
2999590,2026-09-11_09-13-37.591-240,v5.1.3,3.44,12.0,3200,17732,20148,56418,9589,17730,59094,14459.89,15448.82,45808.32,15448.26,15668.98,45898.79,0.00,0.00,0.00,988.37,220.16,90.47,1016.62,1016.62,1.005,0.053,0.545,-4.641,-0.969,0.250,10896,167.1,0,-0.9499,-0.0260,0.0055,-0.3114,36.3,-1.5,0.0
2999695,2026-09-11_09-13-37.696-240,v5.1.3,3.44,12.0,3200,17745,20067,56465,9566,17625,59134,14471.19,15380.97,45847.30,15437.66,15583.94,45935.39,0.00,0.00,0.00,966.47,202.97,88.09,991.48,991.48,1.007,0.052,0.545,-4.266,-0.859,0.031,10901,163.9,0,-0.9499,-0.0262,0.0060,-0.3115,36.3,-1.6,0.0
2999800,2026-09-11_09-13-37.801-240,v5.1.3,3.44,12.0,3200,17722,20063,56317,9578,17653,59056,14452.18,15380.56,45726.78,15435.98,15605.10,45870.72,0.00,0.00,0.00,983.80,224.54,143.94,1019.31,1019.31,1.007,0.054,0.547,-3.797,-0.859,0.281,10889,167.5,0,-0.9497,-0.0266,0.0051,-0.3120,36.3,-1.5,0.0
2999906,2026-09-11_09-13-37.906-240,v5.1.3,3.44,12.0,3200,17770,20132,56320,9614,17703,59024,14491.42,15436.99,45728.63,15459.85,15645.60,45839.47,0.00,0.00,0.00,968.44,208.60,110.84,996.83,996.83,1.009,0.050,0.543,-4.000,-0.875,0.156,10889,164.6,0,-0.9496,-0.0257,0.0068,-0.3122,36.4,-1.7,0.0
3000011,2026-09-11_09-13-37.011-240,v5.1.3,3.44,12.0,3200,17777,20133,56313,9651,17703,58982,14497.20,15437.88,45722.92,15484.49,15645.06,45800.67,0.00,0.00,0.00,987.30,207.19,77.75,1011.79,1011.79,1.005,0.050,0.540,-4.078,-0.969,0.031,10898,166.5,0,-0.9496,-0.0260,0.0078,-0.3124,36.4,-1.8,0.0
3000126,2026-09-11_09-13-38.127-240,v5.1.3,3.44,12.0,3200,17769,20195,56365,9608,17797,59031,14490.17,15488.21,45764.75,15453.39,15722.41,45844.73,0.00,0.00,0.00,963.22,234.20,79.98,994.50,994.50,1.008,0.052,0.542,-4.125,-1.047,-0.031,10893,164.3,0,-0.9496,-0.0265,0.0074,-0.3122,36.4,-1.7,0.0
3000231,2026-09-11_09-13-38.232-240,v5.1.3,3.44,12.0,3200,17758,20223,56351,9573,17835,59059,14480.89,15511.69,45753.10,15427.44,15753.66,45871.53,0.00,0.00,0.00,946.55,241.97,118.43,984.14,984.14,1.006,0.051,0.542,-4.000,-0.953,0.078,10907,163.0,0,-0.9496,-0.0257,0.0071,-0.3122,36.4,-1.7,0.0
3000336,2026-09-11_09-13-38.337-240,v5.1.3,3.44,12.0,3200,17749,20341,56308,9604,17967,58986,14472.65,15609.97,45717.06,15439.33,15860.05,45806.97,0.00,0.00,0.00,966.68,250.08,89.91,1002.55,1002.55,1.007,0.056,0.547,-3.750,-0.812,0.359,10907,165.3,0,-0.9495,-0.0266,0.0051,-0.3125,36.4,-1.5,0.0
3000442,2026-09-11_09-13-38.442-240,v5.1.3,3.44,12.0,3200,17779,20297,56299,9626,17871,59026,14497.75,15573.50,45710.11,15465.55,15782.91,45837.32,0.00,0.00,0.00,967.79,209.41,127.21,998.33,998.33,1.004,0.053,0.542,-4.078,-0.875,0.094,10900,164.8,0,-0.9495,-0.0264,0.0061,-0.3125,36.4,-1.6,0.0
3000547,2026-09-11_09-13-38.547-240,v5.1.3,3.44,12.0,3200,17761,20193,56356,9567,17802,59098,14483.57,15486.80,45757.43,15428.79,15727.57,45904.10,0.00,0.00,0.00,945.22,240.77,146.67,986.37,986.37,1.009,0.054,0.543,-4.328,-0.734,-0.094,10895,163.3,0,-0.9496,-0.0268,0.0066,-0.3122,36.4,-1.7,0.0
3000652,2026-09-11_09-13-38.653-240,v5.1.3,3.44,12.0,3200,17694,20146,56369,9509,17773,59026,14428.48,15448.43,45768.42,15371.82,15701.49,45854.52,0.00,0.00,0.00,943.34,253.06,86.10,980.48,980.48,1.010,0.053,0.548,-4.297,-0.969,0.031,10895,162.5,0,-0.9497,-0.0257,0.0055,-0.3120,36.3,-1.5,0.0
3000757,2026-09-11_09-13-38.758-240,v5.1.3,3.44,12.0,3200,17658,20153,56340,9494,17727,59024,14398.66,15455.10,45744.74,15360.41,15663.72,45855.54,0.00,0.00,0.00,961.75,208.62,110.80,990.34,990.34,1.004,0.051,0.541,-4.031,-1.047,0.594,10891,163.8,0,-0.9496,-0.0256,0.0070,-0.3123,36.4,-1.7,0.0
3000862,2026-09-11_09-13-38.863-240,v5.1.3,3.44,12.0,3200,17591,20130,56345,9400,17717,59047,14343.41,15436.69,45749.00,15286.47,15654.95,45886.98,0.00,0.00,0.00,943.06,218.26,137.97,977.78,977.78,1.006,0.050,0.540,-4.484,-1.047,0.297,10901,162.2,0,-0.9497,-0.0252,0.0079,-0.3121,36.3,-1.8,0.0
3000967,2026-09-11_09-13-38.968-240,v5.1.3,3.44,12.0,3200,17653,20139,56341,9478,17722,59028,14394.62,15443.57,45745.67,15347.93,15659.53,45861.00,0.00,0.00,0.00,953.31,215.97,115.33,984.25,984.25,1.006,0.052,0.546,-4.375,-1.375,0.250,10913,163.0,0,-0.9497,-0.0257,0.0064,-0.3119,36.3,-1.6,0.0
3001073,2026-09-11_09-13-39.073-240,v5.1.3,3.44,12.0,3200,17712,20150,56342,9508,17739,59073,14443.33,15452.04,45746.39,15378.42,15674.84,45892.86,0.00,0.00,0.00,935.08,222.79,146.46,972.35,972.35,1.009,0.052,0.541,-4.094,-0.766,-0.172,10913,161.5,0,-0.9497,-0.0266,0.0074,-0.3120,36.3,-1.8,0.0
3001178,2026-09-11_09-13-39.178-240,v5.1.3,3.44,12.0,3200,17760,20160,56356,9585,17720,59054,14482.96,15459.56,45757.71,15439.69,15659.83,45867.32,0.00,0.00,0.00,956.72,200.26,109.61,983.59,983.59,1.006,0.052,0.538,-4.219,-1.172,-0.047,10893,162.9,0,-0.9497,-0.0268,0.0081,-0.3118,36.3,-1.8,0.0
3001283,2026-09-11_09-13-39.283-240,v5.1.3,3.44,12.0,3200,17836,20162,56431,9647,17691,59160,14545.80,15459.11,45818.80,15506.21,15639.42,45944.40,0.00,0.00,0.00,960.40,180.31,125.61,985.22,985.22,1.006,0.052,0.544,-4.062,-0.797,-0.094,10900,163.1,0,-0.9498,-0.0263,0.0064,-0.3117,36.3,-1.6,0.0
3001388,2026-09-11_09-13-39.389-240,v5.1.3,3.44,12.0,3200,17818,20107,56402,9611,17676,59138,14531.29,15414.40,45795.64,15473.91,15626.21,45931.82,0.00,0.00,0.00,942.63,211.81,136.18,975.68,975.68,1.008,0.050,0.545,-3.969,-0.797,-0.172,10896,161.9,0,-0.9497,-0.0258,0.0064,-0.3119,36.3,-1.6,0.0
3001493,2026-09-11_09-13-39.494-240,v5.1.3,3.44,12.0,3200,17880,20081,56387,9655,17638,59117,14582.73,15392.58,45783.65,15508.24,15595.24,45909.42,0.00,0.00,0.00,925.51,202.66,125.77,955.75,955.75,1.006,0.052,0.540,-3.797,-1.172,0.047,10896,159.4,0,-0.9495,-0.0273,0.0079,-0.3124,36.4,-1.8,0.0
3001609,2026-09-11_09-13-39.610-240,v5.1.3,3.44,12.0,3200,17829,20164,56303,9657,17751,59054,14539.99,15463.13,45714.52,15498.14,15686.01,45857.10,0.00,0.00,0.00,958.15,222.88,142.59,994.01,994.01,1.005,0.054,0.546,-4.344,-0.984,0.172,10899,164.2,0,-0.9497,-0.0261,0.0054,-0.3121,36.4,-1.5,0.0
3001715,2026-09-11_09-13-39.716-240,v5.1.3,3.44,12.0,3200,17747,20164,56323,9555,17699,59052,14472.18,15463.59,45730.80,15415.27,15642.27,45870.07,0.00,0.00,0.00,943.08,178.68,139.27,969.91,969.91,1.005,0.054,0.544,-4.094,-0.906,-0.062,10914,161.2,0,-0.9496,-0.0268,0.0056,-0.3122,36.4,-1.6,0.0
3001820,2026-09-11_09-13-39.821-240,v5.1.3,3.44,12.0,3200,17751,20126,56322,9550,17655,59048,14475.75,15432.19,45730.31,15411.77,15606.20,45868.09,0.00,0.00,0.00,936.02,174.01,137.78,961.98,961.98,1.006,0.053,0.542,-4.547,-0.984,0.281,10900,160.2,0,-0.9497,-0.0262,0.0068,-0.3120,36.3,-1.7,0.0
3001926,2026-09-11_09-13-39.926-240,v5.1.3,3.44,12.0,3200,17735,20086,56318,9542,17655,59063,14462.78,15399.40,45727.40,15407.26,15606.46,45881.24,0.00,0.00,0.00,944.48,207.06,153.84,979.07,979.07,1.006,0.049,0.546,-3.984,-0.953,0.172,10900,162.3,0,-0.9497,-0.0247,0.0061,-0.3122,36.4,-1.5,0.0
3002031,2026-09-11_09-13-40.032-240,v5.1.3,3.44,12.0,3200,17721,20127,56312,9561,17714,59100,14450.93,15433.50,45722.16,15426.46,15655.72,45907.63,0.00,0.00,0.00,975.54,222.22,185.48,1017.57,1017.57,1.009,0.052,0.542,-3.828,-0.812,-0.016,10896,167.3,0,-0.9495,-0.0266,0.0072,-0.3126,36.4,-1.7,0.0
3002136,2026-09-11_09-13-40.137-240,v5.1.3,3.44,12.0,3200,17771,20172,56382,9583,17734,59166,14491.98,15468.89,45778.79,15453.20,15673.87,45957.41,0.00,0.00,0.00,961.22,204.97,178.62,998.93,998.93,1.009,0.053,0.541,-3.953,-0.922,0.000,10888,164.9,0,-0.9495,-0.0268,0.0076,-0.3126,36.4,-1.8,0.0
3002241,2026-09-11_09-13-40.242-240,v5.1.3,3.44,12.0,3200,17747,20134,56400,9575,17720,59227,14472.39,15437.44,45793.78,15455.45,15663.78,46007.70,0.00,0.00,0.00,983.06,226.34,213.92,1031.21,1031.21,1.004,0.052,0.544,-4.391,-0.516,0.516,10888,169.0,0,-0.9496,-0.0250,0.0057,-0.3125,36.4,-1.5,0.0
3002347,2026-09-11_09-13-40.347-240,v5.1.3,3.44,12.0,3200,17753,20113,56490,9525,17678,59233,14477.50,15418.42,45867.27,15416.23,15629.03,46019.88,0.00,0.00,0.00,938.73,210.61,152.60,974.09,974.09,1.008,0.053,0.544,-4.156,-0.984,0.047,10898,161.7,0,-0.9495,-0.0266,0.0064,-0.3127,36.4,-1.6,0.0
3002452,2026-09-11_09-13-40.452-240,v5.1.3,3.44,12.0,3200,17742,20068,56453,9496,17656,59205,14468.70,15382.04,45837.52,15389.05,15610.06,46001.61,0.00,0.00,0.00,920.35,228.01,164.09,962.27,962.27,1.006,0.050,0.544,-4.000,-1.125,0.031,10899,160.2,0,-0.9495,-0.0254,0.0065,-0.3128,36.4,-1.6,0.0
3002557,2026-09-11_09-13-40.558-240,v5.1.3,3.44,12.0,3200,17700,20074,56459,9542,17658,59182,14433.93,15387.31,45842.35,15423.68,15611.71,45976.82,0.00,0.00,0.00,989.75,224.40,134.47,1023.74,1023.74,1.003,0.049,0.541,-4.312,-0.406,0.406,10903,168.0,0,-0.9494,-0.0249,0.0068,-0.3129,36.4,-1.6,0.0
3002662,2026-09-11_09-13-40.663-240,v5.1.3,3.44,12.0,3200,17724,20136,56453,9530,17713,59149,14453.36,15438.37,45836.93,15407.76,15655.68,45951.25,0.00,0.00,0.00,954.40,217.31,114.32,985.48,985.48,1.005,0.052,0.545,-4.578,-0.875,-0.391,10903,163.2,0,-0.9496,-0.0261,0.0058,-0.3125,36.4,-1.6,0.0
3002767,2026-09-11_09-13-40.768-240,v5.1.3,3.44,12.0,3200,17752,20139,56406,9554,17687,59113,14476.49,15441.41,45798.62,15423.22,15633.90,45919.38,0.00,0.00,0.00,946.73,192.50,120.75,973.62,973.62,1.010,0.052,0.537,-4.344,-1.109,-0.016,10903,161.6,0,-0.9495,-0.0268,0.0086,-0.3124,36.4,-1.9,0.0
3002873,2026-09-11_09-13-40.873-240,v5.1.3,3.44,12.0,3200,17766,20073,56494,9538,17610,59262,14488.52,15385.20,45870.88,15432.76,15574.37,46042.26,0.00,0.00,0.00,944.24,189.18,171.39,978.14,978.14,1.007,0.051,0.544,-3.828,-1.281,0.766,10893,162.2,0,-0.9495,-0.0252,0.0074,-0.3127,36.4,-1.7,0.0
3002978,2026-09-11_09-13-40.979-240,v5.1.3,3.44,12.0,3200,17754,20077,56430,9545,17612,59186,14478.56,15389.77,45818.71,15427.93,15574.30,45980.21,0.00,0.00,0.00,949.37,184.53,161.50,980.53,980.53,1.006,0.051,0.542,-4.375,-1.125,0.250,10895,162.5,0,-0.9495,-0.0258,0.0073,-0.3128,36.4,-1.7,0.0
3003093,2026-09-11_09-13-41.093-240,v5.1.3,3.44,12.0,3200,17783,20158,56381,9564,17755,59121,14502.00,15457.23,45778.10,15430.76,15689.71,45923.58,0.00,0.00,0.00,928.76,232.48,145.48,968.40,968.40,1.010,0.049,0.544,-4.172,-1.297,0.188,10895,161.0,0,-0.9494,-0.0252,0.0075,-0.3128,36.4,-1.7,0.0
3003199,2026-09-11_09-13-41.199-240,v5.1.3,3.44,12.0,3200,17733,20218,56404,9560,17792,59105,14460.25,15506.86,45796.31,15424.26,15719.49,45910.81,0.00,0.00,0.00,964.01,212.63,114.50,993.80,993.80,1.006,0.052,0.540,-3.922,-0.875,0.047,10891,164.2,0,-0.9494,-0.0263,0.0076,-0.3130,36.4,-1.8,0.0
3003304,2026-09-11_09-13-41.305-240,v5.1.3,3.44,12.0,3200,17756,20241,56364,9575,17798,59119,14479.11,15526.33,45763.54,15438.39,15724.90,45919.93,0.00,0.00,0.00,959.28,198.56,156.40,992.02,992.02,1.005,0.050,0.541,-3.688,-1.266,-0.172,10895,164.0,0,-0.9494,-0.0256,0.0072,-0.3130,36.5,-1.7,0.0
3003410,2026-09-11_09-13-41.410-240,v5.1.3,3.44,12.0,3200,17765,20211,56398,9532,17751,59157,14486.76,15500.87,45791.49,15409.51,15686.91,45956.93,0.00,0.00,0.00,922.75,186.04,165.44,955.74,955.74,1.007,0.053,0.547,-4.453,-0.875,0.344,10899,159.4,0,-0.9495,-0.0256,0.0054,-0.3128,36.4,-1.5,0.0
3003515,2026-09-11_09-13-41.516-240,v5.1.3,3.44,12.0,3200,17684,20250,56414,9489,17804,59148,14419.52,15533.59,45804.18,15371.45,15729.42,45954.90,0.00,0.00,0.00,951.93,195.84,150.71,983.48,983.48,1.007,0.052,0.543,-3.984,-1.000,0.156,10899,162.9,0,-0.9494,-0.0260,0.0064,-0.3129,36.5,-1.6,0.0
3003620,2026-09-11_09-13-41.621-240,v5.1.3,3.44,12.0,3200,17657,20118,56389,9484,17682,59130,14398.07,15425.33,45784.95,15368.08,15629.37,45942.65,0.00,0.00,0.00,970.01,204.04,157.70,1003.70,1003.70,1.007,0.051,0.545,-4.219,-0.484,0.016,10901,165.5,0,-0.9495,-0.0254,0.0055,-0.3128,36.4,-1.5,0.0
3003725,2026-09-11_09-13-41.726-240,v5.1.3,3.44,12.0,3200,17607,20197,56389,9412,17766,59118,14356.19,15491.05,45784.27,15304.90,15696.76,45941.78,0.00,0.00,0.00,948.71,205.71,157.51,983.45,983.45,1.005,0.054,0.545,-3.797,-0.625,0.281,10891,162.9,0,-0.9493,-0.0263,0.0052,-0.3131,36.5,-1.5,0.0
3003831,2026-09-11_09-13-41.831-240,v5.1.3,3.44,12.0,3200,17658,20156,56369,9481,17725,59113,14398.64,15457.05,45768.33,15362.11,15664.02,45928.86,0.00,0.00,0.00,963.46,206.97,160.53,998.43,998.43,1.008,0.056,0.544,-4.188,-0.906,0.078,10905,164.8,0,-0.9494,-0.0271,0.0057,-0.3130,36.5,-1.6,0.0
3003936,2026-09-11_09-13-41.937-240,v5.1.3,3.44,12.0,3200,17669,20170,56382,9493,17736,59142,14407.65,15468.26,45778.80,15375.72,15673.83,45950.39,0.00,0.00,0.00,968.07,205.57,171.58,1004.42,1004.42,1.005,0.050,0.547,-4.609,-1.125,0.000,10905,165.6,0,-0.9496,-0.0247,0.0053,-0.3124,36.4,-1.5,0.0
3004041,2026-09-11_09-13-42.042-240,v5.1.3,3.44,12.0,3200,17683,20117,56422,9482,17703,59156,14419.58,15423.65,45811.84,15369.48,15647.09,45963.55,0.00,0.00,0.00,949.90,223.45,151.71,987.55,987.55,1.006,0.054,0.546,-4.047,-1.125,0.109,10901,163.4,0,-0.9495,-0.0267,0.0053,-0.3126,36.4,-1.5,0.0
3004146,2026-09-11_09-13-42.147-240,v5.1.3,3.44,12.0,3200,17700,20108,56405,9497,17684,59123,14433.70,15416.35,45798.07,15377.76,15630.99,45935.23,0.00,0.00,0.00,944.06,214.64,137.15,977.82,977.82,1.007,0.051,0.544,-4.125,-0.750,-0.094,10905,162.2,0,-0.9495,-0.0257,0.0060,-0.3126,36.4,-1.6,0.0
3004252,2026-09-11_09-13-42.253-240,v5.1.3,3.44,12.0,3200,17785,20095,56393,9589,17660,59096,14504.08,15404.99,45788.42,15450.40,15611.89,45901.28,0.00,0.00,0.00,946.33,206.91,112.86,975.23,975.23,1.006,0.050,0.543,-4.234,-0.656,0.703,10905,161.9,0,-0.9494,-0.0249,0.0066,-0.3130,36.5,-1.6,0.0
3004357,2026-09-11_09-13-42.358-240,v5.1.3,3.43,12.0,3200,17705,20130,56479,9528,17696,59189,14437.69,15433.14,45858.16,15412.12,15642.72,45983.88,0.00,0.00,0.00,974.42,209.58,125.72,1004.61,1004.61,1.006,0.051,0.543,-3.859,-0.672,-0.203,10897,165.6,0,-0.9493,-0.0261,0.0062,-0.3132,36.5,-1.6,0.0
3004463,2026-09-11_09-13-42.463-240,v5.1.3,3.43,12.0,3200,17789,20191,56373,9620,17712,59049,14506.74,15484.56,45771.30,15468.02,15653.61,45858.62,0.00,0.00,0.00,961.28,169.04,87.33,979.93,979.93,1.006,0.053,0.542,-4.672,-0.859,-0.109,10901,162.5,0,-0.9495,-0.0263,0.0065,-0.3127,36.4,-1.6,0.0
3004578,2026-09-11_09-13-42.579-240,v5.1.3,3.43,12.0,3200,17761,20095,56332,9555,17639,59022,14484.22,15406.32,45738.72,15412.70,15592.59,45846.72,0.00,0.00,0.00,928.48,186.27,108.00,953.12,953.12,1.007,0.050,0.543,-3.938,-0.766,-0.219,10902,159.0,0,-0.9494,-0.0257,0.0068,-0.3128,36.4,-1.7,0.0
3004684,2026-09-11_09-13-42.684-240,v5.1.3,3.43,12.0,3200,17698,20094,56323,9514,17697,59018,14432.13,15406.29,45731.40,15376.85,15639.34,45848.37,0.00,0.00,0.00,944.71,233.05,116.96,980.04,980.04,1.008,0.052,0.544,-3.891,-0.562,0.625,10902,162.5,0,-0.9493,-0.0257,0.0064,-0.3133,36.5,-1.6,0.0
3004789,2026-09-11_09-13-42.790-240,v5.1.3,3.43,12.0,3200,17737,20186,56202,9571,17720,58912,14463.76,15484.03,45632.05,15408.46,15656.31,45755.12,0.00,0.00,0.00,944.71,172.28,123.07,968.14,968.14,1.006,0.048,0.543,-4.125,-0.984,0.328,10901,160.9,0,-0.9493,-0.0246,0.0070,-0.3134,36.5,-1.6,0.0
3004894,2026-09-11_09-13-42.895-240,v5.1.3,3.43,12.0,3200,17781,20187,56250,9608,17746,58969,14500.14,15483.55,45671.14,15446.14,15679.33,45795.55,0.00,0.00,0.00,946.00,195.78,124.41,974.03,974.03,1.006,0.052,0.545,-3.953,-1.000,0.312,10898,161.7,0,-0.9491,-0.0259,0.0062,-0.3137,36.5,-1.6,0.0
3005000,2026-09-11_09-13-42.001-240,v5.1.3,3.43,12.0,3200,17768,20127,56300,9588,17730,59089,14489.79,15433.24,45712.39,15446.75,15668.85,45894.91,0.00,0.00,0.00,956.95,235.60,182.52,1002.29,1002.29,1.005,0.048,0.545,-4.328,-0.609,0.312,10899,165.3,0,-0.9492,-0.0242,0.0059,-0.3137,36.5,-1.5,0.0
3005106,2026-09-11_09-13-43.106-240,v5.1.3,3.43,12.0,3200,17742,20126,56247,9603,17745,59010,14468.30,15433.63,45669.22,15447.74,15679.41,45829.19,0.00,0.00,0.00,979.44,245.78,159.97,1022.40,1022.40,1.005,0.052,0.543,-3.984,-1.203,-3.594,10899,167.9,0,-0.9495,-0.0291,0.0055,-0.3124,36.4,-1.6,0.0
3005211,2026-09-11_09-13-43.212-240,v5.1.3,3.43,12.0,3200,17760,20117,56257,9569,17741,59009,14483.24,15425.84,45677.45,15419.71,15675.71,45833.08,0.00,0.00,0.00,936.47,249.87,155.63,981.65,981.65,1.005,0.051,0.540,-4.500,-1.016,0.922,10905,162.7,0,-0.9496,-0.0255,0.0073,-0.3123,36.4,-1.7,0.0
3005316,2026-09-11_09-13-43.317-240,v5.1.3,3.43,12.0,3200,17727,20189,56340,9573,17811,59106,14455.48,15484.12,45744.43,15434.60,15735.18,45909.59,0.00,0.00,0.00,979.12,251.05,165.16,1024.20,1024.20,1.007,0.052,0.547,-4.109,-1.188,0.578,10895,168.1,0,-0.9496,-0.0252,0.0061,-0.3125,36.4,-1.6,0.0
3005422,2026-09-11_09-13-43.422-240,v5.1.3,3.43,12.0,3200,17790,20202,56376,9639,17811,59112,14507.49,15493.58,45773.65,15489.77,15736.13,45905.41,0.00,0.00,0.00,982.28,242.55,131.77,1020.33,1020.33,1.010,0.052,0.547,-3.984,-1.141,0.062,10905,167.6,0,-0.9494,-0.0261,0.0063,-0.3128,36.4,-1.6,0.0
3005527,2026-09-11_09-13-43.527-240,v5.1.3,3.43,12.0,3200,17739,20125,56472,9591,17735,59225,14465.84,15428.79,45852.50,15467.94,15676.17,46003.72,0.00,0.00,0.00,1002.10,247.38,151.22,1043.20,1043.20,1.006,0.049,0.541,-4.141,-1.000,-0.641,10905,170.5,0,-0.9495,-0.0258,0.0074,-0.3125,36.4,-1.7,0.0
3005632,2026-09-11_09-13-43.633-240,v5.1.3,3.43,12.0,3200,17729,20104,56391,9561,17695,59091,14457.71,15413.01,45786.70,15425.72,15640.00,45900.64,0.00,0.00,0.00,968.02,226.99,113.94,1000.78,1000.78,1.009,0.053,0.541,-4.438,-1.016,0.609,10891,165.1,0,-0.9495,-0.0261,0.0078,-0.3125,36.4,-1.8,0.0
3005738,2026-09-11_09-13-43.738-240,v5.1.3,3.43,12.0,3200,17739,20122,56428,9568,17684,59140,14465.86,15427.11,45816.69,15438.57,15632.26,45939.20,0.00,0.00,0.00,972.72,205.16,122.51,1001.64,1001.64,1.009,0.052,0.542,-4.344,-1.156,0.016,10895,165.2,0,-0.9496,-0.0261,0.0078,-0.3123,36.4,-1.8,0.0
3005843,2026-09-11_09-13-43.843-240,v5.1.3,3.43,12.0,3200,17788,20154,56334,9611,17714,59023,14506.16,15454.73,45739.85,15456.95,15654.52,45838.94,0.00,0.00,0.00,950.80,199.79,99.09,976.60,976.60,1.003,0.054,0.547,-4.188,-0.844,-0.203,10895,162.0,0,-0.9497,-0.0263,0.0050,-0.3121,36.4,-1.5,0.0
3005948,2026-09-11_09-13-43.949-240,v5.1.3,3.43,12.0,3200,17767,20125,56321,9628,17715,59027,14488.98,15431.23,45729.51,15471.48,15655.64,45839.82,0.00,0.00,0.00,982.50,224.41,110.31,1013.82,1013.82,1.008,0.052,0.547,-4.688,-0.578,0.266,10899,166.8,0,-0.9497,-0.0254,0.0053,-0.3120,36.3,-1.5,0.0
3006063,2026-09-11_09-13-44.064-240,v5.1.3,3.43,12.0,3200,17792,20208,56335,9636,17792,59025,14509.10,15499.25,45740.20,15475.74,15718.53,45836.15,0.00,0.00,0.00,966.64,219.28,95.95,995.83,995.83,1.006,0.052,0.546,-4.250,-1.078,0.312,10893,164.5,0,-0.9496,-0.0259,0.0057,-0.3122,36.4,-1.5,0.0
3006168,2026-09-11_09-13-44.169-240,v5.1.3,3.43,12.0,3200,17756,20240,56293,9607,17841,59001,14479.11,15526.78,45705.71,15447.23,15757.60,45820.20,0.00,0.00,0.00,968.12,230.82,114.49,1001.82,1001.82,1.008,0.053,0.543,-3.891,-0.906,-0.078,10891,165.2,0,-0.9495,-0.0269,0.0065,-0.3124,36.4,-1.7,0.0
3006273,2026-09-11_09-13-44.274-240,v5.1.3,3.43,12.0,3200,17797,20337,56340,9620,17950,58993,14512.37,15605.61,45743.16,15453.93,15846.54,45810.63,0.00,0.00,0.00,941.56,240.93,67.47,974.23,974.23,1.008,0.052,0.546,-4.172,-1.266,0.453,10891,161.7,0,-0.9496,-0.0254,0.0061,-0.3124,36.4,-1.6,0.0
3006378,2026-09-11_09-13-44.379-240,v5.1.3,3.43,12.0,3200,17762,20382,56304,9635,17969,59007,14483.13,15643.76,45713.45,15467.71,15862.56,45819.59,0.00,0.00,0.00,984.59,218.80,106.14,1014.17,1014.17,1.007,0.051,0.545,-4.688,-0.672,-0.016,10899,166.8,0,-0.9498,-0.0252,0.0057,-0.3119,36.3,-1.5,0.0
3006484,2026-09-11_09-13-44.485-240,v5.1.3,3.43,12.0,3200,17767,20326,56320,9620,17957,59006,14487.64,15597.19,45726.96,15455.54,15852.56,45820.99,0.00,0.00,0.00,967.91,255.37,94.02,1005.44,1005.44,1.006,0.053,0.545,-4.688,-0.953,0.547,10893,165.7,0,-0.9498,-0.0258,0.0061,-0.3118,36.3,-1.6,0.0
3006590,2026-09-11_09-13-44.590-240,v5.1.3,3.43,12.0,3200,17739,20181,56374,9535,17748,59040,14465.46,15476.79,45772.20,15395.83,15681.74,45862.54,0.00,0.00,0.00,930.37,204.95,90.34,956.95,956.95,1.007,0.050,0.544,-4.234,-0.844,0.188,10898,159.5,0,-0.9498,-0.0254,0.0068,-0.3119,36.3,-1.6,0.0
3006695,2026-09-11_09-13-44.696-240,v5.1.3,3.43,12.0,3200,17689,20144,56336,9496,17716,59027,14424.36,15447.43,45741.56,15362.77,15654.83,45857.82,0.00,0.00,0.00,938.41,207.41,116.26,968.07,968.07,1.008,0.051,0.543,-4.188,-1.141,0.172,10898,160.9,0,-0.9497,-0.0259,0.0075,-0.3120,36.3,-1.7,0.0
3006800,2026-09-11_09-13-44.801-240,v5.1.3,3.43,12.0,3200,17682,20131,56301,9489,17740,59009,14418.65,15437.39,45713.16,15353.87,15673.91,45844.01,0.00,0.00,0.00,935.22,236.52,130.85,973.50,973.50,1.007,0.053,0.542,-3.734,-0.969,0.484,10901,161.6,0,-0.9495,-0.0265,0.0071,-0.3125,36.4,-1.7,0.0
3006905,2026-09-11_09-13-44.906-240,v5.1.3,3.43,12.0,3200,17575,20203,56346,9413,17796,59014,14329.69,15497.10,45749.19,15290.50,15718.80,45857.69,0.00,0.00,0.00,960.81,221.71,108.50,992.01,992.01,1.009,0.047,0.542,-3.531,-0.828,0.250,10901,164.0,0,-0.9495,-0.0242,0.0077,-0.3128,36.4,-1.7,0.0
3007011,2026-09-11_09-13-44.011-240,v5.1.3,3.43,12.0,3200,17714,20223,56312,9539,17833,58976,14444.50,15512.83,45721.33,15387.99,15749.65,45809.50,0.00,0.00,0.00,943.49,236.83,88.16,976.75,976.75,1.007,0.054,0.549,-4.375,-0.984,1.109,10898,162.0,0,-0.9494,-0.0250,0.0055,-0.3131,36.5,-1.5,0.0
3007116,2026-09-11_09-13-45.117-240,v5.1.3,3.43,12.0,3200,17746,20203,56315,9598,17815,59007,14471.09,15495.94,45723.95,15441.34,15736.41,45826.58,0.00,0.00,0.00,970.25,240.47,102.64,1004.86,1004.86,1.008,0.052,0.547,-3.844,-1.109,0.484,10898,165.6,0,-0.9492,-0.0258,0.0058,-0.3137,36.5,-1.6,0.0
3007221,2026-09-11_09-13-45.222-240,v5.1.3,3.43,12.0,3200,17829,20210,56357,9618,17791,59074,14539.69,15500.14,45758.11,15467.74,15718.65,45878.00,0.00,0.00,0.00,928.05,218.52,119.89,960.94,960.94,1.007,0.050,0.542,-4.297,-0.891,-0.141,10895,160.0,0,-0.9492,-0.0258,0.0069,-0.3136,36.5,-1.7,0.0
3007326,2026-09-11_09-13-45.327-240,v5.1.3,3.43,12.0,3200,17809,20162,56349,9623,17768,59074,14523.47,15460.85,45752.00,15472.47,15699.94,45877.60,0.00,0.00,0.00,949.00,239.09,125.60,986.68,986.68,1.007,0.056,0.546,-3.641,-0.844,0.094,10894,163.3,0,-0.9490,-0.0272,0.0053,-0.3140,36.6,-1.6,0.0
3007442,2026-09-11_09-13-45.442-240,v5.1.3,3.43,12.0,3200,17820,20216,56328,9667,17806,59025,14532.20,15505.70,45734.43,15500.89,15730.34,45831.74,0.00,0.00,0.00,968.69,224.64,97.31,999.15,999.15,1.010,0.052,0.542,-4.328,-1.109,-0.062,10900,164.9,0,-0.9492,-0.0260,0.0074,-0.3136,36.5,-1.7,0.0
3007548,2026-09-11_09-13-45.549-240,v5.1.3,3.43,12.0,3200,17837,20187,56291,9697,17806,58914,14546.45,15482.25,45704.54,15510.20,15728.09,45738.45,0.00,0.00,0.00,963.75,245.84,33.91,995.19,995.19,1.006,0.051,0.542,-4.438,-0.828,0.297,10900,164.4,0,-0.9492,-0.0256,0.0070,-0.3135,36.5,-1.7,0.0
3007654,2026-09-11_09-13-45.655-240,v5.1.3,3.43,12.0,3200,17771,20187,56236,9588,17758,58922,14491.87,15483.90,45659.74,15422.84,15687.77,45760.36,0.00,0.00,0.00,930.97,203.87,100.62,958.33,958.33,1.009,0.053,0.546,-4.422,-0.969,0.188,10899,159.7,0,-0.9493,-0.0258,0.0060,-0.3133,36.5,-1.6,0.0
3007760,2026-09-11_09-13-45.761-240,v5.1.3,3.43,12.0,3200,17740,20105,56275,9571,17720,58965,14466.79,15415.81,45692.21,15415.82,15657.56,45797.71,0.00,0.00,0.00,949.03,241.75,105.50,985.00,985.00,1.005,0.052,0.542,-4.375,-1.156,0.172,10893,163.1,0,-0.9493,-0.0260,0.0067,-0.3132,36.5,-1.7,0.0
3007865,2026-09-11_09-13-45.866-240,v5.1.3,3.43,12.0,3200,17706,20107,56281,9570,17717,58959,14438.66,15417.70,45697.08,15414.24,15654.96,45793.07,0.00,0.00,0.00,975.58,237.26,95.99,1008.60,1008.60,1.005,0.053,0.542,-4.141,-1.203,0.031,10893,166.1,0,-0.9493,-0.0265,0.0067,-0.3132,36.5,-1.7,0.0
3007971,2026-09-11_09-13-45.971-240,v5.1.3,3.43,12.0,3200,17761,20193,56243,9601,17773,59006,14483.56,15488.83,45665.39,15444.79,15702.15,45825.90,0.00,0.00,0.00,961.24,213.32,160.51,997.62,997.62,1.007,0.052,0.542,-3.328,-0.984,0.219,10899,164.7,0,-0.9491,-0.0264,0.0069,-0.3137,36.5,-1.7,0.0
3008076,2026-09-11_09-13-46.077-240,v5.1.3,3.43,12.0,3200,17783,20223,56337,9601,17776,59078,14501.56,15511.68,45741.70,15454.70,15706.29,45883.72,0.00,0.00,0.00,953.14,194.61,142.02,983.12,983.12,1.009,0.050,0.543,-3.766,-0.828,0.500,10893,162.9,0,-0.9490,-0.0251,0.0069,-0.3141,36.6,-1.7,0.0
3008181,2026-09-11_09-13-46.182-240,v5.1.3,3.43,12.0,3200,17758,20152,56422,9590,17746,59129,14481.37,15451.79,45811.55,15453.51,15682.88,45926.58,0.00,0.00,0.00,972.15,231.08,115.03,1005.83,1005.83,1.008,0.051,0.542,-4.125,-1.047,0.000,10892,165.8,0,-0.9490,-0.0259,0.0071,-0.3141,36.6,-1.7,0.0
3008286,2026-09-11_09-13-46.287-240,v5.1.3,3.43,12.0,3200,17757,20108,56402,9583,17695,59173,14480.83,15415.83,45795.63,15455.21,15642.20,45963.53,0.00,0.00,0.00,974.37,226.37,167.90,1014.32,1014.32,1.006,0.051,0.544,-4.281,-0.547,0.391,10892,166.8,0,-0.9491,-0.0249,0.0062,-0.3141,36.6,-1.6,0.0
3008391,2026-09-11_09-13-46.392-240,v5.1.3,3.43,12.0,3200,17739,20099,56393,9580,17692,59070,14466.01,15408.75,45788.38,15438.53,15637.29,45881.21,0.00,0.00,0.00,972.52,228.54,92.83,1003.32,1003.32,1.007,0.052,0.545,-4.219,-1.391,0.156,10894,165.4,0,-0.9490,-0.0260,0.0063,-0.3141,36.6,-1.6,0.0
3008497,2026-09-11_09-13-46.497-240,v5.1.3,3.43,12.0,3200,17745,20151,56370,9574,17761,59060,14470.62,15452.03,45769.20,15430.37,15693.30,45873.12,0.00,0.00,0.00,959.75,241.26,103.93,995.05,995.05,1.004,0.050,0.547,-4.453,-1.000,-0.062,10896,164.4,0,-0.9492,-0.0246,0.0050,-0.3138,36.6,-1.4,0.0
3008602,2026-09-11_09-13-46.603-240,v5.1.3,3.43,12.0,3200,17754,20198,56462,9614,17783,59165,14477.76,15489.09,45843.73,15477.28,15714.22,45951.76,0.00,0.00,0.00,999.53,225.12,108.03,1030.25,1030.25,1.007,0.053,0.539,-4.078,-0.484,0.000,10890,168.9,0,-0.9490,-0.0265,0.0067,-0.3140,36.6,-1.7,0.0
3008707,2026-09-11_09-13-46.708-240,v5.1.3,3.43,12.0,3200,17789,20170,56329,9625,17699,59029,14506.88,15468.02,45735.64,15469.71,15642.59,45842.04,0.00,0.00,0.00,962.84,174.57,106.39,984.30,984.30,1.006,0.049,0.543,-4.297,-1.141,0.188,10890,163.0,0,-0.9491,-0.0248,0.0071,-0.3138,36.6,-1.7,0.0
3008812,2026-09-11_09-13-46.813-240,v5.1.3,3.43,12.0,3200,17762,20082,56435,9587,17666,59122,14485.15,15393.73,45822.74,15452.20,15617.38,45922.37,0.00,0.00,0.00,967.05,223.65,99.63,997.57,997.57,1.006,0.053,0.543,-3.969,-1.172,-0.062,10891,164.7,0,-0.9490,-0.0268,0.0066,-0.3139,36.6,-1.7,0.0
3008927,2026-09-11_09-13-46.928-240,v5.1.3,3.43,12.0,3200,17794,20143,56335,9627,17732,58999,14511.19,15445.56,45740.76,15466.32,15668.84,45817.24,0.00,0.00,0.00,955.13,223.28,76.48,983.86,983.86,1.004,0.052,0.545,-4.297,-1.266,-0.016,10893,163.0,0,-0.9492,-0.0257,0.0055,-0.3136,36.5,-1.5,0.0
3009032,2026-09-11_09-13-47.033-240,v5.1.3,3.43,12.0,3200,17735,20211,56338,9588,17810,59034,14461.95,15502.25,45742.62,15436.99,15732.85,45849.71,0.00,0.00,0.00,975.04,230.60,107.09,1007.65,1007.65,1.008,0.051,0.548,-3.922,-0.922,0.719,10896,166.0,0,-0.9491,-0.0249,0.0053,-0.3140,36.6,-1.5,0.0
3009137,2026-09-11_09-13-47.138-240,v5.1.3,3.43,12.0,3200,17765,20255,56321,9622,17853,59039,14486.46,15538.57,45728.39,15464.53,15768.48,45848.54,0.00,0.00,0.00,978.08,229.90,120.15,1011.89,1011.89,1.005,0.048,0.544,-3.891,-1.078,0.609,10896,166.5,0,-0.9489,-0.0244,0.0064,-0.3145,36.6,-1.6,0.0
3009243,2026-09-11_09-13-47.243-240,v5.1.3,3.43,12.0,3200,17785,20243,56285,9642,17858,59002,14503.07,15529.11,45699.17,15475.74,15771.93,45816.02,0.00,0.00,0.00,972.66,242.82,116.85,1009.30,1009.30,1.007,0.053,0.543,-0.547,-0.906,-0.047,10893,166.2,0,-0.9479,-0.0280,0.0060,-0.3172,37.0,-1.7,0.0
3009348,2026-09-11_09-13-47.348-240,v5.1.3,3.45,12.0,3200,17764,20323,56367,9580,17970,59078,14485.18,15593.90,45765.28,15432.25,15864.38,45884.14,0.00,0.00,0.00,947.07,270.48,118.86,992.08,992.08,1.007,0.051,0.543,-3.875,-0.859,-0.312,10904,164.0,0,-0.9482,-0.0252,0.0060,-0.3167,36.9,-1.6,0.0
3009453,2026-09-11_09-13-47.454-240,v5.1.3,3.45,12.0,3200,17761,20251,56379,9589,17845,59062,14483.18,15534.27,45775.67,15440.77,15762.08,45871.63,0.00,0.00,0.00,957.58,227.82,95.96,988.98,988.98,1.006,0.050,0.544,-3.734,-1.047,-0.094,10904,163.6,0,-0.9482,-0.0251,0.0061,-0.3167,36.9,-1.6,0.0
3009558,2026-09-11_09-13-47.559-240,v5.1.3,3.45,12.0,3200,17717,20282,56340,9555,17876,59037,14446.58,15561.00,45743.63,15408.48,15786.38,45855.79,0.00,0.00,0.00,961.89,225.38,112.16,994.29,994.29,1.008,0.052,0.546,-4.250,-1.141,0.000,10895,164.3,0,-0.9483,-0.0251,0.0057,-0.3163,36.9,-1.5,0.0
3009663,2026-09-11_09-13-47.664-240,v5.1.3,3.45,12.0,3200,17657,20133,56321,9507,17732,59005,14397.96,15438.94,45729.43,15368.35,15667.51,45838.44,0.00,0.00,0.00,970.38,228.58,109.00,1002.88,1002.88,1.008,0.052,0.544,-3.922,-1.141,-0.156,10908,165.4,0,-0.9483,-0.0260,0.0063,-0.3162,36.8,-1.6,0.0
3009768,2026-09-11_09-13-47.769-240,v5.1.3,3.45,12.0,3200,17597,20187,56320,9457,17784,58987,14347.99,15484.13,45728.15,15323.30,15708.91,45830.14,0.00,0.00,0.00,975.32,224.78,102.00,1006.07,1006.07,1.007,0.052,0.542,-4.172,-0.969,0.719,10908,165.8,0,-0.9484,-0.0248,0.0068,-0.3160,36.8,-1.6,0.0
3009874,2026-09-11_09-13-47.874-240,v5.1.3,3.45,12.0,3200,17676,20216,56302,9507,17789,59006,14413.12,15507.61,45713.25,15366.97,15714.06,45838.52,0.00,0.00,0.00,953.85,206.45,125.28,983.94,983.94,1.007,0.051,0.545,-4.078,-0.781,0.328,10908,163.0,0,-0.9485,-0.0248,0.0057,-0.3158,36.8,-1.5,0.0
3009979,2026-09-11_09-13-47.980-240,v5.1.3,3.45,12.0,3200,17695,20205,56320,9514,17789,59030,14428.91,15498.01,45728.00,15376.06,15714.71,45856.85,0.00,0.00,0.00,947.16,216.69,128.85,980.14,980.14,1.005,0.051,0.544,-4.141,-0.984,-0.156,10898,162.5,0,-0.9486,-0.0255,0.0060,-0.3155,36.8,-1.6,0.0
3010084,2026-09-11_09-13-48.085-240,v5.1.3,3.45,12.0,3200,17698,20139,56339,9558,17705,59013,14431.83,15443.15,45744.04,15412.17,15646.29,45838.25,0.00,0.00,0.00,980.34,203.14,94.20,1005.58,1005.58,1.005,0.048,0.543,-3.781,-1.266,0.062,10904,165.7,0,-0.9486,-0.0246,0.0067,-0.3156,36.8,-1.6,0.0
3010190,2026-09-11_09-13-48.191-240,v5.1.3,3.45,12.0,3200,17746,20125,56308,9591,17695,58994,14471.62,15431.67,45718.92,15436.97,15638.08,45818.60,0.00,0.00,0.00,965.35,206.41,99.68,992.19,992.19,1.008,0.052,0.542,-3.297,-1.141,0.297,10892,164.0,0,-0.9483,-0.0263,0.0073,-0.3162,36.8,-1.7,0.0
3010296,2026-09-11_09-13-48.296-240,v5.1.3,3.45,12.0,3200,17757,20171,56313,9586,17721,59008,14480.41,15469.45,45722.59,15434.10,15659.57,45830.21,0.00,0.00,0.00,953.70,190.12,107.61,978.40,978.40,1.003,0.053,0.541,-4.375,-1.125,0.375,10892,162.3,0,-0.9485,-0.0256,0.0064,-0.3157,36.8,-1.6,0.0
3010411,2026-09-11_09-13-48.412-240,v5.1.3,3.45,12.0,3200,17998,20161,56324,9860,17713,58988,14679.77,15458.58,45731.66,15657.14,15655.93,45776.84,0.00,0.00,0.00,977.38,197.35,45.19,998.12,998.12,1.007,0.050,0.543,-4.109,-0.469,0.016,10892,164.8,0,-0.9485,-0.0256,0.0065,-0.3158,36.8,-1.6,0.0
3010518,2026-09-11_09-13-48.519-240,v5.1.3,3.45,12.0,3200,17733,20086,56265,9588,17707,58902,14461.12,15400.38,45684.23,15421.42,15645.67,45744.93,0.00,0.00,0.00,960.30,245.29,60.70,992.99,992.99,1.008,0.049,0.547,-3.734,-0.922,0.094,10897,164.1,0,-0.9485,-0.0245,0.0057,-0.3159,36.8,-1.5,0.0
3010623,2026-09-11_09-13-48.624-240,v5.1.3,3.45,12.0,3200,17795,20154,56224,9721,17741,58896,14511.93,15456.63,45650.25,15529.19,15674.91,45721.53,0.00,0.00,0.00,1017.26,218.28,71.28,1042.85,1042.85,1.004,0.052,0.544,-4.203,-0.844,0.359,10901,170.5,0,-0.9484,-0.0255,0.0057,-0.3160,36.8,-1.5,0.0
3010729,2026-09-11_09-13-48.729-240,v5.1.3,3.45,12.0,3200,17782,20211,56227,9624,17793,58929,14500.80,15503.77,45652.20,15452.52,15716.94,45760.63,0.00,0.00,0.00,951.72,213.17,108.43,981.31,981.31,1.006,0.050,0.547,-4.078,-1.344,-0.047,10901,162.6,0,-0.9485,-0.0248,0.0056,-0.3157,36.8,-1.5,0.0
3010834,2026-09-11_09-13-48.835-240,v5.1.3,3.45,12.0,3200,17767,20117,56185,9612,17703,58862,14489.02,15427.07,45618.80,15435.74,15641.76,45709.56,0.00,0.00,0.00,946.72,214.69,90.77,974.99,974.99,1.006,0.053,0.542,-4.500,-1.109,0.375,10896,161.8,0,-0.9485,-0.0262,0.0067,-0.3155,36.8,-1.7,0.0
3010939,2026-09-11_09-13-48.940-240,v5.1.3,3.45,12.0,3200,17719,20096,56269,9586,17719,58939,14449.48,15408.70,45687.39,15424.59,15656.31,45774.79,0.00,0.00,0.00,975.11,247.61,87.39,1009.84,1009.84,1.005,0.051,0.538,-4.297,-0.562,0.062,10901,166.3,0,-0.9487,-0.0256,0.0072,-0.3151,36.7,-1.7,0.0
3011045,2026-09-11_09-13-49.045-240,v5.1.3,3.45,12.0,3200,17747,20206,56324,9587,17758,59042,14471.90,15498.25,45731.25,15438.66,15690.58,45856.93,0.00,0.00,0.00,966.76,192.34,125.67,993.68,993.68,1.009,0.053,0.543,-4.500,-1.016,0.234,10895,164.2,0,-0.9489,-0.0259,0.0068,-0.3146,36.6,-1.7,0.0
3011150,2026-09-11_09-13-49.151-240,v5.1.3,3.45,12.0,3200,17769,20222,56371,9633,17778,59027,14489.99,15510.39,45769.40,15473.92,15707.12,45838.34,0.00,0.00,0.00,983.93,196.73,68.94,1005.77,1005.77,1.005,0.053,0.542,-4.047,-0.797,0.266,10895,165.7,0,-0.9489,-0.0259,0.0060,-0.3144,36.6,-1.6,0.0
3011255,2026-09-11_09-13-49.256-240,v5.1.3,3.45,12.0,3200,17783,20139,56322,9588,17690,59045,14502.12,15442.60,45730.20,15441.71,15635.17,45860.05,0.00,0.00,0.00,939.59,192.56,129.85,967.87,967.87,1.006,0.052,0.540,-4.203,-1.188,0.453,10897,160.9,0,-0.9489,-0.0262,0.0074,-0.3144,36.6,-1.7,0.0
3011361,2026-09-11_09-13-49.361-240,v5.1.3,3.45,12.0,3200,17726,20119,56380,9557,17693,59062,14455.12,15425.62,45777.62,15418.46,15637.63,45877.91,0.00,0.00,0.00,963.34,212.01,100.29,991.47,991.47,1.004,0.053,0.545,-0.531,-0.938,0.453,10894,163.9,0,-0.9480,-0.0270,0.0052,-0.3170,36.9,-1.5,0.0
3011466,2026-09-11_09-13-49.466-240,v5.1.3,3.45,12.0,3200,17760,20151,56372,9604,17756,59016,14483.02,15451.84,45770.82,15449.10,15688.55,45833.74,0.00,0.00,0.00,966.08,236.70,62.91,996.64,996.64,1.011,0.051,0.546,-3.969,-0.828,-0.016,10894,164.6,0,-0.9482,-0.0252,0.0058,-0.3166,36.9,-1.5,0.0
3011571,2026-09-11_09-13-49.572-240,v5.1.3,3.45,12.0,3200,17734,20206,56442,9593,17788,59092,14461.16,15496.25,45827.37,15449.74,15716.32,45895.91,0.00,0.00,0.00,988.57,220.06,68.54,1015.09,1015.09,1.007,0.050,0.550,-4.047,-0.703,0.547,10892,166.9,0,-0.9483,-0.0237,0.0044,-0.3166,36.9,-1.3,0.0
3011676,2026-09-11_09-13-49.677-240,v5.1.3,3.45,12.0,3200,17795,20172,56410,9626,17752,59120,14511.83,15468.15,45801.60,15481.75,15688.00,45914.36,0.00,0.00,0.00,969.92,219.85,112.76,1000.89,1000.89,1.006,0.050,0.546,-4.266,-0.938,0.203,10903,165.1,0,-0.9482,-0.0248,0.0055,-0.3166,36.9,-1.5,0.0
3011782,2026-09-11_09-13-49.782-240,v5.1.3,3.45,12.0,3200,17722,20047,56319,9585,17660,58984,14452.29,15367.32,45728.55,15431.57,15609.21,45811.82,0.00,0.00,0.00,979.28,241.89,83.28,1012.14,1012.14,1.007,0.052,0.540,-3.953,-0.812,0.359,10891,166.6,0,-0.9481,-0.0260,0.0070,-0.3168,36.9,-1.7,0.0
3011897,2026-09-11_09-13-49.897-240,v5.1.3,3.45,12.0,3200,17794,20168,56318,9660,17787,58948,14511.02,15466.51,45726.70,15484.96,15712.93,45771.06,0.00,0.00,0.00,973.93,246.42,44.37,1005.60,1005.60,1.006,0.052,0.542,-4.000,-0.953,-0.234,10891,165.7,0,-0.9483,-0.0258,0.0064,-0.3163,36.9,-1.6,0.0
3012002,2026-09-11_09-13-49.002-240,v5.1.3,3.45,12.0,3200,17783,20274,56308,9616,17875,58977,14501.21,15554.31,45717.64,15450.41,15784.90,45799.27,0.00,0.00,0.00,949.20,230.59,81.62,980.21,980.21,1.006,0.053,0.545,-3.891,-0.781,0.391,10896,162.5,0,-0.9484,-0.0255,0.0054,-0.3161,36.8,-1.5,0.0
3012107,2026-09-11_09-13-50.108-240,v5.1.3,3.45,12.0,3200,17797,20247,56333,9620,17838,59035,14512.97,15531.43,45738.23,15462.73,15756.12,45845.79,0.00,0.00,0.00,949.76,224.68,107.55,981.88,981.88,1.006,0.048,0.543,-4.078,-0.500,0.344,10888,162.7,0,-0.9484,-0.0241,0.0062,-0.3160,36.8,-1.5,0.0
3012212,2026-09-11_09-13-50.213-240,v5.1.3,3.45,12.0,3200,17741,20245,56351,9600,17798,59023,14466.68,15530.02,45752.91,15445.66,15722.94,45839.38,0.00,0.00,0.00,978.98,192.92,86.47,1001.55,1001.55,1.006,0.055,0.543,-4.656,-1.062,0.328,10896,165.2,0,-0.9486,-0.0262,0.0063,-0.3154,36.7,-1.6,0.0
3012317,2026-09-11_09-13-50.318-240,v5.1.3,3.45,12.0,3200,17736,20298,56342,9577,17869,58954,14462.19,15573.99,45745.12,15415.27,15778.98,45786.18,0.00,0.00,0.00,953.08,204.99,41.05,975.74,975.74,1.006,0.052,0.540,-4.656,-1.281,0.109,10896,161.9,0,-0.9489,-0.0254,0.0075,-0.3145,36.6,-1.7,0.0
3012423,2026-09-11_09-13-50.423-240,v5.1.3,3.45,12.0,3200,17737,20171,56298,9560,17772,58982,14463.86,15469.92,45710.38,15407.73,15700.26,45812.22,0.00,0.00,0.00,943.87,230.35,101.84,976.89,976.89,1.005,0.053,0.543,-3.828,-1.344,0.156,10891,162.1,0,-0.9489,-0.0263,0.0066,-0.3144,36.6,-1.7,0.0
3012528,2026-09-11_09-13-50.528-240,v5.1.3,3.45,12.0,3200,17667,20173,56295,9525,17735,58967,14405.96,15472.32,45707.91,15377.82,15669.28,45805.41,0.00,0.00,0.00,971.85,196.96,97.50,996.39,996.39,1.009,0.050,0.542,-3.703,-0.875,0.328,10892,164.6,0,-0.9489,-0.0249,0.0073,-0.3144,36.6,-1.7,0.0
3012633,2026-09-11_09-13-50.634-240,v5.1.3,3.45,12.0,3200,17675,20180,56305,9501,17745,58981,14412.53,15477.84,45716.00,15359.73,15677.48,45819.81,0.00,0.00,0.00,947.20,199.64,103.81,973.56,973.56,1.009,0.050,0.547,-3.984,-0.750,0.156,10898,161.6,0,-0.9490,-0.0244,0.0058,-0.3142,36.6,-1.5,0.0
3012738,2026-09-11_09-13-50.739-240,v5.1.3,3.45,12.0,3200,17711,20215,56300,9544,17779,58937,14442.07,15506.47,45711.62,15388.13,15704.72,45778.15,0.00,0.00,0.00,946.06,198.25,66.53,968.90,968.90,1.006,0.055,0.546,-3.969,-1.109,-0.188,10898,161.0,0,-0.9490,-0.0269,0.0053,-0.3140,36.6,-1.5,0.0
3012843,2026-09-11_09-13-50.844-240,v5.1.3,3.45,12.0,3200,17586,20136,56302,9422,17706,58970,14339.23,15442.46,45713.93,15294.20,15644.42,45822.24,0.00,0.00,0.00,954.97,201.96,108.31,982.08,982.08,1.005,0.049,0.541,-4.312,-0.781,0.172,10892,162.7,0,-0.9493,-0.0246,0.0065,-0.3135,36.5,-1.6,0.0
3012949,2026-09-11_09-13-50.949-240,v5.1.3,3.45,12.0,3200,17653,20125,56306,9476,17660,58978,14394.71,15432.64,45717.29,15341.00,15607.73,45821.88,0.00,0.00,0.00,946.29,175.09,104.59,968.02,968.02,1.007,0.053,0.542,-3.797,-1.047,-0.234,10896,160.9,0,-0.9492,-0.0267,0.0067,-0.3135,36.5,-1.7,0.0
3013054,2026-09-11_09-13-51.055-240,v5.1.3,3.45,12.0,3200,17627,20120,56283,9499,17666,58946,14373.24,15429.18,45698.59,15355.33,15612.15,45792.95,0.00,0.00,0.00,982.09,182.97,94.36,1003.44,1003.44,1.008,0.053,0.543,-3.859,-0.891,0.500,10896,165.5,0,-0.9493,-0.0259,0.0064,-0.3134,36.5,-1.6,0.0
3013159,2026-09-11_09-13-51.160-240,v5.1.3,3.45,12.0,3200,17767,20192,56278,9592,17726,58962,14488.53,15487.32,45693.91,15432.53,15662.64,45792.36,0.00,0.00,0.00,944.00,175.33,98.46,965.18,965.18,1.007,0.050,0.545,-3.891,-1.250,0.250,10889,160.6,0,-0.9493,-0.0252,0.0065,-0.3134,36.5,-1.6,0.0
3013264,2026-09-11_09-13-51.265-240,v5.1.3,3.45,12.0,3200,17830,20182,56268,9698,17728,58931,14540.70,15478.61,45685.85,15515.45,15664.84,45752.96,0.00,0.00,0.00,974.76,186.24,67.11,994.66,994.66,1.006,0.052,0.544,-3.812,-0.859,0.141,10890,164.3,0,-0.9492,-0.0264,0.0063,-0.3136,36.5,-1.6,0.0
3013380,2026-09-11_09-13-51.381-240,v5.1.3,3.45,12.0,3200,17790,20153,56295,9683,17682,58925,14507.81,15454.58,45708.09,15503.50,15626.97,45750.76,0.00,0.00,0.00,995.68,172.39,42.67,1011.40,1011.40,1.006,0.051,0.544,-4.125,-0.922,0.047,10897,166.5,0,-0.9493,-0.0255,0.0062,-0.3133,36.5,-1.6,0.0
3013486,2026-09-11_09-13-51.486-240,v5.1.3,3.45,12.0,3200,17712,20170,56243,9602,17749,58848,14443.19,15470.33,45665.58,15424.34,15678.85,45699.10,0.00,0.00,0.00,981.15,208.52,33.52,1003.62,1003.62,1.007,0.050,0.547,-4.516,-0.875,0.312,10897,165.5,0,-0.9494,-0.0246,0.0057,-0.3129,36.5,-1.5,0.0
3013591,2026-09-11_09-13-51.592-240,v5.1.3,3.45,12.0,3200,17797,20164,56229,9627,17734,58846,14513.52,15464.78,45654.23,15445.05,15666.87,45694.27,0.00,0.00,0.00,931.53,202.09,40.04,954.04,954.04,1.008,0.052,0.544,-3.875,-1.047,0.281,10894,159.2,0,-0.9493,-0.0263,0.0068,-0.3133,36.5,-1.7,0.0
3013696,2026-09-11_09-13-51.697-240,v5.1.3,3.45,12.0,3200,17746,20118,56204,9590,17646,58821,14471.65,15427.76,45634.26,15413.46,15594.00,45680.34,0.00,0.00,0.00,941.80,166.24,46.07,957.47,957.47,1.006,0.049,0.544,-3.859,-0.781,0.000,10883,159.6,0,-0.9493,-0.0250,0.0063,-0.3132,36.5,-1.6,0.0
3013802,2026-09-11_09-13-51.802-240,v5.1.3,3.45,12.0,3200,17749,20093,56246,9600,17670,58890,14474.31,15406.34,45668.69,15430.62,15615.34,45734.12,0.00,0.00,0.00,956.32,209.00,65.43,981.07,981.07,1.006,0.051,0.545,-4.047,-0.938,0.047,10893,162.6,0,-0.9493,-0.0259,0.0062,-0.3132,36.5,-1.6,0.0
3013907,2026-09-11_09-13-51.907-240,v5.1.3,3.45,12.0,3200,17727,20164,56216,9575,17703,58910,14455.63,15465.71,45643.64,15411.93,15642.43,45753.18,0.00,0.00,0.00,956.30,176.72,109.54,978.64,978.64,1.007,0.050,0.543,-3.922,-0.984,0.281,10893,162.3,0,-0.9493,-0.0254,0.0070,-0.3133,36.5,-1.7,0.0
3014012,2026-09-11_09-13-51.013-240,v5.1.3,3.45,12.0,3200,17775,20193,56217,9627,17775,58910,14495.13,15489.16,45644.21,15452.83,15701.84,45745.18,0.00,0.00,0.00,957.70,212.68,100.97,986.21,986.21,1.007,0.055,0.544,-3.875,-1.062,-0.125,10886,163.3,0,-0.9493,-0.0273,0.0062,-0.3132,36.5,-1.7,0.0
3014117,2026-09-11_09-13-52.118-240,v5.1.3,3.45,12.0,3200,17772,20153,56347,9596,17752,59075,14492.93,15453.83,45750.45,15450.80,15686.57,45882.29,0.00,0.00,0.00,957.87,232.75,131.84,994.52,994.52,1.008,0.052,0.543,-4.141,-1.062,0.484,10897,164.3,0,-0.9494,-0.0258,0.0069,-0.3130,36.5,-1.7,0.0
3014223,2026-09-11_09-13-52.223-240,v5.1.3,3.45,12.0,3200,17775,20156,56328,9614,17714,59032,14495.39,15456.61,45734.94,15460.67,15654.77,45845.76,0.00,0.00,0.00,965.28,198.15,110.82,991.62,991.62,1.007,0.050,0.543,-4.391,-1.016,0.141,10889,163.9,0,-0.9495,-0.0253,0.0069,-0.3127,36.4,-1.7,0.0
3014328,2026-09-11_09-13-52.328-240,v5.1.3,3.45,12.0,3200,17704,20152,56361,9539,17689,59052,14436.71,15453.43,45761.86,15402.36,15633.91,45872.38,0.00,0.00,0.00,965.65,180.48,110.52,988.57,988.57,1.007,0.051,0.544,-4.375,-0.938,0.094,10889,163.6,0,-0.9496,-0.0255,0.0066,-0.3123,36.4,-1.6,0.0
3014433,2026-09-11_09-13-52.434-240,v5.1.3,3.44,12.0,3200,17750,20135,56365,9583,17672,59031,14474.86,15438.86,45765.26,15436.13,15620.08,45849.71,0.00,0.00,0.00,961.26,181.22,84.45,981.84,981.84,1.007,0.051,0.541,-3.969,-1.062,-0.094,10882,162.7,0,-0.9496,-0.0264,0.0075,-0.3123,36.4,-1.8,0.0
3014538,2026-09-11_09-13-52.539-240,v5.1.3,3.44,12.0,3200,17743,20153,56346,9619,17708,58987,14468.95,15454.14,45749.63,15458.71,15648.87,45808.99,0.00,0.00,0.00,989.76,194.73,59.36,1010.48,1010.48,1.007,0.049,0.547,-4.453,-0.984,-0.125,10894,166.3,0,-0.9499,-0.0246,0.0061,-0.3117,36.3,-1.5,0.0
3014643,2026-09-11_09-13-52.644-240,v5.1.3,3.44,12.0,3200,17771,20206,56345,9609,17766,58995,14491.75,15497.63,45748.36,15450.04,15696.27,45816.05,0.00,0.00,0.00,958.29,198.65,67.70,981.00,981.00,1.008,0.050,0.544,-4.750,-1.094,0.078,10894,162.6,0,-0.9500,-0.0254,0.0070,-0.3113,36.2,-1.7,0.0
3014749,2026-09-11_09-13-52.749-240,v5.1.3,3.44,12.0,3200,17784,20204,56315,9642,17750,58959,14502.51,15496.38,45723.94,15472.64,15682.77,45782.82,0.00,0.00,0.00,970.13,186.39,58.88,989.63,989.63,1.004,0.049,0.544,-4.453,-0.359,-0.297,10895,163.7,0,-0.9501,-0.0249,0.0057,-0.3108,36.2,-1.5,0.0
3014864,2026-09-11_09-13-52.864-240,v5.1.3,3.44,12.0,3200,17776,19985,56294,9620,17520,58923,14497.36,15316.04,45708.72,15455.65,15493.93,45759.79,0.00,0.00,0.00,958.29,177.89,51.07,976.00,976.00,1.007,0.047,0.540,-4.266,-0.984,0.141,10898,162.0,0,-0.9500,-0.0256,0.0083,-0.3111,36.2,-1.8,0.0
3014969,2026-09-11_09-13-52.970-240,v5.1.3,3.44,12.0,3200,17730,20129,56276,9597,17715,58935,14458.35,15435.71,45692.82,15433.19,15653.09,45770.12,0.00,0.00,0.00,974.84,217.38,77.30,1001.77,1001.77,1.008,0.053,0.541,-4.156,-0.812,0.578,10886,165.2,0,-0.9500,-0.0263,0.0077,-0.3111,36.2,-1.8,0.0
3015075,2026-09-11_09-13-53.075-240,v5.1.3,3.44,12.0,3200,17738,20211,56273,9619,17773,58913,14464.42,15503.38,45689.67,15446.72,15700.18,45748.71,0.00,0.00,0.00,982.29,196.80,59.04,1003.55,1003.55,1.007,0.050,0.544,-4.031,-0.547,3.891,10886,165.5,0,-0.9496,-0.0224,0.0072,-0.3126,36.4,-1.6,0.0
3015180,2026-09-11_09-13-53.180-240,v5.1.3,3.44,12.0,3200,17777,20233,56269,9620,17812,58903,14496.52,15521.23,45686.22,15445.12,15731.79,45740.05,0.00,0.00,0.00,948.59,210.56,53.82,973.17,973.17,1.007,0.051,0.544,-4.219,-1.312,0.484,10896,161.6,0,-0.9494,-0.0252,0.0073,-0.3129,36.4,-1.7,0.0
3015285,2026-09-11_09-13-53.286-240,v5.1.3,3.44,12.0,3200,17763,20256,56262,9625,17774,58893,14484.79,15540.48,45680.32,15448.86,15700.59,45731.80,0.00,0.00,0.00,964.06,160.11,51.48,978.62,978.62,1.007,0.053,0.545,-3.953,-1.188,-0.031,10888,162.3,0,-0.9494,-0.0265,0.0061,-0.3128,36.4,-1.6,0.0
3015390,2026-09-11_09-13-53.391-240,v5.1.3,3.44,12.0,3200,17756,20193,56298,9579,17685,58911,14479.43,15487.89,45710.19,15415.84,15627.82,45753.67,0.00,0.00,0.00,936.42,139.93,43.48,947.81,947.81,1.008,0.052,0.542,-3.828,-0.688,-0.125,10899,158.4,0,-0.9494,-0.0263,0.0067,-0.3128,36.4,-1.7,0.0
3015496,2026-09-11_09-13-53.496-240,v5.1.3,3.44,12.0,3200,17755,20142,56256,9556,17632,58893,14478.94,15446.55,45676.41,15395.82,15583.85,45743.01,0.00,0.00,0.00,916.88,137.30,66.59,929.49,929.49,1.243,0.071,0.160,-5.219,-0.453,0.000,10899,156.0,0,-0.9497,-0.0277,0.0113,-0.3118,36.3,-2.2,0.0
3015601,2026-09-11_09-13-53.602-240,v5.1.3,3.44,12.0,3200,17646,20211,56281,9517,17693,58869,14388.34,15504.16,45696.18,15358.76,15632.60,45728.28,0.00,0.00,0.00,970.42,128.44,32.10,979.40,979.40,0.974,0.017,0.601,-5.016,-6.953,0.375,10891,162.4,0,-0.9500,-0.0253,0.0129,-0.3109,36.2,-2.3,0.0
3015707,2026-09-11_09-13-53.707-240,v5.1.3,3.44,12.0,3200,17670,20196,56292,9475,17684,58878,14408.29,15491.34,45705.27,15325.66,15624.95,45741.36,0.00,0.00,0.00,917.37,133.61,36.09,927.75,927.75,0.965,0.075,0.679,-3.734,2.906,-0.109,10887,155.8,0,-0.9501,-0.0239,0.0042,-0.3109,36.2,-1.3,0.0
3015812,2026-09-11_09-13-53.812-240,v5.1.3,3.44,12.0,3200,17649,20185,56249,9524,17677,58867,14391.00,15483.24,45670.34,15364.67,15619.58,45725.92,0.00,0.00,0.00,973.67,136.34,55.58,984.74,984.74,1.067,0.052,0.371,-4.250,-0.781,-0.125,10888,163.1,0,-0.9501,-0.0258,0.0089,-0.3107,36.2,-1.9,0.0
3015917,2026-09-11_09-13-53.918-240,v5.1.3,3.44,12.0,3200,17701,20152,56247,9557,17684,58876,14434.22,15455.51,45669.00,15392.90,15625.91,45728.55,0.00,0.00,0.00,958.69,170.40,59.56,975.53,975.53,0.986,0.034,0.601,-4.609,-3.141,0.344,10888,161.9,0,-0.9503,-0.0234,0.0065,-0.3102,36.1,-1.5,0.0
3016023,2026-09-11_09-13-54.023-240,v5.1.3,3.44,12.0,3200,17694,20133,56292,9542,17626,58914,14428.56,15439.09,45705.81,15387.36,15579.28,45761.87,0.00,0.00,0.00,958.80,140.19,56.05,970.62,970.62,0.993,0.070,0.592,-4.141,0.656,-0.031,10888,161.3,0,-0.9504,-0.0241,0.0001,-0.3101,36.1,-0.9,0.0
3016128,2026-09-11_09-13-54.128-240,v5.1.3,3.44,12.0,3200,17750,20117,56286,9612,17642,58900,14474.97,15425.42,45701.07,15442.63,15592.87,45740.87,0.00,0.00,0.00,967.66,167.44,39.80,982.84,982.84,1.016,0.109,0.617,-2.219,1.453,-3.344,10893,162.8,0,-0.9502,-0.0300,-0.0072,-0.3100,36.1,-0.3,0.0
3016233,2026-09-11_09-13-54.234-240,v5.1.3,3.44,12.0,3200,17800,20088,56273,9649,17609,58885,14516.52,15401.21,45690.73,15471.89,15566.03,45724.18,0.00,0.00,0.00,955.38,164.82,33.45,970.07,970.07,1.200,-0.066,0.670,-8.156,3.234,2.781,10893,161.2,0,-0.9511,-0.0203,-0.0076,-0.3082,35.9,0.1,0.0
3016349,2026-09-11_09-13-54.350-240,v5.1.3,3.44,12.0,3200,17968,20167,56250,9852,17679,58835,14654.91,15465.17,45671.32,15630.24,15624.47,45655.42,0.00,0.00,0.00,975.33,159.31,-15.91,988.38,988.38,1.092,0.301,0.569,-5.328,-2.906,0.422,10898,163.5,0,-0.9512,-0.0258,-0.0059,-0.3073,35.8,-0.3,0.0
3016455,2026-09-11_09-13-54.456-240,v5.1.3,3.44,12.0,3200,17792,20116,56269,9645,17620,58807,14509.71,15424.48,45687.23,15457.49,15573.12,45661.91,0.00,0.00,0.00,947.78,148.64,-25.32,959.70,959.70,0.926,-0.045,0.554,-8.344,0.281,2.422,10883,159.9,0,-0.9521,-0.0167,-0.0052,-0.3052,35.5,-0.0,0.0
3016560,2026-09-11_09-13-54.561-240,v5.1.3,3.44,12.0,3200,17706,20096,56182,9570,17607,58784,14438.72,15410.39,45616.53,15392.89,15561.05,45653.82,0.00,0.00,0.00,954.17,150.66,37.30,966.71,966.71,1.056,-0.009,0.528,-1.922,-0.672,-1.312,10891,160.8,0,-0.9517,-0.0181,-0.0010,-0.3066,35.7,-0.5,0.0
3016666,2026-09-11_09-13-54.666-240,v5.1.3,3.44,12.0,3200,17727,20131,56172,9572,17626,58770,14455.85,15439.26,45608.09,15392.09,15576.25,45642.06,0.00,0.00,0.00,936.24,136.99,33.98,946.82,946.82,0.993,0.110,0.555,-4.062,-1.188,-0.219,10891,158.2,0,-0.9515,-0.0236,-0.0017,-0.3067,35.7,-0.6,0.0
3016771,2026-09-11_09-13-54.772-240,v5.1.3,3.44,12.0,3200,17780,20194,56190,9628,17705,58767,14499.26,15490.42,45622.21,15435.69,15641.35,45631.02,0.00,0.00,0.00,936.42,150.93,8.80,948.55,948.55,1.000,0.056,0.543,-4.891,-0.359,0.422,10887,158.5,0,-0.9514,-0.0259,0.0013,-0.3067,35.7,-1.0,0.0
3016876,2026-09-11_09-13-54.877-240,v5.1.3,3.44,12.0,3200,17749,20194,56105,9645,17700,58677,14473.62,15492.25,45552.97,15437.33,15635.35,45556.44,0.00,0.00,0.00,963.72,143.10,3.47,974.29,974.29,1.008,0.016,0.535,-3.469,-0.859,-0.250,10883,161.7,0,-0.9513,-0.0232,0.0048,-0.3073,35.8,-1.3,0.0
3016981,2026-09-11_09-13-54.982-240,v5.1.3,3.44,12.0,3200,17781,20141,56235,9602,17691,58873,14500.45,15445.84,45659.32,15429.35,15632.10,45719.92,0.00,0.00,0.00,928.91,186.26,60.60,949.33,949.33,1.003,0.083,0.551,-3.922,-0.516,-0.188,10894,158.5,0,-0.9512,-0.0281,0.0030,-0.3074,35.8,-1.3,0.0
3017087,2026-09-11_09-13-55.087-240,v5.1.3,3.44,12.0,3200,17783,20115,56307,9638,17638,58920,14502.28,15423.06,45718.19,15466.92,15590.39,45753.44,0.00,0.00,0.00,964.64,167.33,35.25,979.68,979.68,1.010,0.057,0.541,-4.750,-0.906,0.953,10894,162.4,0,-0.9511,-0.0282,0.0065,-0.3075,35.8,-1.7,0.0
3017192,2026-09-11_09-13-55.192-240,v5.1.3,3.44,12.0,3200,17756,20100,56335,9611,17621,58913,14480.06,15410.45,45741.12,15444.17,15576.02,45751.71,0.00,0.00,0.00,964.11,165.58,10.59,978.29,978.29,1.013,0.013,0.542,-4.000,-1.141,0.281,10892,162.2,0,-0.9512,-0.0235,0.0086,-0.3077,35.8,-1.8,0.0
3017297,2026-09-11_09-13-55.298-240,v5.1.3,3.44,12.0,3200,17718,20135,56257,9586,17645,58887,14448.39,15441.12,45677.29,15419.34,15594.69,45733.93,0.00,0.00,0.00,970.95,153.56,56.64,984.65,984.65,1.009,0.058,0.541,-3.328,-0.984,-0.266,10890,163.1,0,-0.9508,-0.0281,0.0079,-0.3084,35.9,-1.9,0.0
3017402,2026-09-11_09-13-55.403-240,v5.1.3,3.44,12.0,3200,17763,20178,56302,9625,17681,58899,14485.32,15475.36,45713.58,15452.16,15624.83,45737.80,0.00,0.00,0.00,966.84,149.47,24.22,978.63,978.63,1.012,0.060,0.541,-4.562,-1.031,1.078,10886,162.3,0,-0.9508,-0.0286,0.0081,-0.3082,35.9,-1.9,0.0
3017508,2026-09-11_09-13-55.508-240,v5.1.3,3.44,12.0,3200,17768,20159,56294,9611,17680,58876,14489.58,15459.77,45707.22,15437.47,15623.30,45721.24,0.00,0.00,0.00,947.89,163.53,14.02,962.00,962.00,1.005,0.040,0.554,-4.125,-1.203,-0.219,10886,160.2,0,-0.9511,-0.0247,0.0063,-0.3079,35.8,-1.6,0.0
3017613,2026-09-11_09-13-55.614-240,v5.1.3,3.44,12.0,3200,17748,20126,56416,9609,17585,59001,14473.27,15430.53,45806.88,15455.69,15548.69,45823.15,0.00,0.00,0.00,982.41,118.15,16.27,989.63,989.63,1.007,0.063,0.547,-4.141,-0.984,0.156,10884,163.7,0,-0.9509,-0.0286,0.0052,-0.3081,35.9,-1.6,0.0
3017718,2026-09-11_09-13-55.719-240,v5.1.3,3.44,12.0,3200,17749,20078,56359,9614,17487,58931,14474.42,15391.92,45760.87,15452.70,15467.11,45767.45,0.00,0.00,0.00,978.28,75.19,6.59,981.19,981.19,1.007,0.047,0.540,-4.328,-0.953,0.062,10888,162.6,0,-0.9510,-0.0260,0.0076,-0.3080,35.8,-1.7,0.0
3017833,2026-09-11_09-13-55.834-240,v5.1.3,3.44,12.0,3200,17786,20014,56242,9662,17425,58775,14505.43,15340.81,45666.11,15472.23,15413.42,45636.33,0.00,0.00,0.00,966.80,72.61,-29.79,969.98,969.98,1.007,0.055,0.540,-3.859,-1.094,0.109,10886,161.2,0,-0.9508,-0.0286,0.0081,-0.3085,35.9,-1.9,0.0
3017938,2026-09-11_09-13-55.939-240,v5.1.3,3.44,12.0,3200,17739,20091,56212,9588,17526,58749,14466.05,15405.39,45641.01,15405.01,15494.34,45624.27,0.00,0.00,0.00,938.97,88.94,-16.75,943.32,943.32,1.006,0.053,0.548,-4.141,-1.203,0.328,10886,157.8,0,-0.9509,-0.0263,0.0058,-0.3083,35.9,-1.6,0.0
3018044,2026-09-11_09-13-56.044-240,v5.1.3,3.44,12.0,3200,17788,20149,56237,9608,17594,58718,14506.18,15452.34,45660.88,15415.37,15549.35,45595.77,0.00,0.00,0.00,909.19,97.01,-65.11,916.67,916.67,1.036,0.129,0.515,-3.938,-2.422,-3.859,10883,154.4,0,-0.9512,-0.0349,0.0070,-0.3066,35.7,-2.0,0.0
3018149,2026-09-11_09-13-56.150-240,v5.1.3,3.44,12.0,3200,17756,20140,56234,9585,17559,58751,14479.78,15445.28,45658.51,15401.94,15521.28,45625.87,0.00,0.00,0.00,922.17,76.00,-32.64,925.87,925.87,1.270,-0.325,0.587,-14.484,-4.141,-1.516,10888,155.6,0,-0.9541,-0.0280,0.0129,-0.2979,34.6,-2.4,0.0
3018254,2026-09-11_09-13-56.255-240,v5.1.3,3.44,12.0,3200,17705,20212,56240,9575,17633,58761,14437.12,15505.13,45662.78,15393.13,15581.79,45634.33,0.00,0.00,0.00,956.01,76.66,-28.45,959.50,959.50,0.923,0.102,0.472,3.188,-1.453,-3.516,10888,159.8,0,-0.9525,-0.0392,0.0111,-0.3018,35.1,-2.6,0.0
3018359,2026-09-11_09-13-56.360-240,v5.1.3,3.44,12.0,3200,17732,20134,56247,9566,17530,58729,14459.97,15440.34,45669.15,15384.02,15496.86,45611.14,0.00,0.00,0.00,924.05,56.52,-58.01,927.59,927.59,1.060,0.155,0.585,-5.234,-0.766,1.078,10885,155.8,0,-0.9528,-0.0415,0.0075,-0.3007,35.0,-2.3,0.0
3018465,2026-09-11_09-13-56.465-240,v5.1.3,3.44,12.0,3200,17734,20142,56235,9579,17611,58717,14461.57,15447.14,45659.30,15390.91,15562.85,45598.71,0.00,0.00,0.00,929.33,115.71,-60.60,938.47,938.47,0.970,0.047,0.532,-5.734,-0.766,0.938,10879,157.2,0,-0.9535,-0.0351,0.0066,-0.2994,34.8,-1.9,0.0
3018570,2026-09-11_09-13-56.571-240,v5.1.3,3.44,12.0,3200,17700,20171,56188,9560,17587,58708,14433.26,15472.27,45620.77,15374.65,15542.81,45594.37,0.00,0.00,0.00,941.39,70.55,-26.40,944.40,944.40,1.005,0.033,0.538,-4.172,-0.531,0.547,10897,157.9,0,-0.9536,-0.0297,0.0075,-0.2994,34.8,-1.8,0.0
3018675,2026-09-11_09-13-56.676-240,v5.1.3,3.44,12.0,3200,17676,20138,56200,9548,17581,58713,14413.63,15445.05,45630.83,15365.62,15537.89,45600.10,0.00,0.00,0.00,951.99,92.84,-30.73,957.00,957.00,1.016,0.052,0.547,-4.266,-1.000,0.219,10897,159.5,0,-0.9536,-0.0273,0.0076,-0.2996,34.8,-1.8,0.0
3018780,2026-09-11_09-13-56.781-240,v5.1.3,3.44,12.0,3200,17636,20133,56217,9501,17515,58766,14380.59,15441.01,45644.72,15336.03,15484.69,45649.93,0.00,0.00,0.00,955.44,43.68,5.21,956.45,956.45,1.028,0.049,0.548,-4.141,-1.094,0.484,10894,159.5,0,-0.9534,-0.0267,0.0098,-0.3003,34.9,-2.0,0.0
3018886,2026-09-11_09-13-56.886-240,v5.1.3,3.44,12.0,3200,17519,20121,56234,9372,17513,58727,14283.92,15431.97,45658.66,15224.46,15480.56,45636.22,0.00,0.00,0.00,940.54,48.59,-22.44,942.06,942.06,0.997,0.037,0.541,-3.484,-1.172,0.312,10890,157.6,0,-0.9533,-0.0232,0.0089,-0.3011,35.0,-1.8,0.0
3018991,2026-09-11_09-13-56.991-240,v5.1.3,3.44,12.0,3200,17599,20140,56226,9479,17539,58712,14349.95,15447.00,45651.99,15309.79,15502.74,45609.24,0.00,0.00,0.00,959.84,55.74,-42.75,962.41,962.41,1.013,0.057,0.547,-3.984,-0.719,-0.594,10891,160.2,0,-0.9531,-0.0276,0.0074,-0.3013,35.0,-1.8,0.0
3019096,2026-09-11_09-13-57.097-240,v5.1.3,3.44,12.0,3200,17625,20158,56204,9491,17584,58706,14371.32,15462.00,45633.91,15317.64,15539.47,45602.22,0.00,0.00,0.00,946.32,77.48,-31.70,950.01,950.01,1.005,0.055,0.544,-4.188,-1.031,0.250,10891,158.6,0,-0.9530,-0.0282,0.0066,-0.3016,35.1,-1.7,0.0
3019201,2026-09-11_09-13-57.202-240,v5.1.3,3.44,12.0,3200,17765,20178,56204,9618,17622,58681,14486.96,15477.11,45633.75,15417.73,15571.46,45564.32,0.00,0.00,0.00,930.77,94.35,-69.43,938.11,938.11,1.008,0.048,0.547,-3.703,-0.938,-0.094,10892,157.1,0,-0.9529,-0.0263,0.0066,-0.3022,35.2,-1.6,0.0
3019317,2026-09-11_09-13-57.318-240,v5.1.3,3.44,12.0,3200,17782,20122,56207,9678,17520,58708,14501.40,15430.65,45636.68,15473.59,15489.58,45579.11,0.00,0.00,0.00,972.19,58.93,-57.57,975.68,975.68,1.008,0.052,0.545,-3.938,-1.188,0.016,10884,161.9,0,-0.9526,-0.0281,0.0073,-0.3030,35.2,-1.8,0.0
3019422,2026-09-11_09-13-57.423-240,v5.1.3,3.43,12.0,3200,17704,20180,56177,9610,17609,58629,14436.50,15479.85,45611.73,15404.28,15559.52,45523.79,0.00,0.00,0.00,967.77,79.67,-87.95,975.02,975.02,1.008,0.057,0.545,-4.438,-1.016,-0.328,10880,161.8,0,-0.9526,-0.0289,0.0061,-0.3027,35.2,-1.7,0.0
3019528,2026-09-11_09-13-57.529-240,v5.1.3,3.43,12.0,3200,17742,20205,56166,9642,17638,58627,14467.76,15500.31,45602.56,15429.58,15583.54,45517.45,0.00,0.00,0.00,961.82,83.22,-85.11,969.15,969.15,1.052,0.017,0.556,-4.750,-1.234,0.141,10880,161.1,0,-0.9528,-0.0244,0.0091,-0.3023,35.2,-1.8,0.0
3019633,2026-09-11_09-13-57.634-240,v5.1.3,3.43,12.0,3200,17708,20153,56171,9587,17602,58638,14439.99,15457.63,45607.08,15386.77,15553.74,45534.25,0.00,0.00,0.00,946.78,96.11,-72.84,954.43,954.43,0.971,0.031,0.533,-3.047,-1.000,-0.344,10886,159.2,0,-0.9526,-0.0219,0.0075,-0.3035,35.3,-1.6,0.0
3019739,2026-09-11_09-13-57.739-240,v5.1.3,3.43,12.0,3200,17751,20140,56152,9629,17547,58618,14475.64,15446.81,45591.72,15420.04,15508.89,45513.14,0.00,0.00,0.00,944.41,62.08,-78.58,949.70,949.70,1.012,0.090,0.546,-3.875,-0.750,0.094,10887,158.6,0,-0.9523,-0.0269,0.0063,-0.3038,35.3,-1.6,0.0
3019844,2026-09-11_09-13-57.845-240,v5.1.3,3.43,12.0,3200,17695,20068,56133,9573,17454,58567,14429.81,15388.27,45576.86,15369.34,15431.10,45480.97,0.00,0.00,0.00,939.53,42.83,-95.89,945.38,945.38,1.007,0.040,0.544,-4.859,-1.188,0.453,10887,158.0,0,-0.9524,-0.0235,0.0083,-0.3038,35.3,-1.7,0.0
3019949,2026-09-11_09-13-57.950-240,v5.1.3,3.43,12.0,3200,17663,20109,56112,9584,17457,58545,14403.07,15422.81,45559.40,15375.26,15433.16,45461.75,0.00,0.00,0.00,972.19,10.35,-97.65,977.14,977.14,1.004,0.041,0.544,-3.641,-0.469,-0.266,10887,162.1,0,-0.9521,-0.0239,0.0076,-0.3048,35.5,-1.7,0.0
3020054,2026-09-11_09-13-58.055-240,v5.1.3,3.43,12.0,3200,17727,20096,56135,9604,17406,58568,14456.08,15411.03,45578.25,15396.27,15392.33,45478.14,0.00,0.00,0.00,940.19,-18.70,-100.11,945.69,945.69,1.007,0.063,0.545,-3.891,-0.969,-0.172,10882,158.1,0,-0.9519,-0.0284,0.0066,-0.3051,35.5,-1.7,0.0
3020160,2026-09-11_09-13-58.160-240,v5.1.3,3.43,12.0,3200,17746,20113,56175,9646,17322,58623,14471.68,15424.15,45610.68,15440.72,15325.58,45517.66,0.00,0.00,0.00,969.03,-98.58,-93.02,978.47,978.47,0.992,-0.022,0.548,0.062,-2.078,-2.656,10877,162.3,0,-0.9513,-0.0275,0.0072,-0.3071,35.7,-1.8,0.0
3020265,2026-09-11_09-13-58.266-240,v5.1.3,3.43,12.0,3200,17724,19983,56213,9612,17223,58633,14454.37,15316.36,45642.75,15416.74,15244.60,45531.59,0.00,0.00,0.00,962.38,-71.77,-111.17,971.43,971.43,1.039,0.147,0.634,-4.766,0.281,0.047,10877,161.4,0,-0.9514,-0.0301,0.0020,-0.3064,35.7,-1.3,0.0
3020370,2026-09-11_09-13-58.371-240,v5.1.3,3.43,12.0,3200,17710,20000,56237,9575,17201,58654,14442.68,15330.11,45662.16,15389.78,15226.68,45553.79,0.00,0.00,0.00,947.10,-103.42,-108.37,958.87,958.87,1.008,-0.017,0.479,-5.078,-0.141,-0.406,10884,159.8,0,-0.9518,-0.0271,0.0056,-0.3055,35.6,-1.6,0.0
3020476,2026-09-11_09-13-58.476-240,v5.1.3,3.43,12.0,3200,17683,20009,56237,9557,17196,58608,14420.29,15337.81,45662.07,15368.71,15221.29,45519.34,0.00,0.00,0.00,948.42,-116.51,-142.73,966.15,966.15,1.065,0.033,0.526,-2.797,-1.109,-2.547,10887,160.7,0,-0.9517,-0.0292,0.0099,-0.3055,35.5,-2.1,0.0
3020581,2026-09-11_09-13-58.581-240,v5.1.3,3.43,12.0,3200,17702,20044,56195,9586,17184,58588,14435.76,15367.27,45627.57,15390.13,15211.39,45499.46,0.00,0.00,0.00,954.37,-155.88,-128.10,975.46,975.46,0.999,0.051,0.553,-4.453,-0.875,0.422,10891,161.9,0,-0.9519,-0.0264,0.0061,-0.3052,35.5,-1.6,0.0
3020696,2026-09-11_09-13-58.696-240,v5.1.3,3.43,12.0,3200,17741,19924,56165,9628,17049,58516,14468.82,15268.35,45604.16,15418.32,15100.02,45437.57,0.00,0.00,0.00,949.50,-168.33,-166.59,978.59,978.59,1.005,0.083,0.570,-3.141,-0.453,0.984,10891,162.3,0,-0.9515,-0.0294,0.0016,-0.3064,35.7,-1.2,0.0
3020801,2026-09-11_09-13-58.802-240,v5.1.3,3.43,12.0,3200,17706,19939,56161,9572,17065,58495,14439.77,15281.15,45600.77,15368.87,15111.90,45428.14,0.00,0.00,0.00,929.10,-169.25,-172.63,960.04,960.04,1.075,-0.107,0.627,-3.734,2.734,4.391,10893,159.9,0,-0.9510,-0.0202,0.0001,-0.3086,35.9,-0.7,0.0
3020906,2026-09-11_09-13-58.907-240,v5.1.3,3.43,12.0,3200,17713,19866,56137,9606,17055,58488,14446.05,15221.24,45581.86,15396.16,15103.99,45418.00,0.00,0.00,0.00,950.11,-117.26,-163.86,971.24,971.24,0.997,0.106,0.550,-3.141,-0.781,1.016,10881,161.3,0,-0.9504,-0.0250,-0.0005,-0.3099,36.1,-0.8,0.0
3021011,2026-09-11_09-13-58.012-240,v5.1.3,3.43,12.0,3200,17745,20049,56112,9583,17246,58448,14471.28,15372.46,45559.92,15366.60,15258.65,45386.59,0.00,0.00,0.00,895.31,-113.81,-173.32,919.01,919.01,0.983,0.084,0.516,-4.891,-0.625,0.250,10879,154.7,0,-0.9505,-0.0291,0.0013,-0.3095,36.0,-1.2,0.0
3021116,2026-09-11_09-13-59.117-240,v5.1.3,3.43,12.0,3200,17747,20164,56103,9634,17326,58457,14472.16,15467.54,45551.60,15407.71,15324.78,45385.86,0.00,0.00,0.00,935.54,-142.76,-165.74,960.78,960.78,1.007,0.032,0.566,-4.438,-0.984,0.406,10879,160.0,0,-0.9507,-0.0238,0.0015,-0.3093,36.0,-1.0,0.0
3021222,2026-09-11_09-13-59.222-240,v5.1.3,3.43,12.0,3200,17745,20118,56168,9604,17323,58530,14470.82,15428.42,45604.94,15393.21,15323.69,45448.65,0.00,0.00,0.00,922.39,-104.73,-156.29,941.38,941.38,1.004,0.050,0.536,-4.078,-0.500,-0.516,10883,157.5,0,-0.9505,-0.0264,0.0047,-0.3095,36.0,-1.4,0.0
3021327,2026-09-11_09-13-59.327-240,v5.1.3,3.43,12.0,3200,17719,20141,56163,9580,17315,58495,14449.17,15447.76,45600.66,15368.81,15316.04,45423.90,0.00,0.00,0.00,919.64,-131.72,-176.76,945.69,945.69,1.005,0.057,0.543,-4.328,-1.000,-0.047,10883,158.1,0,-0.9505,-0.0284,0.0057,-0.3094,36.0,-1.6,0.0
3021432,2026-09-11_09-13-59.432-240,v5.1.3,3.43,12.0,3200,17709,20099,56154,9614,17308,58472,14441.18,15413.34,45593.70,15393.80,15310.20,45400.87,0.00,0.00,0.00,952.62,-103.14,-192.83,977.40,977.40,1.005,0.044,0.548,-4.297,-0.969,0.562,10883,162.1,0,-0.9506,-0.0241,0.0058,-0.3093,36.0,-1.5,0.0
3021537,2026-09-11_09-13-59.538-240,v5.1.3,3.43,12.0,3200,17699,20102,56150,9591,17293,58440,14432.89,15415.99,45590.41,15370.82,15296.92,45378.48,0.00,0.00,0.00,937.93,-119.07,-211.93,968.92,968.92,1.004,0.052,0.538,-3.891,-1.312,-0.250,10885,161.0,0,-0.9504,-0.0272,0.0077,-0.3097,36.0,-1.8,0.0
3021642,2026-09-11_09-13-59.643-240,v5.1.3,3.43,12.0,3200,17656,20095,56126,9515,17295,58439,14397.38,15411.08,45570.92,15308.06,15297.60,45388.02,0.00,0.00,0.00,910.68,-113.48,-182.90,935.77,935.77,1.008,0.051,0.543,-4.312,-0.938,0.203,10883,156.8,0,-0.9506,-0.0256,0.0072,-0.3094,36.0,-1.7,0.0
3021747,2026-09-11_09-13-59.748-240,v5.1.3,3.43,12.0,3200,17653,20186,56109,9522,17412,58441,14394.28,15486.54,45556.29,15310.99,15393.23,45387.20,0.00,0.00,0.00,916.70,-93.31,-169.09,936.82,936.82,1.007,0.049,0.546,-4.250,-0.953,0.219,10879,157.0,0,-0.9506,-0.0250,0.0064,-0.3094,36.0,-1.6,0.0
3021853,2026-09-11_09-13-59.853-240,v5.1.3,3.43,12.0,3200,17664,20129,56096,9574,17313,58395,14403.76,15439.60,45546.19,15350.05,15311.98,45344.39,0.00,0.00,0.00,946.29,-127.63,-201.80,975.95,975.95,1.003,0.051,0.541,-3.672,-0.828,0.344,10879,161.9,0,-0.9503,-0.0263,0.0069,-0.3100,36.1,-1.7,0.0
3021958,2026-09-11_09-13-59.958-240,v5.1.3,3.43,12.0,3200,17689,20079,56176,9546,17297,58479,14424.78,15396.64,45611.79,15339.07,15300.55,45415.91,0.00,0.00,0.00,914.30,-96.08,-195.88,939.97,939.97,0.979,0.068,0.546,-3.391,-0.609,-0.203,10878,157.4,0,-0.9502,-0.0291,0.0025,-0.3103,36.1,-1.3,0.0
3022063,2026-09-11_09-14-00.064-240,v5.1.3,3.43,12.0,3200,17676,20049,56157,9540,17234,58453,14414.23,15372.34,45596.57,15332.20,15248.45,45396.63,0.00,0.00,0.00,917.98,-123.89,-199.93,947.63,947.63,1.010,0.069,0.539,-4.953,-0.766,-0.031,10882,158.3,0,-0.9504,-0.0317,0.0048,-0.3095,36.0,-1.6,0.0
3022178,2026-09-11_09-14-00.178-240,v5.1.3,3.43,12.0,3200,17804,20035,56099,9675,17183,58359,14520.16,15360.54,45549.45,15431.68,15206.26,45303.31,0.00,0.00,0.00,911.51,-154.28,-246.14,956.68,956.68,1.006,0.036,0.539,-3.641,-0.531,0.016,10884,159.5,0,-0.9504,-0.0269,0.0063,-0.3097,36.1,-1.6,0.0
3022283,2026-09-11_09-14-00.283-240,v5.1.3,3.43,12.0,3200,17891,20041,56098,9738,17050,58334,14592.07,15364.64,45548.59,15483.62,15097.90,45276.30,0.00,0.00,0.00,891.55,-266.75,-272.29,969.62,969.62,1.008,0.070,0.543,-4.078,-1.000,-0.062,10884,161.1,0,-0.9503,-0.0311,0.0056,-0.3097,36.0,-1.7,0.0
3022388,2026-09-11_09-14-00.389-240,v5.1.3,3.43,12.0,3200,17809,20017,56061,9716,16862,58329,14524.42,15346.32,45518.66,15469.81,14944.07,45277.65,0.00,0.00,0.00,945.39,-402.25,-241.00,1055.30,1055.30,1.006,0.044,0.550,-4.375,-1.172,0.406,10883,172.1,0,-0.9506,-0.0263,0.0055,-0.3094,36.0,-1.5,0.0
3022494,2026-09-11_09-14-00.494-240,v5.1.3,3.43,12.0,3200,17804,19920,56130,9651,16633,58337,14520.94,15265.04,45575.69,15423.49,14756.55,45295.84,0.00,0.00,0.00,902.55,-508.48,-279.86,1073.07,1073.07,1.003,0.022,0.546,-4.203,-1.109,-1.172,10886,174.3,0,-0.9508,-0.0227,0.0068,-0.3090,36.0,-1.5,0.0
3022599,2026-09-11_09-14-00.600-240,v5.1.3,3.43,12.0,3200,17697,19872,56067,9554,16437,58223,14432.77,15227.62,45524.78,15333.02,14592.71,45219.93,0.00,0.00,0.00,900.25,-634.91,-304.85,1143.02,1143.02,1.002,0.075,0.546,-4.125,-0.562,0.484,10869,183.3,0,-0.9506,-0.0270,0.0052,-0.3093,36.0,-1.5,0.0
3022705,2026-09-11_09-14-00.706-240,v5.1.3,3.43,12.0,3200,17703,19846,55997,9603,16312,58092,14437.90,15207.35,45467.99,15358.52,14488.20,45109.55,0.00,0.00,0.00,920.62,-719.15,-358.44,1221.97,1221.97,1.019,0.040,0.534,-4.828,-1.172,-0.469,10869,193.3,0,-0.9508,-0.0258,0.0095,-0.3087,35.9,-1.9,0.0
3022810,2026-09-11_09-14-00.811-240,v5.1.3,3.43,12.0,3200,17710,19873,55928,9555,16322,58019,14443.50,15230.81,45411.55,15308.61,14494.05,45057.31,0.00,0.00,0.00,865.11,-736.76,-354.24,1190.26,1190.26,1.038,0.015,0.546,-3.531,-1.344,-0.812,10883,189.3,0,-0.9508,-0.0228,0.0120,-0.3089,36.0,-2.1,0.0
3022916,2026-09-11_09-14-00.916-240,v5.1.3,3.43,12.0,3200,17712,19923,55884,9609,16352,57941,14444.82,15272.86,45375.28,15341.46,14517.36,44986.89,0.00,0.00,0.00,896.64,-755.50,-388.39,1235.15,1235.15,1.002,0.051,0.548,-4.297,-1.453,0.422,10885,195.0,0,-0.9507,-0.0245,0.0089,-0.3091,36.0,-1.8,0.0
3023021,2026-09-11_09-14-01.022-240,v5.1.3,3.43,12.0,3200,17735,19919,55947,9615,16379,58054,14463.87,15268.19,45426.63,15361.35,14542.13,45076.54,0.00,0.00,0.00,897.48,-726.06,-350.10,1206.32,1206.32,1.020,0.040,0.534,-4.812,-1.094,-0.250,10884,191.3,0,-0.9507,-0.0246,0.0125,-0.3088,35.9,-2.2,0.0
3023127,2026-09-11_09-14-01.127-240,v5.1.3,3.43,12.0,3200,17734,19893,56033,9572,16323,58177,14463.22,15245.19,45496.91,15344.50,14498.80,45181.94,0.00,0.00,0.00,881.27,-746.39,-314.97,1197.06,1197.06,0.999,0.010,0.524,-4.469,-2.172,0.453,10884,190.2,0,-0.9508,-0.0201,0.0156,-0.3088,36.0,-2.4,0.0
3023232,2026-09-11_09-14-01.232-240,v5.1.3,3.43,12.0,3200,17740,19875,56101,9644,16312,58231,14468.31,15229.05,45552.45,15411.56,14491.98,45215.65,0.00,0.00,0.00,943.25,-737.07,-336.80,1243.56,1243.56,1.010,0.063,0.578,-3.469,-0.484,0.250,10882,196.1,0,-0.9506,-0.0222,0.0104,-0.3094,36.0,-1.9,0.0
3023337,2026-09-11_09-14-01.338-240,v5.1.3,3.43,12.0,3200,17699,19899,55990,9636,16279,58095,14434.24,15251.27,45461.83,15386.99,14461.74,45107.87,0.00,0.00,0.00,952.75,-789.53,-353.96,1287.01,1287.01,1.017,0.052,0.524,-4.500,-1.062,0.609,10880,201.6,0,-0.9504,-0.0254,0.0131,-0.3096,36.0,-2.3,0.0
3023442,2026-09-11_09-14-01.443-240,v5.1.3,3.43,12.0,3200,17689,19865,56114,9609,16303,58167,14426.21,15221.07,45563.12,15374.10,14482.70,45169.11,0.00,0.00,0.00,947.90,-738.38,-394.02,1264.50,1264.50,0.999,0.026,0.541,-4.141,-1.062,0.594,10880,198.8,0,-0.9505,-0.0208,0.0118,-0.3098,36.1,-2.0,0.0
3023547,2026-09-11_09-14-01.548-240,v5.1.3,3.43,12.0,3200,17628,19907,56106,9581,16322,58177,14375.48,15256.50,45556.24,15351.93,14498.09,45180.73,0.00,0.00,0.00,976.45,-758.41,-375.52,1292.15,1292.15,1.002,0.059,0.552,-3.688,-0.969,0.312,10885,202.3,0,-0.9503,-0.0241,0.0083,-0.3103,36.1,-1.8,0.0
3023662,2026-09-11_09-14-01.663-240,v5.1.3,3.43,12.0,3200,17743,19815,56161,9601,16235,58214,14471.20,15178.41,45601.84,15375.84,14428.20,45208.83,0.00,0.00,0.00,904.65,-750.20,-393.01,1239.21,1239.21,1.003,0.046,0.549,-4.109,-0.969,0.297,10888,195.5,0,-0.9501,-0.0242,0.0057,-0.3109,36.2,-1.5,0.0
3023768,2026-09-11_09-14-01.768-240,v5.1.3,3.43,12.0,3200,17687,19842,56071,9563,16266,58150,14424.70,15202.88,45528.30,15334.86,14451.53,45162.19,0.00,0.00,0.00,910.16,-751.35,-366.11,1235.69,1235.69,1.006,0.048,0.544,-4.000,-0.828,0.203,10880,195.1,0,-0.9499,-0.0256,0.0069,-0.3115,36.3,-1.7,0.0
3023873,2026-09-11_09-14-01.873-240,v5.1.3,3.43,12.0,3200,17653,19824,56073,9539,16253,58082,14396.71,15188.32,45530.08,15306.01,14439.03,45110.99,0.00,0.00,0.00,909.30,-749.30,-419.09,1250.57,1250.57,1.008,0.056,0.544,-4.172,-0.938,0.391,10880,197.0,0,-0.9498,-0.0278,0.0066,-0.3117,36.3,-1.7,0.0
3023978,2026-09-11_09-14-01.979-240,v5.1.3,3.43,12.0,3200,17640,19699,56060,9502,16142,58056,14386.79,15085.49,45520.56,15274.89,14347.36,45096.54,0.00,0.00,0.00,888.10,-738.12,-424.02,1230.18,1230.18,1.005,0.048,0.547,-4.266,-1.109,0.281,10881,194.4,0,-0.9499,-0.0248,0.0059,-0.3116,36.3,-1.5,0.0
3024083,2026-09-11_09-14-02.084-240,v5.1.3,3.43,12.0,3200,17628,19896,56001,9548,16375,57987,14375.54,15249.31,45470.81,15297.00,14536.47,45031.89,0.00,0.00,0.00,921.46,-712.84,-438.92,1244.94,1244.94,1.006,0.049,0.543,-3.641,-0.953,0.297,10872,196.3,0,-0.9496,-0.0258,0.0069,-0.3123,36.4,-1.7,0.0
3024188,2026-09-11_09-14-02.189-240,v5.1.3,3.43,12.0,3200,17664,20002,56009,9545,16494,57946,14404.60,15336.32,45476.42,15285.68,14632.59,44997.85,0.00,0.00,0.00,881.08,-703.73,-478.57,1224.97,1224.97,1.008,0.050,0.542,-4.125,-0.859,-0.266,10877,193.7,0,-0.9496,-0.0261,0.0074,-0.3122,36.4,-1.7,0.0
3024293,2026-09-11_09-14-02.294-240,v5.1.3,3.43,12.0,3200,17671,19969,56010,9600,16438,57951,14410.61,15308.98,45477.52,15333.15,14587.68,44995.07,0.00,0.00,0.00,922.53,-721.31,-482.45,1266.53,1266.53,1.007,0.053,0.545,-3.734,-1.109,-0.219,10877,199.0,0,-0.9496,-0.0272,0.0062,-0.3122,36.4,-1.6,0.0
3024399,2026-09-11_09-14-02.399-240,v5.1.3,3.44,12.0,3200,17676,20042,55977,9589,16545,57941,14414.26,15369.80,45450.01,15319.86,14674.64,44987.19,0.00,0.00,0.00,905.60,-695.16,-462.82,1231.89,1231.89,1.006,0.046,0.544,-4.188,-1.203,0.016,10878,194.6,0,-0.9497,-0.0244,0.0068,-0.3120,36.3,-1.6,0.0
3024504,2026-09-11_09-14-02.504-240,v5.1.3,3.44,12.0,3200,17686,20023,56025,9576,16473,57948,14422.66,15353.15,45489.27,15312.04,14615.88,44995.49,0.00,0.00,0.00,889.38,-737.27,-493.78,1256.34,1256.34,1.009,0.053,0.542,-3.875,-0.734,0.469,10878,197.7,0,-0.9495,-0.0265,0.0071,-0.3125,36.4,-1.7,0.0
3024609,2026-09-11_09-14-02.610-240,v5.1.3,3.44,12.0,3200,17665,20010,56022,9544,16457,57934,14405.38,15342.68,45486.94,15284.18,14602.10,44988.81,0.00,0.00,0.00,878.80,-740.58,-498.12,1252.55,1252.55,1.006,0.049,0.541,-3.875,-0.984,-0.094,10885,197.2,0,-0.9496,-0.0255,0.0076,-0.3125,36.4,-1.7,0.0
3024714,2026-09-11_09-14-02.715-240,v5.1.3,3.44,12.0,3200,17594,19997,56012,9477,16430,57939,14346.75,15332.84,45478.90,15230.42,14579.36,45002.31,0.00,0.00,0.00,883.67,-753.48,-476.59,1255.28,1255.28,1.012,0.051,0.547,-4.203,-1.047,0.375,10885,197.6,0,-0.9496,-0.0252,0.0069,-0.3124,36.4,-1.7,0.0
3024820,2026-09-11_09-14-02.820-240,v5.1.3,3.44,12.0,3200,17548,19970,55999,9465,16447,57909,14308.89,15311.24,45468.54,15215.93,14592.38,44979.63,0.00,0.00,0.00,907.04,-718.86,-488.91,1256.39,1256.39,1.001,0.039,0.541,-3.766,-1.406,0.188,10872,197.7,0,-0.9496,-0.0224,0.0081,-0.3127,36.4,-1.7,0.0
3024925,2026-09-11_09-14-02.925-240,v5.1.3,3.44,12.0,3200,17561,20029,55979,9456,16379,57924,14319.25,15360.18,45451.74,15212.41,14537.12,44993.77,0.00,0.00,0.00,893.16,-823.05,-457.98,1298.04,1298.04,1.007,0.061,0.543,-4.094,-0.719,0.484,10874,203.0,0,-0.9494,-0.0262,0.0069,-0.3129,36.4,-1.7,0.0
3025030,2026-09-11_09-14-03.031-240,v5.1.3,3.44,12.0,3200,17642,19946,55943,9496,16023,57853,14386.78,15291.49,45423.14,15244.96,14245.38,44935.73,0.00,0.00,0.00,858.18,-1046.11,-487.40,1438.19,1438.19,1.006,0.051,0.544,-4.156,-0.922,0.203,10874,220.9,0,-0.9494,-0.0255,0.0065,-0.3128,36.4,-1.6,0.0
3025145,2026-09-11_09-14-03.146-240,v5.1.3,3.44,12.0,3200,17757,19804,55930,9657,15401,57852,14482.83,15173.34,45413.78,15393.92,13739.67,44920.79,0.00,0.00,0.00,911.09,-1433.67,-492.99,1768.77,1768.77,1.005,0.053,0.543,-3.828,-0.688,-0.016,10884,263.1,0,-0.9492,-0.0274,0.0064,-0.3133,36.5,-1.7,0.0
3025251,2026-09-11_09-14-03.251-240,v5.1.3,3.44,12.0,3200,17749,19724,55911,9608,14821,57766,14476.75,15107.71,45398.99,15357.07,13263.66,44865.66,0.00,0.00,0.00,880.32,-1844.05,-533.32,2111.86,2111.86,0.996,0.052,0.555,-3.688,-0.422,0.984,10883,306.8,0,-0.9491,-0.0252,0.0024,-0.3139,36.6,-1.2,0.0
3025356,2026-09-11_09-14-03.356-240,v5.1.3,3.44,12.0,3200,17809,19702,55914,9650,14418,57722,14526.51,15088.89,45401.62,15396.27,12934.22,44829.65,0.00,0.00,0.00,869.75,-2154.67,-571.97,2392.96,2392.96,1.072,0.162,0.413,-0.969,-1.391,-1.172,10881,342.7,0,-0.9483,-0.0320,0.0052,-0.3157,36.8,-1.7,0.0
3025461,2026-09-11_09-14-03.462-240,v5.1.3,3.44,12.0,3200,17795,19681,55910,9626,14188,57741,14515.08,15071.77,45398.54,15385.26,12746.65,44851.09,0.00,0.00,0.00,870.18,-2325.12,-547.46,2542.26,2542.26,0.943,0.083,0.592,-6.547,-2.266,1.109,10881,361.8,0,-0.9490,-0.0300,0.0017,-0.3139,36.6,-1.3,0.0
3025566,2026-09-11_09-14-03.567-240,v5.1.3,3.44,12.0,3200,17748,19586,55886,9540,13900,57633,14476.84,14994.24,45379.81,15307.13,12507.99,44779.66,0.00,0.00,0.00,830.28,-2486.24,-600.15,2689.04,2689.04,0.989,-0.029,0.592,-3.516,0.312,-0.391,10887,380.5,0,-0.9491,-0.0252,-0.0003,-0.3141,36.6,-0.9,0.0
3025673,2026-09-11_09-14-03.673-240,v5.1.3,3.44,12.0,3200,17666,19536,55853,9499,13639,57541,14409.37,14954.37,45353.35,15267.55,12292.30,44714.61,0.00,0.00,0.00,858.18,-2662.07,-638.74,2868.99,2868.99,1.029,0.124,0.431,-1.312,0.406,0.828,10870,403.4,0,-0.9481,-0.0295,0.0018,-0.3165,36.9,-1.3,0.0
3025778,2026-09-11_09-14-03.779-240,v5.1.3,3.44,12.0,3200,17682,19568,55778,9520,13450,57515,14422.38,14981.98,45291.99,15286.26,12137.69,44693.23,0.00,0.00,0.00,863.88,-2844.29,-598.75,3032.29,3032.29,0.995,0.058,0.574,-5.922,-2.188,1.359,10878,424.3,0,-0.9486,-0.0257,-0.0006,-0.3154,36.8,-0.9,0.0
3025883,2026-09-11_09-14-03.884-240,v5.1.3,3.44,12.0,3200,17668,19546,55757,9442,13339,57450,14410.95,14964.33,45275.07,15215.97,12044.61,44653.04,0.00,0.00,0.00,805.03,-2919.73,-622.03,3091.89,3091.89,1.010,0.077,0.534,-2.531,-3.781,-0.156,10878,431.9,0,-0.9480,-0.0316,0.0040,-0.3166,36.9,-1.6,0.0
3025989,2026-09-11_09-14-03.989-240,v5.1.3,3.44,12.0,3200,17708,19602,55784,9513,13269,57368,14443.65,15009.68,45296.59,15264.92,11986.41,44578.34,0.00,0.00,0.00,821.27,-3023.27,-718.24,3214.11,3214.11,0.990,0.081,0.517,-4.859,-1.578,0.438,10876,447.5,0,-0.9482,-0.0352,0.0067,-0.3157,36.8,-2.0,0.0
3026094,2026-09-11_09-14-04.095-240,v5.1.3,3.44,12.0,3200,17666,19549,55774,9458,13220,57292,14409.27,14966.52,45288.89,15210.40,11943.95,44525.39,0.00,0.00,0.00,801.12,-3022.57,-763.50,3218.80,3218.80,0.961,0.067,0.557,-6.031,-1.109,0.125,10885,448.1,0,-0.9490,-0.0320,0.0025,-0.3137,36.5,-1.4,0.0
3026199,2026-09-11_09-14-04.200-240,v5.1.3,3.44,12.0,3200,17657,19506,55823,9462,13191,57326,14402.12,14930.23,45329.18,15219.18,11921.13,44552.54,0.00,0.00,0.00,817.06,-3009.10,-776.64,3213.32,3213.32,0.972,0.019,0.568,-5.188,2.125,0.453,10876,447.4,0,-0.9494,-0.0255,-0.0014,-0.3130,36.5,-0.8,0.0
3026305,2026-09-11_09-14-04.305-240,v5.1.3,3.44,12.0,3200,17647,19562,55799,9491,13238,57275,14393.48,14977.00,45309.14,15234.73,11958.65,44507.00,0.00,0.00,0.00,841.26,-3018.35,-802.14,3234.44,3234.44,1.039,0.049,0.465,-3.703,-1.406,-0.391,10876,450.0,0,-0.9493,-0.0277,0.0037,-0.3131,36.5,-1.4,0.0
3026410,2026-09-11_09-14-04.411-240,v5.1.3,3.44,12.0,3200,17656,19591,55884,9493,13286,57331,14400.73,14999.32,45378.13,15242.87,11999.17,44551.12,0.00,0.00,0.00,842.14,-3000.15,-827.01,3223.98,3223.98,0.988,0.053,0.587,-4.562,-2.016,0.766,10873,448.7,0,-0.9494,-0.0255,0.0002,-0.3129,36.5,-0.9,0.0
3026525,2026-09-11_09-14-04.526-240,v5.1.3,3.44,12.0,3200,17657,19462,55866,9491,13124,57298,14402.42,14893.13,45364.58,15240.95,11866.14,44526.92,0.00,0.00,0.00,838.53,-3026.99,-837.66,3250.77,3250.77,0.994,0.053,0.574,-4.406,-1.125,-0.172,10871,452.1,0,-0.9494,-0.0248,-0.0039,-0.3129,36.5,-0.5,0.0
3026630,2026-09-11_09-14-04.631-240,v5.1.3,3.44,12.0,3200,17639,19462,55818,9450,13170,57245,14387.53,14894.18,45325.48,15198.62,11901.94,44489.35,0.00,0.00,0.00,811.09,-2992.24,-836.13,3211.00,3211.00,1.008,0.054,0.549,-4.297,-0.281,0.406,10877,447.1,0,-0.9492,-0.0263,-0.0004,-0.3135,36.5,-0.9,0.0
3026735,2026-09-11_09-14-04.736-240,v5.1.3,3.44,12.0,3200,17644,19521,55836,9468,13186,57252,14391.27,14942.51,45339.63,15213.99,11915.38,44492.31,0.00,0.00,0.00,822.72,-3027.13,-847.32,3249.36,3249.36,1.013,0.046,0.533,-4.344,-1.375,-0.016,10877,452.0,0,-0.9492,-0.0267,0.0047,-0.3135,36.5,-1.5,0.0
3026841,2026-09-11_09-14-04.841-240,v5.1.3,3.44,12.0,3200,17668,19458,55788,9476,13094,57216,14411.54,14891.12,45301.08,15218.03,11839.54,44463.45,0.00,0.00,0.00,806.49,-3051.58,-837.62,3265.61,3265.61,1.002,0.056,0.551,-4.016,-0.703,0.547,10875,454.0,0,-0.9490,-0.0272,0.0029,-0.3140,36.6,-1.3,0.0
3026946,2026-09-11_09-14-04.946-240,v5.1.3,3.44,12.0,3200,17652,19488,55844,9426,13168,57264,14398.11,14915.04,45346.44,15181.55,11900.46,44507.91,0.00,0.00,0.00,783.44,-3014.59,-838.52,3225.62,3225.62,1.009,0.053,0.543,-4.141,-0.812,0.094,10880,448.9,0,-0.9489,-0.0277,0.0058,-0.3142,36.6,-1.6,0.0
3027051,2026-09-11_09-14-05.052-240,v5.1.3,3.44,12.0,3200,17663,19510,55821,9443,13152,57254,14407.06,14933.51,45327.51,15194.59,11887.37,44497.76,0.00,0.00,0.00,787.53,-3046.14,-829.75,3253.87,3253.87,1.007,0.049,0.534,-4.156,-1.125,0.484,10880,452.5,0,-0.9489,-0.0267,0.0093,-0.3145,36.6,-2.0,0.0
3027156,2026-09-11_09-14-05.157-240,v5.1.3,3.44,12.0,3200,17637,19550,55840,9448,13221,57237,14385.29,14966.46,45342.64,15194.51,11943.35,44482.55,0.00,0.00,0.00,809.22,-3023.11,-860.09,3245.58,3245.58,1.002,0.056,0.551,-3.719,-1.156,0.016,10882,451.5,0,-0.9488,-0.0270,0.0053,-0.3145,36.6,-1.6,0.0
3027261,2026-09-11_09-14-05.262-240,v5.1.3,3.44,12.0,3200,17623,19622,55814,9441,13253,57206,14373.23,15026.50,45320.84,15183.60,11968.65,44458.19,0.00,0.00,0.00,810.37,-3057.85,-862.66,3278.92,3278.92,1.005,0.051,0.543,-4.266,-0.625,0.219,10871,455.7,0,-0.9489,-0.0260,0.0061,-0.3145,36.6,-1.6,0.0
3027367,2026-09-11_09-14-05.367-240,v5.1.3,3.44,12.0,3200,17631,19675,55793,9426,13319,57201,14379.49,15070.56,45303.29,15168.80,12022.22,44455.39,0.00,0.00,0.00,789.31,-3048.34,-847.89,3261.03,3261.03,1.005,0.046,0.541,-3.891,-1.375,-0.016,10878,453.4,0,-0.9488,-0.0251,0.0079,-0.3147,36.7,-1.8,0.0
3027472,2026-09-11_09-14-05.472-240,v5.1.3,3.44,12.0,3200,17653,19662,55782,9474,13360,57150,14397.77,15059.80,45294.44,15200.16,12055.07,44407.34,0.00,0.00,0.00,802.39,-3004.74,-887.10,3234.07,3234.07,1.008,0.052,0.546,-3.906,-0.781,-0.125,10878,450.0,0,-0.9487,-0.0264,0.0061,-0.3149,36.7,-1.6,0.0
3027577,2026-09-11_09-14-05.578-240,v5.1.3,3.44,12.0,3200,17679,19677,55790,9510,13315,57118,14419.17,15071.78,45300.82,15226.56,12018.03,44377.28,0.00,0.00,0.00,807.39,-3053.76,-923.54,3290.93,3290.93,1.007,0.055,0.542,-3.953,-1.031,3.969,10880,457.3,0,-0.9482,-0.0248,0.0076,-0.3167,36.9,-1.7,0.0
3027683,2026-09-11_09-14-05.683-240,v5.1.3,3.44,12.0,3200,17651,19746,55800,9444,13093,57240,14395.55,15128.85,45308.38,15195.04,11838.90,44487.11,0.00,0.00,0.00,799.49,-3289.95,-821.26,3483.88,3483.88,1.009,0.049,0.544,-4.094,-1.219,0.016,10873,481.9,0,-0.9482,-0.0252,0.0075,-0.3166,36.9,-1.7,0.0
3028810,2026-09-11_09-14-06.811-240,v5.1.3,3.44,12.0,3200,17558,18753,55422,8524,-4344,56766,14325.26,14316.75,45009.00,14835.46,-2415.21,44451.21,0.00,0.00,0.00,510.19,-16731.97,-557.80,16749.03,16749.03,1.000,0.059,0.413,-3.812,-1.562,-0.656,10873,2174.0,0,-0.9452,-0.0600,0.0596,-0.3152,36.6,-8.7,0.0
3028915,2026-09-11_09-14-06.916-240,v5.1.3,3.44,12.0,3200,17527,18742,55418,8455,-4362,56753,14299.70,14308.06,45005.84,14777.32,-2431.05,44450.40,0.00,0.00,0.00,477.62,-16739.11,-555.44,16755.13,16755.13,0.990,0.045,0.617,-4.828,-2.094,1.141,10873,2174.8,0,-0.9459,-0.0562,0.0568,-0.3145,36.5,-8.2,0.0
3029030,2026-09-11_09-14-07.031-240,v5.1.3,3.44,12.0,3200,17588,18746,55426,8579,-4424,56754,14350.12,14310.60,45012.33,14881.20,-2480.11,44435.07,0.00,0.00,0.00,531.08,-16790.72,-577.26,16809.03,16809.03,0.994,0.050,0.584,-4.500,-1.312,0.672,10870,2181.7,0,-0.9466,-0.0524,0.0527,-0.3139,36.4,-7.6,0.0
3029136,2026-09-11_09-14-07.136-240,v5.1.3,3.44,12.0,3200,17584,18684,55476,8529,-4514,56782,14347.23,14258.56,45053.59,14846.31,-2553.52,44465.52,0.00,0.00,0.00,499.08,-16812.08,-588.07,16829.77,16829.77,1.011,0.056,0.544,-4.125,-0.359,0.391,10879,2184.3,0,-0.9471,-0.0489,0.0481,-0.3134,36.4,-7.0,0.0
3029241,2026-09-11_09-14-07.241-240,v5.1.3,3.44,12.0,3200,17534,18649,55479,8495,-4555,56777,14306.12,14230.11,45056.33,14818.71,-2587.52,44466.66,0.00,0.00,0.00,512.59,-16817.63,-589.67,16835.77,16835.77,1.013,0.047,0.531,-4.203,-1.094,0.531,10867,2185.1,0,-0.9477,-0.0452,0.0444,-0.3129,36.4,-6.5,0.0
3029347,2026-09-11_09-14-07.347-240,v5.1.3,3.44,12.0,3200,17535,18690,55476,8506,-4479,56751,14306.67,14264.00,45053.53,14822.14,-2525.97,44443.31,0.00,0.00,0.00,515.47,-16789.97,-610.22,16808.96,16808.96,1.004,0.042,0.553,-4.391,-0.969,0.266,10867,2181.7,0,-0.9482,-0.0418,0.0404,-0.3122,36.3,-5.9,0.0
3029452,2026-09-11_09-14-07.452-240,v5.1.3,3.44,12.0,3200,17616,18710,55450,8605,-4467,56728,14373.52,14280.17,45032.19,14900.15,-2515.50,44411.16,0.00,0.00,0.00,526.63,-16795.67,-621.02,16815.40,16815.40,1.006,0.054,0.545,-4.266,-0.953,0.219,10865,2182.5,0,-0.9487,-0.0390,0.0360,-0.3116,36.2,-5.3,0.0
3029557,2026-09-11_09-14-07.558-240,v5.1.3,3.44,12.0,3200,17550,18717,55459,8510,-4462,56740,14318.89,14286.45,45039.45,14823.46,-2512.30,44433.71,0.00,0.00,0.00,504.57,-16798.75,-605.75,16817.24,16817.24,1.008,0.044,0.535,-4.141,-0.906,0.500,10868,2182.7,0,-0.9491,-0.0355,0.0319,-0.3113,36.2,-4.7,0.0
3029662,2026-09-11_09-14-07.663-240,v5.1.3,3.44,12.0,3200,17544,18713,55510,8481,-4516,56786,14313.96,14282.29,45081.03,14807.40,-2555.65,44475.31,0.00,0.00,0.00,493.43,-16837.94,-605.72,16856.05,16856.05,1.006,0.045,0.546,-3.875,-1.172,0.328,10870,2187.7,0,-0.9494,-0.0329,0.0276,-0.3111,36.2,-4.2,0.0
3029768,2026-09-11_09-14-07.769-240,v5.1.3,3.44,12.0,3200,17528,18660,55429,8503,-4564,56687,14301.08,14240.15,45015.50,14813.06,-2596.89,44393.36,0.00,0.00,0.00,511.98,-16837.04,-622.15,16856.31,16856.31,1.003,0.046,0.545,-4.141,-1.094,0.453,10870,2187.7,0,-0.9497,-0.0302,0.0233,-0.3109,36.2,-3.6,0.0
3029874,2026-09-11_09-14-07.874-240,v5.1.3,3.44,12.0,3200,17445,18663,55426,8404,-4572,56697,14232.42,14243.51,45013.03,14733.15,-2604.40,44415.01,0.00,0.00,0.00,500.72,-16847.91,-598.02,16865.95,16865.95,1.008,0.045,0.540,-3.734,-0.844,0.031,10872,2189.0,0,-0.9498,-0.0282,0.0186,-0.3109,36.2,-3.0,0.0
3029980,2026-09-11_09-14-07.980-240,v5.1.3,3.44,12.0,3200,17451,18692,55405,8411,-4536,56695,14237.19,14267.77,44995.68,14737.67,-2574.98,44411.99,0.00,0.00,0.00,500.49,-16842.75,-583.69,16860.29,16860.29,1.005,0.052,0.545,-3.922,-1.031,0.172,10875,2188.2,0,-0.9499,-0.0277,0.0139,-0.3110,36.2,-2.5,0.0
3030085,2026-09-11_09-14-08.086-240,v5.1.3,3.44,12.0,3200,17467,18713,55382,8450,-4451,56645,14250.28,14285.36,44976.76,14760.59,-2506.30,44365.42,0.00,0.00,0.00,510.31,-16791.66,-611.34,16810.54,16810.54,1.005,0.048,0.545,-4.406,-0.875,0.906,10875,2181.9,0,-0.9499,-0.0258,0.0101,-0.3112,36.2,-2.0,0.0
3030190,2026-09-11_09-14-08.191-240,v5.1.3,3.44,12.0,3200,17525,18735,55391,8460,-4468,56694,14298.09,14302.78,44983.91,14776.07,-2518.90,44403.64,0.00,0.00,0.00,477.98,-16821.68,-580.26,16838.47,16838.47,1.006,0.051,0.539,-4.531,-1.062,0.109,10883,2185.4,0,-0.9498,-0.0277,0.0094,-0.3116,36.3,-2.0,0.0
3030296,2026-09-11_09-14-08.296-240,v5.1.3,3.44,12.0,3200,17461,18660,55351,8408,-4539,56697,14245.67,14242.22,44951.96,14735.56,-2577.41,44414.05,0.00,0.00,0.00,489.89,-16819.64,-537.92,16835.37,16835.37,1.000,0.044,0.545,-4.219,-1.312,0.562,10878,2185.0,0,-0.9497,-0.0250,0.0077,-0.3121,36.3,-1.7,0.0
3030411,2026-09-11_09-14-08.411-240,v5.1.3,3.44,12.0,3200,17500,18721,55521,8455,-4467,56823,14277.52,14289.14,45089.92,14789.82,-2515.10,44507.97,0.00,0.00,0.00,512.30,-16804.24,-581.95,16822.12,16822.12,1.004,0.047,0.545,-4.344,-1.234,0.281,10869,2183.4,0,-0.9494,-0.0263,0.0074,-0.3129,36.4,-1.8,0.0
3030516,2026-09-11_09-14-08.517-240,v5.1.3,3.44,12.0,3200,17504,18746,55509,8446,-4475,56800,14280.66,14309.95,45079.93,14779.43,-2522.29,44490.82,0.00,0.00,0.00,498.77,-16832.24,-589.11,16849.93,16849.93,1.005,0.049,0.544,-4.375,-0.969,-0.266,10869,2186.9,0,-0.9493,-0.0271,0.0069,-0.3132,36.5,-1.7,0.0
3030621,2026-09-11_09-14-08.622-240,v5.1.3,3.44,12.0,3200,17478,18630,55528,8412,-4582,56803,14259.94,14214.10,45096.40,14754.70,-2609.96,44499.21,0.00,0.00,0.00,494.76,-16824.06,-597.19,16841.93,16841.93,1.005,0.047,0.544,-3.766,-0.859,0.156,10876,2185.9,0,-0.9490,-0.0263,0.0071,-0.3141,36.6,-1.7,0.0
3030726,2026-09-11_09-14-08.727-240,v5.1.3,3.44,12.0,3200,17461,18584,55452,8362,-4618,56727,14246.18,14177.66,45034.89,14703.95,-2641.75,44445.42,0.00,0.00,0.00,457.76,-16819.41,-589.47,16835.96,16835.96,1.007,0.052,0.543,-4.375,-1.266,-0.422,10875,2185.1,0,-0.9489,-0.0283,0.0077,-0.3143,36.6,-1.9,0.0
3030831,2026-09-11_09-14-08.832-240,v5.1.3,3.44,12.0,3200,17451,18536,55514,8425,-4698,56779,14238.24,14137.02,45085.80,14765.16,-2705.04,44479.62,0.00,0.00,0.00,526.92,-16842.06,-606.19,16861.20,16861.20,1.002,0.049,0.545,-3.922,-0.969,0.344,10874,2188.3,0,-0.9487,-0.0265,0.0061,-0.3149,36.7,-1.6,0.0
3030937,2026-09-11_09-14-08.937-240,v5.1.3,3.44,12.0,3200,17464,18621,55470,8415,-4604,56728,14248.42,14207.86,45049.23,14747.35,-2629.65,44438.82,0.00,0.00,0.00,498.93,-16837.50,-610.42,16855.95,16855.95,1.009,0.048,0.542,-4.281,-1.141,0.203,10874,2187.7,0,-0.9485,-0.0268,0.0082,-0.3155,36.8,-1.9,0.0
3031042,2026-09-11_09-14-09.042-240,v5.1.3,3.44,12.0,3200,17498,18642,55429,8430,-4598,56712,14276.39,14225.59,45015.66,14757.32,-2624.94,44423.84,0.00,0.00,0.00,480.93,-16850.53,-591.82,16867.78,16867.78,1.008,0.047,0.541,-3.750,-1.281,0.125,10880,2189.2,0,-0.9483,-0.0264,0.0089,-0.3163,36.8,-1.9,0.0
3031147,2026-09-11_09-14-09.147-240,v5.1.3,3.44,12.0,3200,17531,18662,55402,8476,-4621,56669,14303.54,14242.25,44993.50,14789.85,-2644.17,44383.30,0.00,0.00,0.00,486.30,-16886.42,-610.20,16904.44,16904.44,1.007,0.046,0.545,-3.516,-0.953,-0.438,10885,2193.9,0,-0.9480,-0.0262,0.0072,-0.3170,36.9,-1.7,0.0
3031252,2026-09-11_09-14-09.253-240,v5.1.3,3.44,12.0,3200,17598,18703,55439,8514,-4718,56724,14358.68,14274.77,45023.29,14831.34,-2721.57,44423.53,0.00,0.00,0.00,472.66,-16996.34,-599.76,17013.49,17013.49,0.995,0.055,0.539,-3.953,-0.219,0.594,10872,2207.8,0,-0.9477,-0.0278,0.0057,-0.3178,37.0,-1.6,0.0
3037420,2026-09-11_09-14-15.421-240,v5.1.3,3.46,12.0,3200,17492,18710,55350,8452,-4868,56579,14270.97,14283.21,44950.73,14764.17,-2848.18,44317.36,0.00,0.00,0.00,493.20,-17131.39,-633.37,17150.19,17150.19,0.942,0.093,0.659,-2.734,-5.969,0.141,10870,2225.2,0,-0.9230,-0.1357,-0.0539,-0.3561,42.2,0.2,0.0
3037526,2026-09-11_09-14-15.526-240,v5.1.3,3.46,12.0,3200,17431,18701,55387,8416,-4880,56568,14220.59,14275.73,44980.94,14733.32,-2858.67,44313.58,0.00,0.00,0.00,512.74,-17134.40,-667.36,17155.05,17155.05,0.959,0.046,0.626,-5.312,2.906,0.875,10879,2225.8,0,-0.9240,-0.1284,-0.0563,-0.3556,42.2,0.7,0.0
3037631,2026-09-11_09-14-15.631-240,v5.1.3,3.46,12.0,3200,17405,18734,55384,8399,-4786,56589,14198.86,14303.29,44978.21,14719.74,-2781.66,44331.59,0.00,0.00,0.00,520.88,-17084.95,-646.61,17105.11,17105.11,1.050,0.020,0.416,-3.719,-1.422,-0.297,10880,2219.5,0,-0.9247,-0.1253,-0.0527,-0.3557,42.1,0.5,0.0
3037736,2026-09-11_09-14-15.737-240,v5.1.3,3.46,12.0,3200,17272,18831,55394,8232,-4646,56589,14088.23,14384.52,44985.51,14578.52,-2669.45,44352.62,0.00,0.00,0.00,490.28,-17053.97,-632.89,17072.75,17072.75,0.984,0.063,0.612,-4.797,-2.109,0.406,10880,2215.3,0,-0.9258,-0.1203,-0.0507,-0.3548,42.0,0.5,0.0
3037841,2026-09-11_09-14-15.842-240,v5.1.3,3.46,12.0,3200,17412,18717,55381,8420,-4752,56630,14204.77,14289.23,44975.91,14741.81,-2752.69,44361.25,0.00,0.00,0.00,537.04,-17041.92,-614.66,17061.46,17061.46,1.003,0.043,0.557,-4.094,0.453,0.078,10881,2213.9,0,-0.9265,-0.1152,-0.0502,-0.3547,42.0,0.7,0.0
3037957,2026-09-11_09-14-15.958-240,v5.1.3,3.46,12.0,3200,17500,18676,55440,8495,-4852,56574,14277.82,14253.44,45024.33,14798.46,-2834.71,44307.27,0.00,0.00,0.00,520.64,-17088.15,-717.06,17111.11,17111.11,0.998,0.055,0.570,-3.672,-0.109,0.156,10873,2220.2,0,-0.9272,-0.1098,-0.0494,-0.3548,42.0,0.8,0.0
3038063,2026-09-11_09-14-16.064-240,v5.1.3,3.46,12.0,3200,17404,18714,55367,8392,-4850,56476,14198.17,14287.09,44964.54,14700.01,-2836.65,44242.55,0.00,0.00,0.00,501.83,-17123.74,-721.98,17146.29,17146.29,1.017,0.044,0.509,-4.578,-0.766,0.766,10879,2224.7,0,-0.9280,-0.1047,-0.0467,-0.3546,41.9,0.7,0.0
3038168,2026-09-11_09-14-16.169-240,v5.1.3,3.46,12.0,3200,17423,18732,55311,8391,-4805,56457,14213.76,14302.77,44918.76,14695.35,-2800.38,44226.85,0.00,0.00,0.00,481.59,-17103.15,-691.91,17123.91,17123.91,1.003,0.046,0.552,-3.750,-1.266,0.328,10879,2221.9,0,-0.9286,-0.1001,-0.0445,-0.3546,41.9,0.7,0.0
3038274,2026-09-11_09-14-16.275-240,v5.1.3,3.46,12.0,3200,17463,18782,55252,8461,-4771,56399,14246.49,14344.71,44870.28,14744.04,-2773.14,44170.27,0.00,0.00,0.00,497.54,-17117.85,-700.01,17139.38,17139.38,1.003,0.053,0.557,-4.109,-0.594,0.031,10880,2223.8,0,-0.9293,-0.0953,-0.0430,-0.3543,41.8,0.7,0.0
3038380,2026-09-11_09-14-16.380-240,v5.1.3,3.46,12.0,3200,17457,18686,55336,8448,-4718,56566,14242.18,14264.00,44939.52,14755.09,-2726.11,44305.57,0.00,0.00,0.00,512.90,-16990.10,-633.95,17009.66,17009.66,1.009,0.042,0.529,-4.156,-1.016,-0.078,10879,2207.3,0,-0.9300,-0.0909,-0.0406,-0.3539,41.7,0.6,0.0
3038485,2026-09-11_09-14-16.485-240,v5.1.3,3.46,12.0,3200,17423,18677,55358,8432,-4543,56605,14214.13,14256.51,44957.52,14742.67,-2582.55,44336.89,0.00,0.00,0.00,528.54,-16839.06,-620.63,16858.79,16858.79,1.005,0.051,0.544,-3.594,-1.188,-0.703,10885,2188.0,0,-0.9306,-0.0872,-0.0386,-0.3535,41.7,0.6,0.0
3038590,2026-09-11_09-14-16.591-240,v5.1.3,3.46,12.0,3200,17483,18739,55328,8498,-4258,56736,14263.33,14307.64,44932.55,14807.60,-2346.05,44429.56,0.00,0.00,0.00,544.27,-16653.68,-502.99,16670.16,16670.16,1.004,0.048,0.541,-4.156,-0.688,-0.125,10885,2164.0,0,-0.9312,-0.0827,-0.0368,-0.3531,41.6,0.6,0.0
3039514,2026-09-11_09-14-17.514-240,v5.1.3,3.44,12.0,3200,17575,19466,55801,9335,12119,57355,14334.58,14898.43,45311.59,15147.14,11045.32,44606.66,0.00,0.00,0.00,812.56,-3853.11,-704.93,4000.45,4000.45,1.006,0.057,0.527,-3.000,-0.625,0.344,10879,547.8,0,-0.9325,-0.0455,-0.0173,-0.3578,42.0,-0.0,0.0
3039619,2026-09-11_09-14-17.619-240,v5.1.3,3.44,12.0,3200,17557,19462,55881,9341,12525,57373,14319.73,14893.87,45376.79,15143.78,11377.18,44615.19,0.00,0.00,0.00,824.05,-3516.68,-761.60,3691.36,3691.36,1.002,0.041,0.581,-4.641,-0.953,0.375,10876,508.3,0,-0.9331,-0.0400,-0.0163,-0.3569,41.9,0.1,0.0
3039724,2026-09-11_09-14-17.725-240,v5.1.3,3.44,12.0,3200,17571,19497,55901,9400,12700,57411,14331.07,14922.26,45392.79,15192.98,11521.63,44635.48,0.00,0.00,0.00,861.90,-3400.63,-757.31,3588.96,3588.96,1.017,0.038,0.521,-3.656,0.125,0.031,10876,495.3,0,-0.9334,-0.0367,-0.0133,-0.3568,41.8,-0.1,0.0
3039829,2026-09-11_09-14-17.830-240,v5.1.3,3.44,12.0,3200,17599,19578,55951,9422,12902,57444,14353.69,14987.96,45432.82,15210.29,11687.55,44656.45,0.00,0.00,0.00,856.61,-3300.41,-776.37,3497.03,3497.03,1.011,0.046,0.524,-4.141,-1.922,0.266,10876,483.5,0,-0.9337,-0.0338,-0.0083,-0.3563,41.8,-0.5,0.0
3039935,2026-09-11_09-14-17.935-240,v5.1.3,3.44,12.0,3200,17612,19573,55894,9452,13051,57356,14364.47,14984.72,45386.43,15218.83,11807.45,44579.77,0.00,0.00,0.00,854.36,-3177.27,-806.66,3387.58,3387.58,0.998,0.057,0.576,-4.031,-0.703,-0.188,10873,469.6,0,-0.9343,-0.0290,-0.0095,-0.3552,41.6,-0.2,0.0
3040040,2026-09-11_09-14-18.041-240,v5.1.3,3.44,12.0,3200,17575,19547,55890,9439,13142,57348,14334.04,14963.70,45383.39,15204.60,11881.38,44573.96,0.00,0.00,0.00,870.55,-3082.32,-809.43,3303.60,3303.60,1.012,0.049,0.535,-4.094,-0.312,0.219,10873,458.9,0,-0.9346,-0.0266,-0.0054,-0.3547,41.5,-0.5,0.0
3040155,2026-09-11_09-14-18.155-240,v5.1.3,3.44,12.0,3200,17657,19523,55830,9497,13227,57182,14402.01,14944.14,45334.73,15227.07,11947.55,44431.59,0.00,0.00,0.00,825.06,-2996.59,-903.14,3236.66,3236.66,0.989,0.040,0.548,-4.453,-0.141,0.781,10870,450.3,0,-0.9351,-0.0208,-0.0037,-0.3538,41.4,-0.4,0.0
3040260,2026-09-11_09-14-18.261-240,v5.1.3,3.44,12.0,3200,17594,19461,55800,9482,13163,57125,14350.32,14894.13,45310.82,15208.51,11893.79,44388.64,0.00,0.00,0.00,858.19,-3000.34,-922.18,3254.06,3254.06,0.975,0.036,0.443,-5.016,-1.078,-0.672,10876,452.6,0,-0.9355,-0.0221,0.0014,-0.3526,41.3,-1.0,0.0
3040365,2026-09-11_09-14-18.366-240,v5.1.3,3.44,12.0,3200,17604,19627,55813,9499,13322,57144,14357.48,15030.84,45319.98,15220.92,12024.22,44399.59,0.00,0.00,0.00,863.44,-3006.63,-920.40,3260.74,3260.74,0.991,0.038,0.601,-4.141,-1.469,0.312,10881,453.4,0,-0.9358,-0.0190,-0.0021,-0.3520,41.2,-0.5,0.0
3040471,2026-09-11_09-14-18.471-240,v5.1.3,3.44,12.0,3200,17582,19640,55860,9485,13397,57210,14339.21,15040.95,45358.16,15216.55,12086.81,44453.59,0.00,0.00,0.00,877.34,-2954.14,-904.57,3211.68,3211.68,1.007,0.063,0.536,-3.922,0.750,0.453,10881,447.1,0,-0.9358,-0.0222,-0.0007,-0.3518,41.2,-0.8,0.0
3040576,2026-09-11_09-14-18.576-240,v5.1.3,3.44,12.0,3200,17587,19667,55859,9456,13371,57193,14343.16,15063.21,45357.11,15191.01,12064.84,44444.21,0.00,0.00,0.00,847.85,-2998.37,-912.89,3246.91,3246.91,1.017,0.038,0.507,-3.766,-1.844,-0.125,10877,451.6,0,-0.9359,-0.0229,0.0050,-0.3515,41.1,-1.5,0.0
3040681,2026-09-11_09-14-18.682-240,v5.1.3,3.44,12.0,3200,17551,19653,55831,9437,13311,57185,14313.48,15052.51,45334.42,15175.85,12015.44,44441.13,0.00,0.00,0.00,862.37,-3037.07,-893.29,3281.07,3281.07,0.999,0.052,0.568,-4.078,-1.062,0.484,10873,456.0,0,-0.9363,-0.0205,0.0009,-0.3506,41.0,-0.9,0.0
3040786,2026-09-11_09-14-18.787-240,v5.1.3,3.44,12.0,3200,17543,19635,55831,9424,13333,57141,14306.99,15037.73,45334.57,15158.46,12032.21,44407.27,0.00,0.00,0.00,851.47,-3005.53,-927.30,3258.54,3258.54,1.010,0.047,0.539,-4.203,-0.344,0.453,10876,453.1,0,-0.9367,-0.0207,0.0043,-0.3496,40.9,-1.3,0.0
3040891,2026-09-11_09-14-18.892-240,v5.1.3,3.44,12.0,3200,17540,19716,55791,9401,13403,57114,14303.96,15105.36,45301.30,15133.91,12088.42,44387.83,0.00,0.00,0.00,829.96,-3016.94,-913.46,3259.62,3259.62,1.010,0.048,0.538,-3.938,-0.844,0.156,10876,453.3,0,-0.9372,-0.0214,0.0066,-0.3482,40.7,-1.6,0.0
3040997,2026-09-11_09-14-18.997-240,v5.1.3,3.44,12.0,3200,17489,19645,55831,9370,13349,57123,14262.26,15046.53,45334.49,15111.07,12044.18,44399.98,0.00,0.00,0.00,848.81,-3002.35,-934.51,3256.98,3256.98,1.002,0.055,0.552,-4.203,-0.797,0.219,10878,452.9,0,-0.9377,-0.0214,0.0024,-0.3468,40.6,-1.1,0.0
3041102,2026-09-11_09-14-19.102-240,v5.1.3,3.44,12.0,3200,17457,19613,55821,9334,13316,57120,14236.02,15020.61,45326.61,15081.89,12016.73,44402.89,0.00,0.00,0.00,845.88,-3003.88,-923.72,3254.55,3254.55,1.009,0.049,0.540,-4.297,-0.953,-0.047,10878,452.6,0,-0.9383,-0.0220,0.0053,-0.3452,40.4,-1.4,0.0
3041207,2026-09-11_09-14-19.208-240,v5.1.3,3.44,12.0,3200,17531,19629,55805,9415,13309,57177,14297.10,15033.37,45313.45,15156.68,12013.35,44437.73,0.00,0.00,0.00,859.58,-3020.01,-875.71,3259.79,3259.79,1.009,0.048,0.540,-4.016,-1.234,0.172,10883,453.3,0,-0.9388,-0.0214,0.0066,-0.3437,40.2,-1.6,0.0
3041312,2026-09-11_09-14-19.313-240,v5.1.3,3.44,12.0,3200,17529,19562,55893,9398,13305,57333,14295.90,14976.49,45385.70,15164.42,12013.56,44565.46,0.00,0.00,0.00,868.52,-2962.93,-820.25,3194.70,3194.70,0.999,0.066,0.536,-3.906,-1.250,0.125,10883,445.0,0,-0.9390,-0.0256,0.0052,-0.3428,40.1,-1.6,0.0
3041417,2026-09-11_09-14-19.418-240,v5.1.3,3.44,12.0,3200,17534,19540,55906,9400,13411,57422,14300.19,14958.04,45396.48,15175.59,12102.20,44635.37,0.00,0.00,0.00,875.41,-2855.85,-761.11,3082.45,3082.45,0.999,0.042,0.561,-4.203,-0.906,-0.094,10885,430.7,0,-0.9395,-0.0217,0.0024,-0.3418,40.0,-1.1,0.0
3041522,2026-09-11_09-14-19.523-240,v5.1.3,3.44,12.0,3200,17543,19536,55928,9420,13667,57592,14307.66,14954.26,45414.44,15208.83,12315.39,44766.02,0.00,0.00,0.00,901.17,-2638.87,-648.41,2862.90,2862.90,1.011,0.041,0.533,-3.469,-1.062,-0.750,10878,402.7,0,-0.9396,-0.0223,0.0065,-0.3413,39.9,-1.6,0.0
3041637,2026-09-11_09-14-19.638-240,v5.1.3,3.44,12.0,3200,17806,19660,55887,9711,14261,57632,14524.31,15054.73,45379.99,15438.18,12804.71,44750.98,0.00,0.00,0.00,913.87,-2250.03,-629.01,2508.67,2508.67,1.014,0.045,0.549,-4.062,-1.750,-0.125,10877,357.5,0,-0.9402,-0.0211,0.0060,-0.3400,39.7,-1.5,0.0
3041743,2026-09-11_09-14-19.744-240,v5.1.3,3.44,12.0,3200,17806,19729,55948,9741,14810,57730,14523.85,15110.60,45429.09,15461.88,13255.46,44818.73,0.00,0.00,0.00,938.02,-1855.14,-610.36,2166.56,2166.56,1.005,0.038,0.536,-2.625,-0.609,-0.812,10877,313.8,0,-0.9402,-0.0209,0.0077,-0.3400,39.7,-1.6,0.0
3041848,2026-09-11_09-14-19.849-240,v5.1.3,3.44,12.0,3200,17682,19681,56002,9592,15185,57834,14421.64,15071.25,45473.48,15343.65,13562.15,44917.91,0.00,0.00,0.00,922.01,-1509.09,-555.57,1853.68,1853.68,1.000,0.067,0.534,-4.562,-0.469,0.594,10888,273.9,0,-0.9404,-0.0246,0.0062,-0.3391,39.6,-1.6,0.0
3041953,2026-09-11_09-14-19.954-240,v5.1.3,3.44,12.0,3200,17626,19757,55949,9625,15490,57839,14374.82,15135.50,45429.65,15363.41,13811.61,44913.59,0.00,0.00,0.00,988.59,-1323.89,-516.06,1730.99,1730.99,0.988,0.014,0.564,-4.469,-1.156,0.672,10873,258.3,0,-0.9407,-0.0193,0.0050,-0.3386,39.6,-1.3,0.0
3042059,2026-09-11_09-14-20.060-240,v5.1.3,3.44,12.0,3200,17638,19814,55941,9569,15766,57895,14384.36,15182.59,45422.64,15317.73,14037.51,44962.76,0.00,0.00,0.00,933.37,-1145.08,-459.89,1547.22,1547.22,1.004,0.080,0.546,-4.250,-0.375,0.156,10873,234.8,0,-0.9408,-0.0238,0.0029,-0.3381,39.5,-1.2,0.0
3042165,2026-09-11_09-14-20.165-240,v5.1.3,3.44,12.0,3200,17638,19891,55946,9597,15960,57911,14383.84,15246.07,45426.05,15337.84,14196.57,44969.35,0.00,0.00,0.00,954.00,-1049.50,-456.70,1490.01,1490.01,1.000,0.045,0.544,-4.703,-0.625,0.859,10875,227.5,0,-0.9413,-0.0199,0.0038,-0.3369,39.4,-1.2,0.0
3042271,2026-09-11_09-14-20.271-240,v5.1.3,3.44,12.0,3200,17688,19850,55872,9611,16088,57873,14425.46,15213.05,45366.13,15340.69,14300.31,44935.29,0.00,0.00,0.00,915.24,-912.74,-430.84,1362.49,1362.49,1.007,0.042,0.559,-3.078,-0.547,0.094,10874,211.3,0,-0.9413,-0.0193,0.0013,-0.3370,39.4,-0.9,0.0
3042376,2026-09-11_09-14-20.376-240,v5.1.3,3.44,12.0,3200,17647,19821,55987,9558,16118,57986,14391.76,15187.45,45460.05,15311.93,14326.81,45032.95,0.00,0.00,0.00,920.17,-860.64,-427.10,1330.35,1330.35,1.005,0.097,0.515,-4.469,-0.609,1.062,10873,207.2,0,-0.9412,-0.0233,0.0026,-0.3369,39.4,-1.2,0.0
3042481,2026-09-11_09-14-20.482-240,v5.1.3,3.44,12.0,3200,17619,19864,56018,9601,16180,58108,14368.32,15222.67,45484.93,15362.61,14380.82,45124.34,0.00,0.00,0.00,994.29,-841.86,-360.59,1351.80,1351.80,0.998,0.003,0.568,-4.688,-2.297,-0.062,10873,209.9,0,-0.9417,-0.0185,0.0035,-0.3361,39.3,-1.1,0.0
3042586,2026-09-11_09-14-20.587-240,v5.1.3,3.44,12.0,3200,17609,19892,56094,9593,16333,58114,14359.87,15244.53,45546.60,15352.78,14505.73,45128.33,0.00,0.00,0.00,992.92,-738.79,-418.27,1306.39,1306.39,1.004,0.062,0.561,-3.688,-0.391,-1.656,10868,204.1,0,-0.9418,-0.0235,-0.0003,-0.3352,39.2,-0.9,0.0
3042692,2026-09-11_09-14-20.692-240,v5.1.3,3.44,12.0,3200,17607,19915,56095,9606,16387,58114,14358.06,15263.51,45547.21,15362.05,14549.97,45125.87,0.00,0.00,0.00,1003.99,-713.55,-421.34,1301.80,1301.80,1.012,0.056,0.526,-4.094,-1.031,0.016,10871,203.5,0,-0.9419,-0.0255,0.0042,-0.3348,39.1,-1.4,0.0
3042797,2026-09-11_09-14-20.798-240,v5.1.3,3.44,12.0,3200,17667,19948,56091,9598,16445,58092,14407.45,15290.23,45543.68,15350.87,14596.69,45108.56,0.00,0.00,0.00,943.42,-693.54,-435.12,1249.14,1249.14,0.963,0.031,0.534,-4.875,-3.250,-0.016,10877,196.8,0,-0.9425,-0.0212,0.0055,-0.3335,38.9,-1.4,0.0
3042902,2026-09-11_09-14-20.903-240,v5.1.3,3.44,12.0,3200,17627,19873,56240,9558,16418,58249,14374.89,15226.03,45665.69,15340.43,14577.86,45240.52,0.00,0.00,0.00,965.54,-648.17,-425.17,1238.21,1238.21,0.994,0.029,0.603,-3.734,-0.578,-0.516,10877,195.4,0,-0.9427,-0.0188,0.0007,-0.3332,38.9,-0.8,0.0
3043007,2026-09-11_09-14-20.008-240,v5.1.3,3.44,12.0,3200,17611,19895,56134,9552,16379,58149,14361.50,15246.26,45579.15,15322.66,14543.60,45161.47,0.00,0.00,0.00,961.15,-702.66,-417.68,1261.75,1261.75,1.014,0.077,0.478,-3.922,-0.203,-0.141,10876,198.4,0,-0.9426,-0.0226,0.0036,-0.3331,38.9,-1.2,0.0
3043122,2026-09-11_09-14-21.123-240,v5.1.3,3.44,12.0,3200,17664,19804,56052,9588,16273,58059,14405.93,15172.08,45513.14,15342.63,14455.41,45085.57,0.00,0.00,0.00,936.70,-716.67,-427.58,1254.53,1254.53,1.015,0.034,0.506,-4.141,-0.266,-0.203,10867,197.5,0,-0.9427,-0.0227,0.0083,-0.3327,38.8,-1.8,0.0
3043227,2026-09-11_09-14-21.228-240,v5.1.3,3.44,12.0,3200,17628,19862,56065,9543,16361,58049,14375.78,15220.09,45523.23,15301.86,14526.44,45082.57,0.00,0.00,0.00,926.08,-693.64,-440.67,1238.12,1238.12,1.004,0.049,0.558,-4.156,-1.234,-0.172,10876,195.4,0,-0.9431,-0.0218,0.0042,-0.3318,38.7,-1.3,0.0
3043333,2026-09-11_09-14-21.334-240,v5.1.3,3.44,12.0,3200,17630,19878,56045,9578,16419,58047,14377.32,15233.64,45506.80,15328.85,14574.16,45075.45,0.00,0.00,0.00,951.53,-659.47,-431.35,1235.47,1235.47,1.005,0.055,0.555,-4.016,-0.469,0.047,10876,195.1,0,-0.9432,-0.0237,0.0011,-0.3312,38.7,-1.0,0.0
3043438,2026-09-11_09-14-21.439-240,v5.1.3,3.44,12.0,3200,17643,19917,56084,9558,16429,58080,14387.81,15265.00,45538.24,15316.70,14582.86,45104.57,0.00,0.00,0.00,928.88,-682.14,-433.66,1231.34,1231.34,1.009,0.045,0.533,-4.188,-0.906,0.031,10877,194.5,0,-0.9434,-0.0235,0.0055,-0.3308,38.6,-1.5,0.0
3043543,2026-09-11_09-14-21.544-240,v5.1.3,3.44,12.0,3200,17588,19916,56073,9546,16431,58049,14342.34,15264.93,45529.29,15302.46,14583.61,45081.28,0.00,0.00,0.00,960.13,-681.31,-448.01,1259.66,1259.66,1.007,0.048,0.545,-0.031,-0.656,0.156,10880,198.1,0,-0.9427,-0.0240,0.0043,-0.3328,38.9,-1.4,0.0
3043648,2026-09-11_09-14-21.649-240,v5.1.3,3.44,12.0,3200,17591,19950,56045,9528,16416,58086,14344.59,15293.47,45506.18,15293.17,14572.02,45113.66,0.00,0.00,0.00,948.59,-721.45,-392.53,1254.74,1254.74,1.006,0.050,0.547,-4.281,-0.844,0.141,10880,197.5,0,-0.9432,-0.0223,0.0037,-0.3315,38.7,-1.3,0.0
3043754,2026-09-11_09-14-21.754-240,v5.1.3,3.44,12.0,3200,17586,20023,56080,9530,16529,58107,14339.97,15353.16,45534.07,15294.73,14664.77,45128.84,0.00,0.00,0.00,954.76,-688.39,-405.23,1244.86,1244.86,1.004,0.048,0.539,-4.219,-0.812,0.062,10882,196.2,0,-0.9434,-0.0231,0.0061,-0.3307,38.6,-1.5,0.0
3043859,2026-09-11_09-14-21.860-240,v5.1.3,3.44,12.0,3200,17635,19986,56086,9564,16482,58151,14380.74,15322.01,45539.27,15330.08,14627.86,45160.14,0.00,0.00,0.00,949.34,-694.15,-379.13,1235.65,1235.65,1.005,0.052,0.542,-4.047,-0.828,-0.047,10879,195.1,0,-0.9438,-0.0241,0.0056,-0.3296,38.5,-1.5,0.0
3043965,2026-09-11_09-14-21.965-240,v5.1.3,3.44,12.0,3200,17630,20034,56076,9534,16526,58111,14376.28,15361.87,45530.72,15298.66,14662.46,45131.54,0.00,0.00,0.00,922.38,-699.41,-399.18,1224.46,1224.46,1.007,0.050,0.542,-4.141,-1.031,0.266,10876,193.6,0,-0.9442,-0.0232,0.0061,-0.3286,38.3,-1.5,0.0
3044070,2026-09-11_09-14-22.070-240,v5.1.3,3.44,12.0,3200,17572,19855,56097,9482,16343,58169,14329.52,15214.30,45549.36,15268.75,14513.83,45187.54,0.00,0.00,0.00,939.23,-700.46,-361.82,1226.26,1226.26,1.011,0.047,0.541,-4.531,-0.953,0.078,10876,193.9,0,-0.9445,-0.0230,0.0078,-0.3275,38.2,-1.7,0.0
3044175,2026-09-11_09-14-22.176-240,v5.1.3,3.44,12.0,3200,17535,19819,56092,9465,16273,58191,14299.16,15185.03,45545.59,15259.67,14457.01,45208.43,0.00,0.00,0.00,960.51,-728.02,-337.16,1251.51,1251.51,0.999,0.042,0.551,-4.000,-0.859,0.250,10876,197.1,0,-0.9448,-0.0206,0.0045,-0.3271,38.2,-1.3,0.0
3044280,2026-09-11_09-14-22.281-240,v5.1.3,3.44,12.0,3200,17491,19850,56161,9364,16365,58307,14262.57,15209.83,45601.52,15190.15,14533.60,45314.27,0.00,0.00,0.00,927.58,-676.23,-287.26,1183.30,1183.30,1.011,0.056,0.541,-4.453,-0.984,0.453,10878,188.4,0,-0.9448,-0.0241,0.0061,-0.3267,38.1,-1.6,0.0
3044385,2026-09-11_09-14-22.386-240,v5.1.3,3.43,12.0,3200,17524,19863,56107,9471,16482,58249,14289.77,15221.20,45557.43,15267.09,14629.03,45251.58,0.00,0.00,0.00,977.32,-592.17,-305.85,1182.95,1182.95,0.994,0.050,0.535,-4.344,-0.656,0.812,10875,188.4,0,-0.9451,-0.0234,0.0061,-0.3259,38.0,-1.5,0.0
3044501,2026-09-11_09-14-22.501-240,v5.1.3,3.43,12.0,3200,17761,19887,56153,9681,16616,58336,14485.60,15237.81,45594.71,15448.50,14743.02,45291.15,0.00,0.00,0.00,962.90,-494.79,-303.56,1124.34,1124.34,1.006,0.064,0.529,-4.000,-1.219,0.594,10875,180.9,0,-0.9450,-0.0277,0.0081,-0.3259,38.0,-1.9,0.0
3044606,2026-09-11_09-14-22.606-240,v5.1.3,3.43,12.0,3200,17730,19885,56146,9631,16683,58328,14459.98,15236.60,45589.02,15404.44,14796.91,45290.70,0.00,0.00,0.00,944.47,-439.69,-298.32,1083.67,1083.67,1.001,0.049,0.556,-3.891,-1.297,0.469,10879,175.7,0,-0.9452,-0.0245,0.0050,-0.3255,38.0,-1.5,0.0
3044712,2026-09-11_09-14-22.713-240,v5.1.3,3.43,12.0,3200,17669,19925,56107,9615,16819,58384,14409.26,15270.93,45556.91,15395.42,14909.03,45336.17,0.00,0.00,0.00,986.16,-361.90,-220.73,1073.41,1073.41,0.996,0.046,0.544,-4.688,-0.562,0.000,10880,174.4,0,-0.9456,-0.0219,0.0040,-0.3245,37.9,-1.2,0.0
3044817,2026-09-11_09-14-22.818-240,v5.1.3,3.43,12.0,3200,17680,19985,56123,9652,17012,58407,14417.96,15320.07,45569.42,15423.94,15067.55,45347.18,0.00,0.00,0.00,1005.98,-252.53,-222.24,1060.74,1060.74,1.017,0.044,0.538,-4.656,-1.109,-0.266,10878,172.8,0,-0.9458,-0.0232,0.0080,-0.3238,37.8,-1.7,0.0
3044923,2026-09-11_09-14-22.924-240,v5.1.3,3.43,12.0,3200,17785,20014,56123,9703,17089,58399,14504.59,15342.96,45569.18,15462.78,15130.83,45332.82,0.00,0.00,0.00,958.18,-212.13,-236.36,1009.45,1009.45,1.000,0.062,0.540,-4.172,-0.891,0.453,10878,166.2,0,-0.9458,-0.0265,0.0062,-0.3235,37.7,-1.7,0.0
3045028,2026-09-11_09-14-23.029-240,v5.1.3,3.43,12.0,3200,17638,19971,56131,9568,17107,58446,14383.32,15308.79,45576.06,15357.66,15144.97,45388.79,0.00,0.00,0.00,974.34,-163.82,-187.27,1005.61,1005.61,1.010,0.051,0.545,-4.219,-0.984,-0.391,10882,165.7,0,-0.9463,-0.0245,0.0058,-0.3223,37.6,-1.5,0.0
3045134,2026-09-11_09-14-23.134-240,v5.1.3,3.43,12.0,3200,17639,19981,56120,9549,17144,58427,14384.08,15317.24,45567.01,15338.40,15174.49,45375.64,0.00,0.00,0.00,954.32,-142.74,-191.37,983.73,983.73,1.000,0.052,0.556,-4.906,-0.891,0.875,10871,162.9,0,-0.9466,-0.0227,0.0024,-0.3216,37.5,-1.1,0.0
3045239,2026-09-11_09-14-23.239-240,v5.1.3,3.43,12.0,3200,17633,20015,56089,9580,17184,58422,14378.89,15345.92,45541.47,15362.17,15207.40,45366.89,0.00,0.00,0.00,983.28,-138.52,-174.58,1008.22,1008.22,1.013,0.059,0.531,-4.203,-1.109,-0.406,10871,166.1,0,-0.9466,-0.0264,0.0057,-0.3212,37.5,-1.6,0.0
3045344,2026-09-11_09-14-23.345-240,v5.1.3,3.43,12.0,3200,17644,20065,56096,9606,17264,58456,14387.65,15386.97,45546.74,15386.16,15273.81,45389.66,0.00,0.00,0.00,998.51,-113.15,-157.09,1017.11,1017.11,1.008,0.057,0.571,-4.172,0.594,0.188,10887,167.2,0,-0.9469,-0.0244,-0.0001,-0.3207,37.4,-0.9,0.0
3045449,2026-09-11_09-14-23.450-240,v5.1.3,3.43,12.0,3200,17662,20086,56102,9616,17256,58490,14402.40,15404.02,45551.45,15399.33,15268.21,45415.71,0.00,0.00,0.00,996.93,-135.81,-135.73,1015.25,1015.25,1.008,0.056,0.540,-4.062,-0.828,0.094,10875,167.0,0,-0.9468,-0.0264,0.0036,-0.3207,37.4,-1.4,0.0
3045555,2026-09-11_09-14-23.555-240,v5.1.3,3.43,12.0,3200,17647,20015,56204,9552,17205,58568,14390.48,15343.71,45635.14,15358.80,15227.64,45487.77,0.00,0.00,0.00,968.33,-116.08,-147.38,986.33,986.33,0.999,0.025,0.554,-4.281,-0.422,0.203,10875,163.3,0,-0.9471,-0.0212,0.0033,-0.3203,37.4,-1.1,0.0
3045660,2026-09-11_09-14-23.661-240,v5.1.3,3.43,12.0,3200,17626,19989,56171,9557,17169,58578,14373.28,15323.05,45608.49,15365.27,15198.55,45495.58,0.00,0.00,0.00,991.99,-124.50,-112.91,1006.12,1006.12,1.017,0.075,0.521,-3.641,-0.703,0.328,10875,165.8,0,-0.9468,-0.0257,0.0054,-0.3208,37.4,-1.5,0.0
3045765,2026-09-11_09-14-23.766-240,v5.1.3,3.43,12.0,3200,17617,19993,56242,9574,17226,58597,14365.82,15325.17,45666.29,15380.38,15245.73,45507.81,0.00,0.00,0.00,1014.57,-79.44,-158.48,1029.94,1029.94,0.978,-0.020,0.496,-3.828,-0.641,-0.297,10885,168.8,0,-0.9469,-0.0221,0.0083,-0.3207,37.4,-1.7,0.0
3045871,2026-09-11_09-14-23.871-240,v5.1.3,3.43,12.0,3200,17629,20060,56316,9597,17265,58678,14375.30,15379.04,45725.98,15409.52,15279.75,45569.27,0.00,0.00,0.00,1034.22,-99.28,-156.72,1050.72,1050.72,1.041,0.079,0.560,-3.156,-1.516,-0.484,10883,171.5,0,-0.9467,-0.0278,0.0070,-0.3209,37.4,-1.8,0.0
3045985,2026-09-11_09-14-23.986-240,v5.1.3,3.43,12.0,3200,17674,19939,56176,9584,17135,58541,14413.31,15281.20,45612.99,15383.27,15170.26,45462.59,0.00,0.00,0.00,969.96,-110.94,-150.40,987.80,987.80,0.981,0.051,0.542,-4.875,-1.219,0.656,10881,163.5,0,-0.9472,-0.0240,0.0039,-0.3198,37.3,-1.3,0.0
3046091,2026-09-11_09-14-24.091-240,v5.1.3,3.43,12.0,3200,17616,19946,56184,9537,17127,58523,14365.30,15287.42,45619.45,15342.29,15162.73,45454.64,0.00,0.00,0.00,976.99,-124.69,-164.80,998.60,998.60,1.015,0.037,0.547,-4.375,-0.672,0.219,10881,164.8,0,-0.9473,-0.0211,0.0067,-0.3196,37.3,-1.5,0.0
3046196,2026-09-11_09-14-24.196-240,v5.1.3,3.43,12.0,3200,17633,19940,56196,9587,17152,58522,14379.40,15282.08,45629.27,15382.65,15183.72,45446.70,0.00,0.00,0.00,1003.25,-98.35,-182.57,1024.46,1024.46,1.009,0.040,0.547,-4.188,-0.891,0.344,10880,168.1,0,-0.9472,-0.0214,0.0072,-0.3198,37.3,-1.6,0.0
3046301,2026-09-11_09-14-24.302-240,v5.1.3,3.43,12.0,3200,17613,19920,56168,9576,17114,58521,14362.99,15266.27,45606.63,15374.47,15152.55,45447.88,0.00,0.00,0.00,1011.47,-113.72,-158.76,1030.15,1030.15,1.007,0.047,0.547,-3.984,-0.688,0.188,10876,168.9,0,-0.9471,-0.0234,0.0059,-0.3200,37.3,-1.5,0.0
3046406,2026-09-11_09-14-24.407-240,v5.1.3,3.43,12.0,3200,17687,20057,56170,9591,17289,58510,14423.27,15378.60,45607.09,15380.64,15295.31,45434.79,0.00,0.00,0.00,957.37,-83.29,-172.30,976.31,976.31,1.008,0.052,0.544,-4.062,-0.844,0.547,10877,162.0,0,-0.9471,-0.0252,0.0062,-0.3200,37.3,-1.6,0.0
3046511,2026-09-11_09-14-24.512-240,v5.1.3,3.43,12.0,3200,17631,20090,56199,9556,17338,58555,14376.74,15405.88,45630.42,15356.76,15335.93,45475.10,0.00,0.00,0.00,980.02,-69.95,-155.32,994.71,994.71,0.999,0.049,0.541,-3.859,-0.719,0.469,10877,164.3,0,-0.9472,-0.0234,0.0055,-0.3197,37.3,-1.5,0.0
3046617,2026-09-11_09-14-24.617-240,v5.1.3,3.43,12.0,3200,17616,20102,56202,9513,17328,58564,14364.26,15415.89,45632.77,15322.87,15327.46,45488.33,0.00,0.00,0.00,958.61,-88.43,-144.44,973.46,973.46,1.010,0.052,0.545,-4.328,-1.094,0.406,10880,161.6,0,-0.9473,-0.0249,0.0065,-0.3194,37.2,-1.6,0.0
3046722,2026-09-11_09-14-24.722-240,v5.1.3,3.43,12.0,3200,17562,20078,56208,9500,17308,58559,14319.76,15396.51,45637.86,15312.00,15310.85,45486.34,0.00,0.00,0.00,992.24,-85.66,-151.52,1007.39,1007.39,1.009,0.049,0.543,-4.281,-1.094,0.328,10871,166.0,0,-0.9475,-0.0238,0.0071,-0.3188,37.2,-1.6,0.0
3046827,2026-09-11_09-14-24.827-240,v5.1.3,3.43,12.0,3200,17566,20091,56198,9483,17296,58526,14322.98,15407.38,45629.60,15293.75,15300.07,45462.29,0.00,0.00,0.00,970.77,-107.31,-167.31,990.91,990.91,0.991,0.057,0.541,-3.922,-0.781,-0.250,10873,163.9,0,-0.9476,-0.0264,0.0041,-0.3183,37.1,-1.4,0.0
3046932,2026-09-11_09-14-24.932-240,v5.1.3,3.43,12.0,3200,17595,20215,56181,9526,17395,58587,14346.13,15509.77,45614.69,15334.98,15382.84,45504.19,0.00,0.00,0.00,988.85,-126.93,-110.50,1003.07,1003.07,1.002,0.063,0.547,-4.859,-1.484,-0.188,10873,165.4,0,-0.9480,-0.0281,0.0028,-0.3169,36.9,-1.3,0.0
3047037,2026-09-11_09-14-25.038-240,v5.1.3,3.43,12.0,3200,17619,20102,56188,9524,17270,58581,14366.74,15416.11,45621.36,15335.83,15280.65,45501.22,0.00,0.00,0.00,969.09,-135.46,-120.14,985.86,985.86,1.043,0.054,0.526,-6.406,-0.266,1.938,10875,163.2,0,-0.9484,-0.0261,0.0079,-0.3158,36.8,-1.8,0.0
3047142,2026-09-11_09-14-25.143-240,v5.1.3,3.43,12.0,3200,17600,20098,56179,9493,17285,58616,14351.05,15413.16,45614.06,15314.76,15293.34,45533.39,0.00,0.00,0.00,963.71,-119.82,-80.68,974.47,974.47,0.997,0.020,0.554,-3.891,-1.578,0.328,10873,161.8,0,-0.9485,-0.0213,0.0076,-0.3159,36.8,-1.6,0.0
3047247,2026-09-11_09-14-25.248-240,v5.1.3,3.43,12.0,3200,17585,20035,56262,9494,17288,58709,14339.08,15359.80,45682.21,15328.40,15297.99,45607.94,0.00,0.00,0.00,989.32,-61.81,-74.27,994.03,994.03,1.009,0.075,0.551,-4.062,-0.953,-0.047,10873,164.3,0,-0.9485,-0.0259,0.0056,-0.3157,36.8,-1.5,0.0
3047353,2026-09-11_09-14-25.353-240,v5.1.3,3.43,12.0,3200,17589,20020,56235,9491,17335,58699,14342.48,15347.87,45660.35,15323.29,15336.08,45599.72,0.00,0.00,0.00,980.81,-11.79,-60.62,982.75,982.75,1.002,0.055,0.547,-4.656,-2.172,0.188,10881,162.8,0,-0.9487,-0.0262,0.0049,-0.3150,36.7,-1.5,0.0
3047468,2026-09-11_09-14-25.468-240,v5.1.3,3.43,12.0,3200,17737,20041,56226,9643,17421,58703,14464.73,15363.88,45652.85,15446.71,15408.23,45581.11,0.00,0.00,0.00,981.98,44.34,-71.73,985.60,985.60,1.002,0.055,0.537,-3.812,-1.141,0.375,10875,163.2,0,-0.9486,-0.0277,0.0073,-0.3152,36.7,-1.8,0.0
3047573,2026-09-11_09-14-25.573-240,v5.1.3,3.43,12.0,3200,17725,20106,56234,9654,17553,58700,14454.37,15417.52,45658.80,15451.84,15516.03,45575.54,0.00,0.00,0.00,997.47,98.50,-83.26,1005.77,1005.77,1.013,0.070,0.540,-4.188,-0.766,-0.500,10871,165.8,0,-0.9487,-0.0317,0.0063,-0.3144,36.6,-1.8,0.0
3047678,2026-09-11_09-14-25.679-240,v5.1.3,3.43,12.0,3200,17793,20140,56219,9683,17572,58724,14510.37,15445.18,45646.30,15478.54,15532.46,45590.63,0.00,0.00,0.00,968.17,87.27,-55.67,973.69,973.69,0.998,0.027,0.545,-4.719,-0.703,1.422,10871,161.7,0,-0.9490,-0.0253,0.0066,-0.3142,36.6,-1.6,0.0
3047784,2026-09-11_09-14-25.785-240,v5.1.3,3.43,12.0,3200,17827,20081,56264,9707,17511,58768,14538.89,15395.33,45683.46,15506.03,15484.00,45623.48,0.00,0.00,0.00,967.14,88.68,-59.98,973.05,973.05,0.999,0.029,0.542,-4.500,-0.594,0.391,10878,161.6,0,-0.9491,-0.0206,0.0074,-0.3141,36.6,-1.5,0.0
3047889,2026-09-11_09-14-25.890-240,v5.1.3,3.43,12.0,3200,17679,20053,56243,9582,17499,58755,14416.69,15374.07,45666.59,15401.62,15472.37,45630.24,0.00,0.00,0.00,984.94,98.30,-36.34,990.50,990.50,1.018,0.058,0.536,-3.391,-0.734,0.875,10878,163.8,0,-0.9487,-0.0247,0.0087,-0.3151,36.7,-1.8,0.0
3047995,2026-09-11_09-14-25.996-240,v5.1.3,3.43,12.0,3200,17722,20110,56193,9622,17539,58704,14451.86,15421.59,45625.37,15426.42,15504.30,45583.30,0.00,0.00,0.00,974.56,82.71,-42.07,978.97,978.97,1.003,0.030,0.555,-3.703,-1.359,0.016,10883,162.3,0,-0.9488,-0.0209,0.0070,-0.3153,36.7,-1.5,0.0
3048100,2026-09-11_09-14-26.101-240,v5.1.3,3.43,12.0,3200,17662,20122,56145,9554,17586,58651,14402.16,15432.96,45586.16,15361.83,15540.58,45549.40,0.00,0.00,0.00,959.67,107.62,-36.77,966.39,966.39,1.015,0.059,0.532,-3.750,-1.000,3.906,10883,160.7,0,-0.9480,-0.0225,0.0097,-0.3172,37.0,-1.9,0.0
3048206,2026-09-11_09-14-26.207-240,v5.1.3,3.43,12.0,3200,17685,20146,56152,9565,17581,58619,14421.02,15452.42,45591.66,15366.58,15535.88,45522.25,0.00,0.00,0.00,945.57,83.46,-69.42,951.78,951.78,1.006,0.038,0.557,-4.094,-0.984,0.109,10879,158.9,0,-0.9482,-0.0204,0.0062,-0.3171,37.0,-1.4,0.0
3048311,2026-09-11_09-14-26.312-240,v5.1.3,3.43,12.0,3200,17651,20065,56185,9524,17499,58705,14393.45,15385.30,45619.24,15346.93,15470.48,45597.98,0.00,0.00,0.00,953.49,85.18,-21.26,957.52,957.52,1.030,0.047,0.525,-4.688,-0.375,0.625,10867,159.6,0,-0.9481,-0.0224,0.0099,-0.3170,36.9,-1.9,0.0
3048417,2026-09-11_09-14-26.417-240,v5.1.3,3.43,12.0,3200,17639,20051,56199,9527,17537,58684,14383.62,15373.61,45630.76,15345.48,15501.04,45580.21,0.00,0.00,0.00,961.86,127.43,-50.54,971.58,971.58,1.055,-0.024,0.557,-3.422,-1.672,0.953,10870,161.4,0,-0.9479,-0.0176,0.0127,-0.3179,37.1,-2.0,0.0
3048522,2026-09-11_09-14-26.523-240,v5.1.3,3.43,12.0,3200,17675,20129,56171,9556,17617,58728,14412.86,15438.15,45607.29,15373.33,15567.72,45610.61,0.00,0.00,0.00,960.47,129.58,3.32,969.18,969.18,1.011,0.076,0.558,-4.531,-0.234,0.438,10870,161.1,0,-0.9479,-0.0211,0.0091,-0.3176,37.0,-1.8,0.0
3048627,2026-09-11_09-14-26.628-240,v5.1.3,3.43,12.0,3200,17701,20173,56224,9587,17629,58804,14434.07,15473.26,45650.08,15409.08,15579.69,45667.30,0.00,0.00,0.00,975.00,106.43,17.21,980.95,980.95,0.984,0.070,0.514,-3.922,-1.156,0.047,10879,162.6,0,-0.9478,-0.0262,0.0095,-0.3176,37.0,-2.0,0.0
3048732,2026-09-11_09-14-26.733-240,v5.1.3,3.43,12.0,3200,17676,20099,56368,9561,17577,58881,14413.91,15409.83,45768.01,15399.73,15538.74,45733.38,0.00,0.00,0.00,985.82,128.92,-34.63,994.82,994.82,1.004,0.042,0.554,-4.422,-0.906,0.547,10877,164.4,0,-0.9481,-0.0224,0.0064,-0.3171,37.0,-1.5,0.0
3048838,2026-09-11_09-14-26.838-240,v5.1.3,3.43,12.0,3200,17680,20101,56355,9540,17538,58917,14417.20,15411.67,45757.41,15388.47,15507.50,45765.66,0.00,0.00,0.00,971.27,95.83,8.25,976.02,976.02,1.011,0.045,0.540,-3.766,-0.500,0.109,10877,162.0,0,-0.9479,-0.0239,0.0083,-0.3174,37.0,-1.8,0.0
3048953,2026-09-11_09-14-26.953-240,v5.1.3,3.43,12.0,3200,17680,20054,56250,9596,17493,58799,14417.51,15374.76,45672.28,15419.41,15468.68,45663.77,0.00,0.00,0.00,1001.90,93.92,-8.51,1006.33,1006.33,1.010,0.053,0.545,-4.719,-0.688,0.453,10874,165.8,0,-0.9481,-0.0255,0.0065,-0.3168,36.9,-1.6,0.0
3049058,2026-09-11_09-14-27.059-240,v5.1.3,3.43,12.0,3200,17635,20108,56229,9586,17552,58711,14379.93,15420.17,45654.71,15397.41,15514.64,45593.68,0.00,0.00,0.00,1017.47,94.47,-61.03,1023.67,1023.67,1.005,0.044,0.540,-4.062,-0.500,-0.500,10881,168.0,0,-0.9484,-0.0234,0.0070,-0.3163,36.9,-1.6,0.0
3049163,2026-09-11_09-14-27.164-240,v5.1.3,3.43,12.0,3200,17699,20074,56222,9576,17535,58735,14433.08,15391.58,45649.30,15392.95,15501.21,45614.54,0.00,0.00,0.00,959.87,109.62,-34.77,966.73,966.73,1.003,0.057,0.542,-3.953,-0.906,0.484,10877,160.8,0,-0.9482,-0.0265,0.0060,-0.3165,36.9,-1.6,0.0
3049268,2026-09-11_09-14-27.269-240,v5.1.3,3.43,12.0,3200,17690,20007,56259,9578,17449,58799,14426.09,15335.69,45680.02,15405.76,15432.55,45666.77,0.00,0.00,0.00,979.67,96.86,-13.24,984.53,984.53,1.012,0.036,0.543,-4.234,-0.984,0.453,10877,163.0,0,-0.9483,-0.0226,0.0080,-0.3164,36.9,-1.7,0.0
3049373,2026-09-11_09-14-27.374-240,v5.1.3,3.44,12.0,3200,17645,19960,56256,9537,17439,58761,14389.20,15297.39,45677.97,15367.00,15422.99,45641.96,0.00,0.00,0.00,977.80,125.59,-36.01,986.50,986.50,1.002,0.046,0.544,-3.109,-1.359,-0.266,10869,163.3,0,-0.9480,-0.0248,0.0067,-0.3171,37.0,-1.6,0.0
3049479,2026-09-11_09-14-27.479-240,v5.1.3,3.44,12.0,3200,17618,20061,56226,9539,17518,58729,14366.19,15381.59,45652.67,15362.11,15486.74,45614.98,0.00,0.00,0.00,995.92,105.15,-37.69,1002.16,1002.16,1.005,0.058,0.544,-3.609,-0.500,0.656,10874,165.3,0,-0.9479,-0.0270,0.0049,-0.3175,37.0,-1.5,0.0
3049584,2026-09-11_09-14-27.585-240,v5.1.3,3.44,12.0,3200,17663,20001,56245,9573,17461,58758,14403.80,15331.26,45668.66,15395.64,15441.31,45634.36,0.00,0.00,0.00,991.83,110.05,-34.30,998.51,998.51,1.003,0.060,0.542,-4.031,-1.188,-0.016,10876,164.8,0,-0.9480,-0.0289,0.0049,-0.3170,36.9,-1.6,0.0
3049689,2026-09-11_09-14-27.690-240,v5.1.3,3.44,12.0,3200,17703,20164,56229,9586,17672,58801,14435.79,15465.72,45654.23,15406.70,15614.70,45664.48,0.00,0.00,0.00,970.91,148.98,10.25,982.33,982.33,1.006,0.043,0.550,-4.484,-0.266,0.188,10876,162.8,0,-0.9483,-0.0241,0.0042,-0.3164,36.9,-1.3,0.0
3049795,2026-09-11_09-14-27.795-240,v5.1.3,3.44,12.0,3200,17637,20167,56269,9560,17615,58852,14381.19,15468.14,45686.78,15393.88,15569.06,45709.73,0.00,0.00,0.00,1012.68,100.92,22.95,1017.96,1017.96,1.003,0.059,0.530,-3.781,-1.234,-0.781,10874,167.3,0,-0.9482,-0.0286,0.0068,-0.3163,36.8,-1.8,0.0
3049900,2026-09-11_09-14-27.900-240,v5.1.3,3.44,12.0,3200,17639,20127,56281,9540,17650,58829,14383.12,15434.88,45696.90,15373.29,15596.84,45693.54,0.00,0.00,0.00,990.17,161.96,-3.36,1003.34,1003.34,0.984,0.064,0.552,-5.094,-0.766,1.656,10878,165.4,0,-0.9485,-0.0264,0.0025,-0.3157,36.8,-1.2,0.0
3050005,2026-09-11_09-14-27.006-240,v5.1.3,3.44,12.0,3200,17659,20251,56277,9548,17755,58815,14398.82,15537.13,45692.57,15375.14,15682.31,45679.88,0.00,0.00,0.00,976.32,145.18,-12.70,987.14,987.14,1.018,0.023,0.536,-3.328,-0.703,-1.094,10875,163.4,0,-0.9485,-0.0245,0.0056,-0.3158,36.8,-1.5,0.0
3050110,2026-09-11_09-14-28.111-240,v5.1.3,3.44,12.0,3200,17595,20164,56270,9510,17655,58811,14346.48,15466.06,45687.62,15345.96,15600.13,45683.11,0.00,0.00,0.00,999.48,134.06,-4.52,1008.44,1008.44,1.016,0.061,0.540,-5.297,-1.000,0.109,10875,166.1,0,-0.9487,-0.0278,0.0072,-0.3147,36.7,-1.8,0.0
3050216,2026-09-11_09-14-28.216-240,v5.1.3,3.44,12.0,3200,17616,20153,56274,9498,17665,58837,14363.92,15456.70,45690.97,15339.42,15608.76,45705.51,0.00,0.00,0.00,975.50,152.05,14.54,987.39,987.39,1.007,0.023,0.550,-3.797,-0.656,0.141,10872,163.4,0,-0.9488,-0.0230,0.0070,-0.3148,36.7,-1.6,0.0
3050331,2026-09-11_09-14-28.331-240,v5.1.3,3.44,12.0,3200,17614,20077,56288,9516,17606,58896,14362.78,15393.72,45703.03,15363.99,15562.21,45751.21,0.00,0.00,0.00,1001.21,168.49,48.18,1016.43,1016.43,1.001,0.005,0.556,-3.406,-0.844,0.656,10875,167.1,0,-0.9487,-0.0176,0.0071,-0.3157,36.8,-1.4,0.0
3050436,2026-09-11_09-14-28.437-240,v5.1.3,3.44,12.0,3200,17739,20089,56266,9640,17619,58871,14466.06,15402.77,45685.02,15462.28,15573.75,45714.03,0.00,0.00,0.00,996.21,170.98,29.02,1011.19,1011.19,1.012,0.082,0.518,-6.000,-0.531,0.734,10867,166.4,0,-0.9489,-0.0214,0.0083,-0.3147,36.7,-1.7,0.0
3050542,2026-09-11_09-14-28.542-240,v5.1.3,3.44,12.0,3200,17682,20098,56286,9601,17655,58887,14418.87,15410.42,45701.22,15431.43,15603.03,45731.76,0.00,0.00,0.00,1012.56,192.62,30.54,1031.17,1031.17,0.995,0.054,0.553,-3.422,-1.391,-0.859,10867,169.0,0,-0.9488,-0.0250,0.0047,-0.3149,36.7,-1.4,0.0
3050647,2026-09-11_09-14-28.647-240,v5.1.3,3.44,12.0,3200,17731,20151,56270,9621,17728,58895,14459.03,15453.97,45687.74,15447.06,15663.05,45734.54,0.00,0.00,0.00,988.03,209.08,46.79,1010.99,1010.99,0.983,0.031,0.571,-3.609,-0.125,1.234,10873,166.4,0,-0.9486,-0.0205,0.0010,-0.3157,36.8,-0.9,0.0
3050752,2026-09-11_09-14-28.753-240,v5.1.3,3.44,12.0,3200,17749,20163,56284,9677,17756,58858,14473.84,15463.44,45699.04,15487.29,15685.72,45696.81,0.00,0.00,0.00,1013.46,222.27,-2.23,1037.55,1037.55,1.008,0.052,0.495,-4.875,0.234,2.547,10875,169.8,0,-0.9484,-0.0208,0.0051,-0.3163,36.9,-1.3,0.0
3050857,2026-09-11_09-14-28.858-240,v5.1.3,3.44,12.0,3200,17750,20151,56319,9625,17690,58951,14474.75,15452.90,45727.66,15459.13,15633.40,45779.47,0.00,0.00,0.00,984.38,180.50,51.82,1002.14,1002.14,1.003,-0.010,0.533,-6.156,-1.453,0.922,10875,165.3,0,-0.9488,-0.0156,0.0090,-0.3153,36.7,-1.5,0.0
3050962,2026-09-11_09-14-28.963-240,v5.1.3,3.44,12.0,3200,17805,20100,56321,9695,17682,58911,14520.57,15410.21,45729.73,15511.43,15626.79,45737.88,0.00,0.00,0.00,990.86,216.58,8.15,1014.29,1014.29,0.954,0.242,0.569,0.141,-0.734,-3.312,10878,166.8,0,-0.9481,-0.0248,0.0049,-0.3170,36.9,-1.4,0.0
3051068,2026-09-11_09-14-29.069-240,v5.1.3,3.44,12.0,3200,17672,20098,56225,9550,17626,58801,14410.60,15411.61,45651.54,15378.28,15576.71,45669.98,0.00,0.00,0.00,967.68,165.10,18.44,981.84,981.84,1.058,0.074,0.532,-7.172,-0.797,2.562,10887,162.7,0,-0.9485,-0.0254,0.0091,-0.3157,36.8,-1.9,0.0
3051173,2026-09-11_09-14-29.174-240,v5.1.3,3.44,12.0,3200,17659,20093,56212,9543,17651,58785,14399.88,15407.85,45640.99,15369.63,15596.66,45657.76,0.00,0.00,0.00,969.75,188.81,16.77,988.10,988.10,0.973,0.001,0.538,-4.156,-1.391,0.203,10867,163.5,0,-0.9486,-0.0205,0.0094,-0.3156,36.8,-1.8,0.0
3051279,2026-09-11_09-14-29.279-240,v5.1.3,3.44,12.0,3200,17700,20184,56223,9571,17743,58803,14433.17,15482.37,45649.17,15392.74,15672.51,45667.25,0.00,0.00,0.00,959.56,190.14,18.08,978.39,978.39,1.019,0.049,0.547,-3.406,-0.906,0.453,10867,162.3,0,-0.9483,-0.0242,0.0087,-0.3164,36.9,-1.8,0.0
3051384,2026-09-11_09-14-29.385-240,v5.1.3,3.44,12.0,3200,17704,20177,56195,9590,17761,58810,14436.53,15477.05,45626.42,15408.87,15687.60,45670.05,0.00,0.00,0.00,972.35,210.55,43.63,995.84,995.84,1.000,0.059,0.544,-4.750,-1.203,0.188,10882,164.5,0,-0.9485,-0.0265,0.0060,-0.3157,36.8,-1.6,0.0
3051489,2026-09-11_09-14-29.490-240,v5.1.3,3.44,12.0,3200,17664,20108,56226,9554,17671,58833,14403.91,15419.93,45652.27,15384.81,15614.25,45694.58,0.00,0.00,0.00,980.90,194.32,42.31,1000.86,1000.86,1.003,0.047,0.543,-3.688,-1.156,0.344,10872,165.1,0,-0.9485,-0.0240,0.0064,-0.3158,36.8,-1.6,0.0
3051595,2026-09-11_09-14-29.595-240,v5.1.3,3.44,12.0,3200,17663,20123,56244,9583,17659,58892,14402.99,15432.00,45666.80,15417.19,15606.20,45738.18,0.00,0.00,0.00,1014.21,174.20,71.39,1031.53,1031.53,1.006,0.047,0.549,-3.938,-1.062,0.109,10875,169.0,0,-0.9485,-0.0236,0.0052,-0.3158,36.8,-1.4,0.0
3051700,2026-09-11_09-14-29.701-240,v5.1.3,3.44,12.0,3200,17635,20141,56242,9540,17707,58884,14379.71,15447.18,45665.01,15379.40,15644.66,45737.02,0.00,0.00,0.00,999.69,197.48,72.01,1021.55,1021.55,1.018,0.045,0.545,-4.125,-0.594,0.375,10875,167.8,0,-0.9484,-0.0235,0.0079,-0.3160,36.8,-1.7,0.0
3051815,2026-09-11_09-14-29.816-240,v5.1.3,3.44,12.0,3200,17721,20133,56348,9610,17699,58952,14450.89,15437.81,45751.43,15446.68,15640.59,45782.21,0.00,0.00,0.00,995.79,202.78,30.78,1016.69,1016.69,1.002,0.052,0.541,-3.875,-1.297,-0.047,10877,167.1,0,-0.9484,-0.0265,0.0068,-0.3160,36.8,-1.7,0.0
3051920,2026-09-11_09-14-29.921-240,v5.1.3,3.44,12.0,3200,17684,20094,56378,9561,17611,58985,14420.56,15405.44,45776.20,15413.25,15568.94,45816.52,0.00,0.00,0.00,992.70,163.50,40.32,1006.88,1006.88,1.003,0.061,0.547,-4.219,-0.688,0.031,10876,165.9,0,-0.9485,-0.0280,0.0037,-0.3155,36.8,-1.4,0.0
3052026,2026-09-11_09-14-30.026-240,v5.1.3,3.44,12.0,3200,17660,20087,56271,9573,17614,58891,14400.75,15401.82,45689.10,15410.02,15569.32,45739.31,0.00,0.00,0.00,1009.27,167.50,50.21,1024.30,1024.30,0.987,0.056,0.541,-4.328,-1.000,0.125,10886,168.1,0,-0.9488,-0.0263,0.0027,-0.3149,36.7,-1.2,0.0
3052131,2026-09-11_09-14-30.131-240,v5.1.3,3.44,12.0,3200,17696,20050,56279,9588,17637,58846,14430.77,15370.77,45695.94,15415.52,15587.22,45700.81,0.00,0.00,0.00,984.75,216.45,4.88,1008.26,1008.26,0.983,0.069,0.545,-4.922,-1.328,-0.062,10886,166.1,0,-0.9490,-0.0296,0.0007,-0.3140,36.6,-1.1,0.0
3052236,2026-09-11_09-14-30.237-240,v5.1.3,3.44,12.0,3200,17708,20100,56272,9597,17622,58861,14440.36,15412.06,45689.80,15425.40,15575.44,45711.82,0.00,0.00,0.00,985.05,163.38,22.02,998.75,998.75,1.045,0.015,0.552,-5.609,-0.156,1.234,10876,164.9,0,-0.9493,-0.0241,0.0037,-0.3134,36.5,-1.3,0.0
3052341,2026-09-11_09-14-30.342-240,v5.1.3,3.44,12.0,3200,17708,19971,56321,9562,17479,58993,14441.22,15304.68,45730.83,15418.70,15461.41,45824.47,0.00,0.00,0.00,977.47,156.73,93.64,994.38,994.38,1.006,0.009,0.532,-3.391,-1.500,-0.531,10879,164.3,0,-0.9492,-0.0217,0.0075,-0.3138,36.6,-1.6,0.0
3052446,2026-09-11_09-14-30.447-240,v5.1.3,3.44,12.0,3200,17702,20060,56329,9568,17619,58983,14435.67,15378.07,45736.58,15418.53,15575.51,45813.86,0.00,0.00,0.00,982.86,197.44,77.28,1005.47,1005.47,1.000,0.090,0.551,-3.781,-0.844,0.094,10879,165.7,0,-0.9490,-0.0265,0.0051,-0.3140,36.6,-1.5,0.0
3052551,2026-09-11_09-14-30.552-240,v5.1.3,3.44,12.0,3200,17678,20111,56323,9570,17690,58945,14415.48,15420.52,45731.25,15413.02,15632.59,45782.16,0.00,0.00,0.00,997.54,212.07,50.90,1021.10,1021.10,1.009,0.043,0.542,-5.000,-0.953,1.016,10871,167.7,0,-0.9492,-0.0228,0.0078,-0.3137,36.5,-1.7,0.0
3052656,2026-09-11_09-14-30.657-240,v5.1.3,3.44,12.0,3200,17646,20196,56297,9545,17757,58964,14388.44,15491.49,45709.34,15393.29,15687.41,45799.99,0.00,0.00,0.00,1004.84,195.93,90.65,1027.77,1027.77,1.007,0.042,0.543,-3.734,-1.172,0.250,10881,168.6,0,-0.9491,-0.0228,0.0084,-0.3142,36.6,-1.7,0.0
3052762,2026-09-11_09-14-30.762-240,v5.1.3,3.44,12.0,3200,17673,20197,56296,9537,17782,58928,14410.76,15492.06,45708.52,15381.04,15706.87,45771.84,0.00,0.00,0.00,970.28,214.81,63.32,995.79,995.79,1.004,0.062,0.547,-4.094,-1.047,0.203,10877,164.5,0,-0.9490,-0.0265,0.0060,-0.3141,36.6,-1.6,0.0
3052867,2026-09-11_09-14-30.867-240,v5.1.3,3.44,12.0,3200,17670,20284,56305,9560,17937,58917,14407.70,15563.76,45715.10,15394.33,15833.40,45757.91,0.00,0.00,0.00,986.63,269.65,42.81,1023.71,1023.71,1.007,0.047,0.542,-4.594,-0.438,-0.172,10877,168.0,0,-0.9493,-0.0241,0.0068,-0.3133,36.5,-1.6,0.0
3052972,2026-09-11_09-14-30.973-240,v5.1.3,3.44,12.0,3200,17711,20266,56302,9586,17855,58984,14441.73,15548.54,45712.82,15427.21,15768.37,45809.23,0.00,0.00,0.00,985.48,219.83,96.42,1014.30,1014.30,1.006,0.048,0.543,-3.969,-0.812,-0.125,10880,166.8,0,-0.9493,-0.0249,0.0070,-0.3134,36.5,-1.7,0.0
3053078,2026-09-11_09-14-31.078-240,v5.1.3,3.44,12.0,3200,17667,20250,56371,9567,17845,59018,14405.46,15534.53,45769.16,15416.55,15760.78,45839.27,0.00,0.00,0.00,1011.09,226.25,70.12,1038.47,1038.47,1.008,0.053,0.545,-4.531,-0.875,0.047,10882,169.9,0,-0.9494,-0.0261,0.0060,-0.3129,36.4,-1.6,0.0
3053183,2026-09-11_09-14-31.183-240,v5.1.3,3.44,12.0,3200,17647,20185,56349,9541,17804,58997,14389.35,15481.46,45751.79,15393.32,15726.50,45826.46,0.00,0.00,0.00,1003.97,245.04,74.67,1036.14,1036.14,1.009,0.048,0.545,-4.375,-0.734,0.141,10878,169.6,0,-0.9496,-0.0243,0.0066,-0.3125,36.4,-1.6,0.0
3053297,2026-09-11_09-14-31.298-240,v5.1.3,3.44,12.0,3200,17636,20157,56297,9544,17755,58939,14380.44,15459.39,45709.68,15389.05,15685.18,45780.07,0.00,0.00,0.00,1008.61,225.79,70.39,1035.97,1035.97,1.002,0.052,0.545,-4.219,-0.531,-0.078,10878,169.6,0,-0.9496,-0.0262,0.0048,-0.3124,36.4,-1.5,0.0
3053403,2026-09-11_09-14-31.403-240,v5.1.3,3.44,12.0,3200,17703,20179,56308,9572,17799,58979,14435.69,15476.68,45718.45,15416.48,15722.38,45807.83,0.00,0.00,0.00,980.79,245.69,89.38,1015.03,1015.03,1.007,0.048,0.544,-3.938,-0.891,0.719,10874,166.9,0,-0.9495,-0.0244,0.0067,-0.3128,36.4,-1.6,0.0
3053508,2026-09-11_09-14-31.509-240,v5.1.3,3.44,12.0,3200,17782,20220,56301,9709,17806,58934,14500.75,15509.87,45712.40,15522.85,15728.71,45752.89,0.00,0.00,0.00,1022.10,218.84,40.48,1046.05,1046.05,1.006,0.051,0.544,-3.906,-0.656,-0.141,10866,170.9,0,-0.9494,-0.0262,0.0064,-0.3130,36.5,-1.6,0.0
3053614,2026-09-11_09-14-31.614-240,v5.1.3,3.44,12.0,3200,17761,20120,56331,9600,17722,58996,14484.06,15426.98,45737.70,15443.94,15660.28,45818.64,0.00,0.00,0.00,959.88,233.30,80.95,991.14,991.14,1.008,0.051,0.550,-4.219,-0.656,0.156,10877,163.9,0,-0.9495,-0.0253,0.0047,-0.3128,36.4,-1.4,0.0
3053719,2026-09-11_09-14-31.720-240,v5.1.3,3.44,12.0,3200,17690,20111,56323,9620,17694,58964,14425.40,15420.40,45731.25,15456.71,15636.92,45790.55,0.00,0.00,0.00,1031.31,216.51,59.30,1055.46,1055.46,1.006,0.048,0.542,-4.125,-1.172,-0.047,10877,172.1,0,-0.9494,-0.0254,0.0070,-0.3129,36.4,-1.7,0.0
3053824,2026-09-11_09-14-31.825-240,v5.1.3,3.44,12.0,3200,17754,20111,56298,9643,17726,58951,14478.32,15420.21,45710.89,15473.00,15663.01,45776.56,0.00,0.00,0.00,994.67,242.80,65.67,1025.98,1025.98,1.006,0.052,0.545,-0.109,-0.766,0.188,10890,168.3,0,-0.9484,-0.0279,0.0052,-0.3159,36.8,-1.6,0.0
3053931,2026-09-11_09-14-31.931-240,v5.1.3,3.44,12.0,3200,17733,20208,56317,9644,17791,58974,14460.31,15500.17,45725.54,15475.28,15716.61,45794.09,0.00,0.00,0.00,1014.97,216.45,68.55,1040.06,1040.06,1.003,0.047,0.547,-4.328,-0.734,-0.328,10870,170.1,0,-0.9487,-0.0244,0.0046,-0.3152,36.7,-1.4,0.0
3054036,2026-09-11_09-14-32.037-240,v5.1.3,3.44,12.0,3200,17777,20198,56284,9704,17805,58931,14496.76,15492.06,45698.74,15518.35,15727.76,45751.17,0.00,0.00,0.00,1021.59,235.70,52.43,1049.73,1049.73,1.007,0.051,0.547,-4.078,-0.594,-0.016,10870,171.4,0,-0.9487,-0.0255,0.0048,-0.3152,36.7,-1.4,0.0
3054142,2026-09-11_09-14-32.143-240,v5.1.3,3.44,12.0,3200,17718,20141,56309,9570,17768,58920,14448.35,15445.14,45719.59,15407.48,15695.66,45761.09,0.00,0.00,0.00,959.12,250.52,41.50,992.17,992.17,1.006,0.050,0.544,-4.078,-0.750,-0.172,10873,164.0,0,-0.9487,-0.0254,0.0058,-0.3150,36.7,-1.6,0.0
3054247,2026-09-11_09-14-32.248-240,v5.1.3,3.44,12.0,3200,17702,20139,56253,9573,17747,58860,14435.13,15444.66,45674.00,15402.18,15677.14,45712.73,0.00,0.00,0.00,967.05,232.49,38.73,995.36,995.36,1.007,0.051,0.545,-4.172,-0.734,0.469,10866,164.4,0,-0.9487,-0.0249,0.0059,-0.3150,36.7,-1.5,0.0
3054353,2026-09-11_09-14-32.353-240,v5.1.3,3.44,12.0,3200,17755,20124,56252,9619,17697,58914,14479.06,15431.76,45673.31,15448.88,15638.17,45750.47,0.00,0.00,0.00,969.81,206.41,77.16,994.53,994.53,1.007,0.050,0.545,-3.625,-0.766,0.172,10879,164.3,0,-0.9486,-0.0254,0.0061,-0.3154,36.8,-1.6,0.0
3054458,2026-09-11_09-14-32.459-240,v5.1.3,3.44,12.0,3200,17639,20142,56198,9552,17717,58893,14383.01,15448.75,45629.16,15390.27,15653.18,45742.48,0.00,0.00,0.00,1007.26,204.42,113.32,1034.02,1034.02,1.004,0.050,0.546,-0.078,-0.766,-0.484,10879,169.4,0,-0.9477,-0.0268,0.0045,-0.3179,37.1,-1.5,0.0
3054564,2026-09-11_09-14-32.564-240,v5.1.3,3.44,12.0,3200,17691,20225,56248,9564,17773,58950,14425.46,15515.86,45669.18,15406.56,15700.38,45785.95,0.00,0.00,0.00,981.10,184.52,116.77,1005.11,1005.11,1.002,0.050,0.543,-4.078,-1.250,0.250,10880,165.7,0,-0.9479,-0.0246,0.0055,-0.3175,37.0,-1.5,0.0
3054669,2026-09-11_09-14-32.670-240,v5.1.3,3.44,12.0,3200,17732,20187,56325,9607,17807,59030,14459.63,15482.69,45732.23,15452.16,15730.54,45843.93,0.00,0.00,0.00,992.53,247.85,111.70,1029.09,1029.09,1.007,0.050,0.543,-3.719,-0.656,0.031,10870,168.7,0,-0.9479,-0.0252,0.0063,-0.3176,37.0,-1.6,0.0
3054784,2026-09-11_09-14-32.785-240,v5.1.3,3.44,12.0,3200,17736,20098,56397,9609,17671,59045,14463.54,15407.88,45791.64,15459.50,15619.92,45857.43,0.00,0.00,0.00,995.97,212.03,65.78,1020.41,1020.41,1.003,0.052,0.543,-4.203,-0.812,0.672,10875,167.6,0,-0.9479,-0.0250,0.0058,-0.3175,37.0,-1.5,0.0
3054890,2026-09-11_09-14-32.890-240,v5.1.3,3.44,12.0,3200,17674,20126,56452,9578,17681,59080,14412.08,15430.63,45836.20,15438.57,15628.52,45889.66,0.00,0.00,0.00,1026.48,197.89,53.46,1046.75,1046.75,1.007,0.051,0.546,-4.078,-0.641,0.453,10875,171.0,0,-0.9480,-0.0247,0.0053,-0.3174,37.0,-1.5,0.0
3054995,2026-09-11_09-14-32.996-240,v5.1.3,3.44,12.0,3200,17676,20112,56315,9590,17680,58964,14413.82,15421.51,45724.73,15432.38,15625.12,45794.82,0.00,0.00,0.00,1018.57,203.61,70.09,1041.08,1041.08,1.008,0.052,0.546,-3.906,-0.969,0.203,10870,170.3,0,-0.9480,-0.0255,0.0055,-0.3173,37.0,-1.5,0.0
3055100,2026-09-11_09-14-33.101-240,v5.1.3,3.44,12.0,3200,17714,20106,56269,9594,17735,58989,14445.28,15417.00,45687.31,15437.68,15670.65,45813.67,0.00,0.00,0.00,992.40,253.64,126.36,1032.07,1032.07,1.007,0.048,0.540,-3.719,-0.875,0.266,10878,169.1,0,-0.9479,-0.0247,0.0074,-0.3175,37.0,-1.7,0.0
3055205,2026-09-11_09-14-33.206-240,v5.1.3,3.44,12.0,3200,17708,20082,56356,9589,17682,59047,14440.48,15395.69,45758.38,15443.02,15628.70,45861.62,0.00,0.00,0.00,1002.54,233.01,103.24,1034.42,1034.42,1.005,0.052,0.542,-4.328,-1.141,0.266,10868,169.4,0,-0.9480,-0.0256,0.0069,-0.3171,37.0,-1.7,0.0
3055311,2026-09-11_09-14-33.311-240,v5.1.3,3.44,12.0,3200,17696,20074,56367,9570,17670,59019,14430.62,15389.01,45767.41,15423.81,15618.01,45841.87,0.00,0.00,0.00,993.20,229.00,74.46,1021.97,1021.97,1.007,0.050,0.545,-3.688,-0.766,-0.516,10868,167.8,0,-0.9481,-0.0251,0.0056,-0.3169,36.9,-1.5,0.0
3055416,2026-09-11_09-14-33.417-240,v5.1.3,3.44,12.0,3200,17661,20080,56298,9573,17679,58992,14401.62,15395.55,45711.16,15422.30,15624.75,45819.65,0.00,0.00,0.00,1020.67,229.21,108.49,1051.70,1051.70,1.007,0.051,0.546,-4.094,-0.922,0.672,10861,171.6,0,-0.9481,-0.0249,0.0055,-0.3169,36.9,-1.5,0.0
3055521,2026-09-11_09-14-33.522-240,v5.1.3,3.44,12.0,3200,17663,20136,56311,9549,17787,58979,14402.91,15441.53,45721.26,15397.86,15712.30,45811.12,0.00,0.00,0.00,994.96,270.77,89.86,1035.05,1035.05,1.006,0.051,0.543,-3.953,-0.734,0.312,10869,169.5,0,-0.9481,-0.0252,0.0063,-0.3169,36.9,-1.6,0.0
3055626,2026-09-11_09-14-33.627-240,v5.1.3,3.44,12.0,3200,17687,20257,56300,9568,17879,58987,14421.94,15541.38,45711.27,15412.17,15787.81,45813.80,0.00,0.00,0.00,990.23,246.43,102.54,1025.57,1025.57,1.005,0.050,0.539,-4.016,-1.078,-0.266,10869,168.3,0,-0.9483,-0.0253,0.0074,-0.3164,36.9,-1.7,0.0
3055732,2026-09-11_09-14-33.732-240,v5.1.3,3.44,12.0,3200,17720,20245,56289,9621,17922,58982,14449.31,15531.35,45702.41,15453.97,15823.44,45802.01,0.00,0.00,0.00,1004.66,292.09,99.60,1050.99,1050.99,1.007,0.051,0.541,-4.109,-1.031,0.188,10867,171.5,0,-0.9484,-0.0252,0.0072,-0.3160,36.8,-1.7,0.0
3055837,2026-09-11_09-14-33.837-240,v5.1.3,3.44,12.0,3200,17717,20235,56317,9608,17879,58990,14446.90,15522.61,45725.30,15445.52,15788.37,45810.75,0.00,0.00,0.00,998.62,265.76,85.45,1036.91,1036.91,1.005,0.050,0.542,-4.219,-1.109,0.203,10868,169.7,0,-0.9485,-0.0247,0.0070,-0.3157,36.8,-1.7,0.0
3055942,2026-09-11_09-14-33.943-240,v5.1.3,3.44,12.0,3200,17713,20265,56358,9566,17867,59072,14443.39,15546.69,45758.44,15422.63,15780.00,45882.53,0.00,0.00,0.00,979.24,233.31,124.09,1014.27,1014.27,1.005,0.048,0.544,-4.312,-0.797,-0.062,10875,166.8,0,-0.9487,-0.0240,0.0060,-0.3152,36.7,-1.5,0.0
3056047,2026-09-11_09-14-34.048-240,v5.1.3,3.44,12.0,3200,17709,20303,56360,9555,17944,59071,14439.83,15578.06,45759.74,15411.39,15842.68,45882.25,0.00,0.00,0.00,971.56,264.62,122.51,1014.37,1014.37,1.007,0.049,0.544,-4.219,-0.953,-0.094,10875,166.8,0,-0.9488,-0.0250,0.0064,-0.3149,36.7,-1.6,0.0
3056152,2026-09-11_09-14-34.153-240,v5.1.3,3.44,12.0,3200,17663,20152,56347,9545,17759,59021,14402.80,15454.09,45750.45,15401.14,15690.39,45845.77,0.00,0.00,0.00,998.34,236.30,95.32,1030.34,1030.34,1.006,0.052,0.542,-4.344,-0.891,0.094,10867,168.9,0,-0.9489,-0.0258,0.0066,-0.3146,36.6,-1.6,0.0
3056272,2026-09-11_09-14-34.273-240,v5.1.3,3.44,12.0,3200,17820,20209,56309,9738,17821,58959,14532.25,15500.26,45719.01,15549.80,15741.90,45768.83,0.00,0.00,0.00,1017.55,241.63,49.82,1047.03,1047.03,1.009,0.051,0.542,-4.266,-0.797,0.016,10874,171.0,0,-0.9490,-0.0257,0.0073,-0.3143,36.6,-1.7,0.0
3056377,2026-09-11_09-14-34.378-240,v5.1.3,3.44,12.0,3200,17753,20163,56394,9583,17803,59061,14477.16,15461.43,45788.64,15436.80,15727.71,45872.17,0.00,0.00,0.00,959.65,266.28,83.53,999.40,999.40,1.010,0.049,0.541,-3.859,-0.938,0.234,10870,164.9,0,-0.9489,-0.0255,0.0082,-0.3144,36.6,-1.8,0.0
3056482,2026-09-11_09-14-34.483-240,v5.1.3,3.44,12.0,3200,17746,20127,56343,9641,17768,59038,14471.61,15432.69,45747.41,15482.30,15699.31,45846.22,0.00,0.00,0.00,1010.69,266.62,98.81,1049.93,1049.93,1.006,0.048,0.542,-0.078,-1.156,0.328,10870,171.4,0,-0.9479,-0.0264,0.0070,-0.3173,37.0,-1.7,0.0
3056587,2026-09-11_09-14-34.588-240,v5.1.3,3.44,12.0,3200,17743,20118,56327,9641,17740,59020,14469.18,15425.58,45734.45,15480.55,15676.03,45832.10,0.00,0.00,0.00,1011.36,250.45,97.65,1046.48,1046.48,1.005,0.050,0.543,-4.125,-0.750,0.625,10877,170.9,0,-0.9481,-0.0242,0.0064,-0.3171,37.0,-1.6,0.0
3056693,2026-09-11_09-14-34.694-240,v5.1.3,3.44,12.0,3200,17743,20142,56327,9659,17786,58970,14469.02,15445.39,45734.25,15487.21,15712.62,45788.89,0.00,0.00,0.00,1018.19,267.23,54.64,1054.09,1054.09,1.006,0.050,0.543,-3.969,-1.062,0.000,10878,171.9,0,-0.9480,-0.0255,0.0065,-0.3170,36.9,-1.6,0.0
3056799,2026-09-11_09-14-34.799-240,v5.1.3,3.44,12.0,3200,17762,20229,56312,9640,17842,58968,14484.15,15517.30,45721.28,15469.80,15758.05,45789.17,0.00,0.00,0.00,985.65,240.75,67.89,1016.89,1016.89,1.005,0.050,0.544,-4.359,-0.625,0.172,10878,167.2,0,-0.9483,-0.0245,0.0055,-0.3165,36.9,-1.5,0.0
3056905,2026-09-11_09-14-34.906-240,v5.1.3,3.44,12.0,3200,17702,20226,56247,9690,17838,58948,14434.55,15516.59,45668.36,15508.30,15754.92,45766.32,0.00,0.00,0.00,1073.75,238.33,97.96,1104.24,1104.24,1.007,0.050,0.541,-4.203,-1.062,0.516,10878,178.3,0,-0.9482,-0.0252,0.0073,-0.3165,36.9,-1.7,0.0
3057010,2026-09-11_09-14-34.011-240,v5.1.3,3.44,12.0,3200,17695,20131,56278,9574,17776,58943,14429.40,15437.67,45694.43,15413.75,15702.78,45778.92,0.00,0.00,0.00,984.35,265.11,84.50,1022.92,1022.92,1.005,0.049,0.541,-4.078,-0.688,0.250,10881,167.9,0,-0.9483,-0.0245,0.0070,-0.3163,36.9,-1.7,0.0
3057116,2026-09-11_09-14-35.116-240,v5.1.3,3.44,12.0,3200,17692,20156,56264,9562,17745,58939,14426.75,15458.60,45682.81,15404.13,15677.24,45777.73,0.00,0.00,0.00,977.39,218.64,94.93,1006.03,1006.03,1.004,0.050,0.541,-3.953,-0.906,0.375,10877,165.8,0,-0.9483,-0.0250,0.0071,-0.3163,36.9,-1.7,0.0
3057222,2026-09-11_09-14-35.222-240,v5.1.3,3.44,12.0,3200,17657,20165,56258,9568,17801,58918,14397.75,15466.48,45677.84,15404.67,15722.52,45759.33,0.00,0.00,0.00,1006.93,256.04,81.49,1042.16,1042.16,1.007,0.050,0.544,-4.172,-0.734,0.406,10868,170.4,0,-0.9484,-0.0244,0.0064,-0.3161,36.8,-1.6,0.0
3057327,2026-09-11_09-14-35.327-240,v5.1.3,3.44,12.0,3200,17733,20230,56257,9574,17839,58925,14460.16,15519.41,45676.47,15409.57,15753.78,45763.66,0.00,0.00,0.00,949.42,234.37,87.19,981.79,981.79,1.003,0.049,0.541,-4.094,-0.688,-0.125,10868,162.7,0,-0.9485,-0.0252,0.0065,-0.3158,36.8,-1.6,0.0
3057432,2026-09-11_09-14-35.433-240,v5.1.3,3.44,12.0,3200,17699,20192,56343,9580,17798,59055,14432.30,15486.83,45746.85,15433.63,15723.45,45867.82,0.00,0.00,0.00,1001.33,236.62,120.98,1036.00,1036.00,1.006,0.051,0.544,-4.812,-1.125,0.484,10873,169.6,0,-0.9487,-0.0247,0.0066,-0.3152,36.7,-1.6,0.0
3057537,2026-09-11_09-14-35.538-240,v5.1.3,3.44,12.0,3200,17719,20174,56415,9575,17759,59120,14448.97,15470.47,45805.65,15439.57,15693.09,45921.23,0.00,0.00,0.00,990.60,222.62,115.58,1021.86,1021.86,1.006,0.051,0.543,-4.375,-0.797,-0.016,10863,167.8,0,-0.9488,-0.0257,0.0064,-0.3148,36.7,-1.6,0.0
3057642,2026-09-11_09-14-35.643-240,v5.1.3,3.44,12.0,3200,17675,20121,56372,9562,17727,59103,14412.94,15427.93,45771.08,15427.36,15666.41,45909.75,0.00,0.00,0.00,1014.42,238.48,138.67,1051.26,1051.26,1.006,0.051,0.546,-4.719,-0.875,-0.203,10863,171.6,0,-0.9491,-0.0251,0.0052,-0.3140,36.6,-1.5,0.0
3057757,2026-09-11_09-14-35.758-240,v5.1.3,3.44,12.0,3200,17760,20154,56362,9613,17760,58997,14483.00,15454.50,45762.65,15453.77,15691.47,45817.19,0.00,0.00,0.00,970.77,236.97,54.54,1000.76,1000.76,1.008,0.051,0.544,-4.000,-0.766,-0.453,10885,165.1,0,-0.9491,-0.0265,0.0065,-0.3139,36.6,-1.7,0.0
3057863,2026-09-11_09-14-35.863-240,v5.1.3,3.44,12.0,3200,17711,20132,56333,9586,17721,59003,14442.63,15437.35,45739.22,15433.41,15659.45,45826.19,0.00,0.00,0.00,990.78,222.10,86.97,1019.09,1019.09,1.005,0.049,0.540,-4.000,-0.938,0.375,10873,167.4,0,-0.9491,-0.0251,0.0075,-0.3139,36.6,-1.7,0.0
3057968,2026-09-11_09-14-35.968-240,v5.1.3,3.44,12.0,3200,17690,20092,56360,9590,17713,59062,14425.53,15404.05,45761.55,15445.10,15654.36,45873.15,0.00,0.00,0.00,1019.57,250.31,111.60,1055.76,1055.76,1.008,0.050,0.544,-3.984,-1.109,0.312,10881,172.1,0,-0.9491,-0.0252,0.0071,-0.3140,36.6,-1.7,0.0
3058073,2026-09-11_09-14-36.074-240,v5.1.3,3.44,12.0,3200,17688,20030,56375,9583,17593,59070,14424.29,15352.62,45774.30,15443.63,15556.52,45882.05,0.00,0.00,0.00,1019.34,203.91,107.74,1045.10,1045.10,1.005,0.049,0.545,-3.609,-0.953,0.156,10881,170.8,0,-0.9490,-0.0251,0.0061,-0.3143,36.6,-1.6,0.0
3058178,2026-09-11_09-14-36.179-240,v5.1.3,3.44,12.0,3200,17678,20032,56372,9563,17651,59049,14416.01,15354.42,45771.84,15422.71,15603.12,45867.17,0.00,0.00,0.00,1006.70,248.70,95.33,1041.34,1041.34,1.006,0.048,0.542,-3.922,-1.031,0.359,10882,170.3,0,-0.9489,-0.0251,0.0074,-0.3146,36.7,-1.7,0.0
3058283,2026-09-11_09-14-36.284-240,v5.1.3,3.44,12.0,3200,17666,19965,56330,9526,17601,59051,14406.53,15299.98,45738.21,15393.86,15561.91,45874.46,0.00,0.00,0.00,987.32,261.93,136.25,1030.52,1030.52,1.006,0.050,0.540,-4.078,-0.812,-0.297,10871,168.9,0,-0.9489,-0.0262,0.0073,-0.3144,36.6,-1.7,0.0
3058388,2026-09-11_09-14-36.389-240,v5.1.3,3.44,12.0,3200,17673,20146,56317,9591,17776,59010,14411.11,15449.58,45726.07,15437.04,15704.57,45830.44,0.00,0.00,0.00,1025.93,254.99,104.37,1062.28,1062.28,1.005,0.049,0.544,-4.250,-0.891,0.000,10875,173.0,0,-0.9491,-0.0246,0.0063,-0.3140,36.6,-1.6,0.0
3058493,2026-09-11_09-14-36.494-240,v5.1.3,3.44,12.0,3200,17684,20251,56343,9566,17917,58990,14419.50,15535.69,45746.34,15409.93,15818.87,45816.00,0.00,0.00,0.00,990.42,283.18,69.66,1032.47,1032.47,1.005,0.050,0.540,-4.234,-0.531,0.406,10875,169.2,0,-0.9491,-0.0252,0.0070,-0.3139,36.6,-1.7,0.0
3058599,2026-09-11_09-14-36.599-240,v5.1.3,3.44,12.0,3200,17731,20266,56324,9603,17912,58990,14458.27,15547.94,45730.73,15440.53,15815.24,45811.02,0.00,0.00,0.00,982.26,267.30,80.28,1021.14,1021.14,1.005,0.050,0.542,-3.984,-1.406,0.203,10873,167.7,0,-0.9491,-0.0253,0.0073,-0.3139,36.6,-1.7,0.0
3058704,2026-09-11_09-14-36.704-240,v5.1.3,3.44,12.0,3200,17686,20233,56389,9578,17859,59050,14421.28,15519.98,45783.96,15429.67,15773.09,45863.31,0.00,0.00,0.00,1008.39,253.11,79.35,1042.70,1042.70,1.005,0.050,0.543,-4.016,-0.891,0.875,10873,170.5,0,-0.9491,-0.0246,0.0065,-0.3141,36.6,-1.6,0.0
3058809,2026-09-11_09-14-36.810-240,v5.1.3,3.44,12.0,3200,17677,20230,56355,9551,17854,59065,14413.86,15518.21,45756.30,15409.66,15769.04,45879.11,0.00,0.00,0.00,995.80,250.83,122.82,1034.22,1034.22,1.004,0.049,0.542,-4.172,-0.969,0.203,10868,169.4,0,-0.9491,-0.0249,0.0069,-0.3140,36.6,-1.6,0.0
3058914,2026-09-11_09-14-36.915-240,v5.1.3,3.44,12.0,3200,17658,20312,56354,9565,17960,59064,14397.60,15586.11,45754.77,15418.22,15855.70,45875.06,0.00,0.00,0.00,1020.63,269.59,120.29,1062.46,1062.46,1.006,0.050,0.545,-3.906,-0.844,0.234,10868,173.0,0,-0.9491,-0.0249,0.0059,-0.3139,36.6,-1.5,0.0
3059019,2026-09-11_09-14-36.020-240,v5.1.3,3.44,12.0,3200,17653,20183,56339,9504,17864,59030,14394.32,15479.93,45743.66,15365.84,15775.80,45857.27,0.00,0.00,0.00,971.51,295.87,113.61,1021.90,1021.90,1.004,0.049,0.544,-3.875,-1.016,0.547,10872,167.8,0,-0.9490,-0.0245,0.0064,-0.3142,36.6,-1.6,0.0
3059134,2026-09-11_09-14-37.135-240,v5.1.3,3.44,12.0,3200,17641,20135,56358,9543,17754,59029,14384.72,15440.08,45759.55,15400.73,15686.47,45852.54,0.00,0.00,0.00,1016.01,246.39,92.98,1049.59,1049.59,1.007,0.051,0.544,-3.875,-0.953,0.828,10871,171.3,0,-0.9488,-0.0253,0.0067,-0.3147,36.7,-1.6,0.0
3059239,2026-09-11_09-14-37.240-240,v5.1.3,3.44,12.0,3200,17653,20136,56358,9519,17786,59003,14394.64,15440.79,45759.54,15376.52,15711.68,45834.51,0.00,0.00,0.00,981.88,270.90,74.97,1021.31,1021.31,1.006,0.055,0.545,-4.500,-0.781,-0.156,10871,167.7,0,-0.9490,-0.0266,0.0054,-0.3140,36.6,-1.5,0.0
3059345,2026-09-11_09-14-37.346-240,v5.1.3,3.44,12.0,3200,17773,20230,56328,9659,17831,59016,14493.24,15517.73,45734.30,15492.39,15750.43,45825.29,0.00,0.00,0.00,999.15,232.70,90.98,1029.92,1029.92,1.005,0.049,0.543,-4.141,-1.359,-0.281,10871,168.8,0,-0.9492,-0.0255,0.0067,-0.3136,36.5,-1.6,0.0
3059451,2026-09-11_09-14-37.451-240,v5.1.3,3.44,12.0,3200,17804,20214,56310,9688,17853,59002,14518.98,15504.53,45719.79,15513.74,15768.42,45809.80,0.00,0.00,0.00,994.76,263.88,90.02,1033.10,1033.10,1.005,0.049,0.546,-4.375,-0.922,0.219,10873,169.2,0,-0.9493,-0.0247,0.0058,-0.3134,36.5,-1.5,0.0
3059556,2026-09-11_09-14-37.556-240,v5.1.3,3.44,12.0,3200,17763,20187,56373,9645,17809,59083,14485.26,15481.52,45771.33,15490.74,15733.88,45881.31,0.00,0.00,0.00,1005.48,252.37,109.98,1042.48,1042.48,1.007,0.050,0.545,-4.094,-0.906,0.438,10876,170.4,0,-0.9492,-0.0252,0.0062,-0.3137,36.5,-1.6,0.0
3059661,2026-09-11_09-14-37.662-240,v5.1.3,3.44,12.0,3200,17768,20112,56399,9663,17769,59057,14489.90,15419.08,45793.16,15503.02,15700.84,45858.47,0.00,0.00,0.00,1013.12,281.76,65.31,1053.60,1053.60,1.003,0.052,0.544,-3.875,-0.719,3.625,10876,171.9,0,-0.9486,-0.0236,0.0065,-0.3154,36.8,-1.6,0.0
3059766,2026-09-11_09-14-37.767-240,v5.1.3,3.44,12.0,3200,17837,20114,56334,9721,17757,59024,14546.95,15421.21,45740.20,15546.52,15690.98,45824.19,0.00,0.00,0.00,999.57,269.77,83.99,1038.74,1038.74,1.009,0.050,0.544,-4.516,-0.828,0.172,10881,170.0,0,-0.9486,-0.0253,0.0070,-0.3153,36.7,-1.7,0.0
3059871,2026-09-11_09-14-37.872-240,v5.1.3,3.44,12.0,3200,17703,20143,56325,9587,17785,58996,14435.94,15446.66,45732.61,15431.56,15711.54,45819.62,0.00,0.00,0.00,995.62,264.88,87.01,1033.92,1033.92,1.008,0.050,0.544,-3.891,-1.203,-0.094,10877,169.3,0,-0.9487,-0.0255,0.0068,-0.3152,36.7,-1.7,0.0
3059978,2026-09-11_09-14-37.978-240,v5.1.3,3.44,12.0,3200,17712,20220,56285,9616,17850,58963,14442.86,15510.86,45699.36,15449.13,15764.17,45788.33,0.00,0.00,0.00,1006.27,253.31,88.96,1041.47,1041.47,1.006,0.051,0.544,-4.234,-0.766,-0.188,10867,170.3,0,-0.9488,-0.0253,0.0060,-0.3147,36.7,-1.6,0.0
3060083,2026-09-11_09-14-38.083-240,v5.1.3,3.44,12.0,3200,17732,20162,56333,9604,17829,59018,14459.79,15461.91,45738.96,15447.44,15748.17,45834.43,0.00,0.00,0.00,987.65,286.27,95.46,1032.72,1032.72,1.009,0.051,0.544,-3.781,-1.375,0.406,10867,169.2,0,-0.9487,-0.0257,0.0072,-0.3150,36.7,-1.7,0.0
3060188,2026-09-11_09-14-38.189-240,v5.1.3,3.44,12.0,3200,17707,20171,56280,9536,17764,58998,14439.05,15470.54,45695.71,15390.41,15693.82,45828.45,0.00,0.00,0.00,951.35,223.28,132.74,986.18,986.18,1.008,0.050,0.543,-4.031,-0.875,0.219,10868,163.2,0,-0.9488,-0.0250,0.0070,-0.3148,36.7,-1.7,0.0
3060293,2026-09-11_09-14-38.294-240,v5.1.3,3.44,12.0,3200,17686,20130,56193,9560,17736,58934,14421.96,15438.47,45625.20,15402.03,15669.75,45774.10,0.00,0.00,0.00,980.08,231.28,148.91,1017.95,1017.95,1.005,0.054,0.543,-3.812,-0.750,0.250,10873,167.3,0,-0.9487,-0.0266,0.0061,-0.3149,36.7,-1.6,0.0
3060398,2026-09-11_09-14-38.399-240,v5.1.3,3.44,12.0,3200,17678,20165,56272,9547,17777,58936,14415.11,15466.02,45689.25,15390.52,15703.10,45776.96,0.00,0.00,0.00,975.41,237.08,87.72,1007.63,1007.63,1.005,0.050,0.544,-4.141,-0.984,0.109,10867,166.0,0,-0.9489,-0.0249,0.0058,-0.3146,36.6,-1.5,0.0
3060504,2026-09-11_09-14-38.504-240,v5.1.3,3.44,12.0,3200,17692,20240,56288,9582,17830,59006,14426.19,15527.51,45701.63,15427.63,15748.44,45827.77,0.00,0.00,0.00,1001.45,220.92,126.14,1033.25,1033.25,1.007,0.053,0.545,-4.016,-0.812,0.453,10867,169.3,0,-0.9488,-0.0259,0.0059,-0.3146,36.7,-1.6,0.0
3060619,2026-09-11_09-14-38.620-240,v5.1.3,3.44,12.0,3200,17761,20145,56421,9597,17752,59101,14483.90,15446.00,45810.79,15455.23,15687.20,45903.05,0.00,0.00,0.00,971.34,241.20,92.26,1005.08,1005.08,1.004,0.052,0.542,-4.078,-1.000,0.156,10876,165.7,0,-0.9489,-0.0259,0.0063,-0.3145,36.6,-1.6,0.0
3060724,2026-09-11_09-14-38.725-240,v5.1.3,3.44,12.0,3200,17656,20128,56406,9532,17784,59093,14397.18,15433.29,45798.71,15399.76,15712.33,45905.09,0.00,0.00,0.00,1002.58,279.04,106.38,1046.11,1046.11,1.009,0.050,0.541,-4.250,-1.109,0.203,10880,170.9,0,-0.9490,-0.0254,0.0077,-0.3142,36.6,-1.7,0.0
3060829,2026-09-11_09-14-38.830-240,v5.1.3,3.44,12.0,3200,17680,20171,56456,9588,17814,59134,14416.74,15467.65,45839.07,15450.75,15738.47,45930.01,0.00,0.00,0.00,1034.01,270.82,90.94,1072.75,1072.75,1.005,0.052,0.544,-4.156,-0.734,0.156,10871,174.3,0,-0.9491,-0.0257,0.0058,-0.3140,36.6,-1.6,0.0
3060935,2026-09-11_09-14-38.936-240,v5.1.3,3.44,12.0,3200,17730,20119,56306,9613,17752,59040,14458.42,15426.91,45717.34,15459.95,15685.96,45851.85,0.00,0.00,0.00,1001.52,259.05,134.51,1043.19,1043.19,1.008,0.052,0.544,-4.203,-1.062,0.172,10871,170.5,0,-0.9491,-0.0260,0.0066,-0.3139,36.6,-1.6,0.0
3061041,2026-09-11_09-14-39.041-240,v5.1.3,3.44,12.0,3200,17704,20060,56373,9553,17687,59070,14437.33,15377.26,45772.42,15416.43,15632.88,45884.96,0.00,0.00,0.00,979.11,255.62,112.54,1018.17,1018.17,1.010,0.051,0.543,-4.016,-0.375,0.297,10869,167.3,0,-0.9491,-0.0258,0.0067,-0.3139,36.6,-1.7,0.0
3061146,2026-09-11_09-14-39.146-240,v5.1.3,3.44,12.0,3200,17669,20046,56337,9529,17684,59012,14408.47,15366.70,45743.21,15388.71,15628.77,45841.66,0.00,0.00,0.00,980.24,262.07,98.45,1019.43,1019.43,1.005,0.047,0.544,-4.156,-1.094,0.406,10865,167.5,0,-0.9491,-0.0242,0.0069,-0.3139,36.6,-1.6,0.0
3061251,2026-09-11_09-14-39.251-240,v5.1.3,3.44,12.0,3200,17677,20118,56321,9578,17744,59007,14414.60,15426.35,45729.56,15426.77,15678.22,45830.20,0.00,0.00,0.00,1012.16,251.87,100.64,1047.87,1047.87,1.005,0.052,0.545,-4.141,-1.281,0.094,10865,171.1,0,-0.9491,-0.0259,0.0061,-0.3139,36.6,-1.6,0.0
3061356,2026-09-11_09-14-39.357-240,v5.1.3,3.44,12.0,3200,17690,20136,56340,9591,17822,59032,14425.24,15440.74,45744.89,15438.86,15742.63,45847.54,0.00,0.00,0.00,1013.63,301.89,102.65,1062.60,1062.60,1.008,0.049,0.543,-4.172,-1.422,0.000,10882,173.0,0,-0.9492,-0.0252,0.0073,-0.3136,36.5,-1.7,0.0
3061461,2026-09-11_09-14-39.462-240,v5.1.3,3.44,12.0,3200,17726,20242,56339,9596,17871,59004,14454.30,15527.91,45743.16,15437.79,15782.03,45823.74,0.00,0.00,0.00,983.50,254.12,80.58,1018.99,1018.99,1.007,0.049,0.543,-4.188,-0.891,-0.188,10875,167.4,0,-0.9493,-0.0250,0.0067,-0.3132,36.5,-1.6,0.0
3061566,2026-09-11_09-14-39.567-240,v5.1.3,3.44,12.0,3200,17703,20263,56384,9530,17880,59106,14435.14,15544.67,45779.64,15397.36,15790.96,45914.59,0.00,0.00,0.00,962.22,246.30,134.96,1002.37,1002.37,1.004,0.052,0.542,-3.750,-0.609,0.453,10871,165.3,0,-0.9492,-0.0255,0.0061,-0.3135,36.5,-1.6,0.0
3061672,2026-09-11_09-14-39.673-240,v5.1.3,3.44,12.0,3200,17716,20279,56348,9558,17932,59098,14445.78,15558.39,45750.18,15417.92,15833.56,45903.69,0.00,0.00,0.00,972.14,275.17,153.52,1021.93,1021.93,1.006,0.048,0.540,-4.406,-1.125,-0.094,10871,167.8,0,-0.9494,-0.0250,0.0078,-0.3130,36.5,-1.7,0.0
3061777,2026-09-11_09-14-39.778-240,v5.1.3,3.44,12.0,3200,17683,20244,56364,9579,17847,59063,14418.73,15529.54,45763.50,15432.62,15763.62,45873.77,0.00,0.00,0.00,1013.89,234.08,110.27,1046.39,1046.39,1.006,0.051,0.547,-4.125,-0.984,0.062,10879,170.9,0,-0.9495,-0.0252,0.0055,-0.3127,36.4,-1.5,0.0
3061882,2026-09-11_09-14-39.883-240,v5.1.3,3.44,12.0,3200,17659,20206,56359,9548,17835,59030,14399.13,15498.50,45759.76,15402.83,15752.67,45851.63,0.00,0.00,0.00,1003.70,254.17,91.88,1039.45,1039.45,1.002,0.048,0.540,-4.000,-0.875,0.125,10869,170.0,0,-0.9495,-0.0250,0.0070,-0.3128,36.4,-1.7,0.0
3061988,2026-09-11_09-14-39.988-240,v5.1.3,3.44,12.0,3200,17654,20219,56370,9540,17857,59050,14394.91,15509.08,45768.61,15398.44,15771.00,45868.52,0.00,0.00,0.00,1003.53,261.91,99.92,1041.94,1041.94,1.005,0.049,0.543,-4.328,-0.562,0.609,10871,170.4,0,-0.9495,-0.0243,0.0065,-0.3127,36.4,-1.6,0.0
3062103,2026-09-11_09-14-40.104-240,v5.1.3,3.44,12.0,3200,17607,20173,56386,9471,17808,59107,14356.35,15471.29,45782.03,15350.83,15731.50,45924.36,0.00,0.00,0.00,994.48,260.21,142.33,1037.77,1037.77,1.007,0.052,0.545,-4.000,-1.062,0.016,10871,169.8,0,-0.9495,-0.0262,0.0063,-0.3126,36.4,-1.6,0.0
3062208,2026-09-11_09-14-40.209-240,v5.1.3,3.44,12.0,3200,17662,20153,56358,9512,17771,59080,14401.97,15454.73,45759.40,15381.83,15701.17,45897.53,0.00,0.00,0.00,979.86,246.44,138.13,1019.78,1019.78,1.005,0.050,0.542,-4.234,-0.625,3.828,10869,167.5,0,-0.9491,-0.0225,0.0076,-0.3139,36.6,-1.6,0.0
3062313,2026-09-11_09-14-40.314-240,v5.1.3,3.44,12.0,3200,17589,20159,56354,9495,17762,59062,14341.56,15460.49,45756.09,15365.58,15693.19,45885.50,0.00,0.00,0.00,1024.02,232.70,129.41,1058.07,1058.07,1.007,0.052,0.543,-4.469,-0.594,-0.141,10877,172.4,0,-0.9492,-0.0255,0.0067,-0.3136,36.5,-1.6,0.0
3062419,2026-09-11_09-14-40.419-240,v5.1.3,3.44,12.0,3200,17750,20202,56351,9650,17798,59065,14474.41,15494.43,45753.28,15492.66,15724.54,45866.31,0.00,0.00,0.00,1018.25,230.11,113.03,1050.02,1050.02,1.010,0.050,0.541,-4.234,-0.625,0.172,10877,171.4,0,-0.9492,-0.0255,0.0079,-0.3134,36.5,-1.8,0.0
3062524,2026-09-11_09-14-40.524-240,v5.1.3,3.44,12.0,3200,17777,20222,56314,9689,17846,59049,14496.60,15511.33,45722.97,15521.27,15763.82,45847.52,0.00,0.00,0.00,1024.67,252.49,124.55,1062.64,1062.64,1.002,0.050,0.542,-4.391,-0.969,0.047,10877,173.0,0,-0.9494,-0.0253,0.0063,-0.3130,36.5,-1.6,0.0
3062629,2026-09-11_09-14-40.630-240,v5.1.3,3.44,12.0,3200,17810,20213,56376,9690,17835,59046,14523.96,15502.46,45773.55,15521.97,15754.78,45845.11,0.00,0.00,0.00,998.01,252.32,71.56,1031.90,1031.90,1.005,0.049,0.541,-4.094,-0.969,0.094,10884,169.1,0,-0.9494,-0.0256,0.0072,-0.3131,36.5,-1.7,0.0
3062734,2026-09-11_09-14-40.735-240,v5.1.3,3.44,12.0,3200,17774,20168,56383,9671,17814,59096,14494.49,15465.54,45779.64,15513.82,15738.59,45888.15,0.00,0.00,0.00,1019.33,273.05,108.51,1060.83,1060.83,1.009,0.047,0.546,-4.188,-0.828,0.531,10873,172.8,0,-0.9494,-0.0240,0.0069,-0.3132,36.5,-1.6,0.0
3062840,2026-09-11_09-14-40.841-240,v5.1.3,3.44,12.0,3200,17755,20124,56365,9656,17775,59081,14479.07,15429.73,45765.36,15500.43,15706.22,45878.63,0.00,0.00,0.00,1021.36,276.49,113.28,1064.17,1064.17,1.008,0.050,0.545,-3.906,-0.969,0.547,10873,173.2,0,-0.9492,-0.0256,0.0067,-0.3137,36.5,-1.7,0.0
3062946,2026-09-11_09-14-40.947-240,v5.1.3,3.44,12.0,3200,17763,20139,56356,9617,17773,58992,14485.58,15442.20,45757.90,15456.03,15702.01,45812.46,0.00,0.00,0.00,970.44,259.82,54.56,1006.10,1006.10,1.006,0.047,0.542,-3.906,-1.188,0.297,10872,165.8,0,-0.9491,-0.0245,0.0074,-0.3139,36.6,-1.7,0.0
3063051,2026-09-11_09-14-41.052-240,v5.1.3,3.44,12.0,3200,17684,20200,56288,9563,17848,58976,14419.84,15494.57,45701.98,15407.35,15762.19,45806.03,0.00,0.00,0.00,987.51,267.62,104.05,1028.41,1028.41,1.004,0.049,0.543,-4.141,-1.016,0.062,10876,168.6,0,-0.9492,-0.0250,0.0065,-0.3137,36.5,-1.6,0.0
3063157,2026-09-11_09-14-41.157-240,v5.1.3,3.44,12.0,3200,17733,20211,56276,9600,17835,58958,14460.29,15503.38,45692.11,15435.66,15751.61,45786.68,0.00,0.00,0.00,975.38,248.23,94.57,1010.90,1010.90,1.008,0.051,0.545,-7.969,-1.078,0.562,10881,166.4,0,-0.9501,-0.0235,0.0069,-0.3110,36.2,-1.6,0.0
3063262,2026-09-11_09-14-41.262-240,v5.1.3,3.44,12.0,3200,17688,20206,56301,9591,17811,59031,14423.11,15499.25,45712.52,15439.02,15733.63,45846.88,0.00,0.00,0.00,1015.91,234.38,134.36,1051.21,1051.21,1.006,0.050,0.542,-4.062,-0.750,0.094,10881,171.5,0,-0.9500,-0.0257,0.0071,-0.3113,36.2,-1.7,0.0
3063368,2026-09-11_09-14-41.368-240,v5.1.3,3.44,12.0,3200,17704,20144,56283,9587,17771,59016,14436.75,15448.23,45698.39,15434.71,15700.58,45835.87,0.00,0.00,0.00,997.95,252.35,137.48,1038.50,1038.50,1.005,0.051,0.544,-4.281,-0.766,-0.078,10870,169.9,0,-0.9500,-0.0259,0.0060,-0.3111,36.2,-1.6,0.0
3063473,2026-09-11_09-14-41.473-240,v5.1.3,3.44,12.0,3200,17662,20146,56288,9549,17759,58997,14402.01,15450.21,45702.44,15401.10,15689.87,45825.94,0.00,0.00,0.00,999.09,239.67,123.50,1034.83,1034.83,1.008,0.050,0.541,-3.828,-1.188,0.672,10876,169.5,0,-0.9498,-0.0257,0.0078,-0.3116,36.3,-1.8,0.0
3063588,2026-09-11_09-14-41.588-240,v5.1.3,3.44,12.0,3200,17777,20205,56402,9653,17840,59095,14496.72,15495.72,45794.80,15498.17,15759.57,45889.48,0.00,0.00,0.00,1001.45,263.85,94.68,1039.94,1039.94,1.005,0.049,0.545,-4.109,-0.969,0.672,10871,170.1,0,-0.9498,-0.0245,0.0063,-0.3118,36.3,-1.6,0.0
3063693,2026-09-11_09-14-41.693-240,v5.1.3,3.44,12.0,3200,17683,20171,56554,9564,17828,59291,14419.23,15465.86,45918.90,15452.39,15753.30,46059.27,0.00,0.00,0.00,1033.16,287.45,140.38,1081.55,1081.55,1.005,0.052,0.542,-3.719,-1.062,0.156,10871,175.4,0,-0.9496,-0.0267,0.0067,-0.3123,36.4,-1.7,0.0
3063798,2026-09-11_09-14-41.799-240,v5.1.3,3.44,12.0,3200,17721,20157,56425,9578,17750,59116,14450.74,15456.24,45813.94,15441.72,15685.69,45917.72,0.00,0.00,0.00,990.99,229.45,103.78,1022.48,1022.48,1.005,0.051,0.546,-4.016,-0.938,-0.234,10873,167.9,0,-0.9497,-0.0259,0.0053,-0.3120,36.3,-1.5,0.0
3063904,2026-09-11_09-14-41.905-240,v5.1.3,3.44,12.0,3200,17681,20067,56358,9556,17679,59046,14418.26,15383.54,45760.14,15415.79,15625.82,45865.36,0.00,0.00,0.00,997.53,242.28,105.22,1031.91,1031.91,1.005,0.050,0.542,-4.250,-0.688,0.594,10875,169.1,0,-0.9496,-0.0254,0.0068,-0.3122,36.4,-1.6,0.0
3064010,2026-09-11_09-14-41.010-240,v5.1.3,3.44,12.0,3200,17672,20035,56359,9549,17676,59052,14411.03,15357.19,45761.23,15410.94,15623.43,45871.18,0.00,0.00,0.00,999.91,266.24,109.95,1040.57,1040.57,1.007,0.051,0.543,-3.688,-0.938,3.859,10870,170.2,0,-0.9490,-0.0236,0.0077,-0.3142,36.6,-1.7,0.0
3064115,2026-09-11_09-14-42.116-240,v5.1.3,3.44,12.0,3200,17693,20046,56341,9551,17682,59037,14428.32,15366.39,45746.47,15410.34,15627.99,45858.78,0.00,0.00,0.00,982.03,261.61,112.30,1022.46,1022.46,1.008,0.049,0.540,-3.859,-0.734,-0.078,10870,167.9,0,-0.9489,-0.0259,0.0079,-0.3145,36.6,-1.8,0.0
3064220,2026-09-11_09-14-42.221-240,v5.1.3,3.44,12.0,3200,17713,20127,56317,9578,17762,59008,14444.31,15433.49,45726.23,15426.43,15692.94,45830.78,0.00,0.00,0.00,982.11,259.45,104.55,1021.17,1021.17,1.005,0.048,0.541,-4.125,-1.250,0.172,10871,167.7,0,-0.9490,-0.0246,0.0075,-0.3143,36.6,-1.7,0.0
3064325,2026-09-11_09-14-42.326-240,v5.1.3,3.44,12.0,3200,17647,20198,56337,9490,17832,59053,14389.26,15492.41,45741.91,15358.35,15750.05,45878.07,0.00,0.00,0.00,969.09,257.64,136.16,1011.95,1011.95,1.008,0.050,0.546,-4.016,-1.047,0.266,10868,166.5,0,-0.9490,-0.0248,0.0062,-0.3142,36.6,-1.6,0.0
3064430,2026-09-11_09-14-42.431-240,v5.1.3,3.43,12.0,3200,17812,20197,56328,9696,17882,59066,14525.71,15490.09,45734.59,15528.44,15793.69,45859.77,0.00,0.00,0.00,1002.72,303.60,125.18,1055.13,1055.13,1.006,0.048,0.543,-3.750,-0.719,0.188,10868,172.0,0,-0.9489,-0.0249,0.0068,-0.3146,36.7,-1.6,0.0
3064536,2026-09-11_09-14-42.536-240,v5.1.3,3.43,12.0,3200,17715,20238,56369,9568,17903,59118,14445.23,15524.18,45767.63,15429.70,15810.49,45918.77,0.00,0.00,0.00,984.47,286.31,151.13,1036.34,1036.34,1.006,0.049,0.543,-4.078,-1.000,0.172,10868,169.6,0,-0.9489,-0.0250,0.0067,-0.3145,36.6,-1.6,0.0
3064641,2026-09-11_09-14-42.641-240,v5.1.3,3.43,12.0,3200,17719,20224,56367,9565,17878,59093,14448.63,15512.61,45766.12,15424.43,15789.46,45899.40,0.00,0.00,0.00,975.80,276.84,133.28,1023.03,1023.03,1.007,0.049,0.541,-4.297,-0.906,-0.047,10868,168.0,0,-0.9490,-0.0252,0.0075,-0.3142,36.6,-1.7,0.0
3064746,2026-09-11_09-14-42.747-240,v5.1.3,3.43,12.0,3200,17700,20231,56381,9550,17845,59058,14432.87,15518.33,45777.46,15408.10,15761.51,45873.73,0.00,0.00,0.00,975.23,243.18,96.27,1009.69,1009.69,1.007,0.049,0.540,-3.953,-1.078,0.016,10873,166.2,0,-0.9490,-0.0253,0.0081,-0.3140,36.6,-1.8,0.0
3064851,2026-09-11_09-14-42.852-240,v5.1.3,3.43,12.0,3200,17644,20304,56375,9577,17930,59059,14386.07,15579.27,45771.95,15428.21,15831.24,45869.79,0.00,0.00,0.00,1042.14,251.97,97.84,1076.62,1076.62,1.009,0.049,0.546,-4.000,-0.891,0.547,10873,174.8,0,-0.9491,-0.0239,0.0064,-0.3139,36.6,-1.6,0.0
3064966,2026-09-11_09-14-42.967-240,v5.1.3,3.43,12.0,3200,17724,20197,56348,9561,17823,59040,14452.94,15490.61,45750.88,15415.25,15743.27,45858.05,0.00,0.00,0.00,962.30,252.65,107.17,1000.67,1000.67,1.008,0.049,0.545,-4.203,-0.641,-0.047,10877,165.1,0,-0.9491,-0.0253,0.0062,-0.3139,36.6,-1.6,0.0
3065071,2026-09-11_09-14-43.072-240,v5.1.3,3.43,12.0,3200,17632,20192,56388,9532,17814,59101,14376.90,15486.69,45783.50,15400.07,15737.00,45911.14,0.00,0.00,0.00,1023.17,250.31,127.64,1061.05,1061.05,1.008,0.051,0.542,-4.031,-1.047,-0.312,10883,172.8,0,-0.9492,-0.0261,0.0070,-0.3135,36.5,-1.7,0.0
3065176,2026-09-11_09-14-43.177-240,v5.1.3,3.43,12.0,3200,17639,20163,56374,9489,17776,59058,14382.88,15462.93,45772.35,15359.71,15704.45,45882.93,0.00,0.00,0.00,976.83,241.52,110.58,1012.30,1012.30,1.007,0.048,0.547,-4.047,-0.906,0.062,10879,166.6,0,-0.9493,-0.0242,0.0059,-0.3133,36.5,-1.5,0.0
3065282,2026-09-11_09-14-43.282-240,v5.1.3,3.43,12.0,3200,17676,20122,56353,9520,17746,59043,14413.75,15429.08,45755.59,15383.95,15679.99,45867.02,0.00,0.00,0.00,970.20,250.91,111.43,1008.29,1008.29,1.008,0.050,0.541,-3.969,-0.984,0.453,10879,166.1,0,-0.9492,-0.0258,0.0077,-0.3137,36.5,-1.8,0.0
3065387,2026-09-11_09-14-43.387-240,v5.1.3,3.43,12.0,3200,17730,20152,56354,9613,17787,59042,14458.21,15453.29,45756.15,15459.29,15714.57,45853.01,0.00,0.00,0.00,1001.09,261.28,96.86,1039.15,1039.15,1.007,0.048,0.543,-4.406,-0.828,0.031,10877,170.0,0,-0.9493,-0.0247,0.0070,-0.3132,36.5,-1.6,0.0
3065492,2026-09-11_09-14-43.492-240,v5.1.3,3.43,12.0,3200,17768,20191,56343,9685,17840,59059,14489.37,15485.31,45746.86,15519.53,15759.11,45856.18,0.00,0.00,0.00,1030.16,273.80,109.32,1071.51,1071.51,1.007,0.050,0.544,-4.250,-1.109,-0.250,10876,174.1,0,-0.9494,-0.0261,0.0068,-0.3130,36.5,-1.7,0.0
3065597,2026-09-11_09-14-43.597-240,v5.1.3,3.43,12.0,3200,17807,20203,56350,9675,17847,59036,14521.54,15494.70,45752.46,15507.92,15764.16,45838.98,0.00,0.00,0.00,986.38,269.46,86.52,1026.17,1026.17,1.005,0.050,0.542,-0.438,-0.844,0.406,10878,168.4,0,-0.9484,-0.0269,0.0065,-0.3158,36.8,-1.7,0.0
3065702,2026-09-11_09-14-43.703-240,v5.1.3,3.43,12.0,3200,17765,20189,56362,9642,17815,59116,14486.90,15483.35,45762.35,15492.69,15739.52,45908.17,0.00,0.00,0.00,1005.79,256.17,145.82,1048.09,1048.09,1.006,0.049,0.543,-3.766,-1.234,0.391,10878,171.1,0,-0.9485,-0.0246,0.0069,-0.3158,36.8,-1.6,0.0
3065808,2026-09-11_09-14-43.808-240,v5.1.3,3.43,12.0,3200,17889,20179,56380,9767,17767,59069,14589.51,15473.53,45777.11,15590.37,15700.77,45853.95,0.00,0.00,0.00,1000.85,227.24,76.84,1029.20,1029.20,1.005,0.051,0.542,-4.031,-0.844,0.719,10880,168.7,0,-0.9484,-0.0254,0.0069,-0.3161,36.8,-1.7,0.0
3065913,2026-09-11_09-14-43.914-240,v5.1.3,3.43,12.0,3200,17711,20122,56343,9603,17737,59044,14442.70,15428.92,45747.45,15452.67,15673.69,45856.61,0.00,0.00,0.00,1009.97,244.77,109.16,1044.93,1044.93,1.008,0.051,0.546,-4.000,-1.078,0.250,10878,170.7,0,-0.9484,-0.0252,0.0060,-0.3159,36.8,-1.6,0.0
3066018,2026-09-11_09-14-43.019-240,v5.1.3,3.43,12.0,3200,17663,20169,56313,9553,17806,58980,14402.68,15468.74,45722.61,15400.79,15727.88,45811.14,0.00,0.00,0.00,998.10,259.14,88.54,1034.99,1034.99,1.007,0.050,0.542,-4.172,-1.016,0.547,10866,169.5,0,-0.9485,-0.0247,0.0071,-0.3158,36.8,-1.7,0.0
3066124,2026-09-11_09-14-44.125-240,v5.1.3,3.43,12.0,3200,17738,20235,56270,9626,17849,58938,14464.26,15523.25,45687.02,15453.93,15762.88,45766.89,0.00,0.00,0.00,989.67,239.63,79.87,1021.39,1021.39,1.006,0.049,0.545,-3.781,-0.953,0.125,10866,167.7,0,-0.9485,-0.0245,0.0063,-0.3158,36.8,-1.6,0.0
3066230,2026-09-11_09-14-44.231-240,v5.1.3,3.43,12.0,3200,17700,20161,56270,9541,17805,58954,14433.33,15462.54,45687.65,15387.33,15726.30,45791.89,0.00,0.00,0.00,954.00,263.77,104.24,995.26,995.26,1.006,0.051,0.544,-3.953,-1.125,0.344,10876,164.4,0,-0.9485,-0.0254,0.0064,-0.3158,36.8,-1.6,0.0
3066335,2026-09-11_09-14-44.336-240,v5.1.3,3.43,12.0,3200,17687,20148,56227,9571,17753,58890,14422.67,15452.71,45652.74,15404.54,15682.72,45737.03,0.00,0.00,0.00,981.87,230.02,84.29,1011.97,1011.97,1.007,0.049,0.545,-4.016,-1.078,-0.281,10869,166.5,0,-0.9486,-0.0249,0.0061,-0.3154,36.8,-1.6,0.0
3066451,2026-09-11_09-14-44.451-240,v5.1.3,3.43,12.0,3200,17729,20194,56409,9598,17861,59075,14457.10,15486.99,45800.59,15449.55,15775.56,45880.64,0.00,0.00,0.00,992.45,288.57,80.05,1036.65,1036.65,1.008,0.049,0.545,-4.078,-1.172,-0.047,10880,169.7,0,-0.9487,-0.0248,0.0066,-0.3152,36.7,-1.6,0.0
3066556,2026-09-11_09-14-44.556-240,v5.1.3,3.43,12.0,3200,17713,20235,56414,9595,17837,59106,14443.60,15520.91,45804.31,15452.02,15756.67,45906.27,0.00,0.00,0.00,1008.42,235.75,101.95,1040.62,1040.62,1.007,0.052,0.547,-4.109,-1.156,0.047,10880,170.2,0,-0.9488,-0.0255,0.0056,-0.3149,36.7,-1.5,0.0
3066661,2026-09-11_09-14-44.662-240,v5.1.3,3.43,12.0,3200,17714,20158,56447,9554,17753,59182,14444.95,15456.74,45831.86,15431.04,15689.40,45973.99,0.00,0.00,0.00,986.09,232.66,142.13,1023.09,1023.09,1.005,0.051,0.543,-4.328,-0.953,0.078,10882,168.0,0,-0.9489,-0.0257,0.0063,-0.3145,36.6,-1.6,0.0
3066766,2026-09-11_09-14-44.767-240,v5.1.3,3.43,12.0,3200,17662,20155,56437,9546,17738,59143,14401.96,15454.96,45823.73,15419.44,15676.14,45943.93,0.00,0.00,0.00,1017.48,221.17,120.20,1048.15,1048.15,1.004,0.048,0.545,-4.031,-0.797,0.203,10878,171.2,0,-0.9490,-0.0240,0.0055,-0.3144,36.6,-1.5,0.0
3066871,2026-09-11_09-14-44.872-240,v5.1.3,3.43,12.0,3200,17674,20105,56469,9551,17713,59193,14412.22,15412.99,45850.23,15431.16,15656.97,45983.74,0.00,0.00,0.00,1018.93,243.99,133.51,1056.21,1056.21,1.010,0.049,0.544,-4.453,-1.188,0.062,10878,172.2,0,-0.9490,-0.0252,0.0074,-0.3141,36.6,-1.7,0.0
3066976,2026-09-11_09-14-44.977-240,v5.1.3,3.43,12.0,3200,17671,20126,56352,9560,17728,59018,14409.59,15432.46,45754.75,15413.90,15665.20,45841.70,0.00,0.00,0.00,1004.30,232.75,86.95,1034.58,1034.58,1.007,0.051,0.543,-4.078,-0.953,0.594,10875,169.4,0,-0.9490,-0.0252,0.0070,-0.3142,36.6,-1.7,0.0
3067082,2026-09-11_09-14-45.082-240,v5.1.3,3.43,12.0,3200,17680,20124,56340,9573,17757,59029,14417.05,15430.93,45744.99,15425.35,15689.29,45848.40,0.00,0.00,0.00,1008.31,258.36,103.41,1046.01,1046.01,1.007,0.049,0.541,-4.188,-0.719,-0.094,10875,170.9,0,-0.9491,-0.0252,0.0074,-0.3139,36.6,-1.7,0.0
3067187,2026-09-11_09-14-45.187-240,v5.1.3,3.43,12.0,3200,17718,20121,56326,9603,17740,59052,14448.49,15428.33,45733.61,15453.70,15676.32,45863.00,0.00,0.00,0.00,1005.21,248.00,129.39,1043.40,1043.40,1.006,0.049,0.542,-4.562,-0.859,0.109,10870,170.6,0,-0.9493,-0.0249,0.0073,-0.3134,36.5,-1.7,0.0
3067292,2026-09-11_09-14-45.293-240,v5.1.3,3.43,12.0,3200,17710,20089,56381,9565,17687,59092,14442.09,15401.00,45778.69,15429.37,15633.54,45901.00,0.00,0.00,0.00,987.27,232.54,122.31,1021.64,1021.64,1.006,0.049,0.546,-3.984,-1.078,0.203,10870,167.8,0,-0.9492,-0.0250,0.0061,-0.3135,36.5,-1.6,0.0
3067397,2026-09-11_09-14-45.398-240,v5.1.3,3.43,12.0,3200,17666,20064,56360,9547,17672,59083,14405.87,15381.18,45761.79,15413.70,15620.87,45896.41,0.00,0.00,0.00,1007.82,239.69,134.62,1044.64,1044.64,1.002,0.052,0.547,-4.375,-0.984,0.062,10874,170.7,0,-0.9493,-0.0256,0.0046,-0.3132,36.5,-1.4,0.0
3067502,2026-09-11_09-14-45.503-240,v5.1.3,3.43,12.0,3200,17674,20172,56352,9538,17794,59043,14411.76,15470.41,45754.35,15397.50,15719.39,45863.96,0.00,0.00,0.00,985.73,248.98,109.61,1022.58,1022.58,1.006,0.048,0.540,-4.297,-0.734,0.156,10878,167.9,0,-0.9494,-0.0252,0.0072,-0.3130,36.5,-1.7,0.0
3067607,2026-09-11_09-14-45.608-240,v5.1.3,3.43,12.0,3200,17683,20277,56336,9575,17873,59029,14418.50,15557.29,45740.41,15423.92,15783.99,45846.67,0.00,0.00,0.00,1005.42,226.70,106.25,1036.12,1036.12,1.004,0.051,0.545,-3.938,-1.719,-0.078,10873,169.6,0,-0.9494,-0.0256,0.0062,-0.3128,36.4,-1.6,0.0
3067713,2026-09-11_09-14-45.713-240,v5.1.3,3.43,12.0,3200,17698,20274,56346,9570,17915,59058,14430.93,15554.48,45748.59,15422.71,15818.89,45870.12,0.00,0.00,0.00,991.78,264.41,121.54,1033.59,1033.59,1.006,0.049,0.546,-3.953,-0.969,0.188,10873,169.3,0,-0.9495,-0.0245,0.0059,-0.3128,36.4,-1.5,0.0
3067818,2026-09-11_09-14-45.819-240,v5.1.3,3.43,12.0,3200,17706,20274,56341,9602,17944,59037,14437.54,15554.49,45744.51,15445.37,15842.46,45848.52,0.00,0.00,0.00,1007.83,287.97,104.01,1053.31,1053.31,1.007,0.049,0.542,-4.266,-0.859,-0.125,10877,171.8,0,-0.9495,-0.0252,0.0072,-0.3126,36.4,-1.7,0.0
3067933,2026-09-11_09-14-45.934-240,v5.1.3,3.43,12.0,3200,17645,20146,56353,9495,17744,59070,14387.96,15449.21,45755.38,15367.16,15678.69,45892.15,0.00,0.00,0.00,979.21,229.48,136.77,1014.99,1014.99,1.004,0.050,0.543,-3.828,-1.156,-0.250,10875,166.9,0,-0.9495,-0.0257,0.0063,-0.3125,36.4,-1.6,0.0
3068038,2026-09-11_09-14-46.039-240,v5.1.3,3.43,12.0,3200,17589,20159,56338,9440,17796,59065,14341.56,15460.78,45743.05,15319.80,15720.34,45894.99,0.00,0.00,0.00,978.24,259.56,151.93,1023.43,1023.43,1.007,0.050,0.544,-4.547,-0.938,-0.266,10880,168.0,0,-0.9498,-0.0250,0.0065,-0.3119,36.3,-1.6,0.0
3068143,2026-09-11_09-14-46.144-240,v5.1.3,3.43,12.0,3200,17518,20188,56351,9401,17827,59033,14282.65,15485.20,45753.39,15282.43,15744.41,45874.21,0.00,0.00,0.00,999.78,259.21,120.82,1039.88,1039.88,1.005,0.049,0.541,-4.344,-0.891,0.062,10880,170.1,0,-0.9499,-0.0249,0.0073,-0.3115,36.3,-1.7,0.0
3068249,2026-09-11_09-14-46.249-240,v5.1.3,3.43,12.0,3200,17627,20223,56344,9501,17853,59030,14372.55,15513.12,45747.39,15363.66,15766.78,45857.82,0.00,0.00,0.00,991.10,253.66,110.43,1028.99,1028.99,1.010,0.051,0.545,-4.250,-0.875,-0.031,10871,168.7,0,-0.9499,-0.0256,0.0068,-0.3113,36.3,-1.7,0.0
3068354,2026-09-11_09-14-46.354-240,v5.1.3,3.43,12.0,3200,17614,20165,56366,9452,17770,59079,14362.20,15464.97,45765.81,15332.32,15699.59,45904.93,0.00,0.00,0.00,970.12,234.62,139.12,1007.74,1007.74,1.006,0.049,0.542,-3.922,-0.922,0.125,10868,166.0,0,-0.9499,-0.0253,0.0070,-0.3114,36.3,-1.7,0.0
3068459,2026-09-11_09-14-46.460-240,v5.1.3,3.43,12.0,3200,17756,20126,56364,9585,17774,59052,14479.88,15431.39,45764.52,15437.97,15703.85,45865.03,0.00,0.00,0.00,958.09,272.46,100.51,1001.14,1001.14,1.005,0.050,0.540,-4.250,-0.922,0.156,10868,165.2,0,-0.9499,-0.0261,0.0078,-0.3114,36.3,-1.8,0.0
3068564,2026-09-11_09-14-46.565-240,v5.1.3,3.43,12.0,3200,17728,20184,56366,9633,17807,59043,14456.34,15479.52,45765.65,15475.37,15731.16,45850.83,0.00,0.00,0.00,1019.03,251.64,85.18,1053.09,1053.09,1.008,0.049,0.543,-4.344,-0.797,-0.078,10873,171.8,0,-0.9500,-0.0250,0.0072,-0.3111,36.2,-1.7,0.0
3068669,2026-09-11_09-14-46.670-240,v5.1.3,3.43,12.0,3200,17830,20211,56342,9727,17816,59054,14540.51,15501.22,45745.88,15554.05,15739.92,45846.73,0.00,0.00,0.00,1013.54,238.70,100.86,1046.15,1046.15,1.009,0.050,0.541,-3.922,-1.141,-0.219,10874,170.9,0,-0.9499,-0.0267,0.0082,-0.3113,36.2,-1.8,0.0
3068774,2026-09-11_09-14-46.775-240,v5.1.3,3.43,12.0,3200,17780,20225,56327,9689,17824,59031,14499.06,15513.55,45733.54,15519.36,15745.44,45833.34,0.00,0.00,0.00,1020.30,231.89,99.80,1051.07,1051.07,1.007,0.051,0.541,-4.031,-0.547,-0.172,10876,171.5,0,-0.9500,-0.0260,0.0069,-0.3110,36.2,-1.7,0.0
3068880,2026-09-11_09-14-46.881-240,v5.1.3,3.43,12.0,3200,17853,20116,56356,9737,17757,59067,14560.16,15422.30,45758.10,15565.66,15692.19,45856.56,0.00,0.00,0.00,1005.49,269.89,98.46,1045.73,1045.73,1.008,0.051,0.543,-4.219,-0.578,0.141,10876,170.8,0,-0.9500,-0.0264,0.0070,-0.3111,36.2,-1.7,0.0
3068985,2026-09-11_09-14-46.986-240,v5.1.3,3.43,12.0,3200,17734,20102,56338,9579,17733,59025,14461.85,15412.26,45743.55,15430.38,15669.68,45844.67,0.00,0.00,0.00,968.53,257.42,101.12,1007.24,1007.24,1.005,0.049,0.545,-4.234,-0.875,0.219,10866,165.9,0,-0.9500,-0.0249,0.0063,-0.3111,36.2,-1.6,0.0
3069091,2026-09-11_09-14-47.092-240,v5.1.3,3.43,12.0,3200,17707,20159,56291,9541,17800,58922,14439.14,15460.44,45704.78,15383.02,15721.47,45766.25,0.00,0.00,0.00,943.89,261.03,61.47,981.25,981.25,1.006,0.049,0.543,-4.156,-1.078,0.031,10874,162.6,0,-0.9500,-0.0255,0.0071,-0.3112,36.2,-1.7,0.0
3069196,2026-09-11_09-14-47.197-240,v5.1.3,3.43,12.0,3200,17697,20195,56249,9585,17837,58963,14430.62,15491.01,45670.25,15423.95,15753.17,45792.72,0.00,0.00,0.00,993.33,262.16,122.47,1034.62,1034.62,1.009,0.049,0.548,-4.359,-0.719,0.016,10878,169.4,0,-0.9501,-0.0245,0.0059,-0.3109,36.2,-1.5,0.0
3069301,2026-09-11_09-14-47.302-240,v5.1.3,3.43,12.0,3200,17710,20174,56316,9568,17803,59028,14441.52,15472.34,45725.01,15419.88,15726.75,45847.70,0.00,0.00,0.00,978.36,254.41,122.69,1018.31,1018.31,1.008,0.050,0.545,-3.828,-0.469,0.484,10878,167.3,0,-0.9499,-0.0254,0.0062,-0.3115,36.3,-1.6,0.0
3069416,2026-09-11_09-14-47.417-240,v5.1.3,3.44,12.0,3200,17712,20133,56389,9572,17761,59111,14443.45,15437.16,45784.82,15435.80,15694.47,45914.38,0.00,0.00,0.00,992.35,257.31,129.55,1033.32,1033.32,1.007,0.052,0.545,-4.250,-0.812,0.359,10872,169.3,0,-0.9498,-0.0258,0.0062,-0.3116,36.3,-1.6,0.0
3069522,2026-09-11_09-14-47.522-240,v5.1.3,3.44,12.0,3200,17685,20165,56387,9540,17818,59067,14420.91,15463.88,45782.92,15401.83,15739.57,45882.67,0.00,0.00,0.00,980.92,275.68,99.75,1023.80,1023.80,1.007,0.051,0.543,-4.297,-1.172,0.016,10876,168.0,0,-0.9499,-0.0257,0.0069,-0.3114,36.3,-1.7,0.0
3069627,2026-09-11_09-14-47.627-240,v5.1.3,3.44,12.0,3200,17705,20202,56397,9605,17841,59100,14437.20,15494.05,45790.75,15459.32,15759.91,45900.03,0.00,0.00,0.00,1022.11,265.86,109.28,1061.76,1061.76,1.004,0.051,0.543,-3.938,-0.812,0.109,10884,172.9,0,-0.9499,-0.0255,0.0063,-0.3115,36.3,-1.6,0.0
3069732,2026-09-11_09-14-47.733-240,v5.1.3,3.44,12.0,3200,17675,20184,56535,9587,17809,59260,14412.53,15477.01,45903.31,15467.54,15737.35,46031.46,0.00,0.00,0.00,1055.01,260.33,128.15,1094.19,1094.19,1.006,0.049,0.541,-4.188,-0.875,0.484,10884,177.0,0,-0.9499,-0.0251,0.0076,-0.3116,36.3,-1.7,0.0
3069837,2026-09-11_09-14-47.838-240,v5.1.3,3.44,12.0,3200,17749,20164,56448,9567,17781,59127,14473.85,15461.32,45832.62,15433.37,15711.11,45927.67,0.00,0.00,0.00,959.52,249.79,95.05,996.05,996.05,1.006,0.051,0.544,-4.281,-0.656,0.750,10876,164.5,0,-0.9498,-0.0251,0.0064,-0.3118,36.3,-1.6,0.0
3069942,2026-09-11_09-14-47.943-240,v5.1.3,3.44,12.0,3200,17703,20117,56424,9570,17690,59098,14436.12,15423.41,45813.47,15434.24,15636.19,45905.10,0.00,0.00,0.00,998.12,212.78,91.63,1024.65,1024.65,1.006,0.049,0.545,-3.812,-0.531,0.297,10877,168.2,0,-0.9497,-0.0250,0.0060,-0.3123,36.4,-1.5,0.0
3070047,2026-09-11_09-14-48.048-240,v5.1.3,3.44,12.0,3200,17675,20048,56321,9568,17674,59018,14413.42,15368.58,45730.16,15421.92,15621.23,45841.29,0.00,0.00,0.00,1008.50,252.65,111.12,1045.59,1045.59,1.007,0.051,0.545,-4.219,-0.766,0.734,10877,170.8,0,-0.9495,-0.0252,0.0064,-0.3126,36.4,-1.6,0.0
3070153,2026-09-11_09-14-48.153-240,v5.1.3,3.44,12.0,3200,17679,20029,56419,9518,17677,59061,14416.86,15351.09,45810.15,15386.64,15624.07,45882.63,0.00,0.00,0.00,969.77,272.99,72.48,1010.07,1010.07,1.007,0.051,0.539,-3.734,-1.203,0.406,10883,166.3,0,-0.9493,-0.0263,0.0083,-0.3131,36.5,-1.9,0.0
3070258,2026-09-11_09-14-48.258-240,v5.1.3,3.44,12.0,3200,17706,20073,56368,9572,17675,59042,14438.89,15388.06,45768.23,15428.51,15622.66,45860.02,0.00,0.00,0.00,989.62,234.60,91.78,1021.18,1021.18,1.007,0.050,0.546,-4.000,-1.328,0.578,10877,167.7,0,-0.9493,-0.0246,0.0068,-0.3132,36.5,-1.6,0.0
3070363,2026-09-11_09-14-48.364-240,v5.1.3,3.44,12.0,3200,17707,20122,56315,9592,17731,59009,14439.39,15429.46,45724.64,15438.92,15667.83,45830.06,0.00,0.00,0.00,999.53,238.37,105.42,1032.95,1032.95,1.006,0.050,0.544,-3.938,-1.031,-0.109,10881,169.2,0,-0.9493,-0.0255,0.0065,-0.3133,36.5,-1.6,0.0
3070468,2026-09-11_09-14-48.469-240,v5.1.3,3.44,12.0,3200,17704,20087,56369,9578,17674,59080,14437.14,15399.62,45768.93,15438.75,15622.81,45889.75,0.00,0.00,0.00,1001.61,223.19,120.82,1033.26,1033.26,1.006,0.047,0.542,-4.156,-1.031,0.016,10881,169.3,0,-0.9493,-0.0245,0.0077,-0.3133,36.5,-1.7,0.0
3070573,2026-09-11_09-14-48.574-240,v5.1.3,3.44,12.0,3200,17673,20111,56354,9528,17737,59027,14411.35,15420.02,45756.50,15388.56,15672.37,45853.19,0.00,0.00,0.00,977.21,252.35,96.68,1013.89,1013.89,1.006,0.047,0.542,-3.969,-0.938,-0.156,10881,166.8,0,-0.9493,-0.0244,0.0074,-0.3133,36.5,-1.7,0.0
3070678,2026-09-11_09-14-48.679-240,v5.1.3,3.44,12.0,3200,17666,20227,56346,9543,17848,59007,14404.78,15516.00,45748.99,15395.18,15762.67,45833.67,0.00,0.00,0.00,990.40,246.67,84.68,1024.17,1024.17,1.005,0.051,0.543,-4.312,-0.984,-0.047,10879,168.1,0,-0.9494,-0.0253,0.0065,-0.3130,36.5,-1.6,0.0
3070784,2026-09-11_09-14-48.784-240,v5.1.3,3.44,12.0,3200,17686,20249,56326,9573,17899,59030,14421.17,15534.32,45732.51,15421.72,15805.21,45847.42,0.00,0.00,0.00,1000.55,270.89,114.91,1042.92,1042.92,1.007,0.052,0.545,-4.609,-0.781,0.062,10882,170.5,0,-0.9496,-0.0253,0.0060,-0.3125,36.4,-1.6,0.0
3070899,2026-09-11_09-14-48.900-240,v5.1.3,3.44,12.0,3200,17681,20236,56328,9533,17832,59050,14417.12,15523.60,45734.25,15393.34,15750.51,45869.79,0.00,0.00,0.00,976.22,226.90,135.54,1011.36,1011.36,1.005,0.051,0.545,-3.734,-0.766,3.922,10882,166.5,0,-0.9490,-0.0222,0.0068,-0.3146,36.6,-1.5,0.0
3071004,2026-09-11_09-14-48.005-240,v5.1.3,3.44,12.0,3200,17590,20099,56346,9465,17714,59036,14342.79,15411.08,45750.09,15338.55,15653.03,45869.31,0.00,0.00,0.00,995.76,241.95,119.22,1031.64,1031.64,1.009,0.048,0.546,-4.078,-1.109,-0.125,10881,169.0,0,-0.9489,-0.0248,0.0067,-0.3147,36.7,-1.6,0.0
3071109,2026-09-11_09-14-49.110-240,v5.1.3,3.44,12.0,3200,17608,20129,56339,9454,17763,59023,14357.47,15435.80,45744.12,15326.38,15692.58,45859.75,0.00,0.00,0.00,968.91,256.79,115.62,1009.01,1009.01,1.004,0.049,0.541,-4.203,-0.547,0.422,10881,166.2,0,-0.9489,-0.0246,0.0067,-0.3146,36.7,-1.6,0.0
3071215,2026-09-11_09-14-49.216-240,v5.1.3,3.44,12.0,3200,17605,20195,56320,9513,17804,58993,14354.55,15490.66,45728.08,15369.71,15726.06,45827.07,0.00,0.00,0.00,1015.16,235.41,98.99,1046.79,1046.79,1.006,0.048,0.547,-3.953,-0.828,0.203,10882,171.0,0,-0.9489,-0.0237,0.0055,-0.3146,36.7,-1.5,0.0
3071321,2026-09-11_09-14-49.321-240,v5.1.3,3.44,12.0,3200,17623,20179,56317,9496,17838,59007,14369.54,15477.32,45725.78,15356.75,15753.94,45840.21,0.00,0.00,0.00,987.21,276.61,114.43,1031.60,1031.60,1.006,0.053,0.542,-4.156,-0.812,-0.375,10882,169.0,0,-0.9489,-0.0265,0.0061,-0.3144,36.6,-1.6,0.0
3071426,2026-09-11_09-14-49.426-240,v5.1.3,3.44,12.0,3200,17552,20183,56379,9417,17759,59067,14310.81,15480.22,45776.24,15302.13,15689.90,45900.20,0.00,0.00,0.00,991.32,209.68,123.96,1020.81,1020.81,1.005,0.047,0.543,-4.141,-1.188,0.156,10881,167.7,0,-0.9491,-0.0238,0.0068,-0.3140,36.6,-1.6,0.0
3071531,2026-09-11_09-14-49.532-240,v5.1.3,3.44,12.0,3200,17751,20156,56336,9613,17719,59029,14475.55,15456.71,45741.46,15459.30,15658.76,45843.42,0.00,0.00,0.00,983.75,202.05,101.96,1009.45,1009.45,1.005,0.052,0.540,-4.375,-1.250,-0.406,10890,166.2,0,-0.9491,-0.0265,0.0076,-0.3137,36.5,-1.8,0.0
3071636,2026-09-11_09-14-49.637-240,v5.1.3,3.44,12.0,3200,17757,20113,56327,9650,17711,58969,14480.79,15421.31,45734.50,15481.66,15651.27,45790.26,0.00,0.00,0.00,1000.86,229.96,55.76,1028.45,1028.45,1.007,0.046,0.545,-4.062,-0.859,-0.188,10890,168.6,0,-0.9493,-0.0240,0.0065,-0.3135,36.5,-1.6,0.0
3071741,2026-09-11_09-14-49.742-240,v5.1.3,3.44,12.0,3200,17798,20144,56329,9682,17776,58996,14514.49,15446.46,45735.86,15510.02,15705.35,45806.77,0.00,0.00,0.00,995.53,258.89,70.91,1031.08,1031.08,1.005,0.052,0.542,-3.859,-0.656,0.375,10881,169.0,0,-0.9490,-0.0262,0.0065,-0.3140,36.6,-1.6,0.0
3071847,2026-09-11_09-14-49.847-240,v5.1.3,3.44,12.0,3200,17819,20202,56290,9731,17821,58986,14531.47,15494.83,45703.60,15547.78,15742.45,45791.48,0.00,0.00,0.00,1016.31,247.61,87.88,1049.73,1049.73,1.005,0.050,0.544,-4.281,-0.766,0.562,10875,171.4,0,-0.9491,-0.0245,0.0059,-0.3140,36.6,-1.5,0.0
3071952,2026-09-11_09-14-49.953-240,v5.1.3,3.44,12.0,3200,17800,20213,56301,9676,17816,59000,14515.68,15503.91,45712.46,15504.57,15738.02,45810.30,0.00,0.00,0.00,988.89,234.11,97.84,1020.92,1020.92,1.004,0.049,0.544,-3.969,-0.812,0.344,10879,167.7,0,-0.9490,-0.0250,0.0061,-0.3144,36.6,-1.6,0.0
3072057,2026-09-11_09-14-50.058-240,v5.1.3,3.44,12.0,3200,17729,20176,56361,9609,17776,59028,14457.22,15472.99,45761.65,15454.35,15705.21,45842.45,0.00,0.00,0.00,997.13,232.22,80.79,1027.00,1027.00,1.006,0.051,0.541,-4.172,-0.766,0.078,10879,168.5,0,-0.9489,-0.0258,0.0069,-0.3143,36.6,-1.7,0.0
3072163,2026-09-11_09-14-50.164-240,v5.1.3,3.44,12.0,3200,17697,20121,56307,9574,17752,58958,14431.12,15428.88,45718.13,15416.46,15683.55,45791.28,0.00,0.00,0.00,985.34,254.67,73.14,1020.35,1020.35,1.004,0.048,0.544,-4.203,-1.125,-0.297,10884,167.6,0,-0.9491,-0.0245,0.0063,-0.3139,36.6,-1.6,0.0
3072279,2026-09-11_09-14-50.280-240,v5.1.3,3.44,12.0,3200,17719,20204,56167,9624,17822,58871,14448.75,15499.70,45603.39,15443.71,15739.24,45713.66,0.00,0.00,0.00,994.96,239.54,110.27,1029.31,1029.31,1.008,0.049,0.543,-3.953,-0.875,0.312,10878,168.8,0,-0.9490,-0.0250,0.0074,-0.3142,36.6,-1.7,0.0
3072384,2026-09-11_09-14-50.385-240,v5.1.3,3.44,12.0,3200,17703,20193,56175,9586,17819,58948,14435.59,15490.63,45610.00,15423.18,15738.14,45780.76,0.00,0.00,0.00,987.59,247.51,170.76,1032.35,1032.35,1.006,0.049,0.543,-3.984,-1.156,0.219,10868,169.1,0,-0.9490,-0.0250,0.0071,-0.3143,36.6,-1.7,0.0
3072489,2026-09-11_09-14-50.490-240,v5.1.3,3.44,12.0,3200,17675,20172,56425,9559,17762,59127,14412.60,15469.08,45813.81,15427.29,15695.51,45929.00,0.00,0.00,0.00,1014.69,226.43,115.19,1046.01,1046.01,1.004,0.050,0.544,-3.828,-0.938,0.734,10868,170.9,0,-0.9489,-0.0247,0.0061,-0.3146,36.7,-1.6,0.0
3072595,2026-09-11_09-14-50.596-240,v5.1.3,3.44,12.0,3200,17701,20136,56415,9577,17720,59083,14434.34,15439.28,45805.98,15437.12,15660.41,45891.71,0.00,0.00,0.00,1002.78,221.13,85.74,1030.45,1030.45,1.008,0.050,0.542,-3.750,-1.031,-0.031,10881,168.9,0,-0.9488,-0.0258,0.0073,-0.3149,36.7,-1.7,0.0
3072701,2026-09-11_09-14-50.701-240,v5.1.3,3.44,12.0,3200,17653,20123,56389,9563,17698,59056,14394.73,15429.49,45784.91,15422.43,15641.65,45872.20,0.00,0.00,0.00,1027.71,212.15,87.30,1053.00,1053.00,1.007,0.049,0.548,-3.969,-1.375,-0.266,10889,171.8,0,-0.9489,-0.0246,0.0057,-0.3146,36.6,-1.5,0.0
3072806,2026-09-11_09-14-50.806-240,v5.1.3,3.44,12.0,3200,17660,20187,56385,9522,17784,59034,14400.09,15482.33,45781.10,15383.34,15710.82,45859.04,0.00,0.00,0.00,983.25,228.48,77.95,1012.45,1012.45,1.006,0.049,0.547,-3.812,-1.062,0.156,10875,166.6,0,-0.9488,-0.0245,0.0056,-0.3148,36.7,-1.5,0.0
3072911,2026-09-11_09-14-50.912-240,v5.1.3,3.44,12.0,3200,17696,20210,56467,9579,17809,59138,14429.71,15499.49,45847.70,15444.03,15734.37,45934.52,0.00,0.00,0.00,1014.32,234.88,86.82,1044.77,1044.77,1.005,0.049,0.542,-4.391,-0.953,0.281,10875,170.7,0,-0.9489,-0.0248,0.0069,-0.3146,36.7,-1.6,0.0
3073016,2026-09-11_09-14-50.017-240,v5.1.3,3.44,12.0,3200,17694,20159,56349,9572,17751,59023,14428.39,15459.53,45752.02,15423.86,15684.24,45843.79,0.00,0.00,0.00,995.47,224.71,91.78,1024.63,1024.63,1.006,0.050,0.547,-4.078,-0.781,0.234,10882,168.2,0,-0.9489,-0.0245,0.0054,-0.3146,36.7,-1.5,0.0
3073121,2026-09-11_09-14-51.122-240,v5.1.3,3.44,12.0,3200,17671,20036,56337,9511,17660,59008,14410.19,15358.42,45743.30,15373.97,15608.86,45841.21,0.00,0.00,0.00,963.78,250.44,97.91,1000.59,1000.59,1.007,0.051,0.542,-3.469,-1.031,-0.219,10874,165.1,0,-0.9487,-0.0265,0.0068,-0.3151,36.7,-1.7,0.0
3073227,2026-09-11_09-14-51.228-240,v5.1.3,3.44,12.0,3200,17663,20035,56334,9534,17626,59001,14403.58,15357.73,45740.86,15392.84,15581.23,45832.87,0.00,0.00,0.00,989.26,223.50,92.01,1018.36,1018.36,1.009,0.051,0.544,-4.203,-1.766,0.016,10874,167.4,0,-0.9488,-0.0254,0.0073,-0.3147,36.7,-1.7,0.0
3073332,2026-09-11_09-14-51.333-240,v5.1.3,3.44,12.0,3200,17663,20073,56334,9562,17650,58965,14403.33,15389.10,45740.54,15410.27,15600.32,45799.82,0.00,0.00,0.00,1006.94,211.21,59.29,1030.56,1030.56,1.010,0.051,0.544,-3.984,-0.781,-0.453,10873,168.9,0,-0.9489,-0.0259,0.0066,-0.3143,36.6,-1.6,0.0
3073437,2026-09-11_09-14-51.438-240,v5.1.3,3.44,12.0,3200,17690,20136,56293,9577,17690,58952,14425.23,15441.58,45706.60,15419.75,15632.84,45786.82,0.00,0.00,0.00,994.52,191.26,80.22,1015.91,1015.91,1.006,0.052,0.542,-3.969,-0.750,-0.016,10880,167.0,0,-0.9490,-0.0259,0.0064,-0.3142,36.6,-1.6,0.0
3073543,2026-09-11_09-14-51.543-240,v5.1.3,3.44,12.0,3200,17744,20137,56292,9603,17743,58953,14469.88,15441.89,45705.78,15439.89,15676.44,45783.41,0.00,0.00,0.00,970.01,234.55,77.63,1000.98,1000.98,1.004,0.051,0.543,-4.500,-0.844,0.609,10871,165.1,0,-0.9491,-0.0248,0.0061,-0.3140,36.6,-1.6,0.0
3073648,2026-09-11_09-14-51.648-240,v5.1.3,3.44,12.0,3200,17708,20200,56367,9569,17792,59021,14439.69,15492.91,45766.33,15420.02,15717.62,45842.08,0.00,0.00,0.00,980.33,224.71,75.75,1008.60,1008.60,1.004,0.052,0.545,-4.312,-0.922,-0.484,10871,166.1,0,-0.9492,-0.0260,0.0052,-0.3135,36.5,-1.5,0.0
3073763,2026-09-11_09-14-51.763-240,v5.1.3,3.44,12.0,3200,17701,20273,56296,9559,17850,58963,14433.41,15554.53,45707.87,15402.20,15763.47,45796.11,0.00,0.00,0.00,968.79,208.94,88.24,994.99,994.99,1.004,0.049,0.544,-3.719,-1.000,0.109,10875,164.4,0,-0.9492,-0.0247,0.0058,-0.3137,36.5,-1.5,0.0
3073868,2026-09-11_09-14-51.868-240,v5.1.3,3.44,12.0,3200,17613,20158,56275,9459,17789,58953,14361.41,15460.84,45691.74,15320.10,15712.22,45802.48,0.00,0.00,0.00,958.69,251.38,110.74,997.27,997.27,1.007,0.051,0.543,-4.172,-1.156,-0.188,10873,164.7,0,-0.9492,-0.0260,0.0068,-0.3135,36.5,-1.7,0.0
3073973,2026-09-11_09-14-51.974-240,v5.1.3,3.44,12.0,3200,17588,20160,56308,9471,17773,58955,14340.72,15462.15,45718.61,15330.68,15699.35,45802.66,0.00,0.00,0.00,989.96,237.20,84.05,1021.45,1021.45,1.006,0.051,0.544,-4.078,-1.172,0.453,10883,167.7,0,-0.9493,-0.0248,0.0063,-0.3133,36.5,-1.6,0.0
3074078,2026-09-11_09-14-52.079-240,v5.1.3,3.44,12.0,3200,17635,20235,56305,9522,17807,58937,14379.09,15523.65,45715.52,15369.27,15727.30,45780.80,0.00,0.00,0.00,990.19,203.65,65.28,1013.02,1013.02,1.007,0.052,0.543,-4.031,-1.094,0.453,10883,166.7,0,-0.9493,-0.0256,0.0067,-0.3134,36.5,-1.6,0.0
3074183,2026-09-11_09-14-52.184-240,v5.1.3,3.44,12.0,3200,17515,20140,56322,9401,17735,58985,14280.49,15446.12,45730.18,15278.22,15668.19,45836.79,0.00,0.00,0.00,997.73,222.07,106.62,1027.69,1027.69,1.005,0.050,0.546,-4.031,-1.016,0.328,10878,168.5,0,-0.9494,-0.0244,0.0053,-0.3132,36.5,-1.5,0.0
3074288,2026-09-11_09-14-52.289-240,v5.1.3,3.44,12.0,3200,17541,20113,56391,9405,17685,59038,14302.18,15422.33,45786.61,15290.19,15628.68,45879.47,0.00,0.00,0.00,988.01,206.35,92.86,1013.60,1013.60,1.006,0.048,0.540,-4.422,-0.859,0.312,10879,166.7,0,-0.9494,-0.0248,0.0075,-0.3131,36.5,-1.7,0.0
3074393,2026-09-11_09-14-52.394-240,v5.1.3,3.44,12.0,3200,17611,20107,56317,9477,17704,58936,14360.10,15418.00,45726.40,15334.82,15642.66,45787.44,0.00,0.00,0.00,974.72,224.66,61.04,1002.14,1002.14,1.005,0.052,0.543,-3.906,-1.016,0.578,10880,165.3,0,-0.9493,-0.0257,0.0067,-0.3133,36.5,-1.6,0.0
3074499,2026-09-11_09-14-52.499-240,v5.1.3,3.44,12.0,3200,17698,20147,56290,9574,17748,58946,14431.77,15450.64,45704.06,15414.91,15680.00,45781.68,0.00,0.00,0.00,983.13,229.36,77.62,1012.51,1012.51,1.006,0.052,0.539,-4.344,-0.891,0.031,10880,166.6,0,-0.9494,-0.0263,0.0077,-0.3130,36.5,-1.8,0.0
3074604,2026-09-11_09-14-52.605-240,v5.1.3,3.44,12.0,3200,17743,20174,56327,9645,17796,58924,14468.81,15471.81,45733.97,15469.04,15719.53,45753.71,0.00,0.00,0.00,1000.23,247.71,19.74,1030.64,1030.64,1.006,0.049,0.542,-4.562,-0.734,0.391,10876,168.9,0,-0.9495,-0.0246,0.0072,-0.3126,36.4,-1.7,0.0
3074709,2026-09-11_09-14-52.710-240,v5.1.3,3.44,12.0,3200,17788,20186,56293,9679,17805,58912,14505.94,15481.88,45706.18,15495.13,15727.01,45739.31,0.00,0.00,0.00,989.19,245.13,33.14,1019.65,1019.65,1.005,0.048,0.543,-3.891,-1.391,-0.031,10880,167.5,0,-0.9494,-0.0253,0.0074,-0.3128,36.4,-1.7,0.0
3074814,2026-09-11_09-14-52.815-240,v5.1.3,3.44,12.0,3200,17786,20150,56345,9610,17729,58988,14504.53,15451.25,45748.84,15450.88,15665.92,45810.76,0.00,0.00,0.00,946.35,214.68,61.91,972.36,972.36,1.003,0.048,0.545,-3.750,-0.891,0.422,10880,161.5,0,-0.9493,-0.0245,0.0059,-0.3133,36.5,-1.5,0.0
3074919,2026-09-11_09-14-52.920-240,v5.1.3,3.44,12.0,3200,17815,20172,56328,9708,17739,58965,14528.36,15469.42,45734.81,15528.11,15674.74,45778.78,0.00,0.00,0.00,999.75,205.32,43.97,1021.56,1021.56,1.008,0.049,0.548,-4.188,-0.906,0.078,10881,167.8,0,-0.9493,-0.0249,0.0056,-0.3134,36.5,-1.5,0.0
3075026,2026-09-11_09-14-53.026-240,v5.1.3,3.44,12.0,3200,17731,20153,56301,9648,17802,58927,14459.02,15455.06,45712.97,15471.76,15724.53,45755.64,0.00,0.00,0.00,1012.74,269.47,42.66,1048.84,1048.84,1.005,0.048,0.543,-3.984,-1.266,0.516,10879,171.2,0,-0.9492,-0.0246,0.0071,-0.3137,36.5,-1.7,0.0
3075131,2026-09-11_09-14-53.132-240,v5.1.3,3.44,12.0,3200,17744,20215,56259,9632,17794,58893,14469.36,15506.88,45678.23,15454.09,15717.00,45730.60,0.00,0.00,0.00,984.73,210.13,52.37,1008.26,1008.26,1.005,0.049,0.545,-4.312,-0.750,0.422,10885,166.1,0,-0.9492,-0.0244,0.0061,-0.3137,36.5,-1.5,0.0
3075246,2026-09-11_09-14-53.247-240,v5.1.3,3.44,12.0,3200,17726,20115,56222,9601,17702,58848,14455.14,15425.16,45648.95,15424.77,15640.48,45699.83,0.00,0.00,0.00,969.63,215.31,50.88,994.55,994.55,1.008,0.052,0.541,-4.016,-1.062,0.062,10885,164.3,0,-0.9491,-0.0267,0.0076,-0.3139,36.6,-1.8,0.0
3075352,2026-09-11_09-14-53.352-240,v5.1.3,3.44,12.0,3200,17672,20177,56128,9552,17737,58808,14410.06,15478.58,45571.84,15377.95,15667.50,45673.93,0.00,0.00,0.00,967.89,188.92,102.09,991.42,991.42,1.005,0.049,0.543,-4.469,-1.062,-0.359,10875,163.9,0,-0.9494,-0.0249,0.0065,-0.3130,36.5,-1.6,0.0
3075458,2026-09-11_09-14-53.458-240,v5.1.3,3.44,12.0,3200,17696,20179,56285,9574,17716,58994,14429.91,15477.17,45699.71,15422.41,15655.01,45820.66,0.00,0.00,0.00,992.51,177.84,120.94,1015.54,1015.54,1.007,0.046,0.543,-4.328,-1.109,0.328,10886,167.0,0,-0.9494,-0.0239,0.0077,-0.3130,36.5,-1.7,0.0
3075563,2026-09-11_09-14-53.563-240,v5.1.3,3.44,12.0,3200,17711,20150,56324,9615,17695,58955,14442.51,15452.38,45731.73,15451.32,15637.46,45783.99,0.00,0.00,0.00,1008.81,185.08,52.26,1026.98,1026.98,1.005,0.049,0.546,-4.406,-0.719,0.516,10885,168.5,0,-0.9494,-0.0243,0.0061,-0.3130,36.5,-1.5,0.0
3075668,2026-09-11_09-14-53.669-240,v5.1.3,3.44,12.0,3200,17722,20132,56419,9585,17664,59089,14451.73,15435.70,45809.27,15446.03,15614.94,45896.15,0.00,0.00,0.00,994.30,179.25,86.88,1014.05,1014.05,1.008,0.051,0.541,-4.125,-1.156,0.266,10885,166.8,0,-0.9493,-0.0261,0.0079,-0.3132,36.5,-1.8,0.0
3075773,2026-09-11_09-14-53.774-240,v5.1.3,3.44,12.0,3200,17700,20093,56374,9549,17621,59007,14433.80,15404.53,45772.95,15406.16,15577.48,45835.71,0.00,0.00,0.00,972.36,172.95,62.75,989.62,989.62,1.004,0.049,0.544,-4.469,-0.969,0.016,10878,163.7,0,-0.9495,-0.0246,0.0063,-0.3127,36.4,-1.6,0.0
3075878,2026-09-11_09-14-53.879-240,v5.1.3,3.44,12.0,3200,17673,20072,56338,9542,17602,58979,14411.61,15388.11,45743.81,15397.02,15561.22,45814.41,0.00,0.00,0.00,985.41,173.12,70.60,1002.99,1002.99,0.983,0.019,0.487,-6.188,-1.172,1.062,10874,165.4,0,-0.9499,-0.0218,0.0119,-0.3116,36.3,-2.1,0.0
3075983,2026-09-11_09-14-53.984-240,v5.1.3,3.44,12.0,3200,17640,20111,56317,9542,17636,58908,14384.05,15421.01,45726.36,15386.27,15587.30,45756.92,0.00,0.00,0.00,1002.21,166.29,30.56,1016.37,1016.37,1.103,0.011,0.655,-6.234,-1.109,1.734,10882,167.1,0,-0.9503,-0.0161,0.0090,-0.3107,36.2,-1.6,0.0
3076088,2026-09-11_09-14-54.089-240,v5.1.3,3.44,12.0,3200,17684,20106,56283,9547,17639,58876,14420.47,15417.05,45698.71,15385.87,15589.06,45730.49,0.00,0.00,0.00,965.40,172.00,31.77,981.11,981.11,0.950,-0.061,0.461,-4.875,0.078,0.234,10882,162.6,0,-0.9504,-0.0122,0.0122,-0.3104,36.2,-1.8,0.0
3076194,2026-09-11_09-14-54.194-240,v5.1.3,3.44,12.0,3200,17712,20067,56347,9609,17615,58901,14443.89,15383.42,45751.18,15441.02,15570.82,45742.42,0.00,0.00,0.00,997.13,187.39,-8.76,1014.62,1014.62,1.055,0.044,0.582,-1.047,-2.094,-1.453,10884,166.9,0,-0.9496,-0.0193,0.0102,-0.3127,36.4,-1.8,0.0
3076299,2026-09-11_09-14-54.300-240,v5.1.3,3.44,12.0,3200,17729,20010,56323,9586,17558,58913,14458.33,15336.63,45732.12,15425.26,15524.29,45755.92,0.00,0.00,0.00,966.93,187.67,23.79,985.26,985.26,0.972,0.119,0.553,-5.203,-0.812,0.469,10870,163.1,0,-0.9498,-0.0229,0.0074,-0.3119,36.3,-1.6,0.0
3076404,2026-09-11_09-14-54.405-240,v5.1.3,3.44,12.0,3200,17680,20046,56278,9545,17586,58875,14417.56,15367.65,45695.16,15385.49,15545.75,45730.62,0.00,0.00,0.00,967.92,178.10,35.47,984.81,984.81,1.014,0.002,0.523,-4.703,-1.344,0.547,10871,163.1,0,-0.9499,-0.0191,0.0116,-0.3119,36.3,-1.9,0.0
3076509,2026-09-11_09-14-54.510-240,v5.1.3,3.44,12.0,3200,17667,20040,56271,9556,17596,58873,14406.85,15362.95,45689.50,15394.00,15554.00,45727.39,0.00,0.00,0.00,987.15,191.05,37.89,1006.18,1006.18,1.000,0.052,0.555,-3.422,-1.172,-0.391,10871,165.8,0,-0.9497,-0.0226,0.0078,-0.3124,36.4,-1.7,0.0
3076615,2026-09-11_09-14-54.615-240,v5.1.3,3.44,12.0,3200,17707,20119,56269,9563,17716,58876,14439.40,15427.81,45687.20,15396.99,15652.10,45727.34,0.00,0.00,0.00,957.59,224.29,40.14,984.32,984.32,1.006,0.075,0.548,-4.547,-0.344,0.469,10873,163.0,0,-0.9496,-0.0264,0.0054,-0.3122,36.4,-1.5,0.0
3076730,2026-09-11_09-14-54.730-240,v5.1.3,3.44,12.0,3200,17749,20185,56314,9603,17738,58882,14473.70,15481.07,45723.29,15430.17,15670.68,45726.43,0.00,0.00,0.00,956.48,189.62,3.14,975.10,975.10,1.005,0.031,0.551,-4.359,-0.625,0.156,10875,161.8,0,-0.9498,-0.0212,0.0056,-0.3120,36.3,-1.4,0.0
3076835,2026-09-11_09-14-54.836-240,v5.1.3,3.44,12.0,3200,17663,20172,56286,9548,17700,58830,14402.66,15471.70,45700.59,15378.69,15637.77,45692.62,0.00,0.00,0.00,976.02,166.07,-7.96,990.08,990.08,1.006,0.059,0.536,-4.000,-0.719,-0.016,10875,163.7,0,-0.9496,-0.0256,0.0066,-0.3123,36.4,-1.6,0.0
3076940,2026-09-11_09-14-54.941-240,v5.1.3,3.44,12.0,3200,17606,20256,56255,9516,17774,58865,14354.96,15542.18,45674.61,15355.23,15698.60,45724.18,0.00,0.00,0.00,1000.26,156.42,49.57,1013.63,1013.63,1.002,0.052,0.549,-4.172,-1.156,0.000,10881,166.8,0,-0.9498,-0.0250,0.0042,-0.3119,36.3,-1.4,0.0
3077045,2026-09-11_09-14-55.046-240,v5.1.3,3.44,12.0,3200,17595,20145,56280,9472,17706,58871,14346.61,15450.20,45695.93,15321.64,15642.70,45735.86,0.00,0.00,0.00,975.03,192.50,39.93,994.65,994.65,1.004,0.047,0.543,-3.875,-1.125,0.172,10876,164.3,0,-0.9497,-0.0245,0.0066,-0.3123,36.4,-1.6,0.0
3077151,2026-09-11_09-14-55.151-240,v5.1.3,3.44,12.0,3200,17623,20189,56247,9511,17734,58848,14369.47,15486.84,45668.67,15349.81,15665.49,45711.71,0.00,0.00,0.00,980.35,178.65,43.04,997.42,997.42,1.010,0.056,0.541,-4.219,-0.969,0.281,10880,164.7,0,-0.9496,-0.0272,0.0074,-0.3122,36.4,-1.8,0.0
3077256,2026-09-11_09-14-55.256-240,v5.1.3,3.44,12.0,3200,17657,20175,56258,9526,17735,58836,14397.68,15474.74,45677.75,15360.47,15666.21,45700.00,0.00,0.00,0.00,962.79,191.47,22.25,981.90,981.90,1.002,0.066,0.543,-4.266,-1.312,-0.078,10880,162.7,0,-0.9497,-0.0299,0.0051,-0.3117,36.3,-1.6,0.0
3077361,2026-09-11_09-14-55.362-240,v5.1.3,3.44,12.0,3200,17637,20143,56315,9514,17714,58904,14381.36,15447.50,45724.46,15360.58,15650.52,45756.55,0.00,0.00,0.00,979.22,203.03,32.09,1000.56,1000.56,1.010,0.039,0.545,-3.328,-0.672,-0.734,10883,165.1,0,-0.9498,-0.0262,0.0056,-0.3116,36.3,-1.5,0.0
3077466,2026-09-11_09-14-55.467-240,v5.1.3,3.44,12.0,3200,17646,20107,56299,9526,17695,58881,14389.04,15417.97,45711.73,15367.78,15634.62,45736.67,0.00,0.00,0.00,978.74,216.65,24.93,1002.74,1002.74,1.003,0.047,0.543,-4.344,-0.812,3.781,10886,165.4,0,-0.9495,-0.0214,0.0071,-0.3130,36.5,-1.5,0.0
3077571,2026-09-11_09-14-55.572-240,v5.1.3,3.44,12.0,3200,17694,20083,56305,9545,17673,58847,14428.90,15397.57,45716.83,15379.29,15616.10,45707.03,0.00,0.00,0.00,950.40,218.53,-9.80,975.24,975.24,1.006,0.040,0.551,-3.156,-0.688,-0.031,10882,161.9,0,-0.9491,-0.0221,0.0056,-0.3142,36.6,-1.4,0.0
3077677,2026-09-11_09-14-55.677-240,v5.1.3,3.44,12.0,3200,17723,20139,56269,9633,17672,58838,14452.50,15444.16,45687.03,15450.53,15616.15,45687.80,0.00,0.00,0.00,998.03,171.99,0.77,1012.74,1012.74,0.999,0.074,0.553,-4.422,-0.875,0.000,10882,166.6,0,-0.9491,-0.0263,0.0032,-0.3139,36.6,-1.3,0.0
3077782,2026-09-11_09-14-55.782-240,v5.1.3,3.44,12.0,3200,17790,20170,56224,9695,17678,58800,14507.69,15469.89,45650.11,15496.14,15620.91,45648.73,0.00,0.00,0.00,988.45,151.02,-1.38,999.92,999.92,1.003,0.024,0.536,-4.250,-0.906,-0.188,10877,165.0,0,-0.9492,-0.0228,0.0062,-0.3138,36.6,-1.5,0.0
3077887,2026-09-11_09-14-55.888-240,v5.1.3,3.44,12.0,3200,17773,20191,56238,9708,17668,58792,14493.50,15487.15,45661.33,15506.00,15612.72,45640.65,0.00,0.00,0.00,1012.51,125.57,-20.68,1020.48,1020.48,1.008,0.038,0.535,-3.875,-0.922,-0.328,10882,167.6,0,-0.9491,-0.0230,0.0096,-0.3141,36.6,-1.9,0.0
3077992,2026-09-11_09-14-55.993-240,v5.1.3,3.44,12.0,3200,17784,20108,56286,9649,17626,58884,14503.15,15417.65,45701.14,15471.30,15579.88,45723.16,0.00,0.00,0.00,968.15,162.24,22.02,981.90,981.90,1.004,0.079,0.556,-4.516,-1.594,-1.109,10883,162.7,0,-0.9493,-0.0277,0.0066,-0.3131,36.5,-1.7,0.0
3078098,2026-09-11_09-14-56.098-240,v5.1.3,3.44,12.0,3200,17748,20100,56276,9629,17590,58818,14473.43,15411.59,45693.07,15446.64,15548.70,45673.31,0.00,0.00,0.00,973.21,137.12,-19.76,983.02,983.02,0.989,0.028,0.554,-3.812,-0.531,0.547,10883,162.8,0,-0.9493,-0.0226,0.0048,-0.3134,36.5,-1.3,0.0
3078213,2026-09-11_09-14-56.214-240,v5.1.3,3.44,12.0,3200,17696,20096,56103,9583,17572,58600,14430.45,15411.91,45552.18,15379.01,15528.31,45504.63,0.00,0.00,0.00,948.56,116.39,-47.55,956.86,956.86,1.014,0.057,0.541,-4.891,-0.828,0.500,10884,159.5,0,-0.9493,-0.0261,0.0069,-0.3132,36.5,-1.7,0.0
3078319,2026-09-11_09-14-56.319-240,v5.1.3,3.44,12.0,3200,17699,20147,56148,9631,17590,58704,14432.59,15453.18,45588.40,15432.48,15546.04,45581.43,0.00,0.00,0.00,999.89,92.86,-6.97,1004.21,1004.21,1.013,0.022,0.528,-3.875,-1.984,0.594,10882,165.6,0,-0.9492,-0.0227,0.0113,-0.3136,36.5,-2.0,0.0
3078424,2026-09-11_09-14-56.425-240,v5.1.3,3.44,12.0,3200,17678,20112,56204,9595,17532,58808,14415.46,15423.49,45634.31,15418.80,15500.71,45670.64,0.00,0.00,0.00,1003.34,77.22,36.33,1006.96,1006.96,0.994,0.070,0.576,-3.188,-0.734,-1.078,10884,165.9,0,-0.9492,-0.0255,0.0058,-0.3136,36.5,-1.5,0.0
3078529,2026-09-11_09-14-56.530-240,v5.1.3,3.44,12.0,3200,17677,20054,56306,9578,17519,58865,14415.03,15373.78,45717.89,15413.05,15491.24,45718.93,0.00,0.00,0.00,998.02,117.46,1.04,1004.91,1004.91,1.010,0.069,0.533,-5.000,-0.188,1.250,10884,165.6,0,-0.9492,-0.0283,0.0068,-0.3134,36.5,-1.8,0.0
3078634,2026-09-11_09-14-56.635-240,v5.1.3,3.44,12.0,3200,17665,20061,56320,9550,17504,58859,14405.06,15379.43,45729.24,15389.57,15478.51,45718.12,0.00,0.00,0.00,984.50,99.08,-11.12,989.54,989.54,1.006,-0.172,0.541,-3.844,0.156,-1.609,10875,163.7,0,-0.9494,-0.0244,0.0069,-0.3129,36.4,-1.6,0.0
3078740,2026-09-11_09-14-56.741-240,v5.1.3,3.44,12.0,3200,17670,20100,56309,9555,17539,58840,14408.93,15411.77,45719.94,15390.12,15506.69,45701.73,0.00,0.00,0.00,981.18,94.91,-18.21,985.93,985.93,1.035,0.109,0.549,-0.781,-1.516,-1.219,10885,163.2,0,-0.9486,-0.0321,0.0057,-0.3147,36.7,-1.8,0.0
3078846,2026-09-11_09-14-56.846-240,v5.1.3,3.44,12.0,3200,17695,20148,56381,9599,17582,58902,14429.29,15449.86,45778.18,15433.80,15543.78,45745.00,0.00,0.00,0.00,1004.51,93.93,-33.18,1009.43,1009.43,0.983,0.094,0.542,-4.984,-0.547,0.234,10885,166.2,0,-0.9490,-0.0345,0.0017,-0.3134,36.5,-1.4,0.0
3078951,2026-09-11_09-14-56.952-240,v5.1.3,3.44,12.0,3200,17715,20137,56291,9601,17573,58840,14445.90,15442.19,45704.96,15427.09,15535.00,45695.02,0.00,0.00,0.00,981.19,92.81,-9.95,985.62,985.62,1.015,0.042,0.543,-4.188,-0.812,0.719,10887,163.2,0,-0.9492,-0.0294,0.0038,-0.3133,36.5,-1.5,0.0
3079056,2026-09-11_09-14-57.057-240,v5.1.3,3.44,12.0,3200,17685,20101,56314,9590,17509,58830,14421.33,15412.36,45724.01,15418.35,15482.40,45689.29,0.00,0.00,0.00,997.01,70.04,-34.71,1000.07,1000.07,1.005,0.037,0.541,-4.078,-0.938,-0.250,10886,165.0,0,-0.9494,-0.0254,0.0057,-0.3130,36.5,-1.5,0.0
3079161,2026-09-11_09-14-57.162-240,v5.1.3,3.44,12.0,3200,17686,20032,56251,9562,17426,58761,14422.62,15356.51,45673.29,15387.93,15412.68,45638.71,0.00,0.00,0.00,965.31,56.17,-34.57,967.56,967.56,1.011,0.058,0.546,-4.250,-0.984,0.719,10881,160.9,0,-0.9493,-0.0276,0.0059,-0.3132,36.5,-1.6,0.0
3079266,2026-09-11_09-14-57.267-240,v5.1.3,3.44,12.0,3200,17661,20001,56236,9562,17440,58776,14402.15,15331.44,45661.33,15389.64,15424.46,45650.59,0.00,0.00,0.00,987.49,93.02,-10.74,991.92,991.92,1.004,0.043,0.541,-4.328,-1.047,-0.125,10881,164.0,0,-0.9495,-0.0242,0.0072,-0.3128,36.4,-1.6,0.0
3079372,2026-09-11_09-14-57.372-240,v5.1.3,3.45,12.0,3200,17660,20066,56228,9554,17528,58722,14400.89,15385.26,45654.26,15373.22,15494.92,45607.18,0.00,0.00,0.00,972.33,109.66,-47.08,979.63,979.63,1.002,0.051,0.541,-4.453,-1.109,-0.078,10885,162.4,0,-0.9495,-0.0261,0.0069,-0.3125,36.4,-1.7,0.0
3079477,2026-09-11_09-14-57.477-240,v5.1.3,3.45,12.0,3200,17704,20112,56236,9629,17506,58722,14436.97,15422.65,45660.38,15435.56,15477.88,45597.22,0.00,0.00,0.00,998.59,55.23,-63.16,1002.11,1002.11,1.005,0.051,0.547,-4.703,-1.172,0.141,10873,165.3,0,-0.9497,-0.0251,0.0054,-0.3120,36.3,-1.5,0.0
3079582,2026-09-11_09-14-57.582-240,v5.1.3,3.45,12.0,3200,17713,20084,56222,9621,17517,58715,14444.59,15399.70,45649.22,15427.71,15486.59,45592.55,0.00,0.00,0.00,983.11,86.90,-56.67,988.57,988.57,1.009,0.046,0.545,-3.953,-1.016,0.078,10880,163.6,0,-0.9496,-0.0246,0.0072,-0.3123,36.4,-1.7,0.0
3079697,2026-09-11_09-14-57.698-240,v5.1.3,3.45,12.0,3200,17707,20267,56233,9641,17693,58734,14438.41,15550.64,45656.60,15442.13,15630.93,45602.88,0.00,0.00,0.00,1003.72,80.29,-53.73,1008.36,1008.36,1.006,0.043,0.546,-3.688,-0.688,-0.125,10880,166.1,0,-0.9496,-0.0227,0.0063,-0.3126,36.4,-1.5,0.0
3079802,2026-09-11_09-14-57.803-240,v5.1.3,3.45,12.0,3200,17677,20190,56214,9564,17676,58728,14414.11,15487.72,45641.79,15378.35,15615.97,45608.77,0.00,0.00,0.00,964.24,128.26,-33.01,973.29,973.29,1.008,0.059,0.543,-3.906,-0.891,0.125,10879,161.6,0,-0.9494,-0.0268,0.0062,-0.3129,36.4,-1.6,0.0
3079907,2026-09-11_09-14-57.908-240,v5.1.3,3.45,12.0,3200,17710,20237,56196,9582,17697,58762,14441.08,15526.51,45626.72,15397.33,15634.14,45633.38,0.00,0.00,0.00,956.24,107.62,6.65,962.30,962.30,0.995,0.053,0.545,-3.750,-1.453,-0.250,10888,160.2,0,-0.9495,-0.0260,0.0041,-0.3127,36.4,-1.4,0.0
3080013,2026-09-11_09-14-57.013-240,v5.1.3,3.45,12.0,3200,17643,20178,56200,9527,17642,58721,14386.08,15478.40,45630.48,15347.82,15587.61,45608.63,0.00,0.00,0.00,961.75,109.20,-21.86,968.17,968.17,1.001,0.074,0.545,-4.375,-1.062,0.266,10881,161.0,0,-0.9495,-0.0300,0.0030,-0.3124,36.4,-1.4,0.0
3080118,2026-09-11_09-14-58.118-240,v5.1.3,3.45,12.0,3200,17639,20155,56263,9522,17606,58762,14382.93,15458.32,45682.00,15350.35,15559.13,45642.71,0.00,0.00,0.00,967.42,100.81,-39.29,973.45,973.45,0.992,0.047,0.546,-3.875,-0.516,-0.578,10881,161.6,0,-0.9497,-0.0261,0.0024,-0.3119,36.3,-1.2,0.0
3080223,2026-09-11_09-14-58.224-240,v5.1.3,3.45,12.0,3200,17588,20127,56228,9523,17548,58726,14340.94,15436.34,45653.73,15347.72,15510.95,45614.37,0.00,0.00,0.00,1006.78,74.61,-39.36,1010.31,1010.31,1.008,0.047,0.539,-4.188,-0.672,-0.219,10879,166.3,0,-0.9498,-0.0257,0.0060,-0.3118,36.3,-1.6,0.0
3080328,2026-09-11_09-14-58.329-240,v5.1.3,3.45,12.0,3200,17508,20059,56239,9401,17493,58707,14275.24,15380.81,45663.27,15246.10,15464.12,45616.45,0.00,0.00,0.00,970.86,83.32,-46.82,975.55,975.55,1.000,0.033,0.552,-3.781,-1.078,-0.812,10893,161.9,0,-0.9499,-0.0221,0.0050,-0.3116,36.3,-1.3,0.0
3080433,2026-09-11_09-14-58.434-240,v5.1.3,3.45,12.0,3200,17579,20051,56191,9473,17452,58703,14334.00,15374.35,45624.24,15305.92,15431.45,45603.92,0.00,0.00,0.00,971.91,57.09,-20.32,973.80,973.80,1.005,0.072,0.546,-3.438,-0.734,-1.219,10893,161.7,0,-0.9498,-0.0281,0.0037,-0.3117,36.3,-1.4,0.0
3080539,2026-09-11_09-14-58.539-240,v5.1.3,3.45,12.0,3200,17633,20076,56192,9485,17444,58657,14378.49,15394.43,45624.84,15309.63,15423.98,45565.42,0.00,0.00,0.00,931.14,29.55,-59.42,933.50,933.50,1.022,0.022,0.513,-5.000,-0.984,-0.719,10883,156.5,0,-0.9501,-0.0261,0.0081,-0.3107,36.2,-1.8,0.0
3080644,2026-09-11_09-14-58.644-240,v5.1.3,3.45,12.0,3200,17722,20131,56200,9615,17426,58608,14451.72,15438.81,45630.89,15410.35,15409.73,45508.53,0.00,0.00,0.00,958.63,-29.08,-122.36,966.84,966.84,1.003,0.046,0.574,-4.172,-1.547,0.984,10891,160.8,0,-0.9502,-0.0234,0.0045,-0.3109,36.2,-1.3,0.0
3080749,2026-09-11_09-14-58.750-240,v5.1.3,3.45,12.0,3200,17791,20068,56189,9653,17368,58599,14509.20,15386.30,45622.48,15441.93,15362.64,45496.85,0.00,0.00,0.00,932.73,-23.66,-125.63,941.45,941.45,1.014,0.075,0.574,-3.062,0.484,-1.531,10885,157.5,0,-0.9500,-0.0283,-0.0007,-0.3111,36.2,-0.9,0.0
3080855,2026-09-11_09-14-58.855-240,v5.1.3,3.45,12.0,3200,17713,20019,56208,9616,17246,58607,14445.03,15346.29,45638.37,15415.82,15262.80,45509.86,0.00,0.00,0.00,970.79,-83.48,-128.51,982.81,982.81,1.001,0.043,0.518,-4.703,-0.797,0.453,10885,162.8,0,-0.9500,-0.0271,0.0042,-0.3109,36.2,-1.4,0.0
3080960,2026-09-11_09-14-58.960-240,v5.1.3,3.45,12.0,3200,17819,19980,56186,9717,17181,58597,14532.94,15313.42,45620.79,15499.32,15210.75,45488.86,0.00,0.00,0.00,966.38,-102.67,-131.93,980.73,980.73,1.004,0.021,0.546,-4.406,-1.547,-0.297,10881,162.6,0,-0.9502,-0.0229,0.0063,-0.3106,36.2,-1.5,0.0
3081075,2026-09-11_09-14-59.076-240,v5.1.3,3.45,12.0,3200,17758,20068,56119,9681,17233,58436,14481.90,15387.89,45565.46,15445.97,15248.96,45363.74,0.00,0.00,0.00,964.06,-138.93,-201.71,994.69,994.69,1.046,0.040,0.551,-4.078,-1.734,-1.078,10882,164.3,0,-0.9502,-0.0247,0.0110,-0.3106,36.2,-2.1,0.0
3081181,2026-09-11_09-14-59.181-240,v5.1.3,3.45,12.0,3200,17667,19987,56126,9580,17171,58487,14407.20,15321.80,45571.85,15371.53,15198.32,45419.29,0.00,0.00,0.00,964.33,-123.48,-152.56,984.10,984.10,0.858,0.157,0.598,-1.203,-0.297,-1.625,10894,163.0,0,-0.9497,-0.0293,0.0048,-0.3119,36.3,-1.6,0.0
3081286,2026-09-11_09-14-59.286-240,v5.1.3,3.45,12.0,3200,17648,20035,56091,9570,17165,58427,14391.16,15362.25,45542.93,15355.13,15191.89,45372.51,0.00,0.00,0.00,963.97,-170.36,-170.42,993.64,993.64,1.088,0.077,0.505,-5.125,-0.828,0.219,10894,164.2,0,-0.9498,-0.0312,0.0094,-0.3111,36.2,-2.1,0.0
3081391,2026-09-11_09-14-59.392-240,v5.1.3,3.45,12.0,3200,17628,20014,56087,9537,17226,58453,14374.76,15345.18,45539.85,15329.95,15241.88,45397.14,0.00,0.00,0.00,955.19,-103.30,-142.71,971.30,971.30,0.970,-0.016,0.575,-3.250,-1.641,0.016,10885,161.4,0,-0.9498,-0.0269,0.0082,-0.3116,36.3,-1.9,0.0
3081496,2026-09-11_09-14-59.497-240,v5.1.3,3.45,12.0,3200,17689,20096,56118,9604,17250,58491,14424.66,15411.71,45564.40,15389.74,15263.19,45418.23,0.00,0.00,0.00,965.09,-148.53,-146.16,987.33,987.33,1.006,0.091,0.540,-2.953,-0.047,0.188,10886,163.4,0,-0.9495,-0.0317,0.0055,-0.3122,36.4,-1.7,0.0
3081601,2026-09-11_09-14-59.602-240,v5.1.3,3.45,12.0,3200,17692,20047,56233,9559,17254,58641,14427.48,15369.16,45658.49,15373.39,15269.44,45544.86,0.00,0.00,0.00,945.91,-99.72,-113.63,957.92,957.92,1.017,0.049,0.531,-4.797,-1.297,0.156,10886,159.6,0,-0.9498,-0.0284,0.0092,-0.3114,36.3,-2.0,0.0
3081707,2026-09-11_09-14-59.707-240,v5.1.3,3.45,12.0,3200,17687,20004,56175,9561,17218,58607,14423.62,15334.75,45611.62,15371.28,15239.28,45517.72,0.00,0.00,0.00,947.65,-95.48,-93.90,957.07,957.07,1.001,0.034,0.558,-3.641,-1.297,0.297,10886,159.5,0,-0.9499,-0.0243,0.0071,-0.3117,36.3,-1.6,0.0
3081812,2026-09-11_09-14-59.813-240,v5.1.3,3.45,12.0,3200,17680,19993,56242,9575,17199,58586,14417.92,15324.54,45666.29,15380.40,15223.45,45499.17,0.00,0.00,0.00,962.48,-101.09,-167.12,982.10,982.10,1.011,0.062,0.544,-3.641,-0.656,-0.156,10883,162.7,0,-0.9496,-0.0285,0.0062,-0.3120,36.3,-1.7,0.0
3081917,2026-09-11_09-14-59.918-240,v5.1.3,3.45,12.0,3200,17626,19990,56203,9553,17214,58560,14373.28,15323.30,45634.54,15358.28,15234.81,45481.09,0.00,0.00,0.00,985.00,-88.50,-153.45,1000.80,1000.80,1.006,0.050,0.542,-4.125,-1.062,0.266,10878,165.1,0,-0.9498,-0.0256,0.0069,-0.3118,36.3,-1.7,0.0
3082022,2026-09-11_09-15-00.023-240,v5.1.3,3.45,12.0,3200,17625,20054,56247,9551,17268,58545,14372.03,15375.36,45669.83,15353.12,15278.50,45468.63,0.00,0.00,0.00,981.09,-96.86,-201.20,1006.18,1006.18,1.006,0.044,0.550,-3.844,-1.062,-0.562,10878,165.8,0,-0.9499,-0.0236,0.0054,-0.3117,36.3,-1.4,0.0
3082128,2026-09-11_09-15-00.129-240,v5.1.3,3.45,12.0,3200,17715,20090,56219,9599,17282,58502,14446.21,15404.68,45646.72,15386.30,15289.50,45427.35,0.00,0.00,0.00,940.09,-115.18,-219.37,972.20,972.20,1.005,0.059,0.544,-3.969,-0.906,-0.031,10885,161.5,0,-0.9497,-0.0276,0.0053,-0.3120,36.3,-1.6,0.0
3082233,2026-09-11_09-15-00.234-240,v5.1.3,3.45,12.0,3200,17662,19981,56297,9522,17178,58625,14403.12,15313.82,45711.19,15342.73,15206.58,45538.00,0.00,0.00,0.00,939.61,-107.25,-173.19,961.44,961.44,1.006,0.046,0.544,-4.109,-0.938,0.000,10893,160.1,0,-0.9498,-0.0247,0.0065,-0.3119,36.3,-1.6,0.0
3082338,2026-09-11_09-15-00.339-240,v5.1.3,3.45,12.0,3200,17654,19933,56236,9532,17134,58575,14396.82,15275.37,45661.91,15345.20,15169.61,45497.02,0.00,0.00,0.00,948.38,-105.76,-164.90,968.40,968.40,1.008,0.052,0.547,-4.281,-1.203,0.422,10878,161.0,0,-0.9497,-0.0261,0.0061,-0.3121,36.3,-1.6,0.0
3082444,2026-09-11_09-15-00.444-240,v5.1.3,3.45,12.0,3200,17651,19956,56164,9582,17149,58499,14394.17,15295.68,45603.07,15375.42,15180.67,45428.93,0.00,0.00,0.00,981.25,-115.01,-174.14,1003.20,1003.20,1.004,0.050,0.543,-4.000,-1.016,-0.500,10878,165.4,0,-0.9497,-0.0260,0.0064,-0.3120,36.3,-1.6,0.0
3082558,2026-09-11_09-15-00.559-240,v5.1.3,3.45,12.0,3200,17690,20157,56130,9594,17347,58477,14425.08,15461.85,45573.65,15376.99,15341.90,45407.12,0.00,0.00,0.00,951.91,-119.94,-166.52,973.78,973.78,1.004,0.044,0.540,-4.141,-1.109,0.156,10880,161.7,0,-0.9498,-0.0235,0.0082,-0.3120,36.3,-1.7,0.0
3082664,2026-09-11_09-15-00.664-240,v5.1.3,3.45,12.0,3200,17665,20155,56158,9597,17356,58424,14404.42,15459.95,45596.47,15371.87,15348.04,45364.01,0.00,0.00,0.00,967.45,-111.91,-232.46,1001.26,1001.26,0.999,0.060,0.555,-4.344,-1.031,0.531,10897,165.2,0,-0.9498,-0.0253,0.0044,-0.3119,36.3,-1.4,0.0
3082769,2026-09-11_09-15-00.769-240,v5.1.3,3.45,12.0,3200,17673,20118,56154,9583,17265,58472,14411.28,15429.39,45593.53,15369.42,15274.73,45405.64,0.00,0.00,0.00,958.14,-154.67,-187.89,988.56,988.56,1.007,0.053,0.554,-4.094,-1.750,0.203,10889,163.6,0,-0.9497,-0.0260,0.0037,-0.3121,36.3,-1.3,0.0
3082874,2026-09-11_09-15-00.875-240,v5.1.3,3.45,12.0,3200,17656,20192,56154,9552,17286,58445,14396.73,15490.66,45592.89,15339.59,15290.85,45387.91,0.00,0.00,0.00,942.86,-199.81,-204.98,985.36,985.36,1.011,0.042,0.530,-4.094,-0.641,-0.656,10889,163.1,0,-0.9498,-0.0257,0.0076,-0.3118,36.3,-1.8,0.0
3082979,2026-09-11_09-15-00.980-240,v5.1.3,3.45,12.0,3200,17631,20047,56137,9537,17078,58399,14377.02,15371.50,45580.29,15326.39,15119.82,45355.61,0.00,0.00,0.00,949.37,-251.68,-224.68,1007.53,1007.53,1.015,0.049,0.526,-3.328,-0.391,0.422,10890,166.0,0,-0.9495,-0.0267,0.0110,-0.3126,36.4,-2.2,0.0
3083084,2026-09-11_09-15-01.085-240,v5.1.3,3.45,12.0,3200,17550,20019,56111,9492,16997,58324,14310.23,15349.66,45559.35,15281.09,15051.39,45302.50,0.00,0.00,0.00,970.87,-298.28,-256.84,1047.62,1047.62,0.996,0.060,0.544,-3.984,-1.297,0.734,10897,171.1,0,-0.9495,-0.0271,0.0071,-0.3125,36.4,-1.7,0.0
3083190,2026-09-11_09-15-01.190-240,v5.1.3,3.45,12.0,3200,17579,19959,56118,9458,16846,58327,14334.61,15299.71,45565.57,15257.53,14927.80,45311.45,0.00,0.00,0.00,922.92,-371.91,-254.12,1026.97,1026.97,1.015,0.017,0.553,-3.188,-0.859,-0.734,10885,168.5,0,-0.9495,-0.0232,0.0073,-0.3128,36.4,-1.6,0.0
3083295,2026-09-11_09-15-01.296-240,v5.1.3,3.45,12.0,3200,17598,19972,56093,9476,16721,58286,14350.23,15310.70,45545.10,15269.99,14825.03,45277.62,0.00,0.00,0.00,919.75,-485.67,-267.47,1073.95,1073.95,1.017,0.040,0.526,-4.312,-0.891,0.438,10885,174.4,0,-0.9494,-0.0237,0.0116,-0.3130,36.5,-2.1,0.0
3083400,2026-09-11_09-15-01.401-240,v5.1.3,3.45,12.0,3200,17577,19946,56118,9489,16573,58290,14333.04,15289.00,45565.68,15285.18,14704.49,45280.93,0.00,0.00,0.00,952.14,-584.50,-284.75,1152.95,1152.95,1.016,0.052,0.545,-3.125,-1.188,-0.109,10882,184.5,0,-0.9492,-0.0265,0.0091,-0.3135,36.5,-1.9,0.0
3083505,2026-09-11_09-15-01.506-240,v5.1.3,3.45,12.0,3200,17608,19858,56097,9478,16419,58262,14359.27,15216.41,45549.34,15276.34,14578.00,45261.87,0.00,0.00,0.00,917.07,-638.41,-287.47,1153.78,1153.78,1.005,0.087,0.544,-4.641,-0.172,0.797,10885,184.6,0,-0.9492,-0.0297,0.0061,-0.3132,36.5,-1.7,0.0
3083611,2026-09-11_09-15-01.611-240,v5.1.3,3.45,12.0,3200,17598,19822,56083,9475,16318,58223,14351.24,15187.04,45538.24,15271.14,14494.62,45232.21,0.00,0.00,0.00,919.91,-692.42,-306.03,1191.36,1191.36,1.029,0.045,0.530,-4.266,-1.047,-0.547,10885,189.4,0,-0.9494,-0.0283,0.0102,-0.3127,36.4,-2.1,0.0
3083716,2026-09-11_09-15-01.716-240,v5.1.3,3.45,12.0,3200,17550,19840,56062,9482,16340,58181,14311.42,15202.76,45520.97,15270.50,14511.67,45197.23,0.00,0.00,0.00,959.08,-691.09,-323.75,1225.66,1225.66,1.007,0.033,0.540,-4.547,-1.203,0.484,10888,193.8,0,-0.9497,-0.0232,0.0105,-0.3123,36.4,-2.0,0.0
3083821,2026-09-11_09-15-01.822-240,v5.1.3,3.45,12.0,3200,17740,19870,56052,9634,16392,58113,14468.34,15225.80,45512.58,15384.83,14554.37,45121.19,0.00,0.00,0.00,916.49,-671.44,-391.39,1201.66,1201.66,1.037,-0.043,0.556,-3.750,1.219,1.109,10887,190.7,0,-0.9495,-0.0171,0.0103,-0.3131,36.5,-1.7,0.0
3083926,2026-09-11_09-15-01.927-240,v5.1.3,3.45,12.0,3200,17653,19922,56039,9611,16421,58103,14396.05,15269.84,45501.54,15363.74,14577.52,45115.93,0.00,0.00,0.00,967.69,-692.32,-385.61,1250.77,1250.77,1.006,0.052,0.512,-3.297,-1.656,0.047,10888,197.0,0,-0.9491,-0.0220,0.0130,-0.3140,36.6,-2.2,0.0
3084042,2026-09-11_09-15-02.043-240,v5.1.3,3.45,12.0,3200,17678,19864,56016,9579,16340,58044,14417.11,15222.12,45483.31,15331.36,14509.63,45073.90,0.00,0.00,0.00,914.25,-712.49,-409.41,1229.28,1229.28,1.003,0.064,0.521,-4.984,-0.656,0.406,10888,194.3,0,-0.9492,-0.0265,0.0127,-0.3134,36.5,-2.3,0.0
3084148,2026-09-11_09-15-02.148-240,v5.1.3,3.45,12.0,3200,17603,19927,55976,9538,16442,58055,14354.66,15275.60,45450.18,15296.42,14592.63,45087.05,0.00,0.00,0.00,941.76,-682.97,-363.13,1218.69,1218.69,1.005,0.032,0.552,-4.250,-0.906,0.031,10885,192.9,0,-0.9494,-0.0224,0.0099,-0.3130,36.5,-1.9,0.0
3084253,2026-09-11_09-15-02.254-240,v5.1.3,3.45,12.0,3200,17665,19954,55908,9576,16448,57881,14405.74,15298.49,45394.56,15303.41,14593.90,44941.97,0.00,0.00,0.00,897.67,-704.60,-452.59,1227.64,1227.64,1.004,0.056,0.562,-3.812,-1.250,-0.125,10891,194.1,0,-0.9494,-0.0245,0.0057,-0.3132,36.5,-1.5,0.0
3084358,2026-09-11_09-15-02.359-240,v5.1.3,3.43,12.0,3200,17636,19915,56002,9523,16386,57997,14382.03,15264.90,45471.46,15277.51,14545.38,45043.20,0.00,0.00,0.00,895.48,-719.52,-428.27,1225.97,1225.97,1.004,0.046,0.532,-3.734,-1.078,-0.156,10896,193.8,0,-0.9492,-0.0258,0.0090,-0.3136,36.5,-1.9,0.0
3084464,2026-09-11_09-15-02.464-240,v5.1.3,3.43,12.0,3200,17565,19874,55962,9470,16377,58014,14323.59,15232.48,45439.23,15236.47,14537.78,45064.20,0.00,0.00,0.00,912.88,-694.69,-375.03,1206.90,1206.90,1.005,0.052,0.549,-4.141,-0.906,0.422,10896,191.4,0,-0.9492,-0.0251,0.0055,-0.3135,36.5,-1.5,0.0
3084569,2026-09-11_09-15-02.570-240,v5.1.3,3.43,12.0,3200,17573,19897,56006,9464,16455,58101,14330.05,15250.59,45474.87,15241.52,14603.42,45133.95,0.00,0.00,0.00,911.47,-647.17,-340.92,1168.69,1168.69,1.007,0.048,0.547,-4.297,-0.781,-0.234,10892,186.5,0,-0.9493,-0.0246,0.0057,-0.3133,36.5,-1.5,0.0
3084674,2026-09-11_09-15-02.675-240,v5.1.3,3.43,12.0,3200,17595,19960,56068,9522,16438,58123,14347.83,15301.27,45524.83,15292.78,14590.78,45143.93,0.00,0.00,0.00,944.95,-710.50,-380.91,1242.11,1242.11,1.006,0.047,0.540,-4.250,-0.844,-0.094,10893,195.9,0,-0.9493,-0.0248,0.0077,-0.3133,36.5,-1.7,0.0
3084779,2026-09-11_09-15-02.780-240,v5.1.3,3.43,12.0,3200,17625,19981,56092,9529,16456,58140,14372.50,15317.88,45544.20,15300.42,14605.95,45156.41,0.00,0.00,0.00,927.92,-711.93,-387.80,1232.18,1232.18,1.005,0.050,0.546,-4.281,-1.125,-0.344,10890,194.6,0,-0.9494,-0.0254,0.0057,-0.3129,36.5,-1.5,0.0
3084885,2026-09-11_09-15-02.885-240,v5.1.3,3.43,12.0,3200,17601,19918,56160,9554,16406,58275,14353.08,15264.88,45600.13,15341.06,14568.63,45262.11,0.00,0.00,0.00,987.98,-696.25,-338.03,1255.04,1255.04,1.007,0.049,0.541,-4.188,-0.703,0.359,10890,197.5,0,-0.9493,-0.0254,0.0072,-0.3131,36.5,-1.7,0.0
3084990,2026-09-11_09-15-02.991-240,v5.1.3,3.43,12.0,3200,17600,19868,56113,9541,16384,58128,14352.59,15224.46,45562.28,15310.55,14547.05,45146.03,0.00,0.00,0.00,957.97,-677.41,-416.25,1244.93,1244.93,1.007,0.049,0.544,-4.500,-0.938,0.328,10885,196.3,0,-0.9494,-0.0248,0.0068,-0.3130,36.5,-1.6,0.0
3085095,2026-09-11_09-15-03.096-240,v5.1.3,3.43,12.0,3200,17622,19892,56100,9548,16428,58086,14370.62,15244.29,45551.48,15309.32,14582.06,45110.77,0.00,0.00,0.00,938.71,-662.23,-440.71,1230.42,1230.42,1.006,0.043,0.547,-4.281,-0.594,0.047,10885,194.4,0,-0.9495,-0.0228,0.0060,-0.3130,36.5,-1.5,0.0
3085201,2026-09-11_09-15-03.201-240,v5.1.3,3.43,12.0,3200,17628,19928,56063,9597,16439,58031,14375.33,15274.61,45521.04,15341.75,14590.34,45059.75,0.00,0.00,0.00,966.41,-684.27,-461.29,1270.81,1270.81,1.004,0.051,0.546,-3.766,-0.766,0.422,10885,199.6,0,-0.9492,-0.0255,0.0056,-0.3137,36.5,-1.5,0.0
3085306,2026-09-11_09-15-03.306-240,v5.1.3,3.43,12.0,3200,17665,19928,56036,9581,16383,57917,14405.93,15274.73,45499.05,15314.25,14541.75,44971.04,0.00,0.00,0.00,908.32,-732.97,-528.01,1281.05,1281.05,1.000,0.077,0.542,-4.375,-0.266,-3.781,10889,200.9,0,-0.9496,-0.0326,0.0026,-0.3118,36.3,-1.4,0.0
3085411,2026-09-11_09-15-03.412-240,v5.1.3,3.43,12.0,3200,17646,19864,56035,9564,16245,57989,14390.65,15222.10,45498.78,15313.91,14430.61,45032.95,0.00,0.00,0.00,923.26,-791.49,-465.83,1302.25,1302.25,1.010,0.035,0.543,-4.234,-1.172,0.422,10887,203.6,0,-0.9498,-0.0278,0.0049,-0.3116,36.3,-1.5,0.0
3085527,2026-09-11_09-15-03.527-240,v5.1.3,3.43,12.0,3200,17637,19944,55984,9571,16165,57875,14382.66,15289.15,45456.55,15305.99,14362.72,44941.39,0.00,0.00,0.00,923.33,-926.44,-515.16,1405.77,1405.77,1.002,0.048,0.545,-4.156,-0.641,0.531,10889,216.8,0,-0.9498,-0.0241,0.0051,-0.3117,36.3,-1.4,0.0
3085632,2026-09-11_09-15-03.632-240,v5.1.3,3.43,12.0,3200,17617,19922,55972,9511,15865,57844,14366.27,15271.40,45446.96,15260.26,14116.40,44928.44,0.00,0.00,0.00,894.00,-1155.01,-518.52,1549.88,1549.88,1.004,0.063,0.541,-4.859,-0.172,0.344,10889,235.2,0,-0.9498,-0.0275,0.0049,-0.3115,36.3,-1.5,0.0
3085737,2026-09-11_09-15-03.737-240,v5.1.3,3.43,12.0,3200,17654,19885,55938,9542,15421,57749,14397.11,15241.10,45419.59,15284.42,13752.16,44853.46,0.00,0.00,0.00,887.31,-1488.94,-566.13,1823.39,1823.39,0.997,0.065,0.553,-5.188,-1.188,0.734,10880,270.0,0,-0.9501,-0.0282,0.0020,-0.3108,36.2,-1.2,0.0
3085842,2026-09-11_09-15-03.843-240,v5.1.3,3.43,12.0,3200,17663,19754,55965,9489,14699,57722,14405.43,15132.37,45442.71,15256.23,13161.59,44848.09,0.00,0.00,0.00,850.80,-1970.78,-594.62,2227.42,2227.42,1.019,0.024,0.540,-3.641,-0.344,-0.469,10883,321.6,0,-0.9500,-0.0252,0.0048,-0.3111,36.2,-1.4,0.0
3085947,2026-09-11_09-15-03.948-240,v5.1.3,3.43,12.0,3200,17615,19632,55878,9432,14073,57649,14366.55,15033.69,45372.89,15215.82,12648.24,44805.08,0.00,0.00,0.00,849.27,-2385.45,-567.80,2595.00,2595.00,1.009,0.059,0.554,-3.953,-0.953,0.516,10893,368.5,0,-0.9498,-0.0279,0.0034,-0.3117,36.3,-1.4,0.0
3086052,2026-09-11_09-15-04.053-240,v5.1.3,3.43,12.0,3200,17533,19553,55885,9380,13532,57552,14299.27,14969.16,45379.27,15173.94,12203.77,44741.04,0.00,0.00,0.00,874.67,-2765.39,-638.23,2969.81,2969.81,1.007,0.053,0.546,-3.391,-1.891,-0.312,10893,416.3,0,-0.9496,-0.0279,0.0059,-0.3122,36.4,-1.6,0.0
3086158,2026-09-11_09-15-04.158-240,v5.1.3,3.43,12.0,3200,17517,19575,55849,9328,13284,57476,14285.89,14988.14,45349.75,15127.18,11998.93,44690.19,0.00,0.00,0.00,841.29,-2989.21,-659.56,3174.61,3174.61,1.001,0.043,0.552,-4.516,-0.484,0.219,10889,442.4,0,-0.9498,-0.0237,0.0041,-0.3120,36.3,-1.3,0.0
3086263,2026-09-11_09-15-04.263-240,v5.1.3,3.43,12.0,3200,17509,19625,55828,9346,13410,57345,14278.94,15029.87,45332.21,15120.48,12098.90,44580.88,0.00,0.00,0.00,841.54,-2930.97,-751.34,3140.59,3140.59,1.026,0.049,0.539,-2.781,-0.797,-0.406,10885,438.1,0,-0.9493,-0.0266,0.0075,-0.3131,36.5,-1.8,0.0
3086368,2026-09-11_09-15-04.369-240,v5.1.3,3.43,12.0,3200,17483,19682,55835,9292,13518,57291,14257.05,15077.07,45337.43,15065.66,12185.11,44543.49,0.00,0.00,0.00,808.60,-2891.95,-793.93,3106.05,3106.05,1.073,0.082,0.516,-4.281,0.891,0.734,10888,433.7,0,-0.9492,-0.0292,0.0096,-0.3132,36.5,-2.1,0.0
3086474,2026-09-11_09-15-04.474-240,v5.1.3,3.43,12.0,3200,17526,19632,55866,9379,13478,57284,14292.95,15034.80,45363.11,15137.38,12153.37,44526.50,0.00,0.00,0.00,844.43,-2881.43,-836.61,3116.99,3116.99,1.012,0.026,0.514,-0.141,-2.812,-0.266,10888,435.1,0,-0.9482,-0.0284,0.0142,-0.3159,36.8,-2.6,0.0
3086579,2026-09-11_09-15-04.580-240,v5.1.3,3.43,12.0,3200,17498,19562,55879,9377,13400,57324,14270.27,14977.05,45374.30,15143.36,12090.63,44559.90,0.00,0.00,0.00,873.09,-2886.43,-814.40,3123.62,3123.62,0.981,0.057,0.602,-3.828,-0.953,0.000,10892,435.9,0,-0.9484,-0.0271,0.0091,-0.3158,36.8,-2.0,0.0
3086684,2026-09-11_09-15-04.685-240,v5.1.3,3.43,12.0,3200,17585,19546,55880,9448,13419,57322,14342.32,14962.95,45375.26,15201.03,12106.96,44548.36,0.00,0.00,0.00,858.72,-2856.00,-826.90,3094.81,3094.81,1.022,0.056,0.515,-4.141,-0.156,-0.109,10896,432.2,0,-0.9484,-0.0290,0.0125,-0.3157,36.8,-2.4,0.0
3086789,2026-09-11_09-15-04.790-240,v5.1.3,3.43,12.0,3200,17643,19593,55834,9505,13452,57275,14389.96,15002.00,45337.38,15240.57,12133.48,44502.40,0.00,0.00,0.00,850.61,-2868.52,-834.98,3106.31,3106.31,1.005,0.041,0.539,-4.438,-1.812,0.797,10896,433.7,0,-0.9486,-0.0245,0.0116,-0.3153,36.7,-2.1,0.0
3086905,2026-09-11_09-15-04.906-240,v5.1.3,3.43,12.0,3200,17767,19555,55875,9592,13402,57291,14492.76,14968.65,45371.12,15315.75,12094.11,44504.01,0.00,0.00,0.00,822.99,-2874.54,-867.11,3113.22,3113.22,1.010,0.050,0.536,-4.250,-1.078,0.422,10892,434.6,0,-0.9485,-0.0264,0.0108,-0.3155,36.8,-2.1,0.0
3087011,2026-09-11_09-15-04.011-240,v5.1.3,3.43,12.0,3200,17570,19585,55818,9408,13386,57189,14329.65,14996.42,45324.42,15150.53,12076.40,44447.36,0.00,0.00,0.00,820.88,-2920.02,-877.06,3157.47,3157.47,0.999,0.047,0.562,-4.062,-1.094,-0.375,10888,440.2,0,-0.9487,-0.0249,0.0063,-0.3152,36.7,-1.6,0.0
3087116,2026-09-11_09-15-05.117-240,v5.1.3,3.43,12.0,3200,17550,19606,55799,9434,13466,57188,14312.97,15014.30,45308.76,15169.67,12141.99,44442.00,0.00,0.00,0.00,856.71,-2872.31,-866.76,3120.16,3120.16,1.009,0.048,0.532,-4.047,-0.500,0.219,10893,435.5,0,-0.9485,-0.0258,0.0093,-0.3154,36.7,-1.9,0.0
3087221,2026-09-11_09-15-05.222-240,v5.1.3,3.43,12.0,3200,17599,19644,55758,9452,13490,57192,14353.23,15045.92,45275.04,15184.41,12161.89,44442.46,0.00,0.00,0.00,831.18,-2884.03,-832.58,3114.75,3114.75,1.006,0.047,0.541,-3.906,-1.188,0.500,10893,434.8,0,-0.9485,-0.0246,0.0083,-0.3157,36.8,-1.8,0.0
3087326,2026-09-11_09-15-05.327-240,v5.1.3,3.43,12.0,3200,17592,19615,55812,9448,13471,57238,14347.64,15021.07,45319.27,15188.00,12147.42,44480.20,0.00,0.00,0.00,840.36,-2873.66,-839.07,3109.36,3109.36,1.003,0.047,0.547,-3.922,-0.984,0.078,10887,434.1,0,-0.9485,-0.0244,0.0058,-0.3159,36.8,-1.5,0.0
3087432,2026-09-11_09-15-05.432-240,v5.1.3,3.43,12.0,3200,17583,19587,55799,9454,13431,57198,14340.38,14998.28,45308.93,15188.46,12113.90,44447.75,0.00,0.00,0.00,848.07,-2884.38,-861.18,3127.38,3127.38,1.007,0.051,0.537,-3.922,-0.422,0.047,10899,436.4,0,-0.9483,-0.0266,0.0075,-0.3162,36.8,-1.8,0.0
3087537,2026-09-11_09-15-05.537-240,v5.1.3,3.43,12.0,3200,17576,19557,55755,9447,13411,57176,14334.79,14974.37,45273.34,15180.18,12096.97,44431.28,0.00,0.00,0.00,845.38,-2877.40,-842.07,3114.99,3114.99,1.010,0.051,0.533,-4.000,-0.672,0.562,10887,434.8,0,-0.9482,-0.0266,0.0100,-0.3165,36.9,-2.0,0.0
3087642,2026-09-11_09-15-05.643-240,v5.1.3,3.43,12.0,3200,17573,19579,55738,9447,13401,57124,14332.16,14992.87,45259.30,15173.23,12087.59,44389.62,0.00,0.00,0.00,841.07,-2905.29,-869.69,3147.13,3147.13,0.998,0.062,0.555,-5.219,-1.156,0.266,10887,438.9,0,-0.9486,-0.0267,0.0056,-0.3154,36.7,-1.6,0.0
3087747,2026-09-11_09-15-05.748-240,v5.1.3,3.43,12.0,3200,17580,19631,55830,9463,13202,57232,14337.61,15034.08,45333.80,15206.67,11927.91,44476.72,0.00,0.00,0.00,869.06,-3106.17,-857.07,3337.38,3337.38,1.019,0.021,0.531,-4.656,-0.781,-1.297,10895,463.2,0,-0.9489,-0.0241,0.0088,-0.3144,36.6,-1.8,0.0
3087853,2026-09-11_09-15-05.853-240,v5.1.3,3.43,12.0,3200,17629,19562,55796,9472,12535,57179,14378.59,14977.23,45306.70,15224.47,11382.38,44441.30,0.00,0.00,0.00,845.88,-3594.85,-865.40,3793.07,3793.07,0.974,0.107,0.558,-5.469,-1.172,0.641,10890,521.3,0,-0.9492,-0.0270,0.0057,-0.3135,36.5,-1.6,0.0
3088674,2026-09-11_09-15-06.674-240,v5.1.3,3.43,12.0,3200,17602,18733,55593,8643,-1399,57465,14361.80,14296.73,45148.47,14952.07,6.36,44959.60,0.00,0.00,0.00,590.28,-14290.37,-188.87,14303.80,14303.80,1.019,0.034,0.524,-4.328,-0.328,-0.250,10892,1862.1,0,-0.9485,-0.0196,0.0364,-0.3141,36.6,-4.7,0.0
3088779,2026-09-11_09-15-06.780-240,v5.1.3,3.43,12.0,3200,17566,18747,55585,8636,-2092,57249,14331.93,14308.79,45141.83,14934.78,-564.43,44795.70,0.00,0.00,0.00,602.84,-14873.22,-346.12,14889.46,14889.46,0.993,0.084,0.556,-4.594,-1.438,0.828,10892,1936.8,0,-0.9487,-0.0212,0.0323,-0.3139,36.6,-4.3,0.0
3088987,2026-09-11_09-15-06.987-240,v5.1.3,3.43,12.0,3200,17576,18688,55553,8592,-3229,56848,14340.60,14260.56,45116.27,14873.17,-1502.41,44493.79,0.00,0.00,0.00,532.57,-15762.96,-622.48,15784.24,15784.24,1.071,-0.004,0.643,-4.812,-1.516,0.922,10891,2051.0,0,-0.9491,-0.0145,0.0249,-0.3136,36.5,-3.2,0.0
3089092,2026-09-11_09-15-07.092-240,v5.1.3,3.43,12.0,3200,17576,18733,55530,8597,-3250,56847,14340.29,14298.12,45097.15,14877.71,-1519.51,44492.56,0.00,0.00,0.00,537.41,-15817.63,-604.59,15838.30,15838.30,0.995,0.047,0.543,-4.062,0.188,0.797,10891,2057.9,0,-0.9490,-0.0167,0.0200,-0.3142,36.6,-2.8,0.0
3089207,2026-09-11_09-15-07.207-240,v5.1.3,3.43,12.0,3200,17535,18623,55515,8582,-3374,56819,14307.12,14207.99,45085.88,14864.77,-1621.56,44473.67,0.00,0.00,0.00,557.65,-15829.55,-612.20,15851.19,15851.19,1.008,0.062,0.543,-3.906,-0.047,-0.031,10901,2059.5,0,-0.9488,-0.0211,0.0158,-0.3146,36.7,-2.5,0.0
3089312,2026-09-11_09-15-07.313-240,v5.1.3,3.43,12.0,3200,17485,18648,55520,8533,-3362,56864,14265.61,14229.04,45089.73,14830.35,-1611.31,44516.37,0.00,0.00,0.00,564.74,-15840.34,-573.36,15860.77,15860.77,1.009,0.041,0.522,-4.672,-0.781,0.250,10897,2060.7,0,-0.9487,-0.0242,0.0166,-0.3149,36.7,-2.7,0.0
3089417,2026-09-11_09-15-07.418-240,v5.1.3,3.43,12.0,3200,17491,18780,55501,8552,-3281,56813,14269.68,14338.30,45073.12,14836.76,-1546.17,44471.78,0.00,0.00,0.00,567.08,-15884.46,-601.34,15905.95,15905.95,1.000,0.047,0.560,-3.969,-0.891,0.219,10900,2066.5,0,-0.9487,-0.0239,0.0115,-0.3151,36.7,-2.1,0.0
3089522,2026-09-11_09-15-07.523-240,v5.1.3,3.43,12.0,3200,17512,18813,55474,8544,-3269,56768,14286.83,14365.82,45050.84,14823.62,-1537.53,44436.55,0.00,0.00,0.00,536.79,-15903.35,-614.29,15924.26,15924.26,1.010,0.048,0.543,-4.219,-0.359,0.141,10900,2068.8,0,-0.9485,-0.0256,0.0089,-0.3155,36.8,-1.9,0.0
3089627,2026-09-11_09-15-07.628-240,v5.1.3,3.43,12.0,3200,17495,18779,55532,8498,-3287,56815,14273.00,14336.88,45098.38,14792.74,-1551.68,44480.83,0.00,0.00,0.00,519.74,-15888.55,-617.55,15909.04,15909.04,1.006,0.046,0.534,-4.297,-1.391,-0.141,10892,2066.9,0,-0.9484,-0.0268,0.0110,-0.3158,36.8,-2.2,0.0
3089732,2026-09-11_09-15-07.733-240,v5.1.3,3.43,12.0,3200,17494,18880,55528,8510,-3231,56806,14271.50,14420.34,45094.25,14799.88,-1506.04,44471.25,0.00,0.00,0.00,528.38,-15926.38,-623.00,15947.32,15947.32,1.004,0.048,0.551,-3.906,-1.047,-0.531,10894,2071.8,0,-0.9485,-0.0259,0.0069,-0.3157,36.8,-1.7,0.0
3089838,2026-09-11_09-15-07.838-240,v5.1.3,3.43,12.0,3200,17486,18786,55499,8508,-3389,56758,14265.51,14343.34,45071.44,14795.78,-1636.15,44434.95,0.00,0.00,0.00,530.27,-15979.49,-636.49,16000.95,16000.95,1.007,0.044,0.543,-4.391,-0.938,-0.344,10896,2078.6,0,-0.9484,-0.0252,0.0080,-0.3159,36.8,-1.8,0.0
3089943,2026-09-11_09-15-07.944-240,v5.1.3,3.43,12.0,3200,17469,18924,55487,8478,-3286,56724,14250.53,14457.66,45060.48,14763.62,-1553.25,44410.42,0.00,0.00,0.00,513.10,-16010.91,-650.06,16032.31,16032.31,1.007,0.049,0.541,-3.906,-0.906,0.000,10896,2082.6,0,-0.9482,-0.0265,0.0080,-0.3165,36.9,-1.8,0.0
3090048,2026-09-11_09-15-08.049-240,v5.1.3,3.43,12.0,3200,17403,18731,55448,8441,-3561,56686,14197.24,14299.68,45030.36,14735.20,-1779.05,44388.39,0.00,0.00,0.00,537.96,-16078.73,-641.97,16100.53,16100.53,1.004,0.045,0.549,-4.156,-0.875,0.047,10900,2091.3,0,-0.9482,-0.0244,0.0059,-0.3167,36.9,-1.5,0.0
3090153,2026-09-11_09-15-08.154-240,v5.1.3,3.43,12.0,3200,17399,18746,55436,8419,-3592,56659,14193.83,14312.32,45020.46,14714.17,-1805.26,44370.09,0.00,0.00,0.00,520.34,-16117.57,-650.37,16139.08,16139.08,1.005,0.050,0.546,-3.688,-1.219,0.031,10889,2096.2,0,-0.9478,-0.0266,0.0061,-0.3176,37.0,-1.6,0.0
3090258,2026-09-11_09-15-08.259-240,v5.1.3,3.43,12.0,3200,17468,18797,55446,8469,-3592,56630,14250.55,14353.55,45028.17,14751.31,-1805.33,44339.96,0.00,0.00,0.00,500.77,-16158.88,-688.21,16181.28,16181.28,1.009,0.042,0.545,-4.062,-0.734,0.125,10895,2101.6,0,-0.9477,-0.0240,0.0073,-0.3181,37.1,-1.7,0.0
3090364,2026-09-11_09-15-08.364-240,v5.1.3,3.43,12.0,3200,17405,18792,55383,8405,-3703,56696,14198.48,14351.19,44976.89,14710.72,-1895.15,44403.13,0.00,0.00,0.00,512.25,-16246.34,-573.77,16264.54,16264.54,1.000,0.047,0.548,-7.891,-0.719,0.484,10895,2112.2,0,-0.9485,-0.0228,0.0056,-0.3158,36.8,-1.4,0.0
3096838,2026-09-11_09-15-14.839-240,v5.1.3,3.44,12.0,3200,17521,18691,55397,8485,-5495,56677,14295.08,14266.39,44989.17,14821.61,-3357.21,44399.50,0.00,0.00,0.00,526.53,-17623.59,-589.68,17641.31,17641.31,1.011,-0.010,0.552,-5.094,-1.734,0.531,10898,2287.9,0,-0.9092,0.2560,0.1565,-0.2886,37.6,-7.9,0.0
3096955,2026-09-11_09-15-14.956-240,v5.1.3,3.44,12.0,3200,17494,18652,55347,8413,-5594,56612,14273.01,14235.36,44948.78,14755.94,-3440.42,44358.34,0.00,0.00,0.00,482.93,-17675.78,-590.44,17692.23,17692.23,1.011,0.049,0.532,-4.547,-1.406,0.641,10900,2294.4,0,-0.9102,0.2515,0.1558,-0.2897,37.7,-7.9,0.0
3097060,2026-09-11_09-15-15.061-240,v5.1.3,3.44,12.0,3200,17436,18656,55358,8356,-5522,56664,14225.02,14239.04,44957.70,14714.31,-3381.13,44406.99,0.00,0.00,0.00,489.29,-17620.18,-550.71,17635.57,17635.57,0.998,0.045,0.558,-4.625,-1.094,0.359,10899,2287.1,0,-0.9113,0.2474,0.1547,-0.2905,37.7,-7.9,0.0
3097166,2026-09-11_09-15-15.166-240,v5.1.3,3.44,12.0,3200,17414,18694,55420,8320,-5405,56762,14206.58,14269.52,45007.88,14695.15,-3283.77,44489.18,0.00,0.00,0.00,488.57,-17553.29,-518.69,17567.75,17567.75,1.007,0.039,0.540,-4.000,-0.672,0.047,10899,2278.5,0,-0.9124,0.2429,0.1531,-0.2916,37.8,-7.9,0.0
3097271,2026-09-11_09-15-15.272-240,v5.1.3,3.44,12.0,3200,17412,18721,55503,8339,-5385,56790,14204.75,14290.34,45075.25,14714.14,-3266.55,44508.84,0.00,0.00,0.00,509.39,-17556.90,-566.41,17573.42,17573.42,1.009,0.045,0.542,-4.266,-0.938,0.141,10898,2279.2,0,-0.9135,0.2385,0.1518,-0.2925,37.8,-7.9,0.0
3097376,2026-09-11_09-15-15.377-240,v5.1.3,3.44,12.0,3200,17388,18640,55549,8301,-5469,56804,14185.45,14222.88,45113.41,14687.03,-3335.25,44526.33,0.00,0.00,0.00,501.58,-17558.13,-587.08,17575.10,17575.10,1.006,0.045,0.550,-4.000,-1.203,-0.234,10893,2279.4,0,-0.9146,0.2336,0.1505,-0.2936,37.8,-7.9,0.0
3097482,2026-09-11_09-15-15.482-240,v5.1.3,3.44,12.0,3200,17365,18613,55543,8315,-5471,56842,14166.61,14200.93,45108.76,14703.88,-3335.81,44554.98,0.00,0.00,0.00,537.27,-17536.74,-553.78,17553.71,17553.71,1.005,0.046,0.542,-3.984,-0.781,0.875,10902,2276.7,0,-0.9154,0.2297,0.1490,-0.2950,37.9,-7.9,0.0
3097587,2026-09-11_09-15-15.587-240,v5.1.3,3.44,12.0,3200,17359,18678,55499,8300,-5450,56775,14161.21,14255.45,45072.36,14681.68,-3320.44,44502.93,0.00,0.00,0.00,520.47,-17575.88,-569.43,17592.80,17592.80,1.007,0.045,0.538,-4.203,-1.062,0.297,10902,2281.7,0,-0.9164,0.2253,0.1478,-0.2960,37.9,-7.9,0.0
3097692,2026-09-11_09-15-15.693-240,v5.1.3,3.44,12.0,3200,17361,18723,55562,8318,-5440,56833,14162.57,14291.44,45123.29,14704.28,-3310.69,44546.95,0.00,0.00,0.00,541.71,-17602.13,-576.34,17619.89,17619.89,1.003,0.042,0.549,-4.328,-0.828,0.406,10911,2285.1,0,-0.9174,0.2211,0.1463,-0.2969,38.0,-7.9,0.0
3097797,2026-09-11_09-15-15.798-240,v5.1.3,3.44,12.0,3200,17430,18703,55456,8337,-5519,56682,14219.75,14276.15,45037.12,14701.08,-3378.49,44424.01,0.00,0.00,0.00,481.33,-17654.64,-613.11,17671.84,17671.84,1.008,0.048,0.539,-3.750,-0.875,0.188,10898,2291.8,0,-0.9183,0.2165,0.1447,-0.2982,38.0,-7.8,0.0
3097902,2026-09-11_09-15-15.903-240,v5.1.3,3.44,12.0,3200,17409,18624,55457,8300,-5636,56713,14202.92,14211.12,45038.62,14678.03,-3473.71,44455.45,0.00,0.00,0.00,475.11,-17684.82,-583.17,17700.81,17700.81,1.007,0.046,0.543,-4.062,-0.391,0.062,10896,2295.4,0,-0.9194,0.2120,0.1427,-0.2991,38.0,-7.8,0.0
3098008,2026-09-11_09-15-15.008-240,v5.1.3,3.44,12.0,3200,17381,18593,55452,8290,-5674,56670,14179.97,14185.89,45034.80,14664.84,-3505.86,44422.73,0.00,0.00,0.00,484.87,-17691.75,-612.07,17708.97,17708.97,1.003,0.038,0.545,-3.969,-1.094,0.141,10896,2296.5,0,-0.9203,0.2074,0.1412,-0.3003,38.1,-7.8,0.0
3098113,2026-09-11_09-15-16.113-240,v5.1.3,3.44,12.0,3200,17379,18615,55436,8316,-5603,56693,14178.17,14204.36,45021.59,14687.55,-3447.05,44436.77,0.00,0.00,0.00,509.38,-17651.41,-584.81,17668.44,17668.44,1.001,0.075,0.547,-4.312,-1.156,0.406,10888,2291.3,0,-0.9211,0.2031,0.1399,-0.3012,38.1,-7.8,0.0
3098933,2026-09-11_09-15-16.934-240,v5.1.3,3.44,12.0,3200,17549,19394,55793,9438,12598,57087,14313.56,14839.39,45305.70,15182.04,11431.21,44371.22,0.00,0.00,0.00,868.48,-3408.17,-934.48,3639.11,3639.11,1.004,0.046,0.537,-3.391,-0.453,0.297,10894,501.7,0,-0.9270,0.1670,0.1227,-0.3127,38.7,-7.1,0.0
3099038,2026-09-11_09-15-17.039-240,v5.1.3,3.44,12.0,3200,17506,19480,55811,9404,12906,57100,14277.43,14910.50,45319.61,15147.66,11682.49,44382.43,0.00,0.00,0.00,870.23,-3228.01,-937.18,3472.13,3472.13,1.000,0.054,0.547,-4.750,-0.609,0.688,10894,480.4,0,-0.9277,0.1631,0.1209,-0.3132,38.7,-7.0,0.0
3099154,2026-09-11_09-15-17.154-240,v5.1.3,3.44,12.0,3200,17606,19702,55769,9505,13281,57077,14358.63,15093.53,45283.50,15217.66,11989.25,44345.45,0.00,0.00,0.00,859.03,-3104.29,-938.05,3354.77,3354.77,0.984,0.062,0.537,-4.141,-0.844,0.000,10897,465.4,0,-0.9286,0.1579,0.1188,-0.3140,38.7,-7.0,0.0
3099259,2026-09-11_09-15-17.259-240,v5.1.3,3.44,12.0,3200,17556,19697,55793,9463,13364,57055,14317.32,15089.47,45303.09,15177.82,12055.96,44332.45,0.00,0.00,0.00,860.50,-3033.52,-970.64,3299.21,3299.21,1.009,0.047,0.585,-5.391,-2.562,1.344,10900,458.3,0,-0.9291,0.1543,0.1186,-0.3145,38.7,-7.1,0.0
3099364,2026-09-11_09-15-17.365-240,v5.1.3,3.44,12.0,3200,17522,19645,55848,9407,13290,57114,14289.55,15045.89,45348.34,15141.86,11996.26,44388.44,0.00,0.00,0.00,852.30,-3049.63,-959.90,3308.79,3308.79,0.997,0.032,0.587,-4.203,-0.016,0.641,10900,459.5,0,-0.9298,0.1505,0.1157,-0.3154,38.7,-6.9,0.0
3099469,2026-09-11_09-15-17.470-240,v5.1.3,3.44,12.0,3200,17474,19639,55843,9335,13251,57118,14249.90,15041.51,45344.31,15084.17,11963.65,44401.96,0.00,0.00,0.00,834.27,-3077.86,-942.35,3325.25,3325.25,1.021,0.048,0.493,-3.672,-0.828,-0.047,10900,461.6,0,-0.9305,0.1453,0.1141,-0.3164,38.8,-6.9,0.0
3099575,2026-09-11_09-15-17.575-240,v5.1.3,3.44,12.0,3200,17407,19574,55825,9309,13165,57098,14194.93,14988.84,45330.21,15062.27,11892.67,44390.53,0.00,0.00,0.00,867.35,-3096.18,-939.68,3349.87,3349.87,1.000,0.053,0.560,-4.297,-1.234,0.547,10905,464.8,0,-0.9311,0.1410,0.1124,-0.3172,38.8,-6.9,0.0
3099680,2026-09-11_09-15-17.680-240,v5.1.3,3.44,12.0,3200,17410,19560,55805,9306,13172,57058,14197.50,14977.61,45314.03,15054.07,11897.40,44358.71,0.00,0.00,0.00,856.57,-3080.21,-955.32,3336.78,3336.78,1.003,0.045,0.552,-4.203,-0.656,-0.156,10898,463.1,0,-0.9318,0.1362,0.1101,-0.3178,38.8,-6.8,0.0
3099785,2026-09-11_09-15-17.786-240,v5.1.3,3.44,12.0,3200,17315,19599,55813,9205,13228,57097,14118.68,15010.62,45320.21,14974.83,11942.78,44403.12,0.00,0.00,0.00,856.15,-3067.84,-917.09,3314.46,3314.46,1.014,0.052,0.523,-4.250,-0.703,0.203,10895,460.3,0,-0.9325,0.1316,0.1082,-0.3184,38.8,-6.8,0.0
3099890,2026-09-11_09-15-17.891-240,v5.1.3,3.44,12.0,3200,17429,19616,55807,9341,13276,57117,14212.84,15023.62,45315.18,15088.31,11984.10,44400.03,0.00,0.00,0.00,875.47,-3039.52,-915.15,3292.81,3292.81,1.001,0.047,0.556,-4.016,-1.156,0.156,10895,457.5,0,-0.9331,0.1268,0.1062,-0.3193,38.8,-6.7,0.0
3099995,2026-09-11_09-15-17.996-240,v5.1.3,3.44,12.0,3200,17504,19645,55825,9403,13263,57100,14274.67,15046.49,45329.60,15137.34,11973.85,44378.07,0.00,0.00,0.00,862.67,-3072.64,-951.53,3330.27,3330.27,1.005,0.046,0.544,-3.781,-0.844,0.219,10907,462.3,0,-0.9336,0.1221,0.1040,-0.3203,38.9,-6.7,0.0
3100101,2026-09-11_09-15-18.101-240,v5.1.3,3.44,12.0,3200,17580,19618,55859,9457,13236,57160,14337.70,15022.82,45357.53,15190.84,11953.89,44419.26,0.00,0.00,0.00,853.14,-3068.94,-938.27,3320.63,3320.63,1.008,0.049,0.540,-3.766,-0.875,0.547,10900,461.0,0,-0.9341,0.1176,0.1019,-0.3214,38.9,-6.6,0.0
3100206,2026-09-11_09-15-18.206-240,v5.1.3,3.44,12.0,3200,17571,19577,55841,9507,13212,57149,14330.53,14989.39,45343.22,15231.12,11934.65,44403.89,0.00,0.00,0.00,900.59,-3054.73,-939.33,3320.36,3320.36,1.005,0.047,0.547,-3.969,-0.750,-0.125,10900,461.0,0,-0.9347,0.1127,0.0995,-0.3222,39.0,-6.5,0.0
3100311,2026-09-11_09-15-18.312-240,v5.1.3,3.44,12.0,3200,17595,19545,55820,9507,13198,57150,14350.59,14963.11,45326.39,15231.63,11923.25,44404.88,0.00,0.00,0.00,881.04,-3039.86,-921.52,3296.38,3296.38,1.006,0.046,0.545,-3.719,-1.047,-0.406,10896,458.0,0,-0.9352,0.1074,0.0973,-0.3230,39.0,-6.5,0.0
3100416,2026-09-11_09-15-18.417-240,v5.1.3,3.44,12.0,3200,17582,19594,55841,9500,13235,57231,14339.51,15003.31,45343.07,15236.12,11955.27,44470.46,0.00,0.00,0.00,896.61,-3048.04,-872.62,3294.83,3294.83,1.008,0.048,0.542,-4.453,-0.875,0.391,10904,457.8,0,-0.9358,0.1030,0.0952,-0.3235,39.0,-6.4,0.0
3100521,2026-09-11_09-15-18.522-240,v5.1.3,3.44,12.0,3200,17681,19611,55849,9598,13277,57280,14421.27,15016.21,45349.45,15322.49,11991.91,44495.93,0.00,0.00,0.00,901.22,-3024.30,-853.52,3269.12,3269.12,1.007,0.045,0.556,-4.875,-0.953,-0.328,10899,454.5,0,-0.9365,0.0983,0.0930,-0.3234,38.9,-6.3,0.0
3100637,2026-09-11_09-15-18.637-240,v5.1.3,3.44,12.0,3200,17600,19557,55810,9476,13375,57351,14354.64,14973.14,45318.14,15229.28,12072.07,44568.40,0.00,0.00,0.00,874.64,-2901.07,-749.75,3121.43,3121.43,1.005,0.052,0.550,-4.422,-0.797,-0.047,10899,435.6,0,-0.9372,0.0932,0.0903,-0.3237,38.9,-6.3,0.0
3100742,2026-09-11_09-15-18.743-240,v5.1.3,3.44,12.0,3200,17516,19543,55831,9427,13678,57397,14285.28,14962.05,45335.37,15187.26,12319.86,44608.23,0.00,0.00,0.00,901.98,-2642.19,-727.13,2885.04,2885.04,1.014,0.042,0.546,-3.422,-0.891,0.344,10895,405.5,0,-0.9375,0.0884,0.0879,-0.3250,38.9,-6.2,0.0
3100847,2026-09-11_09-15-18.848-240,v5.1.3,3.44,12.0,3200,17523,19631,55778,9433,14246,57375,14290.47,15035.58,45291.44,15174.04,12783.00,44582.59,0.00,0.00,0.00,883.58,-2252.58,-708.85,2521.37,2521.37,1.005,0.043,0.537,-4.266,-0.922,0.828,10902,359.1,0,-0.9378,0.0843,0.0858,-0.3257,39.0,-6.1,0.0
3100952,2026-09-11_09-15-18.953-240,v5.1.3,3.44,12.0,3200,17548,19743,55835,9501,14817,57559,14310.40,15126.78,45336.91,15240.37,13254.21,44713.98,0.00,0.00,0.00,929.97,-1872.57,-622.93,2181.61,2181.61,1.010,0.055,0.558,-3.312,-0.953,0.344,10902,315.7,0,-0.9380,0.0796,0.0832,-0.3270,39.1,-6.0,0.0
3101058,2026-09-11_09-15-19.058-240,v5.1.3,3.44,12.0,3200,17573,19811,55972,9540,15237,57760,14330.63,15180.20,45447.92,15289.19,13602.21,44864.89,0.00,0.00,0.00,958.56,-1577.99,-583.03,1936.19,1936.19,1.017,0.052,0.534,-4.188,-0.688,-0.172,10902,284.4,0,-0.9385,0.0747,0.0807,-0.3274,39.0,-5.9,0.0
3101163,2026-09-11_09-15-19.163-240,v5.1.3,3.44,12.0,3200,17611,19797,56107,9506,15476,57911,14362.16,15165.84,45558.00,15275.78,13800.42,44987.86,0.00,0.00,0.00,913.63,-1365.42,-570.14,1739.01,1739.01,1.009,0.029,0.546,-4.125,-1.219,0.109,10900,259.3,0,-0.9388,0.0700,0.0784,-0.3279,39.0,-5.8,0.0
3101268,2026-09-11_09-15-19.269-240,v5.1.3,3.44,12.0,3200,17587,19804,56088,9517,15697,57983,14342.26,15172.20,45542.46,15288.95,13982.63,45041.43,0.00,0.00,0.00,946.69,-1189.57,-501.03,1600.73,1600.73,1.008,0.067,0.540,-3.875,-0.766,-0.312,10905,241.6,0,-0.9393,0.0649,0.0757,-0.3284,39.0,-5.7,0.0
3101373,2026-09-11_09-15-19.374-240,v5.1.3,3.44,12.0,3200,17558,19774,56099,9523,15803,57997,14318.48,15147.52,45551.68,15293.01,14069.55,45050.54,0.00,0.00,0.00,974.53,-1077.98,-501.15,1537.17,1537.17,1.005,0.036,0.548,-3.797,-0.875,0.531,10901,233.5,0,-0.9394,0.0606,0.0730,-0.3293,39.1,-5.6,0.0
3101478,2026-09-11_09-15-19.479-240,v5.1.3,3.44,12.0,3200,17553,19801,56126,9497,15950,58054,14314.17,15169.38,45573.44,15275.60,14190.55,45098.04,0.00,0.00,0.00,961.43,-978.83,-475.41,1452.06,1452.06,0.993,0.045,0.552,-4.141,-0.875,0.016,10901,222.7,0,-0.9398,0.0561,0.0701,-0.3298,39.1,-5.4,0.0
3101583,2026-09-11_09-15-19.584-240,v5.1.3,3.44,12.0,3200,17571,19859,56107,9486,16122,58078,14328.66,15217.43,45557.47,15265.30,14331.36,45116.66,0.00,0.00,0.00,936.64,-886.06,-440.81,1362.61,1362.61,1.012,0.046,0.546,-4.016,-1.016,0.281,10903,211.3,0,-0.9400,0.0515,0.0676,-0.3303,39.1,-5.3,0.0
3101689,2026-09-11_09-15-19.689-240,v5.1.3,3.44,12.0,3200,17587,19867,56138,9530,16203,58116,14341.84,15223.31,45582.65,15304.64,14398.91,45140.17,0.00,0.00,0.00,962.80,-824.41,-442.48,1342.54,1342.54,0.993,0.038,0.560,-0.281,-1.594,0.453,10899,208.7,0,-0.9393,0.0458,0.0644,-0.3340,39.5,-5.2,0.0
3101794,2026-09-11_09-15-19.795-240,v5.1.3,3.44,12.0,3200,17607,19865,56031,9545,16246,58090,14358.39,15223.39,45495.51,15312.25,14433.57,45116.69,0.00,0.00,0.00,953.86,-789.81,-378.82,1295.05,1295.05,1.009,0.051,0.539,-3.969,-0.844,-0.734,10899,202.7,0,-0.9397,0.0406,0.0613,-0.3341,39.4,-5.1,0.0
3101899,2026-09-11_09-15-19.900-240,v5.1.3,3.44,12.0,3200,17572,19805,56081,9554,16250,58074,14329.85,15173.30,45536.75,15317.33,14436.57,45102.55,0.00,0.00,0.00,987.48,-736.73,-434.20,1306.30,1306.30,0.995,0.045,0.582,-4.453,-0.312,-0.109,10906,204.1,0,-0.9401,0.0368,0.0572,-0.3341,39.4,-4.8,0.0
3102014,2026-09-11_09-15-19.015-240,v5.1.3,3.44,12.0,3200,17593,19799,56073,9550,16309,58105,14347.26,15168.28,45530.29,15316.77,14485.41,45127.27,0.00,0.00,0.00,969.51,-682.87,-403.02,1252.48,1252.48,0.868,0.092,0.303,-0.328,1.172,-2.703,10903,197.2,0,-0.9399,0.0278,0.0545,-0.3360,39.6,-4.8,0.0
3102120,2026-09-11_09-15-20.120-240,v5.1.3,3.44,12.0,3200,17632,20001,56051,9571,16518,58077,14378.15,15335.06,45510.64,15324.62,14655.59,45099.27,0.00,0.00,0.00,946.47,-679.47,-411.37,1235.60,1235.60,1.060,0.082,0.603,-4.938,-1.562,-0.359,10898,195.1,0,-0.9404,0.0235,0.0516,-0.3354,39.4,-4.7,0.0
3102225,2026-09-11_09-15-20.226-240,v5.1.3,3.44,12.0,3200,17582,19997,56057,9513,16515,58111,14336.83,15332.15,45515.55,15281.66,14653.23,45134.55,0.00,0.00,0.00,944.83,-678.92,-381.01,1224.25,1224.25,0.982,0.029,0.529,-5.375,-0.328,1.000,10898,193.6,0,-0.9407,0.0207,0.0482,-0.3350,39.4,-4.4,0.0
3102330,2026-09-11_09-15-20.331-240,v5.1.3,3.44,12.0,3200,17569,20091,56111,9534,16605,58150,14325.46,15408.91,45558.73,15301.96,14727.86,45161.88,0.00,0.00,0.00,976.51,-681.05,-396.85,1254.95,1254.95,1.019,0.028,0.537,-3.609,-0.766,-0.422,10897,197.5,0,-0.9409,0.0158,0.0448,-0.3354,39.4,-4.2,0.0
3102435,2026-09-11_09-15-20.436-240,v5.1.3,3.44,12.0,3200,17569,19977,56112,9523,16495,58153,14326.22,15314.78,45560.53,15296.25,14638.02,45167.18,0.00,0.00,0.00,970.03,-676.76,-393.35,1246.47,1246.47,0.997,0.058,0.554,-3.500,-1.078,0.344,10905,196.5,0,-0.9408,0.0117,0.0413,-0.3362,39.4,-4.0,0.0
3102541,2026-09-11_09-15-20.541-240,v5.1.3,3.44,12.0,3200,17552,19983,56095,9463,16503,58114,14312.12,15320.21,45546.63,15241.23,14642.89,45143.93,0.00,0.00,0.00,929.10,-677.32,-402.70,1218.26,1218.26,1.009,0.138,0.558,-4.531,-1.266,-2.344,10898,192.9,0,-0.9415,0.0055,0.0380,-0.3348,39.2,-3.9,0.0
3102646,2026-09-11_09-15-20.646-240,v5.1.3,3.44,12.0,3200,17483,19883,56070,9403,16370,58101,14255.73,15238.79,45527.12,15193.56,14533.30,45143.34,0.00,0.00,0.00,937.83,-705.49,-383.78,1234.72,1234.72,1.004,0.047,0.523,-5.312,-1.047,1.766,10898,195.0,0,-0.9417,0.0028,0.0358,-0.3346,39.2,-3.8,0.0
3102751,2026-09-11_09-15-20.752-240,v5.1.3,3.44,12.0,3200,17475,19880,56030,9421,16394,58077,14249.13,15237.11,45494.56,15204.41,14552.54,45121.30,0.00,0.00,0.00,955.28,-684.57,-373.26,1233.09,1233.09,1.003,0.011,0.557,-4.219,-1.094,-1.078,10910,194.7,0,-0.9420,-0.0002,0.0308,-0.3342,39.1,-3.3,0.0
3102856,2026-09-11_09-15-20.857-240,v5.1.3,3.44,12.0,3200,17474,19928,56070,9378,16445,58086,14247.98,15276.03,45526.73,15168.90,14593.85,45133.76,0.00,0.00,0.00,920.91,-682.18,-392.97,1211.56,1211.56,1.002,0.073,0.546,-3.922,-0.781,0.812,10900,192.0,0,-0.9419,-0.0038,0.0275,-0.3346,39.1,-3.1,0.0
3102961,2026-09-11_09-15-20.962-240,v5.1.3,3.44,12.0,3200,17365,19979,56054,9310,16463,58069,14157.50,15319.52,45513.25,15110.07,14607.31,45129.15,0.00,0.00,0.00,952.57,-712.21,-384.10,1249.86,1249.86,1.008,0.043,0.541,-5.078,-1.109,0.266,10905,196.9,0,-0.9423,-0.0072,0.0242,-0.3338,39.0,-2.9,0.0
3103067,2026-09-11_09-15-21.067-240,v5.1.3,3.44,12.0,3200,17519,19951,56037,9454,16466,58062,14285.04,15295.16,45499.65,15227.59,14611.36,45103.84,0.00,0.00,0.00,942.55,-683.80,-395.82,1229.90,1229.90,1.000,0.036,0.550,-3.750,-1.094,-0.094,10905,194.3,0,-0.9423,-0.0102,0.0199,-0.3340,39.0,-2.5,0.0
3103172,2026-09-11_09-15-21.172-240,v5.1.3,3.44,12.0,3200,17610,19967,56057,9531,16481,58086,14360.19,15307.10,45515.82,15293.92,14625.11,45112.43,0.00,0.00,0.00,933.73,-681.99,-403.39,1224.61,1224.61,1.006,0.050,0.547,-4.156,-1.047,0.281,10901,193.7,0,-0.9424,-0.0137,0.0164,-0.3338,39.0,-2.3,0.0
3103277,2026-09-11_09-15-21.278-240,v5.1.3,3.44,12.0,3200,17618,19942,56056,9556,16439,58079,14366.97,15286.40,45515.21,15314.65,14590.97,45103.92,0.00,0.00,0.00,947.67,-695.43,-411.30,1245.34,1245.34,0.992,0.036,0.535,-3.797,-0.781,0.000,10895,196.3,0,-0.9424,-0.0165,0.0124,-0.3338,39.0,-2.0,0.0
3103383,2026-09-11_09-15-21.383-240,v5.1.3,3.44,12.0,3200,17676,19915,56049,9611,16424,58112,14415.11,15263.65,45509.75,15364.91,14580.18,45123.12,0.00,0.00,0.00,949.79,-683.47,-386.63,1232.36,1232.36,1.014,0.061,0.550,-4.156,-1.297,0.219,10895,194.7,0,-0.9425,-0.0204,0.0097,-0.3335,38.9,-1.8,0.0
3103498,2026-09-11_09-15-21.499-240,v5.1.3,3.44,12.0,3200,17598,19850,56049,9501,16342,58061,14351.05,15210.77,45510.30,15269.44,14510.70,45098.18,0.00,0.00,0.00,918.40,-700.07,-412.12,1226.13,1226.13,1.011,0.033,0.548,-4.281,-0.969,0.062,10906,193.9,0,-0.9429,-0.0171,0.0078,-0.3325,38.8,-1.5,0.0
3103604,2026-09-11_09-15-21.604-240,v5.1.3,3.44,12.0,3200,17542,19889,56023,9501,16477,58138,14304.48,15244.00,45488.79,15276.53,14622.70,45158.36,0.00,0.00,0.00,972.06,-621.29,-330.43,1200.04,1200.04,1.007,0.051,0.543,-7.688,-0.797,0.047,10898,190.5,0,-0.9439,-0.0198,0.0073,-0.3296,38.5,-1.5,0.0
3103709,2026-09-11_09-15-21.710-240,v5.1.3,3.44,12.0,3200,17599,19942,56043,9499,16583,58166,14351.26,15286.82,45504.62,15275.95,14709.85,45179.80,0.00,0.00,0.00,924.69,-576.97,-324.83,1137.31,1137.31,1.016,0.047,0.523,-4.156,-0.109,0.047,10908,182.5,0,-0.9439,-0.0225,0.0100,-0.3293,38.4,-1.9,0.0
3103815,2026-09-11_09-15-21.815-240,v5.1.3,3.44,12.0,3200,17610,19918,56079,9506,16692,58287,14360.52,15266.25,45534.16,15295.60,14801.75,45274.70,0.00,0.00,0.00,935.08,-464.50,-259.46,1075.85,1075.85,1.010,0.042,0.535,-4.031,-1.344,0.156,10908,174.7,0,-0.9442,-0.0215,0.0109,-0.3285,38.3,-2.0,0.0
3103920,2026-09-11_09-15-21.921-240,v5.1.3,3.44,12.0,3200,17583,19919,56013,9458,16803,58225,14338.18,15268.53,45480.39,15244.53,14890.30,45230.03,0.00,0.00,0.00,906.35,-378.23,-250.36,1013.51,1013.51,0.999,0.049,0.564,-4.297,-0.906,0.078,10897,166.7,0,-0.9445,-0.0211,0.0060,-0.3279,38.3,-1.4,0.0
3104025,2026-09-11_09-15-22.026-240,v5.1.3,3.44,12.0,3200,17561,19950,56098,9507,16940,58434,14319.79,15292.82,45549.35,15310.21,15007.64,45389.57,0.00,0.00,0.00,990.43,-285.18,-159.79,1042.98,1042.98,1.010,0.048,0.532,-4.078,-0.672,0.219,10901,170.5,0,-0.9445,-0.0235,0.0086,-0.3276,38.2,-1.8,0.0
3104131,2026-09-11_09-15-22.131-240,v5.1.3,3.44,12.0,3200,17545,20045,56181,9472,17133,58527,14305.92,15369.92,45616.14,15289.16,15166.93,45466.65,0.00,0.00,0.00,983.24,-202.99,-149.50,1015.05,1015.05,1.006,0.049,0.536,-4.234,-1.172,0.453,10901,166.9,0,-0.9449,-0.0234,0.0083,-0.3266,38.1,-1.8,0.0
3104236,2026-09-11_09-15-22.236-240,v5.1.3,3.44,12.0,3200,17636,20064,56177,9519,17227,58525,14381.05,15384.76,45612.73,15325.08,15244.18,45457.45,0.00,0.00,0.00,944.04,-140.59,-155.29,967.00,967.00,1.009,0.050,0.550,-3.906,-1.297,-0.125,10901,160.8,0,-0.9451,-0.0231,0.0054,-0.3258,38.0,-1.4,0.0
3104341,2026-09-11_09-15-22.342-240,v5.1.3,3.45,12.0,3200,17564,20040,56283,9469,17227,58627,14321.68,15363.77,45699.27,15298.06,15245.97,45546.23,0.00,0.00,0.00,976.38,-117.80,-153.05,995.30,995.30,0.986,0.050,0.535,-4.000,-1.062,0.594,10900,164.4,0,-0.9453,-0.0234,0.0049,-0.3254,38.0,-1.4,0.0
3104446,2026-09-11_09-15-22.447-240,v5.1.3,3.45,12.0,3200,17588,20002,56352,9501,17218,58649,14341.79,15330.91,45755.80,15327.70,15239.53,45559.66,0.00,0.00,0.00,985.92,-91.38,-196.15,1009.38,1009.38,1.197,0.007,0.678,-1.109,-0.250,2.531,10899,166.2,0,-0.9443,-0.0176,0.0039,-0.3285,38.3,-1.1,0.0
3104551,2026-09-11_09-15-22.552-240,v5.1.3,3.45,12.0,3200,17567,19989,56267,9476,17187,58602,14324.50,15321.92,45686.68,15301.42,15212.82,45525.69,0.00,0.00,0.00,976.92,-109.10,-160.99,996.09,996.09,1.013,0.100,0.543,-4.844,-1.156,0.766,10898,164.5,0,-0.9444,-0.0220,0.0037,-0.3282,38.3,-1.2,0.0
3104656,2026-09-11_09-15-22.657-240,v5.1.3,3.45,12.0,3200,17556,19999,56248,9465,17183,58555,14315.33,15330.63,45671.11,15285.95,15208.31,45489.47,0.00,0.00,0.00,970.62,-122.32,-181.64,995.02,995.02,0.994,0.030,0.525,-5.531,-0.766,0.734,10898,164.4,0,-0.9448,-0.0190,0.0081,-0.3271,38.2,-1.6,0.0
3104762,2026-09-11_09-15-22.762-240,v5.1.3,3.45,12.0,3200,17590,20040,56185,9521,17223,58495,14343.17,15365.27,45619.45,15322.68,15240.23,45433.11,0.00,0.00,0.00,979.51,-125.04,-186.34,1004.88,1004.88,0.921,0.065,0.538,1.891,0.281,-0.281,10894,165.6,0,-0.9432,-0.0235,0.0014,-0.3313,38.7,-1.0,0.0
3104867,2026-09-11_09-15-22.867-240,v5.1.3,3.45,12.0,3200,17635,20000,56236,9567,17186,58572,14380.66,15330.88,45661.34,15372.21,15212.41,45489.18,0.00,0.00,0.00,991.56,-118.47,-172.16,1013.34,1013.34,1.065,0.090,0.495,-4.688,-1.562,0.031,10894,166.7,0,-0.9434,-0.0271,0.0056,-0.3306,38.6,-1.6,0.0
3104982,2026-09-11_09-15-22.983-240,v5.1.3,3.45,12.0,3200,17596,19955,56205,9523,17165,58500,14348.70,15294.67,45636.47,15326.56,15193.03,45437.59,0.00,0.00,0.00,977.86,-101.64,-198.89,1003.04,1003.04,1.021,0.004,0.520,-2.719,-1.469,0.031,10887,165.4,0,-0.9431,-0.0237,0.0095,-0.3315,38.7,-1.9,0.0
3105087,2026-09-11_09-15-23.088-240,v5.1.3,3.45,12.0,3200,17602,20066,56182,9496,17308,58476,14352.92,15386.67,45616.78,15297.20,15308.85,45420.19,0.00,0.00,0.00,944.28,-77.82,-196.59,967.66,967.66,0.996,0.067,0.575,-4.188,-0.891,0.062,10887,160.9,0,-0.9434,-0.0239,0.0044,-0.3308,38.6,-1.4,0.0
3105192,2026-09-11_09-15-23.193-240,v5.1.3,3.45,12.0,3200,17610,20152,56142,9548,17361,58507,14358.96,15458.31,45583.46,15342.90,15353.47,45437.33,0.00,0.00,0.00,983.95,-104.83,-146.12,1000.25,1000.25,1.005,0.050,0.540,-4.109,-1.062,0.047,10890,165.0,0,-0.9438,-0.0233,0.0059,-0.3297,38.5,-1.5,0.0
3105297,2026-09-11_09-15-23.298-240,v5.1.3,3.45,12.0,3200,17624,20140,56182,9551,17375,58509,14370.62,15447.54,45616.14,15345.28,15364.98,45438.36,0.00,0.00,0.00,974.66,-82.56,-177.79,994.18,994.18,1.007,0.042,0.535,-4.141,-1.078,0.438,10900,164.3,0,-0.9441,-0.0212,0.0089,-0.3290,38.4,-1.8,0.0
3105403,2026-09-11_09-15-23.403-240,v5.1.3,3.45,12.0,3200,17615,20114,56232,9497,17340,58561,14363.35,15425.27,45657.10,15308.96,15336.98,45487.95,0.00,0.00,0.00,945.61,-88.29,-169.14,964.67,964.67,1.002,0.051,0.556,-4.031,-0.797,-0.281,10900,160.5,0,-0.9443,-0.0219,0.0042,-0.3283,38.3,-1.3,0.0
3105508,2026-09-11_09-15-23.508-240,v5.1.3,3.45,12.0,3200,17598,20129,56235,9487,17311,58574,14349.19,15437.77,45659.41,15303.30,15313.50,45500.12,0.00,0.00,0.00,954.11,-124.27,-159.29,975.26,975.26,1.010,0.049,0.539,-4.453,-0.688,0.500,10899,161.9,0,-0.9445,-0.0232,0.0069,-0.3277,38.2,-1.6,0.0
3105613,2026-09-11_09-15-23.614-240,v5.1.3,3.45,12.0,3200,17536,20054,56202,9469,17197,58545,14298.42,15377.06,45633.17,15287.49,15219.55,45480.71,0.00,0.00,0.00,989.07,-157.51,-152.46,1013.07,1013.07,1.006,0.043,0.541,-4.125,-0.906,0.312,10907,166.7,0,-0.9448,-0.0209,0.0074,-0.3269,38.1,-1.6,0.0
3105718,2026-09-11_09-15-23.719-240,v5.1.3,3.45,12.0,3200,17504,20087,56215,9422,17284,58510,14271.74,15404.39,45643.48,15241.62,15289.16,45457.91,0.00,0.00,0.00,969.88,-115.24,-185.57,994.18,994.18,1.004,0.049,0.547,-4.109,-0.734,0.297,10897,164.3,0,-0.9450,-0.0221,0.0047,-0.3264,38.1,-1.3,0.0
3105823,2026-09-11_09-15-23.824-240,v5.1.3,3.45,12.0,3200,17472,20004,56170,9419,17220,58559,14245.83,15337.00,45607.53,15247.65,15238.04,45498.50,0.00,0.00,0.00,1001.82,-98.96,-109.03,1012.58,1012.58,1.007,0.044,0.545,-4.484,-0.875,0.562,10897,166.6,0,-0.9452,-0.0208,0.0062,-0.3257,38.0,-1.4,0.0
3105929,2026-09-11_09-15-23.929-240,v5.1.3,3.45,12.0,3200,17512,20065,56184,9465,17245,58566,14278.50,15386.71,45618.41,15285.83,15259.17,45497.53,0.00,0.00,0.00,1007.33,-127.54,-120.88,1022.54,1022.54,1.006,0.054,0.548,-4.453,-1.109,0.938,10899,167.9,0,-0.9453,-0.0232,0.0048,-0.3254,38.0,-1.4,0.0
3106034,2026-09-11_09-15-24.035-240,v5.1.3,3.45,12.0,3200,17525,20064,56219,9491,17233,58594,14289.26,15385.12,45646.93,15311.44,15250.36,45516.63,0.00,0.00,0.00,1022.18,-134.77,-130.30,1039.23,1039.23,1.006,0.051,0.543,-4.250,-0.859,0.406,10905,170.0,0,-0.9455,-0.0240,0.0057,-0.3247,37.9,-1.5,0.0
3106140,2026-09-11_09-15-24.140-240,v5.1.3,3.45,12.0,3200,17563,20010,56268,9518,17158,58646,14321.05,15339.28,45687.31,15342.88,15190.70,45555.68,0.00,0.00,0.00,1021.83,-148.58,-131.64,1040.93,1040.93,1.005,0.036,0.554,-3.484,-0.781,-0.062,10901,170.2,0,-0.9456,-0.0202,0.0042,-0.3247,37.9,-1.2,0.0
3106245,2026-09-11_09-15-24.246-240,v5.1.3,3.45,12.0,3200,17635,19962,56237,9577,17239,58666,14380.91,15299.49,45662.48,15392.08,15258.00,45562.68,0.00,0.00,0.00,1011.17,-41.48,-99.80,1016.93,1016.93,1.006,0.041,0.562,-4.875,-0.812,1.219,10901,167.2,0,-0.9457,-0.0184,0.0020,-0.3246,37.9,-0.9,0.0
3106361,2026-09-11_09-15-24.362-240,v5.1.3,3.45,12.0,3200,17825,20078,56204,9757,17379,58692,14537.25,15393.95,45634.61,15540.17,15375.09,45557.25,0.00,0.00,0.00,1002.91,-18.86,-77.36,1006.07,1006.07,1.010,0.076,0.553,-4.578,-1.375,0.562,10896,165.8,0,-0.9456,-0.0234,0.0021,-0.3245,37.9,-1.1,0.0
3106466,2026-09-11_09-15-24.468-240,v5.1.3,3.45,12.0,3200,17636,20051,56261,9566,17407,58747,14381.14,15372.52,45681.26,15389.79,15396.89,45627.15,0.00,0.00,0.00,1008.64,24.37,-54.11,1010.39,1010.39,1.004,0.026,0.562,-3.141,-0.984,-0.891,10902,166.3,0,-0.9456,-0.0199,0.0017,-0.3246,37.9,-0.9,0.0
3106573,2026-09-11_09-15-24.573-240,v5.1.3,3.45,12.0,3200,17652,20015,56222,9591,17441,58677,14394.61,15343.34,45649.81,15399.76,15423.30,45567.07,0.00,0.00,0.00,1005.15,79.96,-82.74,1011.71,1011.71,1.019,0.048,0.535,-4.281,-0.703,0.297,10907,166.5,0,-0.9456,-0.0223,0.0055,-0.3246,37.9,-1.4,0.0
3106678,2026-09-11_09-15-24.679-240,v5.1.3,3.45,12.0,3200,17598,20056,56190,9504,17464,58702,14349.68,15378.31,45623.39,15330.98,15441.60,45598.74,0.00,0.00,0.00,981.30,63.29,-24.65,983.65,983.65,1.005,0.057,0.543,-3.156,-2.359,-1.625,10907,162.9,0,-0.9456,-0.0278,0.0056,-0.3242,37.8,-1.6,0.0
3106783,2026-09-11_09-15-24.784-240,v5.1.3,3.45,12.0,3200,17583,20104,56195,9514,17532,58688,14336.95,15418.00,45627.04,15335.46,15496.89,45585.27,0.00,0.00,0.00,998.51,78.89,-41.78,1002.49,1002.49,0.991,0.041,0.577,-3.891,-0.781,-0.344,10902,165.3,0,-0.9458,-0.0246,0.0017,-0.3237,37.8,-1.1,0.0
3106888,2026-09-11_09-15-24.889-240,v5.1.3,3.45,12.0,3200,17607,20115,56115,9539,17613,58612,14356.72,15428.28,45561.79,15343.35,15561.51,45519.77,0.00,0.00,0.00,986.63,133.24,-42.02,996.48,996.48,1.011,0.067,0.515,-4.062,-0.547,1.703,10905,164.6,0,-0.9456,-0.0264,0.0056,-0.3242,37.8,-1.6,0.0
3106994,2026-09-11_09-15-24.994-240,v5.1.3,3.45,12.0,3200,17655,20160,56176,9549,17609,58728,14396.12,15463.85,45611.09,15367.78,15561.11,45611.66,0.00,0.00,0.00,971.67,97.26,0.57,976.52,976.52,0.973,0.269,0.506,-6.875,-5.266,-3.062,10908,162.0,0,-0.9466,-0.0340,0.0074,-0.3204,37.3,-2.1,0.0
3107099,2026-09-11_09-15-25.100-240,v5.1.3,3.45,12.0,3200,17594,20082,56301,9528,17551,58851,14346.21,15397.82,45713.57,15369.09,15516.41,45714.10,0.00,0.00,0.00,1022.89,118.59,0.52,1029.74,1029.74,1.039,-0.017,0.604,-8.375,0.484,1.953,10908,168.8,0,-0.9478,-0.0253,0.0062,-0.3178,37.0,-1.6,0.0
3107204,2026-09-11_09-15-25.205-240,v5.1.3,3.45,12.0,3200,17600,20060,56337,9536,17522,58868,14351.32,15378.95,45743.09,15378.81,15493.24,45727.04,0.00,0.00,0.00,1027.49,114.29,-16.05,1033.95,1033.95,1.014,-0.039,0.515,-2.484,-1.125,-0.562,10894,169.3,0,-0.9475,-0.0224,0.0090,-0.3187,37.1,-1.8,0.0
3107309,2026-09-11_09-15-25.310-240,v5.1.3,3.45,12.0,3200,17598,20070,56323,9548,17541,58867,14349.60,15387.47,45731.60,15388.05,15508.87,45724.36,0.00,0.00,0.00,1038.45,121.40,-7.25,1045.55,1045.55,1.006,0.103,0.551,-3.906,-1.328,-0.406,10905,170.8,0,-0.9475,-0.0275,0.0067,-0.3184,37.1,-1.7,0.0
3107415,2026-09-11_09-15-25.415-240,v5.1.3,3.45,12.0,3200,17597,20128,56302,9509,17557,58833,14348.38,15435.75,45714.00,15350.79,15520.65,45702.15,0.00,0.00,0.00,1002.41,84.90,-11.84,1006.07,1006.07,1.005,0.054,0.550,-4.875,-0.109,0.562,10905,165.8,0,-0.9480,-0.0241,0.0033,-0.3173,37.0,-1.2,0.0
3107520,2026-09-11_09-15-25.521-240,v5.1.3,3.45,12.0,3200,17649,20173,56313,9566,17608,58863,14391.08,15472.18,45722.57,15400.53,15563.68,45717.84,0.00,0.00,0.00,1009.45,91.50,-4.73,1013.60,1013.60,1.014,0.023,0.534,-4.234,-1.094,0.156,10906,166.7,0,-0.9481,-0.0213,0.0075,-0.3173,37.0,-1.6,0.0
3107625,2026-09-11_09-15-25.626-240,v5.1.3,3.45,12.0,3200,17632,20099,56337,9498,17527,58860,14377.52,15410.83,45742.75,15346.28,15496.67,45725.73,0.00,0.00,0.00,968.76,85.84,-17.03,972.70,972.70,1.003,0.045,0.549,-3.297,-0.812,-0.172,10906,161.5,0,-0.9478,-0.0230,0.0050,-0.3179,37.1,-1.4,0.0
3107730,2026-09-11_09-15-25.731-240,v5.1.3,3.45,12.0,3200,17598,20058,56414,9507,17478,58885,14349.69,15375.93,45805.83,15358.46,15457.37,45745.21,0.00,0.00,0.00,1008.77,81.44,-60.62,1013.87,1013.87,1.006,0.060,0.543,-4.219,-1.203,0.641,10901,166.8,0,-0.9477,-0.0265,0.0055,-0.3179,37.1,-1.6,0.0
3107845,2026-09-11_09-15-25.846-240,v5.1.3,3.45,12.0,3200,17690,20080,56257,9617,17556,58750,14425.60,15396.00,45677.76,15428.23,15519.20,45620.73,0.00,0.00,0.00,1002.63,123.21,-57.03,1011.78,1011.78,1.005,0.039,0.542,-4.016,-0.938,-0.109,10901,166.5,0,-0.9479,-0.0226,0.0071,-0.3176,37.0,-1.6,0.0
3107950,2026-09-11_09-15-25.951-240,v5.1.3,3.45,12.0,3200,17659,20156,56221,9576,17624,58750,14399.46,15459.70,45647.78,15392.67,15574.20,45625.47,0.00,0.00,0.00,993.21,114.50,-22.31,1000.04,1000.04,1.009,0.051,0.540,-4.109,-0.781,-0.016,10902,165.0,0,-0.9479,-0.0254,0.0078,-0.3175,37.0,-1.8,0.0
3108056,2026-09-11_09-15-26.056-240,v5.1.3,3.45,12.0,3200,17633,20003,56277,9508,17461,58812,14378.98,15332.64,45694.71,15349.61,15441.79,45686.62,0.00,0.00,0.00,970.63,109.15,-8.08,976.78,976.78,1.006,0.044,0.542,-4.484,-0.625,0.234,10903,162.1,0,-0.9481,-0.0224,0.0075,-0.3169,36.9,-1.6,0.0
3108161,2026-09-11_09-15-26.162-240,v5.1.3,3.45,12.0,3200,17621,20160,56255,9530,17632,58767,14368.01,15462.77,45675.44,15356.94,15580.57,45645.31,0.00,0.00,0.00,988.93,117.79,-30.13,996.37,996.37,1.005,0.046,0.545,-3.656,-0.906,0.219,10902,164.6,0,-0.9480,-0.0233,0.0065,-0.3173,37.0,-1.6,0.0
3108266,2026-09-11_09-15-26.267-240,v5.1.3,3.45,12.0,3200,17595,20145,56245,9512,17607,58778,14346.61,15450.83,45667.42,15344.31,15560.20,45656.92,0.00,0.00,0.00,997.70,109.37,-10.50,1003.73,1003.73,1.005,0.049,0.546,-4.031,-1.109,0.219,10902,165.5,0,-0.9480,-0.0243,0.0058,-0.3172,37.0,-1.5,0.0
3108371,2026-09-11_09-15-26.372-240,v5.1.3,3.45,12.0,3200,17580,20230,56250,9492,17705,58780,14333.63,15521.07,45670.76,15325.51,15639.99,45660.02,0.00,0.00,0.00,991.88,118.92,-10.73,999.04,999.04,1.005,0.048,0.543,-4.281,-1.031,-0.172,10901,164.9,0,-0.9483,-0.0238,0.0063,-0.3166,36.9,-1.6,0.0
3108476,2026-09-11_09-15-26.477-240,v5.1.3,3.45,12.0,3200,17594,20187,56237,9476,17647,58790,14345.50,15485.66,45660.54,15315.27,15592.69,45670.97,0.00,0.00,0.00,969.77,107.03,10.43,975.71,975.71,1.001,0.051,0.541,-4.219,-0.625,0.234,10908,161.9,0,-0.9483,-0.0249,0.0060,-0.3163,36.9,-1.5,0.0
3108582,2026-09-11_09-15-26.582-240,v5.1.3,3.45,12.0,3200,17623,20236,56236,9496,17728,58793,14369.15,15525.84,45659.31,15330.00,15659.11,45669.63,0.00,0.00,0.00,960.84,133.28,10.32,970.10,970.10,0.999,0.061,0.544,-3.938,-0.812,-0.391,10898,161.2,0,-0.9484,-0.0280,0.0037,-0.3158,36.8,-1.4,0.0
3108687,2026-09-11_09-15-26.687-240,v5.1.3,3.45,12.0,3200,17566,20116,56253,9447,17562,58801,14322.82,15427.03,45674.18,15295.17,15523.22,45684.84,0.00,0.00,0.00,972.35,96.19,10.65,977.16,977.16,1.006,0.063,0.550,-4.391,-1.344,0.188,10898,162.1,0,-0.9487,-0.0281,0.0024,-0.3150,36.7,-1.3,0.0
3108792,2026-09-11_09-15-26.793-240,v5.1.3,3.45,12.0,3200,17529,20168,56330,9390,17635,58895,14291.88,15468.95,45736.45,15259.34,15584.31,45767.23,0.00,0.00,0.00,967.46,115.37,30.78,974.80,974.80,1.006,0.040,0.549,-4.531,-1.016,-0.203,10908,161.8,0,-0.9490,-0.0238,0.0038,-0.3142,36.6,-1.3,0.0
3108897,2026-09-11_09-15-26.898-240,v5.1.3,3.45,12.0,3200,17453,20144,56314,9346,17626,58882,14229.19,15450.18,45723.62,15221.55,15576.12,45762.91,0.00,0.00,0.00,992.35,125.94,39.28,1001.08,1001.08,1.007,0.046,0.542,-3.297,-0.891,0.375,10894,165.2,0,-0.9488,-0.0239,0.0068,-0.3150,36.7,-1.6,0.0
3109002,2026-09-11_09-15-26.003-240,v5.1.3,3.45,12.0,3200,17492,20094,56281,9370,17603,58910,14261.78,15409.11,45697.18,15245.80,15558.30,45782.42,0.00,0.00,0.00,984.03,149.20,85.24,998.92,998.92,1.013,0.016,0.543,-2.516,-0.594,-0.203,10894,164.9,0,-0.9485,-0.0204,0.0082,-0.3160,36.8,-1.6,0.0
3109107,2026-09-11_09-15-27.108-240,v5.1.3,3.45,12.0,3200,17506,20087,56289,9408,17653,58873,14273.40,15403.04,45703.75,15270.63,15598.71,45746.87,0.00,0.00,0.00,997.23,195.67,43.12,1017.16,1017.16,1.009,0.072,0.535,-3.828,-1.281,-0.094,10899,167.2,0,-0.9483,-0.0257,0.0081,-0.3161,36.8,-1.8,0.0
3109213,2026-09-11_09-15-27.213-240,v5.1.3,3.45,12.0,3200,17604,20146,56286,9471,17676,58874,14354.05,15450.83,45700.81,15322.03,15618.28,45738.79,0.00,0.00,0.00,967.98,167.45,37.98,983.09,983.09,1.011,0.004,0.558,-2.672,-0.734,0.922,10903,162.9,0,-0.9480,-0.0205,0.0079,-0.3174,37.0,-1.6,0.0
3109328,2026-09-11_09-15-27.329-240,v5.1.3,3.45,12.0,3200,17743,20139,56326,9651,17678,58960,14469.04,15442.94,45733.46,15482.11,15624.14,45783.31,0.00,0.00,0.00,1013.07,181.21,49.85,1030.35,1030.35,1.017,0.056,0.529,-6.047,-0.312,2.438,10904,168.9,0,-0.9481,-0.0220,0.0105,-0.3170,36.9,-1.9,0.0
3109434,2026-09-11_09-15-27.434-240,v5.1.3,3.45,12.0,3200,17652,20104,56301,9542,17637,58942,14394.02,15415.40,45713.39,15390.96,15588.92,45784.23,0.00,0.00,0.00,996.93,173.52,70.84,1014.40,1014.40,1.045,0.088,0.529,-0.594,-1.172,0.297,10904,166.8,0,-0.9470,-0.0285,0.0110,-0.3197,37.2,-2.2,0.0
3109540,2026-09-11_09-15-27.540-240,v5.1.3,3.45,12.0,3200,17597,20129,56250,9485,17657,58841,14348.37,15437.51,45671.63,15329.48,15602.16,45710.60,0.00,0.00,0.00,981.12,164.65,38.97,995.60,995.60,0.958,-0.257,0.577,-1.422,1.141,-2.688,10901,164.5,0,-0.9468,-0.0260,0.0086,-0.3205,37.4,-1.9,0.0
3109645,2026-09-11_09-15-27.646-240,v5.1.3,3.45,12.0,3200,17620,20156,56253,9475,17732,58818,14367.21,15459.52,45673.84,15316.07,15662.71,45692.54,0.00,0.00,0.00,948.86,203.19,18.70,970.55,970.55,1.032,0.078,0.537,0.000,-1.750,-1.406,10903,161.3,0,-0.9460,-0.0337,0.0086,-0.3224,37.6,-2.2,0.0
3109750,2026-09-11_09-15-27.751-240,v5.1.3,3.45,12.0,3200,17676,20209,56180,9590,17777,58722,14413.16,15504.02,45613.93,15396.24,15698.58,45599.13,0.00,0.00,0.00,983.09,194.56,-14.79,1002.26,1002.26,1.029,0.103,0.553,-4.047,-0.562,-0.016,10912,165.3,0,-0.9463,-0.0365,0.0044,-0.3213,37.4,-1.8,0.0
3109856,2026-09-11_09-15-27.856-240,v5.1.3,3.45,12.0,3200,17659,20174,56260,9544,17737,58879,14399.34,15473.86,45679.39,15381.21,15669.07,45732.07,0.00,0.00,0.00,981.87,195.21,52.68,1002.47,1002.47,0.989,0.084,0.549,-4.297,-0.844,-0.188,10912,165.3,0,-0.9469,-0.0348,-0.0001,-0.3198,37.3,-1.3,0.0
3109961,2026-09-11_09-15-27.962-240,v5.1.3,3.45,12.0,3200,17657,20153,56241,9562,17732,58838,14397.82,15456.88,45664.10,15390.47,15664.25,45696.73,0.00,0.00,0.00,992.65,207.36,32.64,1014.60,1014.60,1.017,0.038,0.550,-4.578,-0.750,0.562,10905,166.9,0,-0.9472,-0.0294,0.0016,-0.3192,37.2,-1.2,0.0
3110066,2026-09-11_09-15-28.067-240,v5.1.3,3.45,12.0,3200,17660,20120,56228,9551,17689,58886,14400.52,15429.84,45653.79,15389.22,15630.15,45737.35,0.00,0.00,0.00,988.69,200.31,83.56,1012.23,1012.23,1.000,0.036,0.543,-4.000,-1.125,-0.109,10906,166.6,0,-0.9475,-0.0252,0.0035,-0.3189,37.2,-1.3,0.0
3110171,2026-09-11_09-15-28.172-240,v5.1.3,3.45,12.0,3200,17607,20147,56317,9506,17721,58914,14356.52,15451.06,45726.05,15355.20,15656.37,45765.59,0.00,0.00,0.00,998.67,205.31,39.54,1020.33,1020.33,1.012,0.043,0.540,-4.031,-0.750,0.453,10912,167.6,0,-0.9475,-0.0232,0.0070,-0.3189,37.2,-1.6,0.0
3110277,2026-09-11_09-15-28.277-240,v5.1.3,3.45,12.0,3200,17643,20222,56251,9580,17801,58892,14385.79,15513.81,45671.65,15410.95,15722.06,45736.80,0.00,0.00,0.00,1025.16,208.25,65.16,1048.13,1048.13,1.017,0.045,0.547,-3.766,-1.047,-0.016,10912,171.2,0,-0.9475,-0.0230,0.0077,-0.3188,37.2,-1.7,0.0
3110382,2026-09-11_09-15-28.382-240,v5.1.3,3.45,12.0,3200,17671,20255,56321,9582,17816,58910,14408.72,15539.52,45728.39,15414.69,15734.75,45750.80,0.00,0.00,0.00,1005.97,195.23,22.42,1024.98,1024.98,0.991,0.031,0.545,-4.094,-1.125,0.172,10901,168.2,0,-0.9477,-0.0190,0.0064,-0.3186,37.1,-1.4,0.0
3110487,2026-09-11_09-15-28.488-240,v5.1.3,3.45,12.0,3200,17651,20198,56375,9515,17778,58985,14392.57,15491.69,45772.86,15370.94,15704.68,45820.70,0.00,0.00,0.00,978.37,212.99,47.84,1002.43,1002.43,1.017,0.045,0.547,-4.219,-0.969,0.281,10894,165.3,0,-0.9475,-0.0221,0.0078,-0.3189,37.2,-1.7,0.0
3110592,2026-09-11_09-15-28.593-240,v5.1.3,3.45,12.0,3200,17656,20186,56436,9496,17745,59065,14396.79,15480.63,45822.65,15367.27,15679.40,45887.99,0.00,0.00,0.00,970.47,198.77,65.34,992.77,992.77,1.005,0.058,0.547,-3.875,-0.969,-0.219,10894,164.1,0,-0.9475,-0.0259,0.0055,-0.3187,37.1,-1.5,0.0
3110697,2026-09-11_09-15-28.698-240,v5.1.3,3.45,12.0,3200,17613,20146,56365,9531,17712,58915,14361.50,15449.31,45765.16,15376.16,15649.36,45763.09,0.00,0.00,0.00,1014.66,200.04,-2.07,1034.20,1034.20,1.004,0.051,0.546,-7.906,-0.859,0.188,10902,169.4,0,-0.9487,-0.0224,0.0051,-0.3153,36.7,-1.4,0.0
3110813,2026-09-11_09-15-28.813-240,v5.1.3,3.45,12.0,3200,17690,20042,56248,9594,17565,58887,14425.86,15364.79,45670.75,15428.06,15529.49,45733.84,0.00,0.00,0.00,1002.20,164.71,63.09,1017.60,1017.60,0.980,0.048,0.536,-4.250,-1.406,-0.516,10900,167.3,0,-0.9487,-0.0255,0.0050,-0.3152,36.7,-1.5,0.0
3110918,2026-09-11_09-15-28.919-240,v5.1.3,3.45,12.0,3200,17679,20011,56275,9560,17564,58897,14416.97,15338.82,45693.01,15401.48,15528.50,45746.53,0.00,0.00,0.00,984.50,189.68,53.52,1004.04,1004.04,0.964,0.142,0.540,-3.359,-1.484,-0.750,10894,165.5,0,-0.9485,-0.0313,0.0027,-0.3152,36.7,-1.4,0.0
3111023,2026-09-11_09-15-28.024-240,v5.1.3,3.45,12.0,3200,17665,20149,56323,9561,17707,58943,14404.47,15452.03,45730.93,15404.88,15646.31,45781.56,0.00,0.00,0.00,1000.40,194.28,50.64,1020.35,1020.35,1.008,0.065,0.551,-5.531,-0.781,1.047,10894,167.6,0,-0.9492,-0.0275,0.0019,-0.3136,36.5,-1.2,0.0
3111128,2026-09-11_09-15-29.129-240,v5.1.3,3.45,12.0,3200,17633,20188,56299,9521,17732,58941,14377.75,15484.98,45711.04,15371.00,15666.17,45785.10,0.00,0.00,0.00,993.25,181.19,74.06,1012.36,1012.36,1.007,0.018,0.538,-3.938,-1.000,0.250,10896,166.6,0,-0.9492,-0.0234,0.0049,-0.3138,36.6,-1.4,0.0
3111233,2026-09-11_09-15-29.234-240,v5.1.3,3.45,12.0,3200,17629,20195,56310,9529,17750,58899,14374.39,15490.60,45719.94,15371.28,15679.97,45750.03,0.00,0.00,0.00,996.89,189.38,30.09,1015.16,1015.16,1.007,0.056,0.549,-3.688,-0.969,0.344,10911,166.9,0,-0.9490,-0.0264,0.0043,-0.3143,36.6,-1.4,0.0
3111339,2026-09-11_09-15-29.340-240,v5.1.3,3.45,12.0,3200,17627,20245,56288,9529,17791,58911,14372.40,15532.30,45701.59,15371.86,15713.72,45759.16,0.00,0.00,0.00,999.46,181.42,57.57,1017.42,1017.42,1.004,0.057,0.543,-4.531,-1.203,0.609,10900,167.2,0,-0.9491,-0.0267,0.0054,-0.3138,36.6,-1.5,0.0
3111444,2026-09-11_09-15-29.445-240,v5.1.3,3.45,12.0,3200,17688,20262,56290,9568,17891,58923,14422.73,15545.68,45703.07,15402.97,15796.10,45762.22,0.00,0.00,0.00,980.24,250.42,59.14,1013.45,1013.45,1.006,0.040,0.541,-3.859,-1.109,0.422,10900,166.7,0,-0.9491,-0.0230,0.0074,-0.3139,36.6,-1.6,0.0
3111550,2026-09-11_09-15-29.550-240,v5.1.3,3.45,12.0,3200,17676,20266,56285,9575,17884,58940,14412.78,15549.20,45698.97,15411.28,15790.87,45775.01,0.00,0.00,0.00,998.50,241.67,76.04,1030.14,1030.14,1.007,0.051,0.545,-4.000,-1.547,-0.234,10900,168.9,0,-0.9491,-0.0258,0.0067,-0.3139,36.6,-1.7,0.0
3111655,2026-09-11_09-15-29.655-240,v5.1.3,3.45,12.0,3200,17608,20201,56322,9487,17766,58995,14356.99,15495.55,45729.66,15349.59,15694.78,45832.70,0.00,0.00,0.00,992.60,199.23,103.04,1017.63,1017.63,1.006,0.051,0.545,-4.312,-0.891,-0.234,10906,167.3,0,-0.9493,-0.0252,0.0054,-0.3132,36.5,-1.5,0.0
3111760,2026-09-11_09-15-29.761-240,v5.1.3,3.45,12.0,3200,17551,20225,56298,9459,17808,58960,14309.69,15516.36,45709.90,15320.57,15727.89,45807.87,0.00,0.00,0.00,1010.88,211.53,97.97,1037.41,1037.41,1.006,0.043,0.540,-3.609,-0.797,0.203,10906,169.8,0,-0.9493,-0.0235,0.0077,-0.3135,36.5,-1.7,0.0
3111865,2026-09-11_09-15-29.866-240,v5.1.3,3.45,12.0,3200,17566,20119,56279,9438,17730,58954,14322.80,15429.04,45695.34,15304.52,15663.83,45806.89,0.00,0.00,0.00,981.71,234.79,111.56,1015.55,1015.55,1.006,0.048,0.544,-3.844,-0.781,-0.234,10906,167.0,0,-0.9492,-0.0247,0.0064,-0.3136,36.5,-1.6,0.0
3111971,2026-09-11_09-15-29.971-240,v5.1.3,3.45,12.0,3200,17558,20187,56305,9457,17777,58955,14315.73,15484.79,45715.93,15319.05,15702.45,45804.52,0.00,0.00,0.00,1003.32,217.65,88.59,1030.47,1030.47,1.004,0.050,0.546,-4.562,-0.906,0.312,10889,168.9,0,-0.9494,-0.0242,0.0054,-0.3131,36.5,-1.5,0.0
3112076,2026-09-11_09-15-30.076-240,v5.1.3,3.45,12.0,3200,17600,20188,56284,9462,17828,58938,14350.46,15485.58,45698.82,15319.45,15743.73,45789.53,0.00,0.00,0.00,969.00,258.15,90.71,1006.89,1006.89,1.005,0.047,0.542,-4.391,-1.031,0.344,10908,165.9,0,-0.9494,-0.0240,0.0074,-0.3131,36.5,-1.7,0.0
3112181,2026-09-11_09-15-30.182-240,v5.1.3,3.45,12.0,3200,17643,20171,56357,9473,17834,59023,14386.14,15469.80,45758.43,15340.14,15750.77,45856.26,0.00,0.00,0.00,954.00,280.97,97.83,999.32,999.32,1.006,0.050,0.547,-3.922,-0.938,0.141,10908,164.9,0,-0.9493,-0.0249,0.0055,-0.3132,36.5,-1.5,0.0
3112296,2026-09-11_09-15-30.297-240,v5.1.3,3.45,12.0,3200,17745,20131,56292,9636,17728,58953,14470.75,15436.92,45705.83,15467.46,15664.60,45779.10,0.00,0.00,0.00,996.71,227.68,73.27,1025.00,1025.00,1.008,0.048,0.543,-3.625,-0.391,0.531,10890,168.2,0,-0.9491,-0.0249,0.0069,-0.3140,36.6,-1.7,0.0
3112401,2026-09-11_09-15-30.402-240,v5.1.3,3.45,12.0,3200,17793,20189,56306,9712,17775,58954,14510.05,15484.07,45716.74,15528.92,15703.92,45768.94,0.00,0.00,0.00,1018.87,219.84,52.20,1043.62,1043.62,1.005,0.050,0.543,-4.297,-0.875,-0.078,10909,170.6,0,-0.9491,-0.0253,0.0064,-0.3138,36.6,-1.6,0.0
3112506,2026-09-11_09-15-30.507-240,v5.1.3,3.45,12.0,3200,17881,20186,56298,9774,17836,58906,14582.84,15480.86,45710.26,15571.69,15753.33,45721.14,0.00,0.00,0.00,988.85,272.47,10.88,1025.76,1025.76,1.004,0.047,0.543,-4.141,-1.016,-0.250,10906,168.3,0,-0.9492,-0.0248,0.0068,-0.3137,36.5,-1.6,0.0
3112612,2026-09-11_09-15-30.613-240,v5.1.3,3.45,12.0,3200,17715,20226,56243,9631,17823,58835,14445.30,15516.53,45665.10,15444.45,15739.30,45683.77,0.00,0.00,0.00,999.15,222.76,18.66,1023.85,1023.85,1.007,0.050,0.544,-4.234,-0.906,0.547,10906,168.1,0,-0.9492,-0.0249,0.0068,-0.3137,36.5,-1.6,0.0
3112718,2026-09-11_09-15-30.718-240,v5.1.3,3.45,12.0,3200,17675,20194,56309,9563,17764,58950,14412.44,15489.33,45719.13,15405.98,15693.02,45786.20,0.00,0.00,0.00,993.54,203.69,67.06,1016.42,1016.42,1.006,0.049,0.542,-3.828,-0.703,0.188,10904,167.1,0,-0.9491,-0.0249,0.0068,-0.3139,36.6,-1.6,0.0
3112823,2026-09-11_09-15-30.824-240,v5.1.3,3.45,12.0,3200,17679,20127,56214,9536,17744,58817,14416.19,15435.68,45642.33,15365.83,15673.23,45683.26,0.00,0.00,0.00,949.65,237.55,40.93,979.76,979.76,1.004,0.050,0.544,-4.047,-0.906,0.031,10912,162.4,0,-0.9491,-0.0250,0.0060,-0.3138,36.6,-1.6,0.0
3112929,2026-09-11_09-15-30.929-240,v5.1.3,3.45,12.0,3200,17627,20153,56246,9513,17725,58898,14373.02,15457.10,45668.17,15358.64,15659.35,45751.73,0.00,0.00,0.00,985.62,202.25,83.56,1009.62,1009.62,1.008,0.048,0.545,-4.375,-0.922,0.172,10906,166.2,0,-0.9492,-0.0240,0.0067,-0.3136,36.5,-1.6,0.0
3113034,2026-09-11_09-15-31.035-240,v5.1.3,3.45,12.0,3200,17631,20178,56222,9560,17780,58930,14376.15,15478.12,45648.41,15400.31,15705.57,45770.33,0.00,0.00,0.00,1024.16,227.44,121.93,1056.17,1056.17,1.008,0.047,0.545,-4.328,-1.031,0.391,10906,172.2,0,-0.9492,-0.0239,0.0071,-0.3136,36.5,-1.6,0.0
3113140,2026-09-11_09-15-31.141-240,v5.1.3,3.45,12.0,3200,17671,20241,56292,9578,17821,59054,14408.82,15528.48,45704.88,15431.24,15742.17,45867.00,0.00,0.00,0.00,1022.42,213.70,162.12,1057.02,1057.02,1.005,0.050,0.544,-4.188,-0.938,0.047,10906,172.3,0,-0.9493,-0.0251,0.0061,-0.3134,36.5,-1.6,0.0
3113246,2026-09-11_09-15-31.246-240,v5.1.3,3.45,12.0,3200,17686,20209,56359,9572,17810,59058,14421.44,15500.71,45759.73,15427.14,15733.22,45871.18,0.00,0.00,0.00,1005.70,232.51,111.44,1038.23,1038.23,1.003,0.045,0.548,-3.766,-0.953,0.188,10901,169.9,0,-0.9492,-0.0231,0.0049,-0.3136,36.5,-1.4,0.0
3113351,2026-09-11_09-15-31.351-240,v5.1.3,3.45,12.0,3200,17660,20143,56423,9556,17741,59107,14400.39,15445.32,45812.43,15422.60,15677.86,45913.60,0.00,0.00,0.00,1022.21,232.54,101.17,1053.20,1053.20,1.007,0.047,0.545,-4.031,-1.000,0.297,10903,171.8,0,-0.9491,-0.0245,0.0065,-0.3141,36.6,-1.6,0.0
3113456,2026-09-11_09-15-31.457-240,v5.1.3,3.45,12.0,3200,17654,20121,56393,9561,17726,59082,14395.57,15427.76,45788.18,15423.65,15665.09,45893.02,0.00,0.00,0.00,1028.08,237.33,104.84,1060.31,1060.31,1.005,0.048,0.544,-4.188,-0.859,0.250,10903,172.7,0,-0.9491,-0.0244,0.0064,-0.3140,36.6,-1.6,0.0
3113561,2026-09-11_09-15-31.562-240,v5.1.3,3.45,12.0,3200,17632,20129,56389,9530,17725,59038,14377.32,15434.66,45784.85,15392.05,15662.86,45861.91,0.00,0.00,0.00,1014.73,228.20,77.05,1042.92,1042.92,1.004,0.046,0.546,-4.203,-1.188,0.703,10897,170.5,0,-0.9491,-0.0231,0.0062,-0.3142,36.6,-1.5,0.0
3113676,2026-09-11_09-15-31.677-240,v5.1.3,3.45,12.0,3200,17753,20055,56339,9652,17663,58988,14477.88,15373.25,45744.77,15487.21,15612.57,45805.86,0.00,0.00,0.00,1009.34,239.32,61.09,1039.12,1039.12,1.003,0.047,0.543,-4.016,-1.344,0.438,10898,170.0,0,-0.9488,-0.0246,0.0071,-0.3148,36.7,-1.7,0.0
3113781,2026-09-11_09-15-31.782-240,v5.1.3,3.45,12.0,3200,17672,20082,56355,9552,17712,59039,14410.71,15396.07,45757.57,15410.65,15652.54,45859.87,0.00,0.00,0.00,999.93,256.47,102.30,1037.36,1037.36,1.005,0.047,0.543,-3.844,-0.984,0.141,10905,169.8,0,-0.9488,-0.0243,0.0067,-0.3149,36.7,-1.6,0.0
3113887,2026-09-11_09-15-31.887-240,v5.1.3,3.45,12.0,3200,17668,20072,56357,9556,17667,59032,14407.47,15387.81,45759.28,15414.17,15615.70,45854.26,0.00,0.00,0.00,1006.69,227.88,94.98,1036.52,1036.52,1.006,0.051,0.543,-3.844,-1.375,0.016,10905,169.7,0,-0.9487,-0.0259,0.0068,-0.3150,36.7,-1.7,0.0
3113992,2026-09-11_09-15-31.992-240,v5.1.3,3.45,12.0,3200,17648,20081,56345,9517,17724,59029,14390.87,15395.66,45749.43,15380.12,15661.67,45856.46,0.00,0.00,0.00,989.25,266.01,107.04,1029.97,1029.97,1.005,0.049,0.547,-4.109,-0.891,0.328,10909,168.8,0,-0.9488,-0.0239,0.0051,-0.3148,36.7,-1.4,0.0
3114097,2026-09-11_09-15-32.098-240,v5.1.3,3.45,12.0,3200,17663,20212,56357,9539,17849,59029,14402.40,15503.45,45758.08,15394.91,15763.96,45851.88,0.00,0.00,0.00,992.51,260.51,93.80,1030.41,1030.41,1.007,0.049,0.545,-4.188,-0.812,0.469,10907,168.9,0,-0.9488,-0.0244,0.0063,-0.3150,36.7,-1.6,0.0
3114203,2026-09-11_09-15-32.203-240,v5.1.3,3.45,12.0,3200,17659,20133,56328,9545,17763,58983,14399.62,15438.79,45735.13,15395.76,15692.76,45815.18,0.00,0.00,0.00,996.14,253.97,80.05,1031.12,1031.12,1.007,0.049,0.547,-4.531,-1.203,0.094,10907,169.0,0,-0.9489,-0.0243,0.0058,-0.3145,36.6,-1.5,0.0
3114308,2026-09-11_09-15-32.308-240,v5.1.3,3.45,12.0,3200,17663,20258,56304,9534,17899,58978,14402.09,15542.38,45714.51,15382.39,15803.50,45810.95,0.00,0.00,0.00,980.31,261.13,96.44,1019.06,1019.06,1.005,0.048,0.543,-4.062,-1.312,0.016,10897,167.4,0,-0.9489,-0.0246,0.0069,-0.3145,36.6,-1.6,0.0
3114413,2026-09-11_09-15-32.414-240,v5.1.3,3.45,12.0,3200,17650,20268,56336,9579,17889,58972,14391.27,15550.19,45740.49,15418.88,15795.75,45800.12,0.00,0.00,0.00,1027.61,245.56,59.62,1058.22,1058.22,1.005,0.049,0.545,-4.672,-0.625,-0.297,10906,172.4,0,-0.9492,-0.0241,0.0056,-0.3136,36.5,-1.5,0.0
3114518,2026-09-11_09-15-32.519-240,v5.1.3,3.45,12.0,3200,17654,20238,56345,9533,17826,59065,14394.78,15525.22,45748.08,15395.58,15745.96,45881.92,0.00,0.00,0.00,1000.80,220.74,133.84,1033.55,1033.55,1.005,0.049,0.541,-4.141,-0.906,-0.016,10902,169.3,0,-0.9492,-0.0253,0.0070,-0.3136,36.5,-1.7,0.0
3114623,2026-09-11_09-15-32.624-240,v5.1.3,3.45,12.0,3200,17635,20277,56351,9459,17904,59015,14378.81,15557.50,45752.63,15325.64,15807.54,45850.86,0.00,0.00,0.00,946.83,250.04,98.23,984.20,984.20,1.009,0.048,0.547,-4.469,-0.984,0.422,10902,163.0,0,-0.9494,-0.0236,0.0063,-0.3132,36.5,-1.5,0.0
3114728,2026-09-11_09-15-32.729-240,v5.1.3,3.45,12.0,3200,17557,20161,56350,9443,17734,59026,14315.08,15462.53,45752.81,15318.51,15668.85,45864.02,0.00,0.00,0.00,1003.43,206.32,111.21,1030.44,1030.44,1.007,0.046,0.546,-4.609,-1.250,0.516,10903,168.9,0,-0.9494,-0.0233,0.0070,-0.3130,36.5,-1.6,0.0
3114834,2026-09-11_09-15-32.834-240,v5.1.3,3.45,12.0,3200,17559,20171,56337,9435,17800,58985,14316.67,15471.00,45742.13,15304.49,15721.66,45831.34,0.00,0.00,0.00,987.81,250.66,89.20,1023.02,1023.02,1.005,0.047,0.543,-4.219,-0.844,0.328,10908,167.9,0,-0.9494,-0.0240,0.0070,-0.3131,36.5,-1.6,0.0
3114939,2026-09-11_09-15-32.939-240,v5.1.3,3.45,12.0,3200,17534,20264,56321,9383,17858,58975,14295.37,15548.32,45728.30,15258.74,15768.12,45829.66,0.00,0.00,0.00,963.37,219.80,101.36,993.31,993.31,1.003,0.048,0.546,-3.953,-1.234,0.438,10901,164.2,0,-0.9494,-0.0238,0.0058,-0.3131,36.5,-1.5,0.0
3115044,2026-09-11_09-15-33.045-240,v5.1.3,3.45,12.0,3200,17620,20234,56335,9506,17837,58996,14366.69,15522.44,45739.96,15363.49,15752.98,45830.02,0.00,0.00,0.00,996.79,230.54,90.06,1027.06,1027.06,1.009,0.049,0.548,-4.359,-0.938,0.406,10901,168.5,0,-0.9494,-0.0243,0.0058,-0.3131,36.5,-1.5,0.0
3115159,2026-09-11_09-15-33.160-240,v5.1.3,3.45,12.0,3200,17756,20144,56360,9648,17738,59021,14479.76,15446.32,45761.11,15486.50,15674.51,45831.98,0.00,0.00,0.00,1006.74,228.19,70.87,1034.71,1034.71,1.004,0.047,0.544,-3.906,-0.688,0.484,10900,169.4,0,-0.9492,-0.0243,0.0062,-0.3137,36.5,-1.5,0.0
3115265,2026-09-11_09-15-33.265-240,v5.1.3,3.45,12.0,3200,17690,20195,56336,9615,17780,59009,14424.84,15489.52,45741.12,15456.55,15708.10,45826.31,0.00,0.00,0.00,1031.71,218.58,85.19,1058.05,1058.05,1.006,0.047,0.541,-3.891,-0.797,-0.047,10901,172.4,0,-0.9491,-0.0248,0.0073,-0.3139,36.6,-1.7,0.0
3115370,2026-09-11_09-15-33.371-240,v5.1.3,3.45,12.0,3200,17722,20207,56310,9609,17857,59029,14451.22,15499.57,45719.84,15452.34,15771.35,45842.23,0.00,0.00,0.00,1001.12,271.77,122.39,1044.55,1044.55,1.005,0.048,0.545,-4.250,-1.312,0.688,10908,170.7,0,-0.9491,-0.0238,0.0067,-0.3139,36.6,-1.6,0.0
3115475,2026-09-11_09-15-33.476-240,v5.1.3,3.45,12.0,3200,17738,20197,56322,9619,17848,59007,14464.52,15490.94,45729.70,15457.76,15763.61,45823.30,0.00,0.00,0.00,993.24,272.67,93.60,1034.23,1034.23,1.006,0.048,0.543,-4.062,-1.234,-0.219,10908,169.4,0,-0.9491,-0.0253,0.0072,-0.3139,36.6,-1.7,0.0
3115581,2026-09-11_09-15-33.582-240,v5.1.3,3.45,12.0,3200,17690,20146,56344,9533,17786,58991,14425.17,15448.92,45748.06,15386.38,15711.57,45822.96,0.00,0.00,0.00,961.21,262.65,74.90,999.26,999.26,1.004,0.049,0.549,-4.062,-0.859,0.344,10909,164.9,0,-0.9491,-0.0239,0.0049,-0.3139,36.6,-1.4,0.0
3115687,2026-09-11_09-15-33.687-240,v5.1.3,3.45,12.0,3200,17625,20123,56287,9515,17724,58948,14371.57,15431.61,45701.82,15367.24,15659.73,45791.64,0.00,0.00,0.00,995.68,228.12,89.82,1025.42,1025.42,1.005,0.047,0.546,-4.422,-0.812,0.109,10903,168.3,0,-0.9492,-0.0241,0.0058,-0.3138,36.6,-1.5,0.0
3115792,2026-09-11_09-15-33.793-240,v5.1.3,3.45,12.0,3200,17617,20147,56277,9539,17768,58953,14364.79,15451.68,45693.47,15386.53,15696.06,45791.83,0.00,0.00,0.00,1021.74,244.37,98.36,1055.15,1055.15,1.005,0.048,0.544,-4.297,-0.422,0.391,10903,172.0,0,-0.9492,-0.0241,0.0061,-0.3138,36.6,-1.5,0.0
3115897,2026-09-11_09-15-33.898-240,v5.1.3,3.45,12.0,3200,17657,20220,56268,9571,17834,58931,14397.38,15511.71,45685.52,15408.07,15749.80,45768.95,0.00,0.00,0.00,1010.69,238.09,83.44,1041.70,1041.70,1.007,0.049,0.546,-3.719,-0.609,0.312,10904,170.3,0,-0.9490,-0.0247,0.0059,-0.3142,36.6,-1.5,0.0
3116003,2026-09-11_09-15-33.003-240,v5.1.3,3.45,12.0,3200,17700,20209,56260,9583,17802,58929,14433.01,15502.34,45679.09,15418.52,15723.78,45766.11,0.00,0.00,0.00,985.51,221.44,87.02,1013.83,1013.83,1.008,0.050,0.545,-4.219,-0.891,0.562,10906,166.8,0,-0.9490,-0.0249,0.0064,-0.3143,36.6,-1.6,0.0
3116108,2026-09-11_09-15-34.108-240,v5.1.3,3.45,12.0,3200,17682,20184,56291,9557,17762,59037,14418.29,15481.33,45704.56,15413.16,15693.36,45856.95,0.00,0.00,0.00,994.86,212.03,152.39,1028.56,1028.56,1.007,0.048,0.545,-3.828,-0.781,0.594,10910,168.7,0,-0.9489,-0.0241,0.0064,-0.3146,36.7,-1.6,0.0
3116213,2026-09-11_09-15-34.214-240,v5.1.3,3.45,12.0,3200,17661,20134,56408,9564,17750,59097,14401.27,15438.16,45800.29,15427.56,15685.07,45904.36,0.00,0.00,0.00,1026.29,246.91,104.07,1060.69,1060.69,1.007,0.049,0.543,-4.672,-0.828,0.703,10910,172.8,0,-0.9490,-0.0241,0.0069,-0.3144,36.6,-1.6,0.0
3116319,2026-09-11_09-15-34.319-240,v5.1.3,3.45,12.0,3200,17664,20157,56362,9524,17722,59104,14403.60,15457.94,45762.62,15396.34,15661.89,45915.80,0.00,0.00,0.00,992.75,203.95,153.18,1024.99,1024.99,1.007,0.047,0.542,-3.828,-1.281,0.359,10906,168.2,0,-0.9488,-0.0244,0.0079,-0.3147,36.7,-1.7,0.0
3116424,2026-09-11_09-15-34.425-240,v5.1.3,3.45,12.0,3200,17625,20217,56415,9519,17822,59137,14370.95,15506.92,45805.28,15394.14,15744.22,45941.74,0.00,0.00,0.00,1023.20,237.31,136.46,1059.18,1059.18,1.008,0.049,0.546,-4.078,-0.953,-0.391,10901,172.6,0,-0.9490,-0.0247,0.0061,-0.3143,36.6,-1.6,0.0
3116529,2026-09-11_09-15-34.530-240,v5.1.3,3.45,12.0,3200,17708,20239,56378,9582,17864,59099,14439.43,15524.91,45774.96,15439.63,15778.38,45902.08,0.00,0.00,0.00,1000.20,253.47,127.12,1039.61,1039.61,1.004,0.049,0.540,-3.938,-1.047,3.641,10909,170.1,0,-0.9485,-0.0225,0.0082,-0.3158,36.8,-1.7,0.0
3116644,2026-09-11_09-15-34.645-240,v5.1.3,3.45,12.0,3200,17664,20082,56386,9551,17657,59089,14404.10,15395.59,45782.82,15418.22,15608.82,45900.88,0.00,0.00,0.00,1014.12,213.23,118.06,1043.00,1043.00,1.007,0.049,0.543,-4.109,-1.094,0.125,10909,170.5,0,-0.9484,-0.0250,0.0075,-0.3159,36.8,-1.7,0.0
3116750,2026-09-11_09-15-34.750-240,v5.1.3,3.45,12.0,3200,17671,20150,56334,9505,17802,59025,14409.43,15452.60,45739.88,15367.62,15725.09,45853.90,0.00,0.00,0.00,958.19,272.49,114.03,1002.68,1002.68,1.008,0.048,0.543,-4.344,-1.188,-0.031,10908,165.4,0,-0.9486,-0.0241,0.0075,-0.3154,36.7,-1.7,0.0
3116855,2026-09-11_09-15-34.856-240,v5.1.3,3.45,12.0,3200,17686,20072,56333,9564,17682,59049,14422.36,15388.07,45739.73,15422.71,15628.44,45866.64,0.00,0.00,0.00,1000.36,240.37,126.91,1036.63,1036.63,1.005,0.047,0.541,-4.062,-0.828,0.406,10909,169.7,0,-0.9486,-0.0239,0.0076,-0.3155,36.8,-1.7,0.0
3116960,2026-09-11_09-15-34.961-240,v5.1.3,3.45,12.0,3200,17675,20126,56393,9539,17759,59090,14412.90,15431.68,45788.14,15405.77,15691.94,45902.04,0.00,0.00,0.00,992.86,260.26,113.89,1032.71,1032.71,1.003,0.048,0.546,-3.750,-1.750,-0.156,10906,169.2,0,-0.9486,-0.0245,0.0061,-0.3155,36.8,-1.6,0.0
3117066,2026-09-11_09-15-35.066-240,v5.1.3,3.45,12.0,3200,17673,20171,56400,9528,17852,59082,14410.95,15468.73,45793.46,15393.13,15767.52,45895.94,0.00,0.00,0.00,982.18,298.80,102.48,1031.73,1031.73,1.004,0.045,0.550,-4.281,-0.922,0.312,10906,169.1,0,-0.9487,-0.0224,0.0047,-0.3153,36.7,-1.3,0.0
3117171,2026-09-11_09-15-35.171-240,v5.1.3,3.45,12.0,3200,17637,20204,56371,9519,17854,59057,14380.96,15496.85,45769.55,15382.20,15768.46,45877.05,0.00,0.00,0.00,1001.24,271.60,107.50,1042.98,1042.98,1.005,0.049,0.545,-4.094,-0.875,0.266,10905,170.5,0,-0.9486,-0.0244,0.0057,-0.3156,36.8,-1.5,0.0
3117277,2026-09-11_09-15-35.277-240,v5.1.3,3.45,12.0,3200,17654,20224,56343,9516,17828,59017,14394.88,15513.70,45746.57,15374.87,15746.26,45845.64,0.00,0.00,0.00,980.00,232.56,99.07,1012.07,1012.07,1.006,0.048,0.542,-4.391,-1.281,0.266,10917,166.6,0,-0.9487,-0.0243,0.0074,-0.3153,36.7,-1.7,0.0
3117382,2026-09-11_09-15-35.382-240,v5.1.3,3.45,12.0,3200,17627,20281,56321,9504,17885,59028,14372.16,15561.42,45728.16,15365.00,15792.89,45855.40,0.00,0.00,0.00,992.84,231.47,127.24,1027.37,1027.37,1.005,0.047,0.541,-3.984,-0.781,-0.203,10911,168.5,0,-0.9488,-0.0240,0.0071,-0.3150,36.7,-1.6,0.0
3117487,2026-09-11_09-15-35.487-240,v5.1.3,3.45,12.0,3200,17658,20296,56342,9556,17917,59062,14397.70,15573.12,45745.14,15411.68,15820.45,45875.23,0.00,0.00,0.00,1013.98,247.33,130.09,1051.78,1051.78,1.005,0.048,0.544,-3.969,-0.703,0.375,10911,171.6,0,-0.9488,-0.0237,0.0063,-0.3150,36.7,-1.5,0.0
3117592,2026-09-11_09-15-35.593-240,v5.1.3,3.45,12.0,3200,17664,20294,56349,9568,17912,59037,14402.68,15571.28,45750.86,15418.23,15815.92,45853.56,0.00,0.00,0.00,1015.55,244.64,102.71,1049.64,1049.64,1.008,0.048,0.547,-4.125,-0.859,0.438,10913,171.3,0,-0.9488,-0.0237,0.0059,-0.3150,36.7,-1.5,0.0
3117697,2026-09-11_09-15-35.698-240,v5.1.3,3.45,12.0,3200,17630,20298,56390,9481,17943,59096,14374.54,15574.19,45784.21,15353.95,15841.55,45912.45,0.00,0.00,0.00,979.41,267.36,128.24,1023.32,1023.32,1.007,0.048,0.549,-3.547,-0.406,0.125,10917,168.0,0,-0.9487,-0.0239,0.0045,-0.3153,36.7,-1.4,0.0
3117802,2026-09-11_09-15-35.803-240,v5.1.3,3.45,12.0,3200,17601,20189,56363,9474,17796,59073,14351.28,15484.97,45763.16,15348.91,15720.94,45896.78,0.00,0.00,0.00,997.62,235.97,133.62,1033.82,1033.82,1.008,0.048,0.543,-4.188,-1.016,0.609,10917,169.3,0,-0.9486,-0.0240,0.0070,-0.3155,36.8,-1.6,0.0
3117908,2026-09-11_09-15-35.908-240,v5.1.3,3.45,12.0,3200,17579,20138,56346,9428,17770,59057,14333.43,15443.39,45749.75,15309.50,15698.78,45890.53,0.00,0.00,0.00,976.07,255.39,140.78,1018.71,1018.71,1.007,0.048,0.544,-3.828,-1.062,-0.141,10908,167.4,0,-0.9486,-0.0246,0.0069,-0.3154,36.7,-1.6,0.0
3118013,2026-09-11_09-15-35.013-240,v5.1.3,3.45,12.0,3200,17561,20167,56350,9440,17756,59058,14318.35,15467.44,45752.76,15319.90,15687.53,45889.87,0.00,0.00,0.00,1001.54,220.08,137.11,1034.56,1034.56,1.006,0.045,0.544,-3.984,-0.953,0.297,10910,169.4,0,-0.9487,-0.0226,0.0068,-0.3153,36.7,-1.6,0.0
3118128,2026-09-11_09-15-36.129-240,v5.1.3,3.45,12.0,3200,17828,20213,56331,9708,17844,59067,14538.84,15503.09,45736.90,15539.47,15762.85,45859.42,0.00,0.00,0.00,1000.63,259.76,122.52,1041.03,1041.03,1.008,0.048,0.546,-4.156,-0.891,0.141,10900,170.2,0,-0.9486,-0.0246,0.0065,-0.3155,36.8,-1.6,0.0
3118233,2026-09-11_09-15-36.234-240,v5.1.3,3.45,12.0,3200,17739,20162,56391,9617,17833,59086,14465.59,15460.80,45786.21,15467.47,15753.20,45887.25,0.00,0.00,0.00,1001.88,292.40,101.04,1048.56,1048.56,1.008,0.048,0.544,-4.156,-1.203,-0.203,10900,171.2,0,-0.9486,-0.0249,0.0072,-0.3153,36.7,-1.7,0.0
3118338,2026-09-11_09-15-36.339-240,v5.1.3,3.45,12.0,3200,17823,20183,56394,9687,17763,59057,14534.91,15477.24,45788.48,15522.94,15696.24,45855.27,0.00,0.00,0.00,988.03,219.01,66.79,1014.21,1014.21,1.007,0.047,0.542,-3.953,-1.531,-0.250,10903,166.8,0,-0.9487,-0.0250,0.0077,-0.3152,36.7,-1.7,0.0
3118444,2026-09-11_09-15-36.445-240,v5.1.3,3.45,12.0,3200,17677,20164,56362,9608,17753,59057,14414.30,15463.59,45762.56,15458.16,15687.11,45866.18,0.00,0.00,0.00,1043.86,223.52,103.61,1072.54,1072.54,1.006,0.048,0.543,-0.297,-0.812,0.328,10907,174.3,0,-0.9478,-0.0255,0.0065,-0.3179,37.1,-1.6,0.0
3118550,2026-09-11_09-15-36.552-240,v5.1.3,3.45,12.0,3200,17673,20220,56355,9571,17829,59046,14410.62,15509.99,45756.38,15424.15,15748.43,45861.43,0.00,0.00,0.00,1013.54,238.44,105.05,1046.49,1046.49,1.007,0.051,0.545,-4.094,-1.078,0.625,10904,170.9,0,-0.9479,-0.0242,0.0061,-0.3176,37.0,-1.5,0.0
3118656,2026-09-11_09-15-36.657-240,v5.1.3,3.45,12.0,3200,17714,20227,56274,9622,17835,59002,14444.47,15516.81,45690.34,15459.88,15752.92,45819.04,0.00,0.00,0.00,1015.41,236.10,128.70,1050.41,1050.41,1.006,0.051,0.543,-3.906,-0.500,0.047,10904,171.4,0,-0.9479,-0.0251,0.0059,-0.3175,37.0,-1.6,0.0
3118761,2026-09-11_09-15-36.762-240,v5.1.3,3.45,12.0,3200,17684,20207,56321,9543,17823,59034,14419.80,15499.76,45728.80,15399.59,15742.91,45855.68,0.00,0.00,0.00,979.80,243.15,126.88,1017.46,1017.46,1.006,0.049,0.543,-4.438,-1.047,0.172,10906,167.2,0,-0.9481,-0.0241,0.0066,-0.3169,36.9,-1.6,0.0
3118867,2026-09-11_09-15-36.867-240,v5.1.3,3.45,12.0,3200,17650,20188,56220,9550,17766,58905,14391.80,15486.23,45646.69,15388.98,15693.43,45751.79,0.00,0.00,0.00,997.18,207.20,105.10,1023.89,1023.89,1.006,0.049,0.545,-4.062,-0.875,0.109,10908,168.1,0,-0.9482,-0.0244,0.0059,-0.3167,36.9,-1.5,0.0
3118973,2026-09-11_09-15-36.973-240,v5.1.3,3.45,12.0,3200,17636,20135,56283,9499,17778,58999,14380.58,15441.48,45698.46,15359.71,15704.81,45834.13,0.00,0.00,0.00,979.12,263.34,135.67,1022.96,1022.96,1.005,0.046,0.544,-4.156,-0.734,0.031,10909,167.9,0,-0.9483,-0.0232,0.0065,-0.3165,36.9,-1.5,0.0
3119078,2026-09-11_09-15-37.078-240,v5.1.3,3.45,12.0,3200,17643,20190,56298,9524,17829,59043,14386.00,15486.55,45710.21,15385.04,15747.78,45865.43,0.00,0.00,0.00,999.03,261.24,155.22,1044.23,1044.23,1.007,0.047,0.548,-4.047,-1.000,0.328,10909,170.7,0,-0.9483,-0.0234,0.0056,-0.3165,36.9,-1.5,0.0
3119183,2026-09-11_09-15-37.184-240,v5.1.3,3.45,12.0,3200,17690,20233,56354,9590,17887,59118,14424.59,15520.57,45755.45,15448.24,15797.70,45915.96,0.00,0.00,0.00,1023.65,277.13,160.51,1072.58,1072.58,1.007,0.048,0.542,-4.031,-0.812,-0.297,10906,174.3,0,-0.9483,-0.0249,0.0069,-0.3164,36.9,-1.6,0.0
3119288,2026-09-11_09-15-37.289-240,v5.1.3,3.45,12.0,3200,17699,20185,56452,9519,17793,59163,14432.36,15479.09,45835.70,15398.52,15721.17,45963.00,0.00,0.00,0.00,966.16,242.08,127.30,1004.13,1004.13,1.001,0.047,0.544,-4.234,-1.141,-0.094,10915,165.5,0,-0.9485,-0.0238,0.0059,-0.3159,36.8,-1.5,0.0
3119393,2026-09-11_09-15-37.394-240,v5.1.3,3.44,12.0,3200,17620,20144,56430,9510,17780,59194,14367.30,15446.43,45818.12,15395.76,15711.18,45989.30,0.00,0.00,0.00,1028.45,264.75,171.18,1075.69,1075.69,1.007,0.046,0.545,-4.000,-0.484,0.172,10915,174.7,0,-0.9485,-0.0236,0.0063,-0.3160,36.8,-1.5,0.0
3119498,2026-09-11_09-15-37.499-240,v5.1.3,3.44,12.0,3200,17650,20184,56429,9516,17794,59134,14391.84,15479.17,45816.96,15392.00,15721.26,45940.09,0.00,0.00,0.00,1000.16,242.10,123.12,1036.38,1036.38,1.005,0.046,0.544,-4.312,-1.281,0.094,10916,169.7,0,-0.9485,-0.0235,0.0070,-0.3157,36.8,-1.6,0.0
3119613,2026-09-11_09-15-37.614-240,v5.1.3,3.44,12.0,3200,17696,20076,56357,9578,17726,59046,14430.60,15390.84,45759.25,15432.65,15664.45,45861.77,0.00,0.00,0.00,1002.05,273.61,102.52,1043.78,1043.78,1.006,0.052,0.545,-4.109,-1.031,0.188,10920,170.6,0,-0.9485,-0.0257,0.0061,-0.3158,36.8,-1.6,0.0
3119719,2026-09-11_09-15-37.719-240,v5.1.3,3.44,12.0,3200,17639,20009,56405,9503,17619,59042,14383.92,15335.23,45798.92,15373.19,15576.10,45870.14,0.00,0.00,0.00,989.27,240.88,71.21,1020.66,1020.66,1.004,0.048,0.547,-4.594,-0.531,-0.203,10907,167.6,0,-0.9488,-0.0237,0.0047,-0.3150,36.7,-1.4,0.0
3119824,2026-09-11_09-15-37.824-240,v5.1.3,3.44,12.0,3200,17610,20085,56378,9504,17716,59070,14359.42,15398.75,45776.27,15375.32,15655.95,45891.28,0.00,0.00,0.00,1015.89,257.20,115.00,1054.24,1054.24,1.008,0.051,0.543,-4.094,-0.891,0.109,10907,171.9,0,-0.9487,-0.0256,0.0064,-0.3151,36.7,-1.6,0.0
3119929,2026-09-11_09-15-37.930-240,v5.1.3,3.44,12.0,3200,17643,20152,56343,9504,17777,59050,14386.26,15454.37,45747.19,15370.92,15705.26,45874.44,0.00,0.00,0.00,984.66,250.89,127.25,1024.06,1024.06,1.004,0.048,0.542,-4.156,-0.984,-0.062,10910,168.1,0,-0.9488,-0.0241,0.0066,-0.3148,36.7,-1.6,0.0
3120034,2026-09-11_09-15-38.035-240,v5.1.3,3.44,12.0,3200,17650,20192,56322,9568,17871,59047,14391.78,15487.70,45729.74,15420.70,15782.70,45862.11,0.00,0.00,0.00,1028.92,295.00,132.38,1078.53,1078.53,1.004,0.046,0.544,-4.359,-0.953,-0.078,10919,175.0,0,-0.9490,-0.0235,0.0064,-0.3144,36.6,-1.5,0.0
3120139,2026-09-11_09-15-38.140-240,v5.1.3,3.44,12.0,3200,17625,20212,56385,9542,17877,59066,14370.98,15503.33,45780.88,15401.77,15787.72,45880.85,0.00,0.00,0.00,1030.79,284.40,99.97,1073.97,1073.97,1.003,0.051,0.543,-4.125,-0.531,0.156,10921,174.4,0,-0.9490,-0.0253,0.0058,-0.3143,36.6,-1.5,0.0
3120245,2026-09-11_09-15-38.246-240,v5.1.3,3.44,12.0,3200,17668,20123,56387,9527,17807,59072,14407.13,15429.38,45783.28,15392.12,15730.55,45888.61,0.00,0.00,0.00,984.98,301.17,105.33,1035.37,1035.37,1.005,0.047,0.543,-4.000,-1.016,0.172,10921,169.5,0,-0.9490,-0.0241,0.0070,-0.3143,36.6,-1.6,0.0
3120351,2026-09-11_09-15-38.351-240,v5.1.3,3.44,12.0,3200,17656,20329,56373,9510,17961,59044,14395.83,15599.83,45770.11,15370.14,15855.37,45866.48,0.00,0.00,0.00,974.31,255.54,96.38,1011.86,1011.86,1.006,0.048,0.542,-4.484,-0.750,0.453,10910,166.5,0,-0.9491,-0.0238,0.0072,-0.3139,36.6,-1.6,0.0
3120456,2026-09-11_09-15-38.456-240,v5.1.3,3.44,12.0,3200,17629,20258,56344,9532,17882,59043,14373.97,15542.00,45747.09,15390.21,15791.14,45863.67,0.00,0.00,0.00,1016.24,249.14,116.58,1052.81,1052.81,1.006,0.050,0.545,-4.266,-0.938,0.422,10916,171.8,0,-0.9492,-0.0245,0.0061,-0.3138,36.6,-1.5,0.0
3120561,2026-09-11_09-15-38.562-240,v5.1.3,3.44,12.0,3200,17668,20322,56351,9559,17932,59024,14405.80,15594.32,45752.24,15408.48,15831.83,45844.09,0.00,0.00,0.00,1002.68,237.51,91.85,1034.51,1034.51,1.005,0.047,0.547,-3.938,-1.000,0.188,10908,169.4,0,-0.9492,-0.0235,0.0058,-0.3138,36.6,-1.5,0.0
3120666,2026-09-11_09-15-38.667-240,v5.1.3,3.44,12.0,3200,17623,20349,56337,9527,18011,59026,14368.40,15617.32,45740.61,15380.31,15895.96,45849.07,0.00,0.00,0.00,1011.91,278.65,108.46,1055.16,1055.16,1.005,0.052,0.543,-3.953,-0.906,0.172,10908,172.1,0,-0.9491,-0.0257,0.0063,-0.3138,36.6,-1.6,0.0
3120771,2026-09-11_09-15-38.772-240,v5.1.3,3.44,12.0,3200,17602,20166,56413,9450,17824,59092,14352.27,15465.07,45804.09,15331.04,15743.95,45914.97,0.00,0.00,0.00,978.77,278.87,110.88,1023.74,1023.74,1.003,0.048,0.541,-4.156,-1.047,0.797,10915,168.0,0,-0.9492,-0.0238,0.0073,-0.3138,36.6,-1.6,0.0
3120877,2026-09-11_09-15-38.877-240,v5.1.3,3.44,12.0,3200,17573,20209,56382,9435,17849,59099,14328.00,15501.42,45778.46,15318.99,15764.33,45922.33,0.00,0.00,0.00,991.00,262.91,143.87,1035.32,1035.32,1.007,0.049,0.541,-4.609,-0.938,0.266,10912,169.5,0,-0.9493,-0.0247,0.0079,-0.3133,36.5,-1.7,0.0
3120992,2026-09-11_09-15-38.992-240,v5.1.3,3.44,12.0,3200,17733,20165,56387,9642,17816,59106,14460.60,15463.40,45782.92,15491.28,15740.10,45900.12,0.00,0.00,0.00,1030.67,276.70,117.20,1073.58,1073.58,1.006,0.047,0.546,-4.250,-0.734,-0.047,10909,174.4,0,-0.9494,-0.0240,0.0060,-0.3131,36.5,-1.5,0.0
3121097,2026-09-11_09-15-39.097-240,v5.1.3,3.44,12.0,3200,17761,20241,56375,9672,17885,59053,14483.25,15526.08,45772.50,15506.79,15795.54,45852.57,0.00,0.00,0.00,1023.54,269.45,80.07,1061.44,1061.44,1.005,0.046,0.544,-4.344,-1.047,0.312,10909,172.9,0,-0.9494,-0.0237,0.0070,-0.3131,36.5,-1.6,0.0
3121202,2026-09-11_09-15-39.203-240,v5.1.3,3.44,12.0,3200,17779,20259,56371,9692,17903,59073,14498.01,15540.84,45769.09,15525.55,15810.95,45865.68,0.00,0.00,0.00,1027.54,270.11,96.60,1066.83,1066.83,1.007,0.048,0.543,-4.156,-0.875,-0.078,10909,173.5,0,-0.9494,-0.0251,0.0073,-0.3131,36.5,-1.7,0.0
3121307,2026-09-11_09-15-39.308-240,v5.1.3,3.44,12.0,3200,17759,20215,56416,9656,17894,59160,14481.77,15503.90,45806.12,15508.22,15805.21,45940.62,0.00,0.00,0.00,1026.45,301.31,134.50,1078.18,1078.18,1.007,0.048,0.540,-3.953,-0.469,0.406,10909,175.0,0,-0.9493,-0.0248,0.0077,-0.3133,36.5,-1.7,0.0
3121413,2026-09-11_09-15-39.413-240,v5.1.3,3.44,12.0,3200,17759,20175,56419,9654,17866,59148,14482.04,15470.83,45808.90,15505.65,15782.05,45931.60,0.00,0.00,0.00,1023.61,311.22,122.70,1076.89,1076.89,1.008,0.049,0.545,-4.359,-1.391,0.453,10909,174.8,0,-0.9493,-0.0246,0.0072,-0.3132,36.5,-1.7,0.0
3121518,2026-09-11_09-15-39.519-240,v5.1.3,3.44,12.0,3200,17692,20177,56387,9623,17807,59120,14426.62,15473.72,45782.82,15477.81,15732.85,45914.07,0.00,0.00,0.00,1051.20,259.13,131.26,1090.59,1090.59,1.006,0.049,0.545,-4.281,-1.266,0.203,10921,176.6,0,-0.9494,-0.0249,0.0067,-0.3131,36.5,-1.6,0.0
3121624,2026-09-11_09-15-39.625-240,v5.1.3,3.44,12.0,3200,17661,20185,56333,9554,17882,59018,14400.92,15481.61,45738.76,15404.86,15790.82,45840.58,0.00,0.00,0.00,1003.94,309.21,101.82,1055.40,1055.40,1.006,0.049,0.542,-4.297,-0.953,0.188,10908,172.1,0,-0.9494,-0.0251,0.0074,-0.3129,36.4,-1.7,0.0
3121730,2026-09-11_09-15-39.730-240,v5.1.3,3.44,12.0,3200,17721,20266,56291,9634,17904,59037,14450.00,15548.64,45703.86,15472.78,15810.20,45844.66,0.00,0.00,0.00,1022.78,261.57,140.80,1065.05,1065.05,1.010,0.048,0.543,-4.312,-0.844,-0.641,10910,173.3,0,-0.9496,-0.0250,0.0075,-0.3123,36.4,-1.7,0.0
3121835,2026-09-11_09-15-39.836-240,v5.1.3,3.44,12.0,3200,17735,20266,56332,9612,17880,59004,14461.58,15547.76,45737.25,15450.73,15789.57,45821.45,0.00,0.00,0.00,989.15,241.81,84.19,1021.75,1021.75,1.006,0.053,0.544,-3.969,-0.625,0.594,10910,167.8,0,-0.9496,-0.0258,0.0060,-0.3125,36.4,-1.6,0.0
3121940,2026-09-11_09-15-39.941-240,v5.1.3,3.44,12.0,3200,17681,20182,56345,9587,17825,59094,14417.49,15478.72,45748.56,15444.09,15746.49,45897.87,0.00,0.00,0.00,1026.60,267.78,149.30,1071.40,1071.40,1.006,0.047,0.539,-4.047,-0.781,0.094,10912,174.1,0,-0.9496,-0.0248,0.0080,-0.3125,36.4,-1.8,0.0
3122046,2026-09-11_09-15-40.046-240,v5.1.3,3.44,12.0,3200,17675,20166,56331,9576,17806,59039,14412.63,15465.82,45737.30,15427.91,15729.55,45855.41,0.00,0.00,0.00,1015.28,263.74,118.11,1055.60,1055.60,1.005,0.048,0.543,-4.172,-0.938,0.250,10915,172.1,0,-0.9496,-0.0244,0.0069,-0.3124,36.4,-1.6,0.0
3122151,2026-09-11_09-15-40.152-240,v5.1.3,3.44,12.0,3200,17663,20202,56367,9550,17898,59111,14402.47,15495.01,45766.31,15414.04,15806.02,45915.66,0.00,0.00,0.00,1011.57,311.01,149.35,1068.79,1068.79,1.007,0.049,0.547,-4.172,-1.328,0.156,10913,173.8,0,-0.9496,-0.0247,0.0064,-0.3124,36.4,-1.6,0.0
3122256,2026-09-11_09-15-40.257-240,v5.1.3,3.44,12.0,3200,17654,20219,56340,9576,17895,59138,14394.91,15509.62,45744.17,15439.27,15804.53,45933.84,0.00,0.00,0.00,1044.36,294.90,189.67,1101.65,1101.65,1.009,0.046,0.540,-3.984,-1.266,0.125,10913,178.0,0,-0.9495,-0.0246,0.0088,-0.3125,36.4,-1.8,0.0
3122361,2026-09-11_09-15-40.362-240,v5.1.3,3.44,12.0,3200,17710,20244,56431,9593,17892,59179,14441.06,15528.07,45818.09,15459.04,15803.25,45964.51,0.00,0.00,0.00,1017.98,275.19,146.42,1064.63,1064.63,1.008,0.050,0.545,-4.562,-1.344,0.297,10917,173.3,0,-0.9497,-0.0249,0.0072,-0.3122,36.4,-1.7,0.0
3122477,2026-09-11_09-15-40.477-240,v5.1.3,3.44,12.0,3200,17712,20142,56408,9591,17741,59141,14443.39,15444.25,45800.22,15456.13,15679.09,45936.15,0.00,0.00,0.00,1012.74,234.84,135.93,1048.46,1048.46,1.007,0.048,0.546,-4.469,-0.672,0.156,10912,171.2,0,-0.9498,-0.0244,0.0062,-0.3120,36.3,-1.5,0.0
3122582,2026-09-11_09-15-40.582-240,v5.1.3,3.44,12.0,3200,17675,20125,56372,9571,17775,59129,14412.91,15431.23,45771.04,15437.10,15706.31,45928.81,0.00,0.00,0.00,1024.19,275.08,157.77,1072.16,1072.16,1.006,0.046,0.548,-4.094,-0.906,-0.203,10919,174.2,0,-0.9497,-0.0240,0.0055,-0.3121,36.3,-1.5,0.0
3122687,2026-09-11_09-15-40.688-240,v5.1.3,3.44,12.0,3200,17734,20112,56424,9625,17761,59122,14461.79,15418.97,45813.52,15480.96,15695.38,45915.99,0.00,0.00,0.00,1019.17,276.41,102.47,1060.95,1060.95,1.007,0.052,0.546,-4.078,-0.781,0.578,10919,172.8,0,-0.9495,-0.0257,0.0057,-0.3126,36.4,-1.5,0.0
3122793,2026-09-11_09-15-40.793-240,v5.1.3,3.44,12.0,3200,17705,20167,56385,9623,17841,59127,14437.44,15465.37,45781.27,15477.88,15760.77,45919.27,0.00,0.00,0.00,1040.44,295.40,138.00,1090.33,1090.33,1.007,0.052,0.545,-4.359,-1.016,0.078,10903,176.5,0,-0.9496,-0.0257,0.0062,-0.3124,36.4,-1.6,0.0
3122898,2026-09-11_09-15-40.898-240,v5.1.3,3.44,12.0,3200,17689,20020,56417,9549,17718,59155,14425.19,15343.60,45808.60,15424.11,15660.13,45953.42,0.00,0.00,0.00,998.91,316.54,144.82,1057.83,1057.83,1.007,0.046,0.540,-4.453,-1.219,0.500,10914,172.4,0,-0.9496,-0.0242,0.0086,-0.3124,36.4,-1.8,0.0
3123003,2026-09-11_09-15-40.003-240,v5.1.3,3.44,12.0,3200,17704,20160,56442,9586,17844,59207,14436.66,15458.58,45827.76,15458.43,15764.65,45988.57,0.00,0.00,0.00,1021.77,306.07,160.81,1078.68,1078.68,1.009,0.049,0.542,-4.141,-0.922,-0.172,10914,175.1,0,-0.9496,-0.0254,0.0079,-0.3123,36.4,-1.8,0.0
3123108,2026-09-11_09-15-41.109-240,v5.1.3,3.44,12.0,3200,17675,20251,56399,9576,17918,59125,14412.07,15534.77,45791.96,15436.86,15822.99,45923.11,0.00,0.00,0.00,1024.79,288.22,131.15,1072.60,1072.60,1.004,0.046,0.544,-4.188,-0.859,0.234,10911,174.3,0,-0.9497,-0.0234,0.0067,-0.3122,36.4,-1.6,0.0
3123214,2026-09-11_09-15-41.215-240,v5.1.3,3.44,12.0,3200,17671,20251,56381,9588,17910,59124,14408.76,15535.14,45777.29,15446.81,15816.59,45920.77,0.00,0.00,0.00,1038.06,281.45,143.48,1085.06,1085.06,1.005,0.046,0.543,-4.328,-0.906,0.047,10917,175.9,0,-0.9497,-0.0239,0.0072,-0.3122,36.4,-1.6,0.0
3123319,2026-09-11_09-15-41.320-240,v5.1.3,3.44,12.0,3200,17670,20264,56366,9560,17905,59104,14407.84,15546.15,45764.96,15421.12,15811.69,45908.58,0.00,0.00,0.00,1013.28,265.54,143.62,1057.29,1057.29,1.005,0.048,0.545,-3.953,-1.000,-0.141,10909,172.3,0,-0.9496,-0.0246,0.0063,-0.3123,36.4,-1.6,0.0
3123425,2026-09-11_09-15-41.426-240,v5.1.3,3.44,12.0,3200,17685,20329,56376,9586,17973,59119,14419.81,15599.48,45772.55,15442.80,15867.86,45916.23,0.00,0.00,0.00,1022.99,268.38,143.68,1067.32,1067.32,1.004,0.049,0.547,-4.219,-0.953,0.188,10909,173.6,0,-0.9497,-0.0242,0.0052,-0.3123,36.4,-1.4,0.0
3123531,2026-09-11_09-15-41.531-240,v5.1.3,3.44,12.0,3200,17708,20334,56384,9587,17977,59125,14438.80,15603.23,45779.02,15444.35,15871.28,45920.86,0.00,0.00,0.00,1005.55,268.05,141.84,1050.28,1050.28,1.009,0.048,0.546,-3.781,-0.812,0.422,10915,171.4,0,-0.9495,-0.0245,0.0064,-0.3128,36.4,-1.6,0.0
3123636,2026-09-11_09-15-41.636-240,v5.1.3,3.44,12.0,3200,17670,20282,56422,9552,17912,59160,14407.73,15560.00,45810.42,15422.11,15818.62,45954.59,0.00,0.00,0.00,1014.39,258.62,144.16,1056.72,1056.72,1.006,0.047,0.543,-3.969,-0.766,-0.234,10915,172.2,0,-0.9495,-0.0246,0.0068,-0.3128,36.4,-1.6,0.0
3123742,2026-09-11_09-15-41.742-240,v5.1.3,3.44,12.0,3200,17607,20282,56415,9472,17905,59133,14355.63,15560.76,45804.71,15352.68,15811.30,45943.89,0.00,0.00,0.00,997.06,250.54,139.18,1037.43,1037.43,1.004,0.047,0.548,-4.078,-0.781,-0.062,10907,169.8,0,-0.9496,-0.0234,0.0051,-0.3127,36.4,-1.4,0.0
3123847,2026-09-11_09-15-41.847-240,v5.1.3,3.44,12.0,3200,17611,20179,56413,9487,17817,59150,14359.63,15475.72,45803.97,15369.73,15740.06,45956.62,0.00,0.00,0.00,1010.11,264.34,152.64,1055.22,1055.22,1.006,0.047,0.545,-4.078,-0.719,-0.188,10907,172.1,0,-0.9495,-0.0246,0.0062,-0.3129,36.4,-1.6,0.0
3123962,2026-09-11_09-15-41.962-240,v5.1.3,3.44,12.0,3200,17821,20214,56357,9715,17890,59091,14533.05,15503.52,45758.07,15547.33,15801.04,45877.17,0.00,0.00,0.00,1014.29,297.52,119.10,1063.71,1063.71,1.008,0.048,0.541,-4.219,-0.672,-0.047,10918,173.1,0,-0.9494,-0.0253,0.0078,-0.3130,36.5,-1.8,0.0
3124067,2026-09-11_09-15-42.067-240,v5.1.3,3.44,12.0,3200,17781,20261,56339,9676,17905,59107,14499.65,15543.04,45743.00,15517.04,15813.18,45895.16,0.00,0.00,0.00,1017.39,270.14,152.16,1063.59,1063.59,1.010,0.051,0.543,-3.938,-1.062,-0.125,10911,173.1,0,-0.9494,-0.0258,0.0074,-0.3129,36.4,-1.7,0.0
3124172,2026-09-11_09-15-42.173-240,v5.1.3,3.44,12.0,3200,17762,20227,56431,9660,17874,59177,14484.17,15513.51,45818.23,15514.40,15789.33,45953.98,0.00,0.00,0.00,1030.23,275.82,135.75,1075.12,1075.12,1.009,0.052,0.545,-4.031,-1.078,-0.062,10915,174.6,0,-0.9494,-0.0260,0.0065,-0.3128,36.4,-1.6,0.0
3124277,2026-09-11_09-15-42.278-240,v5.1.3,3.44,12.0,3200,17796,20175,56312,9674,17840,59054,14512.63,15472.38,45721.75,15509.78,15758.86,45853.66,0.00,0.00,0.00,997.15,286.48,131.91,1045.84,1045.84,1.004,0.047,0.544,-4.172,-0.734,0.141,10915,170.9,0,-0.9495,-0.0242,0.0065,-0.3129,36.4,-1.6,0.0
3124382,2026-09-11_09-15-42.383-240,v5.1.3,3.45,12.0,3200,17665,20237,56400,9572,17899,59136,14403.89,15523.30,45792.89,15435.60,15807.69,45932.73,0.00,0.00,0.00,1031.71,284.40,139.84,1079.28,1079.28,1.005,0.051,0.543,-3.922,-0.875,0.672,10920,175.1,0,-0.9493,-0.0252,0.0066,-0.3134,36.5,-1.6,0.0
3124488,2026-09-11_09-15-42.488-240,v5.1.3,3.45,12.0,3200,17693,20156,56368,9601,17829,59096,14427.58,15456.72,45767.52,15455.79,15749.98,45897.51,0.00,0.00,0.00,1028.20,293.26,129.99,1077.08,1077.08,1.005,0.049,0.542,-3.984,-1.172,0.172,10909,174.8,0,-0.9492,-0.0251,0.0074,-0.3136,36.5,-1.7,0.0
3124593,2026-09-11_09-15-42.593-240,v5.1.3,3.45,12.0,3200,17674,20240,56386,9545,17892,59065,14411.31,15525.93,45781.46,15403.70,15799.98,45879.45,0.00,0.00,0.00,992.39,274.04,97.99,1034.19,1034.19,1.007,0.047,0.546,-4.219,-0.953,0.375,10909,169.4,0,-0.9493,-0.0235,0.0063,-0.3135,36.5,-1.5,0.0
3124698,2026-09-11_09-15-42.699-240,v5.1.3,3.45,12.0,3200,17701,20233,56306,9596,17903,58998,14433.68,15521.32,45716.36,15436.11,15808.00,45818.52,0.00,0.00,0.00,1002.43,286.68,102.16,1047.61,1047.61,1.007,0.049,0.545,-4.234,-0.859,0.141,10920,171.1,0,-0.9492,-0.0248,0.0064,-0.3137,36.5,-1.6,0.0
3124804,2026-09-11_09-15-42.805-240,v5.1.3,3.45,12.0,3200,17703,20197,56344,9600,17846,59087,14435.58,15490.90,45747.62,15453.26,15763.63,45890.20,0.00,0.00,0.00,1017.69,272.73,142.58,1063.20,1063.20,1.005,0.047,0.543,-3.969,-0.969,0.406,10917,173.1,0,-0.9491,-0.0239,0.0068,-0.3140,36.6,-1.6,0.0
3124910,2026-09-11_09-15-42.910-240,v5.1.3,3.45,12.0,3200,17661,20192,56266,9574,17839,58966,14400.87,15488.59,45684.12,15415.26,15754.74,45796.61,0.00,0.00,0.00,1014.39,266.15,112.48,1054.74,1054.74,1.006,0.050,0.543,-4.172,-0.875,0.188,10914,172.0,0,-0.9490,-0.0252,0.0067,-0.3141,36.6,-1.6,0.0
3125015,2026-09-11_09-15-42.016-240,v5.1.3,3.45,12.0,3200,17648,20152,56320,9565,17830,59053,14390.40,15454.73,45728.45,15420.16,15749.34,45867.86,0.00,0.00,0.00,1029.76,294.61,139.41,1080.11,1080.11,1.005,0.046,0.539,-3.656,-0.891,-0.172,10914,175.2,0,-0.9490,-0.0246,0.0080,-0.3143,36.6,-1.8,0.0
3125120,2026-09-11_09-15-43.121-240,v5.1.3,3.45,12.0,3200,17667,20204,56367,9548,17891,59131,14405.76,15496.62,45766.29,15415.35,15800.75,45932.09,0.00,0.00,0.00,1009.59,304.13,165.80,1067.36,1067.36,1.004,0.051,0.544,-4.047,-1.047,0.078,10916,173.6,0,-0.9490,-0.0252,0.0063,-0.3143,36.6,-1.6,0.0
3125226,2026-09-11_09-15-43.226-240,v5.1.3,3.45,12.0,3200,17716,20272,56407,9592,17923,59189,14445.83,15551.56,45798.29,15458.78,15828.78,45972.29,0.00,0.00,0.00,1012.94,277.22,174.00,1064.51,1064.51,1.007,0.049,0.544,-3.797,-0.859,3.984,10915,173.2,0,-0.9484,-0.0217,0.0073,-0.3161,36.8,-1.6,0.0
3125331,2026-09-11_09-15-43.331-240,v5.1.3,3.45,12.0,3200,17711,20217,56486,9606,17882,59254,14442.07,15504.78,45863.11,15480.41,15797.02,46023.13,0.00,0.00,0.00,1038.34,292.24,160.02,1090.48,1090.48,1.005,0.045,0.545,-4.453,-0.609,0.188,10918,176.6,0,-0.9484,-0.0231,0.0065,-0.3161,36.8,-1.5,0.0
3125446,2026-09-11_09-15-43.446-240,v5.1.3,3.45,12.0,3200,17704,20129,56414,9590,17763,59133,14436.87,15433.49,45805.23,15453.62,15696.84,45929.58,0.00,0.00,0.00,1016.75,263.36,124.35,1057.64,1057.64,1.008,0.050,0.544,-4.188,-0.828,0.375,10918,172.4,0,-0.9483,-0.0252,0.0068,-0.3162,36.8,-1.6,0.0
3125551,2026-09-11_09-15-43.551-240,v5.1.3,3.45,12.0,3200,17656,20160,56414,9575,17781,59105,14396.97,15459.56,45804.96,15436.90,15710.69,45908.90,0.00,0.00,0.00,1039.94,251.13,103.94,1074.87,1074.87,1.004,0.046,0.545,-4.125,-1.016,0.312,10924,174.6,0,-0.9484,-0.0230,0.0063,-0.3161,36.8,-1.5,0.0
3125656,2026-09-11_09-15-43.657-240,v5.1.3,3.45,12.0,3200,17710,20141,56403,9584,17783,59133,14441.75,15443.53,45796.16,15448.15,15713.09,45930.14,0.00,0.00,0.00,1006.40,269.56,133.98,1050.45,1050.45,1.006,0.048,0.543,-3.844,-0.766,0.031,10915,171.4,0,-0.9483,-0.0249,0.0068,-0.3164,36.9,-1.6,0.0
3125761,2026-09-11_09-15-43.762-240,v5.1.3,3.45,12.0,3200,17723,20180,56379,9619,17808,59121,14452.23,15476.03,45776.28,15474.63,15733.65,45915.41,0.00,0.00,0.00,1022.40,257.61,139.13,1063.49,1063.49,1.004,0.050,0.540,-3.984,-1.219,0.250,10916,173.1,0,-0.9483,-0.0251,0.0074,-0.3163,36.9,-1.7,0.0
3125866,2026-09-11_09-15-43.867-240,v5.1.3,3.45,12.0,3200,17711,19991,56433,9574,17616,59151,14443.58,15319.14,45821.89,15446.85,15577.09,45948.07,0.00,0.00,0.00,1003.27,257.95,126.19,1043.55,1043.55,1.005,0.046,0.544,-3.828,-0.938,0.297,10916,170.6,0,-0.9483,-0.0237,0.0068,-0.3165,36.9,-1.6,0.0
3125972,2026-09-11_09-15-43.972-240,v5.1.3,3.45,12.0,3200,17640,19972,56401,9562,17618,59149,14384.99,15304.74,45795.98,15436.64,15578.53,45948.08,0.00,0.00,0.00,1051.64,273.79,152.10,1097.29,1097.29,1.005,0.047,0.541,-4.188,-1.156,0.219,10920,177.4,0,-0.9482,-0.0246,0.0078,-0.3166,36.9,-1.7,0.0
3126077,2026-09-11_09-15-44.077-240,v5.1.3,3.45,12.0,3200,17703,20019,56405,9563,17684,59102,14436.78,15342.85,45798.84,15429.19,15631.30,45909.34,0.00,0.00,0.00,992.41,288.46,110.50,1039.37,1039.37,1.005,0.047,0.544,-3.953,-1.141,0.344,10920,170.0,0,-0.9482,-0.0237,0.0069,-0.3167,36.9,-1.6,0.0
3126182,2026-09-11_09-15-44.183-240,v5.1.3,3.45,12.0,3200,17663,20205,56373,9553,17861,59115,14402.45,15497.38,45771.17,15418.05,15775.95,45918.93,0.00,0.00,0.00,1015.60,278.57,147.76,1063.43,1063.43,1.006,0.049,0.547,-4.562,-1.031,0.062,10913,173.1,0,-0.9484,-0.0239,0.0055,-0.3161,36.8,-1.5,0.0
3126288,2026-09-11_09-15-44.288-240,v5.1.3,3.45,12.0,3200,17702,20147,56397,9593,17811,59122,14435.09,15448.67,45791.22,15453.29,15735.80,45919.73,0.00,0.00,0.00,1018.20,287.12,128.50,1065.68,1065.68,1.009,0.049,0.547,-3.625,-1.109,0.297,10913,173.4,0,-0.9482,-0.0250,0.0060,-0.3166,36.9,-1.6,0.0
3126393,2026-09-11_09-15-44.393-240,v5.1.3,3.45,12.0,3200,17717,20280,56364,9593,17956,59104,14446.60,15558.92,45763.20,15446.93,15853.72,45903.43,0.00,0.00,0.00,1000.33,294.80,140.24,1052.25,1052.25,1.006,0.050,0.549,-3.984,-1.219,0.188,10916,171.7,0,-0.9483,-0.0243,0.0049,-0.3164,36.9,-1.4,0.0
3126498,2026-09-11_09-15-44.499-240,v5.1.3,3.45,12.0,3200,17699,20286,56435,9562,17927,59152,14431.68,15562.78,45820.98,15428.84,15830.80,45946.61,0.00,0.00,0.00,997.15,268.02,125.62,1040.16,1040.16,1.004,0.049,0.541,-3.781,-0.938,0.734,10916,170.1,0,-0.9482,-0.0245,0.0068,-0.3168,36.9,-1.6,0.0
3126603,2026-09-11_09-15-44.604-240,v5.1.3,3.45,12.0,3200,17697,20217,56415,9592,17897,59119,14430.49,15506.20,45805.28,15449.76,15805.91,45916.37,0.00,0.00,0.00,1019.27,299.71,111.09,1068.21,1068.21,1.007,0.052,0.543,-3.766,-1.203,0.375,10916,173.7,0,-0.9481,-0.0256,0.0069,-0.3169,36.9,-1.7,0.0
3126708,2026-09-11_09-15-44.709-240,v5.1.3,3.45,12.0,3200,17595,20299,56396,9494,17932,59140,14345.59,15575.25,45789.09,15371.05,15833.77,45946.18,0.00,0.00,0.00,1025.46,258.51,157.08,1069.15,1069.15,1.009,0.050,0.545,-4.062,-1.016,0.578,10910,173.8,0,-0.9483,-0.0238,0.0062,-0.3165,36.9,-1.5,0.0
3126823,2026-09-11_09-15-44.824-240,v5.1.3,3.45,12.0,3200,17678,20283,56383,9610,17906,59107,14414.33,15561.45,45778.64,15462.67,15813.19,45904.16,0.00,0.00,0.00,1048.34,251.74,125.51,1085.43,1085.43,1.003,0.051,0.546,-4.078,-1.219,0.172,10913,175.9,0,-0.9483,-0.0249,0.0050,-0.3163,36.9,-1.4,0.0
3126929,2026-09-11_09-15-44.929-240,v5.1.3,3.45,12.0,3200,17618,20275,56381,9464,17924,59098,14364.77,15555.48,45777.08,15340.74,15825.88,45916.62,0.00,0.00,0.00,975.97,270.40,139.54,1022.30,1022.30,1.003,0.048,0.545,-4.062,-1.000,0.031,10915,167.9,0,-0.9484,-0.0237,0.0055,-0.3160,36.8,-1.5,0.0
3127035,2026-09-11_09-15-45.035-240,v5.1.3,3.45,12.0,3200,17780,20255,56393,9661,17889,59141,14498.87,15537.13,45787.04,15509.83,15800.74,45924.73,0.00,0.00,0.00,1010.97,263.61,137.69,1053.80,1053.80,1.009,0.048,0.545,-4.078,-1.188,0.016,10915,171.9,0,-0.9484,-0.0248,0.0068,-0.3161,36.8,-1.6,0.0
3127140,2026-09-11_09-15-45.141-240,v5.1.3,3.45,12.0,3200,17734,20192,56416,9634,17827,59121,14461.25,15485.17,45806.31,15486.48,15749.34,45913.12,0.00,0.00,0.00,1025.22,264.17,106.81,1064.09,1064.09,1.010,0.049,0.545,-3.641,-0.969,-0.125,10915,173.2,0,-0.9484,-0.0252,0.0067,-0.3161,36.8,-1.6,0.0
3127245,2026-09-11_09-15-45.246-240,v5.1.3,3.45,12.0,3200,17726,20183,56391,9621,17782,59126,14454.70,15478.26,45786.02,15477.66,15712.57,45919.48,0.00,0.00,0.00,1022.97,234.30,133.46,1057.91,1057.91,1.009,0.048,0.546,-3.844,-0.953,0.234,10915,172.4,0,-0.9484,-0.0242,0.0065,-0.3161,36.8,-1.6,0.0
3127350,2026-09-11_09-15-45.351-240,v5.1.3,3.45,12.0,3200,17748,20236,56393,9653,17873,59125,14472.53,15521.76,45787.20,15501.45,15787.21,45913.16,0.00,0.00,0.00,1028.92,265.44,125.96,1070.05,1070.05,1.008,0.046,0.540,-4.062,-1.234,-0.141,10917,173.9,0,-0.9484,-0.0244,0.0085,-0.3160,36.8,-1.8,0.0
3127457,2026-09-11_09-15-45.457-240,v5.1.3,3.45,12.0,3200,17745,20269,56357,9666,17882,59107,14469.83,15549.69,45757.59,15509.42,15794.29,45896.82,0.00,0.00,0.00,1039.59,244.60,139.22,1077.02,1077.02,1.006,0.047,0.545,-4.250,-0.953,0.109,10917,174.8,0,-0.9486,-0.0234,0.0067,-0.3156,36.8,-1.6,0.0
3127563,2026-09-11_09-15-45.565-240,v5.1.3,3.45,12.0,3200,17717,20197,56412,9610,17887,59129,14447.16,15489.53,45803.01,15466.23,15798.20,45922.07,0.00,0.00,0.00,1019.07,308.67,119.06,1071.43,1071.43,1.041,0.020,0.545,-3.391,-0.203,0.000,10918,174.1,0,-0.9484,-0.0206,0.0096,-0.3162,36.8,-1.8,0.0
3127672,2026-09-11_09-15-45.673-240,v5.1.3,3.45,12.0,3200,17610,20202,56232,9529,17837,58940,14358.63,15497.97,45656.34,15374.66,15751.95,45781.88,0.00,0.00,0.00,1016.03,253.98,125.54,1054.79,1054.79,1.001,0.042,0.558,-2.375,-2.469,-0.953,10917,172.0,0,-0.9481,-0.0226,0.0060,-0.3170,36.9,-1.5,0.0
